timestamp,hour,minute,day_of_week,is_weekend,Battery_Active_Power,PVPCS_Active_Power,GE_Active_Power,FC_Active_Power,MG-LV-MSB_AC_Voltage,MG-LV-MSB_Frequency,Inlet_Temperature_of_Chilled_Water,Outlet_Temperature,solar_generation_kw,fuel_cell_generation_kw,battery_power_kw,total_consumption_kw,total_generation_kw,net_balance_kw,grid_voltage_v,grid_frequency_hz,grid_export_kw,grid_import_kw,grid_stability_index,renewable_pct,grid_load_pct,storage_network_capacity_kwh,current_soc_pct,storage_available_energy_kwh,import_rate_usd_per_kwh,export_rate_usd_per_kwh,outage_zones_count,outage_zones_list,solar_generation_kwh,total_consumption_kwh,net_balance_kwh,carbon_offset_kg,cumulative_solar_kwh,cumulative_consumption_kwh,cumulative_carbon_offset_kg
2022-06-01 00:00:00,0,0,2,False,0.0,0.0,-1.0,0.0,485.19166666666666,60.0145271,28.347499475,28.38055535,0.0,0.0,0.0,0.0,0.0,0.0,485.19166666666666,60.0145271,0.0,0.0,0.5825674799999973,0.0,0.0,141.46666666666667,50.0,70.73333333333333,0.12,0.08,0,,0.0,0.0,0.0,0.0,0.0,0.0,0.0
2022-06-01 01:00:00,1,0,2,False,0.0,0.0,-1.0,0.0,481.7611111111111,60.007693875,27.84111076111111,27.879166452777778,0.0,0.0,0.0,0.0,0.0,0.0,481.7611111111111,60.007693875,0.0,0.0,0.5907673499999987,0.0,0.0,141.46666666666667,50.0,70.73333333333333,0.12,0.08,0,,0.0,0.0,0.0,0.0,0.0,0.0,0.0
2022-06-01 02:00:00,2,0,2,False,0.0,0.0,-1.0,0.0,482.275,59.99227845000001,26.83305568333333,26.86611117777778,0.0,0.0,0.0,0.0,0.0,0.0,482.275,59.99227845000001,0.0,0.0,0.5907341400000092,0.0,0.0,141.46666666666667,50.0,70.73333333333333,0.12,0.08,0,,0.0,0.0,0.0,0.0,0.0,0.0,0.0
2022-06-01 03:00:00,3,0,2,False,0.0,0.0,-1.0,0.0,482.81111111111113,59.984167186111115,26.592778133333333,26.619722705555553,0.0,0.0,0.0,0.0,0.0,0.0,482.81111111111113,59.984167186111115,0.0,0.0,0.5810006233333382,0.0,0.0,141.46666666666667,50.0,70.73333333333333,0.12,0.08,0,,0.0,0.0,0.0,0.0,0.0,0.0,0.0
2022-06-01 04:00:00,4,0,2,False,0.0,0.0,-1.0,0.0,483.53333333333336,59.97925055277778,25.97694443055555,26.022499772222222,0.0,0.0,0.0,0.0,0.0,0.0,483.53333333333336,59.97925055277778,0.0,0.0,0.5751006633333332,0.0,0.0,141.46666666666667,50.0,70.73333333333333,0.12,0.08,0,,0.0,0.0,0.0,0.0,0.0,0.0,0.0
2022-06-01 05:00:00,5,0,2,False,0.0,0.0,-1.0,0.0,484.19166666666666,59.99291722777778,25.57750004444444,25.607777894444443,0.0,0.0,0.0,0.0,0.0,0.0,484.19166666666666,59.99291722777778,0.0,0.0,0.5915006733333371,0.0,0.0,141.46666666666667,50.0,70.73333333333333,0.12,0.08,0,,0.0,0.0,0.0,0.0,0.0,0.0,0.0
2022-06-01 06:00:00,6,0,2,False,0.0,-0.03333333333333333,-1.0,0.0,480.85,59.97461143055556,25.829444547222224,25.85972235277778,0.0,0.0,0.0,0.0,0.0,0.0,480.85,59.97461143055556,0.0,0.0,0.5695337166666746,0.0,0.0,141.46666666666667,50.0,70.73333333333333,0.18,0.096,0,,0.0,0.0,0.0,0.0,0.0,0.0,0.0
2022-06-01 07:00:00,7,0,2,False,0.0,-0.17777777777777778,-1.0,0.0,479.3777777777778,59.984806166666665,26.419444294444443,26.4655554,0.0,0.0,0.0,0.0,0.0,0.0,479.3777777777778,59.984806166666665,0.0,0.0,0.5817673999999983,0.0,0.0,141.46666666666667,50.0,70.73333333333333,0.18,0.096,0,,0.0,0.0,0.0,0.0,0.0,0.0,0.0
2022-06-01 08:00:00,8,0,2,False,0.0,-0.2361111111111111,-1.0,0.0,479.1166666666667,60.00397212222222,27.928611025,27.961666486111113,0.0,0.0,0.0,0.0,0.0,0.0,479.1166666666667,60.00397212222222,0.0,0.0,0.5952334533333328,0.0,0.0,141.46666666666667,50.0,70.73333333333333,0.18,0.096,0,,0.0,0.0,0.0,0.0,0.0,0.0,0.0
2022-06-01 09:00:00,9,0,2,False,0.0,-0.25555555555555554,-1.0,0.0,480.55555555555554,59.99924998055556,28.439999891666666,28.476944388888892,0.0,0.0,0.0,0.0,0.0,0.0,480.55555555555554,59.99924998055556,0.0,0.0,0.5990999766666733,0.0,0.0,141.46666666666667,50.0,70.73333333333333,0.18,0.096,0,,0.0,0.0,0.0,0.0,0.0,0.0,0.0
2022-06-01 10:00:00,10,0,2,False,0.0,-0.2972222222222222,-1.0,0.0,480.15555555555557,60.000305519444446,28.594444444444445,28.593888900000003,0.0,0.0,0.0,0.0,0.0,0.0,480.15555555555557,60.000305519444446,0.0,0.0,0.5996333766666652,0.0,0.0,141.46666666666667,50.0,70.73333333333333,0.18,0.096,0,,0.0,0.0,0.0,0.0,0.0,0.0,0.0
2022-06-01 11:00:00,11,0,2,False,0.0,-0.31666666666666665,-1.0,0.0,480.6777777777778,59.99494476388889,28.60361114722222,28.644167108333335,0.0,0.0,0.0,0.0,0.0,0.0,480.6777777777778,59.99494476388889,0.0,0.0,0.5939337166666661,0.0,0.0,141.46666666666667,50.0,70.73333333333333,0.12,0.08,0,,0.0,0.0,0.0,0.0,0.0,0.0,0.0
2022-06-01 12:00:00,12,0,2,False,0.0,-0.39444444444444443,-1.0,0.0,480.8888888888889,60.00283330833334,28.678889677777775,28.70416746666666,0.0,0.0,0.0,0.0,0.0,0.0,480.8888888888889,60.00283330833334,0.0,0.0,0.5966000299999962,0.0,0.0,141.46666666666667,50.0,70.73333333333333,0.12,0.08,0,,0.0,0.0,0.0,0.0,0.0,0.0,0.0
2022-06-01 13:00:00,13,0,2,False,0.0,-0.4722222222222222,-1.0,0.0,480.8361111111111,59.98980605000001,28.69333426666666,28.740277963888893,0.0,0.0,0.0,0.0,0.0,0.0,480.8361111111111,59.98980605000001,0.0,0.0,0.5877672600000153,0.0,0.0,141.46666666666667,50.0,70.73333333333333,0.12,0.08,0,,0.0,0.0,0.0,0.0,0.0,0.0,0.0
2022-06-01 14:00:00,14,0,2,False,0.0,-0.5416666666666666,-1.0,0.0,479.3722222222222,59.98077843055556,28.69888982777777,28.807776938888896,0.0,0.0,0.0,0.0,0.0,0.0,479.3722222222222,59.98077843055556,0.0,0.0,0.576934116666672,0.0,0.0,141.46666666666667,50.0,70.73333333333333,0.12,0.08,0,,0.0,0.0,0.0,0.0,0.0,0.0,0.0
2022-06-01 15:00:00,15,0,2,False,0.0,-0.6222222222222222,-1.0,0.0,477.7888888888889,59.988222811111115,28.663056150000003,28.762221811111118,0.0,0.0,0.0,0.0,0.0,0.0,477.7888888888889,59.988222811111115,0.0,0.0,0.5858673733333376,0.0,0.0,141.46666666666667,50.0,70.73333333333333,0.12,0.08,0,,0.0,0.0,0.0,0.0,0.0,0.0,0.0
2022-06-01 16:00:00,16,0,2,False,0.0,-0.6333333333333333,-1.0,0.0,479.6388888888889,59.99869479166666,28.435555505555556,28.50166666666666,0.0,0.0,0.0,0.0,0.0,0.0,479.6388888888889,59.99869479166666,0.0,0.0,0.5984337499999896,0.0,0.0,141.46666666666667,50.0,70.73333333333333,0.12,0.08,0,,0.0,0.0,0.0,0.0,0.0,0.0,0.0
2022-06-01 17:00:00,17,0,2,False,0.0,-0.7694444444444445,-1.0,0.0,480.1388888888889,60.01372121111111,28.35888847777778,28.39833324722222,0.0,0.0,0.0,0.0,0.0,0.0,480.1388888888889,60.01372121111111,0.0,0.0,0.5835345466666666,0.0,0.0,141.46666666666667,50.0,70.73333333333333,0.12,0.08,0,,0.0,0.0,0.0,0.0,0.0,0.0,0.0
2022-06-01 18:00:00,18,0,2,False,0.0,-0.6388888888888888,-1.0,0.0,480.93611111111113,60.00477734444444,28.331110422222228,28.379166438888888,0.0,0.0,0.0,0.0,0.0,0.0,480.93611111111113,60.00477734444444,0.0,0.0,0.59426718666667,0.0,0.0,141.46666666666667,50.0,70.73333333333333,0.18,0.096,0,,0.0,0.0,0.0,0.0,0.0,0.0,0.0
2022-06-01 19:00:00,19,0,2,False,0.0,-0.28888888888888886,-1.0,0.0,479.1388888888889,60.01711038333333,28.320276980555555,28.36194405277778,0.0,0.0,0.0,0.0,0.0,0.0,479.1388888888889,60.01711038333333,0.0,0.0,0.5794675400000017,0.0,0.0,141.46666666666667,50.0,70.73333333333333,0.18,0.096,0,,0.0,0.0,0.0,0.0,0.0,0.0,0.0
2022-06-01 20:00:00,20,0,2,False,0.0,-0.125,-1.0,0.0,483.1166666666667,60.01161056388889,28.302499025000007,28.325554811111115,0.0,0.0,0.0,0.0,0.0,0.0,483.1166666666667,60.01161056388889,0.0,0.0,0.5860673233333358,0.0,0.0,141.46666666666667,50.0,70.73333333333333,0.18,0.096,0,,0.0,0.0,0.0,0.0,0.0,0.0,0.0
2022-06-01 21:00:00,21,0,2,False,0.0,-0.1,-1.0,0.0,480.4583333333333,60.011721927777785,28.29833236666667,28.314443588888896,0.0,0.0,0.0,0.0,0.0,0.0,480.4583333333333,60.011721927777785,0.0,0.0,0.5859336866666581,0.0,0.0,141.46666666666667,50.0,70.73333333333333,0.18,0.096,0,,0.0,0.0,0.0,0.0,0.0,0.0,0.0
2022-06-01 22:00:00,22,0,2,False,0.0,-0.03333333333333333,-1.0,0.0,480.60833333333335,60.01547187777777,28.302499033333344,28.319165855555564,0.0,0.0,0.0,0.0,0.0,0.0,480.60833333333335,60.01547187777777,0.0,0.0,0.5814337466666757,0.0,0.0,141.46666666666667,50.0,70.73333333333333,0.18,0.096,0,,0.0,0.0,0.0,0.0,0.0,0.0,0.0
2022-06-01 23:00:00,23,0,2,False,0.0,-0.03333333333333333,-1.0,0.0,479.3611111111111,59.996666511111115,28.379444224999997,28.4013888,0.0,0.0,0.0,0.0,0.0,0.0,479.3611111111111,59.996666511111115,0.0,0.0,0.5959998133333385,0.0,0.0,141.46666666666667,50.0,70.73333333333333,0.12,0.08,0,,0.0,0.0,0.0,0.0,0.0,0.0,0.0
2022-06-02 00:00:00,0,0,3,False,0.0,-0.03333333333333333,-1.0,0.0,481.4888888888889,59.99252764722223,28.417222222222225,28.44861110833333,0.0,0.0,0.0,0.0,0.0,0.0,481.4888888888889,59.99252764722223,0.0,0.0,0.5910331766666787,0.0,0.0,141.46666666666667,50.0,70.73333333333333,0.12,0.08,0,,0.0,0.0,0.0,0.0,0.0,0.0,0.0
2022-06-02 01:00:00,1,0,3,False,0.0,0.0,-1.0,0.0,483.85277777777776,59.99247237777777,28.43,28.47722222222222,0.0,0.0,0.0,0.0,0.0,0.0,483.85277777777776,59.99247237777777,0.0,0.0,0.5909668533333274,0.0,0.0,141.46666666666667,50.0,70.73333333333333,0.12,0.08,0,,0.0,0.0,0.0,0.0,0.0,0.0,0.0
2022-06-02 02:00:00,2,0,3,False,0.0,0.0,-1.0,0.0,484.2944444444444,60.00588840277777,27.88138874722222,27.927777650000003,0.0,0.0,0.0,0.0,0.0,0.0,484.2944444444444,60.00588840277777,0.0,0.0,0.592933916666675,0.0,0.0,141.46666666666667,50.0,70.73333333333333,0.12,0.08,0,,0.0,0.0,0.0,0.0,0.0,0.0,0.0
2022-06-02 03:00:00,3,0,3,False,0.0,0.0,-1.0,0.0,483.9861111111111,59.99366690277778,26.99861111111111,27.03083341944445,0.0,0.0,0.0,0.0,0.0,0.0,483.9861111111111,59.99366690277778,0.0,0.0,0.5924002833333389,0.0,0.0,141.46666666666667,50.0,70.73333333333333,0.12,0.08,0,,0.0,0.0,0.0,0.0,0.0,0.0,0.0
2022-06-02 04:00:00,4,0,3,False,0.0,0.0,-1.0,0.0,484.48333333333335,60.00527748055556,26.71944471388889,26.754444538888887,0.0,0.0,0.0,0.0,0.0,0.0,484.48333333333335,60.00527748055556,0.0,0.0,0.5936670233333246,0.0,0.0,141.46666666666667,50.0,70.73333333333333,0.12,0.08,0,,0.0,0.0,0.0,0.0,0.0,0.0,0.0
2022-06-02 05:00:00,5,0,3,False,0.0,0.0,-1.0,0.0,484.69444444444446,60.018666052777775,26.645833791666664,26.681667458333326,0.0,0.0,0.0,0.0,0.0,0.0,484.69444444444446,60.018666052777775,0.0,0.0,0.5776007366666703,0.0,0.0,141.46666666666667,50.0,70.73333333333333,0.12,0.08,0,,0.0,0.0,0.0,0.0,0.0,0.0,0.0
2022-06-02 06:00:00,6,0,3,False,0.0,0.0,-1.0,0.0,482.73055555555555,59.997000144444435,26.90750045555555,26.940555905555552,0.0,0.0,0.0,0.0,0.0,0.0,482.73055555555555,59.997000144444435,0.0,0.0,0.596400173333322,0.0,0.0,141.46666666666667,50.0,70.73333333333333,0.18,0.096,0,,0.0,0.0,0.0,0.0,0.0,0.0,0.0
2022-06-02 07:00:00,7,0,3,False,0.0,-0.19444444444444445,-1.0,0.0,479.7972222222222,59.99227826388889,28.228888772222227,28.263333177777785,0.0,0.0,0.0,0.0,0.0,0.0,479.7972222222222,59.99227826388889,0.0,0.0,0.5907339166666702,0.0,0.0,141.46666666666667,50.0,70.73333333333333,0.18,0.096,0,,0.0,0.0,0.0,0.0,0.0,0.0,0.0
2022-06-02 08:00:00,8,0,3,False,0.0,-0.3861111111111111,-1.0,0.0,478.49444444444447,59.989778300000005,28.495555555555555,28.543055555555554,0.0,0.0,0.0,0.0,0.0,0.0,478.49444444444447,59.989778300000005,0.0,0.0,0.5877339600000056,0.0,0.0,141.46666666666667,50.0,70.73333333333333,0.18,0.096,0,,0.0,0.0,0.0,0.0,0.0,0.0,0.0
2022-06-02 09:00:00,9,0,3,False,0.0,-0.4527777777777778,-1.0,0.0,479.2361111111111,59.99997260277778,28.591388888888893,28.607222308333338,0.0,0.0,0.0,0.0,0.0,0.0,479.2361111111111,59.99997260277778,0.0,0.0,0.5999671233333373,0.0,0.0,141.46666666666667,50.0,70.73333333333333,0.18,0.096,0,,0.0,0.0,0.0,0.0,0.0,0.0,0.0
2022-06-02 10:00:00,10,0,3,False,0.0,-0.5027777777777778,-1.0,0.0,478.72777777777776,60.00727728333334,28.62777805555556,28.664445063888888,0.0,0.0,0.0,0.0,0.0,0.0,478.72777777777776,60.00727728333334,0.0,0.0,0.5912672599999951,0.0,0.0,141.46666666666667,50.0,70.73333333333333,0.18,0.096,0,,0.0,0.0,0.0,0.0,0.0,0.0,0.0
2022-06-02 11:00:00,11,0,3,False,0.0,-0.575,-1.0,0.0,477.31666666666666,59.998416755555546,28.724167174999998,28.758888727777776,0.0,0.0,0.0,0.0,0.0,0.0,477.31666666666666,59.998416755555546,0.0,0.0,0.598100106666655,0.0,0.0,141.46666666666667,50.0,70.73333333333333,0.12,0.08,0,,0.0,0.0,0.0,0.0,0.0,0.0,0.0
2022-06-02 12:00:00,12,0,3,False,0.0,-0.6638888888888889,-1.0,0.0,480.1777777777778,60.00105519444445,28.791110388888896,28.83888835277778,0.0,0.0,0.0,0.0,0.0,0.0,480.1777777777778,60.00105519444445,0.0,0.0,0.5987337666666633,0.0,0.0,141.46666666666667,50.0,70.73333333333333,0.12,0.08,0,,0.0,0.0,0.0,0.0,0.0,0.0,0.0
2022-06-02 13:00:00,13,0,3,False,0.0,-0.7138888888888889,-1.0,0.0,479.4222222222222,59.99055613333334,28.81055466111112,28.87944424722222,0.0,0.0,0.0,0.0,0.0,0.0,479.4222222222222,59.99055613333334,0.0,0.0,0.5886673600000109,0.0,0.0,141.46666666666667,50.0,70.73333333333333,0.12,0.08,0,,0.0,0.0,0.0,0.0,0.0,0.0,0.0
2022-06-02 14:00:00,14,0,3,False,0.0,-0.5944444444444444,-1.0,0.0,481.5722222222222,59.99425049722223,28.720833674999994,28.76083324166667,0.0,0.0,0.0,0.0,0.0,0.0,481.5722222222222,59.99425049722223,0.0,0.0,0.5931005966666788,0.0,0.0,141.46666666666667,50.0,70.73333333333333,0.12,0.08,0,,0.0,0.0,0.0,0.0,0.0,0.0,0.0
2022-06-02 15:00:00,15,0,3,False,0.0,-0.3138888888888889,-1.0,0.0,482.0111111111111,59.99175017499999,28.624722469444446,28.676667408333326,0.0,0.0,0.0,0.0,0.0,0.0,482.0111111111111,59.99175017499999,0.0,0.0,0.5901002099999914,0.0,0.0,141.46666666666667,50.0,70.73333333333333,0.12,0.08,0,,0.0,0.0,0.0,0.0,0.0,0.0,0.0
2022-06-02 16:00:00,16,0,3,False,0.0,-0.33055555555555555,-1.0,0.0,481.35277777777776,59.99386133611112,28.621944663888897,28.67166733333333,0.0,0.0,0.0,0.0,0.0,0.0,481.35277777777776,59.99386133611112,0.0,0.0,0.5926336033333399,0.0,0.0,141.46666666666667,50.0,70.73333333333333,0.12,0.08,0,,0.0,0.0,0.0,0.0,0.0,0.0,0.0
2022-06-02 17:00:00,17,0,3,False,0.0,-0.32222222222222224,-1.0,0.0,481.18055555555554,60.0094436361111,28.62777805555556,28.68694520555555,0.0,0.0,0.0,0.0,0.0,0.0,481.18055555555554,60.0094436361111,0.0,0.0,0.5886676366666791,0.0,0.0,141.46666666666667,50.0,70.73333333333333,0.12,0.08,0,,0.0,0.0,0.0,0.0,0.0,0.0,0.0
2022-06-02 18:00:00,18,0,3,False,0.0,-0.25833333333333336,-1.0,0.0,482.3638888888889,60.01066600277779,28.668334016666662,28.715833941666663,0.0,0.0,0.0,0.0,0.0,0.0,482.3638888888889,60.01066600277779,0.0,0.0,0.5872007966666529,0.0,0.0,141.46666666666667,50.0,70.73333333333333,0.18,0.096,0,,0.0,0.0,0.0,0.0,0.0,0.0,0.0
2022-06-02 19:00:00,19,0,3,False,0.0,-0.13333333333333333,-1.0,0.0,482.7138888888889,60.001055461111115,28.675278530555552,28.707222869444436,0.0,0.0,0.0,0.0,0.0,0.0,482.7138888888889,60.001055461111115,0.0,0.0,0.5987334466666624,0.0,0.0,141.46666666666667,50.0,70.73333333333333,0.18,0.096,0,,0.0,0.0,0.0,0.0,0.0,0.0,0.0
2022-06-02 20:00:00,20,0,3,False,0.0,-0.09722222222222222,-1.0,0.0,483.2888888888889,60.000833416666666,28.667500674999992,28.703889619444443,0.0,0.0,0.0,0.0,0.0,0.0,483.2888888888889,60.000833416666666,0.0,0.0,0.5989999000000011,0.0,0.0,141.46666666666667,50.0,70.73333333333333,0.18,0.096,0,,0.0,0.0,0.0,0.0,0.0,0.0,0.0
2022-06-02 21:00:00,21,0,3,False,0.0,-0.06111111111111111,-1.0,0.0,485.2916666666667,59.99699994444444,28.67444518055555,28.710278497222216,0.0,0.0,0.0,0.0,0.0,0.0,485.2916666666667,59.99699994444444,0.0,0.0,0.5963999333333276,0.0,0.0,141.46666666666667,50.0,70.73333333333333,0.18,0.096,0,,0.0,0.0,0.0,0.0,0.0,0.0,0.0
2022-06-02 22:00:00,22,0,3,False,0.0,-0.06666666666666667,-1.0,0.0,482.56111111111113,60.01427740833333,28.70027864722222,28.730555894444443,0.0,0.0,0.0,0.0,0.0,0.0,482.56111111111113,60.01427740833333,0.0,0.0,0.5828671100000065,0.0,0.0,141.46666666666667,50.0,70.73333333333333,0.18,0.096,0,,0.0,0.0,0.0,0.0,0.0,0.0,0.0
2022-06-02 23:00:00,23,0,3,False,0.0,0.0,-1.0,0.0,481.34444444444443,60.0247776111111,28.704167524999992,28.735555836111107,0.0,0.0,0.0,0.0,0.0,0.0,481.34444444444443,60.0247776111111,0.0,0.0,0.5702668666666824,0.0,0.0,141.46666666666667,50.0,70.73333333333333,0.12,0.08,0,,0.0,0.0,0.0,0.0,0.0,0.0,0.0
2022-06-03 00:00:00,0,0,4,False,0.0,0.0,-1.0,0.0,482.5361111111111,60.00522188055555,28.37472195555556,28.40055526666667,0.0,0.0,0.0,0.0,0.0,0.0,482.5361111111111,60.00522188055555,0.0,0.0,0.5937337433333368,0.0,0.0,141.46666666666667,50.0,70.73333333333333,0.12,0.08,0,,0.0,0.0,0.0,0.0,0.0,0.0,0.0
2022-06-03 01:00:00,1,0,4,False,0.0,0.0,-1.0,0.0,482.025,60.00038870277778,27.40249959166667,27.43138858888889,0.0,0.0,0.0,0.0,0.0,0.0,482.025,60.00038870277778,0.0,0.0,0.5995335566666682,0.0,0.0,141.46666666666667,50.0,70.73333333333333,0.12,0.08,0,,0.0,0.0,0.0,0.0,0.0,0.0,0.0
2022-06-03 02:00:00,2,0,4,False,0.0,0.0,-1.0,0.0,482.5861111111111,60.01347145833332,27.202778647222214,27.233611438888886,0.0,0.0,0.0,0.0,0.0,0.0,482.5861111111111,60.01347145833332,0.0,0.0,0.5838342500000152,0.0,0.0,141.46666666666667,50.0,70.73333333333333,0.12,0.08,0,,0.0,0.0,0.0,0.0,0.0,0.0,0.0
2022-06-03 03:00:00,3,0,4,False,0.0,0.0,-1.0,0.0,482.1388888888889,60.01622136388888,27.13000033888889,27.153056022222223,0.0,0.0,0.0,0.0,0.0,0.0,482.1388888888889,60.01622136388888,0.0,0.0,0.5805343633333422,0.0,0.0,141.46666666666667,50.0,70.73333333333333,0.12,0.08,0,,0.0,0.0,0.0,0.0,0.0,0.0,0.0
2022-06-03 04:00:00,4,0,4,False,0.0,0.0,-1.0,0.0,483.65833333333336,60.00383318888889,26.961388886111113,27.01083333333333,0.0,0.0,0.0,0.0,0.0,0.0,483.65833333333336,60.00383318888889,0.0,0.0,0.5954001733333314,0.0,0.0,141.46666666666667,50.0,70.73333333333333,0.12,0.08,0,,0.0,0.0,0.0,0.0,0.0,0.0,0.0
2022-06-03 05:00:00,5,0,4,False,0.0,0.0,-1.0,0.0,483.3277777777778,59.988528144444444,26.961388888888884,26.998888888888885,0.0,0.0,0.0,0.0,0.0,0.0,483.3277777777778,59.988528144444444,0.0,0.0,0.5862337733333334,0.0,0.0,141.46666666666667,50.0,70.73333333333333,0.12,0.08,0,,0.0,0.0,0.0,0.0,0.0,0.0,0.0
2022-06-03 06:00:00,6,0,4,False,0.0,-0.16944444444444445,-1.0,0.0,481.10555555555555,59.99033348333334,27.792499930555554,27.828055505555554,0.0,0.0,0.0,0.0,0.0,0.0,481.10555555555555,59.99033348333334,0.0,0.0,0.5884001800000049,0.0,0.0,141.46666666666667,50.0,70.73333333333333,0.18,0.096,0,,0.0,0.0,0.0,0.0,0.0,0.0,0.0
2022-06-03 07:00:00,7,0,4,False,0.0,-0.35,-1.0,0.0,482.1333333333333,59.996777697222214,28.67472294444444,28.711666916666662,0.0,0.0,0.0,0.0,0.0,0.0,482.1333333333333,59.996777697222214,0.0,0.0,0.5961332366666567,0.0,0.0,141.46666666666667,50.0,70.73333333333333,0.18,0.096,0,,0.0,0.0,0.0,0.0,0.0,0.0,0.0
2022-06-03 08:00:00,8,0,4,False,0.0,-0.37222222222222223,-1.0,0.0,477.425,59.998639233333336,28.761110888888894,28.798610447222224,0.0,0.0,0.0,0.0,0.0,0.0,477.425,59.998639233333336,0.0,0.0,0.5983670800000027,0.0,0.0,141.46666666666667,50.0,70.73333333333333,0.18,0.096,0,,0.0,0.0,0.0,0.0,0.0,0.0,0.0
2022-06-03 09:00:00,9,0,4,False,0.0,-0.4083333333333333,-1.0,0.0,475.06944444444446,59.99394479722222,28.83638825277778,28.879999805555553,0.0,0.0,0.0,0.0,0.0,0.0,475.06944444444446,59.99394479722222,0.0,0.0,0.5927337566666636,0.0,0.0,141.46666666666667,50.0,70.73333333333333,0.18,0.096,0,,0.0,0.0,0.0,0.0,0.0,0.0,0.0
2022-06-03 10:00:00,10,0,4,False,0.0,-0.5194444444444445,-1.0,0.0,474.35,59.99941673888888,28.901111108333332,28.91333333333333,0.0,0.0,0.0,0.0,0.0,0.0,474.35,59.99941673888888,0.0,0.0,0.5993000866666591,0.0,0.0,141.46666666666667,50.0,70.73333333333333,0.18,0.096,0,,0.0,0.0,0.0,0.0,0.0,0.0,0.0
2022-06-03 11:00:00,11,0,4,False,0.0,-0.5583333333333333,-1.0,0.0,475.675,59.995750150000006,28.953055555555558,28.986944444444443,0.0,0.0,0.0,0.0,0.0,0.0,475.675,59.995750150000006,0.0,0.0,0.5949001800000076,0.0,0.0,141.46666666666667,50.0,70.73333333333333,0.12,0.08,0,,0.0,0.0,0.0,0.0,0.0,0.0,0.0
2022-06-03 12:00:00,12,0,4,False,0.0,-0.7027777777777777,-1.0,0.0,474.0388888888889,59.99708393888889,29.02777777777778,29.075555580555555,0.0,0.0,0.0,0.0,0.0,0.0,474.0388888888889,59.99708393888889,0.0,0.0,0.5965007266666703,0.0,0.0,141.46666666666667,50.0,70.73333333333333,0.12,0.08,0,,0.0,0.0,0.0,0.0,0.0,0.0,0.0
2022-06-03 13:00:00,13,0,4,False,0.0,-0.7277777777777777,-1.0,0.0,475.4472222222222,59.99527823888889,29.079444447222222,29.12777807777778,0.0,0.0,0.0,0.0,0.0,0.0,475.4472222222222,59.99527823888889,0.0,0.0,0.5943338866666721,0.0,0.0,141.46666666666667,50.0,70.73333333333333,0.12,0.08,0,,0.0,0.0,0.0,0.0,0.0,0.0,0.0
2022-06-03 14:00:00,14,0,4,False,0.0,-0.9083333333333333,-1.0,0.0,474.44444444444446,59.997277897222226,28.99833333333333,29.093333455555562,0.0,0.0,0.0,0.0,0.0,0.0,474.44444444444446,59.997277897222226,0.0,0.0,0.596733476666671,0.0,0.0,141.46666666666667,50.0,70.73333333333333,0.12,0.08,0,,0.0,0.0,0.0,0.0,0.0,0.0,0.0
2022-06-03 15:00:00,15,0,4,False,0.0,-0.8333333333333334,-1.0,0.0,476.30833333333334,59.99625037222222,28.983333333333334,29.033888897222223,0.0,0.0,0.0,0.0,0.0,0.0,476.30833333333334,59.99625037222222,0.0,0.0,0.595500446666665,0.0,0.0,141.46666666666667,50.0,70.73333333333333,0.12,0.08,0,,0.0,0.0,0.0,0.0,0.0,0.0,0.0
2022-06-03 16:00:00,16,0,4,False,0.0,-0.9083333333333333,-1.0,0.0,475.94166666666666,60.006777577777775,29.038888888888888,29.07805564444445,0.0,0.0,0.0,0.0,0.0,0.0,475.94166666666666,60.006777577777775,0.0,0.0,0.5918669066666694,0.0,0.0,141.46666666666667,50.0,70.73333333333333,0.12,0.08,0,,0.0,0.0,0.0,0.0,0.0,0.0,0.0
2022-06-03 17:00:00,17,0,4,False,0.0,-1.0,-1.0,0.0,474.4,60.01313802222222,29.086388888888894,29.134444808333335,0.0,0.0,0.0,0.0,0.0,0.0,474.4,60.01313802222222,0.0,0.0,0.5842343733333336,0.0,0.0,141.46666666666667,50.0,70.73333333333333,0.12,0.08,0,,0.0,0.0,0.0,0.0,0.0,0.0,0.0
2022-06-03 18:00:00,18,0,4,False,0.0,-0.8555555555555555,-1.0,0.0,475.9527777777778,60.01799935277777,29.092500002777783,29.142500441666666,0.0,0.0,0.0,0.0,0.0,0.0,475.9527777777778,60.01799935277777,0.0,0.0,0.5784007766666747,0.0,0.0,141.46666666666667,50.0,70.73333333333333,0.18,0.096,0,,0.0,0.0,0.0,0.0,0.0,0.0,0.0
2022-06-03 19:00:00,19,0,4,False,0.0,-0.5972222222222222,-1.0,0.0,479.34166666666664,60.01811070833333,29.082500000000003,29.126666961111116,0.0,0.0,0.0,0.0,0.0,0.0,479.34166666666664,60.01811070833333,0.0,0.0,0.5782671500000021,0.0,0.0,141.46666666666667,50.0,70.73333333333333,0.18,0.096,0,,0.0,0.0,0.0,0.0,0.0,0.0,0.0
2022-06-03 20:00:00,20,0,4,False,0.0,-0.425,-1.0,0.0,480.05833333333334,60.00141623888889,29.07638888888889,29.116389102777784,0.0,0.0,0.0,0.0,0.0,0.0,480.05833333333334,60.00141623888889,0.0,0.0,0.5983005133333279,0.0,0.0,141.46666666666667,50.0,70.73333333333333,0.18,0.096,0,,0.0,0.0,0.0,0.0,0.0,0.0,0.0
2022-06-03 21:00:00,21,0,4,False,0.0,-0.17777777777777778,-1.0,0.0,483.72222222222223,60.02138857222222,29.026666666666667,29.082500050000004,0.0,0.0,0.0,0.0,0.0,0.0,483.72222222222223,60.02138857222222,0.0,0.0,0.574333713333334,0.0,0.0,141.46666666666667,50.0,70.73333333333333,0.18,0.096,0,,0.0,0.0,0.0,0.0,0.0,0.0,0.0
2022-06-03 22:00:00,22,0,4,False,0.0,-0.03888888888888889,-1.0,0.0,484.7472222222222,60.01588855833332,28.988055555555558,29.01527777777778,0.0,0.0,0.0,0.0,0.0,0.0,484.7472222222222,60.01588855833332,0.0,0.0,0.5809337300000124,0.0,0.0,141.46666666666667,50.0,70.73333333333333,0.18,0.096,0,,0.0,0.0,0.0,0.0,0.0,0.0,0.0
2022-06-03 23:00:00,23,0,4,False,0.0,-0.03333333333333333,-1.0,0.0,484.10555555555555,60.012305166666664,28.944999969444446,28.963055533333332,0.0,0.0,0.0,0.0,0.0,0.0,484.10555555555555,60.012305166666664,0.0,0.0,0.5852338000000031,0.0,0.0,141.46666666666667,50.0,70.73333333333333,0.12,0.08,0,,0.0,0.0,0.0,0.0,0.0,0.0,0.0
2022-06-04 00:00:00,0,0,5,True,0.0,0.0,-1.0,0.0,485.98055555555555,59.99636077499999,27.980277861111112,28.010833308333336,0.0,0.0,0.0,0.0,0.0,0.0,485.98055555555555,59.99636077499999,0.0,0.0,0.5956329299999907,0.0,0.0,141.46666666666667,50.0,70.73333333333333,0.12,0.08,0,,0.0,0.0,0.0,0.0,0.0,0.0,0.0
2022-06-04 01:00:00,1,0,5,True,0.0,0.0,-1.0,0.0,484.9277777777778,59.979389175,27.25583364444444,27.283611269444442,0.0,0.0,0.0,0.0,0.0,0.0,484.9277777777778,59.979389175,0.0,0.0,0.5752670100000017,0.0,0.0,141.46666666666667,50.0,70.73333333333333,0.12,0.08,0,,0.0,0.0,0.0,0.0,0.0,0.0,0.0
2022-06-04 02:00:00,2,0,5,True,0.0,0.0,-1.0,0.0,485.88055555555553,59.983333869444444,27.103889108333338,27.135278172222222,0.0,0.0,0.0,0.0,0.0,0.0,485.88055555555553,59.983333869444444,0.0,0.0,0.5800006433333322,0.0,0.0,141.46666666666667,50.0,70.73333333333333,0.12,0.08,0,,0.0,0.0,0.0,0.0,0.0,0.0,0.0
2022-06-04 03:00:00,3,0,5,True,0.0,0.0,-1.0,0.0,482.8333333333333,59.98305617222222,26.999722222222225,27.002222222222226,0.0,0.0,0.0,0.0,0.0,0.0,482.8333333333333,59.98305617222222,0.0,0.0,0.5796674066666639,0.0,0.0,141.46666666666667,50.0,70.73333333333333,0.12,0.08,0,,0.0,0.0,0.0,0.0,0.0,0.0,0.0
2022-06-04 04:00:00,4,0,5,True,0.0,0.0,-1.0,0.0,480.26666666666665,59.980667258333334,26.90388870555556,26.93138884722222,0.0,0.0,0.0,0.0,0.0,0.0,480.26666666666665,59.980667258333334,0.0,0.0,0.5768007100000005,0.0,0.0,141.46666666666667,50.0,70.73333333333333,0.12,0.08,0,,0.0,0.0,0.0,0.0,0.0,0.0,0.0
2022-06-04 05:00:00,5,0,5,True,0.0,0.0,-1.0,0.0,480.0138888888889,59.976278272222224,26.836388261111118,26.86499964444445,0.0,0.0,0.0,0.0,0.0,0.0,480.0138888888889,59.976278272222224,0.0,0.0,0.5715339266666689,0.0,0.0,141.46666666666667,50.0,70.73333333333333,0.12,0.08,0,,0.0,0.0,0.0,0.0,0.0,0.0,0.0
2022-06-04 06:00:00,6,0,5,True,0.0,-0.1527777777777778,-1.0,0.0,479.025,59.99155602222223,27.317777563888892,27.343888738888893,0.0,0.0,0.0,0.0,0.0,0.0,479.025,59.99155602222223,0.0,0.0,0.5898672266666721,0.0,0.0,141.46666666666667,50.0,70.73333333333333,0.18,0.096,0,,0.0,0.0,0.0,0.0,0.0,0.0,0.0
2022-06-04 07:00:00,7,0,5,True,0.0,-0.4888888888888889,-1.0,0.0,479.74444444444447,59.99844448333333,28.816111030555557,28.855000016666672,0.0,0.0,0.0,0.0,0.0,0.0,479.74444444444447,59.99844448333333,0.0,0.0,0.5981333799999958,0.0,0.0,141.46666666666667,50.0,70.73333333333333,0.18,0.096,0,,0.0,0.0,0.0,0.0,0.0,0.0,0.0
2022-06-04 08:00:00,8,0,5,True,18.31111111111111,14.286111111111111,12.172222222222222,28.875,476.4472222222222,60.00213879166667,24.74777781388889,22.97027811666667,14.286111111111111,28.875,18.31111111111111,12.172222222222222,43.16111111111111,49.3,476.4472222222222,60.00213879166667,49.3,0.0,0.5974334499999997,33.09949800489124,13.126992115416874,141.46666666666667,60.32581453634085,85.34091896407686,0.18,0.096,0,,14.286111111111111,12.172222222222222,49.3,7.143055555555556,14.286111111111111,12.172222222222222,7.143055555555556
2022-06-04 09:00:00,9,0,5,True,8.091666666666667,24.480555555555554,160.09722222222223,28.16111111111111,483.64444444444445,58.92566620833333,26.806111005555557,27.482499930555555,24.480555555555554,28.16111111111111,8.091666666666667,160.09722222222223,52.641666666666666,-99.3638888888889,483.64444444444445,58.92566620833333,0.0,99.3638888888889,0.0,16.105040020467086,172.6549955664198,141.46666666666667,54.56296992481203,77.18841478696743,0.18,0.096,1,Zone_1,24.480555555555554,160.09722222222223,-99.3638888888889,12.240277777777777,38.766666666666666,172.26944444444445,19.383333333333333
2022-06-04 10:00:00,10,0,5,True,0.0,-0.6777777777777778,34.1,0.0,478.7416666666667,59.99180576944445,29.086111119444446,29.11250020277778,0.0,0.0,0.0,34.1,0.0,-34.1,478.7416666666667,59.99180576944445,0.0,34.1,0.5901669233333365,0.0,36.77475016176576,141.46666666666667,50.0,70.73333333333333,0.18,0.096,0,,0.0,34.1,-34.1,0.0,38.766666666666666,206.36944444444444,19.383333333333333
2022-06-04 11:00:00,11,0,5,True,-0.9194444444444444,36.74166666666667,123.05,0.0,480.69166666666666,60.00783283333333,29.104722272222222,29.178334099999994,36.74166666666667,0.0,-0.9194444444444444,123.05,36.74166666666667,-87.22777777777779,480.69166666666666,60.00783283333333,0.0,87.22777777777779,0.5906006000000019,29.637679535727884,132.7018477244949,141.46666666666667,49.481516290726816,69.99985171261487,0.12,0.08,0,,36.74166666666667,123.05,-87.22777777777779,18.370833333333334,75.50833333333333,329.4194444444444,37.75416666666666
2022-06-04 12:00:00,12,0,5,True,-1.0,41.19166666666667,134.50833333333333,0.0,484.6361111111111,59.99466674166667,29.068888894444445,29.130278161111114,41.19166666666667,0.0,-1.0,134.50833333333333,41.19166666666667,-94.31666666666666,484.6361111111111,59.99466674166667,0.0,94.31666666666666,0.5936000900000039,30.397884508947794,145.0589546336904,141.46666666666667,49.43609022556391,69.93558897243108,0.12,0.08,0,,41.19166666666667,134.50833333333333,-94.31666666666666,20.595833333333335,116.69999999999999,463.92777777777775,58.349999999999994
2022-06-04 13:00:00,13,0,5,True,15.216666666666667,38.11944444444445,140.86388888888888,0.0,483.89166666666665,59.99605594166666,28.634722216666663,28.701944519444442,38.11944444444445,0.0,15.216666666666667,140.86388888888888,38.11944444444445,-87.52777777777777,483.89166666666665,59.99605594166666,0.0,87.52777777777777,0.5952671299999934,30.33846970132426,151.9130299326575,141.46666666666667,58.580827067669176,82.872343358396,0.12,0.08,0,,38.11944444444445,140.86388888888888,-87.52777777777777,19.059722222222224,154.81944444444443,604.7916666666666,77.40972222222221
2022-06-04 14:00:00,14,0,5,True,6.95,34.605555555555554,146.86388888888888,0.0,482.81388888888887,59.999416769444444,28.348888377777783,28.459999999999997,34.605555555555554,0.0,6.95,146.86388888888888,34.605555555555554,-105.30833333333332,482.81388888888887,59.999416769444444,0.0,105.30833333333332,0.599300123333333,24.733467013440805,158.3836604596544,141.46666666666667,53.919172932330824,76.27765664160401,0.12,0.08,0,,34.605555555555554,146.86388888888888,-105.30833333333332,17.302777777777777,189.42499999999998,751.6555555555556,94.71249999999999
2022-06-04 15:00:00,15,0,5,True,1.2972222222222223,24.425,183.85,0.0,485.2083333333333,60.00636048333334,28.306387952777783,28.446388880555556,24.425,0.0,1.2972222222222223,183.85,24.425,-158.12777777777777,485.2083333333333,60.00636048333334,0.0,158.12777777777777,0.5923674199999936,13.379692326420061,198.2709037313969,141.46666666666667,50.731516290726816,71.7681850459482,0.12,0.08,0,,24.425,183.85,-158.12777777777777,12.2125,213.85,935.5055555555556,106.925
2022-06-04 16:00:00,16,0,5,True,-0.7722222222222223,19.227777777777778,6.122222222222222,0.0,477.18888888888887,60.0054716388889,28.283888219444453,28.33999938055556,19.227777777777778,0.0,-0.7722222222222223,6.122222222222222,19.227777777777778,12.333333333333334,477.18888888888887,60.0054716388889,12.333333333333334,0.0,0.593434033333321,100.0,6.60243966736166,141.46666666666667,49.56453634085213,70.11729741019215,0.12,0.08,0,,19.227777777777778,6.122222222222222,12.333333333333334,9.613888888888889,233.07777777777778,941.6277777777779,116.53888888888889
2022-06-04 17:00:00,17,0,5,True,-1.0,8.402777777777779,-1.0,0.0,478.65277777777777,60.00191673055555,28.23111148888889,28.29694351388889,8.402777777777779,0.0,-1.0,0.0,8.402777777777779,7.402777777777779,478.65277777777777,60.00191673055555,7.402777777777779,0.0,0.5976999233333401,100.0,0.0,141.46666666666667,49.43609022556391,69.93558897243108,0.12,0.08,0,,8.402777777777779,0.0,7.402777777777779,4.201388888888889,241.48055555555555,941.6277777777779,120.74027777777778
2022-06-04 18:00:00,18,0,5,True,-1.0,0.3333333333333333,-1.0,0.0,479.8722222222222,60.01608276388888,28.248611138888887,28.296665733333338,0.3333333333333333,0.0,-1.0,0.0,0.3333333333333333,-0.6666666666666667,479.8722222222222,60.01608276388888,0.0,0.6666666666666667,0.5807006833333418,33.33333333333333,0.0,141.46666666666667,49.43609022556391,69.93558897243108,0.18,0.096,0,,0.3333333333333333,0.0,-0.6666666666666667,0.16666666666666666,241.8138888888889,941.6277777777779,120.90694444444445
2022-06-04 19:00:00,19,0,5,True,-1.0,-0.6277777777777778,-1.0,0.0,481.13055555555553,60.00324956666665,28.25583321666667,28.29888791111112,0.0,0.0,-1.0,0.0,0.0,-1.0,481.13055555555553,60.00324956666665,0.0,1.0,0.5961005200000159,0.0,0.0,141.46666666666667,49.43609022556391,69.93558897243108,0.18,0.096,0,,0.0,0.0,-1.0,0.0,241.8138888888889,941.6277777777779,120.90694444444445
2022-06-04 20:00:00,20,0,5,True,-1.0,-0.5555555555555556,-1.0,0.0,479.68333333333334,60.008444166666656,28.284165983333338,28.303054586111124,0.0,0.0,-1.0,0.0,0.0,-1.0,479.68333333333334,60.008444166666656,0.0,1.0,0.5898670000000124,0.0,0.0,141.46666666666667,49.43609022556391,69.93558897243108,0.18,0.096,0,,0.0,0.0,-1.0,0.0,241.8138888888889,941.6277777777779,120.90694444444445
2022-06-04 21:00:00,21,0,5,True,-1.0,-0.575,-1.0,0.0,484.64722222222224,60.01658268055555,28.296110188888896,28.314165808333343,0.0,0.0,-1.0,0.0,0.0,-1.0,484.64722222222224,60.01658268055555,0.0,1.0,0.5801007833333386,0.0,0.0,141.46666666666667,49.43609022556391,69.93558897243108,0.18,0.096,0,,0.0,0.0,-1.0,0.0,241.8138888888889,941.6277777777779,120.90694444444445
2022-06-04 22:00:00,22,0,5,True,-1.0,-0.5305555555555556,-1.0,0.0,483.2916666666667,60.01680535833332,28.305276830555563,28.353888424999997,0.0,0.0,-1.0,0.0,0.0,-1.0,483.2916666666667,60.01680535833332,0.0,1.0,0.5798335700000138,0.0,0.0,141.46666666666667,49.43609022556391,69.93558897243108,0.18,0.096,0,,0.0,0.0,-1.0,0.0,241.8138888888889,941.6277777777779,120.90694444444445
2022-06-04 23:00:00,23,0,5,True,-1.0,-0.2916666666666667,-1.0,0.0,484.28055555555557,60.01633313888889,28.344443888888886,28.393333216666665,0.0,0.0,-1.0,0.0,0.0,-1.0,484.28055555555557,60.01633313888889,0.0,1.0,0.5804002333333329,0.0,0.0,141.46666666666667,49.43609022556391,69.93558897243108,0.12,0.08,0,,0.0,0.0,-1.0,0.0,241.8138888888889,941.6277777777779,120.90694444444445
2022-06-05 00:00:00,0,0,6,True,-1.0,-0.2361111111111111,-1.0,0.0,483.2,60.00808288333333,28.369721919444444,28.412777749999997,0.0,0.0,-1.0,0.0,0.0,-1.0,483.2,60.00808288333333,0.0,1.0,0.590300540000004,0.0,0.0,141.46666666666667,49.43609022556391,69.93558897243108,0.12,0.08,0,,0.0,0.0,-1.0,0.0,241.8138888888889,941.6277777777779,120.90694444444445
2022-06-05 01:00:00,1,0,6,True,-1.0,-0.16809116809116809,-1.0,0.0,482.019943019943,60.0107402108262,28.38262090883191,28.431054128205126,0.0,0.0,-1.0,0.0,0.0,-1.0,482.019943019943,60.0107402108262,0.0,1.0,0.5871117470085607,0.0,0.0,141.46666666666667,49.43609022556391,69.93558897243108,0.12,0.08,0,,0.0,0.0,-1.0,0.0,241.8138888888889,941.6277777777779,120.90694444444445
2022-06-05 02:00:00,2,0,6,True,-1.0,-0.16111111111111112,-1.0,0.0,482.09722222222223,59.994389222222225,28.39666663055555,28.45444444444444,0.0,0.0,-1.0,0.0,0.0,-1.0,482.09722222222223,59.994389222222225,0.0,1.0,0.5932670666666695,0.0,0.0,141.46666666666667,49.43609022556391,69.93558897243108,0.12,0.08,0,,0.0,0.0,-1.0,0.0,241.8138888888889,941.6277777777779,120.90694444444445
2022-06-05 03:00:00,3,0,6,True,-1.0,-0.07222222222222222,-1.0,0.0,481.7583333333333,59.97786173055556,28.40499999444444,28.45388888611111,0.0,0.0,-1.0,0.0,0.0,-1.0,481.7583333333333,59.97786173055556,0.0,1.0,0.5734340766666719,0.0,0.0,141.46666666666667,49.43609022556391,69.93558897243108,0.12,0.08,0,,0.0,0.0,-1.0,0.0,241.8138888888889,941.6277777777779,120.90694444444445
2022-06-05 04:00:00,4,0,6,True,-1.0,0.0,-1.0,0.0,482.89722222222224,59.971944608333345,28.384722066666665,28.412499963888887,0.0,0.0,-1.0,0.0,0.0,-1.0,482.89722222222224,59.971944608333345,0.0,1.0,0.5663335300000142,0.0,0.0,141.46666666666667,49.43609022556391,69.93558897243108,0.12,0.08,0,,0.0,0.0,-1.0,0.0,241.8138888888889,941.6277777777779,120.90694444444445
2022-06-05 05:00:00,5,0,6,True,-1.0,0.0,-1.0,0.0,481.81388888888887,59.976805713888886,28.37111082222222,28.404722147222223,0.0,0.0,-1.0,0.0,0.0,-1.0,481.81388888888887,59.976805713888886,0.0,1.0,0.5721668566666637,0.0,0.0,141.46666666666667,49.43609022556391,69.93558897243108,0.12,0.08,0,,0.0,0.0,-1.0,0.0,241.8138888888889,941.6277777777779,120.90694444444445
2022-06-05 06:00:00,6,0,6,True,-1.0,0.0,-1.0,0.0,483.68333333333334,59.979805866666666,28.39611100277778,28.433055522222226,0.0,0.0,-1.0,0.0,0.0,-1.0,483.68333333333334,59.979805866666666,0.0,1.0,0.5757670399999995,0.0,0.0,141.46666666666667,49.43609022556391,69.93558897243108,0.18,0.096,0,,0.0,0.0,-1.0,0.0,241.8138888888889,941.6277777777779,120.90694444444445
2022-06-05 07:00:00,7,0,6,True,-21.68611111111111,2.986111111111111,73.52222222222223,2.7333333333333334,480.68611111111113,60.0069722,28.47527777777778,28.528888888888886,2.986111111111111,2.7333333333333334,-21.68611111111111,73.52222222222223,5.719444444444445,-89.48888888888888,480.68611111111113,60.0069722,0.0,89.48888888888888,0.5916333600000001,3.1363967906637495,79.28918925396027,141.46666666666667,37.77098997493734,53.43336048454469,0.18,0.096,0,,2.986111111111111,73.52222222222223,-89.48888888888888,1.4930555555555556,244.8,1015.1500000000001,122.4
2022-06-05 08:00:00,8,0,6,True,-1.15,-0.4722222222222222,142.16944444444445,3.647222222222222,478.3833333333333,58.92063899444444,23.35138882777778,20.81222222222222,0.0,3.647222222222222,-1.15,142.16944444444445,3.647222222222222,-139.67222222222225,478.3833333333333,58.92063899444444,0.0,139.67222222222225,0.0,0.0,153.32099120473555,141.46666666666667,49.3515037593985,69.81592731829573,0.18,0.096,1,Zone_1,0.0,142.16944444444445,-139.67222222222225,0.0,244.8,1157.3194444444446,122.4
2022-06-05 09:00:00,9,0,6,True,-3.2555555555555555,-0.5944444444444444,134.26111111111112,0.0,477.8361111111111,59.986000027777784,23.501666638888885,20.770833286111117,0.0,0.0,-3.2555555555555555,134.26111111111112,0.0,-137.51666666666668,477.8361111111111,59.986000027777784,0.0,137.51666666666668,0.5832000333333411,0.0,144.7923406906799,141.46666666666667,48.164160401002505,68.13623224728488,0.18,0.096,0,,0.0,134.26111111111112,-137.51666666666668,0.0,244.8,1291.5805555555557,122.4
2022-06-05 10:00:00,10,0,6,True,-1.2916666666666667,2.463888888888889,136.06666666666666,0.0,478.1111111111111,56.764500166666664,28.669445130555555,28.685556094444443,2.463888888888889,0.0,-1.2916666666666667,136.06666666666666,2.463888888888889,-134.89444444444442,478.1111111111111,56.764500166666664,0.0,134.89444444444442,0.0,1.7937673158203402,146.739521173341,141.46666666666667,49.27161654135338,69.70291353383459,0.18,0.096,1,Zone_1,2.463888888888889,136.06666666666666,-134.89444444444442,1.2319444444444445,247.2638888888889,1427.6472222222224,123.63194444444446
2022-06-05 11:00:00,11,0,6,True,-1.0138888888888888,38.37777777777778,163.07222222222222,0.0,480.925,60.00636075,28.713889594444442,28.771388461111115,38.37777777777778,0.0,-1.0138888888888888,163.07222222222222,38.37777777777778,-125.70833333333333,480.925,60.00636075,0.0,125.70833333333333,0.5923671000000013,23.38880330449798,175.8633498693891,141.46666666666667,49.42825814536341,69.92450918964077,0.12,0.08,0,,38.37777777777778,163.07222222222222,-125.70833333333333,19.18888888888889,285.6416666666667,1590.7194444444447,142.82083333333335
2022-06-05 12:00:00,12,0,6,True,-2.386111111111111,28.147222222222222,143.72222222222223,0.0,479.0722222222222,59.9931114638889,22.366111105555554,19.749166597222224,28.147222222222222,0.0,-2.386111111111111,143.72222222222223,28.147222222222222,-117.96111111111111,479.0722222222222,59.9931114638889,0.0,117.96111111111111,0.5917337566666816,19.264624802752905,154.9955664198241,141.46666666666667,48.65444862155388,68.82982664995822,0.12,0.08,0,,28.147222222222222,143.72222222222223,-117.96111111111111,14.073611111111111,313.78888888888895,1734.4416666666668,156.89444444444447
2022-06-05 13:00:00,13,0,6,True,-7.347222222222222,-0.7555555555555555,102.01944444444445,0.0,480.13055555555553,60.00350011388889,24.129166627777774,23.245000074999997,0.0,0.0,-7.347222222222222,102.01944444444445,0.0,-109.36666666666667,480.13055555555553,60.00350011388889,0.0,109.36666666666667,0.5957998633333318,0.0,110.02168859491455,141.46666666666667,45.85682957393484,64.87212823725982,0.12,0.08,0,,0.0,102.01944444444445,-109.36666666666667,0.0,313.78888888888895,1836.4611111111112,156.89444444444447
2022-06-05 14:00:00,14,0,6,True,-2.7305555555555556,13.305555555555555,125.52222222222223,8.252777777777778,483.2888888888889,58.91850031944444,28.59416666666667,28.63055588055556,13.305555555555555,8.252777777777778,-2.7305555555555556,125.52222222222223,21.558333333333334,-106.69444444444444,483.2888888888889,58.91850031944444,0.0,106.69444444444444,0.0,10.374477485867754,135.36798715460012,141.46666666666667,48.46021303258146,68.55504803675856,0.12,0.08,1,Zone_1,13.305555555555555,125.52222222222223,-106.69444444444444,6.652777777777778,327.0944444444445,1961.9833333333333,163.54722222222225
2022-06-05 15:00:00,15,0,6,True,-1.4638888888888888,25.677777777777777,142.94166666666666,35.452777777777776,485.06111111111113,59.99869448611111,28.595000000000002,28.617500186111112,25.677777777777777,35.452777777777776,-1.4638888888888888,142.94166666666666,61.13055555555555,-83.27499999999999,485.06111111111113,59.99869448611111,0.0,83.27499999999999,0.5984333833333352,17.781710460508602,154.1537853188583,141.46666666666667,49.174498746867165,69.56552422723476,0.12,0.08,0,,25.677777777777777,142.94166666666666,-83.27499999999999,12.838888888888889,352.77222222222224,2104.925,176.38611111111112
2022-06-05 16:00:00,16,0,6,True,0.2638888888888889,9.619444444444444,14.572222222222223,35.291666666666664,480.40555555555557,59.99925018611111,27.49805548333333,27.57527774444444,9.619444444444444,35.291666666666664,0.2638888888888889,14.572222222222223,44.91111111111111,30.602777777777778,480.40555555555557,59.99925018611111,30.602777777777778,0.0,0.5991002233333347,21.41885205343889,15.715244326215638,141.46666666666667,50.148809523809526,70.94384920634921,0.12,0.08,0,,9.619444444444444,14.572222222222223,30.602777777777778,4.809722222222222,362.3916666666667,2119.4972222222223,181.19583333333335
2022-06-05 17:00:00,17,0,6,True,-1.0,9.258333333333333,-1.0,36.0,484.35833333333335,60.01691600555556,25.57361115,25.628611127777777,9.258333333333333,36.0,-1.0,0.0,45.25833333333333,44.25833333333333,484.35833333333335,60.01691600555556,44.25833333333333,0.0,0.5797007933333305,20.456637819922665,0.0,141.46666666666667,49.43609022556391,69.93558897243108,0.12,0.08,0,,9.258333333333333,0.0,44.25833333333333,4.629166666666666,371.65000000000003,2119.4972222222223,185.82500000000002
2022-06-05 18:00:00,18,0,6,True,-1.0,1.2166666666666666,-1.0,36.78611111111111,482.4861111111111,60.01352731666667,25.009444444444448,25.036666677777774,1.2166666666666666,36.78611111111111,-1.0,0.0,38.00277777777778,37.00277777777778,482.4861111111111,60.01352731666667,37.00277777777778,0.0,0.5837672199999986,3.201520356699071,0.0,141.46666666666667,49.43609022556391,69.93558897243108,0.18,0.096,0,,1.2166666666666666,0.0,37.00277777777778,0.6083333333333333,372.8666666666667,2119.4972222222223,186.43333333333334
2022-06-05 19:00:00,19,0,6,True,-1.0,-0.5083333333333333,-1.0,37.09166666666667,484.5805555555556,60.00766607222222,24.99805555555556,25.015,0.0,37.09166666666667,-1.0,0.0,37.09166666666667,36.09166666666667,484.5805555555556,60.00766607222222,36.09166666666667,0.0,0.5908007133333342,0.0,0.0,141.46666666666667,49.43609022556391,69.93558897243108,0.18,0.096,0,,0.0,0.0,36.09166666666667,0.0,372.8666666666667,2119.4972222222223,186.43333333333334
2022-06-05 20:00:00,20,0,6,True,-1.0,-0.12777777777777777,-1.0,37.56388888888889,485.13055555555553,60.002527349999994,25.006111111111107,25.026944444444442,0.0,37.56388888888889,-1.0,0.0,37.56388888888889,36.56388888888889,485.13055555555553,60.002527349999994,36.56388888888889,0.0,0.5969671800000071,0.0,0.0,141.46666666666667,49.43609022556391,69.93558897243108,0.18,0.096,0,,0.0,0.0,36.56388888888889,0.0,372.8666666666667,2119.4972222222223,186.43333333333334
2022-06-05 21:00:00,21,0,6,True,-1.0,-0.06111111111111111,-1.0,37.983333333333334,481.78055555555557,60.01188838055554,25.015000000000004,25.059722222222224,0.0,37.983333333333334,-1.0,0.0,37.983333333333334,36.983333333333334,481.78055555555557,60.01188838055554,36.983333333333334,0.0,0.5857339433333522,0.0,0.0,141.46666666666667,49.43609022556391,69.93558897243108,0.18,0.096,0,,0.0,0.0,36.983333333333334,0.0,372.8666666666667,2119.4972222222223,186.43333333333334
2022-06-05 22:00:00,22,0,6,True,-1.0,-0.06111111111111111,-1.0,37.99444444444445,482.6638888888889,60.00147215555555,25.02777777777778,25.075000002777777,0.0,37.99444444444445,-1.0,0.0,37.99444444444445,36.99444444444445,482.6638888888889,60.00147215555555,36.99444444444445,0.0,0.5982334133333438,0.0,0.0,141.46666666666667,49.43609022556391,69.93558897243108,0.18,0.096,0,,0.0,0.0,36.99444444444445,0.0,372.8666666666667,2119.4972222222223,186.43333333333334
2022-06-05 23:00:00,23,0,6,True,-1.0,0.0,-1.0,37.99722222222222,482.0388888888889,60.00619418888889,25.08805556111111,25.111944597222223,0.0,37.99722222222222,-1.0,0.0,37.99722222222222,36.99722222222222,482.0388888888889,60.00619418888889,36.99722222222222,0.0,0.5925669733333307,0.0,0.0,141.46666666666667,49.43609022556391,69.93558897243108,0.12,0.08,0,,0.0,0.0,36.99722222222222,0.0,372.8666666666667,2119.4972222222223,186.43333333333334
2022-06-06 00:00:00,0,0,0,False,-1.0,0.0,-1.0,37.99444444444445,484.4111111111111,60.017082761111105,25.107222308333334,25.146944911111113,0.0,37.99444444444445,-1.0,0.0,37.99444444444445,36.99444444444445,484.4111111111111,60.017082761111105,36.99444444444445,0.0,0.5795006866666739,0.0,0.0,141.46666666666667,49.43609022556391,69.93558897243108,0.12,0.08,0,,0.0,0.0,36.99444444444445,0.0,372.8666666666667,2119.4972222222223,186.43333333333334
2022-06-06 01:00:00,1,0,0,False,-1.0,0.0,-1.0,37.96666666666667,485.93888888888887,60.0024440138889,25.127500277777774,25.163333966666666,0.0,37.96666666666667,-1.0,0.0,37.96666666666667,36.96666666666667,485.93888888888887,60.0024440138889,36.96666666666667,0.0,0.5970671833333228,0.0,0.0,141.46666666666667,49.43609022556391,69.93558897243108,0.12,0.08,0,,0.0,0.0,36.96666666666667,0.0,372.8666666666667,2119.4972222222223,186.43333333333334
2022-06-06 02:00:00,2,0,0,False,-1.0,0.0,-1.0,37.99722222222222,485.825,60.00744429999999,25.136111472222222,25.171111805555547,0.0,37.99722222222222,-1.0,0.0,37.99722222222222,36.99722222222222,485.825,60.00744429999999,36.99722222222222,0.0,0.5910668400000133,0.0,0.0,141.46666666666667,49.43609022556391,69.93558897243108,0.12,0.08,0,,0.0,0.0,36.99722222222222,0.0,372.8666666666667,2119.4972222222223,186.43333333333334
2022-06-06 03:00:00,3,0,0,False,-1.0,0.0,-1.0,38.0,485.59722222222223,60.002583183333336,25.13583369444444,25.16055611111111,0.0,38.0,-1.0,0.0,38.0,37.0,485.59722222222223,60.002583183333336,37.0,0.0,0.5969001799999972,0.0,0.0,141.46666666666667,49.43609022556391,69.93558897243108,0.12,0.08,0,,0.0,0.0,37.0,0.0,372.8666666666667,2119.4972222222223,186.43333333333334
2022-06-06 04:00:00,4,0,0,False,-1.0,0.0,-1.0,37.99722222222222,481.77222222222224,59.98997276111111,25.031111119444443,25.018333350000002,0.0,37.99722222222222,-1.0,0.0,37.99722222222222,36.99722222222222,481.77222222222224,59.98997276111111,36.99722222222222,0.0,0.5879673133333341,0.0,0.0,141.46666666666667,49.43609022556391,69.93558897243108,0.12,0.08,0,,0.0,0.0,36.99722222222222,0.0,372.8666666666667,2119.4972222222223,186.43333333333334
2022-06-06 05:00:00,5,0,0,False,-1.0,0.0,-1.0,37.975,480.0361111111111,59.986444511111124,25.032222222222217,25.022500022222225,0.0,37.975,-1.0,0.0,37.975,36.975,480.0361111111111,59.986444511111124,36.975,0.0,0.5837334133333485,0.0,0.0,141.46666666666667,49.43609022556391,69.93558897243108,0.12,0.08,0,,0.0,0.0,36.975,0.0,372.8666666666667,2119.4972222222223,186.43333333333334
2022-06-06 06:00:00,6,0,0,False,-1.0,6.491666666666666,-1.0,37.977777777777774,479.3611111111111,59.987500313888894,25.151111588888885,25.16555604722222,6.491666666666666,37.977777777777774,-1.0,0.0,44.46944444444444,43.46944444444444,479.3611111111111,59.987500313888894,43.46944444444444,0.0,0.585000376666673,14.598038603285652,0.0,141.46666666666667,49.43609022556391,69.93558897243108,0.18,0.096,0,,6.491666666666666,0.0,43.46944444444444,3.245833333333333,379.35833333333335,2119.4972222222223,189.67916666666667
2022-06-06 07:00:00,7,0,0,False,-1.2055555555555555,18.533333333333335,70.8638888888889,37.861111111111114,482.5527777777778,60.006472224999996,24.556388416666667,24.275554872222227,18.533333333333335,37.861111111111114,-1.2055555555555555,70.8638888888889,56.394444444444446,-15.675000000000004,482.5527777777778,60.006472224999996,0.0,15.675000000000004,0.5922333300000048,25.715937560223544,76.42234045102691,141.46666666666667,49.32017543859649,69.7716081871345,0.18,0.096,0,,18.533333333333335,70.8638888888889,-15.675000000000004,9.266666666666667,397.8916666666667,2190.3611111111113,198.94583333333335
2022-06-06 08:00:00,8,0,0,False,-1.0,28.113888888888887,147.0861111111111,37.44166666666667,482.05555555555554,59.99688938055555,22.07388868888889,20.12083320833333,28.113888888888887,37.44166666666667,-1.0,147.0861111111111,65.55555555555556,-82.53055555555555,482.05555555555554,59.99688938055555,0.0,82.53055555555555,0.5962672566666611,18.98482489542496,158.62331344213578,141.46666666666667,49.43609022556391,69.93558897243108,0.18,0.096,0,,28.113888888888887,147.0861111111111,-82.53055555555555,14.056944444444444,426.0055555555556,2337.4472222222225,213.0027777777778
2022-06-06 09:00:00,9,0,0,False,-1.0,34.71111111111111,145.98888888888888,37.12222222222222,479.3333333333333,60.00449963055555,22.47638884166667,21.115555597222222,34.71111111111111,37.12222222222222,-1.0,145.98888888888888,71.83333333333333,-75.15555555555555,479.3333333333333,60.00449963055555,0.0,75.15555555555555,0.59460044333334,23.614785698087534,157.440026841134,141.46666666666667,49.43609022556391,69.93558897243108,0.18,0.096,0,,34.71111111111111,145.98888888888888,-75.15555555555555,17.355555555555554,460.7166666666667,2483.4361111111116,230.35833333333335
2022-06-06 10:00:00,10,0,0,False,-0.8722222222222222,35.05555555555556,152.8388888888889,37.0,481.5388888888889,60.00108331111111,25.454999905555557,25.47777769722222,35.05555555555556,37.0,-0.8722222222222222,152.8388888888889,72.05555555555556,-81.65555555555557,481.5388888888889,60.00108331111111,0.0,81.65555555555557,0.5987000266666683,22.806129825068673,164.82733002612218,141.46666666666667,49.508145363408524,70.03752297410192,0.18,0.096,0,,35.05555555555556,152.8388888888889,-81.65555555555557,17.52777777777778,495.77222222222224,2636.2750000000005,247.88611111111112
2022-06-06 11:00:00,11,0,0,False,-0.11388888888888889,40.25277777777778,142.5888888888889,37.0,480.0888888888889,60.004749813888886,25.58138888888889,25.597777783333328,40.25277777777778,37.0,-0.11388888888888889,142.5888888888889,77.25277777777778,-65.45000000000002,480.0888888888889,60.004749813888886,0.0,65.45000000000002,0.5943002233333373,28.20742413329959,153.77333620916914,141.46666666666667,49.935776942355886,70.6424791144528,0.12,0.08,0,,40.25277777777778,142.5888888888889,-65.45000000000002,20.12638888888889,536.025,2778.8638888888895,268.0125
2022-06-06 12:00:00,12,0,0,False,-1.0,40.272222222222226,145.14444444444445,37.0,479.2388888888889,59.99422270833333,25.57861111111111,25.601666697222225,40.272222222222226,37.0,-1.0,145.14444444444445,77.27222222222223,-68.87222222222222,479.2388888888889,59.99422270833333,0.0,68.87222222222222,0.5930672499999986,27.55645099977192,156.52934550770482,141.46666666666667,49.43609022556391,69.93558897243108,0.12,0.08,0,,40.272222222222226,145.14444444444445,-68.87222222222222,20.136111111111113,576.2972222222222,2924.008333333334,288.1486111111111
2022-06-06 13:00:00,13,0,0,False,-1.0,38.19166666666667,146.76111111111112,36.18333333333333,482.2638888888889,59.983028394444446,25.549166666666668,25.602500027777783,38.19166666666667,36.18333333333333,-1.0,146.76111111111112,74.375,-73.38611111111112,482.2638888888889,59.983028394444446,0.0,73.38611111111112,0.5796340733333352,25.84690002631876,158.27282095525678,141.46666666666667,49.43609022556391,69.93558897243108,0.12,0.08,0,,38.19166666666667,146.76111111111112,-73.38611111111112,19.095833333333335,614.4888888888889,3070.769444444445,307.24444444444447
2022-06-06 14:00:00,14,0,0,False,-1.0,28.247222222222224,147.43055555555554,35.825,483.2611111111111,59.977889313888895,21.27388897777778,19.058611097222222,28.247222222222224,35.825,-1.0,147.43055555555554,64.07222222222222,-84.35833333333332,483.2611111111111,59.977889313888895,0.0,84.35833333333332,0.5734671766666736,19.030597922709838,158.99477556498186,141.46666666666667,49.43609022556391,69.93558897243108,0.12,0.08,0,,28.247222222222224,147.43055555555554,-84.35833333333332,14.123611111111112,642.7361111111112,3218.2000000000007,321.3680555555556
2022-06-06 15:00:00,15,0,0,False,-1.0,20.644444444444446,146.73055555555555,36.0,485.64444444444445,59.98347282222223,22.83527771111111,21.743055552777776,20.644444444444446,36.0,-1.0,146.73055555555555,56.644444444444446,-91.08611111111111,485.64444444444445,59.98347282222223,0.0,91.08611111111111,0.5801673866666789,13.974390312693908,158.2398686701656,141.46666666666667,49.43609022556391,69.93558897243108,0.12,0.08,0,,20.644444444444446,146.73055555555555,-91.08611111111111,10.322222222222223,663.3805555555557,3364.930555555556,331.69027777777785
2022-06-06 16:00:00,16,0,0,False,-0.6583333333333333,5.186111111111111,94.70833333333333,36.0,483.10833333333335,60.00224978055556,23.845277213888888,23.922499936111116,5.186111111111111,36.0,-0.6583333333333333,94.70833333333333,41.18611111111111,-54.18055555555555,483.10833333333335,60.00224978055556,0.0,54.18055555555555,0.5973002633333294,5.4380752650588375,102.13710547127756,141.46666666666667,49.62875939849624,70.20815162907269,0.12,0.08,0,,5.186111111111111,94.70833333333333,-54.18055555555555,2.5930555555555554,668.5666666666668,3459.6388888888896,334.2833333333334
2022-06-06 17:00:00,17,0,0,False,0.0,5.741666666666666,-1.0,36.772222222222226,483.6694444444444,60.00716649166667,23.79999903333334,23.86944413333334,5.741666666666666,36.772222222222226,0.0,0.0,42.51388888888889,42.51388888888889,483.6694444444444,60.00716649166667,42.51388888888889,0.0,0.5914002099999919,13.505390395295652,0.0,141.46666666666667,50.0,70.73333333333333,0.12,0.08,0,,5.741666666666666,0.0,42.51388888888889,2.870833333333333,674.3083333333335,3459.6388888888896,337.15416666666675
2022-06-06 18:00:00,18,0,0,False,0.0,0.8055555555555556,-1.0,37.0,485.0027777777778,60.02288834166666,23.774999500000003,23.829443747222225,0.8055555555555556,37.0,0.0,0.0,37.80555555555556,37.80555555555556,485.0027777777778,60.02288834166666,37.80555555555556,0.0,0.5725339900000108,2.1307861866274798,0.0,141.46666666666667,50.0,70.73333333333333,0.18,0.096,0,,0.8055555555555556,0.0,37.80555555555556,0.4027777777777778,675.113888888889,3459.6388888888896,337.5569444444445
2022-06-06 19:00:00,19,0,0,False,0.0,-0.2638888888888889,-1.0,37.013888888888886,484.34722222222223,60.01308299722222,23.70305649444444,23.772499600000003,0.0,37.013888888888886,0.0,0.0,37.013888888888886,37.013888888888886,484.34722222222223,60.01308299722222,37.013888888888886,0.0,0.5843004033333358,0.0,0.0,141.46666666666667,50.0,70.73333333333333,0.18,0.096,0,,0.0,0.0,37.013888888888886,0.0,675.113888888889,3459.6388888888896,337.5569444444445
2022-06-06 20:00:00,20,0,0,False,0.0,-0.16111111111111112,-1.0,37.083333333333336,483.3333333333333,60.0001387138889,23.700000999999993,23.721389461111105,0.0,37.083333333333336,0.0,0.0,37.083333333333336,37.083333333333336,483.3333333333333,60.0001387138889,37.083333333333336,0.0,0.5998335433333182,0.0,0.0,141.46666666666667,50.0,70.73333333333333,0.18,0.096,0,,0.0,0.0,37.083333333333336,0.0,675.113888888889,3459.6388888888896,337.5569444444445
2022-06-06 21:00:00,21,0,0,False,0.0,-0.125,-1.0,37.297222222222224,483.7944444444444,60.00841625277778,23.696667633333334,23.701667624999995,0.0,37.297222222222224,0.0,0.0,37.297222222222224,37.297222222222224,483.7944444444444,60.00841625277778,37.297222222222224,0.0,0.5899004966666667,0.0,0.0,141.46666666666667,50.0,70.73333333333333,0.18,0.096,0,,0.0,0.0,37.297222222222224,0.0,675.113888888889,3459.6388888888896,337.5569444444445
2022-06-06 22:00:00,22,0,0,False,0.0,-0.09166666666666666,-1.0,37.93611111111111,483.4888888888889,60.020361063888885,23.26583330277778,23.32888904722222,0.0,37.93611111111111,0.0,0.0,37.93611111111111,37.93611111111111,483.4888888888889,60.020361063888885,37.93611111111111,0.0,0.5755667233333384,0.0,0.0,141.46666666666667,50.0,70.73333333333333,0.18,0.096,0,,0.0,0.0,37.93611111111111,0.0,675.113888888889,3459.6388888888896,337.5569444444445
2022-06-06 23:00:00,23,0,0,False,0.0,-0.041666666666666664,-1.0,37.922222222222224,483.94444444444446,60.009416430555554,22.70166763333333,22.751666633333333,0.0,37.922222222222224,0.0,0.0,37.922222222222224,37.922222222222224,483.94444444444446,60.009416430555554,37.922222222222224,0.0,0.5887002833333355,0.0,0.0,141.46666666666667,50.0,70.73333333333333,0.12,0.08,0,,0.0,0.0,37.922222222222224,0.0,675.113888888889,3459.6388888888896,337.5569444444445
2022-06-07 00:00:00,0,0,1,False,0.0,-0.022222222222222223,-1.0,37.98888888888889,482.94166666666666,59.99944464444444,22.708611938888886,22.77666613333334,0.0,37.98888888888889,0.0,0.0,37.98888888888889,37.98888888888889,482.94166666666666,59.99944464444444,37.98888888888889,0.0,0.5993335733333254,0.0,0.0,141.46666666666667,50.0,70.73333333333333,0.12,0.08,0,,0.0,0.0,37.98888888888889,0.0,675.113888888889,3459.6388888888896,337.5569444444445
2022-06-07 01:00:00,1,0,1,False,0.0,0.0,-1.0,37.99166666666667,483.5027777777778,59.987972722222224,22.747777822222226,22.80194361388889,0.0,37.99166666666667,0.0,0.0,37.99166666666667,37.99166666666667,483.5027777777778,59.987972722222224,37.99166666666667,0.0,0.5855672666666691,0.0,0.0,141.46666666666667,50.0,70.73333333333333,0.12,0.08,0,,0.0,0.0,37.99166666666667,0.0,675.113888888889,3459.6388888888896,337.5569444444445
2022-06-07 02:00:00,2,0,1,False,0.0,0.0,-1.0,37.98888888888889,484.9,59.98341731388889,22.80111013888889,22.871110808333334,0.0,37.98888888888889,0.0,0.0,37.98888888888889,37.98888888888889,484.9,59.98341731388889,37.98888888888889,0.0,0.5801007766666714,0.0,0.0,141.46666666666667,50.0,70.73333333333333,0.12,0.08,0,,0.0,0.0,37.98888888888889,0.0,675.113888888889,3459.6388888888896,337.5569444444445
2022-06-07 03:00:00,3,0,1,False,0.0,0.0,-1.0,37.99722222222222,484.73055555555555,60.001555519444445,22.85138840277778,22.915833294444443,0.0,37.99722222222222,0.0,0.0,37.99722222222222,37.99722222222222,484.73055555555555,60.001555519444445,37.99722222222222,0.0,0.5981333766666665,0.0,0.0,141.46666666666667,50.0,70.73333333333333,0.12,0.08,0,,0.0,0.0,37.99722222222222,0.0,675.113888888889,3459.6388888888896,337.5569444444445
2022-06-07 04:00:00,4,0,1,False,0.0,0.0,-1.0,37.96944444444444,479.7416666666667,59.983361650000006,22.895555508333338,22.957222219444443,0.0,37.96944444444444,0.0,0.0,37.96944444444444,37.96944444444444,479.7416666666667,59.983361650000006,37.96944444444444,0.0,0.5800339800000074,0.0,0.0,141.46666666666667,50.0,70.73333333333333,0.12,0.08,0,,0.0,0.0,37.96944444444444,0.0,675.113888888889,3459.6388888888896,337.5569444444445
2022-06-07 05:00:00,5,0,1,False,0.0,0.18055555555555555,-1.0,37.958333333333336,480.2916666666667,59.99355608888889,22.903888888888893,22.995833333333334,0.18055555555555555,37.958333333333336,0.0,0.0,38.13888888888889,38.13888888888889,480.2916666666667,59.99355608888889,38.13888888888889,0.0,0.5922673066666647,0.4734158776402039,0.0,141.46666666666667,50.0,70.73333333333333,0.12,0.08,0,,0.18055555555555555,0.0,38.13888888888889,0.09027777777777778,675.2944444444446,3459.6388888888896,337.6472222222223
2022-06-07 06:00:00,6,0,1,False,0.0,7.463888888888889,-1.0,37.96111111111111,479.4472222222222,59.98647236666667,22.967777777777776,23.005833333333328,7.463888888888889,37.96111111111111,0.0,0.0,45.425,45.425,479.4472222222222,59.98647236666667,45.425,0.0,0.5837668400000012,16.43123585886382,0.0,141.46666666666667,50.0,70.73333333333333,0.18,0.096,0,,7.463888888888889,0.0,45.425,3.7319444444444443,682.7583333333334,3459.6388888888896,341.3791666666667
2022-06-07 07:00:00,7,0,1,False,19.416666666666668,13.294444444444444,78.56666666666666,29.780555555555555,480.0722222222222,59.99183393611111,23.005,23.06333335833333,13.294444444444444,29.780555555555555,19.416666666666668,78.56666666666666,43.075,-16.074999999999992,480.0722222222222,59.99183393611111,0.0,16.074999999999992,0.5902007233333278,22.475814783507094,84.72931195628729,141.46666666666667,60.94924812030075,86.22286967418546,0.18,0.096,0,,13.294444444444444,78.56666666666666,-16.074999999999992,6.647222222222222,696.0527777777779,3538.205555555556,348.02638888888896
2022-06-07 08:00:00,8,0,1,False,-0.7333333333333333,-0.35833333333333334,148.96944444444443,0.0,480.35833333333335,58.92633389722222,23.11000021388889,23.185278372222218,0.0,0.0,-0.7333333333333333,148.96944444444443,0.0,-149.70277777777775,480.35833333333335,58.92633389722222,0.0,149.70277777777775,0.0,0.0,160.65437246866534,141.46666666666667,49.58646616541353,70.14832080200502,0.18,0.096,1,Zone_1,0.0,148.96944444444443,-149.70277777777775,0.0,696.0527777777779,3687.1750000000006,348.02638888888896
2022-06-07 09:00:00,9,0,1,False,2.1055555555555556,-0.5305555555555556,132.2722222222222,0.0,478.19166666666666,58.91852812777779,23.225555969444446,23.287499258333334,0.0,0.0,2.1055555555555556,132.2722222222222,0.0,-130.16666666666666,478.19166666666666,58.91852812777779,0.0,130.16666666666666,0.0,0.0,142.64744649747163,141.46666666666667,51.18734335839599,72.41302840434419,0.18,0.096,1,Zone_1,0.0,132.2722222222222,-130.16666666666666,0.0,696.0527777777779,3819.447222222223,348.02638888888896
2022-06-07 10:00:00,10,0,1,False,4.497222222222222,-0.5416666666666666,148.86388888888888,0.0,479.7611111111111,59.99172283055555,23.311388011111113,23.328054836111114,0.0,0.0,4.497222222222222,148.86388888888888,0.0,-144.36666666666665,479.7611111111111,59.99172283055555,0.0,144.36666666666665,0.5900673966666631,0.0,160.5405373019867,141.46666666666667,52.53602756892231,74.32096700083542,0.18,0.096,0,,0.0,148.86388888888888,-144.36666666666665,0.0,696.0527777777779,3968.311111111112,348.02638888888896
2022-06-07 11:00:00,11,0,1,False,1.7777777777777777,-0.5722222222222222,140.01111111111112,0.0,478.85555555555555,59.99955577222222,23.390277652777776,23.4261111,0.0,0.0,1.7777777777777777,140.01111111111112,0.0,-138.23333333333335,478.85555555555555,59.99955577222222,0.0,138.23333333333335,0.5994669266666676,0.0,150.99336161238526,141.46666666666667,51.00250626566416,72.1515455304929,0.12,0.08,0,,0.0,140.01111111111112,-138.23333333333335,0.0,696.0527777777779,4108.322222222223,348.02638888888896
2022-06-07 12:00:00,12,0,1,False,0.5972222222222222,-0.6277777777777778,172.20833333333334,25.530555555555555,478.9194444444444,59.98586166388889,19.071388975,16.141388922222223,0.0,25.530555555555555,0.5972222222222222,172.20833333333334,25.530555555555555,-146.08055555555555,478.9194444444444,59.98586166388889,0.0,146.08055555555555,0.5830339966666684,0.0,185.71608311165434,141.46666666666667,50.336779448621556,71.20976399331664,0.12,0.08,0,,0.0,172.20833333333334,-146.08055555555555,0.0,696.0527777777779,4280.530555555556,348.02638888888896
2022-06-07 13:00:00,13,0,1,False,29.105555555555554,-0.75,212.71944444444443,17.28611111111111,478.89444444444445,60.012221963888884,20.662500066666663,17.907777900000003,0.0,17.28611111111111,29.105555555555554,212.71944444444443,17.28611111111111,-166.32777777777778,478.89444444444445,60.012221963888884,0.0,166.32777777777778,0.5853336433333396,0.0,229.4048218180075,141.46666666666667,66.41290726817043,93.9521261487051,0.12,0.08,0,,0.0,212.71944444444443,-166.32777777777778,0.0,696.0527777777779,4493.25,348.02638888888896
2022-06-07 14:00:00,14,0,1,False,-16.147222222222222,10.2,150.28055555555557,0.0,478.8666666666667,58.950082886111105,23.475,23.570833680555552,10.2,0.0,-16.147222222222222,150.28055555555557,10.2,-156.2277777777778,478.8666666666667,58.950082886111105,0.0,156.2277777777778,0.0,6.128784591247454,162.06832506530543,141.46666666666667,40.894423558897245,57.85197786131997,0.12,0.08,1,Zone_1,10.2,150.28055555555557,-156.2277777777778,5.1,706.252777777778,4643.530555555555,353.126388888889
2022-06-07 15:00:00,15,0,1,False,-26.9,18.477777777777778,123.21111111111111,0.0,477.1333333333333,60.01569388888889,23.564999999999998,23.673611852777775,18.477777777777778,0.0,-26.9,123.21111111111111,18.477777777777778,-131.63333333333333,477.1333333333333,60.01569388888889,0.0,131.63333333333333,0.5811673333333317,12.30940044411547,132.87559613679392,141.46666666666667,34.830827067669176,49.274010025062665,0.12,0.08,0,,18.477777777777778,123.21111111111111,-131.63333333333333,9.238888888888889,724.7305555555557,4766.741666666666,362.36527777777786
2022-06-07 16:00:00,16,0,1,False,-13.316666666666666,9.158333333333333,-1.0,0.0,479.43611111111113,60.01599943333333,23.46888888888889,23.54277779722222,9.158333333333333,0.0,-13.316666666666666,0.0,9.158333333333333,-4.158333333333333,479.43611111111113,60.01599943333333,0.0,4.158333333333333,0.5808006800000072,68.77346683354193,0.0,141.46666666666667,42.4906015037594,60.11003759398497,0.12,0.08,0,,9.158333333333333,0.0,-4.158333333333333,4.579166666666667,733.888888888889,4766.741666666666,366.9444444444445
2022-06-07 17:00:00,17,0,1,False,0.0,2.172222222222222,-1.0,0.0,483.025,60.03377765,23.406111108333334,23.484166666666663,2.172222222222222,0.0,0.0,0.0,2.172222222222222,2.172222222222222,483.025,60.03377765,2.172222222222222,0.0,0.5594668200000029,100.0,0.0,141.46666666666667,50.0,70.73333333333333,0.12,0.08,0,,2.172222222222222,0.0,2.172222222222222,1.086111111111111,736.0611111111112,4766.741666666666,368.0305555555556
2022-06-07 18:00:00,18,0,1,False,0.0,1.0305555555555554,-1.0,0.0,481.78055555555557,60.023083008333316,23.316666372222222,23.36638873611111,1.0305555555555554,0.0,0.0,0.0,1.0305555555555554,1.0305555555555554,481.78055555555557,60.023083008333316,1.0305555555555554,0.0,0.5723003900000208,100.0,0.0,141.46666666666667,50.0,70.73333333333333,0.18,0.096,0,,1.0305555555555554,0.0,1.0305555555555554,0.5152777777777777,737.0916666666668,4766.741666666666,368.5458333333334
2022-06-07 19:00:00,19,0,1,False,0.0,-0.5305555555555556,-1.0,0.0,480.675,60.021638636111106,21.678611269444442,21.738889116666662,0.0,0.0,0.0,0.0,0.0,0.0,480.675,60.021638636111106,0.0,0.0,0.5740336366666724,0.0,0.0,141.46666666666667,50.0,70.73333333333333,0.18,0.096,0,,0.0,0.0,0.0,0.0,737.0916666666668,4766.741666666666,368.5458333333334
2022-06-07 20:00:00,20,0,1,False,0.0,-0.2916666666666667,-1.0,0.0,482.3833333333333,60.00530525555554,21.09555555833333,21.13388923611111,0.0,0.0,0.0,0.0,0.0,0.0,482.3833333333333,60.00530525555554,0.0,0.0,0.5936336933333507,0.0,0.0,141.46666666666667,50.0,70.73333333333333,0.18,0.096,0,,0.0,0.0,0.0,0.0,737.0916666666668,4766.741666666666,368.5458333333334
2022-06-07 21:00:00,21,0,1,False,0.0,-0.16111111111111112,-1.0,0.0,482.76666666666665,60.003916519444445,21.162222844444443,21.206389694444443,0.0,0.0,0.0,0.0,0.0,0.0,482.76666666666665,60.003916519444445,0.0,0.0,0.5953001766666659,0.0,0.0,141.46666666666667,50.0,70.73333333333333,0.18,0.096,0,,0.0,0.0,0.0,0.0,737.0916666666668,4766.741666666666,368.5458333333334
2022-06-07 22:00:00,22,0,1,False,0.0,-0.10555555555555556,-1.0,0.0,484.4611111111111,60.001082986111115,21.22305608611111,21.28777716388889,0.0,0.0,0.0,0.0,0.0,0.0,484.4611111111111,60.001082986111115,0.0,0.0,0.5987004166666622,0.0,0.0,141.46666666666667,50.0,70.73333333333333,0.18,0.096,0,,0.0,0.0,0.0,0.0,737.0916666666668,4766.741666666666,368.5458333333334
2022-06-07 23:00:00,23,0,1,False,0.0,-0.06666666666666667,-1.0,0.0,483.9194444444444,60.01366656388889,21.29333248333334,21.34611058055556,0.0,0.0,0.0,0.0,0.0,0.0,483.9194444444444,60.01366656388889,0.0,0.0,0.583600123333332,0.0,0.0,141.46666666666667,50.0,70.73333333333333,0.12,0.08,0,,0.0,0.0,0.0,0.0,737.0916666666668,4766.741666666666,368.5458333333334
2022-06-08 00:00:00,0,0,2,False,0.0,-0.03333333333333333,-1.0,0.0,483.60277777777776,60.005471891666666,21.325554811111115,21.393611047222223,0.0,0.0,0.0,0.0,0.0,0.0,483.60277777777776,60.005471891666666,0.0,0.0,0.593433730000001,0.0,0.0,141.46666666666667,50.0,70.73333333333333,0.12,0.08,0,,0.0,0.0,0.0,0.0,737.0916666666668,4766.741666666666,368.5458333333334
2022-06-08 01:00:00,1,0,2,False,0.0,0.0,-1.0,0.0,484.1777777777778,60.012694269444445,21.388610997222223,21.400833330555557,0.0,0.0,0.0,0.0,0.0,0.0,484.1777777777778,60.012694269444445,0.0,0.0,0.5847668766666657,0.0,0.0,141.46666666666667,50.0,70.73333333333333,0.12,0.08,0,,0.0,0.0,0.0,0.0,737.0916666666668,4766.741666666666,368.5458333333334
2022-06-08 02:00:00,2,0,2,False,0.0,0.0,-1.0,0.0,485.63055555555553,60.00052798611111,21.400555555555556,21.43527777777778,0.0,0.0,0.0,0.0,0.0,0.0,485.63055555555553,60.00052798611111,0.0,0.0,0.599366416666669,0.0,0.0,141.46666666666667,50.0,70.73333333333333,0.12,0.08,0,,0.0,0.0,0.0,0.0,737.0916666666668,4766.741666666666,368.5458333333334
2022-06-08 03:00:00,3,0,2,False,0.0,0.0,-1.0,0.0,486.1611111111111,59.99425015833333,21.41138888888889,21.482777777777777,0.0,0.0,0.0,0.0,0.0,0.0,486.1611111111111,59.99425015833333,0.0,0.0,0.5931001899999956,0.0,0.0,141.46666666666667,50.0,70.73333333333333,0.12,0.08,0,,0.0,0.0,0.0,0.0,737.0916666666668,4766.741666666666,368.5458333333334
2022-06-08 04:00:00,4,0,2,False,0.0,0.0,-1.0,0.0,486.0388888888889,60.00505546666667,21.451111111111114,21.508333333333333,0.0,0.0,0.0,0.0,0.0,0.0,486.0388888888889,60.00505546666667,0.0,0.0,0.5939334399999978,0.0,0.0,141.46666666666667,50.0,70.73333333333333,0.12,0.08,0,,0.0,0.0,0.0,0.0,737.0916666666668,4766.741666666666,368.5458333333334
2022-06-08 05:00:00,5,0,2,False,0.0,0.2972222222222222,-1.0,0.0,483.44166666666666,59.995555688888885,21.49833333333333,21.563611111111108,0.2972222222222222,0.0,0.0,0.0,0.2972222222222222,0.2972222222222222,483.44166666666666,59.995555688888885,0.2972222222222222,0.0,0.594666826666662,100.0,0.0,141.46666666666667,50.0,70.73333333333333,0.12,0.08,0,,0.2972222222222222,0.0,0.2972222222222222,0.1486111111111111,737.388888888889,4766.741666666666,368.6944444444445
2022-06-08 06:00:00,6,0,2,False,0.0,7.394444444444445,-1.0,0.0,480.4194444444444,59.990166702777785,21.535277777777775,21.609444597222218,7.394444444444445,0.0,0.0,0.0,7.394444444444445,7.394444444444445,480.4194444444444,59.990166702777785,7.394444444444445,0.0,0.5882000433333416,100.0,0.0,141.46666666666667,50.0,70.73333333333333,0.18,0.096,0,,7.394444444444445,0.0,7.394444444444445,3.6972222222222224,744.7833333333334,4766.741666666666,372.3916666666667
2022-06-08 07:00:00,7,0,2,False,0.0,18.133333333333333,-1.0,0.0,481.55,59.99975000000001,21.618889077777773,21.68222303611111,18.133333333333333,0.0,0.0,0.0,18.133333333333333,18.133333333333333,481.55,59.99975000000001,18.133333333333333,0.0,0.5997000000000156,100.0,0.0,141.46666666666667,50.0,70.73333333333333,0.18,0.096,0,,18.133333333333333,0.0,18.133333333333333,9.066666666666666,762.9166666666667,4766.741666666666,381.45833333333337
2022-06-08 08:00:00,8,0,2,False,-4.563888888888889,25.894444444444446,18.822222222222223,0.0,482.80555555555554,59.98077811666666,21.699723211111106,21.742777922222224,25.894444444444446,0.0,-4.563888888888889,18.822222222222223,25.894444444444446,2.5083333333333337,482.80555555555554,59.98077811666666,2.5083333333333337,0.0,0.5769337399999955,100.0,20.298607616171783,141.46666666666667,47.42637844611529,67.09251670843776,0.18,0.096,0,,25.894444444444446,18.822222222222223,2.5083333333333337,12.947222222222223,788.8111111111111,4785.563888888888,394.40555555555557
2022-06-08 09:00:00,9,0,2,False,5.669444444444444,16.70277777777778,172.23611111111111,0.0,481.4111111111111,58.91947261666667,21.775277522222222,21.8419439,16.70277777777778,0.0,5.669444444444444,172.23611111111111,16.70277777777778,-149.86388888888888,481.4111111111111,58.91947261666667,0.0,149.86388888888888,0.0,10.027683276632647,185.7460397344645,141.46666666666667,53.197055137844615,75.25610066833752,0.18,0.096,1,Zone_1,16.70277777777778,172.23611111111111,-149.86388888888888,8.35138888888889,805.5138888888889,4957.799999999999,402.75694444444446
2022-06-08 10:00:00,10,0,2,False,12.244444444444444,-0.6027777777777777,199.475,0.0,477.84722222222223,55.68027793055555,21.917777736111113,21.945833316666665,0.0,0.0,12.244444444444444,199.475,0.0,-187.23055555555555,477.84722222222223,55.68027793055555,0.0,187.23055555555555,0.0,0.0,215.12150406211802,141.46666666666667,56.904761904761905,80.50126984126985,0.18,0.096,1,Zone_1,0.0,199.475,-187.23055555555555,0.0,805.5138888888889,5157.275,402.75694444444446
2022-06-08 11:00:00,11,0,2,False,-35.36666666666667,32.55833333333333,184.56944444444446,0.0,482.2888888888889,58.921333688888886,21.76361110277778,21.670000002777776,32.55833333333333,0.0,-35.36666666666667,184.56944444444446,32.55833333333333,-187.3777777777778,482.2888888888889,58.921333688888886,0.0,187.3777777777778,0.0,14.803541432486705,199.04678026218036,141.46666666666667,30.05639097744361,42.51977443609022,0.12,0.08,1,Zone_1,32.55833333333333,184.56944444444446,-187.3777777777778,16.279166666666665,838.0722222222222,5341.844444444444,419.0361111111111
2022-06-08 12:00:00,12,0,2,False,-1.0,39.330555555555556,158.46666666666667,0.0,483.3861111111111,59.99938901666667,18.23111096388889,14.652777794444445,39.330555555555556,0.0,-1.0,158.46666666666667,39.330555555555556,-120.13611111111112,483.3861111111111,59.99938901666667,0.0,120.13611111111112,0.5992668200000025,24.663809921962095,170.8965418074628,141.46666666666667,49.43609022556391,69.93558897243108,0.12,0.08,0,,39.330555555555556,158.46666666666667,-120.13611111111112,19.665277777777778,877.4027777777777,5500.31111111111,438.70138888888886
2022-06-08 13:00:00,13,0,2,False,-12.275,38.53055555555556,60.608333333333334,0.0,479.97222222222223,60.00599964722221,20.882778274999996,19.510833280555556,38.53055555555556,0.0,-12.275,60.608333333333334,38.53055555555556,-34.352777777777774,479.97222222222223,60.00599964722221,0.0,34.352777777777774,0.5928004233333467,52.86607210915467,65.36235530951183,141.46666666666667,43.078007518796994,60.941021303258154,0.12,0.08,0,,38.53055555555556,60.608333333333334,-34.352777777777774,19.26527777777778,915.9333333333333,5560.919444444444,457.96666666666664
2022-06-08 14:00:00,14,0,2,False,0.0,34.80833333333333,-1.0,0.0,480.7972222222222,59.998916855555564,21.83222250277778,21.954444197222223,34.80833333333333,0.0,0.0,0.0,34.80833333333333,34.80833333333333,480.7972222222222,59.998916855555564,34.80833333333333,0.0,0.5987002266666763,100.0,0.0,141.46666666666667,50.0,70.73333333333333,0.12,0.08,0,,34.80833333333333,0.0,34.80833333333333,17.404166666666665,950.7416666666666,5560.919444444444,475.3708333333333
2022-06-08 15:00:00,15,0,2,False,0.0,26.947222222222223,-1.0,0.0,478.53333333333336,60.012749436111115,22.003333333333334,22.098611225,26.947222222222223,0.0,0.0,0.0,26.947222222222223,26.947222222222223,478.53333333333336,60.012749436111115,26.947222222222223,0.0,0.5847006766666624,100.0,0.0,141.46666666666667,50.0,70.73333333333333,0.12,0.08,0,,26.947222222222223,0.0,26.947222222222223,13.473611111111111,977.6888888888888,5560.919444444444,488.8444444444444
2022-06-08 16:00:00,16,0,2,False,0.0,18.855555555555554,-1.0,0.0,478.9166666666667,60.00058316944445,21.605833308333334,21.679444480555556,18.855555555555554,0.0,0.0,0.0,18.855555555555554,18.855555555555554,478.9166666666667,60.00058316944445,18.855555555555554,0.0,0.5993001966666639,100.0,0.0,141.46666666666667,50.0,70.73333333333333,0.12,0.08,0,,18.855555555555554,0.0,18.855555555555554,9.427777777777777,996.5444444444443,5560.919444444444,498.2722222222221
2022-06-08 17:00:00,17,0,2,False,0.0,8.45,-1.0,0.0,479.55,60.00441618888889,20.069444511111115,20.13972227777778,8.45,0.0,0.0,0.0,8.45,8.45,479.55,60.00441618888889,8.45,0.0,0.5947005733333327,100.0,0.0,141.46666666666667,50.0,70.73333333333333,0.12,0.08,0,,8.45,0.0,8.45,4.225,1004.9944444444443,5560.919444444444,502.49722222222215
2022-06-08 18:00:00,18,0,2,False,0.0,0.42777777777777776,-1.0,0.0,480.9916666666667,59.99930564999999,19.933611108333334,20.00861111111111,0.42777777777777776,0.0,0.0,0.0,0.42777777777777776,0.42777777777777776,480.9916666666667,59.99930564999999,0.42777777777777776,0.0,0.5991667799999874,100.0,0.0,141.46666666666667,50.0,70.73333333333333,0.18,0.096,0,,0.42777777777777776,0.0,0.42777777777777776,0.21388888888888888,1005.4222222222221,5560.919444444444,502.71111111111105
2022-06-08 19:00:00,19,0,2,False,0.0,-0.775,-1.0,0.0,480.35277777777776,60.003499802777775,20.01361111111111,20.079166666666666,0.0,0.0,0.0,0.0,0.0,0.0,480.35277777777776,60.003499802777775,0.0,0.0,0.5958002366666705,0.0,0.0,141.46666666666667,50.0,70.73333333333333,0.18,0.096,0,,0.0,0.0,0.0,0.0,1005.4222222222221,5560.919444444444,502.71111111111105
2022-06-08 20:00:00,20,0,2,False,0.0,-0.6472222222222223,-1.0,0.0,483.00555555555553,59.98641721666667,20.092777777777776,20.103888930555552,0.0,0.0,0.0,0.0,0.0,0.0,483.00555555555553,59.98641721666667,0.0,0.0,0.583700660000008,0.0,0.0,141.46666666666667,50.0,70.73333333333333,0.18,0.096,0,,0.0,0.0,0.0,0.0,1005.4222222222221,5560.919444444444,502.71111111111105
2022-06-08 21:00:00,21,0,2,False,0.0,-0.4527777777777778,-1.0,0.0,484.1222222222222,59.9955279,20.116389052777777,20.175000716666663,0.0,0.0,0.0,0.0,0.0,0.0,484.1222222222222,59.9955279,0.0,0.0,0.5946334799999988,0.0,0.0,141.46666666666667,50.0,70.73333333333333,0.18,0.096,0,,0.0,0.0,0.0,0.0,1005.4222222222221,5560.919444444444,502.71111111111105
2022-06-08 22:00:00,22,0,2,False,0.0,-0.2611111111111111,-1.0,0.0,483.69166666666666,59.998305172222224,20.181389702777775,20.223333849999996,0.0,0.0,0.0,0.0,0.0,0.0,483.69166666666666,59.998305172222224,0.0,0.0,0.5979662066666691,0.0,0.0,141.46666666666667,50.0,70.73333333333333,0.18,0.096,0,,0.0,0.0,0.0,0.0,1005.4222222222221,5560.919444444444,502.71111111111105
2022-06-08 23:00:00,23,0,2,False,0.0,-0.2611111111111111,-1.0,0.0,483.0777777777778,60.00638855,20.218333966666663,20.291110347222226,0.0,0.0,0.0,0.0,0.0,0.0,483.0777777777778,60.00638855,0.0,0.0,0.5923337400000036,0.0,0.0,141.46666666666667,50.0,70.73333333333333,0.12,0.08,0,,0.0,0.0,0.0,0.0,1005.4222222222221,5560.919444444444,502.71111111111105
2022-06-09 00:00:00,0,0,3,False,0.0,-0.13333333333333333,-1.0,0.0,481.0416666666667,60.00355555833333,20.28888817777778,20.332221569444446,0.0,0.0,0.0,0.0,0.0,0.0,481.0416666666667,60.00355555833333,0.0,0.0,0.5957333300000016,0.0,0.0,141.46666666666667,50.0,70.73333333333333,0.12,0.08,0,,0.0,0.0,0.0,0.0,1005.4222222222221,5560.919444444444,502.71111111111105
2022-06-09 01:00:00,1,0,3,False,0.0,-0.13333333333333333,-1.0,0.0,481.4111111111111,60.009582841666656,20.345555011111113,20.39416660833334,0.0,0.0,0.0,0.0,0.0,0.0,481.4111111111111,60.009582841666656,0.0,0.0,0.5885005900000123,0.0,0.0,141.46666666666667,50.0,70.73333333333333,0.12,0.08,0,,0.0,0.0,0.0,0.0,1005.4222222222221,5560.919444444444,502.71111111111105
2022-06-09 02:00:00,2,0,3,False,0.0,-0.06666666666666667,-1.0,0.0,483.68333333333334,59.99547256388889,20.397499975000002,20.401388883333336,0.0,0.0,0.0,0.0,0.0,0.0,483.68333333333334,59.99547256388889,0.0,0.0,0.5945670766666665,0.0,0.0,141.46666666666667,50.0,70.73333333333333,0.12,0.08,0,,0.0,0.0,0.0,0.0,1005.4222222222221,5560.919444444444,502.71111111111105
2022-06-09 03:00:00,3,0,3,False,0.0,-0.03333333333333333,-1.0,0.0,483.3888888888889,59.989972852777775,20.400000000000002,20.425277777777783,0.0,0.0,0.0,0.0,0.0,0.0,483.3888888888889,59.989972852777775,0.0,0.0,0.5879674233333304,0.0,0.0,141.46666666666667,50.0,70.73333333333333,0.12,0.08,0,,0.0,0.0,0.0,0.0,1005.4222222222221,5560.919444444444,502.71111111111105
2022-06-09 04:00:00,4,0,3,False,0.0,0.0,-1.0,0.0,484.01666666666665,59.99986136111111,20.410833333333336,20.483611111111113,0.0,0.0,0.0,0.0,0.0,0.0,484.01666666666665,59.99986136111111,0.0,0.0,0.5998336333333298,0.0,0.0,141.46666666666667,50.0,70.73333333333333,0.12,0.08,0,,0.0,0.0,0.0,0.0,1005.4222222222221,5560.919444444444,502.71111111111105
2022-06-09 05:00:00,5,0,3,False,0.0,0.06111111111111111,-1.0,0.0,484.78055555555557,60.007138630555545,20.463333333333335,20.51861111111111,0.06111111111111111,0.0,0.0,0.0,0.06111111111111111,0.06111111111111111,484.78055555555557,60.007138630555545,0.06111111111111111,0.0,0.591433643333346,100.0,0.0,141.46666666666667,50.0,70.73333333333333,0.12,0.08,0,,0.06111111111111111,0.0,0.06111111111111111,0.030555555555555555,1005.4833333333332,5560.919444444444,502.7416666666666
2022-06-09 06:00:00,6,0,3,False,0.0,7.208333333333333,-1.0,0.0,482.90833333333336,59.982000275000004,20.538888888888888,20.58222226944444,7.208333333333333,0.0,0.0,0.0,7.208333333333333,7.208333333333333,482.90833333333336,59.982000275000004,7.208333333333333,0.0,0.5784003300000051,100.0,0.0,141.46666666666667,50.0,70.73333333333333,0.18,0.096,0,,7.208333333333333,0.0,7.208333333333333,3.6041666666666665,1012.6916666666666,5560.919444444444,506.3458333333333
2022-06-09 07:00:00,7,0,3,False,0.0,17.916666666666668,-1.0,0.0,480.73055555555555,59.98680626666666,20.60916678333333,20.673334066666662,17.916666666666668,0.0,0.0,0.0,17.916666666666668,17.916666666666668,480.73055555555555,59.98680626666666,17.916666666666668,0.0,0.5841675199999941,100.0,0.0,141.46666666666667,50.0,70.73333333333333,0.18,0.096,0,,17.916666666666668,0.0,17.916666666666668,8.958333333333334,1030.6083333333333,5560.919444444444,515.3041666666667
2022-06-09 08:00:00,8,0,3,False,0.0,27.29722222222222,-1.0,0.0,480.5361111111111,59.99127789166667,20.693889827777774,20.731389261111108,27.29722222222222,0.0,0.0,0.0,27.29722222222222,27.29722222222222,480.5361111111111,59.99127789166667,27.29722222222222,0.0,0.5895334700000034,100.0,0.0,141.46666666666667,50.0,70.73333333333333,0.18,0.096,0,,27.29722222222222,0.0,27.29722222222222,13.64861111111111,1057.9055555555556,5560.919444444444,528.9527777777778
2022-06-09 09:00:00,9,0,3,False,0.0,33.830555555555556,-1.0,0.0,479.26666666666665,59.99752791666666,20.765555336111113,20.834443897222226,33.830555555555556,0.0,0.0,0.0,33.830555555555556,33.830555555555556,479.26666666666665,59.99752791666666,33.830555555555556,0.0,0.5970334999999949,100.0,0.0,141.46666666666667,50.0,70.73333333333333,0.18,0.096,0,,33.830555555555556,0.0,33.830555555555556,16.915277777777778,1091.736111111111,5560.919444444444,545.8680555555555
2022-06-09 10:00:00,10,0,3,False,0.0,37.84444444444444,-1.0,0.0,478.1277777777778,59.99352831111111,20.898333233333332,20.92138885277778,37.84444444444444,0.0,0.0,0.0,37.84444444444444,37.84444444444444,478.1277777777778,59.99352831111111,37.84444444444444,0.0,0.5922339733333359,100.0,0.0,141.46666666666667,50.0,70.73333333333333,0.18,0.096,0,,37.84444444444444,0.0,37.84444444444444,18.92222222222222,1129.5805555555555,5560.919444444444,564.7902777777778
2022-06-09 11:00:00,11,0,3,False,0.0,39.952777777777776,-1.0,0.0,477.55833333333334,59.99894443888889,20.987222222222222,21.007777777777775,39.952777777777776,0.0,0.0,0.0,39.952777777777776,39.952777777777776,477.55833333333334,59.99894443888889,39.952777777777776,0.0,0.5987333266666696,100.0,0.0,141.46666666666667,50.0,70.73333333333333,0.12,0.08,0,,39.952777777777776,0.0,39.952777777777776,19.976388888888888,1169.5333333333333,5560.919444444444,584.7666666666667
2022-06-09 12:00:00,12,0,3,False,0.0,39.83888888888889,-1.0,0.0,477.38055555555553,59.99772255277778,21.033055555555556,21.09138899444444,39.83888888888889,0.0,0.0,0.0,39.83888888888889,39.83888888888889,477.38055555555553,59.99772255277778,39.83888888888889,0.0,0.5972670633333365,100.0,0.0,141.46666666666667,50.0,70.73333333333333,0.12,0.08,0,,39.83888888888889,0.0,39.83888888888889,19.919444444444444,1209.3722222222223,5560.919444444444,604.6861111111111
2022-06-09 13:00:00,13,0,3,False,0.0,37.202777777777776,-1.0,0.0,478.6694444444444,60.00316619444445,21.11083347222222,21.195000641666663,37.202777777777776,0.0,0.0,0.0,37.202777777777776,37.202777777777776,478.6694444444444,60.00316619444445,37.202777777777776,0.0,0.5962005666666641,100.0,0.0,141.46666666666667,50.0,70.73333333333333,0.12,0.08,0,,37.202777777777776,0.0,37.202777777777776,18.601388888888888,1246.575,5560.919444444444,623.2875
2022-06-09 14:00:00,14,0,3,False,0.0,33.294444444444444,-1.0,0.0,476.2972222222222,60.01080506388888,21.18777860555555,21.314999308333334,33.294444444444444,0.0,0.0,0.0,33.294444444444444,33.294444444444444,476.2972222222222,60.01080506388888,33.294444444444444,0.0,0.5870339233333425,100.0,0.0,141.46666666666667,50.0,70.73333333333333,0.12,0.08,0,,33.294444444444444,0.0,33.294444444444444,16.647222222222222,1279.8694444444445,5560.919444444444,639.9347222222223
2022-06-09 15:00:00,15,0,3,False,0.0,27.119444444444444,-1.0,0.0,474.2472222222222,59.9922226388889,21.27749951666667,21.388333213888888,27.119444444444444,0.0,0.0,0.0,27.119444444444444,27.119444444444444,474.2472222222222,59.9922226388889,27.119444444444444,0.0,0.5906671666666767,100.0,0.0,141.46666666666667,50.0,70.73333333333333,0.12,0.08,0,,27.119444444444444,0.0,27.119444444444444,13.559722222222222,1306.988888888889,5560.919444444444,653.4944444444445
2022-06-09 16:00:00,16,0,3,False,0.0,18.544444444444444,-1.0,0.0,474.875,59.99797251388889,21.365555211111115,21.403611111111115,18.544444444444444,0.0,0.0,0.0,18.544444444444444,18.544444444444444,474.875,59.99797251388889,18.544444444444444,0.0,0.5975670166666674,100.0,0.0,141.46666666666667,50.0,70.73333333333333,0.12,0.08,0,,18.544444444444444,0.0,18.544444444444444,9.272222222222222,1325.5333333333335,5560.919444444444,662.7666666666668
2022-06-09 17:00:00,17,0,3,False,0.0,8.247222222222222,-1.0,0.0,476.975,59.992972725,21.392777705555556,21.407500000000002,8.247222222222222,0.0,0.0,0.0,8.247222222222222,8.247222222222222,476.975,59.992972725,8.247222222222222,0.0,0.5915672700000015,100.0,0.0,141.46666666666667,50.0,70.73333333333333,0.12,0.08,0,,8.247222222222222,0.0,8.247222222222222,4.123611111111111,1333.7805555555558,5560.919444444444,666.8902777777779
2022-06-09 18:00:00,18,0,3,False,0.0,0.35555555555555557,-1.0,0.0,479.27222222222224,59.99713918333334,21.400000000000002,21.45277777777778,0.35555555555555557,0.0,0.0,0.0,0.35555555555555557,0.35555555555555557,479.27222222222224,59.99713918333334,0.35555555555555557,0.0,0.5965670200000062,100.0,0.0,141.46666666666667,50.0,70.73333333333333,0.18,0.096,0,,0.35555555555555557,0.0,0.35555555555555557,0.17777777777777778,1334.1361111111114,5560.919444444444,667.0680555555557
2022-06-09 19:00:00,19,0,3,False,0.0,-0.6583333333333333,-1.0,0.0,479.56666666666666,60.00644390833333,21.425555555555558,21.497777777777777,0.0,0.0,0.0,0.0,0.0,0.0,479.56666666666666,60.00644390833333,0.0,0.0,0.5922673100000025,0.0,0.0,141.46666666666667,50.0,70.73333333333333,0.18,0.096,0,,0.0,0.0,0.0,0.0,1334.1361111111114,5560.919444444444,667.0680555555557
2022-06-09 20:00:00,20,0,3,False,0.0,-0.5722222222222222,-1.0,0.0,479.8777777777778,60.00244431388889,21.46611111111111,21.520555555555553,0.0,0.0,0.0,0.0,0.0,0.0,479.8777777777778,60.00244431388889,0.0,0.0,0.5970668233333356,0.0,0.0,141.46666666666667,50.0,70.73333333333333,0.18,0.096,0,,0.0,0.0,0.0,0.0,1334.1361111111114,5560.919444444444,667.0680555555557
2022-06-09 21:00:00,21,0,3,False,0.0,-0.35833333333333334,-1.0,0.0,480.65,60.01744377499999,21.509722222222223,21.574444444444442,0.0,0.0,0.0,0.0,0.0,0.0,480.65,60.01744377499999,0.0,0.0,0.5790674700000125,0.0,0.0,141.46666666666667,50.0,70.73333333333333,0.18,0.096,0,,0.0,0.0,0.0,0.0,1334.1361111111114,5560.919444444444,667.0680555555557
2022-06-09 22:00:00,22,0,3,False,0.0,-0.2388888888888889,-1.0,0.0,480.52222222222224,60.02174938611111,21.579166666666666,21.617222399999996,0.0,0.0,0.0,0.0,0.0,0.0,480.52222222222224,60.02174938611111,0.0,0.0,0.573900736666667,0.0,0.0,141.46666666666667,50.0,70.73333333333333,0.18,0.096,0,,0.0,0.0,0.0,0.0,1334.1361111111114,5560.919444444444,667.0680555555557
2022-06-09 23:00:00,23,0,3,False,0.0,-0.1638888888888889,-1.0,0.0,479.8666666666667,60.023221933333325,21.600555563888886,21.66361174722222,0.0,0.0,0.0,0.0,0.0,0.0,479.8666666666667,60.023221933333325,0.0,0.0,0.5721336800000102,0.0,0.0,141.46666666666667,50.0,70.73333333333333,0.12,0.08,0,,0.0,0.0,0.0,0.0,1334.1361111111114,5560.919444444444,667.0680555555557
2022-06-10 00:00:00,0,0,4,False,0.0,-0.13333333333333333,-1.0,0.0,480.34722222222223,60.00427733055556,21.636944813888885,21.695278730555554,0.0,0.0,0.0,0.0,0.0,0.0,480.34722222222223,60.00427733055556,0.0,0.0,0.5948672033333281,0.0,0.0,141.46666666666667,50.0,70.73333333333333,0.12,0.08,0,,0.0,0.0,0.0,0.0,1334.1361111111114,5560.919444444444,667.0680555555557
2022-06-10 01:00:00,1,0,4,False,0.0,-0.1,-1.0,0.0,480.2,59.9934167138889,21.694445388888884,21.708056386111107,0.0,0.0,0.0,0.0,0.0,0.0,480.2,59.9934167138889,0.0,0.0,0.5921000566666776,0.0,0.0,141.46666666666667,50.0,70.73333333333333,0.12,0.08,0,,0.0,0.0,0.0,0.0,1334.1361111111114,5560.919444444444,667.0680555555557
2022-06-10 02:00:00,2,0,4,False,0.0,-0.10833333333333334,-1.0,0.0,482.01944444444445,59.99283394722222,21.700556544444442,21.764999716666672,0.0,0.0,0.0,0.0,0.0,0.0,482.01944444444445,59.99283394722222,0.0,0.0,0.591400736666668,0.0,0.0,141.46666666666667,50.0,70.73333333333333,0.12,0.08,0,,0.0,0.0,0.0,0.0,1334.1361111111114,5560.919444444444,667.0680555555557
2022-06-10 03:00:00,3,0,4,False,0.0,-0.08333333333333333,-1.0,0.0,481.61944444444447,59.995222661111114,21.727222677777775,21.796110238888893,0.0,0.0,0.0,0.0,0.0,0.0,481.61944444444447,59.995222661111114,0.0,0.0,0.5942671933333372,0.0,0.0,141.46666666666667,50.0,70.73333333333333,0.12,0.08,0,,0.0,0.0,0.0,0.0,1334.1361111111114,5560.919444444444,667.0680555555557
2022-06-10 04:00:00,4,0,4,False,0.0,0.0,-1.0,0.0,476.8,59.99597256666666,21.735833616666664,21.812776963888894,0.0,0.0,0.0,0.0,0.0,0.0,476.8,59.99597256666666,0.0,0.0,0.5951670799999903,0.0,0.0,141.46666666666667,50.0,70.73333333333333,0.12,0.08,0,,0.0,0.0,0.0,0.0,1334.1361111111114,5560.919444444444,667.0680555555557
2022-06-10 05:00:00,5,0,4,False,0.0,-0.041666666666666664,-1.0,0.0,477.80555555555554,59.97872236944444,21.78361048055556,21.865832983333334,0.0,0.0,0.0,0.0,0.0,0.0,477.80555555555554,59.97872236944444,0.0,0.0,0.5744668433333288,0.0,0.0,141.46666666666667,50.0,70.73333333333333,0.12,0.08,0,,0.0,0.0,0.0,0.0,1334.1361111111114,5560.919444444444,667.0680555555557
2022-06-10 06:00:00,6,0,4,False,0.0,6.5777777777777775,-1.0,0.0,480.34722222222223,59.98155572500001,21.878333113888893,21.959722219444448,6.5777777777777775,0.0,0.0,0.0,6.5777777777777775,6.5777777777777775,480.34722222222223,59.98155572500001,6.5777777777777775,0.0,0.5778668700000082,100.0,0.0,141.46666666666667,50.0,70.73333333333333,0.18,0.096,0,,6.5777777777777775,0.0,6.5777777777777775,3.2888888888888888,1340.7138888888892,5560.919444444444,670.3569444444446
2022-06-10 07:00:00,7,0,4,False,0.0,17.06111111111111,-1.0,0.0,476.7611111111111,59.99041716944444,21.951111111111114,22.008055555555554,17.06111111111111,0.0,0.0,0.0,17.06111111111111,17.06111111111111,476.7611111111111,59.99041716944444,17.06111111111111,0.0,0.5885006033333298,100.0,0.0,141.46666666666667,50.0,70.73333333333333,0.18,0.096,0,,17.06111111111111,0.0,17.06111111111111,8.530555555555555,1357.7750000000003,5560.919444444444,678.8875000000002
2022-06-10 08:00:00,8,0,4,False,0.0,26.841666666666665,-1.0,0.0,476.5527777777778,59.98305598055556,22.01527777777778,22.080555586111107,26.841666666666665,0.0,0.0,0.0,26.841666666666665,26.841666666666665,476.5527777777778,59.98305598055556,26.841666666666665,0.0,0.5796671766666748,100.0,0.0,141.46666666666667,50.0,70.73333333333333,0.18,0.096,0,,26.841666666666665,0.0,26.841666666666665,13.420833333333333,1384.616666666667,5560.919444444444,692.3083333333335
2022-06-10 09:00:00,9,0,4,False,0.0,33.583333333333336,-1.0,0.0,477.7527777777778,59.99466685000001,21.13694447222222,20.805555908333332,33.583333333333336,0.0,0.0,0.0,33.583333333333336,33.583333333333336,477.7527777777778,59.99466685000001,33.583333333333336,0.0,0.5936002200000103,100.0,0.0,141.46666666666667,50.0,70.73333333333333,0.18,0.096,0,,33.583333333333336,0.0,33.583333333333336,16.791666666666668,1418.2000000000003,5560.919444444444,709.1000000000001
2022-06-10 10:00:00,10,0,4,False,-28.68611111111111,37.96666666666667,41.93888888888889,0.0,473.3666666666667,59.99313936666666,18.886944633333336,15.708055530555557,37.96666666666667,0.0,-28.68611111111111,41.93888888888889,37.96666666666667,-32.65833333333333,473.3666666666667,59.99313936666666,0.0,32.65833333333333,0.5917672399999929,53.75811209439528,45.22850911879598,141.46666666666667,33.82362155388471,47.84914995822891,0.18,0.096,0,,37.96666666666667,41.93888888888889,-32.65833333333333,18.983333333333334,1456.166666666667,5602.858333333333,728.0833333333335
2022-06-10 11:00:00,11,0,4,False,-19.430555555555557,40.06666666666667,152.35,0.0,480.51666666666665,60.02397174166666,21.998888747222225,22.05277774166667,40.06666666666667,0.0,-19.430555555555557,152.35,40.06666666666667,-131.7138888888889,480.51666666666665,60.02397174166666,0.0,131.7138888888889,0.5712339100000122,23.324331754014327,164.30009346466315,141.46666666666667,39.04291979949875,55.2327172096909,0.12,0.08,0,,40.06666666666667,152.35,-131.7138888888889,20.033333333333335,1496.2333333333336,5755.208333333333,748.1166666666668
2022-06-10 12:00:00,12,0,4,False,-17.369444444444444,39.50833333333333,153.5361111111111,0.0,480.63055555555553,60.03119417222222,22.349999500000003,22.39499995,39.50833333333333,0.0,-17.369444444444444,153.5361111111111,39.50833333333333,-131.3972222222222,480.63055555555553,60.03119417222222,0.0,131.3972222222222,0.5625669933333342,23.11705620388129,165.57924125865745,141.46666666666667,40.20520050125313,56.876956975772764,0.12,0.08,0,,39.50833333333333,153.5361111111111,-131.3972222222222,19.754166666666666,1535.741666666667,5908.7444444444445,767.8708333333335
2022-06-10 13:00:00,13,0,4,False,-8.452777777777778,37.33888888888889,154.41944444444445,0.0,483.5361111111111,60.024777402777765,22.374166408333334,22.405555544444447,37.33888888888889,0.0,-8.452777777777778,154.41944444444445,37.33888888888889,-125.53333333333335,483.5361111111111,60.024777402777765,0.0,125.53333333333335,0.5702671166666817,22.925265204488863,166.5318618640209,141.46666666666667,45.23339598997494,63.99017752715122,0.12,0.08,0,,37.33888888888889,154.41944444444445,-125.53333333333335,18.669444444444444,1573.080555555556,6063.163888888889,786.540277777778
2022-06-10 14:00:00,14,0,4,False,-3.922222222222222,33.49722222222222,154.13888888888889,0.0,481.84722222222223,60.02672179166665,22.329165958333338,22.425,33.49722222222222,0.0,-3.922222222222222,154.13888888888889,33.49722222222222,-124.56388888888888,481.84722222222223,60.02672179166665,0.0,124.56388888888888,0.5679338500000171,21.192576710836175,166.22929997363815,141.46666666666667,47.788220551378444,67.60440267335004,0.12,0.08,0,,33.49722222222222,154.13888888888889,-124.56388888888888,16.74861111111111,1606.5777777777782,6217.302777777778,803.2888888888891
2022-06-10 15:00:00,15,0,4,False,-1.4972222222222222,26.875,155.4,0.0,480.2,60.018054755555546,22.30444363055556,22.406944380555558,26.875,0.0,-1.4972222222222222,155.4,26.875,-130.02222222222224,480.2,60.018054755555546,0.0,130.02222222222224,0.5783342933333443,17.129047678062424,167.58933064921993,141.46666666666667,49.155701754385966,69.53893274853802,0.12,0.08,0,,26.875,155.4,-130.02222222222224,13.4375,1633.4527777777782,6372.702777777778,816.7263888888891
2022-06-10 16:00:00,16,0,4,False,0.0,18.461111111111112,157.02777777777777,0.0,481.52222222222224,60.006471649999995,21.430000077777777,21.50194453333333,18.461111111111112,0.0,0.0,157.02777777777777,18.461111111111112,-138.56666666666666,481.52222222222224,60.006471649999995,0.0,138.56666666666666,0.5922340200000065,11.756589421546083,169.34478874589593,141.46666666666667,50.0,70.73333333333333,0.12,0.08,0,,18.461111111111112,157.02777777777777,-138.56666666666666,9.230555555555556,1651.9138888888895,6529.730555555555,825.9569444444447
2022-06-10 17:00:00,17,0,4,False,0.0,7.7,156.95555555555555,0.0,485.2027777777778,60.007416677777776,21.061944444444443,21.104166772222218,7.7,0.0,0.0,156.95555555555555,7.7,-149.25555555555556,485.2027777777778,60.007416677777776,0.0,149.25555555555556,0.5910999866666685,4.905847373637265,169.26690152658946,141.46666666666667,50.0,70.73333333333333,0.12,0.08,0,,7.7,156.95555555555555,-149.25555555555556,3.85,1659.6138888888895,6686.68611111111,829.8069444444448
2022-06-10 18:00:00,18,0,4,False,0.0,-0.6777777777777778,57.269444444444446,0.0,481.56944444444446,60.009388388888894,21.099444455555552,21.15555611111111,0.0,0.0,0.0,57.269444444444446,0.0,-57.269444444444446,481.56944444444446,60.009388388888894,0.0,57.269444444444446,0.5887339333333272,0.0,61.761569247729284,141.46666666666667,50.0,70.73333333333333,0.18,0.096,0,,0.0,57.269444444444446,-57.269444444444446,0.0,1659.6138888888895,6743.955555555554,829.8069444444448
2022-06-10 19:00:00,19,0,4,False,0.0,-0.9722222222222222,-1.0,0.0,479.84444444444443,59.99333344722223,21.158333916666663,21.216389469444444,0.0,0.0,0.0,0.0,0.0,0.0,479.84444444444443,59.99333344722223,0.0,0.0,0.5920001366666724,0.0,0.0,141.46666666666667,50.0,70.73333333333333,0.18,0.096,0,,0.0,0.0,0.0,0.0,1659.6138888888895,6743.955555555554,829.8069444444448
2022-06-10 20:00:00,20,0,4,False,0.0,-0.9222222222222223,-1.0,0.0,479.99444444444447,59.98205589722223,21.217778422222217,21.27972175277778,0.0,0.0,0.0,0.0,0.0,0.0,479.99444444444447,59.98205589722223,0.0,0.0,0.5784670766666778,0.0,0.0,141.46666666666667,50.0,70.73333333333333,0.18,0.096,0,,0.0,0.0,0.0,0.0,1659.6138888888895,6743.955555555554,829.8069444444448
2022-06-10 21:00:00,21,0,4,False,0.0,-0.8555555555555555,-1.0,0.0,483.64166666666665,60.01702738888889,21.288888227777782,21.351943972222223,0.0,0.0,0.0,0.0,0.0,0.0,483.64166666666665,60.01702738888889,0.0,0.0,0.5795671333333302,0.0,0.0,141.46666666666667,50.0,70.73333333333333,0.18,0.096,0,,0.0,0.0,0.0,0.0,1659.6138888888895,6743.955555555554,829.8069444444448
2022-06-10 22:00:00,22,0,4,False,0.0,-0.7472222222222222,-1.0,0.0,481.56944444444446,60.01744435277777,21.35833291666667,21.397777744444447,0.0,0.0,0.0,0.0,0.0,0.0,481.56944444444446,60.01744435277777,0.0,0.0,0.5790667766666729,0.0,0.0,141.46666666666667,50.0,70.73333333333333,0.18,0.096,0,,0.0,0.0,0.0,0.0,1659.6138888888895,6743.955555555554,829.8069444444448
2022-06-10 23:00:00,23,0,4,False,0.0,-0.6361111111111111,-1.0,0.0,480.21944444444443,60.01777752499999,21.400277777777777,21.423055555555557,0.0,0.0,0.0,0.0,0.0,0.0,480.21944444444443,60.01777752499999,0.0,0.0,0.578666970000009,0.0,0.0,141.46666666666667,50.0,70.73333333333333,0.12,0.08,0,,0.0,0.0,0.0,0.0,1659.6138888888895,6743.955555555554,829.8069444444448
2022-06-11 00:00:00,0,0,5,True,0.0,-0.5472222222222223,-1.0,0.0,483.15555555555557,60.00308320277777,21.411111111111115,21.471388888888892,0.0,0.0,0.0,0.0,0.0,0.0,483.15555555555557,60.00308320277777,0.0,0.0,0.5963001566666719,0.0,0.0,141.46666666666667,50.0,70.73333333333333,0.12,0.08,0,,0.0,0.0,0.0,0.0,1659.6138888888895,6743.955555555554,829.8069444444448
2022-06-11 01:00:00,1,0,5,True,0.0,-0.3472222222222222,-1.0,0.0,482.5138888888889,59.99613895555556,21.465,21.51611111111111,0.0,0.0,0.0,0.0,0.0,0.0,482.5138888888889,59.99613895555556,0.0,0.0,0.5953667466666701,0.0,0.0,141.46666666666667,50.0,70.73333333333333,0.12,0.08,0,,0.0,0.0,0.0,0.0,1659.6138888888895,6743.955555555554,829.8069444444448
2022-06-11 02:00:00,2,0,5,True,0.0,-0.14722222222222223,-1.0,0.0,483.275,60.004944050000006,21.49888888888889,21.55361111111111,0.0,0.0,0.0,0.0,0.0,0.0,483.275,60.004944050000006,0.0,0.0,0.5940671399999928,0.0,0.0,141.46666666666667,50.0,70.73333333333333,0.12,0.08,0,,0.0,0.0,0.0,0.0,1659.6138888888895,6743.955555555554,829.8069444444448
2022-06-11 03:00:00,3,0,5,True,0.0,-0.06666666666666667,-1.0,0.0,485.00555555555553,59.997666877777775,21.51361111111111,21.584999999999997,0.0,0.0,0.0,0.0,0.0,0.0,485.00555555555553,59.997666877777775,0.0,0.0,0.5972002533333295,0.0,0.0,141.46666666666667,50.0,70.73333333333333,0.12,0.08,0,,0.0,0.0,0.0,0.0,1659.6138888888895,6743.955555555554,829.8069444444448
2022-06-11 04:00:00,4,0,5,True,0.0,0.0,-1.0,0.0,480.35833333333335,59.988861516666674,21.521944444444443,21.599166702777776,0.0,0.0,0.0,0.0,0.0,0.0,480.35833333333335,59.988861516666674,0.0,0.0,0.5866338200000086,0.0,0.0,141.46666666666667,50.0,70.73333333333333,0.12,0.08,0,,0.0,0.0,0.0,0.0,1659.6138888888895,6743.955555555554,829.8069444444448
2022-06-11 05:00:00,5,0,5,True,0.0,0.15833333333333333,-1.0,0.0,477.55833333333334,59.98047260277779,21.582222224999995,21.634444788888885,0.15833333333333333,0.0,0.0,0.0,0.15833333333333333,0.15833333333333333,477.55833333333334,59.98047260277779,0.15833333333333333,0.0,0.5765671233333449,100.0,0.0,141.46666666666667,50.0,70.73333333333333,0.12,0.08,0,,0.15833333333333333,0.0,0.15833333333333333,0.07916666666666666,1659.7722222222228,6743.955555555554,829.8861111111114
2022-06-11 06:00:00,6,0,5,True,0.0,6.780555555555556,-1.0,0.0,476.93333333333334,59.97447264722222,21.66361174722222,21.69833423333333,6.780555555555556,0.0,0.0,0.0,6.780555555555556,6.780555555555556,476.93333333333334,59.97447264722222,6.780555555555556,0.0,0.5693671766666654,100.0,0.0,141.46666666666667,50.0,70.73333333333333,0.18,0.096,0,,6.780555555555556,0.0,6.780555555555556,3.390277777777778,1666.5527777777784,6743.955555555554,833.2763888888892
2022-06-11 07:00:00,7,0,5,True,0.0,16.663888888888888,-1.0,0.0,475.51666666666665,59.99052820833333,21.75361147222222,21.81333323333334,16.663888888888888,0.0,0.0,0.0,16.663888888888888,16.663888888888888,475.51666666666665,59.99052820833333,16.663888888888888,0.0,0.5886338499999965,100.0,0.0,141.46666666666667,50.0,70.73333333333333,0.18,0.096,0,,16.663888888888888,0.0,16.663888888888888,8.331944444444444,1683.2166666666672,6743.955555555554,841.6083333333336
2022-06-11 08:00:00,8,0,5,True,1.6277777777777778,25.844444444444445,144.6638888888889,0.0,479.93055555555554,60.00219450555555,22.10250006111111,22.06861127222222,25.844444444444445,0.0,1.6277777777777778,144.6638888888889,25.844444444444445,-117.19166666666666,479.93055555555554,60.00219450555555,0.0,117.19166666666666,0.5973665933333393,18.068475326743442,156.01109593308888,141.46666666666667,50.91791979949875,72.03188387635755,0.18,0.096,0,,25.844444444444445,144.6638888888889,-117.19166666666666,12.922222222222222,1709.0611111111116,6888.619444444444,854.5305555555558
2022-06-11 09:00:00,9,0,5,True,-0.8194444444444444,31.855555555555554,169.00833333333333,0.0,479.7111111111111,59.98955616111112,19.73694450277778,19.53388880277778,31.855555555555554,0.0,-0.8194444444444444,169.00833333333333,31.855555555555554,-137.97222222222223,479.7111111111111,59.98955616111112,0.0,137.97222222222223,0.5874673933333412,18.757564853282734,182.26508016392262,141.46666666666667,49.53790726817043,70.0796261487051,0.18,0.096,0,,31.855555555555554,169.00833333333333,-137.97222222222223,15.927777777777777,1740.9166666666672,7057.627777777777,870.4583333333336
2022-06-11 10:00:00,10,0,5,True,-6.55,36.59722222222222,156.3527777777778,0.0,480.4166666666667,59.98811143888889,19.57944450833333,18.436389005555554,36.59722222222222,0.0,-6.55,156.3527777777778,36.59722222222222,-126.30555555555556,480.4166666666667,59.98811143888889,0.0,126.30555555555556,0.5857337266666718,22.46568334896411,168.6168428116088,141.46666666666667,46.30639097744361,65.50810776942356,0.18,0.096,0,,36.59722222222222,156.3527777777778,-126.30555555555556,18.29861111111111,1777.5138888888894,7213.980555555555,888.7569444444447
2022-06-11 11:00:00,11,0,5,True,-1.9777777777777779,38.53888888888889,148.65555555555557,0.0,479.44166666666666,60.00877723055555,20.639166744444445,19.338333316666667,38.53888888888889,0.0,-1.9777777777777779,148.65555555555557,38.53888888888889,-112.09444444444445,479.44166666666666,60.00877723055555,0.0,112.09444444444445,0.5894673233333378,25.584568857416834,160.31586263091043,141.46666666666667,48.88471177944862,69.15557226399332,0.12,0.08,0,,38.53888888888889,148.65555555555557,-112.09444444444445,19.269444444444446,1816.0527777777784,7362.636111111111,908.0263888888892
2022-06-11 12:00:00,12,0,5,True,-1.6888888888888889,39.28055555555556,77.75,0.0,478.3888888888889,60.00072241666667,19.877222177777778,18.06694443888889,39.28055555555556,0.0,-1.6888888888888889,77.75,39.28055555555556,-40.15833333333333,478.3888888888889,60.00072241666667,0.0,40.15833333333333,0.5991330999999974,49.447513812154696,83.84858724566827,141.46666666666667,49.04761904761905,69.38603174603175,0.12,0.08,0,,39.28055555555556,77.75,-40.15833333333333,19.64027777777778,1855.333333333334,7440.386111111111,927.666666666667
2022-06-11 13:00:00,13,0,5,True,-1.2472222222222222,37.18611111111111,-1.0,0.0,475.23055555555555,59.98861170277778,20.38694443888889,19.095000072222224,37.18611111111111,0.0,-1.2472222222222222,0.0,37.18611111111111,35.93888888888889,475.23055555555555,59.98861170277778,35.93888888888889,0.0,0.5863340433333377,100.0,0.0,141.46666666666667,49.29667919799499,69.73836883876358,0.12,0.08,0,,37.18611111111111,0.0,35.93888888888889,18.593055555555555,1892.519444444445,7440.386111111111,946.2597222222225
2022-06-11 14:00:00,14,0,5,True,-1.1166666666666667,33.34722222222222,-1.0,0.0,477.6361111111111,60.0156104611111,22.008611169444446,20.74833336388889,33.34722222222222,0.0,-1.1166666666666667,0.0,33.34722222222222,32.230555555555554,477.6361111111111,60.0156104611111,32.230555555555554,0.0,0.5812674466666777,100.0,0.0,141.46666666666667,49.3703007518797,69.84251879699248,0.12,0.08,0,,33.34722222222222,0.0,32.230555555555554,16.67361111111111,1925.8666666666672,7440.386111111111,962.9333333333336
2022-06-11 15:00:00,15,0,5,True,-0.5527777777777778,19.086111111111112,-1.0,0.0,478.71944444444443,59.989389200000005,23.33305558611111,21.656666669444444,19.086111111111112,0.0,-0.5527777777777778,0.0,19.086111111111112,18.533333333333335,478.71944444444443,59.989389200000005,18.533333333333335,0.0,0.5872670400000061,100.0,0.0,141.46666666666667,49.68828320802005,70.29235797827903,0.12,0.08,0,,19.086111111111112,0.0,18.533333333333335,9.543055555555556,1944.9527777777785,7440.386111111111,972.4763888888892
2022-06-11 16:00:00,16,0,5,True,0.0,13.33611111111111,-1.0,0.0,480.1972222222222,60.007721827777786,24.525277819444444,22.03750002222222,13.33611111111111,0.0,0.0,0.0,13.33611111111111,13.33611111111111,480.1972222222222,60.007721827777786,13.33611111111111,0.0,0.5907338066666569,100.0,0.0,141.46666666666667,50.0,70.73333333333333,0.12,0.08,0,,13.33611111111111,0.0,13.33611111111111,6.668055555555555,1958.2888888888897,7440.386111111111,979.1444444444448
2022-06-11 17:00:00,17,0,5,True,0.0,9.608333333333333,-1.0,0.0,484.4972222222222,60.01283288055555,25.71166668333333,22.299999875000005,9.608333333333333,0.0,0.0,0.0,9.608333333333333,9.608333333333333,484.4972222222222,60.01283288055555,9.608333333333333,0.0,0.5846005433333402,100.0,0.0,141.46666666666667,50.0,70.73333333333333,0.12,0.08,0,,9.608333333333333,0.0,9.608333333333333,4.804166666666666,1967.897222222223,7440.386111111111,983.9486111111115
2022-06-11 18:00:00,18,0,5,True,0.0,0.3194444444444444,-1.0,0.0,482.93888888888887,59.99080602222222,26.617499958333333,22.454722222222223,0.3194444444444444,0.0,0.0,0.0,0.3194444444444444,0.3194444444444444,482.93888888888887,59.99080602222222,0.3194444444444444,0.0,0.5889672266666679,100.0,0.0,141.46666666666667,50.0,70.73333333333333,0.18,0.096,0,,0.3194444444444444,0.0,0.3194444444444444,0.1597222222222222,1968.2166666666674,7440.386111111111,984.1083333333337
2022-06-11 19:00:00,19,0,5,True,0.0,-0.9611111111111111,-1.0,0.0,483.8,59.99263947499999,27.216110944444445,22.500555555555557,0.0,0.0,0.0,0.0,0.0,0.0,483.8,59.99263947499999,0.0,0.0,0.5911673699999881,0.0,0.0,141.46666666666667,50.0,70.73333333333333,0.18,0.096,0,,0.0,0.0,0.0,0.0,1968.2166666666674,7440.386111111111,984.1083333333337
2022-06-11 20:00:00,20,0,5,True,0.0,-0.5805555555555556,-1.0,0.0,483.28333333333336,59.985028202777784,27.534166666666664,22.42249996111111,0.0,0.0,0.0,0.0,0.0,0.0,483.28333333333336,59.985028202777784,0.0,0.0,0.5820338433333404,0.0,0.0,141.46666666666667,50.0,70.73333333333333,0.18,0.096,0,,0.0,0.0,0.0,0.0,1968.2166666666674,7440.386111111111,984.1083333333337
2022-06-11 21:00:00,21,0,5,True,0.0,-0.3861111111111111,-1.0,0.0,480.4222222222222,60.00391636111111,27.57638888888889,22.250555594444442,0.0,0.0,0.0,0.0,0.0,0.0,480.4222222222222,60.00391636111111,0.0,0.0,0.5953003666666689,0.0,0.0,141.46666666666667,50.0,70.73333333333333,0.18,0.096,0,,0.0,0.0,0.0,0.0,1968.2166666666674,7440.386111111111,984.1083333333337
2022-06-11 22:00:00,22,0,5,True,0.0,-0.1388888888888889,-1.0,0.0,480.5416666666667,60.01830558333332,27.424444250000004,22.021944469444446,0.0,0.0,0.0,0.0,0.0,0.0,480.5416666666667,60.01830558333332,0.0,0.0,0.5780333000000126,0.0,0.0,141.46666666666667,50.0,70.73333333333333,0.18,0.096,0,,0.0,0.0,0.0,0.0,1968.2166666666674,7440.386111111111,984.1083333333337
2022-06-11 23:00:00,23,0,5,True,0.0,-0.2388888888888889,-1.0,0.0,481.35555555555555,60.00650008333333,27.28999920833334,21.79027762222222,0.0,0.0,0.0,0.0,0.0,0.0,481.35555555555555,60.00650008333333,0.0,0.0,0.5921999000000057,0.0,0.0,141.46666666666667,50.0,70.73333333333333,0.12,0.08,0,,0.0,0.0,0.0,0.0,1968.2166666666674,7440.386111111111,984.1083333333337
2022-06-12 00:00:00,0,0,6,True,0.0,-0.06388888888888888,-1.0,0.0,482.9222222222222,60.00288886666666,27.07083361111111,21.549166902777777,0.0,0.0,0.0,0.0,0.0,0.0,482.9222222222222,60.00288886666666,0.0,0.0,0.5965333600000093,0.0,0.0,141.46666666666667,50.0,70.73333333333333,0.12,0.08,0,,0.0,0.0,0.0,0.0,1968.2166666666674,7440.386111111111,984.1083333333337
2022-06-12 01:00:00,1,0,6,True,0.0,-0.03333333333333333,-1.0,0.0,484.19444444444446,59.99508373611111,26.715277800000003,21.19222225833333,0.0,0.0,0.0,0.0,0.0,0.0,484.19444444444446,59.99508373611111,0.0,0.0,0.5941004833333352,0.0,0.0,141.46666666666667,50.0,70.73333333333333,0.12,0.08,0,,0.0,0.0,0.0,0.0,1968.2166666666674,7440.386111111111,984.1083333333337
2022-06-12 02:00:00,2,0,6,True,0.0,0.0,-1.0,0.0,484.84444444444443,59.992028133333335,26.34138873055556,20.846111144444443,0.0,0.0,0.0,0.0,0.0,0.0,484.84444444444443,59.992028133333335,0.0,0.0,0.5904337600000019,0.0,0.0,141.46666666666667,50.0,70.73333333333333,0.12,0.08,0,,0.0,0.0,0.0,0.0,1968.2166666666674,7440.386111111111,984.1083333333337
2022-06-12 03:00:00,3,0,6,True,0.0,0.0,-1.0,0.0,484.50555555555553,59.99513901944444,26.00361110833333,20.51750011111111,0.0,0.0,0.0,0.0,0.0,0.0,484.50555555555553,59.99513901944444,0.0,0.0,0.5941668233333246,0.0,0.0,141.46666666666667,50.0,70.73333333333333,0.12,0.08,0,,0.0,0.0,0.0,0.0,1968.2166666666674,7440.386111111111,984.1083333333337
2022-06-12 04:00:00,4,0,6,True,0.0,0.0,-1.0,0.0,479.8305555555556,59.99188935555556,25.63694438055555,20.168611188888885,0.0,0.0,0.0,0.0,0.0,0.0,479.8305555555556,59.99188935555556,0.0,0.0,0.5902672266666684,0.0,0.0,141.46666666666667,50.0,70.73333333333333,0.12,0.08,0,,0.0,0.0,0.0,0.0,1968.2166666666674,7440.386111111111,984.1083333333337
2022-06-12 05:00:00,5,0,6,True,0.0,0.16666666666666666,-1.0,0.0,478.3333333333333,59.98908350555556,25.23472209722222,19.832500016666664,0.16666666666666666,0.0,0.0,0.0,0.16666666666666666,0.16666666666666666,478.3333333333333,59.98908350555556,0.16666666666666666,0.0,0.5869002066666752,100.0,0.0,141.46666666666667,50.0,70.73333333333333,0.12,0.08,0,,0.16666666666666666,0.0,0.16666666666666666,0.08333333333333333,1968.3833333333341,7440.386111111111,984.1916666666671
2022-06-12 06:00:00,6,0,6,True,0.0,7.5472222222222225,-1.0,0.0,478.2944444444444,59.99319461666667,24.893888566666668,19.61138915833333,7.5472222222222225,0.0,0.0,0.0,7.5472222222222225,7.5472222222222225,478.2944444444444,59.99319461666667,7.5472222222222225,0.0,0.5918335400000047,100.0,0.0,141.46666666666667,50.0,70.73333333333333,0.18,0.096,0,,7.5472222222222225,0.0,7.5472222222222225,3.7736111111111112,1975.9305555555563,7440.386111111111,987.9652777777782
2022-06-12 07:00:00,7,0,6,True,0.0,17.708333333333332,-1.0,0.0,478.5388888888889,59.99591707222221,24.755833216666662,19.544444444444444,17.708333333333332,0.0,0.0,0.0,17.708333333333332,17.708333333333332,478.5388888888889,59.99591707222221,17.708333333333332,0.0,0.595100486666655,100.0,0.0,141.46666666666667,50.0,70.73333333333333,0.18,0.096,0,,17.708333333333332,0.0,17.708333333333332,8.854166666666666,1993.6388888888896,7440.386111111111,996.8194444444448
2022-06-12 08:00:00,8,0,6,True,0.0,26.416666666666668,-1.0,0.0,480.35,59.99502792222223,24.778054858333334,19.606944544444442,26.416666666666668,0.0,0.0,0.0,26.416666666666668,26.416666666666668,480.35,59.99502792222223,26.416666666666668,0.0,0.5940335066666733,100.0,0.0,141.46666666666667,50.0,70.73333333333333,0.18,0.096,0,,26.416666666666668,0.0,26.416666666666668,13.208333333333334,2020.0555555555563,7440.386111111111,1010.0277777777782
2022-06-12 09:00:00,9,0,6,True,0.0,23.98611111111111,-1.0,0.0,474.77222222222224,60.00755503611111,17.889166758333335,14.018611108333335,23.98611111111111,0.0,0.0,0.0,23.98611111111111,23.98611111111111,474.77222222222224,60.00755503611111,23.98611111111111,0.0,0.5909339566666716,100.0,0.0,141.46666666666667,50.0,70.73333333333333,0.18,0.096,0,,23.98611111111111,0.0,23.98611111111111,11.993055555555555,2044.0416666666674,7440.386111111111,1022.0208333333337
2022-06-12 10:00:00,10,0,6,True,0.0,35.797222222222224,-1.0,0.0,478.5444444444444,59.994333897222226,20.767777833333334,19.18305566388889,35.797222222222224,0.0,0.0,0.0,35.797222222222224,35.797222222222224,478.5444444444444,59.994333897222226,35.797222222222224,0.0,0.5932006766666716,100.0,0.0,141.46666666666667,50.0,70.73333333333333,0.18,0.096,0,,35.797222222222224,0.0,35.797222222222224,17.898611111111112,2079.83888888889,7440.386111111111,1039.919444444445
2022-06-12 11:00:00,11,0,6,True,0.0,38.425,128.8,0.0,482.15,60.016971491666666,22.242777825,20.385555555555555,38.425,0.0,0.0,128.8,38.425,-90.37500000000001,482.15,60.016971491666666,0.0,90.37500000000001,0.5796342100000004,29.833074534161486,138.9028686462003,141.46666666666667,50.0,70.73333333333333,0.12,0.08,0,,38.425,128.8,-90.37500000000001,19.2125,2118.26388888889,7569.186111111111,1059.131944444445
2022-06-12 12:00:00,12,0,6,True,0.0,34.397222222222226,72.96388888888889,0.0,479.5361111111111,59.99638906666666,21.030555500000002,18.653888877777778,34.397222222222226,0.0,0.0,72.96388888888889,34.397222222222226,-38.56666666666666,479.5361111111111,59.99638906666666,0.0,38.56666666666666,0.5956668799999904,47.1428027563102,78.68706113547582,141.46666666666667,50.0,70.73333333333333,0.12,0.08,0,,34.397222222222226,72.96388888888889,-38.56666666666666,17.198611111111113,2152.6611111111124,7642.15,1076.3305555555562
2022-06-12 13:00:00,13,0,6,True,0.0,27.647222222222222,-1.0,0.0,477.125,60.00316650277778,20.355555525,19.396388880555556,27.647222222222222,0.0,0.0,0.0,27.647222222222222,27.647222222222222,477.125,60.00316650277778,27.647222222222222,0.0,0.5962001966666634,100.0,0.0,141.46666666666667,50.0,70.73333333333333,0.12,0.08,0,,27.647222222222222,0.0,27.647222222222222,13.823611111111111,2180.3083333333348,7642.15,1090.1541666666674
2022-06-12 14:00:00,14,0,6,True,0.0,34.06111111111111,-1.0,0.0,476.3305555555556,59.999416547222225,22.120555666666665,21.433333369444444,34.06111111111111,0.0,0.0,0.0,34.06111111111111,34.06111111111111,476.3305555555556,59.999416547222225,34.06111111111111,0.0,0.59929985666667,100.0,0.0,141.46666666666667,50.0,70.73333333333333,0.12,0.08,0,,34.06111111111111,0.0,34.06111111111111,17.030555555555555,2214.369444444446,7642.15,1107.184722222223
2022-06-12 15:00:00,15,0,6,True,0.0,22.836111111111112,-1.0,0.0,478.56388888888887,59.999416808333336,23.542222250000002,22.43027794444444,22.836111111111112,0.0,0.0,0.0,22.836111111111112,22.836111111111112,478.56388888888887,59.999416808333336,22.836111111111112,0.0,0.5993001700000036,100.0,0.0,141.46666666666667,50.0,70.73333333333333,0.12,0.08,0,,22.836111111111112,0.0,22.836111111111112,11.418055555555556,2237.205555555557,7642.15,1118.6027777777786
2022-06-12 16:00:00,16,0,6,True,0.0,10.744444444444444,-1.0,0.0,481.65833333333336,60.00969419722222,24.730000033333333,22.93777766666667,10.744444444444444,0.0,0.0,0.0,10.744444444444444,10.744444444444444,481.65833333333336,60.00969419722222,10.744444444444444,0.0,0.5883669633333397,100.0,0.0,141.46666666666667,50.0,70.73333333333333,0.12,0.08,0,,10.744444444444444,0.0,10.744444444444444,5.372222222222222,2247.9500000000016,7642.15,1123.9750000000008
2022-06-12 17:00:00,17,0,6,True,0.0,7.772222222222222,-1.0,0.0,483.5138888888889,60.00269418055556,25.744999983333337,23.36111102777778,7.772222222222222,0.0,0.0,0.0,7.772222222222222,7.772222222222222,483.5138888888889,60.00269418055556,7.772222222222222,0.0,0.5967669833333303,100.0,0.0,141.46666666666667,50.0,70.73333333333333,0.12,0.08,0,,7.772222222222222,0.0,7.772222222222222,3.886111111111111,2255.722222222224,7642.15,1127.861111111112
2022-06-12 18:00:00,18,0,6,True,0.0,0.3333333333333333,-1.0,0.0,483.51944444444445,60.00436091666667,26.539722150000003,23.715277997222227,0.3333333333333333,0.0,0.0,0.0,0.3333333333333333,0.3333333333333333,483.51944444444445,60.00436091666667,0.3333333333333333,0.0,0.5947668999999962,100.0,0.0,141.46666666666667,50.0,70.73333333333333,0.18,0.096,0,,0.3333333333333333,0.0,0.3333333333333333,0.16666666666666666,2256.0555555555575,7642.15,1128.0277777777787
2022-06-12 19:00:00,19,0,6,True,0.0,-0.775,-1.0,0.0,484.80833333333334,60.00586025277777,27.058889091666668,23.96305549166667,0.0,0.0,0.0,0.0,0.0,0.0,484.80833333333334,60.00586025277777,0.0,0.0,0.5929676966666733,0.0,0.0,141.46666666666667,50.0,70.73333333333333,0.18,0.096,0,,0.0,0.0,0.0,0.0,2256.0555555555575,7642.15,1128.0277777777787
2022-06-12 20:00:00,20,0,6,True,0.0,-0.6111111111111112,-1.0,0.0,485.0861111111111,60.007277277777774,27.358332841666673,24.113055791666667,0.0,0.0,0.0,0.0,0.0,0.0,485.0861111111111,60.007277277777774,0.0,0.0,0.5912672666666708,0.0,0.0,141.46666666666667,50.0,70.73333333333333,0.18,0.096,0,,0.0,0.0,0.0,0.0,2256.0555555555575,7642.15,1128.0277777777787
2022-06-12 21:00:00,21,0,6,True,0.0,-0.5388888888888889,-1.0,0.0,483.0527777777778,60.01022194999999,27.50722222222222,24.215556202777776,0.0,0.0,0.0,0.0,0.0,0.0,483.0527777777778,60.01022194999999,0.0,0.0,0.5877336600000148,0.0,0.0,141.46666666666667,50.0,70.73333333333333,0.18,0.096,0,,0.0,0.0,0.0,0.0,2256.0555555555575,7642.15,1128.0277777777787
2022-06-12 22:00:00,22,0,6,True,0.0,-0.3194444444444444,-1.0,0.0,483.96666666666664,60.012416458333334,27.475277777777773,24.250833316666668,0.0,0.0,0.0,0.0,0.0,0.0,483.96666666666664,60.012416458333334,0.0,0.0,0.5851002499999992,0.0,0.0,141.46666666666667,50.0,70.73333333333333,0.18,0.096,0,,0.0,0.0,0.0,0.0,2256.0555555555575,7642.15,1128.0277777777787
2022-06-12 23:00:00,23,0,6,True,0.0,-0.3111111111111111,-1.0,0.0,484.55,60.02222176666666,27.35583288888889,24.256666533333334,0.0,0.0,0.0,0.0,0.0,0.0,484.55,60.02222176666666,0.0,0.0,0.573333880000007,0.0,0.0,141.46666666666667,50.0,70.73333333333333,0.12,0.08,0,,0.0,0.0,0.0,0.0,2256.0555555555575,7642.15,1128.0277777777787
2022-06-13 00:00:00,0,0,0,False,0.0,-0.18055555555555555,-1.0,0.0,483.26666666666665,60.007555347222215,27.27583281666667,24.274721727777777,0.0,0.0,0.0,0.0,0.0,0.0,483.26666666666665,60.007555347222215,0.0,0.0,0.5909335833333415,0.0,0.0,141.46666666666667,50.0,70.73333333333333,0.12,0.08,0,,0.0,0.0,0.0,0.0,2256.0555555555575,7642.15,1128.0277777777787
2022-06-13 01:00:00,1,0,0,False,14.908333333333333,-0.10555555555555556,-1.0,0.0,483.46944444444443,60.01319406666666,27.081944641666666,24.213611722222222,0.0,0.0,14.908333333333333,0.0,0.0,14.908333333333333,483.46944444444443,60.01319406666666,14.908333333333333,0.0,0.5841671200000121,0.0,0.0,141.46666666666667,58.40695488721804,82.62637218045113,0.12,0.08,0,,0.0,0.0,14.908333333333333,0.0,2256.0555555555575,7642.15,1128.0277777777787
2022-06-13 02:00:00,2,0,0,False,15.0,-0.13333333333333333,-1.0,0.0,485.40555555555557,59.99058348611113,26.88944411111111,24.14250043611111,0.0,0.0,15.0,0.0,0.0,15.0,485.40555555555557,59.99058348611113,15.0,0.0,0.5887001833333528,0.0,0.0,141.46666666666667,58.45864661654135,82.69949874686716,0.12,0.08,0,,0.0,0.0,15.0,0.0,2256.0555555555575,7642.15,1128.0277777777787
2022-06-13 03:00:00,3,0,0,False,15.0,-0.06666666666666667,-1.0,0.0,486.01666666666665,59.99891664166666,26.677500258333335,24.04722223611111,0.0,0.0,15.0,0.0,0.0,15.0,486.01666666666665,59.99891664166666,15.0,0.0,0.5986999699999928,0.0,0.0,141.46666666666667,58.45864661654135,82.69949874686716,0.12,0.08,0,,0.0,0.0,15.0,0.0,2256.0555555555575,7642.15,1128.0277777777787
2022-06-13 04:00:00,4,0,0,False,15.0,-0.03333333333333333,-1.0,0.0,480.43611111111113,59.986972425000005,26.412499705555557,23.921944305555552,0.0,0.0,15.0,0.0,0.0,15.0,480.43611111111113,59.986972425000005,15.0,0.0,0.5843669100000056,0.0,0.0,141.46666666666667,58.45864661654135,82.69949874686716,0.12,0.08,0,,0.0,0.0,15.0,0.0,2256.0555555555575,7642.15,1128.0277777777787
2022-06-13 05:00:00,5,0,0,False,15.0,0.1111111111111111,-1.0,0.0,479.0833333333333,59.99500052777778,26.18888909166667,23.763888836111114,0.1111111111111111,0.0,15.0,0.0,0.1111111111111111,15.11111111111111,479.0833333333333,59.99500052777778,15.11111111111111,0.0,0.59400063333334,100.0,0.0,141.46666666666667,58.45864661654135,82.69949874686716,0.12,0.08,0,,0.1111111111111111,0.0,15.11111111111111,0.05555555555555555,2256.166666666669,7642.15,1128.0833333333344
2022-06-13 06:00:00,6,0,0,False,10.561111111111112,6.75,-1.0,0.0,478.69444444444446,59.99422230555556,25.961388877777775,23.689445338888884,6.75,0.0,10.561111111111112,0.0,6.75,17.31111111111111,478.69444444444446,59.99422230555556,17.31111111111111,0.0,0.5930667666666721,100.0,0.0,141.46666666666667,55.955513784461154,79.15840016708438,0.18,0.096,0,,6.75,0.0,17.31111111111111,3.375,2262.916666666669,7642.15,1131.4583333333344
2022-06-13 07:00:00,7,0,0,False,1.4277777777777778,15.213888888888889,-1.0,1.2222222222222223,480.2472222222222,60.011249325,25.86083294166667,23.699723194444438,15.213888888888889,1.2222222222222223,1.4277777777777778,0.0,16.43611111111111,17.863888888888887,480.2472222222222,60.011249325,17.863888888888887,0.0,0.5865008099999983,92.56379922257901,0.0,141.46666666666667,50.80513784461153,71.8723350041771,0.18,0.096,0,,15.213888888888889,0.0,17.863888888888887,7.606944444444444,2278.1305555555577,7642.15,1139.0652777777789
2022-06-13 08:00:00,8,0,0,False,15.0,20.43888888888889,37.725,36.49444444444445,481.96944444444443,59.99152810555556,22.24805555833333,19.97333324166667,20.43888888888889,36.49444444444445,15.0,37.725,56.93333333333334,34.208333333333336,481.96944444444443,59.99152810555556,34.208333333333336,0.0,0.5898337266666714,35.89968774395004,40.68408943849306,141.46666666666667,58.45864661654135,82.69949874686716,0.18,0.096,0,,20.43888888888889,37.725,34.208333333333336,10.219444444444445,2298.5694444444466,7679.875,1149.2847222222233
2022-06-13 09:00:00,9,0,0,False,15.0,30.552777777777777,134.65,43.47222222222222,481.65555555555557,59.99638940833334,18.560277819444444,15.192777838888889,30.552777777777777,43.47222222222222,15.0,134.65,74.025,-45.625,481.65555555555557,59.99638940833334,0.0,45.625,0.5956672900000114,25.535125597808424,145.2117334100223,141.46666666666667,58.45864661654135,82.69949874686716,0.18,0.096,0,,30.552777777777777,134.65,-45.625,15.276388888888889,2329.1222222222245,7814.525,1164.5611111111123
2022-06-13 10:00:00,10,0,0,False,15.0,34.75833333333333,-1.0,34.78333333333333,478.7361111111111,59.99236160833334,20.066389075,18.658055524999998,34.75833333333333,34.78333333333333,15.0,0.0,69.54166666666666,84.54166666666666,478.7361111111111,59.99236160833334,84.54166666666666,0.0,0.590833930000008,49.982025164769325,0.0,141.46666666666667,58.45864661654135,82.69949874686716,0.18,0.096,0,,34.75833333333333,0.0,84.54166666666666,17.379166666666666,2363.8805555555577,7814.525,1181.9402777777789
2022-06-13 11:00:00,11,0,0,False,9.077777777777778,37.827777777777776,-1.0,34.57222222222222,476.9166666666667,59.998111363888896,19.856944588888886,18.53916667777778,37.827777777777776,34.57222222222222,9.077777777777778,0.0,72.4,81.47777777777779,476.9166666666667,59.998111363888896,81.47777777777779,0.0,0.5977336366666748,52.248311847759354,0.0,141.46666666666667,55.11904761904762,77.97507936507937,0.12,0.08,0,,37.827777777777776,0.0,81.47777777777779,18.913888888888888,2401.7083333333353,7814.525,1200.8541666666677
2022-06-13 12:00:00,12,0,0,False,-0.3388888888888889,39.61666666666667,-1.0,34.26111111111111,478.18611111111113,59.981445113888896,21.3919444,20.37055555,39.61666666666667,34.26111111111111,-0.3388888888888889,0.0,73.87777777777778,73.53888888888889,478.18611111111113,59.981445113888896,73.53888888888889,0.0,0.5777341366666746,53.62460520379004,0.0,141.46666666666667,49.80889724310777,70.4629866332498,0.12,0.08,0,,39.61666666666667,0.0,73.53888888888889,19.808333333333334,2441.325000000002,7814.525,1220.662500000001
2022-06-13 13:00:00,13,0,0,False,-16.85,41.08611111111111,-1.0,34.09444444444444,476.5833333333333,59.989694950000015,19.408888858333334,17.858055558333334,41.08611111111111,34.09444444444444,-16.85,0.0,75.18055555555554,58.33055555555554,476.5833333333333,59.989694950000015,58.33055555555554,0.0,0.5876339400000177,54.64991686680215,0.0,141.46666666666667,40.49812030075188,57.291340852130325,0.12,0.08,0,,41.08611111111111,0.0,58.33055555555554,20.543055555555554,2482.4111111111133,7814.525,1241.2055555555567
2022-06-13 14:00:00,14,0,0,False,-19.0,30.93888888888889,-1.0,34.22222222222222,478.22777777777776,59.992195075,19.74111110277778,19.021111072222222,30.93888888888889,34.22222222222222,-19.0,0.0,65.16111111111111,46.16111111111111,478.22777777777776,59.992195075,46.16111111111111,0.0,0.5906340899999974,47.4806036320232,0.0,141.46666666666667,39.285714285714285,55.576190476190476,0.12,0.08,0,,30.93888888888889,0.0,46.16111111111111,15.469444444444445,2513.350000000002,7814.525,1256.675000000001
2022-06-13 15:00:00,15,0,0,False,-19.0,18.18888888888889,-1.0,34.18888888888889,478.4222222222222,59.9755005638889,21.23444453333334,19.995833458333333,18.18888888888889,34.18888888888889,-19.0,0.0,52.37777777777778,33.37777777777778,478.4222222222222,59.9755005638889,33.37777777777778,0.0,0.5706006766666804,34.72634705133644,0.0,141.46666666666667,39.285714285714285,55.576190476190476,0.12,0.08,0,,18.18888888888889,0.0,33.37777777777778,9.094444444444445,2531.538888888891,7814.525,1265.7694444444455
2022-06-13 16:00:00,16,0,0,False,-19.0,3.8805555555555555,-1.0,34.044444444444444,478.6972222222222,60.00902725833334,22.46722224722222,20.573055938888885,3.8805555555555555,34.044444444444444,-19.0,0.0,37.925,18.924999999999997,478.6972222222222,60.00902725833334,18.924999999999997,0.0,0.5891672899999918,10.232183402915112,0.0,141.46666666666667,39.285714285714285,55.576190476190476,0.12,0.08,0,,3.8805555555555555,0.0,18.924999999999997,1.9402777777777778,2535.4194444444465,7814.525,1267.7097222222233
2022-06-13 17:00:00,17,0,0,False,-19.0,4.838888888888889,-1.0,34.00833333333333,482.06944444444446,60.003666583333334,23.364722333333333,20.949444347222222,4.838888888888889,34.00833333333333,-19.0,0.0,38.84722222222222,19.84722222222222,482.06944444444446,60.003666583333334,19.84722222222222,0.0,0.5956000999999986,12.456203074722918,0.0,141.46666666666667,39.285714285714285,55.576190476190476,0.12,0.08,0,,4.838888888888889,0.0,19.84722222222222,2.4194444444444443,2540.2583333333355,7814.525,1270.1291666666677
2022-06-13 18:00:00,18,0,0,False,-19.0,-0.7722222222222223,-1.0,35.69722222222222,484.03055555555557,60.00769384444445,24.074722330555556,21.278888719444446,0.0,35.69722222222222,-19.0,0.0,35.69722222222222,16.697222222222223,484.03055555555557,60.00769384444445,16.697222222222223,0.0,0.5907673866666642,0.0,0.0,141.46666666666667,39.285714285714285,55.576190476190476,0.18,0.096,0,,0.0,0.0,16.697222222222223,0.0,2540.2583333333355,7814.525,1270.1291666666677
2022-06-13 19:00:00,19,0,0,False,-19.0,-0.30833333333333335,-1.0,37.0,483.93611111111113,60.00886063888889,24.02638888888889,21.201667299999997,0.0,37.0,-19.0,0.0,37.0,18.0,483.93611111111113,60.00886063888889,18.0,0.0,0.5893672333333313,0.0,0.0,141.46666666666667,39.285714285714285,55.576190476190476,0.18,0.096,0,,0.0,0.0,18.0,0.0,2540.2583333333355,7814.525,1270.1291666666677
2022-06-13 20:00:00,20,0,0,False,-19.0,-0.35555555555555557,-1.0,37.0,483.90833333333336,60.00499964722221,24.127222516666663,21.238889069444443,0.0,37.0,-19.0,0.0,37.0,18.0,483.90833333333336,60.00499964722221,18.0,0.0,0.5940004233333439,0.0,0.0,141.46666666666667,39.285714285714285,55.576190476190476,0.18,0.096,0,,0.0,0.0,18.0,0.0,2540.2583333333355,7814.525,1270.1291666666677
2022-06-13 21:00:00,21,0,0,False,-18.980555555555554,-0.30277777777777776,-1.0,37.0,483.93611111111113,60.01077729444444,24.25111108888889,21.368333025000002,0.0,37.0,-18.980555555555554,0.0,37.0,18.019444444444446,483.93611111111113,60.01077729444444,18.019444444444446,0.0,0.5870672466666746,0.0,0.0,141.46666666666667,39.29667919799499,55.59170217209691,0.18,0.096,0,,0.0,0.0,18.019444444444446,0.0,2540.2583333333355,7814.525,1270.1291666666677
2022-06-13 22:00:00,22,0,0,False,-9.605555555555556,-0.16111111111111112,-1.0,37.0,485.325,60.01438849444445,24.290832516666665,21.422222222222224,0.0,37.0,-9.605555555555556,0.0,37.0,27.394444444444446,485.325,60.01438849444445,27.394444444444446,0.0,0.5827338066666641,0.0,0.0,141.46666666666667,44.583333333333336,63.07055555555556,0.18,0.096,0,,0.0,0.0,27.394444444444446,0.0,2540.2583333333355,7814.525,1270.1291666666677
2022-06-13 23:00:00,23,0,0,False,-2.636111111111111,-0.12777777777777777,-1.0,37.0,481.49444444444447,60.00919445555555,24.200000774999996,21.492222222222225,0.0,37.0,-2.636111111111111,0.0,37.0,34.36388888888889,481.49444444444447,60.00919445555555,34.36388888888889,0.0,0.5889666533333383,0.0,0.0,141.46666666666667,48.513471177944865,68.63039055973267,0.12,0.08,0,,0.0,0.0,34.36388888888889,0.0,2540.2583333333355,7814.525,1270.1291666666677
2022-06-14 00:00:00,0,0,1,False,-1.95,-0.11666666666666667,-1.0,37.0,485.2083333333333,60.00730501944444,24.09944450833333,21.52388888888889,0.0,37.0,-1.95,0.0,37.0,35.05,485.2083333333333,60.00730501944444,35.05,0.0,0.5912339766666747,0.0,0.0,141.46666666666667,48.900375939849624,69.17773182957393,0.12,0.08,0,,0.0,0.0,35.05,0.0,2540.2583333333355,7814.525,1270.1291666666677
2022-06-14 01:00:00,1,0,1,False,-0.39444444444444443,-0.07777777777777778,-1.0,37.0,486.2472222222222,60.00952739166666,23.979166666666668,21.551666666666666,0.0,37.0,-0.39444444444444443,0.0,37.0,36.605555555555554,486.2472222222222,60.00952739166666,36.605555555555554,0.0,0.5885671300000098,0.0,0.0,141.46666666666667,49.77756892230576,70.41866750208855,0.12,0.08,0,,0.0,0.0,36.605555555555554,0.0,2540.2583333333355,7814.525,1270.1291666666677
2022-06-14 02:00:00,2,0,1,False,0.0,-0.09444444444444444,-1.0,37.0,486.49444444444447,60.006444180555555,23.842499516666674,21.553055555555552,0.0,37.0,0.0,0.0,37.0,37.0,486.49444444444447,60.006444180555555,37.0,0.0,0.5922669833333344,0.0,0.0,141.46666666666667,50.0,70.73333333333333,0.12,0.08,0,,0.0,0.0,37.0,0.0,2540.2583333333355,7814.525,1270.1291666666677
2022-06-14 03:00:00,3,0,1,False,0.0,-0.03333333333333333,-1.0,37.00277777777778,486.56944444444446,60.009499588888886,23.701111855555553,21.52111111111111,0.0,37.00277777777778,0.0,0.0,37.00277777777778,37.00277777777778,486.56944444444446,60.009499588888886,37.00277777777778,0.0,0.5886004933333367,0.0,0.0,141.46666666666667,50.0,70.73333333333333,0.12,0.08,0,,0.0,0.0,37.00277777777778,0.0,2540.2583333333355,7814.525,1270.1291666666677
2022-06-14 04:00:00,4,0,1,False,0.0,-0.06666666666666667,-1.0,37.016666666666666,481.3722222222222,59.99363939166666,23.56277778333333,21.4875,0.0,37.016666666666666,0.0,0.0,37.016666666666666,37.016666666666666,481.3722222222222,59.99363939166666,37.016666666666666,0.0,0.592367269999994,0.0,0.0,141.46666666666667,50.0,70.73333333333333,0.12,0.08,0,,0.0,0.0,37.016666666666666,0.0,2540.2583333333355,7814.525,1270.1291666666677
2022-06-14 05:00:00,5,0,1,False,0.0,0.08333333333333333,-1.0,37.022222222222226,479.34444444444443,59.99736158333334,23.402499841666668,21.444166666666668,0.08333333333333333,37.022222222222226,0.0,0.0,37.10555555555556,37.10555555555556,479.34444444444443,59.99736158333334,37.10555555555556,0.0,0.5968339000000042,0.22458451864051499,0.0,141.46666666666667,50.0,70.73333333333333,0.12,0.08,0,,0.08333333333333333,0.0,37.10555555555556,0.041666666666666664,2540.341666666669,7814.525,1270.1708333333345
2022-06-14 06:00:00,6,0,1,False,0.0,6.463888888888889,-1.0,37.0,482.6138888888889,60.00516659444444,23.301943463888893,21.446944444444448,6.463888888888889,37.0,0.0,0.0,43.46388888888889,43.46388888888889,482.6138888888889,60.00516659444444,43.46388888888889,0.0,0.5938000866666726,14.871860420527897,0.0,141.46666666666667,50.0,70.73333333333333,0.18,0.096,0,,6.463888888888889,0.0,43.46388888888889,3.2319444444444443,2546.805555555558,7814.525,1273.402777777779
2022-06-14 07:00:00,7,0,1,False,-0.7916666666666666,17.169444444444444,-1.0,37.0,481.175,59.99138949444445,23.366110680555558,21.590277941666663,17.169444444444444,37.0,-0.7916666666666666,0.0,54.169444444444444,53.37777777777778,481.175,59.99138949444445,53.37777777777778,0.0,0.5896673933333375,31.695810471257886,0.0,141.46666666666667,49.55357142857143,70.10178571428571,0.18,0.096,0,,17.169444444444444,0.0,53.37777777777778,8.584722222222222,2563.975000000002,7814.525,1281.987500000001
2022-06-14 08:00:00,8,0,1,False,-1.0,25.977777777777778,92.15,37.0,482.0388888888889,59.991889263888886,18.436666580555556,15.668889199999997,25.977777777777778,37.0,-1.0,92.15,62.977777777777774,-30.17222222222223,482.0388888888889,59.991889263888886,0.0,30.17222222222223,0.5902671166666635,27.888113556390525,99.37810051046085,141.46666666666667,49.43609022556391,69.93558897243108,0.18,0.096,0,,25.977777777777778,92.15,-30.17222222222223,12.988888888888889,2589.95277777778,7906.674999999999,1294.97638888889
2022-06-14 09:00:00,9,0,1,False,-0.22777777777777777,32.888888888888886,124.08888888888889,36.355555555555554,482.1333333333333,59.98886174444445,16.161666580555558,13.082777777777778,32.888888888888886,36.355555555555554,-0.22777777777777777,124.08888888888889,69.24444444444444,-55.07222222222222,482.1333333333333,59.98886174444445,0.0,55.07222222222222,0.586634093333339,26.455735800151942,133.82222541759532,141.46666666666667,49.87155388471178,70.55162489557226,0.18,0.096,0,,32.888888888888886,124.08888888888889,-55.07222222222222,16.444444444444443,2622.8416666666685,8030.763888888888,1311.4208333333343
2022-06-14 10:00:00,10,0,1,False,0.0,37.55833333333333,120.225,35.84166666666667,482.2916666666667,60.00638833888889,11.648333333333332,9.777777777777779,37.55833333333333,35.84166666666667,0.0,120.225,73.4,-46.82499999999999,482.2916666666667,60.00638833888889,0.0,46.82499999999999,0.5923339933333324,31.24003604352949,129.65525918470053,141.46666666666667,50.0,70.73333333333333,0.18,0.096,0,,37.55833333333333,120.225,-46.82499999999999,18.779166666666665,2660.400000000002,8150.988888888888,1330.200000000001
2022-06-14 11:00:00,11,0,1,False,0.0,39.791666666666664,122.11666666666666,34.861111111111114,483.8277777777778,59.99375037222223,10.301666666666668,8.818888888888889,39.791666666666664,34.861111111111114,0.0,122.11666666666666,74.65277777777777,-47.46388888888889,483.8277777777778,59.99375037222223,0.0,47.46388888888889,0.5925004466666763,32.58495973795551,131.69530519807319,141.46666666666667,50.0,70.73333333333333,0.12,0.08,0,,39.791666666666664,122.11666666666666,-47.46388888888889,19.895833333333332,2700.1916666666684,8273.105555555554,1350.0958333333342
2022-06-14 12:00:00,12,0,1,False,0.0,39.919444444444444,27.555555555555557,34.06944444444444,479.84722222222223,59.99308360833333,12.415555555555557,11.88722222222222,39.919444444444444,34.06944444444444,0.0,27.555555555555557,73.98888888888888,46.43333333333332,479.84722222222223,59.99308360833333,46.43333333333332,0.0,0.5917003299999948,53.95329629073436,29.716969827689503,141.46666666666667,50.0,70.73333333333333,0.12,0.08,0,,39.919444444444444,27.555555555555557,46.43333333333332,19.959722222222222,2740.1111111111127,8300.661111111109,1370.0555555555563
2022-06-14 13:00:00,13,0,1,False,0.0,35.94722222222222,-1.0,34.125,479.40277777777777,59.98377835277778,12.4775,11.428055555555556,35.94722222222222,34.125,0.0,0.0,70.07222222222222,70.07222222222222,479.40277777777777,59.98377835277778,70.07222222222222,0.0,0.5805340233333396,51.30024577816539,0.0,141.46666666666667,50.0,70.73333333333333,0.12,0.08,0,,35.94722222222222,0.0,70.07222222222222,17.97361111111111,2776.0583333333348,8300.661111111109,1388.0291666666674
2022-06-14 14:00:00,14,0,1,False,0.0,24.102777777777778,-1.0,34.16388888888889,481.14444444444445,60.00158315555556,15.364166666666668,14.773333333333332,24.102777777777778,34.16388888888889,0.0,0.0,58.266666666666666,58.266666666666666,481.14444444444445,60.00158315555556,58.266666666666666,0.0,0.5981002133333305,41.366323417238746,0.0,141.46666666666667,50.0,70.73333333333333,0.12,0.08,0,,24.102777777777778,0.0,58.266666666666666,12.051388888888889,2800.1611111111124,8300.661111111109,1400.0805555555562
2022-06-14 15:00:00,15,0,1,False,0.0,14.858333333333333,-1.0,36.81388888888889,479.93888888888887,60.003833099999994,16.20694448888889,15.307777777777781,14.858333333333333,36.81388888888889,0.0,0.0,51.672222222222224,51.672222222222224,479.93888888888887,60.003833099999994,51.672222222222224,0.0,0.5954002800000069,28.754972583593158,0.0,141.46666666666667,50.0,70.73333333333333,0.12,0.08,0,,14.858333333333333,0.0,51.672222222222224,7.429166666666666,2815.0194444444455,8300.661111111109,1407.5097222222228
2022-06-14 16:00:00,16,0,1,False,0.0,14.233333333333333,-1.0,37.0,480.7972222222222,59.98911184722223,16.877222274999998,15.69972222222222,14.233333333333333,37.0,0.0,0.0,51.233333333333334,51.233333333333334,480.7972222222222,59.98911184722223,51.233333333333334,0.0,0.5869342166666797,27.781392322706573,0.0,141.46666666666667,50.0,70.73333333333333,0.12,0.08,0,,14.233333333333333,0.0,51.233333333333334,7.116666666666666,2829.2527777777786,8300.661111111109,1414.6263888888893
2022-06-14 17:00:00,17,0,1,False,0.0,7.825,-1.0,37.0,486.28333333333336,60.01294367777777,17.662777724999998,16.061666813888888,7.825,37.0,0.0,0.0,44.825,44.825,486.28333333333336,60.01294367777777,44.825,0.0,0.5844675866666762,17.456776352481874,0.0,141.46666666666667,50.0,70.73333333333333,0.12,0.08,0,,7.825,0.0,44.825,3.9125,2837.0777777777785,8300.661111111109,1418.5388888888892
2022-06-14 18:00:00,18,0,1,False,0.0,-0.1361111111111111,-1.0,37.0,484.76944444444445,60.008943877777774,18.288333341666668,16.319444338888893,0.0,37.0,0.0,0.0,37.0,37.0,484.76944444444445,60.008943877777774,37.0,0.0,0.5892673466666707,0.0,0.0,141.46666666666667,50.0,70.73333333333333,0.18,0.096,0,,0.0,0.0,37.0,0.0,2837.0777777777785,8300.661111111109,1418.5388888888892
2022-06-14 19:00:00,19,0,1,False,0.0,-0.15833333333333333,-1.0,37.0,483.02777777777777,60.004444172222215,18.759444475,16.53638895,0.0,37.0,0.0,0.0,37.0,37.0,483.02777777777777,60.004444172222215,37.0,0.0,0.5946669933333425,0.0,0.0,141.46666666666667,50.0,70.73333333333333,0.18,0.096,0,,0.0,0.0,37.0,0.0,2837.0777777777785,8300.661111111109,1418.5388888888892
2022-06-14 20:00:00,20,0,1,False,0.0,-0.12222222222222222,-1.0,37.0,485.85555555555555,59.99713918333334,19.125555880555552,16.75388868611111,0.0,37.0,0.0,0.0,37.0,37.0,485.85555555555555,59.99713918333334,37.0,0.0,0.5965670200000062,0.0,0.0,141.46666666666667,50.0,70.73333333333333,0.18,0.096,0,,0.0,0.0,37.0,0.0,2837.0777777777785,8300.661111111109,1418.5388888888892
2022-06-14 21:00:00,21,0,1,False,0.0,-0.125,-1.0,37.0,482.6222222222222,59.995722574999995,19.366666344444447,16.889166397222223,0.0,37.0,0.0,0.0,37.0,37.0,482.6222222222222,59.995722574999995,37.0,0.0,0.5948670899999939,0.0,0.0,141.46666666666667,50.0,70.73333333333333,0.18,0.096,0,,0.0,0.0,37.0,0.0,2837.0777777777785,8300.661111111109,1418.5388888888892
2022-06-14 22:00:00,22,0,1,False,0.0,-0.09166666666666666,-1.0,37.0,482.34444444444443,60.008832766666664,19.571111194444445,17.044444444444444,0.0,37.0,0.0,0.0,37.0,37.0,482.34444444444443,60.008832766666664,37.0,0.0,0.5894006800000028,0.0,0.0,141.46666666666667,50.0,70.73333333333333,0.18,0.096,0,,0.0,0.0,37.0,0.0,2837.0777777777785,8300.661111111109,1418.5388888888892
2022-06-14 23:00:00,23,0,1,False,0.0,-0.06111111111111111,-1.0,37.0,482.52777777777777,60.015249641666664,19.703334216666665,17.138611480555554,0.0,37.0,0.0,0.0,37.0,37.0,482.52777777777777,60.015249641666664,37.0,0.0,0.5817004300000036,0.0,0.0,141.46666666666667,50.0,70.73333333333333,0.12,0.08,0,,0.0,0.0,37.0,0.0,2837.0777777777785,8300.661111111109,1418.5388888888892
2022-06-15 00:00:00,0,0,2,False,0.0,-0.030555555555555555,-1.0,37.0,483.71944444444443,60.012055194444436,19.712500749999997,17.230000391666668,0.0,37.0,0.0,0.0,37.0,37.0,483.71944444444443,60.012055194444436,37.0,0.0,0.585533766666677,0.0,0.0,141.46666666666667,50.0,70.73333333333333,0.12,0.08,0,,0.0,0.0,37.0,0.0,2837.0777777777785,8300.661111111109,1418.5388888888892
2022-06-15 01:00:00,1,0,2,False,0.0,0.0,-1.0,37.0,484.7944444444444,60.00613825833334,19.700278772222216,17.293610297222227,0.0,37.0,0.0,0.0,37.0,37.0,484.7944444444444,60.00613825833334,37.0,0.0,0.5926340899999957,0.0,0.0,141.46666666666667,50.0,70.73333333333333,0.12,0.08,0,,0.0,0.0,37.0,0.0,2837.0777777777785,8300.661111111109,1418.5388888888892
2022-06-15 02:00:00,2,0,2,False,0.0,0.0,-1.0,37.01111111111111,486.9194444444444,59.99605567222223,19.619444769444442,17.29166589166667,0.0,37.01111111111111,0.0,0.0,37.01111111111111,37.01111111111111,486.9194444444444,59.99605567222223,37.01111111111111,0.0,0.5952668066666718,0.0,0.0,141.46666666666667,50.0,70.73333333333333,0.12,0.08,0,,0.0,0.0,37.01111111111111,0.0,2837.0777777777785,8300.661111111109,1418.5388888888892
2022-06-15 03:00:00,3,0,2,False,0.0,0.0,-1.0,37.00555555555555,486.5416666666667,60.00083331388889,19.43194443888889,17.259722027777777,0.0,37.00555555555555,0.0,0.0,37.00555555555555,37.00555555555555,486.5416666666667,60.00083331388889,37.00555555555555,0.0,0.5990000233333319,0.0,0.0,141.46666666666667,50.0,70.73333333333333,0.12,0.08,0,,0.0,0.0,37.00555555555555,0.0,2837.0777777777785,8300.661111111109,1418.5388888888892
2022-06-15 04:00:00,4,0,2,False,0.0,0.0,-1.0,37.00833333333333,485.68888888888887,60.00058342222222,19.303610872222226,17.15694480555555,0.0,37.00833333333333,0.0,0.0,37.00833333333333,37.00833333333333,485.68888888888887,60.00058342222222,37.00833333333333,0.0,0.5992998933333353,0.0,0.0,141.46666666666667,50.0,70.73333333333333,0.12,0.08,0,,0.0,0.0,37.00833333333333,0.0,2837.0777777777785,8300.661111111109,1418.5388888888892
2022-06-15 05:00:00,5,0,2,False,0.0,0.2222222222222222,-1.0,37.0,485.8027777777778,60.01577697777777,19.12333358333333,16.92361081944445,0.2222222222222222,37.0,0.0,0.0,37.22222222222222,37.22222222222222,485.8027777777778,60.01577697777777,37.22222222222222,0.0,0.5810676266666774,0.5970149253731344,0.0,141.46666666666667,50.0,70.73333333333333,0.12,0.08,0,,0.2222222222222222,0.0,37.22222222222222,0.1111111111111111,2837.3000000000006,8300.661111111109,1418.6500000000003
2022-06-15 06:00:00,6,0,2,False,0.0,8.077777777777778,-1.0,37.0,484.89166666666665,60.00138884166667,19.026944444444442,16.66611123611111,8.077777777777778,37.0,0.0,0.0,45.077777777777776,45.077777777777776,484.89166666666665,60.00138884166667,45.077777777777776,0.0,0.5983333899999991,17.919645057924573,0.0,141.46666666666667,50.0,70.73333333333333,0.18,0.096,0,,8.077777777777778,0.0,45.077777777777776,4.038888888888889,2845.377777777778,8300.661111111109,1422.688888888889
2022-06-15 07:00:00,7,0,2,False,0.0,17.96388888888889,-1.0,37.0,485.1111111111111,59.98511177777778,19.17194454722222,16.532777777777774,17.96388888888889,37.0,0.0,0.0,54.96388888888889,54.96388888888889,485.1111111111111,59.98511177777778,54.96388888888889,0.0,0.5821341333333379,32.683074746045385,0.0,141.46666666666667,50.0,70.73333333333333,0.18,0.096,0,,17.96388888888889,0.0,54.96388888888889,8.981944444444444,2863.341666666667,8300.661111111109,1431.6708333333336
2022-06-15 08:00:00,8,0,2,False,0.0,27.383333333333333,-1.0,37.0,483.475,59.99605585277778,19.476388872222223,16.52,27.383333333333333,37.0,0.0,0.0,64.38333333333333,64.38333333333333,483.475,59.99605585277778,64.38333333333333,0.0,0.595267023333335,42.53171110535853,0.0,141.46666666666667,50.0,70.73333333333333,0.18,0.096,0,,27.383333333333333,0.0,64.38333333333333,13.691666666666666,2890.7250000000004,8300.661111111109,1445.3625000000002
2022-06-15 09:00:00,9,0,2,False,0.0,33.63333333333333,-1.0,37.0,484.27222222222224,59.9896394,19.977222319444444,16.620833622222218,33.63333333333333,37.0,0.0,0.0,70.63333333333333,70.63333333333333,484.27222222222224,59.9896394,70.63333333333333,0.0,0.5875672800000018,47.61680037753658,0.0,141.46666666666667,50.0,70.73333333333333,0.18,0.096,0,,33.63333333333333,0.0,70.63333333333333,16.816666666666666,2924.3583333333336,8300.661111111109,1462.1791666666668
2022-06-15 10:00:00,10,0,2,False,0.0,37.1,-1.0,36.41111111111111,483.25,59.99291750833333,21.171944569444445,16.906110775,37.1,36.41111111111111,0.0,0.0,73.51111111111112,73.51111111111112,483.25,59.99291750833333,73.51111111111112,0.0,0.5915010099999932,50.468561064087055,0.0,141.46666666666667,50.0,70.73333333333333,0.18,0.096,0,,37.1,0.0,73.51111111111112,18.55,2961.4583333333335,8300.661111111109,1480.7291666666667
2022-06-15 11:00:00,11,0,2,False,0.0,39.147222222222226,-1.0,35.327777777777776,481.50555555555553,59.988806161111114,22.509166680555555,17.70388888611111,39.147222222222226,35.327777777777776,0.0,0.0,74.475,74.475,481.50555555555553,59.988806161111114,74.475,0.0,0.5865673933333369,52.56424601842529,0.0,141.46666666666667,50.0,70.73333333333333,0.12,0.08,0,,39.147222222222226,0.0,74.475,19.573611111111113,3000.605555555556,8300.661111111109,1500.302777777778
2022-06-15 12:00:00,12,0,2,False,0.0,39.772222222222226,-1.0,34.05555555555556,481.5444444444444,59.998305711111115,23.776388830555558,18.68222227777778,39.772222222222226,34.05555555555556,0.0,0.0,73.82777777777778,73.82777777777778,481.5444444444444,59.998305711111115,73.82777777777778,0.0,0.5979668533333381,53.87162314696366,0.0,141.46666666666667,50.0,70.73333333333333,0.12,0.08,0,,39.772222222222226,0.0,73.82777777777778,19.886111111111113,3040.377777777778,8300.661111111109,1520.188888888889
2022-06-15 13:00:00,13,0,2,False,0.0,38.833333333333336,-1.0,34.125,482.2916666666667,59.99563913888889,24.94555544722222,19.677222247222225,38.833333333333336,34.125,0.0,0.0,72.95833333333334,72.95833333333334,482.2916666666667,59.99563913888889,72.95833333333334,0.0,0.5947669666666684,53.22672758423758,0.0,141.46666666666667,50.0,70.73333333333333,0.12,0.08,0,,38.833333333333336,0.0,72.95833333333334,19.416666666666668,3079.2111111111117,8300.661111111109,1539.6055555555558
2022-06-15 14:00:00,14,0,2,False,0.0,26.725,-1.0,34.11388888888889,482.2111111111111,59.99700042222222,26.001666625000002,20.52194448611111,26.725,34.11388888888889,0.0,0.0,60.83888888888889,60.83888888888889,482.2111111111111,59.99700042222222,60.83888888888889,0.0,0.5964005066666658,43.927495205917275,0.0,141.46666666666667,50.0,70.73333333333333,0.12,0.08,0,,26.725,0.0,60.83888888888889,13.3625,3105.9361111111116,8300.661111111109,1552.9680555555558
2022-06-15 15:00:00,15,0,2,False,0.0,25.858333333333334,-1.0,34.07222222222222,483.81111111111113,60.00227787222222,26.808333394444446,21.059722055555554,25.858333333333334,34.07222222222222,0.0,0.0,59.93055555555556,59.93055555555556,483.81111111111113,60.00227787222222,59.93055555555556,0.0,0.5972665533333327,43.14716106604867,0.0,141.46666666666667,50.0,70.73333333333333,0.12,0.08,0,,25.858333333333334,0.0,59.93055555555556,12.929166666666667,3131.7944444444447,8300.661111111109,1565.8972222222224
2022-06-15 16:00:00,16,0,2,False,0.0,9.786111111111111,-1.0,34.03888888888889,484.2888888888889,60.00255551944445,27.56555562222222,21.553888963888888,9.786111111111111,34.03888888888889,0.0,0.0,43.825,43.825,484.2888888888889,60.00255551944445,43.825,0.0,0.5969333766666608,22.329974012803447,0.0,141.46666666666667,50.0,70.73333333333333,0.12,0.08,0,,9.786111111111111,0.0,43.825,4.893055555555556,3141.5805555555557,8300.661111111109,1570.7902777777779
2022-06-15 17:00:00,17,0,2,False,0.0,8.3,-1.0,34.75833333333333,480.9972222222222,60.00188879999999,27.89472193611111,21.754444622222223,8.3,34.75833333333333,0.0,0.0,43.05833333333334,43.05833333333334,480.9972222222222,60.00188879999999,43.05833333333334,0.0,0.5977334400000132,19.276175730598023,0.0,141.46666666666667,50.0,70.73333333333333,0.12,0.08,0,,8.3,0.0,43.05833333333334,4.15,3149.880555555556,8300.661111111109,1574.940277777778
2022-06-15 18:00:00,18,0,2,False,0.0,0.625,-1.0,35.333333333333336,483.125,60.00252768888889,28.12027813333333,21.988333325,0.625,35.333333333333336,0.0,0.0,35.958333333333336,35.958333333333336,483.125,60.00252768888889,35.958333333333336,0.0,0.5969667733333324,1.7381228273464655,0.0,141.46666666666667,50.0,70.73333333333333,0.18,0.096,0,,0.625,0.0,35.958333333333336,0.3125,3150.505555555556,8300.661111111109,1575.252777777778
2022-06-15 19:00:00,19,0,2,False,0.0,-0.5694444444444444,-1.0,36.644444444444446,484.1,60.011027388888884,28.225000483333325,22.15222273333333,0.0,36.644444444444446,0.0,0.0,36.644444444444446,36.644444444444446,484.1,60.011027388888884,36.644444444444446,0.0,0.5867671333333391,0.0,0.0,141.46666666666667,50.0,70.73333333333333,0.18,0.096,0,,0.0,0.0,36.644444444444446,0.0,3150.505555555556,8300.661111111109,1575.252777777778
2022-06-15 20:00:00,20,0,2,False,0.0,-0.38055555555555554,-1.0,37.0,485.0805555555556,59.996166983333325,28.08666688055556,22.226944905555555,0.0,37.0,0.0,0.0,37.0,37.0,485.0805555555556,59.996166983333325,37.0,0.0,0.5954003799999895,0.0,0.0,141.46666666666667,50.0,70.73333333333333,0.18,0.096,0,,0.0,0.0,37.0,0.0,3150.505555555556,8300.661111111109,1575.252777777778
2022-06-15 21:00:00,21,0,2,False,0.0,-0.28055555555555556,-1.0,37.0,483.7638888888889,59.99533372500001,27.89611081666667,22.266110788888888,0.0,37.0,0.0,0.0,37.0,37.0,483.7638888888889,59.99533372500001,37.0,0.0,0.5944004700000107,0.0,0.0,141.46666666666667,50.0,70.73333333333333,0.18,0.096,0,,0.0,0.0,37.0,0.0,3150.505555555556,8300.661111111109,1575.252777777778
2022-06-15 22:00:00,22,0,2,False,0.0,-0.20833333333333334,-1.0,37.0,484.675,60.00927746666666,27.677500274999996,22.28888812777778,0.0,37.0,0.0,0.0,37.0,37.0,484.675,60.00927746666666,37.0,0.0,0.588867040000008,0.0,0.0,141.46666666666667,50.0,70.73333333333333,0.18,0.096,0,,0.0,0.0,37.0,0.0,3150.505555555556,8300.661111111109,1575.252777777778
2022-06-15 23:00:00,23,0,2,False,0.0,-0.2,-1.0,37.0,484.93333333333334,60.01686074444444,27.514166666666668,22.289999208333338,0.0,37.0,0.0,0.0,37.0,37.0,484.93333333333334,60.01686074444444,37.0,0.0,0.579767106666668,0.0,0.0,141.46666666666667,50.0,70.73333333333333,0.12,0.08,0,,0.0,0.0,37.0,0.0,3150.505555555556,8300.661111111109,1575.252777777778
2022-06-16 00:00:00,0,0,3,False,0.0,-0.16666666666666666,-1.0,37.0,482.4138888888889,59.99558302222223,27.331110433333343,22.287777047222225,0.0,37.0,0.0,0.0,37.0,37.0,482.4138888888889,59.99558302222223,37.0,0.0,0.594699626666673,0.0,0.0,141.46666666666667,50.0,70.73333333333333,0.12,0.08,0,,0.0,0.0,37.0,0.0,3150.505555555556,8300.661111111109,1575.252777777778
2022-06-16 01:00:00,1,0,3,False,0.0,-0.1111111111111111,-1.0,37.0,483.2361111111111,60.00305516111111,27.167222555555558,22.262221977777777,0.0,37.0,0.0,0.0,37.0,37.0,483.2361111111111,60.00305516111111,37.0,0.0,0.5963338066666722,0.0,0.0,141.46666666666667,50.0,70.73333333333333,0.12,0.08,0,,0.0,0.0,37.0,0.0,3150.505555555556,8300.661111111109,1575.252777777778
2022-06-16 02:00:00,2,0,3,False,0.0,-0.044444444444444446,-1.0,37.0,485.22777777777776,60.004694066666666,26.92277764722222,22.167222763888883,0.0,37.0,0.0,0.0,37.0,37.0,485.22777777777776,60.004694066666666,37.0,0.0,0.5943671200000011,0.0,0.0,141.46666666666667,50.0,70.73333333333333,0.12,0.08,0,,0.0,0.0,37.0,0.0,3150.505555555556,8300.661111111109,1575.252777777778
2022-06-16 03:00:00,3,0,3,False,0.0,-0.041666666666666664,-1.0,37.00277777777778,484.8388888888889,59.998555683333336,26.64361126944444,22.04111111111111,0.0,37.00277777777778,0.0,0.0,37.00277777777778,37.00277777777778,484.8388888888889,59.998555683333336,37.00277777777778,0.0,0.5982668200000034,0.0,0.0,141.46666666666667,50.0,70.73333333333333,0.12,0.08,0,,0.0,0.0,37.00277777777778,0.0,3150.505555555556,8300.661111111109,1575.252777777778
2022-06-16 04:00:00,4,0,3,False,0.0,-0.022222222222222223,-1.0,37.0,484.875,60.00813854166666,26.32249978611111,21.97194444166667,0.0,37.0,0.0,0.0,37.0,37.0,484.875,60.00813854166666,37.0,0.0,0.5902337500000072,0.0,0.0,141.46666666666667,50.0,70.73333333333333,0.12,0.08,0,,0.0,0.0,37.0,0.0,3150.505555555556,8300.661111111109,1575.252777777778
2022-06-16 05:00:00,5,0,3,False,0.0,0.07222222222222222,-1.0,37.00277777777778,485.96944444444443,60.00241629722222,26.024166777777776,21.855555125000006,0.07222222222222222,37.00277777777778,0.0,0.0,37.075,37.075,485.96944444444443,60.00241629722222,37.075,0.0,0.5971004433333377,0.19480032966209632,0.0,141.46666666666667,50.0,70.73333333333333,0.12,0.08,0,,0.07222222222222222,0.0,37.075,0.03611111111111111,3150.577777777778,8300.661111111109,1575.288888888889
2022-06-16 06:00:00,6,0,3,False,0.0,7.161111111111111,-1.0,37.0,482.8361111111111,59.99013925833333,25.71666670833334,21.766110797222225,7.161111111111111,37.0,0.0,0.0,44.16111111111111,44.16111111111111,482.8361111111111,59.99013925833333,44.16111111111111,0.0,0.5881671099999949,16.215876210844133,0.0,141.46666666666667,50.0,70.73333333333333,0.18,0.096,0,,7.161111111111111,0.0,44.16111111111111,3.5805555555555557,3157.738888888889,8300.661111111109,1578.8694444444445
2022-06-16 07:00:00,7,0,3,False,0.0,17.56388888888889,-1.0,37.0,483.99444444444447,60.00855524166666,25.576944444444447,21.80472147777778,17.56388888888889,37.0,0.0,0.0,54.56388888888889,54.56388888888889,483.99444444444447,60.00855524166666,54.56388888888889,0.0,0.5897337100000044,32.18958407575217,0.0,141.46666666666667,50.0,70.73333333333333,0.18,0.096,0,,17.56388888888889,0.0,54.56388888888889,8.781944444444445,3175.302777777778,8300.661111111109,1587.651388888889
2022-06-16 08:00:00,8,0,3,False,0.0,26.616666666666667,-1.0,37.0,482.4972222222222,59.99541702222222,25.54194444444444,21.92166658888889,26.616666666666667,37.0,0.0,0.0,63.61666666666667,63.61666666666667,482.4972222222222,59.99541702222222,63.61666666666667,0.0,0.5945004266666644,41.839140686402935,0.0,141.46666666666667,50.0,70.73333333333333,0.18,0.096,0,,26.616666666666667,0.0,63.61666666666667,13.308333333333334,3201.9194444444447,8300.661111111109,1600.9597222222224
2022-06-16 09:00:00,9,0,3,False,0.0,33.327777777777776,-1.0,36.99722222222222,484.43055555555554,60.004055461111115,25.68805561111111,22.071944602777776,33.327777777777776,36.99722222222222,0.0,0.0,70.32499999999999,70.32499999999999,484.43055555555554,60.004055461111115,70.32499999999999,0.0,0.5951334466666622,47.39108109175653,0.0,141.46666666666667,50.0,70.73333333333333,0.18,0.096,0,,33.327777777777776,0.0,70.32499999999999,16.663888888888888,3235.2472222222223,8300.661111111109,1617.6236111111111
2022-06-16 10:00:00,10,0,3,False,0.0,37.21388888888889,-1.0,36.18888888888889,481.3,59.985583930555556,26.477499938888887,22.36361099166667,37.21388888888889,36.18888888888889,0.0,0.0,73.40277777777777,73.40277777777777,481.3,59.985583930555556,73.40277777777777,0.0,0.5827007166666675,50.698202459791865,0.0,141.46666666666667,50.0,70.73333333333333,0.18,0.096,0,,37.21388888888889,0.0,73.40277777777777,18.606944444444444,3272.461111111111,8300.661111111109,1636.2305555555556
2022-06-16 11:00:00,11,0,3,False,0.0,39.44166666666667,-1.0,35.75,480.675,59.992250322222226,27.404722194444446,23.066666625,39.44166666666667,35.75,0.0,0.0,75.19166666666666,75.19166666666666,480.675,59.992250322222226,75.19166666666666,0.0,0.5907003866666712,52.45483763714951,0.0,141.46666666666667,50.0,70.73333333333333,0.12,0.08,0,,39.44166666666667,0.0,75.19166666666666,19.720833333333335,3311.902777777778,8300.661111111109,1655.951388888889
2022-06-16 12:00:00,12,0,3,False,0.0,37.11388888888889,-1.0,34.419444444444444,482.6111111111111,59.997305930555555,28.299722163888894,23.95694449722222,37.11388888888889,34.419444444444444,0.0,0.0,71.53333333333333,71.53333333333333,482.6111111111111,59.997305930555555,71.53333333333333,0.0,0.5967671166666662,51.88334886610748,0.0,141.46666666666667,50.0,70.73333333333333,0.12,0.08,0,,37.11388888888889,0.0,71.53333333333333,18.556944444444444,3349.016666666667,8300.661111111109,1674.5083333333334
2022-06-16 13:00:00,13,0,3,False,0.0,33.105555555555554,-1.0,34.047222222222224,482.9888888888889,59.99036166944445,29.03416656944445,24.69694448611111,33.105555555555554,34.047222222222224,0.0,0.0,67.15277777777777,67.15277777777777,482.9888888888889,59.99036166944445,67.15277777777777,0.0,0.5884340033333358,49.298862461220274,0.0,141.46666666666667,50.0,70.73333333333333,0.12,0.08,0,,33.105555555555554,0.0,67.15277777777777,16.552777777777777,3382.1222222222223,8300.661111111109,1691.0611111111111
2022-06-16 14:00:00,14,0,3,False,0.0,31.288888888888888,-1.0,34.025,479.0,60.00724981388889,29.643055402777776,25.375000005555552,31.288888888888888,34.025,0.0,0.0,65.31388888888888,65.31388888888888,479.0,60.00724981388889,65.31388888888888,0.0,0.5913002233333315,47.90541402628333,0.0,141.46666666666667,50.0,70.73333333333333,0.12,0.08,0,,31.288888888888888,0.0,65.31388888888888,15.644444444444444,3413.411111111111,8300.661111111109,1706.7055555555555
2022-06-16 15:00:00,15,0,3,False,0.0,11.183333333333334,-1.0,35.830555555555556,482.13055555555553,59.996389219444445,29.82083336666667,25.593055916666668,11.183333333333334,35.830555555555556,0.0,0.0,47.013888888888886,47.013888888888886,482.13055555555553,59.996389219444445,47.013888888888886,0.0,0.5956670633333345,23.787296898079767,0.0,141.46666666666667,50.0,70.73333333333333,0.12,0.08,0,,11.183333333333334,0.0,47.013888888888886,5.591666666666667,3424.5944444444444,8300.661111111109,1712.2972222222222
2022-06-16 16:00:00,16,0,3,False,0.0,3.7916666666666665,-1.0,37.0,484.1,59.99697241388889,29.478333333333335,25.450555555555557,3.7916666666666665,37.0,0.0,0.0,40.791666666666664,40.791666666666664,484.1,59.99697241388889,40.791666666666664,0.0,0.5963668966666688,9.295199182839632,0.0,141.46666666666667,50.0,70.73333333333333,0.12,0.08,0,,3.7916666666666665,0.0,40.791666666666664,1.8958333333333333,3428.386111111111,8300.661111111109,1714.1930555555555
2022-06-16 17:00:00,17,0,3,False,0.0,4.358333333333333,-1.0,37.0,482.5527777777778,60.01388806944444,29.47555555555556,25.505555555555556,4.358333333333333,37.0,0.0,0.0,41.358333333333334,41.358333333333334,482.5527777777778,60.01388806944444,41.358333333333334,0.0,0.5833343166666708,10.537981059842837,0.0,141.46666666666667,50.0,70.73333333333333,0.12,0.08,0,,4.358333333333333,0.0,41.358333333333334,2.1791666666666667,3432.744444444444,8300.661111111109,1716.372222222222
2022-06-16 18:00:00,18,0,3,False,0.0,0.019444444444444445,-1.0,37.0,484.525,60.01172153888889,29.431666608333327,25.54361111111111,0.019444444444444445,37.0,0.0,0.0,37.019444444444446,37.019444444444446,484.525,60.01172153888889,37.019444444444446,0.0,0.5859341533333292,0.052524949350941694,0.0,141.46666666666667,50.0,70.73333333333333,0.18,0.096,0,,0.019444444444444445,0.0,37.019444444444446,0.009722222222222222,3432.7638888888887,8300.661111111109,1716.3819444444443
2022-06-16 19:00:00,19,0,3,False,0.0,-0.2972222222222222,-1.0,37.0,487.05555555555554,60.002222149999994,29.29305479444445,25.50361111111111,0.0,37.0,0.0,0.0,37.0,37.0,487.05555555555554,60.002222149999994,37.0,0.0,0.5973334200000068,0.0,0.0,141.46666666666667,50.0,70.73333333333333,0.18,0.096,0,,0.0,0.0,37.0,0.0,3432.7638888888887,8300.661111111109,1716.3819444444443
2022-06-16 20:00:00,20,0,3,False,0.0,-0.2638888888888889,-1.0,37.0,484.3666666666667,59.996778044444454,29.123333699999996,25.46027777777778,0.0,37.0,0.0,0.0,37.0,37.0,484.3666666666667,59.996778044444454,37.0,0.0,0.5961336533333451,0.0,0.0,141.46666666666667,50.0,70.73333333333333,0.18,0.096,0,,0.0,0.0,37.0,0.0,3432.7638888888887,8300.661111111109,1716.3819444444443
2022-06-16 21:00:00,21,0,3,False,0.0,-0.10833333333333334,-1.0,37.0,486.19166666666666,59.999610947222216,28.89166648333333,25.349721694444447,0.0,37.0,0.0,0.0,37.0,37.0,486.19166666666666,59.999610947222216,37.0,0.0,0.5995331366666591,0.0,0.0,141.46666666666667,50.0,70.73333333333333,0.18,0.096,0,,0.0,0.0,37.0,0.0,3432.7638888888887,8300.661111111109,1716.3819444444443
2022-06-16 22:00:00,22,0,3,False,0.0,-0.09444444444444444,-1.0,37.00277777777778,482.80833333333334,60.009222236111114,28.598333405555554,25.182500291666667,0.0,37.00277777777778,0.0,0.0,37.00277777777778,37.00277777777778,482.80833333333334,60.009222236111114,37.00277777777778,0.0,0.5889333166666632,0.0,0.0,141.46666666666667,50.0,70.73333333333333,0.18,0.096,0,,0.0,0.0,37.00277777777778,0.0,3432.7638888888887,8300.661111111109,1716.3819444444443
2022-06-16 23:00:00,23,0,3,False,0.0,-0.03333333333333333,-1.0,37.00277777777778,482.27222222222224,60.009888672222225,28.196388833333337,24.979722213888888,0.0,37.00277777777778,0.0,0.0,37.00277777777778,37.00277777777778,482.27222222222224,60.009888672222225,37.00277777777778,0.0,0.5881335933333304,0.0,0.0,141.46666666666667,50.0,70.73333333333333,0.12,0.08,0,,0.0,0.0,37.00277777777778,0.0,3432.7638888888887,8300.661111111109,1716.3819444444443
2022-06-17 00:00:00,0,0,4,False,0.0,0.0,-1.0,37.0,480.9972222222222,60.000833130555556,27.786944472222224,24.773333333333326,0.0,37.0,0.0,0.0,37.0,37.0,480.9972222222222,60.000833130555556,37.0,0.0,0.599000243333333,0.0,0.0,141.46666666666667,50.0,70.73333333333333,0.12,0.08,0,,0.0,0.0,37.0,0.0,3432.7638888888887,8300.661111111109,1716.3819444444443
2022-06-17 01:00:00,1,0,4,False,0.0,0.0,-1.0,37.0,481.0472222222222,59.99600043611111,27.351388683333333,24.601111349999993,0.0,37.0,0.0,0.0,37.0,37.0,481.0472222222222,59.99600043611111,37.0,0.0,0.5952005233333324,0.0,0.0,141.46666666666667,50.0,70.73333333333333,0.12,0.08,0,,0.0,0.0,37.0,0.0,3432.7638888888887,8300.661111111109,1716.3819444444443
2022-06-17 02:00:00,2,0,4,False,0.0,0.0,-1.0,37.016666666666666,482.85833333333335,59.99308409166667,26.927222213888886,24.35666617777778,0.0,37.016666666666666,0.0,0.0,37.016666666666666,37.016666666666666,482.85833333333335,59.99308409166667,37.016666666666666,0.0,0.5917009100000001,0.0,0.0,141.46666666666667,50.0,70.73333333333333,0.12,0.08,0,,0.0,0.0,37.016666666666666,0.0,3432.7638888888887,8300.661111111109,1716.3819444444443
2022-06-17 03:00:00,3,0,4,False,0.0,0.0,-1.0,37.00833333333333,482.31111111111113,59.99069513611111,26.421388830555557,24.10638916111111,0.0,37.00833333333333,0.0,0.0,37.00833333333333,37.00833333333333,482.31111111111113,59.99069513611111,37.00833333333333,0.0,0.5888341633333283,0.0,0.0,141.46666666666667,50.0,70.73333333333333,0.12,0.08,0,,0.0,0.0,37.00833333333333,0.0,3432.7638888888887,8300.661111111109,1716.3819444444443
2022-06-17 04:00:00,4,0,4,False,0.0,0.0,-1.0,37.019444444444446,479.4638888888889,59.99650021388889,25.922777774999997,23.814444572222218,0.0,37.019444444444446,0.0,0.0,37.019444444444446,37.019444444444446,479.4638888888889,59.99650021388889,37.019444444444446,0.0,0.5958002566666721,0.0,0.0,141.46666666666667,50.0,70.73333333333333,0.12,0.08,0,,0.0,0.0,37.019444444444446,0.0,3432.7638888888887,8300.661111111109,1716.3819444444443
2022-06-17 05:00:00,5,0,4,False,0.0,1.1416666666666666,-1.0,37.00555555555555,478.27777777777777,59.99816730555556,25.480833233333335,23.586944719444446,1.1416666666666666,37.00555555555555,0.0,0.0,38.14722222222222,38.14722222222222,478.27777777777777,59.99816730555556,38.14722222222222,0.0,0.5978007666666741,2.99279108716231,0.0,141.46666666666667,50.0,70.73333333333333,0.12,0.08,0,,1.1416666666666666,0.0,38.14722222222222,0.5708333333333333,3433.9055555555556,8300.661111111109,1716.9527777777778
2022-06-17 06:00:00,6,0,4,False,0.0,6.597222222222222,-1.0,37.00277777777778,480.8305555555556,59.98991695,25.153611144444444,23.318610488888893,6.597222222222222,37.00277777777778,0.0,0.0,43.6,43.6,480.8305555555556,59.98991695,43.6,0.0,0.5879003400000016,15.13124362895005,0.0,141.46666666666667,50.0,70.73333333333333,0.18,0.096,0,,6.597222222222222,0.0,43.6,3.298611111111111,3440.5027777777777,8300.661111111109,1720.2513888888889
2022-06-17 07:00:00,7,0,4,False,0.0,10.438888888888888,-1.0,37.0,479.7611111111111,59.99619462777777,24.990277777777777,23.201667333333326,10.438888888888888,37.0,0.0,0.0,47.43888888888889,47.43888888888889,479.7611111111111,59.99619462777777,47.43888888888889,0.0,0.5954335533333222,22.004918608736386,0.0,141.46666666666667,50.0,70.73333333333333,0.18,0.096,0,,10.438888888888888,0.0,47.43888888888889,5.219444444444444,3450.9416666666666,8300.661111111109,1725.4708333333333
2022-06-17 08:00:00,8,0,4,False,0.0,13.055555555555555,-1.0,37.0,479.3277777777778,59.98933373333334,24.964166666666664,23.145000449999998,13.055555555555555,37.0,0.0,0.0,50.05555555555556,50.05555555555556,479.3277777777778,59.98933373333334,50.05555555555556,0.0,0.587200480000007,26.082130965593787,0.0,141.46666666666667,50.0,70.73333333333333,0.18,0.096,0,,13.055555555555555,0.0,50.05555555555556,6.527777777777778,3463.9972222222223,8300.661111111109,1731.9986111111111
2022-06-17 09:00:00,9,0,4,False,0.0,21.897222222222222,-1.0,37.0,478.84444444444443,60.00330544166666,25.071111255555554,23.226944855555555,21.897222222222222,37.0,0.0,0.0,58.897222222222226,58.897222222222226,478.84444444444443,60.00330544166666,58.897222222222226,0.0,0.5960334700000061,37.17870112719898,0.0,141.46666666666667,50.0,70.73333333333333,0.18,0.096,0,,21.897222222222222,0.0,58.897222222222226,10.948611111111111,3485.8944444444446,8300.661111111109,1742.9472222222223
2022-06-17 10:00:00,10,0,4,False,0.0,32.65277777777778,-1.0,37.0,479.9472222222222,59.995639097222224,25.665555516666668,23.398888466666666,32.65277777777778,37.0,0.0,0.0,69.65277777777777,69.65277777777777,479.9472222222222,59.995639097222224,69.65277777777777,0.0,0.5947669166666685,46.87936191425723,0.0,141.46666666666667,50.0,70.73333333333333,0.18,0.096,0,,32.65277777777778,0.0,69.65277777777777,16.32638888888889,3518.5472222222224,8300.661111111109,1759.2736111111112
2022-06-17 11:00:00,11,0,4,False,0.0,38.797222222222224,-1.0,35.71666666666667,479.6333333333333,59.994555672222226,26.60944438055556,24.023888847222224,38.797222222222224,35.71666666666667,0.0,0.0,74.51388888888889,74.51388888888889,479.6333333333333,59.994555672222226,74.51388888888889,0.0,0.5934668066666716,52.067101584342964,0.0,141.46666666666667,50.0,70.73333333333333,0.12,0.08,0,,38.797222222222224,0.0,74.51388888888889,19.398611111111112,3557.344444444445,8300.661111111109,1778.6722222222224
2022-06-17 12:00:00,12,0,4,False,0.0,39.71666666666667,-1.0,34.59722222222222,479.075,59.998361186111104,27.529999936111114,24.74916674444444,39.71666666666667,34.59722222222222,0.0,0.0,74.3138888888889,74.3138888888889,479.075,59.998361186111104,74.3138888888889,0.0,0.5980334233333252,53.444473516988744,0.0,141.46666666666667,50.0,70.73333333333333,0.12,0.08,0,,39.71666666666667,0.0,74.3138888888889,19.858333333333334,3597.0611111111116,8300.661111111109,1798.5305555555558
2022-06-17 13:00:00,13,0,4,False,0.0,38.419444444444444,-1.0,34.044444444444444,478.78055555555557,59.98108393055556,28.230555444444448,25.380833327777772,38.419444444444444,34.044444444444444,0.0,0.0,72.46388888888889,72.46388888888889,478.78055555555557,59.98108393055556,72.46388888888889,0.0,0.5773007166666758,53.018744968758384,0.0,141.46666666666667,50.0,70.73333333333333,0.12,0.08,0,,38.419444444444444,0.0,72.46388888888889,19.209722222222222,3635.480555555556,8300.661111111109,1817.740277777778
2022-06-17 14:00:00,14,0,4,False,0.0,29.725,-1.0,34.06666666666667,480.5,59.99244498888889,28.84388898888889,25.997222194444443,29.725,34.06666666666667,0.0,0.0,63.79166666666667,63.79166666666667,480.5,59.99244498888889,63.79166666666667,0.0,0.5909339866666699,46.59699542782495,0.0,141.46666666666667,50.0,70.73333333333333,0.12,0.08,0,,29.725,0.0,63.79166666666667,14.8625,3665.2055555555557,8300.661111111109,1832.6027777777779
2022-06-17 15:00:00,15,0,4,False,0.0,28.019444444444446,-1.0,34.041666666666664,480.35555555555555,60.02522171111111,29.470555397222224,26.499166472222225,28.019444444444446,34.041666666666664,0.0,0.0,62.06111111111111,62.06111111111111,480.35555555555555,60.02522171111111,62.06111111111111,0.0,0.5697339466666704,45.14815146361114,0.0,141.46666666666667,50.0,70.73333333333333,0.12,0.08,0,,28.019444444444446,0.0,62.06111111111111,14.009722222222223,3693.2250000000004,8300.661111111109,1846.6125000000002
2022-06-17 16:00:00,16,0,4,False,0.0,18.97222222222222,-1.0,34.03333333333333,481.05555555555554,60.03519428055556,30.09888903333334,26.954999919444447,18.97222222222222,34.03333333333333,0.0,0.0,53.00555555555555,53.00555555555555,481.05555555555554,60.03519428055556,53.00555555555555,0.0,0.5577668633333303,35.79289382664291,0.0,141.46666666666667,50.0,70.73333333333333,0.12,0.08,0,,18.97222222222222,0.0,53.00555555555555,9.48611111111111,3712.1972222222225,8300.661111111109,1856.0986111111113
2022-06-17 17:00:00,17,0,4,False,0.0,7.052777777777778,-1.0,34.00555555555555,485.40277777777777,60.03344432777777,30.367499552777776,27.130278180555553,7.052777777777778,34.00555555555555,0.0,0.0,41.05833333333333,41.05833333333333,485.40277777777777,60.03344432777777,41.05833333333333,0.0,0.5598668066666732,17.17745754685069,0.0,141.46666666666667,50.0,70.73333333333333,0.12,0.08,0,,7.052777777777778,0.0,41.05833333333333,3.526388888888889,3719.2500000000005,8300.661111111109,1859.6250000000002
2022-06-17 18:00:00,18,0,4,False,0.0,0.5333333333333333,-1.0,34.019444444444446,482.84166666666664,60.03263869166666,30.57,27.256388744444443,0.5333333333333333,34.019444444444446,0.0,0.0,34.55277777777778,34.55277777777778,482.84166666666664,60.03263869166666,34.55277777777778,0.0,0.5608335700000054,1.5435324382988986,0.0,141.46666666666667,50.0,70.73333333333333,0.18,0.096,0,,0.5333333333333333,0.0,34.55277777777778,0.26666666666666666,3719.7833333333338,8300.661111111109,1859.8916666666669
2022-06-17 19:00:00,19,0,4,False,0.0,-0.65,-1.0,35.766666666666666,480.5444444444444,60.01083280833333,30.600555561111115,27.294443555555556,0.0,35.766666666666666,0.0,0.0,35.766666666666666,35.766666666666666,480.5444444444444,60.01083280833333,35.766666666666666,0.0,0.58700063,0.0,0.0,141.46666666666667,50.0,70.73333333333333,0.18,0.096,0,,0.0,0.0,35.766666666666666,0.0,3719.7833333333338,8300.661111111109,1859.8916666666669
2022-06-17 20:00:00,20,0,4,False,0.0,-0.5,-1.0,37.0,483.7972222222222,60.01016590555555,30.55083333333333,27.275555044444445,0.0,37.0,0.0,0.0,37.0,37.0,483.7972222222222,60.01016590555555,37.0,0.0,0.5878009133333364,0.0,0.0,141.46666666666667,50.0,70.73333333333333,0.18,0.096,0,,0.0,0.0,37.0,0.0,3719.7833333333338,8300.661111111109,1859.8916666666669
2022-06-17 21:00:00,21,0,4,False,0.0,-0.3527777777777778,-1.0,37.0,485.0083333333333,60.00727769722222,30.35361059444445,27.201111805555552,0.0,37.0,0.0,0.0,37.0,37.0,485.0083333333333,60.00727769722222,37.0,0.0,0.5912667633333342,0.0,0.0,141.46666666666667,50.0,70.73333333333333,0.18,0.096,0,,0.0,0.0,37.0,0.0,3719.7833333333338,8300.661111111109,1859.8916666666669
2022-06-17 22:00:00,22,0,4,False,0.0,-0.22777777777777777,-1.0,37.0,485.2972222222222,60.01766646388888,30.12333366388889,27.055555599999998,0.0,37.0,0.0,0.0,37.0,37.0,485.2972222222222,60.01766646388888,37.0,0.0,0.5788002433333446,0.0,0.0,141.46666666666667,50.0,70.73333333333333,0.18,0.096,0,,0.0,0.0,37.0,0.0,3719.7833333333338,8300.661111111109,1859.8916666666669
2022-06-17 23:00:00,23,0,4,False,0.0,-0.15833333333333333,-1.0,37.0,483.0388888888889,60.011333180555546,29.82055544444444,26.931666552777777,0.0,37.0,0.0,0.0,37.0,37.0,483.0388888888889,60.011333180555546,37.0,0.0,0.5864001833333446,0.0,0.0,141.46666666666667,50.0,70.73333333333333,0.12,0.08,0,,0.0,0.0,37.0,0.0,3719.7833333333338,8300.661111111109,1859.8916666666669
2022-06-18 00:00:00,0,0,5,True,0.0,-0.10833333333333334,-1.0,37.0,484.375,60.00158312222221,29.481110936111115,26.725277905555554,0.0,37.0,0.0,0.0,37.0,37.0,484.375,60.00158312222221,37.0,0.0,0.5981002533333509,0.0,0.0,141.46666666666667,50.0,70.73333333333333,0.12,0.08,0,,0.0,0.0,37.0,0.0,3719.7833333333338,8300.661111111109,1859.8916666666669
2022-06-18 01:00:00,1,0,5,True,0.0,-0.06666666666666667,-1.0,37.0,484.5527777777778,60.00441632222222,29.042222097222222,26.52444445,0.0,37.0,0.0,0.0,37.0,37.0,484.5527777777778,60.00441632222222,37.0,0.0,0.5947004133333366,0.0,0.0,141.46666666666667,50.0,70.73333333333333,0.12,0.08,0,,0.0,0.0,37.0,0.0,3719.7833333333338,8300.661111111109,1859.8916666666669
2022-06-18 02:00:00,2,0,5,True,0.0,0.0,-1.0,37.0,485.89444444444445,59.99058363333334,28.518333280555552,26.301110658333336,0.0,37.0,0.0,0.0,37.0,37.0,485.89444444444445,59.99058363333334,37.0,0.0,0.5887003600000043,0.0,0.0,141.46666666666667,50.0,70.73333333333333,0.12,0.08,0,,0.0,0.0,37.0,0.0,3719.7833333333338,8300.661111111109,1859.8916666666669
2022-06-18 03:00:00,3,0,5,True,0.0,0.0,-1.0,37.0,485.0444444444444,59.980500630555554,28.024722233333332,26.05722238611111,0.0,37.0,0.0,0.0,37.0,37.0,485.0444444444444,59.980500630555554,37.0,0.0,0.5766007566666644,0.0,0.0,141.46666666666667,50.0,70.73333333333333,0.12,0.08,0,,0.0,0.0,37.0,0.0,3719.7833333333338,8300.661111111109,1859.8916666666669
2022-06-18 04:00:00,4,0,5,True,0.0,0.0,-1.0,37.00555555555555,479.6138888888889,59.99202831944444,27.505555491666666,25.811666472222225,0.0,37.00555555555555,0.0,0.0,37.00555555555555,37.00555555555555,479.6138888888889,59.99202831944444,37.00555555555555,0.0,0.5904339833333239,0.0,0.0,141.46666666666667,50.0,70.73333333333333,0.12,0.08,0,,0.0,0.0,37.00555555555555,0.0,3719.7833333333338,8300.661111111109,1859.8916666666669
2022-06-18 05:00:00,5,0,5,True,0.0,0.125,-1.0,37.00555555555555,480.9638888888889,60.004888869444436,26.981388891666665,25.569444527777776,0.125,37.00555555555555,0.0,0.0,37.13055555555555,37.13055555555555,480.9638888888889,60.004888869444436,37.13055555555555,0.0,0.594133356666677,0.336649958853894,0.0,141.46666666666667,50.0,70.73333333333333,0.12,0.08,0,,0.125,0.0,37.13055555555555,0.0625,3719.9083333333338,8300.661111111109,1859.9541666666669
2022-06-18 06:00:00,6,0,5,True,0.0,6.958333333333333,-1.0,37.0,479.6722222222222,59.993138991666676,26.45305536944445,25.308055333333332,6.958333333333333,37.0,0.0,0.0,43.958333333333336,43.958333333333336,479.6722222222222,59.993138991666676,43.958333333333336,0.0,0.5917667900000111,15.829383886255924,0.0,141.46666666666667,50.0,70.73333333333333,0.18,0.096,0,,6.958333333333333,0.0,43.958333333333336,3.4791666666666665,3726.8666666666672,8300.661111111109,1863.4333333333336
2022-06-18 07:00:00,7,0,5,True,0.0,17.908333333333335,-1.0,37.0,479.8333333333333,59.99475021666666,26.038889027777774,25.02555563611111,17.908333333333335,37.0,0.0,0.0,54.90833333333333,54.90833333333333,479.8333333333333,59.99475021666666,54.90833333333333,0.0,0.5937002599999914,32.6149643344969,0.0,141.46666666666667,50.0,70.73333333333333,0.18,0.096,0,,17.908333333333335,0.0,54.90833333333333,8.954166666666667,3744.7750000000005,8300.661111111109,1872.3875000000003
2022-06-18 08:00:00,8,0,5,True,0.0,27.461111111111112,-1.0,37.0,481.9527777777778,59.99100016944445,25.725277855555557,24.77999998055556,27.461111111111112,37.0,0.0,0.0,64.46111111111111,64.46111111111111,481.9527777777778,59.99100016944445,64.46111111111111,0.0,0.5892002033333369,42.60105145221063,0.0,141.46666666666667,50.0,70.73333333333333,0.18,0.096,0,,27.461111111111112,0.0,64.46111111111111,13.730555555555556,3772.2361111111118,8300.661111111109,1886.1180555555559
2022-06-18 09:00:00,9,0,5,True,0.0,34.458333333333336,-1.0,37.0,480.55833333333334,59.98586103055556,25.60972231944444,24.63611148611111,34.458333333333336,37.0,0.0,0.0,71.45833333333334,71.45833333333334,480.55833333333334,59.98586103055556,71.45833333333334,0.0,0.5830332366666738,48.221574344023324,0.0,141.46666666666667,50.0,70.73333333333333,0.18,0.096,0,,34.458333333333336,0.0,71.45833333333334,17.229166666666668,3806.6944444444453,8300.661111111109,1903.3472222222226
2022-06-18 10:00:00,10,0,5,True,0.0,36.87777777777778,-1.0,37.0,479.15,59.994222341666664,25.993888761111116,24.621944672222217,36.87777777777778,37.0,0.0,0.0,73.87777777777778,73.87777777777778,479.15,59.994222341666664,73.87777777777778,0.0,0.5930668099999963,49.91728079410438,0.0,141.46666666666667,50.0,70.73333333333333,0.18,0.096,0,,36.87777777777778,0.0,73.87777777777778,18.43888888888889,3843.572222222223,8300.661111111109,1921.7861111111115
2022-06-18 11:00:00,11,0,5,True,0.0,39.84166666666667,-1.0,37.0,477.8388888888889,60.00063871666667,26.68805552777778,24.974722174999997,39.84166666666667,37.0,0.0,0.0,76.84166666666667,76.84166666666667,477.8388888888889,60.00063871666667,76.84166666666667,0.0,0.5992335399999945,51.84904023424791,0.0,141.46666666666667,50.0,70.73333333333333,0.12,0.08,0,,39.84166666666667,0.0,76.84166666666667,19.920833333333334,3883.4138888888897,8300.661111111109,1941.7069444444448
2022-06-18 12:00:00,12,0,5,True,0.0,39.99166666666667,-1.0,36.236111111111114,479.34166666666664,60.00077759722222,27.46305546388889,25.576388683333334,39.99166666666667,36.236111111111114,0.0,0.0,76.22777777777779,76.22777777777779,479.34166666666664,60.00077759722222,76.22777777777779,0.0,0.5990668833333387,52.46337730486116,0.0,141.46666666666667,50.0,70.73333333333333,0.12,0.08,0,,39.99166666666667,0.0,76.22777777777779,19.995833333333334,3923.4055555555565,8300.661111111109,1961.7027777777782
2022-06-18 13:00:00,13,0,5,True,0.0,38.05833333333333,-1.0,35.352777777777774,481.56666666666666,59.99777804166667,28.314444333333338,26.299722050000007,38.05833333333333,35.352777777777774,0.0,0.0,73.4111111111111,73.4111111111111,481.56666666666666,59.99777804166667,73.4111111111111,0.0,0.5973336500000045,51.84274254578478,0.0,141.46666666666667,50.0,70.73333333333333,0.12,0.08,0,,38.05833333333333,0.0,73.4111111111111,19.029166666666665,3961.46388888889,8300.661111111109,1980.731944444445
2022-06-18 14:00:00,14,0,5,True,0.0,34.263888888888886,-1.0,34.45,480.09722222222223,59.99563914166667,28.955000069444445,26.9016668,34.263888888888886,34.45,0.0,0.0,68.71388888888889,68.71388888888889,480.09722222222223,59.99563914166667,68.71388888888889,0.0,0.5947669700000062,49.86457533249787,0.0,141.46666666666667,50.0,70.73333333333333,0.12,0.08,0,,34.263888888888886,0.0,68.71388888888889,17.131944444444443,3995.7277777777786,8300.661111111109,1997.8638888888893
2022-06-18 15:00:00,15,0,5,True,0.0,27.95,-1.0,34.07222222222222,478.4138888888889,59.98633395277779,29.587499811111112,27.451944333333337,27.95,34.07222222222222,0.0,0.0,62.022222222222226,62.022222222222226,478.4138888888889,59.98633395277779,62.022222222222226,0.0,0.5836007433333492,45.06449301325689,0.0,141.46666666666667,50.0,70.73333333333333,0.12,0.08,0,,27.95,0.0,62.022222222222226,13.975,4023.6777777777784,8300.661111111109,2011.8388888888892
2022-06-18 16:00:00,16,0,5,True,0.0,19.455555555555556,-1.0,34.05833333333333,479.5111111111111,59.998000125,30.13972261111111,27.794443813888897,19.455555555555556,34.05833333333333,0.0,0.0,53.513888888888886,53.513888888888886,479.5111111111111,59.998000125,53.513888888888886,0.0,0.5976001499999967,36.35608616662341,0.0,141.46666666666667,50.0,70.73333333333333,0.12,0.08,0,,19.455555555555556,0.0,53.513888888888886,9.727777777777778,4043.133333333334,8300.661111111109,2021.566666666667
2022-06-18 17:00:00,17,0,5,True,0.0,8.76388888888889,-1.0,34.00277777777778,483.47222222222223,60.009027097222216,30.33083265000001,27.942777730555555,8.76388888888889,34.00277777777778,0.0,0.0,42.766666666666666,42.766666666666666,483.47222222222223,60.009027097222216,42.766666666666666,0.0,0.5891674833333411,20.492335671603016,0.0,141.46666666666667,50.0,70.73333333333333,0.12,0.08,0,,8.76388888888889,0.0,42.766666666666666,4.381944444444445,4051.897222222223,8300.661111111109,2025.9486111111114
2022-06-18 18:00:00,18,0,5,True,0.0,0.7055555555555556,-1.0,34.0,482.1638888888889,60.0126661138889,30.48777777777778,28.003055555555555,0.7055555555555556,34.0,0.0,0.0,34.705555555555556,34.705555555555556,482.1638888888889,60.0126661138889,34.705555555555556,0.0,0.5848006633333227,2.032975828397631,0.0,141.46666666666667,50.0,70.73333333333333,0.18,0.096,0,,0.7055555555555556,0.0,34.705555555555556,0.3527777777777778,4052.6027777777786,8300.661111111109,2026.3013888888893
2022-06-18 19:00:00,19,0,5,True,0.0,-0.6666666666666666,-1.0,35.458333333333336,484.4111111111111,60.02330517222221,30.592777777777776,28.04138888888889,0.0,35.458333333333336,0.0,0.0,35.458333333333336,35.458333333333336,484.4111111111111,60.02330517222221,35.458333333333336,0.0,0.5720337933333496,0.0,0.0,141.46666666666667,50.0,70.73333333333333,0.18,0.096,0,,0.0,0.0,35.458333333333336,0.0,4052.6027777777786,8300.661111111109,2026.3013888888893
2022-06-18 20:00:00,20,0,5,True,0.0,-0.6111111111111112,-1.0,37.0,484.24444444444447,60.000083322222224,30.52166666666667,28.0275,0.0,37.0,0.0,0.0,37.0,37.0,484.24444444444447,60.000083322222224,37.0,0.0,0.5999000133333311,0.0,0.0,141.46666666666667,50.0,70.73333333333333,0.18,0.096,0,,0.0,0.0,37.0,0.0,4052.6027777777786,8300.661111111109,2026.3013888888893
2022-06-18 21:00:00,21,0,5,True,0.0,-0.5277777777777778,-1.0,37.0,486.9111111111111,60.00497195833333,30.364999575000002,28.002500000000005,0.0,37.0,0.0,0.0,37.0,37.0,486.9111111111111,60.00497195833333,37.0,0.0,0.5940336500000057,0.0,0.0,141.46666666666667,50.0,70.73333333333333,0.18,0.096,0,,0.0,0.0,37.0,0.0,4052.6027777777786,8300.661111111109,2026.3013888888893
2022-06-18 22:00:00,22,0,5,True,0.0,-0.49166666666666664,-1.0,37.0,485.93611111111113,60.008888424999995,30.24527783888889,27.974722222222223,0.0,37.0,0.0,0.0,37.0,37.0,485.93611111111113,60.008888424999995,37.0,0.0,0.589333890000006,0.0,0.0,141.46666666666667,50.0,70.73333333333333,0.18,0.096,0,,0.0,0.0,37.0,0.0,4052.6027777777786,8300.661111111109,2026.3013888888893
2022-06-18 23:00:00,23,0,5,True,0.0,-0.2722222222222222,-1.0,37.0,484.47777777777776,59.994611286111116,30.021944508333334,27.87972195277778,0.0,37.0,0.0,0.0,37.0,37.0,484.47777777777776,59.994611286111116,37.0,0.0,0.5935335433333392,0.0,0.0,141.46666666666667,50.0,70.73333333333333,0.12,0.08,0,,0.0,0.0,37.0,0.0,4052.6027777777786,8300.661111111109,2026.3013888888893
2022-06-19 00:00:00,0,0,6,True,0.0,-0.10555555555555556,-1.0,37.0,484.4861111111111,60.00391649722223,29.790833286111106,27.738333341666667,0.0,37.0,0.0,0.0,37.0,37.0,484.4861111111111,60.00391649722223,37.0,0.0,0.5953002033333262,0.0,0.0,141.46666666666667,50.0,70.73333333333333,0.12,0.08,0,,0.0,0.0,37.0,0.0,4052.6027777777786,8300.661111111109,2026.3013888888893
2022-06-19 01:00:00,1,0,6,True,0.0,-0.06666666666666667,-1.0,37.00555555555555,484.81944444444446,60.003610905555554,29.45166641388889,27.549722247222224,0.0,37.00555555555555,0.0,0.0,37.00555555555555,37.00555555555555,484.81944444444446,60.003610905555554,37.00555555555555,0.0,0.5956669133333349,0.0,0.0,141.46666666666667,50.0,70.73333333333333,0.12,0.08,0,,0.0,0.0,37.00555555555555,0.0,4052.6027777777786,8300.661111111109,2026.3013888888893
2022-06-19 02:00:00,2,0,6,True,0.0,-0.03333333333333333,-1.0,37.0,486.7583333333333,59.999999986111106,29.023611108333334,27.321388458333335,0.0,37.0,0.0,0.0,37.0,37.0,486.7583333333333,59.999999986111106,37.0,0.0,0.5999999833333277,0.0,0.0,141.46666666666667,50.0,70.73333333333333,0.12,0.08,0,,0.0,0.0,37.0,0.0,4052.6027777777786,8300.661111111109,2026.3013888888893
2022-06-19 03:00:00,3,0,6,True,0.0,0.0,-1.0,37.0,486.925,59.99044512777778,28.54138885555556,27.051389049999997,0.0,37.0,0.0,0.0,37.0,37.0,486.925,59.99044512777778,37.0,0.0,0.5885341533333388,0.0,0.0,141.46666666666667,50.0,70.73333333333333,0.12,0.08,0,,0.0,0.0,37.0,0.0,4052.6027777777786,8300.661111111109,2026.3013888888893
2022-06-19 04:00:00,4,0,6,True,0.0,0.0,-1.0,37.00833333333333,482.0444444444444,59.99002811666667,28.064444447222222,26.844444219444444,0.0,37.00833333333333,0.0,0.0,37.00833333333333,37.00833333333333,482.0444444444444,59.99002811666667,37.00833333333333,0.0,0.5880337400000059,0.0,0.0,141.46666666666667,50.0,70.73333333333333,0.12,0.08,0,,0.0,0.0,37.00833333333333,0.0,4052.6027777777786,8300.661111111109,2026.3013888888893
2022-06-19 05:00:00,5,0,6,True,0.0,0.15,-1.0,37.025,482.3305555555556,59.98161164722222,27.539166627777774,26.55972237222222,0.15,37.025,0.0,0.0,37.175,37.175,482.3305555555556,59.98161164722222,37.175,0.0,0.577933976666668,0.4034969737726967,0.0,141.46666666666667,50.0,70.73333333333333,0.12,0.08,0,,0.15,0.0,37.175,0.075,4052.7527777777786,8300.661111111109,2026.3763888888893
2022-06-19 06:00:00,6,0,6,True,0.0,7.147222222222222,-1.0,37.00555555555555,479.775,59.977305719444445,27.133888961111108,26.251666516666674,7.147222222222222,37.00555555555555,0.0,0.0,44.15277777777777,44.15277777777777,479.775,59.977305719444445,44.15277777777777,0.0,0.5727668633333337,16.187480339729476,0.0,141.46666666666667,50.0,70.73333333333333,0.18,0.096,0,,7.147222222222222,0.0,44.15277777777777,3.573611111111111,4059.900000000001,8300.661111111109,2029.9500000000005
2022-06-19 07:00:00,7,0,6,True,0.0,16.9,-1.0,37.0,479.55833333333334,60.001000041666664,26.899999791666666,25.990277775,16.9,37.0,0.0,0.0,53.9,53.9,479.55833333333334,60.001000041666664,53.9,0.0,0.5987999500000029,31.354359925788494,0.0,141.46666666666667,50.0,70.73333333333333,0.18,0.096,0,,16.9,0.0,53.9,8.45,4076.800000000001,8300.661111111109,2038.4000000000005
2022-06-19 08:00:00,8,0,6,True,0.0,26.98611111111111,-1.0,37.0,479.19166666666666,60.005416269444446,26.81111023888889,25.822777169444443,26.98611111111111,37.0,0.0,0.0,63.986111111111114,63.986111111111114,479.19166666666666,60.005416269444446,63.986111111111114,0.0,0.5935004766666651,42.17495116127631,0.0,141.46666666666667,50.0,70.73333333333333,0.18,0.096,0,,26.98611111111111,0.0,63.986111111111114,13.493055555555555,4103.786111111112,8300.661111111109,2051.893055555556
2022-06-19 09:00:00,9,0,6,True,0.0,34.047222222222224,-1.0,36.61944444444445,477.85555555555555,59.995944702777784,26.882221744444447,25.781943880555556,34.047222222222224,36.61944444444445,0.0,0.0,70.66666666666667,70.66666666666667,477.85555555555555,59.995944702777784,70.66666666666667,0.0,0.595133643333341,48.18003144654088,0.0,141.46666666666667,50.0,70.73333333333333,0.18,0.096,0,,34.047222222222224,0.0,70.66666666666667,17.023611111111112,4137.833333333335,8300.661111111109,2068.9166666666674
2022-06-19 10:00:00,10,0,6,True,0.0,38.83888888888889,-1.0,35.327777777777776,477.09166666666664,59.98569500555556,27.43833325555556,25.887499644444446,38.83888888888889,35.327777777777776,0.0,0.0,74.16666666666666,74.16666666666666,477.09166666666664,59.98569500555556,74.16666666666666,0.0,0.5828340066666754,52.36704119850187,0.0,141.46666666666667,50.0,70.73333333333333,0.18,0.096,0,,38.83888888888889,0.0,74.16666666666666,19.419444444444444,4176.672222222223,8300.661111111109,2088.3361111111117
2022-06-19 11:00:00,11,0,6,True,0.0,41.71388888888889,-1.0,34.06111111111111,477.93333333333334,60.005582777777775,28.145555441666666,26.278055566666666,41.71388888888889,34.06111111111111,0.0,0.0,75.775,75.775,477.93333333333334,60.005582777777775,75.775,0.0,0.5933006666666699,55.04967190879431,0.0,141.46666666666667,50.0,70.73333333333333,0.12,0.08,0,,41.71388888888889,0.0,75.775,20.856944444444444,4218.386111111112,8300.661111111109,2109.193055555556
2022-06-19 12:00:00,12,0,6,True,0.0,41.65277777777778,-1.0,34.01111111111111,478.43055555555554,60.01869375833332,28.89333336111111,26.86333343333333,41.65277777777778,34.01111111111111,0.0,0.0,75.66388888888889,75.66388888888889,478.43055555555554,60.01869375833332,75.66388888888889,0.0,0.5775674900000155,55.049744851132566,0.0,141.46666666666667,50.0,70.73333333333333,0.12,0.08,0,,41.65277777777778,0.0,75.66388888888889,20.82638888888889,4260.038888888889,8300.661111111109,2130.0194444444446
2022-06-19 13:00:00,13,0,6,True,0.0,39.08611111111111,-1.0,34.06666666666667,480.0833333333333,60.00636043611111,29.644166511111113,27.527222027777782,39.08611111111111,34.06666666666667,0.0,0.0,73.15277777777777,73.15277777777777,480.0833333333333,60.00636043611111,73.15277777777777,0.0,0.5923674766666692,53.43079551927094,0.0,141.46666666666667,50.0,70.73333333333333,0.12,0.08,0,,39.08611111111111,0.0,73.15277777777777,19.543055555555554,4299.125,8300.661111111109,2149.5625
2022-06-19 14:00:00,14,0,6,True,0.0,35.11388888888889,-1.0,34.18055555555556,480.94444444444446,59.999138824999996,30.31111105,28.128055500000002,35.11388888888889,34.18055555555556,0.0,0.0,69.29444444444445,69.29444444444445,480.94444444444446,59.999138824999996,69.29444444444445,0.0,0.5989665899999949,50.673454662070064,0.0,141.46666666666667,50.0,70.73333333333333,0.12,0.08,0,,35.11388888888889,0.0,69.29444444444445,17.556944444444444,4334.238888888889,8300.661111111109,2167.1194444444445
2022-06-19 15:00:00,15,0,6,True,0.0,28.894444444444446,-1.0,34.225,479.96666666666664,60.006499488888885,31.015555624999998,28.658611177777775,28.894444444444446,34.225,0.0,0.0,63.11944444444445,63.11944444444445,479.96666666666664,60.006499488888885,63.11944444444445,0.0,0.5922006133333383,45.77740615235664,0.0,141.46666666666667,50.0,70.73333333333333,0.12,0.08,0,,28.894444444444446,0.0,63.11944444444445,14.447222222222223,4363.133333333333,8300.661111111109,2181.5666666666666
2022-06-19 16:00:00,16,0,6,True,0.0,20.08888888888889,-1.0,34.18611111111111,480.2944444444444,60.00633292222222,31.644722158333337,29.048889000000003,20.08888888888889,34.18611111111111,0.0,0.0,54.275,54.275,480.2944444444444,60.00633292222222,54.275,0.0,0.592400493333335,37.01315318081785,0.0,141.46666666666667,50.0,70.73333333333333,0.12,0.08,0,,20.08888888888889,0.0,54.275,10.044444444444444,4383.222222222222,8300.661111111109,2191.611111111111
2022-06-19 17:00:00,17,0,6,True,0.0,9.355555555555556,-1.0,34.05,485.0416666666667,60.01736047222221,32.026944119444444,29.27888852777778,9.355555555555556,34.05,0.0,0.0,43.40555555555555,43.40555555555555,485.0416666666667,60.01736047222221,43.40555555555555,0.0,0.5791674333333503,21.553820555484453,0.0,141.46666666666667,50.0,70.73333333333333,0.12,0.08,0,,9.355555555555556,0.0,43.40555555555555,4.677777777777778,4392.577777777778,8300.661111111109,2196.288888888889
2022-06-19 18:00:00,18,0,6,True,0.0,0.6222222222222222,-1.0,34.00555555555555,482.13055555555553,60.022221661111104,32.28111108611112,29.433888813888885,0.6222222222222222,34.00555555555555,0.0,0.0,34.62777777777777,34.62777777777777,482.13055555555553,60.022221661111104,34.62777777777777,0.0,0.5733340066666756,1.7968875340927326,0.0,141.46666666666667,50.0,70.73333333333333,0.18,0.096,0,,0.6222222222222222,0.0,34.62777777777777,0.3111111111111111,4393.2,8300.661111111109,2196.6
2022-06-19 19:00:00,19,0,6,True,0.0,-0.65,-1.0,34.50555555555555,482.3833333333333,60.01308258888888,32.315833169444446,29.50027777777778,0.0,34.50555555555555,0.0,0.0,34.50555555555555,34.50555555555555,482.3833333333333,60.01308258888888,34.50555555555555,0.0,0.5843008933333464,0.0,0.0,141.46666666666667,50.0,70.73333333333333,0.18,0.096,0,,0.0,0.0,34.50555555555555,0.0,4393.2,8300.661111111109,2196.6
2022-06-19 20:00:00,20,0,6,True,0.0,-0.5861111111111111,-1.0,36.97222222222222,483.5861111111111,60.011888522222215,32.161110972222225,29.461388888888884,0.0,36.97222222222222,0.0,0.0,36.97222222222222,36.97222222222222,483.5861111111111,60.011888522222215,36.97222222222222,0.0,0.5857337733333423,0.0,0.0,141.46666666666667,50.0,70.73333333333333,0.18,0.096,0,,0.0,0.0,36.97222222222222,0.0,4393.2,8300.661111111109,2196.6
2022-06-19 21:00:00,21,0,6,True,0.0,-0.2833333333333333,-1.0,37.0,484.31666666666666,60.012943863888886,31.916388611111113,29.371666355555554,0.0,37.0,0.0,0.0,37.0,37.0,484.31666666666666,60.012943863888886,37.0,0.0,0.5844673633333372,0.0,0.0,141.46666666666667,50.0,70.73333333333333,0.18,0.096,0,,0.0,0.0,37.0,0.0,4393.2,8300.661111111109,2196.6
2022-06-19 22:00:00,22,0,6,True,0.0,-0.11388888888888889,-1.0,37.00555555555555,482.2888888888889,60.01830543055554,31.61805569166667,29.251666450000002,0.0,37.00555555555555,0.0,0.0,37.00555555555555,37.00555555555555,482.2888888888889,60.01830543055554,37.00555555555555,0.0,0.5780334833333484,0.0,0.0,141.46666666666667,50.0,70.73333333333333,0.18,0.096,0,,0.0,0.0,37.00555555555555,0.0,4393.2,8300.661111111109,2196.6
2022-06-19 23:00:00,23,0,6,True,0.0,-0.06666666666666667,-1.0,37.016666666666666,482.4861111111111,60.00177753888889,31.212778124999996,29.001666711111113,0.0,37.016666666666666,0.0,0.0,37.016666666666666,37.016666666666666,482.4861111111111,60.00177753888889,37.016666666666666,0.0,0.5978669533333345,0.0,0.0,141.46666666666667,50.0,70.73333333333333,0.12,0.08,0,,0.0,0.0,37.016666666666666,0.0,4393.2,8300.661111111109,2196.6
2022-06-20 00:00:00,0,0,0,False,0.0,0.0,-1.0,37.03055555555556,483.1638888888889,59.99366695,30.756944441666665,28.723611158333334,0.0,37.03055555555556,0.0,0.0,37.03055555555556,37.03055555555556,483.1638888888889,59.99366695,37.03055555555556,0.0,0.5924003399999975,0.0,0.0,141.46666666666667,50.0,70.73333333333333,0.12,0.08,0,,0.0,0.0,37.03055555555556,0.0,4393.2,8300.661111111109,2196.6
2022-06-20 01:00:00,1,0,0,False,0.0,0.0,-1.0,37.01111111111111,482.44444444444446,60.007832980555555,30.185833313888885,28.398055250000006,0.0,37.01111111111111,0.0,0.0,37.01111111111111,37.01111111111111,482.44444444444446,60.007832980555555,37.01111111111111,0.0,0.5906004233333334,0.0,0.0,141.46666666666667,50.0,70.73333333333333,0.12,0.08,0,,0.0,0.0,37.01111111111111,0.0,4393.2,8300.661111111109,2196.6
2022-06-20 02:00:00,2,0,0,False,0.0,0.0,-1.0,37.013888888888886,485.38055555555553,59.98983389722222,29.583888766666668,28.10222243888889,0.0,37.013888888888886,0.0,0.0,37.013888888888886,37.013888888888886,485.38055555555553,59.98983389722222,37.013888888888886,0.0,0.5878006766666629,0.0,0.0,141.46666666666667,50.0,70.73333333333333,0.12,0.08,0,,0.0,0.0,37.013888888888886,0.0,4393.2,8300.661111111109,2196.6
2022-06-20 03:00:00,3,0,0,False,0.0,0.0,-1.0,37.01111111111111,485.6222222222222,59.990722411111115,28.997777761111106,27.780833319444447,0.0,37.01111111111111,0.0,0.0,37.01111111111111,37.01111111111111,485.6222222222222,59.990722411111115,37.01111111111111,0.0,0.5888668933333377,0.0,0.0,141.46666666666667,50.0,70.73333333333333,0.12,0.08,0,,0.0,0.0,37.01111111111111,0.0,4393.2,8300.661111111109,2196.6
2022-06-20 04:00:00,4,0,0,False,0.0,0.0,-1.0,37.03611111111111,481.44444444444446,59.99413916111111,28.385833352777777,27.31833317777778,0.0,37.03611111111111,0.0,0.0,37.03611111111111,37.03611111111111,481.44444444444446,59.99413916111111,37.03611111111111,0.0,0.5929669933333287,0.0,0.0,141.46666666666667,50.0,70.73333333333333,0.12,0.08,0,,0.0,0.0,37.03611111111111,0.0,4393.2,8300.661111111109,2196.6
2022-06-20 05:00:00,5,0,0,False,0.0,0.28888888888888886,-1.0,37.03333333333333,479.64444444444445,60.00130582222222,27.778333355555556,26.709999947222222,0.28888888888888886,37.03333333333333,0.0,0.0,37.32222222222222,37.32222222222222,479.64444444444445,60.00130582222222,37.32222222222222,0.0,0.5984330133333344,0.7740398928252454,0.0,141.46666666666667,50.0,70.73333333333333,0.12,0.08,0,,0.28888888888888886,0.0,37.32222222222222,0.14444444444444443,4393.488888888889,8300.661111111109,2196.7444444444445
2022-06-20 06:00:00,6,0,0,False,0.0,7.5055555555555555,-1.0,37.00555555555555,481.35555555555555,59.97397241944444,27.22583329444445,26.080833225,7.5055555555555555,37.00555555555555,0.0,0.0,44.511111111111106,44.511111111111106,481.35555555555555,59.97397241944444,44.511111111111106,0.0,0.5687669033333321,16.862206689965053,0.0,141.46666666666667,50.0,70.73333333333333,0.18,0.096,0,,7.5055555555555555,0.0,44.511111111111106,3.7527777777777778,4400.9944444444445,8300.661111111109,2200.4972222222223
2022-06-20 07:00:00,7,0,0,False,0.0,18.119444444444444,-1.0,37.0,480.59722222222223,59.999694544444445,26.881388597222223,25.595000058333333,18.119444444444444,37.0,0.0,0.0,55.11944444444444,55.11944444444444,480.59722222222223,59.999694544444445,55.11944444444444,0.0,0.599633453333334,32.87305346973744,0.0,141.46666666666667,50.0,70.73333333333333,0.18,0.096,0,,18.119444444444444,0.0,55.11944444444444,9.059722222222222,4419.113888888889,8300.661111111109,2209.5569444444445
2022-06-20 08:00:00,8,0,0,False,0.0,26.9,-1.0,37.0,478.11944444444447,60.006888544444436,26.723889411111106,25.31972161388889,26.9,37.0,0.0,0.0,63.9,63.9,478.11944444444447,60.006888544444436,63.9,0.0,0.5917337466666766,42.09702660406885,0.0,141.46666666666667,50.0,70.73333333333333,0.18,0.096,0,,26.9,0.0,63.9,13.45,4446.013888888889,8300.661111111109,2223.0069444444443
2022-06-20 09:00:00,9,0,0,False,0.0,33.75833333333333,-1.0,36.87222222222222,480.4638888888889,60.00144433333334,26.808333502777778,25.253055486111116,33.75833333333333,36.87222222222222,0.0,0.0,70.63055555555556,70.63055555555556,480.4638888888889,60.00144433333334,70.63055555555556,0.0,0.5982667999999932,47.79565029299563,0.0,141.46666666666667,50.0,70.73333333333333,0.18,0.096,0,,33.75833333333333,0.0,70.63055555555556,16.879166666666666,4479.772222222222,8300.661111111109,2239.886111111111
2022-06-20 10:00:00,10,0,0,False,0.0,39.0,-1.0,35.394444444444446,482.30833333333334,59.988472647222224,27.50666661944444,25.340832705555556,39.0,35.394444444444446,0.0,0.0,74.39444444444445,74.39444444444445,482.30833333333334,59.988472647222224,74.39444444444445,0.0,0.5861671766666688,52.42326936001792,0.0,141.46666666666667,50.0,70.73333333333333,0.18,0.096,0,,39.0,0.0,74.39444444444445,19.5,4518.772222222222,8300.661111111109,2259.386111111111
2022-06-20 11:00:00,11,0,0,False,0.0,41.95,-1.0,34.230555555555554,481.64444444444445,59.99722241666667,28.216388797222226,25.75194445277778,41.95,34.230555555555554,0.0,0.0,76.18055555555556,76.18055555555556,481.64444444444445,59.99722241666667,76.18055555555556,0.0,0.5966669000000081,55.0665451230629,0.0,141.46666666666667,50.0,70.73333333333333,0.12,0.08,0,,41.95,0.0,76.18055555555556,20.975,4560.722222222222,8300.661111111109,2280.361111111111
2022-06-20 12:00:00,12,0,0,False,0.0,41.63333333333333,-1.0,34.013888888888886,482.55833333333334,60.003888325,28.92999996388889,26.326944419444448,41.63333333333333,34.013888888888886,0.0,0.0,75.64722222222221,75.64722222222221,482.55833333333334,60.003888325,75.64722222222221,0.0,0.595334010000002,55.03616935335807,0.0,141.46666666666667,50.0,70.73333333333333,0.12,0.08,0,,41.63333333333333,0.0,75.64722222222221,20.816666666666666,4602.355555555555,8300.661111111109,2301.1777777777775
2022-06-20 13:00:00,13,0,0,False,0.0,39.09166666666667,-1.0,34.083333333333336,481.85555555555555,59.98986199444445,29.670833336111112,26.99694437777778,39.09166666666667,34.083333333333336,0.0,0.0,73.17500000000001,73.17500000000001,481.85555555555555,59.98986199444445,73.17500000000001,0.0,0.587834393333344,53.422161485024475,0.0,141.46666666666667,50.0,70.73333333333333,0.12,0.08,0,,39.09166666666667,0.0,73.17500000000001,19.545833333333334,4641.447222222221,8300.661111111109,2320.7236111111106
2022-06-20 14:00:00,14,0,0,False,0.0,35.077777777777776,-1.0,34.15277777777778,479.7055555555556,59.984306233333335,30.341944366666667,27.672222180555558,35.077777777777776,34.15277777777778,0.0,0.0,69.23055555555555,69.23055555555555,479.7055555555556,59.984306233333335,69.23055555555555,0.0,0.581167480000002,50.668057617461784,0.0,141.46666666666667,50.0,70.73333333333333,0.12,0.08,0,,35.077777777777776,0.0,69.23055555555555,17.538888888888888,4676.524999999999,8300.661111111109,2338.2624999999994
2022-06-20 15:00:00,15,0,0,False,0.0,28.680555555555557,-1.0,34.075,480.425,60.00972155555555,31.04222229722222,28.323611058333334,28.680555555555557,34.075,0.0,0.0,62.75555555555556,62.75555555555556,480.425,60.00972155555555,62.75555555555556,0.0,0.5883341333333391,45.702018413597735,0.0,141.46666666666667,50.0,70.73333333333333,0.12,0.08,0,,28.680555555555557,0.0,62.75555555555556,14.340277777777779,4705.205555555554,8300.661111111109,2352.602777777777
2022-06-20 16:00:00,16,0,0,False,0.0,19.944444444444443,-1.0,34.111111111111114,479.1777777777778,60.009888491666665,31.630000058333337,28.731944402777774,19.944444444444443,34.111111111111114,0.0,0.0,54.05555555555556,54.05555555555556,479.1777777777778,60.009888491666665,54.05555555555556,0.0,0.5881338100000022,36.896197327852,0.0,141.46666666666667,50.0,70.73333333333333,0.12,0.08,0,,19.944444444444443,0.0,54.05555555555556,9.972222222222221,4725.149999999999,8300.661111111109,2362.5749999999994
2022-06-20 17:00:00,17,0,0,False,0.0,9.4,-1.0,34.044444444444444,483.6722222222222,60.00705525555556,31.939721786111114,28.978611108333336,9.4,34.044444444444444,0.0,0.0,43.44444444444444,43.44444444444444,483.6722222222222,60.00705525555556,43.44444444444444,0.0,0.5915336933333322,21.63682864450128,0.0,141.46666666666667,50.0,70.73333333333333,0.12,0.08,0,,9.4,0.0,43.44444444444444,4.7,4734.549999999998,8300.661111111109,2367.274999999999
2022-06-20 18:00:00,18,0,0,False,0.0,0.7333333333333333,-1.0,34.047222222222224,482.23055555555555,59.99502806388888,32.17611142222221,29.19750047777778,0.7333333333333333,34.047222222222224,0.0,0.0,34.78055555555556,34.78055555555556,482.23055555555555,59.99502806388888,34.78055555555556,0.0,0.5940336766666575,2.108457790911269,0.0,141.46666666666667,50.0,70.73333333333333,0.18,0.096,0,,0.7333333333333333,0.0,34.78055555555556,0.36666666666666664,4735.283333333332,8300.661111111109,2367.641666666666
2022-06-20 19:00:00,19,0,0,False,0.0,-0.6055555555555555,-1.0,35.25555555555555,480.59722222222223,59.99402816111112,32.180278172222216,29.291110305555563,0.0,35.25555555555555,0.0,0.0,35.25555555555555,35.25555555555555,480.59722222222223,59.99402816111112,35.25555555555555,0.0,0.592833793333341,0.0,0.0,141.46666666666667,50.0,70.73333333333333,0.18,0.096,0,,0.0,0.0,35.25555555555555,0.0,4735.283333333332,8300.661111111109,2367.641666666666
2022-06-20 20:00:00,20,0,0,False,0.0,-0.275,-1.0,37.0,484.68333333333334,59.99000045555555,31.949999613888888,29.236389127777773,0.0,37.0,0.0,0.0,37.0,37.0,484.68333333333334,59.99000045555555,37.0,0.0,0.5880005466666631,0.0,0.0,141.46666666666667,50.0,70.73333333333333,0.18,0.096,0,,0.0,0.0,37.0,0.0,4735.283333333332,8300.661111111109,2367.641666666666
2022-06-20 21:00:00,21,0,0,False,0.0,-0.10277777777777777,-1.0,37.00277777777778,486.675,59.99766694722223,31.668611211111113,29.1186114,0.0,37.00277777777778,0.0,0.0,37.00277777777778,37.00277777777778,486.675,59.99766694722223,37.00277777777778,0.0,0.597200336666674,0.0,0.0,141.46666666666667,50.0,70.73333333333333,0.18,0.096,0,,0.0,0.0,37.00277777777778,0.0,4735.283333333332,8300.661111111109,2367.641666666666
2022-06-20 22:00:00,22,0,0,False,0.0,-0.06666666666666667,-1.0,37.00277777777778,482.4888888888889,60.01716625277777,31.27083345277778,28.938055491666667,0.0,37.00277777777778,0.0,0.0,37.00277777777778,37.00277777777778,482.4888888888889,60.01716625277777,37.00277777777778,0.0,0.5794004966666761,0.0,0.0,141.46666666666667,50.0,70.73333333333333,0.18,0.096,0,,0.0,0.0,37.00277777777778,0.0,4735.283333333332,8300.661111111109,2367.641666666666
2022-06-20 23:00:00,23,0,0,False,0.0,-0.03333333333333333,-1.0,37.00833333333333,482.68611111111113,59.9912502388889,30.820000147222224,28.694166908333333,0.0,37.00833333333333,0.0,0.0,37.00833333333333,37.00833333333333,482.68611111111113,59.9912502388889,37.00833333333333,0.0,0.5895002866666829,0.0,0.0,141.46666666666667,50.0,70.73333333333333,0.12,0.08,0,,0.0,0.0,37.00833333333333,0.0,4735.283333333332,8300.661111111109,2367.641666666666
2022-06-21 00:00:00,0,0,1,False,0.0,-0.03333333333333333,-1.0,37.0,484.60833333333335,59.98288945555556,30.29749993055556,28.466666588888888,0.0,37.0,0.0,0.0,37.0,37.0,484.60833333333335,59.98288945555556,37.0,0.0,0.5794673466666694,0.0,0.0,141.46666666666667,50.0,70.73333333333333,0.12,0.08,0,,0.0,0.0,37.0,0.0,4735.283333333332,8300.661111111109,2367.641666666666
2022-06-21 01:00:00,1,0,1,False,0.0,-0.030555555555555555,-1.0,37.01111111111111,485.1333333333333,59.99733349166666,29.828611105555556,28.254722061111114,0.0,37.01111111111111,0.0,0.0,37.01111111111111,37.01111111111111,485.1333333333333,59.99733349166666,37.01111111111111,0.0,0.5968001899999905,0.0,0.0,141.46666666666667,50.0,70.73333333333333,0.12,0.08,0,,0.0,0.0,37.01111111111111,0.0,4735.283333333332,8300.661111111109,2367.641666666666
2022-06-21 02:00:00,2,0,1,False,0.0,0.0,-1.0,37.0,486.0083333333333,60.00180542777778,29.296388780555557,28.010833355555558,0.0,37.0,0.0,0.0,37.0,37.0,486.0083333333333,60.00180542777778,37.0,0.0,0.5978334866666614,0.0,0.0,141.46666666666667,50.0,70.73333333333333,0.12,0.08,0,,0.0,0.0,37.0,0.0,4735.283333333332,8300.661111111109,2367.641666666666
2022-06-21 03:00:00,3,0,1,False,0.0,0.0,-1.0,37.00833333333333,486.7472222222222,60.0040277638889,28.743611083333334,27.70777776111111,0.0,37.00833333333333,0.0,0.0,37.00833333333333,37.00833333333333,486.7472222222222,60.0040277638889,37.00833333333333,0.0,0.5951666833333206,0.0,0.0,141.46666666666667,50.0,70.73333333333333,0.12,0.08,0,,0.0,0.0,37.00833333333333,0.0,4735.283333333332,8300.661111111109,2367.641666666666
2022-06-21 04:00:00,4,0,1,False,0.0,0.0,-1.0,37.00833333333333,482.4555555555556,59.99333372777779,28.248611083333333,27.28833323888889,0.0,37.00833333333333,0.0,0.0,37.00833333333333,37.00833333333333,482.4555555555556,59.99333372777779,37.00833333333333,0.0,0.5920004733333456,0.0,0.0,141.46666666666667,50.0,70.73333333333333,0.12,0.08,0,,0.0,0.0,37.00833333333333,0.0,4735.283333333332,8300.661111111109,2367.641666666666
2022-06-21 05:00:00,5,0,1,False,0.0,0.21666666666666667,-1.0,37.016666666666666,480.60555555555555,60.00738886944444,27.7716667,26.783888877777777,0.21666666666666667,37.016666666666666,0.0,0.0,37.233333333333334,37.233333333333334,480.60555555555555,60.00738886944444,37.233333333333334,0.0,0.5911333566666712,0.5819158460161146,0.0,141.46666666666667,50.0,70.73333333333333,0.12,0.08,0,,0.21666666666666667,0.0,37.233333333333334,0.10833333333333334,4735.499999999998,8300.661111111109,2367.749999999999
2022-06-21 06:00:00,6,0,1,False,0.0,7.283333333333333,-1.0,37.0,480.775,59.98852808055556,27.313888783333333,26.28527774166667,7.283333333333333,37.0,0.0,0.0,44.28333333333333,44.28333333333333,480.775,59.98852808055556,44.28333333333333,0.0,0.5862336966666731,16.447120812946935,0.0,141.46666666666667,50.0,70.73333333333333,0.18,0.096,0,,7.283333333333333,0.0,44.28333333333333,3.6416666666666666,4742.783333333332,8300.661111111109,2371.391666666666
2022-06-21 07:00:00,7,0,1,False,0.0,18.175,-1.0,37.0,482.01944444444445,59.982389269444454,27.013611136111113,25.89583301666667,18.175,37.0,0.0,0.0,55.175,55.175,482.01944444444445,59.982389269444454,55.175,0.0,0.5788671233333446,32.94064340734029,0.0,141.46666666666667,50.0,70.73333333333333,0.18,0.096,0,,18.175,0.0,55.175,9.0875,4760.958333333332,8300.661111111109,2380.479166666666
2022-06-21 08:00:00,8,0,1,False,0.0,27.75,-1.0,37.0,479.15555555555557,59.998805786111106,26.86805522222222,25.645833616666668,27.75,37.0,0.0,0.0,64.75,64.75,479.15555555555557,59.998805786111106,64.75,0.0,0.598566943333327,42.857142857142854,0.0,141.46666666666667,50.0,70.73333333333333,0.18,0.096,0,,27.75,0.0,64.75,13.875,4788.708333333332,8300.661111111109,2394.354166666666
2022-06-21 09:00:00,9,0,1,False,0.0,34.55555555555556,-1.0,36.955555555555556,478.02222222222224,59.99602810555555,26.876666197222224,25.576111111111114,34.55555555555556,36.955555555555556,0.0,0.0,71.51111111111112,71.51111111111112,478.02222222222224,59.99602810555555,71.51111111111112,0.0,0.5952337266666632,48.3219390926041,0.0,141.46666666666667,50.0,70.73333333333333,0.18,0.096,0,,34.55555555555556,0.0,71.51111111111112,17.27777777777778,4823.263888888888,8300.661111111109,2411.631944444444
2022-06-21 10:00:00,10,0,1,False,0.0,38.56111111111111,-1.0,36.077777777777776,478.96944444444443,59.99983323888888,27.41972225833333,25.63305563888889,38.56111111111111,36.077777777777776,0.0,0.0,74.63888888888889,74.63888888888889,478.96944444444443,59.99983323888888,74.63888888888889,0.0,0.5997998866666592,51.66356531447711,0.0,141.46666666666667,50.0,70.73333333333333,0.18,0.096,0,,38.56111111111111,0.0,74.63888888888889,19.280555555555555,4861.824999999999,8300.661111111109,2430.9124999999995
2022-06-21 11:00:00,11,0,1,False,0.0,40.96944444444444,-1.0,35.013888888888886,479.8,60.00661066111111,28.194722136111107,26.06694426944444,40.96944444444444,35.013888888888886,0.0,0.0,75.98333333333332,75.98333333333332,479.8,60.00661066111111,75.98333333333332,0.0,0.5920672066666668,53.91898808218178,0.0,141.46666666666667,50.0,70.73333333333333,0.12,0.08,0,,40.96944444444444,0.0,75.98333333333332,20.48472222222222,4902.794444444444,8300.661111111109,2451.397222222222
2022-06-21 12:00:00,12,0,1,False,0.0,41.294444444444444,-1.0,34.31944444444444,480.98333333333335,60.014110536111104,28.99166655,26.67638886111111,41.294444444444444,34.31944444444444,0.0,0.0,75.61388888888888,75.61388888888888,480.98333333333335,60.014110536111104,75.61388888888888,0.0,0.5830673566666746,54.61224789684436,0.0,141.46666666666667,50.0,70.73333333333333,0.12,0.08,0,,41.294444444444444,0.0,75.61388888888888,20.647222222222222,4944.0888888888885,8300.661111111109,2472.0444444444443
2022-06-21 13:00:00,13,0,1,False,0.0,39.71666666666667,-1.0,34.016666666666666,480.99444444444447,60.020638291666664,29.697777775000002,27.27888875555556,39.71666666666667,34.016666666666666,0.0,0.0,73.73333333333333,73.73333333333333,480.99444444444447,60.020638291666664,73.73333333333333,0.0,0.575234050000003,53.86528028933092,0.0,141.46666666666667,50.0,70.73333333333333,0.12,0.08,0,,39.71666666666667,0.0,73.73333333333333,19.858333333333334,4983.805555555555,8300.661111111109,2491.9027777777774
2022-06-21 14:00:00,14,0,1,False,0.0,34.638888888888886,-1.0,34.06944444444444,479.2055555555556,60.00374969444444,30.262499894444446,27.861388850000004,34.638888888888886,34.06944444444444,0.0,0.0,68.70833333333333,68.70833333333333,479.2055555555556,60.00374969444444,68.70833333333333,0.0,0.5955003666666755,50.41439256114817,0.0,141.46666666666667,50.0,70.73333333333333,0.12,0.08,0,,34.638888888888886,0.0,68.70833333333333,17.319444444444443,5018.444444444443,8300.661111111109,2509.2222222222217
2022-06-21 15:00:00,15,0,1,False,0.0,26.272222222222222,-1.0,34.083333333333336,477.0,60.007860897222216,30.868055552777776,28.408888736111113,26.272222222222222,34.083333333333336,0.0,0.0,60.355555555555554,60.355555555555554,477.0,60.007860897222216,60.355555555555554,0.0,0.5905669233333413,43.529086892488955,0.0,141.46666666666667,50.0,70.73333333333333,0.12,0.08,0,,26.272222222222222,0.0,60.355555555555554,13.136111111111111,5044.716666666665,8300.661111111109,2522.3583333333327
2022-06-21 16:00:00,16,0,1,False,0.0,13.73611111111111,-1.0,34.025,481.55833333333334,60.01541612222223,31.294444352777777,28.722777916666665,13.73611111111111,34.025,0.0,0.0,47.761111111111106,47.761111111111106,481.55833333333334,60.01541612222223,47.761111111111106,0.0,0.5815006533333275,28.760032569500993,0.0,141.46666666666667,50.0,70.73333333333333,0.12,0.08,0,,13.73611111111111,0.0,47.761111111111106,6.868055555555555,5058.452777777777,8300.661111111109,2529.2263888888883
2022-06-21 17:00:00,17,0,1,False,0.0,9.708333333333334,-1.0,34.00555555555555,484.1972222222222,60.01705477777777,31.57722241388889,28.960555536111112,9.708333333333334,34.00555555555555,0.0,0.0,43.71388888888889,43.71388888888889,484.1972222222222,60.01705477777777,43.71388888888889,0.0,0.5795342666666726,22.208807269492283,0.0,141.46666666666667,50.0,70.73333333333333,0.12,0.08,0,,9.708333333333334,0.0,43.71388888888889,4.854166666666667,5068.16111111111,8300.661111111109,2534.080555555555
2022-06-21 18:00:00,18,0,1,False,0.0,1.375,-1.0,34.013888888888886,482.60555555555555,59.989805894444444,31.771944047222224,29.184167224999996,1.375,34.013888888888886,0.0,0.0,35.388888888888886,35.388888888888886,482.60555555555555,59.989805894444444,35.388888888888886,0.0,0.5877670733333332,3.885400313971743,0.0,141.46666666666667,50.0,70.73333333333333,0.18,0.096,0,,1.375,0.0,35.388888888888886,0.6875,5069.53611111111,8300.661111111109,2534.768055555555
2022-06-21 19:00:00,19,0,1,False,0.0,-0.6805555555555556,-1.0,34.583333333333336,480.90833333333336,59.98844486388889,31.803332483333335,29.290276972222234,0.0,34.583333333333336,0.0,0.0,34.583333333333336,34.583333333333336,480.90833333333336,59.98844486388889,34.583333333333336,0.0,0.5861338366666643,0.0,0.0,141.46666666666667,50.0,70.73333333333333,0.18,0.096,0,,0.0,0.0,34.583333333333336,0.0,5069.53611111111,8300.661111111109,2534.768055555555
2022-06-21 20:00:00,20,0,1,False,0.0,-0.5833333333333334,-1.0,37.0,481.98055555555555,60.000416530555555,31.65972261944444,29.290554744444453,0.0,37.0,0.0,0.0,37.0,37.0,481.98055555555555,60.000416530555555,37.0,0.0,0.5995001633333344,0.0,0.0,141.46666666666667,50.0,70.73333333333333,0.18,0.096,0,,0.0,0.0,37.0,0.0,5069.53611111111,8300.661111111109,2534.768055555555
2022-06-21 21:00:00,21,0,1,False,0.0,-0.4111111111111111,-1.0,37.0,483.9472222222222,60.00355536944444,31.5175,29.28222157777778,0.0,37.0,0.0,0.0,37.0,37.0,483.9472222222222,60.00355536944444,37.0,0.0,0.5957335566666699,0.0,0.0,141.46666666666667,50.0,70.73333333333333,0.18,0.096,0,,0.0,0.0,37.0,0.0,5069.53611111111,8300.661111111109,2534.768055555555
2022-06-21 22:00:00,22,0,1,False,0.0,-0.10555555555555556,-1.0,37.05277777777778,483.69166666666666,60.00586068055555,31.24305562777778,29.179444761111114,0.0,37.05277777777778,0.0,0.0,37.05277777777778,37.05277777777778,483.69166666666666,60.00586068055555,37.05277777777778,0.0,0.5929671833333401,0.0,0.0,141.46666666666667,50.0,70.73333333333333,0.18,0.096,0,,0.0,0.0,37.05277777777778,0.0,5069.53611111111,8300.661111111109,2534.768055555555
2022-06-21 23:00:00,23,0,1,False,0.0,-0.06666666666666667,-1.0,37.00833333333333,484.9555555555556,60.00258320555555,30.804722277777778,28.92916653055556,0.0,37.00833333333333,0.0,0.0,37.00833333333333,37.00833333333333,484.9555555555556,60.00258320555555,37.00833333333333,0.0,0.5969001533333369,0.0,0.0,141.46666666666667,50.0,70.73333333333333,0.12,0.08,0,,0.0,0.0,37.00833333333333,0.0,5069.53611111111,8300.661111111109,2534.768055555555
2022-06-22 00:00:00,0,0,2,False,0.0,0.0,-1.0,37.0,485.6138888888889,60.01405511666666,30.309166625,28.689166827777782,0.0,37.0,0.0,0.0,37.0,37.0,485.6138888888889,60.01405511666666,37.0,0.0,0.5831338600000066,0.0,0.0,141.46666666666667,50.0,70.73333333333333,0.12,0.08,0,,0.0,0.0,37.0,0.0,5069.53611111111,8300.661111111109,2534.768055555555
2022-06-22 01:00:00,1,0,2,False,0.0,0.0,-1.0,37.01111111111111,483.18611111111113,60.010110455555555,29.731388830555552,28.408888583333336,0.0,37.01111111111111,0.0,0.0,37.01111111111111,37.01111111111111,483.18611111111113,60.010110455555555,37.01111111111111,0.0,0.5878674533333338,0.0,0.0,141.46666666666667,50.0,70.73333333333333,0.12,0.08,0,,0.0,0.0,37.01111111111111,0.0,5069.53611111111,8300.661111111109,2534.768055555555
2022-06-22 02:00:00,2,0,2,False,0.0,0.0,-1.0,37.00277777777778,484.78333333333336,59.99161143055555,29.162777655555555,28.10277806111111,0.0,37.00277777777778,0.0,0.0,37.00277777777778,37.00277777777778,484.78333333333336,59.99161143055555,37.00277777777778,0.0,0.5899337166666612,0.0,0.0,141.46666666666667,50.0,70.73333333333333,0.12,0.08,0,,0.0,0.0,37.00277777777778,0.0,5069.53611111111,8300.661111111109,2534.768055555555
2022-06-22 03:00:00,3,0,2,False,0.0,0.0,-1.0,37.0,485.25,60.00888826111111,28.514999891666665,27.69083324722222,0.0,37.0,0.0,0.0,37.0,37.0,485.25,60.00888826111111,37.0,0.0,0.5893340866666676,0.0,0.0,141.46666666666667,50.0,70.73333333333333,0.12,0.08,0,,0.0,0.0,37.0,0.0,5069.53611111111,8300.661111111109,2534.768055555555
2022-06-22 04:00:00,4,0,2,False,0.0,0.0,-1.0,37.03055555555556,484.72777777777776,59.97788953888889,27.857500072222223,27.059722091666668,0.0,37.03055555555556,0.0,0.0,37.03055555555556,37.03055555555556,484.72777777777776,59.97788953888889,37.03055555555556,0.0,0.573467446666666,0.0,0.0,141.46666666666667,50.0,70.73333333333333,0.12,0.08,0,,0.0,0.0,37.03055555555556,0.0,5069.53611111111,8300.661111111109,2534.768055555555
2022-06-22 05:00:00,5,0,2,False,0.0,0.46111111111111114,-1.0,37.00833333333333,485.4861111111111,59.99961122777778,27.228888783333332,26.346388927777785,0.46111111111111114,37.00833333333333,0.0,0.0,37.46944444444444,37.46944444444444,485.4861111111111,59.99961122777778,37.46944444444444,0.0,0.5995334733333323,1.230632367113945,0.0,141.46666666666667,50.0,70.73333333333333,0.12,0.08,0,,0.46111111111111114,0.0,37.46944444444444,0.23055555555555557,5069.99722222222,8300.661111111109,2534.99861111111
2022-06-22 06:00:00,6,0,2,False,0.0,9.011111111111111,-1.0,37.0,482.01666666666665,59.995610944444444,26.69250000277778,25.686944463888892,9.011111111111111,37.0,0.0,0.0,46.01111111111111,46.01111111111111,482.01666666666665,59.995610944444444,46.01111111111111,0.0,0.5947331333333323,19.584641390968365,0.0,141.46666666666667,50.0,70.73333333333333,0.18,0.096,0,,9.011111111111111,0.0,46.01111111111111,4.5055555555555555,5079.008333333331,8300.661111111109,2539.5041666666657
2022-06-22 07:00:00,7,0,2,False,0.0,17.019444444444446,-1.0,37.0,484.1,59.99083395555556,26.373610697222222,25.19388883888889,17.019444444444446,37.0,0.0,0.0,54.019444444444446,54.019444444444446,484.1,59.99083395555556,54.019444444444446,0.0,0.5890007466666702,31.50614490666941,0.0,141.46666666666667,50.0,70.73333333333333,0.18,0.096,0,,17.019444444444446,0.0,54.019444444444446,8.509722222222223,5096.027777777776,8300.661111111109,2548.013888888888
2022-06-22 08:00:00,8,0,2,False,0.0,27.780555555555555,-1.0,37.0,484.975,59.993111666666664,26.301943463888897,24.95944443888889,27.780555555555555,37.0,0.0,0.0,64.78055555555555,64.78055555555555,484.975,59.993111666666664,64.78055555555555,0.0,0.5917339999999968,42.88409587925046,0.0,141.46666666666667,50.0,70.73333333333333,0.18,0.096,0,,27.780555555555555,0.0,64.78055555555555,13.890277777777778,5123.808333333331,8300.661111111109,2561.9041666666653
2022-06-22 09:00:00,9,0,2,False,0.0,34.702777777777776,-1.0,36.34444444444444,483.3222222222222,60.00466642777778,26.398332888888895,24.91027771666667,34.702777777777776,36.34444444444444,0.0,0.0,71.04722222222222,71.04722222222222,483.3222222222222,60.00466642777778,71.04722222222222,0.0,0.5944002866666664,48.84466512882668,0.0,141.46666666666667,50.0,70.73333333333333,0.18,0.096,0,,34.702777777777776,0.0,71.04722222222222,17.351388888888888,5158.511111111108,8300.661111111109,2579.255555555554
2022-06-22 10:00:00,10,0,2,False,0.0,39.06388888888889,-1.0,35.91388888888889,480.93888888888887,59.996166855555565,26.99361102777778,25.016666725,39.06388888888889,35.91388888888889,0.0,0.0,74.97777777777779,74.97777777777779,480.93888888888887,59.996166855555565,74.97777777777779,0.0,0.5954002266666777,52.100622406639,0.0,141.46666666666667,50.0,70.73333333333333,0.18,0.096,0,,39.06388888888889,0.0,74.97777777777779,19.531944444444445,5197.574999999997,8300.661111111109,2598.7874999999985
2022-06-22 11:00:00,11,0,2,False,0.0,40.41111111111111,-1.0,34.702777777777776,481.89722222222224,60.01269365277777,27.755277755555554,25.44944445277778,40.41111111111111,34.702777777777776,0.0,0.0,75.11388888888888,75.11388888888888,481.89722222222224,60.01269365277777,75.11388888888888,0.0,0.5847676166666759,53.79978551089087,0.0,141.46666666666667,50.0,70.73333333333333,0.12,0.08,0,,40.41111111111111,0.0,75.11388888888888,20.205555555555556,5237.986111111109,8300.661111111109,2618.9930555555543
2022-06-22 12:00:00,12,0,2,False,0.0,34.375,-1.0,34.00833333333333,480.40833333333336,59.998694497222225,28.455555583333332,26.003611161111106,34.375,34.00833333333333,0.0,0.0,68.38333333333333,68.38333333333333,480.40833333333336,59.998694497222225,68.38333333333333,0.0,0.5984333966666696,50.26809651474531,0.0,141.46666666666667,50.0,70.73333333333333,0.12,0.08,0,,34.375,0.0,68.38333333333333,17.1875,5272.361111111109,8300.661111111109,2636.1805555555543
2022-06-22 13:00:00,13,0,2,False,0.0,34.916666666666664,-1.0,34.00277777777778,479.3638888888889,59.995611325000006,28.97722203611111,26.450277627777783,34.916666666666664,34.00277777777778,0.0,0.0,68.91944444444445,68.91944444444445,479.3638888888889,59.995611325000006,68.91944444444445,0.0,0.5947335900000069,50.66301237354398,0.0,141.46666666666667,50.0,70.73333333333333,0.12,0.08,0,,34.916666666666664,0.0,68.91944444444445,17.458333333333332,5307.277777777776,8300.661111111109,2653.638888888888
2022-06-22 14:00:00,14,0,2,False,0.0,34.74444444444445,-1.0,34.06944444444444,480.2472222222222,59.984389461111114,29.583888777777776,27.06499987777778,34.74444444444445,34.06944444444444,0.0,0.0,68.8138888888889,68.8138888888889,480.2472222222222,59.984389461111114,68.8138888888889,0.0,0.5812673533333367,50.49045331611028,0.0,141.46666666666667,50.0,70.73333333333333,0.12,0.08,0,,34.74444444444445,0.0,68.8138888888889,17.372222222222224,5342.02222222222,8300.661111111109,2671.01111111111
2022-06-22 15:00:00,15,0,2,False,0.0,19.602777777777778,-1.0,34.05,479.93333333333334,60.00461060833334,30.176944238888893,27.591111366666667,19.602777777777778,34.05,0.0,0.0,53.65277777777777,53.65277777777777,479.93333333333334,60.00461060833334,53.65277777777777,0.0,0.5944672699999956,36.53637069634999,0.0,141.46666666666667,50.0,70.73333333333333,0.12,0.08,0,,19.602777777777778,0.0,53.65277777777777,9.801388888888889,5361.624999999998,8300.661111111109,2680.812499999999
2022-06-22 16:00:00,16,0,2,False,0.0,21.116666666666667,-1.0,34.05555555555556,479.14166666666665,60.002361416666666,30.57583356944444,27.93972209444445,21.116666666666667,34.05555555555556,0.0,0.0,55.172222222222224,55.172222222222224,479.14166666666665,60.002361416666666,55.172222222222224,0.0,0.5971663000000006,38.27409122948344,0.0,141.46666666666667,50.0,70.73333333333333,0.12,0.08,0,,21.116666666666667,0.0,55.172222222222224,10.558333333333334,5382.741666666665,8300.661111111109,2691.3708333333325
2022-06-22 17:00:00,17,0,2,False,0.0,8.658333333333333,-1.0,34.05555555555556,480.21666666666664,59.97077789444445,30.893888702777772,28.22611101944445,8.658333333333333,34.05555555555556,0.0,0.0,42.71388888888889,42.71388888888889,480.21666666666664,59.97077789444445,42.71388888888889,0.0,0.5649334733333432,20.270533914287572,0.0,141.46666666666667,50.0,70.73333333333333,0.12,0.08,0,,8.658333333333333,0.0,42.71388888888889,4.329166666666667,5391.399999999999,8300.661111111109,2695.6999999999994
2022-06-22 18:00:00,18,0,2,False,0.0,1.1944444444444444,-1.0,34.00555555555555,481.02777777777777,59.99819446666667,31.03833333333333,28.37527746388889,1.1944444444444444,34.00555555555555,0.0,0.0,35.199999999999996,35.199999999999996,481.02777777777777,59.99819446666667,35.199999999999996,0.0,0.5978333600000013,3.3933080808080813,0.0,141.46666666666667,50.0,70.73333333333333,0.18,0.096,0,,1.1944444444444444,0.0,35.199999999999996,0.5972222222222222,5392.594444444443,8300.661111111109,2696.2972222222215
2022-06-22 19:00:00,19,0,2,False,0.0,-0.6722222222222223,-1.0,35.519444444444446,480.3361111111111,60.01055506666667,31.096944455555562,28.493055555555557,0.0,35.519444444444446,0.0,0.0,35.519444444444446,35.519444444444446,480.3361111111111,60.01055506666667,35.519444444444446,0.0,0.5873339199999975,0.0,0.0,141.46666666666667,50.0,70.73333333333333,0.18,0.096,0,,0.0,0.0,35.519444444444446,0.0,5392.594444444443,8300.661111111109,2696.2972222222215
2022-06-22 20:00:00,20,0,2,False,0.0,-0.5638888888888889,-1.0,36.96944444444444,482.89166666666665,59.997750108333335,31.00361111111111,28.51694444444445,0.0,36.96944444444444,0.0,0.0,36.96944444444444,36.96944444444444,482.89166666666665,59.997750108333335,36.96944444444444,0.0,0.5973001300000021,0.0,0.0,141.46666666666667,50.0,70.73333333333333,0.18,0.096,0,,0.0,0.0,36.96944444444444,0.0,5392.594444444443,8300.661111111109,2696.2972222222215
2022-06-22 21:00:00,21,0,2,False,0.0,-0.3611111111111111,-1.0,37.0,484.3277777777778,60.01544399444444,30.866110819444444,28.503888888888888,0.0,37.0,0.0,0.0,37.0,37.0,484.3277777777778,60.01544399444444,37.0,0.0,0.5814672066666731,0.0,0.0,141.46666666666667,50.0,70.73333333333333,0.18,0.096,0,,0.0,0.0,37.0,0.0,5392.594444444443,8300.661111111109,2696.2972222222215
2022-06-22 22:00:00,22,0,2,False,0.0,-0.13055555555555556,-1.0,37.05277777777778,486.13055555555553,59.996972375,30.602778049999998,28.424999900000003,0.0,37.05277777777778,0.0,0.0,37.05277777777778,37.05277777777778,486.13055555555553,59.996972375,37.05277777777778,0.0,0.5963668499999982,0.0,0.0,141.46666666666667,50.0,70.73333333333333,0.18,0.096,0,,0.0,0.0,37.05277777777778,0.0,5392.594444444443,8300.661111111109,2696.2972222222215
2022-06-22 23:00:00,23,0,2,False,0.0,0.0,-1.0,37.03333333333333,482.575,59.99366704166667,30.189999808333333,28.21722201388889,0.0,37.03333333333333,0.0,0.0,37.03333333333333,37.03333333333333,482.575,59.99366704166667,37.03333333333333,0.0,0.5924004500000023,0.0,0.0,141.46666666666667,50.0,70.73333333333333,0.12,0.08,0,,0.0,0.0,37.03333333333333,0.0,5392.594444444443,8300.661111111109,2696.2972222222215
2022-06-23 00:00:00,0,0,3,False,0.0,0.0,-1.0,37.0,485.56388888888887,59.998305405555556,29.656944388888892,27.983333316666666,0.0,37.0,0.0,0.0,37.0,37.0,485.56388888888887,59.998305405555556,37.0,0.0,0.5979664866666666,0.0,0.0,141.46666666666667,50.0,70.73333333333333,0.12,0.08,0,,0.0,0.0,37.0,0.0,5392.594444444443,8300.661111111109,2696.2972222222215
2022-06-23 01:00:00,1,0,3,False,0.0,0.0,-1.0,37.00277777777778,487.5888888888889,59.992916977777774,29.08249985,27.70555551944445,0.0,37.00277777777778,0.0,0.0,37.00277777777778,37.00277777777778,487.5888888888889,59.992916977777774,37.00277777777778,0.0,0.5915003733333293,0.0,0.0,141.46666666666667,50.0,70.73333333333333,0.12,0.08,0,,0.0,0.0,37.00277777777778,0.0,5392.594444444443,8300.661111111109,2696.2972222222215
2022-06-23 02:00:00,2,0,3,False,0.0,0.0,-1.0,37.00555555555555,482.60833333333335,59.99966663888889,28.546944430555556,27.44416649166667,0.0,37.00555555555555,0.0,0.0,37.00555555555555,37.00555555555555,482.60833333333335,59.99966663888889,37.00555555555555,0.0,0.5995999666666677,0.0,0.0,141.46666666666667,50.0,70.73333333333333,0.12,0.08,0,,0.0,0.0,37.00555555555555,0.0,5392.594444444443,8300.661111111109,2696.2972222222215
2022-06-23 03:00:00,3,0,3,False,0.0,0.0,-1.0,37.016666666666666,483.2361111111111,60.00361056666667,28.036111069444445,27.13916665,0.0,37.016666666666666,0.0,0.0,37.016666666666666,37.016666666666666,483.2361111111111,60.00361056666667,37.016666666666666,0.0,0.5956673199999926,0.0,0.0,141.46666666666667,50.0,70.73333333333333,0.12,0.08,0,,0.0,0.0,37.016666666666666,0.0,5392.594444444443,8300.661111111109,2696.2972222222215
2022-06-23 04:00:00,4,0,3,False,0.0,0.0,-1.0,37.00555555555555,485.8777777777778,60.00930516944444,27.44500004444444,26.63722223055555,0.0,37.00555555555555,0.0,0.0,37.00555555555555,37.00555555555555,485.8777777777778,60.00930516944444,37.00555555555555,0.0,0.5888337966666739,0.0,0.0,141.46666666666667,50.0,70.73333333333333,0.12,0.08,0,,0.0,0.0,37.00555555555555,0.0,5392.594444444443,8300.661111111109,2696.2972222222215
2022-06-23 05:00:00,5,0,3,False,0.0,0.23333333333333334,-1.0,37.00555555555555,486.6666666666667,60.009249447222224,26.82111110277778,26.013611086111105,0.23333333333333334,37.00555555555555,0.0,0.0,37.23888888888889,37.23888888888889,486.6666666666667,60.009249447222224,37.23888888888889,0.0,0.5889006633333309,0.6265851111442639,0.0,141.46666666666667,50.0,70.73333333333333,0.12,0.08,0,,0.23333333333333334,0.0,37.23888888888889,0.11666666666666667,5392.827777777777,8300.661111111109,2696.4138888888883
2022-06-23 06:00:00,6,0,3,False,0.0,7.461111111111111,-1.0,37.0,484.6666666666667,59.98800021944444,26.28194441666667,25.357777763888887,7.461111111111111,37.0,0.0,0.0,44.46111111111111,44.46111111111111,484.6666666666667,59.98800021944444,44.46111111111111,0.0,0.5856002633333247,16.781207047357242,0.0,141.46666666666667,50.0,70.73333333333333,0.18,0.096,0,,7.461111111111111,0.0,44.46111111111111,3.7305555555555556,5400.288888888887,8300.661111111109,2700.1444444444437
2022-06-23 07:00:00,7,0,3,False,0.0,18.380555555555556,-1.0,37.0,481.65555555555557,59.99413896666667,26.008055558333332,24.800000194444443,18.380555555555556,37.0,0.0,0.0,55.38055555555556,55.38055555555556,481.65555555555557,59.99413896666667,55.38055555555556,0.0,0.5929667600000016,33.189547073280835,0.0,141.46666666666667,50.0,70.73333333333333,0.18,0.096,0,,18.380555555555556,0.0,55.38055555555556,9.190277777777778,5418.669444444443,8300.661111111109,2709.3347222222214
2022-06-23 08:00:00,8,0,3,False,0.0,27.808333333333334,-1.0,37.0,483.4888888888889,59.99775029166667,25.917222216666666,24.53250002777778,27.808333333333334,37.0,0.0,0.0,64.80833333333334,64.80833333333334,483.4888888888889,59.99775029166667,64.80833333333334,0.0,0.5973003500000033,42.90857657194291,0.0,141.46666666666667,50.0,70.73333333333333,0.18,0.096,0,,27.808333333333334,0.0,64.80833333333334,13.904166666666667,5446.477777777776,8300.661111111109,2723.238888888888
2022-06-23 09:00:00,9,0,3,False,0.0,34.49166666666667,-1.0,36.983333333333334,483.99444444444447,59.99288951111111,25.98222228333333,24.42972221666667,34.49166666666667,36.983333333333334,0.0,0.0,71.475,71.475,483.99444444444447,59.99288951111111,71.475,0.0,0.5914674133333306,48.25696630523493,0.0,141.46666666666667,50.0,70.73333333333333,0.18,0.096,0,,34.49166666666667,0.0,71.475,17.245833333333334,5480.969444444443,8300.661111111109,2740.4847222222215
2022-06-23 10:00:00,10,0,3,False,0.0,38.827777777777776,-1.0,36.1,482.14166666666665,59.981556036111115,26.644999858333332,24.568055752777774,38.827777777777776,36.1,0.0,0.0,74.92777777777778,74.92777777777778,482.14166666666665,59.981556036111115,74.92777777777778,0.0,0.5778672433333384,51.820271372432714,0.0,141.46666666666667,50.0,70.73333333333333,0.18,0.096,0,,38.827777777777776,0.0,74.92777777777778,19.413888888888888,5519.797222222221,8300.661111111109,2759.8986111111103
2022-06-23 11:00:00,11,0,3,False,0.0,41.202777777777776,-1.0,35.55833333333333,481.24444444444447,59.99108359722222,27.43916665,25.023333297222223,41.202777777777776,35.55833333333333,0.0,0.0,76.7611111111111,76.7611111111111,481.24444444444447,59.99108359722222,76.7611111111111,0.0,0.5893003166666659,53.676630238112466,0.0,141.46666666666667,50.0,70.73333333333333,0.12,0.08,0,,41.202777777777776,0.0,76.7611111111111,20.601388888888888,5560.999999999998,8300.661111111109,2780.499999999999
2022-06-23 12:00:00,12,0,3,False,0.0,41.11666666666667,-1.0,34.58888888888889,479.19444444444446,59.99413892222222,28.239166616666665,25.644722175000002,41.11666666666667,34.58888888888889,0.0,0.0,75.70555555555555,75.70555555555555,479.19444444444446,59.99413892222222,75.70555555555555,0.0,0.5929667066666638,54.31129375504513,0.0,141.46666666666667,50.0,70.73333333333333,0.12,0.08,0,,41.11666666666667,0.0,75.70555555555555,20.558333333333334,5602.116666666665,8300.661111111109,2801.0583333333325
2022-06-23 13:00:00,13,0,3,False,0.0,39.17777777777778,-1.0,34.03333333333333,480.21666666666664,60.0041111861111,29.035833172222222,26.31694441388889,39.17777777777778,34.03333333333333,0.0,0.0,73.21111111111111,73.21111111111111,480.21666666666664,60.0041111861111,73.21111111111111,0.0,0.595066576666676,53.5134314767036,0.0,141.46666666666667,50.0,70.73333333333333,0.12,0.08,0,,39.17777777777778,0.0,73.21111111111111,19.58888888888889,5641.294444444443,8300.661111111109,2820.6472222222214
2022-06-23 14:00:00,14,0,3,False,0.0,35.09444444444444,-1.0,34.025,479.9555555555556,60.01005539166666,29.69111110277778,26.91500005833333,35.09444444444444,34.025,0.0,0.0,69.11944444444444,69.11944444444444,479.9555555555556,60.01005539166666,69.11944444444444,0.0,0.5879335300000065,50.7736205441466,0.0,141.46666666666667,50.0,70.73333333333333,0.12,0.08,0,,35.09444444444444,0.0,69.11944444444444,17.54722222222222,5676.388888888888,8300.661111111109,2838.194444444444
2022-06-23 15:00:00,15,0,3,False,0.0,28.97222222222222,-1.0,34.03611111111111,479.60555555555555,60.00969371111111,30.352222225,27.428888669444444,28.97222222222222,34.03611111111111,0.0,0.0,63.00833333333333,63.00833333333333,479.60555555555555,60.00969371111111,63.00833333333333,0.0,0.5883675466666659,45.98157210245558,0.0,141.46666666666667,50.0,70.73333333333333,0.12,0.08,0,,28.97222222222222,0.0,63.00833333333333,14.48611111111111,5705.36111111111,8300.661111111109,2852.680555555555
2022-06-23 16:00:00,16,0,3,False,0.0,20.0,-1.0,34.019444444444446,479.3722222222222,60.014416233333336,30.875555475,27.71722255277778,20.0,34.019444444444446,0.0,0.0,54.019444444444446,54.019444444444446,479.3722222222222,60.014416233333336,54.019444444444446,0.0,0.5827005199999974,37.02370545585437,0.0,141.46666666666667,50.0,70.73333333333333,0.12,0.08,0,,20.0,0.0,54.019444444444446,10.0,5725.36111111111,8300.661111111109,2862.680555555555
2022-06-23 17:00:00,17,0,3,False,0.0,9.475,-1.0,34.00555555555555,480.03333333333336,60.01561029166666,31.13555603333333,27.838888355555557,9.475,34.00555555555555,0.0,0.0,43.480555555555554,43.480555555555554,480.03333333333336,60.01561029166666,43.480555555555554,0.0,0.5812676500000066,21.791349900977448,0.0,141.46666666666667,50.0,70.73333333333333,0.12,0.08,0,,9.475,0.0,43.480555555555554,4.7375,5734.836111111111,8300.661111111109,2867.4180555555554
2022-06-23 18:00:00,18,0,3,False,0.0,0.8527777777777777,-1.0,34.00277777777778,479.8861111111111,60.03958320833333,31.305555102777777,27.919722194444446,0.8527777777777777,34.00277777777778,0.0,0.0,34.855555555555554,34.855555555555554,479.8861111111111,60.03958320833333,34.855555555555554,0.0,0.5525001500000002,2.4466050366592285,0.0,141.46666666666667,50.0,70.73333333333333,0.18,0.096,0,,0.8527777777777777,0.0,34.855555555555554,0.4263888888888889,5735.688888888889,8300.661111111109,2867.8444444444444
2022-06-23 19:00:00,19,0,3,False,0.0,-0.5888888888888889,-1.0,35.3,481.19166666666666,60.02274930277777,31.35638849444445,27.914444375,0.0,35.3,0.0,0.0,35.3,35.3,481.19166666666666,60.02274930277777,35.3,0.0,0.572700836666678,0.0,0.0,141.46666666666667,50.0,70.73333333333333,0.18,0.096,0,,0.0,0.0,35.3,0.0,5735.688888888889,8300.661111111109,2867.8444444444444
2022-06-23 20:00:00,20,0,3,False,0.0,-0.4,-1.0,37.0,482.06666666666666,59.995583225000004,31.166667138888887,27.802221611111115,0.0,37.0,0.0,0.0,37.0,37.0,482.06666666666666,59.995583225000004,37.0,0.0,0.5946998700000051,0.0,0.0,141.46666666666667,50.0,70.73333333333333,0.18,0.096,0,,0.0,0.0,37.0,0.0,5735.688888888889,8300.661111111109,2867.8444444444444
2022-06-23 21:00:00,21,0,3,False,0.0,-0.2916666666666667,-1.0,37.0,481.56388888888887,60.017332950000004,30.925277688888887,27.67805609444444,0.0,37.0,0.0,0.0,37.0,37.0,481.56388888888887,60.017332950000004,37.0,0.0,0.5792004599999956,0.0,0.0,141.46666666666667,50.0,70.73333333333333,0.18,0.096,0,,0.0,0.0,37.0,0.0,5735.688888888889,8300.661111111109,2867.8444444444444
2022-06-23 22:00:00,22,0,3,False,0.0,-0.125,-1.0,37.0,482.5888888888889,60.031138766666665,30.641666700000002,27.529166666666665,0.0,37.0,0.0,0.0,37.0,37.0,482.5888888888889,60.031138766666665,37.0,0.0,0.5626334800000024,0.0,0.0,141.46666666666667,50.0,70.73333333333333,0.18,0.096,0,,0.0,0.0,37.0,0.0,5735.688888888889,8300.661111111109,2867.8444444444444
2022-06-23 23:00:00,23,0,3,False,0.0,-0.06666666666666667,-1.0,37.019444444444446,480.8277777777778,60.01074957777777,30.324722111111107,27.307777386111113,0.0,37.019444444444446,0.0,0.0,37.019444444444446,37.019444444444446,480.8277777777778,60.01074957777777,37.019444444444446,0.0,0.5871005066666726,0.0,0.0,141.46666666666667,50.0,70.73333333333333,0.12,0.08,0,,0.0,0.0,37.019444444444446,0.0,5735.688888888889,8300.661111111109,2867.8444444444444
2022-06-24 00:00:00,0,0,4,False,0.0,-0.03333333333333333,-1.0,37.016666666666666,483.14166666666665,60.00816643888888,29.873333311111114,27.06000016666667,0.0,37.016666666666666,0.0,0.0,37.016666666666666,37.016666666666666,483.14166666666665,60.00816643888888,37.016666666666666,0.0,0.5902002733333461,0.0,0.0,141.46666666666667,50.0,70.73333333333333,0.12,0.08,0,,0.0,0.0,37.016666666666666,0.0,5735.688888888889,8300.661111111109,2867.8444444444444
2022-06-24 01:00:00,1,0,4,False,0.0,0.0,-1.0,37.0,483.5527777777778,60.00302726111111,29.420555347222226,26.803888861111112,0.0,37.0,0.0,0.0,37.0,37.0,483.5527777777778,60.00302726111111,37.0,0.0,0.5963672866666713,0.0,0.0,141.46666666666667,50.0,70.73333333333333,0.12,0.08,0,,0.0,0.0,37.0,0.0,5735.688888888889,8300.661111111109,2867.8444444444444
2022-06-24 02:00:00,2,0,4,False,0.0,0.0,-1.0,37.00555555555555,485.06666666666666,59.99561112777778,28.911666702777776,26.545833405555555,0.0,37.00555555555555,0.0,0.0,37.00555555555555,37.00555555555555,485.06666666666666,59.99561112777778,37.00555555555555,0.0,0.5947333533333335,0.0,0.0,141.46666666666667,50.0,70.73333333333333,0.12,0.08,0,,0.0,0.0,37.00555555555555,0.0,5735.688888888889,8300.661111111109,2867.8444444444444
2022-06-24 03:00:00,3,0,4,False,0.0,0.0,-1.0,37.00833333333333,484.60833333333335,59.98472229722223,28.434166436111113,26.283333247222224,0.0,37.00833333333333,0.0,0.0,37.00833333333333,37.00833333333333,484.60833333333335,59.98472229722223,37.00833333333333,0.0,0.5816667566666723,0.0,0.0,141.46666666666667,50.0,70.73333333333333,0.12,0.08,0,,0.0,0.0,37.00833333333333,0.0,5735.688888888889,8300.661111111109,2867.8444444444444
2022-06-24 04:00:00,4,0,4,False,0.0,0.0,-1.0,37.01111111111111,480.93888888888887,59.97786131944445,27.98611111388889,26.061944552777778,0.0,37.01111111111111,0.0,0.0,37.01111111111111,37.01111111111111,480.93888888888887,59.97786131944445,37.01111111111111,0.0,0.5734335833333404,0.0,0.0,141.46666666666667,50.0,70.73333333333333,0.12,0.08,0,,0.0,0.0,37.01111111111111,0.0,5735.688888888889,8300.661111111109,2867.8444444444444
2022-06-24 05:00:00,5,0,4,False,0.0,0.3388888888888889,-1.0,37.03333333333333,479.30555555555554,59.98644495555556,27.557500102777773,25.823611025,0.3388888888888889,37.03333333333333,0.0,0.0,37.37222222222222,37.37222222222222,479.30555555555554,59.98644495555556,37.37222222222222,0.0,0.5837339466666748,0.9067935186561618,0.0,141.46666666666667,50.0,70.73333333333333,0.12,0.08,0,,0.3388888888888889,0.0,37.37222222222222,0.16944444444444445,5736.027777777777,8300.661111111109,2868.0138888888887
2022-06-24 06:00:00,6,0,4,False,0.0,8.294444444444444,-1.0,37.00277777777778,479.7972222222222,59.98252825000001,27.19694442222222,25.553611172222222,8.294444444444444,37.00277777777778,0.0,0.0,45.297222222222224,45.297222222222224,479.7972222222222,59.98252825000001,45.297222222222224,0.0,0.5790339000000102,18.3111547188324,0.0,141.46666666666667,50.0,70.73333333333333,0.18,0.096,0,,8.294444444444444,0.0,45.297222222222224,4.147222222222222,5744.322222222222,8300.661111111109,2872.161111111111
2022-06-24 07:00:00,7,0,4,False,0.0,15.713888888888889,-1.0,37.0,482.8777777777778,59.98275043611112,27.014444444444447,25.35805510277778,15.713888888888889,37.0,0.0,0.0,52.71388888888889,52.71388888888889,482.8777777777778,59.98275043611112,52.71388888888889,0.0,0.5793005233333417,29.8097697212415,0.0,141.46666666666667,50.0,70.73333333333333,0.18,0.096,0,,15.713888888888889,0.0,52.71388888888889,7.856944444444444,5760.036111111111,8300.661111111109,2880.0180555555553
2022-06-24 08:00:00,8,0,4,False,0.0,23.90277777777778,-1.0,37.0,480.28333333333336,60.001444325,27.019722222222224,25.307499083333337,23.90277777777778,37.0,0.0,0.0,60.90277777777778,60.90277777777778,480.28333333333336,60.001444325,60.90277777777778,0.0,0.5982668099999984,39.247434435575826,0.0,141.46666666666667,50.0,70.73333333333333,0.18,0.096,0,,23.90277777777778,0.0,60.90277777777778,11.95138888888889,5783.938888888888,8300.661111111109,2891.969444444444
2022-06-24 09:00:00,9,0,4,False,0.0,26.319444444444443,-1.0,36.952777777777776,480.0777777777778,59.99891687777779,27.172500080555558,25.35527732777778,26.319444444444443,36.952777777777776,0.0,0.0,63.27222222222222,63.27222222222222,480.0777777777778,59.99891687777779,63.27222222222222,0.0,0.5987002533333452,41.597155149705856,0.0,141.46666666666667,50.0,70.73333333333333,0.18,0.096,0,,26.319444444444443,0.0,63.27222222222222,13.159722222222221,5810.258333333332,8300.661111111109,2905.129166666666
2022-06-24 10:00:00,10,0,4,False,0.0,38.708333333333336,-1.0,35.74444444444445,479.5861111111111,60.00291626666666,27.623333272222222,25.501111130555557,38.708333333333336,35.74444444444445,0.0,0.0,74.45277777777778,74.45277777777778,479.5861111111111,60.00291626666666,74.45277777777778,0.0,0.5965004800000088,51.99044883035481,0.0,141.46666666666667,50.0,70.73333333333333,0.18,0.096,0,,38.708333333333336,0.0,74.45277777777778,19.354166666666668,5848.966666666665,8300.661111111109,2924.4833333333327
2022-06-24 11:00:00,11,0,4,False,0.0,41.791666666666664,-1.0,35.272222222222226,480.24444444444447,59.9997223,28.27111106388889,25.922222325,41.791666666666664,35.272222222222226,0.0,0.0,77.0638888888889,77.0638888888889,480.24444444444447,59.9997223,77.0638888888889,0.0,0.5996667600000023,54.22989582957862,0.0,141.46666666666667,50.0,70.73333333333333,0.12,0.08,0,,41.791666666666664,0.0,77.0638888888889,20.895833333333332,5890.758333333332,8300.661111111109,2945.379166666666
2022-06-24 12:00:00,12,0,4,False,0.0,41.16111111111111,-1.0,34.06666666666667,480.96666666666664,60.00311087499999,28.96833328888889,26.480833313888887,41.16111111111111,34.06666666666667,0.0,0.0,75.22777777777779,75.22777777777779,480.96666666666664,60.00311087499999,75.22777777777779,0.0,0.5962669500000117,54.71530906136917,0.0,141.46666666666667,50.0,70.73333333333333,0.12,0.08,0,,41.16111111111111,0.0,75.22777777777779,20.580555555555556,5931.919444444444,8300.661111111109,2965.959722222222
2022-06-24 13:00:00,13,0,4,False,0.0,39.43055555555556,-1.0,34.025,479.675,60.00341634722223,29.643055533333335,27.096110961111112,39.43055555555556,34.025,0.0,0.0,73.45555555555555,73.45555555555555,479.675,60.00341634722223,73.45555555555555,0.0,0.595900383333327,53.67947360459841,0.0,141.46666666666667,50.0,70.73333333333333,0.12,0.08,0,,39.43055555555556,0.0,73.45555555555555,19.71527777777778,5971.349999999999,8300.661111111109,2985.6749999999997
2022-06-24 14:00:00,14,0,4,False,0.0,34.044444444444444,-1.0,34.05833333333333,477.9138888888889,60.002250027777784,30.240277694444448,27.696111058333333,34.044444444444444,34.05833333333333,0.0,0.0,68.10277777777777,68.10277777777777,477.9138888888889,60.002250027777784,68.10277777777777,0.0,0.5972999666666595,49.98980299384101,0.0,141.46666666666667,50.0,70.73333333333333,0.12,0.08,0,,34.044444444444444,0.0,68.10277777777777,17.022222222222222,6005.394444444444,8300.661111111109,3002.697222222222
2022-06-24 15:00:00,15,0,4,False,0.0,19.372222222222224,-1.0,34.019444444444446,478.525,60.01936073333333,30.758055505555554,28.10861137222222,19.372222222222224,34.019444444444446,0.0,0.0,53.391666666666666,53.391666666666666,478.525,60.01936073333333,53.391666666666666,0.0,0.5767671200000052,36.283231881795956,0.0,141.46666666666667,50.0,70.73333333333333,0.12,0.08,0,,19.372222222222224,0.0,53.391666666666666,9.686111111111112,6024.766666666666,8300.661111111109,3012.383333333333
2022-06-24 16:00:00,16,0,4,False,0.0,16.508333333333333,-1.0,34.013888888888886,480.5805555555556,60.01180479444445,31.10083368611111,28.395555219444446,16.508333333333333,34.013888888888886,0.0,0.0,50.52222222222222,50.52222222222222,480.5805555555556,60.01180479444445,50.52222222222222,0.0,0.5858342466666585,32.67539036727513,0.0,141.46666666666667,50.0,70.73333333333333,0.12,0.08,0,,16.508333333333333,0.0,50.52222222222222,8.254166666666666,6041.275,8300.661111111109,3020.6375
2022-06-24 17:00:00,17,0,4,False,0.0,7.763888888888889,-1.0,34.01111111111111,483.88055555555553,60.00188863055555,31.31916623333333,28.58055564444445,7.763888888888889,34.01111111111111,0.0,0.0,41.775000000000006,41.775000000000006,483.88055555555553,60.00188863055555,41.775000000000006,0.0,0.597733643333342,18.58501230134982,0.0,141.46666666666667,50.0,70.73333333333333,0.12,0.08,0,,7.763888888888889,0.0,41.775000000000006,3.8819444444444446,6049.038888888888,8300.661111111109,3024.519444444444
2022-06-24 18:00:00,18,0,4,False,0.0,1.0305555555555554,-1.0,34.05277777777778,483.45,60.00227773888889,31.434166666666666,28.69805631944444,1.0305555555555554,34.05277777777778,0.0,0.0,35.083333333333336,35.083333333333336,483.45,60.00227773888889,35.083333333333336,0.0,0.5972667133333288,2.9374505146476637,0.0,141.46666666666667,50.0,70.73333333333333,0.18,0.096,0,,1.0305555555555554,0.0,35.083333333333336,0.5152777777777777,6050.069444444443,8300.661111111109,3025.0347222222217
2022-06-24 19:00:00,19,0,4,False,0.0,-0.6388888888888888,-1.0,36.05277777777778,480.76944444444445,59.993334052777776,31.415555544444437,28.7208339,0.0,36.05277777777778,0.0,0.0,36.05277777777778,36.05277777777778,480.76944444444445,59.993334052777776,36.05277777777778,0.0,0.592000863333331,0.0,0.0,141.46666666666667,50.0,70.73333333333333,0.18,0.096,0,,0.0,0.0,36.05277777777778,0.0,6050.069444444443,8300.661111111109,3025.0347222222217
2022-06-24 20:00:00,20,0,4,False,0.0,-0.5722222222222222,-1.0,37.0,482.18611111111113,60.00224990277778,31.295277405555552,28.703056402777772,0.0,37.0,0.0,0.0,37.0,37.0,482.18611111111113,60.00224990277778,37.0,0.0,0.5973001166666677,0.0,0.0,141.46666666666667,50.0,70.73333333333333,0.18,0.096,0,,0.0,0.0,37.0,0.0,6050.069444444443,8300.661111111109,3025.0347222222217
2022-06-24 21:00:00,21,0,4,False,0.0,-0.3416666666666667,-1.0,37.0,483.7055555555556,60.01127732222222,31.150833866666662,28.64972271111111,0.0,37.0,0.0,0.0,37.0,37.0,483.7055555555556,60.01127732222222,37.0,0.0,0.5864672133333357,0.0,0.0,141.46666666666667,50.0,70.73333333333333,0.18,0.096,0,,0.0,0.0,37.0,0.0,6050.069444444443,8300.661111111109,3025.0347222222217
2022-06-24 22:00:00,22,0,4,False,0.0,-0.10277777777777777,-1.0,37.019444444444446,482.27777777777777,59.99625030000001,30.895000013888886,28.533888888888892,0.0,37.019444444444446,0.0,0.0,37.019444444444446,37.019444444444446,482.27777777777777,59.99625030000001,37.019444444444446,0.0,0.5955003600000083,0.0,0.0,141.46666666666667,50.0,70.73333333333333,0.18,0.096,0,,0.0,0.0,37.019444444444446,0.0,6050.069444444443,8300.661111111109,3025.0347222222217
2022-06-24 23:00:00,23,0,4,False,0.0,-0.06666666666666667,-1.0,37.0,483.4611111111111,60.00997206388889,30.52472221111111,28.322777402777785,0.0,37.0,0.0,0.0,37.0,37.0,483.4611111111111,60.00997206388889,37.0,0.0,0.588033523333334,0.0,0.0,141.46666666666667,50.0,70.73333333333333,0.12,0.08,0,,0.0,0.0,37.0,0.0,6050.069444444443,8300.661111111109,3025.0347222222217
2022-06-25 00:00:00,0,0,5,True,0.0,-0.06666666666666667,-1.0,37.022222222222226,482.4611111111111,59.98794454722223,30.118611047222224,28.085000238888885,0.0,37.022222222222226,0.0,0.0,37.022222222222226,37.022222222222226,482.4611111111111,59.98794454722223,37.022222222222226,0.0,0.5855334566666727,0.0,0.0,141.46666666666667,50.0,70.73333333333333,0.12,0.08,0,,0.0,0.0,37.022222222222226,0.0,6050.069444444443,8300.661111111109,3025.0347222222217
2022-06-25 01:00:00,1,0,5,True,0.0,-0.03333333333333333,-1.0,37.013888888888886,483.2138888888889,59.99991665555555,29.66027774166667,27.84361100555556,0.0,37.013888888888886,0.0,0.0,37.013888888888886,37.013888888888886,483.2138888888889,59.99991665555555,37.013888888888886,0.0,0.5998999866666622,0.0,0.0,141.46666666666667,50.0,70.73333333333333,0.12,0.08,0,,0.0,0.0,37.013888888888886,0.0,6050.069444444443,8300.661111111109,3025.0347222222217
2022-06-25 02:00:00,2,0,5,True,0.0,0.0,-1.0,37.01111111111111,484.2583333333333,59.993389275,29.20361093333333,27.62444473611111,0.0,37.01111111111111,0.0,0.0,37.01111111111111,37.01111111111111,484.2583333333333,59.993389275,37.01111111111111,0.0,0.5920671299999981,0.0,0.0,141.46666666666667,50.0,70.73333333333333,0.12,0.08,0,,0.0,0.0,37.01111111111111,0.0,6050.069444444443,8300.661111111109,3025.0347222222217
2022-06-25 03:00:00,3,0,5,True,0.0,0.0,-1.0,37.00555555555555,484.7472222222222,59.98533395000001,28.69416663611111,27.378610722222223,0.0,37.00555555555555,0.0,0.0,37.00555555555555,37.00555555555555,484.7472222222222,59.98533395000001,37.00555555555555,0.0,0.5824007400000141,0.0,0.0,141.46666666666667,50.0,70.73333333333333,0.12,0.08,0,,0.0,0.0,37.00555555555555,0.0,6050.069444444443,8300.661111111109,3025.0347222222217
2022-06-25 04:00:00,4,0,5,True,0.0,0.0,-1.0,37.041666666666664,481.2527777777778,59.985306022222225,28.143333277777774,27.02944448611111,0.0,37.041666666666664,0.0,0.0,37.041666666666664,37.041666666666664,481.2527777777778,59.985306022222225,37.041666666666664,0.0,0.5823672266666705,0.0,0.0,141.46666666666667,50.0,70.73333333333333,0.12,0.08,0,,0.0,0.0,37.041666666666664,0.0,6050.069444444443,8300.661111111109,3025.0347222222217
2022-06-25 05:00:00,5,0,5,True,0.0,0.7527777777777778,-1.0,37.00277777777778,480.44444444444446,60.00402776944444,27.530833177777776,26.51222223888889,0.7527777777777778,37.00277777777778,0.0,0.0,37.75555555555556,37.75555555555556,480.44444444444446,60.00402776944444,37.75555555555556,0.0,0.5951666766666704,1.9938198940553264,0.0,141.46666666666667,50.0,70.73333333333333,0.12,0.08,0,,0.7527777777777778,0.0,37.75555555555556,0.3763888888888889,6050.822222222221,8300.661111111109,3025.4111111111106
2022-06-25 06:00:00,6,0,5,True,0.0,7.233333333333333,-1.0,37.0,482.39444444444445,60.00388896666666,27.006388925,25.77861110555555,7.233333333333333,37.0,0.0,0.0,44.233333333333334,44.233333333333334,482.39444444444445,60.00388896666666,44.233333333333334,0.0,0.5953332400000108,16.352675207234363,0.0,141.46666666666667,50.0,70.73333333333333,0.18,0.096,0,,7.233333333333333,0.0,44.233333333333334,3.6166666666666667,6058.055555555555,8300.661111111109,3029.0277777777774
2022-06-25 07:00:00,7,0,5,True,0.0,16.583333333333332,-1.0,37.0,479.1111111111111,59.99655617222223,26.681666783333338,25.121666663888885,16.583333333333332,37.0,0.0,0.0,53.58333333333333,53.58333333333333,479.1111111111111,59.99655617222223,53.58333333333333,0.0,0.595867406666673,30.94867807153966,0.0,141.46666666666667,50.0,70.73333333333333,0.18,0.096,0,,16.583333333333332,0.0,53.58333333333333,8.291666666666666,6074.638888888888,8300.661111111109,3037.319444444444
2022-06-25 08:00:00,8,0,5,True,0.0,26.352777777777778,-1.0,37.0,480.64166666666665,59.98666734444444,26.553888888888892,24.804166513888894,26.352777777777778,37.0,0.0,0.0,63.352777777777774,63.352777777777774,480.64166666666665,59.98666734444444,63.352777777777774,0.0,0.5840008133333299,41.596878151444734,0.0,141.46666666666667,50.0,70.73333333333333,0.18,0.096,0,,26.352777777777778,0.0,63.352777777777774,13.176388888888889,6100.991666666666,8300.661111111109,3050.495833333333
2022-06-25 09:00:00,9,0,5,True,0.0,31.56111111111111,-1.0,37.0,479.19166666666666,59.982306288888886,26.580555724999996,24.70722305277777,31.56111111111111,37.0,0.0,0.0,68.5611111111111,68.5611111111111,479.19166666666666,59.982306288888886,68.5611111111111,0.0,0.5787675466666627,46.03354671420469,0.0,141.46666666666667,50.0,70.73333333333333,0.18,0.096,0,,31.56111111111111,0.0,68.5611111111111,15.780555555555555,6132.552777777777,8300.661111111109,3066.2763888888885
2022-06-25 10:00:00,10,0,5,True,0.0,37.547222222222224,-1.0,36.58611111111111,479.23055555555555,59.99061149444444,27.168333238888888,24.786944588888886,37.547222222222224,36.58611111111111,0.0,0.0,74.13333333333333,74.13333333333333,479.23055555555555,59.99061149444444,74.13333333333333,0.0,0.5887337933333242,50.648231414868114,0.0,141.46666666666667,50.0,70.73333333333333,0.18,0.096,0,,37.547222222222224,0.0,74.13333333333333,18.773611111111112,6170.099999999999,8300.661111111109,3085.0499999999997
2022-06-25 11:00:00,11,0,5,True,0.0,40.65,-1.0,35.80277777777778,478.81111111111113,59.99372251666667,28.025555494444447,25.319722175,40.65,35.80277777777778,0.0,0.0,76.45277777777778,76.45277777777778,478.81111111111113,59.99372251666667,76.45277777777778,0.0,0.5924670200000065,53.17007593648948,0.0,141.46666666666667,50.0,70.73333333333333,0.12,0.08,0,,40.65,0.0,76.45277777777778,20.325,6210.749999999999,8300.661111111109,3105.3749999999995
2022-06-25 12:00:00,12,0,5,True,0.0,41.73888888888889,-1.0,34.522222222222226,478.675,59.995556,28.743611080555556,25.808888980555558,41.73888888888889,34.522222222222226,0.0,0.0,76.26111111111112,76.26111111111112,478.675,59.995556,76.26111111111112,0.0,0.5946672000000006,54.73155095796605,0.0,141.46666666666667,50.0,70.73333333333333,0.12,0.08,0,,41.73888888888889,0.0,76.26111111111112,20.869444444444444,6252.488888888888,8300.661111111109,3126.244444444444
2022-06-25 13:00:00,13,0,5,True,0.0,39.31666666666667,-1.0,34.00833333333333,478.6166666666667,60.007915999999994,29.445833394444445,26.381944419444444,39.31666666666667,34.00833333333333,0.0,0.0,73.325,73.325,478.6166666666667,60.007915999999994,73.325,0.0,0.5905008000000066,53.619729514717584,0.0,141.46666666666667,50.0,70.73333333333333,0.12,0.08,0,,39.31666666666667,0.0,73.325,19.658333333333335,6291.805555555555,8300.661111111109,3145.9027777777774
2022-06-25 14:00:00,14,0,5,True,0.0,35.25833333333333,-1.0,34.03611111111111,480.9222222222222,60.00216648055555,30.046666511111113,26.93722221666667,35.25833333333333,34.03611111111111,0.0,0.0,69.29444444444445,69.29444444444445,480.9222222222222,60.00216648055555,69.29444444444445,0.0,0.597400223333338,50.88190491461556,0.0,141.46666666666667,50.0,70.73333333333333,0.12,0.08,0,,35.25833333333333,0.0,69.29444444444445,17.629166666666666,6327.063888888888,8300.661111111109,3163.531944444444
2022-06-25 15:00:00,15,0,5,True,0.0,29.06111111111111,-1.0,34.022222222222226,480.22777777777776,60.00111116388889,30.66611113888889,27.435833166666665,29.06111111111111,34.022222222222226,0.0,0.0,63.083333333333336,63.083333333333336,480.22777777777776,60.00111116388889,63.083333333333336,0.0,0.5986666033333279,46.06781153676794,0.0,141.46666666666667,50.0,70.73333333333333,0.12,0.08,0,,29.06111111111111,0.0,63.083333333333336,14.530555555555555,6356.124999999999,8300.661111111109,3178.0624999999995
2022-06-25 16:00:00,16,0,5,True,0.0,20.216666666666665,-1.0,34.022222222222226,481.96666666666664,60.00224973888889,31.206944422222225,27.769999541666675,20.216666666666665,34.022222222222226,0.0,0.0,54.238888888888894,54.238888888888894,481.96666666666664,60.00224973888889,54.238888888888894,0.0,0.5973003133333293,37.27337908429785,0.0,141.46666666666667,50.0,70.73333333333333,0.12,0.08,0,,20.216666666666665,0.0,54.238888888888894,10.108333333333333,6376.341666666665,8300.661111111109,3188.1708333333327
2022-06-25 17:00:00,17,0,5,True,0.0,9.6,-1.0,34.03055555555556,483.77777777777777,59.995139325000004,31.37861087222222,27.864721850000002,9.6,34.03055555555556,0.0,0.0,43.63055555555556,43.63055555555556,483.77777777777777,59.995139325000004,43.63055555555556,0.0,0.5941671900000045,22.002928630546887,0.0,141.46666666666667,50.0,70.73333333333333,0.12,0.08,0,,9.6,0.0,43.63055555555556,4.8,6385.941666666666,8300.661111111109,3192.970833333333
2022-06-25 18:00:00,18,0,5,True,0.0,0.7388888888888889,-1.0,34.00833333333333,482.68888888888887,59.999277919444445,31.512777777777778,27.945833325,0.7388888888888889,34.00833333333333,0.0,0.0,34.74722222222222,34.74722222222222,482.68888888888887,59.999277919444445,34.74722222222222,0.0,0.5991335033333343,2.1264689423615,0.0,141.46666666666667,50.0,70.73333333333333,0.18,0.096,0,,0.7388888888888889,0.0,34.74722222222222,0.36944444444444446,6386.680555555555,8300.661111111109,3193.3402777777774
2022-06-25 19:00:00,19,0,5,True,0.0,-0.6972222222222222,-1.0,34.419444444444444,482.325,60.004527494444446,31.59416666666667,27.976666666666667,0.0,34.419444444444444,0.0,0.0,34.419444444444444,34.419444444444444,482.325,60.004527494444446,34.419444444444444,0.0,0.5945670066666651,0.0,0.0,141.46666666666667,50.0,70.73333333333333,0.18,0.096,0,,0.0,0.0,34.419444444444444,0.0,6386.680555555555,8300.661111111109,3193.3402777777774
2022-06-25 20:00:00,20,0,5,True,0.0,-0.6166666666666667,-1.0,36.78611111111111,484.0111111111111,59.9962224,31.526944444444446,27.948888888888884,0.0,36.78611111111111,0.0,0.0,36.78611111111111,36.78611111111111,484.0111111111111,59.9962224,36.78611111111111,0.0,0.5954668800000007,0.0,0.0,141.46666666666667,50.0,70.73333333333333,0.18,0.096,0,,0.0,0.0,36.78611111111111,0.0,6386.680555555555,8300.661111111109,3193.3402777777774
2022-06-25 21:00:00,21,0,5,True,0.0,-0.48055555555555557,-1.0,37.0,483.9166666666667,60.004833336111105,31.39361092777778,27.883333130555556,0.0,37.0,0.0,0.0,37.0,37.0,483.9166666666667,60.004833336111105,37.0,0.0,0.5941999966666742,0.0,0.0,141.46666666666667,50.0,70.73333333333333,0.18,0.096,0,,0.0,0.0,37.0,0.0,6386.680555555555,8300.661111111109,3193.3402777777774
2022-06-25 22:00:00,22,0,5,True,0.0,-0.14166666666666666,-1.0,37.0,483.43055555555554,60.00363870833333,31.19305579722222,27.77583301666667,0.0,37.0,0.0,0.0,37.0,37.0,483.43055555555554,60.00363870833333,37.0,0.0,0.595633550000008,0.0,0.0,141.46666666666667,50.0,70.73333333333333,0.18,0.096,0,,0.0,0.0,37.0,0.0,6386.680555555555,8300.661111111109,3193.3402777777774
2022-06-25 23:00:00,23,0,5,True,0.0,-0.12222222222222222,-1.0,37.0,482.63055555555553,60.00413868888889,30.874999666666664,27.618611313888888,0.0,37.0,0.0,0.0,37.0,37.0,482.63055555555553,60.00413868888889,37.0,0.0,0.5950335733333361,0.0,0.0,141.46666666666667,50.0,70.73333333333333,0.12,0.08,0,,0.0,0.0,37.0,0.0,6386.680555555555,8300.661111111109,3193.3402777777774
2022-06-26 00:00:00,0,0,6,True,0.0,-0.09722222222222222,-1.0,37.019444444444446,484.48333333333335,60.004805483333335,30.606389061111106,27.449722050000002,0.0,37.019444444444446,0.0,0.0,37.019444444444446,37.019444444444446,484.48333333333335,60.004805483333335,37.019444444444446,0.0,0.5942334199999976,0.0,0.0,141.46666666666667,50.0,70.73333333333333,0.12,0.08,0,,0.0,0.0,37.019444444444446,0.0,6386.680555555555,8300.661111111109,3193.3402777777774
2022-06-26 01:00:00,1,0,6,True,0.0,-0.030555555555555555,-1.0,37.013888888888886,483.4583333333333,60.00622178888889,30.17138885,27.220833327777775,0.0,37.013888888888886,0.0,0.0,37.013888888888886,37.013888888888886,483.4583333333333,60.00622178888889,37.013888888888886,0.0,0.592533853333336,0.0,0.0,141.46666666666667,50.0,70.73333333333333,0.12,0.08,0,,0.0,0.0,37.013888888888886,0.0,6386.680555555555,8300.661111111109,3193.3402777777774
2022-06-26 02:00:00,2,0,6,True,0.0,-0.030555555555555555,-1.0,37.013888888888886,486.52222222222224,59.99836124722223,29.697222197222224,26.970833258333332,0.0,37.013888888888886,0.0,0.0,37.013888888888886,37.013888888888886,486.52222222222224,59.99836124722223,37.013888888888886,0.0,0.5980334966666732,0.0,0.0,141.46666666666667,50.0,70.73333333333333,0.12,0.08,0,,0.0,0.0,37.013888888888886,0.0,6386.680555555555,8300.661111111109,3193.3402777777774
2022-06-26 03:00:00,3,0,6,True,0.0,0.0,-1.0,37.00833333333333,487.5083333333333,60.00269407222222,29.114444205555557,26.651111224999998,0.0,37.00833333333333,0.0,0.0,37.00833333333333,37.00833333333333,487.5083333333333,60.00269407222222,37.00833333333333,0.0,0.5967671133333369,0.0,0.0,141.46666666666667,50.0,70.73333333333333,0.12,0.08,0,,0.0,0.0,37.00833333333333,0.0,6386.680555555555,8300.661111111109,3193.3402777777774
2022-06-26 04:00:00,4,0,6,True,0.0,0.0,-1.0,37.00833333333333,483.1694444444444,59.981389622222224,28.478611119444444,26.291110972222224,0.0,37.00833333333333,0.0,0.0,37.00833333333333,37.00833333333333,483.1694444444444,59.981389622222224,37.00833333333333,0.0,0.5776675466666689,0.0,0.0,141.46666666666667,50.0,70.73333333333333,0.12,0.08,0,,0.0,0.0,37.00833333333333,0.0,6386.680555555555,8300.661111111109,3193.3402777777774
2022-06-26 05:00:00,5,0,6,True,0.0,0.14444444444444443,-1.0,37.00277777777778,481.85,60.003027491666664,27.85166671111111,25.81388888611111,0.14444444444444443,37.00277777777778,0.0,0.0,37.147222222222226,37.147222222222226,481.85,60.003027491666664,37.147222222222226,0.0,0.596367010000003,0.38884319150527175,0.0,141.46666666666667,50.0,70.73333333333333,0.12,0.08,0,,0.14444444444444443,0.0,37.147222222222226,0.07222222222222222,6386.824999999999,8300.661111111109,3193.4124999999995
2022-06-26 06:00:00,6,0,6,True,0.0,7.061111111111111,-1.0,37.0,480.3,60.00008319722221,27.330277658333337,25.125277644444445,7.061111111111111,37.0,0.0,0.0,44.06111111111111,44.06111111111111,480.3,60.00008319722221,44.06111111111111,0.0,0.5999001633333477,16.02572185096457,0.0,141.46666666666667,50.0,70.73333333333333,0.18,0.096,0,,7.061111111111111,0.0,44.06111111111111,3.5305555555555554,6393.88611111111,8300.661111111109,3196.943055555555
2022-06-26 07:00:00,7,0,6,True,0.0,17.56388888888889,-1.0,37.0,479.39166666666665,59.99036129444444,27.040277811111114,24.554722333333334,17.56388888888889,37.0,0.0,0.0,54.56388888888889,54.56388888888889,479.39166666666665,59.99036129444444,54.56388888888889,0.0,0.5884335533333285,32.18958407575217,0.0,141.46666666666667,50.0,70.73333333333333,0.18,0.096,0,,17.56388888888889,0.0,54.56388888888889,8.781944444444445,6411.449999999999,8300.661111111109,3205.7249999999995
2022-06-26 08:00:00,8,0,6,True,0.0,26.530555555555555,-1.0,37.0,479.5083333333333,59.991972611111116,26.951666666666668,24.273888519444448,26.530555555555555,37.0,0.0,0.0,63.53055555555555,63.53055555555555,479.5083333333333,59.991972611111116,63.53055555555555,0.0,0.5903671333333392,41.76030781338814,0.0,141.46666666666667,50.0,70.73333333333333,0.18,0.096,0,,26.530555555555555,0.0,63.53055555555555,13.265277777777778,6437.980555555554,8300.661111111109,3218.990277777777
2022-06-26 09:00:00,9,0,6,True,0.0,32.891666666666666,-1.0,36.419444444444444,478.5861111111111,59.99341685,27.03388898055556,24.246388961111112,32.891666666666666,36.419444444444444,0.0,0.0,69.3111111111111,69.3111111111111,478.5861111111111,59.99341685,69.3111111111111,0.0,0.5921002200000032,47.455113818531586,0.0,141.46666666666667,50.0,70.73333333333333,0.18,0.096,0,,32.891666666666666,0.0,69.3111111111111,16.445833333333333,6470.87222222222,8300.661111111109,3235.43611111111
2022-06-26 10:00:00,10,0,6,True,0.0,37.355555555555554,-1.0,35.727777777777774,479.2611111111111,59.995055522222216,27.755277711111113,24.405555166666666,37.355555555555554,35.727777777777774,0.0,0.0,73.08333333333333,73.08333333333333,479.2611111111111,59.995055522222216,73.08333333333333,0.0,0.5940666266666597,51.11364500190042,0.0,141.46666666666667,50.0,70.73333333333333,0.18,0.096,0,,37.355555555555554,0.0,73.08333333333333,18.677777777777777,6508.227777777776,8300.661111111109,3254.113888888888
2022-06-26 11:00:00,11,0,6,True,0.0,39.11666666666667,-1.0,34.358333333333334,479.325,59.99927776944445,28.777777719444444,25.04694439444444,39.11666666666667,34.358333333333334,0.0,0.0,73.475,73.475,479.325,59.99927776944445,73.475,0.0,0.5991333233333364,53.23806283316321,0.0,141.46666666666667,50.0,70.73333333333333,0.12,0.08,0,,39.11666666666667,0.0,73.475,19.558333333333334,6547.344444444443,8300.661111111109,3273.6722222222215
2022-06-26 12:00:00,12,0,6,True,0.0,39.416666666666664,-1.0,34.00277777777778,481.0361111111111,60.02558281666666,29.786111072222223,25.848333416666662,39.416666666666664,34.00277777777778,0.0,0.0,73.41944444444445,73.41944444444445,481.0361111111111,60.02558281666666,73.41944444444445,0.0,0.5693006200000041,53.686958495705795,0.0,141.46666666666667,50.0,70.73333333333333,0.12,0.08,0,,39.416666666666664,0.0,73.41944444444445,19.708333333333332,6586.76111111111,8300.661111111109,3293.380555555555
2022-06-26 13:00:00,13,0,6,True,0.0,37.6,-1.0,34.013888888888886,478.8388888888889,60.02469386944443,30.69944436388889,26.618888794444445,37.6,34.013888888888886,0.0,0.0,71.61388888888888,71.61388888888888,478.8388888888889,60.02469386944443,71.61388888888888,0.0,0.5703673566666879,52.50378185485436,0.0,141.46666666666667,50.0,70.73333333333333,0.12,0.08,0,,37.6,0.0,71.61388888888888,18.8,6624.36111111111,8300.661111111109,3312.180555555555
2022-06-26 14:00:00,14,0,6,True,0.0,33.68888888888889,-1.0,34.09722222222222,477.53055555555557,60.01972149444444,31.519166638888883,27.37499997777778,33.68888888888889,34.09722222222222,0.0,0.0,67.78611111111111,67.78611111111111,477.53055555555557,60.01972149444444,67.78611111111111,0.0,0.5763342066666723,49.698807523665124,0.0,141.46666666666667,50.0,70.73333333333333,0.12,0.08,0,,33.68888888888889,0.0,67.78611111111111,16.844444444444445,6658.049999999999,8300.661111111109,3329.0249999999996
2022-06-26 15:00:00,15,0,6,True,0.0,27.872222222222224,-1.0,34.03611111111111,477.98055555555555,60.00627737777777,32.34888875833334,27.977777777777778,27.872222222222224,34.03611111111111,0.0,0.0,61.90833333333333,61.90833333333333,477.98055555555555,60.00627737777777,61.90833333333333,0.0,0.5924671466666751,45.02176156503791,0.0,141.46666666666667,50.0,70.73333333333333,0.12,0.08,0,,27.872222222222224,0.0,61.90833333333333,13.936111111111112,6685.9222222222215,8300.661111111109,3342.9611111111108
2022-06-26 16:00:00,16,0,6,True,0.0,19.57777777777778,-1.0,34.06666666666667,479.0111111111111,60.01516613611111,33.016943966666666,28.34166614166667,19.57777777777778,34.06666666666667,0.0,0.0,53.644444444444446,53.644444444444446,479.0111111111111,60.01516613611111,53.644444444444446,0.0,0.5818006366666651,36.495443247721624,0.0,141.46666666666667,50.0,70.73333333333333,0.12,0.08,0,,19.57777777777778,0.0,53.644444444444446,9.78888888888889,6705.499999999999,8300.661111111109,3352.7499999999995
2022-06-26 17:00:00,17,0,6,True,0.0,9.13888888888889,-1.0,34.00555555555555,484.24444444444447,59.985833980555554,33.23888908333333,28.43555549722222,9.13888888888889,34.00555555555555,0.0,0.0,43.144444444444446,43.144444444444446,484.24444444444447,59.985833980555554,43.144444444444446,0.0,0.5830007766666654,21.18207571465362,0.0,141.46666666666667,50.0,70.73333333333333,0.12,0.08,0,,9.13888888888889,0.0,43.144444444444446,4.569444444444445,6714.638888888888,8300.661111111109,3357.319444444444
2022-06-26 18:00:00,18,0,6,True,0.0,0.6277777777777778,-1.0,34.0,482.2083333333333,59.99791686944445,33.43527843333333,28.542222222222225,0.6277777777777778,34.0,0.0,0.0,34.62777777777778,34.62777777777778,482.2083333333333,59.99791686944445,34.62777777777778,0.0,0.597500243333343,1.8129311727899884,0.0,141.46666666666667,50.0,70.73333333333333,0.18,0.096,0,,0.6277777777777778,0.0,34.62777777777778,0.3138888888888889,6715.2666666666655,8300.661111111109,3357.6333333333328
2022-06-26 19:00:00,19,0,6,True,0.0,-0.7638888888888888,-1.0,34.0,481.31666666666666,59.99597250277778,33.49777782222222,28.59416667222223,0.0,34.0,0.0,0.0,34.0,34.0,481.31666666666666,59.99597250277778,34.0,0.0,0.5951670033333386,0.0,0.0,141.46666666666667,50.0,70.73333333333333,0.18,0.096,0,,0.0,0.0,34.0,0.0,6715.2666666666655,8300.661111111109,3357.6333333333328
2022-06-26 20:00:00,20,0,6,True,0.0,-0.46944444444444444,-1.0,36.34166666666667,483.9583333333333,59.99938905277777,33.34111178888889,28.538611111111116,0.0,36.34166666666667,0.0,0.0,36.34166666666667,36.34166666666667,483.9583333333333,59.99938905277777,36.34166666666667,0.0,0.5992668633333267,0.0,0.0,141.46666666666667,50.0,70.73333333333333,0.18,0.096,0,,0.0,0.0,36.34166666666667,0.0,6715.2666666666655,8300.661111111109,3357.6333333333328
2022-06-26 21:00:00,21,0,6,True,0.0,-0.5166666666666667,-1.0,37.0,485.3888888888889,60.00202769166667,33.08833316388888,28.40527768611111,0.0,37.0,0.0,0.0,37.0,37.0,485.3888888888889,60.00202769166667,37.0,0.0,0.5975667699999974,0.0,0.0,141.46666666666667,50.0,70.73333333333333,0.18,0.096,0,,0.0,0.0,37.0,0.0,6715.2666666666655,8300.661111111109,3357.6333333333328
2022-06-26 22:00:00,22,0,6,True,0.0,-0.25277777777777777,-1.0,37.0,483.575,60.009777547222214,32.83500089722222,28.30194366388889,0.0,37.0,0.0,0.0,37.0,37.0,483.575,60.009777547222214,37.0,0.0,0.5882669433333433,0.0,0.0,141.46666666666667,50.0,70.73333333333333,0.18,0.096,0,,0.0,0.0,37.0,0.0,6715.2666666666655,8300.661111111109,3357.6333333333328
2022-06-26 23:00:00,23,0,6,True,0.0,-0.09722222222222222,-1.0,37.0,481.74444444444447,60.01158298611111,32.48750019444444,28.143889313888888,0.0,37.0,0.0,0.0,37.0,37.0,481.74444444444447,60.01158298611111,37.0,0.0,0.5861004166666702,0.0,0.0,141.46666666666667,50.0,70.73333333333333,0.12,0.08,0,,0.0,0.0,37.0,0.0,6715.2666666666655,8300.661111111109,3357.6333333333328
2022-06-27 00:00:00,0,0,0,False,0.0,-0.09444444444444444,-1.0,37.0,484.90555555555557,60.001333236111115,32.071666502777774,27.933333194444447,0.0,37.0,0.0,0.0,37.0,37.0,484.90555555555557,60.001333236111115,37.0,0.0,0.5984001166666616,0.0,0.0,141.46666666666667,50.0,70.73333333333333,0.12,0.08,0,,0.0,0.0,37.0,0.0,6715.2666666666655,8300.661111111109,3357.6333333333328
2022-06-27 01:00:00,1,0,0,False,0.0,-0.09444444444444444,-1.0,37.0,486.4861111111111,60.00958288888888,31.610277772222222,27.70777783055555,0.0,37.0,0.0,0.0,37.0,37.0,486.4861111111111,60.00958288888888,37.0,0.0,0.5885005333333453,0.0,0.0,141.46666666666667,50.0,70.73333333333333,0.12,0.08,0,,0.0,0.0,37.0,0.0,6715.2666666666655,8300.661111111109,3357.6333333333328
2022-06-27 02:00:00,2,0,0,False,0.0,-0.03333333333333333,-1.0,37.0,486.18611111111113,60.002416391666664,31.148611244444446,27.507222216666666,0.0,37.0,0.0,0.0,37.0,37.0,486.18611111111113,60.002416391666664,37.0,0.0,0.5971003300000035,0.0,0.0,141.46666666666667,50.0,70.73333333333333,0.12,0.08,0,,0.0,0.0,37.0,0.0,6715.2666666666655,8300.661111111109,3357.6333333333328
2022-06-27 03:00:00,3,0,0,False,0.0,-0.03333333333333333,-1.0,37.0,483.1694444444444,60.003693958333336,30.648055533333334,27.273333141666665,0.0,37.0,0.0,0.0,37.0,37.0,483.1694444444444,60.003693958333336,37.0,0.0,0.5955672499999963,0.0,0.0,141.46666666666667,50.0,70.73333333333333,0.12,0.08,0,,0.0,0.0,37.0,0.0,6715.2666666666655,8300.661111111109,3357.6333333333328
2022-06-27 04:00:00,4,0,0,False,0.0,0.0,-1.0,37.0,481.22777777777776,59.99683386388889,30.087222080555552,27.01972226111111,0.0,37.0,0.0,0.0,37.0,37.0,481.22777777777776,59.99683386388889,37.0,0.0,0.5962006366666657,0.0,0.0,141.46666666666667,50.0,70.73333333333333,0.12,0.08,0,,0.0,0.0,37.0,0.0,6715.2666666666655,8300.661111111109,3357.6333333333328
2022-06-27 05:00:00,5,0,0,False,0.0,0.08333333333333333,-1.0,37.0,479.6,59.98247275555556,29.52222207222222,26.742777788888887,0.08333333333333333,37.0,0.0,0.0,37.083333333333336,37.083333333333336,479.6,59.98247275555556,37.083333333333336,0.0,0.5789673066666751,0.22471910112359547,0.0,141.46666666666667,50.0,70.73333333333333,0.12,0.08,0,,0.08333333333333333,0.0,37.083333333333336,0.041666666666666664,6715.3499999999985,8300.661111111109,3357.6749999999993
2022-06-27 06:00:00,6,0,0,False,0.0,6.588888888888889,-1.0,37.0,480.96666666666664,59.99986117777778,29.048055599999998,26.548611147222218,6.588888888888889,37.0,0.0,0.0,43.58888888888889,43.58888888888889,480.96666666666664,59.99986117777778,43.58888888888889,0.0,0.5998334133333373,15.115982666326792,0.0,141.46666666666667,50.0,70.73333333333333,0.18,0.096,0,,6.588888888888889,0.0,43.58888888888889,3.2944444444444443,6721.938888888887,8300.661111111109,3360.9694444444435
2022-06-27 07:00:00,7,0,0,False,0.0,16.97222222222222,-1.0,37.0,481.9888888888889,59.98119503333334,28.802221694444444,26.356943988888887,16.97222222222222,37.0,0.0,0.0,53.97222222222222,53.97222222222222,481.9888888888889,59.98119503333334,53.97222222222222,0.0,0.5774340400000113,31.446217189912506,0.0,141.46666666666667,50.0,70.73333333333333,0.18,0.096,0,,16.97222222222222,0.0,53.97222222222222,8.48611111111111,6738.91111111111,8300.661111111109,3369.455555555555
2022-06-27 08:00:00,8,0,0,False,0.0,26.13888888888889,-1.0,36.78888888888889,479.8,59.99538938888889,28.703334249999994,26.301665691666678,26.13888888888889,36.78888888888889,0.0,0.0,62.92777777777778,62.92777777777778,479.8,59.99538938888889,62.92777777777778,0.0,0.5944672666666662,41.537918248432945,0.0,141.46666666666667,50.0,70.73333333333333,0.18,0.096,0,,26.13888888888889,0.0,62.92777777777778,13.069444444444445,6765.049999999998,8300.661111111109,3382.524999999999
2022-06-27 09:00:00,9,0,0,False,0.0,32.797222222222224,-1.0,34.68333333333333,478.72777777777776,59.98822271666667,28.824722291666664,26.363332883333335,32.797222222222224,34.68333333333333,0.0,0.0,67.48055555555555,67.48055555555555,478.72777777777776,59.98822271666667,67.48055555555555,0.0,0.5858672600000033,48.602478080105385,0.0,141.46666666666667,50.0,70.73333333333333,0.18,0.096,0,,32.797222222222224,0.0,67.48055555555555,16.398611111111112,6797.847222222221,8300.661111111109,3398.9236111111104
2022-06-27 10:00:00,10,0,0,False,0.0,36.975,-1.0,34.0,478.86944444444447,59.989195152777775,29.669166677777774,26.636388952777775,36.975,34.0,0.0,0.0,70.975,70.975,478.86944444444447,59.989195152777775,70.975,0.0,0.5870341833333299,52.095808383233546,0.0,141.46666666666667,50.0,70.73333333333333,0.18,0.096,0,,36.975,0.0,70.975,18.4875,6834.822222222221,8300.661111111109,3417.4111111111106
2022-06-27 11:00:00,11,0,0,False,0.0,38.67777777777778,-1.0,34.022222222222226,475.8666666666667,59.993472375,30.76916661111111,27.40749994444445,38.67777777777778,34.022222222222226,0.0,0.0,72.7,72.7,475.8666666666667,59.993472375,72.7,0.0,0.5921668500000038,53.20189515512761,0.0,141.46666666666667,50.0,70.73333333333333,0.12,0.08,0,,38.67777777777778,0.0,72.7,19.33888888888889,6873.499999999999,8300.661111111109,3436.7499999999995
2022-06-27 12:00:00,12,0,0,False,0.0,38.958333333333336,-1.0,34.016666666666666,475.65,59.99069493055556,31.79444434444444,28.267777702777778,38.958333333333336,34.016666666666666,0.0,0.0,72.975,72.975,475.65,59.99069493055556,72.975,0.0,0.5888339166666753,53.38586273838073,0.0,141.46666666666667,50.0,70.73333333333333,0.12,0.08,0,,38.958333333333336,0.0,72.975,19.479166666666668,6912.458333333332,8300.661111111109,3456.229166666666
2022-06-27 13:00:00,13,0,0,False,0.0,36.59444444444444,-1.0,34.03055555555556,475.74444444444447,59.99036142222222,32.746666705555555,29.152222144444448,36.59444444444444,34.03055555555556,0.0,0.0,70.625,70.625,475.74444444444447,59.99036142222222,70.625,0.0,0.588433706666666,51.81514257620452,0.0,141.46666666666667,50.0,70.73333333333333,0.12,0.08,0,,36.59444444444444,0.0,70.625,18.29722222222222,6949.052777777777,8300.661111111109,3474.5263888888885
2022-06-27 14:00:00,14,0,0,False,0.0,33.91388888888889,-1.0,34.03333333333333,475.125,59.99444422222223,33.635000105555555,30.04472217777778,33.91388888888889,34.03333333333333,0.0,0.0,67.94722222222222,67.94722222222222,475.125,59.99444422222223,67.94722222222222,0.0,0.5933330666666734,49.91210498344304,0.0,141.46666666666667,50.0,70.73333333333333,0.12,0.08,0,,33.91388888888889,0.0,67.94722222222222,16.956944444444446,6982.966666666666,8300.661111111109,3491.483333333333
2022-06-27 15:00:00,15,0,0,False,0.0,21.891666666666666,-1.0,34.025,475.36944444444447,60.00574950555555,34.564166924999995,30.852777780555556,21.891666666666666,34.025,0.0,0.0,55.916666666666664,55.916666666666664,475.36944444444447,60.00574950555555,55.916666666666664,0.0,0.593100593333341,39.150521609538,0.0,141.46666666666667,50.0,70.73333333333333,0.12,0.08,0,,21.891666666666666,0.0,55.916666666666664,10.945833333333333,7004.858333333333,8300.661111111109,3502.4291666666663
2022-06-27 16:00:00,16,0,0,False,0.0,9.408333333333333,-1.0,34.0,478.14444444444445,60.01472151666666,35.01750028888889,31.163055991666663,9.408333333333333,34.0,0.0,0.0,43.40833333333333,43.40833333333333,478.14444444444445,60.01472151666666,43.40833333333333,0.0,0.5823341800000065,21.67402572470724,0.0,141.46666666666667,50.0,70.73333333333333,0.12,0.08,0,,9.408333333333333,0.0,43.40833333333333,4.704166666666667,7014.266666666666,8300.661111111109,3507.133333333333
2022-06-27 17:00:00,17,0,0,False,0.0,6.986111111111111,-1.0,34.00555555555555,484.6666666666667,60.00847165,35.34500069722222,31.385277524999996,6.986111111111111,34.00555555555555,0.0,0.0,40.99166666666666,40.99166666666666,484.6666666666667,60.00847165,40.99166666666666,0.0,0.5898340200000035,17.04275936843532,0.0,141.46666666666667,50.0,70.73333333333333,0.12,0.08,0,,6.986111111111111,0.0,40.99166666666666,3.4930555555555554,7021.252777777778,8300.661111111109,3510.626388888889
2022-06-27 18:00:00,18,0,0,False,0.0,1.038888888888889,-1.0,34.00555555555555,481.1166666666667,60.011471491666654,35.57583230277778,31.507777777777775,1.038888888888889,34.00555555555555,0.0,0.0,35.044444444444444,35.044444444444444,481.1166666666667,60.011471491666654,35.044444444444444,0.0,0.5862342100000149,2.9644895370957514,0.0,141.46666666666667,50.0,70.73333333333333,0.18,0.096,0,,1.038888888888889,0.0,35.044444444444444,0.5194444444444445,7022.291666666667,8300.661111111109,3511.1458333333335
2022-06-27 19:00:00,19,0,0,False,0.0,-1.0361111111111112,-1.0,34.0,480.6638888888889,60.017499636111104,35.65972201388889,31.592500000000005,0.0,34.0,0.0,0.0,34.0,34.0,480.6638888888889,60.017499636111104,34.0,0.0,0.579000436666675,0.0,0.0,141.46666666666667,50.0,70.73333333333333,0.18,0.096,0,,0.0,0.0,34.0,0.0,7022.291666666667,8300.661111111109,3511.1458333333335
2022-06-27 20:00:00,20,0,0,False,0.0,-0.9444444444444444,-1.0,34.0,481.8305555555556,60.02516613333333,35.56416556388889,31.57805555555556,0.0,34.0,0.0,0.0,34.0,34.0,481.8305555555556,60.02516613333333,34.0,0.0,0.5698006400000054,0.0,0.0,141.46666666666667,50.0,70.73333333333333,0.18,0.096,0,,0.0,0.0,34.0,0.0,7022.291666666667,8300.661111111109,3511.1458333333335
2022-06-27 21:00:00,21,0,0,False,0.0,-0.7472222222222222,-1.0,34.022222222222226,485.375,60.02266626944444,35.40027836944445,31.505833333333328,0.0,34.022222222222226,0.0,0.0,34.022222222222226,34.022222222222226,485.375,60.02266626944444,34.022222222222226,0.0,0.5728004766666686,0.0,0.0,141.46666666666667,50.0,70.73333333333333,0.18,0.096,0,,0.0,0.0,34.022222222222226,0.0,7022.291666666667,8300.661111111109,3511.1458333333335
2022-06-27 22:00:00,22,0,0,False,0.0,-0.6166666666666667,-1.0,35.73888888888889,484.3861111111111,60.0103053,35.19166655555556,31.425555491666664,0.0,35.73888888888889,0.0,0.0,35.73888888888889,35.73888888888889,484.3861111111111,60.0103053,35.73888888888889,0.0,0.5876336400000014,0.0,0.0,141.46666666666667,50.0,70.73333333333333,0.18,0.096,0,,0.0,0.0,35.73888888888889,0.0,7022.291666666667,8300.661111111109,3511.1458333333335
2022-06-27 23:00:00,23,0,0,False,0.0,-0.5694444444444444,-1.0,36.74166666666667,484.525,60.02599970555554,34.93833410833333,31.2891662,0.0,36.74166666666667,0.0,0.0,36.74166666666667,36.74166666666667,484.525,60.02599970555554,36.74166666666667,0.0,0.56880035333335,0.0,0.0,141.46666666666667,50.0,70.73333333333333,0.12,0.08,0,,0.0,0.0,36.74166666666667,0.0,7022.291666666667,8300.661111111109,3511.1458333333335
2022-06-28 00:00:00,0,0,1,False,0.0,-0.5666666666666667,-1.0,37.0,484.43888888888887,60.009221636111114,34.69194418888888,31.176389622222217,0.0,37.0,0.0,0.0,37.0,37.0,484.43888888888887,60.009221636111114,37.0,0.0,0.588934036666663,0.0,0.0,141.46666666666667,50.0,70.73333333333333,0.12,0.08,0,,0.0,0.0,37.0,0.0,7022.291666666667,8300.661111111109,3511.1458333333335
2022-06-28 01:00:00,1,0,1,False,0.0,-0.5416666666666666,-1.0,37.0,482.5361111111111,60.011638408333326,34.42166698333333,31.0338889,0.0,37.0,0.0,0.0,37.0,37.0,482.5361111111111,60.011638408333326,37.0,0.0,0.5860339100000089,0.0,0.0,141.46666666666667,50.0,70.73333333333333,0.12,0.08,0,,0.0,0.0,37.0,0.0,7022.291666666667,8300.661111111109,3511.1458333333335
2022-06-28 02:00:00,2,0,1,False,0.0,-0.5361111111111111,-1.0,37.0,484.2638888888889,60.01055477777778,34.11194445555556,30.912777777777773,0.0,37.0,0.0,0.0,37.0,37.0,484.2638888888889,60.01055477777778,37.0,0.0,0.5873342666666673,0.0,0.0,141.46666666666667,50.0,70.73333333333333,0.12,0.08,0,,0.0,0.0,37.0,0.0,7022.291666666667,8300.661111111109,3511.1458333333335
2022-06-28 03:00:00,3,0,1,False,0.0,-0.4361111111111111,-1.0,37.0,485.09444444444443,59.995694933333326,33.76583358611111,30.78777757222222,0.0,37.0,0.0,0.0,37.0,37.0,485.09444444444443,59.995694933333326,37.0,0.0,0.5948339199999907,0.0,0.0,141.46666666666667,50.0,70.73333333333333,0.12,0.08,0,,0.0,0.0,37.0,0.0,7022.291666666667,8300.661111111109,3511.1458333333335
2022-06-28 04:00:00,4,0,1,False,0.0,-0.24166666666666667,-1.0,37.0,481.59722222222223,59.98850053611111,33.330833633333334,30.603611263888887,0.0,37.0,0.0,0.0,37.0,37.0,481.59722222222223,59.98850053611111,37.0,0.0,0.5862006433333334,0.0,0.0,141.46666666666667,50.0,70.73333333333333,0.12,0.08,0,,0.0,0.0,37.0,0.0,7022.291666666667,8300.661111111109,3511.1458333333335
2022-06-28 05:00:00,5,0,1,False,0.0,-0.18333333333333332,-1.0,37.0,480.2055555555556,60.002888525,32.84833350555556,30.403055266666666,0.0,37.0,0.0,0.0,37.0,37.0,480.2055555555556,60.002888525,37.0,0.0,0.5965337699999963,0.0,0.0,141.46666666666667,50.0,70.73333333333333,0.12,0.08,0,,0.0,0.0,37.0,0.0,7022.291666666667,8300.661111111109,3511.1458333333335
2022-06-28 06:00:00,6,0,1,False,0.0,4.497222222222222,-1.0,37.0,479.6972222222222,59.9797780888889,32.35527800555555,30.192222138888894,4.497222222222222,37.0,0.0,0.0,41.49722222222222,41.49722222222222,479.6972222222222,59.9797780888889,41.49722222222222,0.0,0.5757337066666792,10.837405448825223,0.0,141.46666666666667,50.0,70.73333333333333,0.18,0.096,0,,4.497222222222222,0.0,41.49722222222222,2.248611111111111,7026.788888888889,8300.661111111109,3513.3944444444446
2022-06-28 07:00:00,7,0,1,False,0.0,15.536111111111111,-1.0,37.0,479.06666666666666,59.98608376944445,31.972777361111113,30.038888888888895,15.536111111111111,37.0,0.0,0.0,52.53611111111111,52.53611111111111,479.06666666666666,59.98608376944445,52.53611111111111,0.0,0.583300523333338,29.57225189023423,0.0,141.46666666666667,50.0,70.73333333333333,0.18,0.096,0,,15.536111111111111,0.0,52.53611111111111,7.768055555555556,7042.325000000001,8300.661111111109,3521.1625000000004
2022-06-28 08:00:00,8,0,1,False,0.0,23.697222222222223,-1.0,36.03055555555556,477.35,59.988417283333334,31.818054736111115,30.023888888888894,23.697222222222223,36.03055555555556,0.0,0.0,59.72777777777778,59.72777777777778,477.35,59.988417283333334,59.72777777777778,0.0,0.5861007400000006,39.67537903450842,0.0,141.46666666666667,50.0,70.73333333333333,0.18,0.096,0,,23.697222222222223,0.0,59.72777777777778,11.848611111111111,7066.022222222223,8300.661111111109,3533.0111111111114
2022-06-28 09:00:00,9,0,1,False,0.0,31.0,-1.0,34.15555555555556,480.15555555555557,59.987194763888894,31.851666141666673,30.09111115277778,31.0,34.15555555555556,0.0,0.0,65.15555555555557,65.15555555555557,480.15555555555557,59.987194763888894,65.15555555555557,0.0,0.5846337166666729,47.578444747612544,0.0,141.46666666666667,50.0,70.73333333333333,0.18,0.096,0,,31.0,0.0,65.15555555555557,15.5,7097.022222222223,8300.661111111109,3548.5111111111114
2022-06-28 10:00:00,10,0,1,False,0.0,34.891666666666666,-1.0,34.0,480.3305555555556,59.984861313888885,32.305277575000005,30.22750005833333,34.891666666666666,34.0,0.0,0.0,68.89166666666667,68.89166666666667,480.3305555555556,59.984861313888885,68.89166666666667,0.0,0.5818335766666621,50.64715132454336,0.0,141.46666666666667,50.0,70.73333333333333,0.18,0.096,0,,34.891666666666666,0.0,68.89166666666667,17.445833333333333,7131.913888888889,8300.661111111109,3565.9569444444446
2022-06-28 11:00:00,11,0,1,False,0.0,28.88888888888889,-1.0,34.0,478.9972222222222,60.00727722777778,32.8563894,30.575555647222224,28.88888888888889,34.0,0.0,0.0,62.888888888888886,62.888888888888886,478.9972222222222,60.00727722777778,62.888888888888886,0.0,0.5912673266666673,45.93639575971732,0.0,141.46666666666667,50.0,70.73333333333333,0.12,0.08,0,,28.88888888888889,0.0,62.888888888888886,14.444444444444445,7160.802777777778,8300.661111111109,3580.401388888889
2022-06-28 12:00:00,12,0,1,False,0.0,32.21944444444444,-1.0,34.00277777777778,478.13055555555553,59.995805619444454,33.25888853055556,30.93694428611111,32.21944444444444,34.00277777777778,0.0,0.0,66.22222222222223,66.22222222222223,478.13055555555553,59.995805619444454,66.22222222222223,0.0,0.5949667433333445,48.65352348993287,0.0,141.46666666666667,50.0,70.73333333333333,0.12,0.08,0,,32.21944444444444,0.0,66.22222222222223,16.10972222222222,7193.022222222223,8300.661111111109,3596.5111111111114
2022-06-28 13:00:00,13,0,1,False,0.0,17.008333333333333,-1.0,34.00833333333333,478.2416666666667,59.9952782638889,33.85500135833333,31.446111044444443,17.008333333333333,34.00833333333333,0.0,0.0,51.016666666666666,51.016666666666666,478.2416666666667,59.9952782638889,51.016666666666666,0.0,0.5943339166666789,33.33877817706632,0.0,141.46666666666667,50.0,70.73333333333333,0.12,0.08,0,,17.008333333333333,0.0,51.016666666666666,8.504166666666666,7210.030555555556,8300.661111111109,3605.015277777778
2022-06-28 14:00:00,14,0,1,False,0.0,11.425,-1.0,34.0,475.6166666666667,59.98741705833333,33.900001999999986,31.576666669444453,11.425,34.0,0.0,0.0,45.425,45.425,475.6166666666667,59.98741705833333,45.425,0.0,0.5849004699999938,25.151348376444695,0.0,141.46666666666667,50.0,70.73333333333333,0.12,0.08,0,,11.425,0.0,45.425,5.7125,7221.455555555556,8300.661111111109,3610.727777777778
2022-06-28 15:00:00,15,0,1,False,0.0,22.225,-1.0,34.0,474.7638888888889,59.98647262222223,33.99111167777777,31.739444505555554,22.225,34.0,0.0,0.0,56.225,56.225,474.7638888888889,59.98647262222223,56.225,0.0,0.5837671466666762,39.528679413072474,0.0,141.46666666666667,50.0,70.73333333333333,0.12,0.08,0,,22.225,0.0,56.225,11.1125,7243.680555555557,8300.661111111109,3621.8402777777783
2022-06-28 16:00:00,16,0,1,False,0.0,12.858333333333333,-1.0,34.0,476.10277777777776,60.002444044444445,34.23666691944444,31.950833330555554,12.858333333333333,34.0,0.0,0.0,46.858333333333334,46.858333333333334,476.10277777777776,60.002444044444445,46.858333333333334,0.0,0.5970671466666658,27.440867864129466,0.0,141.46666666666667,50.0,70.73333333333333,0.12,0.08,0,,12.858333333333333,0.0,46.858333333333334,6.429166666666666,7256.53888888889,8300.661111111109,3628.269444444445
2022-06-28 17:00:00,17,0,1,False,0.0,4.961111111111111,-1.0,34.730555555555554,481.7083333333333,60.01672143055555,34.28333266666667,32.04444356944445,4.961111111111111,34.730555555555554,0.0,0.0,39.69166666666666,39.69166666666666,481.7083333333333,60.01672143055555,39.69166666666666,0.0,0.5799342833333412,12.499125201203725,0.0,141.46666666666667,50.0,70.73333333333333,0.12,0.08,0,,4.961111111111111,0.0,39.69166666666666,2.4805555555555556,7261.500000000001,8300.661111111109,3630.7500000000005
2022-06-28 18:00:00,18,0,1,False,0.0,1.0,-1.0,37.0,484.5138888888889,60.016749358333335,34.140277777777776,31.974166561111108,1.0,37.0,0.0,0.0,38.0,38.0,484.5138888888889,60.016749358333335,38.0,0.0,0.5799007699999975,2.631578947368421,0.0,141.46666666666667,50.0,70.73333333333333,0.18,0.096,0,,1.0,0.0,38.0,0.5,7262.500000000001,8300.661111111109,3631.2500000000005
2022-06-28 19:00:00,19,0,1,False,0.0,-0.3888888888888889,-1.0,37.0,483.4638888888889,59.997611272222215,33.881667325,31.843610863888888,0.0,37.0,0.0,0.0,37.0,37.0,483.4638888888889,59.997611272222215,37.0,0.0,0.5971335266666585,0.0,0.0,141.46666666666667,50.0,70.73333333333333,0.18,0.096,0,,0.0,0.0,37.0,0.0,7262.500000000001,8300.661111111109,3631.2500000000005
2022-06-28 20:00:00,20,0,1,False,0.0,-0.36666666666666664,-1.0,37.0,484.675,59.98100050277779,33.491666625,31.641666961111113,0.0,37.0,0.0,0.0,37.0,37.0,484.675,59.98100050277779,37.0,0.0,0.5772006033333469,0.0,0.0,141.46666666666667,50.0,70.73333333333333,0.18,0.096,0,,0.0,0.0,37.0,0.0,7262.500000000001,8300.661111111109,3631.2500000000005
2022-06-28 21:00:00,21,0,1,False,0.0,-0.3972222222222222,-1.0,37.0,484.97222222222223,60.00147200555556,33.12916654166666,31.482499999999998,0.0,37.0,0.0,0.0,37.0,37.0,484.97222222222223,60.00147200555556,37.0,0.0,0.5982335933333246,0.0,0.0,141.46666666666667,50.0,70.73333333333333,0.18,0.096,0,,0.0,0.0,37.0,0.0,7262.500000000001,8300.661111111109,3631.2500000000005
2022-06-28 22:00:00,22,0,1,False,0.0,-0.24166666666666667,-1.0,37.0,483.81111111111113,60.01252740277777,32.78416705277778,31.288333283333333,0.0,37.0,0.0,0.0,37.0,37.0,483.81111111111113,60.01252740277777,37.0,0.0,0.5849671166666752,0.0,0.0,141.46666666666667,50.0,70.73333333333333,0.18,0.096,0,,0.0,0.0,37.0,0.0,7262.500000000001,8300.661111111109,3631.2500000000005
2022-06-28 23:00:00,23,0,1,False,0.0,-0.2361111111111111,-1.0,37.0,483.96666666666664,60.00524950555556,32.379722461111115,31.11416698611111,0.0,37.0,0.0,0.0,37.0,37.0,483.96666666666664,60.00524950555556,37.0,0.0,0.5937005933333267,0.0,0.0,141.46666666666667,50.0,70.73333333333333,0.12,0.08,0,,0.0,0.0,37.0,0.0,7262.500000000001,8300.661111111109,3631.2500000000005
2022-06-29 00:00:00,0,0,2,False,0.0,-0.28888888888888886,-1.0,37.0,482.75,59.98775046944445,32.02805519166666,30.941666666666666,0.0,37.0,0.0,0.0,37.0,37.0,482.75,59.98775046944445,37.0,0.0,0.5853005633333396,0.0,0.0,141.46666666666667,50.0,70.73333333333333,0.12,0.08,0,,0.0,0.0,37.0,0.0,7262.500000000001,8300.661111111109,3631.2500000000005
2022-06-29 01:00:00,1,0,2,False,0.0,-0.2111111111111111,-1.0,37.0,486.2111111111111,59.99586116388889,31.68111106111111,30.77555546944444,0.0,37.0,0.0,0.0,37.0,37.0,486.2111111111111,59.99586116388889,37.0,0.0,0.5950333966666675,0.0,0.0,141.46666666666667,50.0,70.73333333333333,0.12,0.08,0,,0.0,0.0,37.0,0.0,7262.500000000001,8300.661111111109,3631.2500000000005
2022-06-29 02:00:00,2,0,2,False,0.0,-0.11388888888888889,-1.0,37.0,486.93888888888887,60.002305186111116,31.289722322222225,30.50111105555555,0.0,37.0,0.0,0.0,37.0,37.0,486.93888888888887,60.002305186111116,37.0,0.0,0.5972337766666612,0.0,0.0,141.46666666666667,50.0,70.73333333333333,0.12,0.08,0,,0.0,0.0,37.0,0.0,7262.500000000001,8300.661111111109,3631.2500000000005
2022-06-29 03:00:00,3,0,2,False,0.0,-0.08333333333333333,-1.0,37.0,488.0888888888889,59.99519411388889,30.841388883333334,30.145277663888887,0.0,37.0,0.0,0.0,37.0,37.0,488.0888888888889,59.99519411388889,37.0,0.0,0.5942329366666712,0.0,0.0,141.46666666666667,50.0,70.73333333333333,0.12,0.08,0,,0.0,0.0,37.0,0.0,7262.500000000001,8300.661111111109,3631.2500000000005
2022-06-29 04:00:00,4,0,2,False,0.0,-0.030555555555555555,-1.0,37.0,487.89444444444445,60.001610580555564,30.37055543055556,29.693055549999997,0.0,37.0,0.0,0.0,37.0,37.0,487.89444444444445,60.001610580555564,37.0,0.0,0.5980673033333233,0.0,0.0,141.46666666666667,50.0,70.73333333333333,0.12,0.08,0,,0.0,0.0,37.0,0.0,7262.500000000001,8300.661111111109,3631.2500000000005
2022-06-29 05:00:00,5,0,2,False,0.0,-0.05,-1.0,37.0,486.10555555555555,60.01877728888889,29.88000001944445,29.19055548611111,0.0,37.0,0.0,0.0,37.0,37.0,486.10555555555555,60.01877728888889,37.0,0.0,0.5774672533333302,0.0,0.0,141.46666666666667,50.0,70.73333333333333,0.12,0.08,0,,0.0,0.0,37.0,0.0,7262.500000000001,8300.661111111109,3631.2500000000005
2022-06-29 06:00:00,6,0,2,False,0.0,5.919444444444444,-1.0,37.0,484.40555555555557,59.994305655555564,29.453888622222227,28.68388897777778,5.919444444444444,37.0,0.0,0.0,42.919444444444444,42.919444444444444,484.40555555555557,59.994305655555564,42.919444444444444,0.0,0.5931667866666771,13.79198757361983,0.0,141.46666666666667,50.0,70.73333333333333,0.18,0.096,0,,5.919444444444444,0.0,42.919444444444444,2.959722222222222,7268.419444444446,8300.661111111109,3634.209722222223
2022-06-29 07:00:00,7,0,2,False,0.0,15.116666666666667,-1.0,37.0,484.7888888888889,59.98111155833333,29.087777888888887,28.23722206388889,15.116666666666667,37.0,0.0,0.0,52.11666666666667,52.11666666666667,484.7888888888889,59.98111155833333,52.11666666666667,0.0,0.5773338699999983,29.005436520626798,0.0,141.46666666666667,50.0,70.73333333333333,0.18,0.096,0,,15.116666666666667,0.0,52.11666666666667,7.558333333333334,7283.536111111112,8300.661111111109,3641.768055555556
2022-06-29 08:00:00,8,0,2,False,0.0,24.605555555555554,-1.0,37.0,483.3722222222222,59.98772282777777,28.87638865,27.921110886111112,24.605555555555554,37.0,0.0,0.0,61.605555555555554,61.605555555555554,483.3722222222222,59.98772282777777,61.605555555555554,0.0,0.5852673933333278,39.940481558301016,0.0,141.46666666666667,50.0,70.73333333333333,0.18,0.096,0,,24.605555555555554,0.0,61.605555555555554,12.302777777777777,7308.141666666668,8300.661111111109,3654.070833333334
2022-06-29 09:00:00,9,0,2,False,0.0,31.508333333333333,-1.0,36.18611111111111,483.09166666666664,59.975222750000015,28.908333097222222,27.797221394444453,31.508333333333333,36.18611111111111,0.0,0.0,67.69444444444444,67.69444444444444,483.09166666666664,59.975222750000015,67.69444444444444,0.0,0.5702673000000175,46.54493229380386,0.0,141.46666666666667,50.0,70.73333333333333,0.18,0.096,0,,31.508333333333333,0.0,67.69444444444444,15.754166666666666,7339.6500000000015,8300.661111111109,3669.8250000000007
2022-06-29 10:00:00,10,0,2,False,0.0,35.78333333333333,-1.0,34.45,481.31388888888887,59.985194674999995,29.536111144444444,27.872499550000004,35.78333333333333,34.45,0.0,0.0,70.23333333333333,70.23333333333333,481.31388888888887,59.985194674999995,70.23333333333333,0.0,0.5822336099999944,50.94921689606075,0.0,141.46666666666667,50.0,70.73333333333333,0.18,0.096,0,,35.78333333333333,0.0,70.23333333333333,17.891666666666666,7375.433333333335,8300.661111111109,3687.7166666666676
2022-06-29 11:00:00,11,0,2,False,0.0,38.41111111111111,-1.0,34.0,481.4611111111111,60.02016596111111,30.41222218888889,28.330555525,38.41111111111111,34.0,0.0,0.0,72.41111111111111,72.41111111111111,481.4611111111111,60.02016596111111,72.41111111111111,0.0,0.5758008466666666,53.04588000613779,0.0,141.46666666666667,50.0,70.73333333333333,0.12,0.08,0,,38.41111111111111,0.0,72.41111111111111,19.205555555555556,7413.844444444447,8300.661111111109,3706.9222222222234
2022-06-29 12:00:00,12,0,2,False,0.0,38.38333333333333,-1.0,34.0,480.225,60.01311050555556,31.290277852777773,29.00333334166666,38.38333333333333,34.0,0.0,0.0,72.38333333333333,72.38333333333333,480.225,60.01311050555556,72.38333333333333,0.0,0.5842673933333288,53.02786092562746,0.0,141.46666666666667,50.0,70.73333333333333,0.12,0.08,0,,38.38333333333333,0.0,72.38333333333333,19.191666666666666,7452.22777777778,8300.661111111109,3726.11388888889
2022-06-29 13:00:00,13,0,2,False,0.0,36.63333333333333,-1.0,34.019444444444446,482.6611111111111,60.014721563888884,32.125555669444445,29.730833313888887,36.63333333333333,34.019444444444446,0.0,0.0,70.65277777777777,70.65277777777777,482.6611111111111,60.014721563888884,70.65277777777777,0.0,0.5823341233333394,51.84981324945941,0.0,141.46666666666667,50.0,70.73333333333333,0.12,0.08,0,,36.63333333333333,0.0,70.65277777777777,18.316666666666666,7488.861111111113,8300.661111111109,3744.4305555555566
2022-06-29 14:00:00,14,0,2,False,0.0,32.19444444444444,-1.0,34.233333333333334,480.61944444444447,60.00355535833332,32.79083307222222,30.428333241666667,32.19444444444444,34.233333333333334,0.0,0.0,66.42777777777778,66.42777777777778,480.61944444444447,60.00355535833332,66.42777777777778,0.0,0.5957335700000129,48.46533411390817,0.0,141.46666666666667,50.0,70.73333333333333,0.12,0.08,0,,32.19444444444444,0.0,66.42777777777778,16.09722222222222,7521.0555555555575,8300.661111111109,3760.5277777777787
2022-06-29 15:00:00,15,0,2,False,0.0,20.97222222222222,-1.0,34.40833333333333,481.375,59.99163956666667,33.443333425,31.04444467222222,20.97222222222222,34.40833333333333,0.0,0.0,55.38055555555555,55.38055555555555,481.375,59.99163956666667,55.38055555555555,0.0,0.5899674800000042,37.86928825801274,0.0,141.46666666666667,50.0,70.73333333333333,0.12,0.08,0,,20.97222222222222,0.0,55.38055555555555,10.48611111111111,7542.02777777778,8300.661111111109,3771.01388888889
2022-06-29 16:00:00,16,0,2,False,0.0,9.027777777777779,-1.0,34.48888888888889,480.65833333333336,59.99547243333333,33.84250085833333,31.36555538333333,9.027777777777779,34.48888888888889,0.0,0.0,43.516666666666666,43.516666666666666,480.65833333333336,59.99547243333333,43.516666666666666,0.0,0.5945669199999998,20.745563641006,0.0,141.46666666666667,50.0,70.73333333333333,0.12,0.08,0,,9.027777777777779,0.0,43.516666666666666,4.513888888888889,7551.0555555555575,8300.661111111109,3775.5277777777787
2022-06-29 17:00:00,17,0,2,False,0.0,3.9138888888888888,-1.0,34.55833333333333,481.84722222222223,59.99147292777778,33.93611238888889,31.54555555555556,3.9138888888888888,34.55833333333333,0.0,0.0,38.47222222222222,38.47222222222222,481.84722222222223,59.99147292777778,38.47222222222222,0.0,0.5897675133333337,10.173285198555956,0.0,141.46666666666667,50.0,70.73333333333333,0.12,0.08,0,,3.9138888888888888,0.0,38.47222222222222,1.9569444444444444,7554.969444444447,8300.661111111109,3777.4847222222234
2022-06-29 18:00:00,18,0,2,False,0.0,-0.6444444444444445,-1.0,36.952777777777776,483.27222222222224,60.006027491666664,33.83000055277778,31.529444444444444,0.0,36.952777777777776,0.0,0.0,36.952777777777776,36.952777777777776,483.27222222222224,60.006027491666664,36.952777777777776,0.0,0.5927670100000029,0.0,0.0,141.46666666666667,50.0,70.73333333333333,0.18,0.096,0,,0.0,0.0,36.952777777777776,0.0,7554.969444444447,8300.661111111109,3777.4847222222234
2022-06-29 19:00:00,19,0,2,False,0.0,-0.5916666666666667,-1.0,37.0,483.31944444444446,59.99969462222222,33.59583327777778,31.449999997222218,0.0,37.0,0.0,0.0,37.0,37.0,483.31944444444446,59.99969462222222,37.0,0.0,0.5996335466666665,0.0,0.0,141.46666666666667,50.0,70.73333333333333,0.18,0.096,0,,0.0,0.0,37.0,0.0,7554.969444444447,8300.661111111109,3777.4847222222234
2022-06-29 20:00:00,20,0,2,False,0.0,-0.5333333333333333,-1.0,37.0,484.36944444444447,60.00236079166667,33.390278083333335,31.371110813888887,0.0,37.0,0.0,0.0,37.0,37.0,484.36944444444447,60.00236079166667,37.0,0.0,0.5971670499999987,0.0,0.0,141.46666666666667,50.0,70.73333333333333,0.18,0.096,0,,0.0,0.0,37.0,0.0,7554.969444444447,8300.661111111109,3777.4847222222234
2022-06-29 21:00:00,21,0,2,False,0.0,-0.4388888888888889,-1.0,37.0,484.56666666666666,59.998944497222226,33.12777766666667,31.26138872777778,0.0,37.0,0.0,0.0,37.0,37.0,484.56666666666666,59.998944497222226,37.0,0.0,0.598733396666671,0.0,0.0,141.46666666666667,50.0,70.73333333333333,0.18,0.096,0,,0.0,0.0,37.0,0.0,7554.969444444447,8300.661111111109,3777.4847222222234
2022-06-29 22:00:00,22,0,2,False,0.0,-0.28888888888888886,-1.0,37.0,484.7361111111111,59.999805219444454,32.830278630555554,31.141111552777772,0.0,37.0,0.0,0.0,37.0,37.0,484.7361111111111,59.999805219444454,37.0,0.0,0.5997662633333448,0.0,0.0,141.46666666666667,50.0,70.73333333333333,0.18,0.096,0,,0.0,0.0,37.0,0.0,7554.969444444447,8300.661111111109,3777.4847222222234
2022-06-29 23:00:00,23,0,2,False,0.0,-0.20833333333333334,-1.0,37.0,485.8361111111111,60.008222361111116,32.49055536944445,31.01500001111111,0.0,37.0,0.0,0.0,37.0,37.0,485.8361111111111,60.008222361111116,37.0,0.0,0.5901331666666607,0.0,0.0,141.46666666666667,50.0,70.73333333333333,0.12,0.08,0,,0.0,0.0,37.0,0.0,7554.969444444447,8300.661111111109,3777.4847222222234
2022-06-30 00:00:00,0,0,3,False,0.0,-0.16666666666666666,-1.0,37.0,485.8611111111111,60.01063829722222,32.13972207222222,30.87583308055556,0.0,37.0,0.0,0.0,37.0,37.0,485.8611111111111,60.01063829722222,37.0,0.0,0.5872340433333335,0.0,0.0,141.46666666666667,50.0,70.73333333333333,0.12,0.08,0,,0.0,0.0,37.0,0.0,7554.969444444447,8300.661111111109,3777.4847222222234
2022-06-30 01:00:00,1,0,3,False,0.0,-0.16666666666666666,-1.0,37.0,486.81666666666666,60.008944013888886,31.76749998611111,30.704166750000002,0.0,37.0,0.0,0.0,37.0,37.0,486.81666666666666,60.008944013888886,37.0,0.0,0.5892671833333366,0.0,0.0,141.46666666666667,50.0,70.73333333333333,0.12,0.08,0,,0.0,0.0,37.0,0.0,7554.969444444447,8300.661111111109,3777.4847222222234
2022-06-30 02:00:00,2,0,3,False,0.0,-0.13333333333333333,-1.0,37.05277777777778,487.05555555555554,59.99766683055556,31.36166674444444,30.516944441666666,0.0,37.05277777777778,0.0,0.0,37.05277777777778,37.05277777777778,487.05555555555554,59.99766683055556,37.05277777777778,0.0,0.597200196666671,0.0,0.0,141.46666666666667,50.0,70.73333333333333,0.12,0.08,0,,0.0,0.0,37.05277777777778,0.0,7554.969444444447,8300.661111111109,3777.4847222222234
2022-06-30 03:00:00,3,0,3,False,0.0,-0.06666666666666667,-1.0,37.13055555555555,486.0388888888889,60.00063883888888,30.929999988888888,30.228055336111115,0.0,37.13055555555555,0.0,0.0,37.13055555555555,37.13055555555555,486.0388888888889,60.00063883888888,37.13055555555555,0.0,0.5992333933333412,0.0,0.0,141.46666666666667,50.0,70.73333333333333,0.12,0.08,0,,0.0,0.0,37.13055555555555,0.0,7554.969444444447,8300.661111111109,3777.4847222222234
2022-06-30 04:00:00,4,0,3,False,0.0,-0.06666666666666667,-1.0,37.13055555555555,485.68611111111113,60.00099997222222,30.44861095277778,29.80499996111111,0.0,37.13055555555555,0.0,0.0,37.13055555555555,37.13055555555555,485.68611111111113,60.00099997222222,37.13055555555555,0.0,0.5988000333333389,0.0,0.0,141.46666666666667,50.0,70.73333333333333,0.12,0.08,0,,0.0,0.0,37.13055555555555,0.0,7554.969444444447,8300.661111111109,3777.4847222222234
2022-06-30 05:00:00,5,0,3,False,0.0,0.075,-1.0,37.03888888888889,484.7416666666667,60.01247195555555,29.96055552222222,29.32138876388889,0.075,37.03888888888889,0.0,0.0,37.113888888888894,37.113888888888894,484.7416666666667,60.01247195555555,37.113888888888894,0.0,0.5850336533333432,0.20208068258363893,0.0,141.46666666666667,50.0,70.73333333333333,0.12,0.08,0,,0.075,0.0,37.113888888888894,0.0375,7555.0444444444465,8300.661111111109,3777.5222222222233
2022-06-30 06:00:00,6,0,3,False,0.0,6.525,-1.0,37.0,481.89166666666665,59.99166665277777,29.574722419444445,28.838611130555556,6.525,37.0,0.0,0.0,43.525,43.525,481.89166666666665,59.99166665277777,43.525,0.0,0.5899999833333283,14.991384261918439,0.0,141.46666666666667,50.0,70.73333333333333,0.18,0.096,0,,6.525,0.0,43.525,3.2625,7561.569444444446,8300.661111111109,3780.784722222223
2022-06-30 07:00:00,7,0,3,False,0.0,14.444444444444445,-1.0,37.0,482.3861111111111,59.979833675,29.31944388888889,28.45361089166667,14.444444444444445,37.0,0.0,0.0,51.44444444444444,51.44444444444444,482.3861111111111,59.979833675,51.44444444444444,0.0,0.5758004100000021,28.077753779697623,0.0,141.46666666666667,50.0,70.73333333333333,0.18,0.096,0,,14.444444444444445,0.0,51.44444444444444,7.222222222222222,7576.0138888888905,8300.661111111109,3788.0069444444453
2022-06-30 08:00:00,8,0,3,False,0.0,25.45,-1.0,37.0,482.0388888888889,59.97702805833334,29.14361154722222,28.18222236944445,25.45,37.0,0.0,0.0,62.45,62.45,482.0388888888889,59.97702805833334,62.45,0.0,0.5724336700000066,40.75260208166533,0.0,141.46666666666667,50.0,70.73333333333333,0.18,0.096,0,,25.45,0.0,62.45,12.725,7601.46388888889,8300.661111111109,3800.731944444445
2022-06-30 09:00:00,9,0,3,False,0.0,31.81388888888889,-1.0,36.769444444444446,479.8027777777778,59.98575028333334,29.118889016666667,28.004166666666666,31.81388888888889,36.769444444444446,0.0,0.0,68.58333333333334,68.58333333333334,479.8027777777778,59.98575028333334,68.58333333333334,0.0,0.5829003400000061,46.38720129607128,0.0,141.46666666666667,50.0,70.73333333333333,0.18,0.096,0,,31.81388888888889,0.0,68.58333333333334,15.906944444444445,7633.277777777779,8300.661111111109,3816.6388888888896
2022-06-30 10:00:00,10,0,3,False,0.0,35.875,-1.0,35.56388888888889,481.2083333333333,59.998777752777784,29.658610955555556,28.048611225,35.875,35.56388888888889,0.0,0.0,71.4388888888889,71.4388888888889,481.2083333333333,59.998777752777784,71.4388888888889,0.0,0.5985333033333404,50.217746325530754,0.0,141.46666666666667,50.0,70.73333333333333,0.18,0.096,0,,35.875,0.0,71.4388888888889,17.9375,7669.152777777779,8300.661111111109,3834.5763888888896
2022-06-30 11:00:00,11,0,3,False,0.0,38.40277777777778,-1.0,34.27777777777778,484.03055555555557,59.99169479166667,30.443611061111117,28.451388836111114,38.40277777777778,34.27777777777778,0.0,0.0,72.68055555555556,72.68055555555556,484.03055555555557,59.99169479166667,72.68055555555556,0.0,0.5900337500000006,52.83776036690235,0.0,141.46666666666667,50.0,70.73333333333333,0.12,0.08,0,,38.40277777777778,0.0,72.68055555555556,19.20138888888889,7707.555555555557,8300.661111111109,3853.7777777777783
2022-06-30 12:00:00,12,0,3,False,0.0,38.6,-1.0,34.202777777777776,481.6222222222222,60.012944230555554,31.220833405555556,29.083610941666667,38.6,34.202777777777776,0.0,0.0,72.80277777777778,72.80277777777778,481.6222222222222,60.012944230555554,72.80277777777778,0.0,0.5844669233333348,53.01995497729788,0.0,141.46666666666667,50.0,70.73333333333333,0.12,0.08,0,,38.6,0.0,72.80277777777778,19.3,7746.155555555557,8300.661111111109,3873.0777777777785
2022-06-30 13:00:00,13,0,3,False,0.0,36.75833333333333,-1.0,34.419444444444444,479.3333333333333,59.99997215277778,32.03999978611111,29.844444475,36.75833333333333,34.419444444444444,0.0,0.0,71.17777777777778,71.17777777777778,479.3333333333333,59.99997215277778,71.17777777777778,0.0,0.5999665833333353,51.64299094598813,0.0,141.46666666666667,50.0,70.73333333333333,0.12,0.08,0,,36.75833333333333,0.0,71.17777777777778,18.379166666666666,7782.91388888889,8300.661111111109,3891.456944444445
2022-06-30 14:00:00,14,0,3,False,0.0,33.772222222222226,-1.0,34.40555555555556,477.23333333333335,60.00099972500001,32.74944446944445,30.623333199999998,33.772222222222226,34.40555555555556,0.0,0.0,68.17777777777778,68.17777777777778,477.23333333333335,60.00099972500001,68.17777777777778,0.0,0.5988003299999917,49.535528031290745,0.0,141.46666666666667,50.0,70.73333333333333,0.12,0.08,0,,33.772222222222226,0.0,68.17777777777778,16.886111111111113,7816.686111111112,8300.661111111109,3908.343055555556
2022-06-30 15:00:00,15,0,3,False,0.0,25.125,-1.0,34.55555555555556,475.65555555555557,59.99730580833334,33.50472235,31.352222300000005,25.125,34.55555555555556,0.0,0.0,59.68055555555556,59.68055555555556,475.65555555555557,59.99730580833334,59.68055555555556,0.0,0.5967669700000044,42.09913893414009,0.0,141.46666666666667,50.0,70.73333333333333,0.12,0.08,0,,25.125,0.0,59.68055555555556,12.5625,7841.811111111112,8300.661111111109,3920.905555555556
2022-06-30 16:00:00,16,0,3,False,0.0,9.602777777777778,-1.0,34.230555555555554,479.1777777777778,59.9986947,33.75749991944444,31.527500000000003,9.602777777777778,34.230555555555554,0.0,0.0,43.83333333333333,43.83333333333333,479.1777777777778,59.9986947,43.83333333333333,0.0,0.5984336400000018,21.90747782002535,0.0,141.46666666666667,50.0,70.73333333333333,0.12,0.08,0,,9.602777777777778,0.0,43.83333333333333,4.801388888888889,7851.41388888889,8300.661111111109,3925.706944444445
2022-06-30 17:00:00,17,0,3,False,0.0,-0.2638888888888889,-1.0,36.602777777777774,479.7055555555556,60.0154991361111,33.57388818888889,31.50888888888889,0.0,36.602777777777774,0.0,0.0,36.602777777777774,36.602777777777774,479.7055555555556,60.0154991361111,36.602777777777774,0.0,0.5814010366666764,0.0,0.0,141.46666666666667,50.0,70.73333333333333,0.12,0.08,0,,0.0,0.0,36.602777777777774,0.0,7851.41388888889,8300.661111111109,3925.706944444445
2022-06-30 18:00:00,18,0,3,False,0.0,-0.29444444444444445,-1.0,37.0,481.59166666666664,59.99322265,33.32944489722222,31.409722050000003,0.0,37.0,0.0,0.0,37.0,37.0,481.59166666666664,59.99322265,37.0,0.0,0.5918671799999998,0.0,0.0,141.46666666666667,50.0,70.73333333333333,0.18,0.096,0,,0.0,0.0,37.0,0.0,7851.41388888889,8300.661111111109,3925.706944444445
2022-06-30 19:00:00,19,0,3,False,0.0,-0.21944444444444444,-1.0,37.0,480.4555555555556,60.004944197222216,32.91083367222222,31.175000288888885,0.0,37.0,0.0,0.0,37.0,37.0,480.4555555555556,60.004944197222216,37.0,0.0,0.5940669633333414,0.0,0.0,141.46666666666667,50.0,70.73333333333333,0.18,0.096,0,,0.0,0.0,37.0,0.0,7851.41388888889,8300.661111111109,3925.706944444445
2022-06-30 20:00:00,20,0,3,False,0.0,-0.20555555555555555,-1.0,37.0,483.1638888888889,59.99780526111111,32.46611096944444,31.00333333611111,0.0,37.0,0.0,0.0,37.0,37.0,483.1638888888889,59.99780526111111,37.0,0.0,0.5973663133333332,0.0,0.0,141.46666666666667,50.0,70.73333333333333,0.18,0.096,0,,0.0,0.0,37.0,0.0,7851.41388888889,8300.661111111109,3925.706944444445
2022-06-30 21:00:00,21,0,3,False,0.0,-0.15,-1.0,37.00277777777778,485.1777777777778,59.99627785277777,31.994166358333334,30.82916642222222,0.0,37.00277777777778,0.0,0.0,37.00277777777778,37.00277777777778,485.1777777777778,59.99627785277777,37.00277777777778,0.0,0.5955334233333275,0.0,0.0,141.46666666666667,50.0,70.73333333333333,0.18,0.096,0,,0.0,0.0,37.00277777777778,0.0,7851.41388888889,8300.661111111109,3925.706944444445
2022-06-30 22:00:00,22,0,3,False,0.0,-0.08333333333333333,-1.0,37.013888888888886,481.7611111111111,60.02961087777777,31.45916678611111,30.567222313888887,0.0,37.013888888888886,0.0,0.0,37.013888888888886,37.013888888888886,481.7611111111111,60.02961087777777,37.013888888888886,0.0,0.5644669466666755,0.0,0.0,141.46666666666667,50.0,70.73333333333333,0.18,0.096,0,,0.0,0.0,37.013888888888886,0.0,7851.41388888889,8300.661111111109,3925.706944444445
2022-06-30 23:00:00,23,0,3,False,0.0,-0.08333333333333333,-1.0,37.013888888888886,480.75,60.024652694444434,31.065972437499997,30.386805354166672,0.0,37.013888888888886,0.0,0.0,37.013888888888886,37.013888888888886,480.75,60.024652694444434,37.013888888888886,0.0,0.5704167666666791,0.0,0.0,141.46666666666667,50.0,70.73333333333333,0.12,0.08,0,,0.0,0.0,37.013888888888886,0.0,7851.41388888889,8300.661111111109,3925.706944444445
