timestamp,hour,minute,day_of_week,is_weekend,Battery_Active_Power,PVPCS_Active_Power,GE_Active_Power,FC_Active_Power,MG-LV-MSB_AC_Voltage,MG-LV-MSB_Frequency,Inlet_Temperature_of_Chilled_Water,Outlet_Temperature,solar_generation_kw,fuel_cell_generation_kw,battery_power_kw,total_consumption_kw,total_generation_kw,net_balance_kw,grid_voltage_v,grid_frequency_hz,grid_export_kw,grid_import_kw,grid_stability_index,renewable_pct,grid_load_pct,storage_network_capacity_kwh,current_soc_pct,storage_available_energy_kwh,import_rate_usd_per_kwh,export_rate_usd_per_kwh,outage_zones_count,outage_zones_list,solar_generation_kwh,total_consumption_kwh,net_balance_kwh,carbon_offset_kg,cumulative_solar_kwh,cumulative_consumption_kwh,cumulative_carbon_offset_kg
2023-02-01 00:00:00,0,0,2,False,-0.03722222222222222,0.0,115.27444586944446,37.0,489.4166666666667,60.01838863611111,10.734722222222222,11.441944444444445,0.0,37.0,-0.03722222222222222,115.27444586944446,37.0,-78.31166809166669,489.4166666666667,60.01838863611111,0.0,78.31166809166669,0.5779336366666655,0.0,120.88766302245372,646.9832260000001,49.995400285861315,323.4618536210788,0.12,0.08,0,,0.0,115.27444586944446,-78.31166809166669,0.0,0.0,115.27444586944446,0.0
2023-02-01 01:00:00,1,0,2,False,-0.02888888888888889,0.0,117.79583470833333,37.0,490.4138888888889,60.00097191666666,10.534999999999998,11.310277777777777,0.0,37.0,-0.02888888888888889,117.79583470833333,37.0,-80.82472359722222,490.4138888888889,60.00097191666666,0.0,80.82472359722222,0.5988337000000115,0.0,123.53182931625126,646.9832260000001,49.99643007260878,323.46851616859846,0.12,0.08,0,,0.0,117.79583470833333,-80.82472359722222,0.0,0.0,233.0702805777778,0.0
2023-02-01 02:00:00,2,0,2,False,-0.03361111111111111,0.0,117.70027912777779,37.0,490.01944444444445,60.001750099999995,10.34388888888889,11.19638888888889,0.0,37.0,-0.03361111111111111,117.70027912777779,37.0,-80.7338902388889,490.01944444444445,60.001750099999995,0.0,80.7338902388889,0.5978998800000056,0.0,123.4316207163748,646.9832260000001,49.99584652678522,323.464740725004,0.12,0.08,0,,0.0,117.70027912777779,-80.7338902388889,0.0,0.0,350.77055970555557,0.0
2023-02-01 03:00:00,3,0,2,False,-0.03888888888888889,0.0,118.55222364722225,37.0,490.4166666666667,59.99500034444444,10.1625,11.07222222222222,0.0,37.0,-0.03888888888888889,118.55222364722225,37.0,-81.59111253611114,490.4166666666667,59.99500034444444,0.0,81.59111253611114,0.5940004133333303,0.0,124.32505014215639,646.9832260000001,49.99519432851182,323.46052111157485,0.12,0.08,0,,0.0,118.55222364722225,-81.59111253611114,0.0,0.0,469.32278335277783,0.0
2023-02-01 04:00:00,4,0,2,False,-0.03083333333333333,0.0,118.9783348666667,37.0,490.0138888888889,59.99286174166668,9.961388888888889,10.918055555555556,0.0,37.0,-0.03083333333333333,118.9783348666667,37.0,-82.00916820000003,490.0138888888889,59.99286174166668,0.0,82.00916820000003,0.5914340900000156,0.0,124.77191058132628,646.9832260000001,49.996189789034375,323.4669615741772,0.12,0.08,0,,0.0,118.9783348666667,-82.00916820000003,0.0,0.0,588.3011182194446,0.0
2023-02-01 05:00:00,5,0,2,False,-0.04055555555555555,0.0,115.90416812500003,37.0,488.81388888888887,60.01436049444443,9.748333333333333,10.794722222222221,0.0,37.0,-0.04055555555555555,115.90416812500003,37.0,-78.94472368055558,488.81388888888887,60.01436049444443,0.0,78.94472368055558,0.5827674066666816,0.0,121.54804920998359,646.9832260000001,49.99498837116233,323.4591886020709,0.12,0.08,0,,0.0,115.90416812500003,-78.94472368055558,0.0,0.0,704.2052863444446,0.0
2023-02-01 06:00:00,6,0,2,False,-0.03694444444444444,0.0,119.50194593611113,37.0,486.15833333333336,59.98888938055556,9.52,10.648055555555556,0.0,37.0,-0.03694444444444444,119.50194593611113,37.0,-82.53889038055557,486.15833333333336,59.98888938055556,0.0,82.53889038055557,0.586667256666675,0.0,125.32101856480351,646.9832260000001,49.995434612086235,323.46207570599614,0.18,0.096,0,,0.0,119.50194593611113,-82.53889038055557,0.0,0.0,823.7072322805558,0.0
2023-02-01 07:00:00,7,0,2,False,-0.010833333333333335,0.18611111111111112,118.76583478333335,37.0,485.93055555555554,59.994666913888885,9.285277777777779,10.501666666666667,0.18611111111111112,37.0,-0.010833333333333335,118.76583478333335,37.18611111111111,-81.59055700555557,485.93055555555554,59.994666913888885,0.0,81.59055700555557,0.593600296666662,0.15668995776873126,124.54906293914078,646.9832260000001,49.998661277228294,323.48295168822443,0.18,0.096,0,,0.18611111111111112,118.76583478333335,-81.59055700555557,0.09305555555555556,0.18611111111111112,942.4730670638892,0.09305555555555556
2023-02-01 08:00:00,8,0,2,False,-0.017777777777777778,3.213888888888889,120.64916811666669,37.0,486.2111111111111,59.98133368055557,9.0825,10.36888888888889,3.213888888888889,37.0,-0.017777777777777778,120.64916811666669,40.21388888888889,-80.45305700555558,486.2111111111111,59.98133368055557,0.0,80.45305700555558,0.5776004166666865,2.6634376672633238,126.52410401300382,646.9832260000001,49.99780312160541,323.47739956529136,0.18,0.096,0,,3.213888888888889,120.64916811666669,-80.45305700555558,1.6069444444444445,3.4000000000000004,1063.122235180556,1.7000000000000002
2023-02-01 09:00:00,9,0,2,False,-0.0636111111111111,3.463888888888889,119.0750015,21.580555555555556,485.1,59.99219496388889,8.881388888888889,10.233333333333333,3.463888888888889,21.580555555555556,-0.0636111111111111,119.0750015,25.044444444444444,-94.09416816666668,485.1,59.99219496388889,0.0,94.09416816666668,0.5906339566666702,2.9074443733834783,124.87328433600166,646.9832260000001,49.99213929449434,323.4407555539332,0.18,0.096,0,,3.463888888888889,119.0750015,-94.09416816666668,1.7319444444444445,6.863888888888889,1182.197236680556,3.4319444444444445
2023-02-01 10:00:00,10,0,2,False,-2.388588618618618,7.363363363363363,137.767568981982,0.1111111111111111,482.4924924924925,58.84753744744745,8.709909909909912,10.14054054054054,7.363363363363363,0.1111111111111111,-2.388588618618618,137.767568981982,7.474474474474474,-132.68168312612616,482.4924924924925,58.84753744744745,0.0,132.68168312612616,0.0,5.253685238965061,144.47607471805713,646.9832260000001,49.70483157144778,321.5819227788194,0.18,0.096,1,Zone_1,7.363363363363363,137.767568981982,-132.68168312612616,3.6816816816816815,14.227252252252253,1319.964805662538,7.113626126126126
2023-02-01 11:00:00,11,0,2,False,-14.713888866666666,28.369444444444444,112.57583471666668,0.0,477.9916666666667,59.99002770555556,8.65611111111111,10.117777777777777,28.369444444444444,0.0,-14.713888866666666,112.57583471666668,28.369444444444444,-98.9202791388889,477.9916666666667,59.99002770555556,0.0,98.9202791388889,0.5880332466666743,22.28730147714689,118.05764468486734,646.9832260000001,48.18173986897008,311.72777494719077,0.12,0.08,0,,28.369444444444444,112.57583471666668,-98.9202791388889,14.184722222222222,42.5966966966967,1432.5406403792047,21.29834834834835
2023-02-01 12:00:00,12,0,2,False,-14.734166624999999,32.330555555555556,115.61611261944446,0.0,484.6333333333333,60.00252743888888,8.799444444444447,10.175833333333333,32.330555555555556,0.0,-14.734166624999999,115.61611261944446,32.330555555555556,-98.01972368888892,484.6333333333333,60.00252743888888,0.0,98.01972368888892,0.5969670733333402,24.802827997726354,121.24596702147494,646.9832260000001,48.17923405695408,311.7115627637722,0.12,0.08,0,,32.330555555555556,115.61611261944446,-98.01972368888892,16.165277777777778,74.92725225225226,1548.1567529986492,37.46362612612613
2023-02-01 13:00:00,13,0,2,False,-2.9488888888888884,20.108333333333334,112.92833486666669,0.0,490.1333333333333,60.00188882222222,8.939722222222223,10.203055555555556,20.108333333333334,0.0,-2.9488888888888884,112.92833486666669,20.108333333333334,-95.76889042222224,490.1333333333333,60.00188882222222,0.0,95.76889042222224,0.5977334133333357,17.353136951013003,118.42730960953615,646.9832260000001,49.635592796296656,321.1339595177038,0.12,0.08,0,,20.108333333333334,112.92833486666669,-95.76889042222224,10.054166666666667,95.0355855855856,1661.085087865316,47.5177927927928
2023-02-01 14:00:00,14,0,2,False,-0.94,9.708333333333334,111.60972368055556,0.0,489.85555555555555,59.99508338333334,8.955,10.199444444444445,9.708333333333334,0.0,-0.94,111.60972368055556,9.708333333333334,-102.84139034722223,489.85555555555555,59.99508338333334,0.0,102.84139034722223,0.5941000600000051,8.625817119629744,117.04448947518674,646.9832260000001,49.88384005488582,322.7400776397805,0.12,0.08,0,,9.708333333333334,111.60972368055556,-102.84139034722223,4.854166666666667,104.74391891891892,1772.6948115458715,52.37195945945946
2023-02-01 15:00:00,15,0,2,False,-0.06888888888888887,13.891666666666667,112.46972378055557,0.0,489.8305555555556,59.98869521388889,8.991944444444444,10.206944444444446,13.891666666666667,0.0,-0.06888888888888887,112.46972378055557,13.891666666666667,-98.6469460027778,489.8305555555556,59.98869521388889,0.0,98.6469460027778,0.5864342566666664,12.343911424845933,117.94636674298833,646.9832260000001,49.99148709622094,323.43653594050403,0.12,0.08,0,,13.891666666666667,112.46972378055557,-98.6469460027778,6.945833333333334,118.63558558558559,1885.164535326427,59.317792792792794
2023-02-01 16:00:00,16,0,2,False,-0.13083333333333336,3.7583333333333333,113.38500147500001,0.0,489.56111111111113,59.98255615277778,9.090277777777775,10.242222222222221,3.7583333333333333,0.0,-0.13083333333333336,113.38500147500001,3.7583333333333333,-109.757501475,489.56111111111113,59.98255615277778,0.0,109.757501475,0.5790673833333386,3.310844993281439,118.9062133131751,646.9832260000001,49.98383234806478,323.3870110039411,0.12,0.08,0,,3.7583333333333333,113.38500147500001,-109.757501475,1.8791666666666667,122.39391891891893,1998.5495368014272,61.196959459459464
2023-02-01 17:00:00,17,0,2,False,49.71833362777778,-0.34444444444444444,113.15916821666667,0.0,489.8277777777778,59.977500366666675,9.017777777777777,10.17,0.0,0.0,49.71833362777778,113.15916821666667,0.0,-63.44083458888889,489.8277777777778,59.977500366666675,0.0,63.44083458888889,0.5730004400000098,0.0,118.66938324535954,646.9832260000001,56.14391372911819,363.2417042473058,0.12,0.08,0,,0.0,113.15916821666667,-63.44083458888889,0.0,122.39391891891893,2111.708705018094,61.196959459459464
2023-02-01 18:00:00,18,0,2,False,24.79083349722222,0.0,109.92389040555555,0.0,488.6277777777778,59.99130586666668,8.958055555555557,10.090277777777775,0.0,0.0,24.79083349722222,109.92389040555555,0.0,-85.13305690833333,488.6277777777778,59.99130586666668,0.0,85.13305690833333,0.5895670400000143,0.0,115.27656560165926,646.9832260000001,53.06351261528945,343.3120257473166,0.18,0.096,0,,0.0,109.92389040555555,-85.13305690833333,0.0,122.39391891891893,2221.6325954236495,61.196959459459464
2023-02-01 19:00:00,19,0,2,False,-2.2466666805555553,0.0,109.99527920277781,0.0,488.5888888888889,59.99097280555556,8.889722222222222,9.996111111111112,0.0,0.0,-2.2466666805555553,109.99527920277781,0.0,-112.24194588333336,488.5888888888889,59.99097280555556,0.0,112.24194588333336,0.589167366666669,0.0,115.35143063178013,646.9832260000001,49.72236949116682,321.6953901775909,0.18,0.096,0,,0.0,109.99527920277781,-112.24194588333336,0.0,122.39391891891893,2331.6278746264275,61.196959459459464
2023-02-01 20:00:00,20,0,2,False,-0.7319444444444444,0.0,108.20889029722223,0.0,489.61944444444447,60.00247201666666,8.73611111111111,9.869444444444444,0.0,0.0,-0.7319444444444444,108.20889029722223,0.0,-108.94083474166668,489.61944444444447,60.00247201666666,0.0,108.94083474166668,0.5970335800000101,0.0,113.47805463406392,646.9832260000001,49.90955039734756,322.90641924285507,0.18,0.096,0,,0.0,108.20889029722223,-108.94083474166668,0.0,122.39391891891893,2439.8367649236498,61.196959459459464
2023-02-01 21:00:00,21,0,2,False,-0.725,0.0,107.88916805833335,0.0,489.43611111111113,60.005277497222224,8.57861111111111,9.767777777777779,0.0,0.0,-0.725,107.88916805833335,0.0,-108.61416805833335,489.43611111111113,60.005277497222224,0.0,108.61416805833335,0.5936670033333314,0.0,113.14276372041809,646.9832260000001,49.910408552970445,322.91197136578813,0.18,0.096,0,,0.0,107.88916805833335,-108.61416805833335,0.0,122.39391891891893,2547.725932981983,61.196959459459464
2023-02-01 22:00:00,22,0,2,False,-0.7925,0.0,107.3286125777778,0.0,489.13055555555553,60.008999799999984,8.395555555555555,9.6375,0.0,0.0,-0.7925,107.3286125777778,0.0,-108.12111257777781,489.13055555555553,60.008999799999984,0.0,108.12111257777781,0.5892002400000195,0.0,112.55491234080239,646.9832260000001,49.90206728031597,322.85800473087875,0.18,0.096,0,,0.0,107.3286125777778,-108.12111257777781,0.0,122.39391891891893,2655.0545455597608,61.196959459459464
2023-02-01 23:00:00,23,0,2,False,-0.7427777777777778,0.0,107.78083497500003,0.0,490.25,60.00652739444443,8.180277777777778,9.480555555555556,0.0,0.0,-0.7427777777777778,107.78083497500003,0.0,-108.52361275277781,490.25,60.00652739444443,0.0,108.52361275277781,0.5921671266666806,0.0,113.0291554252456,646.9832260000001,49.90821167457585,322.8977579310795,0.12,0.08,0,,0.0,107.78083497500003,-108.52361275277781,0.0,122.39391891891893,2762.8353805347606,61.196959459459464
2023-02-02 00:00:00,0,0,3,False,-24.13083330555555,0.0,107.92305714722222,0.0,490.275,60.00558321666667,7.9383333333333335,9.325833333333334,0.0,0.0,-24.13083330555555,107.92305714722222,0.0,-132.05389045277778,490.275,60.00558321666667,0.0,132.05389045277778,0.5933001399999938,0.0,113.17830301732677,646.9832260000001,47.01804651879497,304.1988741694804,0.12,0.08,0,,0.0,107.92305714722222,-132.05389045277778,0.0,122.39391891891893,2870.7584376819827,61.196959459459464
2023-02-02 01:00:00,1,0,3,False,-28.848055594444446,0.0,107.39027923611113,0.0,486.9527777777778,60.00880531666666,7.694166666666666,9.167222222222223,0.0,0.0,-28.848055594444446,107.39027923611113,0.0,-136.23833483055557,486.9527777777778,60.00880531666666,0.0,136.23833483055557,0.5894336200000083,0.0,112.61958181855259,646.9832260000001,46.435118559041015,300.42742805020833,0.12,0.08,0,,0.0,107.39027923611113,-136.23833483055557,0.0,122.39391891891893,2978.1487169180937,61.196959459459464
2023-02-02 02:00:00,2,0,3,False,-28.865000025000004,0.0,108.49694588611112,0.0,485.00555555555553,60.00180566388889,7.4497222222222215,8.984166666666667,0.0,0.0,-28.865000025000004,108.49694588611112,0.0,-137.36194591111112,485.00555555555553,60.00180566388889,0.0,137.36194591111112,0.5978332033333345,0.0,113.78013690996376,646.9832260000001,46.43302466103748,300.4138808813559,0.12,0.08,0,,0.0,108.49694588611112,-137.36194591111112,0.0,122.39391891891893,3086.6456628042047,61.196959459459464
2023-02-02 03:00:00,3,0,3,False,-16.244166641666666,0.0,109.55222373055557,0.0,485.2472222222222,59.99397258611112,7.187222222222222,8.81027777777778,0.0,0.0,-16.244166641666666,109.55222373055557,0.0,-125.79639037222223,485.2472222222222,59.99397258611112,0.0,125.79639037222223,0.5927671033333439,0.0,114.88680085002507,646.9832260000001,47.99263669625365,310.5043091398817,0.12,0.08,0,,0.0,109.55222373055557,-125.79639037222223,0.0,122.39391891891893,3196.19788653476,61.196959459459464
2023-02-02 04:00:00,4,0,3,False,-2.7911111111111113,0.0,110.05333486666669,0.0,485.30833333333334,59.990833780555555,7.105277777777779,8.805555555555555,0.0,0.0,-2.7911111111111113,110.05333486666669,0.0,-112.8444459777778,485.30833333333334,59.990833780555555,0.0,112.8444459777778,0.5890005366666656,0.0,115.41231327996645,646.9832260000001,49.65509009204868,321.260103750743,0.12,0.08,0,,0.0,110.05333486666669,-112.8444459777778,0.0,122.39391891891893,3306.251221401427,61.196959459459464
2023-02-02 05:00:00,5,0,3,False,-2.0683333333333334,0.0,109.15277936111112,0.0,484.02777777777777,59.99691670277778,7.243611111111111,9.100833333333334,0.0,0.0,-2.0683333333333334,109.15277936111112,0.0,-111.22111269444444,484.02777777777777,59.99691670277778,0.0,111.22111269444444,0.5963000433333377,0.0,114.46790578646254,646.9832260000001,49.74440692927891,321.8379687056163,0.12,0.08,0,,0.0,109.15277936111112,-111.22111269444444,0.0,122.39391891891893,3415.404000762538,61.196959459459464
2023-02-02 06:00:00,6,0,3,False,-1.941388888888889,0.0,111.49694584444445,0.0,483.7416666666667,59.979417275,7.461944444444445,9.484166666666667,0.0,0.0,-1.941388888888889,111.49694584444445,0.0,-113.43833473333335,483.7416666666667,59.979417275,0.0,113.43833473333335,0.5753007300000036,0.0,116.92621999277566,646.9832260000001,49.76009401406531,321.9394615128327,0.18,0.096,0,,0.0,111.49694584444445,-113.43833473333335,0.0,122.39391891891893,3526.9009466069824,61.196959459459464
2023-02-02 07:00:00,7,0,3,False,-1.7422222222222223,0.25833333333333336,110.89777939444446,0.0,485.75555555555553,59.984305991666666,7.632777777777778,9.86611111111111,0.25833333333333336,0.0,-1.7422222222222223,110.89777939444446,0.25833333333333336,-112.38166828333334,485.75555555555553,59.984305991666666,0.0,112.38166828333334,0.5811671899999993,0.22934422019318337,116.29787750667087,646.9832260000001,49.78470591732975,322.09869639855293,0.18,0.096,0,,0.25833333333333336,110.89777939444446,-112.38166828333334,0.12916666666666668,122.65225225225227,3637.798726001427,61.326126126126134
2023-02-02 08:00:00,8,0,3,False,6.00333333888889,11.436111111111112,105.05139034722222,0.0,485.8722222222222,60.02424944444443,7.671388888888888,10.146388888888888,11.436111111111112,0.0,6.00333333888889,105.05139034722222,11.436111111111112,-87.61194589722221,485.8722222222222,60.02424944444443,0.0,87.61194589722221,0.5709006666666852,11.546022664683814,110.16680219584948,646.9832260000001,50.74185837356112,328.2913122376169,0.18,0.096,0,,11.436111111111112,105.05139034722222,-87.61194589722221,5.718055555555556,134.08836336336338,3742.8501163486494,67.04418168168169
2023-02-02 09:00:00,9,0,3,False,14.907222244444446,24.375,107.63861263611112,0.0,486.0527777777778,60.00644430833333,7.51361111111111,9.937777777777779,24.375,0.0,14.907222244444446,107.63861263611112,24.375,-68.35639039166668,486.0527777777778,60.00644430833333,0.0,68.35639039166668,0.5922668300000055,26.28559746278803,112.880007658382,646.9832260000001,51.84215118906333,335.41002219079934,0.18,0.096,0,,24.375,107.63861263611112,-68.35639039166668,12.1875,158.46336336336338,3850.4887289847607,79.23168168168169
2023-02-02 10:00:00,10,0,3,False,14.915555558333335,31.780555555555555,104.7522236888889,0.0,485.9888888888889,60.026777374999995,7.513333333333334,9.943888888888889,31.780555555555555,0.0,14.915555558333335,104.7522236888889,31.780555555555555,-58.056112575000014,485.9888888888889,60.026777374999995,0.0,58.056112575000014,0.5678671500000064,35.37592857892983,109.85306780391745,646.9832260000001,51.84318097340796,335.4166847227731,0.18,0.096,0,,31.780555555555555,104.7522236888889,-58.056112575000014,15.890277777777778,190.24391891891895,3955.2409526736496,95.12195945945948
2023-02-02 11:00:00,11,0,3,False,14.913888894444446,35.49722222222222,107.2597237638889,0.0,486.6333333333333,60.00916645555555,7.405,9.946944444444446,35.49722222222222,0.0,14.913888894444446,107.2597237638889,35.49722222222222,-56.84861264722223,486.6333333333333,60.00916645555555,0.0,56.84861264722223,0.5890002533333387,38.43944047114528,112.48266902914206,646.9832260000001,51.84297501640173,335.41535221549,0.12,0.08,0,,35.49722222222222,107.2597237638889,-56.84861264722223,17.74861111111111,225.74114114114116,4062.5006764375385,112.87057057057058
2023-02-02 12:00:00,12,0,3,False,14.90527778611111,36.58611111111111,106.13611261111113,0.0,487.78333333333336,60.01463865277777,7.603611111111111,10.070555555555554,36.58611111111111,0.0,14.90527778611111,106.13611261111113,36.58611111111111,-54.64472371388891,487.78333333333336,60.01463865277777,0.0,54.64472371388891,0.5824336166666768,40.102791102691306,111.30434433297214,646.9832260000001,51.841910903772614,335.40846758527385,0.12,0.08,0,,36.58611111111111,106.13611261111113,-54.64472371388891,18.293055555555554,262.32725225225226,4168.63678904865,131.16362612612613
2023-02-02 13:00:00,13,0,3,False,14.841388888888888,34.49722222222222,104.9902791527778,0.0,488.2027777777778,60.03277754722221,8.118611111111111,10.215555555555557,34.49722222222222,0.0,14.841388888888888,104.9902791527778,34.49722222222222,-55.651668041666696,488.2027777777778,60.03277754722221,0.0,55.651668041666696,0.5606669433333479,38.266940526100775,110.10271522995541,646.9832260000001,51.83401587101225,335.35738804762707,0.12,0.08,0,,34.49722222222222,104.9902791527778,-55.651668041666696,17.24861111111111,296.82447447447447,4273.627068201427,148.41223723723724
2023-02-02 14:00:00,14,0,3,False,14.860833344444444,28.994444444444444,108.99166825,0.0,488.34166666666664,60.005638383333334,8.532499999999999,10.255833333333335,28.994444444444444,0.0,14.860833344444444,108.99166825,28.994444444444444,-65.13639046111112,488.34166666666664,60.005638383333334,0.0,65.13639046111112,0.593233939999999,30.802281179738273,114.29894947040935,646.9832260000001,51.836418708129386,335.37293400072303,0.12,0.08,0,,28.994444444444444,108.99166825,-65.13639046111112,14.497222222222222,325.81891891891894,4382.618736451427,162.90945945945947
2023-02-02 15:00:00,15,0,3,False,14.868888894444444,20.469444444444445,109.5080570388889,0.0,488.78333333333336,60.00158336388888,8.923611111111112,10.551944444444445,20.469444444444445,0.0,14.868888894444444,109.5080570388889,20.469444444444445,-74.1697237,488.78333333333336,60.00158336388888,0.0,74.1697237,0.5980999633333483,21.628935297912435,114.84048348888966,646.9832260000001,51.83741416796541,335.3793744588837,0.12,0.08,0,,20.469444444444445,109.5080570388889,-74.1697237,10.234722222222222,346.2883633633634,4492.126793490316,173.1441816816817
2023-02-02 16:00:00,16,0,3,False,14.866666672222225,5.863888888888889,106.98222378055557,0.0,488.0,60.01947191388887,9.124166666666666,10.691111111111109,5.863888888888889,0.0,14.866666672222225,106.98222378055557,5.863888888888889,-86.25166821944445,488.0,60.01947191388887,0.0,86.25166821944445,0.5766337033333542,6.365796476693516,112.19165635741837,646.9832260000001,51.837139558166086,335.37759777954517,0.12,0.08,0,,5.863888888888889,106.98222378055557,-86.25166821944445,2.9319444444444445,352.15225225225225,4599.109017270872,176.07612612612613
2023-02-02 17:00:00,17,0,3,False,13.358055552777778,-0.4527777777777778,107.63916830833335,0.0,486.6111111111111,60.01488884166666,9.015,10.505,0.0,0.0,13.358055552777778,107.63916830833335,0.0,-94.28111275555557,486.6111111111111,60.01488884166666,0.0,94.28111275555557,0.582133390000007,0.0,112.88059038871607,646.9832260000001,51.65071382962002,334.1714545869038,0.12,0.08,0,,0.0,107.63916830833335,-94.28111275555557,0.0,352.15225225225225,4706.748185579205,176.07612612612613
2023-02-02 18:00:00,18,0,3,False,-6.0963888583333325,0.0,109.54166808333333,0.0,484.7638888888889,60.00186099722222,8.827499999999999,10.367777777777778,0.0,0.0,-6.0963888583333325,109.54166808333333,0.0,-115.63805694166666,484.7638888888889,60.00186099722222,0.0,115.63805694166666,0.5977668033333401,0.0,114.8757312021533,646.9832260000001,49.246642345554584,318.61751534395114,0.18,0.096,0,,0.0,109.54166808333333,-115.63805694166666,0.0,352.15225225225225,4816.289853662538,176.07612612612613
2023-02-02 19:00:00,19,0,3,False,-19.002777733333332,0.0,108.97833503333334,0.0,484.7861111111111,60.007027244444444,8.603055555555555,10.186944444444444,0.0,0.0,-19.002777733333332,108.97833503333334,0.0,-127.98111276666667,484.7861111111111,60.007027244444444,0.0,127.98111276666667,0.591567306666667,0.0,114.28496700108366,646.9832260000001,47.651742959020275,308.29878384149725,0.18,0.096,0,,0.0,108.97833503333334,-127.98111276666667,0.0,352.15225225225225,4925.268188695872,176.07612612612613
2023-02-02 20:00:00,20,0,3,False,-18.9833333,0.0,110.71250158333335,0.0,484.4166666666667,59.99377828055556,8.300277777777778,9.966944444444444,0.0,0.0,-18.9833333,110.71250158333335,0.0,-129.69583488333336,484.4166666666667,59.99377828055556,0.0,129.69583488333336,0.5925339366666719,0.0,116.10357770825324,646.9832260000001,47.654145793391315,308.31432977682647,0.18,0.096,0,,0.0,110.71250158333335,-129.69583488333336,0.0,352.15225225225225,5035.980690279205,176.07612612612613
2023-02-02 21:00:00,21,0,3,False,-18.982499933333337,0.0,107.93889047222223,0.0,485.425,60.01286051666666,7.923333333333332,9.722499999999998,0.0,0.0,-18.982499933333337,107.93889047222223,0.0,-126.92139040555557,485.425,60.01286051666666,0.0,126.92139040555557,0.5845673800000043,0.0,113.19490733619976,646.9832260000001,47.65424877618521,308.31499605822864,0.18,0.096,0,,0.0,107.93889047222223,-126.92139040555557,0.0,352.15225225225225,5143.919580751427,176.07612612612613
2023-02-02 22:00:00,22,0,3,False,-18.977222138888887,0.0,105.92027920277778,0.0,487.96666666666664,60.02741629999999,7.791111111111111,9.709166666666667,0.0,0.0,-18.977222138888887,105.92027920277778,0.0,-124.89750134166667,487.96666666666664,60.02741629999999,0.0,124.89750134166667,0.56710044000001,0.0,111.07800105160742,646.9832260000001,47.65490097651818,308.31921568498285,0.18,0.096,0,,0.0,105.92027920277778,-124.89750134166667,0.0,352.15225225225225,5249.839859954205,176.07612612612613
2023-02-02 23:00:00,23,0,3,False,-18.831666647222224,0.0,106.21166807500002,0.0,486.81388888888887,60.02569403333332,7.659722222222222,9.708055555555555,0.0,0.0,-18.831666647222224,106.21166807500002,0.0,-125.04333472222224,486.81388888888887,60.02569403333332,0.0,125.04333472222224,0.569167160000012,0.0,111.38357892299089,646.9832260000001,47.67288791047889,308.43558813058036,0.12,0.08,0,,0.0,106.21166807500002,-125.04333472222224,0.0,352.15225225225225,5356.051528029205,176.07612612612613
2023-02-03 00:00:00,0,0,4,False,-18.942777716666665,0.0,109.79944595277779,0.0,483.9611111111111,60.000472213888884,7.496666666666667,9.623055555555554,0.0,0.0,-18.942777716666665,109.79944595277779,0.0,-128.74222366944446,483.9611111111111,60.000472213888884,0.0,128.74222366944446,0.5994333433333395,0.0,115.14606140396873,646.9832260000001,47.659157425661604,308.346754196964,0.12,0.08,0,,0.0,109.79944595277779,-128.74222366944446,0.0,352.15225225225225,5465.850973981983,176.07612612612613
2023-02-03 01:00:00,1,0,4,False,-18.861666658333334,0.0,111.65777916111114,0.0,485.38055555555553,59.98786140277778,7.436944444444445,9.657777777777778,0.0,0.0,-18.861666658333334,111.65777916111114,0.0,-130.51944581944446,485.38055555555553,59.98786140277778,0.0,130.51944581944446,0.5854336833333377,0.0,117.09488498735743,646.9832260000001,47.66918067681496,308.4116029506261,0.12,0.08,0,,0.0,111.65777916111114,-130.51944581944446,0.0,352.15225225225225,5577.508753143094,176.07612612612613
2023-02-03 02:00:00,2,0,4,False,-18.875833286111114,0.0,112.48527926944448,0.0,485.44444444444446,59.98152843333333,7.338888888888889,9.649166666666666,0.0,0.0,-18.875833286111114,112.48527926944448,0.0,-131.3611125555556,485.44444444444446,59.98152843333333,0.0,131.3611125555556,0.5778341199999971,0.0,117.96267969669432,646.9832260000001,47.66743004414994,308.40027665093453,0.12,0.08,0,,0.0,112.48527926944448,-131.3611125555556,0.0,352.15225225225225,5689.994032412538,176.07612612612613
2023-02-03 03:00:00,3,0,4,False,-17.73472214722222,0.0,114.21333480000001,0.0,484.93055555555554,59.96991688333334,7.4475,9.819444444444445,0.0,0.0,-17.73472214722222,114.21333480000001,0.0,-131.94805694722223,484.93055555555554,59.96991688333334,0.0,131.94805694722223,0.5639002600000083,0.0,119.77488181214389,646.9832260000001,47.80844217953559,309.3126015135041,0.12,0.08,0,,0.0,114.21333480000001,-131.94805694722223,0.0,352.15225225225225,5804.207367212538,176.07612612612613
2023-02-03 04:00:00,4,0,4,False,-5.758333333333334,0.0,111.10250152500001,0.0,484.03055555555557,59.99155605277778,7.659444444444444,10.216944444444445,0.0,0.0,-5.758333333333334,111.10250152500001,0.0,-116.86083485833335,484.03055555555557,59.99155605277778,0.0,116.86083485833335,0.5898672633333376,0.0,116.51256845352536,646.9832260000001,49.28841735750091,318.8877926639034,0.12,0.08,0,,0.0,111.10250152500001,-116.86083485833335,0.0,352.15225225225225,5915.309868737538,176.07612612612613
2023-02-03 05:00:00,5,0,4,False,-2.1252777777777783,0.0,111.43777937777779,0.0,485.43611111111113,59.98894443055556,7.816944444444443,10.524444444444443,0.0,0.0,-2.1252777777777783,111.43777937777779,0.0,-113.56305715555557,485.43611111111113,59.98894443055556,0.0,113.56305715555557,0.5867333166666754,0.0,116.86417245196398,646.9832260000001,49.737370053171226,321.7924412975651,0.12,0.08,0,,0.0,111.43777937777779,-113.56305715555557,0.0,352.15225225225225,6026.747648115315,176.07612612612613
2023-02-03 06:00:00,6,0,4,False,-1.7713888888888891,0.0,112.60750145000002,0.0,486.97222222222223,59.981333808333346,7.823333333333332,10.646944444444443,0.0,0.0,-1.7713888888888891,112.60750145000002,0.0,-114.37889033888891,486.97222222222223,59.981333808333346,0.0,114.37889033888891,0.5776005700000155,0.0,118.09085341000456,646.9832260000001,49.78110166371362,322.0753774822341,0.18,0.096,0,,0.0,112.60750145000002,-114.37889033888891,0.0,352.15225225225225,6139.3551495653155,176.07612612612613
2023-02-03 07:00:00,7,0,4,False,-1.6744444444444446,0.49444444444444446,112.96833485000002,0.0,489.2972222222222,59.97841712777778,7.718333333333333,10.703333333333333,0.49444444444444446,0.0,-1.6744444444444446,112.96833485000002,0.49444444444444446,-114.14833485000003,489.2972222222222,59.97841712777778,0.0,114.14833485000003,0.5741005533333379,0.4312913970574028,118.469257367078,646.9832260000001,49.79308151620914,322.15288511837963,0.18,0.096,0,,0.49444444444444446,112.96833485000002,-114.14833485000003,0.24722222222222223,352.6466966966967,6252.323484415316,176.32334834834836
2023-02-03 08:00:00,8,0,4,False,-1.3334355828220856,2.9049079754601226,98.46625910122701,0.0,486.53374233128835,59.9895405,7.419938650306749,10.45552147239264,2.9049079754601226,0.0,-1.3334355828220856,98.46625910122701,2.9049079754601226,-96.89478670858898,486.53374233128835,59.9895405,0.0,96.89478670858898,0.5874485999999962,2.910738339086734,103.26101209622855,646.9832260000001,49.835221484985205,322.4255236478024,0.18,0.096,0,,2.9049079754601226,98.46625910122701,-96.89478670858898,1.4524539877300613,355.5516046721568,6350.789743516542,177.7758023360784
2023-02-03 09:00:00,9,0,4,False,,,,,,,,,0.0,0.0,0.0,0.0,0.0,0.0,0.0,0.0,0.0,0.0,0.0,0.0,0.0,646.9832260000001,50.0,323.49161300000003,0.18,0.096,1,Zone_1,0.0,0.0,0.0,0.0,355.5516046721568,6350.789743516542,177.7758023360784
2023-02-03 10:00:00,10,0,4,False,,,,,,,,,0.0,0.0,0.0,0.0,0.0,0.0,0.0,0.0,0.0,0.0,0.0,0.0,0.0,646.9832260000001,50.0,323.49161300000003,0.18,0.096,1,Zone_1,0.0,0.0,0.0,0.0,355.5516046721568,6350.789743516542,177.7758023360784
2023-02-03 11:00:00,11,0,4,False,,,,,,,,,0.0,0.0,0.0,0.0,0.0,0.0,0.0,0.0,0.0,0.0,0.0,0.0,0.0,646.9832260000001,50.0,323.49161300000003,0.12,0.08,1,Zone_1,0.0,0.0,0.0,0.0,355.5516046721568,6350.789743516542,177.7758023360784
2023-02-03 12:00:00,12,0,4,False,-161.74580650000001,12.829032258064515,-449.1441941290323,3.2161290322580647,462.3838709677419,53.739741548387094,-38.01193549032258,0.7416129032258059,12.829032258064515,3.2161290322580647,-161.74580650000001,0.0,16.04516129032258,-145.70064520967745,462.3838709677419,53.739741548387094,0.0,145.70064520967745,0.0,7.931601155956098,0.0,646.9832260000001,30.01235744096959,194.1749183702361,0.12,0.08,1,Zone_1,12.829032258064515,0.0,-145.70064520967745,6.414516129032258,368.3806369302213,6350.789743516542,184.19031846511066
2023-02-03 13:00:00,13,0,4,False,-0.6316666666666667,20.377777777777776,-0.5522222222222223,37.8,484.2055555555556,60.00305519444444,7.130277780555556,10.135833333333332,20.377777777777776,37.8,-0.6316666666666667,0.0,58.17777777777778,57.54611111111111,484.2055555555556,60.00305519444444,57.54611111111111,0.0,0.5963337666666689,35.026737967914436,0.0,646.9832260000001,49.92194216454207,322.9865918980085,0.12,0.08,0,,20.377777777777776,0.0,57.54611111111111,10.188888888888888,388.7584147079991,6350.789743516542,194.37920735399956
2023-02-03 14:00:00,14,0,4,False,-0.6533333333333334,26.205555555555556,51.362223041666674,37.855555555555554,487.3777777777778,60.000694333333335,8.13888888888889,10.214444444444446,26.205555555555556,37.855555555555554,-0.6533333333333334,51.362223041666674,64.0611111111111,12.045554736111095,487.3777777777778,60.000694333333335,12.045554736111095,0.0,0.5991667999999976,40.90711993755963,53.86327441710071,646.9832260000001,49.919264718998654,322.96926927445736,0.12,0.08,0,,26.205555555555556,51.362223041666674,12.045554736111095,13.102777777777778,414.9639702635547,6402.151966558209,207.48198513177735
2023-02-03 15:00:00,15,0,4,False,-0.7447222222222223,19.880555555555556,105.70166822499999,37.794444444444444,489.3305555555556,59.990139477777774,8.723611111111111,10.48111111111111,19.880555555555556,37.794444444444444,-0.7447222222222223,105.70166822499999,57.675,-48.77139044722222,489.3305555555556,59.990139477777774,0.0,48.77139044722222,0.5881673733333287,18.676589663613484,110.84874494878873,646.9832260000001,49.907971391001446,322.8962033366583,0.12,0.08,0,,19.880555555555556,105.70166822499999,-48.77139044722222,9.940277777777778,434.84452581911023,6507.853634783209,217.42226290955512
2023-02-03 16:00:00,16,0,4,False,-0.7677777777777777,4.152777777777778,107.10083480000002,37.75555555555555,488.8666666666667,59.98025055555557,9.030277777777778,10.665833333333333,4.152777777777778,37.75555555555555,-0.7677777777777777,107.10083480000002,41.90833333333333,-65.96027924444446,488.8666666666667,59.98025055555557,0.0,65.96027924444446,0.5763006666666853,3.8498481426035314,112.31604306638236,646.9832260000001,49.905122314333454,322.8777702885205,0.12,0.08,0,,4.152777777777778,107.10083480000002,-65.96027924444446,2.076388888888889,438.997303596888,6614.954469583208,219.498651798444
2023-02-03 17:00:00,17,0,4,False,-0.7633333333333334,-0.325,105.89389035555557,37.769444444444446,487.10277777777776,59.988222702777776,9.031666666666666,10.504722222222222,0.0,37.769444444444446,-0.7633333333333334,105.89389035555557,37.769444444444446,-68.88777924444446,487.10277777777776,59.988222702777776,0.0,68.88777924444446,0.5858672433333311,0.0,111.0503272159495,646.9832260000001,49.9056715339321,322.88132364719763,0.12,0.08,0,,0.0,105.89389035555557,-68.88777924444446,0.0,438.997303596888,6720.848359938764,219.498651798444
2023-02-03 18:00:00,18,0,4,False,-0.6838888888888889,0.0,110.7169460027778,37.986111111111114,486.2388888888889,59.98677814444445,8.925833333333335,10.433333333333335,0.0,37.986111111111114,-0.6838888888888889,110.7169460027778,37.986111111111114,-73.41472378055558,486.2388888888889,59.98677814444445,0.0,73.41472378055558,0.5841337733333404,0.0,116.108238545927,646.9832260000001,49.91548883425795,322.9448399335519,0.18,0.096,0,,0.0,110.7169460027778,-73.41472378055558,0.0,438.997303596888,6831.565305941542,219.498651798444
2023-02-03 19:00:00,19,0,4,False,-0.7380555555555556,0.0,105.40389033055557,37.986111111111114,487.7472222222222,60.02416631666666,8.798333333333334,10.303888888888888,0.0,37.986111111111114,-0.7380555555555556,105.40389033055557,37.986111111111114,-68.15583477500002,487.7472222222222,60.02416631666666,0.0,68.15583477500002,0.57100042000001,0.0,110.53646694573591,646.9832260000001,49.90879522039942,322.901533374674,0.18,0.096,0,,0.0,105.40389033055557,-68.15583477500002,0.0,438.997303596888,6936.969196272097,219.498651798444
2023-02-03 20:00:00,20,0,4,False,-0.9583333333333334,0.0,108.62777944444446,37.986111111111114,487.09444444444443,60.001777800000006,8.639444444444443,10.187222222222223,0.0,37.986111111111114,-0.9583333333333334,108.62777944444446,37.986111111111114,-71.60000166666667,487.09444444444443,60.001777800000006,0.0,71.60000166666667,0.5978666399999923,0.0,113.91734132671492,646.9832260000001,49.8815745240414,322.7254200352372,0.18,0.096,0,,0.0,108.62777944444446,-71.60000166666667,0.0,438.997303596888,7045.596975716541,219.498651798444
2023-02-03 21:00:00,21,0,4,False,-0.33416666666666667,0.0,107.27889045555557,37.916666666666664,488.09444444444443,60.01127746944444,8.406944444444445,9.973055555555556,0.0,37.916666666666664,-0.33416666666666667,107.27889045555557,37.916666666666664,-69.69639045555557,488.09444444444443,60.01127746944444,0.0,69.69639045555557,0.5864670366666758,0.0,112.5027690308899,646.9832260000001,49.95870555142661,323.224444844461,0.18,0.096,0,,0.0,107.27889045555557,-69.69639045555557,0.0,438.997303596888,7152.875866172097,219.498651798444
2023-02-03 22:00:00,22,0,4,False,-0.7219444444444444,0.0,106.27305714722225,37.975,489.4611111111111,60.01799963055555,8.0775,9.74638888888889,0.0,37.975,-0.7219444444444444,106.27305714722225,37.975,-69.02000159166668,489.4611111111111,60.01799963055555,0.0,69.02000159166668,0.5784004433333393,0.0,111.44795729774766,646.9832260000001,49.91078614144452,322.9144142998787,0.18,0.096,0,,0.0,106.27305714722225,-69.02000159166668,0.0,438.997303596888,7259.148923319319,219.498651798444
2023-02-03 23:00:00,23,0,4,False,-0.7288888888888888,0.0,108.78139048055557,37.975,489.5888888888889,60.00016666944445,7.786666666666666,9.581944444444444,0.0,37.975,-0.7288888888888888,108.78139048055557,37.975,-71.53527936944445,489.5888888888889,60.00016666944445,0.0,71.53527936944445,0.599799996666664,0.0,114.07843235629976,646.9832260000001,49.90992798582163,322.90886217694566,0.12,0.08,0,,0.0,108.78139048055557,-71.53527936944445,0.0,438.997303596888,7367.930313799874,219.498651798444
2023-02-04 00:00:00,0,0,5,True,-0.7427777777777778,0.0,109.77194596944446,37.96388888888889,486.43333333333334,59.99444457222223,7.760555555555556,9.703888888888887,0.0,37.96388888888889,-0.7427777777777778,109.77194596944446,37.96388888888889,-72.55083485833335,486.43333333333334,59.99444457222223,0.0,72.55083485833335,0.5933334866666741,0.0,115.11722232612065,646.9832260000001,49.90821167457585,322.8977579310795,0.12,0.08,0,,0.0,109.77194596944446,-72.55083485833335,0.0,438.997303596888,7477.7022597693185,219.498651798444
2023-02-04 01:00:00,1,0,5,True,-0.7375,0.0,110.73944593611112,37.69444444444444,484.43888888888887,59.987805949999995,7.8116666666666665,9.909444444444444,0.0,37.69444444444444,-0.7375,110.73944593611112,37.69444444444444,-73.78250149166668,484.43888888888887,59.987805949999995,0.0,73.78250149166668,0.5853671399999939,0.0,116.13183409946284,646.9832260000001,49.908863872849246,322.9019775445086,0.12,0.08,0,,0.0,110.73944593611112,-73.78250149166668,0.0,438.997303596888,7588.44170570543,219.498651798444
2023-02-04 02:00:00,2,0,5,True,-0.7050000000000001,0.0,111.27611276111112,37.96944444444444,486.22222222222223,59.98425065833334,7.896666666666667,10.20638888888889,0.0,37.96944444444444,-0.7050000000000001,111.27611276111112,37.96944444444444,-74.01166831666667,486.22222222222223,59.98425065833334,0.0,74.01166831666667,0.5811007900000049,0.0,116.69463358035912,646.9832260000001,49.912880041164364,322.92796147983535,0.12,0.08,0,,0.0,111.27611276111112,-74.01166831666667,0.0,438.997303596888,7699.717818466541,219.498651798444
2023-02-04 03:00:00,3,0,5,True,-0.746388888888889,0.0,109.77166813333335,37.983333333333334,487.34722222222223,59.99408377500001,7.882222222222223,10.36638888888889,0.0,37.983333333333334,-0.746388888888889,109.77166813333335,37.983333333333334,-72.5347236888889,487.34722222222223,59.99408377500001,0.0,72.5347236888889,0.5929005300000085,0.0,115.11693096095364,646.9832260000001,49.90776543365195,322.8948708271543,0.12,0.08,0,,0.0,109.77166813333335,-72.5347236888889,0.0,438.997303596888,7809.489486599874,219.498651798444
2023-02-04 04:00:00,4,0,5,True,-0.7194444444444444,0.0,109.66416810000001,37.986111111111114,487.51944444444445,59.995277908333335,7.863888888888889,10.487222222222222,0.0,37.986111111111114,-0.7194444444444444,109.66416810000001,37.986111111111114,-72.39750143333335,487.51944444444445,59.995277908333335,0.0,72.39750143333335,0.5943334900000025,0.0,115.00419628063064,646.9832260000001,49.91109507746876,322.9164130641346,0.12,0.08,0,,0.0,109.66416810000001,-72.39750143333335,0.0,438.997303596888,7919.153654699874,219.498651798444
2023-02-04 05:00:00,5,0,5,True,-0.7477777777777779,0.0,110.5119459527778,37.96388888888889,486.68888888888887,59.98911155277779,7.852499999999999,10.638055555555553,0.0,37.96388888888889,-0.7477777777777779,110.5119459527778,37.96388888888889,-73.29583484166669,486.68888888888887,59.98911155277779,0.0,73.29583484166669,0.5869338633333513,0.0,115.89325614651426,646.9832260000001,49.90759380252737,322.8937604025677,0.12,0.08,0,,0.0,110.5119459527778,-73.29583484166669,0.0,438.997303596888,8029.665600652652,219.498651798444
2023-02-04 06:00:00,6,0,5,True,-0.7625,0.0,110.06972382222226,37.53333333333333,487.63055555555553,59.99052777777778,7.845833333333333,10.771944444444443,0.0,37.53333333333333,-0.7625,110.06972382222226,37.53333333333333,-73.29889048888893,487.63055555555553,59.99052777777778,0.0,73.29889048888893,0.588633333333334,0.0,115.42950028547794,646.9832260000001,49.90577451260685,322.8819899019496,0.18,0.096,0,,0.0,110.06972382222226,-73.29889048888893,0.0,438.997303596888,8139.735324474874,219.498651798444
2023-02-04 07:00:00,7,0,5,True,-0.8255555555555555,0.0,109.05083496666668,37.455555555555556,486.9916666666667,59.99763894444445,7.903611111111112,11.007777777777779,0.0,37.455555555555556,-0.8255555555555555,109.05083496666668,37.455555555555556,-72.42083496666669,486.9916666666667,59.99763894444445,0.0,72.42083496666669,0.5971667333333357,0.0,114.36099727339464,646.9832260000001,49.897982459551024,322.8315766257174,0.18,0.096,0,,0.0,109.05083496666668,-72.42083496666669,0.0,438.997303596888,8248.78615944154,219.498651798444
2023-02-04 08:00:00,8,0,5,True,-0.7844444444444444,1.2083333333333333,115.74500161666668,37.16111111111111,488.7861111111111,60.004971749999996,7.906388888888889,11.191666666666666,1.2083333333333333,37.16111111111111,-0.7844444444444444,115.74500161666668,38.36944444444445,-78.16000161666669,488.7861111111111,60.004971749999996,0.0,78.16000161666669,0.5940339000000051,1.0369339031266407,121.38113218792606,646.9832260000001,49.90306274083852,322.8644451934811,0.18,0.096,0,,1.2083333333333333,115.74500161666668,-78.16000161666669,0.6041666666666666,440.2056369302213,8364.531161058207,220.10281846511066
2023-02-04 09:00:00,9,0,5,True,-0.7091666666666667,0.8055555555555556,133.44722359722223,37.93888888888889,489.6722222222222,60.00149993611111,7.66138888888889,11.061666666666667,0.8055555555555556,37.93888888888889,-0.7091666666666667,133.44722359722223,38.74444444444445,-95.41194581944445,489.6722222222222,60.00149993611111,0.0,95.41194581944445,0.5982000766666686,0.6004600704975798,139.94535281283135,646.9832260000001,49.91236514779063,322.9246302060755,0.18,0.096,0,,0.8055555555555556,133.44722359722223,-95.41194581944445,0.4027777777777778,441.01119248577686,8497.97838465543,220.50559624288843
2023-02-04 10:00:00,10,0,5,True,-0.7452777777777778,4.186111111111111,132.19694596944447,37.93888888888889,490.09722222222223,60.019860833333325,7.349166666666666,10.741388888888888,4.186111111111111,37.93888888888889,-0.7452777777777778,132.19694596944447,42.125,-90.81722374722224,490.09722222222223,60.019860833333325,0.0,90.81722374722224,0.5761670000000094,3.1488198355028474,138.6341936967642,646.9832260000001,49.90790273855161,322.8957591668236,0.18,0.096,0,,4.186111111111111,132.19694596944447,-90.81722374722224,2.0930555555555554,445.197303596888,8630.175330624874,222.598651798444
2023-02-04 11:00:00,11,0,5,True,13.793055552777776,26.155555555555555,125.2788905388889,13.930555555555555,485.3888888888889,59.99241634166667,7.164722222222223,10.514166666666668,26.155555555555555,13.930555555555555,13.793055552777776,125.2788905388889,40.08611111111111,-71.39972387500002,485.3888888888889,59.99241634166667,0.0,71.39972387500002,0.5908996100000025,23.460877840502345,131.37926787732607,646.9832260000001,51.704468697837754,334.51923956743093,0.12,0.08,0,,26.155555555555555,125.2788905388889,-71.39972387500002,13.077777777777778,471.35285915244356,8755.454221163764,235.67642957622178
2023-02-04 12:00:00,12,0,5,True,-4.431944422222222,22.136111111111113,122.59055707222223,0.0,483.52222222222224,57.85774965833334,7.078333333333333,10.380555555555556,22.136111111111113,0.0,-4.431944422222222,122.59055707222223,22.136111111111113,-104.88639038333332,483.52222222222224,57.85774965833334,0.0,104.88639038333332,0.0,17.42692109718787,128.5600276913576,646.9832260000001,49.4523250842187,319.9482481618854,0.12,0.08,1,Zone_1,22.136111111111113,122.59055707222223,-104.88639038333332,11.068055555555556,493.4889702635547,8878.044778235986,246.74448513177734
2023-02-04 13:00:00,13,0,5,True,7.754722191666666,10.227777777777778,112.75361278611113,0.0,477.7361111111111,59.99855573611111,7.011666666666666,10.244166666666667,10.227777777777778,0.0,7.754722191666666,112.75361278611113,10.227777777777778,-94.77111281666669,477.7361111111111,59.99855573611111,0.0,94.77111281666669,0.5982668833333292,9.740843660227144,118.24407954638146,646.9832260000001,50.958285217191175,329.69155761246463,0.12,0.08,0,,10.227777777777778,112.75361278611113,-94.77111281666669,5.113888888888889,503.71674804133244,8990.798391022097,251.85837402066622
2023-02-04 14:00:00,14,0,5,True,15.361666641666668,9.372222222222222,111.17000149166668,0.0,489.1361111111111,60.01794389166666,6.911944444444445,10.101944444444444,9.372222222222222,0.0,15.361666641666668,111.17000149166668,9.372222222222222,-86.43611262777779,489.1361111111111,60.01794389166666,0.0,86.43611262777779,0.5784673300000065,9.782261884517265,116.5833552889153,646.9832260000001,51.89830888718969,335.7733530777846,0.12,0.08,0,,9.372222222222222,111.17000149166668,-86.43611262777779,4.686111111111111,513.0889702635546,9101.968392513763,256.5444851317773
2023-02-04 15:00:00,15,0,5,True,13.099722225,23.2,112.92916833333334,0.0,491.0138888888889,60.02408277222221,6.896944444444444,10.012777777777778,23.2,0.0,13.099722225,112.92916833333334,23.2,-76.62944610833333,491.0138888888889,60.02408277222221,0.0,76.62944610833333,0.5711006733333505,23.239636103784175,118.42818366134162,646.9832260000001,51.6187904411351,333.9649156182355,0.12,0.08,0,,23.2,112.92916833333334,-76.62944610833333,11.6,536.2889702635547,9214.897560847097,268.14448513177734
2023-02-04 16:00:00,16,0,5,True,-0.6416666666666667,4.247222222222222,118.66611278611114,13.797222222222222,490.59166666666664,59.99397231944444,6.861666666666666,9.921111111111113,4.247222222222222,13.797222222222222,-0.6416666666666667,118.66611278611114,18.044444444444444,-101.26333500833336,490.59166666666664,59.99397231944444,0.0,101.26333500833336,0.592766783333326,3.5598870766874673,124.44448504153998,646.9832260000001,49.92070642044511,322.9785968409849,0.12,0.08,0,,4.247222222222222,118.66611278611114,-101.26333500833336,2.123611111111111,540.536192485777,9333.563673633209,270.2680962428885
2023-02-04 17:00:00,17,0,5,True,-0.5102777777777777,-0.5611111111111111,118.3177791777778,38.0,488.9527777777778,59.99663906111111,6.781111111111111,9.754722222222222,0.0,38.0,-0.5102777777777777,118.3177791777778,38.0,-80.82805695555557,488.9527777777778,59.99663906111111,0.0,80.82805695555557,0.5959668733333331,0.0,124.07918954568231,646.9832260000001,49.93694272483016,323.0836430068785,0.12,0.08,0,,0.0,118.3177791777778,-80.82805695555557,0.0,540.536192485777,9451.881452810987,270.2680962428885
2023-02-04 18:00:00,18,0,5,True,-0.5380555555555556,-0.06944444444444445,119.71750138333334,37.99722222222222,490.2,59.98708360277779,6.8247222222222215,9.735277777777778,0.0,37.99722222222222,-0.5380555555555556,119.71750138333334,37.99722222222222,-82.25833471666668,490.2,59.98708360277779,0.0,82.25833471666668,0.5845003233333443,0.0,125.54707034991436,646.9832260000001,49.9335101023386,323.06143451514623,0.18,0.096,0,,0.0,119.71750138333334,-82.25833471666668,0.0,540.536192485777,9571.59895419432,270.2680962428885
2023-02-04 19:00:00,19,0,5,True,-0.5222222222222223,0.0,117.17000140833333,38.0,488.575,60.00536058333333,7.017222222222221,9.988611111111112,0.0,38.0,-0.5222222222222223,117.17000140833333,38.0,-79.69222363055556,488.575,60.00536058333333,0.0,79.69222363055556,0.5935673000000065,0.0,122.87552145453911,646.9832260000001,49.93546669715879,323.0740933554336,0.18,0.096,0,,0.0,117.17000140833333,-79.69222363055556,0.0,540.536192485777,9688.768955602653,270.2680962428885
2023-02-04 20:00:00,20,0,5,True,-0.5305555555555556,0.0,117.16083481666669,37.269444444444446,487.7916666666667,60.005249622222216,7.368611111111112,10.445,0.0,37.269444444444446,-0.5305555555555556,117.16083481666669,37.269444444444446,-80.4219459277778,487.7916666666667,60.005249622222216,0.0,80.4219459277778,0.5937004533333408,0.0,122.86590850141576,646.9832260000001,49.93443691041132,323.0674308079139,0.18,0.096,0,,0.0,117.16083481666669,-80.4219459277778,0.0,540.536192485777,9805.929790419319,270.2680962428885
2023-02-04 21:00:00,21,0,5,True,-0.5238888888888888,0.0,116.03916805833336,37.07222222222222,489.44444444444446,60.012666374999995,7.691944444444444,10.95111111111111,0.0,37.07222222222222,-0.5238888888888888,116.03916805833336,37.07222222222222,-79.49083472500003,489.44444444444446,60.012666374999995,0.0,79.49083472500003,0.5848003500000061,0.0,121.68962288076348,646.9832260000001,49.935260739809294,323.0727608459297,0.18,0.096,0,,0.0,116.03916805833336,-79.49083472500003,0.0,540.536192485777,9921.968958477652,270.2680962428885
2023-02-04 22:00:00,22,0,5,True,-0.5363888888888889,0.0,116.49139037222224,38.0,490.59722222222223,60.009860713888884,7.833611111111111,11.258055555555556,0.0,38.0,-0.5363888888888889,116.49139037222224,38.0,-79.02777926111114,490.59722222222223,60.009860713888884,0.0,79.02777926111114,0.5881671433333394,0.0,122.16386587781547,646.9832260000001,49.933716059688095,323.06276702465016,0.18,0.096,0,,0.0,116.49139037222224,-79.02777926111114,0.0,540.536192485777,10038.460348849874,270.2680962428885
2023-02-04 23:00:00,23,0,5,True,-0.5161111111111112,0.0,117.63500147500001,37.99722222222222,485.7916666666667,60.001333225,7.693333333333333,11.254999999999999,0.0,37.99722222222222,-0.5161111111111112,117.63500147500001,37.99722222222222,-80.1538903638889,485.7916666666667,60.001333225,0.0,80.1538903638889,0.598400129999996,0.0,123.36316440906072,646.9832260000001,49.936221874106934,323.07897922361474,0.12,0.08,0,,0.0,117.63500147500001,-80.1538903638889,0.0,540.536192485777,10156.095350324875,270.2680962428885
2023-02-05 00:00:00,0,0,6,True,-0.5208333333333334,0.0,116.4619460777778,37.71666666666667,486.1638888888889,60.01013858611111,7.673333333333332,11.265000000000002,0.0,37.71666666666667,-0.5208333333333334,116.4619460777778,37.71666666666667,-79.26611274444446,486.1638888888889,60.01013858611111,0.0,79.26611274444446,0.5878336966666665,0.0,122.13298781184095,646.9832260000001,49.93563832828337,323.0752037800202,0.12,0.08,0,,0.0,116.4619460777778,-79.26611274444446,0.0,540.536192485777,10272.557296402652,270.2680962428885
2023-02-05 01:00:00,1,0,6,True,-0.5391666666666667,0.0,117.62889033055556,37.46388888888889,486.50555555555553,60.00188890555555,7.867500000000001,11.58611111111111,0.0,37.46388888888889,-0.5391666666666667,117.62889033055556,37.46388888888889,-80.70416810833335,486.50555555555553,60.00188890555555,0.0,80.70416810833335,0.597733313333336,0.0,123.35675568625395,646.9832260000001,49.93337279743894,323.06054617547693,0.12,0.08,0,,0.0,117.62889033055556,-80.70416810833335,0.0,540.536192485777,10390.186186733208,270.2680962428885
2023-02-05 02:00:00,2,0,6,True,-0.5111111111111111,0.0,117.33639044722224,36.96111111111111,487.5416666666667,60.004860872222224,8.045,11.908611111111112,0.0,36.96111111111111,-0.5111111111111111,117.33639044722224,36.96111111111111,-80.88639044722224,487.5416666666667,60.004860872222224,0.0,80.88639044722224,0.594166953333331,0.0,123.05001270376717,646.9832260000001,49.936839746155414,323.08297675212657,0.12,0.08,0,,0.0,117.33639044722224,-80.88639044722224,0.0,540.536192485777,10507.52257718043,270.2680962428885
2023-02-05 03:00:00,3,0,6,True,-0.5144444444444444,0.0,116.9536125777778,37.49166666666667,488.1666666666667,60.00652753055555,8.129444444444443,12.149722222222222,0.0,37.49166666666667,-0.5144444444444444,116.9536125777778,37.49166666666667,-79.9763903555556,488.1666666666667,60.00652753055555,0.0,79.9763903555556,0.592166963333338,0.0,122.64859570501395,646.9832260000001,49.93642783145643,323.08031173311866,0.12,0.08,0,,0.0,116.9536125777778,-79.9763903555556,0.0,540.536192485777,10624.476189758208,270.2680962428885
2023-02-05 04:00:00,4,0,6,True,-0.5011111111111112,0.0,119.89611258611112,37.394444444444446,486.7138888888889,59.98588948333333,8.121111111111109,12.21888888888889,0.0,37.394444444444446,-0.5011111111111112,119.89611258611112,37.394444444444446,-83.00277925277778,486.7138888888889,59.98588948333333,0.0,83.00277925277778,0.5830673799999971,0.0,125.73437891366915,646.9832260000001,49.93807549025237,323.0909718091502,0.12,0.08,0,,0.0,119.89611258611112,-83.00277925277778,0.0,540.536192485777,10744.37230234432,270.2680962428885
2023-02-05 05:00:00,5,0,6,True,-0.5141666666666668,0.0,117.76916815000003,37.99722222222222,486.2083333333333,60.001833302777776,8.028333333333332,12.239444444444446,0.0,37.99722222222222,-0.5141666666666668,117.76916815000003,37.99722222222222,-80.28611259444448,486.2083333333333,60.001833302777776,0.0,80.28611259444448,0.5978000366666691,0.0,123.50386424651312,646.9832260000001,49.93646215768134,323.080533818036,0.12,0.08,0,,0.0,117.76916815000003,-80.28611259444448,0.0,540.536192485777,10862.14147049432,270.2680962428885
2023-02-05 06:00:00,6,0,6,True,-0.5147222222222223,0.0,117.58277928611112,37.75277777777778,487.84166666666664,60.00244412222223,7.8838888888888885,12.15361111111111,0.0,37.75277777777778,-0.5147222222222223,117.58277928611112,37.75277777777778,-80.34472373055556,487.84166666666664,60.00244412222223,0.0,80.34472373055556,0.5970670533333248,0.0,123.30839929329652,646.9832260000001,49.93639350523151,323.0800896482013,0.18,0.096,0,,0.0,117.58277928611112,-80.34472373055556,0.0,540.536192485777,10979.724249780431,270.2680962428885
2023-02-05 07:00:00,7,0,6,True,-0.5077777777777778,0.25,117.60527930277779,37.99444444444445,488.4555555555556,60.00191669444444,7.864166666666668,12.191111111111109,0.25,37.99444444444445,-0.5077777777777778,117.60527930277779,38.24444444444445,-79.86861263611111,488.4555555555556,60.00191669444444,0.0,79.86861263611111,0.5976999666666728,0.21166161149270296,123.33199493422357,646.9832260000001,49.9372516608544,323.0856417711344,0.18,0.096,0,,0.25,117.60527930277779,-79.86861263611111,0.125,540.786192485777,11097.329529083208,270.3930962428885
2023-02-05 08:00:00,8,0,6,True,-0.5216666666666667,3.4555555555555557,117.44555699722223,37.99722222222222,488.78055555555557,60.00319455277778,7.730555555555555,12.084444444444443,3.4555555555555557,37.99722222222222,-0.5216666666666667,117.44555699722223,41.452777777777776,-76.51444588611112,488.78055555555557,60.00319455277778,0.0,76.51444588611112,0.5961665366666665,2.929250556409713,123.16449505074516,646.9832260000001,49.93553534960862,323.0745375252683,0.18,0.096,0,,3.4555555555555557,117.44555699722223,-76.51444588611112,1.7277777777777779,544.2417480413325,11214.77508608043,272.12087402066624
2023-02-05 09:00:00,9,0,6,True,-0.5272222222222223,6.525,116.15305690555559,38.0,488.9861111111111,60.01224941944444,7.441944444444444,11.790555555555557,6.525,38.0,-0.5272222222222223,116.15305690555559,44.525,-72.1552791277778,488.9861111111111,60.01224941944444,0.0,72.1552791277778,0.5853006966666754,5.592204654271014,121.80905747427788,646.9832260000001,49.93484882511031,323.0700958269218,0.18,0.096,0,,6.525,116.15305690555559,-72.1552791277778,3.2625,550.7667480413324,11330.928142985986,275.3833740206662
2023-02-05 10:00:00,10,0,6,True,-0.5086111111111111,7.333333333333333,118.03972373055556,37.99166666666667,489.025,59.99874971666666,7.230555555555555,11.510833333333332,7.333333333333333,37.99166666666667,-0.5086111111111111,118.03972373055556,45.325,-73.22333484166667,489.025,59.99874971666666,0.0,73.22333484166667,0.5984996599999902,6.18594376979461,123.78759436210251,646.9832260000001,49.937148682179654,323.0849755163824,0.18,0.096,0,,7.333333333333333,118.03972373055556,-73.22333484166667,3.6666666666666665,558.1000813746658,11448.96786671654,279.0500406873329
2023-02-05 11:00:00,11,0,6,True,-0.4955555555555556,5.813888888888889,118.886668325,37.99166666666667,488.825,59.99388905833334,7.106111111111112,11.261944444444444,5.813888888888889,37.99166666666667,-0.4955555555555556,118.886668325,43.80555555555556,-75.576668325,488.825,59.99388905833334,0.0,75.576668325,0.592666870000005,4.869978711994684,124.67578039465866,646.9832260000001,49.93876201475068,323.0954135074966,0.12,0.08,0,,5.813888888888889,118.886668325,-75.576668325,2.9069444444444446,563.9139702635547,11567.85453504154,281.95698513177734
2023-02-05 12:00:00,12,0,6,True,-0.49,5.511111111111111,118.16916823333337,37.99444444444445,488.7416666666667,59.997500075,7.2538888888888895,11.456111111111111,5.511111111111111,37.99444444444445,-0.49,118.16916823333337,43.50555555555556,-75.1536126777778,488.7416666666667,59.997500075,0.0,75.1536126777778,0.5970000899999973,4.644488237330275,123.92334208410531,646.9832260000001,49.93944853924899,323.099855205843,0.12,0.08,0,,5.511111111111111,118.16916823333337,-75.1536126777778,2.7555555555555555,569.4250813746658,11686.023703274874,284.7125406873329
2023-02-05 13:00:00,13,0,6,True,-0.5172222222222222,6.069444444444445,117.73305699722223,38.0,488.4,60.00166665555556,7.060833333333334,11.29861111111111,6.069444444444445,38.0,-0.5172222222222222,117.73305699722223,44.06944444444444,-74.18083477500001,488.4,60.00166665555556,0.0,74.18083477500001,0.5980000133333278,5.132710454899643,123.46599468370214,646.9832260000001,49.93608456920727,323.07809088394544,0.12,0.08,0,,6.069444444444445,117.73305699722223,-74.18083477500001,3.0347222222222223,575.4945258191102,11803.756760272096,287.7472629095551
2023-02-05 14:00:00,14,0,6,True,-0.5097222222222222,6.441666666666666,115.09666809166669,37.99722222222222,487.6722222222222,60.01911101111111,7.022777777777777,11.217777777777778,6.441666666666666,37.99722222222222,-0.5097222222222222,115.09666809166669,44.43888888888888,-71.16750142500003,487.6722222222222,60.01911101111111,0.0,71.16750142500003,0.5770667866666713,5.572067987917071,120.70122846680884,646.9832260000001,49.93701137727999,323.0840871767131,0.12,0.08,0,,6.441666666666666,115.09666809166669,-71.16750142500003,3.220833333333333,581.9361924857769,11918.853428363762,290.96809624288846
2023-02-05 15:00:00,15,0,6,True,-0.5258333333333334,1.8666666666666667,117.76500160833334,37.99722222222222,488.10555555555555,60.00138872777777,7.137777777777779,11.354444444444445,1.8666666666666667,37.99722222222222,-0.5258333333333334,117.76500160833334,39.86388888888889,-78.4269460527778,488.10555555555555,60.00138872777777,0.0,78.4269460527778,0.5983335266666728,1.5780315250857644,123.49949481770194,646.9832260000001,49.93502045623489,323.0712062515084,0.12,0.08,0,,1.8666666666666667,117.76500160833334,-78.4269460527778,0.9333333333333333,583.8028591524436,12036.618429972095,291.9014295762218
2023-02-05 16:00:00,16,0,6,True,-0.5127777777777778,0.5444444444444444,119.18305703888889,37.36944444444445,489.27222222222224,59.99102835277778,7.4077777777777785,11.734444444444444,0.5444444444444444,37.36944444444445,-0.5127777777777778,119.18305703888889,37.91388888888889,-81.78194592777777,489.27222222222224,59.99102835277778,0.0,81.78194592777777,0.5892340233333385,0.4548566332975147,124.98660157187635,646.9832260000001,49.93663378880592,323.08164424262264,0.12,0.08,0,,0.5444444444444444,119.18305703888889,-81.78194592777777,0.2722222222222222,584.3473035968881,12155.801487010984,292.17365179844404
2023-02-05 17:00:00,17,0,6,True,-0.4919444444444445,-0.475,119.04250146666669,37.58888888888889,487.8333333333333,59.99213928055556,7.517499999999999,11.945555555555554,0.0,37.58888888888889,-0.4919444444444445,119.04250146666669,37.58888888888889,-81.94555702222225,487.8333333333333,59.99213928055556,0.0,81.94555702222225,0.5905671366666752,0.0,124.83920173384139,646.9832260000001,49.939208255674586,323.0983006114218,0.12,0.08,0,,0.0,119.04250146666669,-81.94555702222225,0.0,584.3473035968881,12274.84398847765,292.17365179844404
2023-02-05 18:00:00,18,0,6,True,-0.5069444444444444,0.0,120.46833485,37.022222222222226,487.2972222222222,59.982250491666676,7.596944444444444,12.127777777777778,0.0,37.022222222222226,-0.5069444444444444,120.46833485,37.022222222222226,-83.95305707222222,487.2972222222222,59.982250491666676,0.0,83.95305707222222,0.5787005900000111,0.0,126.33446518334675,646.9832260000001,49.93735463952915,323.08630802588635,0.18,0.096,0,,0.0,120.46833485,-83.95305707222222,0.0,584.3473035968881,12395.312323327651,292.17365179844404
2023-02-05 19:00:00,19,0,6,True,-0.5352777777777777,0.0,116.20027933611112,36.96944444444444,488.0361111111111,60.01241577222221,7.714444444444444,12.302777777777777,0.0,36.96944444444444,-0.5352777777777777,116.20027933611112,36.96944444444444,-79.76611266944447,488.0361111111111,60.01241577222221,0.0,79.76611266944447,0.5851010733333453,0.0,121.85857937159903,646.9832260000001,49.93385336458776,323.06365536431946,0.18,0.096,0,,0.0,116.20027933611112,-79.76611266944447,0.0,584.3473035968881,12511.512602663763,292.17365179844404
2023-02-05 20:00:00,20,0,6,True,-0.505,0.0,115.55972380555556,37.03333333333333,488.0138888888889,60.01680492222222,7.9175,12.6325,0.0,37.03333333333333,-0.505,115.55972380555556,37.03333333333333,-79.03139047222223,488.0138888888889,60.01680492222222,0.0,79.03139047222223,0.5798340933333349,0.0,121.1868323895084,646.9832260000001,49.93759492310355,323.0878626203076,0.18,0.096,0,,0.0,115.55972380555556,-79.03139047222223,0.0,584.3473035968881,12627.072326469319,292.17365179844404
2023-02-05 21:00:00,21,0,6,True,-0.49972222222222223,0.0,113.98000171666669,36.99722222222222,488.35277777777776,60.02708293333333,8.08222222222222,12.915,0.0,36.99722222222222,-0.49972222222222223,113.98000171666669,36.99722222222222,-77.48250171666669,488.35277777777776,60.02708293333333,0.0,77.48250171666669,0.5675004800000011,0.0,119.53018672003357,646.9832260000001,49.938247121376946,323.09208223373673,0.18,0.096,0,,0.0,113.98000171666669,-77.48250171666669,0.0,584.3473035968881,12741.052328185986,292.17365179844404
2023-02-05 22:00:00,22,0,6,True,-0.5136111111111111,0.0,114.08027934444448,37.25277777777778,490.175,60.026888574999994,8.185833333333335,13.167499999999999,0.0,37.25277777777778,-0.5136111111111111,114.08027934444448,37.25277777777778,-77.34111267777782,490.175,60.026888574999994,0.0,77.34111267777782,0.5677337100000074,0.0,119.63534730427287,646.9832260000001,49.936530810131174,323.08097798787065,0.18,0.096,0,,0.0,114.08027934444448,-77.34111267777782,0.0,584.3473035968881,12855.13260753043,292.17365179844404
2023-02-05 23:00:00,23,0,6,True,-0.5033333333333334,0.0,116.03000155000002,36.96666666666667,491.31944444444446,60.013194325,8.240277777777777,13.395000000000001,0.0,36.96666666666667,-0.5033333333333334,116.03000155000002,36.96666666666667,-79.56666821666668,491.31944444444446,60.013194325,0.0,79.56666821666668,0.5841668099999993,0.0,121.6800100150313,646.9832260000001,49.93780088045305,323.08919512981157,0.12,0.08,0,,0.0,116.03000155000002,-79.56666821666668,0.0,584.3473035968881,12971.16260908043,292.17365179844404
2023-02-06 00:00:00,0,0,0,False,-0.5133333333333334,0.0,116.56111252777777,36.725,491.18055555555554,60.00983293333333,8.352222222222222,13.6475,0.0,36.725,-0.5133333333333334,116.56111252777777,36.725,-80.3494458611111,491.18055555555554,60.00983293333333,0.0,80.3494458611111,0.5882004800000061,0.0,122.23698311019446,646.9832260000001,49.93656513635609,323.08120007278796,0.12,0.08,0,,0.0,116.56111252777777,-80.3494458611111,0.0,584.3473035968881,13087.723721608207,292.17365179844404
2023-02-06 01:00:00,1,0,0,False,-0.505,0.0,118.52389044722224,36.44722222222222,491.30555555555554,59.99566669722222,8.4125,13.821666666666667,0.0,36.44722222222222,-0.505,118.52389044722224,36.44722222222222,-82.58166822500002,491.30555555555554,59.99566669722222,0.0,82.58166822500002,0.5948000366666634,0.0,124.29533727467638,646.9832260000001,49.93759492310355,323.0878626203076,0.12,0.08,0,,0.0,118.52389044722224,-82.58166822500002,0.0,584.3473035968881,13206.24761205543,292.17365179844404
2023-02-06 02:00:00,2,0,0,False,-0.5008333333333334,0.0,120.8363903638889,36.769444444444446,492.21944444444443,59.98022277222223,8.468611111111112,13.994166666666665,0.0,36.769444444444446,-0.5008333333333334,120.8363903638889,36.769444444444446,-84.56777925277778,492.21944444444443,59.98022277222223,0.0,84.56777925277778,0.5762673266666724,0.0,126.72044293063469,646.9832260000001,49.93810981647729,323.0911938940675,0.12,0.08,0,,0.0,120.8363903638889,-84.56777925277778,0.0,584.3473035968881,13327.084002419318,292.17365179844404
2023-02-06 03:00:00,3,0,0,False,-0.4841666666666667,0.0,122.30583472500003,36.797222222222224,491.8388888888889,59.97016696388889,8.518055555555556,14.218055555555555,0.0,36.797222222222224,-0.4841666666666667,122.30583472500003,36.797222222222224,-85.99277916944446,491.8388888888889,59.97016696388889,0.0,85.99277916944446,0.5642003566666716,0.0,128.26144096724582,646.9832260000001,49.94016938997222,323.1045189891068,0.12,0.08,0,,0.0,122.30583472500003,-85.99277916944446,0.0,584.3473035968881,13449.38983714432,292.17365179844404
2023-02-06 04:00:00,4,0,0,False,-0.5041666666666667,0.0,121.29111266111111,36.875,488.7861111111111,59.976556119444446,8.577499999999999,14.424444444444447,0.0,36.875,-0.5041666666666667,121.29111266111111,36.875,-84.92027932777778,488.7861111111111,59.976556119444446,0.0,84.92027932777778,0.571867343333335,0.0,127.19730764614721,646.9832260000001,49.9376979017783,323.0885288750596,0.12,0.08,0,,0.0,121.29111266111111,-84.92027932777778,0.0,584.3473035968881,13570.68094980543,292.17365179844404
2023-02-06 05:00:00,5,0,0,False,-0.4927777777777777,0.0,121.68111260277782,36.74166666666667,487.06666666666666,59.97436109722223,8.688333333333334,14.654444444444444,0.0,36.74166666666667,-0.4927777777777777,121.68111260277782,36.74166666666667,-85.43222371388893,487.06666666666666,59.97436109722223,0.0,85.43222371388893,0.5692333166666742,0.0,127.60629839141939,646.9832260000001,49.93910527699984,323.09763435666986,0.12,0.08,0,,0.0,121.68111260277782,-85.43222371388893,0.0,584.3473035968881,13692.362062408207,292.17365179844404
2023-02-06 06:00:00,6,0,0,False,-0.49722222222222223,0.0,120.27750152499999,36.68055555555556,487.8888888888889,59.98419475833333,8.744166666666665,14.855000000000002,0.0,36.68055555555556,-0.49722222222222223,120.27750152499999,36.68055555555556,-84.09416819166665,487.8888888888889,59.98419475833333,0.0,84.09416819166665,0.5810337099999969,0.0,126.13433934876078,646.9832260000001,49.938556057401186,323.09408099799265,0.18,0.096,0,,0.0,120.27750152499999,-84.09416819166665,0.0,584.3473035968881,13812.639563933208,292.17365179844404
2023-02-06 07:00:00,7,0,0,False,-0.48722222222222233,-0.002777777777777778,118.78000146666669,36.725,489.725,59.994444747222225,8.725833333333334,14.951666666666668,0.0,36.725,-0.48722222222222233,118.78000146666669,36.725,-82.54222368888891,489.725,59.994444747222225,0.0,82.54222368888891,0.5933336966666701,0.0,124.56391946027199,646.9832260000001,49.939791801498146,323.10207605501625,0.18,0.096,0,,0.0,118.78000146666669,-82.54222368888891,0.0,584.3473035968881,13931.419565399874,292.17365179844404
2023-02-06 08:00:00,8,0,0,False,-0.48444444444444446,0.35555555555555557,117.78972368888891,36.69444444444444,488.325,60.00213884444444,8.665833333333333,14.975833333333336,0.35555555555555557,36.69444444444444,-0.48444444444444446,117.78972368888891,37.05,-81.22416813333336,488.325,60.00213884444444,0.0,81.22416813333336,0.597433386666674,0.30061978973695175,123.52542072453132,646.9832260000001,49.940135063747306,323.1042969041895,0.18,0.096,0,,0.35555555555555557,117.78972368888891,-81.22416813333336,0.17777777777777778,584.7028591524437,14049.209289088763,292.35142957622185
2023-02-06 09:00:00,9,0,0,False,-17.625833319444443,1.586111111111111,116.48666824166669,36.84722222222222,488.8666666666667,60.009388386111105,8.455555555555556,14.816388888888888,1.586111111111111,36.84722222222222,-17.625833319444443,116.48666824166669,38.43333333333333,-95.67916822777781,488.8666666666667,60.009388386111105,0.0,95.67916822777781,0.5887339366666736,1.1826720795215102,122.15891380606148,646.9832260000001,47.821898052150715,309.3996587522359,0.18,0.096,0,,1.586111111111111,116.48666824166669,-95.67916822777781,0.7930555555555555,586.2889702635548,14165.69595733043,293.1444851317774
2023-02-06 10:00:00,10,0,0,False,-48.15472224444444,2.7555555555555555,118.49222371388892,37.17777777777778,487.48333333333335,59.99675012777777,8.193055555555556,14.48638888888889,2.7555555555555555,37.17777777777778,-48.15472224444444,118.49222371388892,39.93333333333333,-126.71361262500004,487.48333333333335,59.99675012777777,0.0,126.71361262500004,0.5961001533333273,1.6535289859104443,124.26212854953917,646.9832260000001,44.049308624571076,284.9916379699462,0.18,0.096,0,,2.7555555555555555,118.49222371388892,-126.71361262500004,1.3777777777777778,589.0445258191104,14284.18818104432,294.5222629095552
2023-02-06 11:00:00,11,0,0,False,-9.681111094444443,9.23611111111111,117.91139048888888,37.99166666666667,489.85833333333335,59.99991684166667,7.981666666666667,14.221666666666664,9.23611111111111,37.99166666666667,-9.681111094444443,117.91139048888888,47.227777777777774,-80.36472380555556,489.85833333333335,59.99991684166667,0.0,80.36472380555556,0.5999002100000013,7.23875697748493,123.65301201337667,646.9832260000001,48.803662411303264,315.7515094747993,0.12,0.08,0,,9.23611111111111,117.91139048888888,-80.36472380555556,4.618055555555555,598.2806369302215,14402.099571533208,299.14031846511074
2023-02-06 12:00:00,12,0,0,False,-2.2716666666666665,18.602777777777778,118.10389033055556,38.0,490.21944444444443,59.998778030555556,7.676944444444444,13.862222222222222,18.602777777777778,38.0,-2.2716666666666665,118.10389033055556,56.602777777777774,-63.77277921944445,490.21944444444443,59.998778030555556,0.0,63.77277921944445,0.5985336366666673,15.453949490931166,123.85488551461764,646.9832260000001,49.71928013264073,321.6754025461361,0.12,0.08,0,,18.602777777777778,118.10389033055556,-63.77277921944445,9.301388888888889,616.8834147079992,14520.203461863764,308.4417073539996
2023-02-06 13:00:00,13,0,0,False,-1.7944444444444445,12.613888888888889,115.58361275277781,38.0,490.43611111111113,60.01661055,7.388888888888889,13.452777777777778,12.613888888888889,38.0,-1.7944444444444445,115.58361275277781,50.61388888888889,-66.76416830833338,490.43611111111113,60.01661055,0.0,66.76416830833338,0.5800673399999965,10.746377295796131,121.21188459409704,646.9832260000001,49.77825258704563,322.0569444340963,0.12,0.08,0,,12.613888888888889,115.58361275277781,-66.76416830833338,6.3069444444444445,629.4973035968882,14635.787074616543,314.7486517984441
2023-02-06 14:00:00,14,0,0,False,-0.5797222222222221,9.480555555555556,118.48583502500001,37.99166666666667,489.0888888888889,59.99597249166668,7.371111111111112,13.276388888888889,9.480555555555556,37.99166666666667,-0.5797222222222221,118.48583502500001,47.47222222222222,-71.59333502500002,489.0888888888889,59.99597249166668,0.0,71.59333502500002,0.5951669900000126,7.962466875177484,124.25542876743457,646.9832260000001,49.92836116860127,323.0281217775478,0.12,0.08,0,,9.480555555555556,118.48583502500001,-71.59333502500002,4.740277777777778,638.9778591524438,14754.272909641542,319.4889295762219
2023-02-06 15:00:00,15,0,0,False,-0.06972222222222223,7.0055555555555555,116.98833484166668,37.986111111111114,489.05833333333334,60.006055675,7.36638888888889,13.210277777777778,7.0055555555555555,37.986111111111114,-0.06972222222222223,116.98833484166668,44.99166666666667,-72.06639039722225,489.05833333333334,60.006055675,0.0,72.06639039722225,0.5927331900000012,5.984684635361755,122.68500874785893,646.9832260000001,49.9913841175462,323.43586968575204,0.12,0.08,0,,7.0055555555555555,116.98833484166668,-72.06639039722225,3.5027777777777778,645.9834147079994,14871.261244483208,322.9917073539997
2023-02-06 16:00:00,16,0,0,False,-0.03277777777777778,2.7222222222222223,119.25666802500002,37.99166666666667,487.93888888888887,59.9908334388889,7.390833333333334,13.11611111111111,2.7222222222222223,37.99166666666667,-0.03277777777777778,119.25666802500002,40.71388888888889,-78.57555691388892,487.93888888888887,59.9908334388889,0.0,78.57555691388892,0.5890001266666786,2.2820310748386694,125.06379699898629,646.9832260000001,49.99594950545997,323.465406979756,0.12,0.08,0,,2.7222222222222223,119.25666802500002,-78.57555691388892,1.3611111111111112,648.7056369302215,14990.517912508209,324.3528184651108
2023-02-06 17:00:00,17,0,0,False,-0.043888888888888894,-0.41944444444444445,116.58777929444447,38.0,490.075,60.01030535277778,7.544166666666666,13.19,0.0,38.0,-0.043888888888888894,116.58777929444447,38.0,-78.63166818333336,490.075,60.01030535277778,0.0,78.63166818333336,0.587633576666667,0.0,122.26494839841067,646.9832260000001,49.99457645646334,323.456523583063,0.12,0.08,0,,0.0,116.58777929444447,-78.63166818333336,0.0,648.7056369302215,15107.105691802653,324.3528184651108
2023-02-06 18:00:00,18,0,0,False,-0.05527777777777777,0.0,117.92166809166667,37.99444444444445,490.72222222222223,60.000083072222225,7.717777777777778,13.379444444444445,0.0,37.99444444444445,-0.05527777777777777,117.92166809166667,37.99444444444445,-79.98250142500001,490.72222222222223,60.000083072222225,0.0,79.98250142500001,0.5999003133333304,0.0,123.6637900776034,646.9832260000001,49.99316908124181,323.44741810145285,0.18,0.096,0,,0.0,117.92166809166667,-79.98250142500001,0.0,648.7056369302215,15225.02735989432,324.3528184651108
2023-02-06 19:00:00,19,0,0,False,-0.058611111111111114,0.0,115.57305718888891,37.99722222222222,490.0416666666667,60.01663825555555,7.860555555555556,13.496388888888886,0.0,37.99722222222222,-0.058611111111111114,115.57305718888891,37.99722222222222,-77.6344460777778,490.0416666666667,60.01663825555555,0.0,77.6344460777778,0.5800340933333415,0.0,121.20081503361651,646.9832260000001,49.99275716654282,323.444753082445,0.18,0.096,0,,0.0,115.57305718888891,-77.6344460777778,0.0,648.7056369302215,15340.60041708321,324.3528184651108
2023-02-06 20:00:00,20,0,0,False,-0.044722222222222226,0.0,115.89833485833333,37.94722222222222,487.8305555555556,60.01447141944444,7.92,13.558333333333334,0.0,37.94722222222222,-0.044722222222222226,115.89833485833333,37.94722222222222,-77.99583485833332,487.8305555555556,60.01447141944444,0.0,77.99583485833332,0.5826342966666714,0.0,121.54193189603942,646.9832260000001,49.994473477788596,323.4558573283111,0.18,0.096,0,,0.0,115.89833485833333,-77.99583485833332,0.0,648.7056369302215,15456.498751941543,324.3528184651108
2023-02-06 21:00:00,21,0,0,False,-0.049722222222222216,0.0,116.2775015666667,37.263888888888886,490.14444444444445,60.01180483611111,8.061944444444443,13.691388888888888,0.0,37.263888888888886,-0.049722222222222216,116.2775015666667,37.263888888888886,-79.06333490000004,490.14444444444445,60.01180483611111,0.0,79.06333490000004,0.5858341966666671,0.0,121.93956189044644,646.9832260000001,49.993855605740116,323.4518597997993,0.18,0.096,0,,0.0,116.2775015666667,-79.06333490000004,0.0,648.7056369302215,15572.77625350821,324.3528184651108
2023-02-06 22:00:00,22,0,0,False,-0.05138888888888889,0.0,116.41666825000001,37.236111111111114,491.0805555555556,60.010943966666666,8.165833333333333,13.797500000000001,0.0,37.236111111111114,-0.05138888888888889,116.41666825000001,37.236111111111114,-79.2319460277778,491.0805555555556,60.010943966666666,0.0,79.2319460277778,0.5868672400000008,0.0,122.08550520851543,646.9832260000001,49.99364964839062,323.4505272902953,0.18,0.096,0,,0.0,116.41666825000001,-79.2319460277778,0.0,648.7056369302215,15689.19292175821,324.3528184651108
2023-02-06 23:00:00,23,0,0,False,-0.06083333333333333,0.0,115.73166810833334,38.0,489.14166666666665,60.015249366666666,8.143611111111111,13.7875,0.0,38.0,-0.06083333333333333,115.73166810833334,38.0,-77.79250144166667,489.14166666666665,60.015249366666666,0.0,77.79250144166667,0.581700760000001,0.0,121.36714941273115,646.9832260000001,49.9924825567435,323.4429764031064,0.12,0.08,0,,0.0,115.73166810833334,-77.79250144166667,0.0,648.7056369302215,15804.924589866543,324.3528184651108
2023-02-07 00:00:00,0,0,1,False,-0.050833333333333335,0.0,117.7061126027778,37.56944444444444,485.4888888888889,60.001388505555546,8.054444444444446,13.704444444444443,0.0,37.56944444444444,-0.050833333333333335,117.7061126027778,37.56944444444444,-80.18750149166668,485.4888888888889,60.001388505555546,0.0,80.18750149166668,0.5983337933333445,0.0,123.43773824879693,646.9832260000001,49.993718300840456,323.45097146013,0.12,0.08,0,,0.0,117.7061126027778,-80.18750149166668,0.0,648.7056369302215,15922.630702469321,324.3528184651108
2023-02-07 01:00:00,1,0,1,False,-0.04722222222222222,0.0,114.78611269444445,37.53333333333333,486.65,60.02205541666667,8.078055555555554,13.706666666666665,0.0,37.53333333333333,-0.04722222222222222,114.78611269444445,37.53333333333333,-77.30000158333334,486.65,60.02205541666667,0.0,77.30000158333334,0.5735334999999991,0.0,120.37555076845993,646.9832260000001,49.994164541764356,323.45385856405517,0.12,0.08,0,,0.0,114.78611269444445,-77.30000158333334,0.0,648.7056369302215,16037.416815163766,324.3528184651108
2023-02-07 02:00:00,2,0,1,False,-0.04722222222222222,0.0,118.04805710555556,37.56111111111111,487.8027777777778,59.99911125277777,8.041944444444445,13.691944444444445,0.0,37.56111111111111,-0.04722222222222222,118.04805710555556,37.56111111111111,-80.53416821666667,487.8027777777778,59.99911125277777,0.0,80.53416821666667,0.5989335033333276,0.0,123.79633352559397,646.9832260000001,49.994164541764356,323.45385856405517,0.12,0.08,0,,0.0,118.04805710555556,-80.53416821666667,0.0,648.7056369302215,16155.464872269322,324.3528184651108
2023-02-07 03:00:00,3,0,1,False,-0.03805555555555556,0.0,117.95277936111113,37.7,487.14166666666665,60.000777752777786,8.038611111111111,13.667777777777777,0.0,37.7,-0.03805555555555556,117.95277936111113,37.7,-80.29083491666668,487.14166666666665,60.000777752777786,0.0,80.29083491666668,0.5990666966666566,0.0,123.69641629088453,646.9832260000001,49.99529730718657,323.46118736632684,0.12,0.08,0,,0.0,117.95277936111113,-80.29083491666668,0.0,648.7056369302215,16273.417651630432,324.3528184651108
2023-02-07 04:00:00,4,0,1,False,-0.04305555555555556,0.0,120.35666823333337,38.0,486.53333333333336,59.98308387500001,8.029722222222222,13.668055555555556,0.0,38.0,-0.04305555555555556,120.35666823333337,38.0,-82.39972378888892,486.53333333333336,59.98308387500001,0.0,82.39972378888892,0.5797006500000151,0.0,126.21736103051704,646.9832260000001,49.99467943513809,323.457189837815,0.12,0.08,0,,0.0,120.35666823333337,-82.39972378888892,0.0,648.7056369302215,16393.774319863765,324.3528184651108
2023-02-07 05:00:00,5,0,1,False,-0.04694444444444445,0.0,120.94111249444445,37.541666666666664,486.86944444444447,59.979500405555555,8.024722222222222,13.648333333333332,0.0,37.541666666666664,-0.04694444444444445,120.94111249444445,37.541666666666664,-83.44639027222223,486.86944444444447,59.979500405555555,0.0,83.44639027222223,0.5754004866666662,0.0,126.83026443993894,646.9832260000001,49.994198867989276,323.45408064897254,0.12,0.08,0,,0.0,120.94111249444445,-83.44639027222223,0.0,648.7056369302215,16514.71543235821,324.3528184651108
2023-02-07 06:00:00,6,0,1,False,-0.03166666666666667,0.0,120.97527916944446,37.394444444444446,485.9222222222222,59.98019483611111,8.104999999999999,13.730555555555556,0.0,37.394444444444446,-0.03166666666666667,120.97527916944446,37.394444444444446,-83.61250139166668,485.9222222222222,59.98019483611111,0.0,83.61250139166668,0.5762338033333322,0.0,126.86609483984108,646.9832260000001,49.99608681035963,323.4662953194253,0.18,0.096,0,,0.0,120.97527916944446,-83.61250139166668,0.0,648.7056369302215,16635.690711527655,324.3528184651108
2023-02-07 07:00:00,7,0,1,False,-0.04555555555555555,1.2694444444444444,116.79500153333336,37.49444444444445,487.06388888888887,60.00808320833333,8.167499999999999,13.808888888888891,1.2694444444444444,37.49444444444445,-0.04555555555555555,116.79500153333336,38.76388888888889,-78.07666820000003,487.06388888888887,60.00808320833333,0.0,78.07666820000003,0.5903001500000016,1.086475857418831,122.4822611948125,646.9832260000001,49.99437049911385,323.4551910735591,0.18,0.096,0,,1.2694444444444444,116.79500153333336,-78.07666820000003,0.6347222222222222,649.9750813746659,16752.48571306099,324.98754068733297
2023-02-07 08:00:00,8,0,1,False,-0.025833333333333337,6.186111111111111,118.02750152499999,37.99444444444445,487.75555555555553,59.99933334444445,7.897222222222221,13.608055555555557,6.186111111111111,37.99444444444445,-0.025833333333333337,118.02750152499999,44.18055555555556,-73.87277930277777,487.75555555555553,59.99933334444445,0.0,73.87277930277777,0.5992000133333419,5.240098569459799,123.77477700388016,646.9832260000001,49.996807661082855,323.47095910268905,0.18,0.096,0,,6.186111111111111,118.02750152499999,-73.87277930277777,3.0930555555555554,656.1611924857771,16870.51321458599,328.08059624288853
2023-02-07 09:00:00,9,0,1,False,-0.03638888888888889,7.825,120.2938903138889,37.980555555555554,487.1611111111111,59.983250741666666,7.586388888888889,13.187222222222221,7.825,37.980555555555554,-0.03638888888888889,120.2938903138889,45.80555555555556,-74.52472364722223,487.1611111111111,59.983250741666666,0.0,74.52472364722223,0.579900889999999,6.502935131409021,126.15152617948988,646.9832260000001,49.99550326453606,323.46251987583076,0.18,0.096,0,,7.825,120.2938903138889,-74.52472364722223,3.9125,663.9861924857771,16990.80710489988,331.99309624288856
2023-02-07 10:00:00,10,0,1,False,-0.029166666666666667,11.691666666666666,119.27416815833337,37.98888888888889,487.94444444444446,59.990528286111115,7.360833333333332,12.841388888888888,11.691666666666666,37.98888888888889,-0.029166666666666667,119.27416815833337,49.68055555555556,-69.62277926944448,487.94444444444446,59.990528286111115,0.0,69.62277926944448,0.5886339433333375,9.79994958549698,125.0821492903835,646.9832260000001,49.99639574638387,323.4682940836812,0.18,0.096,0,,11.691666666666666,119.27416815833337,-69.62277926944448,5.845833333333333,675.6778591524438,17110.08127305821,337.8389295762219
2023-02-07 11:00:00,11,0,1,False,-0.04027777777777778,27.725,119.05527938611114,37.99444444444445,488.55833333333334,59.9925002,7.220555555555557,12.572222222222223,27.725,37.99444444444445,-0.04027777777777778,119.05527938611114,65.71944444444445,-53.376112719444464,488.55833333333334,59.9925002,0.0,53.376112719444464,0.5910002400000024,23.279625756187762,124.85260186609341,646.9832260000001,49.99502269738725,323.4594106869883,0.12,0.08,0,,27.725,119.05527938611114,-53.376112719444464,13.8625,703.4028591524439,17229.13655244432,351.7014295762219
2023-02-07 12:00:00,12,0,1,False,-0.042222222222222223,19.175,118.84444598611113,37.99444444444445,488.73333333333335,59.993806052777785,7.266111111111112,12.422500000000001,19.175,37.99444444444445,-0.042222222222222223,118.84444598611113,57.16944444444445,-61.717223763888896,488.73333333333335,59.993806052777785,0.0,61.717223763888896,0.592567263333342,16.128805936758457,124.63150206534533,646.9832260000001,49.994782413812835,323.45785609256694,0.12,0.08,0,,19.175,118.84444598611113,-61.717223763888896,9.5875,722.5778591524438,17347.98099843043,361.2889295762219
2023-02-07 13:00:00,13,0,1,False,-0.04972222222222223,12.547222222222222,117.07750156666667,38.0,488.6388888888889,60.00572176944445,7.442777777777778,12.284166666666668,12.547222222222222,38.0,-0.04972222222222223,117.07750156666667,50.547222222222224,-66.58000156666667,488.6388888888889,60.00572176944445,0.0,66.58000156666667,0.5931338766666613,10.712472998452897,122.77851739084839,646.9832260000001,49.993855605740116,323.4518597997993,0.12,0.08,0,,12.547222222222222,117.07750156666667,-66.58000156666667,6.273611111111111,735.125081374666,17465.058499997096,367.562540687333
2023-02-07 14:00:00,14,0,1,False,-0.05861111111111111,7.091666666666667,115.98444592777778,38.0,489.34722222222223,60.01311065555556,7.506388888888889,12.19111111111111,7.091666666666667,38.0,-0.05861111111111111,115.98444592777778,45.09166666666667,-70.95139037222222,489.34722222222223,60.01311065555556,0.0,70.95139037222222,0.5842672133333309,6.111237369668808,121.63223609023433,646.9832260000001,49.99275716654282,323.444753082445,0.12,0.08,0,,7.091666666666667,115.98444592777778,-70.95139037222222,3.5458333333333334,742.2167480413327,17581.042945924873,371.10837402066636
2023-02-07 15:00:00,15,0,1,False,-0.04722222222222222,19.558333333333334,118.4650015666667,38.0,489.10555555555555,59.99516708055556,7.647222222222222,12.161944444444446,19.558333333333334,38.0,-0.04722222222222222,118.4650015666667,57.55833333333334,-60.95389045555559,489.10555555555555,59.99516708055556,0.0,60.95389045555559,0.594200496666673,16.503220265424652,124.23358083685814,646.9832260000001,49.994164541764356,323.45385856405517,0.12,0.08,0,,19.558333333333334,118.4650015666667,-60.95389045555559,9.779166666666667,761.775081374666,17699.50794749154,380.887540687333
2023-02-07 16:00:00,16,0,1,False,-0.05527777777777777,7.4527777777777775,116.41000151666667,38.0,487.89444444444445,60.009749655555545,7.870833333333334,12.150277777777779,7.4527777777777775,38.0,-0.05527777777777777,116.41000151666667,45.452777777777776,-71.01250151666667,487.89444444444445,60.009749655555545,0.0,71.01250151666667,0.5883004133333457,6.399141291659862,122.07851384276576,646.9832260000001,49.99316908124181,323.44741810145285,0.12,0.08,0,,7.4527777777777775,116.41000151666667,-71.01250151666667,3.7263888888888888,769.2278591524438,17815.917949008206,384.6139295762219
2023-02-07 17:00:00,17,0,1,False,-0.05777777777777778,-0.7666666666666667,117.77611255277779,38.0,487.81666666666666,60.00027823611111,7.926111111111111,11.968333333333334,0.0,38.0,-0.05777777777777778,117.77611255277779,38.0,-79.83389033055556,487.81666666666666,60.00027823611111,0.0,79.83389033055556,0.5996661166666711,0.0,123.51114680264739,646.9832260000001,49.99286014521757,323.44541933719694,0.12,0.08,0,,0.0,117.77611255277779,-79.83389033055556,0.0,769.2278591524438,17933.694061560986,384.6139295762219
2023-02-07 18:00:00,18,0,1,False,-0.0661111111111111,-0.044444444444444446,116.57500137500003,38.0,490.18888888888887,60.00799991666666,7.923055555555556,11.818888888888889,0.0,38.0,-0.0661111111111111,116.57500137500003,38.0,-78.64111248611114,490.18888888888887,60.00799991666666,0.0,78.64111248611114,0.5904001000000051,0.0,122.25154826615865,646.9832260000001,49.991830358470104,323.43875678967726,0.18,0.096,0,,0.0,116.57500137500003,-78.64111248611114,0.0,769.2278591524438,18050.269062935986,384.6139295762219
2023-02-07 19:00:00,19,0,1,False,-0.07694444444444444,0.0,113.51694583611113,38.0,489.18611111111113,60.030166411111104,7.876666666666666,11.661666666666665,0.0,38.0,-0.07694444444444444,113.51694583611113,38.0,-75.59389028055558,489.18611111111113,60.030166411111104,0.0,75.59389028055558,0.5638003066666755,0.0,119.04458262255162,646.9832260000001,49.9904916356984,323.4300954779017,0.18,0.096,0,,0.0,113.51694583611113,-75.59389028055558,0.0,769.2278591524438,18163.7860087721,384.6139295762219
2023-02-07 20:00:00,20,0,1,False,-0.07888888888888888,0.0,117.16472364722223,38.0,486.26944444444445,60.00447211388889,7.734444444444444,11.455,0.0,38.0,-0.07888888888888888,117.16472364722223,38.0,-79.24361253611112,486.26944444444445,60.00447211388889,0.0,79.24361253611112,0.594633463333335,0.0,122.86998669614664,646.9832260000001,49.990251352123984,323.42854088348037,0.18,0.096,0,,0.0,117.16472364722223,-79.24361253611112,0.0,769.2278591524438,18280.950732419322,384.6139295762219
2023-02-07 21:00:00,21,0,1,False,-0.07,0.0,116.89972370555556,38.0,487.35277777777776,60.00722170833334,7.620000000000001,11.325277777777778,0.0,38.0,-0.07,116.89972370555556,38.0,-78.96972370555555,487.35277777777776,60.00722170833334,0.0,78.96972370555555,0.5913339499999921,0.0,122.5920827478123,646.9832260000001,49.991349791321284,323.4356476008347,0.18,0.096,0,,0.0,116.89972370555556,-78.96972370555555,0.0,769.2278591524438,18397.850456124877,384.6139295762219
2023-02-07 22:00:00,22,0,1,False,-0.06972222222222223,0.0,116.59916811666666,38.0,488.5416666666667,60.00891636944444,7.689444444444446,11.423333333333332,0.0,38.0,-0.06972222222222223,116.59916811666666,38.0,-78.66889033888889,488.5416666666667,60.00891636944444,0.0,78.66889033888889,0.5893003566666692,0.0,122.27689179221868,646.9832260000001,49.9913841175462,323.43586968575204,0.18,0.096,0,,0.0,116.59916811666666,-78.66889033888889,0.0,769.2278591524438,18514.449624241544,384.6139295762219
2023-02-07 23:00:00,23,0,1,False,-0.06888888888888889,0.0,116.50083475833335,37.99722222222222,487.22777777777776,60.0098050611111,7.6975,11.533888888888889,0.0,37.99722222222222,-0.06888888888888889,116.50083475833335,37.99722222222222,-78.57250142500003,487.22777777777776,60.0098050611111,0.0,78.57250142500003,0.5882339266666775,0.0,122.17377015241027,646.9832260000001,49.99148709622094,323.43653594050403,0.12,0.08,0,,0.0,116.50083475833335,-78.57250142500003,0.0,769.2278591524438,18630.950458999876,384.6139295762219
2023-02-08 00:00:00,0,0,2,False,-0.07333333333333333,0.0,117.43027934444447,37.580555555555556,485.4277777777778,60.00288888055555,7.6483333333333325,11.526388888888889,0.0,37.580555555555556,-0.07333333333333333,117.43027934444447,37.580555555555556,-79.92305712222226,485.4277777777778,60.00288888055555,0.0,79.92305712222226,0.596533343333337,0.0,123.14847346220625,646.9832260000001,49.9909378766223,323.4329825818269,0.12,0.08,0,,0.0,117.43027934444447,-79.92305712222226,0.0,769.2278591524438,18748.38073834432,384.6139295762219
2023-02-08 01:00:00,1,0,2,False,-0.060277777777777784,0.0,119.03389029722223,37.43888888888889,486.825,59.99247211944445,7.844444444444444,11.796388888888888,0.0,37.43888888888889,-0.060277777777777784,119.03389029722223,37.43888888888889,-81.65527918611112,486.825,59.99247211944445,0.0,81.65527918611112,0.5909665433333401,0.0,124.83017124887847,646.9832260000001,49.99255120919333,323.4434205729411,0.12,0.08,0,,0.0,119.03389029722223,-81.65527918611112,0.0,769.2278591524438,18867.41462864154,384.6139295762219
2023-02-08 02:00:00,2,0,2,False,-0.07055555555555555,0.0,120.47472362222223,37.772222222222226,487.77222222222224,59.98219498888889,7.972222222222222,12.082499999999998,0.0,37.772222222222226,-0.07055555555555555,120.47472362222223,37.772222222222226,-82.77305695555556,487.77222222222224,59.98219498888889,0.0,82.77305695555556,0.5786339866666708,0.0,126.34116505284254,646.9832260000001,49.99128113887145,323.4352034310001,0.12,0.08,0,,0.0,120.47472362222223,-82.77305695555556,0.0,769.2278591524438,18987.889352263763,384.6139295762219
2023-02-08 03:00:00,3,0,2,False,-0.05694444444444444,0.0,119.31083494166668,37.09722222222222,487.78055555555557,59.989777952777786,8.026666666666667,12.226111111111111,0.0,37.09722222222222,-0.05694444444444444,119.31083494166668,37.09722222222222,-82.2705571638889,487.78055555555557,59.989777952777786,0.0,82.2705571638889,0.5877335433333428,0.0,125.12060153983293,646.9832260000001,49.992963123892316,323.44608559194893,0.12,0.08,0,,0.0,119.31083494166668,-82.2705571638889,0.0,769.2278591524438,19107.200187205428,384.6139295762219
2023-02-08 04:00:00,4,0,2,False,-0.04888888888888889,0.0,120.70055704722225,37.263888888888886,487.09166666666664,59.980750658333335,8.169166666666667,12.462777777777779,0.0,37.263888888888886,-0.04888888888888889,120.70055704722225,37.263888888888886,-83.48555704722224,487.09166666666664,59.980750658333335,0.0,83.48555704722224,0.5769007900000019,0.0,126.57799529544053,646.9832260000001,49.99395858441486,323.45252605455124,0.12,0.08,0,,0.0,120.70055704722225,-83.48555704722224,0.0,769.2278591524438,19227.90074425265,384.6139295762219
2023-02-08 05:00:00,5,0,2,False,-0.04611111111111112,0.0,118.67333485833336,36.91111111111111,486.27777777777777,59.994638836111115,8.270555555555555,12.717499999999998,0.0,36.91111111111111,-0.04611111111111112,118.67333485833336,36.91111111111111,-81.80833485833337,486.27777777777777,59.994638836111115,0.0,81.80833485833337,0.5935666033333377,0.0,124.45205878805889,646.9832260000001,49.99430184666402,323.4547469037245,0.12,0.08,0,,0.0,118.67333485833336,-81.80833485833337,0.0,769.2278591524438,19346.574079110982,384.6139295762219
2023-02-08 06:00:00,6,0,2,False,-0.05027777777777778,0.0,121.40027933611113,36.88333333333333,485.5027777777778,59.975528091666675,8.404166666666667,12.971944444444443,0.0,36.88333333333333,-0.05027777777777778,121.40027933611113,36.88333333333333,-84.56722378055557,485.5027777777778,59.975528091666675,0.0,84.56722378055557,0.5706337100000098,0.0,127.31179012421204,646.9832260000001,49.99378695329029,323.45141562996463,0.18,0.096,0,,0.0,121.40027933611113,-84.56722378055557,0.0,769.2278591524438,19467.974358447093,384.6139295762219
2023-02-08 07:00:00,7,0,2,False,-0.04777777777777777,1.2861111111111112,120.69389031388891,36.83611111111111,486.64166666666665,59.981472511111114,8.483055555555556,13.184166666666664,1.2861111111111112,36.83611111111111,-0.04777777777777777,120.69389031388891,38.12222222222222,-82.61944586944448,486.64166666666665,59.981472511111114,0.0,82.61944586944448,0.5777670133333374,1.065175867981797,126.57100392969089,646.9832260000001,49.99409588931453,323.45341439422054,0.18,0.096,0,,1.2861111111111112,120.69389031388891,-82.61944586944448,0.6430555555555556,770.5139702635549,19588.66824876098,385.25698513177747
2023-02-08 08:00:00,8,0,2,False,-0.03611111111111111,14.963888888888889,117.7119459527778,37.81388888888889,486.56666666666666,60.001499880555556,8.255833333333335,13.091111111111111,14.963888888888889,37.81388888888889,-0.03611111111111111,117.7119459527778,52.77777777777778,-64.97027928611114,486.56666666666666,60.001499880555556,0.0,64.97027928611114,0.5982001433333323,12.708395588022,123.44385565013228,646.9832260000001,49.99553759076098,323.4627419607481,0.18,0.096,0,,14.963888888888889,117.7119459527778,-64.97027928611114,7.481944444444444,785.4778591524438,19706.380194713758,392.7389295762219
2023-02-08 09:00:00,9,0,2,False,-0.04,17.11111111111111,119.21944598611113,37.99444444444445,486.30833333333334,59.99166713055555,8.165555555555555,12.783333333333333,17.11111111111111,37.99444444444445,-0.04,119.21944598611113,55.105555555555554,-64.15389043055558,486.30833333333334,59.99166713055555,0.0,64.15389043055558,0.5900005566666578,14.347803622284022,125.02476245615877,646.9832260000001,49.99505702361216,323.45963277190555,0.18,0.096,0,,17.11111111111111,119.21944598611113,-64.15389043055558,8.555555555555555,802.5889702635549,19825.599640699867,401.29448513177744
2023-02-08 10:00:00,10,0,2,False,-0.043611111111111114,21.069444444444443,118.5147236888889,38.0,487.7083333333333,59.996444555555556,8.128888888888888,12.609166666666665,21.069444444444443,38.0,-0.043611111111111114,118.5147236888889,59.06944444444444,-59.488890355555576,487.7083333333333,59.996444555555556,0.0,59.488890355555576,0.5957334666666668,17.771373459307764,124.28572414677062,646.9832260000001,49.99461078268826,323.4567456679804,0.18,0.096,0,,21.069444444444443,118.5147236888889,-59.488890355555576,10.534722222222221,823.6584147079993,19944.114364388755,411.82920735399966
2023-02-08 11:00:00,11,0,2,False,-0.04111111111111111,29.90277777777778,117.56444606111113,38.0,489.78055555555557,60.00224975277777,8.203333333333335,12.525277777777779,29.90277777777778,38.0,-0.04111111111111111,117.56444606111113,67.90277777777777,-49.70277939444447,489.78055555555557,60.00224975277777,0.0,49.70277939444447,0.5973002966666741,25.42633060611922,123.28917334335421,646.9832260000001,49.9949197187125,323.4587444322363,0.12,0.08,0,,29.90277777777778,117.56444606111113,-49.70277939444447,14.95138888888889,853.5611924857772,20061.678810449866,426.7805962428886
2023-02-08 12:00:00,12,0,2,False,-0.05111111111111111,36.85,118.27333481666669,38.0,490.0027777777778,59.99688894166667,8.575555555555557,12.667499999999999,36.85,38.0,-0.05111111111111111,118.27333481666669,74.85,-43.47444592777781,490.0027777777778,59.99688894166667,0.0,43.47444592777781,0.5962667300000021,31.14318407414499,124.0325809941623,646.9832260000001,49.99368397461554,323.4507493752127,0.12,0.08,0,,36.85,118.27333481666669,-43.47444592777781,18.425,890.4111924857772,20179.952145266532,445.2055962428886
2023-02-08 13:00:00,13,0,2,False,-0.05527777777777779,34.791666666666664,117.01111256944448,37.986111111111114,490.9638888888889,60.00597183611111,9.254166666666666,12.815833333333336,34.791666666666664,37.986111111111114,-0.05527777777777779,117.01111256944448,72.77777777777777,-44.28861256944448,490.9638888888889,60.00597183611111,0.0,44.28861256944448,0.5928337966666702,29.719603178566956,122.70889562286622,646.9832260000001,49.99316908124181,323.44741810145285,0.12,0.08,0,,34.791666666666664,117.01111256944448,-44.28861256944448,17.395833333333332,925.2028591524438,20296.963257835978,462.6014295762219
2023-02-08 14:00:00,14,0,2,False,-0.06972222222222223,29.38888888888889,117.14527924444447,37.96666666666667,490.0722222222222,60.004444019444435,10.022777777777778,12.966388888888888,29.38888888888889,37.96666666666667,-0.06972222222222223,117.14527924444447,67.35555555555555,-49.85944591111114,490.0722222222222,60.004444019444435,0.0,49.85944591111114,0.5946671766666781,25.0726344931595,122.8495954603186,646.9832260000001,49.9913841175462,323.43586968575204,0.12,0.08,0,,29.38888888888889,117.14527924444447,-49.85944591111114,14.694444444444445,954.5917480413327,20414.10853708042,477.29587402066636
2023-02-08 15:00:00,15,0,2,False,-0.09055555555555556,21.038888888888888,117.13889038888891,37.99166666666667,489.2416666666667,60.004444225,10.8,13.453055555555554,21.038888888888888,37.99166666666667,-0.09055555555555556,117.13889038888891,59.03055555555555,-58.19889038888891,489.2416666666667,60.004444225,0.0,58.19889038888891,0.5946669299999996,17.946761344295105,122.84289550343158,646.9832260000001,49.98880965067753,323.41921331695283,0.12,0.08,0,,21.038888888888888,117.13889038888891,-58.19889038888891,10.519444444444444,975.6306369302216,20531.24742746931,487.8153184651108
2023-02-08 16:00:00,16,0,2,False,-0.07138888888888889,8.169444444444444,117.47916820833335,37.99444444444445,489.14722222222224,60.002666366666666,11.241388888888888,13.719999999999999,8.169444444444444,37.99444444444445,-0.07138888888888889,117.47916820833335,46.16388888888889,-71.38666820833335,489.14722222222224,60.002666366666666,0.0,71.38666820833335,0.5968003600000003,6.949728394470952,123.19974293879122,646.9832260000001,49.991178160196704,323.4345371762481,0.12,0.08,0,,8.169444444444444,117.47916820833335,-71.38666820833335,4.084722222222222,983.8000813746661,20648.726595677643,491.90004068733305
2023-02-08 17:00:00,17,0,2,False,-0.08805555555555555,-0.4444444444444444,117.44639029722222,37.99166666666667,488.0083333333333,60.00263910833334,11.338333333333333,13.547222222222222,0.0,37.99166666666667,-0.08805555555555555,117.44639029722222,37.99166666666667,-79.5427791861111,488.0083333333333,60.00263910833334,0.0,79.5427791861111,0.596833069999991,0.0,123.16536892776826,646.9832260000001,49.98911858670177,323.42121208120875,0.12,0.08,0,,0.0,117.44639029722222,-79.5427791861111,0.0,983.8000813746661,20766.172985974867,491.90004068733305
2023-02-08 18:00:00,18,0,2,False,-0.08972222222222222,0.0,120.15222368888891,37.975,490.26666666666665,59.98366703888888,11.273888888888889,13.450277777777778,0.0,37.975,-0.08972222222222222,120.15222368888891,37.975,-82.26694591111114,490.26666666666665,59.98366703888888,0.0,82.26694591111114,0.5804004466666584,0.0,126.00296118665597,646.9832260000001,49.98891262935228,323.4198795717048,0.18,0.096,0,,0.0,120.15222368888891,-82.26694591111114,0.0,983.8000813746661,20886.325209663755,491.90004068733305
2023-02-08 19:00:00,19,0,2,False,-0.08527777777777779,0.0,116.71916831666668,38.0,485.43055555555554,60.007277213888884,11.175,13.34416666666667,0.0,38.0,-0.08527777777777779,116.71916831666668,38.0,-78.80444609444446,485.43055555555554,60.007277213888884,0.0,78.80444609444446,0.5912673433333395,0.0,122.4027353270179,646.9832260000001,49.98946184895093,323.42343293038203,0.18,0.096,0,,0.0,116.71916831666668,-78.80444609444446,0.0,983.8000813746661,21003.044377980423,491.90004068733305
2023-02-08 20:00:00,20,0,2,False,-0.0661111111111111,0.0,119.40694586111114,38.0,485.3388888888889,59.989722363888895,10.98027777777778,13.146111111111109,0.0,38.0,-0.0661111111111111,119.40694586111114,38.0,-81.47305697222225,485.3388888888889,59.989722363888895,0.0,81.47305697222225,0.5876668366666734,0.0,125.2213925204787,646.9832260000001,49.991830358470104,323.43875678967726,0.18,0.096,0,,0.0,119.40694586111114,-81.47305697222225,0.0,983.8000813746661,21122.451323841535,491.90004068733305
2023-02-08 21:00:00,21,0,2,False,-0.07416666666666667,0.0,116.01000160000001,38.0,486.6972222222222,60.01286054999999,10.693055555555556,12.917222222222223,0.0,38.0,-0.07416666666666667,116.01000160000001,38.0,-78.08416826666668,486.6972222222222,60.01286054999999,0.0,78.08416826666668,0.5845673400000094,0.0,121.65903617995598,646.9832260000001,49.99083489794755,323.4323163270749,0.18,0.096,0,,0.0,116.01000160000001,-78.08416826666668,0.0,983.8000813746661,21238.461325441534,491.90004068733305
2023-02-08 22:00:00,22,0,2,False,-0.07083333333333333,0.0,117.67972367222224,37.99722222222222,489.1166666666667,60.001138875,10.324444444444445,12.649444444444445,0.0,37.99722222222222,-0.07083333333333333,117.67972367222224,37.99722222222222,-79.75333478333336,489.1166666666667,60.001138875,0.0,79.75333478333336,0.5986333499999972,0.0,123.4100643257478,646.9832260000001,49.99124681264654,323.4349813460828,0.18,0.096,0,,0.0,117.67972367222224,-79.75333478333336,0.0,983.8000813746661,21356.141049113758,491.90004068733305
2023-02-08 23:00:00,23,0,2,False,-0.060000000000000005,0.0,117.9777792777778,37.99722222222222,486.7972222222222,59.99972226111111,9.938888888888888,12.375833333333334,0.0,37.99722222222222,-0.060000000000000005,117.9777792777778,37.99722222222222,-80.04055705555558,486.7972222222222,59.99972226111111,0.0,80.04055705555558,0.5996667133333318,0.0,123.72263356288089,646.9832260000001,49.99258553541824,323.44364265785833,0.12,0.08,0,,0.0,117.9777792777778,-80.04055705555558,0.0,983.8000813746661,21474.118828391536,491.90004068733305
2023-02-09 00:00:00,0,0,3,False,-0.06888888888888889,0.0,117.0297235888889,38.0,485.19166666666666,60.00638849444444,9.5625,12.08611111111111,0.0,38.0,-0.06888888888888889,117.0297235888889,38.0,-79.09861247777779,485.19166666666666,60.00638849444444,0.0,79.09861247777779,0.5923338066666758,0.0,122.72841289427996,646.9832260000001,49.99148709622094,323.43653594050403,0.12,0.08,0,,0.0,117.0297235888889,-79.09861247777779,0.0,983.8000813746661,21591.148551980426,491.90004068733305
2023-02-09 01:00:00,1,0,3,False,-0.06861111111111112,0.0,117.26027931111113,38.0,486.5361111111111,60.004388786111114,9.176666666666666,11.797499999999998,0.0,38.0,-0.06861111111111112,117.26027931111113,38.0,-79.32889042222224,486.5361111111111,60.004388786111114,0.0,79.32889042222224,0.5947334566666626,0.0,122.97019538341434,646.9832260000001,49.991521422445864,323.43675802542134,0.12,0.08,0,,0.0,117.26027931111113,-79.32889042222224,0.0,983.8000813746661,21708.408831291537,491.90004068733305
2023-02-09 02:00:00,2,0,3,False,-0.08472222222222223,0.0,118.4411125777778,37.99444444444445,487.74444444444447,59.99608318333333,8.792777777777777,11.511111111111111,0.0,37.99444444444445,-0.08472222222222223,118.4411125777778,37.99444444444445,-80.53139035555559,487.74444444444447,59.99608318333333,0.0,80.53139035555559,0.5952998199999996,0.0,124.20852858857391,646.9832260000001,49.98953050140076,323.42387710021666,0.12,0.08,0,,0.0,118.4411125777778,-80.53139035555559,0.0,983.8000813746661,21826.849943869314,491.90004068733305
2023-02-09 03:00:00,3,0,3,False,-0.07472222222222222,0.0,118.08361254444446,38.0,487.35833333333335,59.99808323055556,8.409722222222221,11.213888888888889,0.0,38.0,-0.07472222222222222,118.08361254444446,38.0,-80.15833476666668,487.35833333333335,59.99808323055556,0.0,80.15833476666668,0.5976998766666696,0.0,123.83362031437528,646.9832260000001,49.99076624549772,323.43187215724026,0.12,0.08,0,,0.0,118.08361254444446,-80.15833476666668,0.0,983.8000813746661,21944.93355641376,491.90004068733305
2023-02-09 04:00:00,4,0,3,False,-0.08138888888888889,0.0,116.74139033055556,38.0,487.375,60.007360577777774,8.164166666666667,11.020277777777778,0.0,38.0,-0.08138888888888889,116.74139033055556,38.0,-78.82277921944446,487.375,60.007360577777774,0.0,78.82277921944446,0.5911673066666708,0.0,122.42603942799548,646.9832260000001,49.989942416099744,323.4265421192245,0.12,0.08,0,,0.0,116.74139033055556,-78.82277921944446,0.0,983.8000813746661,22061.674946744315,491.90004068733305
2023-02-09 05:00:00,5,0,3,False,-0.08722222222222223,0.0,119.55389033055556,37.74722222222222,487.7055555555556,59.98791720277778,8.184444444444447,11.150555555555554,0.0,37.74722222222222,-0.08722222222222223,119.55389033055556,37.74722222222222,-81.89389033055556,487.7055555555556,59.98791720277778,0.0,81.89389033055556,0.5855006433333357,0.0,125.37549235909626,646.9832260000001,49.98922156537652,323.42187833596074,0.12,0.08,0,,0.0,119.55389033055556,-81.89389033055556,0.0,983.8000813746661,22181.228837074872,491.90004068733305
2023-02-09 06:00:00,6,0,3,False,-0.08277777777777778,0.0,117.88805708888891,37.98888888888889,485.9222222222222,59.999499875,8.229722222222223,11.359722222222222,0.0,37.98888888888889,-0.08277777777777778,117.88805708888891,37.98888888888889,-79.9819459777778,485.9222222222222,59.999499875,0.0,79.9819459777778,0.5993998499999975,0.0,123.62854240803536,646.9832260000001,49.98977078497517,323.42543169463795,0.18,0.096,0,,0.0,117.88805708888891,-79.9819459777778,0.0,983.8000813746661,22299.116894163762,491.90004068733305
2023-02-09 07:00:00,7,0,3,False,-0.08694444444444445,1.05,119.23250136666668,37.725,488.88055555555553,59.99066738611111,8.251388888888888,11.539444444444442,1.05,37.725,-0.08694444444444445,119.23250136666668,38.775,-80.54444581111113,488.88055555555553,59.99066738611111,0.0,80.54444581111113,0.5888008633333356,0.8799906778499496,125.03845356031742,646.9832260000001,49.98925589160144,323.42210042087805,0.18,0.096,0,,1.05,119.23250136666668,-80.54444581111113,0.525,984.850081374666,22418.34939553043,492.425040687333
2023-02-09 08:00:00,8,0,3,False,-0.07805555555555556,13.716666666666667,118.58222365555557,38.0,489.47222222222223,59.995000175,7.981944444444444,11.364444444444445,13.716666666666667,38.0,-0.07805555555555556,118.58222365555557,51.71666666666667,-66.94361254444445,489.47222222222223,59.995000175,0.0,66.94361254444445,0.5940002100000015,11.559610981753247,124.35651098216056,646.9832260000001,49.99035433079873,323.42920713823236,0.18,0.096,0,,13.716666666666667,118.58222365555557,-66.94361254444445,6.858333333333333,998.5667480413327,22536.931619185983,499.2833740206664
2023-02-09 09:00:00,9,0,3,False,-0.07555555555555556,24.844444444444445,119.11555711388891,38.0,490.0083333333333,59.991361547222226,8.067777777777778,11.211666666666668,24.844444444444445,38.0,-0.07555555555555556,119.11555711388891,62.84444444444445,-56.346668225000016,490.0083333333333,59.991361547222226,0.0,56.346668225000016,0.5896338566666713,20.844208840759908,124.91581478018203,646.9832260000001,49.99066326682297,323.4312059024883,0.18,0.096,0,,24.844444444444445,119.11555711388891,-56.346668225000016,12.422222222222222,1023.4111924857772,22656.04717629987,511.7055962428886
2023-02-09 10:00:00,10,0,3,False,-0.09,30.727777777777778,117.7488903638889,37.99444444444445,490.97222222222223,60.000138936111114,8.418888888888889,11.411111111111111,30.727777777777778,37.99444444444445,-0.09,117.7488903638889,68.72222222222223,-49.11666814166668,490.97222222222223,60.000138936111114,0.0,49.11666814166668,0.5998332766666635,26.07609226706885,123.48259904627075,646.9832260000001,49.988878303127365,323.4196574867875,0.18,0.096,0,,30.727777777777778,117.7488903638889,-49.11666814166668,15.363888888888889,1054.138970263555,22773.79606666376,527.0694851317775
2023-02-09 11:00:00,11,0,3,False,-0.08555555555555557,35.169444444444444,116.3538902888889,37.99722222222222,489.3333333333333,60.0098607111111,8.569444444444445,11.65722222222222,35.169444444444444,37.99722222222222,-0.08555555555555557,116.3538902888889,73.16666666666666,-43.27277917777781,489.3333333333333,60.0098607111111,0.0,43.27277917777781,0.5881671466666774,30.20406374265001,122.01967031379269,646.9832260000001,49.98942752272601,323.42321084546467,0.12,0.08,0,,35.169444444444444,116.3538902888889,-43.27277917777781,17.584722222222222,1089.3084147079994,22890.14995695265,544.6542073539997
2023-02-09 12:00:00,12,0,3,False,-0.08277777777777778,35.888888888888886,115.81527931944446,38.0,488.5722222222222,60.01411025833333,9.154722222222222,11.917222222222222,35.888888888888886,38.0,-0.08277777777777778,115.81527931944446,73.88888888888889,-42.00916820833335,488.5722222222222,60.01411025833333,0.0,42.00916820833335,0.5830676900000015,30.965910721681155,121.45483201955234,646.9832260000001,49.98977078497517,323.42543169463795,0.12,0.08,0,,35.888888888888886,115.81527931944446,-42.00916820833335,17.944444444444443,1125.1973035968883,23005.965236272095,562.5986517984442
2023-02-09 13:00:00,13,0,3,False,-0.08027777777777778,34.05,116.2961125027778,38.0,488.48055555555555,60.010360391666666,9.958055555555555,12.213333333333335,34.05,38.0,-0.08027777777777778,116.2961125027778,72.05,-44.326390280555586,488.48055555555555,60.010360391666666,0.0,44.326390280555586,0.5875675300000012,29.258511900836247,121.95907907446897,646.9832260000001,49.99007972099941,323.4274304588938,0.12,0.08,0,,34.05,116.2961125027778,-44.326390280555586,17.025,1159.2473035968883,23122.261348774875,579.6236517984441
2023-02-09 14:00:00,14,0,3,False,-0.09166666666666666,29.28611111111111,115.96694604444446,38.0,488.23055555555555,60.01269374444444,10.905555555555555,12.48777777777778,29.28611111111111,38.0,-0.09166666666666666,115.96694604444446,67.28611111111111,-48.77250160000001,488.23055555555555,60.01269374444444,0.0,48.77250160000001,0.584767506666671,25.233897275688648,121.61388406101072,646.9832260000001,49.98867234577787,323.4183249772836,0.12,0.08,0,,29.28611111111111,115.96694604444446,-48.77250160000001,14.643055555555556,1188.5334147079993,23238.22829481932,594.2667073539997
2023-02-09 15:00:00,15,0,3,False,-0.0663888888888889,14.925,118.0325014916667,37.98888888888889,488.64444444444445,59.99863906111111,11.790277777777778,13.0625,14.925,37.98888888888889,-0.0663888888888889,118.0325014916667,52.91388888888889,-65.1850014916667,488.64444444444445,59.99863906111111,0.0,65.1850014916667,0.5983668733333359,12.637713997063372,123.78002044080122,646.9832260000001,49.99179603224518,323.43853470475995,0.12,0.08,0,,14.925,118.0325014916667,-65.1850014916667,7.4625,1203.4584147079993,23356.260796310988,601.7292073539996
2023-02-09 16:00:00,16,0,3,False,-0.060833333333333336,7.019444444444445,120.8122236638889,37.983333333333334,487.0138888888889,59.978778255555554,12.235555555555557,13.371111111111112,7.019444444444445,37.983333333333334,-0.060833333333333336,120.8122236638889,45.00277777777778,-75.87027921944446,487.0138888888889,59.978778255555554,0.0,75.87027921944446,0.5745339066666645,5.807286271088318,126.69509944827024,646.9832260000001,49.9924825567435,323.4429764031064,0.12,0.08,0,,7.019444444444445,120.8122236638889,-75.87027921944446,3.5097222222222224,1210.4778591524437,23477.073019974876,605.2389295762218
2023-02-09 17:00:00,17,0,3,False,-0.04722222222222222,-0.34444444444444444,119.66472373055556,37.99444444444445,486.0805555555556,59.987861522222225,12.448611111111111,13.405833333333337,0.0,37.99444444444445,-0.04722222222222222,119.66472373055556,37.99444444444445,-81.71750150833333,486.0805555555556,59.987861522222225,0.0,81.71750150833333,0.5854338266666701,0.0,125.49172272229407,646.9832260000001,49.994164541764356,323.45385856405517,0.12,0.08,0,,0.0,119.66472373055556,-81.71750150833333,0.0,1210.4778591524437,23596.73774370543,605.2389295762218
2023-02-09 18:00:00,18,0,3,False,-0.061944444444444455,0.0,119.4516682666667,37.99444444444445,487.85555555555555,59.989222213888894,12.508888888888889,13.437222222222223,0.0,37.99444444444445,-0.061944444444444455,119.4516682666667,37.99444444444445,-81.51916826666671,487.85555555555555,59.989222213888894,0.0,81.51916826666671,0.5870666566666728,0.0,125.26829265564376,646.9832260000001,49.99234525184384,323.44208806343715,0.18,0.096,0,,0.0,119.4516682666667,-81.51916826666671,0.0,1210.4778591524437,23716.189411972096,605.2389295762218
2023-02-09 19:00:00,19,0,3,False,-0.06666666666666667,0.0,115.94472378055558,38.0,489.60833333333335,60.01347126388888,12.585277777777774,13.45916666666667,0.0,38.0,-0.06666666666666667,115.94472378055558,38.0,-78.01139044722224,489.60833333333335,60.01347126388888,0.0,78.01139044722224,0.5838344833333423,0.0,121.59057969785951,646.9832260000001,49.99176170602027,323.43831261984263,0.18,0.096,0,,0.0,115.94472378055558,-78.01139044722224,0.0,1210.4778591524437,23832.13413575265,605.2389295762218
2023-02-09 20:00:00,20,0,3,False,-0.060833333333333336,0.0,117.2102793527778,38.0,491.02777777777777,60.00491622777777,12.544722222222221,13.404722222222224,0.0,38.0,-0.060833333333333336,117.2102793527778,38.0,-79.27111268611114,491.02777777777777,60.00491622777777,0.0,79.27111268611114,0.5941005266666763,0.0,122.91776070833482,646.9832260000001,49.9924825567435,323.4429764031064,0.18,0.096,0,,0.0,117.2102793527778,-79.27111268611114,0.0,1210.4778591524437,23949.34441510543,605.2389295762218
2023-02-09 21:00:00,21,0,3,False,-0.06638888888888889,0.0,115.94361264444447,37.99444444444445,490.3222222222222,60.01338814722222,12.486666666666668,13.32388888888889,0.0,37.99444444444445,-0.06638888888888889,115.94361264444447,37.99444444444445,-78.01555708888893,490.3222222222222,60.01338814722222,0.0,78.01555708888893,0.5839342233333326,0.0,121.58941445566937,646.9832260000001,49.99179603224518,323.43853470475995,0.18,0.096,0,,0.0,115.94361264444447,-78.01555708888893,0.0,1210.4778591524437,24065.288027749873,605.2389295762218
2023-02-09 22:00:00,22,0,3,False,-0.07111111111111111,0.0,115.70250148333335,38.0,491.7138888888889,60.01449941111111,12.330555555555556,13.184444444444443,0.0,38.0,-0.07111111111111111,115.70250148333335,38.0,-77.77361259444446,491.7138888888889,60.01449941111111,0.0,77.77361259444446,0.5826007066666676,0.0,121.33656253714126,646.9832260000001,49.991212486421624,323.4347592611654,0.18,0.096,0,,0.0,115.70250148333335,-77.77361259444446,0.0,1210.4778591524437,24180.990529233208,605.2389295762218
2023-02-09 23:00:00,23,0,3,False,-0.07194444444444444,0.0,116.5030571138889,38.0,489.64444444444445,60.00941636388889,12.117222222222221,13.048055555555553,0.0,38.0,-0.07194444444444444,116.5030571138889,38.0,-78.57500155833334,489.64444444444445,60.00941636388889,0.0,78.57500155833334,0.5887003633333335,0.0,122.17610072418175,646.9832260000001,49.99110950774688,323.4340930064135,0.12,0.08,0,,0.0,116.5030571138889,-78.57500155833334,0.0,1210.4778591524437,24297.493586347096,605.2389295762218
2023-02-10 00:00:00,0,0,4,False,-0.07194444444444445,0.0,117.69750139166669,38.0,488.1777777777778,60.00061113055555,11.825,12.858888888888892,0.0,38.0,-0.07194444444444445,117.69750139166669,38.0,-79.76944583611113,488.1777777777778,60.00061113055555,0.0,79.76944583611113,0.5992666433333426,0.0,123.42870772013845,646.9832260000001,49.99110950774688,323.4340930064135,0.12,0.08,0,,0.0,117.69750139166669,-79.76944583611113,0.0,1210.4778591524437,24415.191087738764,605.2389295762218
2023-02-10 01:00:00,1,0,4,False,-0.06388888888888888,0.0,119.21833485,37.977777777777774,489.85555555555555,59.990944705555556,11.471944444444443,12.662777777777778,0.0,37.977777777777774,-0.06388888888888888,119.21833485,37.977777777777774,-81.30444596111111,489.85555555555555,59.990944705555556,0.0,81.30444596111111,0.5891336466666672,0.0,125.0235972139686,646.9832260000001,49.99210496826942,323.4405334690158,0.12,0.08,0,,0.0,119.21833485,-81.30444596111111,0.0,1210.4778591524437,24534.409422588764,605.2389295762218
2023-02-10 02:00:00,2,0,4,False,-0.05555555555555555,0.0,116.81416822500002,37.97222222222222,490.48055555555555,60.00772176944444,11.099444444444446,12.423333333333336,0.0,37.97222222222222,-0.05555555555555555,116.81416822500002,37.97222222222222,-78.89750155833336,490.48055555555555,60.00772176944444,0.0,78.89750155833336,0.5907338766666754,0.0,122.5023611965603,646.9832260000001,49.99313475501689,323.4471960165355,0.12,0.08,0,,0.0,116.81416822500002,-78.89750155833336,0.0,1210.4778591524437,24651.223590813763,605.2389295762218
2023-02-10 03:00:00,3,0,4,False,-0.053611111111111116,0.0,118.1041681666667,38.0,490.5416666666667,59.99836125000001,10.711388888888889,12.172777777777778,0.0,38.0,-0.053611111111111116,118.1041681666667,38.0,-80.1577792777778,490.5416666666667,59.99836125000001,0.0,80.1577792777778,0.598033500000011,0.0,123.8551768797847,646.9832260000001,49.9933750385913,323.4487506109568,0.12,0.08,0,,0.0,118.1041681666667,-80.1577792777778,0.0,1210.4778591524437,24769.32775898043,605.2389295762218
2023-02-10 04:00:00,4,0,4,False,-0.042222222222222223,0.0,118.0652792777778,38.0,488.93333333333334,59.99905553333333,10.311666666666666,11.893611111111113,0.0,38.0,-0.042222222222222223,118.0652792777778,38.0,-80.10750150000003,488.93333333333334,59.99905553333333,0.0,80.10750150000003,0.5988666399999999,0.0,123.81439432073738,646.9832260000001,49.994782413812835,323.45785609256694,0.12,0.08,0,,0.0,118.0652792777778,-80.10750150000003,0.0,1210.4778591524437,24887.393038258208,605.2389295762218
2023-02-10 05:00:00,5,0,4,False,-0.04194444444444445,0.0,119.94333476666668,38.0,485.825,59.98630598611111,9.891944444444446,11.630833333333335,0.0,38.0,-0.04194444444444445,119.94333476666668,38.0,-81.98527921111112,485.825,59.98630598611111,0.0,81.98527921111112,0.583567183333335,0.0,125.78390054881675,646.9832260000001,49.994816740037756,323.45807817748437,0.12,0.08,0,,0.0,119.94333476666668,-81.98527921111112,0.0,1210.4778591524437,25007.336373024875,605.2389295762218
2023-02-10 06:00:00,6,0,4,False,-0.03888888888888889,0.0,121.20472379722224,37.94722222222222,488.3611111111111,59.97702817222223,9.467777777777776,11.341944444444444,0.0,37.94722222222222,-0.03888888888888889,121.20472379722224,37.94722222222222,-83.29639046388891,488.3611111111111,59.97702817222223,0.0,83.29639046388891,0.5724338066666718,0.0,127.1067121304809,646.9832260000001,49.99519432851182,323.46052111157485,0.18,0.096,0,,0.0,121.20472379722224,-83.29639046388891,0.0,1210.4778591524437,25128.541096822097,605.2389295762218
2023-02-10 07:00:00,7,0,4,False,-0.04888888888888889,1.2666666666666666,117.41722367222224,37.99166666666667,489.27777777777777,60.00324979444445,9.074722222222222,11.084999999999999,1.2666666666666666,37.99166666666667,-0.04888888888888889,117.41722367222224,39.25833333333333,-78.20777922777779,489.27777777777777,60.00324979444445,0.0,78.20777922777779,0.59610024666666,1.0783251774061138,123.13478205217838,646.9832260000001,49.99395858441486,323.45252605455124,0.18,0.096,0,,1.2666666666666666,117.41722367222224,-78.20777922777779,0.6333333333333333,1211.7445258191103,25245.95832049432,605.8722629095552
2023-02-10 08:00:00,8,0,4,False,-0.04027777777777778,13.694444444444445,117.78111256111113,37.980555555555554,488.43333333333334,60.001471869444444,8.786944444444446,10.858055555555554,13.694444444444445,37.980555555555554,-0.04027777777777778,117.78111256111113,51.675,-66.1463903388889,488.43333333333334,60.001471869444444,0.0,66.1463903388889,0.5982337566666672,11.623054527751881,123.51639028326402,646.9832260000001,49.99502269738725,323.4594106869883,0.18,0.096,0,,13.694444444444445,117.78111256111113,-66.1463903388889,6.847222222222222,1225.4389702635547,25363.73943305543,612.7194851317773
2023-02-10 09:00:00,9,0,4,False,-0.036388888888888894,24.70277777777778,117.60889033888888,37.99444444444445,488.3833333333333,60.002277552777784,8.878055555555557,10.821388888888889,24.70277777777778,37.99444444444445,-0.036388888888888894,117.60889033888888,62.69722222222222,-54.94805700555555,488.3833333333333,60.002277552777784,0.0,54.94805700555555,0.5972669366666593,20.99767873384,123.33578180748302,646.9832260000001,49.99550326453606,323.46251987583076,0.18,0.096,0,,24.70277777777778,117.60889033888888,-54.94805700555555,12.35138888888889,1250.1417480413324,25481.34832339432,625.0708740206662
2023-02-10 10:00:00,10,0,4,False,-0.044722222222222226,29.32777777777778,118.27500145833336,37.98888888888889,488.8638888888889,59.997194661111116,9.223055555555556,11.0975,29.32777777777778,37.98888888888889,-0.044722222222222226,118.27500145833336,67.31666666666666,-51.00305701388892,488.8638888888889,59.997194661111116,0.0,51.00305701388892,0.5966335933333397,24.786888327222695,124.0343287919041,646.9832260000001,49.994473477788596,323.4558573283111,0.18,0.096,0,,29.32777777777778,118.27500145833336,-51.00305701388892,14.66388888888889,1279.4695258191102,25599.62332485265,639.7347629095551
2023-02-10 11:00:00,11,0,4,False,-0.04722222222222222,34.72222222222222,117.97361265277779,37.986111111111114,486.8,59.99936105833333,9.494166666666667,11.358333333333333,34.72222222222222,37.986111111111114,-0.04722222222222222,117.97361265277779,72.70833333333334,-45.31250154166667,486.8,59.99936105833333,0.0,45.31250154166667,0.5992332699999935,29.420417385623253,123.71826404667856,646.9832260000001,49.994164541764356,323.45385856405517,0.12,0.08,0,,34.72222222222222,117.97361265277779,-45.31250154166667,17.36111111111111,1314.1917480413324,25717.59693750543,657.0958740206662
2023-02-10 12:00:00,12,0,4,False,-0.048888888888888885,33.11388888888889,116.88611248611112,37.99166666666667,487.50555555555553,60.00688860277777,10.008055555555556,11.62833333333333,33.11388888888889,37.99166666666667,-0.048888888888888885,116.88611248611112,71.10555555555555,-45.82944581944445,487.50555555555553,60.00688860277777,0.0,45.82944581944445,0.591733676666675,28.318201136968074,122.57780873853719,646.9832260000001,49.99395858441486,323.45252605455124,0.12,0.08,0,,33.11388888888889,116.88611248611112,-45.82944581944445,16.556944444444444,1347.3056369302212,25834.48304999154,673.6528184651106
2023-02-10 13:00:00,13,0,4,False,-0.041388888888888885,34.486111111111114,117.60833495833336,37.983333333333334,488.15833333333336,60.00152774722222,10.807222222222222,11.942222222222222,34.486111111111114,37.983333333333334,-0.041388888888888885,117.60833495833336,72.46944444444445,-45.1802794027778,488.15833333333336,60.00152774722222,0.0,45.1802794027778,0.5981667033333365,29.31253043644551,123.33519938301816,646.9832260000001,49.99488539248758,323.45852234731893,0.12,0.08,0,,34.486111111111114,117.60833495833336,-45.1802794027778,17.243055555555557,1381.7917480413323,25952.091384949876,690.8958740206662
2023-02-10 14:00:00,14,0,4,False,-0.05861111111111111,25.475,117.97972367222224,37.94444444444444,489.0888888888889,59.99905548611111,11.78388888888889,12.311666666666666,25.475,37.94444444444444,-0.05861111111111111,117.97972367222224,63.419444444444444,-54.6188903388889,489.0888888888889,59.99905548611111,0.0,54.6188903388889,0.5988665833333329,21.581971693146077,123.72467263839854,646.9832260000001,49.99275716654282,323.444753082445,0.12,0.08,0,,25.475,117.97972367222224,-54.6188903388889,12.7375,1407.2667480413322,26070.071108622098,703.6333740206661
2023-02-10 15:00:00,15,0,4,False,-0.05472222222222223,3.4694444444444446,118.79639038055556,37.916666666666664,487.73333333333335,59.993722527777784,12.299166666666666,12.723611111111111,3.4694444444444446,37.916666666666664,-0.05472222222222223,118.79639038055556,41.386111111111106,-77.46500149166668,487.73333333333335,59.993722527777784,0.0,77.46500149166668,0.5924670333333409,2.919151843399198,124.58110642208784,646.9832260000001,49.993237733691636,323.4478622712875,0.12,0.08,0,,3.4694444444444446,118.79639038055556,-77.46500149166668,1.7347222222222223,1410.7361924857767,26188.867499002652,705.3680962428883
2023-02-10 16:00:00,16,0,4,False,-0.06944444444444445,0.34444444444444444,120.65916817500002,37.919444444444444,487.99444444444447,59.980028433333345,12.414444444444447,12.81333333333333,0.34444444444444444,37.919444444444444,-0.06944444444444445,120.65916817500002,38.263888888888886,-82.46472373055558,487.99444444444447,59.980028433333345,0.0,82.46472373055558,0.5760341200000141,0.2853047318038744,126.5345910179327,646.9832260000001,49.99141844377112,323.4360917706694,0.12,0.08,0,,0.34444444444444444,120.65916817500002,-82.46472373055558,0.17222222222222222,1411.080636930221,26309.52666717765,705.5403184651105
2023-02-10 17:00:00,17,0,4,False,-0.06222222222222222,-0.17777777777777778,120.87889053888891,37.916666666666664,490.2583333333333,59.97886132777778,12.49888888888889,12.880555555555558,0.0,37.916666666666664,-0.06222222222222222,120.87889053888891,37.916666666666664,-83.02444609444446,490.2583333333333,59.97886132777778,0.0,83.02444609444446,0.5746335933333341,0.0,126.76501262511508,646.9832260000001,49.992310925618916,323.44186597851973,0.12,0.08,0,,0.0,120.87889053888891,-83.02444609444446,0.0,1411.080636930221,26430.40555771654,705.5403184651105
2023-02-10 18:00:00,18,0,4,False,-0.06999999999999999,0.0,121.53194590277779,37.952777777777776,488.2638888888889,59.97419487222222,12.5,12.889166666666668,0.0,37.952777777777776,-0.06999999999999999,121.53194590277779,37.952777777777776,-83.64916812500002,488.2638888888889,59.97419487222222,0.0,83.64916812500002,0.5690338466666646,0.0,127.44986811211709,646.9832260000001,49.991349791321284,323.4356476008347,0.18,0.096,0,,0.0,121.53194590277779,-83.64916812500002,0.0,1411.080636930221,26551.93750361932,705.5403184651105
2023-02-10 19:00:00,19,0,4,False,-0.0763888888888889,0.0,115.75083480000002,37.97222222222222,490.0388888888889,60.01497196944444,12.499166666666666,12.860000000000001,0.0,37.97222222222222,-0.0763888888888889,115.75083480000002,37.97222222222222,-77.85500146666669,490.0388888888889,60.01497196944444,0.0,77.85500146666669,0.5820336366666737,0.0,121.387249414479,646.9832260000001,49.990560288148224,323.4305396477363,0.18,0.096,0,,0.0,115.75083480000002,-77.85500146666669,0.0,1411.080636930221,26667.68833841932,705.5403184651105
2023-02-10 20:00:00,20,0,4,False,-0.07888888888888888,0.0,117.17833474166667,37.97222222222222,489.85277777777776,60.00494409444445,12.448333333333334,12.808611111111109,0.0,37.97222222222222,-0.07888888888888888,117.17833474166667,37.97222222222222,-79.28500140833333,489.85277777777776,60.00494409444445,0.0,79.28500140833333,0.5940670866666636,0.0,122.88426057433495,646.9832260000001,49.990251352123984,323.42854088348037,0.18,0.096,0,,0.0,117.17833474166667,-79.28500140833333,0.0,1411.080636930221,26784.86667316099,705.5403184651105
2023-02-10 21:00:00,21,0,4,False,-0.07,0.0,112.78027909444447,37.94444444444444,490.2416666666667,60.03566646666666,12.355277777777777,12.768611111111108,0.0,37.94444444444444,-0.07,112.78027909444447,37.94444444444444,-74.90583465000002,490.2416666666667,60.03566646666666,0.0,74.90583465000002,0.5572002400000059,0.0,118.27204435394603,646.9832260000001,49.991349791321284,323.4356476008347,0.18,0.096,0,,0.0,112.78027909444447,-74.90583465000002,0.0,1411.080636930221,26897.646952255433,705.5403184651105
2023-02-10 22:00:00,22,0,4,False,-0.07138888888888889,0.0,111.97027932777779,37.983333333333334,489.5361111111111,60.040722169444436,12.208611111111113,12.643611111111108,0.0,37.983333333333334,-0.07138888888888889,111.97027932777779,37.983333333333334,-74.05833488333334,489.5361111111111,60.040722169444436,0.0,74.05833488333334,0.5511333966666768,0.0,117.42260215448435,646.9832260000001,49.991178160196704,323.4345371762481,0.18,0.096,0,,0.0,111.97027932777779,-74.05833488333334,0.0,1411.080636930221,27009.617231583212,705.5403184651105
2023-02-10 23:00:00,23,0,4,False,-0.075,0.0,113.80583476666668,37.977777777777774,490.26944444444445,60.03161085000001,12.059444444444443,12.549722222222222,0.0,37.977777777777774,-0.075,113.80583476666668,37.977777777777774,-75.9030569888889,490.26944444444445,60.03161085000001,0.0,75.9030569888889,0.5620669799999917,0.0,119.34753881917015,646.9832260000001,49.990731919272804,323.4316500723229,0.12,0.08,0,,0.0,113.80583476666668,-75.9030569888889,0.0,1411.080636930221,27123.42306634988,705.5403184651105
2023-02-11 00:00:00,0,0,5,True,-0.07277777777777779,0.0,118.6600015166667,37.958333333333336,490.55,60.001888727777775,11.82138888888889,12.4375,0.0,37.958333333333336,-0.07277777777777779,118.6600015166667,37.958333333333336,-80.77444596111114,490.55,60.001888727777775,0.0,80.77444596111114,0.5977335266666699,0.0,124.43807618764642,646.9832260000001,49.99100652907213,323.4334267516615,0.12,0.08,0,,0.0,118.6600015166667,-80.77444596111114,0.0,1411.080636930221,27242.083067866544,705.5403184651105
2023-02-11 01:00:00,1,0,5,True,-0.06472222222222222,0.0,119.17500158333334,37.98888888888889,490.4888888888889,59.99830568888889,11.518611111111111,12.256666666666666,0.0,37.98888888888889,-0.06472222222222222,119.17500158333334,37.98888888888889,-81.25083491666668,490.4888888888889,59.99830568888889,0.0,81.25083491666668,0.5979668266666692,0.0,124.97815386094314,646.9832260000001,49.99200198959468,323.43986721426387,0.12,0.08,0,,0.0,119.17500158333334,-81.25083491666668,0.0,1411.080636930221,27361.25806944988,705.5403184651105
2023-02-11 02:00:00,2,0,5,True,-0.07527777777777778,0.0,117.61194599444445,37.99444444444445,490.47222222222223,60.009110808333325,11.160277777777777,12.058611111111109,0.0,37.99444444444445,-0.07527777777777778,117.61194599444445,37.99444444444445,-79.69277932777779,490.47222222222223,60.009110808333325,0.0,79.69277932777779,0.5890670300000096,0.0,123.33898625627762,646.9832260000001,49.99069759304789,323.43142798740564,0.12,0.08,0,,0.0,117.61194599444445,-79.69277932777779,0.0,1411.080636930221,27478.870015444325,705.5403184651105
2023-02-11 03:00:00,3,0,5,True,-0.05694444444444444,0.0,115.42666814166668,37.99722222222222,491.6722222222222,60.025221688888884,10.8025,11.841388888888888,0.0,37.99722222222222,-0.05694444444444444,115.42666814166668,37.99722222222222,-77.4863903638889,491.6722222222222,60.025221688888884,0.0,77.4863903638889,0.5697339733333393,0.0,121.04729766315938,646.9832260000001,49.992963123892316,323.44608559194893,0.12,0.08,0,,0.0,115.42666814166668,-77.4863903638889,0.0,1411.080636930221,27594.29668358599,705.5403184651105
2023-02-11 04:00:00,4,0,5,True,-0.053611111111111116,0.0,120.17027928611112,37.99166666666667,490.88055555555553,59.99191730833334,10.469444444444445,11.637777777777778,0.0,37.99166666666667,-0.053611111111111116,120.17027928611112,37.99166666666667,-82.23222373055557,490.88055555555553,59.99191730833334,0.0,82.23222373055557,0.5903007700000102,0.0,126.02189598990925,646.9832260000001,49.9933750385913,323.4487506109568,0.12,0.08,0,,0.0,120.17027928611112,-82.23222373055557,0.0,1411.080636930221,27714.466962872102,705.5403184651105
2023-02-11 05:00:00,5,0,5,True,-0.060277777777777784,0.0,119.45277919444445,37.98888888888889,489.2972222222222,59.997111169444445,10.131111111111112,11.4,0.0,37.98888888888889,-0.060277777777777784,119.45277919444445,37.98888888888889,-81.52416808333335,489.2972222222222,59.997111169444445,0.0,81.52416808333335,0.5965334033333335,0.0,125.26945767935587,646.9832260000001,49.99255120919333,323.4434205729411,0.12,0.08,0,,0.0,119.45277919444445,-81.52416808333335,0.0,1411.080636930221,27833.919742066548,705.5403184651105
2023-02-11 06:00:00,6,0,5,True,-0.04833333333333333,0.0,120.20805708055558,37.94444444444444,488.275,59.99286110277779,9.758055555555554,11.175833333333333,0.0,37.94444444444444,-0.04833333333333333,120.20805708055558,37.94444444444444,-82.31194596944447,488.275,59.99286110277779,0.0,82.31194596944447,0.5914333233333451,0.0,126.06151335046204,646.9832260000001,49.994027236864696,323.4529702243859,0.18,0.096,0,,0.0,120.20805708055558,-82.31194596944447,0.0,1411.080636930221,27954.127799147103,705.5403184651105
2023-02-11 07:00:00,7,0,5,True,-0.041666666666666664,1.3805555555555555,121.37944591944445,37.916666666666664,489.2,59.98363926388889,9.376944444444444,10.90638888888889,1.3805555555555555,37.916666666666664,-0.041666666666666664,121.37944591944445,39.29722222222222,-82.1238903638889,489.2,59.98363926388889,0.0,82.1238903638889,0.5803671166666674,1.1369979455397214,127.28994223733119,646.9832260000001,49.99485106626267,323.4583002624016,0.18,0.096,0,,1.3805555555555555,121.37944591944445,-82.1238903638889,0.6902777777777778,1412.4611924857766,28075.507245066547,706.2305962428883
2023-02-11 08:00:00,8,0,5,True,-0.04333333333333334,14.216666666666667,118.3758348416667,37.97222222222222,489.7861111111111,60.005138474999995,9.041944444444443,10.716388888888888,14.216666666666667,37.97222222222222,-0.04333333333333334,118.3758348416667,52.18888888888889,-66.23027928611116,489.7861111111111,60.005138474999995,0.0,66.23027928611116,0.5938338300000054,12.005376229004796,124.14007219386866,646.9832260000001,49.994645108913176,323.4569677528977,0.18,0.096,0,,14.216666666666667,118.3758348416667,-66.23027928611116,7.108333333333333,1426.6778591524433,28193.883079908213,713.3389295762216
2023-02-11 09:00:00,9,0,5,True,-0.04583333333333333,25.45277777777778,117.16750142500001,37.986111111111114,490.01944444444445,60.01327714444444,9.029722222222222,10.61222222222222,25.45277777777778,37.986111111111114,-0.04583333333333333,117.16750142500001,63.4388888888889,-53.77444586944445,490.01944444444445,60.01327714444444,0.0,53.77444586944445,0.5840674266666752,21.714916506944785,122.8728997360786,646.9832260000001,49.994336172888936,323.45496898864184,0.18,0.096,0,,25.45277777777778,117.16750142500001,-53.77444586944445,12.72638888888889,1452.130636930221,28311.050581333213,726.0653184651105
2023-02-11 10:00:00,10,0,5,True,-0.05555555555555555,33.56111111111111,119.06111256944445,37.980555555555554,490.775,59.99994443333334,9.253333333333332,10.782499999999999,33.56111111111111,37.980555555555554,-0.05555555555555555,119.06111256944445,71.54166666666666,-47.57500145833335,490.775,59.99994443333334,0.0,47.57500145833335,0.599933320000008,28.174991493123674,124.85871909264633,646.9832260000001,49.99313475501689,323.4471960165355,0.18,0.096,0,,33.56111111111111,119.06111256944445,-47.57500145833335,16.780555555555555,1485.6917480413322,28430.111693902658,742.8458740206661
2023-02-11 11:00:00,11,0,5,True,-0.04416666666666666,36.78611111111111,120.93944593611113,37.99444444444445,490.85,59.98663943611111,9.231388888888889,10.955277777777779,36.78611111111111,37.99444444444445,-0.04416666666666666,120.93944593611113,74.78055555555557,-46.20305704722223,490.85,59.98663943611111,0.0,46.20305704722223,0.5839673233333343,30.405862678187624,126.82851672958834,646.9832260000001,49.99454213023843,323.45630149814576,0.12,0.08,0,,36.78611111111111,120.93944593611113,-46.20305704722223,18.393055555555556,1522.4778591524432,28551.051139838768,761.2389295762216
2023-02-11 12:00:00,12,0,5,True,-0.058333333333333334,36.34444444444444,119.99055690555558,37.88055555555555,489.14166666666665,59.992389277777775,9.646111111111113,11.203333333333333,36.34444444444444,37.88055555555555,-0.058333333333333334,119.99055690555558,74.225,-45.823890238888914,489.14166666666665,59.992389277777775,0.0,45.823890238888914,0.5908671333333302,30.274702558367295,125.83342214026871,646.9832260000001,49.992791492767736,323.44497516736226,0.12,0.08,0,,36.34444444444444,119.99055690555558,-45.823890238888914,18.17222222222222,1558.8223035968877,28671.041696744323,779.4111517984438
2023-02-11 13:00:00,13,0,5,True,-0.044722222222222226,30.272222222222222,120.66750150833334,37.861111111111114,490.1638888888889,59.98741723055556,10.16,11.358333333333334,30.272222222222222,37.861111111111114,-0.044722222222222226,120.66750150833334,68.13333333333334,-52.578890397222224,490.1638888888889,59.98741723055556,0.0,52.578890397222224,0.584900676666669,25.078008909680534,126.54333013772853,646.9832260000001,49.994473477788596,323.4558573283111,0.12,0.08,0,,30.272222222222222,120.66750150833334,-52.578890397222224,15.136111111111111,1589.0945258191098,28791.709198252658,794.5472629095549
2023-02-11 14:00:00,14,0,5,True,-0.05527777777777777,30.03611111111111,120.3966683416667,37.833333333333336,490.64722222222224,59.990333222222226,10.73611111111111,11.491944444444446,30.03611111111111,37.833333333333336,-0.05527777777777777,120.3966683416667,67.86944444444444,-52.58250167500003,490.64722222222224,59.990333222222226,0.0,52.58250167500003,0.5883998666666713,24.9361775203916,126.2593089191457,646.9832260000001,49.99316908124181,323.44741810145285,0.12,0.08,0,,30.03611111111111,120.3966683416667,-52.58250167500003,15.018055555555556,1619.1306369302208,28912.105866594324,809.5653184651104
2023-02-11 15:00:00,15,0,5,True,-0.04527777777777778,20.730555555555554,119.45666806666668,37.916666666666664,489.84722222222223,59.996694874999996,11.344444444444445,11.971111111111112,20.730555555555554,37.916666666666664,-0.04527777777777778,119.45666806666668,58.64722222222222,-60.85472362222224,489.84722222222223,59.996694874999996,0.0,60.85472362222224,0.5960338499999949,17.347462762272084,125.27353591778237,646.9832260000001,49.99440482533877,323.45541315847646,0.12,0.08,0,,20.730555555555554,119.45666806666668,-60.85472362222224,10.365277777777777,1639.8611924857764,29031.56253466099,819.9305962428882
2023-02-11 16:00:00,16,0,5,True,-0.05111111111111111,9.21111111111111,120.34389031388892,37.87777777777778,489.9472222222222,59.99008361944445,11.57472222222222,12.241944444444446,9.21111111111111,37.87777777777778,-0.05111111111111111,120.34389031388892,47.08888888888889,-73.30611253611114,489.9472222222222,59.99008361944445,0.0,73.30611253611114,0.5881003433333376,7.650742142188656,126.20396089826502,646.9832260000001,49.99368397461554,323.4507493752127,0.12,0.08,0,,9.21111111111111,120.34389031388892,-73.30611253611114,4.605555555555555,1649.0723035968877,29151.906424974877,824.5361517984438
2023-02-11 17:00:00,17,0,5,True,-0.05888888888888889,0.002777777777777778,120.42083466666668,37.794444444444444,488.81944444444446,59.99033340555556,11.57972222222222,12.158611111111112,0.002777777777777778,37.794444444444444,-0.05888888888888889,120.42083466666668,37.797222222222224,-82.68250133333335,488.81944444444446,59.99033340555556,0.0,82.68250133333335,0.5884000866666724,0.0023055977352877057,126.28465200824974,646.9832260000001,49.9927228403179,323.44453099752764,0.12,0.08,0,,0.002777777777777778,120.42083466666668,-82.68250133333335,0.001388888888888889,1649.0750813746654,29272.327259641545,824.5375406873327
2023-02-11 18:00:00,18,0,5,True,-0.06861111111111112,0.0,120.82555696388889,37.81944444444444,490.69166666666666,59.98719496666666,11.471666666666668,12.018333333333334,0.0,37.81944444444444,-0.06861111111111112,120.82555696388889,37.81944444444444,-83.07472363055555,490.69166666666666,59.98719496666666,0.0,83.07472363055555,0.5846339599999879,0.0,126.70908200498712,646.9832260000001,49.991521422445864,323.43675802542134,0.18,0.096,0,,0.0,120.82555696388889,-83.07472363055555,0.0,1649.0750813746654,29393.152816605434,824.5375406873327
2023-02-11 19:00:00,19,0,5,True,-0.07333333333333333,0.0,120.99361264444445,37.93055555555556,491.97777777777776,59.98600055,11.286111111111113,11.923055555555559,0.0,37.93055555555556,-0.07333333333333333,120.99361264444445,37.93055555555556,-83.13639042222223,491.97777777777776,59.98600055,0.0,83.13639042222223,0.5832006599999999,0.0,126.88532105195698,646.9832260000001,49.9909378766223,323.4329825818269,0.18,0.096,0,,0.0,120.99361264444445,-83.13639042222223,0.0,1649.0750813746654,29514.14642924988,824.5375406873327
2023-02-11 20:00:00,20,0,5,True,-0.07666666666666667,0.0,120.72583480000002,37.98888888888889,492.0861111111111,59.987778199999994,11.018611111111111,11.755277777777776,0.0,37.98888888888889,-0.07666666666666667,120.72583480000002,37.98888888888889,-82.81361257777779,492.0861111111111,59.987778199999994,0.0,82.81361257777779,0.5853338399999927,0.0,126.60450393260392,646.9832260000001,49.99052596192331,323.43031756281897,0.18,0.096,0,,0.0,120.72583480000002,-82.81361257777779,0.0,1649.0750813746654,29634.872264049878,824.5375406873327
2023-02-11 21:00:00,21,0,5,True,-0.07277777777777779,0.0,118.95389045555558,37.99722222222222,488.40277777777777,60.00055555,10.81,11.631388888888889,0.0,37.99722222222222,-0.07277777777777779,118.95389045555558,37.99722222222222,-81.02944601111113,488.40277777777777,60.00055555,0.0,81.02944601111113,0.5993333399999983,0.0,124.74627586488158,646.9832260000001,49.99100652907213,323.4334267516615,0.18,0.096,0,,0.0,118.95389045555558,-81.02944601111113,0.0,1649.0750813746654,29753.826154505434,824.5375406873327
2023-02-11 22:00:00,22,0,5,True,-0.07888888888888888,0.0,117.05944584444445,38.0,487.61944444444447,60.012694080555555,10.573611111111111,11.491944444444446,0.0,38.0,-0.07888888888888888,117.05944584444445,38.0,-79.13833473333334,487.61944444444447,60.012694080555555,0.0,79.13833473333334,0.5847671033333341,0.0,122.75958245650833,646.9832260000001,49.990251352123984,323.42854088348037,0.18,0.096,0,,0.0,117.05944584444445,-79.13833473333334,0.0,1649.0750813746654,29870.885600349877,824.5375406873327
2023-02-11 23:00:00,23,0,5,True,-0.06333333333333332,0.0,117.6494460777778,37.99722222222222,487.80555555555554,60.00994421666667,10.321944444444444,11.34,0.0,37.99722222222222,-0.06333333333333332,117.6494460777778,37.99722222222222,-79.71555718888891,487.80555555555554,60.00994421666667,0.0,79.71555718888891,0.5880669399999988,0.0,123.37831238275017,646.9832260000001,49.99217362071926,323.4409776388505,0.12,0.08,0,,0.0,117.6494460777778,-79.71555718888891,0.0,1649.0750813746654,29988.535046427656,824.5375406873327
2023-02-12 00:00:00,0,0,6,True,-0.053333333333333344,0.0,118.6836125027778,38.0,486.3833333333333,60.002860988888884,10.10611111111111,11.183611111111112,0.0,38.0,-0.053333333333333344,118.6836125027778,38.0,-80.73694583611113,486.3833333333333,60.002860988888884,0.0,80.73694583611113,0.5965668133333395,0.0,124.46283689598118,646.9832260000001,49.993409364816216,323.4489726958741,0.12,0.08,0,,0.0,118.6836125027778,-80.73694583611113,0.0,1649.0750813746654,30107.218658930433,824.5375406873327
2023-02-12 01:00:00,1,0,6,True,-0.06944444444444445,0.0,119.24944595277779,37.99722222222222,487.85277777777776,59.99808332499999,9.848611111111111,11.032499999999999,0.0,37.99722222222222,-0.06944444444444445,119.24944595277779,37.99722222222222,-81.32166817500001,487.85277777777776,59.99808332499999,0.0,81.32166817500001,0.5976999899999867,0.0,125.05622325246735,646.9832260000001,49.99141844377112,323.4360917706694,0.12,0.08,0,,0.0,119.24944595277779,-81.32166817500001,0.0,1649.0750813746654,30226.46810488321,824.5375406873327
2023-02-12 02:00:00,2,0,6,True,-0.04583333333333333,0.0,119.0422237138889,38.0,487.89444444444445,60.00005568333333,9.629444444444445,10.855,0.0,38.0,-0.04583333333333333,119.0422237138889,38.0,-81.08805704722224,487.89444444444445,60.00005568333333,0.0,81.08805704722224,0.599933180000005,0.0,124.83891045606555,646.9832260000001,49.994336172888936,323.45496898864184,0.12,0.08,0,,0.0,119.0422237138889,-81.08805704722224,0.0,1649.0750813746654,30345.510328597098,824.5375406873327
2023-02-12 03:00:00,3,0,6,True,-0.05694444444444444,0.0,119.6169461277778,37.99722222222222,487.77777777777777,59.99583362222222,9.360833333333336,10.706944444444444,0.0,37.99722222222222,-0.05694444444444444,119.6169461277778,37.99722222222222,-81.67666835000001,487.77777777777777,59.99583362222222,0.0,81.67666835000001,0.5950003466666658,0.0,125.44161861898604,646.9832260000001,49.992963123892316,323.44608559194893,0.12,0.08,0,,0.0,119.6169461277778,-81.67666835000001,0.0,1649.0750813746654,30465.127274724877,824.5375406873327
2023-02-12 04:00:00,4,0,6,True,-0.03583333333333333,0.0,119.6927791777778,37.96388888888889,487.93055555555554,59.99597252222223,9.072500000000002,10.503333333333332,0.0,37.96388888888889,-0.03583333333333333,119.6927791777778,37.96388888888889,-81.76472362222223,487.93055555555554,59.99597252222223,0.0,81.76472362222223,0.5951670266666781,0.0,125.52114431199823,646.9832260000001,49.995571916985895,323.4629640456654,0.12,0.08,0,,0.0,119.6927791777778,-81.76472362222223,0.0,1649.0750813746654,30584.820053902655,824.5375406873327
2023-02-12 05:00:00,5,0,6,True,-0.030277777777777775,0.0,117.88555702222224,37.94722222222222,487.35,60.00913835555556,8.675555555555556,10.261666666666667,0.0,37.94722222222222,-0.030277777777777775,117.88555702222224,37.94722222222222,-79.9686125777778,487.35,60.00913835555556,0.0,79.9686125777778,0.589033973333332,0.0,123.62592060218363,646.9832260000001,49.99625844148421,323.4674057440119,0.12,0.08,0,,0.0,117.88555702222224,-79.9686125777778,0.0,1649.0750813746654,30702.705610924877,824.5375406873327
2023-02-12 06:00:00,6,0,6,True,-0.04166666666666667,0.0,118.86972369722223,37.61388888888889,484.78055555555557,60.00119444166667,8.274166666666666,10.006666666666668,0.0,37.61388888888889,-0.04166666666666667,118.86972369722223,37.61388888888889,-81.297501475,484.78055555555557,60.00119444166667,0.0,81.297501475,0.5985666699999967,0.0,124.65801065881313,646.9832260000001,49.99485106626267,323.4583002624016,0.18,0.096,0,,0.0,118.86972369722223,-81.297501475,0.0,1649.0750813746654,30821.5753346221,824.5375406873327
2023-02-12 07:00:00,7,0,6,True,-0.04583333333333333,1.6916666666666667,119.16416810000001,37.80833333333333,485.93888888888887,59.998833394444446,8.190555555555557,10.112222222222222,1.6916666666666667,37.80833333333333,-0.04583333333333333,119.16416810000001,39.5,-79.71000143333335,485.93888888888887,59.998833394444446,0.0,79.71000143333335,0.5986000733333355,1.4190643791013706,124.96679284790437,646.9832260000001,49.994336172888936,323.45496898864184,0.18,0.096,0,,1.6916666666666667,119.16416810000001,-79.71000143333335,0.8458333333333333,1650.766748041332,30940.7395027221,825.383374020666
2023-02-12 08:00:00,8,0,6,True,-0.059166666666666666,12.422222222222222,119.62416820000003,37.94722222222222,487.3222222222222,59.99616678611112,7.899722222222222,9.959444444444445,12.422222222222222,37.94722222222222,-0.059166666666666666,119.62416820000003,50.36944444444445,-69.31389042222224,487.3222222222222,59.99616678611112,0.0,69.31389042222224,0.5954001433333417,10.379241383991522,125.44919236550498,646.9832260000001,49.99268851409299,323.4443089126103,0.18,0.096,0,,12.422222222222222,119.62416820000003,-69.31389042222224,6.211111111111111,1663.1889702635542,31060.3636709221,831.5944851317771
2023-02-12 09:00:00,9,0,6,True,-0.06833333333333334,24.663888888888888,118.86750155000001,37.977777777777774,487.9583333333333,60.00083324722222,7.899444444444444,9.845,24.663888888888888,37.977777777777774,-0.06833333333333334,118.86750155000001,62.641666666666666,-56.294168216666684,487.9583333333333,60.00083324722222,0.0,56.294168216666684,0.5990001033333385,20.737138569786147,124.65568030551964,646.9832260000001,49.99155574867078,323.4369801103387,0.18,0.096,0,,24.663888888888888,118.86750155000001,-56.294168216666684,12.331944444444444,1687.852859152443,31179.2311724721,843.9264295762215
2023-02-12 10:00:00,10,0,6,True,-0.05111111111111111,32.92777777777778,120.13666815833335,37.99166666666667,485.3666666666667,59.99244486111112,8.205555555555556,10.064166666666665,32.92777777777778,37.99166666666667,-0.05111111111111111,120.13666815833335,70.91944444444445,-49.26833482500001,485.3666666666667,59.99244486111112,0.0,49.26833482500001,0.5909338333333408,27.39694333144989,125.9866481892544,646.9832260000001,49.99368397461554,323.4507493752127,0.18,0.096,0,,32.92777777777778,120.13666815833335,-49.26833482500001,16.46388888888889,1720.7806369302207,31299.367840630435,860.3903184651103
2023-02-12 11:00:00,11,0,6,True,-0.04583333333333333,36.83611111111111,119.37305698055556,37.92777777777778,486.4138888888889,59.99766693888889,8.234722222222222,10.239166666666668,36.83611111111111,37.92777777777778,-0.04583333333333333,119.37305698055556,74.76388888888889,-44.65500142500001,486.4138888888889,59.99766693888889,0.0,44.65500142500001,0.5972003266666689,30.846134153724357,125.18585344204797,646.9832260000001,49.994336172888936,323.45496898864184,0.12,0.08,0,,36.83611111111111,119.37305698055556,-44.65500142500001,18.418055555555554,1757.616748041332,31418.74089761099,878.808374020666
2023-02-12 12:00:00,12,0,6,True,-0.05166666666666667,36.725,120.11083473333335,37.919444444444444,485.86944444444447,59.992278283333334,8.722777777777777,10.465555555555556,36.725,37.919444444444444,-0.05166666666666667,120.11083473333335,74.64444444444445,-45.51805695555557,485.86944444444447,59.992278283333334,0.0,45.51805695555557,0.5907339400000012,30.56277921324963,125.95955682175692,646.9832260000001,49.99361532216571,323.450305205378,0.12,0.08,0,,36.725,120.11083473333335,-45.51805695555557,18.3625,1794.3417480413318,31538.851732344323,897.1708740206659
2023-02-12 13:00:00,13,0,6,True,-0.041944444444444444,34.708333333333336,120.80944601111112,37.94722222222222,486.2638888888889,59.98763933055556,9.321388888888889,10.66388888888889,34.708333333333336,37.94722222222222,-0.041944444444444444,120.80944601111112,72.65555555555557,-48.1958349,486.2638888888889,59.98763933055556,0.0,48.1958349,0.5851671966666714,28.71984608741238,126.6921865394251,646.9832260000001,49.994816740037756,323.45807817748437,0.12,0.08,0,,34.708333333333336,120.80944601111112,-48.1958349,17.354166666666668,1829.050081374665,31659.661178355433,914.5250406873325
2023-02-12 14:00:00,14,0,6,True,-0.049444444444444444,25.280555555555555,117.39722372222225,37.96666666666667,487.53333333333336,60.01177757777778,9.934444444444445,10.836388888888889,25.280555555555555,37.96666666666667,-0.049444444444444444,117.39722372222225,63.24722222222222,-54.19944594444448,487.53333333333336,60.01177757777778,0.0,54.19944594444448,0.5858669066666664,21.52513643016277,123.11380821710307,646.9832260000001,49.993889931965036,323.4520818847166,0.12,0.08,0,,25.280555555555555,117.39722372222225,-54.19944594444448,12.640277777777778,1854.3306369302206,31777.058402077655,927.1653184651103
2023-02-12 15:00:00,15,0,6,True,-0.05444444444444445,20.555555555555557,117.69389031388891,37.96944444444444,487.0,60.008832880555545,10.407222222222222,11.25361111111111,20.555555555555557,37.96944444444444,-0.05444444444444445,117.69389031388891,58.525,-59.22333475833336,487.0,60.008832880555545,0.0,59.22333475833336,0.5894005433333461,17.45719427603267,123.4249208031834,646.9832260000001,49.993272059916556,323.4480843562048,0.12,0.08,0,,20.555555555555557,117.69389031388891,-59.22333475833336,10.277777777777779,1874.8861924857763,31894.752292391546,937.4430962428881
2023-02-12 16:00:00,16,0,6,True,-0.05944444444444444,9.052777777777777,117.21972369722224,37.93055555555556,485.93611111111113,60.01244424166667,10.7925,11.578333333333333,9.052777777777777,37.93055555555556,-0.05944444444444444,117.21972369722224,46.983333333333334,-70.29583480833334,485.93611111111113,60.01244424166667,0.0,70.29583480833334,0.5850669099999948,7.7189989673549935,122.92766493923399,646.9832260000001,49.99265418786808,323.444086827693,0.12,0.08,0,,9.052777777777777,117.21972369722224,-70.29583480833334,4.526388888888889,1883.938970263554,32011.972016088766,941.969485131777
2023-02-12 17:00:00,17,0,6,True,-0.06444444444444446,-0.41944444444444445,118.22472370555558,37.90277777777778,485.7583333333333,60.005638977777785,10.893333333333336,11.532499999999999,0.0,37.90277777777778,-0.06444444444444446,118.22472370555558,37.90277777777778,-80.38639037222224,485.7583333333333,60.005638977777785,0.0,80.38639037222224,0.5932332266666577,0.0,123.98160279535313,646.9832260000001,49.9920363158196,323.44008929918124,0.12,0.08,0,,0.0,118.22472370555558,-80.38639037222224,0.0,1883.938970263554,32130.196739794323,941.969485131777
2023-02-12 18:00:00,18,0,6,True,-0.05944444444444444,0.0,120.04611266944448,37.894444444444446,489.40833333333336,59.99319465833333,10.898888888888893,11.501111111111113,0.0,37.894444444444446,-0.05944444444444444,120.04611266944448,37.894444444444446,-82.21111266944447,489.40833333333336,59.99319465833333,0.0,82.21111266944447,0.5918335899999959,0.0,125.89168315738574,646.9832260000001,49.99265418786808,323.444086827693,0.18,0.096,0,,0.0,120.04611266944448,-82.21111266944447,0.0,1883.938970263554,32250.242852463765,941.969485131777
2023-02-12 19:00:00,19,0,6,True,-0.07805555555555556,0.0,117.27722373055556,37.86388888888889,491.55833333333334,60.01205481666667,10.852777777777778,11.490277777777777,0.0,37.86388888888889,-0.07805555555555556,117.27722373055556,37.86388888888889,-79.49139039722223,491.55833333333334,60.01205481666667,0.0,79.49139039722223,0.5855342199999967,0.0,122.98796490078186,646.9832260000001,49.99035433079873,323.42920713823236,0.18,0.096,0,,0.0,117.27722373055556,-79.49139039722223,0.0,1883.938970263554,32367.52007619432,941.969485131777
2023-02-12 20:00:00,20,0,6,True,-0.07250000000000001,0.0,115.50472379722224,37.86388888888889,491.89722222222224,60.024499422222206,10.79861111111111,11.420000000000002,0.0,37.86388888888889,-0.07250000000000001,115.50472379722224,37.86388888888889,-77.71333490833335,491.89722222222224,60.024499422222206,0.0,77.71333490833335,0.5706006933333526,0.0,121.12915419011665,646.9832260000001,49.991040855297044,323.4336488365788,0.18,0.096,0,,0.0,115.50472379722224,-77.71333490833335,0.0,1883.938970263554,32483.02479999154,941.969485131777
2023-02-12 21:00:00,21,0,6,True,-0.07472222222222222,0.0,115.63472372222225,37.92777777777778,489.22222222222223,60.02347165833333,10.678611111111111,11.308055555555557,0.0,37.92777777777778,-0.07472222222222222,115.63472372222225,37.92777777777778,-77.78166816666669,489.22222222222223,60.02347165833333,0.0,77.78166816666669,0.5718340100000062,0.0,121.26548438027991,646.9832260000001,49.99076624549772,323.43187215724026,0.18,0.096,0,,0.0,115.63472372222225,-77.78166816666669,0.0,1883.938970263554,32598.659523713763,941.969485131777
2023-02-12 22:00:00,22,0,6,True,-0.0625,0.0,114.29916811666668,37.83888888888889,491.34444444444443,60.03272197222221,10.5125,11.199166666666667,0.0,37.83888888888889,-0.0625,114.29916811666668,37.83888888888889,-76.52277922777779,491.34444444444443,60.03272197222221,0.0,76.52277922777779,0.5607336333333449,0.0,119.86489472856294,646.9832260000001,49.992276599394,323.4416438936025,0.18,0.096,0,,0.0,114.29916811666668,-76.52277922777779,0.0,1883.938970263554,32712.95869183043,941.969485131777
2023-02-12 23:00:00,23,0,6,True,-0.075,0.0,117.2319460277778,38.0,489.4861111111111,60.0124717,10.368611111111111,11.113888888888887,0.0,38.0,-0.075,117.2319460277778,38.0,-79.3069460277778,489.4861111111111,60.0124717,0.0,79.3069460277778,0.5850339600000012,0.0,122.94048242854313,646.9832260000001,49.990731919272804,323.4316500723229,0.12,0.08,0,,0.0,117.2319460277778,-79.3069460277778,0.0,1883.938970263554,32830.190637858206,941.969485131777
2023-02-13 00:00:00,0,0,0,False,-0.07215189873417721,0.0,116.26582425632913,38.0,489.1835443037975,60.019145231012644,10.185443037974684,10.98354430379747,0.0,38.0,-0.07215189873417721,116.26582425632913,38.0,-78.3379761550633,489.1835443037975,60.019145231012644,0.0,78.3379761550633,0.5770257227848276,0.0,121.92731596077442,646.9832260000001,49.991083871705484,323.43392714552584,0.12,0.08,0,,0.0,116.26582425632913,-78.3379761550633,0.0,1883.938970263554,32946.45646211453,941.969485131777
2023-02-13 01:00:00,1,0,0,False,-0.07083333333333333,0.0,117.03416805,38.0,490.36944444444447,60.01333312777778,9.984722222222222,10.854722222222223,0.0,38.0,-0.07083333333333333,117.03416805,38.0,-79.10500138333335,490.36944444444447,60.01333312777778,0.0,79.10500138333335,0.5840002466666675,0.0,122.73307377564933,646.9832260000001,49.99124681264654,323.4349813460828,0.12,0.08,0,,0.0,117.03416805,-79.10500138333335,0.0,1883.938970263554,33063.49063016453,941.969485131777
2023-02-13 02:00:00,2,0,0,False,-0.052500000000000005,0.0,117.90694581944446,38.0,490.0777777777778,60.00827737222222,9.758888888888889,10.743333333333334,0.0,38.0,-0.052500000000000005,117.90694581944446,38.0,-79.95944581944445,490.0777777777778,60.00827737222222,0.0,79.95944581944445,0.5900671533333394,0.0,123.64835091352933,646.9832260000001,49.99351234349096,323.4496389506261,0.12,0.08,0,,0.0,117.90694581944446,-79.95944581944445,0.0,1883.938970263554,33181.397575983974,941.969485131777
2023-02-13 03:00:00,3,0,0,False,-0.05,0.0,117.3719459277778,37.99166666666667,490.30833333333334,60.01188823333333,9.494722222222222,10.553333333333333,0.0,37.99166666666667,-0.05,117.3719459277778,37.99166666666667,-79.43027926111112,490.30833333333334,60.01188823333333,0.0,79.43027926111112,0.5857341200000036,0.0,123.08729953624406,646.9832260000001,49.9938212795152,323.451637714882,0.12,0.08,0,,0.0,117.3719459277778,-79.43027926111112,0.0,1883.938970263554,33298.76952191175,941.969485131777
2023-02-13 04:00:00,4,0,0,False,-0.05416666666666667,0.0,119.61444585277778,37.977777777777774,489.9194444444444,59.9961949138889,9.190833333333332,10.347777777777777,0.0,37.977777777777774,-0.05416666666666667,119.61444585277778,37.977777777777774,-81.69083474166666,489.9194444444444,59.9961949138889,0.0,81.69083474166666,0.5954338966666796,0.0,125.43899659465632,646.9832260000001,49.99330638614147,323.4483064411221,0.12,0.08,0,,0.0,119.61444585277778,-81.69083474166666,0.0,1883.938970263554,33418.38396776453,941.969485131777
2023-02-13 05:00:00,5,0,0,False,-0.04416666666666667,0.0,121.15472367222222,37.97222222222222,488.98055555555555,59.985611675,8.875277777777777,10.174722222222222,0.0,37.97222222222222,-0.04416666666666667,121.15472367222222,37.97222222222222,-83.22666811666666,488.98055555555555,59.985611675,0.0,83.22666811666666,0.5827340100000015,0.0,127.05427728061895,646.9832260000001,49.99454213023843,323.45630149814576,0.12,0.08,0,,0.0,121.15472367222222,-83.22666811666666,0.0,1883.938970263554,33539.538691436755,941.969485131777
2023-02-13 06:00:00,6,0,0,False,-0.052222222222222225,0.0,122.89139033055557,37.925,485.4472222222222,59.9718057388889,8.570277777777779,9.981388888888889,0.0,37.925,-0.052222222222222225,122.89139033055557,37.925,-85.0186125527778,485.4472222222222,59.9718057388889,0.0,85.0186125527778,0.5661668866666758,0.0,128.87550983733587,646.9832260000001,49.993546669715876,323.4498610355434,0.18,0.096,0,,0.0,122.89139033055557,-85.0186125527778,0.0,1883.938970263554,33662.430081767314,941.969485131777
2023-02-13 07:00:00,7,0,0,False,-0.03666666666666667,1.825,118.44611254444446,37.93055555555556,487.55833333333334,59.99683342222222,8.259722222222223,9.778611111111111,1.825,37.93055555555556,-0.03666666666666667,118.44611254444446,39.75555555555556,-78.72722365555556,487.55833333333334,59.99683342222222,0.0,78.72722365555556,0.5962001066666601,1.5403082305726794,124.21377202549493,646.9832260000001,49.99546893831115,323.46229779091345,0.18,0.096,0,,1.825,118.44611254444446,-78.72722365555556,0.9125,1885.763970263554,33780.87619431176,942.881985131777
2023-02-13 08:00:00,8,0,0,False,-0.04722222222222222,14.561111111111112,117.47555717222224,38.0,489.15555555555557,60.00336081111111,8.101666666666665,9.670833333333333,14.561111111111112,38.0,-0.04722222222222222,117.47555717222224,52.56111111111111,-64.96166828333335,489.15555555555557,60.00336081111111,0.0,64.96166828333335,0.5959670266666706,12.39003296734441,123.19595606553176,646.9832260000001,49.994164541764356,323.45385856405517,0.18,0.096,0,,14.561111111111112,117.47555717222224,-64.96166828333335,7.280555555555556,1900.3250813746652,33898.35175148398,950.1625406873326
2023-02-13 09:00:00,9,0,0,False,-0.05027777777777778,25.45,4.961111158333334,37.96388888888889,484.8833333333333,60.00297193888889,8.303333333333335,9.702222222222222,25.45,37.96388888888889,-0.05027777777777778,4.961111158333334,63.41388888888889,58.40249995277778,484.8833333333333,60.00297193888889,58.40249995277778,0.0,0.5964336733333312,40.13316395812343,5.202689367986856,646.9832260000001,49.99378695329029,323.45141562996463,0.18,0.096,0,,25.45,4.961111158333334,58.40249995277778,12.725,1925.7750813746652,33903.31286264231,962.8875406873326
2023-02-13 10:00:00,10,0,0,False,-0.03361111111111111,32.525,-0.6758333333333334,37.83888888888889,483.6361111111111,59.98852837500001,8.85138888888889,10.114444444444445,32.525,37.83888888888889,-0.03361111111111111,0.0,70.36388888888888,70.33027777777777,483.6361111111111,59.98852837500001,70.33027777777777,0.0,0.5862340500000102,46.223994315265884,0.0,646.9832260000001,49.99584652678522,323.464740725004,0.18,0.096,0,,32.525,0.0,70.33027777777777,16.2625,1958.3000813746653,33903.31286264231,979.1500406873326
2023-02-13 11:00:00,11,0,0,False,-0.03611111111111111,34.15,-0.6658333333333333,37.93888888888889,483.4,60.00624961111111,9.167777777777777,10.428888888888888,34.15,37.93888888888889,-0.03611111111111111,0.0,72.08888888888889,72.05277777777778,483.4,60.00624961111111,72.05277777777778,0.0,0.5925004666666694,47.372071516646116,0.0,646.9832260000001,49.99553759076098,323.4627419607481,0.12,0.08,0,,34.15,0.0,72.05277777777778,17.075,1992.4500813746654,33903.31286264231,996.2250406873327
2023-02-13 12:00:00,12,0,0,False,-35.37333310833333,37.09166666666667,-98.84027834444446,37.919444444444444,484.43333333333334,59.99347216666667,-0.7483333305555562,10.765833333333333,37.09166666666667,37.919444444444444,-35.37333310833333,0.0,75.01111111111112,39.63777800277779,484.43333333333334,59.99347216666667,39.63777800277779,0.0,0.5921666000000044,49.44822989186787,0.0,646.9832260000001,45.62876124216004,295.21043146836473,0.12,0.08,0,,37.09166666666667,0.0,39.63777800277779,18.545833333333334,2029.541748041332,33903.31286264231,1014.770874020666
2023-02-13 13:00:00,13,0,0,False,-0.03666666666666667,35.11666666666667,-0.6772222222222223,37.93611111111111,482.475,59.99036131666667,10.556666666666665,11.146944444444443,35.11666666666667,37.93611111111111,-0.03666666666666667,0.0,73.05277777777778,73.01611111111112,482.475,59.99036131666667,73.01611111111112,0.0,0.5884335800000059,48.070268831514504,0.0,646.9832260000001,49.99546893831115,323.46229779091345,0.12,0.08,0,,35.11666666666667,0.0,73.01611111111112,17.558333333333334,2064.658414707999,33903.31286264231,1032.3292073539994
2023-02-13 14:00:00,14,0,0,False,-0.03222222222222223,30.127777777777776,-0.6375,37.769444444444446,482.7611111111111,59.97405596944445,11.447777777777777,11.51361111111111,30.127777777777776,37.769444444444446,-0.03222222222222223,0.0,67.89722222222223,67.86500000000001,482.7611111111111,59.97405596944445,67.86500000000001,0.0,0.5688671633333399,44.37262201857382,0.0,646.9832260000001,49.996018157909795,323.4658511495906,0.12,0.08,0,,30.127777777777776,0.0,67.86500000000001,15.063888888888888,2094.7861924857766,33903.31286264231,1047.3930962428883
2023-02-13 15:00:00,15,0,0,False,-0.06333333333333334,21.447222222222223,-0.7316666666666666,37.86666666666667,482.15277777777777,59.99775014722223,12.100277777777778,12.207500000000001,21.447222222222223,37.86666666666667,-0.06333333333333334,0.0,59.31388888888889,59.25055555555556,482.15277777777777,59.99775014722223,59.25055555555556,0.0,0.5973001766666727,36.158853556877254,0.0,646.9832260000001,49.99217362071926,323.4409776388505,0.12,0.08,0,,21.447222222222223,0.0,59.25055555555556,10.723611111111111,2116.2334147079987,33903.31286264231,1058.1167073539993
2023-02-13 16:00:00,16,0,0,False,-0.06222222222222222,9.125,20.68750026666666,37.827777777777776,482.3611111111111,59.98452807777779,12.526666666666667,12.71861111111111,9.125,37.827777777777776,-0.06222222222222222,20.68750026666666,46.952777777777776,26.203055288888894,482.3611111111111,59.98452807777779,26.203055288888894,0.0,0.5814336933333465,19.434419925457018,21.69486517285978,646.9832260000001,49.992310925618916,323.44186597851973,0.12,0.08,0,,9.125,20.68750026666666,26.203055288888894,4.5625,2125.3584147079987,33924.00036290898,1062.6792073539993
2023-02-13 17:00:00,17,0,0,False,-0.06583333333333334,-0.2111111111111111,77.78333438888889,37.925,484.2083333333333,59.98486159444445,12.722222222222221,12.780000000000001,0.0,37.925,-0.06583333333333334,77.78333438888889,37.925,-39.92416772222222,484.2083333333333,59.98486159444445,0.0,39.92416772222222,0.5818339133333438,0.0,81.57094528145792,646.9832260000001,49.99186468469502,323.43897887459457,0.12,0.08,0,,0.0,77.78333438888889,-39.92416772222222,0.0,2125.3584147079987,34001.78369729787,1062.6792073539993
2023-02-13 18:00:00,18,0,0,False,-0.07694444444444444,-0.04722222222222222,115.13416817500001,37.96944444444444,485.23333333333335,59.986527972222234,12.79083333333333,12.820555555555554,0.0,37.96944444444444,-0.07694444444444444,115.13416817500001,37.96944444444444,-77.24166817500003,485.23333333333335,59.986527972222234,0.0,77.24166817500003,0.5838335666666807,0.0,120.74055459328137,646.9832260000001,49.9904916356984,323.4300954779017,0.18,0.096,0,,0.0,115.13416817500001,-77.24166817500003,0.0,2125.3584147079987,34116.91786547287,1062.6792073539993
2023-02-13 19:00:00,19,0,0,False,-0.08277777777777777,0.0,113.7125015,37.97222222222222,487.2944444444444,59.99652817777778,12.8,12.887777777777778,0.0,37.97222222222222,-0.08277777777777777,113.7125015,37.97222222222222,-75.82305705555555,487.2944444444444,59.99652817777778,0.0,75.82305705555555,0.5958338133333398,0.0,119.24966074736953,646.9832260000001,49.98977078497517,323.42543169463795,0.18,0.096,0,,0.0,113.7125015,-75.82305705555555,0.0,2125.3584147079987,34230.630366972866,1062.6792073539993
2023-02-13 20:00:00,20,0,0,False,-0.0875,0.0,113.95777911944444,37.952777777777776,488.3,59.9954170638889,12.800833333333332,12.909722222222227,0.0,37.952777777777776,-0.0875,113.95777911944444,37.952777777777776,-76.09250134166666,488.3,59.9954170638889,0.0,76.09250134166666,0.5945004766666813,0.0,119.50688200731754,646.9832260000001,49.989187239151605,323.42165625104343,0.18,0.096,0,,0.0,113.95777911944444,-76.09250134166666,0.0,2125.3584147079987,34344.58814609231,1062.6792073539993
2023-02-13 21:00:00,21,0,0,False,-0.08527777777777779,0.0,114.78389058888891,37.94166666666667,487.3861111111111,59.989556150000006,12.8,12.908333333333335,0.0,37.94166666666667,-0.08527777777777779,114.78389058888891,37.94166666666667,-76.92750170000002,487.3861111111111,59.989556150000006,0.0,76.92750170000002,0.5874673800000068,0.0,120.37322045886208,646.9832260000001,49.98946184895093,323.42343293038203,0.18,0.096,0,,0.0,114.78389058888891,-76.92750170000002,0.0,2125.3584147079987,34459.3720366812,1062.6792073539993
2023-02-13 22:00:00,22,0,0,False,-0.09000000000000001,0.0,113.03166810833333,37.983333333333334,488.09722222222223,60.00252747222222,12.76388888888889,12.871388888888891,0.0,37.983333333333334,-0.09000000000000001,113.03166810833333,37.983333333333334,-75.138334775,488.09722222222223,60.00252747222222,0.0,75.138334775,0.5969670333333369,0.0,118.5356745988744,646.9832260000001,49.988878303127365,323.4196574867875,0.18,0.096,0,,0.0,113.03166810833333,-75.138334775,0.0,2125.3584147079987,34572.40370478953,1062.6792073539993
2023-02-13 23:00:00,23,0,0,False,-0.08000000000000002,0.0,113.90222381388891,37.90555555555556,489.39722222222224,60.01149989722223,12.583611111111109,12.773888888888889,0.0,37.90555555555556,-0.08000000000000002,113.90222381388891,37.90555555555556,-76.07666825833336,489.39722222222224,60.01149989722223,0.0,76.07666825833336,0.5862001233333245,0.0,119.44862147085213,646.9832260000001,49.990114047224324,323.4276525438111,0.12,0.08,0,,0.0,113.90222381388891,-76.07666825833336,0.0,2125.3584147079987,34686.30592860342,1062.6792073539993
2023-02-14 00:00:00,0,0,1,False,-0.08305555555555556,0.0,115.87277943611112,37.99722222222222,486.8638888888889,60.00616642777777,12.334444444444445,12.600277777777778,0.0,37.99722222222222,-0.08305555555555556,115.87277943611112,37.99722222222222,-77.95861276944446,486.8638888888889,60.00616642777777,0.0,77.95861276944446,0.592600286666675,0.0,121.51513206849141,646.9832260000001,49.98973645875025,323.4252096097206,0.12,0.08,0,,0.0,115.87277943611112,-77.95861276944446,0.0,2125.3584147079987,34802.17870803953,1062.6792073539993
2023-02-14 01:00:00,1,0,1,False,-0.075,0.0,115.71389030555557,37.99444444444445,488.81388888888887,60.006833094444445,11.986666666666668,12.366944444444446,0.0,37.99444444444445,-0.075,115.71389030555557,37.99444444444445,-77.79444586111113,488.81388888888887,60.006833094444445,0.0,77.79444586111113,0.5918002866666654,0.0,121.3485059309493,646.9832260000001,49.990731919272804,323.4316500723229,0.12,0.08,0,,0.0,115.71389030555557,-77.79444586111113,0.0,2125.3584147079987,34917.89259834508,1062.6792073539993
2023-02-14 02:00:00,2,0,1,False,-0.07333333333333333,0.0,116.76416822499999,37.975,488.88055555555553,60.00016678888888,11.66333333333333,12.153888888888888,0.0,37.975,-0.07333333333333333,116.76416822499999,37.975,-78.86250155833334,488.88055555555553,60.00016678888888,0.0,78.86250155833334,0.5997998533333401,0.0,122.44992647778514,646.9832260000001,49.9909378766223,323.4329825818269,0.12,0.08,0,,0.0,116.76416822499999,-78.86250155833334,0.0,2125.3584147079987,35034.656766570086,1062.6792073539993
2023-02-14 03:00:00,3,0,1,False,-0.07833333333333334,0.0,116.35777916111114,37.99444444444445,489.94444444444446,60.003499677777775,11.294166666666667,11.948611111111111,0.0,37.99444444444445,-0.07833333333333334,116.35777916111114,37.99444444444445,-78.44166805000002,489.94444444444446,60.003499677777775,0.0,78.44166805000002,0.59580038666667,0.0,122.02374855221917,646.9832260000001,49.99032000457382,323.42898505331505,0.12,0.08,0,,0.0,116.35777916111114,-78.44166805000002,0.0,2125.3584147079987,35151.014545731196,1062.6792073539993
2023-02-14 04:00:00,4,0,1,False,-0.06444444444444446,0.0,118.43472384722224,37.90277777777778,489.27222222222224,59.98808376944445,11.068333333333332,11.803888888888888,0.0,37.90277777777778,-0.06444444444444446,118.43472384722224,37.90277777777778,-80.59639051388892,489.27222222222224,59.98808376944445,0.0,80.59639051388892,0.585700523333341,0.0,124.2018287627737,646.9832260000001,49.9920363158196,323.44008929918124,0.12,0.08,0,,0.0,118.43472384722224,-80.59639051388892,0.0,2125.3584147079987,35269.44926957842,1062.6792073539993
2023-02-14 05:00:00,5,0,1,False,-0.061666666666666675,0.0,118.12694589444446,37.955555555555556,485.90833333333336,59.99116706388889,10.936944444444446,11.787499999999998,0.0,37.955555555555556,-0.061666666666666675,118.12694589444446,37.955555555555556,-80.23305700555557,485.90833333333336,59.99116706388889,0.0,80.23305700555557,0.5894004766666654,0.0,123.87906375479196,646.9832260000001,49.99237957806875,323.4423101483544,0.12,0.08,0,,0.0,118.12694589444446,-80.23305700555557,0.0,2125.3584147079987,35387.576215472865,1062.6792073539993
2023-02-14 06:00:00,6,0,1,False,-0.06611111111111112,0.0,118.87944591944445,37.80555555555556,487.3861111111111,59.98488892500001,10.822777777777777,11.70111111111111,0.0,37.80555555555556,-0.06611111111111112,118.87944591944445,37.80555555555556,-81.140001475,487.3861111111111,59.98488892500001,0.0,81.140001475,0.5818667100000084,0.0,124.66820629857493,646.9832260000001,49.991830358470104,323.43875678967726,0.18,0.096,0,,0.0,118.87944591944445,-81.140001475,0.0,2125.3584147079987,35506.45566139231,1062.6792073539993
2023-02-14 07:00:00,7,0,1,False,-0.0525,2.1083333333333334,115.82916804166669,37.86666666666667,488.8861111111111,60.00638897222222,10.738611111111112,11.607222222222221,2.1083333333333334,37.86666666666667,-0.0525,115.82916804166669,39.975,-75.90666804166669,488.8861111111111,60.00638897222222,0.0,75.90666804166669,0.5923332333333376,1.8193846955803707,121.46939704442971,646.9832260000001,49.99351234349096,323.4496389506261,0.18,0.096,0,,2.1083333333333334,115.82916804166669,-75.90666804166669,1.0541666666666667,2127.466748041332,35622.28482943398,1063.733374020666
2023-02-14 08:00:00,8,0,1,False,-0.05444444444444445,14.186111111111112,113.09222367222225,37.90555555555556,490.7888888888889,60.02577729999999,10.698611111111113,11.595277777777776,14.186111111111112,37.90555555555556,-0.05444444444444445,113.09222367222225,52.09166666666667,-61.05500145000002,490.7888888888889,60.02577729999999,0.0,61.05500145000002,0.5690672400000153,12.537807208325097,118.59917887813008,646.9832260000001,49.993272059916556,323.4480843562048,0.18,0.096,0,,14.186111111111112,113.09222367222225,-61.05500145000002,7.093055555555556,2141.652859152443,35735.377053106204,1070.8264295762215
2023-02-14 09:00:00,9,0,1,False,-0.06833333333333334,25.897222222222222,114.16305713055557,37.96944444444444,490.375,60.018388275,10.920833333333333,11.713888888888889,25.897222222222222,37.96944444444444,-0.06833333333333334,114.16305713055557,63.86666666666666,-50.36472379722225,490.375,60.018388275,0.0,50.36472379722225,0.5779340700000005,22.670845655519628,119.72215590298414,646.9832260000001,49.99155574867078,323.4369801103387,0.18,0.096,0,,25.897222222222222,114.16305713055557,-50.36472379722225,12.948611111111111,2167.5500813746653,35849.54011023676,1083.7750406873326
2023-02-14 10:00:00,10,0,1,False,-0.05555555555555555,33.56666666666667,113.65389033055557,37.983333333333334,487.76944444444445,60.02194396666666,11.471944444444443,12.11277777777778,33.56666666666667,37.983333333333334,-0.05555555555555555,113.65389033055557,71.55000000000001,-42.159445886111115,487.76944444444445,60.02194396666666,0.0,42.159445886111115,0.573667240000006,29.519681856761753,119.18819554363151,646.9832260000001,49.99313475501689,323.4471960165355,0.18,0.096,0,,33.56666666666667,113.65389033055557,-42.159445886111115,16.783333333333335,2201.116748041332,35963.19400056732,1100.558374020666
2023-02-14 11:00:00,11,0,1,False,-0.06222222222222222,36.5,114.70889033888889,37.983333333333334,486.05833333333334,60.014332680555555,11.811388888888887,12.519166666666665,36.5,37.983333333333334,-0.06222222222222222,114.70889033888889,74.48333333333333,-40.28777922777778,486.05833333333334,60.014332680555555,0.0,40.28777922777778,0.5828007833333345,31.802427619201808,120.29456811852577,646.9832260000001,49.992310925618916,323.44186597851973,0.12,0.08,0,,36.5,114.70889033888889,-40.28777922777778,18.25,2237.616748041332,36077.9028909062,1118.808374020666
2023-02-14 12:00:00,12,0,1,False,-0.05944444444444445,36.90833333333333,118.40694594444447,37.80277777777778,485.7944444444444,59.98800038888889,12.42527777777778,12.933055555555555,36.90833333333333,37.80277777777778,-0.05944444444444445,118.40694594444447,74.71111111111111,-43.75527927777781,485.7944444444444,59.98800038888889,0.0,43.75527927777781,0.5856004666666706,31.15510923577106,124.17269823236741,646.9832260000001,49.99265418786808,323.444086827693,0.12,0.08,0,,36.90833333333333,118.40694594444447,-43.75527927777781,18.454166666666666,2274.525081374665,36196.30983685065,1137.2625406873326
2023-02-14 13:00:00,13,0,1,False,-0.07333333333333333,34.875,116.1577792027778,37.46666666666667,485.30555555555554,60.00341638888889,13.165555555555557,13.3325,34.875,37.46666666666667,-0.07333333333333333,116.1577792027778,72.34166666666667,-43.889445869444465,485.30555555555554,60.00341638888889,0.0,43.889445869444465,0.5959003333333356,30.004874976280465,121.81400972081428,646.9832260000001,49.9909378766223,323.4329825818269,0.12,0.08,0,,34.875,116.1577792027778,-43.889445869444465,17.4375,2309.400081374665,36312.46761605342,1154.7000406873326
2023-02-14 14:00:00,14,0,1,False,-0.06722222222222222,25.530555555555555,117.91444576944446,37.34444444444444,485.52222222222224,59.990917116666665,13.885277777777775,13.76138888888889,25.530555555555555,37.34444444444444,-0.06722222222222222,117.91444576944446,62.875,-55.106667991666676,485.52222222222224,59.990917116666665,0.0,55.106667991666676,0.5891005399999983,21.639425844834502,123.65621606891088,646.9832260000001,49.99169305357044,323.43786845000795,0.12,0.08,0,,25.530555555555555,117.91444576944446,-55.106667991666676,12.765277777777778,2334.9306369302208,36430.382061822864,1167.4653184651104
2023-02-14 15:00:00,15,0,1,False,-0.08027777777777777,17.519444444444446,117.1855569388889,37.583333333333336,485.625,59.99644453055556,14.408333333333333,14.304166666666667,17.519444444444446,37.583333333333336,-0.08027777777777777,117.1855569388889,55.10277777777778,-62.16305693888889,485.625,59.99644453055556,0.0,62.16305693888889,0.5957334366666686,14.939939230189486,122.89183445194067,646.9832260000001,49.99007972099941,323.4274304588938,0.12,0.08,0,,17.519444444444446,117.1855569388889,-62.16305693888889,8.759722222222223,2352.4500813746654,36547.56761876175,1176.2250406873327
2023-02-14 16:00:00,16,0,1,False,-0.09277777777777778,8.980555555555556,116.93694607777779,37.475,486.60555555555555,59.99736111111112,14.723333333333333,14.628611111111109,8.980555555555556,37.475,-0.09277777777777778,116.93694607777779,46.455555555555556,-70.57416830000001,486.60555555555555,59.99736111111112,0.0,70.57416830000001,0.5968333333333419,7.673738995265719,122.63111764020462,646.9832260000001,49.98853504087821,323.4174366376143,0.12,0.08,0,,8.980555555555556,116.93694607777779,-70.57416830000001,4.490277777777778,2361.4306369302208,36664.504564839524,1180.7153184651104
2023-02-14 17:00:00,17,0,1,False,-0.09083333333333334,0.22777777777777777,118.94166816666669,37.24166666666667,487.1611111111111,59.983166944444456,14.805555555555555,14.701944444444443,0.22777777777777777,37.24166666666667,-0.09083333333333334,118.94166816666669,37.46944444444444,-81.56305705555559,487.1611111111111,59.983166944444456,0.0,81.56305705555559,0.5798003333333469,0.1913576333416615,124.73345841926803,646.9832260000001,49.98877532445262,323.4189912320355,0.12,0.08,0,,0.22777777777777777,118.94166816666669,-81.56305705555559,0.11388888888888889,2361.6584147079984,36783.446233006194,1180.8292073539992
2023-02-14 18:00:00,18,0,1,False,-0.0963888888888889,0.0,116.77583475833336,37.18611111111111,489.8611111111111,59.998861216666675,14.827222222222225,14.74916666666667,0.0,37.18611111111111,-0.0963888888888889,116.77583475833336,37.18611111111111,-79.68611253611115,489.8611111111111,59.998861216666675,0.0,79.68611253611115,0.5986334600000106,0.0,122.46216110567347,646.9832260000001,49.98808879995431,323.4145495336891,0.18,0.096,0,,0.0,116.77583475833336,-79.68611253611115,0.0,2361.6584147079984,36900.22206776453,1180.8292073539992
2023-02-14 19:00:00,19,0,1,False,-0.09916666666666668,0.0,116.17750152500004,37.13055555555555,490.53055555555557,60.00305540277778,14.827222222222225,14.78527777777778,0.0,37.13055555555555,-0.09916666666666668,116.17750152500004,37.13055555555555,-79.14611263611116,490.53055555555557,60.00305540277778,0.0,79.14611263611116,0.596333516666661,0.0,121.83469240920057,646.9832260000001,49.98774553770515,323.4123286845159,0.18,0.096,0,,0.0,116.17750152500004,-79.14611263611116,0.0,2361.6584147079984,37016.39956928953,1180.8292073539992
2023-02-14 20:00:00,20,0,1,False,-0.10138888888888889,0.0,116.34222363055558,37.15,488.2583333333333,60.001777641666656,14.779444444444445,14.771666666666665,0.0,37.15,-0.10138888888888889,116.34222363055558,37.15,-79.29361251944448,488.2583333333333,60.001777641666656,0.0,79.29361251944448,0.5978668300000123,0.0,122.00743555481762,646.9832260000001,49.98747092790583,323.4105520051773,0.18,0.096,0,,0.0,116.34222363055558,-79.29361251944448,0.0,2361.6584147079984,37132.74179292009,1180.8292073539992
2023-02-14 21:00:00,21,0,1,False,-0.09555555555555555,0.0,115.54166820833335,37.12777777777778,488.3305555555556,60.00733271388888,14.725277777777773,14.721388888888885,0.0,37.12777777777778,-0.09555555555555555,115.54166820833335,37.12777777777778,-78.50944598611112,488.3305555555556,60.00733271388888,0.0,78.50944598611112,0.5912007433333457,0.0,121.16789758625512,646.9832260000001,49.98819177862906,323.4152157884411,0.18,0.096,0,,0.0,115.54166820833335,-78.50944598611112,0.0,2361.6584147079984,37248.28346112842,1180.8292073539992
2023-02-14 22:00:00,22,0,1,False,-0.09333333333333334,0.0,117.40111251111112,37.09722222222222,489.9194444444444,59.99461122777778,14.641111111111108,14.671944444444444,0.0,37.09722222222222,-0.09333333333333334,117.40111251111112,37.09722222222222,-80.39722362222224,489.9194444444444,59.99461122777778,0.0,80.39722362222224,0.5935334733333377,0.0,123.11788636813834,646.9832260000001,49.98846638842838,323.4169924677796,0.18,0.096,0,,0.0,117.40111251111112,-80.39722362222224,0.0,2361.6584147079984,37365.68457363953,1180.8292073539992
2023-02-14 23:00:00,23,0,1,False,-0.09083333333333334,0.0,116.05389028888891,37.03055555555556,490.7472222222222,60.00458313888889,14.502222222222223,14.531388888888888,0.0,37.03055555555556,-0.09083333333333334,116.05389028888891,37.03055555555556,-79.11416806666668,490.7472222222222,60.00458313888889,0.0,79.11416806666668,0.594500233333332,0.0,121.70506200114193,646.9832260000001,49.98877532445262,323.4189912320355,0.12,0.08,0,,0.0,116.05389028888891,-79.11416806666668,0.0,2361.6584147079984,37481.73846392842,1180.8292073539992
2023-02-15 00:00:00,0,0,2,False,-0.07027777777777779,0.0,115.97166821666667,37.05555555555556,488.2083333333333,60.00447189999999,14.2375,14.410833333333338,0.0,37.05555555555556,-0.07027777777777779,115.97166821666667,37.05555555555556,-78.98639043888889,488.2083333333333,60.00447189999999,0.0,78.98639043888889,0.5946337200000101,0.0,121.61883617646029,646.9832260000001,49.99131546509637,323.4354255159174,0.12,0.08,0,,0.0,115.97166821666667,-78.98639043888889,0.0,2361.6584147079984,37597.71013214509,1180.8292073539992
2023-02-15 01:00:00,1,0,2,False,-0.08472222222222223,0.0,115.8413902888889,37.483333333333334,489.7527777777778,60.006138533333335,13.9125,14.184722222222222,0.0,37.483333333333334,-0.08472222222222223,115.8413902888889,37.483333333333334,-78.4427791777778,489.7527777777778,60.006138533333335,0.0,78.4427791777778,0.5926337599999982,0.0,121.48221444634764,646.9832260000001,49.98953050140076,323.42387710021666,0.12,0.08,0,,0.0,115.8413902888889,-78.4427791777778,0.0,2361.6584147079984,37713.551522433976,1180.8292073539992
2023-02-15 02:00:00,2,0,2,False,-0.08666666666666667,0.0,117.7969458027778,37.36388888888889,489.34722222222223,59.992833569444436,13.646666666666665,13.970000000000002,0.0,37.36388888888889,-0.08666666666666667,117.7969458027778,37.36388888888889,-80.51972358055559,489.34722222222223,59.992833569444436,0.0,80.51972358055559,0.5914002833333228,0.0,123.53299451474582,646.9832260000001,49.98929021782635,323.42232250579536,0.12,0.08,0,,0.0,117.7969458027778,-80.51972358055559,0.0,2361.6584147079984,37831.348468236756,1180.8292073539992
2023-02-15 03:00:00,3,0,2,False,-0.09416666666666668,0.0,116.67555700555558,37.330555555555556,489.0111111111111,59.99961129166667,13.286388888888887,13.78138888888889,0.0,37.330555555555556,-0.09416666666666668,116.67555700555558,37.330555555555556,-79.43916811666668,489.0111111111111,59.99961129166667,0.0,79.43916811666668,0.599533550000001,0.0,122.35700039034737,646.9832260000001,49.98836340975363,323.4163262130277,0.12,0.08,0,,0.0,116.67555700555558,-79.43916811666668,0.0,2361.6584147079984,37948.02402524231,1180.8292073539992
2023-02-15 04:00:00,4,0,2,False,-0.08194444444444444,0.0,115.92500145833334,37.141666666666666,489.52222222222224,60.00530536388889,12.891944444444446,13.552499999999998,0.0,37.141666666666666,-0.08194444444444444,115.92500145833334,37.141666666666666,-78.86527923611112,489.52222222222224,60.00530536388889,0.0,78.86527923611112,0.5936335633333357,0.0,121.56989700947321,646.9832260000001,49.98987376364992,323.4260979493899,0.12,0.08,0,,0.0,115.92500145833334,-78.86527923611112,0.0,2361.6584147079984,38063.94902670064,1180.8292073539992
2023-02-15 05:00:00,5,0,2,False,-0.06888888888888889,0.0,116.33416813333335,37.12222222222222,489.4638888888889,60.00252751111111,12.453333333333335,13.308055555555555,0.0,37.12222222222222,-0.06888888888888889,116.33416813333335,37.12222222222222,-79.28083480000002,489.4638888888889,60.00252751111111,0.0,79.28083480000002,0.5969669866666664,0.0,121.99898780018879,646.9832260000001,49.99148709622094,323.43653594050403,0.12,0.08,0,,0.0,116.33416813333335,-79.28083480000002,0.0,2361.6584147079984,38180.28319483397,1180.8292073539992
2023-02-15 06:00:00,6,0,2,False,-0.06861111111111112,0.0,117.42472362222223,37.166666666666664,487.71666666666664,59.99538912777778,12.017777777777779,13.043333333333331,0.0,37.166666666666664,-0.06861111111111112,117.42472362222223,37.166666666666664,-80.32666806666667,487.71666666666664,59.99538912777778,0.0,80.32666806666667,0.5944669533333325,0.0,123.14264720755992,646.9832260000001,49.991521422445864,323.43675802542134,0.18,0.096,0,,0.0,117.42472362222223,-80.32666806666667,0.0,2361.6584147079984,38297.707918456195,1180.8292073539992
2023-02-15 07:00:00,7,0,2,False,-0.06944444444444445,2.4194444444444443,117.18889043055557,37.233333333333334,488.11944444444447,59.996916952777774,11.5875,12.78888888888889,2.4194444444444443,37.233333333333334,-0.06944444444444445,117.18889043055557,39.65277777777778,-77.60555709722225,488.11944444444447,59.996916952777774,0.0,77.60555709722225,0.5963003433333284,2.063345387791516,122.89533026590229,646.9832260000001,49.99141844377112,323.4360917706694,0.18,0.096,0,,2.4194444444444443,117.18889043055557,-77.60555709722225,1.2097222222222221,2364.0778591524427,38414.89680888675,1182.0389295762213
2023-02-15 08:00:00,8,0,2,False,-0.0663888888888889,15.522222222222222,119.08000130000002,37.422222222222224,487.8222222222222,59.98391698611112,11.25611111111111,12.597222222222221,15.522222222222222,37.422222222222224,-0.0663888888888889,119.08000130000002,52.94444444444444,-66.20194574444447,487.8222222222222,59.98391698611112,0.0,66.20194574444447,0.5807003833333425,13.027857745093277,124.87852759814034,646.9832260000001,49.99179603224518,323.43853470475995,0.18,0.096,0,,15.522222222222222,119.08000130000002,-66.20194574444447,7.761111111111111,2379.600081374665,38533.976810186745,1189.8000406873325
2023-02-15 09:00:00,9,0,2,False,-0.05416666666666667,25.616666666666667,119.32889037222222,37.083333333333336,486.8361111111111,59.9821115,11.374444444444444,12.61138888888889,25.616666666666667,37.083333333333336,-0.05416666666666667,119.32889037222222,62.7,-56.68305703888888,486.8361111111111,59.9821115,0.0,56.68305703888888,0.5785338000000024,21.45753953873209,125.13953616830378,646.9832260000001,49.99330638614147,323.4483064411221,0.18,0.096,0,,25.616666666666667,119.32889037222222,-56.68305703888888,12.808333333333334,2405.216748041332,38653.305700558965,1202.608374020666
2023-02-15 10:00:00,10,0,2,False,-0.06277777777777778,30.319444444444443,118.68527926944445,37.108333333333334,486.0111111111111,59.98644493333333,11.753055555555553,12.885555555555555,30.319444444444443,37.108333333333334,-0.06277777777777778,118.68527926944445,67.42777777777778,-51.32027926944445,486.0111111111111,59.98644493333333,0.0,51.32027926944445,0.5837339199999974,25.53258149932288,124.46458482480978,646.9832260000001,49.99224227316909,323.44142180868516,0.18,0.096,0,,30.319444444444443,118.68527926944445,-51.32027926944445,15.159722222222221,2435.536192485776,38771.99097982841,1217.768096242888
2023-02-15 11:00:00,11,0,2,False,-0.060000000000000005,30.680555555555557,114.69416806666668,37.05833333333333,485.78055555555557,60.01391624444444,12.144166666666665,13.268333333333334,30.680555555555557,37.05833333333333,-0.060000000000000005,114.69416806666668,67.73888888888888,-47.0152791777778,485.78055555555557,60.01391624444444,0.0,47.0152791777778,0.5833005066666743,26.73589645801068,120.27912895445172,646.9832260000001,49.99258553541824,323.44364265785833,0.12,0.08,0,,30.680555555555557,114.69416806666668,-47.0152791777778,15.340277777777779,2466.216748041332,38886.68514789508,1233.108374020666
2023-02-15 12:00:00,12,0,2,False,-0.06916666666666667,33.025,113.51555719722222,37.077777777777776,484.93888888888887,60.02199941944445,12.720277777777776,13.608055555555554,33.025,37.077777777777776,-0.06916666666666667,113.51555719722222,70.10277777777777,-43.481946086111115,484.93888888888887,60.02199941944445,0.0,43.481946086111115,0.5736006966666621,29.07521264881939,119.0431263647592,646.9832260000001,49.99145276999603,323.4363138555867,0.12,0.08,0,,33.025,113.51555719722222,-43.481946086111115,16.5125,2499.241748041332,39000.2007050923,1249.620874020666
2023-02-15 13:00:00,13,0,2,False,-0.07416666666666666,26.180555555555557,113.24250146666668,37.00555555555555,485.3222222222222,60.02466629444443,13.555833333333334,14.031388888888888,26.180555555555557,37.00555555555555,-0.07416666666666666,113.24250146666668,63.18611111111111,-50.130557022222234,485.3222222222222,60.02466629444443,0.0,50.130557022222234,0.5704004466666844,23.103887527605714,118.7567743559269,646.9832260000001,49.99083489794755,323.4323163270749,0.12,0.08,0,,26.180555555555557,113.24250146666668,-50.130557022222234,13.090277777777779,2525.4223035968876,39113.443206558964,1262.7111517984438
2023-02-15 14:00:00,14,0,2,False,-0.06388888888888888,18.5,116.53055697222224,37.00277777777778,484.525,60.016999405555545,14.207777777777777,14.419166666666666,18.5,37.00277777777778,-0.06388888888888888,116.53055697222224,55.50277777777778,-61.09166808333335,484.525,60.016999405555545,0.0,61.09166808333335,0.5796007133333461,15.866965071421541,122.20493967094303,646.9832260000001,49.99210496826942,323.4405334690158,0.12,0.08,0,,18.5,116.53055697222224,-61.09166808333335,9.25,2543.9223035968876,39229.97376353118,1271.9611517984438
2023-02-15 15:00:00,15,0,2,False,-0.07027777777777779,12.530555555555555,116.90833487500002,37.00833333333333,485.025,60.014304938888884,14.738333333333337,14.867777777777778,12.530555555555555,37.00833333333333,-0.07027777777777779,116.90833487500002,49.53888888888889,-67.4397237638889,485.025,60.014304938888884,0.0,67.4397237638889,0.5828340733333391,10.711834643439841,122.6011132327752,646.9832260000001,49.99131546509637,323.4354255159174,0.12,0.08,0,,12.530555555555555,116.90833487500002,-67.4397237638889,6.2652777777777775,2556.452859152443,39346.88209840618,1278.2264295762216
2023-02-15 16:00:00,16,0,2,False,-0.09916666666666668,6.597222222222222,116.01972378055558,37.02777777777778,486.2388888888889,60.01997199444443,15.096388888888885,15.141666666666667,6.597222222222222,37.02777777777778,-0.09916666666666668,116.01972378055558,43.625,-72.49389044722224,486.2388888888889,60.01997199444443,0.0,72.49389044722224,0.5760336066666809,5.68143753080448,121.6692317760222,646.9832260000001,49.98774553770515,323.4123286845159,0.12,0.08,0,,6.597222222222222,116.01972378055558,-72.49389044722224,3.298611111111111,2563.0500813746653,39462.90182218674,1281.5250406873326
2023-02-15 17:00:00,17,0,2,False,-0.09777777777777778,0.13055555555555556,120.87750148333333,37.08888888888889,487.0722222222222,59.985694624999994,15.259722222222223,15.270277777777778,0.13055555555555556,37.08888888888889,-0.09777777777777778,120.87750148333333,37.21944444444444,-83.75583481666668,487.0722222222222,59.985694624999994,0.0,83.75583481666668,0.5828335499999923,0.1079192016360355,126.7635559303667,646.9832260000001,49.98791716882973,323.4134391091025,0.12,0.08,0,,0.13055555555555556,120.87750148333333,-83.75583481666668,0.06527777777777778,2563.1806369302208,39583.77932367007,1281.5903184651104
2023-02-15 18:00:00,18,0,2,False,-0.09305555555555556,-0.1388888888888889,119.16333475833336,37.083333333333336,485.05833333333334,59.997639099999994,15.257500000000002,15.231388888888887,0.0,37.083333333333336,-0.09305555555555556,119.16333475833336,37.083333333333336,-82.17305698055559,485.05833333333334,59.997639099999994,0.0,82.17305698055559,0.5971669199999923,0.0,124.96591892718567,646.9832260000001,49.9885007146533,323.41721455269703,0.18,0.096,0,,0.0,119.16333475833336,-82.17305698055559,0.0,2563.1806369302208,39702.9426584284,1281.5903184651104
2023-02-15 19:00:00,19,0,2,False,-0.08833333333333333,0.0,118.10000137500002,37.013888888888886,486.2611111111111,60.0062776,15.12611111111111,15.11972222222222,0.0,37.013888888888886,-0.08833333333333333,118.10000137500002,37.013888888888886,-81.17444581944447,486.2611111111111,60.0062776,0.0,81.17444581944447,0.5924668800000035,0.0,123.85080718879998,646.9832260000001,49.98908426047686,323.42098999629144,0.18,0.096,0,,0.0,118.10000137500002,-81.17444581944447,0.0,2563.1806369302208,39821.0426598034,1281.5903184651104
2023-02-15 20:00:00,20,0,2,False,-0.08916666666666667,0.0,119.12833490833336,37.05277777777778,486.64722222222224,59.99894445277778,14.890833333333335,14.959722222222222,0.0,37.05277777777778,-0.08916666666666667,119.12833490833336,37.05277777777778,-82.16472379722225,486.64722222222224,59.99894445277778,0.0,82.16472379722225,0.5987333433333333,0.0,124.92921478134724,646.9832260000001,49.98898128180211,323.4203237415395,0.18,0.096,0,,0.0,119.12833490833336,-82.16472379722225,0.0,2563.1806369302208,39940.170994711734,1281.5903184651104
2023-02-15 21:00:00,21,0,2,False,-0.09583333333333334,0.0,118.03527926944446,37.00277777777778,487.30555555555554,60.00691662222222,14.684722222222222,14.82138888888889,0.0,37.00277777777778,-0.09583333333333334,118.03527926944446,37.00277777777778,-81.12833482500001,487.30555555555554,60.00691662222222,0.0,81.12833482500001,0.5917000533333351,0.0,123.78293348073316,646.9832260000001,49.98815745240414,323.41499370352375,0.18,0.096,0,,0.0,118.03527926944446,-81.12833482500001,0.0,2563.1806369302208,40058.20627398118,1281.5903184651104
2023-02-15 22:00:00,22,0,2,False,-0.10694444444444444,0.0,118.05777928611113,37.016666666666666,488.2888888888889,60.00602746666666,14.492499999999998,14.629722222222222,0.0,37.016666666666666,-0.10694444444444444,118.05777928611113,37.016666666666666,-81.14805706388891,488.2888888888889,60.00602746666666,0.0,81.14805706388891,0.5927670400000096,0.0,123.80652912166022,646.9832260000001,49.98678440340752,323.40611030683084,0.18,0.096,0,,0.0,118.05777928611113,-81.14805706388891,0.0,2563.1806369302208,40176.26405326729,1281.5903184651104
2023-02-15 23:00:00,23,0,2,False,-0.09555555555555555,0.0,116.51972369722223,37.21944444444444,488.1388888888889,60.003694149999994,14.18833333333333,14.455,0.0,37.21944444444444,-0.09555555555555555,116.51972369722223,37.21944444444444,-79.39583480833333,488.1388888888889,60.003694149999994,0.0,79.39583480833333,0.595567020000007,0.0,122.19357887638225,646.9832260000001,49.98819177862906,323.4152157884411,0.12,0.08,0,,0.0,116.51972369722223,-79.39583480833333,0.0,2563.1806369302208,40292.78377696451,1281.5903184651104
2023-02-16 00:00:00,0,0,3,False,-0.0963888888888889,0.0,115.10416820833335,37.233333333333334,488.90555555555557,60.00983317777778,13.873055555555556,14.287777777777778,0.0,37.233333333333334,-0.0963888888888889,115.10416820833335,37.233333333333334,-77.96722376388891,488.90555555555557,60.00983317777778,0.0,77.96722376388891,0.5882001866666655,0.0,120.7090937969728,646.9832260000001,49.98808879995431,323.4145495336891,0.12,0.08,0,,0.0,115.10416820833335,-77.96722376388891,0.0,2563.1806369302208,40407.88794517284,1281.5903184651104
2023-02-16 01:00:00,1,0,3,False,-0.09444444444444444,0.0,116.82333465,37.23888888888889,489.4888888888889,59.99855569444445,13.573611111111111,14.113333333333332,0.0,37.23888888888889,-0.09444444444444444,116.82333465,37.23888888888889,-79.67889020555556,489.4888888888889,59.99855569444445,0.0,79.67889020555556,0.5982668333333379,0.0,122.51197397490125,646.9832260000001,49.98832908352872,323.41610412811036,0.12,0.08,0,,0.0,116.82333465,-79.67889020555556,0.0,2563.1806369302208,40524.71127982284,1281.5903184651104
2023-02-16 02:00:00,2,0,3,False,-0.08277777777777778,0.0,116.38833480000002,37.25,489.8833333333333,60.00261086944445,13.276944444444446,13.931944444444447,0.0,37.25,-0.08277777777777778,116.38833480000002,37.25,-79.2211125777778,489.8833333333333,60.00261086944445,0.0,79.2211125777778,0.5968669566666562,0.0,122.05579207886184,646.9832260000001,49.98977078497517,323.42543169463795,0.12,0.08,0,,0.0,116.38833480000002,-79.2211125777778,0.0,2563.1806369302208,40641.09961462284,1281.5903184651104
2023-02-16 03:00:00,3,0,3,False,-0.08666666666666667,0.0,115.68444596944444,37.22222222222222,489.99444444444447,60.007027286111104,12.975555555555555,13.769722222222223,0.0,37.22222222222222,-0.08666666666666667,115.68444596944444,37.22222222222222,-78.5488904138889,489.99444444444447,60.007027286111104,0.0,78.5488904138889,0.5915672566666756,0.0,121.31762782127917,646.9832260000001,49.98929021782635,323.42232250579536,0.12,0.08,0,,0.0,115.68444596944444,-78.5488904138889,0.0,2563.1806369302208,40756.78406059229,1281.5903184651104
2023-02-16 04:00:00,4,0,3,False,-0.095,0.0,115.76750146666669,37.09444444444444,490.23333333333335,60.005833194444435,12.648333333333332,13.572222222222223,0.0,37.09444444444444,-0.095,115.76750146666669,37.09444444444444,-78.76805702222225,490.23333333333335,60.005833194444435,0.0,78.76805702222225,0.5930001666666783,0.0,121.40472765407071,646.9832260000001,49.988260431078885,323.4156599582757,0.12,0.08,0,,0.0,115.76750146666669,-78.76805702222225,0.0,2563.1806369302208,40872.55156205896,1281.5903184651104
2023-02-16 05:00:00,5,0,3,False,-0.08138888888888889,0.0,118.08583469166669,37.105555555555554,490.34444444444443,59.99025050555556,12.300555555555555,13.38388888888889,0.0,37.105555555555554,-0.08138888888888889,118.08583469166669,37.105555555555554,-81.06166802500003,490.34444444444443,59.99025050555556,0.0,81.06166802500003,0.5883006066666695,0.0,123.83595066766877,646.9832260000001,49.989942416099744,323.4265421192245,0.12,0.08,0,,0.0,118.08583469166669,-81.06166802500003,0.0,2563.1806369302208,40990.63739675062,1281.5903184651104
2023-02-16 06:00:00,6,0,3,False,-0.07666666666666667,-0.019444444444444445,117.92361252777779,37.11666666666667,488.4472222222222,59.99222265833333,11.92722222222222,13.144166666666665,0.0,37.11666666666667,-0.07666666666666667,117.92361252777779,37.11666666666667,-80.8836125277778,488.4472222222222,59.99222265833333,0.0,80.8836125277778,0.5906671899999992,0.0,123.66582919681663,646.9832260000001,49.99052596192331,323.43031756281897,0.18,0.096,0,,0.0,117.92361252777779,-80.8836125277778,0.0,2563.1806369302208,41108.5610092784,1281.5903184651104
2023-02-16 07:00:00,7,0,3,False,-0.07472222222222222,4.480555555555555,119.44250150833335,37.083333333333336,490.0388888888889,59.997083436111105,11.553611111111111,12.906666666666666,4.480555555555555,37.083333333333336,-0.07472222222222222,119.44250150833335,41.56388888888889,-77.95333484166667,490.0388888888889,59.997083436111105,0.0,77.95333484166667,0.5965001233333254,3.748878542942647,125.25867952773797,646.9832260000001,49.99076624549772,323.43187215724026,0.18,0.096,0,,4.480555555555555,119.44250150833335,-77.95333484166667,2.2402777777777776,2567.661192485776,41228.00351078673,1283.830596242888
2023-02-16 08:00:00,8,0,3,False,-0.065,18.133333333333333,120.20027904444444,37.05833333333333,490.02222222222224,59.99247257777778,11.3625,12.800277777777776,18.133333333333333,37.05833333333333,-0.065,120.20027904444444,55.19166666666666,-65.07361237777778,490.02222222222224,59.99247257777778,0.0,65.07361237777778,0.5909670933333387,15.077779287097565,126.05335656773981,646.9832260000001,49.99196766336976,323.43964512934656,0.18,0.096,0,,18.133333333333333,120.20027904444444,-65.07361237777778,9.066666666666666,2585.7945258191094,41348.203789831176,1292.8972629095547
2023-02-16 09:00:00,9,0,3,False,-0.07583333333333334,18.583333333333332,120.38833467500002,37.03055555555556,488.03333333333336,59.99088904444444,11.51388888888889,12.868333333333334,18.583333333333332,37.03055555555556,-0.07583333333333334,120.38833467500002,55.613888888888894,-64.85027911944447,488.03333333333336,59.99088904444444,0.0,64.85027911944447,0.589066853333324,15.42644060933355,126.25056944978503,646.9832260000001,49.99062894059806,323.43098381757096,0.18,0.096,0,,18.583333333333332,120.38833467500002,-64.85027911944447,9.291666666666666,2604.377859152443,41468.592124506176,1302.1889295762214
2023-02-16 10:00:00,10,0,3,False,-0.05944444444444444,16.366666666666667,119.71694596111112,37.025,488.0111111111111,59.99427813611112,11.750277777777779,13.034166666666664,16.366666666666667,37.025,-0.05944444444444444,119.71694596111112,53.391666666666666,-66.3847237388889,488.0111111111111,59.99427813611112,0.0,66.3847237388889,0.5931337633333441,13.664351222515666,125.54648788175389,646.9832260000001,49.99265418786808,323.444086827693,0.18,0.096,0,,16.366666666666667,119.71694596111112,-66.3847237388889,8.183333333333334,2620.7445258191096,41588.30907046729,1310.3722629095548
2023-02-16 11:00:00,11,0,3,False,-0.05527777777777779,17.980555555555554,119.32250164166668,37.013888888888886,487.7472222222222,59.99766676111111,12.058055555555555,13.19972222222222,17.980555555555554,37.013888888888886,-0.05527777777777779,119.32250164166668,54.99444444444444,-64.38333497500001,487.7472222222222,59.99766676111111,0.0,64.38333497500001,0.597200113333335,15.061894804039932,125.13283634250358,646.9832260000001,49.99316908124181,323.44741810145285,0.12,0.08,0,,17.980555555555554,119.32250164166668,-64.38333497500001,8.990277777777777,2638.725081374665,41707.631572108956,1319.3625406873325
2023-02-16 12:00:00,12,0,3,False,-0.06388888888888888,21.341666666666665,120.08444584444446,37.041666666666664,488.2944444444444,59.99297255833333,12.50111111111111,13.443888888888893,21.341666666666665,37.041666666666664,-0.06388888888888888,120.08444584444446,58.383333333333326,-61.765001400000024,488.2944444444444,59.99297255833333,0.0,61.765001400000024,0.5915670699999935,17.762765263483708,125.93188294240338,646.9832260000001,49.99210496826942,323.4405334690158,0.12,0.08,0,,21.341666666666665,120.08444584444446,-61.765001400000024,10.670833333333333,2660.0667480413317,41827.716017953404,1330.0333740206659
2023-02-16 13:00:00,13,0,3,False,-0.075,23.433333333333334,120.06472377222222,37.00277777777778,488.1611111111111,59.99222271944444,13.078888888888887,13.735833333333332,23.433333333333334,37.00277777777778,-0.075,120.06472377222222,60.43611111111112,-59.70361266111111,488.1611111111111,59.99222271944444,0.0,59.70361266111111,0.5906672633333301,19.505066765228744,125.91120051619068,646.9832260000001,49.990731919272804,323.4316500723229,0.12,0.08,0,,23.433333333333334,120.06472377222222,-59.70361266111111,11.716666666666667,2683.500081374665,41947.780741725626,1341.7500406873326
2023-02-16 14:00:00,14,0,3,False,-0.07333333333333333,6.888888888888889,120.53722358055558,37.00555555555555,487.1,59.98908395277778,13.580555555555552,13.960833333333332,6.888888888888889,37.00555555555555,-0.07333333333333333,120.53722358055558,43.894444444444446,-76.71611246944447,487.1,59.98908395277778,0.0,76.71611246944447,0.5869007433333394,5.711679860501166,126.40670840761588,646.9832260000001,49.9909378766223,323.4329825818269,0.12,0.08,0,,6.888888888888889,120.53722358055558,-76.71611246944447,3.4444444444444446,2690.388970263554,42068.31796530618,1345.194485131777
2023-02-16 15:00:00,15,0,3,False,-0.08777777777777779,9.4,120.33111256111113,37.013888888888886,487.2027777777778,59.990250430555555,13.891944444444446,14.177499999999998,9.4,37.013888888888886,-0.08777777777777779,120.33111256111113,46.413888888888884,-74.00500145000001,487.2027777777778,59.990250430555555,0.0,74.00500145000001,0.5883005166666663,7.8060842227876766,126.1905609407954,646.9832260000001,49.98915291292669,323.4214341661261,0.12,0.08,0,,9.4,120.33111256111113,-74.00500145000001,4.7,2699.788970263554,42188.649077867296,1349.894485131777
2023-02-16 16:00:00,16,0,3,False,-0.0813888888888889,3.5277777777777777,118.80277923611114,37.0,487.31111111111113,59.99972214444444,14.25,14.439444444444446,3.5277777777777777,37.0,-0.0813888888888889,118.80277923611114,40.52777777777778,-78.35639034722224,487.31111111111113,59.99972214444444,0.0,78.35639034722224,0.5996665733333287,2.9674075475453696,124.58780637897486,646.9832260000001,49.989942416099744,323.4265421192245,0.12,0.08,0,,3.5277777777777777,118.80277923611114,-78.35639034722224,1.7638888888888888,2703.3167480413317,42307.451857103406,1351.6583740206659
2023-02-16 17:00:00,17,0,3,False,-0.0875,0.03888888888888889,121.03361258611112,37.108333333333334,488.4583333333333,59.98488904722222,14.521666666666665,14.571944444444444,0.03888888888888889,37.108333333333334,-0.0875,121.03361258611112,37.147222222222226,-83.9738903638889,488.4583333333333,59.98488904722222,0.0,83.9738903638889,0.5818668566666616,0.03210744027903543,126.92726876580325,646.9832260000001,49.989187239151605,323.42165625104343,0.12,0.08,0,,0.03888888888888889,121.03361258611112,-83.9738903638889,0.019444444444444445,2703.3556369302205,42428.48546968952,1351.6778184651102
2023-02-16 18:00:00,18,0,3,False,-0.08777777777777779,-0.16666666666666666,119.78277932777779,37.05277777777778,484.55833333333334,59.99333366666667,14.696388888888887,14.703611111111108,0.0,37.05277777777778,-0.08777777777777779,119.78277932777779,37.05277777777778,-82.81777932777779,484.55833333333334,59.99333366666667,0.0,82.81777932777779,0.5920004000000062,0.0,125.61552696309761,646.9832260000001,49.98915291292669,323.4214341661261,0.18,0.096,0,,0.0,119.78277932777779,-82.81777932777779,0.0,2703.3556369302205,42548.268249017296,1351.6778184651102
2023-02-16 19:00:00,19,0,3,False,-0.08083333333333334,0.0,117.80861258611112,37.022222222222226,485.3666666666667,60.00816622222222,14.79888888888889,14.775277777777779,0.0,37.022222222222226,-0.08083333333333334,117.80861258611112,37.022222222222226,-80.86722369722223,485.3666666666667,60.00816622222222,0.0,80.86722369722223,0.5902005333333334,0.0,123.5452294048077,646.9832260000001,49.99001106854958,323.4269862890592,0.18,0.096,0,,0.0,117.80861258611112,-80.86722369722223,0.0,2703.3556369302205,42666.076861603404,1351.6778184651102
2023-02-16 20:00:00,20,0,3,False,-0.09666666666666666,0.0,118.39111249444446,37.03333333333333,486.18055555555554,60.003555383333335,14.777222222222223,14.778888888888888,0.0,37.03333333333333,-0.09666666666666666,118.39111249444446,37.03333333333333,-81.45444582777779,486.18055555555554,60.003555383333335,0.0,81.45444582777779,0.5957335399999977,0.0,124.15609378240757,646.9832260000001,49.98805447372939,323.41432744877176,0.18,0.096,0,,0.0,118.39111249444446,-81.45444582777779,0.0,2703.3556369302205,42784.467974097846,1351.6778184651102
2023-02-16 21:00:00,21,0,3,False,-0.08083333333333334,0.0,117.41500148333333,37.00277777777778,488.31666666666666,60.01058306111111,14.670555555555554,14.662777777777773,0.0,37.00277777777778,-0.08083333333333334,117.41500148333333,37.00277777777778,-80.49305703888888,488.31666666666666,60.01058306111111,0.0,80.49305703888888,0.5873003266666643,0.0,123.13245165518929,646.9832260000001,49.99001106854958,323.4269862890592,0.18,0.096,0,,0.0,117.41500148333333,-80.49305703888888,0.0,2703.3556369302205,42901.88297558118,1351.6778184651102
2023-02-16 22:00:00,22,0,3,False,-0.10222222222222221,0.0,118.22583488333336,37.01111111111111,491.4861111111111,60.00469418888889,14.434444444444447,14.482500000000002,0.0,37.01111111111111,-0.10222222222222221,118.22583488333336,37.01111111111111,-81.31694599444447,491.4861111111111,60.00469418888889,0.0,81.31694599444447,0.5943669733333309,0.0,123.98276808123889,646.9832260000001,49.987367949231086,323.40988575042536,0.18,0.096,0,,0.0,118.22583488333336,-81.31694599444447,0.0,2703.3556369302205,43020.10881046452,1351.6778184651102
2023-02-16 23:00:00,23,0,3,False,-0.1,0.0,118.72472370555558,37.21111111111111,490.7111111111111,60.00224985277778,14.075833333333332,14.279166666666667,0.0,37.21111111111111,-0.1,118.72472370555558,37.21111111111111,-81.61361259444446,490.7111111111111,60.00224985277778,0.0,81.61361259444446,0.5973001766666641,0.0,124.50594998310439,646.9832260000001,49.987642559030405,323.4116624297639,0.12,0.08,0,,0.0,118.72472370555558,-81.61361259444446,0.0,2703.3556369302205,43138.83353417007,1351.6778184651102
2023-02-17 00:00:00,0,0,4,False,-0.08416666666666665,0.0,117.4466680916667,37.09722222222222,491.3888888888889,60.01033324166666,13.887222222222224,14.103888888888887,0.0,37.09722222222222,-0.08416666666666665,117.4466680916667,37.09722222222222,-80.43361253611114,491.3888888888889,60.01033324166666,0.0,80.43361253611114,0.587600110000011,0.0,123.16566024923972,646.9832260000001,49.98959915385059,323.4243212700513,0.12,0.08,0,,0.0,117.4466680916667,-80.43361253611114,0.0,2703.3556369302205,43256.28020226174,1351.6778184651102
2023-02-17 01:00:00,1,0,4,False,-0.09222222222222223,0.0,118.5111125277778,37.016666666666666,491.65555555555557,60.002777422222216,13.77166666666667,14.099444444444442,0.0,37.016666666666666,-0.09222222222222223,118.5111125277778,37.016666666666666,-81.58666808333335,491.65555555555557,60.002777422222216,0.0,81.58666808333335,0.5966670933333403,0.0,124.28193714242437,646.9832260000001,49.988603693328045,323.41788080744897,0.12,0.08,0,,0.0,118.5111125277778,-81.58666808333335,0.0,2703.3556369302205,43374.791314789516,1351.6778184651102
2023-02-17 02:00:00,2,0,4,False,-0.08444444444444445,0.0,120.08583485833333,37.016666666666666,491.5083333333333,59.991945147222225,13.611944444444443,13.98611111111111,0.0,37.016666666666666,-0.08444444444444445,120.08583485833333,37.016666666666666,-83.1536126361111,491.5083333333333,59.991945147222225,0.0,83.1536126361111,0.5903341766666699,0.0,125.93333959345614,646.9832260000001,49.98956482762568,323.42409918513397,0.12,0.08,0,,0.0,120.08583485833333,-83.1536126361111,0.0,2703.3556369302205,43494.87714964785,1351.6778184651102
2023-02-17 03:00:00,3,0,4,False,-0.07694444444444445,0.0,119.36500156666668,37.13055555555555,490.93333333333334,59.99716668055555,13.390833333333335,13.832500000000001,0.0,37.13055555555555,-0.07694444444444445,119.36500156666668,37.13055555555555,-82.31139045555557,490.93333333333334,59.99716668055555,0.0,82.31139045555557,0.5966000166666617,0.0,125.17740577481038,646.9832260000001,49.9904916356984,323.4300954779017,0.12,0.08,0,,0.0,119.36500156666668,-82.31139045555557,0.0,2703.3556369302205,43614.242151214516,1351.6778184651102
2023-02-17 04:00:00,4,0,4,False,-0.07666666666666667,0.0,118.99055703055556,37.24166666666667,489.475,59.99969434722223,13.037777777777778,13.65194444444444,0.0,37.24166666666667,-0.07666666666666667,118.99055703055556,37.24166666666667,-81.82555703055557,489.475,59.99969434722223,0.0,81.82555703055557,0.5996332166666775,0.0,124.784727895853,646.9832260000001,49.99052596192331,323.43031756281897,0.12,0.08,0,,0.0,118.99055703055556,-81.82555703055557,0.0,2703.3556369302205,43733.23270824507,1351.6778184651102
2023-02-17 05:00:00,5,0,4,False,-0.0625,0.0,120.60972372222224,37.09444444444444,487.26944444444445,59.988611608333336,12.628888888888888,13.426111111111112,0.0,37.09444444444444,-0.0625,120.60972372222224,37.09444444444444,-83.57777927777781,487.26944444444445,59.988611608333336,0.0,83.57777927777781,0.5863339300000036,0.0,126.48273889840485,646.9832260000001,49.992276599394,323.4416438936025,0.12,0.08,0,,0.0,120.60972372222224,-83.57777927777781,0.0,2703.3556369302205,43853.84243196729,1351.6778184651102
2023-02-17 06:00:00,6,0,4,False,-0.07388888888888889,0.0,120.32555713055558,37.06111111111111,484.73333333333335,59.99058336111111,12.172500000000001,13.142222222222225,0.0,37.06111111111111,-0.07388888888888889,120.32555713055558,37.06111111111111,-83.33833490833337,484.73333333333335,59.99058336111111,0.0,83.33833490833337,0.5887000333333361,0.0,126.18473499201829,646.9832260000001,49.990869224172464,323.4325384119922,0.18,0.096,0,,0.0,120.32555713055558,-83.33833490833337,0.0,2703.3556369302205,43974.16798909785,1351.6778184651102
2023-02-17 07:00:00,7,0,4,False,-0.056666666666666664,2.9833333333333334,118.0111125277778,37.044444444444444,484.6694444444444,60.00724969444445,11.668888888888887,12.83611111111111,2.9833333333333334,37.044444444444444,-0.056666666666666664,118.0111125277778,40.02777777777778,-78.04000141666668,484.6694444444444,60.00724969444445,0.0,78.04000141666668,0.591300366666664,2.5267971953805586,123.75758995467312,646.9832260000001,49.99299745011723,323.4463076768662,0.18,0.096,0,,2.9833333333333334,118.0111125277778,-78.04000141666668,1.4916666666666667,2706.3389702635536,44092.179101625625,1353.1694851317768
2023-02-17 08:00:00,8,0,4,False,-0.049444444444444444,16.266666666666666,106.4419458027778,37.175,484.1694444444444,59.987917072222224,11.248611111111112,12.616944444444442,16.266666666666666,37.175,-0.049444444444444444,106.4419458027778,53.44166666666666,-53.04972358055558,484.1694444444444,59.987917072222224,0.0,53.04972358055558,0.585500486666669,15.275100295810976,111.62506988091494,646.9832260000001,49.993889931965036,323.4520818847166,0.18,0.096,0,,16.266666666666666,106.4419458027778,-53.04972358055558,8.133333333333333,2722.6056369302205,44198.6210474284,1361.3028184651102
2023-02-17 09:00:00,9,0,4,False,-0.03361111111111111,27.252777777777776,-0.6297222222222222,37.125,482.9472222222222,59.99019485833333,11.305277777777778,12.561666666666666,27.252777777777776,37.125,-0.03361111111111111,0.0,64.37777777777778,64.34416666666667,482.9472222222222,59.99019485833333,64.34416666666667,0.0,0.5882338299999986,42.33258543320676,0.0,646.9832260000001,49.99584652678522,323.464740725004,0.18,0.096,0,,27.252777777777776,0.0,64.34416666666667,13.626388888888888,2749.8584147079982,44198.6210474284,1374.9292073539991
2023-02-17 10:00:00,10,0,4,False,-0.04972222222222223,34.266666666666666,-0.6913888888888889,37.013888888888886,485.18333333333334,59.992139325000004,11.751388888888888,12.940277777777778,34.266666666666666,37.013888888888886,-0.04972222222222223,0.0,71.28055555555555,71.23083333333332,485.18333333333334,59.992139325000004,71.23083333333332,0.0,0.5905671900000043,48.072951171037765,0.0,646.9832260000001,49.993855605740116,323.4518597997993,0.18,0.096,0,,34.266666666666666,0.0,71.23083333333332,17.133333333333333,2784.125081374665,44198.6210474284,1392.0625406873326
2023-02-17 11:00:00,11,0,4,False,-0.03666666666666667,37.38611111111111,-0.6636111111111112,37.0,486.5888888888889,60.02466620833333,12.039722222222222,13.327499999999999,37.38611111111111,37.0,-0.03666666666666667,0.0,74.38611111111112,74.34944444444446,486.5888888888889,60.02466620833333,74.34944444444446,0.0,0.570400550000005,50.25953172261847,0.0,646.9832260000001,49.99546893831115,323.46229779091345,0.12,0.08,0,,37.38611111111111,0.0,74.34944444444446,18.693055555555556,2821.511192485776,44198.6210474284,1410.755596242888
2023-02-17 12:00:00,12,0,4,False,-0.04666666666666667,37.63611111111111,-0.6627777777777778,37.01111111111111,483.7138888888889,60.033249777777776,12.575555555555557,13.700833333333334,37.63611111111111,37.01111111111111,-0.04666666666666667,0.0,74.64722222222223,74.60055555555556,483.7138888888889,60.033249777777776,74.60055555555556,0.0,0.5601002666666687,50.418635805455295,0.0,646.9832260000001,49.99423319421419,323.45430273388985,0.12,0.08,0,,37.63611111111111,0.0,74.60055555555556,18.818055555555556,2859.147303596887,44198.6210474284,1429.5736517984435
2023-02-17 13:00:00,13,0,4,False,-0.058611111111111114,35.78333333333333,23.45861143333334,37.05833333333333,484.10277777777776,60.01813814999999,13.378055555555557,14.01472222222222,35.78333333333333,37.05833333333333,-0.058611111111111114,23.45861143333334,72.84166666666667,49.32444412222222,484.10277777777776,60.01813814999999,49.32444412222222,0.0,0.5782342200000101,49.1248140944972,24.600913867235295,646.9832260000001,49.99275716654282,323.444753082445,0.12,0.08,0,,35.78333333333333,23.45861143333334,49.32444412222222,17.891666666666666,2894.9306369302203,44222.07965886174,1447.4653184651102
2023-02-17 14:00:00,14,0,4,False,-0.058055555555555555,30.891666666666666,115.07472370555557,37.00277777777778,487.56666666666666,60.02658293333333,14.331944444444444,14.436944444444444,30.891666666666666,37.00277777777778,-0.058055555555555555,115.07472370555557,67.89444444444445,-47.23833481666668,487.56666666666666,60.02658293333333,0.0,47.23833481666668,0.5681004800000039,26.83133931528488,120.67821551252025,646.9832260000001,49.99282581899265,323.44519725227957,0.12,0.08,0,,30.891666666666666,115.07472370555557,-47.23833481666668,15.445833333333333,2925.822303596887,44337.15438256729,1462.9111517984436
2023-02-17 15:00:00,15,0,4,False,-0.07777777777777778,21.991666666666667,115.65777916111112,37.0,486.5722222222222,60.0299997111111,14.907222222222224,15.042222222222222,21.991666666666667,37.0,-0.07777777777777778,115.65777916111112,58.99166666666667,-56.74389027222223,486.5722222222222,60.0299997111111,0.0,56.74389027222223,0.5640003466666769,19.001651046859166,121.28966248936742,646.9832260000001,49.99038865702365,323.4294292231497,0.12,0.08,0,,21.991666666666667,115.65777916111112,-56.74389027222223,10.995833333333334,2947.813970263554,44452.812161728405,1473.906985131777
2023-02-17 16:00:00,16,0,4,False,-0.07472222222222222,11.286111111111111,119.7094458027778,37.01111111111111,487.4916666666667,60.00999963055555,15.187777777777777,15.384166666666669,11.286111111111111,37.01111111111111,-0.07472222222222222,119.7094458027778,48.297222222222224,-71.4869458027778,487.4916666666667,60.00999963055555,0.0,71.4869458027778,0.5880004433333426,9.422039070101151,125.53862250789436,646.9832260000001,49.99076624549772,323.43187215724026,0.12,0.08,0,,11.286111111111111,119.7094458027778,-71.4869458027778,5.643055555555556,2959.100081374665,44572.521607531184,1479.5500406873325
2023-02-17 17:00:00,17,0,4,False,-0.0825,0.12777777777777777,121.68333491666668,37.02777777777778,487.8722222222222,59.988917125,15.241944444444442,15.325555555555557,0.12777777777777777,37.02777777777778,-0.0825,121.68333491666668,37.15555555555556,-84.61027936111113,487.8722222222222,59.988917125,0.0,84.61027936111113,0.5867005500000004,0.1049372985987617,127.60862891949525,646.9832260000001,49.989805111200084,323.42565377955526,0.12,0.08,0,,0.12777777777777777,121.68333491666668,-84.61027936111113,0.06388888888888888,2959.2278591524428,44694.204942447854,1479.6139295762214
2023-02-17 18:00:00,18,0,4,False,-0.0963888888888889,-0.175,122.4955570388889,37.03611111111111,489.7027777777778,59.98219471944445,15.20111111111111,15.280555555555555,0.0,37.03611111111111,-0.0963888888888889,122.4955570388889,37.03611111111111,-85.55583481666669,489.7027777777778,59.98219471944445,0.0,85.55583481666669,0.5786336633333405,0.0,128.4604016907284,646.9832260000001,49.98808879995431,323.4145495336891,0.18,0.096,0,,0.0,122.4955570388889,-85.55583481666669,0.0,2959.2278591524428,44816.700499486746,1479.6139295762214
2023-02-17 19:00:00,19,0,4,False,-0.08694444444444445,0.0,120.9163904138889,37.11666666666667,491.31111111111113,59.9943894138889,15.030555555555555,15.140555555555554,0.0,37.11666666666667,-0.08694444444444445,120.9163904138889,37.11666666666667,-83.88666819166667,491.31111111111113,59.9943894138889,0.0,83.88666819166667,0.5932672966666758,0.0,126.80433853310961,646.9832260000001,49.98925589160144,323.42210042087805,0.18,0.096,0,,0.0,120.9163904138889,-83.88666819166667,0.0,2959.2278591524428,44937.61688990064,1479.6139295762214
2023-02-17 20:00:00,20,0,4,False,-0.1036111111111111,0.0,118.80750132500002,37.16111111111111,490.80555555555554,60.0086107,14.625555555555557,14.877222222222226,0.0,37.16111111111111,-0.1036111111111111,118.80750132500002,37.16111111111111,-81.75000132500001,490.80555555555554,60.0086107,0.0,81.75000132500001,0.5896671600000019,0.0,124.59275840703326,646.9832260000001,49.987196318106506,323.40877532583875,0.18,0.096,0,,0.0,118.80750132500002,-81.75000132500001,0.0,2959.2278591524428,45056.424391225635,1479.6139295762214
2023-02-17 21:00:00,21,0,4,False,-0.08277777777777778,0.0,118.05805712222224,37.144444444444446,491.1777777777778,60.01538883888888,14.32472222222222,14.627499999999996,0.0,37.144444444444446,-0.08277777777777778,118.05805712222224,37.144444444444446,-80.99639045555557,491.1777777777778,60.01538883888888,0.0,80.99639045555557,0.581533393333342,0.0,123.80682048682725,646.9832260000001,49.98977078497517,323.42543169463795,0.18,0.096,0,,0.0,118.05805712222224,-80.99639045555557,0.0,2959.2278591524428,45174.48244834786,1479.6139295762214
2023-02-17 22:00:00,22,0,4,False,-0.09222222222222223,0.0,117.05277923611112,37.11666666666667,489.65277777777777,60.02247173055555,14.023888888888889,14.47277777777778,0.0,37.11666666666667,-0.09222222222222223,117.05277923611112,37.11666666666667,-80.02833479166667,489.65277777777777,60.02247173055555,0.0,80.02833479166667,0.5730339233333381,0.0,122.75259122184548,646.9832260000001,49.988603693328045,323.41788080744897,0.18,0.096,0,,0.0,117.05277923611112,-80.02833479166667,0.0,2959.2278591524428,45291.53522758397,1479.6139295762214
2023-02-17 23:00:00,23,0,4,False,-0.08444444444444445,0.0,119.10750157500001,37.23888888888889,487.61944444444447,60.00730540277778,13.738888888888889,14.301388888888889,0.0,37.23888888888889,-0.08444444444444445,119.10750157500001,37.23888888888889,-81.95305713055558,487.61944444444447,60.00730540277778,0.0,81.95305713055558,0.5912335166666622,0.0,124.9073669818576,646.9832260000001,49.98956482762568,323.42409918513397,0.12,0.08,0,,0.0,119.10750157500001,-81.95305713055558,0.0,2959.2278591524428,45410.64272915897,1479.6139295762214
2023-02-18 00:00:00,0,0,5,True,-0.08861111111111111,0.0,117.5288902888889,37.13055555555555,486.4138888888889,60.01855537777778,13.404444444444445,14.098055555555554,0.0,37.13055555555555,-0.08861111111111111,117.5288902888889,37.13055555555555,-80.48694584444445,486.4138888888889,60.01855537777778,0.0,80.48694584444445,0.5777335466666642,0.0,123.2518862050081,646.9832260000001,49.989049934251945,323.4207679113741,0.12,0.08,0,,0.0,117.5288902888889,-80.48694584444445,0.0,2959.2278591524428,45528.17161944786,1479.6139295762214
2023-02-18 01:00:00,1,0,5,True,-0.09250000000000001,0.0,120.58000134166666,37.080555555555556,487.74444444444447,59.99616663333333,13.026944444444444,13.873333333333335,0.0,37.080555555555556,-0.09250000000000001,120.58000134166666,37.080555555555556,-83.5919457861111,487.74444444444447,59.99616663333333,0.0,83.5919457861111,0.5953999599999974,0.0,126.45156920508964,646.9832260000001,49.988569367103125,323.4176587225316,0.12,0.08,0,,0.0,120.58000134166666,-83.5919457861111,0.0,2959.2278591524428,45648.751620789524,1479.6139295762214
2023-02-18 02:00:00,2,0,5,True,-0.08583333333333334,0.0,119.00889042222225,37.05,488.4555555555556,60.00808289444445,12.647222222222222,13.669722222222223,0.0,37.05,-0.08583333333333334,119.00889042222225,37.05,-82.04472375555558,488.4555555555556,60.00808289444445,0.0,82.04472375555558,0.5903005266666611,0.0,124.80395402057773,646.9832260000001,49.9893931965011,323.42298876054736,0.12,0.08,0,,0.0,119.00889042222225,-82.04472375555558,0.0,2959.2278591524428,45767.760511211745,1479.6139295762214
2023-02-18 03:00:00,3,0,5,True,-0.0761111111111111,0.0,122.40027941944444,37.06666666666667,488.13055555555553,59.98488956388889,12.262777777777778,13.436111111111112,0.0,37.06666666666667,-0.0761111111111111,122.40027941944444,37.06666666666667,-85.4097238638889,488.13055555555553,59.98488956388889,0.0,85.4097238638889,0.5818674766666703,0.0,128.3604845871057,646.9832260000001,49.990594614373144,323.43076173265365,0.12,0.08,0,,0.0,122.40027941944444,-85.4097238638889,0.0,2959.2278591524428,45890.16079063119,1479.6139295762214
2023-02-18 04:00:00,4,0,5,True,-0.07250000000000001,0.0,118.92416811666666,37.05833333333333,488.01666666666665,60.00916617222222,11.887777777777778,13.192222222222219,0.0,37.05833333333333,-0.07250000000000001,118.92416811666666,37.05833333333333,-81.93833478333333,488.01666666666665,60.00916617222222,0.0,81.93833478333333,0.5890005933333328,0.0,124.71510621526198,646.9832260000001,49.991040855297044,323.4336488365788,0.12,0.08,0,,0.0,118.92416811666666,-81.93833478333333,0.0,2959.2278591524428,46009.08495874786,1479.6139295762214
2023-02-18 05:00:00,5,0,5,True,-0.07666666666666667,0.0,123.82055708055559,37.125,485.175,59.97502819722223,11.53527777777778,12.970833333333333,0.0,37.125,-0.07666666666666667,123.82055708055559,37.125,-86.77222374722226,485.175,59.97502819722223,0.0,86.77222374722226,0.5700338366666756,0.0,129.8499217819648,646.9832260000001,49.99052596192331,323.43031756281897,0.12,0.08,0,,0.0,123.82055708055559,-86.77222374722226,0.0,2959.2278591524428,46132.90551582842,1479.6139295762214
2023-02-18 06:00:00,6,0,5,True,-0.06277777777777778,0.0,122.16722367222224,37.102777777777774,487.9861111111111,59.985805875000004,11.142222222222223,12.719722222222224,0.0,37.102777777777774,-0.06277777777777778,122.16722367222224,37.102777777777774,-85.12722367222224,487.9861111111111,59.985805875000004,0.0,85.12722367222224,0.5829670500000048,0.0,128.11608033581524,646.9832260000001,49.99224227316909,323.44142180868516,0.18,0.096,0,,0.0,122.16722367222224,-85.12722367222224,0.0,2959.2278591524428,46255.07273950064,1479.6139295762214
2023-02-18 07:00:00,7,0,5,True,-0.05472222222222222,3.0972222222222223,122.73944614444444,37.102777777777774,488.1111111111111,59.982277925,10.740833333333333,12.477222222222226,3.0972222222222223,37.102777777777774,-0.05472222222222222,122.73944614444444,40.199999999999996,-82.59416836666666,488.1111111111111,59.982277925,0.0,82.59416836666666,0.5787335099999978,2.5222877140010707,128.7161668239708,646.9832260000001,49.993237733691636,323.4478622712875,0.18,0.096,0,,3.0972222222222223,122.73944614444444,-82.59416836666666,1.5486111111111112,2962.325081374665,46377.81218564508,1481.1625406873325
2023-02-18 08:00:00,8,0,5,True,-0.065,15.858333333333333,120.46361246944447,37.102777777777774,487.7361111111111,59.99769459166667,10.5075,12.324444444444442,15.858333333333333,37.102777777777774,-0.065,120.46361246944447,52.96111111111111,-67.56750135833336,487.7361111111111,59.99769459166667,0.0,67.56750135833336,0.5972335100000066,13.15731842292105,126.32951284941916,646.9832260000001,49.99196766336976,323.43964512934656,0.18,0.096,0,,15.858333333333333,120.46361246944447,-67.56750135833336,7.929166666666666,2978.183414707998,46498.275798114526,1489.091707353999
2023-02-18 09:00:00,9,0,5,True,-0.0661111111111111,26.71388888888889,121.20361253611114,37.02777777777778,487.8305555555556,59.99286104722222,10.678333333333333,12.342777777777776,26.71388888888889,37.02777777777778,-0.0661111111111111,121.20361253611114,63.74166666666667,-57.52805698055558,487.8305555555556,59.99286104722222,0.0,57.52805698055558,0.5914332566666644,22.02848995236478,127.10554675720398,646.9832260000001,49.991830358470104,323.43875678967726,0.18,0.096,0,,26.71388888888889,121.20361253611114,-57.52805698055558,13.356944444444444,3004.897303596887,46619.47941065064,1502.4486517984435
2023-02-18 10:00:00,10,0,5,True,-0.06194444444444445,33.58888888888889,121.0547238388889,37.05277777777778,485.55833333333334,59.994167088888894,11.20111111111111,12.720277777777776,33.58888888888889,37.05277777777778,-0.06194444444444445,121.0547238388889,70.64166666666667,-50.47500161666668,485.55833333333334,59.994167088888894,0.0,50.47500161666668,0.5930005066666723,27.732672442997668,126.94940801785113,646.9832260000001,49.99234525184384,323.44208806343715,0.18,0.096,0,,33.58888888888889,121.0547238388889,-50.47500161666668,16.794444444444444,3038.486192485776,46740.53413448953,1519.243096242888
2023-02-18 11:00:00,11,0,5,True,-0.05472222222222223,36.74722222222222,121.1469458027778,37.125,483.9583333333333,59.99391693888889,11.578611111111112,13.134444444444444,36.74722222222222,37.125,-0.05472222222222223,121.1469458027778,73.87222222222222,-47.3294458027778,483.9583333333333,59.99391693888889,0.0,47.3294458027778,0.5927003266666645,30.319073013617643,127.0461206726792,646.9832260000001,49.993237733691636,323.4478622712875,0.12,0.08,0,,36.74722222222222,121.1469458027778,-47.3294458027778,18.37361111111111,3075.2334147079982,46861.68108029231,1537.6167073539991
2023-02-18 12:00:00,12,0,5,True,-0.05638888888888889,38.40555555555556,121.21194591111113,37.12777777777778,483.76944444444445,59.99319490277778,12.172777777777778,13.518611111111113,38.40555555555556,37.12777777777778,-0.05638888888888889,121.21194591111113,75.53333333333333,-45.73500146666669,483.76944444444445,59.99319490277778,0.0,45.73500146666669,0.5918338833333365,31.669896035840967,127.11428592069542,646.9832260000001,49.99303177634214,323.44652976178355,0.12,0.08,0,,38.40555555555556,121.21194591111113,-45.73500146666669,19.20277777777778,3113.638970263554,46982.89302620342,1556.819485131777
2023-02-18 13:00:00,13,0,5,True,-0.0525,34.897222222222226,121.71527919444448,37.15277777777778,482.80555555555554,59.98997254722223,12.942777777777776,13.814722222222226,34.897222222222226,37.15277777777778,-0.0525,121.71527919444448,72.05000000000001,-49.71777919444447,482.80555555555554,59.98997254722223,0.0,49.71777919444447,0.587967056666676,28.65883113996578,127.6421287039303,646.9832260000001,49.99351234349096,323.4496389506261,0.12,0.08,0,,34.897222222222226,121.71527919444448,-49.71777919444447,17.448611111111113,3148.536192485776,47104.608305397865,1574.268096242888
2023-02-18 14:00:00,14,0,5,True,-0.0675,28.92222222222222,122.15250160833335,37.13055555555555,483.0472222222222,59.985639336111106,13.850277777777778,14.205277777777777,28.92222222222222,37.13055555555555,-0.0675,122.15250160833335,66.05277777777778,-56.16722383055558,483.0472222222222,59.985639336111106,0.0,56.16722383055558,0.5827672033333272,23.664066307989813,128.10064139021918,646.9832260000001,49.99165872734552,323.43764636509064,0.12,0.08,0,,28.92222222222222,122.15250160833335,-56.16722383055558,14.46111111111111,3177.4584147079986,47226.7608070062,1588.7292073539993
2023-02-18 15:00:00,15,0,5,True,-0.075,14.805555555555555,120.62805707222225,37.041666666666664,482.25,59.99413885277777,14.455,14.8,14.805555555555555,37.041666666666664,-0.075,120.62805707222225,51.84722222222222,-68.85583485000002,482.25,59.99413885277777,0.0,68.85583485000002,0.5929666233333278,12.266098237012095,126.50196497943395,646.9832260000001,49.990731919272804,323.4316500723229,0.12,0.08,0,,14.805555555555555,120.62805707222225,-68.85583485000002,7.402777777777778,3192.2639702635543,47347.38886407842,1596.1319851317771
2023-02-18 16:00:00,16,0,5,True,-0.08472222222222223,9.880555555555556,119.64722372222225,37.019444444444446,487.30555555555554,59.994472408333344,14.8,15.128611111111109,9.880555555555556,37.019444444444446,-0.08472222222222223,119.64722372222225,46.900000000000006,-72.83194594444447,487.30555555555554,59.994472408333344,0.0,72.83194594444447,0.5933668900000129,8.25222999394007,125.47337056198369,646.9832260000001,49.98953050140076,323.42387710021666,0.12,0.08,0,,9.880555555555556,119.64722372222225,-72.83194594444447,4.940277777777778,3202.1445258191097,47467.03608780064,1601.0722629095549
2023-02-18 17:00:00,17,0,5,True,-0.0925,1.1527777777777777,120.49166808333335,37.05,487.0888888888889,59.989666980555555,14.975833333333336,15.19,1.1527777777777777,37.05,-0.0925,120.49166808333335,38.202777777777776,-82.38139030555558,487.0888888888889,59.989666980555555,0.0,82.38139030555558,0.5876003766666656,0.9559943034819591,126.3589346139057,646.9832260000001,49.988569367103125,323.4176587225316,0.12,0.08,0,,1.1527777777777777,120.49166808333335,-82.38139030555558,0.5763888888888888,3203.2973035968876,47587.52775588397,1601.6486517984438
2023-02-18 18:00:00,18,0,5,True,-0.09083333333333334,0.0,119.53500126666667,37.077777777777776,485.89444444444445,59.995722405555554,14.951666666666668,15.13722222222222,0.0,37.077777777777776,-0.09083333333333334,119.53500126666667,37.077777777777776,-82.54805682222224,485.89444444444445,59.995722405555554,0.0,82.54805682222224,0.5948668866666651,0.0,125.35568350403747,646.9832260000001,49.98877532445262,323.4189912320355,0.18,0.096,0,,0.0,119.53500126666667,-82.54805682222224,0.0,3203.2973035968876,47707.06275715064,1601.6486517984438
2023-02-18 19:00:00,19,0,5,True,-0.08972222222222223,0.0,116.70444583611113,37.019444444444446,487.6638888888889,60.015471677777775,14.808055555555557,15.028055555555557,0.0,37.019444444444446,-0.08972222222222223,116.70444583611113,37.019444444444446,-79.77472361388891,487.6638888888889,60.015471677777775,0.0,79.77472361388891,0.5814339866666699,0.0,122.38729594446582,646.9832260000001,49.98891262935228,323.4198795717048,0.18,0.096,0,,0.0,116.70444583611113,-79.77472361388891,0.0,3203.2973035968876,47823.76720298675,1601.6486517984438
2023-02-18 20:00:00,20,0,5,True,-0.10166666666666666,0.0,117.87166817500001,37.01111111111111,488.6666666666667,59.999777441666666,14.622499999999999,14.871388888888891,0.0,37.01111111111111,-0.10166666666666666,117.87166817500001,37.01111111111111,-80.96222373055558,488.6666666666667,59.999777441666666,0.0,80.96222373055558,0.5997329299999989,0.0,123.61135544621946,646.9832260000001,49.98743660168091,323.41032992026,0.18,0.096,0,,0.0,117.87166817500001,-80.96222373055558,0.0,3203.2973035968876,47941.638871161755,1601.6486517984438
2023-02-18 21:00:00,21,0,5,True,-0.09472222222222222,0.0,114.74139033055556,37.01111111111111,488.5388888888889,60.02155527499999,14.385000000000002,14.71611111111111,0.0,37.01111111111111,-0.09472222222222222,114.74139033055556,37.01111111111111,-77.82500144166666,488.5388888888889,60.02155527499999,0.0,77.82500144166666,0.5741336700000118,0.0,120.32865067699048,646.9832260000001,49.988294757303805,323.41588204319305,0.18,0.096,0,,0.0,114.74139033055556,-77.82500144166666,0.0,3203.2973035968876,48056.38026149231,1601.6486517984438
2023-02-18 22:00:00,22,0,5,True,-0.09444444444444444,0.0,116.33972377222223,37.21666666666667,487.1972222222222,60.009277447222225,14.06,14.4775,0.0,37.21666666666667,-0.09444444444444444,116.33972377222223,37.21666666666667,-79.21750155000001,487.1972222222222,60.009277447222225,0.0,79.21750155000001,0.5888670633333305,0.0,122.00481396744387,646.9832260000001,49.98832908352872,323.41610412811036,0.18,0.096,0,,0.0,116.33972377222223,-79.21750155000001,0.0,3203.2973035968876,48172.719985264535,1601.6486517984438
2023-02-18 23:00:00,23,0,5,True,-0.09555555555555557,0.0,114.95500146666669,37.17777777777778,487.2972222222222,60.023277422222215,13.82638888888889,14.301944444444446,0.0,37.17777777777778,-0.09555555555555557,114.95500146666669,37.17777777777778,-77.87277924444446,487.2972222222222,60.023277422222215,0.0,77.87277924444446,0.5720670933333423,0.0,120.55266347397493,646.9832260000001,49.98819177862906,323.4152157884411,0.12,0.08,0,,0.0,114.95500146666669,-77.87277924444446,0.0,3203.2973035968876,48287.6749867312,1601.6486517984438
2023-02-19 00:00:00,0,0,6,True,-0.08805555555555555,0.0,116.11611261944446,37.19722222222222,487.84166666666664,60.019860830555544,13.535555555555554,14.122499999999999,0.0,37.19722222222222,-0.08805555555555555,116.11611261944446,37.19722222222222,-79.0069459527778,487.84166666666664,60.019860830555544,0.0,79.0069459527778,0.5761670033333474,0.0,121.7703142092262,646.9832260000001,49.98911858670177,323.42121208120875,0.12,0.08,0,,0.0,116.11611261944446,-79.0069459527778,0.0,3203.2973035968876,48403.791099350645,1601.6486517984438
2023-02-19 01:00:00,1,0,6,True,-0.09361111111111112,0.0,119.05583480833334,37.21666666666667,487.5888888888889,59.996500058333325,13.223055555555554,13.93638888888889,0.0,37.21666666666667,-0.09361111111111112,119.05583480833334,37.21666666666667,-81.93277925277779,487.5888888888889,59.996500058333325,0.0,81.93277925277779,0.59580006999999,0.0,124.85318433425385,646.9832260000001,49.988432062203465,323.41677038286235,0.12,0.08,0,,0.0,119.05583480833334,-81.93277925277779,0.0,3203.2973035968876,48522.84693415898,1601.6486517984438
2023-02-19 02:00:00,2,0,6,True,-0.07833333333333334,0.0,117.3261126361111,37.19166666666667,488.7138888888889,60.00422220277778,12.913611111111113,13.764999999999999,0.0,37.19166666666667,-0.07833333333333334,117.3261126361111,37.19166666666667,-80.21277930277778,488.7138888888889,60.00422220277778,0.0,80.21277930277778,0.5949333566666609,0.0,123.03923442106243,646.9832260000001,49.99032000457382,323.42898505331505,0.12,0.08,0,,0.0,117.3261126361111,-80.21277930277778,0.0,3203.2973035968876,48640.17304679509,1601.6486517984438
2023-02-19 03:00:00,3,0,6,True,-0.0875,0.0,116.60055708888892,37.09166666666667,489.025,60.00833287222222,12.60333333333333,13.568888888888889,0.0,37.09166666666667,-0.0875,116.60055708888892,37.09166666666667,-79.59639042222226,489.025,60.00833287222222,0.0,79.59639042222226,0.590000553333337,0.0,122.2783483995759,646.9832260000001,49.989187239151605,323.42165625104343,0.12,0.08,0,,0.0,116.60055708888892,-79.59639042222226,0.0,3203.2973035968876,48756.77360388398,1601.6486517984438
2023-02-19 04:00:00,4,0,6,True,-0.09138888888888888,0.0,116.5302793027778,37.09722222222222,488.10277777777776,60.00830499722223,12.284722222222221,13.385555555555555,0.0,37.09722222222222,-0.09138888888888888,116.5302793027778,37.09722222222222,-79.52444596944447,488.10277777777776,60.00830499722223,0.0,79.52444596944447,0.5900340033333208,0.0,122.20464848055839,646.9832260000001,49.98870667200279,323.41854706220096,0.12,0.08,0,,0.0,116.5302793027778,-79.52444596944447,0.0,3203.2973035968876,48873.30388318676,1601.6486517984438
2023-02-19 05:00:00,5,0,6,True,-0.06638888888888889,0.0,120.33805700555556,37.21388888888889,485.4583333333333,59.98222251388889,11.965277777777779,13.174444444444443,0.0,37.21388888888889,-0.06638888888888889,120.33805700555556,37.21388888888889,-83.19055700555556,485.4583333333333,59.98222251388889,0.0,83.19055700555556,0.578667016666671,0.0,126.19784354062524,646.9832260000001,49.99179603224518,323.43853470475995,0.12,0.08,0,,0.0,120.33805700555556,-83.19055700555556,0.0,3203.2973035968876,48993.64194019231,1601.6486517984438
2023-02-19 06:00:00,6,0,6,True,-0.06472222222222222,-0.016666666666666666,118.55305707222224,37.12222222222222,489.2055555555556,59.98558331388889,11.646666666666667,12.974444444444448,0.0,37.12222222222222,-0.06472222222222222,118.55305707222224,37.12222222222222,-81.49555707222224,489.2055555555556,59.98558331388889,0.0,81.49555707222224,0.582699976666666,0.0,124.32592415026626,646.9832260000001,49.99200198959468,323.43986721426387,0.18,0.096,0,,0.0,118.55305707222224,-81.49555707222224,0.0,3203.2973035968876,49112.19499726454,1601.6486517984438
2023-02-19 07:00:00,7,0,6,True,-0.06805555555555555,4.0777777777777775,117.32222380555558,37.083333333333336,489.3,59.996611119444445,11.3175,12.771388888888888,4.0777777777777775,37.083333333333336,-0.06805555555555555,117.32222380555558,41.16111111111111,-76.22916825000003,489.3,59.996611119444445,0.0,76.22916825000003,0.5959333433333341,3.4736928815322825,123.03515622633157,646.9832260000001,49.99159007489569,323.437202195256,0.18,0.096,0,,4.0777777777777775,117.32222380555558,-76.22916825000003,2.0388888888888888,3207.375081374665,49229.51722107009,1603.6875406873326
2023-02-19 08:00:00,8,0,6,True,-0.07555555555555557,11.322222222222223,118.1033348666667,37.19166666666667,486.075,60.00699946388888,11.148333333333332,12.64722222222222,11.322222222222223,37.19166666666667,-0.07555555555555557,118.1033348666667,48.51388888888889,-69.66500153333337,486.075,60.00699946388888,0.0,69.66500153333337,0.5916006433333422,9.580579223388277,123.85430300276158,646.9832260000001,49.99066326682297,323.4312059024883,0.18,0.096,0,,11.322222222222223,118.1033348666667,-69.66500153333337,5.661111111111111,3218.697303596887,49347.62055593676,1609.3486517984436
2023-02-19 09:00:00,9,0,6,True,-0.06277777777777778,21.694444444444443,117.71833485,37.013888888888886,485.9222222222222,60.009555202777776,11.18388888888889,12.638888888888886,21.694444444444443,37.013888888888886,-0.06277777777777778,117.71833485,58.70833333333333,-59.07277929444445,485.9222222222222,60.009555202777776,0.0,59.07277929444445,0.5885337566666692,18.41928978290868,123.45055565071486,646.9832260000001,49.99224227316909,323.44142180868516,0.18,0.096,0,,21.694444444444443,117.71833485,-59.07277929444445,10.847222222222221,3240.3917480413315,49465.338890786756,1620.1958740206658
2023-02-19 10:00:00,10,0,6,True,-0.065,32.50833333333333,119.24916811666668,37.03055555555556,486.425,59.998805625,11.526388888888889,12.864722222222223,32.50833333333333,37.03055555555556,-0.065,119.24916811666668,69.53888888888889,-49.77527922777779,486.425,59.998805625,0.0,49.77527922777779,0.5985667500000034,27.245995883360923,125.05593188730033,646.9832260000001,49.99196766336976,323.43964512934656,0.18,0.096,0,,32.50833333333333,119.24916811666668,-49.77527922777779,16.254166666666666,3272.9000813746648,49584.58805890342,1636.4500406873324
2023-02-19 11:00:00,11,0,6,True,-0.06861111111111112,36.18888888888889,117.64083486666667,37.03055555555556,485.9861111111111,60.009693877777785,11.824166666666667,13.159444444444443,36.18888888888889,37.03055555555556,-0.06861111111111112,117.64083486666667,73.21944444444445,-44.49000153333333,485.9861111111111,60.009693877777785,0.0,44.49000153333333,0.5883673466666579,30.74425216114002,123.36928185409167,646.9832260000001,49.991521422445864,323.43675802542134,0.12,0.08,0,,36.18888888888889,117.64083486666667,-44.49000153333333,18.094444444444445,3309.0889702635536,49702.22889377009,1654.5444851317768
2023-02-19 12:00:00,12,0,6,True,-0.06666666666666667,33.18611111111111,120.3044460027778,37.138888888888886,484.72222222222223,59.99163893611112,12.369166666666665,13.469722222222224,33.18611111111111,37.138888888888886,-0.06666666666666667,120.3044460027778,70.32499999999999,-50.046112669444476,484.72222222222223,59.99163893611112,0.0,50.046112669444476,0.5899667233333474,27.569829982584533,126.1625958710572,646.9832260000001,49.99176170602027,323.43831261984263,0.12,0.08,0,,33.18611111111111,120.3044460027778,-50.046112669444476,16.593055555555555,3342.2750813746648,49822.53333977287,1671.1375406873324
2023-02-19 13:00:00,13,0,6,True,-0.07388888888888889,29.605555555555554,120.12333481666667,37.05277777777778,483.6611111111111,59.99172239166666,12.891666666666667,13.671111111111113,29.605555555555554,37.05277777777778,-0.07388888888888889,120.12333481666667,66.65833333333333,-53.53889037222223,483.6611111111111,59.99172239166666,0.0,53.53889037222223,0.5900668699999955,24.630814791595867,125.97266558884188,646.9832260000001,49.990869224172464,323.4325384119922,0.12,0.08,0,,29.605555555555554,120.12333481666667,-53.53889037222223,14.802777777777777,3371.88063693022,49942.65667458953,1685.94031846511
2023-02-19 14:00:00,14,0,6,True,-0.08611111111111111,29.841666666666665,121.02527921111113,37.12222222222222,483.55,59.98461150833334,13.544166666666666,13.92361111111111,29.841666666666665,37.12222222222222,-0.08611111111111111,121.02527921111113,66.96388888888889,-54.147501433333346,483.55,59.98461150833334,0.0,54.147501433333346,0.5815338100000048,24.639851451850717,126.9185296023118,646.9832260000001,49.989358870276185,323.42276667563004,0.12,0.08,0,,29.841666666666665,121.02527921111113,-54.147501433333346,14.920833333333333,3401.722303596887,50063.681953800646,1700.8611517984434
2023-02-19 15:00:00,15,0,6,True,-0.07083333333333333,20.455555555555556,120.12027911944446,37.18611111111111,484.0805555555556,59.99155594722223,13.971388888888885,14.305,20.455555555555556,37.18611111111111,-0.07083333333333333,120.12027911944446,57.641666666666666,-62.54944578611113,484.0805555555556,59.99155594722223,0.0,62.54944578611113,0.5898671366666776,17.01919146774883,125.96946109635172,646.9832260000001,49.99124681264654,323.4349813460828,0.12,0.08,0,,20.455555555555556,120.12027911944446,-62.54944578611113,10.227777777777778,3422.1778591524426,50183.80223292009,1711.0889295762213
2023-02-19 16:00:00,16,0,6,True,-0.08583333333333333,11.172222222222222,121.20916817500002,37.225,486.63055555555553,59.98336137222223,14.305833333333334,14.55472222222222,11.172222222222222,37.225,-0.08583333333333333,121.20916817500002,48.397222222222226,-72.89777928611112,486.63055555555553,59.98336137222223,0.0,72.89777928611112,0.5800336466666721,9.2107853442375,127.11137292445906,646.9832260000001,49.9893931965011,323.42298876054736,0.12,0.08,0,,11.172222222222222,121.20916817500002,-72.89777928611112,5.586111111111111,3433.350081374665,50305.01140109509,1716.6750406873325
2023-02-19 17:00:00,17,0,6,True,-0.08666666666666667,0.4666666666666667,121.1838903388889,37.05277777777778,486.7388888888889,59.98305582777778,14.521666666666665,14.675277777777776,0.4666666666666667,37.05277777777778,-0.08666666666666667,121.1838903388889,37.519444444444446,-83.75111256111113,486.7388888888889,59.98305582777778,0.0,83.75111256111113,0.579666993333339,0.38481448274809854,127.08486419990446,646.9832260000001,49.98929021782635,323.42232250579536,0.12,0.08,0,,0.4666666666666667,121.1838903388889,-83.75111256111113,0.23333333333333334,3433.8167480413317,50426.195291433985,1716.9083740206659
2023-02-19 18:00:00,18,0,6,True,-0.09388888888888888,-0.22777777777777777,120.34250142500002,37.05,486.15833333333336,59.98919459722222,14.678055555555554,14.785,0.0,37.05,-0.09388888888888888,120.34250142500002,37.05,-83.38639031388891,486.15833333333336,59.98919459722222,0.0,83.38639031388891,0.5870335166666677,0.0,126.20250437829903,646.9832260000001,49.98839773597855,323.41654829794504,0.18,0.096,0,,0.0,120.34250142500002,-83.38639031388891,0.0,3433.8167480413317,50546.53779285899,1716.9083740206659
2023-02-19 19:00:00,19,0,6,True,-0.09888888888888889,0.0,120.82083475000002,37.05555555555556,488.0888888888889,59.984000530555555,14.766944444444446,14.813611111111113,0.0,37.05555555555556,-0.09888888888888889,120.82083475000002,37.05555555555556,-83.86416808333335,488.0888888888889,59.984000530555555,0.0,83.86416808333335,0.580800636666666,0.0,126.70412984584193,646.9832260000001,49.98777986393007,323.4125507694332,0.18,0.096,0,,0.0,120.82083475000002,-83.86416808333335,0.0,3433.8167480413317,50667.358627608985,1716.9083740206659
2023-02-19 20:00:00,20,0,6,True,-0.10333333333333335,0.0,115.76861264444447,37.00555555555555,489.2416666666667,60.013138641666664,14.790555555555557,14.829166666666667,0.0,37.00555555555555,-0.10333333333333335,115.76861264444447,37.00555555555555,-78.86639042222227,489.2416666666667,60.013138641666664,0.0,78.86639042222227,0.5842336300000027,0.0,121.40589293995644,646.9832260000001,49.98723064433142,323.40899741075606,0.18,0.096,0,,0.0,115.76861264444447,-78.86639042222227,0.0,3433.8167480413317,50783.12724025343,1716.9083740206659
2023-02-19 21:00:00,21,0,6,True,-0.095,0.0,114.05916800833334,37.016666666666666,490.8666666666667,60.02841631944444,14.768055555555556,14.820555555555558,0.0,37.016666666666666,-0.095,114.05916800833334,37.016666666666666,-77.13750134166668,490.8666666666667,60.02841631944444,0.0,77.13750134166668,0.5659004166666733,0.0,119.61320796483379,646.9832260000001,49.988260431078885,323.4156599582757,0.18,0.096,0,,0.0,114.05916800833334,-77.13750134166668,0.0,3433.8167480413317,50897.18640826176,1716.9083740206659
2023-02-19 22:00:00,22,0,6,True,-0.09833333333333336,0.0,115.31777926111111,37.00833333333333,489.59166666666664,60.03647194166665,14.614166666666666,14.739999999999998,0.0,37.00833333333333,-0.09833333333333336,115.31777926111111,37.00833333333333,-78.4077792611111,489.59166666666664,60.03647194166665,0.0,78.4077792611111,0.556233670000023,0.0,120.93310650656599,646.9832260000001,49.9878485163799,323.41299493926783,0.18,0.096,0,,0.0,115.31777926111111,-78.4077792611111,0.0,3433.8167480413317,51012.50418752287,1716.9083740206659
2023-02-19 23:00:00,23,0,6,True,-0.0825,0.0,116.36861247777779,37.0,489.96944444444443,60.032805388888875,14.351944444444444,14.54861111111111,0.0,37.0,-0.0825,116.36861247777779,37.0,-79.45111247777778,489.96944444444443,60.032805388888875,0.0,79.45111247777778,0.5606335333333504,0.0,122.03510939047553,646.9832260000001,49.989805111200084,323.42565377955526,0.12,0.08,0,,0.0,116.36861247777779,-79.45111247777778,0.0,3433.8167480413317,51128.87280000065,1716.9083740206659
2023-02-20 00:00:00,0,0,0,False,-0.09972222222222224,0.0,120.29694596944448,37.0,489.9472222222222,60.00677741944444,14.098333333333333,14.346111111111112,0.0,37.0,-0.09972222222222224,120.29694596944448,37.0,-83.3966681916667,489.9472222222222,60.00677741944444,0.0,83.3966681916667,0.5918670966666724,0.0,126.15473062828448,646.9832260000001,49.987676885255325,323.4118845146813,0.12,0.08,0,,0.0,120.29694596944448,-83.3966681916667,0.0,3433.8167480413317,51249.169745970095,1716.9083740206659
2023-02-20 01:00:00,1,0,0,False,-0.08416666666666668,0.0,121.26833464166668,37.01111111111111,490.43333333333334,59.999860941666675,13.778333333333332,14.165555555555551,0.0,37.01111111111111,-0.08416666666666668,121.26833464166668,37.01111111111111,-84.34139019722222,490.43333333333334,59.999860941666675,0.0,84.34139019722222,0.5998331300000103,0.0,127.17342046527077,646.9832260000001,49.98959915385059,323.4243212700513,0.12,0.08,0,,0.0,121.26833464166668,-84.34139019722222,0.0,3433.8167480413317,51370.43808061176,1716.9083740206659
2023-02-20 02:00:00,2,0,0,False,-0.09055555555555556,0.0,122.36333492500002,37.327777777777776,491.31666666666666,59.992194786111114,13.421111111111113,13.98611111111111,0.0,37.327777777777776,-0.09055555555555556,122.36333492500002,37.327777777777776,-85.1261127027778,491.31666666666666,59.992194786111114,0.0,85.1261127027778,0.5906337433333363,0.0,128.32174110357607,646.9832260000001,49.98880965067753,323.41921331695283,0.12,0.08,0,,0.0,122.36333492500002,-85.1261127027778,0.0,3433.8167480413317,51492.801415536764,1716.9083740206659
2023-02-20 03:00:00,3,0,0,False,-0.08861111111111113,0.0,122.77527937777779,37.22222222222222,490.52777777777777,59.989694902777785,13.015277777777778,13.771111111111109,0.0,37.22222222222222,-0.08861111111111113,122.77527937777779,37.22222222222222,-85.64166826666667,490.52777777777777,59.989694902777785,0.0,85.64166826666667,0.587633883333342,0.0,128.7537449342236,646.9832260000001,49.989049934251945,323.4207679113741,0.12,0.08,0,,0.0,122.77527937777779,-85.64166826666667,0.0,3433.8167480413317,51615.57669491454,1716.9083740206659
2023-02-20 04:00:00,4,0,0,False,-0.07111111111111111,0.0,122.11472368888889,37.16111111111111,489.4277777777778,59.99469492777777,12.571666666666665,13.5175,0.0,37.16111111111111,-0.07111111111111111,122.11472368888889,37.16111111111111,-85.02472368888888,489.4277777777778,59.99469492777777,0.0,85.02472368888888,0.5936339133333263,0.0,128.0610238985796,646.9832260000001,49.991212486421624,323.4347592611654,0.12,0.08,0,,0.0,122.11472368888889,-85.02472368888888,0.0,3433.8167480413317,51737.69141860343,1716.9083740206659
2023-02-20 05:00:00,5,0,0,False,-0.07277777777777777,0.0,122.66083465,37.1,488.68055555555554,59.99058366944445,12.098333333333333,13.236666666666663,0.0,37.1,-0.07277777777777777,122.66083465,37.1,-85.63361242777778,488.68055555555554,59.99058366944445,0.0,85.63361242777778,0.5887004033333368,0.0,128.63372739189708,646.9832260000001,49.99100652907213,323.4334267516615,0.12,0.08,0,,0.0,122.66083465,-85.63361242777778,0.0,3433.8167480413317,51860.352253253426,1716.9083740206659
2023-02-20 06:00:00,6,0,0,False,-0.06972222222222223,-0.022222222222222223,122.23166815,37.07222222222222,486.56388888888887,59.99369476388888,11.612222222222222,12.935277777777777,0.0,37.07222222222222,-0.06972222222222223,122.23166815,37.07222222222222,-85.22916815,486.56388888888887,59.99369476388888,0.0,85.22916815,0.5924337166666589,0.0,128.18366289719302,646.9832260000001,49.9913841175462,323.43586968575204,0.18,0.096,0,,0.0,122.23166815,-85.22916815,0.0,3433.8167480413317,51982.58392140343,1716.9083740206659
2023-02-20 07:00:00,7,0,0,False,-0.061666666666666675,3.6555555555555554,121.44777939444445,37.03333333333333,487.39722222222224,60.000722274999994,11.11111111111111,12.655277777777776,3.6555555555555554,37.03333333333333,-0.061666666666666675,121.44777939444445,40.68888888888889,-80.82055717222224,487.39722222222224,60.000722274999994,0.0,80.82055717222224,0.5991332700000072,3.0084538067246682,127.36160316822223,646.9832260000001,49.99237957806875,323.4423101483544,0.18,0.096,0,,3.6555555555555554,121.44777939444445,-80.82055717222224,1.8277777777777777,3437.4723035968873,52104.031700797874,1718.7361517984436
2023-02-20 08:00:00,8,0,0,False,-0.042222222222222223,16.96388888888889,119.99472361388891,37.047222222222224,486.40555555555557,60.00980491388889,10.654166666666667,12.392777777777779,16.96388888888889,37.047222222222224,-0.042222222222222223,119.99472361388891,54.01111111111111,-66.02583472500001,486.40555555555557,60.00980491388889,0.0,66.02583472500001,0.588234103333329,14.132223017445003,125.83779174386225,646.9832260000001,49.994782413812835,323.45785609256694,0.18,0.096,0,,16.96388888888889,119.99472361388891,-66.02583472500001,8.481944444444444,3454.4361924857762,52224.026424411764,1727.2180962428881
2023-02-20 09:00:00,9,0,0,False,-0.035277777777777776,28.558333333333334,120.5463903805556,37.09722222222222,487.6222222222222,60.005888402777785,10.416944444444447,12.190833333333332,28.558333333333334,37.09722222222222,-0.035277777777777776,120.5463903805556,65.65555555555555,-54.92611260277782,487.6222222222222,60.005888402777785,0.0,54.92611260277782,0.592933916666658,23.68381012595875,126.41632157921725,646.9832260000001,49.99564056943573,323.46340821550007,0.18,0.096,0,,28.558333333333334,120.5463903805556,-54.92611260277782,14.279166666666667,3482.9945258191096,52344.57281479232,1741.4972629095548
2023-02-20 10:00:00,10,0,0,False,-0.052222222222222225,36.44166666666667,122.24194604444446,37.15,488.3777777777778,59.99450049444445,10.463055555555556,12.19527777777778,36.44166666666667,37.15,-0.052222222222222225,122.24194604444446,73.59166666666667,-48.70250160000001,488.3777777777778,59.99450049444445,0.0,48.70250160000001,0.5934005933333424,29.79836829766433,128.1944412672889,646.9832260000001,49.993546669715876,323.4498610355434,0.18,0.096,0,,36.44166666666667,122.24194604444446,-48.70250160000001,18.220833333333335,3519.4361924857762,52466.814760836765,1759.7180962428881
2023-02-20 11:00:00,11,0,0,False,-0.04583333333333333,41.09166666666667,120.67166821666667,37.205555555555556,488.60833333333335,60.00533296944444,10.348611111111111,12.212777777777779,41.09166666666667,37.205555555555556,-0.04583333333333333,120.67166821666667,78.29722222222222,-42.42027932777779,488.60833333333335,60.00533296944444,0.0,42.42027932777779,0.5936004366666736,34.03952711003292,126.54769974132205,646.9832260000001,49.994336172888936,323.45496898864184,0.12,0.08,0,,41.09166666666667,120.67166821666667,-42.42027932777779,20.545833333333334,3560.527859152443,52587.48642905343,1780.2639295762215
2023-02-20 12:00:00,12,0,0,False,-0.05388888888888888,42.19722222222222,120.14889040555556,37.266666666666666,488.81944444444446,60.00838855,10.473611111111111,12.259444444444444,42.19722222222222,37.266666666666666,-0.05388888888888888,120.14889040555556,79.46388888888889,-40.738890405555566,488.81944444444446,60.00838855,0.0,40.738890405555566,0.5899337400000008,35.105030407705804,125.99946559117232,646.9832260000001,49.99334071236638,323.44852852603947,0.12,0.08,0,,42.19722222222222,120.14889040555556,-40.738890405555566,21.09861111111111,3602.725081374665,52707.63531945899,1801.3625406873325
2023-02-20 13:00:00,13,0,0,False,-0.041666666666666664,39.90555555555556,120.19527903611112,37.30277777777778,487.81666666666666,60.00874983055555,10.706666666666665,12.2575,39.90555555555556,37.30277777777778,-0.041666666666666664,120.19527903611112,77.20833333333334,-43.02861236944444,487.81666666666666,60.00874983055555,0.0,43.02861236944444,0.5895002033333384,33.189096181968004,126.0481130871232,646.9832260000001,49.99485106626267,323.4583002624016,0.12,0.08,0,,39.90555555555556,120.19527903611112,-43.02861236944444,19.95277777777778,3642.6306369302206,52827.8305984951,1821.3153184651103
2023-02-20 14:00:00,14,0,0,False,-0.043333333333333335,34.419444444444444,121.50916817500001,37.31111111111111,488.0388888888889,59.99922226666666,11.02138888888889,12.298055555555557,34.419444444444444,37.31111111111111,-0.043333333333333335,121.50916817500001,71.73055555555555,-49.821945952777796,488.0388888888889,59.99922226666666,0.0,49.821945952777796,0.5990667199999962,28.316524972614182,127.42598123710982,646.9832260000001,49.994645108913176,323.4569677528977,0.12,0.08,0,,34.419444444444444,121.50916817500001,-49.821945952777796,17.209722222222222,3677.050081374665,52949.3397666701,1838.5250406873324
2023-02-20 15:00:00,15,0,0,False,-0.04833333333333333,25.31388888888889,122.08111256111111,37.34722222222222,487.7888888888889,59.99480574166666,11.286666666666665,12.613333333333333,25.31388888888889,37.34722222222222,-0.04833333333333333,122.08111256111111,62.66111111111111,-59.46833478333333,487.7888888888889,59.99480574166666,0.0,59.46833478333333,0.593766889999992,20.727097141476833,128.02577609792473,646.9832260000001,49.994027236864696,323.4529702243859,0.12,0.08,0,,25.31388888888889,122.08111256111111,-59.46833478333333,12.656944444444445,3702.3639702635537,53071.42087923121,1851.1819851317769
2023-02-20 16:00:00,16,0,0,False,-0.04805555555555556,12.96111111111111,122.3644459777778,37.275,489.2083333333333,59.99250038055556,11.458611111111113,12.700277777777776,12.96111111111111,37.275,-0.04805555555555556,122.3644459777778,50.23611111111111,-72.17639042222225,489.2083333333333,59.99250038055556,0.0,72.17639042222225,0.5910004566666742,10.588061634850058,128.322906258375,646.9832260000001,49.99406156308961,323.45319230930323,0.12,0.08,0,,12.96111111111111,122.3644459777778,-72.17639042222225,6.480555555555555,3715.325081374665,53193.78532520899,1857.6625406873325
2023-02-20 17:00:00,17,0,0,False,-0.05722222222222222,0.6861111111111111,120.18277916111114,37.18611111111111,487.90277777777777,59.995722175000004,11.282777777777778,12.4125,0.6861111111111111,37.18611111111111,-0.05722222222222222,120.18277916111114,37.87222222222222,-82.36777916111114,487.90277777777777,59.995722175000004,0.0,82.36777916111114,0.5948666100000054,0.5706180166480055,126.03500453851623,646.9832260000001,49.992928797667396,323.44586350703156,0.12,0.08,0,,0.6861111111111111,120.18277916111114,-82.36777916111114,0.34305555555555556,3716.011192485776,53313.968104370106,1858.005596242888
2023-02-20 18:00:00,18,0,0,False,-0.052500000000000005,-0.3888888888888889,118.0783348666667,37.141666666666666,485.1,59.991500425,11.10611111111111,12.239444444444445,0.0,37.141666666666666,-0.052500000000000005,118.0783348666667,37.141666666666666,-80.98916820000002,485.1,59.991500425,0.0,80.98916820000002,0.5898005099999978,0.0,123.82808564337402,646.9832260000001,49.99351234349096,323.4496389506261,0.18,0.096,0,,0.0,118.0783348666667,-80.98916820000002,0.0,3716.011192485776,53432.04643923677,1858.005596242888
2023-02-20 19:00:00,19,0,0,False,-0.042222222222222223,0.0,115.59639029722223,37.06944444444444,485.6666666666667,60.01022186666667,10.818333333333335,12.103611111111112,0.0,37.06944444444444,-0.042222222222222223,115.59639029722223,37.06944444444444,-78.56916807500001,485.6666666666667,60.01022186666667,0.0,78.56916807500001,0.5877337599999976,0.0,121.22528433308864,646.9832260000001,49.994782413812835,323.45785609256694,0.18,0.096,0,,0.0,115.59639029722223,-78.56916807500001,0.0,3716.011192485776,53547.642829533994,1858.005596242888
2023-02-20 20:00:00,20,0,0,False,-0.05555555555555555,0.0,118.09944574444445,37.06111111111111,487.55555555555554,60.006166324999995,10.525555555555554,11.887777777777778,0.0,37.06111111111111,-0.05555555555555555,118.09944574444445,37.06111111111111,-81.09389018888889,487.55555555555554,60.006166324999995,0.0,81.09389018888889,0.5926004100000056,0.0,123.85022450216148,646.9832260000001,49.99313475501689,323.4471960165355,0.18,0.096,0,,0.0,118.09944574444445,-81.09389018888889,0.0,3716.011192485776,53665.74227527844,1858.005596242888
2023-02-20 21:00:00,21,0,0,False,-0.05388888888888888,0.0,118.48666811666668,37.03888888888889,487.51944444444445,60.00363871944444,10.203611111111112,11.695277777777775,0.0,37.03888888888889,-0.05388888888888888,118.48666811666668,37.03888888888889,-81.50166811666668,487.51944444444445,60.00363871944444,0.0,81.50166811666668,0.5956335366666735,0.0,124.25630242597967,646.9832260000001,49.99334071236638,323.44852852603947,0.18,0.096,0,,0.0,118.48666811666668,-81.50166811666668,0.0,3716.011192485776,53784.22894339511,1858.005596242888
2023-02-20 22:00:00,22,0,0,False,-0.060277777777777784,0.0,118.73916814166668,37.05555555555556,488.60555555555555,60.00249997499999,9.842500000000001,11.431666666666668,0.0,37.05555555555556,-0.060277777777777784,118.73916814166668,37.05555555555556,-81.74389036388891,488.60555555555555,60.00249997499999,0.0,81.74389036388891,0.5970000300000095,0.0,124.52109778201141,646.9832260000001,49.99255120919333,323.4434205729411,0.18,0.096,0,,0.0,118.73916814166668,-81.74389036388891,0.0,3716.011192485776,53902.96811153678,1858.005596242888
2023-02-20 23:00:00,23,0,0,False,-0.04416666666666666,0.0,118.10500138333335,37.022222222222226,489.06388888888887,60.007721902777774,9.480833333333333,11.194444444444445,0.0,37.022222222222226,-0.04416666666666666,118.10500138333335,37.022222222222226,-81.12694582777779,489.06388888888887,60.007721902777774,0.0,81.12694582777779,0.5907337166666707,0.0,123.85605066941659,646.9832260000001,49.99454213023843,323.45630149814576,0.12,0.08,0,,0.0,118.10500138333335,-81.12694582777779,0.0,3716.011192485776,54021.07311292011,1858.005596242888
2023-02-21 00:00:00,0,0,1,False,-0.036944444444444446,0.0,117.15361261944446,37.044444444444444,487.84444444444443,60.01424962222221,9.12277777777778,10.926111111111112,0.0,37.044444444444444,-0.036944444444444446,117.15361261944446,37.044444444444444,-80.14611261944445,487.84444444444443,60.01424962222221,0.0,80.14611261944445,0.5829004533333488,0.0,122.85833462381004,646.9832260000001,49.995434612086235,323.46207570599614,0.12,0.08,0,,0.0,117.15361261944446,-80.14611261944445,0.0,3716.011192485776,54138.226725539556,1858.005596242888
2023-02-21 01:00:00,1,0,1,False,-0.06138888888888888,0.0,116.54333480833334,36.705555555555556,487.7888888888889,60.01766611666666,8.733333333333333,10.684444444444443,0.0,36.705555555555556,-0.06138888888888888,116.54333480833334,36.705555555555556,-79.89916814166666,487.7888888888889,60.01766611666666,0.0,79.89916814166666,0.5788006600000074,0.0,122.21833971580382,646.9832260000001,49.99241390429366,323.4425322332717,0.12,0.08,0,,0.0,116.54333480833334,-79.89916814166666,0.0,3716.011192485776,54254.77006034789,1858.005596242888
2023-02-21 02:00:00,2,0,1,False,-0.04527777777777778,0.0,117.67000140833333,36.41388888888889,487.72222222222223,60.01024944444445,8.73638888888889,10.851944444444445,0.0,36.41388888888889,-0.04527777777777778,117.67000140833333,36.41388888888889,-81.30139029722223,487.72222222222223,60.01024944444445,0.0,81.30139029722223,0.5877006666666631,0.0,123.39986864229036,646.9832260000001,49.99440482533877,323.45541315847646,0.12,0.08,0,,0.0,117.67000140833333,-81.30139029722223,0.0,3716.011192485776,54372.44006175622,1858.005596242888
2023-02-21 03:00:00,3,0,1,False,-0.03777777777777778,0.0,119.06111261111111,36.833333333333336,487.95,59.999833450000004,8.899444444444446,11.343888888888888,0.0,36.833333333333336,-0.03777777777777778,119.06111261111111,36.833333333333336,-82.26555705555556,487.95,59.999833450000004,0.0,82.26555705555556,0.5998001400000049,0.0,124.85871913634192,646.9832260000001,49.99533163341149,323.46140945124415,0.12,0.08,0,,0.0,119.06111261111111,-82.26555705555556,0.0,3716.011192485776,54491.50117436733,1858.005596242888
2023-02-21 04:00:00,4,0,1,False,-0.03611111111111111,0.0,119.59055703055557,35.94722222222222,486.52777777777777,59.996278108333335,8.877222222222223,11.562777777777779,0.0,35.94722222222222,-0.03611111111111111,119.59055703055557,35.94722222222222,-83.67944591944446,486.52777777777777,59.996278108333335,0.0,83.67944591944446,0.5955337300000024,0.0,125.4139445211545,646.9832260000001,49.99553759076098,323.4627419607481,0.12,0.08,0,,0.0,119.59055703055557,-83.67944591944446,0.0,3716.011192485776,54611.091731397886,1858.005596242888
2023-02-21 05:00:00,5,0,1,False,-0.053611111111111116,0.0,120.58833492500004,36.33888888888889,486.8833333333333,59.98947256944444,9.021388888888888,12.007222222222223,0.0,36.33888888888889,-0.053611111111111116,120.58833492500004,36.33888888888889,-84.30305714722226,486.8833333333333,59.98947256944444,0.0,84.30305714722226,0.587367083333325,0.0,126.46030858705915,646.9832260000001,49.9933750385913,323.4487506109568,0.12,0.08,0,,0.0,120.58833492500004,-84.30305714722226,0.0,3716.011192485776,54731.680066322886,1858.005596242888
2023-02-21 06:00:00,6,0,1,False,-0.055,-0.013888888888888888,121.05583476666668,36.666666666666664,484.8833333333333,59.98658369166666,9.04861111111111,12.328888888888887,0.0,36.666666666666664,-0.055,121.05583476666668,36.666666666666664,-84.44416810000001,484.8833333333333,59.98658369166666,0.0,84.44416810000001,0.5839004299999914,0.0,126.95057304156325,646.9832260000001,49.99320340746672,323.44764018637017,0.18,0.096,0,,0.0,121.05583476666668,-84.44416810000001,0.0,3716.011192485776,54852.73590108955,1858.005596242888
2023-02-21 07:00:00,7,0,1,False,-0.07861111111111112,4.280555555555556,119.66444593611112,36.80555555555556,488.8611111111111,59.99597217777777,8.976944444444444,12.503333333333332,4.280555555555556,36.80555555555556,-0.07861111111111112,119.66444593611112,41.086111111111116,-78.65694593611113,488.8611111111111,59.99597217777777,0.0,78.65694593611113,0.5951666133333277,3.574783925774889,125.49143140082263,646.9832260000001,49.990285678348904,323.4287629683978,0.18,0.096,0,,4.280555555555556,119.66444593611112,-78.65694593611113,2.140277777777778,3720.2917480413316,54972.400347025665,1860.1458740206658
2023-02-21 08:00:00,8,0,1,False,-0.08333333333333333,17.06388888888889,119.66416810000001,37.08888888888889,486.28055555555557,59.99486155833334,8.601666666666667,12.270555555555555,17.06388888888889,37.08888888888889,-0.08333333333333333,119.66416810000001,54.15277777777778,-65.59472365555557,486.28055555555557,59.99486155833334,0.0,65.59472365555557,0.5938338700000088,14.249891383653473,125.49114003565562,646.9832260000001,49.98970213252534,323.42498752480327,0.18,0.096,0,,17.06388888888889,119.66416810000001,-65.59472365555557,8.531944444444445,3737.3556369302205,55092.06451512566,1868.6778184651102
2023-02-21 09:00:00,9,0,1,False,-0.07944444444444444,27.752777777777776,119.68361283611112,37.272222222222226,486.525,59.99491715833334,8.475555555555555,11.996111111111112,27.752777777777776,37.272222222222226,-0.07944444444444444,119.68361283611112,65.025,-54.738057280555566,486.525,59.99491715833334,0.0,54.738057280555566,0.5939005900000041,23.173070567799915,125.51153162104846,646.9832260000001,49.99018269967416,323.4280967136458,0.18,0.096,0,,27.752777777777776,119.68361283611112,-54.738057280555566,13.876388888888888,3765.1084147079982,55211.74812796177,1882.5542073539991
2023-02-21 10:00:00,10,0,1,False,-0.07666666666666667,34.66388888888889,119.74750155833333,37.40833333333333,487.0361111111111,59.99469444444445,8.805833333333334,12.123611111111112,34.66388888888889,37.40833333333333,-0.07666666666666667,119.74750155833333,72.07222222222222,-47.75194600277777,487.0361111111111,59.99469444444445,0.0,47.75194600277777,0.593633333333338,28.928962664525848,125.57853136470094,646.9832260000001,49.99052596192331,323.43031756281897,0.18,0.096,0,,34.66388888888889,119.74750155833333,-47.75194600277777,17.331944444444446,3799.772303596887,55331.495629520105,1899.8861517984435
2023-02-21 11:00:00,11,0,1,False,-0.06972222222222223,38.25555555555555,117.85333490833335,37.38333333333333,487.64166666666665,60.008583205555546,8.95,12.314166666666667,38.25555555555555,37.38333333333333,-0.06972222222222223,117.85333490833335,75.63888888888889,-42.28416824166669,487.64166666666665,60.008583205555546,0.0,42.28416824166669,0.5897001533333451,32.441115831318605,123.59212945258156,646.9832260000001,49.9913841175462,323.43586968575204,0.12,0.08,0,,38.25555555555555,117.85333490833335,-42.28416824166669,19.127777777777776,3838.0278591524425,55449.348964428435,1919.0139295762212
2023-02-21 12:00:00,12,0,1,False,-0.058611111111111114,38.71944444444444,120.03583485833335,37.111111111111114,487.4166666666667,59.99636128055555,9.448333333333334,12.577222222222222,38.71944444444444,37.111111111111114,-0.058611111111111114,120.03583485833335,75.83055555555555,-44.26389041388891,487.4166666666667,59.99636128055555,0.0,44.26389041388891,0.5956335366666564,32.240828567788895,125.88090487468102,646.9832260000001,49.99275716654282,323.444753082445,0.12,0.08,0,,38.71944444444444,120.03583485833335,-44.26389041388891,19.35972222222222,3876.747303596887,55569.38479928677,1938.3736517984435
2023-02-21 13:00:00,13,0,1,False,-0.06277777777777778,37.355555555555554,118.42055708055557,37.166666666666664,487.39444444444445,60.001305672222216,10.115833333333333,12.764999999999999,37.355555555555554,37.166666666666664,-0.06277777777777778,118.42055708055557,74.52222222222221,-43.96111263611113,487.39444444444445,60.001305672222216,0.0,43.96111263611113,0.5984331933333408,31.528109501830258,124.1869721542513,646.9832260000001,49.99224227316909,323.44142180868516,0.12,0.08,0,,37.355555555555554,118.42055708055557,-43.96111263611113,18.677777777777777,3914.1028591524423,55687.805356367324,1957.0514295762212
2023-02-21 14:00:00,14,0,1,False,-0.06916666666666667,32.18611111111111,119.41777917777779,37.15555555555556,488.52222222222224,59.98822288611112,10.99138888888889,12.99916666666667,32.18611111111111,37.15555555555556,-0.06916666666666667,119.41777917777779,69.34166666666667,-50.14527917777779,488.52222222222224,59.98822288611112,0.0,50.14527917777779,0.5858674633333407,26.93692677776951,125.23275335873505,646.9832260000001,49.99145276999603,323.4363138555867,0.12,0.08,0,,32.18611111111111,119.41777917777779,-50.14527917777779,16.093055555555555,3946.2889702635534,55807.2231355451,1973.1444851317767
2023-02-21 15:00:00,15,0,1,False,-0.05055555555555556,24.163888888888888,118.12611255277778,37.111111111111114,488.34444444444443,59.99877803611111,11.841666666666665,13.662222222222221,24.163888888888888,37.111111111111114,-0.05055555555555556,118.12611255277778,61.275000000000006,-56.90166810833333,488.34444444444443,59.99877803611111,0.0,56.90166810833333,0.5985336433333345,20.44725856269504,123.87818983407324,646.9832260000001,49.99375262706537,323.4511935450473,0.12,0.08,0,,24.163888888888888,118.12611255277778,-56.90166810833333,12.081944444444444,3970.452859152442,55925.349248097875,1985.226429576221
2023-02-21 16:00:00,16,0,1,False,-0.04388888888888889,12.541666666666666,118.07694589444444,37.09722222222222,488.09722222222223,59.99886113333333,12.337222222222223,13.930555555555555,12.541666666666666,37.09722222222222,-0.04388888888888889,118.07694589444444,49.638888888888886,-68.48194589444444,488.09722222222223,59.99886113333333,0.0,68.48194589444444,0.5986333599999938,10.61765834086052,123.82662903601683,646.9832260000001,49.99457645646334,323.456523583063,0.12,0.08,0,,12.541666666666666,118.07694589444444,-68.48194589444444,6.270833333333333,3982.9945258191087,56043.426193992316,1991.4972629095544
2023-02-21 17:00:00,17,0,1,False,-0.0338888888888889,0.9194444444444444,119.50222373055557,37.144444444444446,487.59722222222223,59.98891700000001,12.398333333333335,13.7775,0.9194444444444444,37.144444444444446,-0.0338888888888889,119.50222373055557,38.06388888888889,-81.47222373055558,487.59722222222223,59.98891700000001,0.0,81.47222373055558,0.5867004000000093,0.7691771334170707,125.32130988627492,646.9832260000001,49.9958122005603,323.4645186400867,0.12,0.08,0,,0.9194444444444444,119.50222373055557,-81.47222373055558,0.4597222222222222,3983.913970263553,56162.92841772287,1991.9569851317765
2023-02-21 18:00:00,18,0,1,False,-0.05944444444444444,0.0,118.72027920277779,37.13333333333333,486.2111111111111,59.99472238611112,12.36027777777778,13.669166666666666,0.0,37.13333333333333,-0.05944444444444444,118.72027920277779,37.13333333333333,-81.6463903138889,486.2111111111111,59.99472238611112,0.0,81.6463903138889,0.5936668633333454,0.0,124.5012890580394,646.9832260000001,49.99265418786808,323.444086827693,0.18,0.096,0,,0.0,118.72027920277779,-81.6463903138889,0.0,3983.913970263553,56281.648696925644,1991.9569851317765
2023-02-21 19:00:00,19,0,1,False,-0.06388888888888888,0.0,116.35000154166669,37.05277777777778,487.4611111111111,60.00727712777777,12.251666666666667,13.525555555555554,0.0,37.05277777777778,-0.06388888888888888,116.35000154166669,37.05277777777778,-79.36111265277779,487.4611111111111,60.00727712777777,0.0,79.36111265277779,0.5912674466666772,0.0,122.01559220645296,646.9832260000001,49.99210496826942,323.4405334690158,0.18,0.096,0,,0.0,116.35000154166669,-79.36111265277779,0.0,3983.913970263553,56397.99869846731,1991.9569851317765
2023-02-21 20:00:00,20,0,1,False,-0.05694444444444444,0.0,116.69111261944445,37.111111111111114,487.2944444444444,60.000388836111114,12.09777777777778,13.389722222222225,0.0,37.111111111111114,-0.05694444444444444,116.69111261944445,37.111111111111114,-79.63694595277778,487.2944444444444,60.000388836111114,0.0,79.63694595277778,0.5995333966666635,0.0,122.37331347514014,646.9832260000001,49.992963123892316,323.44608559194893,0.18,0.096,0,,0.0,116.69111261944445,-79.63694595277778,0.0,3983.913970263553,56514.689811086755,1991.9569851317765
2023-02-21 21:00:00,21,0,1,False,-0.05388888888888888,0.0,115.42666814166668,37.26111111111111,488.3361111111111,60.009499702777774,11.8125,13.184444444444443,0.0,37.26111111111111,-0.05388888888888888,115.42666814166668,37.26111111111111,-78.21944591944445,488.3361111111111,60.009499702777774,0.0,78.21944591944445,0.5886003566666715,0.0,121.04729766315938,646.9832260000001,49.99334071236638,323.44852852603947,0.18,0.096,0,,0.0,115.42666814166668,-78.21944591944445,0.0,3983.913970263553,56630.116479228425,1991.9569851317765
2023-02-21 22:00:00,22,0,1,False,-0.06583333333333333,0.0,116.58666828333335,37.227777777777774,489.03055555555557,60.00099995277778,11.546388888888892,12.970277777777778,0.0,37.227777777777774,-0.06583333333333333,116.58666828333335,37.227777777777774,-79.42472383888891,489.03055555555557,60.00099995277778,0.0,79.42472383888891,0.5988000566666614,0.0,122.26378328730732,646.9832260000001,49.99186468469502,323.43897887459457,0.18,0.096,0,,0.0,116.58666828333335,-79.42472383888891,0.0,3983.913970263553,56746.70314751176,1991.9569851317765
2023-02-21 23:00:00,23,0,1,False,-0.07027777777777779,0.0,116.58194594444444,37.09444444444444,488.73333333333335,59.999972375000006,11.116944444444444,12.684999999999999,0.0,37.09444444444444,-0.07027777777777779,116.58194594444444,37.09444444444444,-79.55777927777778,488.73333333333335,59.999972375000006,0.0,79.55777927777778,0.5999668500000069,0.0,122.25883099707531,646.9832260000001,49.99131546509637,323.4354255159174,0.12,0.08,0,,0.0,116.58194594444444,-79.55777927777778,0.0,3983.913970263553,56863.28509345621,1991.9569851317765
2023-02-22 00:00:00,0,0,2,False,-0.04777777777777777,0.0,116.36750150833335,37.05277777777778,488.64166666666665,60.01158318055556,10.639444444444445,12.380277777777776,0.0,37.05277777777778,-0.04777777777777777,116.36750150833335,37.05277777777778,-79.36250150833335,488.64166666666665,60.01158318055556,0.0,79.36250150833335,0.5861001833333261,0.0,122.0339443230678,646.9832260000001,49.99409588931453,323.45341439422054,0.12,0.08,0,,0.0,116.36750150833335,-79.36250150833335,0.0,3983.913970263553,56979.652594964544,1991.9569851317765
2023-02-22 01:00:00,1,0,2,False,-0.0525,0.0,117.67250143333335,37.025,490.1222222222222,60.00977751944445,10.1375,12.05916666666667,0.0,37.025,-0.0525,117.67250143333335,37.025,-80.70000143333336,490.1222222222222,60.00977751944445,0.0,80.70000143333336,0.5882669766666623,0.0,123.40249040444648,646.9832260000001,49.99351234349096,323.4496389506261,0.12,0.08,0,,0.0,117.67250143333335,-80.70000143333336,0.0,3983.913970263553,57097.32509639788,1991.9569851317765
2023-02-22 02:00:00,2,0,2,False,-0.04777777777777779,0.0,119.94222363055556,37.044444444444444,485.78333333333336,59.99338934166666,9.63888888888889,11.714166666666666,0.0,37.044444444444444,-0.04777777777777779,119.94222363055556,37.044444444444444,-82.94555696388889,485.78333333333336,59.99338934166666,0.0,82.94555696388889,0.5920672099999962,0.0,125.78273530662658,646.9832260000001,49.99409588931453,323.45341439422054,0.12,0.08,0,,0.0,119.94222363055556,-82.94555696388889,0.0,3983.913970263553,57217.26732002843,1991.9569851317765
2023-02-22 03:00:00,3,0,2,False,-0.044722222222222226,0.0,118.68444596944445,37.03611111111111,484.93333333333334,60.00374960555555,9.149166666666666,11.38527777777778,0.0,37.03611111111111,-0.044722222222222226,118.68444596944445,37.03611111111111,-81.69305708055556,484.93333333333334,60.00374960555555,0.0,81.69305708055556,0.5955004733333424,0.0,124.46371094778668,646.9832260000001,49.994473477788596,323.4558573283111,0.12,0.08,0,,0.0,118.68444596944445,-81.69305708055556,0.0,3983.913970263553,57335.95176599788,1991.9569851317765
2023-02-22 04:00:00,4,0,2,False,-0.018055555555555554,0.0,120.35389020555559,37.25,485.1277777777778,59.99155597222223,8.96,11.369722222222222,0.0,37.25,-0.018055555555555554,120.35389020555559,37.25,-83.12194576111114,485.1277777777778,59.99155597222223,0.0,83.12194576111114,0.5898671666666757,0.0,126.21444772841149,646.9832260000001,49.99776879538049,323.47717748037405,0.12,0.08,0,,0.0,120.35389020555559,-83.12194576111114,0.0,3983.913970263553,57456.30565620344,1991.9569851317765
2023-02-22 05:00:00,5,0,2,False,-0.03694444444444444,0.0,119.97555700555557,36.983333333333334,484.0361111111111,59.99483364444445,8.890833333333335,11.501944444444444,0.0,36.983333333333334,-0.03694444444444444,119.97555700555557,36.983333333333334,-83.02916811666668,484.0361111111111,59.99483364444445,0.0,83.02916811666668,0.5938003733333375,0.0,125.81769182950562,646.9832260000001,49.995434612086235,323.46207570599614,0.12,0.08,0,,0.0,119.97555700555557,-83.02916811666668,0.0,3983.913970263553,57576.281213209,1991.9569851317765
2023-02-22 06:00:00,6,0,2,False,-0.03805555555555555,0.0,119.91027931111114,36.61944444444445,485.7638888888889,59.994916675,8.89166666666667,11.706666666666665,0.0,36.61944444444445,-0.03805555555555555,119.91027931111114,36.61944444444445,-83.32889042222226,485.7638888888889,59.994916675,0.0,83.32889042222226,0.5939000099999987,0.0,125.74923547849596,646.9832260000001,49.99529730718657,323.46118736632684,0.18,0.096,0,,0.0,119.91027931111114,-83.32889042222226,0.0,3983.913970263553,57696.191492520105,1991.9569851317765
2023-02-22 07:00:00,7,0,2,False,-0.041666666666666664,3.975,120.22139038055556,37.30555555555556,489.52222222222224,59.99238921666667,8.856944444444444,11.93972222222222,3.975,37.30555555555556,-0.041666666666666664,120.22139038055556,41.28055555555556,-78.98250149166667,489.52222222222224,59.99238921666667,0.0,78.98250149166667,0.5908670600000079,3.3052544127821277,126.0754959071789,646.9832260000001,49.99485106626267,323.4583002624016,0.18,0.096,0,,3.975,120.22139038055556,-78.98250149166667,1.9875,3987.888970263553,57816.41288290066,1993.9444851317764
2023-02-22 08:00:00,8,0,2,False,-0.07277777777777779,16.572222222222223,120.54000135833336,37.15277777777778,490.4527777777778,59.98950049722223,8.487222222222222,11.738888888888889,16.572222222222223,37.15277777777778,-0.07277777777777779,120.54000135833336,53.725,-66.88777913611112,490.4527777777778,59.98950049722223,0.0,66.88777913611112,0.5874005966666772,13.740021862459967,126.40962144754782,646.9832260000001,49.99100652907213,323.4334267516615,0.18,0.096,0,,16.572222222222223,120.54000135833336,-66.88777913611112,8.286111111111111,4004.461192485775,57936.95288425899,2002.2305962428875
2023-02-22 09:00:00,9,0,2,False,-0.05111111111111111,27.56111111111111,119.88500160000004,37.50833333333333,489.77777777777777,59.99425052777777,8.480833333333333,11.568333333333332,27.56111111111111,37.50833333333333,-0.05111111111111111,119.88500160000004,65.06944444444444,-54.86666826666671,489.77777777777777,59.99425052777777,0.0,54.86666826666671,0.5931006333333272,22.979826916266052,125.72272688502817,646.9832260000001,49.99368397461554,323.4507493752127,0.18,0.096,0,,27.56111111111111,119.88500160000004,-54.86666826666671,13.780555555555555,4032.022303596886,58056.83788585899,2016.011151798443
2023-02-22 10:00:00,10,0,2,False,-0.06638888888888889,34.80277777777778,120.235001475,37.166666666666664,488.85277777777776,59.99127829166666,8.80888888888889,11.716944444444445,34.80277777777778,37.166666666666664,-0.06638888888888889,120.235001475,71.96944444444443,-48.33194591944446,488.85277777777776,59.99127829166666,0.0,48.33194591944446,0.589533949999992,28.92965548652927,126.08976978536721,646.9832260000001,49.99179603224518,323.43853470475995,0.18,0.096,0,,34.80277777777778,120.235001475,-48.33194591944446,17.40138888888889,4066.825081374664,58177.07288733399,2033.412540687332
2023-02-22 11:00:00,11,0,2,False,-0.05,38.51111111111111,118.63500135000002,37.075,489.76666666666665,60.00230538333333,9.070277777777779,11.935277777777774,38.51111111111111,37.075,-0.05,118.63500135000002,75.58611111111111,-43.09889023888891,489.76666666666665,60.00230538333333,0.0,43.09889023888891,0.5972335400000048,32.4481700914697,124.41185865347644,646.9832260000001,49.9938212795152,323.451637714882,0.12,0.08,0,,38.51111111111111,118.63500135000002,-43.09889023888891,19.255555555555556,4105.336192485775,58295.70788868399,2052.6680962428877
2023-02-22 12:00:00,12,0,2,False,-0.050555555555555555,39.19166666666667,117.95777911944447,37.166666666666664,490.1138888888889,60.007194019444434,9.601111111111111,12.22638888888889,39.19166666666667,37.166666666666664,-0.050555555555555555,117.95777911944447,76.35833333333333,-41.65000134166669,490.1138888888889,60.007194019444434,0.0,41.65000134166669,0.5913671766666795,33.210931053812594,123.70165950932757,646.9832260000001,49.99375262706537,323.4511935450473,0.12,0.08,0,,39.19166666666667,117.95777911944447,-41.65000134166669,19.595833333333335,4144.527859152442,58413.665667803434,2072.263929576221
2023-02-22 13:00:00,13,0,2,False,-0.035555555555555556,37.43055555555556,118.95611260277781,37.15,488.94444444444446,60.00047214444445,10.376944444444444,12.503333333333332,37.43055555555556,37.15,-0.035555555555555556,118.95611260277781,74.58055555555555,-44.41111260277781,488.94444444444446,60.00047214444445,0.0,44.41111260277781,0.5994334266666584,31.4564508043954,124.74860621817507,646.9832260000001,49.99560624321081,323.46318613058276,0.12,0.08,0,,37.43055555555556,118.95611260277781,-44.41111260277781,18.71527777777778,4181.958414707998,58532.62178040621,2090.979207353999
2023-02-22 14:00:00,14,0,2,False,-0.05527777777777777,31.147222222222222,120.93861251111113,37.13611111111111,489.35833333333335,59.986333863888895,11.284444444444446,12.79,31.147222222222222,37.13611111111111,-0.05527777777777777,120.93861251111113,68.28333333333333,-52.710556955555575,489.35833333333335,59.986333863888895,0.0,52.710556955555575,0.5836006366666737,25.742805812635755,126.82764272147844,646.9832260000001,49.99316908124181,323.44741810145285,0.12,0.08,0,,31.147222222222222,120.93861251111113,-52.710556955555575,15.573611111111111,4213.10563693022,58653.56039291732,2106.55281846511
2023-02-22 15:00:00,15,0,2,False,-0.04722222222222222,28.13888888888889,120.46361263611112,37.05555555555556,489.49444444444447,59.98966717777778,12.103888888888891,13.424444444444445,28.13888888888889,37.05555555555556,-0.04722222222222222,120.46361263611112,65.19444444444444,-55.316390413888904,489.49444444444447,59.98966717777778,0.0,55.316390413888904,0.587600613333339,23.34967550591413,126.32951302420155,646.9832260000001,49.994164541764356,323.45385856405517,0.12,0.08,0,,28.13888888888889,120.46361263611112,-55.316390413888904,14.069444444444445,4241.244525819108,58774.02400555344,2120.622262909554
2023-02-22 16:00:00,16,0,2,False,-0.05416666666666667,11.955555555555556,120.51416822500002,37.108333333333334,489.9638888888889,59.98955600277778,12.677777777777777,13.780000000000001,11.955555555555556,37.108333333333334,-0.05416666666666667,120.51416822500002,49.06388888888889,-71.50444600277778,489.9638888888889,59.98955600277778,0.0,71.50444600277778,0.5874672033333382,9.915999558505877,126.38253038591955,646.9832260000001,49.99330638614147,323.4483064411221,0.12,0.08,0,,11.955555555555556,120.51416822500002,-71.50444600277778,5.977777777777778,4253.200081374664,58894.53817377844,2126.600040687332
2023-02-22 17:00:00,17,0,2,False,-0.060277777777777784,0.8888888888888888,118.4911127027778,37.09722222222222,490.9555555555556,60.00327773333333,12.803611111111111,13.716944444444445,0.8888888888888888,37.09722222222222,-0.060277777777777784,118.4911127027778,37.98611111111111,-80.56527936944447,490.9555555555556,60.00327773333333,0.0,80.56527936944447,0.5960667200000074,0.7497920397944904,124.26096343843582,646.9832260000001,49.99255120919333,323.4434205729411,0.12,0.08,0,,0.8888888888888888,118.4911127027778,-80.56527936944447,0.4444444444444444,4254.088970263552,59013.02928648122,2127.044485131776
2023-02-22 18:00:00,18,0,2,False,-0.07861111111111112,-0.22777777777777777,117.84333476666669,37.06944444444444,489.90555555555557,60.00791625555556,12.878888888888893,13.7125,0.0,37.06944444444444,-0.07861111111111112,117.84333476666669,37.06944444444444,-80.85250143333336,489.90555555555557,60.00791625555556,0.0,80.85250143333336,0.5905004933333317,0.0,123.5816423602615,646.9832260000001,49.990285678348904,323.4287629683978,0.18,0.096,0,,0.0,117.84333476666669,-80.85250143333336,0.0,4254.088970263552,59130.87262124789,2127.044485131776
2023-02-22 19:00:00,19,0,2,False,-0.07027777777777777,0.0,115.97889037222224,37.06388888888889,490.0472222222222,60.02072155833333,12.878055555555557,13.676944444444445,0.0,37.06388888888889,-0.07027777777777777,115.97889037222224,37.06388888888889,-78.98527926111113,490.0472222222222,60.02072155833333,0.0,78.98527926111113,0.5751341300000063,0.0,121.62641001037045,646.9832260000001,49.99131546509637,323.4354255159174,0.18,0.096,0,,0.0,115.97889037222224,-78.98527926111113,0.0,4254.088970263552,59246.85151162011,2127.044485131776
2023-02-22 20:00:00,20,0,2,False,-0.08111111111111112,0.0,116.0277792777778,37.06944444444444,490.23055555555555,60.02033271666666,12.806666666666668,13.588055555555552,0.0,37.06944444444444,-0.08111111111111112,116.0277792777778,37.06944444444444,-79.03944594444447,490.23055555555555,60.02033271666666,0.0,79.03944594444447,0.57560074000001,0.0,121.67767953065103,646.9832260000001,49.989976742324664,323.4267642041419,0.18,0.096,0,,0.0,116.0277792777778,-79.03944594444447,0.0,4254.088970263552,59362.87929089789,2127.044485131776
2023-02-22 21:00:00,21,0,2,False,-0.08638888888888889,0.0,114.90805716388891,37.08611111111111,491.34722222222223,60.028194066666664,12.747222222222222,13.491666666666667,0.0,37.08611111111111,-0.08638888888888889,114.90805716388891,37.08611111111111,-77.9083349416667,491.34722222222223,60.028194066666664,0.0,77.9083349416667,0.5661671200000029,0.0,120.50343324768997,646.9832260000001,49.989324544051264,323.42254459071273,0.18,0.096,0,,0.0,114.90805716388891,-77.9083349416667,0.0,4254.088970263552,59477.78734806178,2127.044485131776
2023-02-22 22:00:00,22,0,2,False,-0.07250000000000001,0.0,115.94166808333335,37.36388888888889,490.31111111111113,60.02130519999999,12.48638888888889,13.292222222222222,0.0,37.36388888888889,-0.07250000000000001,115.94166808333335,37.36388888888889,-78.65027919444448,490.31111111111113,60.02130519999999,0.0,78.65027919444448,0.5744337600000079,0.0,121.58737520536933,646.9832260000001,49.991040855297044,323.4336488365788,0.18,0.096,0,,0.0,115.94166808333335,-78.65027919444448,0.0,4254.088970263552,59593.72901614511,2127.044485131776
2023-02-22 23:00:00,23,0,2,False,-0.07388888888888889,0.0,117.91389034722224,37.41111111111111,488.10277777777776,60.007360852777786,12.234166666666665,13.084999999999996,0.0,37.41111111111111,-0.07388888888888889,117.91389034722224,37.41111111111111,-80.57666812500001,488.10277777777776,60.007360852777786,0.0,80.57666812500001,0.5911669766666563,0.0,123.6556336007504,646.9832260000001,49.990869224172464,323.4325384119922,0.12,0.08,0,,0.0,117.91389034722224,-80.57666812500001,0.0,4254.088970263552,59711.64290649233,2127.044485131776
2023-02-23 00:00:00,0,0,3,False,-0.07194444444444444,0.0,118.74694588611112,37.21944444444444,486.73055555555555,60.001444425,11.938888888888888,12.902777777777779,0.0,37.21944444444444,-0.07194444444444444,118.74694588611112,37.21944444444444,-81.59944588611113,486.73055555555555,60.001444425,0.0,81.59944588611113,0.598266689999997,0.0,124.52925425886438,646.9832260000001,49.99110950774688,323.4340930064135,0.12,0.08,0,,0.0,118.74694588611112,-81.59944588611113,0.0,4254.088970263552,59830.38985237844,2127.044485131776
2023-02-23 01:00:00,1,0,3,False,-0.06833333333333334,0.0,119.32250139166669,37.12777777777778,486.6722222222222,59.998416858333336,11.544444444444444,12.653611111111111,0.0,37.12777777777778,-0.06833333333333334,119.32250139166669,37.12777777777778,-82.26305694722224,486.6722222222222,59.998416858333336,0.0,82.26305694722224,0.5981002300000028,0.0,125.13283608033001,646.9832260000001,49.99155574867078,323.4369801103387,0.12,0.08,0,,0.0,119.32250139166669,-82.26305694722224,0.0,4254.088970263552,59949.712353770105,2127.044485131776
2023-02-23 02:00:00,2,0,3,False,-0.06916666666666667,0.0,118.44916815833336,37.08611111111111,486.9166666666667,60.004388847222216,11.115833333333333,12.383611111111112,0.0,37.08611111111111,-0.06916666666666667,118.44916815833336,37.08611111111111,-81.43222371388892,486.9166666666667,60.004388847222216,0.0,81.43222371388892,0.5947333833333402,0.0,124.21697643059395,646.9832260000001,49.99145276999603,323.4363138555867,0.12,0.08,0,,0.0,118.44916815833336,-81.43222371388892,0.0,4254.088970263552,60068.161521928436,2127.044485131776
2023-02-23 03:00:00,3,0,3,False,-0.06305555555555556,0.0,118.59833485833335,37.08611111111111,485.90555555555557,60.00338873055556,10.659166666666666,12.099444444444446,0.0,37.08611111111111,-0.06305555555555556,118.59833485833335,37.08611111111111,-81.57527930277779,485.90555555555557,60.00338873055556,0.0,81.57527930277779,0.5959335233333319,0.0,124.37340670989619,646.9832260000001,49.99220794694417,323.4411997237678,0.12,0.08,0,,0.0,118.59833485833335,-81.57527930277779,0.0,4254.088970263552,60186.75985678677,2127.044485131776
2023-02-23 04:00:00,4,0,3,False,-0.04527777777777777,0.0,118.4375014166667,37.09444444444444,485.93055555555554,60.00469403055556,10.209999999999999,11.79861111111111,0.0,37.09444444444444,-0.04527777777777777,118.4375014166667,37.09444444444444,-81.38833475000004,485.93055555555554,60.00469403055556,0.0,81.38833475000004,0.5943671633333253,0.0,124.20474158422768,646.9832260000001,49.99440482533877,323.45541315847646,0.12,0.08,0,,0.0,118.4375014166667,-81.38833475000004,0.0,4254.088970263552,60305.19735820343,2127.044485131776
2023-02-23 05:00:00,5,0,3,False,-0.04555555555555555,0.0,120.06333475833335,37.080555555555556,485.06666666666666,59.993555880555554,9.782777777777778,11.52277777777778,0.0,37.080555555555556,-0.04555555555555555,120.06333475833335,37.080555555555556,-83.02833475833336,485.06666666666666,59.993555880555554,0.0,83.02833475833336,0.5922670566666653,0.0,125.90974386513791,646.9832260000001,49.99437049911385,323.4551910735591,0.12,0.08,0,,0.0,120.06333475833335,-83.02833475833336,0.0,4254.088970263552,60425.26069296177,2127.044485131776
2023-02-23 06:00:00,6,0,3,False,-0.0475,-0.016666666666666666,120.6586125027778,36.88611111111111,487.2527777777778,59.98922253888889,9.336944444444445,11.230277777777777,0.0,36.88611111111111,-0.0475,120.6586125027778,36.88611111111111,-83.82000139166668,487.2527777777778,59.98922253888889,0.0,83.82000139166668,0.5870670466666666,0.0,126.53400828759862,646.9832260000001,49.99413021553944,323.4536364791379,0.18,0.096,0,,0.0,120.6586125027778,-83.82000139166668,0.0,4254.088970263552,60545.919305464544,2127.044485131776
2023-02-23 07:00:00,7,0,3,False,-0.049166666666666664,4.044444444444444,120.71250133333334,36.98888888888889,488.90555555555557,59.98880585,8.841666666666667,10.898888888888889,4.044444444444444,36.98888888888889,-0.049166666666666664,120.71250133333334,41.03333333333333,-79.72833466666667,488.90555555555557,59.98880585,0.0,79.72833466666667,0.5865670199999983,3.349112770158528,126.59052120110464,646.9832260000001,49.99392425818995,323.45230396963393,0.18,0.096,0,,4.044444444444444,120.71250133333334,-79.72833466666667,2.022222222222222,4258.133414707997,60666.63180679788,2129.0667073539985
2023-02-23 08:00:00,8,0,3,False,-0.043888888888888894,14.55,118.44333485000003,37.15,489.81388888888887,60.00383316944444,8.481666666666667,10.677222222222222,14.55,37.15,-0.043888888888888894,118.44333485000003,51.7,-66.78722373888891,489.81388888888887,60.00383316944444,0.0,66.78722373888891,0.5954001966666709,12.279804978859099,124.2108590729542,646.9832260000001,49.99457645646334,323.456523583063,0.18,0.096,0,,14.55,118.44333485000003,-66.78722373888891,7.275,4272.683414707997,60785.07514164788,2136.3417073539986
2023-02-23 09:00:00,9,0,3,False,-0.048055555555555546,25.741666666666667,119.39555699722223,37.41111111111111,489.35833333333335,59.997777938888895,8.488333333333333,10.623333333333333,25.741666666666667,37.41111111111111,-0.048055555555555546,119.39555699722223,63.15277777777778,-56.29083477500001,489.35833333333335,59.997777938888895,0.0,56.29083477500001,0.5973335266666737,21.551312888575236,125.20944908297504,646.9832260000001,49.99406156308961,323.45319230930323,0.18,0.096,0,,25.741666666666667,119.39555699722223,-56.29083477500001,12.870833333333334,4298.425081374664,60904.470698645106,2149.212540687332
2023-02-23 10:00:00,10,0,3,False,-0.05277777777777778,34.62777777777778,118.76472360555559,37.016666666666666,488.3722222222222,60.001749758333325,9.035555555555556,11.02611111111111,34.62777777777778,37.016666666666666,-0.05277777777777778,118.76472360555559,71.64444444444445,-47.17305693888892,488.3722222222222,60.001749758333325,0.0,47.17305693888892,0.5979002900000097,29.143667704356428,124.54789765325506,646.9832260000001,49.99347801726605,323.44941686570877,0.18,0.096,0,,34.62777777777778,118.76472360555559,-47.17305693888892,17.31388888888889,4333.052859152442,61023.23542225066,2166.526429576221
2023-02-23 11:00:00,11,0,3,False,-0.03805555555555555,38.51111111111111,118.43333483333336,37.105555555555554,487.2361111111111,60.00469418888888,9.466944444444445,11.396388888888886,38.51111111111111,37.105555555555554,-0.03805555555555555,118.43333483333336,75.61666666666667,-42.854723722222246,487.2361111111111,60.00469418888888,0.0,42.854723722222246,0.5943669733333479,32.50667607149393,124.20037211172092,646.9832260000001,49.99529730718657,323.46118736632684,0.12,0.08,0,,38.51111111111111,118.43333483333336,-42.854723722222246,19.255555555555556,4371.563970263553,61141.66875708399,2185.7819851317763
2023-02-23 12:00:00,12,0,3,False,-0.0325,33.111111111111114,119.07527912777779,37.11666666666667,486.675,59.999666822222224,10.058055555555557,11.795833333333333,33.111111111111114,37.11666666666667,-0.0325,119.07527912777779,70.22777777777779,-48.88000135,486.675,59.999666822222224,0.0,48.88000135,0.5996001866666688,27.79928511267917,124.87357548269074,646.9832260000001,49.99598383168488,323.4656290646733,0.12,0.08,0,,33.111111111111114,119.07527912777779,-48.88000135,16.555555555555557,4404.675081374664,61260.74403621177,2202.337540687332
2023-02-23 13:00:00,13,0,3,False,-0.05305555555555556,31.894444444444446,118.25944584444446,37.08888888888889,487.60277777777776,60.00413850277777,10.695833333333333,12.023333333333332,31.894444444444446,37.08888888888889,-0.05305555555555556,118.25944584444446,68.98333333333333,-49.329168066666675,487.60277777777776,60.00413850277777,0.0,49.329168066666675,0.5950337966666751,26.95779741534942,124.01801570711133,646.9832260000001,49.99344369104113,323.4491947807914,0.12,0.08,0,,31.894444444444446,118.25944584444446,-49.329168066666675,15.947222222222223,4436.569525819108,61379.003482056214,2218.284762909554
2023-02-23 14:00:00,14,0,3,False,-0.0425,29.205555555555556,120.86027922777778,37.07222222222222,487.0472222222222,59.98725069444445,11.782499999999999,12.496666666666668,29.205555555555556,37.07222222222222,-0.0425,120.86027922777778,66.27777777777777,-54.625001450000006,487.0472222222222,59.98725069444445,0.0,54.625001450000006,0.5847008333333378,24.15623176083738,126.74549504783212,646.9832260000001,49.99474808758792,323.4576340076497,0.12,0.08,0,,29.205555555555556,120.86027922777778,-54.625001450000006,14.602777777777778,4465.775081374663,61499.86376128399,2232.8875406873317
2023-02-23 15:00:00,15,0,3,False,-0.0675,20.119444444444444,120.99527936944445,37.11388888888889,486.8388888888889,59.98638921111112,12.473055555555554,13.148055555555556,20.119444444444444,37.11388888888889,-0.0675,120.99527936944445,57.233333333333334,-63.829446036111115,486.8388888888889,59.98638921111112,0.0,63.829446036111115,0.5836670533333403,16.61901746287057,126.88706893708999,646.9832260000001,49.99165872734552,323.43764636509064,0.12,0.08,0,,20.119444444444444,120.99527936944445,-63.829446036111115,10.059722222222222,4485.894525819108,61620.859040653435,2242.947262909554
2023-02-23 16:00:00,16,0,3,False,-0.06583333333333334,6.697222222222222,119.93861267777781,37.141666666666666,486.7027777777778,59.993361544444454,12.794722222222223,13.393333333333334,6.697222222222222,37.141666666666666,-0.06583333333333334,119.93861267777781,43.83888888888889,-76.16555712222225,486.7027777777778,59.993361544444454,0.0,76.16555712222225,0.5920338533333449,5.580811748926477,125.77894852075835,646.9832260000001,49.99186468469502,323.43897887459457,0.12,0.08,0,,6.697222222222222,119.93861267777781,-76.16555712222225,3.348611111111111,4492.59174804133,61740.79765333121,2246.295874020665
2023-02-23 17:00:00,17,0,3,False,-0.07305555555555555,0.6,121.70527921944445,37.205555555555556,486.6777777777778,59.98088958611111,12.898333333333337,13.424722222222226,0.6,37.205555555555556,-0.07305555555555555,121.70527921944445,37.80555555555556,-83.97277921944445,486.6777777777778,59.98088958611111,0.0,83.97277921944445,0.5770675033333333,0.49269847638216724,127.6316417863926,646.9832260000001,49.99097220284721,323.4332046667442,0.12,0.08,0,,0.6,121.70527921944445,-83.97277921944445,0.3,4493.19174804133,61862.502932550655,2246.595874020665
2023-02-23 18:00:00,18,0,3,False,-0.07888888888888888,-0.20555555555555555,119.77305710555557,37.08611111111111,488.0833333333333,59.994111322222224,12.875555555555557,13.363611111111116,0.0,37.08611111111111,-0.07888888888888888,119.77305710555557,37.08611111111111,-82.76583488333334,488.0833333333333,59.994111322222224,0.0,82.76583488333334,0.5929335866666691,0.0,125.60533132333578,646.9832260000001,49.990251352123984,323.42854088348037,0.18,0.096,0,,0.0,119.77305710555557,-82.76583488333334,0.0,4493.19174804133,61982.27598965621,2246.595874020665
2023-02-23 19:00:00,19,0,3,False,-0.07444444444444445,0.0,120.04889028055558,37.03055555555556,490.9861111111111,59.99236151666666,12.728333333333335,13.18861111111111,0.0,37.03055555555556,-0.07444444444444445,120.04889028055558,37.03055555555556,-83.09277916944446,490.9861111111111,59.99236151666666,0.0,83.09277916944446,0.5908338199999946,0.0,125.8945960225353,646.9832260000001,49.99080057172264,323.4320942421576,0.18,0.096,0,,0.0,120.04889028055558,-83.09277916944446,0.0,4493.19174804133,62102.32487993677,2246.595874020665
2023-02-23 20:00:00,20,0,3,False,-0.08277777777777778,0.0,116.86333475833337,37.016666666666666,488.4861111111111,60.01508296666667,12.517777777777777,13.033333333333333,0.0,37.016666666666666,-0.08277777777777778,116.86333475833337,37.016666666666666,-79.92944586944448,488.4861111111111,60.01508296666667,0.0,79.92944586944448,0.5819004399999983,0.0,122.55392186352994,646.9832260000001,49.98977078497517,323.42543169463795,0.18,0.096,0,,0.0,116.86333475833337,-79.92944586944448,0.0,4493.19174804133,62219.1882146951,2246.595874020665
2023-02-23 21:00:00,21,0,3,False,-0.08666666666666667,0.0,118.23027913611114,37.236111111111114,489.40555555555557,60.004694255555556,12.271111111111113,12.858055555555554,0.0,37.236111111111114,-0.08666666666666667,118.23027913611114,37.236111111111114,-81.0808346916667,489.40555555555557,60.004694255555556,0.0,81.0808346916667,0.5943668933333327,0.0,123.98742874413024,646.9832260000001,49.98929021782635,323.42232250579536,0.18,0.096,0,,0.0,118.23027913611114,-81.0808346916667,0.0,4493.19174804133,62337.41849383122,2246.595874020665
2023-02-23 22:00:00,22,0,3,False,-0.0761111111111111,0.0,115.80750149166668,37.24722222222222,490.825,60.02138848055555,12.076944444444443,12.638055555555555,0.0,37.24722222222222,-0.0761111111111111,115.80750149166668,37.24722222222222,-78.63639038055558,490.825,60.02138848055555,0.0,78.63639038055558,0.5743338233333389,0.0,121.44667545530817,646.9832260000001,49.990594614373144,323.43076173265365,0.18,0.096,0,,0.0,115.80750149166668,-78.63639038055558,0.0,4493.19174804133,62453.225995322886,2246.595874020665
2023-02-23 23:00:00,23,0,3,False,-0.0875,0.0,116.32639038888891,37.18333333333333,488.1222222222222,60.01813840555555,11.737222222222224,12.455555555555556,0.0,37.18333333333333,-0.0875,116.32639038888891,37.18333333333333,-79.23055705555558,488.1222222222222,60.01813840555555,0.0,79.23055705555558,0.5782339133333437,0.0,121.9908313233358,646.9832260000001,49.989187239151605,323.42165625104343,0.12,0.08,0,,0.0,116.32639038888891,-79.23055705555558,0.0,4493.19174804133,62569.55238571177,2246.595874020665
2023-02-24 00:00:00,0,0,4,False,-0.0763888888888889,0.0,117.74583479166668,37.202777777777776,486.47777777777776,60.00936128055556,11.407222222222224,12.269166666666665,0.0,37.202777777777776,-0.0763888888888889,117.74583479166668,37.202777777777776,-80.61944590277778,486.47777777777776,60.00936128055556,0.0,80.61944590277778,0.5887664633333287,0.0,123.47939468486734,646.9832260000001,49.990560288148224,323.4305396477363,0.12,0.08,0,,0.0,117.74583479166668,-80.61944590277778,0.0,4493.19174804133,62687.29822050344,2246.595874020665
2023-02-24 01:00:00,1,0,4,False,-0.0838888888888889,0.0,118.61416810000001,37.11944444444445,487.7972222222222,60.00252759722222,11.088055555555556,12.095833333333333,0.0,37.11944444444445,-0.0838888888888889,118.61416810000001,37.11944444444445,-81.57861254444445,487.7972222222222,60.00252759722222,0.0,81.57861254444445,0.5969668833333373,0.0,124.39001094137801,646.9832260000001,49.989633480075504,323.4245433549686,0.12,0.08,0,,0.0,118.61416810000001,-81.57861254444445,0.0,4493.19174804133,62805.91238860344,2246.595874020665
2023-02-24 02:00:00,2,0,4,False,-0.049722222222222216,0.0,117.66194582777779,37.06666666666667,487.825,60.009888475,10.715555555555556,11.838333333333331,0.0,37.06666666666667,-0.049722222222222216,117.66194582777779,37.06666666666667,-80.64500138333334,487.825,60.009888475,0.0,80.64500138333334,0.5881338300000039,0.0,123.39142080027032,646.9832260000001,49.993855605740116,323.4518597997993,0.12,0.08,0,,0.0,117.66194582777779,-80.64500138333334,0.0,4493.19174804133,62923.57433443122,2246.595874020665
2023-02-24 03:00:00,3,0,4,False,-0.06666666666666667,0.0,118.41472364722223,37.077777777777776,487.2361111111111,60.00461075,10.325,11.58861111111111,0.0,37.077777777777776,-0.06666666666666667,118.41472364722223,37.077777777777776,-81.40361253611113,487.2361111111111,60.00461075,0.0,81.40361253611113,0.5944671000000028,0.0,124.18085466552475,646.9832260000001,49.99176170602027,323.43831261984263,0.12,0.08,0,,0.0,118.41472364722223,-81.40361253611113,0.0,4493.19174804133,63041.98905807844,2246.595874020665
2023-02-24 04:00:00,4,0,4,False,-0.05277777777777778,0.0,121.51777934444448,37.11666666666667,486.2611111111111,59.98316723333334,9.919444444444444,11.326111111111112,0.0,37.11666666666667,-0.05277777777777778,121.51777934444448,37.11666666666667,-84.45389045555558,486.2611111111111,59.98316723333334,0.0,84.45389045555558,0.5798006800000081,0.0,127.43501172207272,646.9832260000001,49.99347801726605,323.44941686570877,0.12,0.08,0,,0.0,121.51777934444448,-84.45389045555558,0.0,4493.19174804133,63163.50683742289,2246.595874020665
2023-02-24 05:00:00,5,0,4,False,-0.06694444444444445,0.0,122.23222369722224,37.11666666666667,489.3027777777778,59.97833396944445,9.455277777777777,11.0275,0.0,37.11666666666667,-0.06694444444444445,122.23222369722224,37.11666666666667,-85.18250147500002,489.3027777777778,59.97833396944445,0.0,85.18250147500002,0.5740007633333392,0.0,128.18424549644027,646.9832260000001,49.99172737979536,323.4380905349253,0.12,0.08,0,,0.0,122.23222369722224,-85.18250147500002,0.0,4493.19174804133,63285.73906112011,2246.595874020665
2023-02-24 06:00:00,6,0,4,False,-0.05944444444444444,-0.022222222222222223,122.99222367222224,37.11944444444445,488.97777777777776,59.97341676666668,9.019444444444444,10.743888888888888,0.0,37.11944444444445,-0.05944444444444444,122.99222367222224,37.11944444444445,-85.93222367222222,488.97777777777776,59.97341676666668,0.0,85.93222367222222,0.5681001200000168,0.0,128.98125319560484,646.9832260000001,49.99265418786808,323.444086827693,0.18,0.096,0,,0.0,122.99222367222224,-85.93222367222222,0.0,4493.19174804133,63408.73128479233,2246.595874020665
2023-02-24 07:00:00,7,0,4,False,-0.04527777777777778,4.6305555555555555,120.17944596111114,37.1,489.61944444444447,59.992361325000005,8.605277777777777,10.481388888888889,4.6305555555555555,37.1,-0.04527777777777778,120.17944596111114,41.730555555555554,-78.49416818333337,489.61944444444447,59.992361325000005,0.0,78.49416818333337,0.5908335900000053,3.8515834443608012,126.03150903042382,646.9832260000001,49.99440482533877,323.45541315847646,0.18,0.096,0,,4.6305555555555555,120.17944596111114,-78.49416818333337,2.3152777777777778,4497.822303596886,63528.91073075344,2248.911151798443
2023-02-24 08:00:00,8,0,4,False,-0.04638888888888889,17.391666666666666,117.93777925277779,37.2,490.68611111111113,60.007833161111115,8.31472222222222,10.313055555555556,17.391666666666666,37.2,-0.04638888888888889,117.93777925277779,54.59166666666667,-63.39250147500001,490.68611111111113,60.007833161111115,0.0,63.39250147500001,0.5906002066666616,14.740678296586399,123.68068576164342,646.9832260000001,49.9942675204391,323.45452481880716,0.18,0.096,0,,17.391666666666666,117.93777925277779,-63.39250147500001,8.695833333333333,4515.213970263552,63646.848510006224,2257.606985131776
2023-02-24 09:00:00,9,0,4,False,-0.04027777777777778,27.594444444444445,118.20833466666667,37.172222222222224,488.88055555555553,60.006082944444444,8.460555555555556,10.332777777777778,27.594444444444445,37.172222222222224,-0.04027777777777778,118.20833466666667,64.76666666666667,-53.48194577777778,488.88055555555553,60.006082944444444,0.0,53.48194577777778,0.5927004666666675,23.335956231544674,123.96441570245045,646.9832260000001,49.99502269738725,323.4594106869883,0.18,0.096,0,,27.594444444444445,118.20833466666667,-53.48194577777778,13.797222222222222,4542.808414707997,63765.056844672894,2271.4042073539986
2023-02-24 10:00:00,10,0,4,False,-2.7561111138888887,34.03055555555556,120.54055703055559,37.019444444444446,487.59444444444443,59.989555975,9.072222222222223,10.731944444444444,34.03055555555556,37.019444444444446,-2.7561111138888887,120.54055703055559,71.05000000000001,-52.24666814444447,487.59444444444443,59.989555975,0.0,52.24666814444447,0.5874671700000021,27.600547579832487,126.41020417788191,646.9832260000001,49.659415196044776,321.28808644810476,0.18,0.096,0,,34.03055555555556,120.54055703055559,-52.24666814444447,17.01527777777778,4576.838970263552,63885.597401703446,2288.419485131776
2023-02-24 11:00:00,11,0,4,False,-1.6175,37.977777777777774,120.06861264444447,37.075,487.5138888888889,59.993028386111106,9.602222222222222,11.22388888888889,37.977777777777774,37.075,-1.6175,120.06861264444447,75.05277777777778,-46.633334866666694,487.5138888888889,59.993028386111106,0.0,46.633334866666694,0.5916340633333277,31.209623639424915,125.91527875461719,646.9832260000001,49.800118392316826,322.1984125264308,0.12,0.08,0,,37.977777777777774,120.06861264444447,-46.633334866666694,18.988888888888887,4614.81674804133,64005.66601434789,2307.408374020665
2023-02-24 12:00:00,12,0,4,False,-1.441388888888889,38.40555555555556,118.1302791777778,37.03055555555556,487.02777777777777,60.006277641666664,10.228333333333333,11.660277777777777,38.40555555555556,37.03055555555556,-1.441388888888889,118.1302791777778,75.43611111111112,-44.135556955555565,487.02777777777777,60.006277641666664,0.0,44.135556955555565,0.5924668300000036,32.11927723057497,123.88255935027559,646.9832260000001,49.821881218913276,322.3392143640133,0.12,0.08,0,,38.40555555555556,118.1302791777778,-44.135556955555565,19.20277777777778,4653.2223035968855,64123.796293525666,2326.6111517984427
2023-02-24 13:00:00,13,0,4,False,-0.29527777777777775,36.4,119.54111266111111,37.08888888888889,488.1722222222222,59.995333547222224,11.17083333333333,12.061111111111112,36.4,37.08888888888889,-0.29527777777777775,119.54111266111111,73.48888888888888,-46.34750155000001,488.1722222222222,59.995333547222224,0.0,46.34750155000001,0.5944002566666683,30.374746658079914,125.36209248901784,646.9832260000001,49.96351122291478,323.2555367328861,0.12,0.08,0,,36.4,119.54111266111111,-46.34750155000001,18.2,4689.622303596885,64243.33740618678,2344.8111517984426
2023-02-24 14:00:00,14,0,4,False,-0.4625,31.569444444444443,119.95555697222224,37.06388888888889,486.6722222222222,59.99283371388889,12.152777777777779,12.49472222222222,31.569444444444443,37.06388888888889,-0.4625,119.95555697222224,68.63333333333333,-51.78472363888891,486.6722222222222,59.99283371388889,0.0,51.78472363888891,0.5914004566666705,26.216536986414596,125.79671790703908,646.9832260000001,49.94284683551563,323.121841612658,0.12,0.08,0,,31.569444444444443,119.95555697222224,-51.78472363888891,15.784722222222221,4721.191748041329,64363.292963159,2360.5958740206647
2023-02-24 15:00:00,15,0,4,False,-0.3205555555555556,23.469444444444445,118.44333485,37.016666666666666,486.60555555555555,60.00341648055554,12.958333333333334,13.319444444444445,23.469444444444445,37.016666666666666,-0.3205555555555556,118.44333485,60.486111111111114,-58.27777929444444,486.60555555555555,60.00341648055554,0.0,58.27777929444444,0.5959002233333478,19.76143115916872,124.21085907295418,646.9832260000001,49.96038753644747,323.2353270054098,0.12,0.08,0,,23.469444444444445,118.44333485,-58.27777929444444,11.734722222222222,4744.661192485774,64481.736298009004,2372.330596242887
2023-02-24 16:00:00,16,0,4,False,-0.08555555555555555,12.425,118.67277926944446,37.05555555555556,487.93055555555554,60.00169447222221,13.500555555555552,13.832222222222223,12.425,37.05555555555556,-0.08555555555555555,118.67277926944446,49.480555555555554,-69.27777926944447,487.93055555555554,60.00169447222221,0.0,69.27777926944447,0.5979666333333454,10.46242355815214,124.451476145116,646.9832260000001,49.98942752272601,323.42321084546467,0.12,0.08,0,,12.425,118.67277926944446,-69.27777926944447,6.2125,4757.0861924857745,64600.40907727845,2378.5430962428873
2023-02-24 17:00:00,17,0,4,False,-0.09666666666666666,1.3,120.40305707222223,37.16388888888889,489.1166666666667,59.98930591944445,13.684444444444443,13.855555555555556,1.3,37.16388888888889,-0.09666666666666666,120.40305707222223,38.46388888888889,-82.03583485,489.1166666666667,59.98930591944445,0.0,82.03583485,0.5871671033333371,1.0788406476490957,126.26600874494586,646.9832260000001,49.98805447372939,323.41432744877176,0.12,0.08,0,,1.3,120.40305707222223,-82.03583485,0.65,4758.386192485775,64720.81213435067,2379.1930962428873
2023-02-24 18:00:00,18,0,4,False,-0.09527777777777777,-0.030555555555555555,119.61861260277782,37.08888888888889,489.7,59.99472261388889,13.669444444444443,13.839444444444446,0.0,37.08888888888889,-0.09527777777777777,119.61861260277782,37.08888888888889,-82.62500149166671,489.7,59.99472261388889,0.0,82.62500149166671,0.5936671366666673,0.0,125.44336624194547,646.9832260000001,49.98822610485397,323.4154378733584,0.18,0.096,0,,0.0,119.61861260277782,-82.62500149166671,0.0,4758.386192485775,64840.43074695345,2379.1930962428873
2023-02-24 19:00:00,19,0,4,False,-0.10361111111111113,0.0,116.28972364722223,37.05555555555556,488.24444444444447,60.018805249999986,13.605277777777774,13.8125,0.0,37.05555555555556,-0.10361111111111113,116.28972364722223,37.05555555555556,-79.33777920277778,488.24444444444447,60.018805249999986,0.0,79.33777920277778,0.5774337000000173,0.0,121.95237911758194,646.9832260000001,49.987196318106506,323.40877532583875,0.18,0.096,0,,0.0,116.28972364722223,-79.33777920277778,0.0,4758.386192485775,64956.72047060067,2379.1930962428873
2023-02-24 20:00:00,20,0,4,False,-0.11027777777777778,0.0,115.49611246111112,37.019444444444446,487.1111111111111,60.026082830555545,13.481944444444444,13.749166666666666,0.0,37.019444444444446,-0.11027777777777778,115.49611246111112,37.019444444444446,-78.58694579444446,487.1111111111111,60.026082830555545,0.0,78.58694579444446,0.568700603333346,0.0,121.12012353037136,646.9832260000001,49.98637248870853,323.403445287823,0.18,0.096,0,,0.0,115.49611246111112,-78.58694579444446,0.0,4758.386192485775,65072.21658306178,2379.1930962428873
2023-02-24 21:00:00,21,0,4,False,-0.10527777777777779,0.0,116.63305708055557,37.28333333333333,488.9472222222222,60.02366631388888,13.224166666666664,13.548888888888888,0.0,37.28333333333333,-0.10527777777777779,116.63305708055557,37.28333333333333,-79.45500152500001,488.9472222222222,60.02366631388888,0.0,79.45500152500001,0.5716004233333422,0.0,122.31243095804058,646.9832260000001,49.98699036075701,323.40744281633476,0.18,0.096,0,,0.0,116.63305708055557,-79.45500152500001,0.0,4758.386192485775,65188.84964014234,2379.1930962428873
2023-02-24 22:00:00,22,0,4,False,-0.08666666666666667,0.0,115.79916803333334,37.230555555555554,490.2944444444444,60.0313330611111,12.931111111111113,13.346111111111112,0.0,37.230555555555554,-0.08666666666666667,115.79916803333334,37.230555555555554,-78.65527914444446,490.2944444444444,60.0313330611111,0.0,78.65527914444446,0.5624003266666818,0.0,121.43793620442548,646.9832260000001,49.98929021782635,323.42232250579536,0.18,0.096,0,,0.0,115.79916803333334,-78.65527914444446,0.0,4758.386192485775,65304.648808175676,2379.1930962428873
2023-02-24 23:00:00,23,0,4,False,-0.085,0.0,118.51361251111112,37.31944444444444,485.44166666666666,60.01933294444444,12.584999999999999,13.083333333333334,0.0,37.31944444444444,-0.085,118.51361251111112,37.31944444444444,-81.27916806666667,485.44166666666666,60.01933294444444,0.0,81.27916806666667,0.5768004666666684,0.0,124.28455886088487,646.9832260000001,49.989496175175844,323.42365501529935,0.12,0.08,0,,0.0,118.51361251111112,-81.27916806666667,0.0,4758.386192485775,65423.162420686785,2379.1930962428873
2023-02-25 00:00:00,0,0,5,True,-0.07777777777777778,0.0,118.21472389722226,37.28888888888889,484.9472222222222,60.0212219611111,12.325,12.87416666666667,0.0,37.28888888888889,-0.07777777777777778,118.21472389722226,37.28888888888889,-81.00361278611115,484.9472222222222,60.0212219611111,0.0,81.00361278611115,0.5745336466666771,0.0,123.97111605259788,646.9832260000001,49.99038865702365,323.4294292231497,0.12,0.08,0,,0.0,118.21472389722226,-81.00361278611115,0.0,4758.386192485775,65541.37714458401,2379.1930962428873
2023-02-25 01:00:00,1,0,5,True,-0.07277777777777779,0.0,119.1844459277778,37.31944444444444,486.3222222222222,60.01427720555555,11.972222222222221,12.695833333333333,0.0,37.31944444444444,-0.07277777777777779,119.1844459277778,37.31944444444444,-81.93777926111113,486.3222222222222,60.01427720555555,0.0,81.93777926111113,0.5828673533333386,0.0,124.98805809184235,646.9832260000001,49.99100652907213,323.4334267516615,0.12,0.08,0,,0.0,119.1844459277778,-81.93777926111113,0.0,4758.386192485775,65660.56159051179,2379.1930962428873
2023-02-25 02:00:00,2,0,5,True,-0.08361111111111111,0.0,120.33111239444446,37.225,486.1333333333333,60.007027691666664,11.622222222222222,12.479722222222222,0.0,37.225,-0.08361111111111111,120.33111239444446,37.225,-83.18972350555558,486.1333333333333,60.007027691666664,0.0,83.18972350555558,0.5915667700000028,0.0,126.19056076601301,646.9832260000001,49.989667806300425,323.42476543988596,0.12,0.08,0,,0.0,120.33111239444446,-83.18972350555558,0.0,4758.386192485775,65780.89270290623,2379.1930962428873
2023-02-25 03:00:00,3,0,5,True,-0.07194444444444445,0.0,121.93250157500002,37.125,486.14166666666665,59.99633381388889,11.240555555555556,12.240555555555556,0.0,37.125,-0.07194444444444445,121.93250157500002,37.125,-84.87944601944446,486.14166666666665,59.99633381388889,0.0,84.87944601944446,0.5956005766666663,0.0,127.86992859265216,646.9832260000001,49.99110950774688,323.4340930064135,0.12,0.08,0,,0.0,121.93250157500002,-84.87944601944446,0.0,4758.386192485775,65902.82520448123,2379.1930962428873
2023-02-25 04:00:00,4,0,5,True,-0.06805555555555555,0.0,122.51416822500002,37.19444444444444,484.9,59.992111533333336,10.85138888888889,12.003888888888888,0.0,37.19444444444444,-0.06805555555555555,122.51416822500002,37.19444444444444,-85.38777933611114,484.9,59.992111533333336,0.0,85.38777933611114,0.5905338400000033,0.0,128.47991913692454,646.9832260000001,49.99159007489569,323.437202195256,0.12,0.08,0,,0.0,122.51416822500002,-85.38777933611114,0.0,4758.386192485775,66025.33937270622,2379.1930962428873
2023-02-25 05:00:00,5,0,5,True,-0.06722222222222222,0.0,123.49527932777781,37.31944444444444,486.65,59.98466710833333,10.506666666666668,11.793055555555556,0.0,37.31944444444444,-0.06722222222222222,123.49527932777781,37.31944444444444,-86.2430571055556,486.65,59.98466710833333,0.0,86.2430571055556,0.58160053,0.0,129.50880483215064,646.9832260000001,49.99169305357044,323.43786845000795,0.12,0.08,0,,0.0,123.49527932777781,-86.2430571055556,0.0,4758.386192485775,66148.834652034,2379.1930962428873
2023-02-25 06:00:00,6,0,5,True,-0.05416666666666667,-0.027777777777777776,123.29083482500002,37.263888888888886,489.4166666666667,59.98613896111111,10.204444444444444,11.589166666666666,0.0,37.263888888888886,-0.05416666666666667,123.29083482500002,37.263888888888886,-86.0811126027778,489.4166666666667,59.98613896111111,0.0,86.0811126027778,0.5833667533333312,0.0,129.2944050319852,646.9832260000001,49.99330638614147,323.4483064411221,0.18,0.096,0,,0.0,123.29083482500002,-86.0811126027778,0.0,4758.386192485775,66272.125486859,2379.1930962428873
2023-02-25 07:00:00,7,0,5,True,-0.065,2.8666666666666667,122.16111261111114,37.28333333333333,489.9277777777778,59.99400009722221,9.927222222222223,11.415555555555557,2.8666666666666667,37.28333333333333,-0.065,122.16111261111114,40.15,-82.07611261111114,489.9277777777778,59.99400009722221,0.0,82.07611261111114,0.5928001166666547,2.345379890946534,128.10967170039967,646.9832260000001,49.99196766336976,323.43964512934656,0.18,0.096,0,,2.8666666666666667,122.16111261111114,-82.07611261111114,1.4333333333333333,4761.2528591524415,66394.28659947011,2380.6264295762207
2023-02-25 08:00:00,8,0,5,True,-0.05638888888888889,14.313888888888888,120.06972373888891,37.355555555555554,489.9861111111111,60.009583122222224,9.755,11.275277777777777,14.313888888888888,37.355555555555554,-0.05638888888888889,120.06972373888891,51.669444444444444,-68.45666818333335,489.9861111111111,60.009583122222224,0.0,68.45666818333335,0.5885002533333307,11.915718053111265,125.91644395311172,646.9832260000001,49.99303177634214,323.44652976178355,0.18,0.096,0,,14.313888888888888,120.06972373888891,-68.45666818333335,7.156944444444444,4775.56674804133,66514.35632320901,2387.783374020665
2023-02-25 09:00:00,9,0,5,True,-0.47916666666666674,21.113888888888887,121.44861248611112,37.455555555555556,489.5777777777778,59.99938880277777,9.791944444444445,11.269444444444444,21.113888888888887,37.455555555555556,-0.47916666666666674,121.44861248611112,58.56944444444444,-63.35833470833334,489.5777777777778,59.99938880277777,0.0,63.35833470833334,0.5992665633333274,17.316717351533804,127.36247682676733,646.9832260000001,49.9407872620207,323.1085165176186,0.18,0.096,0,,21.113888888888887,121.44861248611112,-63.35833470833334,10.556944444444444,4796.680636930219,66635.80493569512,2398.3403184651097
2023-02-25 10:00:00,10,0,5,True,-1.3208333333333333,27.241666666666667,121.99500153333337,37.00833333333333,489.43333333333334,59.99591695000001,10.144166666666667,11.551944444444445,27.241666666666667,37.00833333333333,-1.3208333333333333,121.99500153333337,64.25,-59.0658348666667,489.43333333333334,59.99591695000001,0.0,59.0658348666667,0.5951003400000104,22.09097209301732,127.9354719474255,646.9832260000001,49.836778800526616,322.43559921813124,0.18,0.096,0,,27.241666666666667,121.99500153333337,-59.0658348666667,13.620833333333334,4823.922303596886,66757.79993722845,2411.961151798443
2023-02-25 11:00:00,11,0,5,True,-1.3713888888888888,30.747222222222224,121.48694599444445,37.03333333333333,487.7611111111111,59.99894458611111,10.587777777777779,11.876388888888888,30.747222222222224,37.03333333333333,-1.3713888888888888,121.48694599444445,67.78055555555555,-55.07777932777779,487.7611111111111,59.99894458611111,0.0,55.07777932777779,0.5987335033333295,25.026565964303426,127.4026769613498,646.9832260000001,49.83053142759199,322.3951797631786,0.12,0.08,0,,30.747222222222224,121.48694599444445,-55.07777932777779,15.373611111111112,4854.6695258191085,66879.2868832229,2427.3347629095542
2023-02-25 12:00:00,12,0,5,True,-1.3227777777777778,26.130555555555556,121.49944595277779,37.00833333333333,488.01666666666665,59.99808331944444,11.060833333333333,12.141111111111112,26.130555555555556,37.00833333333333,-1.3227777777777778,121.49944595277779,63.138888888888886,-59.683334841666685,488.01666666666665,59.99808331944444,0.0,59.683334841666685,0.5976999833333281,21.275103773467038,127.41578559734799,646.9832260000001,49.83653851695221,322.43404462371,0.12,0.08,0,,26.130555555555556,121.49944595277779,-59.683334841666685,13.065277777777778,4880.800081374664,67000.78632917568,2440.400040687332
2023-02-25 13:00:00,13,0,5,True,-1.3316666666666666,21.09722222222222,121.83916814166668,37.016666666666666,486.78055555555557,59.99611117777778,11.632777777777779,12.395555555555557,21.09722222222222,37.016666666666666,-1.3316666666666666,121.83916814166668,58.11388888888889,-65.05694591944446,486.78055555555557,59.99611117777778,0.0,65.05694591944446,0.5953334133333328,17.128423506304635,127.77205034606915,646.9832260000001,49.83544007775491,322.42693790635565,0.12,0.08,0,,21.09722222222222,121.83916814166668,-65.05694591944446,10.54861111111111,4901.897303596887,67122.62549731735,2450.9486517984433
2023-02-25 14:00:00,14,0,5,True,-1.2444444444444445,22.372222222222224,120.48166810833334,37.01111111111111,487.34166666666664,60.004888602777775,12.129722222222224,12.652777777777779,22.372222222222224,37.01111111111111,-1.2444444444444445,120.48166810833334,59.38333333333334,-62.342779219444445,487.34166666666664,60.004888602777775,0.0,62.342779219444445,0.5941336766666694,18.379147869790156,126.34844769636801,646.9832260000001,49.84621851237839,322.496672570395,0.12,0.08,0,,22.372222222222224,120.48166810833334,-62.342779219444445,11.186111111111112,4924.269525819109,67243.10716542568,2462.1347629095544
2023-02-25 15:00:00,15,0,5,True,-0.5341666666666667,21.43888888888889,120.4644458527778,37.141666666666666,488.50555555555553,60.005110925,12.645555555555555,13.029166666666667,21.43888888888889,37.141666666666666,-0.5341666666666667,120.4644458527778,58.580555555555556,-62.41805696388891,488.50555555555553,60.005110925,0.0,62.41805696388891,0.5938668900000038,17.71829316261264,126.33038681383346,646.9832260000001,49.93399066948742,323.06454370398876,0.12,0.08,0,,21.43888888888889,120.4644458527778,-62.41805696388891,10.719444444444445,4945.708414707998,67363.57161127846,2472.854207353999
2023-02-25 16:00:00,16,0,5,True,-0.5419444444444443,5.1,122.28305703888891,37.18055555555556,489.49444444444447,59.992250066666664,13.011111111111111,13.287777777777778,5.1,37.18055555555556,-0.5419444444444443,122.28305703888891,42.28055555555556,-80.5444459277778,489.49444444444447,59.992250066666664,0.0,80.5444459277778,0.5907000799999963,4.152249084802202,128.23755413593412,646.9832260000001,49.93302953518979,323.0583253263037,0.12,0.08,0,,5.1,122.28305703888891,-80.5444459277778,2.55,4950.808414707998,67485.85466831735,2475.404207353999
2023-02-25 17:00:00,17,0,5,True,-0.5308333333333334,0.45,122.24416810833334,37.1,490.2138888888889,59.99227819166667,13.238888888888889,13.445555555555554,0.45,37.1,-0.5308333333333334,122.24416810833334,37.550000000000004,-85.22500144166668,490.2138888888889,59.99227819166667,0.0,85.22500144166668,0.5907338300000049,0.36652412520133887,128.19677153319117,646.9832260000001,49.93440258418641,323.0672087229966,0.12,0.08,0,,0.45,122.24416810833334,-85.22500144166668,0.225,4951.258414707998,67608.09883642568,2475.629207353999
2023-02-25 18:00:00,18,0,5,True,-0.5402777777777777,-0.14722222222222223,123.53555727222225,37.205555555555556,486.36944444444447,59.983250588888886,13.428333333333335,13.510833333333332,0.0,37.205555555555556,-0.5402777777777777,123.53555727222225,37.205555555555556,-86.87027949444446,486.36944444444447,59.983250588888886,0.0,86.87027949444446,0.5799007066666633,0.0,129.55104408594636,646.9832260000001,49.93323549253928,323.0596578358076,0.18,0.096,0,,0.0,123.53555727222225,-86.87027949444446,0.0,4951.258414707998,67731.6343936979,2475.629207353999
2023-02-25 19:00:00,19,0,5,True,-0.5247222222222222,0.0,123.89027927777781,37.175,487.09722222222223,59.980833811111125,13.499444444444444,13.564444444444444,0.0,37.175,-0.5247222222222222,123.89027927777781,37.175,-87.24000150000003,487.09722222222223,59.980833811111125,0.0,87.24000150000003,0.5770005733333505,0.0,129.92303905803942,646.9832260000001,49.93515776113455,323.0720945911777,0.18,0.096,0,,0.0,123.89027927777781,-87.24000150000003,0.0,4951.258414707998,67855.52467297568,2475.629207353999
2023-02-25 20:00:00,20,0,5,True,-0.5611111111111111,0.0,119.62527929444445,37.075,488.27222222222224,60.00405505277778,13.5,13.570833333333333,0.0,37.075,-0.5611111111111111,119.62527929444445,37.075,-83.11139040555557,488.27222222222224,60.00405505277778,0.0,83.11139040555557,0.5951339366666645,0.0,125.45035756399949,646.9832260000001,49.93066102567062,323.0430014670085,0.18,0.096,0,,0.0,119.62527929444445,-83.11139040555557,0.0,4951.258414707998,67975.14995227012,2475.629207353999
2023-02-25 21:00:00,21,0,5,True,-0.7416666666666667,0.0,118.30527921944446,37.00555555555555,490.0888888888889,60.012026991666666,13.481111111111113,13.540833333333333,0.0,37.00555555555555,-0.7416666666666667,118.30527921944446,37.00555555555555,-82.04139033055556,490.0888888888889,60.012026991666666,0.0,82.04139033055556,0.585567610000001,0.0,124.06608090968412,646.9832260000001,49.90834897947551,322.89864627074877,0.18,0.096,0,,0.0,118.30527921944446,-82.04139033055556,0.0,4951.258414707998,68093.45523148957,2475.629207353999
2023-02-25 22:00:00,22,0,5,True,-0.7558333333333334,0.0,118.83805717222224,37.025,490.3277777777778,60.0084999361111,13.37777777777778,13.48777777777778,0.0,37.025,-0.7558333333333334,118.83805717222224,37.025,-82.56889050555557,490.3277777777778,60.0084999361111,0.0,82.56889050555557,0.5898000766666797,0.0,124.6248021521539,646.9832260000001,49.90659834200482,322.8873199399653,0.18,0.096,0,,0.0,118.83805717222224,-82.56889050555557,0.0,4951.258414707998,68212.2932886618,2475.629207353999
2023-02-25 23:00:00,23,0,5,True,-0.7658333333333333,0.0,118.41305700555557,37.12777777777778,488.75555555555553,60.01049975833333,13.131111111111109,13.307777777777776,0.0,37.12777777777778,-0.7658333333333333,118.41305700555557,37.12777777777778,-82.05111256111113,488.75555555555553,60.01049975833333,0.0,82.05111256111113,0.5874002900000022,0.0,124.17910686778295,646.9832260000001,49.90536259790786,322.8793248829417,0.12,0.08,0,,0.0,118.41305700555557,-82.05111256111113,0.0,4951.258414707998,68330.70634566735,2475.629207353999
2023-02-26 00:00:00,0,0,6,True,-0.7819444444444444,0.0,118.52527929444447,37.3,489.27222222222224,60.01113889444443,12.850000000000003,13.121944444444443,0.0,37.3,-0.7819444444444444,118.52527929444447,37.3,-82.00722373888892,489.27222222222224,60.01113889444443,0.0,82.00722373888892,0.5866333266666857,0.0,124.29679375094676,646.9832260000001,49.90337167686276,322.86644395773703,0.12,0.08,0,,0.0,118.52527929444447,-82.00722373888892,0.0,4951.258414707998,68449.23162496179,2475.629207353999
2023-02-26 01:00:00,1,0,6,True,-0.7769444444444444,0.0,120.04944591111114,37.236111111111114,486.65833333333336,60.00002806944445,12.678333333333333,12.956111111111111,0.0,37.236111111111114,-0.7769444444444444,120.04944591111114,37.236111111111114,-83.59027924444446,486.65833333333336,60.00002806944445,0.0,83.59027924444446,0.5999663166666636,0.0,125.89517870917378,646.9832260000001,49.90398954891124,322.8704414862488,0.12,0.08,0,,0.0,120.04944591111114,-83.59027924444446,0.0,4951.258414707998,68569.2810708729,2475.629207353999
2023-02-26 02:00:00,2,0,6,True,-0.8055555555555556,0.0,119.58083485000003,37.077777777777776,487.14166666666665,60.00402788888888,12.392777777777777,12.782499999999999,0.0,37.077777777777776,-0.8055555555555556,119.58083485000003,37.077777777777776,-83.3086126277778,487.14166666666665,60.00402788888888,0.0,83.3086126277778,0.5951665333333466,0.0,125.4037489250883,646.9832260000001,49.90045394774494,322.8475667397646,0.12,0.08,0,,0.0,119.58083485000003,-83.3086126277778,0.0,4951.258414707998,68688.8619057229,2475.629207353999
2023-02-26 03:00:00,3,0,6,True,-0.8219444444444444,0.0,121.03083497500003,37.12777777777778,486.46944444444443,59.99408374444444,12.051388888888889,12.594166666666666,0.0,37.12777777777778,-0.8219444444444444,121.03083497500003,37.12777777777778,-84.7250016416667,486.46944444444443,59.99408374444444,0.0,84.7250016416667,0.5929004933333261,0.0,126.92435590065372,646.9832260000001,49.89842870047492,322.83446372964255,0.12,0.08,0,,0.0,121.03083497500003,-84.7250016416667,0.0,4951.258414707998,68809.89274069789,2475.629207353999
2023-02-26 04:00:00,4,0,6,True,-0.7313888888888889,0.0,120.12611263611115,37.077777777777776,486.05,60.000583430555544,11.658055555555555,12.371666666666668,0.0,37.077777777777776,-0.7313888888888889,120.12611263611115,37.077777777777776,-83.77972374722225,486.05,60.000583430555544,0.0,83.77972374722225,0.5992998833333473,0.0,125.97557867246947,646.9832260000001,49.90961904979739,322.90686341268975,0.12,0.08,0,,0.0,120.12611263611115,-83.77972374722225,0.0,4951.258414707998,68930.018853334,2475.629207353999
2023-02-26 05:00:00,5,0,6,True,-0.7336111111111112,0.0,119.02944596111114,37.03333333333333,484.80833333333334,60.00822210277777,11.218055555555555,12.107222222222221,0.0,37.03333333333333,-0.7336111111111112,119.02944596111114,37.03333333333333,-82.72972373888892,484.80833333333334,60.00822210277777,0.0,82.72972373888892,0.5901334766666736,0.0,124.82551049859593,646.9832260000001,49.909344439998065,322.90508673335114,0.12,0.08,0,,0.0,119.02944596111114,-82.72972373888892,0.0,4951.258414707998,69049.04829929511,2475.629207353999
2023-02-26 06:00:00,6,0,6,True,-0.7477777777777779,-0.03333333333333333,121.07139033888889,37.00277777777778,488.0722222222222,59.99405566666667,10.712222222222222,11.81138888888889,0.0,37.00277777777778,-0.7477777777777779,121.07139033888889,37.00277777777778,-84.8163903388889,488.0722222222222,59.99405566666667,0.0,84.8163903388889,0.5928668000000016,0.0,126.96688608266042,646.9832260000001,49.90759380252737,322.8937604025677,0.18,0.096,0,,0.0,121.07139033888889,-84.8163903388889,0.0,4951.258414707998,69170.119689634,2475.629207353999
2023-02-26 07:00:00,7,0,6,True,-0.7191666666666667,4.902777777777778,119.28611261111114,37.00833333333333,489.3027777777778,60.00608312777778,10.214444444444444,11.521666666666667,4.902777777777778,37.00833333333333,-0.7191666666666667,119.28611261111114,41.91111111111111,-78.09416816666669,489.3027777777778,60.00608312777778,0.0,78.09416816666669,0.5927002466666664,4.085468412126481,125.09467537083,646.9832260000001,49.91112940369367,322.9166351490519,0.18,0.096,0,,4.902777777777778,119.28611261111114,-78.09416816666669,2.451388888888889,4956.161192485775,69289.4058022451,2478.0805962428876
2023-02-26 08:00:00,8,0,6,True,-0.75,17.92222222222222,117.81694591944445,37.01111111111111,489.99444444444447,60.01586030277777,9.764444444444443,11.249166666666666,17.92222222222222,37.01111111111111,-0.75,117.81694591944445,54.93333333333334,-63.63361258611111,489.99444444444447,60.01586030277777,0.0,63.63361258611111,0.5809676366666793,15.11569863189253,123.55396852460355,646.9832260000001,49.907319192728046,322.8919837232291,0.18,0.096,0,,17.92222222222222,117.81694591944445,-63.63361258611111,8.96111111111111,4974.083414707998,69407.22274816455,2487.041707353999
2023-02-26 09:00:00,9,0,6,True,-1.6719444416666667,28.655555555555555,119.49194591944446,37.080555555555556,489.89166666666665,60.004666519444434,9.574166666666667,11.086388888888887,28.655555555555555,37.080555555555556,-1.6719444416666667,119.49194591944446,65.73611111111111,-55.427779250000015,489.89166666666665,60.004666519444434,0.0,55.427779250000015,0.5944001766666787,23.65024387228892,125.31053160357024,646.9832260000001,49.793390452576645,322.1548838848564,0.18,0.096,0,,28.655555555555555,119.49194591944446,-55.427779250000015,14.327777777777778,5002.738970263553,69526.714694084,2501.3694851317764
2023-02-26 10:00:00,10,0,6,True,-2.961666666666667,34.875,121.32555713055555,37.28611111111111,490.4861111111111,59.99216660555555,9.868611111111111,11.289166666666668,34.875,37.28611111111111,-2.961666666666667,121.32555713055555,72.16111111111111,-52.12611268611111,490.4861111111111,59.99216660555555,0.0,52.12611268611111,0.590599926666664,28.06000402495067,127.23342936752076,646.9832260000001,49.63401378995054,321.1237436115069,0.18,0.096,0,,34.875,121.32555713055555,-52.12611268611111,17.4375,5037.613970263553,69648.04025121455,2518.8069851317764
2023-02-26 11:00:00,11,0,6,True,-0.061666666666666675,38.34166666666667,119.40583489166669,37.07222222222222,488.6722222222222,60.00569418333333,10.146944444444443,11.591944444444445,38.34166666666667,37.07222222222222,-0.061666666666666675,119.40583489166669,75.41388888888889,-44.05361266944446,488.6722222222222,60.00569418333333,0.0,44.05361266944446,0.5931669800000009,32.09380473060724,125.22022745307095,646.9832260000001,49.99237957806875,323.4423101483544,0.12,0.08,0,,38.34166666666667,119.40583489166669,-44.05361266944446,19.170833333333334,5075.955636930219,69767.44608610623,2537.9778184651095
2023-02-26 12:00:00,12,0,6,True,-0.06694444444444445,38.75277777777778,120.95916813333335,37.09722222222222,490.52777777777777,59.99419450833334,10.573055555555555,11.948055555555554,38.75277777777778,37.09722222222222,-0.06694444444444445,120.95916813333335,75.85,-45.1761125777778,490.52777777777777,59.99419450833334,0.0,45.1761125777778,0.5930334100000039,32.020178912111376,126.84919928688785,646.9832260000001,49.99172737979536,323.4380905349253,0.12,0.08,0,,38.75277777777778,120.95916813333335,-45.1761125777778,19.37638888888889,5114.708414707997,69888.40525423957,2557.3542073539984
2023-02-26 13:00:00,13,0,6,True,-0.06361111111111112,36.641666666666666,119.85694606944445,37.13611111111111,487.0388888888889,60.00252782777778,11.395,12.298333333333332,36.641666666666666,37.13611111111111,-0.06361111111111112,119.85694606944445,73.77777777777777,-46.142779402777784,487.0388888888889,60.00252782777778,0.0,46.142779402777784,0.5969666066666605,30.554950317232098,125.69330520793278,646.9832260000001,49.99213929449434,323.4407555539332,0.12,0.08,0,,36.641666666666666,119.85694606944445,-46.142779402777784,18.320833333333333,5151.350081374663,70008.26220030901,2575.6750406873316
2023-02-26 14:00:00,14,0,6,True,-0.06944444444444445,31.627777777777776,118.936668075,37.044444444444444,487.2638888888889,60.00877743333333,12.401388888888889,12.744444444444444,31.627777777777776,37.044444444444444,-0.06944444444444445,118.936668075,68.67222222222222,-50.333890297222226,487.2638888888889,60.00877743333333,0.0,50.333890297222226,0.5894670800000057,26.576599393253943,124.72821485126018,646.9832260000001,49.99141844377112,323.4360917706694,0.12,0.08,0,,31.627777777777776,118.936668075,-50.333890297222226,15.813888888888888,5182.977859152441,70127.198868384,2591.4889295762205
2023-02-26 15:00:00,15,0,6,True,-0.075,23.833333333333332,119.25889038055558,37.06944444444444,487.52777777777777,60.005499644444434,13.120277777777778,13.491388888888888,23.833333333333332,37.06944444444444,-0.075,119.25889038055558,60.90277777777777,-58.431112602777816,487.52777777777777,60.005499644444434,0.0,58.431112602777816,0.5934004266666789,19.971973810062565,125.06612757075777,646.9832260000001,49.990731919272804,323.4316500723229,0.12,0.08,0,,23.833333333333332,119.25889038055558,-58.431112602777816,11.916666666666666,5206.811192485774,70246.45775876456,2603.405596242887
2023-02-26 16:00:00,16,0,6,True,-0.08805555555555557,12.566666666666666,120.99139041388891,37.11666666666667,488.80555555555554,59.993555844444444,13.645277777777777,13.965555555555557,12.566666666666666,37.11666666666667,-0.08805555555555557,120.99139041388891,49.68333333333334,-71.39611263611113,488.80555555555554,59.993555844444444,0.0,71.39611263611113,0.5922670133333326,10.378860397030545,126.8829906112723,646.9832260000001,49.98911858670177,323.42121208120875,0.12,0.08,0,,12.566666666666666,120.99139041388891,-71.39611263611113,6.283333333333333,5219.377859152441,70367.44914917846,2609.6889295762203
2023-02-26 17:00:00,17,0,6,True,-0.09861111111111111,1.3416666666666666,119.3236125277778,37.044444444444444,487.94444444444446,60.00441640833333,13.725555555555555,13.90805555555556,1.3416666666666666,37.044444444444444,-0.09861111111111111,119.3236125277778,38.38611111111111,-81.0361125277778,487.94444444444446,60.00441640833333,0.0,81.0361125277778,0.5947003100000074,1.1234648173388755,125.13400132252015,646.9832260000001,49.987814190154985,323.4127728543505,0.12,0.08,0,,1.3416666666666666,119.3236125277778,-81.0361125277778,0.6708333333333333,5220.719525819107,70486.77276170623,2610.3597629095534
2023-02-26 18:00:00,18,0,6,True,-0.09722222222222222,-0.011111111111111112,121.8350013916667,37.09166666666667,488.9166666666667,59.98733361666667,13.698055555555554,13.863055555555558,0.0,37.09166666666667,-0.09722222222222222,121.8350013916667,37.09166666666667,-84.84055694722225,488.9166666666667,59.98733361666667,0.0,84.84055694722225,0.584800340000001,0.0,127.76768069878004,646.9832260000001,49.987985821279565,323.4138832789372,0.18,0.096,0,,0.0,121.8350013916667,-84.84055694722225,0.0,5220.719525819107,70608.6077630979,2610.3597629095534
2023-02-26 19:00:00,19,0,6,True,-0.10055555555555554,0.0,120.56472364722225,37.06111111111111,490.725,59.99627800277777,13.583888888888886,13.778333333333336,0.0,37.06111111111111,-0.10055555555555554,120.56472364722225,37.06111111111111,-83.60416809166671,490.725,59.99627800277777,0.0,83.60416809166671,0.5955336033333253,0.0,126.43554757285516,646.9832260000001,49.98757390658058,323.4112182599293,0.18,0.096,0,,0.0,120.56472364722225,-83.60416809166671,0.0,5220.719525819107,70729.17248674513,2610.3597629095534
2023-02-26 20:00:00,20,0,6,True,-0.10055555555555556,0.0,120.3788902888889,37.233333333333334,491.02222222222224,59.99830553888888,13.381666666666668,13.597777777777777,0.0,37.233333333333334,-0.10055555555555556,120.3788902888889,37.233333333333334,-83.24611251111112,491.02222222222224,59.99830553888888,0.0,83.24611251111112,0.5979666466666543,0.0,126.24066517519023,646.9832260000001,49.98757390658058,323.4112182599293,0.18,0.096,0,,0.0,120.3788902888889,-83.24611251111112,0.0,5220.719525819107,70849.55137703402,2610.3597629095534
2023-02-26 21:00:00,21,0,6,True,-0.09972222222222224,0.0,119.74777939444446,37.33611111111111,491.85833333333335,60.00202786944445,13.066944444444445,13.420555555555557,0.0,37.33611111111111,-0.09972222222222224,119.74777939444446,37.33611111111111,-82.51139050555558,491.85833333333335,60.00202786944445,0.0,82.51139050555558,0.5975665566666635,0.0,125.578822729868,646.9832260000001,49.987676885255325,323.4118845146813,0.18,0.096,0,,0.0,119.74777939444446,-82.51139050555558,0.0,5220.719525819107,70969.29915642846,2610.3597629095534
2023-02-26 22:00:00,22,0,6,True,-0.09250000000000001,0.0,119.30555718055555,37.4,490.25555555555553,60.00600013333334,12.849166666666669,13.207777777777778,0.0,37.4,-0.09250000000000001,119.30555718055555,37.4,-81.99805718055555,490.25555555555553,60.00600013333334,0.0,81.99805718055555,0.592799839999995,0.0,125.11506678144045,646.9832260000001,49.988569367103125,323.4176587225316,0.18,0.096,0,,0.0,119.30555718055555,-81.99805718055555,0.0,5220.719525819107,71088.60471360902,2610.3597629095534
2023-02-26 23:00:00,23,0,6,True,-0.08638888888888888,0.0,118.09889023888891,37.36944444444445,485.43888888888887,60.01402740277778,12.61611111111111,13.041111111111112,0.0,37.36944444444445,-0.08638888888888888,118.09889023888891,37.36944444444445,-80.81583468333336,485.43888888888887,60.01402740277778,0.0,80.81583468333336,0.5831671166666667,0.0,123.84964194660984,646.9832260000001,49.989324544051264,323.42254459071273,0.12,0.08,0,,0.0,118.09889023888891,-80.81583468333336,0.0,5220.719525819107,71206.70360384791,2610.3597629095534
2023-02-27 00:00:00,0,0,0,False,-0.10138888888888889,0.0,118.34750147500002,37.325,486.59722222222223,60.012693863888884,12.365277777777777,12.876388888888888,0.0,37.325,-0.10138888888888889,118.34750147500002,37.325,-81.1238903638889,486.59722222222223,60.012693863888884,0.0,81.1238903638889,0.5847673633333386,0.0,124.11035915160626,646.9832260000001,49.98747092790583,323.4105520051773,0.12,0.08,0,,0.0,118.34750147500002,-81.1238903638889,0.0,5220.719525819107,71325.05110532291,2610.3597629095534
2023-02-27 01:00:00,1,0,0,False,-0.0838888888888889,0.0,119.01611253611114,37.205555555555556,487.15,60.00758323611111,12.091388888888888,12.739444444444445,0.0,37.205555555555556,-0.0838888888888889,119.01611253611114,37.205555555555556,-81.89444586944448,487.15,60.00758323611111,0.0,81.89444586944448,0.5909001166666684,0.0,124.81152781079226,646.9832260000001,49.989633480075504,323.4245433549686,0.12,0.08,0,,0.0,119.01611253611114,-81.89444586944448,0.0,5220.719525819107,71444.06721785902,2610.3597629095534
2023-02-27 02:00:00,2,0,0,False,-0.08361111111111111,0.0,117.86444589444444,37.18888888888889,486.06666666666666,60.016082675,11.760833333333332,12.53638888888889,0.0,37.18888888888889,-0.08361111111111111,117.86444589444444,37.18888888888889,-80.75916811666667,486.06666666666666,60.016082675,0.0,80.75916811666667,0.5807007900000002,0.0,123.60378148122253,646.9832260000001,49.989667806300425,323.42476543988596,0.12,0.08,0,,0.0,117.86444589444444,-80.75916811666667,0.0,5220.719525819107,71561.93166375346,2610.3597629095534
2023-02-27 03:00:00,3,0,0,False,-0.07361111111111113,0.0,119.09833477500001,37.19166666666667,486.43333333333334,60.00619401944444,11.46861111111111,12.358888888888892,0.0,37.19166666666667,-0.07361111111111113,119.09833477500001,37.19166666666667,-81.98027921944445,486.43333333333334,60.00619401944444,0.0,81.98027921944445,0.5925671766666681,0.0,124.89775381025625,646.9832260000001,49.990903550397384,323.43276049690957,0.12,0.08,0,,0.0,119.09833477500001,-81.98027921944445,0.0,5220.719525819107,71681.02999852847,2610.3597629095534
2023-02-27 04:00:00,4,0,0,False,-0.08055555555555556,0.0,118.70361261944446,37.18611111111111,486.22222222222223,60.001583391666664,11.153333333333332,12.179444444444446,0.0,37.18611111111111,-0.08055555555555556,118.70361261944446,37.18611111111111,-81.59805706388889,486.22222222222223,60.001583391666664,0.0,81.59805706388889,0.5980999300000036,0.0,124.48381090583891,646.9832260000001,49.99004539477449,323.42720837397644,0.12,0.08,0,,0.0,118.70361261944446,-81.59805706388889,0.0,5220.719525819107,71799.73361114791,2610.3597629095534
2023-02-27 05:00:00,5,0,0,False,-0.08111111111111112,0.0,117.54444598611113,37.3,486.3638888888889,60.01066637222221,10.873333333333333,12.005833333333335,0.0,37.3,-0.08111111111111112,117.54444598611113,37.3,-80.32555709722224,486.3638888888889,60.01066637222221,0.0,80.32555709722224,0.5872003533333469,0.0,123.26819937719206,646.9832260000001,49.989976742324664,323.4267642041419,0.12,0.08,0,,0.0,117.54444598611113,-80.32555709722224,0.0,5220.719525819107,71917.27805713403,2610.3597629095534
2023-02-27 06:00:00,6,0,0,False,-0.07305555555555555,-0.03333333333333333,121.3922238388889,37.275,488.9166666666667,59.983777827777786,10.6125,11.817777777777776,0.0,37.275,-0.07305555555555555,121.3922238388889,37.275,-84.19027939444445,488.9166666666667,59.983777827777786,0.0,84.19027939444445,0.5805333933333429,0.0,127.3033423695832,646.9832260000001,49.99097220284721,323.4332046667442,0.18,0.096,0,,0.0,121.3922238388889,-84.19027939444445,0.0,5220.719525819107,72038.67028097292,2610.3597629095534
2023-02-27 07:00:00,7,0,0,False,-0.07916666666666666,3.2694444444444444,121.10805703888889,26.694444444444443,490.81388888888887,59.98600034166666,10.372777777777777,11.674722222222222,3.2694444444444444,26.694444444444443,-0.07916666666666666,121.10805703888889,29.96388888888889,-91.22333481666666,490.81388888888887,59.98600034166666,0.0,91.22333481666666,0.583200409999992,2.6978458161465118,127.00533824471864,646.9832260000001,49.99021702589907,323.4283187985631,0.18,0.096,0,,3.2694444444444444,121.10805703888889,-91.22333481666666,1.6347222222222222,5223.988970263551,72159.7783380118,2611.9944851317755
2023-02-27 08:00:00,8,0,0,False,-0.057499999999999996,14.825,118.08889047222223,-1.0666666666666667,490.5861111111111,60.00627727222222,10.215555555555557,11.582777777777777,14.825,0.0,-0.057499999999999996,118.08889047222223,14.825,-103.32139047222223,490.5861111111111,60.00627727222222,0.0,103.32139047222223,0.5924672733333353,12.54799231762019,123.83915524755014,646.9832260000001,49.99289447144248,323.44564142211425,0.18,0.096,0,,14.825,118.08889047222223,-103.32139047222223,7.4125,5238.813970263551,72277.86722848403,2619.4069851317754
2023-02-27 09:00:00,9,0,0,False,-0.05694444444444444,28.18611111111111,118.64305705555557,-1.0,489.6666666666667,60.00172183888889,10.3725,11.632777777777775,28.18611111111111,0.0,-0.05694444444444444,118.64305705555557,28.18611111111111,-90.51389038888891,489.6666666666667,60.00172183888889,0.0,90.51389038888891,0.5979337933333312,23.745670391681593,124.42030662658325,646.9832260000001,49.992963123892316,323.44608559194893,0.18,0.096,0,,28.18611111111111,118.64305705555557,-90.51389038888891,14.093055555555555,5267.000081374662,72396.51028553958,2633.500040687331
2023-02-27 10:00:00,10,0,0,False,-0.050833333333333335,35.275,115.43000163333333,-1.0,489.2944444444444,60.00886069722222,10.859444444444444,11.922222222222222,35.275,0.0,-0.050833333333333335,115.43000163333333,35.275,-80.20583496666667,489.2944444444444,60.00886069722222,0.0,80.20583496666667,0.5893671633333383,30.546194102408474,121.05079347712098,646.9832260000001,49.993718300840456,323.45097146013,0.18,0.096,0,,35.275,115.43000163333333,-80.20583496666667,17.6375,5302.275081374662,72511.94028717291,2651.137540687331
2023-02-27 11:00:00,11,0,0,False,-0.05472222222222223,36.25555555555555,115.95555701388892,-1.0,487.4111111111111,60.005721755555555,11.281666666666666,12.192499999999997,36.25555555555555,0.0,-0.05472222222222223,115.95555701388892,36.25555555555555,-79.75472368055559,487.4111111111111,60.005721755555555,0.0,79.75472368055559,0.5931338933333336,31.252019902276125,121.6019404487247,646.9832260000001,49.993237733691636,323.4478622712875,0.12,0.08,0,,36.25555555555555,115.95555701388892,-79.75472368055559,18.127777777777776,5338.530636930217,72627.8958441868,2669.2653184651085
2023-02-27 12:00:00,12,0,0,False,-0.06750000000000002,21.583333333333332,118.09194596111112,-29.302777777777777,486.3305555555556,59.98563950555557,11.650555555555554,12.434166666666668,21.583333333333332,0.0,-0.06750000000000002,118.09194596111112,21.583333333333332,-96.57611262777779,486.3305555555556,59.98563950555557,0.0,96.57611262777779,0.5827674066666816,18.266278381532768,123.84235952156233,646.9832260000001,49.99165872734552,323.43764636509064,0.12,0.08,0,,21.583333333333332,118.09194596111112,-96.57611262777779,10.791666666666666,5360.11397026355,72745.98779014792,2680.056985131775
2023-02-27 13:00:00,13,0,0,False,-0.07055555555555555,12.275,114.53889026388892,-26.47222222222222,485.9166666666667,60.007527347222215,11.991944444444446,12.545833333333333,12.275,0.0,-0.07055555555555555,114.53889026388892,12.275,-102.33444581944447,485.9166666666667,60.007527347222215,0.0,102.33444581944447,0.590967183333342,10.71028649709904,120.11628999603829,646.9832260000001,49.99128113887145,323.4352034310001,0.12,0.08,0,,12.275,114.53889026388892,-102.33444581944447,6.1375,5372.38897026355,72860.52668041181,2686.194485131775
2023-02-27 14:00:00,14,0,0,False,-0.08972222222222222,30.363888888888887,115.679168125,14.25,487.85555555555555,59.99824989444445,12.46166666666667,12.797500000000001,30.363888888888887,14.25,-0.08972222222222222,115.679168125,44.61388888888889,-71.15500145833333,487.85555555555555,59.99824989444445,0.0,71.15500145833333,0.5978998733333384,26.22802101481613,121.3120929754955,646.9832260000001,49.98891262935228,323.4198795717048,0.12,0.08,0,,30.363888888888887,115.679168125,-71.15500145833333,15.181944444444444,5402.752859152439,72976.20584853682,2701.3764295762194
2023-02-27 15:00:00,15,0,0,False,-0.07944444444444444,14.458333333333334,116.7097237638889,37.09722222222222,487.3722222222222,60.00247236388889,12.966388888888888,13.196111111111112,14.458333333333334,37.09722222222222,-0.07944444444444444,116.7097237638889,51.55555555555556,-65.2336126527778,487.3722222222222,60.00247236388889,0.0,65.2336126527778,0.5970331633333302,12.379858128231517,122.39283087764068,646.9832260000001,49.99018269967416,323.4280967136458,0.12,0.08,0,,14.458333333333334,116.7097237638889,-65.2336126527778,7.229166666666667,5417.211192485772,73092.91557230071,2708.605596242886
2023-02-27 16:00:00,16,0,0,False,-0.08333333333333333,12.172222222222222,118.5883347166667,37.00277777777778,488.5861111111111,59.987639163888886,13.339166666666667,13.4825,12.172222222222222,37.00277777777778,-0.08333333333333333,118.5883347166667,49.175000000000004,-69.49666805000003,488.5861111111111,59.987639163888886,0.0,69.49666805000003,0.5851669966666634,10.257058337710136,124.36291961757615,646.9832260000001,49.98970213252534,323.42498752480327,0.12,0.08,0,,12.172222222222222,118.5883347166667,-69.49666805000003,6.086111111111111,5429.383414707994,73211.50390701738,2714.691707353997
2023-02-27 17:00:00,17,0,0,False,-0.0825,1.1916666666666667,118.72361273611112,37.00555555555555,489.24444444444447,59.985111402777775,13.566944444444443,13.613333333333332,1.1916666666666667,37.00555555555555,-0.0825,118.72361273611112,38.19722222222222,-80.6088905138889,489.24444444444447,59.985111402777775,0.0,80.6088905138889,0.5821336833333305,1.003034809592301,124.50478491569663,646.9832260000001,49.989805111200084,323.42565377955526,0.12,0.08,0,,1.1916666666666667,118.72361273611112,-80.6088905138889,0.5958333333333333,5430.575081374661,73330.22751975349,2715.2875406873304
2023-02-27 18:00:00,18,0,0,False,-0.09333333333333334,-0.03333333333333333,117.23361254444445,37.00555555555555,486.8888888888889,59.99619485833335,13.698611111111111,13.701388888888886,0.0,37.00555555555555,-0.09333333333333334,117.23361254444445,37.00555555555555,-80.32139032222224,486.8888888888889,59.99619485833335,0.0,80.32139032222224,0.5954338300000159,0.0,122.94223009519816,646.9832260000001,49.98846638842838,323.4169924677796,0.18,0.096,0,,0.0,117.23361254444445,-80.32139032222224,0.0,5430.575081374661,73447.46113229793,2715.2875406873304
2023-02-27 19:00:00,19,0,0,False,-0.08583333333333333,0.0,116.19500132500002,37.0,487.60833333333335,60.00324965,13.700277777777776,13.720833333333333,0.0,37.0,-0.08583333333333333,116.19500132500002,37.0,-79.28083465833335,487.60833333333335,60.00324965,0.0,79.28083465833335,0.5961004199999991,0.0,121.85304435103299,646.9832260000001,49.9893931965011,323.42298876054736,0.18,0.096,0,,0.0,116.19500132500002,-79.28083465833335,0.0,5430.575081374661,73563.65613362294,2715.2875406873304
2023-02-27 20:00:00,20,0,0,False,-0.09444444444444444,0.0,115.91639033055556,37.00277777777778,488.65555555555557,60.00494422222222,13.674722222222222,13.696388888888889,0.0,37.00277777777778,-0.09444444444444444,115.91639033055556,37.00277777777778,-79.00805699722223,488.65555555555557,60.00494422222222,0.0,79.00805699722223,0.5940669333333346,0.0,121.56086656820591,646.9832260000001,49.98832908352872,323.41610412811036,0.18,0.096,0,,0.0,115.91639033055556,-79.00805699722223,0.0,5430.575081374661,73679.5725239535,2715.2875406873304
2023-02-27 21:00:00,21,0,0,False,-0.09222222222222223,0.0,114.93277924444446,37.0,488.96944444444443,60.01197163333333,13.553055555555554,13.598333333333333,0.0,37.0,-0.09222222222222223,114.93277924444446,37.0,-78.02500146666668,488.96944444444443,60.01197163333333,0.0,78.02500146666668,0.5856340400000022,0.0,120.5293591545193,646.9832260000001,49.988603693328045,323.41788080744897,0.18,0.096,0,,0.0,114.93277924444446,-78.02500146666668,0.0,5430.575081374661,73794.50530319793,2715.2875406873304
2023-02-27 22:00:00,22,0,0,False,-0.07138888888888889,0.0,114.9561126027778,37.0,488.9611111111111,60.01294397499999,13.436111111111112,13.498055555555556,0.0,37.0,-0.07138888888888889,114.9561126027778,37.0,-78.02750149166668,488.9611111111111,60.01294397499999,0.0,78.02750149166668,0.5844672300000099,0.0,120.55382871616504,646.9832260000001,49.991178160196704,323.4345371762481,0.18,0.096,0,,0.0,114.9561126027778,-78.02750149166668,0.0,5430.575081374661,73909.46141580072,2715.2875406873304
2023-02-27 23:00:00,23,0,0,False,-0.07777777777777778,0.0,114.50527913611113,37.0,487.9222222222222,60.01991647499999,13.217222222222222,13.351111111111113,0.0,37.0,-0.07777777777777778,114.50527913611113,37.0,-77.58305691388891,487.9222222222222,60.01991647499999,0.0,77.58305691388891,0.5761002300000143,0.0,120.08104219538342,646.9832260000001,49.99038865702365,323.4294292231497,0.12,0.08,0,,0.0,114.50527913611113,-77.58305691388891,0.0,5430.575081374661,74023.96669493683,2715.2875406873304
2023-02-28 00:00:00,0,0,1,False,-0.07777777777777778,0.0,114.93750166666669,37.0,485.9638888888889,60.01972182222222,13.016388888888887,13.173333333333332,0.0,37.0,-0.07777777777777778,114.93750166666669,37.0,-78.01527944444447,485.9638888888889,60.01972182222222,0.0,78.01527944444447,0.576333813333332,0.0,120.53431153214251,646.9832260000001,49.99038865702365,323.4294292231497,0.12,0.08,0,,0.0,114.93750166666669,-78.01527944444447,0.0,5430.575081374661,74138.90419660349,2715.2875406873304
2023-02-28 01:00:00,1,0,1,False,-0.09333333333333334,0.0,116.34305709722224,37.00277777777778,487.4972222222222,60.01049954166666,12.746944444444443,13.026666666666667,0.0,37.00277777777778,-0.09333333333333334,116.34305709722224,37.00277777777778,-79.4336126527778,487.4972222222222,60.01049954166666,0.0,79.4336126527778,0.5874005500000067,0.0,122.0083096066231,646.9832260000001,49.98846638842838,323.4169924677796,0.12,0.08,0,,0.0,116.34305709722224,-79.4336126527778,0.0,5430.575081374661,74255.24725370071,2715.2875406873304
2023-02-28 02:00:00,2,0,1,False,-0.08222222222222222,0.0,116.99916824166668,37.00277777777778,490.2111111111111,60.005694197222226,12.434722222222222,12.854444444444445,0.0,37.00277777777778,-0.08222222222222222,116.99916824166668,37.00277777777778,-80.07861268611113,490.2111111111111,60.005694197222226,0.0,80.07861268611113,0.5931669633333285,0.0,122.6963696735065,646.9832260000001,49.989839437425,323.4258758644725,0.12,0.08,0,,0.0,116.99916824166668,-80.07861268611113,0.0,5430.575081374661,74372.24642194239,2715.2875406873304
2023-02-28 03:00:00,3,0,1,False,-0.08416666666666667,0.0,118.37500154166668,37.01111111111111,490.36944444444447,59.99669461111111,12.041944444444445,12.64472222222222,0.0,37.01111111111111,-0.08416666666666667,118.37500154166668,37.01111111111111,-81.44805709722222,490.36944444444447,59.99669461111111,0.0,81.44805709722222,0.5960335333333319,0.0,124.13919831684555,646.9832260000001,49.98959915385059,323.4243212700513,0.12,0.08,0,,0.0,118.37500154166668,-81.44805709722222,0.0,5430.575081374661,74490.62142348406,2715.2875406873304
2023-02-28 04:00:00,4,0,1,False,-0.08611111111111111,0.0,119.32000153333334,37.03055555555556,490.7944444444444,59.989473094444456,11.659444444444443,12.431666666666668,0.0,37.03055555555556,-0.08611111111111111,119.32000153333334,37.03055555555556,-82.37555708888888,490.7944444444444,59.989473094444456,0.0,82.37555708888888,0.5873677133333473,0.0,125.13021449295627,646.9832260000001,49.989358870276185,323.42276667563004,0.12,0.08,0,,0.0,119.32000153333334,-82.37555708888888,0.0,5430.575081374661,74609.94142501739,2715.2875406873304
2023-02-28 05:00:00,5,0,1,False,-0.06305555555555556,0.0,118.56361259444445,37.01111111111111,488.51666666666665,59.99600040000001,11.229166666666666,12.172777777777778,0.0,37.01111111111111,-0.06305555555555556,118.56361259444445,37.01111111111111,-81.6155570388889,488.51666666666665,59.99600040000001,0.0,81.6155570388889,0.5952004800000082,0.0,124.3369936670512,646.9832260000001,49.99220794694417,323.4411997237678,0.12,0.08,0,,0.0,118.56361259444445,-81.6155570388889,0.0,5430.575081374661,74728.50503761183,2715.2875406873304
2023-02-28 06:00:00,6,0,1,False,-0.06916666666666667,-0.030555555555555555,119.41611249444446,37.00833333333333,488.59722222222223,59.98925019166666,10.710277777777778,11.860833333333332,0.0,37.00833333333333,-0.06916666666666667,119.41611249444446,37.00833333333333,-82.4769458277778,488.59722222222223,59.98925019166666,0.0,82.4769458277778,0.5871002299999958,0.0,125.23100551729765,646.9832260000001,49.99145276999603,323.4363138555867,0.18,0.096,0,,0.0,119.41611249444446,-82.4769458277778,0.0,5430.575081374661,74847.92115010628,2715.2875406873304
2023-02-28 07:00:00,7,0,1,False,-0.056666666666666664,5.636111111111111,120.5105569388889,37.03888888888889,486.9166666666667,59.98250035,10.275833333333335,11.615277777777777,5.636111111111111,37.03888888888889,-0.056666666666666664,120.5105569388889,42.675000000000004,-77.89222360555556,486.9166666666667,59.98250035,0.0,77.89222360555556,0.5790004200000026,4.674662767013743,126.37874325048648,646.9832260000001,49.99299745011723,323.4463076768662,0.18,0.096,0,,5.636111111111111,120.5105569388889,-77.89222360555556,2.8180555555555555,5436.211192485772,74968.43170704517,2718.105596242886
2023-02-28 08:00:00,8,0,1,False,-0.049444444444444444,18.280555555555555,117.22389040555557,37.05833333333333,486.8305555555556,60.003999674999996,10.050277777777776,11.495,18.280555555555555,37.05833333333333,-0.049444444444444444,117.22389040555557,55.33888888888889,-61.93444596111112,486.8305555555556,60.003999674999996,0.0,61.93444596111112,0.595200390000005,15.58798986908451,122.93203454282752,646.9832260000001,49.993889931965036,323.4520818847166,0.18,0.096,0,,18.280555555555555,117.22389040555557,-61.93444596111112,9.140277777777778,5454.491748041327,75085.65559745072,2727.2458740206635
2023-02-28 09:00:00,9,0,1,False,-0.05277777777777778,28.966666666666665,117.7644459361111,37.0,488.1611111111111,60.001749958333335,10.115277777777777,11.493055555555555,28.966666666666665,37.0,-0.05277777777777778,117.7644459361111,65.96666666666667,-51.85055704722221,488.1611111111111,60.001749958333335,0.0,51.85055704722221,0.5979000499999984,24.586105285429444,123.49891208736787,646.9832260000001,49.99347801726605,323.44941686570877,0.18,0.096,0,,28.966666666666665,117.7644459361111,-51.85055704722221,14.483333333333333,5483.458414707993,75203.42004338684,2741.7292073539966
2023-02-28 10:00:00,10,0,1,False,-0.05166666666666667,34.43333333333333,119.46861264444448,37.0,487.26666666666665,59.98894484444445,10.604444444444445,11.82638888888889,34.43333333333333,37.0,-0.05166666666666667,119.46861264444448,71.43333333333334,-48.08694597777781,487.26666666666665,59.98894484444445,0.0,48.08694597777781,0.5867338133333362,28.80961585079918,125.2860621293157,646.9832260000001,49.99361532216571,323.450305205378,0.18,0.096,0,,34.43333333333333,119.46861264444448,-48.08694597777781,17.216666666666665,5517.8917480413265,75322.88865603128,2758.9458740206633
2023-02-28 11:00:00,11,0,1,False,-0.058333333333333334,37.955555555555556,117.5902792777778,37.00277777777778,487.725,60.008861097222216,11.124722222222221,12.255277777777776,37.955555555555556,37.00277777777778,-0.058333333333333334,117.5902792777778,74.95833333333334,-42.69027927777778,487.725,60.008861097222216,0.0,42.69027927777778,0.5893666833333412,32.26179613440755,123.31626449237368,646.9832260000001,49.992791492767736,323.44497516736226,0.12,0.08,0,,37.955555555555556,117.5902792777778,-42.69027927777778,18.977777777777778,5555.847303596882,75440.47893530906,2777.923651798441
2023-02-28 12:00:00,12,0,1,False,-0.058055555555555555,39.36666666666667,120.76944602777779,37.013888888888886,488.01666666666665,60.003888813888885,11.666111111111109,12.703888888888887,39.36666666666667,37.013888888888886,-0.058055555555555555,120.76944602777779,76.38055555555556,-44.446946027777784,488.01666666666665,60.003888813888885,0.0,44.446946027777784,0.5953334233333379,32.580882788109236,126.65023878188325,646.9832260000001,49.99282581899265,323.44519725227957,0.12,0.08,0,,39.36666666666667,120.76944602777779,-44.446946027777784,19.683333333333334,5595.213970263549,75561.24838133683,2797.6069851317743
2023-02-28 13:00:00,13,0,1,False,-0.07472222222222222,37.85,119.67694589444446,37.013888888888886,488.8888888888889,60.01052741944444,12.452777777777778,12.991944444444446,37.85,37.013888888888886,-0.07472222222222222,119.67694589444446,74.86388888888888,-44.8877792277778,488.8888888888889,60.01052741944444,0.0,44.8877792277778,0.587367096666668,31.607075371280068,125.50454003682083,646.9832260000001,49.99076624549772,323.43187215724026,0.12,0.08,0,,37.85,119.67694589444446,-44.8877792277778,18.925,5633.063970263549,75680.92532723128,2816.5319851317745
2023-02-28 14:00:00,14,0,1,False,-0.07055555555555555,18.85,121.7580571638889,37.0,487.3611111111111,59.996333199999995,13.192222222222222,13.387777777777778,18.85,37.0,-0.07055555555555555,121.7580571638889,55.85,-65.97861271944447,487.3611111111111,59.996333199999995,0.0,65.97861271944447,0.5955998399999941,15.472555731558,127.6869897198821,646.9832260000001,49.99128113887145,323.4352034310001,0.12,0.08,0,,18.85,121.7580571638889,-65.97861271944447,9.425,5651.913970263549,75802.68338439516,2825.9569851317747
2023-02-28 15:00:00,15,0,1,False,-0.07138888888888889,9.558333333333334,121.00333486666669,37.00277777777778,484.13055555555553,59.99513908611112,13.484166666666667,13.708055555555555,9.558333333333334,37.00277777777778,-0.07138888888888889,121.00333486666669,46.56111111111112,-74.51361264444446,484.13055555555553,59.99513908611112,0.0,74.51361264444446,0.5941669033333398,7.894573728395349,126.89551669171884,646.9832260000001,49.991178160196704,323.4345371762481,0.12,0.08,0,,9.558333333333334,121.00333486666669,-74.51361264444446,4.779166666666667,5661.472303596883,75923.68671926182,2830.7361517984414
2023-02-28 16:00:00,16,0,1,False,-0.07361111111111111,6.658333333333333,120.88861263611112,37.0,487.5416666666667,59.993861277777775,13.675833333333332,13.834722222222224,6.658333333333333,37.0,-0.07361111111111111,120.88861263611112,43.65833333333333,-77.3038904138889,487.5416666666667,59.993861277777775,0.0,77.3038904138889,0.5926335333333298,5.504473319908055,126.7752081337901,646.9832260000001,49.990903550397384,323.43276049690957,0.12,0.08,0,,6.658333333333333,120.88861263611112,-77.3038904138889,3.3291666666666666,5668.1306369302165,76044.57533189794,2834.0653184651082
2023-02-28 17:00:00,17,0,1,False,-0.08888888888888889,1.788888888888889,120.79527936944444,37.0,488.56666666666666,59.994778191666676,13.775,13.87861111111111,1.788888888888889,37.0,-0.08888888888888889,120.79527936944444,38.78888888888889,-82.09527936944444,488.56666666666666,59.994778191666676,0.0,82.09527936944444,0.5937338300000107,1.4798371984211995,126.6773300619895,646.9832260000001,49.989015608027024,323.4205458264568,0.12,0.08,0,,1.788888888888889,120.79527936944444,-82.09527936944444,0.8944444444444445,5669.919525819106,76165.37061126738,2834.959762909553
2023-02-28 18:00:00,18,0,1,False,-0.09666666666666668,0.0,120.29583475000001,37.0,485.71666666666664,59.99875004166667,13.684722222222222,13.813055555555557,0.0,37.0,-0.09666666666666668,120.29583475000001,37.0,-83.39250141666668,485.71666666666664,59.99875004166667,0.0,83.39250141666668,0.5985000500000012,0.0,126.15356529870311,646.9832260000001,49.98805447372939,323.41432744877176,0.18,0.096,0,,0.0,120.29583475000001,-83.39250141666668,0.0,5669.919525819106,76285.66644601738,2834.959762909553
2023-02-28 19:00:00,19,0,1,False,-0.08833333333333335,0.0,119.10083484166668,37.0,485.2583333333333,60.006611213888895,13.58333333333333,13.7575,0.0,37.0,-0.08833333333333335,119.10083484166668,37.0,-82.18916817500002,485.2583333333333,60.006611213888895,0.0,82.18916817500002,0.5920665433333255,0.0,124.90037561610797,646.9832260000001,49.98908426047686,323.42098999629144,0.18,0.096,0,,0.0,119.10083484166668,-82.18916817500002,0.0,5669.919525819106,76404.76728085904,2834.959762909553
2023-02-28 20:00:00,20,0,1,False,-0.08499999999999999,0.0,120.69750139166669,37.0,486.03055555555557,59.99594482777778,13.427222222222225,13.606111111111108,0.0,37.0,-0.08499999999999999,120.69750139166669,37.0,-83.78250139166668,486.03055555555557,59.99594482777778,0.0,83.78250139166668,0.595133793333332,0.0,126.57479084664595,646.9832260000001,49.989496175175844,323.42365501529935,0.18,0.096,0,,0.0,120.69750139166669,-83.78250139166668,0.0,5669.919525819106,76525.46478225071,2834.959762909553
2023-02-28 21:00:00,21,0,1,False,-0.08944444444444445,0.0,120.2913904138889,37.016666666666666,489.5111111111111,59.998972288888886,13.09361111111111,13.428055555555556,0.0,37.016666666666666,-0.08944444444444445,120.2913904138889,37.016666666666666,-83.36416819166668,489.5111111111111,59.998972288888886,0.0,83.36416819166668,0.5987667466666636,0.0,126.14890454842056,646.9832260000001,49.9889469555772,323.42010165662214,0.18,0.096,0,,0.0,120.2913904138889,-83.36416819166668,0.0,5669.919525819106,76645.7561726646,2834.959762909553
2023-02-28 22:00:00,22,0,1,False,-0.09749999999999999,0.0,120.42694589444444,37.0,491.5833333333333,59.99761120000001,12.810555555555556,13.148055555555553,0.0,37.0,-0.09749999999999999,120.42694589444444,37.0,-83.52444589444444,491.5833333333333,59.99761120000001,0.0,83.52444589444444,0.5971334400000102,0.0,126.2910608184477,646.9832260000001,49.987951495054645,323.4136611940198,0.18,0.096,0,,0.0,120.42694589444444,-83.52444589444444,0.0,5669.919525819106,76766.18311855904,2834.959762909553
2023-02-28 23:00:00,23,0,1,False,-0.0675,0.0,117.67083475000001,37.0,485.8777777777778,60.01605529166667,12.416111111111112,12.92388888888889,0.0,37.0,-0.0675,117.67083475000001,37.0,-80.73833475,485.8777777777778,60.01605529166667,0.0,80.73833475,0.5807336499999991,0.0,123.40074256300906,646.9832260000001,49.99165872734552,323.43764636509064,0.12,0.08,0,,0.0,117.67083475000001,-80.73833475,0.0,5669.919525819106,76883.85395330904,2834.959762909553
