timestamp,hour,minute,day_of_week,is_weekend,Battery_Active_Power,PVPCS_Active_Power,GE_Active_Power,FC_Active_Power,MG-LV-MSB_AC_Voltage,MG-LV-MSB_Frequency,Inlet_Temperature_of_Chilled_Water,Outlet_Temperature,solar_generation_kw,fuel_cell_generation_kw,battery_power_kw,total_consumption_kw,total_generation_kw,net_balance_kw,grid_voltage_v,grid_frequency_hz,grid_export_kw,grid_import_kw,grid_stability_index,renewable_pct,grid_load_pct,storage_network_capacity_kwh,current_soc_pct,storage_available_energy_kwh,import_rate_usd_per_kwh,export_rate_usd_per_kwh,outage_zones_count,outage_zones_list,solar_generation_kwh,total_consumption_kwh,net_balance_kwh,carbon_offset_kg,cumulative_solar_kwh,cumulative_consumption_kwh,cumulative_carbon_offset_kg
2023-04-01 00:00:00,0,0,5,True,-0.09166666666666666,0.0,117.09750147500002,38.0,487.6972222222222,60.01197185277777,14.905833333333334,15.409722222222221,0.0,38.0,-0.09166666666666666,117.09750147500002,38.0,-79.18916814166668,487.6972222222222,60.01197185277777,0.0,79.18916814166668,0.5856337766666769,0.0,116.03769056781401,0.7844444444444444,43.808630393996246,0.34365436731290383,0.12,0.08,0,,0.0,117.09750147500002,-79.18916814166668,0.0,0.0,117.09750147500002,0.0
2023-04-01 01:00:00,1,0,5,True,-0.09222222222222223,0.0,116.94139032222225,38.0,488.6222222222222,60.01944423055554,14.49916666666667,15.196944444444444,0.0,38.0,-0.09222222222222223,116.94139032222225,38.0,-79.03361254444447,488.6222222222222,60.01944423055554,0.0,79.03361254444447,0.5766669233333488,0.0,115.88299232564803,0.7844444444444444,43.771106941838646,0.34336001667708976,0.12,0.08,0,,0.0,116.94139032222225,-79.03361254444447,0.0,0.0,234.03889179722228,0.0
2023-04-01 02:00:00,2,0,5,True,-0.09861111111111114,0.0,122.43916814166667,38.0,489.52777777777777,60.002416413888895,14.054166666666667,14.965,0.0,38.0,-0.09861111111111114,122.43916814166667,38.0,-84.53777925277778,489.52777777777777,60.002416413888895,0.0,84.53777925277778,0.5971003033333261,0.0,121.33101156933346,0.7844444444444444,43.33958724202627,0.33997498436522827,0.12,0.08,0,,0.0,122.43916814166667,-84.53777925277778,0.0,0.0,356.4780599388889,0.0
2023-04-01 03:00:00,3,0,5,True,-0.08833333333333332,0.0,123.84027918611112,38.0,490.2472222222222,59.98344506388889,13.627222222222223,14.708611111111113,0.0,38.0,-0.08833333333333332,123.84027918611112,38.0,-85.92861251944446,490.2472222222222,59.98344506388889,0.0,85.92861251944446,0.5801340766666641,0.0,122.71944161932133,0.7844444444444444,44.03377110694184,0.34542047112778823,0.12,0.08,0,,0.0,123.84027918611112,-85.92861251944446,0.0,0.0,480.318339125,0.0
2023-04-01 04:00:00,4,0,5,True,-0.08666666666666667,0.0,118.30361259722223,38.0,486.3777777777778,60.00333321666667,13.191666666666665,14.435555555555558,0.0,38.0,-0.08666666666666667,118.30361259722223,38.0,-80.3902792638889,486.3777777777778,60.00333321666667,0.0,80.3902792638889,0.5960001399999981,0.0,117.23288557563147,0.7844444444444444,44.146341463414636,0.3463035230352303,0.12,0.08,0,,0.0,118.30361259722223,-80.3902792638889,0.0,0.0,598.6219517222222,0.0
2023-04-01 05:00:00,5,0,5,True,-0.08083333333333334,0.0,119.78889055555557,37.98888888888889,487.2472222222222,59.996528058333325,12.709722222222222,14.141666666666667,0.0,37.98888888888889,-0.08083333333333334,119.78889055555557,37.98888888888889,-81.880835,487.2472222222222,59.996528058333325,0.0,81.880835,0.5958336699999904,0.0,118.7047207725001,0.7844444444444444,44.54033771106942,0.3493942047112779,0.12,0.08,0,,0.0,119.78889055555557,-81.880835,0.0,0.0,718.4108422777778,0.0
2023-04-01 06:00:00,6,0,5,True,-0.09055555555555556,2.0944444444444446,121.63722369444446,37.99444444444445,488.05833333333334,59.98050050555556,12.250277777777779,13.863611111111112,2.0944444444444446,37.99444444444445,-0.09055555555555556,121.63722369444446,40.08888888888889,-81.63889036111112,488.05833333333334,59.98050050555556,0.0,81.63889036111112,0.5766006066666733,1.7205969396212772,120.53632525709634,0.7844444444444444,43.88367729831145,0.34424306858453196,0.18,0.096,0,,2.0944444444444446,121.63722369444446,-81.63889036111112,1.0472222222222223,2.0944444444444446,840.0480659722223,1.0472222222222223
2023-04-01 07:00:00,7,0,5,True,-0.0761111111111111,13.016666666666667,115.89305690833335,38.0,486.28055555555557,60.00988850555555,11.919444444444448,13.698055555555554,13.016666666666667,38.0,-0.0761111111111111,115.89305690833335,51.016666666666666,-64.9525013527778,486.28055555555557,60.00988850555555,0.0,64.9525013527778,0.5881337933333384,11.224247693562976,114.84414703210679,0.7844444444444444,44.85928705440901,0.3518961851156973,0.18,0.096,0,,13.016666666666667,115.89305690833335,-64.9525013527778,6.508333333333334,15.111111111111112,955.9411228805557,7.555555555555556
2023-04-01 08:00:00,8,0,5,True,-0.06638888888888889,24.988888888888887,117.29722366944446,38.0,484.72777777777776,60.01152721111111,11.841388888888888,13.676388888888889,24.988888888888887,38.0,-0.06638888888888889,117.29722366944446,62.98888888888889,-54.374723669444464,484.72777777777776,60.01152721111111,0.0,54.374723669444464,0.5861673466666701,21.291853875466412,116.23560514247653,0.7844444444444444,45.51594746716698,0.3570473212424432,0.18,0.096,0,,24.988888888888887,117.29722366944446,-54.374723669444464,12.494444444444444,40.1,1073.2383465500002,20.05
2023-04-01 09:00:00,9,0,5,True,-0.06611111111111112,34.06666666666667,120.40805706944445,38.0,484.6972222222222,60.004194222222225,12.108888888888888,13.764722222222222,34.06666666666667,38.0,-0.06611111111111112,120.40805706944445,72.06666666666666,-48.4075015138889,484.6972222222222,60.004194222222225,0.0,48.4075015138889,0.5949669333333304,28.277154498058614,119.31828341426089,0.7844444444444444,45.534709193245774,0.3571944965603502,0.18,0.096,0,,34.06666666666667,120.40805706944445,-48.4075015138889,17.033333333333335,74.16666666666667,1193.6464036194448,37.083333333333336
2023-04-01 10:00:00,10,0,5,True,-0.0686111111111111,40.51111111111111,119.56333491388888,37.87222222222222,484.8361111111111,59.98811161666667,12.65361111111111,14.029722222222222,40.51111111111111,37.87222222222222,-0.0686111111111111,119.56333491388888,78.38333333333333,-41.248612691666665,484.8361111111111,59.98811161666667,0.0,41.248612691666665,0.5857339400000058,33.86312139622416,118.4812065606351,0.7844444444444444,45.36585365853659,0.355869918699187,0.18,0.096,0,,40.51111111111111,119.56333491388888,-41.248612691666665,20.255555555555556,114.67777777777778,1313.2097385333336,57.33888888888889
2023-04-01 11:00:00,11,0,5,True,-0.0661111111111111,43.388888888888886,120.89305712777778,37.977777777777774,484.10277777777776,59.99736136944444,13.306111111111107,14.387222222222224,43.388888888888886,37.977777777777774,-0.0661111111111111,120.89305712777778,81.36666666666666,-39.59250157222223,484.10277777777776,59.99736136944444,0.0,39.59250157222223,0.5968336433333291,35.87069051532976,119.79889389685322,0.7844444444444444,45.53470919324578,0.35719449656035024,0.12,0.08,0,,43.388888888888886,120.89305712777778,-39.59250157222223,21.694444444444443,158.06666666666666,1434.1027956611115,79.03333333333333
2023-04-01 12:00:00,12,0,5,True,-0.07944444444444444,43.86666666666667,117.93222370833335,37.88611111111111,485.36944444444447,60.00494424722221,14.045277777777775,14.782222222222224,43.86666666666667,37.88611111111111,-0.07944444444444444,117.93222370833335,81.75277777777778,-36.25889037500002,485.36944444444447,60.00494424722221,0.0,36.25889037500002,0.5940669033333449,37.17146562988748,116.86485800521905,0.7844444444444444,44.63414634146341,0.35013008130081297,0.12,0.08,0,,43.86666666666667,117.93222370833335,-36.25889037500002,21.933333333333334,201.93333333333334,1552.0350193694449,100.96666666666667
2023-04-01 13:00:00,13,0,5,True,-0.08861111111111111,41.36388888888889,119.16583482500003,37.69722222222222,483.85555555555555,60.012194283333336,14.82472222222222,15.155833333333332,41.36388888888889,37.69722222222222,-0.08861111111111111,119.16583482500003,79.0611111111111,-40.19333482500004,483.85555555555555,60.012194283333336,0.0,40.19333482500004,0.5853668599999963,34.68540611982633,118.08730411409137,0.7844444444444444,44.01500938086304,0.34527329580988114,0.12,0.08,0,,41.36388888888889,119.16583482500003,-40.19333482500004,20.681944444444444,243.29722222222222,1671.200854194445,121.64861111111111
2023-04-01 14:00:00,14,0,5,True,-0.08611111111111111,35.53888888888889,119.62277926944448,37.49722222222222,482.28055555555557,59.990833272222226,15.480833333333335,15.653055555555557,35.53888888888889,37.49722222222222,-0.08611111111111111,119.62277926944448,73.03611111111111,-46.672779269444476,482.28055555555557,59.990833272222226,0.0,46.672779269444476,0.5889999266666706,29.687760680021725,118.54011290491297,0.7844444444444444,44.18386491557223,0.34659787367104433,0.12,0.08,0,,35.53888888888889,119.62277926944448,-46.672779269444476,17.769444444444446,278.8361111111111,1790.8236334638893,139.41805555555555
2023-04-01 15:00:00,15,0,5,True,-0.10222222222222221,26.644444444444446,121.10666827500002,37.41111111111111,482.73055555555555,59.996611255555564,16.035555600000002,16.075833527777775,26.644444444444446,37.41111111111111,-0.10222222222222221,121.10666827500002,64.05555555555556,-57.153334941666685,482.73055555555555,59.996611255555564,0.0,57.153334941666685,0.5959335066666768,21.982252568391473,120.01057171995777,0.7844444444444444,43.09568480300187,0.3380617052324369,0.12,0.08,0,,26.644444444444446,121.10666827500002,-57.153334941666685,13.322222222222223,305.48055555555555,1911.9303017388893,152.74027777777778
2023-04-01 16:00:00,16,0,5,True,-0.09916666666666668,18.29722222222222,120.37722373055557,37.44444444444444,482.8222222222222,59.99952783888888,16.58000015,16.420555408333335,18.29722222222222,37.44444444444444,-0.09916666666666668,120.37722373055557,55.74166666666666,-64.73472373055557,482.8222222222222,59.99952783888888,0.0,64.73472373055557,0.5994334066666568,15.187392452491746,119.28772913776402,0.7844444444444444,43.30206378986867,0.3396806337294142,0.12,0.08,0,,18.29722222222222,120.37722373055557,-64.73472373055557,9.14861111111111,323.77777777777777,2032.307525469445,161.88888888888889
2023-04-01 17:00:00,17,0,5,True,-0.10750000000000001,5.802777777777778,117.68944597777781,37.922222222222224,485.50555555555553,60.01424950833333,16.846943925,16.5627778,5.802777777777778,37.922222222222224,-0.10750000000000001,117.68944597777781,43.725,-74.07194597777782,485.50555555555553,60.01424950833333,0.0,74.07194597777782,0.5829005900000055,4.926085077683136,116.62427757591777,0.7844444444444444,42.73921200750469,0.3352653741922034,0.12,0.08,0,,5.802777777777778,117.68944597777781,-74.07194597777782,2.901388888888889,329.5805555555556,2149.9969714472227,164.7902777777778
2023-04-01 18:00:00,18,0,5,True,-0.12944444444444447,-0.19722222222222222,119.85805708055557,37.99444444444445,485.9583333333333,60.00383319722222,16.917222222222225,16.655833816666664,0.0,37.99444444444445,-0.12944444444444447,119.85805708055557,37.99444444444445,-81.99305708055557,485.9583333333333,60.00383319722222,0.0,81.99305708055557,0.5954001633333348,0.0,118.77326129406975,0.7844444444444444,41.25703564727955,0.32363852407754845,0.18,0.096,0,,0.0,119.85805708055557,-81.99305708055557,0.0,329.5805555555556,2269.8550285277784,164.7902777777778
2023-04-01 19:00:00,19,0,5,True,-0.11694444444444443,0.0,118.96055697222222,37.958333333333336,485.15833333333336,59.99561147777778,16.963611111111113,16.693056302777777,0.0,37.958333333333336,-0.11694444444444443,118.96055697222222,37.958333333333336,-81.11916808333334,485.15833333333336,59.99561147777778,0.0,81.11916808333334,0.5947337733333341,0.0,117.88388416352869,0.7844444444444444,42.10131332082552,0.33026141338336457,0.18,0.096,0,,0.0,118.96055697222222,-81.11916808333334,0.0,329.5805555555556,2388.8155855000005,164.7902777777778
2023-04-01 20:00:00,20,0,5,True,-0.12611111111111112,0.0,119.46000155833333,38.0,487.90833333333336,59.99919450555555,16.892222105555557,16.66666730833333,0.0,38.0,-0.12611111111111112,119.46000155833333,38.0,-81.58611266944445,487.90833333333336,59.99919450555555,0.0,81.58611266944445,0.5990334066666605,0.0,118.37880844123674,0.7844444444444444,41.48217636022514,0.32540462789243274,0.18,0.096,0,,0.0,119.46000155833333,-81.58611266944445,0.0,329.5805555555556,2508.2755870583337,164.7902777777778
2023-04-01 21:00:00,21,0,5,True,-0.14027777777777778,0.0,117.61555701388889,38.0,489.34444444444443,60.00894397222223,16.779166141666664,16.580000027777775,0.0,38.0,-0.14027777777777778,117.61555701388889,38.0,-79.75583479166667,489.34444444444443,60.00894397222223,0.0,79.75583479166667,0.589267233333328,0.0,116.55105735669775,0.7844444444444444,40.52532833020638,0.3178986866791745,0.18,0.096,0,,0.0,117.61555701388889,-79.75583479166667,0.0,329.5805555555556,2625.8911440722227,164.7902777777778
2023-04-01 22:00:00,22,0,5,True,-0.12833333333333335,0.0,118.72027927500001,37.99444444444445,488.35555555555555,60.01136069166667,16.629444825,16.46666666666667,0.0,37.99444444444445,-0.12833333333333335,118.72027927500001,37.99444444444445,-80.85416816388889,488.35555555555555,60.01136069166667,0.0,80.85416816388889,0.5863671699999997,0.0,117.6457811405827,0.7844444444444444,41.332082551594745,0.32422722534917653,0.18,0.096,0,,0.0,118.72027927500001,-80.85416816388889,0.0,329.5805555555556,2744.6114233472226,164.7902777777778
2023-04-01 23:00:00,23,0,5,True,-0.13333333333333336,0.0,117.53944589444447,38.0,488.575,60.01774948055555,16.424444291666667,16.360277411111117,0.0,38.0,-0.13333333333333336,117.53944589444447,38.0,-79.67277922777781,488.575,60.01774948055555,0.0,79.67277922777781,0.5787006233333386,0.0,116.47563509392003,0.7844444444444444,40.99437148217636,0.3215780696268501,0.12,0.08,0,,0.0,117.53944589444447,-79.67277922777781,0.0,329.5805555555556,2862.150869241667,164.7902777777778
2023-04-02 00:00:00,0,0,6,True,-0.13055555555555556,0.0,118.9536126916667,38.0,488.59722222222223,60.01097195555555,16.165277913888886,16.163611386111107,0.0,38.0,-0.13055555555555556,118.9536126916667,38.0,-81.08416824722227,488.59722222222223,60.01097195555555,0.0,81.08416824722227,0.5868336533333434,0.0,117.87700273336863,0.7844444444444444,41.18198874296435,0.3230498228059203,0.12,0.08,0,,0.0,118.9536126916667,-81.08416824722227,0.0,329.5805555555556,2981.104481933334,164.7902777777778
2023-04-02 01:00:00,1,0,6,True,-0.12611111111111112,0.0,118.53527928055559,38.0,489.40277777777777,60.01088856111111,15.92527777777778,15.945555555555558,0.0,38.0,-0.12611111111111112,118.53527928055559,38.0,-80.6613903916667,489.40277777777777,60.01088856111111,0.0,80.6613903916667,0.586933726666669,0.0,117.46245552013835,0.7844444444444444,41.48217636022514,0.32540462789243274,0.12,0.08,0,,0.0,118.53527928055559,-80.6613903916667,0.0,329.5805555555556,3099.6397612138894,164.7902777777778
2023-04-02 02:00:00,2,0,6,True,-0.12722222222222224,0.0,120.68055696111112,38.0,489.93611111111113,59.990333922222234,15.54777777777778,15.738333333333332,0.0,38.0,-0.12722222222222224,120.68055696111112,38.0,-82.80777918333334,489.93611111111113,59.990333922222234,0.0,82.80777918333334,0.5884007066666811,0.0,119.58831699918527,0.7844444444444444,41.40712945590994,0.3248159266208046,0.12,0.08,0,,0.0,120.68055696111112,-82.80777918333334,0.0,329.5805555555556,3220.3203181750005,164.7902777777778
2023-04-02 03:00:00,3,0,6,True,-0.11611111111111111,0.0,123.87194601111113,37.99444444444445,488.76666666666665,59.98230614722223,15.169166666666666,15.52416666666667,0.0,37.99444444444445,-0.11611111111111111,123.87194601111113,37.99444444444445,-85.9936126777778,488.76666666666665,59.98230614722223,0.0,85.9936126777778,0.5787673766666784,0.0,122.75082183832116,0.7844444444444444,42.15759849906191,0.3307029393370856,0.12,0.08,0,,0.0,123.87194601111113,-85.9936126777778,0.0,329.5805555555556,3344.1922641861115,164.7902777777778
2023-04-02 04:00:00,4,0,6,True,-0.10472222222222223,0.0,117.48416818333332,37.98888888888889,489.9277777777778,59.98172256111112,14.745000000000003,15.312777777777779,0.0,37.98888888888889,-0.10472222222222223,117.48416818333332,37.98888888888889,-79.60000151666665,489.9277777777778,59.98172256111112,0.0,79.60000151666665,0.5780670733333437,0.0,116.42085768316048,0.7844444444444444,42.92682926829268,0.33673712737127365,0.12,0.08,0,,0.0,117.48416818333332,-79.60000151666665,0.0,329.5805555555556,3461.6764323694447,164.7902777777778
2023-04-02 05:00:00,5,0,6,True,-0.11166666666666668,0.0,120.4205571527778,37.983333333333334,487.4555555555556,59.96525018888889,14.228611111111112,15.013055555555555,0.0,37.983333333333334,-0.11166666666666668,120.4205571527778,37.983333333333334,-82.54889048611113,487.4555555555556,59.96525018888889,0.0,82.54889048611113,0.5583002266666653,0.0,119.33067036345824,0.7844444444444444,42.4577861163227,0.33305774442359803,0.12,0.08,0,,0.0,120.4205571527778,-82.54889048611113,0.0,329.5805555555556,3582.0969895222224,164.7902777777778
2023-04-02 06:00:00,6,0,6,True,-0.09916666666666668,2.3666666666666667,120.45111255277779,37.99444444444445,488.7611111111111,59.96450006111112,13.693888888888887,14.7075,2.3666666666666667,37.99444444444445,-0.09916666666666668,120.45111255277779,40.361111111111114,-80.18916810833333,488.7611111111111,59.96450006111112,0.0,80.18916810833333,0.5574000733333406,1.9632195644760726,119.36094921659955,0.7844444444444444,43.30206378986867,0.3396806337294142,0.18,0.096,0,,2.3666666666666667,120.45111255277779,-80.18916810833333,1.1833333333333333,331.94722222222225,3702.5481020750003,165.97361111111113
2023-04-02 07:00:00,7,0,6,True,-0.09555555555555555,13.819444444444445,116.19944600277779,37.986111111111114,489.1166666666667,59.99125019722222,13.310833333333333,14.499166666666666,13.819444444444445,37.986111111111114,-0.09555555555555555,116.19944600277779,51.80555555555556,-64.48944600277778,489.1166666666667,59.99125019722222,0.0,64.48944600277778,0.589500236666666,11.883094079080122,115.14776309979963,0.7844444444444444,43.54596622889306,0.34159391286220553,0.18,0.096,0,,13.819444444444445,116.19944600277779,-64.48944600277778,6.909722222222222,345.7666666666667,3818.747548077778,172.88333333333335
2023-04-02 08:00:00,8,0,6,True,-0.07833333333333334,26.066666666666666,115.85833476944447,38.0,488.4111111111111,60.00402763611112,13.113333333333332,14.428888888888894,26.066666666666666,38.0,-0.07833333333333334,115.85833476944447,64.06666666666666,-51.87000143611114,488.4111111111111,60.00402763611112,0.0,51.87000143611114,0.5951668366666582,22.483539585214384,114.80973915185753,0.7844444444444444,44.70919324577861,0.35071878257244105,0.18,0.096,0,,26.066666666666666,115.85833476944447,-51.87000143611114,13.033333333333333,371.83333333333337,3934.6058828472223,185.91666666666669
2023-04-02 09:00:00,9,0,6,True,-0.07916666666666666,34.977777777777774,116.61333475833337,38.0,485.7472222222222,60.01338891944443,13.284999999999998,14.469444444444445,34.977777777777774,38.0,-0.07916666666666666,116.61333475833337,72.97777777777777,-43.71472364722226,485.7472222222222,60.01338891944443,0.0,43.71472364722226,0.583933296666683,29.974314845121818,115.5579058845875,0.7844444444444444,44.652908067542214,0.35027725661872,0.18,0.096,0,,34.977777777777774,116.61333475833337,-43.71472364722226,17.488888888888887,406.81111111111113,4051.2192176055555,203.40555555555557
2023-04-02 10:00:00,10,0,6,True,-0.0875,41.25555555555555,133.9530571555556,37.958333333333336,486.2527777777778,59.99952801666666,13.722222222222221,14.717222222222222,41.25555555555555,37.958333333333336,-0.0875,133.9530571555556,79.21388888888889,-54.82666826666671,486.2527777777778,59.99952801666666,0.0,54.82666826666671,0.5994336199999907,30.77841246786076,132.74069216709614,0.7844444444444444,44.090056285178235,0.3458619970815093,0.18,0.096,0,,41.25555555555555,133.9530571555556,-54.82666826666671,20.627777777777776,448.06666666666666,4185.172274761111,224.03333333333333
2023-04-02 11:00:00,11,0,6,True,-0.08222222222222222,43.925,151.89611279444446,37.99444444444445,486.3361111111111,59.9968611138889,14.293888888888887,15.052777777777775,43.925,37.99444444444445,-0.08222222222222222,151.89611279444446,81.91944444444445,-70.05889057222224,486.3361111111111,59.9968611138889,0.0,70.05889057222224,0.5962333366666769,28.902145819128084,150.52135112087385,0.7844444444444444,44.44652908067542,0.3486583281217427,0.12,0.08,0,,43.925,151.89611279444446,-70.05889057222224,21.9625,491.9916666666667,4337.068387555556,245.99583333333334
2023-04-02 12:00:00,12,0,6,True,-0.08555555555555555,44.34166666666667,151.97861256666667,37.96666666666667,484.9972222222222,59.999971919444434,14.964444444444446,15.388888888888891,44.34166666666667,37.96666666666667,-0.08555555555555555,151.97861256666667,82.30833333333334,-69.75583478888889,484.9972222222222,59.999971919444434,0.0,69.75583478888889,0.5999663033333206,29.159839043098483,150.60310421483786,0.7844444444444444,44.22138836772983,0.3468922243068584,0.12,0.08,0,,44.34166666666667,151.97861256666667,-69.75583478888889,22.170833333333334,536.3333333333334,4489.047000122223,268.1666666666667
2023-04-02 13:00:00,13,0,6,True,-0.09694444444444444,36.21388888888889,152.15666815000003,37.90833333333333,484.0388888888889,60.001583305555556,15.6175,15.731666666666666,36.21388888888889,37.90833333333333,-0.09694444444444444,152.15666815000003,74.12222222222222,-78.13139037222226,484.0388888888889,60.001583305555556,0.0,78.13139037222226,0.5981000333333327,23.78524113273506,150.77954827574823,0.7844444444444444,43.45215759849906,0.3408580362726704,0.12,0.08,0,,36.21388888888889,152.15666815000003,-78.13139037222226,18.106944444444444,572.5472222222222,4641.203668272223,286.2736111111111
2023-04-02 14:00:00,14,0,6,True,-0.10555555555555556,28.466666666666665,151.64639045277778,37.952777777777776,483.11944444444447,60.002555433333335,16.06055574722222,16.044444524999996,28.466666666666665,37.952777777777776,-0.10555555555555556,151.64639045277778,66.41944444444444,-85.3325015638889,483.11944444444447,60.002555433333335,0.0,85.3325015638889,0.5969334799999985,18.758683111123624,150.27388893384867,0.7844444444444444,42.870544090056285,0.3362956014175526,0.12,0.08,0,,28.466666666666665,151.64639045277778,-85.3325015638889,14.233333333333333,601.0138888888889,4792.850058725001,300.50694444444446
2023-04-02 15:00:00,15,0,6,True,-0.1125,18.102777777777778,153.2288902777778,37.96388888888889,486.27222222222224,60.00805504166666,16.398333172222223,16.29111078888889,18.102777777777778,37.96388888888889,-0.1125,153.2288902777778,56.06666666666666,-97.27472361111113,486.27222222222224,60.00805504166666,0.0,97.27472361111113,0.5903339500000101,11.805539094816222,151.84206607429923,0.7844444444444444,42.4015009380863,0.33261621846987693,0.12,0.08,0,,18.102777777777778,153.2288902777778,-97.27472361111113,9.051388888888889,619.1166666666667,4946.078949002779,309.55833333333334
2023-04-02 16:00:00,16,0,6,True,-0.11972222222222223,14.444444444444445,153.25972364722224,37.977777777777774,487.69166666666666,59.98669464444445,16.682778169444443,16.427777775000003,14.444444444444445,37.977777777777774,-0.11972222222222223,153.25972364722224,52.42222222222222,-100.95722364722225,487.69166666666666,59.98669464444445,0.0,100.95722364722225,0.5840335733333376,9.417457705995012,151.8726203810751,0.7844444444444444,41.91369606003752,0.32878966020429434,0.12,0.08,0,,14.444444444444445,153.25972364722224,-100.95722364722225,7.222222222222222,633.5611111111111,5099.338672650001,316.78055555555557
2023-04-02 17:00:00,17,0,6,True,-0.11750000000000001,5.466666666666667,152.91972369722222,37.96944444444444,487.76944444444445,59.986917016666666,16.79999901666667,16.515555555555558,5.466666666666667,37.96944444444444,-0.11750000000000001,152.91972369722222,43.43611111111111,-109.60111258611113,487.76944444444445,59.986917016666666,0.0,109.60111258611113,0.5843004199999996,3.572115681791405,151.53569765860698,0.7844444444444444,42.06378986866792,0.3299670627475505,0.12,0.08,0,,5.466666666666667,152.91972369722222,-109.60111258611113,2.7333333333333334,639.0277777777778,5252.258396347223,319.5138888888889
2023-04-02 18:00:00,18,0,6,True,-0.1163888888888889,-0.07222222222222222,184.78805704722222,38.0,487.72777777777776,59.979750480555566,16.799999000000007,16.515,0.0,38.0,-0.1163888888888889,184.78805704722222,38.0,-146.9044459361111,487.72777777777776,59.979750480555566,0.0,146.9044459361111,0.5757005766666793,0.0,183.1156012227214,0.7844444444444444,42.13883677298311,0.33055576401917863,0.18,0.096,0,,0.0,184.78805704722222,-146.9044459361111,0.0,639.0277777777778,5437.046453394446,319.5138888888889
2023-04-02 19:00:00,19,0,6,True,-0.12777777777777777,0.0,194.4155569888889,37.99722222222222,486.1,59.9849167,16.731666883333332,16.455833333333334,0.0,37.99722222222222,-0.12777777777777777,194.4155569888889,37.99722222222222,-156.54611254444447,486.1,59.9849167,0.0,156.54611254444447,0.5819000399999993,0.0,192.6559658342693,0.7844444444444444,41.369606003752345,0.3245215759849906,0.18,0.096,0,,0.0,194.4155569888889,-156.54611254444447,0.0,639.0277777777778,5631.462010383335,319.5138888888889
2023-04-02 20:00:00,20,0,6,True,-0.12388888888888887,0.0,195.03777929444445,37.99722222222222,487.6333333333333,60.013082719444434,16.559722280555555,16.375277530555557,0.0,37.99722222222222,-0.12388888888888887,195.03777929444445,37.99722222222222,-157.1644459611111,487.6333333333333,60.013082719444434,0.0,157.1644459611111,0.5843007366666796,0.0,193.27255661073312,0.7844444444444444,41.632270168855534,0.32658203043568895,0.18,0.096,0,,0.0,195.03777929444445,-157.1644459611111,0.0,639.0277777777778,5826.4997896777795,319.5138888888889
2023-04-02 21:00:00,21,0,6,True,-0.12611111111111112,0.0,195.26305708888893,38.0,488.60277777777776,60.014888372222224,16.325555522222224,16.219722327777777,0.0,38.0,-0.12611111111111112,195.26305708888893,38.0,-157.38916820000003,488.60277777777776,60.014888372222224,0.0,157.38916820000003,0.5821339533333315,0.0,193.4957954900796,0.7844444444444444,41.48217636022514,0.32540462789243274,0.18,0.096,0,,0.0,195.26305708888893,-157.38916820000003,0.0,639.0277777777778,6021.762846766668,319.5138888888889
2023-04-02 22:00:00,22,0,6,True,-0.13333333333333333,0.0,193.97277922777778,38.0,489.68333333333334,60.015610366666664,16.114722591666663,16.03111111388889,0.0,38.0,-0.13333333333333333,193.97277922777778,38.0,-156.1061125611111,489.68333333333334,60.015610366666664,0.0,156.1061125611111,0.5812675600000033,0.0,192.2171955087975,0.7844444444444444,40.99437148217636,0.3215780696268501,0.18,0.096,0,,0.0,193.97277922777778,-156.1061125611111,0.0,639.0277777777778,6215.735625994446,319.5138888888889
2023-04-02 23:00:00,23,0,6,True,-0.11722222222222223,0.0,195.38750148888892,38.0,488.59722222222223,60.00833308888889,15.785,15.814444444444444,0.0,38.0,-0.11722222222222223,195.38750148888892,38.0,-157.50472371111113,488.59722222222223,60.00833308888889,0.0,157.50472371111113,0.5900002933333326,0.0,193.61911358481433,0.7844444444444444,42.08255159474672,0.3301142380654576,0.12,0.08,0,,0.0,195.38750148888892,-157.50472371111113,0.0,639.0277777777778,6411.123127483335,319.5138888888889
2023-04-03 00:00:00,0,0,0,False,-0.1111111111111111,0.0,194.71722378611113,38.0,488.7944444444444,59.99658356388889,15.405833333333334,15.624722222222221,0.0,38.0,-0.1111111111111111,194.71722378611113,38.0,-156.82833489722225,488.7944444444444,59.99658356388889,0.0,156.82833489722225,0.5959002766666686,0.0,192.95490234469628,0.7844444444444444,42.4953095684803,0.3333520950594121,0.12,0.08,0,,0.0,194.71722378611113,-156.82833489722225,0.0,639.0277777777778,6605.840351269447,319.5138888888889
2023-04-03 01:00:00,1,0,0,False,-0.11361111111111112,0.0,197.1288903305556,38.0,490.05833333333334,59.992111397222224,15.025,15.418055555555556,0.0,38.0,-0.11361111111111112,197.1288903305556,38.0,-159.24250144166672,490.05833333333334,59.992111397222224,0.0,159.24250144166672,0.5905336766666692,0.0,195.3447416897889,0.7844444444444444,42.32645403377111,0.33202751719824886,0.12,0.08,0,,0.0,197.1288903305556,-159.24250144166672,0.0,639.0277777777778,6802.9692416000025,319.5138888888889
2023-04-03 02:00:00,2,0,0,False,-0.10583333333333333,0.0,197.66277929444445,38.0,490.93055555555554,60.00611063333333,14.620833333333334,15.200833333333332,0.0,38.0,-0.10583333333333333,197.66277929444445,38.0,-159.76861262777777,490.93055555555554,60.00611063333333,0.0,159.76861262777777,0.5926672400000058,0.0,195.87379860055938,0.7844444444444444,42.851782363977485,0.33614842609964557,0.12,0.08,0,,0.0,197.66277929444445,-159.76861262777777,0.0,639.0277777777778,7000.632020894447,319.5138888888889
2023-04-03 03:00:00,3,0,0,False,-0.10305555555555555,0.0,194.97139035833337,37.986111111111114,490.25555555555553,59.989778119444445,14.156666666666666,14.96111111111111,0.0,37.986111111111114,-0.10305555555555555,194.97139035833337,37.986111111111114,-157.0883348027778,490.25555555555553,59.989778119444445,0.0,157.0883348027778,0.5877337433333337,0.0,193.20676853901045,0.7844444444444444,43.03939962476548,0.33762017927871585,0.12,0.08,0,,0.0,194.97139035833337,-157.0883348027778,0.0,639.0277777777778,7195.6034112527805,319.5138888888889
2023-04-03 04:00:00,4,0,0,False,-0.09472222222222222,0.0,195.14444602777778,38.0,488.5111111111111,59.99244462777778,13.676666666666668,14.68638888888889,0.0,38.0,-0.09472222222222222,195.14444602777778,38.0,-157.23916825,488.5111111111111,59.99244462777778,0.0,157.23916825,0.5909335533333347,0.0,193.3782579386052,0.7844444444444444,43.60225140712946,0.3420354388159266,0.12,0.08,0,,0.0,195.14444602777778,-157.23916825,0.0,639.0277777777778,7390.7478572805585,319.5138888888889
2023-04-03 05:00:00,5,0,0,False,-0.09305555555555556,0.0,195.0102793527778,37.99722222222222,486.2611111111111,59.98538923055556,13.188888888888888,14.39777777777778,0.0,37.99722222222222,-0.09305555555555556,195.0102793527778,37.99722222222222,-157.10611268611115,486.2611111111111,59.98538923055556,0.0,157.10611268611115,0.5824670766666742,0.0,193.24530556197843,0.7844444444444444,43.71482176360225,0.3429184907233688,0.12,0.08,0,,0.0,195.0102793527778,-157.10611268611115,0.0,639.0277777777778,7585.758136633336,319.5138888888889
2023-04-03 06:00:00,6,0,0,False,-0.08194444444444444,0.7,195.52916803055558,38.0,486.99444444444447,59.976639358333344,12.66527777777778,14.086388888888889,0.7,38.0,-0.08194444444444444,195.52916803055558,38.7,-156.91111247500004,486.99444444444447,59.976639358333344,0.0,156.91111247500004,0.5719672300000127,0.35785288020866557,193.75949794928547,0.7844444444444444,44.46529080675422,0.3488055034396498,0.18,0.096,0,,0.7,195.52916803055558,-156.91111247500004,0.35,639.7277777777779,7781.2873046638915,319.86388888888894
2023-04-03 07:00:00,7,0,0,False,-0.08583333333333334,4.783333333333333,197.8544459611111,38.0,486.7861111111111,59.990916769444446,12.172500000000001,13.806666666666668,4.783333333333333,38.0,-0.08583333333333334,197.8544459611111,42.78333333333333,-155.15694596111112,486.7861111111111,59.990916769444446,0.0,155.15694596111112,0.5891001233333355,2.416553796116416,196.0637305553721,0.7844444444444444,44.20262664165103,0.34674504898895137,0.18,0.096,0,,4.783333333333333,197.8544459611111,-155.15694596111112,2.3916666666666666,644.5111111111112,7979.141750625003,322.2555555555556
2023-04-03 08:00:00,8,0,0,False,-0.08166666666666668,6.113888888888889,195.84222378611113,38.0,485.85833333333335,60.01797177222222,11.759722222222223,13.545833333333333,6.113888888888889,38.0,-0.08166666666666668,195.84222378611113,44.11388888888889,-151.81000156388893,485.85833333333335,60.01797177222222,0.0,151.81000156388893,0.5784338733333385,3.1205428162740967,194.0697203403361,0.7844444444444444,44.48405253283302,0.34895267875755676,0.18,0.096,0,,6.113888888888889,195.84222378611113,-151.81000156388893,3.0569444444444445,650.6250000000001,8174.983974411114,325.31250000000006
2023-04-03 09:00:00,9,0,0,False,-0.07305555555555555,20.16111111111111,196.06111252777782,38.0,485.89166666666665,60.01638825833333,11.458333333333336,13.341666666666667,20.16111111111111,38.0,-0.07305555555555555,196.06111252777782,58.16111111111111,-137.97305697222228,485.89166666666665,60.01638825833333,0.0,137.97305697222228,0.5803340900000051,10.279244717088288,194.28662799211654,0.7844444444444444,45.0656660412758,0.35351511361267457,0.18,0.096,0,,20.16111111111111,196.06111252777782,-137.97305697222228,10.080555555555556,670.7861111111113,8371.045086938891,335.39305555555563
2023-04-03 10:00:00,10,0,0,False,-0.08277777777777778,39.09722222222222,193.95694602777778,38.0,487.8222222222222,60.01891607499999,11.46166666666667,13.350833333333336,39.09722222222222,38.0,-0.08277777777777778,193.95694602777778,77.09722222222223,-116.94250158333332,487.8222222222222,60.01891607499999,0.0,116.94250158333332,0.5773007100000086,20.149081567133642,192.2015056098743,0.7844444444444444,44.409005628517825,0.3483639774859287,0.18,0.096,0,,39.09722222222222,193.95694602777778,-116.94250158333332,19.54861111111111,709.8833333333334,8565.00203296667,354.9416666666667
2023-04-03 11:00:00,11,0,0,False,-0.08555555555555555,42.269444444444446,195.54139030833338,37.99722222222222,488.0388888888889,60.010332749999996,11.85138888888889,13.610833333333332,42.269444444444446,37.99722222222222,-0.08555555555555555,195.54139030833338,80.26666666666667,-115.36027919722227,488.0388888888889,60.010332749999996,0.0,115.36027919722227,0.5876007000000044,21.60716881704742,193.77160960725382,0.7844444444444444,44.22138836772983,0.3468922243068584,0.12,0.08,0,,42.269444444444446,195.54139030833338,-115.36027919722227,21.134722222222223,752.1527777777778,8760.543423275003,376.0763888888889
2023-04-03 12:00:00,12,0,0,False,-0.08138888888888889,14.922222222222222,194.4255568694445,38.0,486.7583333333333,60.01091615,12.128055555555553,13.6375,14.922222222222222,38.0,-0.08138888888888889,194.4255568694445,52.922222222222224,-141.58472353611117,486.7583333333333,60.01091615,0.0,141.58472353611117,0.5869006200000001,7.671819720393147,192.66587520920052,0.7844444444444444,44.50281425891182,0.34909985407546384,0.12,0.08,0,,14.922222222222222,194.4255568694445,-141.58472353611117,7.461111111111111,767.075,8954.968980144447,383.5375
2023-04-03 13:00:00,13,0,0,False,-0.08361111111111111,26.497222222222224,194.4088904222222,37.99722222222222,487.03055555555557,60.006110586111106,12.292777777777783,13.628888888888888,26.497222222222224,37.99722222222222,-0.08361111111111111,194.4088904222222,64.49444444444444,-129.99805708888888,487.03055555555557,60.006110586111106,0.0,129.99805708888888,0.5926672966666728,13.62377573085046,192.64935960450114,0.7844444444444444,44.352720450281424,0.3479224515322076,0.12,0.08,0,,26.497222222222224,194.4088904222222,-129.99805708888888,13.248611111111112,793.5722222222223,9149.37787056667,396.78611111111115
2023-04-03 14:00:00,14,0,0,False,-0.08805555555555555,39.15833333333333,194.03194584166667,38.0,487.7083333333333,60.01516614999999,12.615277777777777,13.889166666666668,39.15833333333333,38.0,-0.08805555555555555,194.03194584166667,77.15833333333333,-116.9616680638889,487.7083333333333,60.01516614999999,0.0,116.9616680638889,0.5818006200000099,20.172230090398955,192.27582662515695,0.7844444444444444,44.052532833020635,0.3455676464456952,0.12,0.08,0,,39.15833333333333,194.03194584166667,-116.9616680638889,19.579166666666666,832.7305555555556,9343.409816408337,416.3652777777778
2023-04-03 15:00:00,15,0,0,False,-0.09138888888888891,30.31111111111111,195.32027936944448,37.99444444444445,487.4,60.00686071111111,13.072500000000002,14.244722222222224,30.31111111111111,37.99444444444445,-0.09138888888888891,195.32027936944448,68.30555555555556,-127.1061127027778,487.4,60.00686071111111,0.0,127.1061127027778,0.591767146666669,15.51141310100273,193.55249987062612,0.7844444444444444,43.82739212007505,0.3438015426308109,0.12,0.08,0,,30.31111111111111,195.32027936944448,-127.1061127027778,15.155555555555555,863.0416666666667,9538.73009577778,431.52083333333337
2023-04-03 16:00:00,16,0,0,False,-0.08111111111111112,19.416666666666668,195.62194587777776,37.99444444444445,489.6777777777778,59.98011161944446,13.570555555555552,14.454166666666667,19.416666666666668,37.99444444444445,-0.08111111111111112,195.62194587777776,57.41111111111111,-138.29194587777778,489.6777777777778,59.98011161944446,0.0,138.29194587777778,0.5761339433333489,9.921493800563912,193.85143609477882,0.7844444444444444,44.52157598499062,0.3492470293933708,0.12,0.08,0,,19.416666666666668,195.62194587777776,-138.29194587777778,9.708333333333334,882.4583333333334,9734.352041655558,441.2291666666667
2023-04-03 17:00:00,17,0,0,False,-0.09305555555555556,5.641666666666667,195.8308348416667,37.99444444444445,492.3361111111111,59.982750775,13.661388888888887,14.306666666666665,5.641666666666667,37.99444444444445,-0.09305555555555556,195.8308348416667,43.63611111111111,-152.28777928611115,492.3361111111111,59.982750775,0.0,152.28777928611115,0.5793009299999994,2.8795195191503056,194.05843447347567,0.7844444444444444,43.71482176360225,0.3429184907233688,0.12,0.08,0,,5.641666666666667,195.8308348416667,-152.28777928611115,2.8208333333333333,888.1,9930.182876497225,444.05
2023-04-03 18:00:00,18,0,0,False,-0.0813888888888889,-0.09722222222222222,196.60277939166667,37.99444444444445,488.7944444444444,59.98766705555556,13.559999999999995,14.147777777777778,0.0,37.99444444444445,-0.0813888888888889,196.60277939166667,37.99444444444445,-158.6897238361111,488.7944444444444,59.98766705555556,0.0,158.6897238361111,0.5852004666666744,0.0,194.8233924076766,0.7844444444444444,44.50281425891182,0.34909985407546384,0.18,0.096,0,,0.0,196.60277939166667,-158.6897238361111,0.0,888.1,10126.785655888893,444.05
2023-04-03 19:00:00,19,0,0,False,-0.09777777777777778,0.0,194.70416808333331,37.986111111111114,487.6361111111111,59.98177820277779,13.428888888888894,14.023888888888889,0.0,37.986111111111114,-0.09777777777777778,194.70416808333331,37.986111111111114,-156.81583474999996,487.6361111111111,59.98177820277779,0.0,156.81583474999996,0.5781338433333474,0.0,192.941964804783,0.7844444444444444,43.39587242026266,0.34041651031894926,0.18,0.096,0,,0.0,194.70416808333331,-156.81583474999996,0.0,888.1,10321.489823972226,444.05
2023-04-03 20:00:00,20,0,0,False,-0.10305555555555555,0.0,196.68389038055554,37.99444444444445,491.7527777777778,60.006555344444436,13.231666666666666,13.851388888888891,0.0,37.99444444444445,-0.10305555555555555,196.68389038055554,37.99444444444445,-158.79250149166666,491.7527777777778,60.006555344444436,0.0,158.79250149166666,0.5921335866666766,0.0,194.90376928772767,0.7844444444444444,43.03939962476548,0.33762017927871585,0.18,0.096,0,,0.0,196.68389038055554,-158.79250149166666,0.0,888.1,10518.17371435278,444.05
2023-04-03 21:00:00,21,0,0,False,-0.09861111111111111,0.0,195.63472372222225,38.0,490.93055555555554,59.999361127777775,12.973333333333333,13.683888888888886,0.0,38.0,-0.09861111111111111,195.63472372222225,38.0,-157.73333483333334,490.93055555555554,59.999361127777775,0.0,157.73333483333334,0.5992333533333294,0.0,193.864098291163,0.7844444444444444,43.33958724202627,0.33997498436522827,0.18,0.096,0,,0.0,195.63472372222225,-157.73333483333334,0.0,888.1,10713.808438075002,444.05
2023-04-03 22:00:00,22,0,0,False,-0.10166666666666667,0.0,196.203612525,37.99722222222222,490.73333333333335,60.006249624999995,12.58,13.385833333333334,0.0,37.99722222222222,-0.10166666666666667,196.203612525,37.99722222222222,-158.30805696944444,490.73333333333335,60.006249624999995,0.0,158.30805696944444,0.5925004500000056,0.0,194.42783826881157,0.7844444444444444,43.133208255159474,0.33835605586825096,0.18,0.096,0,,0.0,196.203612525,-158.30805696944444,0.0,888.1,10910.012050600002,444.05
2023-04-03 23:00:00,23,0,0,False,-0.09388888888888888,0.0,195.2566681722222,37.99166666666667,490.31388888888887,59.990777855555564,12.110555555555559,13.123333333333333,0.0,37.99166666666667,-0.09388888888888888,195.2566681722222,37.99166666666667,-157.35889039444442,490.31388888888887,59.990777855555564,0.0,157.35889039444442,0.5889334266666765,0.0,193.4894643973927,0.7844444444444444,43.65853658536585,0.3424769647696477,0.12,0.08,0,,0.0,195.2566681722222,-157.35889039444442,0.0,888.1,11105.268718772224,444.05
2023-04-04 00:00:00,0,0,1,False,-0.08333333333333333,0.0,196.85694602777778,37.99444444444445,488.9527777777778,59.98738901944444,11.618611111111111,12.828888888888887,0.0,37.99444444444445,-0.08333333333333333,196.85694602777778,37.99444444444445,-158.94583491666668,488.9527777777778,59.98738901944444,0.0,158.94583491666668,0.5848668233333313,0.0,195.0752586653014,0.7844444444444444,44.371482176360225,0.3480696268501146,0.12,0.08,0,,0.0,196.85694602777778,-158.94583491666668,0.0,888.1,11302.125664800002,444.05
2023-04-04 01:00:00,1,0,1,False,-0.08166666666666668,0.0,196.6355570138889,37.71666666666667,488.85555555555555,59.99747208611112,11.101666666666667,12.544444444444444,0.0,37.71666666666667,-0.08166666666666668,196.6355570138889,37.71666666666667,-159.0005570138889,488.85555555555555,59.99747208611112,0.0,159.0005570138889,0.5969665033333399,0.0,194.85587337043893,0.7844444444444444,44.48405253283302,0.34895267875755676,0.12,0.08,0,,0.0,196.6355570138889,-159.0005570138889,0.0,888.1,11498.761221813891,444.05
2023-04-04 02:00:00,2,0,1,False,-0.08777777777777779,0.0,195.8638904611111,37.99166666666667,489.8305555555556,59.99972214722222,10.584722222222222,12.221666666666664,0.0,37.99166666666667,-0.08777777777777779,195.8638904611111,37.99166666666667,-157.9600015722222,489.8305555555556,59.99972214722222,0.0,157.9600015722222,0.5996665766666666,0.0,194.0911909173989,0.7844444444444444,44.071294559099435,0.3457148217636022,0.12,0.08,0,,0.0,195.8638904611111,-157.9600015722222,0.0,888.1,11694.625112275002,444.05
2023-04-04 03:00:00,3,0,1,False,-0.07333333333333333,0.0,195.75750139722223,37.99166666666667,488.7361111111111,59.99816675277778,10.143611111111111,11.918333333333335,0.0,37.99166666666667,-0.07333333333333333,195.75750139722223,37.99166666666667,-157.83916806388888,488.7361111111111,59.99816675277778,0.0,157.83916806388888,0.5978001033333328,0.0,193.9857647458766,0.7844444444444444,45.046904315197,0.35336793829476754,0.12,0.08,0,,0.0,195.75750139722223,-157.83916806388888,0.0,888.1,11890.382613672224,444.05
2023-04-04 04:00:00,4,0,1,False,-0.07416666666666667,0.0,196.56916801666665,37.99722222222222,489.0361111111111,59.9926948638889,9.7075,11.656388888888888,0.0,37.99722222222222,-0.07416666666666667,196.56916801666665,37.99722222222222,-158.6461124611111,489.0361111111111,59.9926948638889,0.0,158.6461124611111,0.5912338366666802,0.0,194.79008523815818,0.7844444444444444,44.9906191369606,0.3529264123410465,0.12,0.08,0,,0.0,196.56916801666665,-158.6461124611111,0.0,888.1,12086.951781688891,444.05
2023-04-04 05:00:00,5,0,1,False,-0.06083333333333333,0.0,193.632223675,37.99722222222222,488.00555555555553,60.00805520555555,9.282499999999999,11.360000000000001,0.0,37.99722222222222,-0.06083333333333333,193.632223675,37.99722222222222,-155.6958347861111,488.00555555555553,60.00805520555555,0.0,155.6958347861111,0.5903337533333399,0.0,191.87972221212925,0.7844444444444444,45.891181988742964,0.35999082760058365,0.12,0.08,0,,0.0,193.632223675,-155.6958347861111,0.0,888.1,12280.584005363891,444.05
2023-04-04 06:00:00,6,0,1,False,-0.06583333333333333,2.6083333333333334,195.84944601388892,37.98888888888889,491.74444444444447,59.99930570277779,8.86138888888889,11.080833333333333,2.6083333333333334,37.98888888888889,-0.06583333333333333,195.84944601388892,40.59722222222222,-155.31805712500002,491.74444444444447,59.99930570277779,0.0,155.31805712500002,0.5991668433333472,1.331357789971329,194.0768772021097,0.7844444444444444,45.55347091932458,0.3573416718782572,0.18,0.096,0,,2.6083333333333334,195.84944601388892,-155.31805712500002,1.3041666666666667,890.7083333333334,12476.43345137778,445.3541666666667
2023-04-04 07:00:00,7,0,1,False,-0.06555555555555556,14.555555555555555,195.34305718055555,38.0,490.18611111111113,60.00516650555554,8.495000000000001,10.816388888888888,14.555555555555555,38.0,-0.06555555555555556,195.34305718055555,52.55555555555556,-142.85305718055557,490.18611111111113,60.00516650555554,0.0,142.85305718055557,0.5938001933333481,7.448778921127726,193.57507152727317,0.7844444444444444,45.572232645403375,0.35748884719616425,0.18,0.096,0,,14.555555555555555,195.34305718055555,-142.85305718055557,7.277777777777778,905.2638888888889,12671.776508558334,452.63194444444446
2023-04-04 08:00:00,8,0,1,False,-0.06722222222222222,22.852777777777778,197.34194590833334,38.0,491.60555555555555,60.01738839999998,8.261666666666667,10.661666666666665,22.852777777777778,38.0,-0.06722222222222222,197.34194590833334,60.852777777777774,-136.5563903527778,491.60555555555555,60.01738839999998,0.0,136.5563903527778,0.5791339200000237,11.57635078157272,195.55586897172498,0.7844444444444444,45.45966228893058,0.3566057952887221,0.18,0.096,0,,22.852777777777778,197.34194590833334,-136.5563903527778,11.426388888888889,928.1166666666667,12869.118454466667,464.05833333333334
2023-04-04 09:00:00,9,0,1,False,-0.06555555555555556,30.555555555555557,196.1602790944445,38.0,488.30555555555554,60.029194247222215,8.331111111111111,10.592777777777776,30.555555555555557,38.0,-0.06555555555555556,196.1602790944445,68.55555555555556,-127.6702790944445,488.30555555555554,60.029194247222215,0.0,127.6702790944445,0.5649669033333424,15.571627257978667,194.38489703485948,0.7844444444444444,45.572232645403375,0.35748884719616425,0.18,0.096,0,,30.555555555555557,196.1602790944445,-127.6702790944445,15.277777777777779,958.6722222222222,13065.278733561112,479.3361111111111
2023-04-04 10:00:00,10,0,1,False,-0.07888888888888888,33.647222222222226,196.46444588333335,38.0,488.7138888888889,60.02522181944443,8.766388888888887,10.811111111111112,33.647222222222226,38.0,-0.07888888888888888,196.46444588333335,71.64722222222223,-124.89611255000001,488.7138888888889,60.02522181944443,0.0,124.89611255000001,0.569733816666681,17.119492890062453,194.68631091035218,0.7844444444444444,44.671669793621014,0.35042443193662703,0.18,0.096,0,,33.647222222222226,196.46444588333335,-124.89611255000001,16.823611111111113,992.3194444444445,13261.743179444446,496.15972222222223
2023-04-04 11:00:00,11,0,1,False,-0.06472222222222222,41.6,195.2252792527778,37.99444444444445,488.5833333333333,60.0176939111111,9.407499999999999,11.247222222222222,41.6,37.99444444444445,-0.06472222222222222,195.2252792527778,79.59444444444445,-115.69555703055556,488.5833333333333,60.0176939111111,0.0,115.69555703055556,0.578767306666677,21.30165378964648,193.4583595687169,0.7844444444444444,45.628517823639775,0.3579303731498853,0.12,0.08,0,,41.6,195.2252792527778,-115.69555703055556,20.8,1033.9194444444445,13456.968458697223,516.9597222222222
2023-04-04 12:00:00,12,0,1,False,-0.07694444444444445,41.986111111111114,196.21833485,38.0,489.6638888888889,60.02080504444444,10.17527777777778,11.571666666666667,41.986111111111114,38.0,-0.07694444444444445,196.21833485,79.98611111111111,-116.30916818333333,489.6638888888889,60.02080504444444,0.0,116.30916818333333,0.5750339466666758,21.389261760152483,194.44242734689837,0.7844444444444444,44.80300187617261,0.3514546591619762,0.12,0.08,0,,41.986111111111114,196.21833485,-116.30916818333333,20.993055555555557,1075.9055555555556,13653.186793547224,537.9527777777778
2023-04-04 13:00:00,13,0,1,False,-0.08166666666666667,41.6,195.108612575,37.99166666666667,488.9138888888889,59.990278066666676,10.881666666666666,11.841944444444444,41.6,37.99166666666667,-0.08166666666666667,195.108612575,79.59166666666667,-115.59861257499999,488.9138888888889,59.990278066666676,0.0,115.59861257499999,0.5883336800000109,21.312536752147736,193.34274880260293,0.7844444444444444,44.48405253283302,0.34895267875755676,0.12,0.08,0,,41.6,195.108612575,-115.59861257499999,20.8,1117.5055555555555,13848.295406122224,558.7527777777777
2023-04-04 14:00:00,14,0,1,False,-0.0925,36.475,193.89916815,37.99166666666667,488.9138888888889,59.99213938055556,11.709722222222222,12.395833333333334,36.475,37.99166666666667,-0.0925,193.89916815,74.46666666666667,-119.52500148333334,488.9138888888889,59.99213938055556,0.0,119.52500148333334,0.5905672566666681,18.802353909239272,192.14425066063293,0.7844444444444444,43.75234521575985,0.34321284135918284,0.12,0.08,0,,36.475,193.89916815,-119.52500148333334,18.2375,1153.9805555555554,14042.194574272224,576.9902777777777
2023-04-04 15:00:00,15,0,1,False,-0.08861111111111111,28.81388888888889,195.54111266111113,37.98888888888889,489.76944444444445,59.996388988888896,12.3,12.841666666666667,28.81388888888889,37.98888888888889,-0.08861111111111111,195.54111266111113,66.80277777777778,-128.82694599444446,489.76944444444445,59.996388988888896,0.0,128.82694599444446,0.5956667866666748,14.728788822723992,193.7713344729251,0.7844444444444444,44.01500938086304,0.34527329580988114,0.12,0.08,0,,28.81388888888889,195.54111266111113,-128.82694599444446,14.406944444444445,1182.7944444444443,14237.735686933334,591.3972222222221
2023-04-04 16:00:00,16,0,1,False,-0.09666666666666666,17.580555555555556,196.58666811666671,37.99444444444445,490.03333333333336,59.99500030833333,12.784722222222221,13.132222222222222,17.580555555555556,37.99444444444445,-0.09666666666666666,196.58666811666671,55.575,-141.1083347833334,490.03333333333336,59.99500030833333,0.0,141.1083347833334,0.5940003699999977,8.938507970145166,194.8074269505187,0.7844444444444444,43.470919324577864,0.3410052115905774,0.12,0.08,0,,17.580555555555556,196.58666811666671,-141.1083347833334,8.790277777777778,1200.3749999999998,14434.32235505,600.1874999999999
2023-04-04 17:00:00,17,0,1,False,-0.09805555555555555,5.05,196.72305706388892,37.98888888888889,492.05833333333334,59.99113915277778,13.006666666666666,13.16722222222222,5.05,37.98888888888889,-0.09805555555555555,196.72305706388892,43.038888888888884,-153.7822237305556,492.05833333333334,59.99113915277778,0.0,153.7822237305556,0.5893669833333319,2.565781654615592,194.94258148631397,0.7844444444444444,43.37711069418386,0.3402693350010423,0.12,0.08,0,,5.05,196.72305706388892,-153.7822237305556,2.525,1205.4249999999997,14631.04541211389,602.7124999999999
2023-04-04 18:00:00,18,0,1,False,-0.10250000000000002,-0.20555555555555555,194.3611126,37.99444444444445,490.8277777777778,59.98202782777779,13.09833333333333,13.191388888888888,0.0,37.99444444444445,-0.10250000000000002,194.3611126,37.99444444444445,-156.46916815555556,490.8277777777778,59.98202782777779,0.0,156.46916815555556,0.57843339333335,0.0,192.6020142036071,0.7844444444444444,43.07692307692307,0.33791452991452986,0.18,0.096,0,,0.0,194.3611126,-156.46916815555556,0.0,1205.4249999999997,14825.40652471389,602.7124999999999
2023-04-04 19:00:00,19,0,1,False,-0.10944444444444444,0.0,196.38194598611113,37.98888888888889,487.2361111111111,59.98136128888889,13.046111111111113,13.148333333333332,0.0,37.98888888888889,-0.10944444444444444,196.38194598611113,37.98888888888889,-158.5025015416667,487.2361111111111,59.98136128888889,0.0,158.5025015416667,0.5776335466666694,0.0,194.6045576925195,0.7844444444444444,42.607879924953096,0.33423514696685425,0.18,0.096,0,,0.0,196.38194598611113,-158.5025015416667,0.0,1205.4249999999997,15021.788470700001,602.7124999999999
2023-04-04 20:00:00,20,0,1,False,-0.11472222222222221,0.0,195.0188903027778,37.986111111111114,489.34444444444443,59.98477846388889,12.991111111111111,13.092222222222219,0.0,37.986111111111114,-0.11472222222222221,195.0188903027778,37.986111111111114,-157.1475014138889,489.34444444444443,59.98477846388889,0.0,157.1475014138889,0.5817341566666642,0.0,193.25383857710693,0.7844444444444444,42.25140712945591,0.33143881592662083,0.18,0.096,0,,0.0,195.0188903027778,-157.1475014138889,0.0,1205.4249999999997,15216.807361002779,602.7124999999999
2023-04-04 21:00:00,21,0,1,False,-0.11222222222222222,0.0,195.69000151388892,37.983333333333334,492.375,59.98511165,12.842500000000001,12.959722222222222,0.0,37.983333333333334,-0.11222222222222222,195.69000151388892,37.983333333333334,-157.8188904027778,492.375,59.98511165,0.0,157.8188904027778,0.5821339800000004,0.0,193.91887578174897,0.7844444444444444,42.4202626641651,0.33276339378778397,0.18,0.096,0,,0.0,195.69000151388892,-157.8188904027778,0.0,1205.4249999999997,15412.497362516668,602.7124999999999
2023-04-04 22:00:00,22,0,1,False,-0.12166666666666666,0.0,195.65250165,37.99444444444445,492.0833333333333,60.00108329722223,12.762777777777776,12.881666666666668,0.0,37.99444444444445,-0.12166666666666666,195.65250165,37.99444444444445,-157.77972387222223,492.0833333333333,60.00108329722223,0.0,157.77972387222223,0.5987000433333236,0.0,193.88171531677352,0.7844444444444444,41.78236397748593,0.32775943297894516,0.18,0.096,0,,0.0,195.65250165,-157.77972387222223,0.0,1205.4249999999997,15608.149864166668,602.7124999999999
2023-04-04 23:00:00,23,0,1,False,-0.10972222222222222,0.0,192.91611255555557,37.99722222222222,491.74444444444447,60.01416615833333,12.6525,12.8,0.0,37.99722222222222,-0.10972222222222222,192.91611255555557,37.99722222222222,-155.02861255555558,491.74444444444447,60.01416615833333,0.0,155.02861255555558,0.5830006100000019,0.0,191.17009237849865,0.7844444444444444,42.589118198874296,0.33408797164894727,0.12,0.08,0,,0.0,192.91611255555557,-155.02861255555558,0.0,1205.4249999999997,15801.065976722222,602.7124999999999
2023-04-05 00:00:00,0,0,2,False,-0.1,0.0,196.35555697222222,38.0,492.06111111111113,60.01302743055555,12.533888888888885,12.706388888888887,0.0,38.0,-0.1,196.35555697222222,38.0,-158.4555569722222,492.06111111111113,60.01302743055555,0.0,158.4555569722222,0.5843670833333362,0.0,194.57840751690122,0.7844444444444444,43.24577861163227,0.3392391077756931,0.12,0.08,0,,0.0,196.35555697222222,-158.4555569722222,0.0,1205.4249999999997,15997.421533694445,602.7124999999999
2023-04-05 01:00:00,1,0,2,False,-0.12361111111111112,0.0,194.92972363055557,37.986111111111114,492.8027777777778,59.992083902777786,12.400277777777779,12.6025,0.0,37.986111111111114,-0.12361111111111112,194.92972363055557,37.986111111111114,-157.06722363055556,492.8027777777778,59.992083902777786,0.0,157.06722363055556,0.590500683333343,0.0,193.16547892305834,0.7844444444444444,41.651031894934334,0.32672920575359593,0.12,0.08,0,,0.0,194.92972363055557,-157.06722363055556,0.0,1205.4249999999997,16192.351257325001,602.7124999999999
2023-04-05 02:00:00,2,0,2,False,-0.09861111111111111,0.0,195.07944594166668,37.99722222222222,489.09722222222223,60.00569415277777,12.218333333333334,12.48777777777778,0.0,37.99722222222222,-0.09861111111111111,195.07944594166668,37.99722222222222,-157.18083483055557,489.09722222222223,60.00569415277777,0.0,157.18083483055557,0.5931670166666748,0.0,193.31384614685874,0.7844444444444444,43.33958724202627,0.33997498436522827,0.12,0.08,0,,0.0,195.07944594166668,-157.18083483055557,0.0,1205.4249999999997,16387.43070326667,602.7124999999999
2023-04-05 03:00:00,3,0,2,False,-0.0975,0.0,192.85805706944447,37.99444444444445,489.9916666666667,59.99416684999999,12.039166666666668,12.354166666666666,0.0,37.99444444444445,-0.0975,192.85805706944447,37.99444444444445,-154.96111262500003,489.9916666666667,59.99416684999999,0.0,154.96111262500003,0.5930002199999904,0.0,191.11256233346552,0.7844444444444444,43.41463414634146,0.34056368563685635,0.12,0.08,0,,0.0,192.85805706944447,-154.96111262500003,0.0,1205.4249999999997,16580.288760336112,602.7124999999999
2023-04-05 04:00:00,4,0,2,False,-0.09250000000000001,0.0,196.57111258611113,38.0,488.6277777777778,59.997694624999994,11.853055555555557,12.238055555555558,0.0,38.0,-0.09250000000000001,196.57111258611113,38.0,-158.66361258611113,488.6277777777778,59.997694624999994,0.0,158.66361258611113,0.5972335499999929,0.0,194.79201220794528,0.7844444444444444,43.752345215759846,0.3432128413591828,0.12,0.08,0,,0.0,196.57111258611113,-158.66361258611113,0.0,1205.4249999999997,16776.859872922225,602.7124999999999
2023-04-05 05:00:00,5,0,2,False,-0.09611111111111109,0.0,195.671668175,37.977777777777774,489.85277777777776,59.99811101666666,11.675,12.147777777777778,0.0,37.977777777777774,-0.09611111111111109,195.671668175,37.977777777777774,-157.79000150833332,489.85277777777776,59.99811101666666,0.0,157.79000150833332,0.597733219999995,0.0,193.9007083718703,0.7844444444444444,43.508442776735464,0.34129956222639146,0.12,0.08,0,,0.0,195.671668175,-157.79000150833332,0.0,1205.4249999999997,16972.531541097225,602.7124999999999
2023-04-05 06:00:00,6,0,2,False,-0.09361111111111112,1.8388888888888888,194.91305699722224,37.99166666666667,488.27222222222224,60.00394411944444,11.456388888888892,12.001666666666667,1.8388888888888888,37.99166666666667,-0.09361111111111112,194.91305699722224,39.830555555555556,-155.1761125527778,488.27222222222224,60.00394411944444,0.0,155.1761125527778,0.5952670566666711,0.9429876971526526,193.14896313393237,0.7844444444444444,43.67729831144465,0.3426241400875547,0.18,0.096,0,,1.8388888888888888,194.91305699722224,-155.1761125527778,0.9194444444444444,1207.2638888888887,17167.444598094447,603.6319444444443
2023-04-05 07:00:00,7,0,2,False,-0.08416666666666667,16.430555555555557,196.32416824166668,37.99722222222222,486.27222222222224,60.00322195,11.295277777777775,11.923333333333336,16.430555555555557,37.99722222222222,-0.08416666666666667,196.32416824166668,54.42777777777778,-141.98055713055558,486.27222222222224,60.00322195,0.0,141.98055713055558,0.5961336600000038,8.365508298425286,194.54730287540468,0.7844444444444444,44.315196998123824,0.3476281008963935,0.18,0.096,0,,16.430555555555557,196.32416824166668,-141.98055713055558,8.215277777777779,1223.6944444444443,17363.768766336114,611.8472222222222
2023-04-05 08:00:00,8,0,2,False,-0.09527777777777777,24.494444444444444,194.89500148055555,38.0,492.2,59.99772246111111,11.304444444444442,12.018611111111108,24.494444444444444,38.0,-0.09527777777777777,194.89500148055555,62.49444444444444,-132.49583481388888,492.2,59.99772246111111,0.0,132.49583481388888,0.5972669533333317,12.561879770423284,193.13107103179848,0.7844444444444444,43.56472795497186,0.34174108818011256,0.18,0.096,0,,24.494444444444444,194.89500148055555,-132.49583481388888,12.247222222222222,1248.1888888888889,17558.66376781667,624.0944444444444
2023-04-05 09:00:00,9,0,2,False,-0.09833333333333333,26.169444444444444,194.50861261944448,37.99444444444445,491.7361111111111,60.00002784444445,11.519166666666665,12.170833333333333,26.169444444444444,37.99444444444445,-0.09833333333333333,194.50861261944448,64.16388888888889,-130.44305706388892,491.7361111111111,60.00002784444445,0.0,130.44305706388892,0.599966586666656,13.44733319580205,192.7481792489706,0.7844444444444444,43.35834896810506,0.34012215968313525,0.18,0.096,0,,26.169444444444444,194.50861261944448,-130.44305706388892,13.084722222222222,1274.3583333333333,17753.172380436114,637.1791666666667
2023-04-05 10:00:00,10,0,2,False,-0.09333333333333334,27.663888888888888,195.10889029722222,37.99166666666667,491.36944444444447,59.998888797222214,11.915833333333333,12.356944444444444,27.663888888888888,37.99166666666667,-0.09333333333333334,195.10889029722222,65.65555555555555,-129.54666807499999,491.36944444444447,59.998888797222214,0.0,129.54666807499999,0.5986665566666574,14.171912785812438,193.3430240112528,0.7844444444444444,43.69606003752345,0.34277131540546174,0.18,0.096,0,,27.663888888888888,195.10889029722222,-129.54666807499999,13.831944444444444,1302.0222222222221,17948.281270733336,651.0111111111111
2023-04-05 11:00:00,11,0,2,False,-0.09305555555555556,41.452777777777776,193.205834925,37.93611111111111,491.18055555555554,59.98172261111112,12.499444444444444,12.68861111111111,41.452777777777776,37.93611111111111,-0.09305555555555556,193.205834925,79.38888888888889,-113.91000159166667,491.18055555555554,59.98172261111112,0.0,113.91000159166667,0.5780671333333401,21.444912422788907,191.45719256622849,0.7844444444444444,43.71482176360225,0.3429184907233688,0.12,0.08,0,,41.452777777777776,193.205834925,-113.91000159166667,20.726388888888888,1343.475,18141.487105658336,671.7375
2023-04-05 12:00:00,12,0,2,False,-0.09694444444444444,43.3,193.55472367222222,38.0,490.72777777777776,60.00044415833333,13.123611111111112,13.084166666666665,43.3,38.0,-0.09694444444444444,193.55472367222222,81.3,-112.35166811666667,490.72777777777776,60.00044415833333,0.0,112.35166811666667,0.5994670100000036,22.35973509606622,191.80292363634365,0.7844444444444444,43.45215759849906,0.3408580362726704,0.12,0.08,0,,43.3,193.55472367222222,-112.35166811666667,21.65,1386.7749999999999,18335.04182933056,693.3874999999999
2023-04-05 13:00:00,13,0,2,False,-0.10444444444444445,24.21388888888889,195.3922235888889,37.98888888888889,491.5111111111111,60.017665986111105,13.524722222222222,13.362222222222224,24.21388888888889,37.98888888888889,-0.10444444444444445,195.3922235888889,62.202777777777776,-133.29389025555557,491.5111111111111,60.017665986111105,0.0,133.29389025555557,0.5788008166666742,12.385832010579472,193.62379294664294,0.7844444444444444,42.945590994371486,0.33688430268918074,0.12,0.08,0,,24.21388888888889,195.3922235888889,-133.29389025555557,12.106944444444444,1410.9888888888888,18530.43405291945,705.4944444444444
2023-04-05 14:00:00,14,0,2,False,-0.1238888888888889,31.266666666666666,195.46750146666668,37.99722222222222,492.3027777777778,60.01811070555555,13.718333333333334,13.555277777777777,31.266666666666666,37.99722222222222,-0.1238888888888889,195.46750146666668,69.26388888888889,-126.32750146666667,492.3027777777778,60.01811070555555,0.0,126.32750146666667,0.5782671533333399,15.9857070445834,193.69838950914982,0.7844444444444444,41.632270168855534,0.32658203043568895,0.12,0.08,0,,31.266666666666666,195.46750146666668,-126.32750146666667,15.633333333333333,1442.2555555555555,18725.901554386117,721.1277777777777
2023-04-05 15:00:00,15,0,2,False,-0.1125,24.81388888888889,194.8127793277778,38.0,492.43888888888887,60.009444019444445,13.853333333333335,13.741111111111111,24.81388888888889,38.0,-0.1125,194.8127793277778,62.81388888888889,-132.11139043888892,492.43888888888887,60.009444019444445,0.0,132.11139043888892,0.5886671766666666,12.729949124332377,193.04959304463682,0.7844444444444444,42.4015009380863,0.33261621846987693,0.12,0.08,0,,24.81388888888889,194.8127793277778,-132.11139043888892,12.406944444444445,1467.0694444444443,18920.714333713895,733.5347222222222
2023-04-05 16:00:00,16,0,2,False,-0.12555555555555556,11.338888888888889,197.32361260000002,38.0,491.0805555555556,60.0263329861111,14.09722222222222,13.963611111111113,11.338888888888889,38.0,-0.12555555555555556,197.32361260000002,49.33888888888889,-148.1102792666667,491.0805555555556,60.0263329861111,0.0,148.1102792666667,0.5684004166666795,5.74268759641257,195.5377015921253,0.7844444444444444,41.51969981238274,0.3256989785282468,0.12,0.08,0,,11.338888888888889,197.32361260000002,-148.1102792666667,5.669444444444444,1478.4083333333333,19118.037946313896,739.2041666666667
2023-04-05 17:00:00,17,0,2,False,-0.11305555555555556,1.3138888888888889,196.1286124,38.0,486.6361111111111,60.01197210555555,14.048888888888888,13.838333333333336,1.3138888888888889,38.0,-0.11305555555555556,196.1286124,39.31388888888889,-156.92777906666666,486.6361111111111,60.01197210555555,0.0,156.92777906666666,0.5856334733333398,0.6695259485801232,194.35351694523357,0.7844444444444444,42.36397748592871,0.3323218678340629,0.12,0.08,0,,1.3138888888888889,196.1286124,-156.92777906666666,0.6569444444444444,1479.7222222222222,19314.166558713896,739.8611111111111
2023-04-05 18:00:00,18,0,2,False,-0.1125,-0.4444444444444444,196.7286125777778,38.0,487.2138888888889,60.00397209166666,13.913611111111114,13.785,0.0,38.0,-0.1125,196.7286125777778,38.0,-158.8411125777778,487.2138888888889,60.00397209166666,0.0,158.8411125777778,0.5952334900000068,0.0,194.94808671907694,0.7844444444444444,42.4015009380863,0.33261621846987693,0.18,0.096,0,,0.0,196.7286125777778,-158.8411125777778,0.0,1479.7222222222222,19510.895171291675,739.8611111111111
2023-04-05 19:00:00,19,0,2,False,-0.12277777777777779,0.0,193.93861258611108,37.986111111111114,490.5888888888889,59.98386140555556,13.76138888888889,13.648333333333332,0.0,37.986111111111114,-0.12277777777777779,193.93861258611108,37.986111111111114,-156.07527925277773,490.5888888888889,59.98386140555556,0.0,156.07527925277773,0.5806336866666697,0.0,192.18333809814803,0.7844444444444444,41.70731707317073,0.32717073170731703,0.18,0.096,0,,0.0,193.93861258611108,-156.07527925277773,0.0,1479.7222222222222,19704.833783877788,739.8611111111111
2023-04-05 20:00:00,20,0,2,False,-0.12805555555555556,0.0,192.8697238638889,37.98888888888889,491.6,59.99527785277778,13.511944444444442,13.489166666666668,0.0,37.98888888888889,-0.12805555555555556,192.8697238638889,37.98888888888889,-155.0088905305556,491.6,59.99527785277778,0.0,155.0088905305556,0.5943334233333388,0.0,191.12412353559716,0.7844444444444444,41.350844277673545,0.32437440066708356,0.18,0.096,0,,0.0,192.8697238638889,-155.0088905305556,0.0,1479.7222222222222,19897.703507741677,739.8611111111111
2023-04-05 21:00:00,21,0,2,False,-0.12305555555555554,0.0,195.99944606944445,37.99444444444445,492.65,60.01002738055554,13.324722222222224,13.33416666666667,0.0,37.99444444444445,-0.12305555555555554,195.99944606944445,37.99444444444445,-158.12805718055557,492.65,60.01002738055554,0.0,158.12805718055557,0.5879671433333499,0.0,194.22551965658104,0.7844444444444444,41.688555347091935,0.32702355638941,0.18,0.096,0,,0.0,195.99944606944445,-158.12805718055557,0.0,1479.7222222222222,20093.70295381112,739.8611111111111
2023-04-05 22:00:00,22,0,2,False,-0.11222222222222224,0.0,195.3572237388889,38.0,488.9555555555556,60.022721586111096,13.0425,13.147777777777778,0.0,38.0,-0.11222222222222224,195.3572237388889,38.0,-157.46944596111112,488.9555555555556,60.022721586111096,0.0,157.46944596111112,0.5727340966666844,0.0,193.58910986875432,0.7844444444444444,42.4202626641651,0.33276339378778397,0.18,0.096,0,,0.0,195.3572237388889,-157.46944596111112,0.0,1479.7222222222222,20289.060177550007,739.8611111111111
2023-04-05 23:00:00,23,0,2,False,-0.10583333333333336,0.0,194.54805709444446,38.0,488.9638888888889,60.02752740277777,12.678611111111111,12.905555555555555,0.0,38.0,-0.10583333333333336,194.54805709444446,38.0,-156.65389042777778,488.9638888888889,60.02752740277777,0.0,156.65389042777778,0.5669671166666745,0.0,192.78726672502262,0.7844444444444444,42.851782363977485,0.33614842609964557,0.12,0.08,0,,0.0,194.54805709444446,-156.65389042777778,0.0,1479.7222222222222,20483.608234644453,739.8611111111111
2023-04-06 00:00:00,0,0,3,False,-0.09888888888888889,0.0,184.6361123861111,38.0,488.0861111111111,60.01580505,12.22638888888889,12.61888888888889,0.0,38.0,-0.09888888888888889,184.6361123861111,38.0,-146.735001275,488.0861111111111,60.01580505,0.0,146.735001275,0.5810339400000032,0.0,182.96503176267868,0.7844444444444444,43.32082551594747,0.33982780904732124,0.12,0.08,0,,0.0,184.6361123861111,-146.735001275,0.0,1479.7222222222222,20668.244347030562,739.8611111111111
2023-04-06 01:00:00,1,0,3,False,-0.09583333333333334,0.0,-0.8,38.0,484.10833333333335,60.00066634166667,11.772222222222222,12.411944444444446,0.0,38.0,-0.09583333333333334,0.0,38.0,37.90416666666667,484.10833333333335,60.00066634166667,37.90416666666667,0.0,0.5992003899999929,0.0,0.0,0.7844444444444444,43.52720450281426,0.3414467375442985,0.12,0.08,0,,0.0,0.0,37.90416666666667,0.0,1479.7222222222222,20668.244347030562,739.8611111111111
2023-04-06 02:00:00,2,0,3,False,-0.08777777777777779,0.0,-0.7808333333333333,38.0,485.2638888888889,60.008832813888894,11.33138888888889,12.166944444444443,0.0,38.0,-0.08777777777777779,0.0,38.0,37.91222222222222,485.2638888888889,60.008832813888894,37.91222222222222,0.0,0.5894006233333272,0.0,0.0,0.7844444444444444,44.071294559099435,0.3457148217636022,0.12,0.08,0,,0.0,0.0,37.91222222222222,0.0,1479.7222222222222,20668.244347030562,739.8611111111111
2023-04-06 03:00:00,3,0,3,False,-0.08194444444444444,0.0,-0.7416666666666667,38.0,485.28055555555557,60.01086033611111,10.875277777777779,11.881666666666666,0.0,38.0,-0.08194444444444444,0.0,38.0,37.918055555555554,485.28055555555557,60.01086033611111,37.918055555555554,0.0,0.5869675966666704,0.0,0.0,0.7844444444444444,44.46529080675422,0.3488055034396498,0.12,0.08,0,,0.0,0.0,37.918055555555554,0.0,1479.7222222222222,20668.244347030562,739.8611111111111
2023-04-06 04:00:00,4,0,3,False,-0.07166666666666668,0.0,-0.7419444444444445,38.0,483.85,59.99547216944445,10.407499999999999,11.62583333333333,0.0,38.0,-0.07166666666666668,0.0,38.0,37.928333333333335,483.85,59.99547216944445,37.928333333333335,0.0,0.5945666033333367,0.0,0.0,0.7844444444444444,45.15947467166979,0.3542509902022097,0.12,0.08,0,,0.0,0.0,37.928333333333335,0.0,1479.7222222222222,20668.244347030562,739.8611111111111
2023-04-06 05:00:00,5,0,3,False,-0.08361111111111111,-0.027777777777777776,-0.7566666666666666,38.0,483.4555555555556,60.00094445555556,9.97111111111111,11.348333333333333,0.0,38.0,-0.08361111111111111,0.0,38.0,37.91638888888889,483.4555555555556,60.00094445555556,37.91638888888889,0.0,0.5988666533333259,0.0,0.0,0.7844444444444444,44.352720450281424,0.3479224515322076,0.12,0.08,0,,0.0,0.0,37.91638888888889,0.0,1479.7222222222222,20668.244347030562,739.8611111111111
2023-04-06 06:00:00,6,0,3,False,-0.0636111111111111,2.7583333333333333,-0.7147222222222223,37.99722222222222,484.23333333333335,60.005361074999996,9.525277777777779,11.065277777777778,2.7583333333333333,37.99722222222222,-0.0636111111111111,0.0,40.75555555555555,40.691944444444445,484.23333333333335,60.005361074999996,40.691944444444445,0.0,0.5935667100000046,6.767993456924755,0.0,0.7844444444444444,45.70356472795497,0.35851907442151343,0.18,0.096,0,,2.7583333333333333,0.0,40.691944444444445,1.3791666666666667,1482.4805555555556,20668.244347030562,741.2402777777778
2023-04-06 07:00:00,7,0,3,False,-0.06361111111111112,14.48611111111111,-0.7083333333333334,37.99722222222222,484.53333333333336,60.00161094166668,9.180833333333332,10.835833333333333,14.48611111111111,37.99722222222222,-0.06361111111111112,0.0,52.483333333333334,52.41972222222223,484.53333333333336,60.00161094166668,52.41972222222223,0.0,0.5980668699999881,27.601354927490206,0.0,0.7844444444444444,45.70356472795497,0.35851907442151343,0.18,0.096,0,,14.48611111111111,0.0,52.41972222222223,7.243055555555555,1496.9666666666667,20668.244347030562,748.4833333333333
2023-04-06 08:00:00,8,0,3,False,-0.058611111111111114,22.119444444444444,-0.6997222222222222,38.0,483.98333333333335,60.016610624999984,9.030277777777776,10.791388888888887,22.119444444444444,38.0,-0.058611111111111114,0.0,60.11944444444444,60.06083333333333,483.98333333333335,60.016610624999984,60.06083333333333,0.0,0.5800672500000189,36.79249641916555,0.0,0.7844444444444444,46.04127579737336,0.36116823014383986,0.18,0.096,0,,22.119444444444444,0.0,60.06083333333333,11.059722222222222,1519.0861111111112,20668.244347030562,759.5430555555556
2023-04-06 09:00:00,9,0,3,False,-0.060277777777777784,34.76111111111111,-0.7025,38.0,482.48055555555555,60.021054944444444,9.178055555555556,10.783055555555555,34.76111111111111,38.0,-0.060277777777777784,0.0,72.76111111111112,72.70083333333334,482.48055555555555,60.021054944444444,72.70083333333334,0.0,0.5747340666666673,47.77429945789112,0.0,0.7844444444444444,45.928705440900565,0.3602851782363977,0.18,0.096,0,,34.76111111111111,0.0,72.70083333333334,17.380555555555556,1553.8472222222224,20668.244347030562,776.9236111111112
2023-04-06 10:00:00,10,0,3,False,-0.06861111111111112,40.41111111111111,-0.7358333333333332,38.0,484.2055555555556,60.01605496944445,9.774722222222222,11.11361111111111,40.41111111111111,38.0,-0.06861111111111112,0.0,78.41111111111111,78.3425,484.2055555555556,60.01605496944445,78.3425,0.0,0.5807340366666637,51.53748051579991,0.0,0.7844444444444444,45.36585365853659,0.355869918699187,0.18,0.096,0,,40.41111111111111,0.0,78.3425,20.205555555555556,1594.2583333333334,20668.244347030562,797.1291666666667
2023-04-06 11:00:00,11,0,3,False,-0.061388888888888896,24.458333333333332,-0.6994444444444444,37.99444444444445,483.06388888888887,59.98525038055557,10.406944444444445,11.503333333333332,24.458333333333332,37.99444444444445,-0.061388888888888896,0.0,62.45277777777778,62.39138888888889,483.06388888888887,59.98525038055557,62.39138888888889,0.0,0.5823004566666838,39.162923097451404,0.0,0.7844444444444444,45.853658536585364,0.3596964769647696,0.12,0.08,0,,24.458333333333332,0.0,62.39138888888889,12.229166666666666,1618.7166666666667,20668.244347030562,809.3583333333333
2023-04-06 12:00:00,12,0,3,False,-0.07694444444444445,33.48888888888889,-0.7377777777777779,38.0,483.4527777777778,59.975861586111115,10.955,11.754166666666666,33.48888888888889,38.0,-0.07694444444444445,0.0,71.48888888888888,71.41194444444443,483.4527777777778,59.975861586111115,71.41194444444443,0.0,0.5710339033333384,46.8448865402549,0.0,0.7844444444444444,44.80300187617261,0.3514546591619762,0.12,0.08,0,,33.48888888888889,0.0,71.41194444444443,16.744444444444444,1652.2055555555555,20668.244347030562,826.1027777777778
2023-04-06 13:00:00,13,0,3,False,-0.07527777777777778,39.525,-0.7269444444444444,38.0,482.6222222222222,59.98877808333334,11.691388888888888,12.087222222222222,39.525,38.0,-0.07527777777777778,0.0,77.525,77.44972222222223,482.6222222222222,59.98877808333334,77.44972222222223,0.0,0.5865337000000039,50.9835536923573,0.0,0.7844444444444444,44.9155722326454,0.35233771106941836,0.12,0.08,0,,39.525,0.0,77.44972222222223,19.7625,1691.7305555555556,20668.244347030562,845.8652777777778
2023-04-06 14:00:00,14,0,3,False,-0.07777777777777778,38.25555555555555,-0.7252777777777778,37.99722222222222,482.90277777777777,59.98425048611112,12.317222222222222,12.5875,38.25555555555555,37.99722222222222,-0.07777777777777778,0.0,76.25277777777777,76.17499999999998,482.90277777777777,59.98425048611112,76.17499999999998,0.0,0.5811005833333468,50.169392736148055,0.0,0.7844444444444444,44.74671669793621,0.3510131332082551,0.12,0.08,0,,38.25555555555555,0.0,76.17499999999998,19.127777777777776,1729.986111111111,20668.244347030562,864.9930555555555
2023-04-06 15:00:00,15,0,3,False,-0.08027777777777777,26.544444444444444,-0.7302777777777777,38.0,481.21666666666664,59.9938061611111,12.830833333333334,13.01972222222222,26.544444444444444,38.0,-0.08027777777777777,0.0,64.54444444444445,64.46416666666667,481.21666666666664,59.9938061611111,64.46416666666667,0.0,0.5925673933333229,41.12583921501118,0.0,0.7844444444444444,44.57786116322702,0.3496885553470919,0.12,0.08,0,,26.544444444444444,0.0,64.46416666666667,13.272222222222222,1756.5305555555556,20668.244347030562,878.2652777777778
2023-04-06 16:00:00,16,0,3,False,-0.07555555555555557,10.169444444444444,-0.7125,38.0,481.6388888888889,59.977472533333334,13.16833333333333,13.2225,10.169444444444444,38.0,-0.07555555555555557,0.0,48.169444444444444,48.09388888888889,481.6388888888889,59.977472533333334,48.09388888888889,0.0,0.5729670400000003,21.111815927570497,0.0,0.7844444444444444,44.8968105065666,0.3521905357515113,0.12,0.08,0,,10.169444444444444,0.0,48.09388888888889,5.084722222222222,1766.7,20668.244347030562,883.35
2023-04-06 17:00:00,17,0,3,False,-0.08222222222222222,4.175,-0.7630555555555557,37.99722222222222,483.4638888888889,59.98488905277779,13.220833333333333,13.198611111111111,4.175,37.99722222222222,-0.08222222222222222,0.0,42.17222222222222,42.089999999999996,483.4638888888889,59.98488905277779,42.089999999999996,0.0,0.5818668633333459,9.899881438545647,0.0,0.7844444444444444,44.44652908067542,0.3486583281217427,0.12,0.08,0,,4.175,0.0,42.089999999999996,2.0875,1770.875,20668.244347030562,885.4375
2023-04-06 18:00:00,18,0,3,False,-0.07805555555555556,0.05277777777777778,-0.74,38.0,483.35555555555555,59.99058396666667,13.208333333333334,13.183055555555555,0.05277777777777778,38.0,-0.07805555555555556,0.0,38.05277777777778,37.97472222222222,483.35555555555555,59.99058396666667,37.97472222222222,0.0,0.5887007600000033,0.13869625520110956,0.0,0.7844444444444444,44.727954971857415,0.35086595789034813,0.18,0.096,0,,0.05277777777777778,0.0,37.97472222222222,0.02638888888888889,1770.9277777777777,20668.244347030562,885.4638888888888
2023-04-06 19:00:00,19,0,3,False,-0.08444444444444445,0.0,-0.7377777777777779,37.99722222222222,481.6361111111111,59.97463927777778,13.195555555555554,13.144444444444444,0.0,37.99722222222222,-0.08444444444444445,0.0,37.99722222222222,37.91277777777778,481.6361111111111,59.97463927777778,37.91277777777778,0.0,0.5695671333333393,0.0,0.0,0.7844444444444444,44.29643527204503,0.34748092557848653,0.18,0.096,0,,0.0,0.0,37.91277777777778,0.0,1770.9277777777777,20668.244347030562,885.4638888888888
2023-04-06 20:00:00,20,0,3,False,-0.07805555555555556,0.0,-0.7525,38.0,482.06944444444446,59.99905558333333,13.110277777777775,13.103888888888886,0.0,38.0,-0.07805555555555556,0.0,38.0,37.92194444444444,482.06944444444446,59.99905558333333,37.92194444444444,0.0,0.5988666999999964,0.0,0.0,0.7844444444444444,44.727954971857415,0.35086595789034813,0.18,0.096,0,,0.0,0.0,37.92194444444444,0.0,1770.9277777777777,20668.244347030562,885.4638888888888
2023-04-06 21:00:00,21,0,3,False,-0.09166666666666666,0.0,-0.7725000000000001,38.0,484.2916666666667,60.014110969444445,13.06583333333333,13.05111111111111,0.0,38.0,-0.09166666666666666,0.0,38.0,37.90833333333333,484.2916666666667,60.014110969444445,37.90833333333333,0.0,0.5830668366666657,0.0,0.0,0.7844444444444444,43.808630393996246,0.34365436731290383,0.18,0.096,0,,0.0,0.0,37.90833333333333,0.0,1770.9277777777777,20668.244347030562,885.4638888888888
2023-04-06 22:00:00,22,0,3,False,-0.09222222222222223,0.0,-0.7802777777777777,37.99722222222222,482.85,60.00794423888888,12.881666666666668,12.92527777777778,0.0,37.99722222222222,-0.09222222222222223,0.0,37.99722222222222,37.905,482.85,60.00794423888888,37.905,0.0,0.5904669133333413,0.0,0.0,0.7844444444444444,43.771106941838646,0.34336001667708976,0.18,0.096,0,,0.0,0.0,37.905,0.0,1770.9277777777777,20668.244347030562,885.4638888888888
2023-04-06 23:00:00,23,0,3,False,-0.06777777777777778,0.0,-0.7205555555555555,38.0,481.9138888888889,60.012749530555546,12.637777777777776,12.786666666666665,0.0,38.0,-0.06777777777777778,0.0,38.0,37.93222222222222,481.9138888888889,60.012749530555546,37.93222222222222,0.0,0.5847005633333452,0.0,0.0,0.7844444444444444,45.42213883677298,0.35631144465290804,0.12,0.08,0,,0.0,0.0,37.93222222222222,0.0,1770.9277777777777,20668.244347030562,885.4638888888888
2023-04-07 00:00:00,0,0,4,False,-0.07861111111111112,0.0,-0.7391666666666665,37.99166666666667,482.9916666666667,59.99652775,12.442222222222224,12.614166666666668,0.0,37.99166666666667,-0.07861111111111112,0.0,37.99166666666667,37.91305555555556,482.9916666666667,59.99652775,37.91305555555556,0.0,0.5958332999999981,0.0,0.0,0.7844444444444444,44.690431519699814,0.35057160725453407,0.12,0.08,0,,0.0,0.0,37.91305555555556,0.0,1770.9277777777777,20668.244347030562,885.4638888888888
2023-04-07 01:00:00,1,0,4,False,-0.07722222222222222,0.0,-0.7341666666666667,37.99722222222222,483.48055555555555,60.000388725,12.183333333333334,12.438888888888888,0.0,37.99722222222222,-0.07722222222222222,0.0,37.99722222222222,37.919999999999995,483.48055555555555,60.000388725,37.919999999999995,0.0,0.5995335299999993,0.0,0.0,0.7844444444444444,44.78424015009381,0.3513074838440692,0.12,0.08,0,,0.0,0.0,37.919999999999995,0.0,1770.9277777777777,20668.244347030562,885.4638888888888
2023-04-07 02:00:00,2,0,4,False,-0.07416666666666667,0.0,-0.7494444444444445,38.0,483.25555555555553,59.99880568611111,11.870555555555555,12.220555555555555,0.0,38.0,-0.07416666666666667,0.0,38.0,37.92583333333334,483.25555555555553,59.99880568611111,37.92583333333334,0.0,0.5985668233333342,0.0,0.0,0.7844444444444444,44.9906191369606,0.3529264123410465,0.12,0.08,0,,0.0,0.0,37.92583333333334,0.0,1770.9277777777777,20668.244347030562,885.4638888888888
2023-04-07 03:00:00,3,0,4,False,-0.07055555555555557,0.0,-0.7205555555555555,38.0,481.80833333333334,59.988500513888894,11.543333333333335,12.06333333333333,0.0,38.0,-0.07055555555555557,0.0,38.0,37.92944444444444,481.80833333333334,59.988500513888894,37.92944444444444,0.0,0.5862006166666731,0.0,0.0,0.7844444444444444,45.23452157598499,0.3548396914738378,0.12,0.08,0,,0.0,0.0,37.92944444444444,0.0,1770.9277777777777,20668.244347030562,885.4638888888888
2023-04-07 04:00:00,4,0,4,False,-0.0475,0.0,-0.6727777777777777,38.0,480.09444444444443,59.99636150277777,11.165555555555555,11.828333333333333,0.0,38.0,-0.0475,0.0,38.0,37.9525,480.09444444444443,59.99636150277777,37.9525,0.0,0.5956338033333282,0.0,0.0,0.7844444444444444,46.791744840525325,0.36705524286012087,0.12,0.08,0,,0.0,0.0,37.9525,0.0,1770.9277777777777,20668.244347030562,885.4638888888888
2023-04-07 05:00:00,5,0,4,False,-0.05722222222222222,-0.019444444444444445,-0.6975,37.99722222222222,482.55555555555554,59.98897232222223,10.769166666666667,11.607777777777779,0.0,37.99722222222222,-0.05722222222222222,0.0,37.99722222222222,37.94,482.55555555555554,59.98897232222223,37.94,0.0,0.5867667866666778,0.0,0.0,0.7844444444444444,46.13508442776735,0.361904106733375,0.12,0.08,0,,0.0,0.0,37.94,0.0,1770.9277777777777,20668.244347030562,885.4638888888888
2023-04-07 06:00:00,6,0,4,False,-0.05583333333333334,2.8722222222222222,-0.7088888888888889,38.0,484.35555555555555,60.01411058055555,10.415277777777778,11.42527777777778,2.8722222222222222,38.0,-0.05583333333333334,0.0,40.87222222222222,40.81638888888889,484.35555555555555,60.01411058055555,40.81638888888889,0.0,0.5830673033333369,7.027320918852793,0.0,0.7844444444444444,46.22889305816135,0.3626399833229101,0.18,0.096,0,,2.8722222222222222,0.0,40.81638888888889,1.4361111111111111,1773.8,20668.244347030562,886.9
2023-04-07 07:00:00,7,0,4,False,-0.055,14.686111111111112,-0.7105555555555556,38.0,485.31944444444446,60.01366595277777,10.181666666666667,11.26388888888889,14.686111111111112,38.0,-0.055,0.0,52.68611111111111,52.63111111111111,485.31944444444446,60.01366595277777,52.63111111111111,0.0,0.5836008566666748,27.87472979385248,0.0,0.7844444444444444,46.28517823639775,0.36308150927663124,0.18,0.096,0,,14.686111111111112,0.0,52.63111111111111,7.343055555555556,1788.486111111111,20668.244347030562,894.2430555555555
2023-04-07 08:00:00,8,0,4,False,-0.050555555555555555,27.105555555555554,-0.7183333333333334,37.99166666666667,484.90833333333336,60.00902715833334,10.090833333333332,11.2025,27.105555555555554,37.99166666666667,-0.050555555555555555,0.0,65.09722222222223,65.04666666666667,484.90833333333336,60.00902715833334,65.04666666666667,0.0,0.5891674099999932,41.63857478131,0.0,0.7844444444444444,46.58536585365854,0.3654363143631436,0.18,0.096,0,,27.105555555555554,0.0,65.04666666666667,13.552777777777777,1815.5916666666667,20668.244347030562,907.7958333333333
2023-04-07 09:00:00,9,0,4,False,-0.055,36.16111111111111,-0.7138888888888889,37.983333333333334,484.3777777777778,59.982389597222216,10.179166666666667,11.210555555555556,36.16111111111111,37.983333333333334,-0.055,0.0,74.14444444444445,74.08944444444444,484.3777777777778,59.982389597222216,74.08944444444444,0.0,0.5788675166666593,48.77116739097857,0.0,0.7844444444444444,46.28517823639775,0.36308150927663124,0.18,0.096,0,,36.16111111111111,0.0,74.08944444444444,18.080555555555556,1851.7527777777777,20668.244347030562,925.8763888888889
2023-04-07 10:00:00,10,0,4,False,-0.05027777777777778,41.730555555555554,-0.6922222222222222,37.99722222222222,484.09166666666664,59.97805618333334,10.784444444444443,11.613333333333333,41.730555555555554,37.99722222222222,-0.05027777777777778,0.0,79.72777777777777,79.6775,484.09166666666664,59.97805618333334,79.6775,0.0,0.5736674200000038,52.34130025782176,0.0,0.7844444444444444,46.60412757973734,0.36558348968105064,0.18,0.096,0,,41.730555555555554,0.0,79.6775,20.865277777777777,1893.4833333333333,20668.244347030562,946.7416666666667
2023-04-07 11:00:00,11,0,4,False,-0.05750000000000001,43.90277777777778,-0.706388888888889,37.99722222222222,482.8638888888889,59.99850012222222,11.697222222222223,12.23527777777778,43.90277777777778,37.99722222222222,-0.05750000000000001,0.0,81.9,81.8425,482.8638888888889,59.99850012222222,81.8425,0.0,0.5982001466666617,53.60534527201194,0.0,0.7844444444444444,46.11632270168855,0.36175693141546794,0.12,0.08,0,,43.90277777777778,0.0,81.8425,21.95138888888889,1937.3861111111112,20668.244347030562,968.6930555555556
2023-04-07 12:00:00,12,0,4,False,-0.0636111111111111,44.82222222222222,-0.6952777777777778,37.99722222222222,481.60833333333335,59.99608369444444,12.590000000000002,12.764999999999999,44.82222222222222,37.99722222222222,-0.0636111111111111,0.0,82.81944444444444,82.75583333333333,481.60833333333335,59.99608369444444,82.75583333333333,0.0,0.5953004333333239,54.120409190005034,0.0,0.7844444444444444,45.70356472795497,0.35851907442151343,0.12,0.08,0,,44.82222222222222,0.0,82.75583333333333,22.41111111111111,1982.2083333333335,20668.244347030562,991.1041666666667
2023-04-07 13:00:00,13,0,4,False,-0.0661111111111111,42.519444444444446,-0.7147222222222223,37.99444444444445,481.4916666666667,59.99263931666667,13.254444444444445,13.177222222222223,42.519444444444446,37.99444444444445,-0.0661111111111111,0.0,80.51388888888889,80.44777777777777,481.4916666666667,59.99263931666667,80.44777777777777,0.0,0.5911671800000021,52.810074176298095,0.0,0.7844444444444444,45.53470919324578,0.35719449656035024,0.12,0.08,0,,42.519444444444446,0.0,80.44777777777777,21.259722222222223,2024.7277777777779,20668.244347030562,1012.3638888888889
2023-04-07 14:00:00,14,0,4,False,-0.065,37.541666666666664,-0.7038888888888889,37.93055555555556,480.6388888888889,59.982417322222226,13.872777777777774,13.79861111111111,37.541666666666664,37.93055555555556,-0.065,0.0,75.47222222222223,75.40722222222223,480.6388888888889,59.982417322222226,75.40722222222223,0.0,0.5789007866666708,49.74236290025763,0.0,0.7844444444444444,45.609756097560975,0.3577831978319783,0.12,0.08,0,,37.541666666666664,0.0,75.40722222222223,18.770833333333332,2062.2694444444446,20668.244347030562,1031.1347222222223
2023-04-07 15:00:00,15,0,4,False,-0.08444444444444445,29.23611111111111,-0.7625,37.96666666666667,482.40833333333336,59.990333858333344,14.331666666666665,14.273055555555556,29.23611111111111,37.96666666666667,-0.08444444444444445,0.0,67.20277777777778,67.11833333333334,482.40833333333336,59.990333858333344,67.11833333333334,0.0,0.5884006300000123,43.50431943124044,0.0,0.7844444444444444,44.29643527204503,0.34748092557848653,0.12,0.08,0,,29.23611111111111,0.0,67.11833333333334,14.618055555555555,2091.505555555556,20668.244347030562,1045.752777777778
2023-04-07 16:00:00,16,0,4,False,-0.08305555555555556,17.47222222222222,-0.736388888888889,37.97222222222222,482.40833333333336,60.00619409166666,14.752222222222223,14.585277777777774,17.47222222222222,37.97222222222222,-0.08305555555555556,0.0,55.44444444444444,55.36138888888889,482.40833333333336,60.00619409166666,55.36138888888889,0.0,0.5925670900000114,31.51302605210421,0.0,0.7844444444444444,44.390243902439025,0.34821680216802164,0.12,0.08,0,,17.47222222222222,0.0,55.36138888888889,8.73611111111111,2108.977777777778,20668.244347030562,1054.488888888889
2023-04-07 17:00:00,17,0,4,False,-0.08611111111111111,5.430555555555555,-0.7533333333333334,37.99444444444445,484.48055555555555,60.00836065277778,14.80027777777778,14.59,5.430555555555555,37.99444444444445,-0.08611111111111111,0.0,43.425000000000004,43.338888888888896,484.48055555555555,60.00836065277778,43.338888888888896,0.0,0.5899672166666619,12.505597134267255,0.0,0.7844444444444444,44.18386491557223,0.34659787367104433,0.12,0.08,0,,5.430555555555555,0.0,43.338888888888896,2.7152777777777777,2114.4083333333338,20668.244347030562,1057.2041666666669
2023-04-07 18:00:00,18,0,4,False,-0.08444444444444445,-0.5166666666666667,-0.763611111111111,37.99444444444445,485.06944444444446,60.000389,14.80027777777778,14.60555555555555,0.0,37.99444444444445,-0.08444444444444445,0.0,37.99444444444445,37.910000000000004,485.06944444444446,60.000389,37.910000000000004,0.0,0.5995332000000019,0.0,0.0,0.7844444444444444,44.29643527204503,0.34748092557848653,0.18,0.096,0,,0.0,0.0,37.910000000000004,0.0,2114.4083333333338,20668.244347030562,1057.2041666666669
2023-04-07 19:00:00,19,0,4,False,-0.08916666666666669,0.0,-0.7708333333333334,37.99722222222222,485.225,59.99588878055555,14.796388888888892,14.625555555555552,0.0,37.99722222222222,-0.08916666666666669,0.0,37.99722222222222,37.908055555555556,485.225,59.99588878055555,37.908055555555556,0.0,0.5950665366666641,0.0,0.0,0.7844444444444444,43.97748592870544,0.3449789451740671,0.18,0.096,0,,0.0,0.0,37.908055555555556,0.0,2114.4083333333338,20668.244347030562,1057.2041666666669
2023-04-07 20:00:00,20,0,4,False,-0.0963888888888889,0.0,-0.7983333333333332,37.99722222222222,486.3833333333333,60.00247208055555,14.729722222222222,14.627777777777773,0.0,37.99722222222222,-0.0963888888888889,0.0,37.99722222222222,37.90083333333333,486.3833333333333,60.00247208055555,37.90083333333333,0.0,0.5970335033333413,0.0,0.0,0.7844444444444444,43.48968105065666,0.34115238690848443,0.18,0.096,0,,0.0,0.0,37.90083333333333,0.0,2114.4083333333338,20668.244347030562,1057.2041666666669
2023-04-07 21:00:00,21,0,4,False,-0.0975,0.0,-0.7997222222222221,37.99722222222222,486.7138888888889,60.02305510833333,14.61111111111111,14.538055555555552,0.0,37.99722222222222,-0.0975,0.0,37.99722222222222,37.89972222222222,486.7138888888889,60.02305510833333,37.89972222222222,0.0,0.5723338700000028,0.0,0.0,0.7844444444444444,43.41463414634146,0.34056368563685635,0.18,0.096,0,,0.0,0.0,37.89972222222222,0.0,2114.4083333333338,20668.244347030562,1057.2041666666669
2023-04-07 22:00:00,22,0,4,False,-0.0763888888888889,0.0,-0.7291666666666666,38.0,482.3361111111111,60.02774976944444,14.44166666666667,14.485000000000001,0.0,38.0,-0.0763888888888889,0.0,38.0,37.923611111111114,482.3361111111111,60.02774976944444,37.923611111111114,0.0,0.5667002766666712,0.0,0.0,0.7844444444444444,44.84052532833021,0.3517490097977903,0.18,0.096,0,,0.0,0.0,37.923611111111114,0.0,2114.4083333333338,20668.244347030562,1057.2041666666669
2023-04-07 23:00:00,23,0,4,False,-0.08333333333333334,0.0,-0.7527777777777778,38.0,481.8666666666667,60.032166399999994,14.33527777777778,14.400000000000006,0.0,38.0,-0.08333333333333334,0.0,38.0,37.916666666666664,481.8666666666667,60.032166399999994,37.916666666666664,0.0,0.561400320000007,0.0,0.0,0.7844444444444444,44.371482176360225,0.3480696268501146,0.12,0.08,0,,0.0,0.0,37.916666666666664,0.0,2114.4083333333338,20668.244347030562,1057.2041666666669
2023-04-08 00:00:00,0,0,5,True,-0.09194444444444445,0.0,-0.7730555555555557,38.0,483.59722222222223,60.02969411388889,14.164166666666665,14.290000000000004,0.0,38.0,-0.09194444444444445,0.0,38.0,37.908055555555556,483.59722222222223,60.02969411388889,37.908055555555556,0.0,0.5643670633333358,0.0,0.0,0.7844444444444444,43.789868667917446,0.34350719199499685,0.12,0.08,0,,0.0,0.0,37.908055555555556,0.0,2114.4083333333338,20668.244347030562,1057.2041666666669
2023-04-08 01:00:00,1,0,5,True,-0.07222222222222222,0.0,-0.7452777777777778,37.99166666666667,484.31666666666666,59.99702783611111,13.889166666666664,14.124999999999998,0.0,37.99166666666667,-0.07222222222222222,0.0,37.99166666666667,37.919444444444444,484.31666666666666,59.99702783611111,37.919444444444444,0.0,0.5964334033333302,0.0,0.0,0.7844444444444444,45.1219512195122,0.35395663956639567,0.12,0.08,0,,0.0,0.0,37.919444444444444,0.0,2114.4083333333338,20668.244347030562,1057.2041666666669
2023-04-08 02:00:00,2,0,5,True,-0.07888888888888888,0.0,-0.7666666666666667,38.0,484.31944444444446,60.00530545833333,13.531944444444445,13.893888888888892,0.0,38.0,-0.07888888888888888,0.0,38.0,37.92111111111111,484.31944444444446,60.00530545833333,37.92111111111111,0.0,0.5936334500000015,0.0,0.0,0.7844444444444444,44.671669793621014,0.35042443193662703,0.12,0.08,0,,0.0,0.0,37.92111111111111,0.0,2114.4083333333338,20668.244347030562,1057.2041666666669
2023-04-08 03:00:00,3,0,5,True,-0.07194444444444444,0.0,-0.7480555555555556,38.0,483.8333333333333,59.99263922500001,13.220833333333333,13.611666666666666,0.0,38.0,-0.07194444444444444,0.0,38.0,37.92805555555555,483.8333333333333,59.99263922500001,37.92805555555555,0.0,0.5911670700000143,0.0,0.0,0.7844444444444444,45.14071294559099,0.3541038148843026,0.12,0.08,0,,0.0,0.0,37.92805555555555,0.0,2114.4083333333338,20668.244347030562,1057.2041666666669
2023-04-08 04:00:00,4,0,5,True,-0.07694444444444445,0.0,-0.7388888888888889,38.0,481.15277777777777,59.99647242499999,12.785833333333333,13.337222222222223,0.0,38.0,-0.07694444444444445,0.0,38.0,37.92305555555556,481.15277777777777,59.99647242499999,37.92305555555556,0.0,0.5957669099999918,0.0,0.0,0.7844444444444444,44.80300187617261,0.3514546591619762,0.12,0.08,0,,0.0,0.0,37.92305555555556,0.0,2114.4083333333338,20668.244347030562,1057.2041666666669
2023-04-08 05:00:00,5,0,5,True,-0.06277777777777778,-0.016666666666666666,-0.7219444444444444,37.99722222222222,483.96944444444443,60.003555750000004,12.343055555555555,13.096944444444443,0.0,37.99722222222222,-0.06277777777777778,0.0,37.99722222222222,37.934444444444445,483.96944444444443,60.003555750000004,37.934444444444445,0.0,0.5957330999999954,0.0,0.0,0.7844444444444444,45.75984990619137,0.3589606003752345,0.12,0.08,0,,0.0,0.0,37.934444444444445,0.0,2114.4083333333338,20668.244347030562,1057.2041666666669
2023-04-08 06:00:00,6,0,5,True,-0.06666666666666667,3.047222222222222,-0.7205555555555555,37.980555555555554,484.4638888888889,59.990916911111114,11.920833333333333,12.865833333333335,3.047222222222222,37.980555555555554,-0.06666666666666667,0.0,41.02777777777778,40.96111111111111,484.4638888888889,59.990916911111114,40.96111111111111,0.0,0.5891002933333368,7.427217332430603,0.0,0.7844444444444444,45.49718574108818,0.35690014592453617,0.18,0.096,0,,3.047222222222222,0.0,40.96111111111111,1.523611111111111,2117.455555555556,20668.244347030562,1058.727777777778
2023-04-08 07:00:00,7,0,5,True,-0.06583333333333334,14.758333333333333,-0.7361111111111112,37.99722222222222,485.6361111111111,59.99602775277778,11.579166666666667,12.68388888888889,14.758333333333333,37.99722222222222,-0.06583333333333334,0.0,52.75555555555555,52.68972222222222,485.6361111111111,59.99602775277778,52.68972222222222,0.0,0.5952333033333331,27.974936815501266,0.0,0.7844444444444444,45.553470919324575,0.35734167187825716,0.18,0.096,0,,14.758333333333333,0.0,52.68972222222222,7.379166666666666,2132.2138888888894,20668.244347030562,1066.1069444444447
2023-04-08 08:00:00,8,0,5,True,-0.05388888888888888,26.497222222222224,-0.673888888888889,37.977777777777774,484.90555555555557,59.99733369166667,11.417500000000002,12.5875,26.497222222222224,37.977777777777774,-0.05388888888888888,0.0,64.475,64.4211111111111,484.90555555555557,59.99733369166667,64.4211111111111,0.0,0.5968004300000018,41.096893714187246,0.0,0.7844444444444444,46.36022514071295,0.3636702105482593,0.18,0.096,0,,26.497222222222224,0.0,64.4211111111111,13.248611111111112,2158.7111111111117,20668.244347030562,1079.3555555555558
2023-04-08 09:00:00,9,0,5,True,-0.05777777777777778,34.647222222222226,-0.6986111111111111,37.99722222222222,483.5027777777778,60.00016649444444,11.528333333333336,12.595277777777776,34.647222222222226,37.99722222222222,-0.05777777777777778,0.0,72.64444444444445,72.58666666666667,483.5027777777778,60.00016649444444,72.58666666666667,0.0,0.5998002066666686,47.694249005812175,0.0,0.7844444444444444,46.09756097560975,0.3616097560975609,0.18,0.096,0,,34.647222222222226,0.0,72.58666666666667,17.323611111111113,2193.358333333334,20668.244347030562,1096.679166666667
2023-04-08 10:00:00,10,0,5,True,-0.05083333333333333,39.919444444444444,-0.6833333333333333,37.98888888888889,482.0722222222222,60.000083394444445,12.231111111111113,13.017222222222221,39.919444444444444,37.98888888888889,-0.05083333333333333,0.0,77.90833333333333,77.8575,482.0722222222222,60.000083394444445,77.8575,0.0,0.5998999266666658,51.23899169251614,0.0,0.7844444444444444,46.56660412757974,0.3652891390452366,0.18,0.096,0,,39.919444444444444,0.0,77.8575,19.959722222222222,2233.2777777777783,20668.244347030562,1116.6388888888891
2023-04-08 11:00:00,11,0,5,True,-0.061388888888888896,42.11666666666667,-0.7291666666666666,37.875,482.0388888888889,60.00474976666666,13.153055555555552,13.61472222222222,42.11666666666667,37.875,-0.061388888888888896,0.0,79.99166666666667,79.93027777777779,482.0388888888889,60.00474976666666,79.93027777777779,0.0,0.5943002800000045,52.651317845608915,0.0,0.7844444444444444,45.853658536585364,0.3596964769647696,0.12,0.08,0,,42.11666666666667,0.0,79.93027777777779,21.058333333333334,2275.394444444445,20668.244347030562,1137.6972222222225
2023-04-08 12:00:00,12,0,5,True,-0.07916666666666666,42.44444444444444,-0.7241666666666668,37.925,479.7083333333333,60.011916122222225,14.056666666666665,14.151666666666667,42.44444444444444,37.925,-0.07916666666666666,0.0,80.36944444444444,80.29027777777777,479.7083333333333,60.011916122222225,80.29027777777777,0.0,0.5857006533333304,52.81166833719283,0.0,0.7844444444444444,44.652908067542214,0.35027725661872,0.12,0.08,0,,42.44444444444444,0.0,80.29027777777777,21.22222222222222,2317.8388888888894,20668.244347030562,1158.9194444444447
2023-04-08 13:00:00,13,0,5,True,-0.07305555555555555,39.68611111111111,-0.7161111111111113,37.65833333333333,479.43333333333334,60.001610980555554,14.91388888888889,14.691666666666666,39.68611111111111,37.65833333333333,-0.07305555555555555,0.0,77.34444444444443,77.27138888888888,479.43333333333334,60.001610980555554,77.27138888888888,0.0,0.5980668233333347,51.31087487429967,0.0,0.7844444444444444,45.0656660412758,0.35351511361267457,0.12,0.08,0,,39.68611111111111,0.0,77.27138888888888,19.843055555555555,2357.5250000000005,20668.244347030562,1178.7625000000003
2023-04-08 14:00:00,14,0,5,True,-0.06833333333333334,35.05833333333333,-0.7150000000000001,37.36388888888889,478.975,60.00416628333333,15.615833333333335,15.378888888888888,35.05833333333333,37.36388888888889,-0.06833333333333334,0.0,72.42222222222222,72.35388888888889,478.975,60.00416628333333,72.35388888888889,0.0,0.59500046,48.408254065664316,0.0,0.7844444444444444,45.38461538461539,0.35601709401709397,0.12,0.08,0,,35.05833333333333,0.0,72.35388888888889,17.529166666666665,2392.583333333334,20668.244347030562,1196.291666666667
2023-04-08 15:00:00,15,0,5,True,-0.07999999999999999,27.7,-0.7588888888888888,37.141666666666666,478.2416666666667,59.98172280277779,16.215833325,15.952777841666668,27.7,37.141666666666666,-0.07999999999999999,0.0,64.84166666666667,64.76166666666667,478.2416666666667,59.98172280277779,64.76166666666667,0.0,0.5780673633333464,42.7194448014394,0.0,0.7844444444444444,44.59662288930582,0.34983573066499896,0.12,0.08,0,,27.7,0.0,64.76166666666667,13.85,2420.2833333333338,20668.244347030562,1210.1416666666669
2023-04-08 16:00:00,16,0,5,True,-0.08055555555555556,17.13888888888889,-0.7477777777777779,37.24444444444445,479.7083333333333,59.98161170277779,16.82472209166667,16.417499905555555,17.13888888888889,37.24444444444445,-0.08055555555555556,0.0,54.38333333333334,54.302777777777784,479.7083333333333,59.98161170277779,54.302777777777784,0.0,0.5779340433333487,31.514965777913982,0.0,0.7844444444444444,44.55909943714822,0.3495413800291849,0.12,0.08,0,,17.13888888888889,0.0,54.302777777777784,8.569444444444445,2437.4222222222224,20668.244347030562,1218.7111111111112
2023-04-08 17:00:00,17,0,5,True,-0.09222222222222223,5.394444444444445,-0.7916666666666666,37.541666666666664,485.75,59.98841711111111,17.096111161111107,16.518055555555556,5.394444444444445,37.541666666666664,-0.09222222222222223,0.0,42.93611111111111,42.84388888888889,485.75,59.98841711111111,42.84388888888889,0.0,0.5861005333333338,12.56388691207867,0.0,0.7844444444444444,43.771106941838646,0.34336001667708976,0.12,0.08,0,,5.394444444444445,0.0,42.84388888888889,2.6972222222222224,2442.816666666667,20668.244347030562,1221.4083333333335
2023-04-08 18:00:00,18,0,5,True,-0.1036111111111111,-0.11666666666666667,-0.8144444444444445,37.97222222222222,485.4194444444444,60.00172212222222,17.18861199722222,16.597500049999997,0.0,37.97222222222222,-0.1036111111111111,0.0,37.97222222222222,37.86861111111111,485.4194444444444,60.00172212222222,37.86861111111111,0.0,0.5979334533333371,0.0,0.0,0.7844444444444444,43.00187617260788,0.3373258286429018,0.18,0.096,0,,0.0,0.0,37.86861111111111,0.0,2442.816666666667,20668.244347030562,1221.4083333333335
2023-04-08 19:00:00,19,0,5,True,-0.11361111111111111,0.0,-0.8383333333333334,37.980555555555554,484.6694444444444,60.00511085833333,17.17805633611111,16.664167216666666,0.0,37.980555555555554,-0.11361111111111111,0.0,37.980555555555554,37.86694444444444,484.6694444444444,60.00511085833333,37.86694444444444,0.0,0.593866970000002,0.0,0.0,0.7844444444444444,42.32645403377111,0.33202751719824886,0.18,0.096,0,,0.0,0.0,37.86694444444444,0.0,2442.816666666667,20668.244347030562,1221.4083333333335
2023-04-08 20:00:00,20,0,5,True,-0.12583333333333332,0.0,-0.8663888888888889,37.93888888888889,486.18333333333334,60.03008301944443,17.178056336111112,16.74416678333333,0.0,37.93888888888889,-0.12583333333333332,0.0,37.93888888888889,37.81305555555556,486.18333333333334,60.03008301944443,37.81305555555556,0.0,0.5639003766666804,0.0,0.0,0.7844444444444444,41.50093808630394,0.3255518032103398,0.18,0.096,0,,0.0,0.0,37.81305555555556,0.0,2442.816666666667,20668.244347030562,1221.4083333333335
2023-04-08 21:00:00,21,0,5,True,-0.12361111111111112,0.0,-0.8366666666666667,38.0,485.89166666666665,60.01552700277778,17.075555591666667,16.70583365,0.0,38.0,-0.12361111111111112,0.0,38.0,37.87638888888889,485.89166666666665,60.01552700277778,37.87638888888889,0.0,0.5813675966666636,0.0,0.0,0.7844444444444444,41.651031894934334,0.32672920575359593,0.18,0.096,0,,0.0,0.0,37.87638888888889,0.0,2442.816666666667,20668.244347030562,1221.4083333333335
2023-04-08 22:00:00,22,0,5,True,-0.11555555555555556,0.0,-0.8344444444444444,38.0,484.4555555555556,60.011944269444434,16.836666375,16.504444455555554,0.0,38.0,-0.11555555555555556,0.0,38.0,37.88444444444445,484.4555555555556,60.011944269444434,37.88444444444445,0.0,0.5856668766666786,0.0,0.0,0.7844444444444444,42.19512195121951,0.3309972899728997,0.18,0.096,0,,0.0,0.0,37.88444444444445,0.0,2442.816666666667,20668.244347030562,1221.4083333333335
2023-04-08 23:00:00,23,0,5,True,-0.10916666666666666,0.0,-0.8219444444444444,37.983333333333334,482.3722222222222,60.01408294722222,16.526666772222224,16.308888686111114,0.0,37.983333333333334,-0.10916666666666666,0.0,37.983333333333334,37.87416666666667,482.3722222222222,60.01408294722222,37.87416666666667,0.0,0.583100463333335,0.0,0.0,0.7844444444444444,42.626641651031896,0.3343823222847613,0.12,0.08,0,,0.0,0.0,37.87416666666667,0.0,2442.816666666667,20668.244347030562,1221.4083333333335
2023-04-09 00:00:00,0,0,6,True,-0.12000000000000001,0.0,-0.8294444444444445,37.98888888888889,484.09444444444443,60.013694036111104,16.092222391666667,16.077222333333335,0.0,37.98888888888889,-0.12000000000000001,0.0,37.98888888888889,37.86888888888889,484.09444444444443,60.013694036111104,37.86888888888889,0.0,0.5835671566666747,0.0,0.0,0.7844444444444444,41.89493433395872,0.3286424848863873,0.12,0.08,0,,0.0,0.0,37.86888888888889,0.0,2442.816666666667,20668.244347030562,1221.4083333333335
2023-04-09 01:00:00,1,0,6,True,-0.09555555555555555,0.0,-0.7844444444444444,37.96666666666667,482.475,60.00747189166666,15.843055555555555,15.844444444444445,0.0,37.96666666666667,-0.09555555555555555,0.0,37.96666666666667,37.87111111111111,482.475,60.00747189166666,37.87111111111111,0.0,0.5910337300000066,0.0,0.0,0.7844444444444444,43.54596622889306,0.34159391286220553,0.12,0.08,0,,0.0,0.0,37.87111111111111,0.0,2442.816666666667,20668.244347030562,1221.4083333333335
2023-04-09 02:00:00,2,0,6,True,-0.09499999999999999,0.0,-0.7833333333333333,37.99166666666667,483.1361111111111,60.0089438111111,15.469722222222224,15.59888888888889,0.0,37.99166666666667,-0.09499999999999999,0.0,37.99166666666667,37.89666666666667,483.1361111111111,60.0089438111111,37.89666666666667,0.0,0.5892674266666773,0.0,0.0,0.7844444444444444,43.58348968105066,0.3418882634980196,0.12,0.08,0,,0.0,0.0,37.89666666666667,0.0,2442.816666666667,20668.244347030562,1221.4083333333335
2023-04-09 03:00:00,3,0,6,True,-0.0911111111111111,0.0,-0.7847222222222222,37.986111111111114,482.975,60.001610877777786,15.080833333333333,15.336388888888889,0.0,37.986111111111114,-0.0911111111111111,0.0,37.986111111111114,37.895,482.975,60.001610877777786,37.895,0.0,0.5980669466666569,0.0,0.0,0.7844444444444444,43.84615384615385,0.3439487179487179,0.12,0.08,0,,0.0,0.0,37.895,0.0,2442.816666666667,20668.244347030562,1221.4083333333335
2023-04-09 04:00:00,4,0,6,True,-0.08888888888888889,0.0,-0.7769444444444444,38.0,482.30555555555554,59.99227824166667,14.655000000000001,15.13611111111111,0.0,38.0,-0.08888888888888889,0.0,38.0,37.91111111111111,482.30555555555554,59.99227824166667,37.91111111111111,0.0,0.5907338900000013,0.0,0.0,0.7844444444444444,43.99624765478424,0.34512612049197416,0.12,0.08,0,,0.0,0.0,37.91111111111111,0.0,2442.816666666667,20668.244347030562,1221.4083333333335
2023-04-09 05:00:00,5,0,6,True,-0.08611111111111111,-0.019444444444444445,-0.7563888888888888,37.99722222222222,484.93888888888887,59.99538919166667,14.237222222222224,14.907500000000002,0.0,37.99722222222222,-0.08611111111111111,0.0,37.99722222222222,37.91111111111111,484.93888888888887,59.99538919166667,37.91111111111111,0.0,0.5944670300000012,0.0,0.0,0.7844444444444444,44.18386491557223,0.34659787367104433,0.12,0.08,0,,0.0,0.0,37.91111111111111,0.0,2442.816666666667,20668.244347030562,1221.4083333333335
2023-04-09 06:00:00,6,0,6,True,-0.08277777777777778,3.1694444444444443,-0.7469444444444444,37.99722222222222,485.8611111111111,59.98983369999999,13.85277777777778,14.70111111111111,3.1694444444444443,37.99722222222222,-0.08277777777777778,0.0,41.166666666666664,41.083888888888886,485.8611111111111,59.98983369999999,41.083888888888886,0.0,0.5878004399999895,7.699055330634278,0.0,0.7844444444444444,44.409005628517825,0.3483639774859287,0.18,0.096,0,,3.1694444444444443,0.0,41.083888888888886,1.5847222222222221,2445.9861111111113,20668.244347030562,1222.9930555555557
2023-04-09 07:00:00,7,0,6,True,-0.08722222222222223,14.819444444444445,-0.7475,37.955555555555556,485.1166666666667,59.99675028888889,13.575555555555553,14.52277777777778,14.819444444444445,37.955555555555556,-0.08722222222222223,0.0,52.775,52.687777777777775,485.1166666666667,59.99675028888889,52.687777777777775,0.0,0.5961003466666682,28.080425285541345,0.0,0.7844444444444444,44.108818011257036,0.34600917239941625,0.18,0.096,0,,14.819444444444445,0.0,52.687777777777775,7.409722222222222,2460.8055555555557,20668.244347030562,1230.4027777777778
2023-04-09 08:00:00,8,0,6,True,-0.07666666666666667,25.655555555555555,-0.7430555555555556,38.0,483.6166666666667,60.00774944444444,13.50611111111111,14.545833333333333,25.655555555555555,38.0,-0.07666666666666667,0.0,63.65555555555555,63.57888888888888,483.6166666666667,60.00774944444444,63.57888888888888,0.0,0.5907006666666689,40.30371792633968,0.0,0.7844444444444444,44.82176360225141,0.35160183447988325,0.18,0.096,0,,25.655555555555555,0.0,63.57888888888888,12.827777777777778,2486.461111111111,20668.244347030562,1243.2305555555556
2023-04-09 09:00:00,9,0,6,True,-0.06999999999999999,33.577777777777776,-0.705,37.81944444444444,482.3638888888889,59.99066695000001,13.768888888888887,14.674444444444443,33.577777777777776,37.81944444444444,-0.06999999999999999,0.0,71.39722222222221,71.32722222222222,482.3638888888889,59.99066695000001,71.32722222222222,0.0,0.5888003400000145,47.02952962689181,0.0,0.7844444444444444,45.27204502814259,0.3551340421096519,0.18,0.096,0,,33.577777777777776,0.0,71.32722222222222,16.788888888888888,2520.038888888889,20668.244347030562,1260.0194444444444
2023-04-09 10:00:00,10,0,6,True,-0.0763888888888889,38.730555555555554,-0.728888888888889,36.105555555555554,480.7583333333333,59.98986171111111,14.574722222222224,15.129444444444445,38.730555555555554,36.105555555555554,-0.0763888888888889,0.0,74.83611111111111,74.75972222222222,480.7583333333333,59.98986171111111,74.75972222222222,0.0,0.5878340533333329,51.753832448684165,0.0,0.7844444444444444,44.84052532833021,0.3517490097977903,0.18,0.096,0,,38.730555555555554,0.0,74.75972222222222,19.365277777777777,2558.769444444444,20668.244347030562,1279.384722222222
2023-04-09 11:00:00,11,0,6,True,-0.0775,40.644444444444446,-0.7516666666666666,37.0,481.90555555555557,59.98888940000001,15.565000000000001,15.74888888888889,40.644444444444446,37.0,-0.0775,0.0,77.64444444444445,77.56694444444445,481.90555555555557,59.98888940000001,77.56694444444445,0.0,0.5866672800000146,52.3468803663423,0.0,0.7844444444444444,44.76547842401501,0.35116030852616215,0.12,0.08,0,,40.644444444444446,0.0,77.56694444444445,20.322222222222223,2599.413888888889,20668.244347030562,1299.7069444444444
2023-04-09 12:00:00,12,0,6,True,-0.08638888888888889,40.36388888888889,-0.7525,37.0,479.89722222222224,59.987722527777784,16.555833319444446,16.395000083333333,40.36388888888889,37.0,-0.08638888888888889,0.0,77.36388888888888,77.27749999999999,479.89722222222224,59.987722527777784,77.27749999999999,0.0,0.5852670333333406,52.174069153710825,0.0,0.7844444444444444,44.165103189493436,0.3464506983531374,0.12,0.08,0,,40.36388888888889,0.0,77.27749999999999,20.181944444444444,2639.777777777778,20668.244347030562,1319.888888888889
2023-04-09 13:00:00,13,0,6,True,-0.08777777777777779,39.34444444444444,-0.7572222222222222,37.0,479.93888888888887,59.99283353333333,17.509722258333333,17.055277536111113,39.34444444444444,37.0,-0.08777777777777779,0.0,76.34444444444443,76.25666666666666,479.93888888888887,59.99283353333333,76.25666666666666,0.0,0.5914002399999987,51.53543880075681,0.0,0.7844444444444444,44.071294559099435,0.3457148217636022,0.12,0.08,0,,39.34444444444444,0.0,76.25666666666666,19.67222222222222,2679.1222222222223,20668.244347030562,1339.5611111111111
2023-04-09 14:00:00,14,0,6,True,-0.10833333333333334,34.63611111111111,-0.7930555555555555,37.0,478.23055555555555,59.99355605833334,18.353055591666664,17.813333430555556,34.63611111111111,37.0,-0.10833333333333334,0.0,71.63611111111112,71.52777777777779,478.23055555555555,59.99355605833334,71.52777777777779,0.0,0.5922672700000078,48.35007173601147,0.0,0.7844444444444444,42.68292682926829,0.3348238482384824,0.12,0.08,0,,34.63611111111111,0.0,71.52777777777779,17.318055555555556,2713.758333333333,20668.244347030562,1356.8791666666666
2023-04-09 15:00:00,15,0,6,True,-0.1063888888888889,26.908333333333335,-0.7949999999999999,37.0,478.2916666666667,60.01116625555555,19.033333325,18.459722219444444,26.908333333333335,37.0,-0.1063888888888889,0.0,63.90833333333333,63.801944444444445,478.2916666666667,60.01116625555555,63.801944444444445,0.0,0.5866004933333385,42.10457686790977,0.0,0.7844444444444444,42.814258911819884,0.3358540754638315,0.12,0.08,0,,26.908333333333335,0.0,63.801944444444445,13.454166666666667,2740.6666666666665,20668.244347030562,1370.3333333333333
2023-04-09 16:00:00,16,0,6,True,-0.11916666666666666,12.96111111111111,-0.8213888888888888,37.0,479.4111111111111,60.0079719,19.511666766666664,18.78361113055556,12.96111111111111,37.0,-0.11916666666666666,0.0,49.96111111111111,49.841944444444444,479.4111111111111,60.0079719,49.841944444444444,0.0,0.5904337199999986,25.942399644167686,0.0,0.7844444444444444,41.951219512195124,0.3290840108401084,0.12,0.08,0,,12.96111111111111,0.0,49.841944444444444,6.480555555555555,2753.6277777777777,20668.244347030562,1376.8138888888889
2023-04-09 17:00:00,17,0,6,True,-0.14194444444444446,3.375,-0.8755555555555556,37.0,485.0111111111111,59.99280563055556,19.73250035,18.961666658333332,3.375,37.0,-0.14194444444444446,0.0,40.375,40.23305555555555,485.0111111111111,59.99280563055556,40.23305555555555,0.0,0.5913667566666703,8.359133126934983,0.0,0.7844444444444444,40.412757973733584,0.3170156347717323,0.12,0.08,0,,3.375,0.0,40.23305555555555,1.6875,2757.0027777777777,20668.244347030562,1378.5013888888889
2023-04-09 18:00:00,18,0,6,True,-0.14722222222222223,-0.075,-0.8972222222222223,37.0,485.6722222222222,59.993750199999994,19.828054836111114,19.095555555555553,0.0,37.0,-0.14722222222222223,0.0,37.0,36.852777777777774,485.6722222222222,59.993750199999994,36.852777777777774,0.0,0.5925002399999926,0.0,0.0,0.7844444444444444,40.056285178236394,0.3142193037314988,0.18,0.096,0,,0.0,0.0,36.852777777777774,0.0,2757.0027777777777,20668.244347030562,1378.5013888888889
2023-04-09 19:00:00,19,0,6,True,-0.155,0.0,-0.9016666666666666,37.00277777777778,484.075,59.99711135555555,19.837499375,19.13527813055555,0.0,37.00277777777778,-0.155,0.0,37.00277777777778,36.84777777777778,484.075,59.99711135555555,36.84777777777778,0.0,0.596533626666664,0.0,0.0,0.7844444444444444,39.530956848030016,0.3100983948301021,0.18,0.096,0,,0.0,0.0,36.84777777777778,0.0,2757.0027777777777,20668.244347030562,1378.5013888888889
2023-04-09 20:00:00,20,0,6,True,-0.15333333333333335,0.0,-0.9144444444444444,37.00277777777778,484.9222222222222,59.99819454722222,19.828610397222228,19.19388974444444,0.0,37.00277777777778,-0.15333333333333335,0.0,37.00277777777778,36.849444444444444,484.9222222222222,59.99819454722222,36.849444444444444,0.0,0.5978334566666632,0.0,0.0,0.7844444444444444,39.64352720450282,0.3109814467375443,0.18,0.096,0,,0.0,0.0,36.849444444444444,0.0,2757.0027777777777,20668.244347030562,1378.5013888888889
2023-04-09 21:00:00,21,0,6,True,-0.14305555555555555,0.0,-0.8736111111111111,37.227777777777774,482.0027777777778,60.00797211666667,19.787777122222224,19.19944523055555,0.0,37.227777777777774,-0.14305555555555555,0.0,37.227777777777774,37.08472222222222,482.0027777777778,60.00797211666667,37.08472222222222,0.0,0.5904334599999942,0.0,0.0,0.7844444444444444,40.33771106941839,0.31642693350010426,0.18,0.096,0,,0.0,0.0,37.08472222222222,0.0,2757.0027777777777,20668.244347030562,1378.5013888888889
2023-04-09 22:00:00,22,0,6,True,-0.14666666666666667,0.0,-0.8908333333333333,37.18611111111111,483.1666666666667,60.02302734166666,19.605833738888887,19.08527787222222,0.0,37.18611111111111,-0.14666666666666667,0.0,37.18611111111111,37.03944444444444,483.1666666666667,60.02302734166666,37.03944444444444,0.0,0.5723671900000056,0.0,0.0,0.7844444444444444,40.093808630393994,0.3145136543673129,0.18,0.096,0,,0.0,0.0,37.03944444444444,0.0,2757.0027777777777,20668.244347030562,1378.5013888888889
2023-04-09 23:00:00,23,0,6,True,-0.1425,0.0,-0.8747222222222223,37.172222222222224,483.26944444444445,60.00427731111112,19.276666608333336,18.858610869444444,0.0,37.172222222222224,-0.1425,0.0,37.172222222222224,37.029722222222226,483.26944444444445,60.00427731111112,37.029722222222226,0.0,0.5948672266666591,0.0,0.0,0.7844444444444444,40.37523452157598,0.3167212841359182,0.12,0.08,0,,0.0,0.0,37.029722222222226,0.0,2757.0027777777777,20668.244347030562,1378.5013888888889
2023-04-10 00:00:00,0,0,0,False,-0.13416666666666668,0.0,-0.8755555555555556,37.05,483.56666666666666,60.0068605,18.857499666666666,18.623889294444442,0.0,37.05,-0.13416666666666668,0.0,37.05,36.91583333333333,483.56666666666666,60.0068605,36.91583333333333,0.0,0.5917673999999976,0.0,0.0,0.7844444444444444,40.93808630393996,0.32113654367312905,0.12,0.08,0,,0.0,0.0,36.91583333333333,0.0,2757.0027777777777,20668.244347030562,1378.5013888888889
2023-04-10 01:00:00,1,0,0,False,-0.13305555555555557,0.0,-0.8791666666666667,37.02777777777778,485.31111111111113,60.00499956388889,18.540833569444445,18.358610969444445,0.0,37.02777777777778,-0.13305555555555557,0.0,37.02777777777778,36.89472222222222,485.31111111111113,60.00499956388889,36.89472222222222,0.0,0.5940005233333352,0.0,0.0,0.7844444444444444,41.013133208255155,0.32172524494475707,0.12,0.08,0,,0.0,0.0,36.89472222222222,0.0,2757.0027777777777,20668.244347030562,1378.5013888888889
2023-04-10 02:00:00,2,0,0,False,-0.13305555555555557,0.0,-0.8347222222222223,37.025,484.3361111111111,59.99961113611111,18.07583328611111,18.057777936111112,0.0,37.025,-0.13305555555555557,0.0,37.025,36.89194444444444,484.3361111111111,59.99961113611111,36.89194444444444,0.0,0.599533363333336,0.0,0.0,0.7844444444444444,41.013133208255155,0.32172524494475707,0.12,0.08,0,,0.0,0.0,36.89194444444444,0.0,2757.0027777777777,20668.244347030562,1378.5013888888889
2023-04-10 03:00:00,3,0,0,False,-0.12166666666666666,0.0,-0.8527777777777777,37.013888888888886,484.10277777777776,59.99780563611112,17.581111280555554,17.74916676666667,0.0,37.013888888888886,-0.12166666666666666,0.0,37.013888888888886,36.892222222222216,484.10277777777776,59.99780563611112,36.892222222222216,0.0,0.5973667633333406,0.0,0.0,0.7844444444444444,41.78236397748593,0.32775943297894516,0.12,0.08,0,,0.0,0.0,36.892222222222216,0.0,2757.0027777777777,20668.244347030562,1378.5013888888889
2023-04-10 04:00:00,4,0,0,False,-0.1125,0.0,-0.8263888888888888,37.06944444444444,485.80555555555554,59.98141679722223,17.13194446111111,17.521388947222224,0.0,37.06944444444444,-0.1125,0.0,37.06944444444444,36.956944444444446,485.80555555555554,59.98141679722223,36.956944444444446,0.0,0.5777001566666768,0.0,0.0,0.7844444444444444,42.4015009380863,0.33261621846987693,0.12,0.08,0,,0.0,0.0,36.956944444444446,0.0,2757.0027777777777,20668.244347030562,1378.5013888888889
2023-04-10 05:00:00,5,0,0,False,-0.11083333333333335,-0.002777777777777778,-0.8116666666666668,37.30277777777778,486.9555555555556,59.988222516666674,16.64805548611111,17.273611080555554,0.0,37.30277777777778,-0.11083333333333335,0.0,37.30277777777778,37.191944444444445,486.9555555555556,59.988222516666674,37.191944444444445,0.0,0.5858670200000091,0.0,0.0,0.7844444444444444,42.5140712945591,0.33349927037731913,0.12,0.08,0,,0.0,0.0,37.191944444444445,0.0,2757.0027777777777,20668.244347030562,1378.5013888888889
2023-04-10 06:00:00,6,0,0,False,-0.10166666666666667,4.230555555555555,-0.7905555555555556,37.31666666666667,485.76944444444445,60.00783288611111,16.207500072222224,17.02666666944444,4.230555555555555,37.31666666666667,-0.10166666666666667,0.0,41.547222222222224,41.44555555555556,485.76944444444445,60.00783288611111,41.44555555555556,0.0,0.5906005366666676,10.182523233268702,0.0,0.7844444444444444,43.133208255159474,0.33835605586825096,0.18,0.096,0,,4.230555555555555,0.0,41.44555555555556,2.1152777777777776,2761.233333333333,20668.244347030562,1380.6166666666666
2023-04-10 07:00:00,7,0,0,False,-0.10166666666666666,13.61111111111111,-0.7994444444444443,37.02777777777778,486.1611111111111,60.01511074166666,15.883333333333333,16.85694400277778,13.61111111111111,37.02777777777778,-0.10166666666666666,0.0,50.638888888888886,50.53722222222222,486.1611111111111,60.01511074166666,50.53722222222222,0.0,0.5818671100000073,26.878771256171145,0.0,0.7844444444444444,43.133208255159474,0.33835605586825096,0.18,0.096,0,,13.61111111111111,0.0,50.53722222222222,6.805555555555555,2774.8444444444444,20668.244347030562,1387.4222222222222
2023-04-10 08:00:00,8,0,0,False,-0.09388888888888888,25.711111111111112,-0.7777777777777778,37.06666666666667,483.96666666666664,60.013332766666664,15.8,16.835554911111114,25.711111111111112,37.06666666666667,-0.09388888888888888,0.0,62.777777777777786,62.683888888888895,483.96666666666664,60.013332766666664,62.683888888888895,0.0,0.5840006800000026,40.95575221238938,0.0,0.7844444444444444,43.65853658536585,0.3424769647696477,0.18,0.096,0,,25.711111111111112,0.0,62.683888888888895,12.855555555555556,2800.5555555555557,20668.244347030562,1400.2777777777778
2023-04-10 09:00:00,9,0,0,False,-0.08305555555555555,34.46666666666667,-0.7719444444444445,37.63611111111111,484.2083333333333,59.99891663611111,16.006944475,16.935277736111114,34.46666666666667,37.63611111111111,-0.08305555555555555,0.0,72.10277777777779,72.01972222222223,484.2083333333333,59.99891663611111,72.01972222222223,0.0,0.598699963333334,47.802134299033014,0.0,0.7844444444444444,44.390243902439025,0.34821680216802164,0.18,0.096,0,,34.46666666666667,0.0,72.01972222222223,17.233333333333334,2835.0222222222224,20668.244347030562,1417.5111111111112
2023-04-10 10:00:00,10,0,0,False,-0.09250000000000001,38.96666666666667,-0.7658333333333335,37.24166666666667,482.59444444444443,59.99108399444445,16.783611172222223,17.38388903055555,38.96666666666667,37.24166666666667,-0.09250000000000001,0.0,76.20833333333334,76.11583333333334,482.59444444444443,59.99108399444445,76.11583333333334,0.0,0.5893007933333422,51.131765992345535,0.0,0.7844444444444444,43.752345215759846,0.3432128413591828,0.18,0.096,0,,38.96666666666667,0.0,76.11583333333334,19.483333333333334,2873.988888888889,20668.244347030562,1436.9944444444445
2023-04-10 11:00:00,11,0,0,False,-0.10361111111111113,41.50833333333333,-0.7872222222222222,37.03055555555556,482.675,59.9951671638889,17.830555483333335,18.036666580555558,41.50833333333333,37.03055555555556,-0.10361111111111113,0.0,78.53888888888889,78.43527777777778,482.675,59.9951671638889,78.43527777777778,0.0,0.5942005966666812,52.85067553229115,0.0,0.7844444444444444,43.00187617260788,0.3373258286429018,0.12,0.08,0,,41.50833333333333,0.0,78.43527777777778,20.754166666666666,2915.4972222222223,20668.244347030562,1457.7486111111111
2023-04-10 12:00:00,12,0,0,False,-0.10250000000000002,42.25555555555555,-0.7991666666666666,37.0,481.48055555555555,59.993361669444454,18.868333433333333,18.711944519444444,42.25555555555555,37.0,-0.10250000000000002,0.0,79.25555555555556,79.15305555555555,481.48055555555555,59.993361669444454,79.15305555555555,0.0,0.5920340033333445,53.315575494181964,0.0,0.7844444444444444,43.07692307692307,0.33791452991452986,0.12,0.08,0,,42.25555555555555,0.0,79.15305555555555,21.127777777777776,2957.7527777777777,20668.244347030562,1478.8763888888889
2023-04-10 13:00:00,13,0,0,False,-0.11027777777777778,40.59722222222222,-0.7994444444444445,37.0,479.6222222222222,59.988750702777786,19.676944419444446,19.23388891388889,40.59722222222222,37.0,-0.11027777777777778,0.0,77.59722222222223,77.48694444444445,479.6222222222222,59.988750702777786,77.48694444444445,0.0,0.5865008433333428,52.31788079470198,0.0,0.7844444444444444,42.551594746716695,0.3337936210131332,0.12,0.08,0,,40.59722222222222,0.0,77.48694444444445,20.29861111111111,2998.35,20668.244347030562,1499.175
2023-04-10 14:00:00,14,0,0,False,-0.13,35.65555555555556,-0.8277777777777777,37.0,480.39722222222224,60.00380546111111,20.344166675,19.860555672222223,35.65555555555556,37.0,-0.13,0.0,72.65555555555557,72.52555555555557,480.39722222222224,60.00380546111111,72.52555555555557,0.0,0.5954334466666722,49.07478207677015,0.0,0.7844444444444444,41.21951219512195,0.3233441734417344,0.12,0.08,0,,35.65555555555556,0.0,72.52555555555557,17.82777777777778,3034.0055555555555,20668.244347030562,1517.0027777777777
2023-04-10 15:00:00,15,0,0,False,-0.13583333333333336,27.538888888888888,-0.8722222222222222,37.0,479.425,59.99458374444445,20.901666797222223,20.36694438611111,27.538888888888888,37.0,-0.13583333333333336,0.0,64.53888888888889,64.40305555555555,479.425,59.99458374444445,64.40305555555555,0.0,0.5935004933333374,42.67022467074115,0.0,0.7844444444444444,40.82551594746717,0.32025349176568685,0.12,0.08,0,,27.538888888888888,0.0,64.40305555555555,13.769444444444444,3061.5444444444443,20668.244347030562,1530.7722222222221
2023-04-10 16:00:00,16,0,0,False,-0.1366666666666667,16.641666666666666,-0.8611111111111112,37.0,480.7361111111111,59.992111475,21.377222072222224,20.739722252777774,16.641666666666666,37.0,-0.1366666666666667,0.0,53.641666666666666,53.505,480.7361111111111,59.992111475,53.505,0.0,0.5905337700000018,31.02376883641448,0.0,0.7844444444444444,40.76923076923077,0.3198119658119658,0.12,0.08,0,,16.641666666666666,0.0,53.505,8.320833333333333,3078.186111111111,20668.244347030562,1539.0930555555556
2023-04-10 17:00:00,17,0,0,False,-0.155,5.458333333333333,-0.9183333333333332,37.0,483.18611111111113,60.00283322777777,21.586388941666666,20.850277297222224,5.458333333333333,37.0,-0.155,0.0,42.458333333333336,42.303333333333335,483.18611111111113,60.00283322777777,42.303333333333335,0.0,0.5966001266666751,12.85574092247301,0.0,0.7844444444444444,39.530956848030016,0.3100983948301021,0.12,0.08,0,,5.458333333333333,0.0,42.303333333333335,2.7291666666666665,3083.6444444444446,20668.244347030562,1541.8222222222223
2023-04-10 18:00:00,18,0,0,False,-0.15305555555555558,-0.17222222222222222,-0.9008333333333332,37.19166666666667,484.5805555555556,60.01413819722222,21.664445088888886,20.916111091666668,0.0,37.19166666666667,-0.15305555555555558,0.0,37.19166666666667,37.038611111111116,484.5805555555556,60.01413819722222,37.038611111111116,0.0,0.5830341633333319,0.0,0.0,0.7844444444444444,39.66228893058161,0.3111286220554513,0.18,0.096,0,,0.0,0.0,37.038611111111116,0.0,3083.6444444444446,20668.244347030562,1541.8222222222223
2023-04-10 19:00:00,19,0,0,False,-0.16972222222222222,0.0,-0.9566666666666666,37.575,484.73333333333335,59.98030615555557,21.611666863888885,20.950833333333335,0.0,37.575,-0.16972222222222222,0.0,37.575,37.40527777777778,484.73333333333335,59.98030615555557,37.40527777777778,0.0,0.5763673866666806,0.0,0.0,0.7844444444444444,38.53658536585366,0.30229810298102977,0.18,0.096,0,,0.0,0.0,37.40527777777778,0.0,3083.6444444444446,20668.244347030562,1541.8222222222223
2023-04-10 20:00:00,20,0,0,False,-0.16444444444444445,0.0,-0.9183333333333334,37.91111111111111,485.65277777777777,60.003305311111106,21.47888888888889,20.930555550000005,0.0,37.91111111111111,-0.16444444444444445,0.0,37.91111111111111,37.74666666666667,485.65277777777777,60.003305311111106,37.74666666666667,0.0,0.5960336266666729,0.0,0.0,0.7844444444444444,38.893058161350844,0.3050944340212633,0.18,0.096,0,,0.0,0.0,37.74666666666667,0.0,3083.6444444444446,20668.244347030562,1541.8222222222223
2023-04-10 21:00:00,21,0,0,False,-0.16277777777777777,0.0,-0.9069444444444444,37.975,483.01944444444445,60.01058314722221,21.375833083333337,20.876666427777778,0.0,37.975,-0.16277777777777777,0.0,37.975,37.812222222222225,483.01944444444445,60.01058314722221,37.812222222222225,0.0,0.5873002233333438,0.0,0.0,0.7844444444444444,39.00562851782364,0.3059774859287054,0.18,0.096,0,,0.0,0.0,37.812222222222225,0.0,3083.6444444444446,20668.244347030562,1541.8222222222223
2023-04-10 22:00:00,22,0,0,False,-0.15944444444444444,0.0,-0.935,37.975,482.84722222222223,60.011471724999986,21.131944549999996,20.71694471388889,0.0,37.975,-0.15944444444444444,0.0,37.975,37.815555555555555,482.84722222222223,60.011471724999986,37.815555555555555,0.0,0.5862339300000172,0.0,0.0,0.7844444444444444,39.23076923076923,0.3077435897435898,0.18,0.096,0,,0.0,0.0,37.815555555555555,0.0,3083.6444444444446,20668.244347030562,1541.8222222222223
2023-04-10 23:00:00,23,0,0,False,-0.15722222222222224,0.0,-0.9275,37.975,484.09444444444443,60.01591603611111,20.738888944444444,20.477777783333334,0.0,37.975,-0.15722222222222224,0.0,37.975,37.81777777777778,484.09444444444443,60.01591603611111,37.81777777777778,0.0,0.5809007566666707,0.0,0.0,0.7844444444444444,39.38086303939962,0.3089209922868459,0.12,0.08,0,,0.0,0.0,37.81777777777778,0.0,3083.6444444444446,20668.244347030562,1541.8222222222223
2023-04-11 00:00:00,0,0,1,False,-0.1563888888888889,0.0,-0.9149999999999999,37.92777777777778,484.40277777777777,60.00661077777778,20.44722207777778,20.25027769722222,0.0,37.92777777777778,-0.1563888888888889,0.0,37.92777777777778,37.771388888888886,484.40277777777777,60.00661077777778,37.771388888888886,0.0,0.5920670666666638,0.0,0.0,0.7844444444444444,39.43714821763602,0.309362518240567,0.12,0.08,0,,0.0,0.0,37.771388888888886,0.0,3083.6444444444446,20668.244347030562,1541.8222222222223
2023-04-11 01:00:00,1,0,1,False,-0.13861111111111113,0.0,-0.8644444444444445,37.78888888888889,482.575,60.00338899166666,20.008055652777774,19.9508332,0.0,37.78888888888889,-0.13861111111111113,0.0,37.78888888888889,37.65027777777778,482.575,60.00338899166666,37.65027777777778,0.0,0.5959332100000069,0.0,0.0,0.7844444444444444,40.63789868667917,0.3187817385866166,0.12,0.08,0,,0.0,0.0,37.65027777777778,0.0,3083.6444444444446,20668.244347030562,1541.8222222222223
2023-04-11 02:00:00,2,0,1,False,-0.1386111111111111,0.0,-0.8583333333333333,37.73888888888889,482.7583333333333,59.99458361944445,19.453611169444443,19.578889116666666,0.0,37.73888888888889,-0.1386111111111111,0.0,37.73888888888889,37.60027777777778,482.7583333333333,59.99458361944445,37.60027777777778,0.0,0.5935003433333378,0.0,0.0,0.7844444444444444,40.63789868667918,0.3187817385866167,0.12,0.08,0,,0.0,0.0,37.60027777777778,0.0,3083.6444444444446,20668.244347030562,1541.8222222222223
2023-04-11 03:00:00,3,0,1,False,-0.13111111111111115,0.0,-0.823888888888889,37.775,483.23333333333335,59.98916682777778,18.916111258333334,19.320000008333334,0.0,37.775,-0.13111111111111115,0.0,37.775,37.64388888888889,483.23333333333335,59.98916682777778,37.64388888888889,0.0,0.5870001933333355,0.0,0.0,0.7844444444444444,41.14446529080675,0.32275547217010625,0.12,0.08,0,,0.0,0.0,37.64388888888889,0.0,3083.6444444444446,20668.244347030562,1541.8222222222223
2023-04-11 04:00:00,4,0,1,False,-0.12444444444444444,0.0,-0.8161111111111111,37.75555555555555,481.7472222222222,59.99558355833334,18.394444408333335,19.02916673611111,0.0,37.75555555555555,-0.12444444444444444,0.0,37.75555555555555,37.63111111111111,481.7472222222222,59.99558355833334,37.63111111111111,0.0,0.5947002700000041,0.0,0.0,0.7844444444444444,41.594746716697934,0.3262876797998749,0.12,0.08,0,,0.0,0.0,37.63111111111111,0.0,3083.6444444444446,20668.244347030562,1541.8222222222223
2023-04-11 05:00:00,5,0,1,False,-0.11472222222222221,-0.03333333333333333,-0.8,37.75833333333333,481.5777777777778,59.98905590555557,17.854444511111108,18.716388988888887,0.0,37.75833333333333,-0.11472222222222221,0.0,37.75833333333333,37.64361111111111,481.5777777777778,59.98905590555557,37.64361111111111,0.0,0.5868670866666804,0.0,0.0,0.7844444444444444,42.25140712945591,0.33143881592662083,0.12,0.08,0,,0.0,0.0,37.64361111111111,0.0,3083.6444444444446,20668.244347030562,1541.8222222222223
2023-04-11 06:00:00,6,0,1,False,-0.11611111111111112,3.841666666666667,-0.7902777777777777,37.98888888888889,481.8305555555556,59.98519472222223,17.319722258333336,18.419722041666667,3.841666666666667,37.98888888888889,-0.11611111111111112,0.0,41.830555555555556,41.714444444444446,481.8305555555556,59.98519472222223,41.714444444444446,0.0,0.5822336666666785,9.18387675144432,0.0,0.7844444444444444,42.15759849906191,0.3307029393370856,0.18,0.096,0,,3.841666666666667,0.0,41.714444444444446,1.9208333333333334,3087.4861111111113,20668.244347030562,1543.7430555555557
2023-04-11 07:00:00,7,0,1,False,-0.10083333333333333,14.447222222222223,-0.7622222222222221,37.82222222222222,481.56111111111113,59.98880572777778,16.938610875,18.19194473888889,14.447222222222223,37.82222222222222,-0.10083333333333333,0.0,52.269444444444446,52.16861111111111,481.56111111111113,59.98880572777778,52.16861111111111,0.0,0.5865668733333365,27.63990009034384,0.0,0.7844444444444444,43.189493433395874,0.33879758182197206,0.18,0.096,0,,14.447222222222223,0.0,52.16861111111111,7.223611111111111,3101.9333333333334,20668.244347030562,1550.9666666666667
2023-04-11 08:00:00,8,0,1,False,-0.10472222222222222,18.241666666666667,-0.7813888888888889,37.980555555555554,479.975,60.0078605361111,16.819165858333335,18.13527813055555,18.241666666666667,37.980555555555554,-0.10472222222222222,0.0,56.22222222222222,56.1175,479.975,60.0078605361111,56.1175,0.0,0.5905673566666764,32.44565217391304,0.0,0.7844444444444444,42.926829268292686,0.3367371273712737,0.18,0.096,0,,18.241666666666667,0.0,56.1175,9.120833333333334,3120.175,20668.244347030562,1560.0875
2023-04-11 09:00:00,9,0,1,False,-0.095,24.61111111111111,-0.7602777777777779,37.727777777777774,479.76944444444445,60.006971783333334,16.995833355555554,18.27972220277778,24.61111111111111,37.727777777777774,-0.095,0.0,62.33888888888889,62.24388888888889,479.76944444444445,60.006971783333334,62.24388888888889,0.0,0.5916338599999988,39.47954727742625,0.0,0.7844444444444444,43.58348968105066,0.3418882634980196,0.18,0.096,0,,24.61111111111111,0.0,62.24388888888889,12.305555555555555,3144.7861111111115,20668.244347030562,1572.3930555555557
2023-04-11 10:00:00,10,0,1,False,-0.10611111111111111,28.725,-0.7872222222222222,37.53333333333333,478.7055555555556,60.00694398055555,17.39194448611111,18.494722244444443,28.725,37.53333333333333,-0.10611111111111111,0.0,66.25833333333333,66.15222222222222,478.7055555555556,60.00694398055555,66.15222222222222,0.0,0.5916672233333429,43.35303735379198,0.0,0.7844444444444444,42.833020637898684,0.33600125078173854,0.18,0.096,0,,28.725,0.0,66.15222222222222,14.3625,3173.5111111111114,20668.244347030562,1586.7555555555557
2023-04-11 11:00:00,11,0,1,False,-0.10638888888888888,27.20277777777778,-0.7805555555555556,37.43888888888889,478.1611111111111,60.00794378055556,17.87833336111111,18.716944830555555,27.20277777777778,37.43888888888889,-0.10638888888888888,0.0,64.64166666666667,64.53527777777778,478.1611111111111,60.00794378055556,64.53527777777778,0.0,0.5904674633333314,42.08242017962271,0.0,0.7844444444444444,42.81425891181989,0.33585407546383156,0.12,0.08,0,,27.20277777777778,0.0,64.53527777777778,13.60138888888889,3200.713888888889,20668.244347030562,1600.3569444444445
2023-04-11 12:00:00,12,0,1,False,-0.11388888888888889,27.7,-0.7658333333333333,37.05833333333333,477.85555555555555,59.99877779166666,18.436111313888887,19.036944511111113,27.7,37.05833333333333,-0.11388888888888889,0.0,64.75833333333333,64.64444444444443,477.85555555555555,59.99877779166666,64.64444444444443,0.0,0.5985333499999939,42.774417706858834,0.0,0.7844444444444444,42.30769230769231,0.3318803418803419,0.12,0.08,0,,27.7,0.0,64.64444444444443,13.85,3228.413888888889,20668.244347030562,1614.2069444444444
2023-04-11 13:00:00,13,0,1,False,-0.11472222222222224,26.91111111111111,-0.7997222222222221,37.03333333333333,477.3638888888889,59.988639199999994,19.02111096666667,19.344444425,26.91111111111111,37.03333333333333,-0.11472222222222224,0.0,63.94444444444444,63.82972222222222,477.3638888888889,59.988639199999994,63.82972222222222,0.0,0.5863670399999933,42.08514335360557,0.0,0.7844444444444444,42.25140712945591,0.33143881592662083,0.12,0.08,0,,26.91111111111111,0.0,63.82972222222222,13.455555555555556,3255.325,20668.244347030562,1627.6625
2023-04-11 14:00:00,14,0,1,False,-0.12611111111111112,26.119444444444444,-0.8177777777777777,37.00833333333333,478.8277777777778,60.011305033333336,19.638333436111107,19.77527794166667,26.119444444444444,37.00833333333333,-0.12611111111111112,0.0,63.12777777777778,63.00166666666667,478.8277777777778,60.011305033333336,63.00166666666667,0.0,0.5864339599999965,41.37551702895362,0.0,0.7844444444444444,41.48217636022514,0.32540462789243274,0.12,0.08,0,,26.119444444444444,0.0,63.00166666666667,13.059722222222222,3281.4444444444443,20668.244347030562,1640.7222222222222
2023-04-11 15:00:00,15,0,1,False,-0.13361111111111112,15.380555555555556,-0.8333333333333334,37.03611111111111,478.68611111111113,60.00075004444445,20.208888897222224,20.187500030555555,15.380555555555556,37.03611111111111,-0.13361111111111112,0.0,52.41666666666667,52.28305555555556,478.68611111111113,60.00075004444445,52.28305555555556,0.0,0.5990999466666579,29.342872284048756,0.0,0.7844444444444444,40.97560975609756,0.3214308943089431,0.12,0.08,0,,15.380555555555556,0.0,52.28305555555556,7.690277777777778,3296.825,20668.244347030562,1648.4125
2023-04-11 16:00:00,16,0,1,False,-0.1425,16.775,-0.8861111111111111,37.01111111111111,479.4638888888889,59.99061176666666,20.56916700833333,20.412499855555556,16.775,37.01111111111111,-0.1425,0.0,53.78611111111111,53.64361111111111,479.4638888888889,59.99061176666666,53.64361111111111,0.0,0.5887341199999924,31.188348912875067,0.0,0.7844444444444444,40.37523452157598,0.3167212841359182,0.12,0.08,0,,16.775,0.0,53.64361111111111,8.3875,3313.6,20668.244347030562,1656.8
2023-04-11 17:00:00,17,0,1,False,-0.1461111111111111,6.211111111111111,-0.8683333333333334,37.205555555555556,482.93055555555554,59.99730554166667,20.83638842777778,20.491388888888892,6.211111111111111,37.205555555555556,-0.1461111111111111,0.0,43.416666666666664,43.27055555555555,482.93055555555554,59.99730554166667,43.27055555555555,0.0,0.5967666500000035,14.305822136916188,0.0,0.7844444444444444,40.131332082551594,0.31480800500312695,0.12,0.08,0,,6.211111111111111,0.0,43.27055555555555,3.1055555555555556,3319.811111111111,20668.244347030562,1659.9055555555556
2023-04-11 18:00:00,18,0,1,False,-0.15083333333333335,-0.10555555555555556,-0.8777777777777777,37.75833333333333,483.85,60.00116668333333,20.91,20.520555555555553,0.0,37.75833333333333,-0.15083333333333335,0.0,37.75833333333333,37.6075,483.85,60.00116668333333,37.6075,0.0,0.598599980000003,0.0,0.0,0.7844444444444444,39.812382739212005,0.3123060245987075,0.18,0.096,0,,0.0,0.0,37.6075,0.0,3319.811111111111,20668.244347030562,1659.9055555555556
2023-04-11 19:00:00,19,0,1,False,-0.17055555555555554,0.0,-0.9383333333333332,37.9,482.6611111111111,59.98725042777778,20.924166666666668,20.545277777777777,0.0,37.9,-0.17055555555555554,0.0,37.9,37.72944444444445,482.6611111111111,59.98725042777778,37.72944444444445,0.0,0.5847005133333368,0.0,0.0,0.7844444444444444,38.48030018761726,0.3018565770273087,0.18,0.096,0,,0.0,0.0,37.72944444444445,0.0,3319.811111111111,20668.244347030562,1659.9055555555556
2023-04-11 20:00:00,20,0,1,False,-0.17722222222222223,0.0,-0.9438888888888889,37.958333333333336,485.1777777777778,60.002277625000005,20.864444086111114,20.50888888888889,0.0,37.958333333333336,-0.17722222222222223,0.0,37.958333333333336,37.781111111111116,485.1777777777778,60.002277625000005,37.781111111111116,0.0,0.597266849999994,0.0,0.0,0.7844444444444444,38.03001876172608,0.29832436939754015,0.18,0.096,0,,0.0,0.0,37.781111111111116,0.0,3319.811111111111,20668.244347030562,1659.9055555555556
2023-04-11 21:00:00,21,0,1,False,-0.1638888888888889,0.0,-0.9377777777777777,38.0,486.51944444444445,60.00061109722222,20.704722530555554,20.381944197222225,0.0,38.0,-0.1638888888888889,0.0,38.0,37.83611111111111,486.51944444444445,60.00061109722222,37.83611111111111,0.0,0.5992666833333373,0.0,0.0,0.7844444444444444,38.93058161350844,0.30538878465707725,0.18,0.096,0,,0.0,0.0,37.83611111111111,0.0,3319.811111111111,20668.244347030562,1659.9055555555556
2023-04-11 22:00:00,22,0,1,False,-0.16222222222222224,0.0,-0.9302777777777778,37.99722222222222,485.5472222222222,60.00819428055555,20.341666727777778,20.18000023333333,0.0,37.99722222222222,-0.16222222222222224,0.0,37.99722222222222,37.835,485.5472222222222,60.00819428055555,37.835,0.0,0.59016686333334,0.0,0.0,0.7844444444444444,39.04315196998124,0.30627183656451945,0.18,0.096,0,,0.0,0.0,37.835,0.0,3319.811111111111,20668.244347030562,1659.9055555555556
2023-04-11 23:00:00,23,0,1,False,-0.15805555555555556,0.0,-0.9008333333333332,37.983333333333334,481.52777777777777,60.019860388888894,20.077222522222222,19.939722047222226,0.0,37.983333333333334,-0.15805555555555556,0.0,37.983333333333334,37.82527777777778,481.52777777777777,60.019860388888894,37.82527777777778,0.0,0.5761675333333273,0.0,0.0,0.7844444444444444,39.32457786116323,0.30847946633312484,0.12,0.08,0,,0.0,0.0,37.82527777777778,0.0,3319.811111111111,20668.244347030562,1659.9055555555556
2023-04-12 00:00:00,0,0,2,False,-0.1602777777777778,0.0,-0.8930555555555556,37.98888888888889,482.85833333333335,59.99797235277778,19.62500008055556,19.61250023611111,0.0,37.98888888888889,-0.1602777777777778,0.0,37.98888888888889,37.82861111111111,482.85833333333335,59.99797235277778,37.82861111111111,0.0,0.5975668233333351,0.0,0.0,0.7844444444444444,39.17448405253283,0.30730206378986863,0.12,0.08,0,,0.0,0.0,37.82861111111111,0.0,3319.811111111111,20668.244347030562,1659.9055555555556
2023-04-12 01:00:00,1,0,2,False,-0.13055555555555556,0.0,-0.8488888888888889,37.96944444444444,484.6333333333333,59.997666502777776,19.141388905555555,19.358610933333335,0.0,37.96944444444444,-0.13055555555555556,0.0,37.96944444444444,37.83888888888889,484.6333333333333,59.997666502777776,37.83888888888889,0.0,0.5971998033333307,0.0,0.0,0.7844444444444444,41.18198874296435,0.3230498228059203,0.12,0.08,0,,0.0,0.0,37.83888888888889,0.0,3319.811111111111,20668.244347030562,1659.9055555555556
2023-04-12 02:00:00,2,0,2,False,-0.1388888888888889,0.0,-0.8783333333333333,37.96944444444444,485.60555555555555,60.007527713888884,18.624166775,19.08277795833333,0.0,37.96944444444444,-0.1388888888888889,0.0,37.96944444444444,37.830555555555556,485.60555555555555,60.007527713888884,37.830555555555556,0.0,0.5909667433333397,0.0,0.0,0.7844444444444444,40.61913696060037,0.31863456326870954,0.12,0.08,0,,0.0,0.0,37.830555555555556,0.0,3319.811111111111,20668.244347030562,1659.9055555555556
2023-04-12 03:00:00,3,0,2,False,-0.1441666666666667,0.0,-0.8866666666666666,37.983333333333334,485.85833333333335,60.01266604444445,18.155555519444444,18.801944447222223,0.0,37.983333333333334,-0.1441666666666667,0.0,37.983333333333334,37.83916666666667,485.85833333333335,60.01266604444445,37.83916666666667,0.0,0.5848007466666587,0.0,0.0,0.7844444444444444,40.26266416510319,0.3158382322284761,0.12,0.08,0,,0.0,0.0,37.83916666666667,0.0,3319.811111111111,20668.244347030562,1659.9055555555556
2023-04-12 04:00:00,4,0,2,False,-0.13472222222222224,0.0,-0.8438888888888888,37.99166666666667,484.84722222222223,60.00572197499999,17.712222355555554,18.570833502777777,0.0,37.99166666666667,-0.13472222222222224,0.0,37.99166666666667,37.856944444444444,484.84722222222223,60.00572197499999,37.856944444444444,0.0,0.5931336300000083,0.0,0.0,0.7844444444444444,40.90056285178236,0.320842193037315,0.12,0.08,0,,0.0,0.0,37.856944444444444,0.0,3319.811111111111,20668.244347030562,1659.9055555555556
2023-04-12 05:00:00,5,0,2,False,-0.11444444444444445,-0.05,-0.8105555555555555,37.99166666666667,483.1777777777778,60.002277891666665,17.351666641666668,18.36972191666667,0.0,37.99166666666667,-0.11444444444444445,0.0,37.99166666666667,37.87722222222222,483.1777777777778,60.002277891666665,37.87722222222222,0.0,0.5972665300000016,0.0,0.0,0.7844444444444444,42.270168855534706,0.3315859912445278,0.12,0.08,0,,0.0,0.0,37.87722222222222,0.0,3319.811111111111,20668.244347030562,1659.9055555555556
2023-04-12 06:00:00,6,0,2,False,-0.12361111111111113,4.038888888888889,-0.8294444444444445,37.980555555555554,483.3666666666667,59.99775009722222,17.028888927777775,18.15277803333333,4.038888888888889,37.980555555555554,-0.12361111111111113,0.0,42.019444444444446,41.895833333333336,483.3666666666667,59.99775009722222,41.895833333333336,0.0,0.5973001166666677,9.61195213856019,0.0,0.7844444444444444,41.651031894934334,0.32672920575359593,0.18,0.096,0,,4.038888888888889,0.0,41.895833333333336,2.0194444444444444,3323.85,20668.244347030562,1661.925
2023-04-12 07:00:00,7,0,2,False,-0.11222222222222224,9.619444444444444,-0.8083333333333333,37.97222222222222,484.2916666666667,59.98761159166667,16.809443563888895,18.039166666666667,9.619444444444444,37.97222222222222,-0.11222222222222224,0.0,47.59166666666667,47.47944444444445,484.2916666666667,59.98761159166667,47.47944444444445,0.0,0.5851339100000047,20.212455495243095,0.0,0.7844444444444444,42.4202626641651,0.33276339378778397,0.18,0.096,0,,9.619444444444444,0.0,47.47944444444445,4.809722222222222,3333.4694444444444,20668.244347030562,1666.7347222222222
2023-04-12 08:00:00,8,0,2,False,-0.09277777777777778,13.858333333333333,-0.7744444444444446,37.98888888888889,484.80833333333334,59.98780638888889,16.792499150000005,18.012777777777778,13.858333333333333,37.98888888888889,-0.09277777777777778,0.0,51.84722222222222,51.754444444444445,484.80833333333334,59.98780638888889,51.754444444444445,0.0,0.5853676666666701,26.729172247522097,0.0,0.7844444444444444,43.73358348968105,0.3430656660412758,0.18,0.096,0,,13.858333333333333,0.0,51.754444444444445,6.929166666666666,3347.3277777777776,20668.244347030562,1673.6638888888888
2023-04-12 09:00:00,9,0,2,False,-0.10111111111111112,21.33888888888889,-0.7955555555555555,37.855555555555554,486.90833333333336,59.99769458055555,16.92249972777778,18.093611141666663,21.33888888888889,37.855555555555554,-0.10111111111111112,0.0,59.19444444444444,59.093333333333334,486.90833333333336,59.99769458055555,59.093333333333334,0.0,0.5972334966666636,36.048803378695446,0.0,0.7844444444444444,43.170731707317074,0.338650406504065,0.18,0.096,0,,21.33888888888889,0.0,59.093333333333334,10.669444444444444,3368.6666666666665,20668.244347030562,1684.3333333333333
2023-04-12 10:00:00,10,0,2,False,-0.11083333333333335,23.613888888888887,-0.828888888888889,37.80833333333333,488.0833333333333,60.024332788888884,17.181944505555556,18.246944530555556,23.613888888888887,37.80833333333333,-0.11083333333333335,0.0,61.42222222222222,61.311388888888885,488.0833333333333,60.024332788888884,61.311388888888885,0.0,0.5708006533333388,38.44518813314038,0.0,0.7844444444444444,42.5140712945591,0.33349927037731913,0.18,0.096,0,,23.613888888888887,0.0,61.311388888888885,11.806944444444444,3392.2805555555556,20668.244347030562,1696.1402777777778
2023-04-12 11:00:00,11,0,2,False,-0.11499999999999999,25.613888888888887,-0.8136111111111111,37.43888888888889,486.6,60.014388197222225,17.569722441666666,18.453611105555556,25.613888888888887,37.43888888888889,-0.11499999999999999,0.0,63.05277777777778,62.937777777777775,486.6,60.014388197222225,62.937777777777775,0.0,0.5827341633333304,40.622934931054225,0.0,0.7844444444444444,42.23264540337711,0.33129164060871374,0.12,0.08,0,,25.613888888888887,0.0,62.937777777777775,12.806944444444444,3417.8944444444446,20668.244347030562,1708.9472222222223
2023-04-12 12:00:00,12,0,2,False,-0.11916666666666668,27.397222222222222,-0.8272222222222221,37.525,486.5,60.010610716666655,18.05361108888889,18.6830559,27.397222222222222,37.525,-0.11916666666666668,0.0,64.92222222222222,64.80305555555555,486.5,60.010610716666655,64.80305555555555,0.0,0.5872671400000143,42.20006845798391,0.0,0.7844444444444444,41.951219512195124,0.3290840108401084,0.12,0.08,0,,27.397222222222222,0.0,64.80305555555555,13.698611111111111,3445.291666666667,20668.244347030562,1722.6458333333335
2023-04-12 13:00:00,13,0,2,False,-0.12194444444444444,34.725,-0.815,37.125,484.61944444444447,59.98975025833333,18.606111122222224,18.963610955555556,34.725,37.125,-0.12194444444444444,0.0,71.85,71.72805555555556,484.61944444444447,59.98975025833333,71.72805555555556,0.0,0.5877003099999968,48.32985386221295,0.0,0.7844444444444444,41.76360225140713,0.32761225766103813,0.12,0.08,0,,34.725,0.0,71.72805555555556,17.3625,3480.016666666667,20668.244347030562,1740.0083333333334
2023-04-12 14:00:00,14,0,2,False,-0.13583333333333333,33.87777777777778,-0.865,37.06388888888889,485.6694444444444,59.997777936111106,19.177499944444445,19.34222227222222,33.87777777777778,37.06388888888889,-0.13583333333333333,0.0,70.94166666666666,70.80583333333333,485.6694444444444,59.997777936111106,70.80583333333333,0.0,0.5973335233333273,47.75441481655508,0.0,0.7844444444444444,40.82551594746717,0.32025349176568685,0.12,0.08,0,,33.87777777777778,0.0,70.80583333333333,16.93888888888889,3513.8944444444446,20668.244347030562,1756.9472222222223
2023-04-12 15:00:00,15,0,2,False,-0.1375,17.330555555555556,-0.8766666666666667,37.05277777777778,486.22777777777776,60.01388803333332,19.606667177777773,19.63555598611111,17.330555555555556,37.05277777777778,-0.1375,0.0,54.38333333333333,54.24583333333333,486.22777777777776,60.01388803333332,54.24583333333333,0.0,0.5833343600000119,31.867402186127286,0.0,0.7844444444444444,40.71294559099437,0.3193704398582447,0.12,0.08,0,,17.330555555555556,0.0,54.24583333333333,8.665277777777778,3531.2250000000004,20668.244347030562,1765.6125000000002
2023-04-12 16:00:00,16,0,2,False,-0.15055555555555555,12.4,-0.8902777777777777,37.09166666666667,485.5,60.01136070555555,19.837499780555557,19.72416715,12.4,37.09166666666667,-0.15055555555555555,0.0,49.49166666666667,49.34111111111111,485.5,60.01136070555555,49.34111111111111,0.0,0.586367153333336,25.05472301734299,0.0,0.7844444444444444,39.831144465290805,0.3124531999166145,0.12,0.08,0,,12.4,0.0,49.34111111111111,6.2,3543.6250000000005,20668.244347030562,1771.8125000000002
2023-04-12 17:00:00,17,0,2,False,-0.15722222222222224,3.4972222222222222,-0.9227777777777779,37.522222222222226,484.8388888888889,59.98886203055556,20.08138888888889,19.867221886111114,3.4972222222222222,37.522222222222226,-0.15722222222222224,0.0,41.019444444444446,40.86222222222222,484.8388888888889,59.98886203055556,40.86222222222222,0.0,0.5866344366666709,8.525766912710774,0.0,0.7844444444444444,39.38086303939962,0.3089209922868459,0.12,0.08,0,,3.4972222222222222,0.0,40.86222222222222,1.7486111111111111,3547.1222222222227,20668.244347030562,1773.5611111111114
2023-04-12 18:00:00,18,0,2,False,-0.16194444444444445,-0.36944444444444446,-0.9383333333333332,37.90555555555556,484.46666666666664,59.981167275000004,20.133055886111112,19.90166663055556,0.0,37.90555555555556,-0.16194444444444445,0.0,37.90555555555556,37.743611111111115,484.46666666666664,59.981167275000004,37.743611111111115,0.0,0.577400730000005,0.0,0.0,0.7844444444444444,39.06191369606004,0.30641901188242654,0.18,0.096,0,,0.0,0.0,37.743611111111115,0.0,3547.1222222222227,20668.244347030562,1773.5611111111114
2023-04-12 19:00:00,19,0,2,False,-0.16416666666666668,0.0,-0.9544444444444443,37.93888888888889,486.68888888888887,59.98069499166667,20.130278080555556,19.897499955555556,0.0,37.93888888888889,-0.16416666666666668,0.0,37.93888888888889,37.77472222222222,486.68888888888887,59.98069499166667,37.77472222222222,0.0,0.57683399,0.0,0.0,0.7844444444444444,38.911819887429644,0.3052416093391703,0.18,0.096,0,,0.0,0.0,37.77472222222222,0.0,3547.1222222222227,20668.244347030562,1773.5611111111114
2023-04-12 20:00:00,20,0,2,False,-0.15916666666666668,0.0,-0.9138888888888889,37.95,485.05833333333334,59.997250152777774,20.099166666666665,19.85555510277778,0.0,37.95,-0.15916666666666668,0.0,37.95,37.79083333333334,485.05833333333334,59.997250152777774,37.79083333333334,0.0,0.5967001833333284,0.0,0.0,0.7844444444444444,39.24953095684803,0.3078907650614967,0.18,0.096,0,,0.0,0.0,37.79083333333334,0.0,3547.1222222222227,20668.244347030562,1773.5611111111114
2023-04-12 21:00:00,21,0,2,False,-0.1625,0.0,-0.9338888888888889,37.916666666666664,484.7027777777778,59.99302796111111,20.009166666666665,19.77222184444444,0.0,37.916666666666664,-0.1625,0.0,37.916666666666664,37.75416666666666,484.7027777777778,59.99302796111111,37.75416666666666,0.0,0.5916335533333325,0.0,0.0,0.7844444444444444,39.02439024390244,0.3061246612466125,0.18,0.096,0,,0.0,0.0,37.75416666666666,0.0,3547.1222222222227,20668.244347030562,1773.5611111111114
2023-04-12 22:00:00,22,0,2,False,-0.15861111111111112,0.0,-0.9219444444444446,38.0,483.425,59.99758343888889,19.830833166666668,19.680556311111108,0.0,38.0,-0.15861111111111112,0.0,38.0,37.841388888888886,483.425,59.99758343888889,37.841388888888886,0.0,0.5971001266666661,0.0,0.0,0.7844444444444444,39.28705440900563,0.3081851156973108,0.18,0.096,0,,0.0,0.0,37.841388888888886,0.0,3547.1222222222227,20668.244347030562,1773.5611111111114
2023-04-12 23:00:00,23,0,2,False,-0.1538888888888889,0.0,-0.8958333333333334,37.99722222222222,484.6722222222222,60.00422218055555,19.518055677777777,19.505277777777778,0.0,37.99722222222222,-0.1538888888888889,0.0,37.99722222222222,37.843333333333334,484.6722222222222,60.00422218055555,37.843333333333334,0.0,0.5949333833333383,0.0,0.0,0.7844444444444444,39.60600375234522,0.31068709610173023,0.12,0.08,0,,0.0,0.0,37.843333333333334,0.0,3547.1222222222227,20668.244347030562,1773.5611111111114
2023-04-13 00:00:00,0,0,3,False,-0.15138888888888888,0.0,-0.9174999999999999,38.0,485.30833333333334,60.01097189166666,19.306944408333333,19.328610925,0.0,38.0,-0.15138888888888888,0.0,38.0,37.84861111111111,485.30833333333334,60.01097189166666,37.84861111111111,0.0,0.586833730000012,0.0,0.0,0.7844444444444444,39.77485928705441,0.3120116739628935,0.12,0.08,0,,0.0,0.0,37.84861111111111,0.0,3547.1222222222227,20668.244347030562,1773.5611111111114
2023-04-13 01:00:00,1,0,3,False,-0.1577777777777778,0.0,-0.9077777777777777,38.0,485.0416666666667,60.00005553055556,19.044722266666668,19.14527822222222,0.0,38.0,-0.1577777777777778,0.0,38.0,37.84222222222222,485.0416666666667,60.00005553055556,37.84222222222222,0.0,0.5999333633333321,0.0,0.0,0.7844444444444444,39.34333958724203,0.3086266416510319,0.12,0.08,0,,0.0,0.0,37.84222222222222,0.0,3547.1222222222227,20668.244347030562,1773.5611111111114
2023-04-13 02:00:00,2,0,3,False,-0.14333333333333337,0.0,-0.8780555555555555,38.0,484.2583333333333,60.01161046666666,18.740833549999998,19.03388888888889,0.0,38.0,-0.14333333333333337,0.0,38.0,37.85666666666667,484.2583333333333,60.01161046666666,37.85666666666667,0.0,0.5860674400000079,0.0,0.0,0.7844444444444444,40.31894934333958,0.31627975818219717,0.12,0.08,0,,0.0,0.0,37.85666666666667,0.0,3547.1222222222227,20668.244347030562,1773.5611111111114
2023-04-13 03:00:00,3,0,3,False,-0.14305555555555555,0.0,-0.8588888888888888,38.0,482.9611111111111,59.99575029999999,18.46583323611111,18.870555213888892,0.0,38.0,-0.14305555555555555,0.0,38.0,37.856944444444444,482.9611111111111,59.99575029999999,37.856944444444444,0.0,0.5949003599999884,0.0,0.0,0.7844444444444444,40.33771106941839,0.31642693350010426,0.12,0.08,0,,0.0,0.0,37.856944444444444,0.0,3547.1222222222227,20668.244347030562,1773.5611111111114
2023-04-13 04:00:00,4,0,3,False,-0.1252777777777778,0.0,-0.8602777777777777,37.99722222222222,482.8333333333333,59.98891688888889,18.16638893611111,18.68805599444444,0.0,37.99722222222222,-0.1252777777777778,0.0,37.99722222222222,37.871944444444445,482.8333333333333,59.98891688888889,37.871944444444445,0.0,0.586700266666665,0.0,0.0,0.7844444444444444,41.53846153846153,0.3258461538461538,0.12,0.08,0,,0.0,0.0,37.871944444444445,0.0,3547.1222222222227,20668.244347030562,1773.5611111111114
2023-04-13 05:00:00,5,0,3,False,-0.11500000000000002,-0.030555555555555555,-0.81,37.98888888888889,482.90833333333336,60.00463900277777,17.775833469444446,18.456388858333337,0.0,37.98888888888889,-0.11500000000000002,0.0,37.98888888888889,37.873888888888885,482.90833333333336,60.00463900277777,37.873888888888885,0.0,0.5944331966666737,0.0,0.0,0.7844444444444444,42.232645403377106,0.33129164060871374,0.12,0.08,0,,0.0,0.0,37.873888888888885,0.0,3547.1222222222227,20668.244347030562,1773.5611111111114
2023-04-13 06:00:00,6,0,3,False,-0.11055555555555555,3.7555555555555555,-0.8025,37.99166666666667,483.5111111111111,60.016555080555555,17.381111041666664,18.257222119444442,3.7555555555555555,37.99166666666667,-0.11055555555555555,0.0,41.74722222222222,41.63666666666666,483.5111111111111,60.016555080555555,41.63666666666666,0.0,0.5801339033333335,8.99594118038459,0.0,0.7844444444444444,42.532833020637895,0.3336464456952261,0.18,0.096,0,,3.7555555555555555,0.0,41.63666666666666,1.8777777777777778,3550.877777777778,20668.244347030562,1775.438888888889
2023-04-13 07:00:00,7,0,3,False,-0.11055555555555557,15.219444444444445,-0.7847222222222222,38.0,481.2027777777778,60.00858325277777,17.106666886111107,18.086388924999998,15.219444444444445,38.0,-0.11055555555555557,0.0,53.21944444444445,53.10888888888889,481.2027777777778,60.00858325277777,53.10888888888889,0.0,0.589700096666678,28.5975259669085,0.0,0.7844444444444444,42.532833020637895,0.3336464456952261,0.18,0.096,0,,15.219444444444445,0.0,53.10888888888889,7.6097222222222225,3566.0972222222226,20668.244347030562,1783.0486111111113
2023-04-13 08:00:00,8,0,3,False,-0.1088888888888889,26.483333333333334,-0.7833333333333333,37.99722222222222,481.84444444444443,60.016693847222214,16.938055555555557,17.988888888888887,26.483333333333334,37.99722222222222,-0.1088888888888889,0.0,64.48055555555555,64.37166666666667,481.84444444444443,60.016693847222214,64.37166666666667,0.0,0.5799673833333429,41.07181320811614,0.0,0.7844444444444444,42.645403377110696,0.3345294976026683,0.18,0.096,0,,26.483333333333334,0.0,64.37166666666667,13.241666666666667,3592.5805555555557,20668.244347030562,1796.2902777777779
2023-04-13 09:00:00,9,0,3,False,-0.11444444444444443,34.233333333333334,-0.8375,37.96111111111111,484.6,59.998805597222216,17.051388902777777,17.99111110833333,34.233333333333334,37.96111111111111,-0.11444444444444443,0.0,72.19444444444444,72.08,484.6,59.998805597222216,72.08,0.0,0.5985667166666587,47.41823778376299,0.0,0.7844444444444444,42.270168855534706,0.3315859912445278,0.18,0.096,0,,34.233333333333334,0.0,72.08,17.116666666666667,3626.813888888889,20668.244347030562,1813.4069444444444
2023-04-13 10:00:00,10,0,3,False,-0.11138888888888887,40.66111111111111,-0.8080555555555555,37.980555555555554,484.8777777777778,60.01024937222222,17.545833563888888,18.211666511111112,40.66111111111111,37.980555555555554,-0.11138888888888887,0.0,78.64166666666667,78.53027777777778,484.8777777777778,60.01024937222222,78.53027777777778,0.0,0.5877007533333369,51.70428455370703,0.0,0.7844444444444444,42.4765478424015,0.33320491974150507,0.18,0.096,0,,40.66111111111111,0.0,78.53027777777778,20.330555555555556,3667.475,20668.244347030562,1833.7375
2023-04-13 11:00:00,11,0,3,False,-0.12777777777777777,43.894444444444446,-0.8597222222222223,37.99722222222222,483.0388888888889,60.00111091944444,18.042222152777775,18.459722194444446,43.894444444444446,37.99722222222222,-0.12777777777777777,0.0,81.89166666666667,81.76388888888889,483.0388888888889,60.00111091944444,81.76388888888889,0.0,0.5986668966666684,53.600624130796106,0.0,0.7844444444444444,41.369606003752345,0.3245215759849906,0.12,0.08,0,,43.894444444444446,0.0,81.76388888888889,21.947222222222223,3711.3694444444445,20668.244347030562,1855.6847222222223
2023-04-13 12:00:00,12,0,3,False,-0.13166666666666665,36.605555555555554,-0.8519444444444444,37.91388888888889,482.84444444444443,60.01188816666666,18.588611150000002,18.73277773888889,36.605555555555554,37.91388888888889,-0.13166666666666665,0.0,74.51944444444445,74.38777777777779,482.84444444444443,60.01188816666666,74.38777777777779,0.0,0.5857342000000102,49.12215305475826,0.0,0.7844444444444444,41.106941838649156,0.32246112153429224,0.12,0.08,0,,36.605555555555554,0.0,74.38777777777779,18.302777777777777,3747.975,20668.244347030562,1873.9875
2023-04-13 13:00:00,13,0,3,False,-0.12111111111111114,39.99722222222222,-0.8413888888888889,37.59166666666667,483.1666666666667,60.01108269444445,19.05555541666667,18.968333205555552,39.99722222222222,37.59166666666667,-0.12111111111111114,0.0,77.58888888888889,77.46777777777778,483.1666666666667,60.01108269444445,77.46777777777778,0.0,0.5867007666666637,51.55019332665043,0.0,0.7844444444444444,41.81988742964353,0.32805378361475923,0.12,0.08,0,,39.99722222222222,0.0,77.46777777777778,19.99861111111111,3787.972222222222,20668.244347030562,1893.986111111111
2023-04-13 14:00:00,14,0,3,False,-0.13694444444444442,30.258333333333333,-0.8783333333333333,37.644444444444446,482.2388888888889,60.00163873333333,19.466388816666665,19.291111122222222,30.258333333333333,37.644444444444446,-0.13694444444444442,0.0,67.90277777777777,67.76583333333333,482.2388888888889,60.00163873333333,67.76583333333333,0.0,0.5980335200000041,44.561259971364294,0.0,0.7844444444444444,40.75046904315197,0.31966479049405877,0.12,0.08,0,,30.258333333333333,0.0,67.76583333333333,15.129166666666666,3818.2305555555554,20668.244347030562,1909.1152777777777
2023-04-13 15:00:00,15,0,3,False,-0.13944444444444445,17.18611111111111,-0.8694444444444445,37.56111111111111,482.1611111111111,59.99252832777778,19.80861110277778,19.549444444444443,17.18611111111111,37.56111111111111,-0.13944444444444445,0.0,54.74722222222222,54.60777777777778,482.1611111111111,59.99252832777778,54.60777777777778,0.0,0.5910339933333318,31.39174996194632,0.0,0.7844444444444444,40.58161350844277,0.31834021263289547,0.12,0.08,0,,17.18611111111111,0.0,54.60777777777778,8.593055555555555,3835.4166666666665,20668.244347030562,1917.7083333333333
2023-04-13 16:00:00,16,0,3,False,-0.15361111111111111,5.2972222222222225,-0.8975000000000001,37.980555555555554,485.05555555555554,59.991056238888895,19.929722180555554,19.57416668611111,5.2972222222222225,37.980555555555554,-0.15361111111111111,0.0,43.27777777777778,43.12416666666667,485.05555555555554,59.991056238888895,43.12416666666667,0.0,0.5892674866666737,12.2400513478819,0.0,0.7844444444444444,39.62476547842402,0.31083427141963726,0.12,0.08,0,,5.2972222222222225,0.0,43.12416666666667,2.6486111111111112,3840.713888888889,20668.244347030562,1920.3569444444445
2023-04-13 17:00:00,17,0,3,False,-0.1391666666666667,4.886111111111111,-0.8913888888888888,37.99722222222222,485.56666666666666,59.98380611944445,19.773055394444444,19.47361111111111,4.886111111111111,37.99722222222222,-0.1391666666666667,0.0,42.88333333333333,42.744166666666665,485.56666666666666,59.98380611944445,42.744166666666665,0.0,0.5805673433333425,11.393962948568467,0.0,0.7844444444444444,40.60037523452157,0.31848738795080256,0.12,0.08,0,,4.886111111111111,0.0,42.744166666666665,2.4430555555555555,3845.6,20668.244347030562,1922.8
2023-04-13 18:00:00,18,0,3,False,-0.13222222222222224,-0.41388888888888886,-0.858888888888889,37.98888888888889,484.1666666666667,59.99652795,19.47972221111111,19.284999983333332,0.0,37.98888888888889,-0.13222222222222224,0.0,37.98888888888889,37.85666666666666,484.1666666666667,59.99652795,37.85666666666666,0.0,0.595833540000001,0.0,0.0,0.7844444444444444,41.069418386491556,0.32216677089847817,0.18,0.096,0,,0.0,0.0,37.85666666666666,0.0,3845.6,20668.244347030562,1922.8
2023-04-13 19:00:00,19,0,3,False,-0.1375,0.0,-0.8844444444444444,37.983333333333334,484.5777777777778,59.984833725,19.125833369444443,18.994722141666667,0.0,37.983333333333334,-0.1375,0.0,37.983333333333334,37.84583333333333,484.5777777777778,59.984833725,37.84583333333333,0.0,0.5818004700000017,0.0,0.0,0.7844444444444444,40.71294559099437,0.3193704398582447,0.18,0.096,0,,0.0,0.0,37.84583333333333,0.0,3845.6,20668.244347030562,1922.8
2023-04-13 20:00:00,20,0,3,False,-0.14194444444444443,0.0,-0.8586111111111112,37.99722222222222,481.8333333333333,59.996389238888895,18.691111177777778,18.735000224999997,0.0,37.99722222222222,-0.14194444444444443,0.0,37.99722222222222,37.85527777777777,481.8333333333333,59.996389238888895,37.85527777777777,0.0,0.5956670866666741,0.0,0.0,0.7844444444444444,40.412757973733584,0.3170156347717323,0.18,0.096,0,,0.0,0.0,37.85527777777777,0.0,3845.6,20668.244347030562,1922.8
2023-04-13 21:00:00,21,0,3,False,-0.13055555555555556,0.0,-0.8652777777777778,38.0,484.2083333333333,60.01552718055556,18.288055516666667,18.542222283333334,0.0,38.0,-0.13055555555555556,0.0,38.0,37.86944444444445,484.2083333333333,60.01552718055556,37.86944444444445,0.0,0.5813673833333297,0.0,0.0,0.7844444444444444,41.18198874296435,0.3230498228059203,0.18,0.096,0,,0.0,0.0,37.86944444444445,0.0,3845.6,20668.244347030562,1922.8
2023-04-13 22:00:00,22,0,3,False,-0.1225,0.0,-0.8366666666666668,37.99444444444445,484.01666666666665,60.016166219444436,17.89805553888889,18.34805526388889,0.0,37.99444444444445,-0.1225,0.0,37.99444444444445,37.871944444444445,484.01666666666665,60.016166219444436,37.871944444444445,0.0,0.5806005366666767,0.0,0.0,0.7844444444444444,41.726078799249535,0.32731790702522406,0.18,0.096,0,,0.0,0.0,37.871944444444445,0.0,3845.6,20668.244347030562,1922.8
2023-04-13 23:00:00,23,0,3,False,-0.125,0.0,-0.8288888888888888,37.983333333333334,483.2138888888889,59.99719455,17.471388863888887,18.08611127777778,0.0,37.983333333333334,-0.125,0.0,37.983333333333334,37.858333333333334,483.2138888888889,59.99719455,37.858333333333334,0.0,0.5966334600000038,0.0,0.0,0.7844444444444444,41.55722326454034,0.3259933291640609,0.12,0.08,0,,0.0,0.0,37.858333333333334,0.0,3845.6,20668.244347030562,1922.8
2023-04-14 00:00:00,0,0,4,False,-0.11361111111111112,0.0,-0.7991666666666666,37.986111111111114,483.06944444444446,59.99933336666666,17.0458335,17.834444247222226,0.0,37.986111111111114,-0.11361111111111112,0.0,37.986111111111114,37.8725,483.06944444444446,59.99933336666666,37.8725,0.0,0.5992000399999938,0.0,0.0,0.7844444444444444,42.32645403377111,0.33202751719824886,0.12,0.08,0,,0.0,0.0,37.8725,0.0,3845.6,20668.244347030562,1922.8
2023-04-14 01:00:00,1,0,4,False,-0.10638888888888888,0.0,-0.7638888888888888,37.99722222222222,481.98055555555555,59.99197259722222,16.618611083333334,17.59083363888889,0.0,37.99722222222222,-0.10638888888888888,0.0,37.99722222222222,37.89083333333333,481.98055555555555,59.99197259722222,37.89083333333333,0.0,0.5903671166666669,0.0,0.0,0.7844444444444444,42.81425891181989,0.33585407546383156,0.12,0.08,0,,0.0,0.0,37.89083333333333,0.0,3845.6,20668.244347030562,1922.8
2023-04-14 02:00:00,2,0,4,False,-0.11416666666666667,0.0,-0.8041666666666667,38.0,482.3,59.99150031944444,16.181944419444445,17.35388866111111,0.0,38.0,-0.11416666666666667,0.0,38.0,37.88583333333333,482.3,59.99150031944444,37.88583333333333,0.0,0.5898003833333291,0.0,0.0,0.7844444444444444,42.288930581613506,0.3317331665624348,0.12,0.08,0,,0.0,0.0,37.88583333333333,0.0,3845.6,20668.244347030562,1922.8
2023-04-14 03:00:00,3,0,4,False,-0.09666666666666666,0.0,-0.7686111111111111,37.98888888888889,484.35555555555555,60.01641584444444,15.725833333333334,17.083611313888888,0.0,37.98888888888889,-0.09666666666666666,0.0,37.98888888888889,37.89222222222222,484.35555555555555,60.01641584444444,37.89222222222222,0.0,0.5803009866666741,0.0,0.0,0.7844444444444444,43.470919324577864,0.3410052115905774,0.12,0.08,0,,0.0,0.0,37.89222222222222,0.0,3845.6,20668.244347030562,1922.8
2023-04-14 04:00:00,4,0,4,False,-0.10222222222222221,0.0,-0.798888888888889,37.925,484.4583333333333,60.002166474999996,15.224166666666665,16.78999978888889,0.0,37.925,-0.10222222222222221,0.0,37.925,37.82277777777777,484.4583333333333,60.002166474999996,37.82277777777777,0.0,0.5974002300000052,0.0,0.0,0.7844444444444444,43.09568480300187,0.3380617052324369,0.12,0.08,0,,0.0,0.0,37.82277777777777,0.0,3845.6,20668.244347030562,1922.8
2023-04-14 05:00:00,5,0,4,False,-0.08166666666666668,-0.03333333333333333,-0.7552777777777777,37.99722222222222,485.31388888888887,60.003305419444445,14.709722222222222,16.461388772222225,0.0,37.99722222222222,-0.08166666666666668,0.0,37.99722222222222,37.91555555555556,485.31388888888887,60.003305419444445,37.91555555555556,0.0,0.5960334966666664,0.0,0.0,0.7844444444444444,44.48405253283302,0.34895267875755676,0.12,0.08,0,,0.0,0.0,37.91555555555556,0.0,3845.6,20668.244347030562,1922.8
2023-04-14 06:00:00,6,0,4,False,-0.08555555555555555,4.088888888888889,-0.7688888888888887,38.0,485.09722222222223,60.00397208333334,14.203611111111108,16.15111120833333,4.088888888888889,38.0,-0.08555555555555555,0.0,42.08888888888889,42.00333333333333,485.09722222222223,60.00397208333334,42.00333333333333,0.0,0.5952334999999948,9.714889123548046,0.0,0.7844444444444444,44.22138836772983,0.3468922243068584,0.18,0.096,0,,4.088888888888889,0.0,42.00333333333333,2.0444444444444443,3849.688888888889,20668.244347030562,1924.8444444444444
2023-04-14 07:00:00,7,0,4,False,-0.07833333333333334,16.444444444444443,-0.7375,38.0,483.85555555555555,60.010610477777774,13.757222222222223,15.872222222222222,16.444444444444443,38.0,-0.07833333333333334,0.0,54.44444444444444,54.36611111111111,483.85555555555555,60.010610477777774,54.36611111111111,0.0,0.5872674266666706,30.204081632653057,0.0,0.7844444444444444,44.70919324577861,0.35071878257244105,0.18,0.096,0,,16.444444444444443,0.0,54.36611111111111,8.222222222222221,3866.133333333333,20668.244347030562,1933.0666666666666
2023-04-14 08:00:00,8,0,4,False,-0.07555555555555557,28.766666666666666,-0.7091666666666667,38.0,483.3,60.00477771111111,13.399722222222222,15.609999999999998,28.766666666666666,38.0,-0.07555555555555557,0.0,66.76666666666667,66.69111111111111,483.3,60.00477771111111,66.69111111111111,0.0,0.5942667466666677,43.08537194208687,0.0,0.7844444444444444,44.8968105065666,0.3521905357515113,0.18,0.096,0,,28.766666666666666,0.0,66.69111111111111,14.383333333333333,3894.9,20668.244347030562,1947.45
2023-04-14 09:00:00,9,0,4,False,-0.0763888888888889,35.625,-0.7297222222222224,38.0,482.725,59.99175031388889,13.250555555555556,15.416666666666671,35.625,38.0,-0.0763888888888889,0.0,73.625,73.54861111111111,482.725,59.99175031388889,73.54861111111111,0.0,0.5901003766666718,48.38709677419355,0.0,0.7844444444444444,44.84052532833021,0.3517490097977903,0.18,0.096,0,,35.625,0.0,73.54861111111111,17.8125,3930.525,20668.244347030562,1965.2625
2023-04-14 10:00:00,10,0,4,False,-0.075,37.99166666666667,-0.7394444444444445,37.96111111111111,482.2027777777778,59.99433365277778,13.503055555555557,15.440833333333336,37.99166666666667,37.96111111111111,-0.075,0.0,75.95277777777778,75.87777777777778,482.2027777777778,59.99433365277778,75.87777777777778,0.0,0.5932003833333397,50.020114837435536,0.0,0.7844444444444444,44.9343339587242,0.3524848863873254,0.18,0.096,0,,37.99166666666667,0.0,75.87777777777778,18.995833333333334,3968.516666666667,20668.244347030562,1984.2583333333334
2023-04-14 11:00:00,11,0,4,False,-0.08472222222222223,45.1,-0.7577777777777778,37.93888888888889,482.875,59.995305969444445,13.929444444444446,15.7125,45.1,37.93888888888889,-0.08472222222222223,0.0,83.03888888888889,82.95416666666667,482.875,59.995305969444445,82.95416666666667,0.0,0.5943671633333337,54.311902053923866,0.0,0.7844444444444444,44.27767354596623,0.3473337502605795,0.12,0.08,0,,45.1,0.0,82.95416666666667,22.55,4013.616666666667,20668.244347030562,2006.8083333333334
2023-04-14 12:00:00,12,0,4,False,-0.08305555555555556,46.15,-0.7594444444444444,37.94444444444444,482.9166666666667,59.98583392222223,14.675,16.092222411111113,46.15,37.94444444444444,-0.08305555555555556,0.0,84.09444444444443,84.01138888888887,482.9166666666667,59.98583392222223,84.01138888888887,0.0,0.5830007066666724,54.878773865363016,0.0,0.7844444444444444,44.390243902439025,0.34821680216802164,0.12,0.08,0,,46.15,0.0,84.01138888888887,23.075,4059.766666666667,20668.244347030562,2029.8833333333334
2023-04-14 13:00:00,13,0,4,False,-0.07861111111111112,42.763888888888886,-0.7258333333333333,38.0,482.52222222222224,60.00283308333333,15.483333333333333,16.42916647222222,42.763888888888886,38.0,-0.07861111111111112,0.0,80.76388888888889,80.68527777777777,482.52222222222224,60.00283308333333,80.68527777777777,0.0,0.5966003000000057,52.94926913155632,0.0,0.7844444444444444,44.690431519699814,0.35057160725453407,0.12,0.08,0,,42.763888888888886,0.0,80.68527777777777,21.381944444444443,4102.530555555556,20668.244347030562,2051.265277777778
2023-04-14 14:00:00,14,0,4,False,-0.08,37.09722222222222,-0.7486111111111111,37.955555555555556,482.575,59.992278177777784,16.112500025,16.906666525000002,37.09722222222222,37.955555555555556,-0.08,0.0,75.05277777777778,74.97277777777778,482.575,59.992278177777784,74.97277777777778,0.0,0.5907338133333411,49.42818016951034,0.0,0.7844444444444444,44.59662288930581,0.3498357306649989,0.12,0.08,0,,37.09722222222222,0.0,74.97277777777778,18.54861111111111,4139.627777777779,20668.244347030562,2069.8138888888893
2023-04-14 15:00:00,15,0,4,False,-0.07333333333333333,29.461111111111112,-0.7333333333333333,37.94722222222222,482.03055555555557,59.98391727777778,16.648055547222224,17.318888686111112,29.461111111111112,37.94722222222222,-0.07333333333333333,0.0,67.40833333333333,67.335,482.03055555555557,59.98391727777778,67.335,0.0,0.580700733333333,43.70544360654387,0.0,0.7844444444444444,45.046904315197,0.35336793829476754,0.12,0.08,0,,29.461111111111112,0.0,67.335,14.730555555555556,4169.088888888889,20668.244347030562,2084.5444444444447
2023-04-14 16:00:00,16,0,4,False,-0.09083333333333334,18.36111111111111,-0.773888888888889,37.977777777777774,481.69444444444446,59.99202823055556,17.0902778,17.5075,18.36111111111111,37.977777777777774,-0.09083333333333334,0.0,56.33888888888889,56.24805555555555,481.69444444444446,59.99202823055556,56.24805555555555,0.0,0.590433876666674,32.59047431219801,0.0,0.7844444444444444,43.86491557223265,0.344095893266625,0.12,0.08,0,,18.36111111111111,0.0,56.24805555555555,9.180555555555555,4187.450000000001,20668.244347030562,2093.7250000000004
2023-04-14 17:00:00,17,0,4,False,-0.09138888888888888,6.183333333333334,-0.7575,37.96111111111111,481.9916666666667,59.98888934722221,17.175834091666665,17.33555508611111,6.183333333333334,37.96111111111111,-0.09138888888888888,0.0,44.144444444444446,44.05305555555556,481.9916666666667,59.98888934722221,44.05305555555556,0.0,0.5866672166666547,14.007047571104959,0.0,0.7844444444444444,43.82739212007505,0.3438015426308109,0.12,0.08,0,,6.183333333333334,0.0,44.05305555555556,3.091666666666667,4193.633333333334,20668.244347030562,2096.816666666667
2023-04-14 18:00:00,18,0,4,False,-0.10416666666666667,-0.49444444444444446,-0.7958333333333333,37.99444444444445,482.7888888888889,60.00080561388889,17.01166666944444,17.14861144444444,0.0,37.99444444444445,-0.10416666666666667,0.0,37.99444444444445,37.89027777777778,482.7888888888889,60.00080561388889,37.89027777777778,0.0,0.5990332633333281,0.0,0.0,0.7844444444444444,42.96435272045028,0.3370314780070877,0.18,0.096,0,,0.0,0.0,37.89027777777778,0.0,4193.633333333334,20668.244347030562,2096.816666666667
2023-04-14 19:00:00,19,0,4,False,-0.09916666666666668,0.0,-0.7638888888888888,37.93888888888889,482.21666666666664,59.98761111666667,16.725833130555557,16.966111055555558,0.0,37.93888888888889,-0.09916666666666668,0.0,37.93888888888889,37.83972222222222,482.21666666666664,59.98761111666667,37.83972222222222,0.0,0.5851333400000044,0.0,0.0,0.7844444444444444,43.30206378986867,0.3396806337294142,0.18,0.096,0,,0.0,0.0,37.83972222222222,0.0,4193.633333333334,20668.244347030562,2096.816666666667
2023-04-14 20:00:00,20,0,4,False,-0.09888888888888889,0.0,-0.7691666666666668,37.93333333333333,483.48333333333335,59.98763959722223,16.41305536388889,16.737499630555558,0.0,37.93333333333333,-0.09888888888888889,0.0,37.93333333333333,37.83444444444444,483.48333333333335,59.98763959722223,37.83444444444444,0.0,0.5851675166666723,0.0,0.0,0.7844444444444444,43.32082551594747,0.33982780904732124,0.18,0.096,0,,0.0,0.0,37.83444444444444,0.0,4193.633333333334,20668.244347030562,2096.816666666667
2023-04-14 21:00:00,21,0,4,False,-0.09722222222222222,0.0,-0.7780555555555556,38.0,484.2111111111111,60.00899967777777,16.054166841666667,16.453888825000003,0.0,38.0,-0.09722222222222222,0.0,38.0,37.90277777777778,484.2111111111111,60.00899967777777,37.90277777777778,0.0,0.5892003866666726,0.0,0.0,0.7844444444444444,43.43339587242026,0.34071086095476333,0.18,0.096,0,,0.0,0.0,37.90277777777778,0.0,4193.633333333334,20668.244347030562,2096.816666666667
2023-04-14 22:00:00,22,0,4,False,-0.1036111111111111,0.0,-0.7847222222222222,38.0,484.8833333333333,60.019138674999994,15.613055555555558,16.17111109444444,0.0,38.0,-0.1036111111111111,0.0,38.0,37.896388888888886,484.8833333333333,60.019138674999994,37.896388888888886,0.0,0.5770335900000078,0.0,0.0,0.7844444444444444,43.00187617260788,0.3373258286429018,0.18,0.096,0,,0.0,0.0,37.896388888888886,0.0,4193.633333333334,20668.244347030562,2096.816666666667
2023-04-14 23:00:00,23,0,4,False,-0.09555555555555557,0.0,-0.7638888888888888,38.0,483.65555555555557,60.025527372222214,15.149444444444445,15.887222222222226,0.0,38.0,-0.09555555555555557,0.0,38.0,37.904444444444444,483.65555555555557,60.025527372222214,37.904444444444444,0.0,0.5693671533333429,0.0,0.0,0.7844444444444444,43.54596622889306,0.34159391286220553,0.12,0.08,0,,0.0,0.0,37.904444444444444,0.0,4193.633333333334,20668.244347030562,2096.816666666667
2023-04-15 00:00:00,0,0,5,True,-0.09416666666666666,0.0,-0.7475,37.99444444444445,482.725,60.00736081111111,14.623055555555558,15.611944444444445,0.0,37.99444444444445,-0.09416666666666666,0.0,37.99444444444445,37.90027777777778,482.725,60.00736081111111,37.90027777777778,0.0,0.5911670266666647,0.0,0.0,0.7844444444444444,43.63977485928706,0.34232978945174064,0.12,0.08,0,,0.0,0.0,37.90027777777778,0.0,4193.633333333334,20668.244347030562,2096.816666666667
2023-04-15 01:00:00,1,0,5,True,-0.08611111111111111,0.0,-0.7483333333333333,37.99722222222222,483.99444444444447,60.011499491666676,14.044166666666666,15.273333333333332,0.0,37.99722222222222,-0.08611111111111111,0.0,37.99722222222222,37.91111111111111,483.99444444444447,60.011499491666676,37.91111111111111,0.0,0.5862006099999888,0.0,0.0,0.7844444444444444,44.18386491557223,0.34659787367104433,0.12,0.08,0,,0.0,0.0,37.91111111111111,0.0,4193.633333333334,20668.244347030562,2096.816666666667
2023-04-15 02:00:00,2,0,5,True,-0.08027777777777777,0.0,-0.7483333333333333,37.99722222222222,483.9555555555556,60.00991618888889,13.448333333333334,14.932777777777781,0.0,37.99722222222222,-0.08027777777777777,0.0,37.99722222222222,37.91694444444444,483.9555555555556,60.00991618888889,37.91694444444444,0.0,0.5881005733333353,0.0,0.0,0.7844444444444444,44.57786116322702,0.3496885553470919,0.12,0.08,0,,0.0,0.0,37.91694444444444,0.0,4193.633333333334,20668.244347030562,2096.816666666667
2023-04-15 03:00:00,3,0,5,True,-0.07916666666666666,0.0,-0.7236111111111111,38.0,483.3277777777778,60.0015553,12.83611111111111,14.556388888888886,0.0,38.0,-0.07916666666666666,0.0,38.0,37.920833333333334,483.3277777777778,60.0015553,37.920833333333334,0.0,0.5981336400000004,0.0,0.0,0.7844444444444444,44.652908067542214,0.35027725661872,0.12,0.08,0,,0.0,0.0,37.920833333333334,0.0,4193.633333333334,20668.244347030562,2096.816666666667
2023-04-15 04:00:00,4,0,5,True,-0.07222222222222222,0.0,-0.7136111111111111,38.0,482.0472222222222,60.010138049999995,12.224722222222221,14.174999999999997,0.0,38.0,-0.07222222222222222,0.0,38.0,37.92777777777778,482.0472222222222,60.010138049999995,37.92777777777778,0.0,0.5878343400000062,0.0,0.0,0.7844444444444444,45.1219512195122,0.35395663956639567,0.12,0.08,0,,0.0,0.0,37.92777777777778,0.0,4193.633333333334,20668.244347030562,2096.816666666667
2023-04-15 05:00:00,5,0,5,True,-0.0786111111111111,-0.019444444444444445,-0.7483333333333333,37.94722222222222,481.6611111111111,59.995972294444435,11.588333333333335,13.799166666666663,0.0,37.94722222222222,-0.0786111111111111,0.0,37.94722222222222,37.868611111111115,481.6611111111111,59.995972294444435,37.868611111111115,0.0,0.5951667533333221,0.0,0.0,0.7844444444444444,44.690431519699814,0.35057160725453407,0.12,0.08,0,,0.0,0.0,37.868611111111115,0.0,4193.633333333334,20668.244347030562,2096.816666666667
2023-04-15 06:00:00,6,0,5,True,-0.058611111111111114,4.138888888888889,-0.7077777777777778,37.94722222222222,483.7583333333333,59.99886121111111,11.0,13.432222222222224,4.138888888888889,37.94722222222222,-0.058611111111111114,0.0,42.08611111111111,42.027499999999996,483.7583333333333,59.99886121111111,42.027499999999996,0.0,0.5986334533333348,9.834334367368493,0.0,0.7844444444444444,46.04127579737336,0.36116823014383986,0.18,0.096,0,,4.138888888888889,0.0,42.027499999999996,2.0694444444444446,4197.772222222223,20668.244347030562,2098.8861111111114
2023-04-15 07:00:00,7,0,5,True,-0.06527777777777778,16.28611111111111,-0.7047222222222221,37.99166666666667,483.72222222222223,59.99133394722222,10.57611111111111,13.146666666666665,16.28611111111111,37.99166666666667,-0.06527777777777778,0.0,54.27777777777778,54.2125,483.72222222222223,59.99133394722222,54.2125,0.0,0.589600736666668,30.005117707267143,0.0,0.7844444444444444,45.590994371482175,0.35763602251407123,0.18,0.096,0,,16.28611111111111,0.0,54.2125,8.143055555555556,4214.058333333334,20668.244347030562,2107.029166666667
2023-04-15 08:00:00,8,0,5,True,-0.05611111111111112,28.205555555555556,-0.6691666666666667,37.95,482.9527777777778,59.992389377777776,10.337222222222222,12.946111111111112,28.205555555555556,37.95,-0.05611111111111112,0.0,66.15555555555557,66.09944444444446,482.9527777777778,59.992389377777776,66.09944444444446,0.0,0.5908672533333316,42.635203224722865,0.0,0.7844444444444444,46.210131332082554,0.3624928080050031,0.18,0.096,0,,28.205555555555556,0.0,66.09944444444446,14.102777777777778,4242.26388888889,20668.244347030562,2121.131944444445
2023-04-15 09:00:00,9,0,5,True,-0.0763888888888889,36.858333333333334,-0.7350000000000001,37.955555555555556,482.60555555555555,59.99569470833333,10.306666666666667,12.809444444444447,36.858333333333334,37.955555555555556,-0.0763888888888889,0.0,74.8138888888889,74.73750000000001,482.60555555555555,59.99569470833333,74.73750000000001,0.0,0.5948336499999982,49.26669884528273,0.0,0.7844444444444444,44.84052532833021,0.3517490097977903,0.18,0.096,0,,36.858333333333334,0.0,74.73750000000001,18.429166666666667,4279.122222222223,20668.244347030562,2139.5611111111116
2023-04-15 10:00:00,10,0,5,True,-0.056666666666666664,41.73888888888889,-0.6808333333333334,37.99722222222222,480.8666666666667,60.00502745833334,10.689722222222223,12.939166666666667,41.73888888888889,37.99722222222222,-0.056666666666666664,0.0,79.73611111111111,79.67944444444444,480.8666666666667,60.00502745833334,79.67944444444444,0.0,0.5939670499999948,52.346281135690646,0.0,0.7844444444444444,46.17260787992495,0.36219845736918904,0.18,0.096,0,,41.73888888888889,0.0,79.67944444444444,20.869444444444444,4320.861111111112,20668.244347030562,2160.430555555556
2023-04-15 11:00:00,11,0,5,True,-0.06361111111111112,44.205555555555556,-0.706388888888889,37.98888888888889,482.64166666666665,60.01244385277777,11.336944444444443,13.287222222222224,44.205555555555556,37.98888888888889,-0.06361111111111112,0.0,82.19444444444444,82.13083333333333,482.64166666666665,60.01244385277777,82.13083333333333,0.0,0.5850673766666744,53.78168300101386,0.0,0.7844444444444444,45.70356472795497,0.35851907442151343,0.12,0.08,0,,44.205555555555556,0.0,82.13083333333333,22.102777777777778,4365.0666666666675,20668.244347030562,2182.5333333333338
2023-04-15 12:00:00,12,0,5,True,-0.06861111111111111,43.78611111111111,-0.7213888888888889,37.90555555555556,481.19166666666666,60.014110405555556,12.13111111111111,13.663055555555557,43.78611111111111,37.90555555555556,-0.06861111111111111,0.0,81.69166666666666,81.62305555555555,481.19166666666666,60.014110405555556,81.62305555555555,0.0,0.583067513333333,53.599238328402876,0.0,0.7844444444444444,45.36585365853659,0.355869918699187,0.12,0.08,0,,43.78611111111111,0.0,81.62305555555555,21.893055555555556,4408.852777777779,20668.244347030562,2204.4263888888895
2023-04-15 13:00:00,13,0,5,True,-0.07694444444444445,40.11388888888889,-0.7091666666666667,37.93333333333333,479.7638888888889,60.000611041666666,13.009444444444444,14.03833333333333,40.11388888888889,37.93333333333333,-0.07694444444444445,0.0,78.04722222222222,77.97027777777777,479.7638888888889,60.000611041666666,77.97027777777777,0.0,0.599266750000001,51.39694629319857,0.0,0.7844444444444444,44.80300187617261,0.3514546591619762,0.12,0.08,0,,40.11388888888889,0.0,77.97027777777777,20.056944444444444,4448.966666666668,20668.244347030562,2224.483333333334
2023-04-15 14:00:00,14,0,5,True,-0.08305555555555556,30.391666666666666,-0.7152777777777778,37.94722222222222,479.5722222222222,59.99011110555556,13.73972222222222,14.495555555555555,30.391666666666666,37.94722222222222,-0.08305555555555556,0.0,68.33888888888889,68.25583333333333,479.5722222222222,59.99011110555556,68.25583333333333,0.0,0.5881333266666757,44.47199414681733,0.0,0.7844444444444444,44.390243902439025,0.34821680216802164,0.12,0.08,0,,30.391666666666666,0.0,68.25583333333333,15.195833333333333,4479.3583333333345,20668.244347030562,2239.6791666666672
2023-04-15 15:00:00,15,0,5,True,-0.09000000000000001,27.761111111111113,-0.7488888888888889,37.93055555555556,479.0861111111111,60.00502764444445,14.296944444444444,14.900555555555554,27.761111111111113,37.93055555555556,-0.09000000000000001,0.0,65.69166666666666,65.60166666666666,479.0861111111111,60.00502764444445,65.60166666666666,0.0,0.5939668266666558,42.259714998520025,0.0,0.7844444444444444,43.92120075046904,0.34453741922034603,0.12,0.08,0,,27.761111111111113,0.0,65.60166666666666,13.880555555555556,4507.119444444445,20668.244347030562,2253.5597222222227
2023-04-15 16:00:00,16,0,5,True,-0.08666666666666667,18.425,-0.7469444444444444,37.87777777777778,480.4166666666667,60.000777602777774,14.790000000000001,15.161944444444442,18.425,37.87777777777778,-0.08666666666666667,0.0,56.30277777777778,56.21611111111111,480.4166666666667,60.000777602777774,56.21611111111111,0.0,0.5990668766666715,32.72485075731413,0.0,0.7844444444444444,44.146341463414636,0.3463035230352303,0.12,0.08,0,,18.425,0.0,56.21611111111111,9.2125,4525.544444444446,20668.244347030562,2262.772222222223
2023-04-15 17:00:00,17,0,5,True,-0.09444444444444444,6.1722222222222225,-0.7694444444444445,37.84722222222222,482.6111111111111,59.996778061111115,15.07944444444444,15.246388888888891,6.1722222222222225,37.84722222222222,-0.09444444444444444,0.0,44.019444444444446,43.925000000000004,482.6111111111111,59.996778061111115,43.925000000000004,0.0,0.5961336733333382,14.021581371868495,0.0,0.7844444444444444,43.62101313320825,0.3421826141338336,0.12,0.08,0,,6.1722222222222225,0.0,43.925000000000004,3.0861111111111112,4531.716666666668,20668.244347030562,2265.858333333334
2023-04-15 18:00:00,18,0,5,True,-0.10722222222222223,-0.06111111111111111,-0.7916666666666666,37.98888888888889,482.85,60.00502756388889,15.190277777777778,15.298055555555557,0.0,37.98888888888889,-0.10722222222222223,0.0,37.98888888888889,37.88166666666667,482.85,60.00502756388889,37.88166666666667,0.0,0.5939669233333348,0.0,0.0,0.7844444444444444,42.75797373358349,0.3354125495101105,0.18,0.096,0,,0.0,0.0,37.88166666666667,0.0,4531.716666666668,20668.244347030562,2265.858333333334
2023-04-15 19:00:00,19,0,5,True,-0.1125,0.0,-0.7997222222222221,37.983333333333334,483.72777777777776,59.991222480555564,15.217499999999998,15.3,0.0,37.983333333333334,-0.1125,0.0,37.983333333333334,37.87083333333334,483.72777777777776,59.991222480555564,37.87083333333334,0.0,0.5894669766666766,0.0,0.0,0.7844444444444444,42.4015009380863,0.33261621846987693,0.18,0.096,0,,0.0,0.0,37.87083333333334,0.0,4531.716666666668,20668.244347030562,2265.858333333334
2023-04-15 20:00:00,20,0,5,True,-0.1125,0.0,-0.8152777777777778,37.977777777777774,486.8777777777778,60.00538875,15.201666666666664,15.279166666666667,0.0,37.977777777777774,-0.1125,0.0,37.977777777777774,37.86527777777778,486.8777777777778,60.00538875,37.86527777777778,0.0,0.593533499999998,0.0,0.0,0.7844444444444444,42.4015009380863,0.33261621846987693,0.18,0.096,0,,0.0,0.0,37.86527777777778,0.0,4531.716666666668,20668.244347030562,2265.858333333334
2023-04-15 21:00:00,21,0,5,True,-0.12444444444444444,0.0,-0.8383333333333334,37.99166666666667,486.02222222222224,60.025888591666664,15.139166666666663,15.217777777777776,0.0,37.99166666666667,-0.12444444444444444,0.0,37.99166666666667,37.867222222222225,486.02222222222224,60.025888591666664,37.867222222222225,0.0,0.5689336900000029,0.0,0.0,0.7844444444444444,41.594746716697934,0.3262876797998749,0.18,0.096,0,,0.0,0.0,37.867222222222225,0.0,4531.716666666668,20668.244347030562,2265.858333333334
2023-04-15 22:00:00,22,0,5,True,-0.1125,0.0,-0.8355555555555554,38.0,486.44444444444446,60.03163851666666,15.0575,15.144166666666663,0.0,38.0,-0.1125,0.0,38.0,37.8875,486.44444444444446,60.03163851666666,37.8875,0.0,0.5620337800000073,0.0,0.0,0.7844444444444444,42.4015009380863,0.33261621846987693,0.18,0.096,0,,0.0,0.0,37.8875,0.0,4531.716666666668,20668.244347030562,2265.858333333334
2023-04-15 23:00:00,23,0,5,True,-0.10055555555555556,0.0,-0.8166666666666667,38.0,487.7638888888889,60.01736072499999,14.851944444444447,15.021111111111113,0.0,38.0,-0.10055555555555556,0.0,38.0,37.89944444444444,487.7638888888889,60.01736072499999,37.89944444444444,0.0,0.5791671300000132,0.0,0.0,0.7844444444444444,43.208255159474675,0.3389447571398791,0.12,0.08,0,,0.0,0.0,37.89944444444444,0.0,4531.716666666668,20668.244347030562,2265.858333333334
2023-04-16 00:00:00,0,0,6,True,-0.10861111111111109,0.0,-0.8019444444444445,38.0,483.2027777777778,60.00761071388889,14.697777777777777,14.844166666666668,0.0,38.0,-0.10861111111111109,0.0,38.0,37.89138888888889,483.2027777777778,60.00761071388889,37.89138888888889,0.0,0.5908671433333353,0.0,0.0,0.7844444444444444,42.6641651031895,0.33467667292057535,0.12,0.08,0,,0.0,0.0,37.89138888888889,0.0,4531.716666666668,20668.244347030562,2265.858333333334
2023-04-16 01:00:00,1,0,6,True,-0.10388888888888889,0.0,-0.7872222222222222,37.975,482.60555555555555,59.98961141111112,14.379722222222224,14.64861111111111,0.0,37.975,-0.10388888888888889,0.0,37.975,37.87111111111111,482.60555555555555,59.98961141111112,37.87111111111111,0.0,0.5875336933333443,0.0,0.0,0.7844444444444444,42.98311444652908,0.33717865332499475,0.12,0.08,0,,0.0,0.0,37.87111111111111,0.0,4531.716666666668,20668.244347030562,2265.858333333334
2023-04-16 02:00:00,2,0,6,True,-0.09444444444444444,0.0,-0.761388888888889,38.0,483.2027777777778,59.99100048611112,13.98777777777778,14.377222222222226,0.0,38.0,-0.09444444444444444,0.0,38.0,37.90555555555556,483.2027777777778,59.99100048611112,37.90555555555556,0.0,0.5892005833333428,0.0,0.0,0.7844444444444444,43.62101313320825,0.3421826141338336,0.12,0.08,0,,0.0,0.0,37.90555555555556,0.0,4531.716666666668,20668.244347030562,2265.858333333334
2023-04-16 03:00:00,3,0,6,True,-0.08972222222222222,0.0,-0.7616666666666666,38.0,481.78055555555557,59.990306197222225,13.574166666666667,14.150555555555552,0.0,38.0,-0.08972222222222222,0.0,38.0,37.91027777777778,481.78055555555557,59.990306197222225,37.91027777777778,0.0,0.5883674366666696,0.0,0.0,0.7844444444444444,43.93996247654784,0.344684594538253,0.12,0.08,0,,0.0,0.0,37.91027777777778,0.0,4531.716666666668,20668.244347030562,2265.858333333334
2023-04-16 04:00:00,4,0,6,True,-0.075,0.0,-0.7422222222222223,38.0,483.0777777777778,59.97400034722224,13.11111111111111,13.899444444444448,0.0,38.0,-0.075,0.0,38.0,37.925,483.0777777777778,59.97400034722224,37.925,0.0,0.5688004166666843,0.0,0.0,0.7844444444444444,44.9343339587242,0.3524848863873254,0.12,0.08,0,,0.0,0.0,37.925,0.0,4531.716666666668,20668.244347030562,2265.858333333334
2023-04-16 05:00:00,5,0,6,True,-0.08805555555555557,-0.027777777777777776,-0.7619444444444446,37.975,482.94444444444446,59.97433378611111,12.627222222222226,13.631388888888887,0.0,37.975,-0.08805555555555557,0.0,37.975,37.886944444444445,482.94444444444446,59.97433378611111,37.886944444444445,0.0,0.5692005433333321,0.0,0.0,0.7844444444444444,44.052532833020635,0.3455676464456952,0.12,0.08,0,,0.0,0.0,37.886944444444445,0.0,4531.716666666668,20668.244347030562,2265.858333333334
2023-04-16 06:00:00,6,0,6,True,-0.07972222222222222,4.261111111111111,-0.7241666666666666,37.98888888888889,483.9888888888889,59.9887502,12.192777777777776,13.389166666666668,4.261111111111111,37.98888888888889,-0.07972222222222222,0.0,42.25,42.17027777777778,483.9888888888889,59.9887502,42.17027777777778,0.0,0.586500239999998,10.085470085470085,0.0,0.7844444444444444,44.61538461538461,0.34998290598290593,0.18,0.096,0,,4.261111111111111,0.0,42.17027777777778,2.1305555555555555,4535.977777777779,20668.244347030562,2267.9888888888895
2023-04-16 07:00:00,7,0,6,True,-0.07777777777777778,16.130555555555556,-0.7530555555555556,37.93888888888889,484.8833333333333,60.00677746111111,11.912500000000005,13.240277777777777,16.130555555555556,37.93888888888889,-0.07777777777777778,0.0,54.06944444444444,53.99166666666667,484.8833333333333,60.00677746111111,53.99166666666667,0.0,0.591867046666664,29.83303365014128,0.0,0.7844444444444444,44.74671669793621,0.3510131332082551,0.18,0.096,0,,16.130555555555556,0.0,53.99166666666667,8.065277777777778,4552.1083333333345,20668.244347030562,2276.0541666666672
2023-04-16 08:00:00,8,0,6,True,-0.07805555555555556,27.608333333333334,-0.7372222222222221,37.99166666666667,484.6138888888889,60.001305366666664,11.910833333333334,13.27611111111111,27.608333333333334,37.99166666666667,-0.07805555555555556,0.0,65.6,65.52194444444444,484.6138888888889,60.001305366666664,65.52194444444444,0.0,0.5984335600000037,42.085873983739845,0.0,0.7844444444444444,44.727954971857415,0.35086595789034813,0.18,0.096,0,,27.608333333333334,0.0,65.52194444444444,13.804166666666667,4579.716666666668,20668.244347030562,2289.858333333334
2023-04-16 09:00:00,9,0,6,True,-0.07250000000000001,35.52777777777778,-0.7438888888888887,37.94444444444444,482.43888888888887,59.98805621388889,12.220277777777776,13.383055555555558,35.52777777777778,37.94444444444444,-0.07250000000000001,0.0,73.47222222222223,73.39972222222222,482.43888888888887,59.98805621388889,73.39972222222222,0.0,0.5856674566666669,48.35538752362948,0.0,0.7844444444444444,45.1031894934334,0.35380946424848864,0.18,0.096,0,,35.52777777777778,0.0,73.39972222222222,17.76388888888889,4615.244444444445,20668.244347030562,2307.6222222222227
2023-04-16 10:00:00,10,0,6,True,-0.0811111111111111,39.93333333333333,-0.736388888888889,37.96666666666667,482.8611111111111,59.992750066666666,13.004722222222222,13.74666666666667,39.93333333333333,37.96666666666667,-0.0811111111111111,0.0,77.9,77.81888888888889,482.8611111111111,59.992750066666666,77.81888888888889,0.0,0.5913000799999991,51.26230209670517,0.0,0.7844444444444444,44.52157598499062,0.3492470293933708,0.18,0.096,0,,39.93333333333333,0.0,77.81888888888889,19.966666666666665,4655.177777777779,20668.244347030562,2327.5888888888894
2023-04-16 11:00:00,11,0,6,True,-0.08722222222222221,42.208333333333336,-0.7855555555555555,37.93055555555556,484.01666666666665,59.996333722222225,14.024444444444445,14.394444444444444,42.208333333333336,37.93055555555556,-0.08722222222222221,0.0,80.13888888888889,80.05166666666666,484.01666666666665,59.996333722222225,80.05166666666666,0.0,0.59560046666667,52.66897746967072,0.0,0.7844444444444444,44.108818011257036,0.34600917239941625,0.12,0.08,0,,42.208333333333336,0.0,80.05166666666666,21.104166666666668,4697.386111111112,20668.244347030562,2348.693055555556
2023-04-16 12:00:00,12,0,6,True,-0.08416666666666665,28.875,-0.7475,37.75833333333333,481.775,59.99975010555555,14.983333333333333,15.019166666666665,28.875,37.75833333333333,-0.08416666666666665,0.0,66.63333333333333,66.54916666666666,481.775,59.99975010555555,66.54916666666666,0.0,0.5997001266666586,43.33416708354177,0.0,0.7844444444444444,44.31519699812383,0.34762810089639357,0.12,0.08,0,,28.875,0.0,66.54916666666666,14.4375,4726.261111111112,20668.244347030562,2363.130555555556
2023-04-16 13:00:00,13,0,6,True,-0.08416666666666667,32.21388888888889,-0.7480555555555556,37.519444444444446,480.85833333333335,59.99225055277778,15.556388888888886,15.431388888888891,32.21388888888889,37.519444444444446,-0.08416666666666667,0.0,69.73333333333333,69.64916666666667,480.85833333333335,59.99225055277778,69.64916666666667,0.0,0.5907006633333395,46.19582536647546,0.0,0.7844444444444444,44.315196998123824,0.3476281008963935,0.12,0.08,0,,32.21388888888889,0.0,69.64916666666667,16.106944444444444,4758.475,20668.244347030562,2379.2375
2023-04-16 14:00:00,14,0,6,True,-0.09555555555555557,24.18611111111111,-0.7769444444444445,37.375,481.6972222222222,60.009888524999994,16.251111116666667,15.994166763888888,24.18611111111111,37.375,-0.09555555555555557,0.0,61.56111111111111,61.465555555555554,481.6972222222222,60.009888524999994,61.465555555555554,0.0,0.5881337700000074,39.28797039978341,0.0,0.7844444444444444,43.54596622889306,0.34159391286220553,0.12,0.08,0,,24.18611111111111,0.0,61.465555555555554,12.093055555555555,4782.6611111111115,20668.244347030562,2391.3305555555557
2023-04-16 15:00:00,15,0,6,True,-0.11,14.38888888888889,-0.8,37.35,480.81388888888887,60.01188842222222,16.78277766111111,16.401944305555556,14.38888888888889,37.35,-0.11,0.0,51.738888888888894,51.628888888888895,480.81388888888887,60.01188842222222,51.628888888888895,0.0,0.5857338933333353,27.81058735101471,0.0,0.7844444444444444,42.570356472795496,0.3339407963310402,0.12,0.08,0,,14.38888888888889,0.0,51.628888888888895,7.194444444444445,4797.05,20668.244347030562,2398.525
2023-04-16 16:00:00,16,0,6,True,-0.10527777777777778,8.852777777777778,-0.8033333333333335,37.772222222222226,481.2472222222222,60.00627755555555,17.135000319444444,16.657500322222223,8.852777777777778,37.772222222222226,-0.10527777777777778,0.0,46.625,46.51972222222222,481.2472222222222,60.00627755555555,46.51972222222222,0.0,0.5924669333333412,18.987190944295502,0.0,0.7844444444444444,42.889305816135085,0.33644277673545964,0.12,0.08,0,,8.852777777777778,0.0,46.51972222222222,4.426388888888889,4805.902777777778,20668.244347030562,2402.951388888889
2023-04-16 17:00:00,17,0,6,True,-0.11805555555555555,1.1416666666666666,-0.8175,37.894444444444446,484.4638888888889,59.989972775000005,17.351944047222226,16.800276938888892,1.1416666666666666,37.894444444444446,-0.11805555555555555,0.0,39.03611111111111,38.918055555555554,484.4638888888889,59.989972775000005,38.918055555555554,0.0,0.5879673300000064,2.9246424251049596,0.0,0.7844444444444444,42.02626641651032,0.32967271211173643,0.12,0.08,0,,1.1416666666666666,0.0,38.918055555555554,0.5708333333333333,4807.044444444445,20668.244347030562,2403.5222222222224
2023-04-16 18:00:00,18,0,6,True,-0.13222222222222224,-0.3861111111111111,-0.8669444444444445,37.99166666666667,484.775,59.999888875,17.40305555555556,16.884722047222223,0.0,37.99166666666667,-0.13222222222222224,0.0,37.99166666666667,37.85944444444444,484.775,59.999888875,37.85944444444444,0.0,0.5998666500000042,0.0,0.0,0.7844444444444444,41.069418386491556,0.32216677089847817,0.18,0.096,0,,0.0,0.0,37.85944444444444,0.0,4807.044444444445,20668.244347030562,2403.5222222222224
2023-04-16 19:00:00,19,0,6,True,-0.11222222222222224,0.0,-0.8225,37.93888888888889,484.22777777777776,59.999638822222224,17.447222222222223,16.93277777777778,0.0,37.93888888888889,-0.11222222222222224,0.0,37.93888888888889,37.82666666666667,484.22777777777776,59.999638822222224,37.82666666666667,0.0,0.5995665866666684,0.0,0.0,0.7844444444444444,42.4202626641651,0.33276339378778397,0.18,0.096,0,,0.0,0.0,37.82666666666667,0.0,4807.044444444445,20668.244347030562,2403.5222222222224
2023-04-16 20:00:00,20,0,6,True,-0.1322222222222222,0.0,-0.8438888888888888,38.0,485.96666666666664,60.00594393055556,17.402222222222225,16.922777777777778,0.0,38.0,-0.1322222222222222,0.0,38.0,37.867777777777775,485.96666666666664,60.00594393055556,37.867777777777775,0.0,0.592867283333328,0.0,0.0,0.7844444444444444,41.069418386491556,0.32216677089847817,0.18,0.096,0,,0.0,0.0,37.867777777777775,0.0,4807.044444444445,20668.244347030562,2403.5222222222224
2023-04-16 21:00:00,21,0,6,True,-0.13583333333333333,0.0,-0.8875,38.0,486.525,60.02399943333332,17.371666383333338,16.89277767777778,0.0,38.0,-0.13583333333333333,0.0,38.0,37.86416666666667,486.525,60.02399943333332,37.86416666666667,0.0,0.5712006800000126,0.0,0.0,0.7844444444444444,40.82551594746717,0.32025349176568685,0.18,0.096,0,,0.0,0.0,37.86416666666667,0.0,4807.044444444445,20668.244347030562,2403.5222222222224
2023-04-16 22:00:00,22,0,6,True,-0.12944444444444445,0.0,-0.8777777777777778,38.0,487.7138888888889,60.020082877777774,17.227778122222222,16.827221494444448,0.0,38.0,-0.12944444444444445,0.0,38.0,37.870555555555555,487.7138888888889,60.020082877777774,37.870555555555555,0.0,0.5759005466666707,0.0,0.0,0.7844444444444444,41.25703564727955,0.32363852407754845,0.18,0.096,0,,0.0,0.0,37.870555555555555,0.0,4807.044444444445,20668.244347030562,2403.5222222222224
2023-04-16 23:00:00,23,0,6,True,-0.12277777777777779,0.0,-0.8600000000000001,38.0,484.65833333333336,60.01669374444444,17.109166805555557,16.786388169444447,0.0,38.0,-0.12277777777777779,0.0,38.0,37.87722222222222,484.65833333333336,60.01669374444444,37.87722222222222,0.0,0.5799675066666736,0.0,0.0,0.7844444444444444,41.70731707317073,0.32717073170731703,0.12,0.08,0,,0.0,0.0,37.87722222222222,0.0,4807.044444444445,20668.244347030562,2403.5222222222224
2023-04-17 00:00:00,0,0,0,False,-0.11527777777777778,0.0,-0.8238888888888888,38.0,483.1694444444444,60.006860680555555,16.923055394444447,16.677500516666665,0.0,38.0,-0.11527777777777778,0.0,38.0,37.88472222222222,483.1694444444444,60.006860680555555,37.88472222222222,0.0,0.5917671833333343,0.0,0.0,0.7844444444444444,42.21388367729831,0.33114446529080677,0.12,0.08,0,,0.0,0.0,37.88472222222222,0.0,4807.044444444445,20668.244347030562,2403.5222222222224
2023-04-17 01:00:00,1,0,0,False,-0.11722222222222223,0.0,-0.8091666666666667,38.0,483.73055555555555,60.00994376111111,16.72722229444444,16.55388889722222,0.0,38.0,-0.11722222222222223,0.0,38.0,37.882777777777775,483.73055555555555,60.00994376111111,37.882777777777775,0.0,0.5880674866666681,0.0,0.0,0.7844444444444444,42.08255159474672,0.3301142380654576,0.12,0.08,0,,0.0,0.0,37.882777777777775,0.0,4807.044444444445,20668.244347030562,2403.5222222222224
2023-04-17 02:00:00,2,0,0,False,-0.11166666666666668,0.0,-0.8116666666666666,38.0,484.2111111111111,60.00058308888889,16.591666875,16.421666633333334,0.0,38.0,-0.11166666666666668,0.0,38.0,37.888333333333335,484.2111111111111,60.00058308888889,37.888333333333335,0.0,0.5993002933333343,0.0,0.0,0.7844444444444444,42.4577861163227,0.33305774442359803,0.12,0.08,0,,0.0,0.0,37.888333333333335,0.0,4807.044444444445,20668.244347030562,2403.5222222222224
2023-04-17 03:00:00,3,0,0,False,-0.09416666666666666,0.0,-0.7708333333333334,37.99722222222222,483.6722222222222,59.98663963055556,16.346666447222223,16.276110905555555,0.0,37.99722222222222,-0.09416666666666666,0.0,37.99722222222222,37.903055555555554,483.6722222222222,59.98663963055556,37.903055555555554,0.0,0.5839675566666699,0.0,0.0,0.7844444444444444,43.63977485928706,0.34232978945174064,0.12,0.08,0,,0.0,0.0,37.903055555555554,0.0,4807.044444444445,20668.244347030562,2403.5222222222224
2023-04-17 04:00:00,4,0,0,False,-0.09138888888888891,0.0,-0.7450000000000001,37.99722222222222,481.39444444444445,59.99786114166667,16.04888904722222,16.090277891666666,0.0,37.99722222222222,-0.09138888888888891,0.0,37.99722222222222,37.905833333333334,481.39444444444445,59.99786114166667,37.905833333333334,0.0,0.5974333700000016,0.0,0.0,0.7844444444444444,43.82739212007505,0.3438015426308109,0.12,0.08,0,,0.0,0.0,37.905833333333334,0.0,4807.044444444445,20668.244347030562,2403.5222222222224
2023-04-17 05:00:00,5,0,0,False,-0.10027777777777779,-0.03611111111111111,-0.7936111111111113,37.84166666666667,484.9861111111111,59.999611341666665,15.69888888888889,15.860555555555559,0.0,37.84166666666667,-0.10027777777777779,0.0,37.84166666666667,37.74138888888889,484.9861111111111,59.999611341666665,37.74138888888889,0.0,0.5995336099999974,0.0,0.0,0.7844444444444444,43.22701688555347,0.33909193245778607,0.12,0.08,0,,0.0,0.0,37.74138888888889,0.0,4807.044444444445,20668.244347030562,2403.5222222222224
2023-04-17 06:00:00,6,0,0,False,-0.09277777777777778,4.236111111111111,-0.7733333333333333,37.9,486.825,60.000805372222224,15.329166666666667,15.686388888888887,4.236111111111111,37.9,-0.09277777777777778,0.0,42.136111111111106,42.04333333333333,486.825,60.000805372222224,42.04333333333333,0.0,0.5990335533333307,10.053398378271474,0.0,0.7844444444444444,43.73358348968105,0.3430656660412758,0.18,0.096,0,,4.236111111111111,0.0,42.04333333333333,2.1180555555555554,4811.280555555556,20668.244347030562,2405.640277777778
2023-04-17 07:00:00,7,0,0,False,-0.10027777777777779,16.086111111111112,-0.8113888888888889,37.986111111111114,486.9527777777778,60.00069428611112,15.086944444444443,15.5625,16.086111111111112,37.986111111111114,-0.10027777777777779,0.0,54.07222222222222,53.971944444444446,486.9527777777778,60.00069428611112,53.971944444444446,0.0,0.5991668566666561,29.749306483098735,0.0,0.7844444444444444,43.22701688555347,0.33909193245778607,0.18,0.096,0,,16.086111111111112,0.0,53.971944444444446,8.043055555555556,4827.366666666667,20668.244347030562,2413.6833333333334
2023-04-17 08:00:00,8,0,0,False,-0.08027777777777778,27.413888888888888,-0.7305555555555555,37.986111111111114,484.7638888888889,59.98733411111112,14.941111111111114,15.51138888888889,27.413888888888888,37.986111111111114,-0.08027777777777778,0.0,65.4,65.31972222222223,484.7638888888889,59.98733411111112,65.31972222222223,0.0,0.5848009333333408,41.91726129799524,0.0,0.7844444444444444,44.57786116322701,0.34968855534709187,0.18,0.096,0,,27.413888888888888,0.0,65.31972222222223,13.706944444444444,4854.780555555556,20668.244347030562,2427.390277777778
2023-04-17 09:00:00,9,0,0,False,-0.0911111111111111,35.025,-0.7675000000000001,38.0,482.7027777777778,59.990417208333334,15.068055555555556,15.5275,35.025,38.0,-0.0911111111111111,0.0,73.025,72.9338888888889,482.7027777777778,59.990417208333334,72.9338888888889,0.0,0.5885006500000003,47.96302636083533,0.0,0.7844444444444444,43.84615384615385,0.3439487179487179,0.18,0.096,0,,35.025,0.0,72.9338888888889,17.5125,4889.805555555556,20668.244347030562,2444.902777777778
2023-04-17 10:00:00,10,0,0,False,-0.0911111111111111,40.86666666666667,-0.7691666666666668,37.897222222222226,484.2472222222222,59.99527791666666,15.747222222222222,15.898611116666663,40.86666666666667,37.897222222222226,-0.0911111111111111,0.0,78.76388888888889,78.67277777777778,484.2472222222222,59.99527791666666,78.67277777777778,0.0,0.5943334999999905,51.88502909539764,0.0,0.7844444444444444,43.84615384615385,0.3439487179487179,0.18,0.096,0,,40.86666666666667,0.0,78.67277777777778,20.433333333333334,4930.672222222222,20668.244347030562,2465.336111111111
2023-04-17 11:00:00,11,0,0,False,-0.09055555555555556,42.477777777777774,-0.7588888888888888,37.919444444444444,484.52777777777777,60.00794393333334,16.512777719444447,16.394999944444443,42.477777777777774,37.919444444444444,-0.09055555555555556,0.0,80.39722222222221,80.30666666666666,484.52777777777777,60.00794393333334,80.30666666666666,0.0,0.5904672799999957,52.834882354973566,0.0,0.7844444444444444,43.88367729831145,0.34424306858453196,0.12,0.08,0,,42.477777777777774,0.0,80.30666666666666,21.238888888888887,4973.150000000001,20668.244347030562,2486.5750000000003
2023-04-17 12:00:00,12,0,0,False,-0.09416666666666666,42.71944444444444,-0.7797222222222222,37.92777777777778,483.10833333333335,60.01655476666666,17.264722230555556,16.936388891666667,42.71944444444444,37.92777777777778,-0.09416666666666666,0.0,80.64722222222221,80.55305555555555,483.10833333333335,60.01655476666666,80.55305555555555,0.0,0.58013428000001,52.970757413977196,0.0,0.7844444444444444,43.63977485928706,0.34232978945174064,0.12,0.08,0,,42.71944444444444,0.0,80.55305555555555,21.35972222222222,5015.869444444445,20668.244347030562,2507.9347222222227
2023-04-17 13:00:00,13,0,0,False,-0.10555555555555556,39.86388888888889,-0.7947222222222223,37.92777777777778,482.3833333333333,60.00052760277777,17.963888980555556,17.43555562222222,39.86388888888889,37.92777777777778,-0.10555555555555556,0.0,77.79166666666666,77.6861111111111,482.3833333333333,60.00052760277777,77.6861111111111,0.0,0.599366876666673,51.24442063917159,0.0,0.7844444444444444,42.870544090056285,0.3362956014175526,0.12,0.08,0,,39.86388888888889,0.0,77.6861111111111,19.931944444444444,5055.7333333333345,20668.244347030562,2527.8666666666672
2023-04-17 14:00:00,14,0,0,False,-0.10777777777777779,35.53888888888889,-0.7972222222222223,37.75,481.1666666666667,59.99177814166667,18.544722502777777,17.990000069444445,35.53888888888889,37.75,-0.10777777777777779,0.0,73.28888888888889,73.18111111111111,481.1666666666667,59.99177814166667,73.18111111111111,0.0,0.5901337700000056,48.49151000606428,0.0,0.7844444444444444,42.72045028142589,0.33511819887429645,0.12,0.08,0,,35.53888888888889,0.0,73.18111111111111,17.769444444444446,5091.272222222224,20668.244347030562,2545.636111111112
2023-04-17 15:00:00,15,0,0,False,-0.12027777777777779,27.958333333333332,-0.8061111111111111,37.74166666666667,482.075,59.99938894444444,18.98416669166667,18.457222086111113,27.958333333333332,37.74166666666667,-0.12027777777777779,0.0,65.7,65.57972222222223,482.075,59.99938894444444,65.57972222222223,0.0,0.5992667333333287,42.55454084221208,0.0,0.7844444444444444,41.87617260787992,0.3284953095684803,0.12,0.08,0,,27.958333333333332,0.0,65.57972222222223,13.979166666666666,5119.230555555557,20668.244347030562,2559.6152777777784
2023-04-17 16:00:00,16,0,0,False,-0.12166666666666666,17.566666666666666,-0.8094444444444444,37.73888888888889,480.69166666666666,59.983083477777775,19.341388627777782,18.70972286111111,17.566666666666666,37.73888888888889,-0.12166666666666666,0.0,55.30555555555556,55.18388888888889,480.69166666666666,59.983083477777775,55.18388888888889,0.0,0.5797001733333303,31.762933199397285,0.0,0.7844444444444444,41.78236397748593,0.32775943297894516,0.12,0.08,0,,17.566666666666666,0.0,55.18388888888889,8.783333333333333,5136.797222222223,20668.244347030562,2568.3986111111117
2023-04-17 17:00:00,17,0,0,False,-0.1302777777777778,5.930555555555555,-0.856111111111111,37.86944444444445,484.5027777777778,60.00397261944445,19.517222222222223,18.72166723333333,5.930555555555555,37.86944444444445,-0.1302777777777778,0.0,43.800000000000004,43.66972222222223,484.5027777777778,60.00397261944445,43.66972222222223,0.0,0.5952328566666637,13.540081177067476,0.0,0.7844444444444444,41.20075046904315,0.32319699812382735,0.12,0.08,0,,5.930555555555555,0.0,43.66972222222223,2.9652777777777777,5142.727777777779,20668.244347030562,2571.3638888888895
2023-04-17 18:00:00,18,0,0,False,-0.14555555555555558,-0.5166666666666667,-0.8775,37.95,483.5027777777778,60.01208273055555,19.471666666666668,18.73416698333333,0.0,37.95,-0.14555555555555558,0.0,37.95,37.80444444444445,483.5027777777778,60.01208273055555,37.80444444444445,0.0,0.5855007233333424,0.0,0.0,0.7844444444444444,40.168855534709195,0.315102355638941,0.18,0.096,0,,0.0,0.0,37.80444444444445,0.0,5142.727777777779,20668.244347030562,2571.3638888888895
2023-04-17 19:00:00,19,0,0,False,-0.1302777777777778,-0.03333333333333333,-0.855,37.99444444444445,482.1138888888889,60.002249822222225,19.35666631388889,18.70361197222222,0.0,37.99444444444445,-0.1302777777777778,0.0,37.99444444444445,37.86416666666667,482.1138888888889,60.002249822222225,37.86416666666667,0.0,0.5973002133333295,0.0,0.0,0.7844444444444444,41.20075046904315,0.32319699812382735,0.18,0.096,0,,0.0,0.0,37.86416666666667,0.0,5142.727777777779,20668.244347030562,2571.3638888888895
2023-04-17 20:00:00,20,0,0,False,-0.14527777777777778,0.0,-0.8769444444444443,37.99722222222222,484.55833333333334,60.01969366944444,19.14250035833333,18.608889055555554,0.0,37.99722222222222,-0.14527777777777778,0.0,37.99722222222222,37.85194444444444,484.55833333333334,60.01969366944444,37.85194444444444,0.0,0.5763675966666681,0.0,0.0,0.7844444444444444,40.18761726078799,0.315249530956848,0.18,0.096,0,,0.0,0.0,37.85194444444444,0.0,5142.727777777779,20668.244347030562,2571.3638888888895
2023-04-17 21:00:00,21,0,0,False,-0.14027777777777778,0.0,-0.8644444444444445,38.0,485.14722222222224,60.01158306666666,18.90694425555556,18.46805555555556,0.0,38.0,-0.14027777777777778,0.0,38.0,37.859722222222224,485.14722222222224,60.01158306666666,37.859722222222224,0.0,0.5861003200000084,0.0,0.0,0.7844444444444444,40.52532833020638,0.3178986866791745,0.18,0.096,0,,0.0,0.0,37.859722222222224,0.0,5142.727777777779,20668.244347030562,2571.3638888888895
2023-04-17 22:00:00,22,0,0,False,-0.1441666666666667,0.0,-0.8866666666666666,37.99722222222222,483.44166666666666,60.020527477777776,18.581111399999998,18.360277405555557,0.0,37.99722222222222,-0.1441666666666667,0.0,37.99722222222222,37.85305555555556,483.44166666666666,60.020527477777776,37.85305555555556,0.0,0.5753670266666688,0.0,0.0,0.7844444444444444,40.26266416510319,0.3158382322284761,0.18,0.096,0,,0.0,0.0,37.85305555555556,0.0,5142.727777777779,20668.244347030562,2571.3638888888895
2023-04-17 23:00:00,23,0,0,False,-0.14833333333333332,0.0,-0.8761111111111111,37.99722222222222,482.89722222222224,60.01055543611111,18.331665991666668,18.171666958333333,0.0,37.99722222222222,-0.14833333333333332,0.0,37.99722222222222,37.84888888888889,482.89722222222224,60.01055543611111,37.84888888888889,0.0,0.5873334766666659,0.0,0.0,0.7844444444444444,39.98123827392121,0.3136306024598708,0.12,0.08,0,,0.0,0.0,37.84888888888889,0.0,5142.727777777779,20668.244347030562,2571.3638888888895
2023-04-18 00:00:00,0,0,1,False,-0.1363888888888889,0.0,-0.8802777777777777,37.99722222222222,485.2638888888889,60.01233303055556,18.126111249999997,18.02388888888889,0.0,37.99722222222222,-0.1363888888888889,0.0,37.99722222222222,37.86083333333333,485.2638888888889,60.01233303055556,37.86083333333333,0.0,0.5852003633333283,0.0,0.0,0.7844444444444444,40.78799249530957,0.3199591411298728,0.12,0.08,0,,0.0,0.0,37.86083333333333,0.0,5142.727777777779,20668.244347030562,2571.3638888888895
2023-04-18 01:00:00,1,0,1,False,-0.1252777777777778,0.0,-0.8488888888888889,37.99722222222222,485.43055555555554,60.01044411944444,17.82833331666667,17.838610708333338,0.0,37.99722222222222,-0.1252777777777778,0.0,37.99722222222222,37.871944444444445,485.43055555555554,60.01044411944444,37.871944444444445,0.0,0.587467056666668,0.0,0.0,0.7844444444444444,41.53846153846153,0.3258461538461538,0.12,0.08,0,,0.0,0.0,37.871944444444445,0.0,5142.727777777779,20668.244347030562,2571.3638888888895
2023-04-18 02:00:00,2,0,1,False,-0.1325,0.0,-0.8741666666666668,37.99444444444445,486.925,60.00363861388889,17.513611222222224,17.64666716388889,0.0,37.99444444444445,-0.1325,0.0,37.99444444444445,37.86194444444445,486.925,60.00363861388889,37.86194444444445,0.0,0.5956336633333336,0.0,0.0,0.7844444444444444,41.050656660412756,0.32201959558057114,0.12,0.08,0,,0.0,0.0,37.86194444444445,0.0,5142.727777777779,20668.244347030562,2571.3638888888895
2023-04-18 03:00:00,3,0,1,False,-0.1252777777777778,0.0,-0.8608333333333332,37.96388888888889,485.96944444444443,60.00291658333333,17.149722316666665,17.40611089166667,0.0,37.96388888888889,-0.1252777777777778,0.0,37.96388888888889,37.83861111111111,485.96944444444443,60.00291658333333,37.83861111111111,0.0,0.5965001000000029,0.0,0.0,0.7844444444444444,41.53846153846153,0.3258461538461538,0.12,0.08,0,,0.0,0.0,37.83861111111111,0.0,5142.727777777779,20668.244347030562,2571.3638888888895
2023-04-18 04:00:00,4,0,1,False,-0.11833333333333333,0.0,-0.8375,37.977777777777774,483.2083333333333,59.97530599722223,16.75472216388889,17.20388888611111,0.0,37.977777777777774,-0.11833333333333333,0.0,37.977777777777774,37.85944444444444,483.2083333333333,59.97530599722223,37.85944444444444,0.0,0.5703671966666747,0.0,0.0,0.7844444444444444,42.00750469043152,0.32952553679382945,0.12,0.08,0,,0.0,0.0,37.85944444444444,0.0,5142.727777777779,20668.244347030562,2571.3638888888895
2023-04-18 05:00:00,5,0,1,False,-0.10972222222222222,0.019444444444444445,-0.8188888888888888,37.96388888888889,482.0861111111111,59.98066690000001,16.325833377777776,17.001944430555554,0.019444444444444445,37.96388888888889,-0.10972222222222222,0.0,37.983333333333334,37.87361111111111,482.0861111111111,59.98066690000001,37.87361111111111,0.0,0.5768002800000118,0.05119204329384233,0.0,0.7844444444444444,42.589118198874296,0.33408797164894727,0.12,0.08,0,,0.019444444444444445,0.0,37.87361111111111,0.009722222222222222,5142.747222222223,20668.244347030562,2571.3736111111116
2023-04-18 06:00:00,6,0,1,False,-0.11055555555555557,3.8472222222222223,-0.7961111111111112,37.952777777777776,482.1222222222222,59.97302827222223,15.934166666666668,16.78305517777778,3.8472222222222223,37.952777777777776,-0.11055555555555557,0.0,41.8,41.68944444444444,482.1222222222222,59.97302827222223,41.68944444444444,0.0,0.5676339266666758,9.20388091440723,0.0,0.7844444444444444,42.532833020637895,0.3336464456952261,0.18,0.096,0,,3.8472222222222223,0.0,41.68944444444444,1.9236111111111112,5146.594444444446,20668.244347030562,2573.297222222223
2023-04-18 07:00:00,7,0,1,False,-0.10138888888888889,15.686111111111112,-0.7727777777777778,37.99444444444445,482.72777777777776,59.97344487222223,15.601944444444444,16.584722324999998,15.686111111111112,37.99444444444445,-0.10138888888888889,0.0,53.68055555555556,53.579166666666666,482.72777777777776,59.97344487222223,53.579166666666666,0.0,0.5681338466666773,29.221216041397152,0.0,0.7844444444444444,43.151969981238274,0.338503231186158,0.18,0.096,0,,15.686111111111112,0.0,53.579166666666666,7.843055555555556,5162.280555555557,20668.244347030562,2581.1402777777785
2023-04-18 08:00:00,8,0,1,False,-0.09888888888888889,24.897222222222222,-0.8066666666666666,37.99166666666667,484.2111111111111,59.98877819444444,15.401666666666667,16.471944444444443,24.897222222222222,37.99166666666667,-0.09888888888888889,0.0,62.888888888888886,62.79,484.2111111111111,59.98877819444444,62.79,0.0,0.5865338333333312,39.58922261484099,0.0,0.7844444444444444,43.32082551594747,0.33982780904732124,0.18,0.096,0,,24.897222222222222,0.0,62.79,12.448611111111111,5187.177777777779,20668.244347030562,2593.5888888888894
2023-04-18 09:00:00,9,0,1,False,-0.10166666666666666,34.28888888888889,-0.7819444444444444,37.93333333333333,483.47777777777776,59.99402806388889,15.5425,16.531111116666665,34.28888888888889,37.93333333333333,-0.10166666666666666,0.0,72.22222222222223,72.12055555555555,483.47777777777776,59.99402806388889,72.12055555555555,0.0,0.5928336766666689,47.47692307692308,0.0,0.7844444444444444,43.133208255159474,0.33835605586825096,0.18,0.096,0,,34.28888888888889,0.0,72.12055555555555,17.144444444444446,5221.466666666668,20668.244347030562,2610.733333333334
2023-04-18 10:00:00,10,0,1,False,-0.09333333333333334,38.05277777777778,-0.7572222222222222,37.86944444444445,483.56944444444446,59.99122274166667,16.02750005277778,16.761666516666665,38.05277777777778,37.86944444444445,-0.09333333333333334,0.0,75.92222222222222,75.82888888888888,483.56944444444446,59.99122274166667,75.82888888888888,0.0,0.5894672900000018,50.120737596955955,0.0,0.7844444444444444,43.69606003752345,0.34277131540546174,0.18,0.096,0,,38.05277777777778,0.0,75.82888888888888,19.02638888888889,5259.519444444446,20668.244347030562,2629.759722222223
2023-04-18 11:00:00,11,0,1,False,-0.1088888888888889,36.43333333333333,-0.8213888888888888,37.419444444444444,482.8027777777778,59.99530573888888,16.650555475,17.11222234722222,36.43333333333333,37.419444444444444,-0.1088888888888889,0.0,73.85277777777777,73.74388888888889,482.8027777777778,59.99530573888888,73.74388888888889,0.0,0.594366886666657,49.332380486704025,0.0,0.7844444444444444,42.645403377110696,0.3345294976026683,0.12,0.08,0,,36.43333333333333,0.0,73.74388888888889,18.216666666666665,5295.952777777779,20668.244347030562,2647.9763888888897
2023-04-18 12:00:00,12,0,1,False,-0.11472222222222221,31.516666666666666,-0.8258333333333332,37.147222222222226,482.9611111111111,60.00291648055555,17.298055569444447,17.448610922222223,31.516666666666666,37.147222222222226,-0.11472222222222221,0.0,68.66388888888889,68.54916666666666,482.9611111111111,60.00291648055555,68.54916666666666,0.0,0.5965002233333422,45.899915045107,0.0,0.7844444444444444,42.25140712945591,0.33143881592662083,0.12,0.08,0,,31.516666666666666,0.0,68.54916666666666,15.758333333333333,5327.469444444446,20668.244347030562,2663.734722222223
2023-04-18 13:00:00,13,0,1,False,-0.11972222222222223,31.691666666666666,-0.8494444444444443,37.019444444444446,483.84444444444443,59.99513908611112,17.846944480555553,17.786388933333335,31.691666666666666,37.019444444444446,-0.11972222222222223,0.0,68.71111111111111,68.59138888888889,483.84444444444443,59.99513908611112,68.59138888888889,0.0,0.5941669033333398,46.1230595084088,0.0,0.7844444444444444,41.91369606003752,0.32878966020429434,0.12,0.08,0,,31.691666666666666,0.0,68.59138888888889,15.845833333333333,5359.161111111112,20668.244347030562,2679.580555555556
2023-04-18 14:00:00,14,0,1,False,-0.1275,33.41111111111111,-0.8475,37.0,483.3,59.99641693611112,18.412500069444445,18.233611055555553,33.41111111111111,37.0,-0.1275,0.0,70.41111111111111,70.28361111111111,483.3,59.99641693611112,70.28361111111111,0.0,0.595700323333341,47.45147546157488,0.0,0.7844444444444444,41.388367729831145,0.32466875130289763,0.12,0.08,0,,33.41111111111111,0.0,70.28361111111111,16.705555555555556,5392.572222222224,20668.244347030562,2696.286111111112
2023-04-18 15:00:00,15,0,1,False,-0.13638888888888892,26.980555555555554,-0.8747222222222222,37.0,482.4111111111111,59.98647258611111,18.976389016666666,18.666111255555556,26.980555555555554,37.0,-0.13638888888888892,0.0,63.980555555555554,63.844166666666666,482.4111111111111,59.98647258611111,63.844166666666666,0.0,0.583767103333335,42.169930100290884,0.0,0.7844444444444444,40.78799249530957,0.3199591411298728,0.12,0.08,0,,26.980555555555554,0.0,63.844166666666666,13.490277777777777,5419.55277777778,20668.244347030562,2709.77638888889
2023-04-18 16:00:00,16,0,1,False,-0.14750000000000002,11.661111111111111,-0.8997222222222222,37.05555555555556,483.0722222222222,60.000333425,19.394166472222228,18.91249992777778,11.661111111111111,37.05555555555556,-0.14750000000000002,0.0,48.71666666666667,48.56916666666667,483.0722222222222,60.000333425,48.56916666666667,0.0,0.5995998899999989,23.936594822670774,0.0,0.7844444444444444,40.0375234521576,0.31407212841359183,0.12,0.08,0,,11.661111111111111,0.0,48.56916666666667,5.830555555555556,5431.213888888891,20668.244347030562,2715.6069444444456
2023-04-18 17:00:00,17,0,1,False,-0.1525,1.9166666666666667,-0.9266666666666667,37.21111111111111,486.5416666666667,59.99333352222222,19.615000316666663,19.031666666666666,1.9166666666666667,37.21111111111111,-0.1525,0.0,39.12777777777777,38.97527777777777,486.5416666666667,59.99333352222222,38.97527777777777,0.0,0.5920002266666671,4.89848076103933,0.0,0.7844444444444444,39.69981238273921,0.31142297269126534,0.12,0.08,0,,1.9166666666666667,0.0,38.97527777777777,0.9583333333333334,5433.130555555558,20668.244347030562,2716.565277777779
2023-04-18 18:00:00,18,0,1,False,-0.15583333333333332,-0.5638888888888889,-0.9441666666666666,37.50555555555555,485.3777777777778,60.00791630277778,19.724444955555555,19.100833352777776,0.0,37.50555555555555,-0.15583333333333332,0.0,37.50555555555555,37.34972222222222,485.3777777777778,60.00791630277778,37.34972222222222,0.0,0.5905004366666645,0.0,0.0,0.7844444444444444,39.47467166979362,0.30965686887638105,0.18,0.096,0,,0.0,0.0,37.34972222222222,0.0,5433.130555555558,20668.244347030562,2716.565277777779
2023-04-18 19:00:00,19,0,1,False,-0.16416666666666668,-0.03333333333333333,-0.9405555555555556,37.894444444444446,484.03055555555557,60.000027572222216,19.80083239166667,19.14055596111111,0.0,37.894444444444446,-0.16416666666666668,0.0,37.894444444444446,37.73027777777778,484.03055555555557,60.000027572222216,37.73027777777778,0.0,0.5999669133333413,0.0,0.0,0.7844444444444444,38.911819887429644,0.3052416093391703,0.18,0.096,0,,0.0,0.0,37.73027777777778,0.0,5433.130555555558,20668.244347030562,2716.565277777779
2023-04-18 20:00:00,20,0,1,False,-0.1527777777777778,0.0,-0.9275,37.980555555555554,486.175,59.994805652777785,19.806387961111117,19.18388971944444,0.0,37.980555555555554,-0.1527777777777778,0.0,37.980555555555554,37.827777777777776,486.175,59.994805652777785,37.827777777777776,0.0,0.5937667833333421,0.0,0.0,0.7844444444444444,39.68105065666041,0.3112757973733583,0.18,0.096,0,,0.0,0.0,37.827777777777776,0.0,5433.130555555558,20668.244347030562,2716.565277777779
2023-04-18 21:00:00,21,0,1,False,-0.1625,0.0,-0.9199999999999999,37.96388888888889,486.8888888888889,60.003805125,19.75361107222222,19.167778430555554,0.0,37.96388888888889,-0.1625,0.0,37.96388888888889,37.80138888888889,486.8888888888889,60.003805125,37.80138888888889,0.0,0.5954338500000006,0.0,0.0,0.7844444444444444,39.02439024390244,0.3061246612466125,0.18,0.096,0,,0.0,0.0,37.80138888888889,0.0,5433.130555555558,20668.244347030562,2716.565277777779
2023-04-18 22:00:00,22,0,1,False,-0.15944444444444447,0.0,-0.9180555555555554,38.0,487.34444444444443,60.007221827777784,19.615000494444445,19.067500008333333,0.0,38.0,-0.15944444444444447,0.0,38.0,37.840555555555554,487.34444444444443,60.007221827777784,37.840555555555554,0.0,0.5913338066666597,0.0,0.0,0.7844444444444444,39.230769230769226,0.3077435897435897,0.18,0.096,0,,0.0,0.0,37.840555555555554,0.0,5433.130555555558,20668.244347030562,2716.565277777779
2023-04-18 23:00:00,23,0,1,False,-0.16166666666666668,0.0,-0.9611111111111111,38.0,486.1222222222222,60.01349973611111,19.354166380555558,18.86555520277778,0.0,38.0,-0.16166666666666668,0.0,38.0,37.83833333333333,486.1222222222222,60.01349973611111,37.83833333333333,0.0,0.5838003166666709,0.0,0.0,0.7844444444444444,39.08067542213884,0.3065661872003335,0.12,0.08,0,,0.0,0.0,37.83833333333333,0.0,5433.130555555558,20668.244347030562,2716.565277777779
2023-04-19 00:00:00,0,0,2,False,-0.14722222222222223,0.0,-0.8647222222222221,38.0,480.1361111111111,60.00708283888889,19.106389144444442,18.68833405833333,0.0,38.0,-0.14722222222222223,0.0,38.0,37.852777777777774,480.1361111111111,60.00708283888889,37.852777777777774,0.0,0.5915005933333305,0.0,0.0,0.7844444444444444,40.056285178236394,0.3142193037314988,0.12,0.08,0,,0.0,0.0,37.852777777777774,0.0,5433.130555555558,20668.244347030562,2716.565277777779
2023-04-19 01:00:00,1,0,2,False,-0.14194444444444446,0.0,-0.8611111111111112,38.0,480.34444444444443,60.001083280555555,18.855832997222223,18.563888922222223,0.0,38.0,-0.14194444444444446,0.0,38.0,37.85805555555555,480.34444444444443,60.001083280555555,37.85805555555555,0.0,0.5987000633333338,0.0,0.0,0.7844444444444444,40.412757973733584,0.3170156347717323,0.12,0.08,0,,0.0,0.0,37.85805555555555,0.0,5433.130555555558,20668.244347030562,2716.565277777779
2023-04-19 02:00:00,2,0,2,False,-0.13444444444444445,0.0,-0.851111111111111,38.0,481.1138888888889,59.9899173,18.61527818611111,18.42499997777778,0.0,38.0,-0.13444444444444445,0.0,38.0,37.86555555555555,481.1138888888889,59.9899173,37.86555555555555,0.0,0.5879007600000022,0.0,0.0,0.7844444444444444,40.91932457786116,0.32098936835522196,0.12,0.08,0,,0.0,0.0,37.86555555555555,0.0,5433.130555555558,20668.244347030562,2716.565277777779
2023-04-19 03:00:00,3,0,2,False,-0.14194444444444443,0.0,-0.8611111111111112,38.0,481.11944444444447,60.00772170277777,18.32388866388889,18.24083339166667,0.0,38.0,-0.14194444444444443,0.0,38.0,37.85805555555555,481.11944444444447,60.00772170277777,37.85805555555555,0.0,0.5907339566666735,0.0,0.0,0.7844444444444444,40.412757973733584,0.3170156347717323,0.12,0.08,0,,0.0,0.0,37.85805555555555,0.0,5433.130555555558,20668.244347030562,2716.565277777779
2023-04-19 04:00:00,4,0,2,False,-0.13527777777777777,0.0,-0.8422222222222222,38.0,482.98333333333335,59.99458326944445,18.008055519444444,18.091944547222223,0.0,38.0,-0.13527777777777777,0.0,38.0,37.86472222222222,482.98333333333335,59.99458326944445,37.86472222222222,0.0,0.5934999233333371,0.0,0.0,0.7844444444444444,40.86303939962477,0.3205478424015009,0.12,0.08,0,,0.0,0.0,37.86472222222222,0.0,5433.130555555558,20668.244347030562,2716.565277777779
2023-04-19 05:00:00,5,0,2,False,-0.12833333333333335,0.2222222222222222,-0.846388888888889,37.99166666666667,483.3666666666667,60.013249216666665,17.62333351111111,17.885277461111112,0.2222222222222222,37.99166666666667,-0.12833333333333335,0.0,38.21388888888889,38.08555555555556,483.3666666666667,60.013249216666665,38.08555555555556,0.0,0.5841009400000018,0.5815221341862324,0.0,0.7844444444444444,41.332082551594745,0.32422722534917653,0.12,0.08,0,,0.2222222222222222,0.0,38.08555555555556,0.1111111111111111,5433.352777777781,20668.244347030562,2716.6763888888904
2023-04-19 06:00:00,6,0,2,False,-0.11861111111111113,4.777777777777778,-0.8219444444444444,37.99722222222222,483.81111111111113,60.00477757222222,17.25444449722222,17.687500552777774,4.777777777777778,37.99722222222222,-0.11861111111111113,0.0,42.775,42.656388888888884,483.81111111111113,60.00477757222222,42.656388888888884,0.0,0.5942669133333396,11.1695564647055,0.0,0.7844444444444444,41.98874296435272,0.32937836147592237,0.18,0.096,0,,4.777777777777778,0.0,42.656388888888884,2.388888888888889,5438.130555555558,20668.244347030562,2719.065277777779
2023-04-19 07:00:00,7,0,2,False,-0.1213888888888889,13.269444444444444,-0.8311111111111112,37.99444444444445,480.7361111111111,59.97841731666667,16.979166666666668,17.553888897222222,13.269444444444444,37.99444444444445,-0.1213888888888889,0.0,51.26388888888889,51.142500000000005,480.7361111111111,59.97841731666667,51.142500000000005,0.0,0.5741007800000062,25.884584123543753,0.0,0.7844444444444444,41.80112570356473,0.3279066082968522,0.18,0.096,0,,13.269444444444444,0.0,51.142500000000005,6.634722222222222,5451.400000000002,20668.244347030562,2725.700000000001
2023-04-19 08:00:00,8,0,2,False,-0.12277777777777779,3.033333333333333,-0.8372222222222222,37.983333333333334,481.1138888888889,59.98525060000001,16.87055525277778,17.493888888888886,3.033333333333333,37.983333333333334,-0.12277777777777779,0.0,41.016666666666666,40.89388888888889,481.1138888888889,59.98525060000001,40.89388888888889,0.0,0.5823007200000091,7.3953677366924016,0.0,0.7844444444444444,41.70731707317073,0.32717073170731703,0.18,0.096,0,,3.033333333333333,0.0,40.89388888888889,1.5166666666666666,5454.433333333336,20668.244347030562,2727.216666666668
2023-04-19 09:00:00,9,0,2,False,-0.10527777777777779,13.894444444444444,-0.798888888888889,37.99722222222222,481.68888888888887,59.98633369722223,16.670555625,17.333888311111114,13.894444444444444,37.99722222222222,-0.10527777777777779,0.0,51.891666666666666,51.78638888888889,481.68888888888887,59.98633369722223,51.78638888888889,0.0,0.5836004366666742,26.775868529521972,0.0,0.7844444444444444,42.889305816135085,0.33644277673545964,0.18,0.096,0,,13.894444444444444,0.0,51.78638888888889,6.947222222222222,5468.32777777778,20668.244347030562,2734.16388888889
2023-04-19 10:00:00,10,0,2,False,-0.11333333333333334,26.069444444444443,-0.81,38.0,482.18611111111113,60.001360966666674,16.698055344444448,17.37083303611111,26.069444444444443,38.0,-0.11333333333333334,0.0,64.06944444444444,63.956111111111106,482.18611111111113,60.001360966666674,63.956111111111106,0.0,0.5983668399999914,40.68935616735313,0.0,0.7844444444444444,42.34521575984991,0.33217469251615594,0.18,0.096,0,,26.069444444444443,0.0,63.956111111111106,13.034722222222221,5494.397222222225,20668.244347030562,2747.1986111111123
2023-04-19 11:00:00,11,0,2,False,-0.1188888888888889,8.647222222222222,-0.8116666666666666,37.99722222222222,480.8861111111111,60.00363860833333,16.704722677777774,17.314444105555555,8.647222222222222,37.99722222222222,-0.1188888888888889,0.0,46.644444444444446,46.525555555555556,480.8861111111111,60.00363860833333,46.525555555555556,0.0,0.5956336700000008,18.538589804668888,0.0,0.7844444444444444,41.96998123827392,0.3292311861580154,0.12,0.08,0,,8.647222222222222,0.0,46.525555555555556,4.323611111111111,5503.0444444444465,20668.244347030562,2751.5222222222233
2023-04-19 12:00:00,12,0,2,False,-0.11666666666666667,8.519444444444444,-0.8077777777777778,38.0,481.775,60.00863849999999,16.56861114722222,17.150000416666668,8.519444444444444,38.0,-0.11666666666666667,0.0,46.519444444444446,46.40277777777778,481.775,60.00863849999999,46.40277777777778,0.0,0.5896338000000128,18.31372783185048,0.0,0.7844444444444444,42.12007504690432,0.33040858870127165,0.12,0.08,0,,8.519444444444444,0.0,46.40277777777778,4.259722222222222,5511.563888888891,20668.244347030562,2755.7819444444453
2023-04-19 13:00:00,13,0,2,False,-0.11166666666666668,12.7,-0.7783333333333334,37.99166666666667,481.675,60.00311098333333,16.431666666666672,17.09694445833333,12.7,37.99166666666667,-0.11166666666666668,0.0,50.69166666666666,50.58,481.675,60.00311098333333,50.58,0.0,0.5962668200000053,25.053427585073155,0.0,0.7844444444444444,42.4577861163227,0.33305774442359803,0.12,0.08,0,,12.7,0.0,50.58,6.35,5524.2638888888905,20668.244347030562,2762.1319444444453
2023-04-19 14:00:00,14,0,2,False,-0.11333333333333333,24.916666666666668,-0.8311111111111111,37.986111111111114,482.60277777777776,59.99883343611111,16.398055533333338,17.106111227777777,24.916666666666668,37.986111111111114,-0.11333333333333333,0.0,62.902777777777786,62.78944444444445,482.60277777777776,59.99883343611111,62.78944444444445,0.0,0.5986001233333355,39.61139324354161,0.0,0.7844444444444444,42.34521575984991,0.33217469251615594,0.12,0.08,0,,24.916666666666668,0.0,62.78944444444445,12.458333333333334,5549.1805555555575,20668.244347030562,2774.5902777777787
2023-04-19 15:00:00,15,0,2,False,-0.12500000000000003,18.483333333333334,-0.8361111111111111,38.0,483.39722222222224,60.00080569444443,16.546111402777775,17.295277647222225,18.483333333333334,38.0,-0.12500000000000003,0.0,56.483333333333334,56.358333333333334,483.39722222222224,60.00080569444443,56.358333333333334,0.0,0.5990331666666833,32.72351726172912,0.0,0.7844444444444444,41.55722326454034,0.3259933291640609,0.12,0.08,0,,18.483333333333334,0.0,56.358333333333334,9.241666666666667,5567.663888888891,20668.244347030562,2783.8319444444455
2023-04-19 16:00:00,16,0,2,False,-0.12888888888888891,6.030555555555556,-0.8527777777777777,37.99722222222222,482.9555555555556,59.98972241388889,16.73250035,17.274721869444445,6.030555555555556,37.99722222222222,-0.12888888888888891,0.0,44.02777777777778,43.89888888888889,482.9555555555556,59.98972241388889,43.89888888888889,0.0,0.5876668966666699,13.697160883280757,0.0,0.7844444444444444,41.294559099437144,0.32393287471336246,0.12,0.08,0,,6.030555555555556,0.0,43.89888888888889,3.015277777777778,5573.694444444446,20668.244347030562,2786.847222222223
2023-04-19 17:00:00,17,0,2,False,-0.11333333333333333,1.5361111111111112,-0.8152777777777778,37.986111111111114,482.8027777777778,59.99961123055556,16.754166583333333,17.15222266944444,1.5361111111111112,37.986111111111114,-0.11333333333333333,0.0,39.522222222222226,39.40888888888889,482.8027777777778,59.99961123055556,39.40888888888889,0.0,0.5995334766666701,3.8867022771998876,0.0,0.7844444444444444,42.34521575984991,0.33217469251615594,0.12,0.08,0,,1.5361111111111112,0.0,39.40888888888889,0.7680555555555556,5575.230555555558,20668.244347030562,2787.615277777779
2023-04-19 18:00:00,18,0,2,False,-0.11805555555555555,-0.325,-0.8319444444444445,38.0,483.0805555555556,60.005832972222215,16.690278613888886,17.0988889,0.0,38.0,-0.11805555555555555,0.0,38.0,37.88194444444444,483.0805555555556,60.005832972222215,37.88194444444444,0.0,0.5930004333333414,0.0,0.0,0.7844444444444444,42.02626641651032,0.32967271211173643,0.18,0.096,0,,0.0,0.0,37.88194444444444,0.0,5575.230555555558,20668.244347030562,2787.615277777779
2023-04-19 19:00:00,19,0,2,False,-0.11916666666666668,-0.008333333333333333,-0.833888888888889,37.99722222222222,481.0722222222222,60.001027741666675,16.545833380555557,16.995555555555555,0.0,37.99722222222222,-0.11916666666666668,0.0,37.99722222222222,37.878055555555555,481.0722222222222,60.001027741666675,37.878055555555555,0.0,0.5987667099999896,0.0,0.0,0.7844444444444444,41.951219512195124,0.3290840108401084,0.18,0.096,0,,0.0,0.0,37.878055555555555,0.0,5575.230555555558,20668.244347030562,2787.615277777779
2023-04-19 20:00:00,20,0,2,False,-0.10944444444444444,0.0,-0.8186111111111113,37.99722222222222,483.24444444444447,60.00422190555556,16.32027763888889,16.874166380555558,0.0,37.99722222222222,-0.10944444444444444,0.0,37.99722222222222,37.88777777777778,483.24444444444447,60.00422190555556,37.88777777777778,0.0,0.5949337133333273,0.0,0.0,0.7844444444444444,42.607879924953096,0.33423514696685425,0.18,0.096,0,,0.0,0.0,37.88777777777778,0.0,5575.230555555558,20668.244347030562,2787.615277777779
2023-04-19 21:00:00,21,0,2,False,-0.12305555555555557,0.0,-0.8141666666666667,38.0,484.5527777777778,60.00533334166666,16.07972241111111,16.753888761111114,0.0,38.0,-0.12305555555555557,0.0,38.0,37.87694444444445,484.5527777777778,60.00533334166666,37.87694444444445,0.0,0.5935999900000041,0.0,0.0,0.7844444444444444,41.688555347091935,0.32702355638941,0.18,0.096,0,,0.0,0.0,37.87694444444445,0.0,5575.230555555558,20668.244347030562,2787.615277777779
2023-04-19 22:00:00,22,0,2,False,-0.12583333333333332,0.0,-0.8466666666666666,38.0,485.06944444444446,60.010138480555554,15.808333333333334,16.583055666666667,0.0,38.0,-0.12583333333333332,0.0,38.0,37.87416666666667,485.06944444444446,60.010138480555554,37.87416666666667,0.0,0.5878338233333352,0.0,0.0,0.7844444444444444,41.50093808630394,0.3255518032103398,0.18,0.096,0,,0.0,0.0,37.87416666666667,0.0,5575.230555555558,20668.244347030562,2787.615277777779
2023-04-19 23:00:00,23,0,2,False,-0.1113888888888889,0.0,-0.8202777777777777,37.99444444444445,485.4916666666667,60.01649926666667,15.550555555555555,16.420833294444446,0.0,37.99444444444445,-0.1113888888888889,0.0,37.99444444444445,37.88305555555556,485.4916666666667,60.01649926666667,37.88305555555556,0.0,0.5802008799999953,0.0,0.0,0.7844444444444444,42.4765478424015,0.33320491974150507,0.12,0.08,0,,0.0,0.0,37.88305555555556,0.0,5575.230555555558,20668.244347030562,2787.615277777779
2023-04-20 00:00:00,0,0,3,False,-0.11750000000000001,0.0,-0.8416666666666667,38.0,485.14166666666665,60.01427705833333,15.284444444444443,16.257222152777782,0.0,38.0,-0.11750000000000001,0.0,38.0,37.8825,485.14166666666665,60.01427705833333,37.8825,0.0,0.5828675300000071,0.0,0.0,0.7844444444444444,42.06378986866792,0.3299670627475505,0.12,0.08,0,,0.0,0.0,37.8825,0.0,5575.230555555558,20668.244347030562,2787.615277777779
2023-04-20 01:00:00,1,0,3,False,-0.11388888888888889,0.0,-0.8244444444444443,38.0,485.3888888888889,60.015221783333324,15.0125,16.078888938888888,0.0,38.0,-0.11388888888888889,0.0,38.0,37.88611111111111,485.3888888888889,60.015221783333324,37.88611111111111,0.0,0.5817338600000113,0.0,0.0,0.7844444444444444,42.30769230769231,0.3318803418803419,0.12,0.08,0,,0.0,0.0,37.88611111111111,0.0,5575.230555555558,20668.244347030562,2787.615277777779
2023-04-20 02:00:00,2,0,3,False,-0.11333333333333333,0.0,-0.8055555555555556,37.99166666666667,485.9916666666667,59.99886094166666,14.693055555555556,15.88305555555556,0.0,37.99166666666667,-0.11333333333333333,0.0,37.99166666666667,37.87833333333333,485.9916666666667,59.99886094166666,37.87833333333333,0.0,0.5986331299999961,0.0,0.0,0.7844444444444444,42.34521575984991,0.33217469251615594,0.12,0.08,0,,0.0,0.0,37.87833333333333,0.0,5575.230555555558,20668.244347030562,2787.615277777779
2023-04-20 03:00:00,3,0,3,False,-0.10333333333333335,0.0,-0.8075,37.99444444444445,485.98055555555555,60.003666213888884,14.372222222222222,15.703611111111108,0.0,37.99444444444445,-0.10333333333333335,0.0,37.99444444444445,37.891111111111115,485.98055555555555,60.003666213888884,37.891111111111115,0.0,0.5956005433333388,0.0,0.0,0.7844444444444444,43.02063789868668,0.3374730039608088,0.12,0.08,0,,0.0,0.0,37.891111111111115,0.0,5575.230555555558,20668.244347030562,2787.615277777779
2023-04-20 04:00:00,4,0,3,False,-0.095,0.0,-0.7722222222222223,37.986111111111114,485.8388888888889,59.99738914722222,14.030555555555555,15.465833333333336,0.0,37.986111111111114,-0.095,0.0,37.986111111111114,37.891111111111115,485.8388888888889,59.99738914722222,37.891111111111115,0.0,0.5968669766666664,0.0,0.0,0.7844444444444444,43.58348968105066,0.3418882634980196,0.12,0.08,0,,0.0,0.0,37.891111111111115,0.0,5575.230555555558,20668.244347030562,2787.615277777779
2023-04-20 05:00:00,5,0,3,False,-0.10611111111111111,-0.07777777777777778,-0.7925000000000002,37.87222222222222,486.175,59.99241703888889,13.686111111111112,15.259444444444444,0.0,37.87222222222222,-0.10611111111111111,0.0,37.87222222222222,37.76611111111111,486.175,59.99241703888889,37.76611111111111,0.0,0.5909004466666659,0.0,0.0,0.7844444444444444,42.833020637898684,0.33600125078173854,0.12,0.08,0,,0.0,0.0,37.76611111111111,0.0,5575.230555555558,20668.244347030562,2787.615277777779
2023-04-20 06:00:00,6,0,3,False,-0.08666666666666667,4.069444444444445,-0.7677777777777779,37.94444444444444,486.95,60.01111066666666,13.362222222222222,15.051944444444445,4.069444444444445,37.94444444444444,-0.08666666666666667,0.0,42.013888888888886,41.92722222222222,486.95,60.01111066666666,41.92722222222222,0.0,0.5866672000000079,9.685950413223141,0.0,0.7844444444444444,44.146341463414636,0.3463035230352303,0.18,0.096,0,,4.069444444444445,0.0,41.92722222222222,2.0347222222222223,5579.300000000002,20668.244347030562,2789.650000000001
2023-04-20 07:00:00,7,0,3,False,-0.0952777777777778,16.341666666666665,-0.7744444444444446,37.977777777777774,486.075,59.992250327777775,13.133055555555554,14.909722222222225,16.341666666666665,37.977777777777774,-0.0952777777777778,0.0,54.31944444444444,54.22416666666666,486.075,59.992250327777775,54.22416666666666,0.0,0.59070039333333,30.084377397085145,0.0,0.7844444444444444,43.56472795497186,0.34174108818011256,0.18,0.096,0,,16.341666666666665,0.0,54.22416666666666,8.170833333333333,5595.641666666668,20668.244347030562,2797.820833333334
2023-04-20 08:00:00,8,0,3,False,-0.0811111111111111,26.127777777777776,-0.7494444444444445,38.0,484.425,59.99730582777779,13.106388888888887,14.87416666666667,26.127777777777776,38.0,-0.0811111111111111,0.0,64.12777777777778,64.04666666666667,484.425,59.99730582777779,64.04666666666667,0.0,0.5967669933333439,40.74330763233128,0.0,0.7844444444444444,44.52157598499062,0.3492470293933708,0.18,0.096,0,,26.127777777777776,0.0,64.04666666666667,13.063888888888888,5621.769444444446,20668.244347030562,2810.884722222223
2023-04-20 09:00:00,9,0,3,False,-0.09444444444444444,36.35,-0.7766666666666667,37.977777777777774,483.0861111111111,59.99716697777777,13.364999999999998,14.922222222222224,36.35,37.977777777777774,-0.09444444444444444,0.0,74.32777777777778,74.23333333333333,483.0861111111111,59.99716697777777,74.23333333333333,0.0,0.596600373333328,48.90500037372001,0.0,0.7844444444444444,43.62101313320825,0.3421826141338336,0.18,0.096,0,,36.35,0.0,74.23333333333333,18.175,5658.119444444446,20668.244347030562,2829.059722222223
2023-04-20 10:00:00,10,0,3,False,-0.09611111111111112,40.69722222222222,-0.7833333333333333,37.99722222222222,482.675,59.99472258055555,14.071388888888889,15.211944444444445,40.69722222222222,37.99722222222222,-0.09611111111111112,0.0,78.69444444444444,78.59833333333333,482.675,59.99472258055555,78.59833333333333,0.0,0.593667096666664,51.71549594069891,0.0,0.7844444444444444,43.50844277673546,0.34129956222639146,0.18,0.096,0,,40.69722222222222,0.0,78.59833333333333,20.34861111111111,5698.816666666668,20668.244347030562,2849.408333333334
2023-04-20 11:00:00,11,0,3,False,-0.10861111111111112,41.75,-0.8052777777777778,37.92777777777778,484.06388888888887,59.98872263333334,15.006944444444445,15.761111111111111,41.75,37.92777777777778,-0.10861111111111112,0.0,79.67777777777778,79.56916666666666,484.06388888888887,59.98872263333334,79.56916666666666,0.0,0.5864671600000065,52.39854971412634,0.0,0.7844444444444444,42.66416510318949,0.3346766729205753,0.12,0.08,0,,41.75,0.0,79.56916666666666,20.875,5740.566666666668,20668.244347030562,2870.283333333334
2023-04-20 12:00:00,12,0,3,False,-0.10777777777777776,42.42777777777778,-0.8072222222222222,37.794444444444444,483.8638888888889,59.99563927777777,15.851388941666666,16.162500008333332,42.42777777777778,37.794444444444444,-0.10777777777777776,0.0,80.22222222222223,80.11444444444444,483.8638888888889,59.99563927777777,80.11444444444444,0.0,0.5947671333333232,52.88781163434903,0.0,0.7844444444444444,42.72045028142589,0.33511819887429645,0.12,0.08,0,,42.42777777777778,0.0,80.11444444444444,21.21388888888889,5782.994444444446,20668.244347030562,2891.497222222223
2023-04-20 13:00:00,13,0,3,False,-0.10861111111111113,29.941666666666666,-0.7875,37.486111111111114,482.7861111111111,59.99291685555556,16.58611115,16.61250008333333,29.941666666666666,37.486111111111114,-0.10861111111111113,0.0,67.42777777777778,67.31916666666666,482.7861111111111,59.99291685555556,67.31916666666666,0.0,0.5915002266666761,44.405536788333194,0.0,0.7844444444444444,42.66416510318949,0.3346766729205753,0.12,0.08,0,,29.941666666666666,0.0,67.31916666666666,14.970833333333333,5812.936111111113,20668.244347030562,2906.4680555555565
2023-04-20 14:00:00,14,0,3,False,-0.12777777777777777,22.169444444444444,-0.8566666666666666,37.50277777777778,482.05833333333334,59.99708360277778,17.07638901111111,16.98694433888889,22.169444444444444,37.50277777777778,-0.12777777777777777,0.0,59.672222222222224,59.544444444444444,482.05833333333334,59.99708360277778,59.544444444444444,0.0,0.5965003233333334,37.152034261241965,0.0,0.7844444444444444,41.369606003752345,0.3245215759849906,0.12,0.08,0,,22.169444444444444,0.0,59.544444444444444,11.084722222222222,5835.105555555558,20668.244347030562,2917.552777777779
2023-04-20 15:00:00,15,0,3,False,-0.12694444444444444,26.58888888888889,-0.851111111111111,37.12777777777778,482.43888888888887,59.99863924444444,17.647222175000003,17.482222302777775,26.58888888888889,37.12777777777778,-0.12694444444444444,0.0,63.71666666666667,63.58972222222222,482.43888888888887,59.99863924444444,63.58972222222222,0.0,0.5983670933333286,41.72988054756299,0.0,0.7844444444444444,41.425891181988746,0.3249631019387117,0.12,0.08,0,,26.58888888888889,0.0,63.58972222222222,13.294444444444444,5861.694444444446,20668.244347030562,2930.847222222223
2023-04-20 16:00:00,16,0,3,False,-0.13555555555555557,15.91388888888889,-0.8669444444444445,37.225,482.06666666666666,59.99694468333334,18.2108334,17.831666511111113,15.91388888888889,37.225,-0.13555555555555557,0.0,53.13888888888889,53.00333333333334,482.06666666666666,59.99694468333334,53.00333333333334,0.0,0.5963336200000071,29.94772608468374,0.0,0.7844444444444444,40.84427767354597,0.32040066708359394,0.12,0.08,0,,15.91388888888889,0.0,53.00333333333334,7.956944444444445,5877.608333333335,20668.244347030562,2938.8041666666677
2023-04-20 17:00:00,17,0,3,False,-0.14388888888888887,6.725,-0.8977777777777778,37.236111111111114,482.14722222222224,59.98602806944446,18.597500325,17.998055555555556,6.725,37.236111111111114,-0.14388888888888887,0.0,43.961111111111116,43.81722222222223,482.14722222222224,59.98602806944446,43.81722222222223,0.0,0.5832336833333499,15.297611525338048,0.0,0.7844444444444444,40.28142589118199,0.3159854075463831,0.12,0.08,0,,6.725,0.0,43.81722222222223,3.3625,5884.333333333336,20668.244347030562,2942.166666666668
2023-04-20 18:00:00,18,0,3,False,-0.13777777777777778,0.11666666666666667,-0.8858333333333333,37.575,482.1277777777778,59.98836166111111,18.757777647222223,18.12027798611111,0.11666666666666667,37.575,-0.13777777777777778,0.0,37.69166666666667,37.55388888888889,482.1277777777778,59.98836166111111,37.55388888888889,0.0,0.5860339933333278,0.3095290736237011,0.0,0.7844444444444444,40.69418386491557,0.31922326454033767,0.18,0.096,0,,0.11666666666666667,0.0,37.55388888888889,0.058333333333333334,5884.450000000003,20668.244347030562,2942.2250000000013
2023-04-20 19:00:00,19,0,3,False,-0.14527777777777778,-0.03333333333333333,-0.9066666666666666,37.94722222222222,483.0527777777778,59.984722841666674,18.872777505555558,18.210000525,0.0,37.94722222222222,-0.14527777777777778,0.0,37.94722222222222,37.801944444444445,483.0527777777778,59.984722841666674,37.801944444444445,0.0,0.5816674100000085,0.0,0.0,0.7844444444444444,40.18761726078799,0.315249530956848,0.18,0.096,0,,0.0,0.0,37.801944444444445,0.0,5884.450000000003,20668.244347030562,2942.2250000000013
2023-04-20 20:00:00,20,0,3,False,-0.16083333333333336,0.0,-0.9341666666666667,37.980555555555554,483.93055555555554,59.995583375,18.89083324166667,18.286943722222222,0.0,37.980555555555554,-0.16083333333333336,0.0,37.980555555555554,37.81972222222222,483.93055555555554,59.995583375,37.81972222222222,0.0,0.5947000500000029,0.0,0.0,0.7844444444444444,39.13696060037523,0.30700771315405456,0.18,0.096,0,,0.0,0.0,37.81972222222222,0.0,5884.450000000003,20668.244347030562,2942.2250000000013
2023-04-20 21:00:00,21,0,3,False,-0.15166666666666667,0.0,-0.8899999999999999,37.96944444444444,482.2472222222222,60.02769404444443,18.82972152777778,18.268610755555557,0.0,37.96944444444444,-0.15166666666666667,0.0,37.96944444444444,37.81777777777778,482.2472222222222,60.02769404444443,37.81777777777778,0.0,0.5667671466666832,0.0,0.0,0.7844444444444444,39.75609756097561,0.31186449864498644,0.18,0.096,0,,0.0,0.0,37.81777777777778,0.0,5884.450000000003,20668.244347030562,2942.2250000000013
2023-04-20 22:00:00,22,0,3,False,-0.1527777777777778,0.0,-0.8916666666666667,38.0,482.69166666666666,60.033055377777764,18.736944705555555,18.213611713888888,0.0,38.0,-0.1527777777777778,0.0,38.0,37.84722222222222,482.69166666666666,60.033055377777764,37.84722222222222,0.0,0.5603335466666834,0.0,0.0,0.7844444444444444,39.68105065666041,0.3112757973733583,0.18,0.096,0,,0.0,0.0,37.84722222222222,0.0,5884.450000000003,20668.244347030562,2942.2250000000013
2023-04-20 23:00:00,23,0,3,False,-0.15361111111111111,0.0,-0.9219444444444443,38.0,483.4916666666667,60.02591627499999,18.63611153611111,18.128611399999997,0.0,38.0,-0.15361111111111111,0.0,38.0,37.84638888888889,483.4916666666667,60.02591627499999,37.84638888888889,0.0,0.5689004700000083,0.0,0.0,0.7844444444444444,39.62476547842402,0.31083427141963726,0.12,0.08,0,,0.0,0.0,37.84638888888889,0.0,5884.450000000003,20668.244347030562,2942.2250000000013
2023-04-21 00:00:00,0,0,4,False,-0.15694444444444444,0.0,-0.8997222222222222,38.0,483.72777777777776,60.011860733333314,18.395555347222224,18.0275,0.0,38.0,-0.15694444444444444,0.0,38.0,37.84305555555556,483.72777777777776,60.011860733333314,37.84305555555556,0.0,0.5857671200000226,0.0,0.0,0.7844444444444444,39.39962476547842,0.3090681676047529,0.12,0.08,0,,0.0,0.0,37.84305555555556,0.0,5884.450000000003,20668.244347030562,2942.2250000000013
2023-04-21 01:00:00,1,0,4,False,-0.13833333333333334,0.0,-0.8747222222222223,37.99444444444445,484.64166666666665,59.996694577777774,18.096111308333334,17.855277372222226,0.0,37.99444444444445,-0.13833333333333334,0.0,37.99444444444445,37.85611111111111,484.64166666666665,59.996694577777774,37.85611111111111,0.0,0.5960334933333286,0.0,0.0,0.7844444444444444,40.65666041275797,0.3189289139045236,0.12,0.08,0,,0.0,0.0,37.85611111111111,0.0,5884.450000000003,20668.244347030562,2942.2250000000013
2023-04-21 02:00:00,2,0,4,False,-0.13861111111111113,0.0,-0.8761111111111111,37.97222222222222,485.44444444444446,59.9967779,17.867499980555557,17.656944922222223,0.0,37.97222222222222,-0.13861111111111113,0.0,37.97222222222222,37.83361111111111,485.44444444444446,59.9967779,37.83361111111111,0.0,0.5961334799999974,0.0,0.0,0.7844444444444444,40.63789868667917,0.3187817385866166,0.12,0.08,0,,0.0,0.0,37.83361111111111,0.0,5884.450000000003,20668.244347030562,2942.2250000000013
2023-04-21 03:00:00,3,0,4,False,-0.1413888888888889,0.0,-0.8647222222222223,37.96111111111111,484.26944444444445,59.99130594444444,17.51250011388889,17.445277736111112,0.0,37.96111111111111,-0.1413888888888889,0.0,37.96111111111111,37.81972222222222,484.26944444444445,59.99130594444444,37.81972222222222,0.0,0.5895671333333297,0.0,0.0,0.7844444444444444,40.45028142589118,0.31730998540754635,0.12,0.08,0,,0.0,0.0,37.81972222222222,0.0,5884.450000000003,20668.244347030562,2942.2250000000013
2023-04-21 04:00:00,4,0,4,False,-0.1252777777777778,0.0,-0.8611111111111112,37.986111111111114,481.9583333333333,59.98166706666667,17.168888963888886,17.225833408333333,0.0,37.986111111111114,-0.1252777777777778,0.0,37.986111111111114,37.86083333333334,481.9583333333333,59.98166706666667,37.86083333333334,0.0,0.57800048,0.0,0.0,0.7844444444444444,41.53846153846153,0.3258461538461538,0.12,0.08,0,,0.0,0.0,37.86083333333334,0.0,5884.450000000003,20668.244347030562,2942.2250000000013
2023-04-21 05:00:00,5,0,4,False,-0.1313888888888889,-0.013888888888888888,-0.8397222222222221,37.88333333333333,483.2611111111111,59.98652832777778,16.80194436388889,17.051944469444443,0.0,37.88333333333333,-0.1313888888888889,0.0,37.88333333333333,37.75194444444445,483.2611111111111,59.98652832777778,37.75194444444445,0.0,0.5838339933333401,0.0,0.0,0.7844444444444444,41.12570356472796,0.32260829685219927,0.12,0.08,0,,0.0,0.0,37.75194444444445,0.0,5884.450000000003,20668.244347030562,2942.2250000000013
2023-04-21 06:00:00,6,0,4,False,-0.12444444444444445,4.694444444444445,-0.8466666666666666,37.96111111111111,484.4527777777778,60.00411086388888,16.412777502777782,16.85999955,4.694444444444445,37.96111111111111,-0.12444444444444445,0.0,42.65555555555555,42.53111111111111,484.4527777777778,60.00411086388888,42.53111111111111,0.0,0.5950669633333404,11.005470174524618,0.0,0.7844444444444444,41.594746716697934,0.3262876797998749,0.18,0.096,0,,4.694444444444445,0.0,42.53111111111111,2.3472222222222223,5889.144444444447,20668.244347030562,2944.5722222222234
2023-04-21 07:00:00,7,0,4,False,-0.10805555555555557,16.01388888888889,-0.8072222222222222,37.980555555555554,485.9194444444444,59.99219481666667,16.150278113888888,16.78861033888889,16.01388888888889,37.980555555555554,-0.10805555555555557,0.0,53.99444444444444,53.88638888888889,485.9194444444444,59.99219481666667,53.88638888888889,0.0,0.5906337800000017,29.65840107006894,0.0,0.7844444444444444,42.70168855534709,0.33497102355638936,0.18,0.096,0,,16.01388888888889,0.0,53.88638888888889,8.006944444444445,5905.158333333336,20668.244347030562,2952.579166666668
2023-04-21 08:00:00,8,0,4,False,-0.11666666666666667,26.466666666666665,-0.8233333333333335,37.93611111111111,484.00555555555553,59.9861952111111,16.099999999999998,16.789165883333336,26.466666666666665,37.93611111111111,-0.11666666666666667,0.0,64.40277777777777,64.28611111111111,484.00555555555553,59.9861952111111,64.28611111111111,0.0,0.5834342533333228,41.09553590683632,0.0,0.7844444444444444,42.12007504690432,0.33040858870127165,0.18,0.096,0,,26.466666666666665,0.0,64.28611111111111,13.233333333333333,5931.625000000002,20668.244347030562,2965.812500000001
2023-04-21 09:00:00,9,0,4,False,-0.11388888888888889,33.86666666666667,-0.7961111111111112,37.858333333333334,480.4916666666667,59.975278216666666,16.290000025,16.835277130555557,33.86666666666667,37.858333333333334,-0.11388888888888889,0.0,71.725,71.6111111111111,480.4916666666667,59.975278216666666,71.6111111111111,0.0,0.5703338599999995,47.21738120134775,0.0,0.7844444444444444,42.30769230769231,0.3318803418803419,0.18,0.096,0,,33.86666666666667,0.0,71.6111111111111,16.933333333333334,5965.491666666669,20668.244347030562,2982.7458333333343
2023-04-21 10:00:00,10,0,4,False,-0.1272222222222222,38.736111111111114,-0.8330555555555554,37.50833333333333,479.46944444444443,59.98677776388889,17.121944411111112,17.224444388888887,38.736111111111114,37.50833333333333,-0.1272222222222222,0.0,76.24444444444444,76.11722222222222,479.46944444444443,59.98677776388889,76.11722222222222,0.0,0.5841333166666658,50.80515884581756,0.0,0.7844444444444444,41.407129455909946,0.32481592662080466,0.18,0.096,0,,38.736111111111114,0.0,76.11722222222222,19.368055555555557,6004.22777777778,20668.244347030562,3002.11388888889
2023-04-21 11:00:00,11,0,4,False,-0.10972222222222222,40.80555555555556,-0.7913888888888888,37.08611111111111,479.34166666666664,59.995333363888896,18.12277778055556,17.85750015,40.80555555555556,37.08611111111111,-0.10972222222222222,0.0,77.89166666666667,77.78194444444445,479.34166666666664,59.995333363888896,77.78194444444445,0.0,0.5944000366666756,52.38757533611498,0.0,0.7844444444444444,42.589118198874296,0.33408797164894727,0.12,0.08,0,,40.80555555555556,0.0,77.78194444444445,20.40277777777778,6045.033333333336,20668.244347030562,3022.516666666668
2023-04-21 12:00:00,12,0,4,False,-0.12444444444444444,41.3,-0.8330555555555554,37.00277777777778,478.81944444444446,60.022638394444435,19.077777836111114,18.54388885277778,41.3,37.00277777777778,-0.12444444444444444,0.0,78.30277777777778,78.17833333333333,478.81944444444446,60.022638394444435,78.17833333333333,0.0,0.5728339266666779,52.74397814750434,0.0,0.7844444444444444,41.594746716697934,0.3262876797998749,0.12,0.08,0,,41.3,0.0,78.17833333333333,20.65,6086.333333333336,20668.244347030562,3043.166666666668
2023-04-21 13:00:00,13,0,4,False,-0.14166666666666666,39.32222222222222,-0.8641666666666667,37.0,481.94444444444446,60.012304786111116,19.885833480555558,19.153888875000003,39.32222222222222,37.0,-0.14166666666666666,0.0,76.32222222222222,76.18055555555556,481.94444444444446,60.012304786111116,76.18055555555556,0.0,0.5852342566666607,51.52132770417819,0.0,0.7844444444444444,40.431519699812384,0.31716281008963937,0.12,0.08,0,,39.32222222222222,0.0,76.18055555555556,19.66111111111111,6125.655555555558,20668.244347030562,3062.827777777779
2023-04-21 14:00:00,14,0,4,False,-0.14694444444444446,34.36666666666667,-0.8836111111111111,37.0,481.55555555555554,60.0088885861111,20.517777852777776,19.766944577777775,34.36666666666667,37.0,-0.14694444444444446,0.0,71.36666666666667,71.21972222222223,481.55555555555554,60.0088885861111,71.21972222222223,0.0,0.5893336966666822,48.155067725361974,0.0,0.7844444444444444,40.075046904315194,0.31436647904940584,0.12,0.08,0,,34.36666666666667,0.0,71.21972222222223,17.183333333333334,6160.022222222225,20668.244347030562,3080.0111111111123
2023-04-21 15:00:00,15,0,4,False,-0.16555555555555557,27.802777777777777,-0.9283333333333333,37.0,481.0083333333333,60.02547167777777,21.162222083333337,20.380833352777778,27.802777777777777,37.0,-0.16555555555555557,0.0,64.80277777777778,64.63722222222222,481.0083333333333,60.02547167777777,64.63722222222222,0.0,0.5694339866666723,42.903682112392296,0.0,0.7844444444444444,38.81801125703565,0.3045057327496352,0.12,0.08,0,,27.802777777777777,0.0,64.63722222222222,13.901388888888889,6187.825000000003,20668.244347030562,3093.9125000000013
2023-04-21 16:00:00,16,0,4,False,-0.17222222222222222,12.552777777777777,-0.9383333333333332,37.0,482.10277777777776,60.028444241666655,21.670833866666666,20.70055651944444,12.552777777777777,37.0,-0.17222222222222222,0.0,49.55277777777778,49.38055555555555,482.10277777777776,60.028444241666655,49.38055555555555,0.0,0.5658669100000139,25.332137451650876,0.0,0.7844444444444444,38.367729831144466,0.3009735251198666,0.12,0.08,0,,12.552777777777777,0.0,49.38055555555555,6.276388888888889,6200.3777777777805,20668.244347030562,3100.1888888888902
2023-04-21 17:00:00,17,0,4,False,-0.1763888888888889,4.177777777777778,-0.9586111111111112,37.047222222222224,484.93333333333334,60.00377779444445,21.854721769444446,20.764999908333337,4.177777777777778,37.047222222222224,-0.1763888888888889,0.0,41.225,41.048611111111114,484.93333333333334,60.00377779444445,41.048611111111114,0.0,0.5954666466666566,10.134087999460952,0.0,0.7844444444444444,38.08630393996248,0.2987658953512612,0.12,0.08,0,,4.177777777777778,0.0,41.048611111111114,2.088888888888889,6204.555555555558,20668.244347030562,3102.277777777779
2023-04-21 18:00:00,18,0,4,False,-0.18722222222222223,-0.34444444444444444,-0.995,37.13611111111111,485.5138888888889,60.01955492777777,21.96194444444445,20.901388808333337,0.0,37.13611111111111,-0.18722222222222223,0.0,37.13611111111111,36.94888888888889,485.5138888888889,60.01955492777777,36.94888888888889,0.0,0.5765340866666776,0.0,0.0,0.7844444444444444,37.354596622889304,0.29302605795288716,0.18,0.096,0,,0.0,0.0,36.94888888888889,0.0,6204.555555555558,20668.244347030562,3102.277777777779
2023-04-21 19:00:00,19,0,4,False,-0.17916666666666667,-0.08055555555555556,-0.9822222222222223,37.772222222222226,484.6694444444444,60.0060000611111,21.979722222222225,20.97611111111111,0.0,37.772222222222226,-0.17916666666666667,0.0,37.772222222222226,37.59305555555556,484.6694444444444,60.0060000611111,37.59305555555556,0.0,0.5927999266666774,0.0,0.0,0.7844444444444444,37.89868667917448,0.2972941421721909,0.18,0.096,0,,0.0,0.0,37.59305555555556,0.0,6204.555555555558,20668.244347030562,3102.277777777779
2023-04-21 20:00:00,20,0,4,False,-0.1775,0.0,-0.9730555555555556,37.98888888888889,485.4,60.02286055277777,21.84444390555556,20.970000000000002,0.0,37.98888888888889,-0.1775,0.0,37.98888888888889,37.811388888888885,485.4,60.02286055277777,37.811388888888885,0.0,0.572567336666674,0.0,0.0,0.7844444444444444,38.011257035647276,0.29817719407963306,0.18,0.096,0,,0.0,0.0,37.811388888888885,0.0,6204.555555555558,20668.244347030562,3102.277777777779
2023-04-21 21:00:00,21,0,4,False,-0.18916666666666665,0.0,-0.9805555555555554,38.0,484.34722222222223,60.019638175,21.725833799999997,20.928888888888892,0.0,38.0,-0.18916666666666665,0.0,38.0,37.810833333333335,484.34722222222223,60.019638175,37.810833333333335,0.0,0.5764341900000033,0.0,0.0,0.7844444444444444,37.22326454033771,0.291995830727538,0.18,0.096,0,,0.0,0.0,37.810833333333335,0.0,6204.555555555558,20668.244347030562,3102.277777777779
2023-04-21 22:00:00,22,0,4,False,-0.18055555555555555,0.0,-0.9827777777777779,37.99166666666667,483.6361111111111,60.016277175,21.627500316666666,20.895277711111113,0.0,37.99166666666667,-0.18055555555555555,0.0,37.99166666666667,37.81111111111111,483.6361111111111,60.016277175,37.81111111111111,0.0,0.5804673900000011,0.0,0.0,0.7844444444444444,37.80487804878049,0.2965582655826558,0.18,0.096,0,,0.0,0.0,37.81111111111111,0.0,6204.555555555558,20668.244347030562,3102.277777777779
2023-04-21 23:00:00,23,0,4,False,-0.18777777777777777,0.0,-0.9994444444444444,37.93333333333333,482.24444444444447,59.992472575,21.46166666666667,20.834721594444446,0.0,37.93333333333333,-0.18777777777777777,0.0,37.93333333333333,37.745555555555555,482.24444444444447,59.992472575,37.745555555555555,0.0,0.5909670900000009,0.0,0.0,0.7844444444444444,37.3170731707317,0.2927317073170731,0.12,0.08,0,,0.0,0.0,37.745555555555555,0.0,6204.555555555558,20668.244347030562,3102.277777777779
2023-04-22 00:00:00,0,0,5,True,-0.1788888888888889,0.0,-0.988611111111111,37.983333333333334,482.9138888888889,59.992000241666666,21.320555319444445,20.74666675,0.0,37.983333333333334,-0.1788888888888889,0.0,37.983333333333334,37.80444444444444,482.9138888888889,59.992000241666666,37.80444444444444,0.0,0.5904002899999995,0.0,0.0,0.7844444444444444,37.91744840525328,0.29744131749009795,0.12,0.08,0,,0.0,0.0,37.80444444444444,0.0,6204.555555555558,20668.244347030562,3102.277777777779
2023-04-22 01:00:00,1,0,5,True,-0.1763888888888889,0.0,-0.9538888888888888,38.0,484.65,60.0033331388889,21.156667233333334,20.691112013888883,0.0,38.0,-0.1763888888888889,0.0,38.0,37.82361111111111,484.65,60.0033331388889,37.82361111111111,0.0,0.5960002333333222,0.0,0.0,0.7844444444444444,38.08630393996248,0.2987658953512612,0.12,0.08,0,,0.0,0.0,37.82361111111111,0.0,6204.555555555558,20668.244347030562,3102.277777777779
2023-04-22 02:00:00,2,0,5,True,-0.1663888888888889,0.0,-0.9377777777777778,37.986111111111114,485.0388888888889,60.005805475,21.02,20.596666763888884,0.0,37.986111111111114,-0.1663888888888889,0.0,37.986111111111114,37.819722222222225,485.0388888888889,60.005805475,37.819722222222225,0.0,0.593033429999997,0.0,0.0,0.7844444444444444,38.76172607879925,0.30406420679591406,0.12,0.08,0,,0.0,0.0,37.819722222222225,0.0,6204.555555555558,20668.244347030562,3102.277777777779
2023-04-22 03:00:00,3,0,5,True,-0.17833333333333334,0.0,-0.9852777777777777,38.0,484.4527777777778,59.99994458888889,20.850832900000004,20.488888888888887,0.0,38.0,-0.17833333333333334,0.0,38.0,37.821666666666665,484.4527777777778,59.99994458888889,37.821666666666665,0.0,0.5999335066666646,0.0,0.0,0.7844444444444444,37.95497185741088,0.297735668125912,0.12,0.08,0,,0.0,0.0,37.821666666666665,0.0,6204.555555555558,20668.244347030562,3102.277777777779
2023-04-22 04:00:00,4,0,5,True,-0.1575,0.0,-0.913611111111111,37.99166666666667,479.65,59.98502835277778,20.67361164722222,20.401388836111114,0.0,37.99166666666667,-0.1575,0.0,37.99166666666667,37.83416666666667,479.65,59.98502835277778,37.83416666666667,0.0,0.5820340233333382,0.0,0.0,0.7844444444444444,39.36210131332082,0.30877381696893885,0.12,0.08,0,,0.0,0.0,37.83416666666667,0.0,6204.555555555558,20668.244347030562,3102.277777777779
2023-04-22 05:00:00,5,0,5,True,-0.15638888888888888,-0.11944444444444445,-0.9069444444444444,37.975,483.21666666666664,59.99569434722222,20.437777711111114,20.273888661111112,0.0,37.975,-0.15638888888888888,0.0,37.975,37.81861111111111,483.21666666666664,59.99569434722222,37.81861111111111,0.0,0.5948332166666631,0.0,0.0,0.7844444444444444,39.43714821763602,0.309362518240567,0.12,0.08,0,,0.0,0.0,37.81861111111111,0.0,6204.555555555558,20668.244347030562,3102.277777777779
2023-04-22 06:00:00,6,0,5,True,-0.15194444444444447,2.9194444444444443,-0.9075,37.99444444444445,482.73055555555555,59.99844453333334,20.19777796388889,20.13694479722222,2.9194444444444443,37.99444444444445,-0.15194444444444447,0.0,40.91388888888889,40.761944444444445,482.73055555555555,59.99844453333334,40.761944444444445,0.0,0.5981334400000093,7.135582863738203,0.0,0.7844444444444444,39.73733583489681,0.3117173233270794,0.18,0.096,0,,2.9194444444444443,0.0,40.761944444444445,1.4597222222222221,6207.475000000003,20668.244347030562,3103.7375000000015
2023-04-22 07:00:00,7,0,5,True,-0.14833333333333334,15.191666666666666,-0.8894444444444446,37.93333333333333,481.7916666666667,60.01213868055555,20.048333333333332,20.088055555555552,15.191666666666666,37.93333333333333,-0.14833333333333334,0.0,53.125,52.97666666666667,481.7916666666667,60.01213868055555,52.97666666666667,0.0,0.585433583333338,28.59607843137255,0.0,0.7844444444444444,39.9812382739212,0.31363060245987073,0.18,0.096,0,,15.191666666666666,0.0,52.97666666666667,7.595833333333333,6222.66666666667,20668.244347030562,3111.333333333335
2023-04-22 08:00:00,8,0,5,True,-0.14277777777777778,26.56388888888889,-0.8786111111111111,37.80277777777778,480.76666666666665,60.019582852777766,19.93527777777778,20.08472222222222,26.56388888888889,37.80277777777778,-0.14277777777777778,0.0,64.36666666666667,64.2238888888889,480.76666666666665,60.019582852777766,64.2238888888889,0.0,0.5765005766666803,41.26963576730536,0.0,0.7844444444444444,40.35647279549718,0.31657410881801124,0.18,0.096,0,,26.56388888888889,0.0,64.2238888888889,13.281944444444445,6249.230555555559,20668.244347030562,3124.6152777777793
2023-04-22 09:00:00,9,0,5,True,-0.14722222222222223,34.62222222222222,-0.9094444444444444,37.169444444444444,478.6722222222222,60.0134720861111,20.07916681111111,20.11972242222222,34.62222222222222,37.169444444444444,-0.14722222222222223,0.0,71.79166666666666,71.64444444444443,478.6722222222222,60.0134720861111,71.64444444444443,0.0,0.5838334966666793,48.225962468562585,0.0,0.7844444444444444,40.056285178236394,0.3142193037314988,0.18,0.096,0,,34.62222222222222,0.0,71.64444444444443,17.31111111111111,6283.852777777781,20668.244347030562,3141.9263888888904
2023-04-22 10:00:00,10,0,5,True,-0.14611111111111114,39.81666666666667,-0.8872222222222221,37.00833333333333,479.1138888888889,60.004444408333335,20.56805558611111,20.37611109722222,39.81666666666667,37.00833333333333,-0.14611111111111114,0.0,76.825,76.67888888888889,479.1138888888889,60.004444408333335,76.67888888888889,0.0,0.5946667099999985,51.827747044147955,0.0,0.7844444444444444,40.131332082551594,0.31480800500312695,0.18,0.096,0,,39.81666666666667,0.0,76.67888888888889,19.908333333333335,6323.669444444447,20668.244347030562,3161.8347222222237
2023-04-22 11:00:00,11,0,5,True,-0.15111111111111114,39.13611111111111,-0.8602777777777777,37.00833333333333,479.18055555555554,59.98919490277778,21.07944436111111,20.715833574999998,39.13611111111111,37.00833333333333,-0.15111111111111114,0.0,76.14444444444445,75.99333333333334,479.18055555555554,59.98919490277778,75.99333333333334,0.0,0.5870338833333392,51.39719830731067,0.0,0.7844444444444444,39.793621013133205,0.31215884928080045,0.12,0.08,0,,39.13611111111111,0.0,75.99333333333334,19.568055555555556,6362.805555555558,20668.244347030562,3181.402777777779
2023-04-22 12:00:00,12,0,5,True,-0.15555555555555556,39.30833333333333,-0.9180555555555555,37.0,477.0805555555556,59.99149997222223,21.562778008333332,21.049166863888885,39.30833333333333,37.0,-0.15555555555555556,0.0,76.30833333333334,76.15277777777779,477.0805555555556,59.99149997222223,76.15277777777779,0.0,0.5897999666666749,51.51250409522768,0.0,0.7844444444444444,39.493433395872415,0.30980404419428803,0.12,0.08,0,,39.30833333333333,0.0,76.15277777777779,19.654166666666665,6402.113888888892,20668.244347030562,3201.056944444446
2023-04-22 13:00:00,13,0,5,True,-0.15555555555555556,40.33611111111111,-0.9013888888888889,37.0,478.6166666666667,59.990972597222225,22.014166622222223,21.390277755555555,40.33611111111111,37.0,-0.15555555555555556,0.0,77.33611111111111,77.18055555555556,478.6166666666667,59.990972597222225,77.18055555555556,0.0,0.5891671166666697,52.156890916274556,0.0,0.7844444444444444,39.493433395872415,0.30980404419428803,0.12,0.08,0,,40.33611111111111,0.0,77.18055555555556,20.168055555555554,6442.450000000003,20668.244347030562,3221.2250000000013
2023-04-22 14:00:00,14,0,5,True,-0.16972222222222222,23.825,-0.9477777777777777,37.0,480.65833333333336,59.99477790277778,22.40583312777778,21.713611444444446,23.825,37.0,-0.16972222222222222,0.0,60.825,60.65527777777778,480.65833333333336,59.99477790277778,60.65527777777778,0.0,0.5937334833333324,39.16974928072338,0.0,0.7844444444444444,38.53658536585366,0.30229810298102977,0.12,0.08,0,,23.825,0.0,60.65527777777778,11.9125,6466.275000000002,20668.244347030562,3233.137500000001
2023-04-22 15:00:00,15,0,5,True,-0.1763888888888889,21.833333333333332,-0.9472222222222222,37.0,480.48333333333335,60.009110861111104,22.69888905555555,21.956666588888886,21.833333333333332,37.0,-0.1763888888888889,0.0,58.83333333333333,58.65694444444444,480.48333333333335,60.009110861111104,58.65694444444444,0.0,0.5890669666666752,37.110481586402265,0.0,0.7844444444444444,38.08630393996248,0.2987658953512612,0.12,0.08,0,,21.833333333333332,0.0,58.65694444444444,10.916666666666666,6488.108333333335,20668.244347030562,3244.0541666666677
2023-04-22 16:00:00,16,0,5,True,-0.1788888888888889,12.258333333333333,-0.9700000000000001,37.00555555555555,481.97777777777776,60.00088878333334,22.949444433333337,22.11805581111111,12.258333333333333,37.00555555555555,-0.1788888888888889,0.0,49.263888888888886,49.084999999999994,481.97777777777776,60.00088878333334,49.084999999999994,0.0,0.5989334599999949,24.88299971807161,0.0,0.7844444444444444,37.91744840525328,0.29744131749009795,0.12,0.08,0,,12.258333333333333,0.0,49.084999999999994,6.129166666666666,6500.366666666669,20668.244347030562,3250.1833333333343
2023-04-22 17:00:00,17,0,5,True,-0.19361111111111112,2.6444444444444444,-1.0108333333333333,37.0,484.53055555555557,60.00299981388889,23.038888888888888,22.20222293611111,2.6444444444444444,37.0,-0.19361111111111112,0.0,39.644444444444446,39.450833333333335,484.53055555555557,60.00299981388889,39.450833333333335,0.0,0.5964002233333303,6.670403587443946,0.0,0.7844444444444444,36.92307692307692,0.2896410256410256,0.12,0.08,0,,2.6444444444444444,0.0,39.450833333333335,1.3222222222222222,6503.011111111113,20668.244347030562,3251.5055555555564
2023-04-22 18:00:00,18,0,5,True,-0.1961111111111111,-0.3388888888888889,-1.021388888888889,37.13055555555555,483.3722222222222,59.999666825000006,23.099166666666665,22.28861038055556,0.0,37.13055555555555,-0.1961111111111111,0.0,37.13055555555555,36.934444444444445,483.3722222222222,59.999666825000006,36.934444444444445,0.0,0.5996001900000066,0.0,0.0,0.7844444444444444,36.754221388367725,0.2883164477798624,0.18,0.096,0,,0.0,0.0,36.934444444444445,0.0,6503.011111111113,20668.244347030562,3251.5055555555564
2023-04-22 19:00:00,19,0,5,True,-0.18555555555555558,-0.03888888888888889,-0.9938888888888887,37.513888888888886,481.80833333333334,59.99583348611111,23.084166669444443,22.29972130277778,0.0,37.513888888888886,-0.18555555555555558,0.0,37.513888888888886,37.32833333333333,481.80833333333334,59.99583348611111,37.32833333333333,0.0,0.5950001833333317,0.0,0.0,0.7844444444444444,37.4671669793621,0.2939091098603293,0.18,0.096,0,,0.0,0.0,37.32833333333333,0.0,6503.011111111113,20668.244347030562,3251.5055555555564
2023-04-22 20:00:00,20,0,5,True,-0.18611111111111112,-0.06666666666666667,-0.9916666666666667,37.68333333333333,484.8277777777778,60.00011097222222,22.996944444444445,22.288610363888896,0.0,37.68333333333333,-0.18611111111111112,0.0,37.68333333333333,37.49722222222222,484.8277777777778,60.00011097222222,37.49722222222222,0.0,0.5998668333333398,0.0,0.0,0.7844444444444444,37.429643527204504,0.2936147592245153,0.18,0.096,0,,0.0,0.0,37.49722222222222,0.0,6503.011111111113,20668.244347030562,3251.5055555555564
2023-04-22 21:00:00,21,0,5,True,-0.19388888888888892,-0.03333333333333333,-1.0075,37.75,485.0722222222222,60.01111058055556,22.943611108333336,22.277499458333335,0.0,37.75,-0.19388888888888892,0.0,37.75,37.556111111111115,485.0722222222222,60.01111058055556,37.556111111111115,0.0,0.5866673033333285,0.0,0.0,0.7844444444444444,36.90431519699812,0.2894938503231186,0.18,0.096,0,,0.0,0.0,37.556111111111115,0.0,6503.011111111113,20668.244347030562,3251.5055555555564
2023-04-22 22:00:00,22,0,5,True,-0.19138888888888891,0.0,-0.9927777777777778,37.916666666666664,482.8305555555556,60.003777955555556,22.811110780555556,22.20027842222222,0.0,37.916666666666664,-0.19138888888888891,0.0,37.916666666666664,37.72527777777778,482.8305555555556,60.003777955555556,37.72527777777778,0.0,0.5954664533333328,0.0,0.0,0.7844444444444444,37.073170731707314,0.29081842818428183,0.18,0.096,0,,0.0,0.0,37.72527777777778,0.0,6503.011111111113,20668.244347030562,3251.5055555555564
2023-04-22 23:00:00,23,0,5,True,-0.1841666666666667,0.0,-0.966111111111111,37.95,482.6972222222222,60.01180486666666,22.592222475,22.07722228611111,0.0,37.95,-0.1841666666666667,0.0,37.95,37.76583333333333,482.6972222222222,60.01180486666666,37.76583333333333,0.0,0.5858341600000102,0.0,0.0,0.7844444444444444,37.5609756097561,0.2946449864498645,0.12,0.08,0,,0.0,0.0,37.76583333333333,0.0,6503.011111111113,20668.244347030562,3251.5055555555564
2023-04-23 00:00:00,0,0,6,True,-0.18888888888888888,0.0,-1.0152777777777777,38.0,480.14166666666665,59.99933330277777,22.411666486111113,21.965277758333336,0.0,38.0,-0.18888888888888888,0.0,38.0,37.81111111111111,480.14166666666665,59.99933330277777,37.81111111111111,0.0,0.599199963333325,0.0,0.0,0.7844444444444444,37.24202626641651,0.2921430060454451,0.12,0.08,0,,0.0,0.0,37.81111111111111,0.0,6503.011111111113,20668.244347030562,3251.5055555555564
2023-04-23 01:00:00,1,0,6,True,-0.18083333333333335,0.0,-0.9641666666666667,38.0,482.6388888888889,59.99647242500001,22.146111275,21.792777544444444,0.0,38.0,-0.18083333333333335,0.0,38.0,37.81916666666667,482.6388888888889,59.99647242500001,37.81916666666667,0.0,0.5957669100000089,0.0,0.0,0.7844444444444444,37.78611632270169,0.29641109026474877,0.12,0.08,0,,0.0,0.0,37.81916666666667,0.0,6503.011111111113,20668.244347030562,3251.5055555555564
2023-04-23 02:00:00,2,0,6,True,-0.17305555555555557,0.0,-0.943611111111111,38.0,483.3388888888889,59.99630573333333,21.848611074999997,21.617778188888884,0.0,38.0,-0.17305555555555557,0.0,38.0,37.82694444444444,483.3388888888889,59.99630573333333,37.82694444444444,0.0,0.5955668799999955,0.0,0.0,0.7844444444444444,38.311444652908065,0.3005319991661455,0.12,0.08,0,,0.0,0.0,37.82694444444444,0.0,6503.011111111113,20668.244347030562,3251.5055555555564
2023-04-23 03:00:00,3,0,6,True,-0.16972222222222225,0.0,-0.9580555555555554,38.0,484.3388888888889,59.99652780277778,21.50555566111111,21.418611108333334,0.0,38.0,-0.16972222222222225,0.0,38.0,37.83027777777778,484.3388888888889,59.99652780277778,37.83027777777778,0.0,0.5958333633333325,0.0,0.0,0.7844444444444444,38.536585365853654,0.30229810298102977,0.12,0.08,0,,0.0,0.0,37.83027777777778,0.0,6503.011111111113,20668.244347030562,3251.5055555555564
2023-04-23 04:00:00,4,0,6,True,-0.16333333333333336,0.0,-0.9044444444444445,38.0,481.5388888888889,59.99127811666666,21.20361109444444,21.308332858333333,0.0,38.0,-0.16333333333333336,0.0,38.0,37.836666666666666,481.5388888888889,59.99127811666666,37.836666666666666,0.0,0.5895337399999959,0.0,0.0,0.7844444444444444,38.96810506566604,0.3056831352928913,0.12,0.08,0,,0.0,0.0,37.836666666666666,0.0,6503.011111111113,20668.244347030562,3251.5055555555564
2023-04-23 05:00:00,5,0,6,True,-0.155,-0.06666666666666667,-0.8866666666666666,37.99444444444445,478.8222222222222,59.99508348611111,20.891110830555554,21.12694482222222,0.0,37.99444444444445,-0.155,0.0,37.99444444444445,37.839444444444446,478.8222222222222,59.99508348611111,37.839444444444446,0.0,0.5941001833333359,0.0,0.0,0.7844444444444444,39.530956848030016,0.3100983948301021,0.12,0.08,0,,0.0,0.0,37.839444444444446,0.0,6503.011111111113,20668.244347030562,3251.5055555555564
2023-04-23 06:00:00,6,0,6,True,-0.15305555555555558,6.080555555555556,-0.9002777777777778,37.99166666666667,484.55833333333334,60.00483312222222,20.59138921111111,20.980833333333333,6.080555555555556,37.99166666666667,-0.15305555555555558,0.0,44.07222222222222,43.91916666666667,484.55833333333334,60.00483312222222,43.91916666666667,0.0,0.5942002533333323,13.796798184797682,0.0,0.7844444444444444,39.66228893058161,0.3111286220554513,0.18,0.096,0,,6.080555555555556,0.0,43.91916666666667,3.040277777777778,6509.091666666668,20668.244347030562,3254.545833333334
2023-04-23 07:00:00,7,0,6,True,-0.1525,16.641666666666666,-0.9080555555555555,37.95,485.7972222222222,59.99527809999999,20.384166455555558,20.87666640833334,16.641666666666666,37.95,-0.1525,0.0,54.59166666666667,54.439166666666665,485.7972222222222,59.99527809999999,54.439166666666665,0.0,0.5943337199999916,30.483895588459774,0.0,0.7844444444444444,39.69981238273921,0.31142297269126534,0.18,0.096,0,,16.641666666666666,0.0,54.439166666666665,8.320833333333333,6525.7333333333345,20668.244347030562,3262.8666666666672
2023-04-23 08:00:00,8,0,6,True,-0.1413888888888889,27.758333333333333,-0.8677777777777778,37.975,481.7388888888889,59.998861280555566,20.249166683333332,20.80472162777778,27.758333333333333,37.975,-0.1413888888888889,0.0,65.73333333333333,65.59194444444445,481.7388888888889,59.998861280555566,65.59194444444445,0.0,0.5986335366666793,42.228701825557806,0.0,0.7844444444444444,40.45028142589118,0.31730998540754635,0.18,0.096,0,,27.758333333333333,0.0,65.59194444444445,13.879166666666666,6553.491666666668,20668.244347030562,3276.745833333334
2023-04-23 09:00:00,9,0,6,True,-0.13805555555555557,36.00833333333333,-0.8647222222222223,37.95,481.27222222222224,59.99361143888889,20.283055744444447,20.755277680555555,36.00833333333333,37.95,-0.13805555555555557,0.0,73.95833333333334,73.82027777777779,481.27222222222224,59.99361143888889,73.82027777777779,0.0,0.5923337266666692,48.687323943661966,0.0,0.7844444444444444,40.67542213883677,0.31907608922243064,0.18,0.096,0,,36.00833333333333,0.0,73.82027777777779,18.004166666666666,6589.500000000001,20668.244347030562,3294.7500000000005
2023-04-23 10:00:00,10,0,6,True,-0.155,41.388888888888886,-0.8927777777777777,37.88055555555555,481.3666666666667,59.995972219444454,20.61527778888889,20.88972196111111,41.388888888888886,37.88055555555555,-0.155,0.0,79.26944444444445,79.11444444444444,481.3666666666667,59.995972219444454,79.11444444444444,0.0,0.5951666633333446,52.212916564460166,0.0,0.7844444444444444,39.530956848030016,0.3100983948301021,0.18,0.096,0,,41.388888888888886,0.0,79.11444444444444,20.694444444444443,6630.88888888889,20668.244347030562,3315.444444444445
2023-04-23 11:00:00,11,0,6,True,-0.155,43.486111111111114,-0.9002777777777778,37.53611111111111,480.9166666666667,60.010777325,21.156666647222224,21.21194431388889,43.486111111111114,37.53611111111111,-0.155,0.0,81.02222222222223,80.86722222222222,480.9166666666667,60.010777325,80.86722222222222,0.0,0.5870672100000007,53.671832144816236,0.0,0.7844444444444444,39.530956848030016,0.3100983948301021,0.12,0.08,0,,43.486111111111114,0.0,80.86722222222222,21.743055555555557,6674.375000000001,20668.244347030562,3337.1875000000005
2023-04-23 12:00:00,12,0,6,True,-0.1577777777777778,43.78055555555556,-0.9230555555555556,37.205555555555556,479.03055555555557,60.01563818611111,21.73749999444444,21.53694469444444,43.78055555555556,37.205555555555556,-0.1577777777777778,0.0,80.98611111111111,80.82833333333333,479.03055555555557,60.01563818611111,80.82833333333333,0.0,0.5812341766666662,54.05933802092265,0.0,0.7844444444444444,39.34333958724203,0.3086266416510319,0.12,0.08,0,,43.78055555555556,0.0,80.82833333333333,21.89027777777778,6718.155555555556,20668.244347030562,3359.077777777778
2023-04-23 13:00:00,13,0,6,True,-0.16055555555555553,29.272222222222222,-0.9099999999999999,37.21944444444444,480.3722222222222,60.00922168333333,22.192499955555554,21.812777716666666,29.272222222222222,37.21944444444444,-0.16055555555555553,0.0,66.49166666666666,66.3311111111111,480.3722222222222,60.00922168333333,66.3311111111111,0.0,0.5889339800000044,44.02389606049213,0.0,0.7844444444444444,39.15572232645403,0.30715488847196165,0.12,0.08,0,,29.272222222222222,0.0,66.3311111111111,14.636111111111111,6747.427777777778,20668.244347030562,3373.713888888889
2023-04-23 14:00:00,14,0,6,True,-0.16305555555555556,11.3,-0.9138888888888889,37.52777777777778,482.59166666666664,59.99625005833334,22.319721419444445,21.925833333333337,11.3,37.52777777777778,-0.16305555555555556,0.0,48.82777777777778,48.664722222222224,482.59166666666664,59.99625005833334,48.664722222222224,0.0,0.5955000700000056,23.14256456934805,0.0,0.7844444444444444,38.98686679174484,0.3058303106107984,0.12,0.08,0,,11.3,0.0,48.664722222222224,5.65,6758.727777777778,20668.244347030562,3379.363888888889
2023-04-23 15:00:00,15,0,6,True,-0.17277777777777778,5.25,-0.9419444444444445,37.86666666666667,484.55555555555554,60.002444369444454,22.312499125000002,21.919722216666667,5.25,37.86666666666667,-0.17277777777777778,0.0,43.11666666666667,42.94388888888889,484.55555555555554,60.002444369444454,42.94388888888889,0.0,0.5970667566666549,12.176265945110167,0.0,0.7844444444444444,38.330206378986865,0.3006791744840525,0.12,0.08,0,,5.25,0.0,42.94388888888889,2.625,6763.977777777778,20668.244347030562,3381.988888888889
2023-04-23 16:00:00,16,0,6,True,-0.17805555555555555,4.394444444444445,-0.9527777777777777,37.772222222222226,483.60833333333335,59.98177802500001,22.303054594444447,21.92138888888889,4.394444444444445,37.772222222222226,-0.17805555555555555,0.0,42.16666666666667,41.98861111111112,483.60833333333335,59.98177802500001,41.98861111111112,0.0,0.5781336300000134,10.421607378129117,0.0,0.7844444444444444,37.97373358348968,0.29788284344381905,0.12,0.08,0,,4.394444444444445,0.0,41.98861111111112,2.1972222222222224,6768.372222222222,20668.244347030562,3384.186111111111
2023-04-23 17:00:00,17,0,6,True,-0.18277777777777782,2.4194444444444443,-0.9802777777777777,37.986111111111114,487.0388888888889,59.98902790000001,22.23305581111111,21.889166494444446,2.4194444444444443,37.986111111111114,-0.18277777777777782,0.0,40.40555555555556,40.22277777777778,487.0388888888889,59.98902790000001,40.22277777777778,0.0,0.5868334800000127,5.987900453732984,0.0,0.7844444444444444,37.65478424015009,0.2953808630393996,0.12,0.08,0,,2.4194444444444443,0.0,40.22277777777778,1.2097222222222221,6770.791666666667,20668.244347030562,3385.3958333333335
2023-04-23 18:00:00,18,0,6,True,-0.16388888888888892,0.41388888888888886,-0.945,37.90833333333333,483.77222222222224,60.007471933333335,22.040277858333333,21.768055377777777,0.41388888888888886,37.90833333333333,-0.16388888888888892,0.0,38.32222222222222,38.15833333333333,483.77222222222224,60.007471933333335,38.15833333333333,0.0,0.5910336799999981,1.0800231951290227,0.0,0.7844444444444444,38.93058161350844,0.30538878465707725,0.18,0.096,0,,0.41388888888888886,0.0,38.15833333333333,0.20694444444444443,6771.205555555556,20668.244347030562,3385.602777777778
2023-04-23 19:00:00,19,0,6,True,-0.17083333333333336,0.0,-0.9505555555555554,37.98888888888889,480.65277777777777,60.00077765555556,21.886388613888887,21.66527843333333,0.0,37.98888888888889,-0.17083333333333336,0.0,37.98888888888889,37.81805555555555,480.65277777777777,60.00077765555556,37.81805555555555,0.0,0.5990668133333287,0.0,0.0,0.7844444444444444,38.46153846153846,0.30170940170940164,0.18,0.096,0,,0.0,0.0,37.81805555555555,0.0,6771.205555555556,20668.244347030562,3385.602777777778
2023-04-23 20:00:00,20,0,6,True,-0.16111111111111112,0.0,-0.918611111111111,38.0,484.56388888888887,60.01241598055555,21.600555927777776,21.48444445277778,0.0,38.0,-0.16111111111111112,0.0,38.0,37.83888888888889,484.56388888888887,60.01241598055555,37.83888888888889,0.0,0.5851008233333373,0.0,0.0,0.7844444444444444,39.11819887429644,0.3068605378361476,0.18,0.096,0,,0.0,0.0,37.83888888888889,0.0,6771.205555555556,20668.244347030562,3385.602777777778
2023-04-23 21:00:00,21,0,6,True,-0.16555555555555557,0.0,-0.9447222222222222,38.0,485.24444444444447,60.014110583333334,21.253611108333335,21.337777397222222,0.0,38.0,-0.16555555555555557,0.0,38.0,37.83444444444444,485.24444444444447,60.014110583333334,37.83444444444444,0.0,0.583067299999999,0.0,0.0,0.7844444444444444,38.81801125703565,0.3045057327496352,0.18,0.096,0,,0.0,0.0,37.83444444444444,0.0,6771.205555555556,20668.244347030562,3385.602777777778
2023-04-23 22:00:00,22,0,6,True,-0.15722222222222224,0.0,-0.9288888888888889,38.0,485.6722222222222,60.00199985555555,20.879166533333333,21.13305593611111,0.0,38.0,-0.15722222222222224,0.0,38.0,37.842777777777776,485.6722222222222,60.00199985555555,37.842777777777776,0.0,0.5976001733333361,0.0,0.0,0.7844444444444444,39.38086303939962,0.3089209922868459,0.18,0.096,0,,0.0,0.0,37.842777777777776,0.0,6771.205555555556,20668.244347030562,3385.602777777778
2023-04-23 23:00:00,23,0,6,True,-0.14666666666666667,0.0,-0.8802777777777777,38.0,483.8277777777778,60.00358328611111,20.489166697222224,20.934166544444448,0.0,38.0,-0.14666666666666667,0.0,38.0,37.85333333333333,483.8277777777778,60.00358328611111,37.85333333333333,0.0,0.5957000566666693,0.0,0.0,0.7844444444444444,40.093808630393994,0.3145136543673129,0.12,0.08,0,,0.0,0.0,37.85333333333333,0.0,6771.205555555556,20668.244347030562,3385.602777777778
2023-04-24 00:00:00,0,0,0,False,-0.13527777777777777,0.0,-0.8572222222222223,37.96666666666667,483.8361111111111,60.00724980555555,20.0500001,20.68472243333333,0.0,37.96666666666667,-0.13527777777777777,0.0,37.96666666666667,37.83138888888889,483.8361111111111,60.00724980555555,37.83138888888889,0.0,0.5913002333333367,0.0,0.0,0.7844444444444444,40.86303939962477,0.3205478424015009,0.12,0.08,0,,0.0,0.0,37.83138888888889,0.0,6771.205555555556,20668.244347030562,3385.602777777778
2023-04-24 01:00:00,1,0,0,False,-0.1502777777777778,0.0,-0.8833333333333333,38.0,485.5361111111111,60.00636079722222,19.55666685,20.41055535277778,0.0,38.0,-0.1502777777777778,0.0,38.0,37.84972222222222,485.5361111111111,60.00636079722222,37.84972222222222,0.0,0.5923670433333342,0.0,0.0,0.7844444444444444,39.849906191369605,0.31260037523452155,0.12,0.08,0,,0.0,0.0,37.84972222222222,0.0,6771.205555555556,20668.244347030562,3385.602777777778
2023-04-24 02:00:00,2,0,0,False,-0.13527777777777777,0.0,-0.8491666666666666,37.977777777777774,486.44444444444446,60.001832936111114,19.071388844444446,20.124166880555553,0.0,37.977777777777774,-0.13527777777777777,0.0,37.977777777777774,37.842499999999994,486.44444444444446,60.001832936111114,37.842499999999994,0.0,0.5978004766666629,0.0,0.0,0.7844444444444444,40.86303939962477,0.3205478424015009,0.12,0.08,0,,0.0,0.0,37.842499999999994,0.0,6771.205555555556,20668.244347030562,3385.602777777778
2023-04-24 03:00:00,3,0,0,False,-0.13722222222222225,0.0,-0.8747222222222222,37.94444444444444,485.89166666666665,59.994555752777785,18.564722355555556,19.817500074999998,0.0,37.94444444444444,-0.13722222222222225,0.0,37.94444444444444,37.80722222222222,485.89166666666665,59.994555752777785,37.80722222222222,0.0,0.5934669033333421,0.0,0.0,0.7844444444444444,40.73170731707317,0.31951761517615174,0.12,0.08,0,,0.0,0.0,37.80722222222222,0.0,6771.205555555556,20668.244347030562,3385.602777777778
2023-04-24 04:00:00,4,0,0,False,-0.12944444444444445,0.0,-0.8427777777777777,37.977777777777774,484.46666666666664,59.99105570555555,18.055555452777778,19.525555675000003,0.0,37.977777777777774,-0.12944444444444445,0.0,37.977777777777774,37.84833333333333,484.46666666666664,59.99105570555555,37.84833333333333,0.0,0.5892668466666634,0.0,0.0,0.7844444444444444,41.25703564727955,0.32363852407754845,0.12,0.08,0,,0.0,0.0,37.84833333333333,0.0,6771.205555555556,20668.244347030562,3385.602777777778
2023-04-24 05:00:00,5,0,0,False,-0.1111111111111111,0.05,-0.7977777777777777,37.852777777777774,482.31111111111113,59.99633345,17.530833355555558,19.218888913888886,0.05,37.852777777777774,-0.1111111111111111,0.0,37.90277777777777,37.79166666666666,482.31111111111113,59.99633345,37.79166666666666,0.0,0.5956001400000019,0.131916452913155,0.0,0.7844444444444444,42.4953095684803,0.3333520950594121,0.12,0.08,0,,0.05,0.0,37.79166666666666,0.025,6771.255555555556,20668.244347030562,3385.627777777778
2023-04-24 06:00:00,6,0,0,False,-0.10722222222222223,5.4527777777777775,-0.7922222222222222,37.897222222222226,484.72222222222223,60.00363875833333,17.017777780555555,18.88305536111111,5.4527777777777775,37.897222222222226,-0.10722222222222223,0.0,43.35,43.24277777777778,484.72222222222223,60.00363875833333,43.24277777777778,0.0,0.595633490000003,12.578495450467766,0.0,0.7844444444444444,42.75797373358349,0.3354125495101105,0.18,0.096,0,,5.4527777777777775,0.0,43.24277777777778,2.7263888888888888,6776.708333333334,20668.244347030562,3388.354166666667
2023-04-24 07:00:00,7,0,0,False,-0.10361111111111113,17.841666666666665,-0.7841666666666666,37.97222222222222,482.125,59.997611255555555,16.63027784722222,18.633611549999998,17.841666666666665,37.97222222222222,-0.10361111111111113,0.0,55.81388888888888,55.71027777777777,482.125,59.997611255555555,55.71027777777777,0.0,0.5971335066666654,31.966356442542182,0.0,0.7844444444444444,43.00187617260788,0.3373258286429018,0.18,0.096,0,,17.841666666666665,0.0,55.71027777777777,8.920833333333333,6794.55,20668.244347030562,3397.275
2023-04-24 08:00:00,8,0,0,False,-0.09944444444444446,29.308333333333334,-0.7591666666666669,37.983333333333334,481.10555555555555,59.988666708333334,16.352499519444446,18.43277777777778,29.308333333333334,37.983333333333334,-0.09944444444444446,0.0,67.29166666666667,67.19222222222223,481.10555555555555,59.988666708333334,67.19222222222223,0.0,0.5864000500000003,43.55417956656347,0.0,0.7844444444444444,43.28330206378987,0.33953345841150717,0.18,0.096,0,,29.308333333333334,0.0,67.19222222222223,14.654166666666667,6823.858333333334,20668.244347030562,3411.929166666667
2023-04-24 09:00:00,9,0,0,False,-0.09472222222222222,33.09444444444444,-0.7511111111111111,37.975,481.725,59.98183394722223,16.340832886111112,18.350555061111116,33.09444444444444,37.975,-0.09472222222222222,0.0,71.06944444444444,70.97472222222223,481.725,59.98183394722223,70.97472222222223,0.0,0.5782007366666733,46.56634746922024,0.0,0.7844444444444444,43.60225140712946,0.3420354388159266,0.18,0.096,0,,33.09444444444444,0.0,70.97472222222223,16.54722222222222,6856.9527777777785,20668.244347030562,3428.4763888888892
2023-04-24 10:00:00,10,0,0,False,-0.09222222222222223,39.25833333333333,-0.7777777777777778,37.96666666666667,481.6777777777778,59.98594481944445,16.734444455555554,18.453888744444445,39.25833333333333,37.96666666666667,-0.09222222222222223,0.0,77.225,77.13277777777778,481.6777777777778,59.98594481944445,77.13277777777778,0.0,0.5831337833333379,50.83630085248733,0.0,0.7844444444444444,43.771106941838646,0.34336001667708976,0.18,0.096,0,,39.25833333333333,0.0,77.13277777777778,19.629166666666666,6896.211111111112,20668.244347030562,3448.105555555556
2023-04-24 11:00:00,11,0,0,False,-0.10555555555555556,36.022222222222226,-0.798888888888889,37.87777777777778,481.5527777777778,59.99777772222222,17.436666908333333,18.83055548888889,36.022222222222226,37.87777777777778,-0.10555555555555556,0.0,73.9,73.79444444444445,481.5527777777778,59.99777772222222,73.79444444444445,0.0,0.5973332666666608,48.744549691775674,0.0,0.7844444444444444,42.870544090056285,0.3362956014175526,0.12,0.08,0,,36.022222222222226,0.0,73.79444444444445,18.011111111111113,6932.233333333334,20668.244347030562,3466.116666666667
2023-04-24 12:00:00,12,0,0,False,-0.10166666666666667,29.127777777777776,-0.766388888888889,37.861111111111114,480.15,59.98983365000001,17.90222198611111,18.919722197222224,29.127777777777776,37.861111111111114,-0.10166666666666667,0.0,66.9888888888889,66.88722222222222,480.15,59.98983365000001,66.88722222222222,0.0,0.5878003800000101,43.48150605407198,0.0,0.7844444444444444,43.133208255159474,0.33835605586825096,0.12,0.08,0,,29.127777777777776,0.0,66.88722222222222,14.563888888888888,6961.361111111111,20668.244347030562,3480.6805555555557
2023-04-24 13:00:00,13,0,0,False,-0.11888888888888888,35.41111111111111,-0.8186111111111113,37.71944444444444,481.6611111111111,59.99222278333333,18.370277858333335,19.147222308333333,35.41111111111111,37.71944444444444,-0.11888888888888888,0.0,73.13055555555556,73.01166666666667,481.6611111111111,59.99222278333333,73.01166666666667,0.0,0.5906673399999988,48.421772324989554,0.0,0.7844444444444444,41.96998123827392,0.3292311861580154,0.12,0.08,0,,35.41111111111111,0.0,73.01166666666667,17.705555555555556,6996.772222222223,20668.244347030562,3498.3861111111114
2023-04-24 14:00:00,14,0,0,False,-0.11500000000000002,36.69444444444444,-0.7975000000000001,37.61944444444445,480.86944444444447,59.997972174999994,19.059722175,19.648611161111113,36.69444444444444,37.61944444444445,-0.11500000000000002,0.0,74.3138888888889,74.1988888888889,480.86944444444447,59.997972174999994,74.1988888888889,0.0,0.5975666099999927,49.37763989085335,0.0,0.7844444444444444,42.232645403377106,0.33129164060871374,0.12,0.08,0,,36.69444444444444,0.0,74.1988888888889,18.34722222222222,7033.466666666667,20668.244347030562,3516.7333333333336
2023-04-24 15:00:00,15,0,0,False,-0.12833333333333335,28.43888888888889,-0.8505555555555555,37.602777777777774,480.275,59.99622194444445,19.798889,20.179722125,28.43888888888889,37.602777777777774,-0.12833333333333335,0.0,66.04166666666666,65.91333333333333,480.275,59.99622194444445,65.91333333333333,0.0,0.59546633333334,43.06203995793902,0.0,0.7844444444444444,41.332082551594745,0.32422722534917653,0.12,0.08,0,,28.43888888888889,0.0,65.91333333333333,14.219444444444445,7061.905555555556,20668.244347030562,3530.952777777778
2023-04-24 16:00:00,16,0,0,False,-0.14166666666666666,18.419444444444444,-0.8808333333333332,37.53888888888889,480.14166666666665,60.00130571111111,20.330833333333334,20.40055552777778,18.419444444444444,37.53888888888889,-0.14166666666666666,0.0,55.958333333333336,55.81666666666667,480.14166666666665,60.00130571111111,55.81666666666667,0.0,0.5984331466666702,32.91635641598412,0.0,0.7844444444444444,40.431519699812384,0.31716281008963937,0.12,0.08,0,,18.419444444444444,0.0,55.81666666666667,9.209722222222222,7080.325000000001,20668.244347030562,3540.1625000000004
2023-04-24 17:00:00,17,0,0,False,-0.14083333333333334,6.897222222222222,-0.8688888888888887,37.455555555555556,483.5027777777778,59.99730591666666,20.585000016666662,20.369721919444444,6.897222222222222,37.455555555555556,-0.14083333333333334,0.0,44.352777777777774,44.21194444444444,483.5027777777778,59.99730591666666,44.21194444444444,0.0,0.5967670999999939,15.550823573620592,0.0,0.7844444444444444,40.48780487804878,0.3176043360433604,0.12,0.08,0,,6.897222222222222,0.0,44.21194444444444,3.448611111111111,7087.222222222223,20668.244347030562,3543.6111111111113
2023-04-24 18:00:00,18,0,0,False,-0.15305555555555558,-0.5,-0.9016666666666667,37.85,486.19166666666666,60.008916402777764,20.586111116666665,20.331110430555558,0.0,37.85,-0.15305555555555558,0.0,37.85,37.69694444444445,486.19166666666666,60.008916402777764,37.69694444444445,0.0,0.5893003166666829,0.0,0.0,0.7844444444444444,39.66228893058161,0.3111286220554513,0.18,0.096,0,,0.0,0.0,37.69694444444445,0.0,7087.222222222223,20668.244347030562,3543.6111111111113
2023-04-24 19:00:00,19,0,0,False,-0.1538888888888889,-0.041666666666666664,-0.9077777777777777,37.93055555555556,484.06388888888887,59.98738913611111,20.48,20.276388469444445,0.0,37.93055555555556,-0.1538888888888889,0.0,37.93055555555556,37.77666666666667,484.06388888888887,59.98738913611111,37.77666666666667,0.0,0.5848669633333344,0.0,0.0,0.7844444444444444,39.60600375234522,0.31068709610173023,0.18,0.096,0,,0.0,0.0,37.77666666666667,0.0,7087.222222222223,20668.244347030562,3543.6111111111113
2023-04-24 20:00:00,20,0,0,False,-0.16666666666666666,0.0,-0.9575,37.96388888888889,485.85833333333335,60.015499588888886,20.33416656388889,20.163056036111108,0.0,37.96388888888889,-0.16666666666666666,0.0,37.96388888888889,37.797222222222224,485.85833333333335,60.015499588888886,37.797222222222224,0.0,0.5814004933333364,0.0,0.0,0.7844444444444444,38.74296435272045,0.3039170314780071,0.18,0.096,0,,0.0,0.0,37.797222222222224,0.0,7087.222222222223,20668.244347030562,3543.6111111111113
2023-04-24 21:00:00,21,0,0,False,-0.15888888888888889,0.0,-0.9305555555555556,37.96944444444444,485.6166666666667,60.01208301388889,19.982499997222224,19.987499983333333,0.0,37.96944444444444,-0.15888888888888889,0.0,37.96944444444444,37.81055555555555,485.6166666666667,60.01208301388889,37.81055555555555,0.0,0.5855003833333313,0.0,0.0,0.7844444444444444,39.26829268292683,0.30803794037940374,0.18,0.096,0,,0.0,0.0,37.81055555555555,0.0,7087.222222222223,20668.244347030562,3543.6111111111113
2023-04-24 22:00:00,22,0,0,False,-0.1527777777777778,0.0,-0.8963888888888889,37.99444444444445,483.425,60.018944024999996,19.70305559722222,19.733055869444442,0.0,37.99444444444445,-0.1527777777777778,0.0,37.99444444444445,37.84166666666667,483.425,60.018944024999996,37.84166666666667,0.0,0.5772671700000046,0.0,0.0,0.7844444444444444,39.68105065666041,0.3112757973733583,0.18,0.096,0,,0.0,0.0,37.84166666666667,0.0,7087.222222222223,20668.244347030562,3543.6111111111113
2023-04-24 23:00:00,23,0,0,False,-0.1461111111111111,0.0,-0.8972222222222223,37.98888888888889,484.31944444444446,60.01647199999999,19.33527773333333,19.513611136111113,0.0,37.98888888888889,-0.1461111111111111,0.0,37.98888888888889,37.842777777777776,484.31944444444446,60.01647199999999,37.842777777777776,0.0,0.5802336000000082,0.0,0.0,0.7844444444444444,40.131332082551594,0.31480800500312695,0.12,0.08,0,,0.0,0.0,37.842777777777776,0.0,7087.222222222223,20668.244347030562,3543.6111111111113
2023-04-25 00:00:00,0,0,1,False,-0.14583333333333334,0.0,-0.8961111111111112,38.0,483.9555555555556,59.998055783333335,18.976944283333335,19.297222111111108,0.0,38.0,-0.14583333333333334,0.0,38.0,37.854166666666664,483.9555555555556,59.998055783333335,37.854166666666664,0.0,0.597666940000002,0.0,0.0,0.7844444444444444,40.150093808630395,0.314955180321034,0.12,0.08,0,,0.0,0.0,37.854166666666664,0.0,7087.222222222223,20668.244347030562,3543.6111111111113
2023-04-25 01:00:00,1,0,1,False,-0.1441666666666667,0.0,-0.898888888888889,38.0,485.01944444444445,60.00749948055555,18.522222349999996,19.048611144444447,0.0,38.0,-0.1441666666666667,0.0,38.0,37.85583333333334,485.01944444444445,60.00749948055555,37.85583333333334,0.0,0.5910006233333377,0.0,0.0,0.7844444444444444,40.26266416510319,0.3158382322284761,0.12,0.08,0,,0.0,0.0,37.85583333333334,0.0,7087.222222222223,20668.244347030562,3543.6111111111113
2023-04-25 02:00:00,2,0,1,False,-0.13305555555555554,0.0,-0.8694444444444445,37.97222222222222,484.89722222222224,59.99905574444444,18.048611144444443,18.790555638888886,0.0,37.97222222222222,-0.13305555555555554,0.0,37.97222222222222,37.839166666666664,484.89722222222224,59.99905574444444,37.839166666666664,0.0,0.5988668933333287,0.0,0.0,0.7844444444444444,41.01313320825516,0.3217252449447572,0.12,0.08,0,,0.0,0.0,37.839166666666664,0.0,7087.222222222223,20668.244347030562,3543.6111111111113
2023-04-25 03:00:00,3,0,1,False,-0.1413888888888889,0.0,-0.8866666666666668,37.94166666666667,484.52777777777777,60.000138799999995,17.585833519444446,18.53750013888889,0.0,37.94166666666667,-0.1413888888888889,0.0,37.94166666666667,37.80027777777778,484.52777777777777,60.000138799999995,37.80027777777778,0.0,0.5998334400000062,0.0,0.0,0.7844444444444444,40.45028142589118,0.31730998540754635,0.12,0.08,0,,0.0,0.0,37.80027777777778,0.0,7087.222222222223,20668.244347030562,3543.6111111111113
2023-04-25 04:00:00,4,0,1,False,-0.11805555555555555,0.0,-0.8347222222222223,38.0,482.60277777777776,59.997527775,17.06944430277778,18.23361105833333,0.0,38.0,-0.11805555555555555,0.0,38.0,37.88194444444444,482.60277777777776,59.997527775,37.88194444444444,0.0,0.5970333300000021,0.0,0.0,0.7844444444444444,42.02626641651032,0.32967271211173643,0.12,0.08,0,,0.0,0.0,37.88194444444444,0.0,7087.222222222223,20668.244347030562,3543.6111111111113
2023-04-25 05:00:00,5,0,1,False,-0.11361111111111111,0.5055555555555555,-0.8055555555555556,37.98888888888889,483.8333333333333,59.99644461388889,16.541388833333333,17.925555330555557,0.5055555555555555,37.98888888888889,-0.11361111111111111,0.0,38.49444444444444,38.38083333333333,483.8333333333333,59.99644461388889,38.38083333333333,0.0,0.5957335366666683,1.3133208255159476,0.0,0.7844444444444444,42.32645403377111,0.33202751719824886,0.12,0.08,0,,0.5055555555555555,0.0,38.38083333333333,0.25277777777777777,7087.727777777778,20668.244347030562,3543.863888888889
2023-04-25 06:00:00,6,0,1,False,-0.10583333333333332,7.669444444444444,-0.7894444444444446,37.975,483.31388888888887,59.99788892777777,16.035000155555558,17.60638921388889,7.669444444444444,37.975,-0.10583333333333332,0.0,45.644444444444446,45.53861111111111,483.31388888888887,59.99788892777777,45.53861111111111,0.0,0.597466713333327,16.802580331061343,0.0,0.7844444444444444,42.851782363977485,0.33614842609964557,0.18,0.096,0,,7.669444444444444,0.0,45.53861111111111,3.834722222222222,7095.397222222223,20668.244347030562,3547.6986111111114
2023-04-25 07:00:00,7,0,1,False,-0.10138888888888889,13.808333333333334,-0.7722222222222223,37.93055555555556,482.85555555555555,59.990972533333334,15.741388888888888,17.41833331666667,13.808333333333334,37.93055555555556,-0.10138888888888889,0.0,51.738888888888894,51.6375,482.85555555555555,59.990972533333334,51.6375,0.0,0.589167040000001,26.688499946311605,0.0,0.7844444444444444,43.151969981238274,0.338503231186158,0.18,0.096,0,,13.808333333333334,0.0,51.6375,6.904166666666667,7109.205555555556,20668.244347030562,3554.602777777778
2023-04-25 08:00:00,8,0,1,False,-0.10555555555555557,22.083333333333332,-0.8008333333333334,37.980555555555554,480.53333333333336,59.99766691666667,15.609722222222219,17.349166175,22.083333333333332,37.980555555555554,-0.10555555555555557,0.0,60.06388888888888,59.95833333333333,480.53333333333336,59.99766691666667,59.95833333333333,0.0,0.5972003,36.76640614160848,0.0,0.7844444444444444,42.870544090056285,0.3362956014175526,0.18,0.096,0,,22.083333333333332,0.0,59.95833333333333,11.041666666666666,7131.288888888889,20668.244347030562,3565.6444444444446
2023-04-25 09:00:00,9,0,1,False,-0.10416666666666667,32.63055555555555,-0.7663888888888888,37.96388888888889,480.14444444444445,59.996944469444436,15.739999999999998,17.344721686111114,32.63055555555555,37.96388888888889,-0.10416666666666667,0.0,70.59444444444443,70.49027777777776,480.14444444444445,59.996944469444436,70.49027777777776,0.0,0.5963333633333235,46.22255449752106,0.0,0.7844444444444444,42.96435272045028,0.3370314780070877,0.18,0.096,0,,32.63055555555555,0.0,70.49027777777776,16.315277777777776,7163.919444444445,20668.244347030562,3581.9597222222224
2023-04-25 10:00:00,10,0,1,False,-0.09111111111111113,38.69444444444444,-0.7447222222222223,37.7,479.7583333333333,59.99788884999999,16.412222169444444,17.59916666388889,38.69444444444444,37.7,-0.09111111111111113,0.0,76.39444444444445,76.30333333333334,479.7583333333333,59.99788884999999,76.30333333333334,0.0,0.597466619999986,50.65086175550869,0.0,0.7844444444444444,43.84615384615385,0.3439487179487179,0.18,0.096,0,,38.69444444444444,0.0,76.30333333333334,19.34722222222222,7202.613888888889,20668.244347030562,3601.3069444444445
2023-04-25 11:00:00,11,0,1,False,-0.10083333333333334,38.15,-0.788611111111111,37.2,479.9111111111111,60.00708335277777,17.223611155555556,18.028333375,38.15,37.2,-0.10083333333333334,0.0,75.35,75.24916666666667,479.9111111111111,60.00708335277777,75.24916666666667,0.0,0.5914999766666768,50.630391506303916,0.0,0.7844444444444444,43.18949343339587,0.338797581821972,0.12,0.08,0,,38.15,0.0,75.24916666666667,19.075,7240.763888888889,20668.244347030562,3620.3819444444443
2023-04-25 12:00:00,12,0,1,False,-0.11388888888888889,33.59166666666667,-0.8216666666666665,37.13055555555555,480.18055555555554,60.00005544166666,17.89611130277778,18.35388882777778,33.59166666666667,37.13055555555555,-0.11388888888888889,0.0,70.72222222222223,70.60833333333333,480.18055555555554,60.00005544166666,70.60833333333333,0.0,0.5999334700000076,47.4980361351139,0.0,0.7844444444444444,42.30769230769231,0.3318803418803419,0.12,0.08,0,,33.59166666666667,0.0,70.60833333333333,16.795833333333334,7274.355555555555,20668.244347030562,3637.1777777777775
2023-04-25 13:00:00,13,0,1,False,-0.12000000000000001,38.7,-0.816111111111111,37.01111111111111,479.40833333333336,60.000083369444454,18.620833258333334,18.765277902777775,38.7,37.01111111111111,-0.12000000000000001,0.0,75.71111111111111,75.5911111111111,479.40833333333336,60.000083369444454,75.5911111111111,0.0,0.5998999566666555,51.115350748459065,0.0,0.7844444444444444,41.89493433395872,0.3286424848863873,0.12,0.08,0,,38.7,0.0,75.5911111111111,19.35,7313.055555555555,20668.244347030562,3656.5277777777774
2023-04-25 14:00:00,14,0,1,False,-0.1327777777777778,33.28888888888889,-0.8411111111111111,37.0,479.15,60.006194058333335,19.339166683333335,19.326388944444442,33.28888888888889,37.0,-0.1327777777777778,0.0,70.28888888888889,70.15611111111112,479.15,60.006194058333335,70.15611111111112,0.0,0.5925671299999976,47.36010116977553,0.0,0.7844444444444444,41.031894934333955,0.3218724202626641,0.12,0.08,0,,33.28888888888889,0.0,70.15611111111112,16.644444444444446,7346.344444444444,20668.244347030562,3673.172222222222
2023-04-25 15:00:00,15,0,1,False,-0.13361111111111112,27.619444444444444,-0.8697222222222222,37.0,480.275,60.00622197777777,19.88805571111111,19.707500169444444,27.619444444444444,37.0,-0.13361111111111112,0.0,64.61944444444444,64.48583333333333,480.275,60.00622197777777,64.48583333333333,0.0,0.5925336266666761,42.741692816919574,0.0,0.7844444444444444,40.97560975609756,0.3214308943089431,0.12,0.08,0,,27.619444444444444,0.0,64.48583333333333,13.809722222222222,7373.9638888888885,20668.244347030562,3686.9819444444443
2023-04-25 16:00:00,16,0,1,False,-0.1502777777777778,13.397222222222222,-0.8877777777777779,37.0,480.64722222222224,60.003694383333325,20.359999961111114,20.01527777777778,13.397222222222222,37.0,-0.1502777777777778,0.0,50.397222222222226,50.246944444444445,480.64722222222224,60.003694383333325,50.246944444444445,0.0,0.5955667400000095,26.58325524995866,0.0,0.7844444444444444,39.849906191369605,0.31260037523452155,0.12,0.08,0,,13.397222222222222,0.0,50.246944444444445,6.698611111111111,7387.36111111111,20668.244347030562,3693.680555555555
2023-04-25 17:00:00,17,0,1,False,-0.15222222222222226,4.2972222222222225,-0.9155555555555556,37.00277777777778,484.96944444444443,60.01133303055555,20.678056019444444,20.130833649999996,4.2972222222222225,37.00277777777778,-0.15222222222222226,0.0,41.300000000000004,41.14777777777778,484.96944444444443,60.01133303055555,41.14777777777778,0.0,0.5864003633333424,10.404896421845573,0.0,0.7844444444444444,39.718574108818004,0.3115701480091723,0.12,0.08,0,,4.2972222222222225,0.0,41.14777777777778,2.1486111111111112,7391.658333333333,20668.244347030562,3695.8291666666664
2023-04-25 18:00:00,18,0,1,False,-0.16361111111111112,-0.24722222222222223,-0.9194444444444444,37.21388888888889,484.85277777777776,60.01116624444443,20.830832675000003,20.26472201111111,0.0,37.21388888888889,-0.16361111111111112,0.0,37.21388888888889,37.05027777777778,484.85277777777776,60.01116624444443,37.05027777777778,0.0,0.5866005066666815,0.0,0.0,0.7844444444444444,38.949343339587244,0.30553595997498434,0.18,0.096,0,,0.0,0.0,37.05027777777778,0.0,7391.658333333333,20668.244347030562,3695.8291666666664
2023-04-25 19:00:00,19,0,1,False,-0.17500000000000002,-0.06944444444444445,-0.966111111111111,37.65833333333333,486.0722222222222,60.01333311944444,20.893888825,20.358610697222225,0.0,37.65833333333333,-0.17500000000000002,0.0,37.65833333333333,37.483333333333334,486.0722222222222,60.01333311944444,37.483333333333334,0.0,0.5840002566666725,0.0,0.0,0.7844444444444444,38.18011257035647,0.2995017719407963,0.18,0.096,0,,0.0,0.0,37.483333333333334,0.0,7391.658333333333,20668.244347030562,3695.8291666666664
2023-04-25 20:00:00,20,0,1,False,-0.17027777777777778,-0.03333333333333333,-0.9586111111111112,37.875,483.27222222222224,60.00655526944444,20.88638875277778,20.396111072222226,0.0,37.875,-0.17027777777777778,0.0,37.875,37.70472222222222,483.27222222222224,60.00655526944444,37.70472222222222,0.0,0.5921336766666713,0.0,0.0,0.7844444444444444,38.49906191369606,0.3020037523452157,0.18,0.096,0,,0.0,0.0,37.70472222222222,0.0,7391.658333333333,20668.244347030562,3695.8291666666664
2023-04-25 21:00:00,21,0,1,False,-0.17694444444444446,0.0,-0.9486111111111111,37.977777777777774,481.6222222222222,60.01113870555556,20.823888136111115,20.398055536111116,0.0,37.977777777777774,-0.17694444444444446,0.0,37.977777777777774,37.80083333333333,481.6222222222222,60.01113870555556,37.80083333333333,0.0,0.5866335533333285,0.0,0.0,0.7844444444444444,38.048780487804876,0.2984715447154471,0.18,0.096,0,,0.0,0.0,37.80083333333333,0.0,7391.658333333333,20668.244347030562,3695.8291666666664
2023-04-25 22:00:00,22,0,1,False,-0.17277777777777778,0.0,-0.9444444444444444,38.0,482.84166666666664,60.01844453055556,20.748055594444445,20.350277280555556,0.0,38.0,-0.17277777777777778,0.0,38.0,37.827222222222225,482.84166666666664,60.01844453055556,37.827222222222225,0.0,0.5778665633333248,0.0,0.0,0.7844444444444444,38.330206378986865,0.3006791744840525,0.18,0.096,0,,0.0,0.0,37.827222222222225,0.0,7391.658333333333,20668.244347030562,3695.8291666666664
2023-04-25 23:00:00,23,0,1,False,-0.1675,0.0,-0.9283333333333335,37.99722222222222,483.0472222222222,60.016111008333326,20.617778130555553,20.24083350833333,0.0,37.99722222222222,-0.1675,0.0,37.99722222222222,37.82972222222222,483.0472222222222,60.016111008333326,37.82972222222222,0.0,0.5806667900000093,0.0,0.0,0.7844444444444444,38.686679174484055,0.30347550552428604,0.12,0.08,0,,0.0,0.0,37.82972222222222,0.0,7391.658333333333,20668.244347030562,3695.8291666666664
2023-04-26 00:00:00,0,0,2,False,-0.15861111111111115,0.0,-0.9205555555555555,37.99444444444445,482.14444444444445,59.98525025000001,20.398610855555557,20.12527803333333,0.0,37.99444444444445,-0.15861111111111115,0.0,37.99444444444445,37.83583333333333,482.14444444444445,59.98525025000001,37.83583333333333,0.0,0.5823003000000085,0.0,0.0,0.7844444444444444,39.28705440900563,0.3081851156973108,0.12,0.08,0,,0.0,0.0,37.83583333333333,0.0,7391.658333333333,20668.244347030562,3695.8291666666664
2023-04-26 01:00:00,1,0,2,False,-0.15833333333333333,0.0,-0.9266666666666667,37.99444444444445,482.76944444444445,59.98094454444445,20.18611159722222,20.02611111111111,0.0,37.99444444444445,-0.15833333333333333,0.0,37.99444444444445,37.836111111111116,482.76944444444445,59.98094454444445,37.836111111111116,0.0,0.5771334533333373,0.0,0.0,0.7844444444444444,39.30581613508443,0.3083322910152178,0.12,0.08,0,,0.0,0.0,37.836111111111116,0.0,7391.658333333333,20668.244347030562,3695.8291666666664
2023-04-26 02:00:00,2,0,2,False,-0.16166666666666668,0.0,-0.9138888888888889,37.986111111111114,483.94444444444446,59.97616710277778,19.91666637777778,19.811111,0.0,37.986111111111114,-0.16166666666666668,0.0,37.986111111111114,37.824444444444445,483.94444444444446,59.97616710277778,37.824444444444445,0.0,0.5714005233333352,0.0,0.0,0.7844444444444444,39.08067542213884,0.3065661872003335,0.12,0.08,0,,0.0,0.0,37.824444444444445,0.0,7391.658333333333,20668.244347030562,3695.8291666666664
2023-04-26 03:00:00,3,0,2,False,-0.15250000000000002,0.0,-0.9080555555555555,37.96944444444444,484.96666666666664,59.97244485,19.581111452777776,19.599444791666667,0.0,37.96944444444444,-0.15250000000000002,0.0,37.96944444444444,37.81694444444444,484.96666666666664,59.97244485,37.81694444444444,0.0,0.5669338200000027,0.0,0.0,0.7844444444444444,39.69981238273921,0.31142297269126534,0.12,0.08,0,,0.0,0.0,37.81694444444444,0.0,7391.658333333333,20668.244347030562,3695.8291666666664
2023-04-26 04:00:00,4,0,2,False,-0.14166666666666666,0.0,-0.8819444444444444,37.99166666666667,483.8861111111111,59.98036145277777,19.24277774722222,19.41611108055556,0.0,37.99166666666667,-0.14166666666666666,0.0,37.99166666666667,37.85,483.8861111111111,59.98036145277777,37.85,0.0,0.5764337433333253,0.0,0.0,0.7844444444444444,40.431519699812384,0.31716281008963937,0.12,0.08,0,,0.0,0.0,37.85,0.0,7391.658333333333,20668.244347030562,3695.8291666666664
2023-04-26 05:00:00,5,0,2,False,-0.13916666666666666,-0.03611111111111111,-0.8608333333333332,37.922222222222224,483.4888888888889,59.98886144444445,18.90833308611111,19.25583340833333,0.0,37.922222222222224,-0.13916666666666666,0.0,37.922222222222224,37.783055555555556,483.4888888888889,59.98886144444445,37.783055555555556,0.0,0.5866337333333433,0.0,0.0,0.7844444444444444,40.60037523452158,0.3184873879508026,0.12,0.08,0,,0.0,0.0,37.783055555555556,0.0,7391.658333333333,20668.244347030562,3695.8291666666664
2023-04-26 06:00:00,6,0,2,False,-0.14666666666666667,3.5166666666666666,-0.8925000000000001,37.98888888888889,484.22777777777776,60.01252739722221,18.651944949999997,19.11833351944444,3.5166666666666666,37.98888888888889,-0.14666666666666667,0.0,41.50555555555555,41.358888888888885,484.22777777777776,60.01252739722221,41.358888888888885,0.0,0.584967123333351,8.472761343862938,0.0,0.7844444444444444,40.093808630393994,0.3145136543673129,0.18,0.096,0,,3.5166666666666666,0.0,41.358888888888885,1.7583333333333333,7395.174999999999,20668.244347030562,3697.5874999999996
2023-04-26 07:00:00,7,0,2,False,-0.1280555555555556,14.777777777777779,-0.8352777777777778,37.958333333333336,482.0027777777778,59.99419506388889,18.463055555555556,19.06833333333333,14.777777777777779,37.958333333333336,-0.1280555555555556,0.0,52.736111111111114,52.60805555555556,482.0027777777778,59.99419506388889,52.60805555555556,0.0,0.593034076666666,28.022122728469846,0.0,0.7844444444444444,41.350844277673545,0.32437440066708356,0.18,0.096,0,,14.777777777777779,0.0,52.60805555555556,7.388888888888889,7409.952777777777,20668.244347030562,3704.9763888888883
2023-04-26 08:00:00,8,0,2,False,-0.1327777777777778,23.991666666666667,-0.8266666666666668,37.88333333333333,481.5138888888889,60.00102764166667,18.41861111111111,19.08777778055555,23.991666666666667,37.88333333333333,-0.1327777777777778,0.0,61.875,61.742222222222225,481.5138888888889,60.00102764166667,61.742222222222225,0.0,0.5987668299999995,38.774410774410775,0.0,0.7844444444444444,41.031894934333955,0.3218724202626641,0.18,0.096,0,,23.991666666666667,0.0,61.742222222222225,11.995833333333334,7433.944444444443,20668.244347030562,3716.9722222222217
2023-04-26 09:00:00,9,0,2,False,-0.14472222222222222,32.84166666666667,-0.8719444444444444,37.775,481.1111111111111,60.01286036944444,18.580833580555556,19.11611127222222,32.84166666666667,37.775,-0.14472222222222222,0.0,70.61666666666667,70.47194444444445,481.1111111111111,60.01286036944444,70.47194444444445,0.0,0.5845675566666727,46.50696247344819,0.0,0.7844444444444444,40.22514071294559,0.31554388159266206,0.18,0.096,0,,32.84166666666667,0.0,70.47194444444445,16.420833333333334,7466.78611111111,20668.244347030562,3733.393055555555
2023-04-26 10:00:00,10,0,2,False,-0.12972222222222224,29.4,-0.8391666666666666,37.766666666666666,482.28055555555557,60.00744409166667,18.88166626666667,19.25361125555556,29.4,37.766666666666666,-0.12972222222222224,0.0,67.16666666666666,67.03694444444443,482.28055555555557,60.00744409166667,67.03694444444443,0.0,0.5910670899999957,43.77171215880894,0.0,0.7844444444444444,41.23827392120075,0.3234913487596414,0.18,0.096,0,,29.4,0.0,67.03694444444443,14.7,7496.186111111109,20668.244347030562,3748.0930555555547
2023-04-26 11:00:00,11,0,2,False,-0.14472222222222222,33.48888888888889,-0.8833333333333333,37.577777777777776,482.5416666666667,59.998833447222225,19.19611120833333,19.412777725000005,33.48888888888889,37.577777777777776,-0.14472222222222222,0.0,71.06666666666666,70.92194444444443,482.5416666666667,59.998833447222225,70.92194444444443,0.0,0.5986001366666699,47.12320200125078,0.0,0.7844444444444444,40.22514071294559,0.31554388159266206,0.12,0.08,0,,33.48888888888889,0.0,70.92194444444443,16.744444444444444,7529.674999999998,20668.244347030562,3764.837499999999
2023-04-26 12:00:00,12,0,2,False,-0.13805555555555557,13.713888888888889,-0.8825000000000002,37.68055555555556,482.81388888888887,60.009805469444444,19.510277777777773,19.56861111944444,13.713888888888889,37.68055555555556,-0.13805555555555557,0.0,51.394444444444446,51.25638888888889,482.81388888888887,60.009805469444444,51.25638888888889,0.0,0.5882334366666668,26.68360177278132,0.0,0.7844444444444444,40.67542213883677,0.31907608922243064,0.12,0.08,0,,13.713888888888889,0.0,51.25638888888889,6.856944444444444,7543.388888888887,20668.244347030562,3771.6944444444434
2023-04-26 13:00:00,13,0,2,False,-0.13972222222222225,12.088888888888889,-0.8730555555555556,37.769444444444446,485.1694444444444,59.993444605555545,19.658056138888885,19.61277793611111,12.088888888888889,37.769444444444446,-0.13972222222222225,0.0,49.858333333333334,49.71861111111111,485.1694444444444,59.993444605555545,49.71861111111111,0.0,0.5921335266666545,24.24647612680372,0.0,0.7844444444444444,40.56285178236398,0.31819303731498855,0.12,0.08,0,,12.088888888888889,0.0,49.71861111111111,6.044444444444444,7555.477777777775,20668.244347030562,3777.7388888888877
2023-04-26 14:00:00,14,0,2,False,-0.1563888888888889,9.508333333333333,-0.9047222222222222,37.93333333333333,485.05833333333334,59.9903891611111,19.781666225000002,19.689723111111107,9.508333333333333,37.93333333333333,-0.1563888888888889,0.0,47.44166666666666,47.28527777777777,485.05833333333334,59.9903891611111,47.28527777777777,0.0,0.5884669933333242,20.042157034955206,0.0,0.7844444444444444,39.43714821763602,0.309362518240567,0.12,0.08,0,,9.508333333333333,0.0,47.28527777777777,4.754166666666666,7564.986111111109,20668.244347030562,3782.4930555555543
2023-04-26 15:00:00,15,0,2,False,-0.15,7.036111111111111,-0.8963888888888889,37.975,484.3638888888889,59.99236141111111,19.872221941666666,19.703334266666666,7.036111111111111,37.975,-0.15,0.0,45.01111111111111,44.861111111111114,484.3638888888889,59.99236141111111,44.861111111111114,0.0,0.5908336933333345,15.631942730190076,0.0,0.7844444444444444,39.868667917448406,0.3127475505524286,0.12,0.08,0,,7.036111111111111,0.0,44.861111111111114,3.5180555555555557,7572.02222222222,20668.244347030562,3786.01111111111
2023-04-26 16:00:00,16,0,2,False,-0.15694444444444444,15.480555555555556,-0.9147222222222221,37.922222222222224,488.35555555555555,59.982111566666674,19.957500000000003,19.735555844444445,15.480555555555556,37.922222222222224,-0.15694444444444444,0.0,53.40277777777778,53.24583333333334,488.35555555555555,59.982111566666674,53.24583333333334,0.0,0.578533880000009,28.988296488946684,0.0,0.7844444444444444,39.39962476547842,0.3090681676047529,0.12,0.08,0,,15.480555555555556,0.0,53.24583333333334,7.740277777777778,7587.502777777776,20668.244347030562,3793.751388888888
2023-04-26 17:00:00,17,0,2,False,-0.15916666666666665,3.6333333333333333,-0.9102777777777777,37.983333333333334,484.43611111111113,59.98783389722222,19.775555455555555,19.62583378611111,3.6333333333333333,37.983333333333334,-0.15916666666666665,0.0,41.61666666666667,41.4575,484.43611111111113,59.98783389722222,41.4575,0.0,0.5854006766666601,8.730476571886262,0.0,0.7844444444444444,39.249530956848034,0.30789076506149676,0.12,0.08,0,,3.6333333333333333,0.0,41.4575,1.8166666666666667,7591.136111111109,20668.244347030562,3795.5680555555546
2023-04-26 18:00:00,18,0,2,False,-0.1436111111111111,-0.2638888888888889,-0.8841666666666667,37.93333333333333,483.2944444444444,59.993666925,19.312499938888887,19.334166572222223,0.0,37.93333333333333,-0.1436111111111111,0.0,37.93333333333333,37.78972222222222,483.2944444444444,59.993666925,37.78972222222222,0.0,0.5924003099999993,0.0,0.0,0.7844444444444444,40.30018761726079,0.3161325828642902,0.18,0.096,0,,0.0,0.0,37.78972222222222,0.0,7591.136111111109,20668.244347030562,3795.5680555555546
2023-04-26 19:00:00,19,0,2,False,-0.12611111111111112,0.0,-0.8486111111111111,37.93888888888889,481.21944444444443,59.98500053611111,18.675555569444445,19.031388969444443,0.0,37.93888888888889,-0.12611111111111112,0.0,37.93888888888889,37.81277777777778,481.21944444444443,59.98500053611111,37.81277777777778,0.0,0.5820006433333305,0.0,0.0,0.7844444444444444,41.48217636022514,0.32540462789243274,0.18,0.096,0,,0.0,0.0,37.81277777777778,0.0,7591.136111111109,20668.244347030562,3795.5680555555546
2023-04-26 20:00:00,20,0,2,False,-0.12472222222222222,0.0,-0.8349999999999999,38.0,483.1111111111111,60.00583295277777,18.04166649722222,18.693055672222222,0.0,38.0,-0.12472222222222222,0.0,38.0,37.875277777777775,483.1111111111111,60.00583295277777,37.875277777777775,0.0,0.5930004566666724,0.0,0.0,0.7844444444444444,41.57598499061913,0.32614050448196785,0.18,0.096,0,,0.0,0.0,37.875277777777775,0.0,7591.136111111109,20668.244347030562,3795.5680555555546
2023-04-26 21:00:00,21,0,2,False,-0.12805555555555556,0.0,-0.8608333333333332,37.99722222222222,484.84722222222223,60.02155499444444,17.412222297222222,18.36499995277778,0.0,37.99722222222222,-0.12805555555555556,0.0,37.99722222222222,37.869166666666665,484.84722222222223,60.02155499444444,37.869166666666665,0.0,0.574134006666668,0.0,0.0,0.7844444444444444,41.350844277673545,0.32437440066708356,0.18,0.096,0,,0.0,0.0,37.869166666666665,0.0,7591.136111111109,20668.244347030562,3795.5680555555546
2023-04-26 22:00:00,22,0,2,False,-0.12305555555555557,0.0,-0.8547222222222224,38.0,485.8722222222222,60.0074718,16.76722215277778,18.003888838888887,0.0,38.0,-0.12305555555555557,0.0,38.0,37.87694444444445,485.8722222222222,60.0074718,37.87694444444445,0.0,0.5910338400000029,0.0,0.0,0.7844444444444444,41.688555347091935,0.32702355638941,0.18,0.096,0,,0.0,0.0,37.87694444444445,0.0,7591.136111111109,20668.244347030562,3795.5680555555546
2023-04-26 23:00:00,23,0,2,False,-0.11833333333333333,0.0,-0.8280555555555554,38.0,485.78333333333336,60.01680498055555,16.11111114166667,17.619166852777777,0.0,38.0,-0.11833333333333333,0.0,38.0,37.88166666666667,485.78333333333336,60.01680498055555,37.88166666666667,0.0,0.579834023333342,0.0,0.0,0.7844444444444444,42.00750469043152,0.32952553679382945,0.12,0.08,0,,0.0,0.0,37.88166666666667,0.0,7591.136111111109,20668.244347030562,3795.5680555555546
2023-04-27 00:00:00,0,0,3,False,-0.12694444444444444,0.0,-0.8272222222222223,38.0,485.86944444444447,60.00116665277777,15.500277777777777,17.270277716666666,0.0,38.0,-0.12694444444444444,0.0,38.0,37.87305555555555,485.86944444444447,60.00116665277777,37.87305555555555,0.0,0.598600016666677,0.0,0.0,0.7844444444444444,41.425891181988746,0.3249631019387117,0.12,0.08,0,,0.0,0.0,37.87305555555555,0.0,7591.136111111109,20668.244347030562,3795.5680555555546
2023-04-27 01:00:00,1,0,3,False,-0.10166666666666667,0.0,-0.7883333333333333,38.0,486.4555555555556,60.005221819444444,14.9125,16.914999661111114,0.0,38.0,-0.10166666666666667,0.0,38.0,37.89833333333333,486.4555555555556,60.005221819444444,37.89833333333333,0.0,0.5937338166666677,0.0,0.0,0.7844444444444444,43.133208255159474,0.33835605586825096,0.12,0.08,0,,0.0,0.0,37.89833333333333,0.0,7591.136111111109,20668.244347030562,3795.5680555555546
2023-04-27 02:00:00,2,0,3,False,-0.09944444444444443,0.0,-0.7955555555555555,38.0,487.4611111111111,59.99200041666667,14.37416666666667,16.584722333333332,0.0,38.0,-0.09944444444444443,0.0,38.0,37.900555555555556,487.4611111111111,59.99200041666667,37.900555555555556,0.0,0.590400500000004,0.0,0.0,0.7844444444444444,43.28330206378987,0.33953345841150717,0.12,0.08,0,,0.0,0.0,37.900555555555556,0.0,7591.136111111109,20668.244347030562,3795.5680555555546
2023-04-27 03:00:00,3,0,3,False,-0.10194444444444445,0.0,-0.7777777777777778,38.0,487.1972222222222,60.015638230555545,13.89861111111111,16.26111113888889,0.0,38.0,-0.10194444444444445,0.0,38.0,37.89805555555556,487.1972222222222,60.015638230555545,37.89805555555556,0.0,0.5812341233333456,0.0,0.0,0.7844444444444444,43.11444652908067,0.3382088805503439,0.12,0.08,0,,0.0,0.0,37.89805555555556,0.0,7591.136111111109,20668.244347030562,3795.5680555555546
2023-04-27 04:00:00,4,0,3,False,-0.08888888888888889,0.0,-0.7783333333333334,38.0,486.8361111111111,60.00149978611111,13.468333333333334,15.96472222222222,0.0,38.0,-0.08888888888888889,0.0,38.0,37.91111111111111,486.8361111111111,60.00149978611111,37.91111111111111,0.0,0.5982002566666665,0.0,0.0,0.7844444444444444,43.99624765478424,0.34512612049197416,0.12,0.08,0,,0.0,0.0,37.91111111111111,0.0,7591.136111111109,20668.244347030562,3795.5680555555546
2023-04-27 05:00:00,5,0,3,False,-0.08361111111111111,-0.019444444444444445,-0.7602777777777777,37.99444444444445,486.5777777777778,59.99550026666667,13.034444444444446,15.680555555555554,0.0,37.99444444444445,-0.08361111111111111,0.0,37.99444444444445,37.910833333333336,486.5777777777778,59.99550026666667,37.910833333333336,0.0,0.5946003200000006,0.0,0.0,0.7844444444444444,44.352720450281424,0.3479224515322076,0.12,0.08,0,,0.0,0.0,37.910833333333336,0.0,7591.136111111109,20668.244347030562,3795.5680555555546
2023-04-27 06:00:00,6,0,3,False,-0.07666666666666667,3.9805555555555556,-0.7319444444444444,37.99722222222222,486.26944444444445,60.00736108055555,12.633888888888889,15.391944444444446,3.9805555555555556,37.99722222222222,-0.07666666666666667,0.0,41.977777777777774,41.901111111111106,486.26944444444445,60.00736108055555,41.901111111111106,0.0,0.591166703333343,9.48253043938592,0.0,0.7844444444444444,44.82176360225141,0.35160183447988325,0.18,0.096,0,,3.9805555555555556,0.0,41.901111111111106,1.9902777777777778,7595.116666666665,20668.244347030562,3797.5583333333325
2023-04-27 07:00:00,7,0,3,False,-0.08277777777777778,15.522222222222222,-0.7616666666666665,38.0,485.64722222222224,60.01149958333333,12.316388888888888,15.13972222222222,15.522222222222222,38.0,-0.08277777777777778,0.0,53.522222222222226,53.43944444444445,485.64722222222224,60.01149958333333,53.43944444444445,0.0,0.586200500000001,29.001453186630684,0.0,0.7844444444444444,44.409005628517825,0.3483639774859287,0.18,0.096,0,,15.522222222222222,0.0,53.43944444444445,7.761111111111111,7610.638888888887,20668.244347030562,3805.3194444444434
2023-04-27 08:00:00,8,0,3,False,-0.08194444444444444,19.419444444444444,-0.7569444444444444,37.99722222222222,485.7388888888889,60.01711146111112,12.153055555555557,14.961944444444448,19.419444444444444,37.99722222222222,-0.08194444444444444,0.0,57.416666666666664,57.33472222222222,485.7388888888889,60.01711146111112,57.33472222222222,0.0,0.5794662466666551,33.82196419932269,0.0,0.7844444444444444,44.46529080675422,0.3488055034396498,0.18,0.096,0,,19.419444444444444,0.0,57.33472222222222,9.709722222222222,7630.058333333332,20668.244347030562,3815.029166666666
2023-04-27 09:00:00,9,0,3,False,-0.061388888888888896,35.56944444444444,-0.6847222222222222,37.958333333333336,484.52777777777777,59.985944925000005,12.133888888888889,14.825833333333337,35.56944444444444,37.958333333333336,-0.061388888888888896,0.0,73.52777777777777,73.46638888888889,484.52777777777777,59.985944925000005,73.46638888888889,0.0,0.5831339100000065,48.37551945598791,0.0,0.7844444444444444,45.853658536585364,0.3596964769647696,0.18,0.096,0,,35.56944444444444,0.0,73.46638888888889,17.78472222222222,7665.627777777776,20668.244347030562,3832.813888888888
2023-04-27 10:00:00,10,0,3,False,-0.06722222222222222,37.31666666666667,-0.7466666666666667,37.983333333333334,485.0444444444444,59.991639061111115,12.322500000000002,14.82388888888889,37.31666666666667,37.983333333333334,-0.06722222222222222,0.0,75.30000000000001,75.23277777777778,485.0444444444444,59.991639061111115,75.23277777777778,0.0,0.5899668733333385,49.55732625055334,0.0,0.7844444444444444,45.45966228893058,0.3566057952887221,0.18,0.096,0,,37.31666666666667,0.0,75.23277777777778,18.658333333333335,7702.9444444444425,20668.244347030562,3851.4722222222213
2023-04-27 11:00:00,11,0,3,False,-0.08527777777777779,32.4,-0.7638888888888888,37.99444444444445,484.9888888888889,59.98002838888889,12.588333333333331,14.883333333333338,32.4,37.99444444444445,-0.08527777777777779,0.0,70.39444444444445,70.30916666666667,484.9888888888889,59.98002838888889,70.30916666666667,0.0,0.5760340666666678,46.02635940336201,0.0,0.7844444444444444,44.24015009380863,0.34703939962476543,0.12,0.08,0,,32.4,0.0,70.30916666666667,16.2,7735.344444444442,20668.244347030562,3867.672222222221
2023-04-27 12:00:00,12,0,3,False,-0.07583333333333335,39.327777777777776,-0.7563888888888889,37.99722222222222,485.01666666666665,59.997833297222215,12.989444444444441,15.044999999999996,39.327777777777776,37.99722222222222,-0.07583333333333335,0.0,77.32499999999999,77.24916666666665,485.01666666666665,59.997833297222215,77.24916666666665,0.0,0.5973999566666578,50.8603657003269,0.0,0.7844444444444444,44.8780487804878,0.3520433604336043,0.12,0.08,0,,39.327777777777776,0.0,77.24916666666665,19.663888888888888,7774.67222222222,20668.244347030562,3887.33611111111
2023-04-27 13:00:00,13,0,3,False,-0.07805555555555556,26.441666666666666,-0.7402777777777778,37.99166666666667,485.2111111111111,59.997805658333334,13.428333333333335,15.165,26.441666666666666,37.99166666666667,-0.07805555555555556,0.0,64.43333333333334,64.35527777777779,485.2111111111111,59.997805658333334,64.35527777777779,0.0,0.5973667900000009,41.03724780134505,0.0,0.7844444444444444,44.727954971857415,0.35086595789034813,0.12,0.08,0,,26.441666666666666,0.0,64.35527777777779,13.220833333333333,7801.113888888886,20668.244347030562,3900.556944444443
2023-04-27 14:00:00,14,0,3,False,-0.08527777777777777,17.894444444444446,-0.7633333333333332,37.99444444444445,484.59166666666664,59.99925005000001,13.689444444444444,15.210833333333335,17.894444444444446,37.99444444444445,-0.08527777777777777,0.0,55.88888888888889,55.80361111111112,484.59166666666664,59.99925005000001,55.80361111111112,0.0,0.5991000600000091,32.01789264413519,0.0,0.7844444444444444,44.24015009380863,0.34703939962476543,0.12,0.08,0,,17.894444444444446,0.0,55.80361111111112,8.947222222222223,7819.0083333333305,20668.244347030562,3909.5041666666652
2023-04-27 15:00:00,15,0,3,False,-0.08944444444444445,18.011111111111113,-0.7605555555555555,37.980555555555554,484.6694444444444,59.99094505833333,13.864999999999998,15.267222222222221,18.011111111111113,37.980555555555554,-0.08944444444444445,0.0,55.99166666666667,55.90222222222222,484.6694444444444,59.99094505833333,55.90222222222222,0.0,0.5891340699999972,32.16748524085926,0.0,0.7844444444444444,43.95872420262664,0.3448317698561601,0.12,0.08,0,,18.011111111111113,0.0,55.90222222222222,9.005555555555556,7837.019444444441,20668.244347030562,3918.5097222222207
2023-04-27 16:00:00,16,0,3,False,-0.08861111111111111,16.55,-0.7858333333333333,37.96666666666667,485.34722222222223,59.98191732222224,14.134999999999996,15.369444444444447,16.55,37.96666666666667,-0.08861111111111111,0.0,54.516666666666666,54.42805555555555,485.34722222222223,59.98191732222224,54.42805555555555,0.0,0.5783007866666849,30.357688780189545,0.0,0.7844444444444444,44.01500938086304,0.34527329580988114,0.12,0.08,0,,16.55,0.0,54.42805555555555,8.275,7853.569444444442,20668.244347030562,3926.784722222221
2023-04-27 17:00:00,17,0,3,False,-0.09472222222222222,6.291666666666667,-0.7855555555555555,37.99444444444445,483.275,59.99741687777778,14.311111111111114,15.292222222222223,6.291666666666667,37.99444444444445,-0.09472222222222222,0.0,44.28611111111111,44.19138888888889,483.275,59.99741687777778,44.19138888888889,0.0,0.5969002533333366,14.20686194568149,0.0,0.7844444444444444,43.60225140712946,0.3420354388159266,0.12,0.08,0,,6.291666666666667,0.0,44.19138888888889,3.1458333333333335,7859.861111111109,20668.244347030562,3929.9305555555543
2023-04-27 18:00:00,18,0,3,False,-0.08833333333333333,-0.2611111111111111,-0.736388888888889,38.0,481.59722222222223,60.005694311111114,14.313055555555557,15.2375,0.0,38.0,-0.08833333333333333,0.0,38.0,37.91166666666667,481.59722222222223,60.005694311111114,37.91166666666667,0.0,0.5931668266666633,0.0,0.0,0.7844444444444444,44.03377110694184,0.34542047112778823,0.18,0.096,0,,0.0,0.0,37.91166666666667,0.0,7859.861111111109,20668.244347030562,3929.9305555555543
2023-04-27 19:00:00,19,0,3,False,-0.09277777777777779,0.0,-0.7625,37.99722222222222,482.2861111111111,59.999555513888886,14.223055555555554,15.166666666666666,0.0,37.99722222222222,-0.09277777777777779,0.0,37.99722222222222,37.904444444444444,482.2861111111111,59.999555513888886,37.904444444444444,0.0,0.5994666166666632,0.0,0.0,0.7844444444444444,43.73358348968105,0.3430656660412758,0.18,0.096,0,,0.0,0.0,37.904444444444444,0.0,7859.861111111109,20668.244347030562,3929.9305555555543
2023-04-27 20:00:00,20,0,3,False,-0.08416666666666668,0.0,-0.7455555555555556,37.977777777777774,484.95,60.00127773333334,14.193611111111109,15.098888888888885,0.0,37.977777777777774,-0.08416666666666668,0.0,37.977777777777774,37.893611111111106,484.95,60.00127773333334,37.893611111111106,0.0,0.5984667199999932,0.0,0.0,0.7844444444444444,44.315196998123824,0.3476281008963935,0.18,0.096,0,,0.0,0.0,37.893611111111106,0.0,7859.861111111109,20668.244347030562,3929.9305555555543
2023-04-27 21:00:00,21,0,3,False,-0.09388888888888888,0.0,-0.7844444444444444,37.98888888888889,486.7583333333333,60.013222186111115,14.070833333333331,15.0275,0.0,37.98888888888889,-0.09388888888888888,0.0,37.98888888888889,37.894999999999996,486.7583333333333,60.013222186111115,37.894999999999996,0.0,0.5841333766666622,0.0,0.0,0.7844444444444444,43.65853658536585,0.3424769647696477,0.18,0.096,0,,0.0,0.0,37.894999999999996,0.0,7859.861111111109,20668.244347030562,3929.9305555555543
2023-04-27 22:00:00,22,0,3,False,-0.08638888888888889,0.0,-0.7675000000000001,37.99444444444445,485.7916666666667,60.02061106111111,13.892500000000004,14.89444444444445,0.0,37.99444444444445,-0.08638888888888889,0.0,37.99444444444445,37.908055555555556,485.7916666666667,60.02061106111111,37.908055555555556,0.0,0.5752667266666662,0.0,0.0,0.7844444444444444,44.165103189493436,0.3464506983531374,0.18,0.096,0,,0.0,0.0,37.908055555555556,0.0,7859.861111111109,20668.244347030562,3929.9305555555543
2023-04-27 23:00:00,23,0,3,False,-0.08944444444444445,0.0,-0.7813888888888888,37.983333333333334,486.46666666666664,60.02080515555554,13.700277777777778,14.770555555555555,0.0,37.983333333333334,-0.08944444444444445,0.0,37.983333333333334,37.89388888888889,486.46666666666664,60.02080515555554,37.89388888888889,0.0,0.5750338133333486,0.0,0.0,0.7844444444444444,43.95872420262664,0.3448317698561601,0.12,0.08,0,,0.0,0.0,37.89388888888889,0.0,7859.861111111109,20668.244347030562,3929.9305555555543
2023-04-28 00:00:00,0,0,4,False,-0.08777777777777777,0.0,-0.7536111111111111,37.99722222222222,485.725,60.003249825,13.40916666666667,14.574444444444442,0.0,37.99722222222222,-0.08777777777777777,0.0,37.99722222222222,37.90944444444444,485.725,60.003249825,37.90944444444444,0.0,0.596100210000003,0.0,0.0,0.7844444444444444,44.071294559099435,0.3457148217636022,0.12,0.08,0,,0.0,0.0,37.90944444444444,0.0,7859.861111111109,20668.244347030562,3929.9305555555543
2023-04-28 01:00:00,1,0,4,False,-0.08277777777777778,0.0,-0.7505555555555556,38.0,486.1138888888889,59.99988882222222,13.101388888888886,14.404444444444445,0.0,38.0,-0.08277777777777778,0.0,38.0,37.91722222222222,486.1138888888889,59.99988882222222,37.91722222222222,0.0,0.5998665866666613,0.0,0.0,0.7844444444444444,44.409005628517825,0.3483639774859287,0.12,0.08,0,,0.0,0.0,37.91722222222222,0.0,7859.861111111109,20668.244347030562,3929.9305555555543
2023-04-28 02:00:00,2,0,4,False,-0.07583333333333332,0.0,-0.7566666666666666,38.0,486.4222222222222,60.00349968611111,12.774166666666666,14.182777777777776,0.0,38.0,-0.07583333333333332,0.0,38.0,37.924166666666665,486.4222222222222,60.00349968611111,37.924166666666665,0.0,0.595800376666665,0.0,0.0,0.7844444444444444,44.8780487804878,0.3520433604336043,0.12,0.08,0,,0.0,0.0,37.924166666666665,0.0,7859.861111111109,20668.244347030562,3929.9305555555543
2023-04-28 03:00:00,3,0,4,False,-0.07277777777777779,0.0,-0.7466666666666667,38.0,485.09444444444443,60.0136104111111,12.465833333333336,13.989166666666668,0.0,38.0,-0.07277777777777779,0.0,38.0,37.92722222222222,485.09444444444443,60.0136104111111,37.92722222222222,0.0,0.5836675066666771,0.0,0.0,0.7844444444444444,45.0844277673546,0.3536622889305816,0.12,0.08,0,,0.0,0.0,37.92722222222222,0.0,7859.861111111109,20668.244347030562,3929.9305555555543
2023-04-28 04:00:00,4,0,4,False,-0.07083333333333333,0.0,-0.7255555555555557,38.0,485.6138888888889,59.987944638888884,12.175,13.791111111111112,0.0,38.0,-0.07083333333333333,0.0,38.0,37.92916666666667,485.6138888888889,59.987944638888884,37.92916666666667,0.0,0.5855335666666605,0.0,0.0,0.7844444444444444,45.21575984990619,0.3546925161559307,0.12,0.08,0,,0.0,0.0,37.92916666666667,0.0,7859.861111111109,20668.244347030562,3929.9305555555543
2023-04-28 05:00:00,5,0,4,False,-0.07111111111111111,0.025,-0.7552777777777777,37.99722222222222,485.625,60.0007501111111,11.863333333333333,13.593055555555555,0.025,37.99722222222222,-0.07111111111111111,0.0,38.02222222222222,37.95111111111111,485.625,60.0007501111111,37.95111111111111,0.0,0.5990998666666769,0.06575102279368791,0.0,0.7844444444444444,45.19699812382739,0.35454534083802375,0.12,0.08,0,,0.025,0.0,37.95111111111111,0.0125,7859.886111111108,20668.244347030562,3929.943055555554
2023-04-28 06:00:00,6,0,4,False,-0.07166666666666668,5.508333333333334,-0.7330555555555555,37.99166666666667,485.80555555555554,59.97886160833334,11.610555555555553,13.437222222222227,5.508333333333334,37.99166666666667,-0.07166666666666668,0.0,43.5,43.428333333333335,485.80555555555554,59.97886160833334,43.428333333333335,0.0,0.5746339300000073,12.662835249042145,0.0,0.7844444444444444,45.15947467166979,0.3542509902022097,0.18,0.096,0,,5.508333333333334,0.0,43.428333333333335,2.754166666666667,7865.394444444441,20668.244347030562,3932.6972222222207
2023-04-28 07:00:00,7,0,4,False,-0.07111111111111111,18.230555555555554,-0.736388888888889,37.980555555555554,485.44166666666666,60.01241641111111,11.47388888888889,13.29777777777778,18.230555555555554,37.980555555555554,-0.07111111111111111,0.0,56.21111111111111,56.14,485.44166666666666,60.01241641111111,56.14,0.0,0.5851003066666663,32.43229887329512,0.0,0.7844444444444444,45.19699812382739,0.35454534083802375,0.18,0.096,0,,18.230555555555554,0.0,56.14,9.115277777777777,7883.624999999997,20668.244347030562,3941.8124999999986
2023-04-28 08:00:00,8,0,4,False,-0.05777777777777778,30.09722222222222,-0.7133333333333335,37.952777777777776,484.93055555555554,60.00544406944444,11.392500000000004,13.2,30.09722222222222,37.952777777777776,-0.05777777777777778,0.0,68.05,67.99222222222222,484.93055555555554,60.00544406944444,67.99222222222222,0.0,0.593467116666676,44.228100253081884,0.0,0.7844444444444444,46.09756097560975,0.3616097560975609,0.18,0.096,0,,30.09722222222222,0.0,67.99222222222222,15.04861111111111,7913.72222222222,20668.244347030562,3956.86111111111
2023-04-28 09:00:00,9,0,4,False,-0.07388888888888889,38.94166666666667,-0.7391666666666667,3.55,484.9888888888889,59.98575050833333,11.440833333333332,13.131666666666666,38.94166666666667,3.55,-0.07388888888888889,0.0,42.49166666666667,42.41777777777778,484.9888888888889,59.98575050833333,42.41777777777778,0.0,0.5829006099999986,91.64542067071976,0.0,0.7844444444444444,45.0093808630394,0.35307358765895347,0.18,0.096,0,,38.94166666666667,0.0,42.41777777777778,19.470833333333335,7952.6638888888865,20668.244347030562,3976.3319444444433
2023-04-28 10:00:00,10,0,4,False,-0.07138888888888889,44.044444444444444,-0.7405555555555556,-1.0277777777777777,484.55555555555554,59.992528566666664,11.800833333333332,13.213888888888889,44.044444444444444,0.0,-0.07138888888888889,0.0,44.044444444444444,43.973055555555554,484.55555555555554,59.992528566666664,43.973055555555554,0.0,0.5910342799999967,100.0,0.0,0.7844444444444444,45.17823639774859,0.35439816552011666,0.18,0.096,0,,44.044444444444444,0.0,43.973055555555554,22.022222222222222,7996.708333333331,20668.244347030562,3998.3541666666656
2023-04-28 11:00:00,11,0,4,False,-0.06444444444444446,30.78611111111111,-0.728888888888889,-1.0,482.55,59.99155616388889,12.147499999999999,13.388333333333337,30.78611111111111,0.0,-0.06444444444444446,0.0,30.78611111111111,30.721666666666668,482.55,59.99155616388889,30.721666666666668,0.0,0.5898673966666649,100.0,0.0,0.7844444444444444,45.647279549718576,0.3580775484677924,0.12,0.08,0,,30.78611111111111,0.0,30.721666666666668,15.393055555555556,8027.494444444443,20668.244347030562,4013.7472222222214
2023-04-28 12:00:00,12,0,4,False,-0.0725,44.63611111111111,-0.7416666666666667,-1.0,480.93055555555554,60.016138069444445,12.629444444444445,13.619166666666668,44.63611111111111,0.0,-0.0725,0.0,44.63611111111111,44.563611111111115,480.93055555555554,60.016138069444445,44.563611111111115,0.0,0.5806343166666664,100.0,0.0,0.7844444444444444,45.1031894934334,0.35380946424848864,0.12,0.08,0,,44.63611111111111,0.0,44.563611111111115,22.318055555555556,8072.130555555554,20668.244347030562,4036.065277777777
2023-04-28 13:00:00,13,0,4,False,-0.07333333333333333,42.58611111111111,-0.7302777777777777,-2.2888888888888888,480.0083333333333,60.01847160833332,13.279166666666667,13.949444444444445,42.58611111111111,0.0,-0.07333333333333333,0.0,42.58611111111111,42.51277777777778,480.0083333333333,60.01847160833332,42.51277777777778,0.0,0.5778340700000143,100.0,0.0,0.7844444444444444,45.046904315197,0.35336793829476754,0.12,0.08,0,,42.58611111111111,0.0,42.51277777777778,21.293055555555554,8114.716666666664,20668.244347030562,4057.358333333332
2023-04-28 14:00:00,14,0,4,False,-0.075,31.941666666666666,-0.7472222222222222,-2.9055555555555554,480.9111111111111,60.014193752777764,13.774444444444448,14.260833333333334,31.941666666666666,0.0,-0.075,0.0,31.941666666666666,31.866666666666667,480.9111111111111,60.014193752777764,31.866666666666667,0.0,0.5829674966666829,100.0,0.0,0.7844444444444444,44.9343339587242,0.3524848863873254,0.12,0.08,0,,31.941666666666666,0.0,31.866666666666667,15.970833333333333,8146.658333333331,20668.244347030562,4073.3291666666655
2023-04-28 15:00:00,15,0,4,False,-0.08138888888888889,30.288888888888888,-0.7533333333333333,-3.1527777777777777,482.1666666666667,60.01183267222222,14.188888888888892,14.552777777777777,30.288888888888888,0.0,-0.08138888888888889,0.0,30.288888888888888,30.2075,482.1666666666667,60.01183267222222,30.2075,0.0,0.5858007933333368,100.0,0.0,0.7844444444444444,44.50281425891182,0.34909985407546384,0.12,0.08,0,,30.288888888888888,0.0,30.2075,15.144444444444444,8176.94722222222,20668.244347030562,4088.47361111111
2023-04-28 16:00:00,16,0,4,False,-0.08333333333333333,18.205555555555556,-0.7647222222222221,-2.388888888888889,482.43611111111113,60.0044998,14.571388888888887,14.760833333333332,18.205555555555556,0.0,-0.08333333333333333,0.0,18.205555555555556,18.122222222222224,482.43611111111113,60.0044998,18.122222222222224,0.0,0.5946002400000026,100.0,0.0,0.7844444444444444,44.371482176360225,0.3480696268501146,0.12,0.08,0,,18.205555555555556,0.0,18.122222222222224,9.102777777777778,8195.152777777776,20668.244347030562,4097.576388888888
2023-04-28 17:00:00,17,0,4,False,-0.09416666666666666,7.038888888888889,-0.7991666666666668,-2.4027777777777777,483.85833333333335,59.99188930277778,14.723611111111111,14.737222222222222,7.038888888888889,0.0,-0.09416666666666666,0.0,7.038888888888889,6.9447222222222225,483.85833333333335,59.99188930277778,6.9447222222222225,0.0,0.5902671633333341,100.0,0.0,0.7844444444444444,43.63977485928706,0.34232978945174064,0.12,0.08,0,,7.038888888888889,0.0,6.9447222222222225,3.5194444444444444,8202.191666666664,20668.244347030562,4101.095833333332
2023-04-28 18:00:00,18,0,4,False,-0.09000000000000001,-0.013888888888888888,-0.7783333333333333,-2.966666666666667,484.0888888888889,60.00338899444444,14.697222222222223,14.713055555555552,0.0,0.0,-0.09000000000000001,0.0,0.0,-0.09000000000000001,484.0888888888889,60.00338899444444,0.0,0.09000000000000001,0.5959332066666689,0.0,0.0,0.7844444444444444,43.92120075046904,0.34453741922034603,0.18,0.096,0,,0.0,0.0,-0.09000000000000001,0.0,8202.191666666664,20668.244347030562,4101.095833333332
2023-04-28 19:00:00,19,0,4,False,-0.07555555555555556,-0.044444444444444446,-0.7319444444444444,-3.4583333333333335,482.35,59.99336145833333,14.56472222222222,14.645277777777777,0.0,0.0,-0.07555555555555556,0.0,0.0,-0.07555555555555556,482.35,59.99336145833333,0.0,0.07555555555555556,0.5920337499999988,0.0,0.0,0.7844444444444444,44.8968105065666,0.3521905357515113,0.18,0.096,0,,0.0,0.0,-0.07555555555555556,0.0,8202.191666666664,20668.244347030562,4101.095833333332
2023-04-28 20:00:00,20,0,4,False,-0.08833333333333333,0.0,-0.7511111111111111,-2.5277777777777777,483.2361111111111,60.00636081944444,14.455555555555557,14.523888888888887,0.0,0.0,-0.08833333333333333,0.0,0.0,-0.08833333333333333,483.2361111111111,60.00636081944444,0.0,0.08833333333333333,0.5923670166666738,0.0,0.0,0.7844444444444444,44.03377110694184,0.34542047112778823,0.18,0.096,0,,0.0,0.0,-0.08833333333333333,0.0,8202.191666666664,20668.244347030562,4101.095833333332
2023-04-28 21:00:00,21,0,4,False,-0.06805555555555555,0.0,-0.7547222222222223,-3.125,485.125,60.01786059444443,14.261944444444442,14.44638888888889,0.0,0.0,-0.06805555555555555,0.0,0.0,-0.06805555555555555,485.125,60.01786059444443,0.0,0.06805555555555555,0.5785672866666857,0.0,0.0,0.7844444444444444,45.40337711069419,0.35616426933500106,0.18,0.096,0,,0.0,0.0,-0.06805555555555555,0.0,8202.191666666664,20668.244347030562,4101.095833333332
2023-04-28 22:00:00,22,0,4,False,-0.08,0.0,-0.7541666666666667,-3.65,482.7916666666667,60.019472199999996,14.068888888888887,14.284722222222221,0.0,0.0,-0.08,0.0,0.0,-0.08,482.7916666666667,60.019472199999996,0.0,0.08,0.5766333600000052,0.0,0.0,0.7844444444444444,44.59662288930581,0.3498357306649989,0.18,0.096,0,,0.0,0.0,-0.08,0.0,8202.191666666664,20668.244347030562,4101.095833333332
2023-04-28 23:00:00,23,0,4,False,-0.0775,0.0,-0.7394444444444445,-2.6666666666666665,482.59166666666664,60.012527102777774,13.795277777777779,14.109722222222219,0.0,0.0,-0.0775,0.0,0.0,-0.0775,482.59166666666664,60.012527102777774,0.0,0.0775,0.5849674766666709,0.0,0.0,0.7844444444444444,44.76547842401501,0.35116030852616215,0.12,0.08,0,,0.0,0.0,-0.0775,0.0,8202.191666666664,20668.244347030562,4101.095833333332
2023-04-29 00:00:00,0,0,5,True,-0.08000000000000002,0.0,-0.7630555555555557,-3.5972222222222223,482.77777777777777,59.99916669722222,13.497222222222222,13.931111111111113,0.0,0.0,-0.08000000000000002,0.0,0.0,-0.08000000000000002,482.77777777777777,59.99916669722222,0.0,0.08000000000000002,0.5990000366666663,0.0,0.0,0.7844444444444444,44.59662288930581,0.3498357306649989,0.12,0.08,0,,0.0,0.0,-0.08000000000000002,0.0,8202.191666666664,20668.244347030562,4101.095833333332
2023-04-29 01:00:00,1,0,5,True,-0.06416666666666668,0.0,-0.7147222222222224,-3.5,483.4972222222222,59.99750023333333,13.156666666666666,13.779166666666667,0.0,0.0,-0.06416666666666668,0.0,0.0,-0.06416666666666668,483.4972222222222,59.99750023333333,0.0,0.06416666666666668,0.5970002799999917,0.0,0.0,0.7844444444444444,45.66604127579737,0.35822472378569936,0.12,0.08,0,,0.0,0.0,-0.06416666666666668,0.0,8202.191666666664,20668.244347030562,4101.095833333332
2023-04-29 02:00:00,2,0,5,True,-0.07333333333333333,0.0,-0.7416666666666667,-2.736111111111111,483.3888888888889,60.003860952777785,12.778055555555557,13.577499999999999,0.0,0.0,-0.07333333333333333,0.0,0.0,-0.07333333333333333,483.3888888888889,60.003860952777785,0.0,0.07333333333333333,0.5953668566666579,0.0,0.0,0.7844444444444444,45.046904315197,0.35336793829476754,0.12,0.08,0,,0.0,0.0,-0.07333333333333333,0.0,8202.191666666664,20668.244347030562,4101.095833333332
2023-04-29 03:00:00,3,0,5,True,-0.05333333333333333,0.0,-0.695,-4.125,481.7916666666667,59.98841703611112,12.375,13.3725,0.0,0.0,-0.05333333333333333,0.0,0.0,-0.05333333333333333,481.7916666666667,59.98841703611112,0.0,0.05333333333333333,0.5861004433333477,0.0,0.0,0.7844444444444444,46.39774859287054,0.36396456118407333,0.12,0.08,0,,0.0,0.0,-0.05333333333333333,0.0,8202.191666666664,20668.244347030562,4101.095833333332
2023-04-29 04:00:00,4,0,5,True,-0.061944444444444455,0.0,-0.7025,-3.3333333333333335,479.03333333333336,59.994194541666666,11.969722222222224,13.124166666666666,0.0,0.0,-0.061944444444444455,0.0,0.0,-0.061944444444444455,479.03333333333336,59.994194541666666,0.0,0.061944444444444455,0.5930334499999986,0.0,0.0,0.7844444444444444,45.81613508442776,0.3594021263289555,0.12,0.08,0,,0.0,0.0,-0.061944444444444455,0.0,8202.191666666664,20668.244347030562,4101.095833333332
2023-04-29 05:00:00,5,0,5,True,-0.056666666666666664,0.09166666666666666,-0.6919444444444445,-3.1555555555555554,481.47777777777776,59.98213930833333,11.548055555555557,12.871388888888891,0.09166666666666666,0.0,-0.056666666666666664,0.0,0.09166666666666666,0.034999999999999996,481.47777777777776,59.98213930833333,0.034999999999999996,0.0,0.5785671699999966,100.0,0.0,0.7844444444444444,46.17260787992495,0.36219845736918904,0.12,0.08,0,,0.09166666666666666,0.0,0.034999999999999996,0.04583333333333333,8202.283333333331,20668.244347030562,4101.1416666666655
2023-04-29 06:00:00,6,0,5,True,-0.05416666666666667,6.163888888888889,-0.711388888888889,-4.208333333333333,485.76944444444445,59.9868613,11.138333333333334,12.645277777777777,6.163888888888889,0.0,-0.05416666666666667,0.0,6.163888888888889,6.1097222222222225,485.76944444444445,59.9868613,6.1097222222222225,0.0,0.5842335600000013,100.0,0.0,0.7844444444444444,46.34146341463415,0.3635230352303523,0.18,0.096,0,,6.163888888888889,0.0,6.1097222222222225,3.0819444444444444,8208.44722222222,20668.244347030562,4104.22361111111
2023-04-29 07:00:00,7,0,5,True,-0.05777777777777777,18.966666666666665,-0.7083333333333334,-2.8194444444444446,485.275,60.0115830861111,10.81027777777778,12.45,18.966666666666665,0.0,-0.05777777777777777,0.0,18.966666666666665,18.90888888888889,485.275,60.0115830861111,18.90888888888889,0.0,0.5861002966666774,100.0,0.0,0.7844444444444444,46.09756097560976,0.36160975609756096,0.18,0.096,0,,18.966666666666665,0.0,18.90888888888889,9.483333333333333,8227.413888888887,20668.244347030562,4113.706944444443
2023-04-29 08:00:00,8,0,5,True,-0.04583333333333333,30.491666666666667,-0.6936111111111112,-3.6666666666666665,485.2944444444444,60.01297171388888,10.59361111111111,12.283055555555555,30.491666666666667,0.0,-0.04583333333333333,0.0,30.491666666666667,30.445833333333333,485.2944444444444,60.01297171388888,30.445833333333333,0.0,0.5844339433333431,100.0,0.0,0.7844444444444444,46.90431519699813,0.36793829476756307,0.18,0.096,0,,30.491666666666667,0.0,30.445833333333333,15.245833333333334,8257.905555555553,20668.244347030562,4128.952777777777
2023-04-29 09:00:00,9,0,5,True,-0.059166666666666666,38.80833333333333,-0.731111111111111,-28.130555555555556,484.36944444444447,60.009193875,10.6075,12.201666666666668,38.80833333333333,0.0,-0.059166666666666666,0.0,38.80833333333333,38.74916666666666,484.36944444444447,60.009193875,38.74916666666666,0.0,0.5889673499999987,100.0,0.0,0.7844444444444444,46.00375234521576,0.3608738795080258,0.18,0.096,0,,38.80833333333333,0.0,38.74916666666666,19.404166666666665,8296.713888888886,20668.244347030562,4148.356944444443
2023-04-29 10:00:00,10,0,5,True,-0.060000000000000005,44.083333333333336,-0.7038888888888888,-29.925,483.9,60.01330468333333,11.144166666666667,12.36138888888889,44.083333333333336,0.0,-0.060000000000000005,0.0,44.083333333333336,44.02333333333333,483.9,60.01330468333333,44.02333333333333,0.0,0.5840343800000027,100.0,0.0,0.7844444444444444,45.947467166979365,0.3604323535543048,0.18,0.096,0,,44.083333333333336,0.0,44.02333333333333,22.041666666666668,8340.79722222222,20668.244347030562,4170.39861111111
2023-04-29 11:00:00,11,0,5,True,-0.05694444444444444,45.858333333333334,-0.7069444444444445,-1.2333333333333334,484.31111111111113,59.98508356111112,11.82472222222222,12.73638888888889,45.858333333333334,0.0,-0.05694444444444444,0.0,45.858333333333334,45.80138888888889,484.31111111111113,59.98508356111112,45.80138888888889,0.0,0.5821002733333415,100.0,0.0,0.7844444444444444,46.15384615384615,0.362051282051282,0.12,0.08,0,,45.858333333333334,0.0,45.80138888888889,22.929166666666667,8386.655555555553,20668.244347030562,4193.327777777777
2023-04-29 12:00:00,12,0,5,True,-0.060000000000000005,45.41388888888889,-0.7130555555555557,37.55555555555556,483.6333333333333,59.984695163888894,12.645555555555555,13.178055555555554,45.41388888888889,37.55555555555556,-0.060000000000000005,0.0,82.96944444444445,82.90944444444445,483.6333333333333,59.984695163888894,82.90944444444445,0.0,0.5816341966666726,54.735679132210656,0.0,0.7844444444444444,45.947467166979365,0.3604323535543048,0.12,0.08,0,,45.41388888888889,0.0,82.90944444444445,22.706944444444446,8432.069444444442,20668.244347030562,4216.034722222221
2023-04-29 13:00:00,13,0,5,True,-0.06583333333333334,42.72222222222222,-0.7288888888888888,38.0,484.5388888888889,60.01097161944445,13.478333333333333,13.708888888888888,42.72222222222222,38.0,-0.06583333333333334,0.0,80.72222222222223,80.6563888888889,484.5388888888889,60.01097161944445,80.6563888888889,0.0,0.5868340566666631,52.924982794218856,0.0,0.7844444444444444,45.553470919324575,0.35734167187825716,0.12,0.08,0,,42.72222222222222,0.0,80.6563888888889,21.36111111111111,8474.791666666664,20668.244347030562,4237.395833333332
2023-04-29 14:00:00,14,0,5,True,-0.07055555555555555,38.044444444444444,-0.7316666666666666,37.99166666666667,485.30555555555554,60.002694255555554,14.007222222222223,14.209166666666667,38.044444444444444,37.99166666666667,-0.07055555555555555,0.0,76.03611111111111,75.96555555555555,485.30555555555554,60.002694255555554,75.96555555555555,0.0,0.5967668933333357,50.03470573192562,0.0,0.7844444444444444,45.23452157598499,0.3548396914738378,0.12,0.08,0,,38.044444444444444,0.0,75.96555555555555,19.022222222222222,8512.836111111108,20668.244347030562,4256.418055555554
2023-04-29 15:00:00,15,0,5,True,-0.0811111111111111,30.980555555555554,-0.7530555555555556,38.0,484.3666666666667,60.01133292777778,14.6525,14.740277777777777,30.980555555555554,38.0,-0.0811111111111111,0.0,68.98055555555555,68.89944444444444,484.3666666666667,60.01133292777778,68.89944444444444,0.0,0.5864004866666647,44.91201224177506,0.0,0.7844444444444444,44.52157598499062,0.3492470293933708,0.12,0.08,0,,30.980555555555554,0.0,68.89944444444444,15.490277777777777,8543.816666666664,20668.244347030562,4271.908333333332
2023-04-29 16:00:00,16,0,5,True,-0.08083333333333333,20.080555555555556,-0.7533333333333334,37.980555555555554,484.60555555555555,59.983695052777776,15.098333333333333,14.893333333333334,20.080555555555556,37.980555555555554,-0.08083333333333333,0.0,58.06111111111111,57.98027777777778,484.60555555555555,59.983695052777776,57.98027777777778,0.0,0.580434063333331,34.58520715720984,0.0,0.7844444444444444,44.54033771106942,0.3493942047112779,0.12,0.08,0,,20.080555555555556,0.0,57.98027777777778,10.040277777777778,8563.89722222222,20668.244347030562,4281.94861111111
2023-04-29 17:00:00,17,0,5,True,-0.095,5.133333333333334,-0.7799999999999999,37.99444444444445,484.5138888888889,60.00213862499999,15.252777777777778,14.815833333333336,5.133333333333334,37.99444444444445,-0.095,0.0,43.12777777777778,43.03277777777778,484.5138888888889,60.00213862499999,43.03277777777778,0.0,0.5974336500000078,11.902614968440037,0.0,0.7844444444444444,43.58348968105066,0.3418882634980196,0.12,0.08,0,,5.133333333333334,0.0,43.03277777777778,2.566666666666667,8569.030555555553,20668.244347030562,4284.515277777777
2023-04-29 18:00:00,18,0,5,True,-0.09472222222222225,0.013888888888888888,-0.7891666666666667,38.0,484.7,59.995472213888895,15.144999999999998,14.81166666666667,0.013888888888888888,38.0,-0.09472222222222225,0.0,38.013888888888886,37.91916666666666,484.7,59.995472213888895,37.91916666666666,0.0,0.5945666566666744,0.03653635367190354,0.0,0.7844444444444444,43.60225140712946,0.3420354388159266,0.18,0.096,0,,0.013888888888888888,0.0,37.91916666666666,0.006944444444444444,8569.044444444442,20668.244347030562,4284.522222222221
2023-04-29 19:00:00,19,0,5,True,-0.09416666666666666,0.0,-0.7813888888888889,38.0,483.72777777777776,59.98919484722223,15.046944444444444,14.797500000000001,0.0,38.0,-0.09416666666666666,0.0,38.0,37.905833333333334,483.72777777777776,59.98919484722223,37.905833333333334,0.0,0.5870338166666755,0.0,0.0,0.7844444444444444,43.63977485928706,0.34232978945174064,0.18,0.096,0,,0.0,0.0,37.905833333333334,0.0,8569.044444444442,20668.244347030562,4284.522222222221
2023-04-29 20:00:00,20,0,5,True,-0.09277777777777779,0.0,-0.7894444444444446,38.0,485.06388888888887,59.99144495833334,14.898888888888893,14.751666666666665,0.0,38.0,-0.09277777777777779,0.0,38.0,37.907222222222224,485.06388888888887,59.99144495833334,37.907222222222224,0.0,0.5897339500000072,0.0,0.0,0.7844444444444444,43.73358348968105,0.3430656660412758,0.18,0.096,0,,0.0,0.0,37.907222222222224,0.0,8569.044444444442,20668.244347030562,4284.522222222221
2023-04-29 21:00:00,21,0,5,True,-0.09944444444444443,0.0,-0.7991666666666666,38.0,486.5722222222222,60.01280498055556,14.7525,14.62611111111111,0.0,38.0,-0.09944444444444443,0.0,38.0,37.900555555555556,486.5722222222222,60.01280498055556,37.900555555555556,0.0,0.5846340233333308,0.0,0.0,0.7844444444444444,43.28330206378987,0.33953345841150717,0.18,0.096,0,,0.0,0.0,37.900555555555556,0.0,8569.044444444442,20668.244347030562,4284.522222222221
2023-04-29 22:00:00,22,0,5,True,-0.08527777777777777,0.0,-0.7872222222222222,38.0,486.5472222222222,60.006805272222216,14.496944444444443,14.501388888888888,0.0,38.0,-0.08527777777777777,0.0,38.0,37.914722222222224,486.5472222222222,60.006805272222216,37.914722222222224,0.0,0.5918336733333405,0.0,0.0,0.7844444444444444,44.24015009380863,0.34703939962476543,0.18,0.096,0,,0.0,0.0,37.914722222222224,0.0,8569.044444444442,20668.244347030562,4284.522222222221
2023-04-29 23:00:00,23,0,5,True,-0.09833333333333336,0.0,-0.7952777777777779,38.0,483.2111111111111,60.025416205555544,14.27277777777778,14.370833333333335,0.0,38.0,-0.09833333333333336,0.0,38.0,37.901666666666664,483.2111111111111,60.025416205555544,37.901666666666664,0.0,0.5695005533333471,0.0,0.0,0.7844444444444444,43.35834896810506,0.34012215968313525,0.12,0.08,0,,0.0,0.0,37.901666666666664,0.0,8569.044444444442,20668.244347030562,4284.522222222221
2023-04-30 00:00:00,0,0,6,True,-0.08166666666666667,0.0,-0.7361111111111112,38.0,480.4583333333333,60.002666627777785,14.011666666666668,14.185277777777774,0.0,38.0,-0.08166666666666667,0.0,38.0,37.91833333333334,480.4583333333333,60.002666627777785,37.91833333333334,0.0,0.5968000466666581,0.0,0.0,0.7844444444444444,44.48405253283302,0.34895267875755676,0.12,0.08,0,,0.0,0.0,37.91833333333334,0.0,8569.044444444442,20668.244347030562,4284.522222222221
2023-04-30 01:00:00,1,0,6,True,-0.08361111111111111,0.0,-0.7369444444444446,37.99722222222222,482.72222222222223,60.00683292777778,13.639999999999999,13.9625,0.0,37.99722222222222,-0.08361111111111111,0.0,37.99722222222222,37.91361111111111,482.72222222222223,60.00683292777778,37.91361111111111,0.0,0.591800486666665,0.0,0.0,0.7844444444444444,44.352720450281424,0.3479224515322076,0.12,0.08,0,,0.0,0.0,37.91361111111111,0.0,8569.044444444442,20668.244347030562,4284.522222222221
2023-04-30 02:00:00,2,0,6,True,-0.07472222222222222,0.0,-0.7424999999999998,37.99722222222222,482.88055555555553,60.002721799999996,13.211944444444443,13.68833333333333,0.0,37.99722222222222,-0.07472222222222222,0.0,37.99722222222222,37.9225,482.88055555555553,60.002721799999996,37.9225,0.0,0.5967338400000045,0.0,0.0,0.7844444444444444,44.953095684803,0.3526320617052324,0.12,0.08,0,,0.0,0.0,37.9225,0.0,8569.044444444442,20668.244347030562,4284.522222222221
2023-04-30 03:00:00,3,0,6,True,-0.08166666666666668,0.0,-0.7438888888888889,38.0,483.9888888888889,60.00305525833333,12.821944444444446,13.502777777777778,0.0,38.0,-0.08166666666666668,0.0,38.0,37.91833333333334,483.9888888888889,60.00305525833333,37.91833333333334,0.0,0.5963336900000001,0.0,0.0,0.7844444444444444,44.48405253283302,0.34895267875755676,0.12,0.08,0,,0.0,0.0,37.91833333333334,0.0,8569.044444444442,20668.244347030562,4284.522222222221
2023-04-30 04:00:00,4,0,6,True,-0.0775,0.0,-0.7397222222222223,38.0,481.8277777777778,59.986361291666675,12.445833333333333,13.316944444444445,0.0,38.0,-0.0775,0.0,38.0,37.9225,481.8277777777778,59.986361291666675,37.9225,0.0,0.5836335500000104,0.0,0.0,0.7844444444444444,44.76547842401501,0.35116030852616215,0.12,0.08,0,,0.0,0.0,37.9225,0.0,8569.044444444442,20668.244347030562,4284.522222222221
2023-04-30 05:00:00,5,0,6,True,-0.07555555555555557,0.19722222222222222,-0.7408333333333335,38.0,485.4555555555556,60.005750055555545,12.099722222222224,13.1025,0.19722222222222222,38.0,-0.07555555555555557,0.0,38.19722222222222,38.12166666666667,485.4555555555556,60.005750055555545,38.12166666666667,0.0,0.593099933333346,0.5163260853756091,0.0,0.7844444444444444,44.8968105065666,0.3521905357515113,0.12,0.08,0,,0.19722222222222222,0.0,38.12166666666667,0.09861111111111111,8569.241666666665,20668.244347030562,4284.6208333333325
2023-04-30 06:00:00,6,0,6,True,-0.05694444444444444,5.838888888888889,-0.7188888888888889,38.0,485.725,59.9923335,11.782222222222224,12.918611111111113,5.838888888888889,38.0,-0.05694444444444444,0.0,43.83888888888889,43.78194444444444,485.725,59.9923335,43.78194444444444,0.0,0.590800200000001,13.318970979597008,0.0,0.7844444444444444,46.15384615384615,0.362051282051282,0.18,0.096,0,,5.838888888888889,0.0,43.78194444444444,2.9194444444444443,8575.080555555554,20668.244347030562,4287.540277777777
2023-04-30 07:00:00,7,0,6,True,-0.07361111111111111,17.07777777777778,-0.7447222222222223,37.99444444444445,485.1138888888889,60.007749677777774,11.569444444444441,12.800277777777776,17.07777777777778,37.99444444444445,-0.07361111111111111,0.0,55.07222222222222,54.99861111111111,485.1138888888889,60.007749677777774,54.99861111111111,0.0,0.5907003866666712,31.00978513063654,0.0,0.7844444444444444,45.0281425891182,0.3532207629768605,0.18,0.096,0,,17.07777777777778,0.0,54.99861111111111,8.53888888888889,8592.158333333333,20668.244347030562,4296.079166666666
2023-04-30 08:00:00,8,0,6,True,-0.06805555555555555,27.627777777777776,-0.7138888888888889,37.99722222222222,485.27777777777777,60.01319376666666,11.5,12.774722222222222,27.627777777777776,37.99722222222222,-0.06805555555555555,0.0,65.625,65.55694444444444,485.27777777777777,60.01319376666666,65.55694444444444,0.0,0.5841674800000077,42.099470899470894,0.0,0.7844444444444444,45.40337711069419,0.35616426933500106,0.18,0.096,0,,27.627777777777776,0.0,65.55694444444444,13.813888888888888,8619.78611111111,20668.244347030562,4309.893055555555
2023-04-30 09:00:00,9,0,6,True,-0.058611111111111114,36.09722222222222,-0.6925,37.99722222222222,485.27777777777777,60.011304977777776,11.657499999999999,12.79361111111111,36.09722222222222,37.99722222222222,-0.058611111111111114,0.0,74.09444444444443,74.03583333333333,485.27777777777777,60.011304977777776,74.03583333333333,0.0,0.5864340266666687,48.71785259053761,0.0,0.7844444444444444,46.04127579737336,0.36116823014383986,0.18,0.096,0,,36.09722222222222,0.0,74.03583333333333,18.04861111111111,8655.883333333333,20668.244347030562,4327.941666666667
2023-04-30 10:00:00,10,0,6,True,-0.07305555555555555,41.24166666666667,-0.7355555555555556,37.99722222222222,484.1694444444444,59.995250355555555,12.261111111111111,12.969444444444445,41.24166666666667,37.99722222222222,-0.07305555555555555,0.0,79.23888888888888,79.16583333333332,484.1694444444444,59.995250355555555,79.16583333333332,0.0,0.5943004266666662,52.047255135665715,0.0,0.7844444444444444,45.0656660412758,0.35351511361267457,0.18,0.096,0,,41.24166666666667,0.0,79.16583333333332,20.620833333333334,8697.125,20668.244347030562,4348.5625
2023-04-30 11:00:00,11,0,6,True,-0.07194444444444444,38.486111111111114,-0.7308333333333334,37.99444444444445,483.46666666666664,59.991583544444445,13.009444444444444,13.430833333333334,38.486111111111114,37.99444444444445,-0.07194444444444444,0.0,76.48055555555555,76.40861111111111,483.46666666666664,59.991583544444445,76.40861111111111,0.0,0.5899002533333345,50.321432462862745,0.0,0.7844444444444444,45.14071294559099,0.3541038148843026,0.12,0.08,0,,38.486111111111114,0.0,76.40861111111111,19.243055555555557,8735.611111111111,20668.244347030562,4367.805555555556
2023-04-30 12:00:00,12,0,6,True,-0.07361111111111111,41.041666666666664,-0.7400000000000001,37.99166666666667,482.6972222222222,59.984278361111116,13.687777777777777,13.789444444444444,41.041666666666664,37.99166666666667,-0.07361111111111111,0.0,79.03333333333333,78.95972222222223,482.6972222222222,59.984278361111116,78.95972222222223,0.0,0.581134033333339,51.92956558414171,0.0,0.7844444444444444,45.0281425891182,0.3532207629768605,0.12,0.08,0,,41.041666666666664,0.0,78.95972222222223,20.520833333333332,8776.652777777777,20668.244347030562,4388.326388888889
2023-04-30 13:00:00,13,0,6,True,-0.06777777777777777,33.33611111111111,-0.7350000000000001,37.986111111111114,482.7916666666667,59.97280585277778,14.23638888888889,14.174444444444445,33.33611111111111,37.986111111111114,-0.06777777777777777,0.0,71.32222222222222,71.25444444444445,482.7916666666667,59.97280585277778,71.25444444444445,0.0,0.5673670233333382,46.74014644025549,0.0,0.7844444444444444,45.42213883677299,0.35631144465290804,0.12,0.08,0,,33.33611111111111,0.0,71.25444444444445,16.668055555555554,8809.988888888889,20668.244347030562,4404.9944444444445
2023-04-30 14:00:00,14,0,6,True,-0.08166666666666668,41.705555555555556,-0.7486111111111111,37.96388888888889,480.6388888888889,59.97361140000001,14.690833333333332,14.61361111111111,41.705555555555556,37.96388888888889,-0.08166666666666668,0.0,79.66944444444445,79.58777777777779,480.6388888888889,59.97361140000001,79.58777777777779,0.0,0.5683336800000119,52.34824448240995,0.0,0.7844444444444444,44.48405253283302,0.34895267875755676,0.12,0.08,0,,41.705555555555556,0.0,79.58777777777779,20.852777777777778,8851.694444444445,20668.244347030562,4425.847222222223
2023-04-30 15:00:00,15,0,6,True,-0.10166666666666667,33.172222222222224,-0.8125,37.96944444444444,481.84444444444443,59.97400034166668,15.351944444444444,15.145277777777778,33.172222222222224,37.96944444444444,-0.10166666666666667,0.0,71.14166666666667,71.03999999999999,481.84444444444443,59.97400034166668,71.03999999999999,0.0,0.5688004100000171,46.628401858576396,0.0,0.7844444444444444,43.133208255159474,0.33835605586825096,0.12,0.08,0,,33.172222222222224,0.0,71.03999999999999,16.586111111111112,8884.866666666667,20668.244347030562,4442.433333333333
2023-04-30 16:00:00,16,0,6,True,-0.09388888888888888,17.761111111111113,-0.7786111111111111,37.980555555555554,482.76944444444445,59.9995278,15.812777777777779,15.359444444444446,17.761111111111113,37.980555555555554,-0.09388888888888888,0.0,55.74166666666667,55.647777777777776,482.76944444444445,59.9995278,55.647777777777776,0.0,0.5994333600000032,31.863258085413865,0.0,0.7844444444444444,43.65853658536585,0.3424769647696477,0.12,0.08,0,,17.761111111111113,0.0,55.647777777777776,8.880555555555556,8902.627777777778,20668.244347030562,4451.313888888889
2023-04-30 17:00:00,17,0,6,True,-0.10361111111111114,9.516666666666667,-0.7941666666666666,37.986111111111114,484.98333333333335,59.99013921666667,15.980555555555556,15.360833333333336,9.516666666666667,37.986111111111114,-0.10361111111111114,0.0,47.50277777777778,47.399166666666666,484.98333333333335,59.99013921666667,47.399166666666666,0.0,0.5881670600000035,20.033916145254665,0.0,0.7844444444444444,43.00187617260788,0.3373258286429018,0.12,0.08,0,,9.516666666666667,0.0,47.399166666666666,4.758333333333334,8912.144444444444,20668.244347030562,4456.072222222222
2023-04-30 18:00:00,18,0,6,True,-0.10666666666666669,1.1805555555555556,-0.8136111111111111,37.99722222222222,484.6222222222222,59.999222575000005,15.998611111111112,15.375555555555557,1.1805555555555556,37.99722222222222,-0.10666666666666669,0.0,39.17777777777778,39.07111111111111,484.6222222222222,59.999222575000005,39.07111111111111,0.0,0.5990670900000055,3.01332955190017,0.0,0.7844444444444444,42.795497185741084,0.33570690014592447,0.18,0.096,0,,1.1805555555555556,0.0,39.07111111111111,0.5902777777777778,8913.324999999999,20668.244347030562,4456.662499999999
2023-04-30 19:00:00,19,0,6,True,-0.1111111111111111,0.0,-0.8133333333333332,38.0,482.64444444444445,60.001222130555554,15.878611111111114,15.335,0.0,38.0,-0.1111111111111111,0.0,38.0,37.888888888888886,482.64444444444445,60.001222130555554,37.888888888888886,0.0,0.5985334433333349,0.0,0.0,0.7844444444444444,42.4953095684803,0.3333520950594121,0.18,0.096,0,,0.0,0.0,37.888888888888886,0.0,8913.324999999999,20668.244347030562,4456.662499999999
2023-04-30 20:00:00,20,0,6,True,-0.11805555555555555,0.0,-0.8258333333333332,37.98888888888889,484.6611111111111,60.00849994444444,15.74111111111111,15.246666666666664,0.0,37.98888888888889,-0.11805555555555555,0.0,37.98888888888889,37.87083333333333,484.6611111111111,60.00849994444444,37.87083333333333,0.0,0.5898000666666746,0.0,0.0,0.7844444444444444,42.02626641651032,0.32967271211173643,0.18,0.096,0,,0.0,0.0,37.87083333333333,0.0,8913.324999999999,20668.244347030562,4456.662499999999
2023-04-30 21:00:00,21,0,6,True,-0.1213888888888889,0.0,-0.8369444444444445,38.0,487.89722222222224,60.02969419999999,15.520833333333334,15.147499999999996,0.0,38.0,-0.1213888888888889,0.0,38.0,37.87861111111111,487.89722222222224,60.02969419999999,37.87861111111111,0.0,0.5643669600000152,0.0,0.0,0.7844444444444444,41.80112570356473,0.3279066082968522,0.18,0.096,0,,0.0,0.0,37.87861111111111,0.0,8913.324999999999,20668.244347030562,4456.662499999999
2023-04-30 22:00:00,22,0,6,True,-0.11305555555555556,0.0,-0.8116666666666666,38.0,487.69444444444446,60.025610799999995,15.282222222222224,15.030277777777776,0.0,38.0,-0.11305555555555556,0.0,38.0,37.886944444444445,487.69444444444446,60.025610799999995,37.886944444444445,0.0,0.5692670400000054,0.0,0.0,0.7844444444444444,42.36397748592871,0.3323218678340629,0.18,0.096,0,,0.0,0.0,37.886944444444445,0.0,8913.324999999999,20668.244347030562,4456.662499999999
2023-04-30 23:00:00,23,0,6,True,-0.09749999999999999,0.0,-0.7830555555555555,38.0,481.23333333333335,60.01502784444445,15.105277777777777,14.872222222222222,0.0,38.0,-0.09749999999999999,0.0,38.0,37.9025,481.23333333333335,60.01502784444445,37.9025,0.0,0.5819665866666639,0.0,0.0,0.7844444444444444,43.41463414634146,0.34056368563685635,0.12,0.08,0,,0.0,0.0,37.9025,0.0,8913.324999999999,20668.244347030562,4456.662499999999
