timestamp,hour,minute,day_of_week,is_weekend,Battery_Active_Power,PVPCS_Active_Power,GE_Active_Power,FC_Active_Power,MG-LV-MSB_AC_Voltage,MG-LV-MSB_Frequency,Inlet_Temperature_of_Chilled_Water,Outlet_Temperature,solar_generation_kw,fuel_cell_generation_kw,battery_power_kw,total_consumption_kw,total_generation_kw,net_balance_kw,grid_voltage_v,grid_frequency_hz,grid_export_kw,grid_import_kw,grid_stability_index,renewable_pct,grid_load_pct,storage_network_capacity_kwh,current_soc_pct,storage_available_energy_kwh,import_rate_usd_per_kwh,export_rate_usd_per_kwh,outage_zones_count,outage_zones_list,solar_generation_kwh,total_consumption_kwh,net_balance_kwh,carbon_offset_kg,cumulative_solar_kwh,cumulative_consumption_kwh,cumulative_carbon_offset_kg
2023-05-01 00:00:00,0,0,0,False,-0.09416666666666668,0.0,-0.775,37.99722222222222,482.7861111111111,60.00927731388889,14.827499999999999,14.742777777777777,0.0,37.99722222222222,-0.09416666666666668,0,37.99722222222222,37.903055555555554,482.7861111111111,60.00927731388889,37.903055555555554,0.0,0.5888672233333352,0.0,0.0,0.9777777777777777,44.53225806451613,0.43542652329749104,0.12,0.08,0,,0.0,0.0,37.903055555555554,0.0,0.0,0.0,0.0
2023-05-01 01:00:00,1,0,0,False,-0.09333333333333332,0.0,-0.7758333333333332,38.0,483.8833333333333,60.019388336111106,14.549722222222222,14.569166666666666,0.0,38.0,-0.09333333333333332,0,38.0,37.906666666666666,483.8833333333333,60.019388336111106,37.906666666666666,0.0,0.5767339966666725,0.0,0.0,0.9777777777777777,44.58064516129032,0.4358996415770609,0.12,0.08,0,,0.0,0.0,37.906666666666666,0.0,0.0,0.0,0.0
2023-05-01 02:00:00,2,0,0,False,-0.09472222222222222,0.0,-0.7627777777777779,38.0,484.4861111111111,60.007444422222214,14.252500000000001,14.442222222222224,0.0,38.0,-0.09472222222222222,0,38.0,37.905277777777776,484.4861111111111,60.007444422222214,37.905277777777776,0.0,0.591066693333343,0.0,0.0,0.9777777777777777,44.5,0.4351111111111111,0.12,0.08,0,,0.0,0.0,37.905277777777776,0.0,0.0,0.0,0.0
2023-05-01 03:00:00,3,0,0,False,-0.08083333333333334,0.0,-0.7505555555555556,37.99444444444445,483.4972222222222,59.99533366944445,13.949444444444445,14.242499999999998,0.0,37.99444444444445,-0.08083333333333334,0,37.99444444444445,37.913611111111116,483.4972222222222,59.99533366944445,37.913611111111116,0.0,0.5944004033333385,0.0,0.0,0.9777777777777777,45.306451612903224,0.44299641577060933,0.12,0.08,0,,0.0,0.0,37.913611111111116,0.0,0.0,0.0,0.0
2023-05-01 04:00:00,4,0,0,False,-0.08277777777777777,0.0,-0.7780555555555556,38.0,481.6722222222222,60.003166436111115,13.613888888888889,14.082777777777777,0.0,38.0,-0.08277777777777777,0,38.0,37.91722222222222,481.6722222222222,60.003166436111115,37.91722222222222,0.0,0.5962002766666614,0.0,0.0,0.9777777777777777,45.193548387096776,0.44189247311827956,0.12,0.08,0,,0.0,0.0,37.91722222222222,0.0,0.0,0.0,0.0
2023-05-01 05:00:00,5,0,0,False,-0.08972222222222222,0.1388888888888889,-0.7652777777777777,38.0,486.21666666666664,59.994416761111104,13.259444444444444,13.886666666666668,0.1388888888888889,38.0,-0.08972222222222222,0,38.138888888888886,38.049166666666665,486.21666666666664,59.994416761111104,38.049166666666665,0.0,0.5933001133333249,0.36416605972323385,0.0,0.9777777777777777,44.79032258064516,0.43794982078853045,0.12,0.08,0,,0.1388888888888889,0.0,38.049166666666665,0.06944444444444445,0.1388888888888889,0.0,0.06944444444444445
2023-05-01 06:00:00,6,0,0,False,-0.08055555555555556,4.15,-0.771388888888889,38.0,485.85,59.98661163611112,12.934722222222222,13.742777777777778,4.15,38.0,-0.08055555555555556,0,42.15,42.06944444444444,485.85,59.98661163611112,42.06944444444444,0.0,0.5839339633333452,9.84578884934757,0.0,0.9777777777777777,45.32258064516129,0.4431541218637992,0.18,0.096,0,,4.15,0.0,42.06944444444444,2.075,4.28888888888889,0.0,2.144444444444445
2023-05-01 07:00:00,7,0,0,False,-0.07166666666666668,17.580555555555556,-0.7247222222222222,37.99444444444445,487.0027777777778,60.008610569444436,12.703611111111112,13.600555555555552,17.580555555555556,37.99444444444445,-0.07166666666666668,0,55.575,55.50333333333334,487.0027777777778,60.008610569444436,55.50333333333334,0.0,0.5896673166666773,31.633928125156196,0.0,0.9777777777777777,45.83870967741935,0.4482007168458781,0.18,0.096,0,,17.580555555555556,0.0,55.50333333333334,8.790277777777778,21.869444444444447,0.0,10.934722222222224
2023-05-01 08:00:00,8,0,0,False,-0.0825,28.219444444444445,-0.7769444444444445,38.0,485.40833333333336,60.01769378333332,12.550555555555553,13.504166666666666,28.219444444444445,38.0,-0.0825,0,66.21944444444445,66.13694444444445,485.40833333333336,60.01769378333332,66.13694444444445,0.0,0.5787674600000144,42.615042577289316,0.0,0.9777777777777777,45.20967741935484,0.4420501792114695,0.18,0.096,0,,28.219444444444445,0.0,66.13694444444445,14.109722222222222,50.08888888888889,0.0,25.044444444444444
2023-05-01 09:00:00,9,0,0,False,-0.07555555555555557,36.12222222222222,-0.7450000000000001,38.0,483.97222222222223,59.98877810833334,12.620277777777776,13.496666666666664,36.12222222222222,38.0,-0.07555555555555557,0,74.12222222222222,74.04666666666667,483.97222222222223,59.98877810833334,74.04666666666667,0.0,0.5865337300000106,48.73332333982911,0.0,0.9777777777777777,45.61290322580645,0.4459928315412186,0.18,0.096,0,,36.12222222222222,0.0,74.04666666666667,18.06111111111111,86.21111111111111,0.0,43.105555555555554
2023-05-01 10:00:00,10,0,0,False,-0.07027777777777779,40.138888888888886,-0.7219444444444444,38.0,484.775,60.01122154722222,13.137222222222224,13.62,40.138888888888886,38.0,-0.07027777777777779,0,78.13888888888889,78.06861111111111,484.775,60.01122154722222,78.06861111111111,0.0,0.5865341433333355,51.36864557412015,0.0,0.9777777777777777,45.91935483870968,0.448989247311828,0.18,0.096,0,,40.138888888888886,0.0,78.06861111111111,20.069444444444443,126.35,0.0,63.175
2023-05-01 11:00:00,11,0,0,False,-0.08888888888888889,43.41388888888889,-0.7644444444444446,37.99166666666667,484.1611111111111,60.00519416944444,13.798055555555557,14.009166666666667,43.41388888888889,37.99166666666667,-0.08888888888888889,0,81.40555555555557,81.31666666666668,484.1611111111111,60.00519416944444,81.31666666666668,0.0,0.593766996666676,53.33037603221184,0.0,0.9777777777777777,44.83870967741935,0.4384229390681003,0.12,0.08,0,,43.41388888888889,0.0,81.31666666666668,21.706944444444446,169.76388888888889,0.0,84.88194444444444
2023-05-01 12:00:00,12,0,0,False,-0.08194444444444444,43.31111111111111,-0.7475,37.99444444444445,483.1361111111111,59.995417066666676,14.568055555555556,14.458611111111109,43.31111111111111,37.99444444444445,-0.08194444444444444,0,81.30555555555556,81.22361111111111,483.1361111111111,59.995417066666676,81.22361111111111,0.0,0.5945004800000105,53.269559275708914,0.0,0.9777777777777777,45.24193548387097,0.4423655913978494,0.12,0.08,0,,43.31111111111111,0.0,81.22361111111111,21.655555555555555,213.075,0.0,106.5375
2023-05-01 13:00:00,13,0,0,False,-0.09138888888888891,40.952777777777776,-0.7444444444444445,37.986111111111114,483.2388888888889,59.990945297222225,15.26361111111111,14.992222222222221,40.952777777777776,37.986111111111114,-0.09138888888888891,0,78.9388888888889,78.84750000000001,483.2388888888889,59.990945297222225,78.84750000000001,0.0,0.5891343566666706,51.87909071715109,0.0,0.9777777777777777,44.693548387096776,0.4370035842293907,0.12,0.08,0,,40.952777777777776,0.0,78.84750000000001,20.476388888888888,254.02777777777777,0.0,127.01388888888889
2023-05-01 14:00:00,14,0,0,False,-0.08527777777777779,30.869444444444444,-0.7761111111111111,37.96944444444444,483.10833333333335,59.99022289444445,15.851944444444447,15.503888888888888,30.869444444444444,37.96944444444444,-0.08527777777777779,0,68.83888888888889,68.75361111111111,483.10833333333335,59.99022289444445,68.75361111111111,0.0,0.5882674733333403,44.84303123234606,0.0,0.9777777777777777,45.04838709677419,0.44047311827956986,0.12,0.08,0,,30.869444444444444,0.0,68.75361111111111,15.434722222222222,284.89722222222224,0.0,142.44861111111112
2023-05-01 15:00:00,15,0,0,False,-0.09611111111111112,19.183333333333334,-0.768888888888889,37.99722222222222,482.75555555555553,59.99127799722223,16.228611205555556,15.766666666666667,19.183333333333334,37.99722222222222,-0.09611111111111112,0,57.18055555555556,57.08444444444444,482.75555555555553,59.99127799722223,57.08444444444444,0.0,0.589533596666672,33.54870051008015,0.0,0.9777777777777777,44.41935483870968,0.43432258064516127,0.12,0.08,0,,19.183333333333334,0.0,57.08444444444444,9.591666666666667,304.0805555555556,0.0,152.0402777777778
2023-05-01 16:00:00,16,0,0,False,-0.10750000000000001,16.380555555555556,-0.7919444444444446,37.99722222222222,482.9972222222222,60.00572212777778,16.607500180555554,15.981666666666666,16.380555555555556,37.99722222222222,-0.10750000000000001,0,54.37777777777778,54.27027777777778,482.9972222222222,60.00572212777778,54.27027777777778,0.0,0.5931334466666641,30.123620760114427,0.0,0.9777777777777777,43.75806451612903,0.42785663082437275,0.12,0.08,0,,16.380555555555556,0.0,54.27027777777778,8.190277777777778,320.4611111111111,0.0,160.23055555555555
2023-05-01 17:00:00,17,0,0,False,-0.10916666666666666,8.297222222222222,-0.8138888888888889,37.99722222222222,485.7916666666667,60.00080550555556,16.85527733055556,16.059166666666666,8.297222222222222,37.99722222222222,-0.10916666666666666,0,46.294444444444444,46.18527777777778,485.7916666666667,60.00080550555556,46.18527777777778,0.0,0.5990333933333261,17.922716908676346,0.0,0.9777777777777777,43.66129032258065,0.426910394265233,0.12,0.08,0,,8.297222222222222,0.0,46.18527777777778,4.148611111111111,328.7583333333333,0.0,164.37916666666666
2023-05-01 18:00:00,18,0,0,False,-0.11888888888888888,0.44166666666666665,-0.8141666666666667,38.0,486.40277777777777,60.00488865833333,16.849443938888893,16.089444444444442,0.44166666666666665,38.0,-0.11888888888888888,0,38.44166666666667,38.32277777777778,486.40277777777777,60.00488865833333,38.32277777777778,0.0,0.5941336100000058,1.148926945588554,0.0,0.9777777777777777,43.096774193548384,0.4213906810035842,0.18,0.096,0,,0.44166666666666665,0.0,38.32277777777778,0.22083333333333333,329.2,0.0,164.6
2023-05-01 19:00:00,19,0,0,False,-0.11722222222222223,0.0,-0.825,38.0,484.3361111111111,60.02230501111111,16.70111113333333,16.02388888888889,0.0,38.0,-0.11722222222222223,0,38.0,37.882777777777775,484.3361111111111,60.02230501111111,37.882777777777775,0.0,0.5732339866666706,0.0,0.0,0.9777777777777777,43.193548387096776,0.422336917562724,0.18,0.096,0,,0.0,0.0,37.882777777777775,0.0,329.2,0.0,164.6
2023-05-01 20:00:00,20,0,0,False,-0.12388888888888891,0.0,-0.8322222222222223,37.99722222222222,486.3027777777778,60.014999100000004,16.456944372222225,15.873888888888892,0.0,37.99722222222222,-0.12388888888888891,0,37.99722222222222,37.87333333333333,486.3027777777778,60.014999100000004,37.87333333333333,0.0,0.5820010799999948,0.0,0.0,0.9777777777777777,42.806451612903224,0.41855197132616484,0.18,0.096,0,,0.0,0.0,37.87333333333333,0.0,329.2,0.0,164.6
2023-05-01 21:00:00,21,0,0,False,-0.12472222222222223,0.0,-0.8347222222222223,38.0,485.7472222222222,60.00841591666667,16.125833297222222,15.708888888888888,0.0,38.0,-0.12472222222222223,0,38.0,37.875277777777775,485.7472222222222,60.00841591666667,37.875277777777775,0.0,0.589900899999995,0.0,0.0,0.9777777777777777,42.75806451612903,0.4180788530465949,0.18,0.096,0,,0.0,0.0,37.875277777777775,0.0,329.2,0.0,164.6
2023-05-01 22:00:00,22,0,0,False,-0.12222222222222222,0.0,-0.8486111111111111,37.99722222222222,487.35555555555555,60.007083305555554,15.866388888888894,15.490277777777777,0.0,37.99722222222222,-0.12222222222222222,0,37.99722222222222,37.875,487.35555555555555,60.007083305555554,37.875,0.0,0.5915000333333352,0.0,0.0,0.9777777777777777,42.903225806451616,0.4194982078853047,0.18,0.096,0,,0.0,0.0,37.875,0.0,329.2,0.0,164.6
2023-05-01 23:00:00,23,0,0,False,-0.10972222222222222,0.0,-0.7897222222222222,38.0,481.84444444444443,60.00711073055555,15.570277777777775,15.32388888888889,0.0,38.0,-0.10972222222222222,0,38.0,37.890277777777776,481.84444444444443,60.00711073055555,37.890277777777776,0.0,0.5914671233333365,0.0,0.0,0.9777777777777777,43.62903225806451,0.42659498207885305,0.12,0.08,0,,0.0,0.0,37.890277777777776,0.0,329.2,0.0,164.6
2023-05-02 00:00:00,0,0,1,False,-0.10527777777777778,0.0,-0.7941666666666666,37.983333333333334,484.39166666666665,59.99130604166667,15.231944444444444,15.131944444444441,0.0,37.983333333333334,-0.10527777777777778,0,37.983333333333334,37.878055555555555,484.39166666666665,59.99130604166667,37.878055555555555,0.0,0.5895672500000018,0.0,0.0,0.9777777777777777,43.88709677419355,0.4291182795698925,0.12,0.08,0,,0.0,0.0,37.878055555555555,0.0,329.2,0.0,164.6
2023-05-02 01:00:00,1,0,1,False,-0.10472222222222223,0.0,-0.8105555555555555,38.0,485.78055555555557,59.9971112638889,14.903055555555557,14.95916666666667,0.0,38.0,-0.10472222222222223,0,38.0,37.89527777777778,485.78055555555557,59.9971112638889,37.89527777777778,0.0,0.5965335166666762,0.0,0.0,0.9777777777777777,43.91935483870968,0.4294336917562724,0.12,0.08,0,,0.0,0.0,37.89527777777778,0.0,329.2,0.0,164.6
2023-05-02 02:00:00,2,0,1,False,-0.10222222222222223,0.0,-0.81,38.0,486.84722222222223,59.99941680277779,14.560833333333333,14.76222222222222,0.0,38.0,-0.10222222222222223,0,38.0,37.897777777777776,486.84722222222223,59.99941680277779,37.897777777777776,0.0,0.5993001633333449,0.0,0.0,0.9777777777777777,44.064516129032256,0.430853046594982,0.12,0.08,0,,0.0,0.0,37.897777777777776,0.0,329.2,0.0,164.6
2023-05-02 03:00:00,3,0,1,False,-0.08805555555555554,0.0,-0.7555555555555555,38.0,485.5722222222222,59.974833736111115,14.13888888888889,14.483888888888892,0.0,38.0,-0.08805555555555554,0,38.0,37.911944444444444,485.5722222222222,59.974833736111115,37.911944444444444,0.0,0.5698004833333385,0.0,0.0,0.9777777777777777,44.88709677419355,0.4388960573476703,0.12,0.08,0,,0.0,0.0,37.911944444444444,0.0,329.2,0.0,164.6
2023-05-02 04:00:00,4,0,1,False,-0.08833333333333332,0.0,-0.7775,38.0,483.06944444444446,59.97905595555556,13.705277777777777,14.232222222222221,0.0,38.0,-0.08833333333333332,0,38.0,37.91166666666667,483.06944444444446,59.97905595555556,37.91166666666667,0.0,0.5748671466666707,0.0,0.0,0.9777777777777777,44.87096774193549,0.4387383512544803,0.12,0.08,0,,0.0,0.0,37.91166666666667,0.0,329.2,0.0,164.6
2023-05-02 05:00:00,5,0,1,False,-0.08,0.16666666666666666,-0.7352777777777779,38.0,481.7861111111111,59.99436143611111,13.270277777777778,14.000833333333334,0.16666666666666666,38.0,-0.08,0,38.166666666666664,38.086666666666666,481.7861111111111,59.99436143611111,38.086666666666666,0.0,0.5932337233333357,0.43668122270742354,0.0,0.9777777777777777,45.354838709677416,0.44346953405017914,0.12,0.08,0,,0.16666666666666666,0.0,38.086666666666666,0.08333333333333333,329.3666666666667,0.0,164.68333333333334
2023-05-02 06:00:00,6,0,1,False,-0.08888888888888889,6.291666666666667,-0.7794444444444445,38.0,483.2583333333333,59.98694452777779,12.88027777777778,13.780555555555555,6.291666666666667,38.0,-0.08888888888888889,0,44.291666666666664,44.202777777777776,483.2583333333333,59.98694452777779,44.202777777777776,0.0,0.5843334333333444,14.20507996237065,0.0,0.9777777777777777,44.83870967741935,0.4384229390681003,0.18,0.096,0,,6.291666666666667,0.0,44.202777777777776,3.1458333333333335,335.65833333333336,0.0,167.82916666666668
2023-05-02 07:00:00,7,0,1,False,-0.07916666666666666,18.072222222222223,-0.7522222222222221,38.0,482.85277777777776,59.99911115555555,12.633055555555554,13.65222222222222,18.072222222222223,38.0,-0.07916666666666666,0,56.07222222222222,55.99305555555556,482.85277777777776,59.99911115555555,55.99305555555556,0.0,0.5989333866666641,32.230258595065884,0.0,0.9777777777777777,45.403225806451616,0.4439426523297491,0.18,0.096,0,,18.072222222222223,0.0,55.99305555555556,9.036111111111111,353.7305555555556,0.0,176.8652777777778
2023-05-02 08:00:00,8,0,1,False,-0.08083333333333334,28.747222222222224,-0.75,37.99166666666667,482.2972222222222,59.99083378888889,12.505833333333335,13.595555555555553,28.747222222222224,37.99166666666667,-0.08083333333333334,0,66.7388888888889,66.65805555555556,482.2972222222222,59.99083378888889,66.65805555555556,0.0,0.5890005466666707,43.07416964954632,0.0,0.9777777777777777,45.306451612903224,0.44299641577060933,0.18,0.096,0,,28.747222222222224,0.0,66.65805555555556,14.373611111111112,382.4777777777778,0.0,191.2388888888889
2023-05-02 09:00:00,9,0,1,False,-0.07916666666666666,36.12777777777778,-0.7336111111111112,38.0,480.02777777777777,59.983806,12.663611111111111,13.60138888888889,36.12777777777778,38.0,-0.07916666666666666,0,74.12777777777778,74.04861111111111,480.02777777777777,59.983806,74.04861111111111,0.0,0.5805672000000015,48.73716555497264,0.0,0.9777777777777777,45.403225806451616,0.4439426523297491,0.18,0.096,0,,36.12777777777778,0.0,74.04861111111111,18.06388888888889,418.6055555555556,0.0,209.3027777777778
2023-05-02 10:00:00,10,0,1,False,-0.07916666666666666,40.43888888888889,-0.7411111111111112,37.99722222222222,480.10555555555555,59.98361166111111,13.360555555555553,13.818888888888889,40.43888888888889,37.99722222222222,-0.07916666666666666,0,78.4361111111111,78.35694444444444,480.10555555555555,59.98361166111111,78.35694444444444,0.0,0.5803339933333348,51.55646846336368,0.0,0.9777777777777777,45.403225806451616,0.4439426523297491,0.18,0.096,0,,40.43888888888889,0.0,78.35694444444444,20.219444444444445,459.0444444444445,0.0,229.52222222222224
2023-05-02 11:00:00,11,0,1,False,-0.075,43.047222222222224,-0.7522222222222222,37.43611111111111,481.50555555555553,59.995611455555554,14.19361111111111,14.303333333333331,43.047222222222224,37.43611111111111,-0.075,0,80.48333333333333,80.40833333333333,481.50555555555553,59.995611455555554,80.40833333333333,0.0,0.5947337466666652,53.485883895906674,0.0,0.9777777777777777,45.645161290322584,0.4463082437275986,0.12,0.08,0,,43.047222222222224,0.0,80.40833333333333,21.523611111111112,502.0916666666667,0.0,251.04583333333335
2023-05-02 12:00:00,12,0,1,False,-0.09,42.775,-0.7694444444444445,37.05,480.55555555555554,59.98727846388889,15.129722222222222,14.867499999999998,42.775,37.05,-0.09,0,79.82499999999999,79.73499999999999,480.55555555555554,59.98727846388889,79.73499999999999,0.0,0.58473415666667,53.58596930786095,0.0,0.9777777777777777,44.774193548387096,0.4377921146953405,0.12,0.08,0,,42.775,0.0,79.73499999999999,21.3875,544.8666666666667,0.0,272.43333333333334
2023-05-02 13:00:00,13,0,1,False,-0.0911111111111111,40.294444444444444,-0.773888888888889,37.03611111111111,480.625,59.992861622222236,15.98972221388889,15.507222222222223,40.294444444444444,37.03611111111111,-0.0911111111111111,0,77.33055555555555,77.23944444444444,480.625,59.992861622222236,77.23944444444444,0.0,0.5914339466666831,52.106756708215094,0.0,0.9777777777777777,44.70967741935484,0.4371612903225806,0.12,0.08,0,,40.294444444444444,0.0,77.23944444444444,20.147222222222222,585.1611111111112,0.0,292.5805555555556
2023-05-02 14:00:00,14,0,1,False,-0.09861111111111111,36.105555555555554,-0.7780555555555555,37.00555555555555,479.75,60.0008333,16.650833294444446,16.081944416666666,36.105555555555554,37.00555555555555,-0.09861111111111111,0,73.11111111111111,73.0125,479.75,60.0008333,73.0125,0.0,0.5990000400000042,49.38449848024315,0.0,0.9777777777777777,44.274193548387096,0.43290322580645163,0.12,0.08,0,,36.105555555555554,0.0,73.0125,18.052777777777777,621.2666666666667,0.0,310.6333333333333
2023-05-02 15:00:00,15,0,1,False,-0.11083333333333335,28.788888888888888,-0.7986111111111112,37.0,480.2361111111111,59.99758327777777,17.312777827777776,16.57944439166667,28.788888888888888,37.0,-0.11083333333333335,0,65.78888888888889,65.67805555555556,480.2361111111111,59.99758327777777,65.67805555555556,0.0,0.5970999333333253,43.75950008444519,0.0,0.9777777777777777,43.564516129032256,0.42596415770609314,0.12,0.08,0,,28.788888888888888,0.0,65.67805555555556,14.394444444444444,650.0555555555555,0.0,325.02777777777777
2023-05-02 16:00:00,16,0,1,False,-0.11555555555555556,17.79722222222222,-0.8172222222222222,37.00277777777778,480.40833333333336,60.00547195277777,17.890833344444445,16.882222011111114,17.79722222222222,37.00277777777778,-0.11555555555555556,0,54.8,54.684444444444445,480.40833333333336,60.00547195277777,54.684444444444445,0.0,0.5934336566666786,32.476682887266826,0.0,0.9777777777777777,43.29032258064516,0.42328315412186374,0.12,0.08,0,,17.79722222222222,0.0,54.684444444444445,8.89861111111111,667.8527777777778,0.0,333.9263888888889
2023-05-02 17:00:00,17,0,1,False,-0.12861111111111112,6.969444444444444,-0.8622222222222221,37.00277777777778,484.2055555555556,60.00094438888888,18.259166450000002,17.010555555555552,6.969444444444444,37.00277777777778,-0.12861111111111112,0,43.97222222222222,43.84361111111111,484.2055555555556,60.00094438888888,43.84361111111111,0.0,0.598866733333341,15.849652558433355,0.0,0.9777777777777777,42.53225806451613,0.41587096774193544,0.12,0.08,0,,6.969444444444444,0.0,43.84361111111111,3.484722222222222,674.8222222222222,0.0,337.4111111111111
2023-05-02 18:00:00,18,0,1,False,-0.13861111111111113,-0.25833333333333336,-0.8924999999999998,37.025,485.8222222222222,60.00405533055556,18.39194436388889,17.1355559,0.0,37.025,-0.13861111111111113,0,37.025,36.88638888888889,485.8222222222222,60.00405533055556,36.88638888888889,0.0,0.5951336033333291,0.0,0.0,0.9777777777777777,41.95161290322581,0.4101935483870968,0.18,0.096,0,,0.0,0.0,36.88638888888889,0.0,674.8222222222222,0.0,337.4111111111111
2023-05-02 19:00:00,19,0,1,False,-0.1388888888888889,-0.09166666666666666,-0.8838888888888888,37.26111111111111,485.6166666666667,60.00591612777778,18.400000000000002,17.203334141666666,0.0,37.26111111111111,-0.1388888888888889,0,37.26111111111111,37.12222222222223,485.6166666666667,60.00591612777778,37.12222222222223,0.0,0.5929006466666635,0.0,0.0,0.9777777777777777,41.935483870967744,0.4100358422939068,0.18,0.096,0,,0.0,0.0,37.12222222222223,0.0,674.8222222222222,0.0,337.4111111111111
2023-05-02 20:00:00,20,0,1,False,-0.14777777777777779,0.0,-0.8969444444444444,37.15277777777778,485.5416666666667,60.0105274388889,18.343332791666672,17.137500377777773,0.0,37.15277777777778,-0.14777777777777779,0,37.15277777777778,37.005,485.5416666666667,60.0105274388889,37.005,0.0,0.58736707333332,0.0,0.0,0.9777777777777777,41.41935483870968,0.404989247311828,0.18,0.096,0,,0.0,0.0,37.005,0.0,674.8222222222222,0.0,337.4111111111111
2023-05-02 21:00:00,21,0,1,False,-0.14583333333333334,0.0,-0.903611111111111,37.12777777777778,485.22777777777776,60.01488824166666,18.14833353055555,17.016666666666666,0.0,37.12777777777778,-0.14583333333333334,0,37.12777777777778,36.981944444444444,485.22777777777776,60.01488824166666,36.981944444444444,0.0,0.5821341100000069,0.0,0.0,0.9777777777777777,41.53225806451613,0.40609318996415766,0.18,0.096,0,,0.0,0.0,36.981944444444444,0.0,674.8222222222222,0.0,337.4111111111111
2023-05-02 22:00:00,22,0,1,False,-0.14833333333333332,0.0,-0.9038888888888889,37.047222222222224,483.7583333333333,60.00069428333334,17.88166647222222,16.800555208333336,0.0,37.047222222222224,-0.14833333333333332,0,37.047222222222224,36.89888888888889,483.7583333333333,60.00069428333334,36.89888888888889,0.0,0.599166859999994,0.0,0.0,0.9777777777777777,41.38709677419355,0.404673835125448,0.18,0.096,0,,0.0,0.0,36.89888888888889,0.0,674.8222222222222,0.0,337.4111111111111
2023-05-02 23:00:00,23,0,1,False,-0.13555555555555554,0.0,-0.8461111111111111,37.044444444444444,484.5083333333333,60.00061096388888,17.49916680277778,16.528333413888888,0.0,37.044444444444444,-0.13555555555555554,0,37.044444444444444,36.90888888888889,484.5083333333333,60.00061096388888,36.90888888888889,0.0,0.599266843333342,0.0,0.0,0.9777777777777777,42.12903225806452,0.4119283154121864,0.12,0.08,0,,0.0,0.0,36.90888888888889,0.0,674.8222222222222,0.0,337.4111111111111
2023-05-03 00:00:00,0,0,2,False,-0.1322222222222222,0.0,-0.8491666666666666,37.077777777777776,482.0527777777778,60.01738842499999,17.2725,16.303055377777778,0.0,37.077777777777776,-0.1322222222222222,0,37.077777777777776,36.94555555555555,482.0527777777778,60.01738842499999,36.94555555555555,0.0,0.5791338900000085,0.0,0.0,0.9777777777777777,42.32258064516129,0.41382078853046594,0.12,0.08,0,,0.0,0.0,36.94555555555555,0.0,674.8222222222222,0.0,337.4111111111111
2023-05-03 01:00:00,1,0,2,False,-0.12055555555555557,0.0,-0.8341666666666665,37.07222222222222,482.48055555555555,59.99897233888888,16.94583304166667,16.071666752777773,0.0,37.07222222222222,-0.12055555555555557,0,37.07222222222222,36.95166666666667,482.48055555555555,59.99897233888888,36.95166666666667,0.0,0.59876680666666,0.0,0.0,0.9777777777777777,43.0,0.4204444444444444,0.12,0.08,0,,0.0,0.0,36.95166666666667,0.0,674.8222222222222,0.0,337.4111111111111
2023-05-03 02:00:00,2,0,2,False,-0.12416666666666668,0.0,-0.825,37.06388888888889,482.6333333333333,59.99202815833333,16.56388910833333,15.841944444444445,0.0,37.06388888888889,-0.12416666666666668,0,37.06388888888889,36.93972222222222,482.6333333333333,59.99202815833333,36.93972222222222,0.0,0.5904337900000002,0.0,0.0,0.9777777777777777,42.79032258064516,0.4183942652329749,0.12,0.08,0,,0.0,0.0,36.93972222222222,0.0,674.8222222222222,0.0,337.4111111111111
2023-05-03 03:00:00,3,0,2,False,-0.11583333333333334,0.0,-0.8166666666666667,37.40277777777778,482.7361111111111,59.993556055555565,16.183055572222223,15.606111111111108,0.0,37.40277777777778,-0.11583333333333334,0,37.40277777777778,37.286944444444444,482.7361111111111,59.993556055555565,37.286944444444444,0.0,0.5922672666666784,0.0,0.0,0.9777777777777777,43.274193548387096,0.4231254480286738,0.12,0.08,0,,0.0,0.0,37.286944444444444,0.0,674.8222222222222,0.0,337.4111111111111
2023-05-03 04:00:00,4,0,2,False,-0.09777777777777778,0.0,-0.8077777777777778,37.81388888888889,481.7138888888889,59.98747288888889,15.771666666666665,15.353888888888887,0.0,37.81388888888889,-0.09777777777777778,0,37.81388888888889,37.71611111111111,481.7138888888889,59.98747288888889,37.71611111111111,0.0,0.5849674666666658,0.0,0.0,0.9777777777777777,44.32258064516129,0.43337634408602144,0.12,0.08,0,,0.0,0.0,37.71611111111111,0.0,674.8222222222222,0.0,337.4111111111111
2023-05-03 05:00:00,5,0,2,False,-0.10555555555555556,0.0,-0.8116666666666666,37.65833333333333,482.4972222222222,60.00230593333333,15.326666666666668,15.120833333333334,0.0,37.65833333333333,-0.10555555555555556,0,37.65833333333333,37.55277777777778,482.4972222222222,60.00230593333333,37.55277777777778,0.0,0.5972328800000014,0.0,0.0,0.9777777777777777,43.87096774193549,0.4289605734767025,0.12,0.08,0,,0.0,0.0,37.55277777777778,0.0,674.8222222222222,0.0,337.4111111111111
2023-05-03 06:00:00,6,0,2,False,-0.095,0.0,-0.7566666666666666,37.46944444444444,481.65277777777777,59.99897243055556,14.952222222222225,14.905000000000003,0.0,37.46944444444444,-0.095,0,37.46944444444444,37.37444444444444,481.65277777777777,59.99897243055556,37.37444444444444,0.0,0.5987669166666734,0.0,0.0,0.9777777777777777,44.483870967741936,0.4349534050179211,0.18,0.096,0,,0.0,0.0,37.37444444444444,0.0,674.8222222222222,0.0,337.4111111111111
2023-05-03 07:00:00,7,0,2,False,-0.09611111111111112,0.0,-0.7577777777777778,37.23888888888889,480.26666666666665,59.98600026944445,14.769166666666669,14.835555555555558,0.0,37.23888888888889,-0.09611111111111112,0,37.23888888888889,37.14277777777777,480.26666666666665,59.98600026944445,37.14277777777777,0.0,0.5832003233333438,0.0,0.0,0.9777777777777777,44.41935483870968,0.43432258064516127,0.18,0.096,0,,0.0,0.0,37.14277777777777,0.0,674.8222222222222,0.0,337.4111111111111
2023-05-03 08:00:00,8,0,2,False,-0.09027777777777778,-0.030555555555555555,-0.7566666666666666,37.18333333333333,482.15,60.000277580555554,14.788055555555557,14.884444444444448,0.0,37.18333333333333,-0.09027777777777778,0,37.18333333333333,37.09305555555555,482.15,60.000277580555554,37.09305555555555,0.0,0.5996669033333347,0.0,0.0,0.9777777777777777,44.75806451612903,0.4376344086021505,0.18,0.096,0,,0.0,0.0,37.09305555555555,0.0,674.8222222222222,0.0,337.4111111111111
2023-05-03 09:00:00,9,0,2,False,-0.10138888888888889,-0.1,-0.7994444444444445,37.06111111111111,485.23055555555555,59.995222558333346,15.007222222222223,15.015555555555554,0.0,37.06111111111111,-0.10138888888888889,0,37.06111111111111,36.95972222222222,485.23055555555555,59.995222558333346,36.95972222222222,0.0,0.594267070000015,0.0,0.0,0.9777777777777777,44.11290322580645,0.43132616487455194,0.18,0.096,0,,0.0,0.0,36.95972222222222,0.0,674.8222222222222,0.0,337.4111111111111
2023-05-03 10:00:00,10,0,2,False,-0.09388888888888888,-0.13333333333333333,-0.7733333333333334,37.0,484.06666666666666,60.00138881666666,15.764722288888889,15.316388888888891,0.0,37.0,-0.09388888888888888,0,37.0,36.90611111111111,484.06666666666666,60.00138881666666,36.90611111111111,0.0,0.5983334200000058,0.0,0.0,0.9777777777777777,44.54838709677419,0.435584229390681,0.18,0.096,0,,0.0,0.0,36.90611111111111,0.0,674.8222222222222,0.0,337.4111111111111
2023-05-03 11:00:00,11,0,2,False,-0.095,-0.1638888888888889,-0.775,37.0,481.90277777777777,59.99866680277778,16.702499941666666,15.88583333888889,0.0,37.0,-0.095,0,37.0,36.905,481.90277777777777,59.99866680277778,36.905,0.0,0.5984001633333321,0.0,0.0,0.9777777777777777,44.483870967741936,0.4349534050179211,0.12,0.08,0,,0.0,0.0,36.905,0.0,674.8222222222222,0.0,337.4111111111111
2023-05-03 12:00:00,12,0,2,False,-0.11416666666666667,-0.2111111111111111,-0.8397222222222223,37.0,482.43333333333334,60.00736066944444,17.65416674722222,16.48861105,0.0,37.0,-0.11416666666666667,0,37.0,36.88583333333333,482.43333333333334,60.00736066944444,36.88583333333333,0.0,0.5911671966666745,0.0,0.0,0.9777777777777777,43.37096774193548,0.4240716845878136,0.12,0.08,0,,0.0,0.0,36.88583333333333,0.0,674.8222222222222,0.0,337.4111111111111
2023-05-03 13:00:00,13,0,2,False,-0.11944444444444445,-0.3611111111111111,-0.8258333333333334,37.0,482.31944444444446,59.99333394166667,18.617222244444445,17.24249996944444,0.0,37.0,-0.11944444444444445,0,37.0,36.88055555555555,482.31944444444446,59.99333394166667,36.88055555555555,0.0,0.5920007300000037,0.0,0.0,0.9777777777777777,43.064516129032256,0.42107526881720425,0.12,0.08,0,,0.0,0.0,36.88055555555555,0.0,674.8222222222222,0.0,337.4111111111111
2023-05-03 14:00:00,14,0,2,False,-0.13694444444444442,-0.475,-0.8775000000000001,37.0,482.25555555555553,59.98527827222223,19.336388936111113,17.871388933333336,0.0,37.0,-0.13694444444444442,0,37.0,36.863055555555555,482.25555555555553,59.98527827222223,36.863055555555555,0.0,0.5823339266666778,0.0,0.0,0.9777777777777777,42.04838709677419,0.41113978494623654,0.12,0.08,0,,0.0,0.0,36.863055555555555,0.0,674.8222222222222,0.0,337.4111111111111
2023-05-03 15:00:00,15,0,2,False,-0.13833333333333334,-0.5277777777777778,-0.8980555555555554,37.0,483.7138888888889,59.992778397222224,20.066666719444445,18.459722291666665,0.0,37.0,-0.13833333333333334,0,37.0,36.861666666666665,483.7138888888889,59.992778397222224,36.861666666666665,0.0,0.5913340766666693,0.0,0.0,0.9777777777777777,41.96774193548387,0.4103512544802867,0.12,0.08,0,,0.0,0.0,36.861666666666665,0.0,674.8222222222222,0.0,337.4111111111111
2023-05-03 16:00:00,16,0,2,False,-0.15611111111111112,-0.5666666666666667,-0.9080555555555555,37.0,484.625,59.99138946944444,20.629166752777778,18.717222877777775,0.0,37.0,-0.15611111111111112,0,37.0,36.84388888888889,484.625,59.99138946944444,36.84388888888889,0.0,0.5896673633333307,0.0,0.0,0.9777777777777777,40.935483870967744,0.40025806451612905,0.12,0.08,0,,0.0,0.0,36.84388888888889,0.0,674.8222222222222,0.0,337.4111111111111
2023-05-03 17:00:00,17,0,2,False,-0.1613888888888889,-0.5666666666666667,-0.9158333333333335,37.0,485.4166666666667,59.992944650000005,20.969166555555557,18.820832788888893,0.0,37.0,-0.1613888888888889,0,37.0,36.83861111111111,485.4166666666667,59.992944650000005,36.83861111111111,0.0,0.5915335800000064,0.0,0.0,0.9777777777777777,40.62903225806451,0.39726164874551967,0.12,0.08,0,,0.0,0.0,36.83861111111111,0.0,674.8222222222222,0.0,337.4111111111111
2023-05-03 18:00:00,18,0,2,False,-0.1688888888888889,-0.23055555555555557,-0.9575000000000001,37.0,485.94166666666666,59.987889458333335,21.156667216666666,18.915833325,0.0,37.0,-0.1688888888888889,0,37.0,36.83111111111111,485.94166666666666,59.987889458333335,36.83111111111111,0.0,0.5854673500000018,0.0,0.0,0.9777777777777777,40.193548387096776,0.3930035842293907,0.18,0.096,0,,0.0,0.0,36.83111111111111,0.0,674.8222222222222,0.0,337.4111111111111
2023-05-03 19:00:00,19,0,2,False,-0.18500000000000003,0.0,-0.9794444444444446,37.044444444444444,485.1138888888889,60.01980485,21.203612038888885,18.88055533888889,0.0,37.044444444444444,-0.18500000000000003,0,37.044444444444444,36.85944444444444,485.1138888888889,60.01980485,36.85944444444444,0.0,0.5762341800000002,0.0,0.0,0.9777777777777777,39.25806451612903,0.38385663082437277,0.18,0.096,0,,0.0,0.0,36.85944444444444,0.0,674.8222222222222,0.0,337.4111111111111
2023-05-03 20:00:00,20,0,2,False,-0.17777777777777778,0.0,-0.9380555555555554,37.34722222222222,484.1722222222222,60.02411061388888,21.088889094444443,18.73555578611111,0.0,37.34722222222222,-0.17777777777777778,0,37.34722222222222,37.169444444444444,484.1722222222222,60.02411061388888,37.169444444444444,0.0,0.5710672633333445,0.0,0.0,0.9777777777777777,39.67741935483871,0.3879569892473118,0.18,0.096,0,,0.0,0.0,37.169444444444444,0.0,674.8222222222222,0.0,337.4111111111111
2023-05-03 21:00:00,21,0,2,False,-0.1713888888888889,0.0,-0.961388888888889,37.022222222222226,483.96666666666664,60.02669412777777,20.918055422222224,18.531944466666666,0.0,37.022222222222226,-0.1713888888888889,0,37.022222222222226,36.850833333333334,483.96666666666664,60.02669412777777,36.850833333333334,0.0,0.5679670466666721,0.0,0.0,0.9777777777777777,40.04838709677419,0.39158422939068094,0.18,0.096,0,,0.0,0.0,36.850833333333334,0.0,674.8222222222222,0.0,337.4111111111111
2023-05-03 22:00:00,22,0,2,False,-0.18944444444444442,0.0,-0.9947222222222223,37.013888888888886,483.9555555555556,60.016749705555554,20.764444197222222,18.37583306388889,0.0,37.013888888888886,-0.18944444444444442,0,37.013888888888886,36.82444444444444,483.9555555555556,60.016749705555554,36.82444444444444,0.0,0.5799003533333348,0.0,0.0,0.9777777777777777,39.0,0.38133333333333336,0.18,0.096,0,,0.0,0.0,36.82444444444444,0.0,674.8222222222222,0.0,337.4111111111111
2023-05-03 23:00:00,23,0,2,False,-0.16722222222222224,0.0,-0.9275,37.05,484.06388888888887,60.01244433055555,20.66361174444444,18.176389077777777,0.0,37.05,-0.16722222222222224,0,37.05,36.882777777777775,484.06388888888887,60.01244433055555,36.882777777777775,0.0,0.5850668033333363,0.0,0.0,0.9777777777777777,40.29032258064516,0.39394982078853047,0.12,0.08,0,,0.0,0.0,36.882777777777775,0.0,674.8222222222222,0.0,337.4111111111111
2023-05-04 00:00:00,0,0,3,False,-0.16472222222222224,0.0,-0.9380555555555554,37.147222222222226,484.8333333333333,59.99238892222222,20.405000044444442,17.963888766666667,0.0,37.147222222222226,-0.16472222222222224,0,37.147222222222226,36.9825,484.8333333333333,59.99238892222222,36.9825,0.0,0.5908667066666623,0.0,0.0,0.9777777777777777,40.435483870967744,0.3953691756272401,0.12,0.08,0,,0.0,0.0,36.9825,0.0,674.8222222222222,0.0,337.4111111111111
2023-05-04 01:00:00,1,0,3,False,-0.16166666666666668,0.0,-0.9325,37.17777777777778,483.90833333333336,59.991361452777774,20.10611131111111,17.68666691111111,0.0,37.17777777777778,-0.16166666666666668,0,37.17777777777778,37.01611111111111,483.90833333333336,59.991361452777774,37.01611111111111,0.0,0.5896337433333286,0.0,0.0,0.9777777777777777,40.61290322580645,0.3971039426523297,0.12,0.08,0,,0.0,0.0,37.01611111111111,0.0,674.8222222222222,0.0,337.4111111111111
2023-05-04 02:00:00,2,0,3,False,-0.1525,0.0,-0.9011111111111111,37.047222222222224,484.8833333333333,60.011804999999995,19.801944530555552,17.432777669444445,0.0,37.047222222222224,-0.1525,0,37.047222222222224,36.89472222222222,484.8833333333333,60.011804999999995,36.89472222222222,0.0,0.5858340000000055,0.0,0.0,0.9777777777777777,41.14516129032258,0.4023082437275985,0.12,0.08,0,,0.0,0.0,36.89472222222222,0.0,674.8222222222222,0.0,337.4111111111111
2023-05-04 03:00:00,3,0,3,False,-0.14472222222222222,0.0,-0.9094444444444445,37.06944444444444,485.68611111111113,59.99513925277778,19.453610955555558,17.188611227777777,0.0,37.06944444444444,-0.14472222222222222,0,37.06944444444444,36.92472222222222,485.68611111111113,59.99513925277778,36.92472222222222,0.0,0.5941671033333392,0.0,0.0,0.9777777777777777,41.596774193548384,0.4067240143369175,0.12,0.08,0,,0.0,0.0,36.92472222222222,0.0,674.8222222222222,0.0,337.4111111111111
2023-05-04 04:00:00,4,0,3,False,-0.13944444444444445,0.0,-0.8713888888888889,37.013888888888886,485.3222222222222,59.999388894444444,19.065000152777777,16.929444213888893,0.0,37.013888888888886,-0.13944444444444445,0,37.013888888888886,36.87444444444444,485.3222222222222,59.999388894444444,36.87444444444444,0.0,0.5992666733333323,0.0,0.0,0.9777777777777777,41.903225806451616,0.4097204301075269,0.12,0.08,0,,0.0,0.0,36.87444444444444,0.0,674.8222222222222,0.0,337.4111111111111
2023-05-04 05:00:00,5,0,3,False,-0.13861111111111113,0.0,-0.8858333333333333,37.01111111111111,487.7111111111111,60.01311084444444,18.623611252777774,16.666944455555555,0.0,37.01111111111111,-0.13861111111111113,0,37.01111111111111,36.8725,487.7111111111111,60.01311084444444,36.8725,0.0,0.5842669866666711,0.0,0.0,0.9777777777777777,41.95161290322581,0.4101935483870968,0.12,0.08,0,,0.0,0.0,36.8725,0.0,674.8222222222222,0.0,337.4111111111111
2023-05-04 06:00:00,6,0,3,False,-0.1338888888888889,0.0,-0.8680555555555556,37.09444444444444,487.22222222222223,59.992944541666674,18.228888827777777,16.43583333055556,0.0,37.09444444444444,-0.1338888888888889,0,37.09444444444444,36.96055555555555,487.22222222222223,59.992944541666674,36.96055555555555,0.0,0.5915334500000086,0.0,0.0,0.9777777777777777,42.225806451612904,0.4128745519713261,0.18,0.096,0,,0.0,0.0,36.96055555555555,0.0,674.8222222222222,0.0,337.4111111111111
2023-05-04 07:00:00,7,0,3,False,-0.13194444444444445,-0.06666666666666667,-0.8361111111111111,37.12777777777778,484.68888888888887,59.976528325000004,18.023333333333333,16.39444438888889,0.0,37.12777777777778,-0.13194444444444445,0,37.12777777777778,36.99583333333334,484.68888888888887,59.976528325000004,36.99583333333334,0.0,0.5718339900000046,0.0,0.0,0.9777777777777777,42.33870967741935,0.4139784946236559,0.18,0.096,0,,0.0,0.0,36.99583333333334,0.0,674.8222222222222,0.0,337.4111111111111
2023-05-04 08:00:00,8,0,3,False,-0.12166666666666666,-0.225,-0.8283333333333333,37.00277777777778,481.21944444444443,59.98077848333333,18.01833333333333,16.43416666666667,0.0,37.00277777777778,-0.12166666666666666,0,37.00277777777778,36.88111111111111,481.21944444444443,59.98077848333333,36.88111111111111,0.0,0.5769341799999977,0.0,0.0,0.9777777777777777,42.935483870967744,0.4198136200716846,0.18,0.096,0,,0.0,0.0,36.88111111111111,0.0,674.8222222222222,0.0,337.4111111111111
2023-05-04 09:00:00,9,0,3,False,-0.12694444444444444,-0.23055555555555557,-0.8425,37.0,482.64166666666665,59.97875064166668,18.273888947222222,16.638055708333333,0.0,37.0,-0.12694444444444444,0,37.0,36.87305555555555,482.64166666666665,59.97875064166668,36.87305555555555,0.0,0.5745007700000144,0.0,0.0,0.9777777777777777,42.62903225806451,0.4168172043010752,0.18,0.096,0,,0.0,0.0,36.87305555555555,0.0,674.8222222222222,0.0,337.4111111111111
2023-05-04 10:00:00,10,0,3,False,-0.15055555555555555,-0.25833333333333336,-0.8927777777777777,37.0,482.15833333333336,60.00063879166666,19.08194446111111,16.969999736111113,0.0,37.0,-0.15055555555555555,0,37.0,36.849444444444444,482.15833333333336,60.00063879166666,36.849444444444444,0.0,0.5992334500000084,0.0,0.0,0.9777777777777777,41.25806451612903,0.4034121863799283,0.18,0.096,0,,0.0,0.0,36.849444444444444,0.0,674.8222222222222,0.0,337.4111111111111
2023-05-04 11:00:00,11,0,3,False,-0.13694444444444445,-0.3888888888888889,-0.8705555555555555,37.0,482.56666666666666,60.00486073888889,19.98694446388889,17.54416663055556,0.0,37.0,-0.13694444444444445,0,37.0,36.863055555555555,482.56666666666666,60.00486073888889,36.863055555555555,0.0,0.5941671133333358,0.0,0.0,0.9777777777777777,42.04838709677419,0.41113978494623654,0.12,0.08,0,,0.0,0.0,36.863055555555555,0.0,674.8222222222222,0.0,337.4111111111111
2023-05-04 12:00:00,12,0,3,False,-0.15000000000000002,-0.5694444444444444,-0.9041666666666667,37.0,482.35555555555555,59.992417016666664,20.800000111111107,18.15388888611111,0.0,37.0,-0.15000000000000002,0,37.0,36.85,482.35555555555555,59.992417016666664,36.85,0.0,0.590900419999997,0.0,0.0,0.9777777777777777,41.29032258064516,0.40372759856630824,0.12,0.08,0,,0.0,0.0,36.85,0.0,674.8222222222222,0.0,337.4111111111111
2023-05-04 13:00:00,13,0,3,False,-0.15805555555555556,-0.575,-0.9208333333333333,36.99444444444445,481.1166666666667,59.987778352777774,21.55638883888889,18.736111100000002,0.0,36.99444444444445,-0.15805555555555556,0,36.99444444444445,36.83638888888889,481.1166666666667,59.987778352777774,36.83638888888889,0.0,0.5853340233333284,0.0,0.0,0.9777777777777777,40.82258064516129,0.3991541218637992,0.12,0.08,0,,0.0,0.0,36.83638888888889,0.0,674.8222222222222,0.0,337.4111111111111
2023-05-04 14:00:00,14,0,3,False,-0.16111111111111112,-0.5694444444444444,-0.9241666666666668,37.0,480.85,59.99711132222221,22.129999952777776,19.236944416666667,0.0,37.0,-0.16111111111111112,0,37.0,36.83888888888889,480.85,59.99711132222221,36.83888888888889,0.0,0.5965335866666521,0.0,0.0,0.9777777777777777,40.64516129032258,0.39741935483870966,0.12,0.08,0,,0.0,0.0,36.83888888888889,0.0,674.8222222222222,0.0,337.4111111111111
2023-05-04 15:00:00,15,0,3,False,-0.1661111111111111,-0.5972222222222222,-0.9311111111111111,37.0,480.0888888888889,60.017416005555546,22.768055641666667,19.670000175000002,0.0,37.0,-0.1661111111111111,0,37.0,36.833888888888886,480.0888888888889,60.017416005555546,36.833888888888886,0.0,0.5791007933333446,0.0,0.0,0.9777777777777777,40.35483870967742,0.3945806451612903,0.12,0.08,0,,0.0,0.0,36.833888888888886,0.0,674.8222222222222,0.0,337.4111111111111
2023-05-04 16:00:00,16,0,3,False,-0.17944444444444446,-0.575,-0.9397222222222221,37.0,479.9166666666667,60.02569395277777,23.296944391666663,19.908055533333336,0.0,37.0,-0.17944444444444446,0,37.0,36.82055555555556,479.9166666666667,60.02569395277777,36.82055555555556,0.0,0.5691672566666739,0.0,0.0,0.9777777777777777,39.58064516129032,0.387010752688172,0.12,0.08,0,,0.0,0.0,36.82055555555556,0.0,674.8222222222222,0.0,337.4111111111111
2023-05-04 17:00:00,17,0,3,False,-0.1980555555555556,-0.5888888888888889,-1.0227777777777778,37.0,483.5416666666667,60.014444452777774,23.634167155555552,19.963611111111113,0.0,37.0,-0.1980555555555556,0,37.0,36.801944444444445,483.5416666666667,60.014444452777774,36.801944444444445,0.0,0.5826666566666716,0.0,0.0,0.9777777777777777,38.5,0.3764444444444444,0.12,0.08,0,,0.0,0.0,36.801944444444445,0.0,674.8222222222222,0.0,337.4111111111111
2023-05-04 18:00:00,18,0,3,False,-0.19527777777777777,-0.4361111111111111,-1.0263888888888888,37.0,484.5083333333333,60.01969368055555,23.754166583333337,19.98833333333333,0.0,37.0,-0.19527777777777777,0,37.0,36.804722222222225,484.5083333333333,60.01969368055555,36.804722222222225,0.0,0.5763675833333423,0.0,0.0,0.9777777777777777,38.66129032258065,0.3780215053763441,0.18,0.096,0,,0.0,0.0,36.804722222222225,0.0,674.8222222222222,0.0,337.4111111111111
2023-05-04 19:00:00,19,0,3,False,-0.20277777777777778,-0.14444444444444443,-0.9983333333333333,37.0,483.5444444444444,60.01044361111111,23.804721269444446,19.922499961111114,0.0,37.0,-0.20277777777777778,0,37.0,36.797222222222224,483.5444444444444,60.01044361111111,36.797222222222224,0.0,0.5874676666666715,0.0,0.0,0.9777777777777777,38.225806451612904,0.37376344086021507,0.18,0.096,0,,0.0,0.0,36.797222222222224,0.0,674.8222222222222,0.0,337.4111111111111
2023-05-04 20:00:00,20,0,3,False,-0.21361111111111114,-0.06388888888888888,-1.0658333333333334,37.0,485.02777777777777,60.01255480277778,23.793332483333334,19.787499641666667,0.0,37.0,-0.21361111111111114,0,37.0,36.78638888888889,485.02777777777777,60.01255480277778,36.78638888888889,0.0,0.5849342366666661,0.0,0.0,0.9777777777777777,37.596774193548384,0.3676129032258064,0.18,0.096,0,,0.0,0.0,36.78638888888889,0.0,674.8222222222222,0.0,337.4111111111111
2023-05-04 21:00:00,21,0,3,False,-0.1952777777777778,0.0,-1.0094444444444444,37.016666666666666,486.46944444444443,60.02466641388889,23.71000075,19.65666724722222,0.0,37.016666666666666,-0.1952777777777778,0,37.016666666666666,36.82138888888889,486.46944444444443,60.02466641388889,36.82138888888889,0.0,0.570400303333335,0.0,0.0,0.9777777777777777,38.66129032258064,0.378021505376344,0.18,0.096,0,,0.0,0.0,36.82138888888889,0.0,674.8222222222222,0.0,337.4111111111111
2023-05-04 22:00:00,22,0,3,False,-0.2002777777777778,0.0,-1.0097222222222222,37.022222222222226,484.1722222222222,60.01516634444443,23.555000180555552,19.41694425555556,0.0,37.022222222222226,-0.2002777777777778,0,37.022222222222226,36.82194444444445,484.1722222222222,60.01516634444443,36.82194444444445,0.0,0.5818003866666828,0.0,0.0,0.9777777777777777,38.37096774193548,0.37518279569892465,0.18,0.096,0,,0.0,0.0,36.82194444444445,0.0,674.8222222222222,0.0,337.4111111111111
2023-05-04 23:00:00,23,0,3,False,-0.19055555555555553,0.0,-0.9858333333333332,37.022222222222226,480.3277777777778,59.99761086111111,23.18222208611111,19.093055783333334,0.0,37.022222222222226,-0.19055555555555553,0,37.022222222222226,36.83166666666667,480.3277777777778,59.99761086111111,36.83166666666667,0.0,0.5971330333333356,0.0,0.0,0.9777777777777777,38.935483870967744,0.3807025089605735,0.12,0.08,0,,0.0,0.0,36.83166666666667,0.0,674.8222222222222,0.0,337.4111111111111
2023-05-05 00:00:00,0,0,4,False,-0.18000000000000002,0.0,-0.986388888888889,37.00277777777778,481.7111111111111,60.00894415,22.752499863888893,18.724166780555556,0.0,37.00277777777778,-0.18000000000000002,0,37.00277777777778,36.82277777777778,481.7111111111111,60.00894415,36.82277777777778,0.0,0.5892670200000026,0.0,0.0,0.9777777777777777,39.54838709677419,0.38669534050179205,0.12,0.08,0,,0.0,0.0,36.82277777777778,0.0,674.8222222222222,0.0,337.4111111111111
2023-05-05 01:00:00,1,0,4,False,-0.1763888888888889,0.0,-0.9641666666666666,37.00833333333333,483.375,60.00155546388889,22.286666713888888,18.34749993333334,0.0,37.00833333333333,-0.1763888888888889,0,37.00833333333333,36.831944444444446,483.375,60.00155546388889,36.831944444444446,0.0,0.5981334433333302,0.0,0.0,0.9777777777777777,39.75806451612903,0.38874551971326166,0.12,0.08,0,,0.0,0.0,36.831944444444446,0.0,674.8222222222222,0.0,337.4111111111111
2023-05-05 02:00:00,2,0,4,False,-0.17361111111111113,0.0,-0.9577777777777776,37.0,483.5472222222222,59.998805644444445,21.784722255555558,17.976388719444444,0.0,37.0,-0.17361111111111113,0,37.0,36.826388888888886,483.5472222222222,59.998805644444445,36.826388888888886,0.0,0.5985667733333343,0.0,0.0,0.9777777777777777,39.91935483870968,0.3903225806451613,0.12,0.08,0,,0.0,0.0,36.826388888888886,0.0,674.8222222222222,0.0,337.4111111111111
2023-05-05 03:00:00,3,0,4,False,-0.15583333333333332,0.0,-0.9163888888888888,37.00277777777778,483.71944444444443,59.995166999999995,21.211388894444443,17.596944752777777,0.0,37.00277777777778,-0.15583333333333332,0,37.00277777777778,36.846944444444446,483.71944444444443,59.995166999999995,36.846944444444446,0.0,0.594200399999994,0.0,0.0,0.9777777777777777,40.95161290322581,0.400415770609319,0.12,0.08,0,,0.0,0.0,36.846944444444446,0.0,674.8222222222222,0.0,337.4111111111111
2023-05-05 04:00:00,4,0,4,False,-0.1463888888888889,0.0,-0.8875,37.00555555555555,480.9138888888889,59.99961147777778,20.656944538888887,17.284444372222225,0.0,37.00555555555555,-0.1463888888888889,0,37.00555555555555,36.85916666666667,480.9138888888889,59.99961147777778,36.85916666666667,0.0,0.59953377333334,0.0,0.0,0.9777777777777777,41.5,0.40577777777777774,0.12,0.08,0,,0.0,0.0,36.85916666666667,0.0,674.8222222222222,0.0,337.4111111111111
2023-05-05 05:00:00,5,0,4,False,-0.14972222222222223,0.0,-0.8772222222222221,37.00277777777778,480.6638888888889,59.995888855555556,20.133333358333335,17.012222211111112,0.0,37.00277777777778,-0.14972222222222223,0,37.00277777777778,36.85305555555556,480.6638888888889,59.995888855555556,36.85305555555556,0.0,0.5950666266666672,0.0,0.0,0.9777777777777777,41.306451612903224,0.4038853046594982,0.12,0.08,0,,0.0,0.0,36.85305555555556,0.0,674.8222222222222,0.0,337.4111111111111
2023-05-05 06:00:00,6,0,4,False,-0.14472222222222225,0.0,-0.8444444444444444,37.041666666666664,478.7055555555556,59.981917325000005,19.634722288888888,16.802499391666668,0.0,37.041666666666664,-0.14472222222222225,0,37.041666666666664,36.89694444444444,478.7055555555556,59.981917325000005,36.89694444444444,0.0,0.5783007900000058,0.0,0.0,0.9777777777777777,41.596774193548384,0.4067240143369175,0.18,0.096,0,,0.0,0.0,36.89694444444444,0.0,674.8222222222222,0.0,337.4111111111111
2023-05-05 07:00:00,7,0,4,False,-0.14111111111111113,-0.06388888888888888,-0.8625,37.022222222222226,478.69444444444446,59.982611875,19.371388600000003,16.771388452777778,0.0,37.022222222222226,-0.14111111111111113,0,37.022222222222226,36.88111111111112,478.69444444444446,59.982611875,36.88111111111112,0.0,0.5791342500000042,0.0,0.0,0.9777777777777777,41.806451612903224,0.40877419354838707,0.18,0.096,0,,0.0,0.0,36.88111111111112,0.0,674.8222222222222,0.0,337.4111111111111
2023-05-05 08:00:00,8,0,4,False,-0.13805555555555557,-0.1638888888888889,-0.8602777777777777,37.013888888888886,479.03333333333336,60.012999883333336,19.321110322222225,16.815554711111115,0.0,37.013888888888886,-0.13805555555555557,0,37.013888888888886,36.87583333333333,479.03333333333336,60.012999883333336,36.87583333333333,0.0,0.5844001399999967,0.0,0.0,0.9777777777777777,41.983870967741936,0.4105089605734767,0.18,0.096,0,,0.0,0.0,36.87583333333333,0.0,674.8222222222222,0.0,337.4111111111111
2023-05-05 09:00:00,9,0,4,False,-0.14527777777777778,-0.2638888888888889,-0.8758333333333332,37.0,479.6222222222222,60.01652728888889,19.519722441666666,16.99111108611111,0.0,37.0,-0.14527777777777778,0,37.0,36.85472222222222,479.6222222222222,60.01652728888889,36.85472222222222,0.0,0.5801672533333345,0.0,0.0,0.9777777777777777,41.564516129032256,0.40640860215053765,0.18,0.096,0,,0.0,0.0,36.85472222222222,0.0,674.8222222222222,0.0,337.4111111111111
2023-05-05 10:00:00,10,0,4,False,-0.12555555555555556,-0.2722222222222222,-0.8258333333333334,37.0,478.22777777777776,60.018054997222215,20.231944444444444,17.315833422222223,0.0,37.0,-0.12555555555555556,0,37.0,36.87444444444444,478.22777777777776,60.018054997222215,36.87444444444444,0.0,0.5783340033333416,0.0,0.0,0.9777777777777777,42.70967741935484,0.4176057347670251,0.18,0.096,0,,0.0,0.0,36.87444444444444,0.0,674.8222222222222,0.0,337.4111111111111
2023-05-05 11:00:00,11,0,4,False,-0.14500000000000002,-0.29444444444444445,-0.8577777777777779,37.0,478.15555555555557,60.00294463333333,21.123333275,17.908333358333334,0.0,37.0,-0.14500000000000002,0,37.0,36.855,478.15555555555557,60.00294463333333,36.855,0.0,0.596466440000006,0.0,0.0,0.9777777777777777,41.58064516129032,0.4065663082437276,0.12,0.08,0,,0.0,0.0,36.855,0.0,674.8222222222222,0.0,337.4111111111111
2023-05-05 12:00:00,12,0,4,False,-0.15111111111111114,-0.3111111111111111,-0.8630555555555556,37.0,476.3027777777778,60.01091654444444,21.915555677777775,18.437222336111112,0.0,37.0,-0.15111111111111114,0,37.0,36.84888888888889,476.3027777777778,60.01091654444444,36.84888888888889,0.0,0.5869001466666702,0.0,0.0,0.9777777777777777,41.225806451612904,0.4030967741935484,0.12,0.08,0,,0.0,0.0,36.84888888888889,0.0,674.8222222222222,0.0,337.4111111111111
2023-05-05 13:00:00,13,0,4,False,-0.15805555555555556,-0.42777777777777776,-0.888611111111111,37.0,476.9166666666667,59.98502773055556,22.600277758333334,18.958055519444443,0.0,37.0,-0.15805555555555556,0,37.0,36.841944444444444,476.9166666666667,59.98502773055556,36.841944444444444,0.0,0.5820332766666695,0.0,0.0,0.9777777777777777,40.82258064516129,0.3991541218637992,0.12,0.08,0,,0.0,0.0,36.841944444444444,0.0,674.8222222222222,0.0,337.4111111111111
2023-05-05 14:00:00,14,0,4,False,-0.16055555555555556,-0.5388888888888889,-0.9033333333333334,37.0,477.0027777777778,60.00372229444444,23.06944434166667,19.377222205555558,0.0,37.0,-0.16055555555555556,0,37.0,36.839444444444446,477.0027777777778,60.00372229444444,36.839444444444446,0.0,0.5955332466666761,0.0,0.0,0.9777777777777777,40.67741935483871,0.39773476702508964,0.12,0.08,0,,0.0,0.0,36.839444444444446,0.0,674.8222222222222,0.0,337.4111111111111
2023-05-05 15:00:00,15,0,4,False,-0.1738888888888889,-0.5472222222222223,-0.9433333333333334,37.0,481.0027777777778,60.020027474999985,23.666666805555558,19.805833427777774,0.0,37.0,-0.1738888888888889,0,37.0,36.82611111111111,481.0027777777778,60.020027474999985,36.82611111111111,0.0,0.575967030000018,0.0,0.0,0.9777777777777777,39.903225806451616,0.39016487455197135,0.12,0.08,0,,0.0,0.0,36.82611111111111,0.0,674.8222222222222,0.0,337.4111111111111
2023-05-05 16:00:00,16,0,4,False,-0.18083333333333332,-0.5722222222222222,-0.9758333333333332,37.0,478.2,60.0073051,24.208333186111112,20.05972222222222,0.0,37.0,-0.18083333333333332,0,37.0,36.81916666666667,478.2,60.0073051,36.81916666666667,0.0,0.5912338799999958,0.0,0.0,0.9777777777777777,39.5,0.38622222222222224,0.12,0.08,0,,0.0,0.0,36.81916666666667,0.0,674.8222222222222,0.0,337.4111111111111
2023-05-05 17:00:00,17,0,4,False,-0.19250000000000003,-0.5527777777777778,-1.0016666666666667,37.0,482.4222222222222,59.99561118611111,24.49527777777778,20.097777780555553,0.0,37.0,-0.19250000000000003,0,37.0,36.8075,482.4222222222222,59.99561118611111,36.8075,0.0,0.594733423333335,0.0,0.0,0.9777777777777777,38.82258064516129,0.3795985663082437,0.12,0.08,0,,0.0,0.0,36.8075,0.0,674.8222222222222,0.0,337.4111111111111
2023-05-05 18:00:00,18,0,4,False,-0.2163888888888889,-0.375,-1.057222222222222,37.0,484.5027777777778,60.008416144444446,24.612500127777775,20.100833352777773,0.0,37.0,-0.2163888888888889,0,37.0,36.783611111111114,484.5027777777778,60.008416144444446,36.783611111111114,0.0,0.5899006266666645,0.0,0.0,0.9777777777777777,37.435483870967744,0.36603584229390684,0.18,0.096,0,,0.0,0.0,36.783611111111114,0.0,674.8222222222222,0.0,337.4111111111111
2023-05-05 19:00:00,19,0,4,False,-0.20361111111111113,-0.1361111111111111,-1.0077777777777777,37.0,481.1166666666667,59.98405613333333,24.64472266944444,20.05388888888889,0.0,37.0,-0.20361111111111113,0,37.0,36.79638888888889,481.1166666666667,59.98405613333333,36.79638888888889,0.0,0.5808673599999992,0.0,0.0,0.9777777777777777,38.177419354838705,0.3732903225806451,0.18,0.096,0,,0.0,0.0,36.79638888888889,0.0,674.8222222222222,0.0,337.4111111111111
2023-05-05 20:00:00,20,0,4,False,-0.21555555555555553,-0.03333333333333333,-1.046111111111111,37.0,482.18888888888887,59.995139055555555,24.576388891666667,19.92666660277778,0.0,37.0,-0.21555555555555553,0,37.0,36.784444444444446,482.18888888888887,59.995139055555555,36.784444444444446,0.0,0.5941668666666657,0.0,0.0,0.9777777777777777,37.483870967741936,0.36650896057347665,0.18,0.096,0,,0.0,0.0,36.784444444444446,0.0,674.8222222222222,0.0,337.4111111111111
2023-05-05 21:00:00,21,0,4,False,-0.2066666666666667,0.0,-1.0294444444444446,37.0,483.5416666666667,60.00133318888889,24.42111096944444,19.749166841666664,0.0,37.0,-0.2066666666666667,0,37.0,36.79333333333334,483.5416666666667,60.00133318888889,36.79333333333334,0.0,0.5984001733333286,0.0,0.0,0.9777777777777777,38.0,0.37155555555555553,0.18,0.096,0,,0.0,0.0,36.79333333333334,0.0,674.8222222222222,0.0,337.4111111111111
2023-05-05 22:00:00,22,0,4,False,-0.21333333333333332,0.0,-1.0527777777777778,37.01111111111111,484.1638888888889,60.02444424722223,24.238610838888892,19.546944625,0.0,37.01111111111111,-0.21333333333333332,0,37.01111111111111,36.79777777777778,484.1638888888889,60.02444424722223,36.79777777777778,0.0,0.570666903333327,0.0,0.0,0.9777777777777777,37.612903225806456,0.3677706093189964,0.18,0.096,0,,0.0,0.0,36.79777777777778,0.0,674.8222222222222,0.0,337.4111111111111
2023-05-05 23:00:00,23,0,4,False,-0.20416666666666666,0.0,-1.026111111111111,37.016666666666666,481.56111111111113,60.012804974999995,23.826111025,19.232777777777777,0.0,37.016666666666666,-0.20416666666666666,0,37.016666666666666,36.8125,481.56111111111113,60.012804974999995,36.8125,0.0,0.5846340300000065,0.0,0.0,0.9777777777777777,38.14516129032258,0.37297491039426517,0.12,0.08,0,,0.0,0.0,36.8125,0.0,674.8222222222222,0.0,337.4111111111111
2023-05-06 00:00:00,0,0,5,True,-0.19611111111111112,0.0,-1.0,37.01111111111111,482.45,60.00802734166667,23.411666563888886,18.880555477777776,0.0,37.01111111111111,-0.19611111111111112,0,37.01111111111111,36.815000000000005,482.45,60.00802734166667,36.815000000000005,0.0,0.5903671899999977,0.0,0.0,0.9777777777777777,38.61290322580645,0.3775483870967742,0.12,0.08,0,,0.0,0.0,36.815000000000005,0.0,674.8222222222222,0.0,337.4111111111111
2023-05-06 01:00:00,1,0,5,True,-0.18333333333333332,0.0,-0.9733333333333333,37.00555555555555,482.5444444444444,60.00052783333334,22.92250009444444,18.527777941666667,0.0,37.00555555555555,-0.18333333333333332,0,37.00555555555555,36.82222222222222,482.5444444444444,60.00052783333334,36.82222222222222,0.0,0.5993665999999962,0.0,0.0,0.9777777777777777,39.35483870967742,0.3848028673835126,0.12,0.08,0,,0.0,0.0,36.82222222222222,0.0,674.8222222222222,0.0,337.4111111111111
2023-05-06 02:00:00,2,0,5,True,-0.1788888888888889,0.0,-0.9830555555555555,37.01111111111111,483.06111111111113,59.986417325000005,22.391388966666668,18.165277666666668,0.0,37.01111111111111,-0.1788888888888889,0,37.01111111111111,36.83222222222222,483.06111111111113,59.986417325000005,36.83222222222222,0.0,0.583700790000006,0.0,0.0,0.9777777777777777,39.61290322580645,0.38732616487455196,0.12,0.08,0,,0.0,0.0,36.83222222222222,0.0,674.8222222222222,0.0,337.4111111111111
2023-05-06 03:00:00,3,0,5,True,-0.1625,0.0,-0.9272222222222221,37.00277777777778,482.94444444444446,59.981167175,21.78972228055555,17.778333416666666,0.0,37.00277777777778,-0.1625,0,37.00277777777778,36.84027777777778,482.94444444444446,59.981167175,36.84027777777778,0.0,0.5774006100000036,0.0,0.0,0.9777777777777777,40.564516129032256,0.3966308243727598,0.12,0.08,0,,0.0,0.0,36.84027777777778,0.0,674.8222222222222,0.0,337.4111111111111
2023-05-06 04:00:00,4,0,5,True,-0.15472222222222223,0.0,-0.8908333333333333,37.0,481.4,59.99341706388889,21.201388883333333,17.462777697222222,0.0,37.0,-0.15472222222222223,0,37.0,36.84527777777778,481.4,59.99341706388889,36.84527777777778,0.0,0.5921004766666698,0.0,0.0,0.9777777777777777,41.016129032258064,0.40104659498207884,0.12,0.08,0,,0.0,0.0,36.84527777777778,0.0,674.8222222222222,0.0,337.4111111111111
2023-05-06 05:00:00,5,0,5,True,-0.15777777777777777,0.0,-0.9116666666666666,37.03888888888889,481.675,59.994250252777775,20.62000001666667,17.169722274999998,0.0,37.03888888888889,-0.15777777777777777,0,37.03888888888889,36.88111111111111,481.675,59.994250252777775,36.88111111111111,0.0,0.5931003033333297,0.0,0.0,0.9777777777777777,40.83870967741936,0.3993118279569893,0.12,0.08,0,,0.0,0.0,36.88111111111111,0.0,674.8222222222222,0.0,337.4111111111111
2023-05-06 06:00:00,6,0,5,True,-0.1527777777777778,0.0,-0.8902777777777777,37.13055555555555,479.10277777777776,59.986416975000004,20.050833280555555,16.903333069444447,0.0,37.13055555555555,-0.1527777777777778,0,37.13055555555555,36.977777777777774,479.10277777777776,59.986416975000004,36.977777777777774,0.0,0.5837003700000053,0.0,0.0,0.9777777777777777,41.12903225806451,0.40215053763440856,0.18,0.096,0,,0.0,0.0,36.977777777777774,0.0,674.8222222222222,0.0,337.4111111111111
2023-05-06 07:00:00,7,0,5,True,-0.135,-0.06666666666666667,-0.8447222222222223,37.0,479.59444444444443,60.01124936944444,19.719722619444443,16.811943563888892,0.0,37.0,-0.135,0,37.0,36.865,479.59444444444443,60.01124936944444,36.865,0.0,0.586500756666669,0.0,0.0,0.9777777777777777,42.16129032258064,0.41224372759856626,0.18,0.096,0,,0.0,0.0,36.865,0.0,674.8222222222222,0.0,337.4111111111111
2023-05-06 08:00:00,8,0,5,True,-0.14944444444444444,-0.19444444444444445,-0.8705555555555555,37.019444444444446,478.775,59.99538933611111,19.614722369444443,16.86916632777778,0.0,37.019444444444446,-0.14944444444444444,0,37.019444444444446,36.870000000000005,478.775,59.99538933611111,36.870000000000005,0.0,0.5944672033333319,0.0,0.0,0.9777777777777777,41.322580645161295,0.40404301075268817,0.18,0.096,0,,0.0,0.0,36.870000000000005,0.0,674.8222222222222,0.0,337.4111111111111
2023-05-06 09:00:00,9,0,5,True,-0.14194444444444446,-0.125,-0.8658333333333333,37.0,482.85555555555555,59.995916750000006,19.711111405555553,17.024166666666662,0.0,37.0,-0.14194444444444446,0,37.0,36.85805555555555,482.85555555555555,59.995916750000006,36.85805555555555,0.0,0.5951001000000076,0.0,0.0,0.9777777777777777,41.75806451612903,0.4083010752688172,0.18,0.096,0,,0.0,0.0,36.85805555555555,0.0,674.8222222222222,0.0,337.4111111111111
2023-05-06 10:00:00,10,0,5,True,-0.14833333333333334,-0.10555555555555556,-0.8827777777777777,37.0,482.10833333333335,59.99511159444445,20.11000006388889,17.2275,0.0,37.0,-0.14833333333333334,0,37.0,36.85166666666667,482.10833333333335,59.99511159444445,36.85166666666667,0.0,0.5941339133333429,0.0,0.0,0.9777777777777777,41.38709677419355,0.404673835125448,0.18,0.096,0,,0.0,0.0,36.85166666666667,0.0,674.8222222222222,0.0,337.4111111111111
2023-05-06 11:00:00,11,0,5,True,-0.15444444444444447,-0.125,-0.8847222222222222,-1.5472222222222223,480.4472222222222,59.98611172777778,20.674722297222225,17.620555594444443,0.0,0.0,-0.15444444444444447,0,0.0,-0.15444444444444447,480.4472222222222,59.98611172777778,0.0,0.15444444444444447,0.5833340733333386,0.0,0.0,0.9777777777777777,41.03225806451613,0.40120430107526883,0.12,0.08,0,,0.0,0.0,-0.15444444444444447,0.0,674.8222222222222,0.0,337.4111111111111
2023-05-06 12:00:00,12,0,5,True,-0.1552777777777778,-0.15833333333333333,-0.9030555555555556,-1.0,479.06388888888887,59.998055505555556,21.378333491666666,18.11555554166667,0.0,0.0,-0.1552777777777778,0,0.0,-0.1552777777777778,479.06388888888887,59.998055505555556,0.0,0.1552777777777778,0.5976666066666666,0.0,0.0,0.9777777777777777,40.983870967741936,0.4007311827956989,0.12,0.08,0,,0.0,0.0,-0.1552777777777778,0.0,674.8222222222222,0.0,337.4111111111111
2023-05-06 13:00:00,13,0,5,True,-0.1613888888888889,-0.20833333333333334,-0.9263888888888889,-1.0,478.9555555555556,60.0081665611111,21.999166730555554,18.543611347222225,0.0,0.0,-0.1613888888888889,0,0.0,-0.1613888888888889,478.9555555555556,60.0081665611111,0.0,0.1613888888888889,0.5902001266666758,0.0,0.0,0.9777777777777777,40.62903225806451,0.39726164874551967,0.12,0.08,0,,0.0,0.0,-0.1613888888888889,0.0,674.8222222222222,0.0,337.4111111111111
2023-05-06 14:00:00,14,0,5,True,-0.15888888888888889,-0.3416666666666667,-0.9130555555555555,-1.0,477.25555555555553,60.0263052861111,22.470277805555554,18.949999933333334,0.0,0.0,-0.15888888888888889,0,0.0,-0.15888888888888889,477.25555555555553,60.0263052861111,0.0,0.15888888888888889,0.5684336566666758,0.0,0.0,0.9777777777777777,40.774193548387096,0.39868100358422937,0.12,0.08,0,,0.0,0.0,-0.15888888888888889,0.0,674.8222222222222,0.0,337.4111111111111
2023-05-06 15:00:00,15,0,5,True,-0.16833333333333333,-0.5055555555555555,-0.9563888888888887,-1.0,480.4472222222222,60.00916646111111,22.943333338888888,19.27666675,0.0,0.0,-0.16833333333333333,0,0.0,-0.16833333333333333,480.4472222222222,60.00916646111111,0.0,0.16833333333333333,0.5890002466666715,0.0,0.0,0.9777777777777777,40.225806451612904,0.3933189964157706,0.12,0.08,0,,0.0,0.0,-0.16833333333333333,0.0,674.8222222222222,0.0,337.4111111111111
2023-05-06 16:00:00,16,0,5,True,-0.18083333333333335,-0.5333333333333333,-0.9636111111111111,-1.1944444444444444,481.6,60.004110774999994,23.337222,19.41638888888889,0.0,0.0,-0.18083333333333335,0,0.0,-0.18083333333333335,481.6,60.004110774999994,0.0,0.18083333333333335,0.5950670700000075,0.0,0.0,0.9777777777777777,39.5,0.38622222222222224,0.12,0.08,0,,0.0,0.0,-0.18083333333333335,0.0,674.8222222222222,0.0,337.4111111111111
2023-05-06 17:00:00,17,0,5,True,-0.18333333333333338,-0.4027777777777778,-0.9691666666666666,-1.9722222222222223,484.05833333333334,60.00269421944444,23.562777777777775,19.441944444444445,0.0,0.0,-0.18333333333333338,0,0.0,-0.18333333333333338,484.05833333333334,60.00269421944444,0.0,0.18333333333333338,0.5967669366666684,0.0,0.0,0.9777777777777777,39.354838709677416,0.3848028673835125,0.12,0.08,0,,0.0,0.0,-0.18333333333333338,0.0,674.8222222222222,0.0,337.4111111111111
2023-05-06 18:00:00,18,0,5,True,-0.19722222222222222,-0.10277777777777777,-1.0525,-2.4722222222222223,485.3666666666667,60.00161082222222,23.599722227777775,19.44138888888889,0.0,0.0,-0.19722222222222222,0,0.0,-0.19722222222222222,485.3666666666667,60.00161082222222,0.0,0.19722222222222222,0.5980670133333376,0.0,0.0,0.9777777777777777,38.54838709677419,0.37691756272401433,0.18,0.096,0,,0.0,0.0,-0.19722222222222222,0.0,674.8222222222222,0.0,337.4111111111111
2023-05-06 19:00:00,19,0,5,True,-0.1925,0.0,-1.0208333333333333,-12.369444444444444,481.1111111111111,59.99566705,23.48222222222222,19.36666635277778,0.0,0.0,-0.1925,0,0.0,-0.1925,481.1111111111111,59.99566705,0.0,0.1925,0.5948004600000019,0.0,0.0,0.9777777777777777,38.822580645161295,0.3795985663082438,0.18,0.096,0,,0.0,0.0,-0.1925,0.0,674.8222222222222,0.0,337.4111111111111
2023-05-06 20:00:00,20,0,5,True,-0.1841666666666667,0.0,-0.9777777777777777,-30.394444444444446,483.52222222222224,60.00313888611111,23.328054861111113,19.21055591944444,0.0,0.0,-0.1841666666666667,0,0.0,-0.1841666666666667,483.52222222222224,60.00313888611111,0.0,0.1841666666666667,0.5962333366666683,0.0,0.0,0.9777777777777777,39.306451612903224,0.38432974910394263,0.18,0.096,0,,0.0,0.0,-0.1841666666666667,0.0,674.8222222222222,0.0,337.4111111111111
2023-05-06 21:00:00,21,0,5,True,-0.18944444444444444,0.0,-0.988611111111111,-23.530555555555555,482.0777777777778,60.00808300833334,23.12583349166666,19.081388925,0.0,0.0,-0.18944444444444444,0,0.0,-0.18944444444444444,482.0777777777778,60.00808300833334,0.0,0.18944444444444444,0.5903003899999959,0.0,0.0,0.9777777777777777,39.0,0.38133333333333336,0.18,0.096,0,,0.0,0.0,-0.18944444444444444,0.0,674.8222222222222,0.0,337.4111111111111
2023-05-06 22:00:00,22,0,5,True,-0.18944444444444444,0.0,-0.9975,31.913888888888888,482.425,60.015888575,22.962222216666667,18.92722211666667,0.0,31.913888888888888,-0.18944444444444444,0,31.913888888888888,31.724444444444444,482.425,60.015888575,31.724444444444444,0.0,0.5809337100000022,0.0,0.0,0.9777777777777777,39.0,0.38133333333333336,0.18,0.096,0,,0.0,0.0,31.724444444444444,0.0,674.8222222222222,0.0,337.4111111111111
2023-05-06 23:00:00,23,0,5,True,-0.18916666666666665,0.0,-1.03,37.861111111111114,485.25,60.015027374999995,22.746389152777777,18.74611124722222,0.0,37.861111111111114,-0.18916666666666665,0,37.861111111111114,37.67194444444445,485.25,60.015027374999995,37.67194444444445,0.0,0.5819671500000055,0.0,0.0,0.9777777777777777,39.016129032258064,0.38149103942652324,0.12,0.08,0,,0.0,0.0,37.67194444444445,0.0,674.8222222222222,0.0,337.4111111111111
2023-05-07 00:00:00,0,0,6,True,-0.18361111111111114,0.0,-0.9833333333333333,37.96944444444444,483.31388888888887,60.01316610000001,22.51388891388889,18.603889141666667,0.0,37.96944444444444,-0.18361111111111114,0,37.96944444444444,37.78583333333333,483.31388888888887,60.01316610000001,37.78583333333333,0.0,0.5842006799999921,0.0,0.0,0.9777777777777777,39.33870967741935,0.38464516129032256,0.12,0.08,0,,0.0,0.0,37.78583333333333,0.0,674.8222222222222,0.0,337.4111111111111
2023-05-07 01:00:00,1,0,6,True,-0.1841666666666667,0.0,-0.9647222222222221,37.99444444444445,481.72222222222223,59.99333336944445,22.24777773055556,18.41222210277778,0.0,37.99444444444445,-0.1841666666666667,0,37.99444444444445,37.81027777777778,481.72222222222223,59.99333336944445,37.81027777777778,0.0,0.5920000433333399,0.0,0.0,0.9777777777777777,39.306451612903224,0.38432974910394263,0.12,0.08,0,,0.0,0.0,37.81027777777778,0.0,674.8222222222222,0.0,337.4111111111111
2023-05-07 02:00:00,2,0,6,True,-0.16083333333333336,0.0,-0.9169444444444446,37.983333333333334,482.09444444444443,59.988250488888895,21.933333091666672,18.224444455555556,0.0,37.983333333333334,-0.16083333333333336,0,37.983333333333334,37.8225,482.09444444444443,59.988250488888895,37.8225,0.0,0.5859005866666734,0.0,0.0,0.9777777777777777,40.66129032258064,0.3975770609318996,0.12,0.08,0,,0.0,0.0,37.8225,0.0,674.8222222222222,0.0,337.4111111111111
2023-05-07 03:00:00,3,0,6,True,-0.17222222222222222,0.0,-0.9347222222222222,37.986111111111114,481.55833333333334,59.98155616666667,21.57944476111111,18.022777788888888,0.0,37.986111111111114,-0.17222222222222222,0,37.986111111111114,37.81388888888889,481.55833333333334,59.98155616666667,37.81388888888889,0.0,0.5778674000000051,0.0,0.0,0.9777777777777777,40.0,0.39111111111111113,0.12,0.08,0,,0.0,0.0,37.81388888888889,0.0,674.8222222222222,0.0,337.4111111111111
2023-05-07 04:00:00,4,0,6,True,-0.1711111111111111,0.0,-0.9388888888888889,37.986111111111114,481.0138888888889,59.97208369722224,21.19222228888889,17.789722019444444,0.0,37.986111111111114,-0.1711111111111111,0,37.986111111111114,37.815000000000005,481.0138888888889,59.97208369722224,37.815000000000005,0.0,0.5665004366666864,0.0,0.0,0.9777777777777777,40.064516129032256,0.39174193548387093,0.12,0.08,0,,0.0,0.0,37.815000000000005,0.0,674.8222222222222,0.0,337.4111111111111
2023-05-07 05:00:00,5,0,6,True,-0.16416666666666668,0.0,-0.9222222222222223,37.983333333333334,479.46666666666664,59.99113910277778,20.817500025,17.610555863888887,0.0,37.983333333333334,-0.16416666666666668,0,37.983333333333334,37.81916666666667,479.46666666666664,59.99113910277778,37.81916666666667,0.0,0.5893669233333355,0.0,0.0,0.9777777777777777,40.46774193548387,0.39568458781362004,0.12,0.08,0,,0.0,0.0,37.81916666666667,0.0,674.8222222222222,0.0,337.4111111111111
2023-05-07 06:00:00,6,0,6,True,-0.1563888888888889,0.0,-0.896388888888889,37.93333333333333,480.55,59.98475053055556,20.483333361111114,17.44,0.0,37.93333333333333,-0.1563888888888889,0,37.93333333333333,37.77694444444444,480.55,59.98475053055556,37.77694444444444,0.0,0.5817006366666703,0.0,0.0,0.9777777777777777,40.91935483870968,0.4001003584229391,0.18,0.096,0,,0.0,0.0,37.77694444444444,0.0,674.8222222222222,0.0,337.4111111111111
2023-05-07 07:00:00,7,0,6,True,-0.1486111111111111,0.0,-0.8786111111111111,37.95,478.52777777777777,59.99991660277778,20.198333466666664,17.3699997,0.0,37.95,-0.1486111111111111,0,37.95,37.801388888888894,478.52777777777777,59.99991660277778,37.801388888888894,0.0,0.5998999233333364,0.0,0.0,0.9777777777777777,41.37096774193549,0.4045161290322581,0.18,0.096,0,,0.0,0.0,37.801388888888894,0.0,674.8222222222222,0.0,337.4111111111111
2023-05-07 08:00:00,8,0,6,True,-0.15416666666666667,0.0,-0.8949999999999998,37.91111111111111,478.6777777777778,60.00297193055556,20.035833333333333,17.341666083333337,0.0,37.91111111111111,-0.15416666666666667,0,37.91111111111111,37.75694444444444,478.6777777777778,60.00297193055556,37.75694444444444,0.0,0.5964336833333277,0.0,0.0,0.9777777777777777,41.04838709677419,0.40136200716845877,0.18,0.096,0,,0.0,0.0,37.75694444444444,0.0,674.8222222222222,0.0,337.4111111111111
2023-05-07 09:00:00,9,0,6,True,-0.15055555555555555,-0.06111111111111111,-0.8761111111111111,37.425,482.3666666666667,59.98750066111111,20.039166666666667,17.393333258333335,0.0,37.425,-0.15055555555555555,0,37.425,37.27444444444444,482.3666666666667,59.98750066111111,37.27444444444444,0.0,0.5850007933333359,0.0,0.0,0.9777777777777777,41.25806451612903,0.4034121863799283,0.18,0.096,0,,0.0,0.0,37.27444444444444,0.0,674.8222222222222,0.0,337.4111111111111
2023-05-07 10:00:00,10,0,6,True,-0.14916666666666667,-0.06388888888888888,-0.8844444444444446,37.391666666666666,484.18888888888887,60.002277622222216,20.265000025000003,17.510833388888887,0.0,37.391666666666666,-0.14916666666666667,0,37.391666666666666,37.2425,484.18888888888887,60.002277622222216,37.2425,0.0,0.5972668533333404,0.0,0.0,0.9777777777777777,41.33870967741935,0.40420071684587805,0.18,0.096,0,,0.0,0.0,37.2425,0.0,674.8222222222222,0.0,337.4111111111111
2023-05-07 11:00:00,11,0,6,True,-0.15416666666666667,-0.11944444444444445,-0.8947222222222223,37.06111111111111,481.68888888888887,60.00394419444444,20.64444449166667,17.802500083333335,0.0,37.06111111111111,-0.15416666666666667,0,37.06111111111111,36.90694444444444,481.68888888888887,60.00394419444444,36.90694444444444,0.0,0.5952669666666679,0.0,0.0,0.9777777777777777,41.04838709677419,0.40136200716845877,0.12,0.08,0,,0.0,0.0,36.90694444444444,0.0,674.8222222222222,0.0,337.4111111111111
2023-05-07 12:00:00,12,0,6,True,-0.14250000000000002,-0.09444444444444444,-0.8799999999999999,37.13333333333333,481.8722222222222,60.00294415555556,21.001666711111113,18.038055563888886,0.0,37.13333333333333,-0.14250000000000002,0,37.13333333333333,36.990833333333335,481.8722222222222,60.00294415555556,36.990833333333335,0.0,0.5964670133333271,0.0,0.0,0.9777777777777777,41.725806451612904,0.4079856630824372,0.12,0.08,0,,0.0,0.0,36.990833333333335,0.0,674.8222222222222,0.0,337.4111111111111
2023-05-07 13:00:00,13,0,6,True,-0.15888888888888889,-0.09166666666666666,-0.9113888888888889,37.21944444444444,482.2888888888889,59.988583786111114,21.24833334166667,18.17777847222222,0.0,37.21944444444444,-0.15888888888888889,0,37.21944444444444,37.06055555555555,482.2888888888889,59.988583786111114,37.06055555555555,0.0,0.586300543333337,0.0,0.0,0.9777777777777777,40.774193548387096,0.39868100358422937,0.12,0.08,0,,0.0,0.0,37.06055555555555,0.0,674.8222222222222,0.0,337.4111111111111
2023-05-07 14:00:00,14,0,6,True,-0.16111111111111112,-0.06388888888888888,-0.91,37.422222222222224,483.52222222222224,60.003083186111105,21.336666033333337,18.250277755555558,0.0,37.422222222222224,-0.16111111111111112,0,37.422222222222224,37.26111111111111,483.52222222222224,60.003083186111105,37.26111111111111,0.0,0.5963001766666736,0.0,0.0,0.9777777777777777,40.64516129032258,0.39741935483870966,0.12,0.08,0,,0.0,0.0,37.26111111111111,0.0,674.8222222222222,0.0,337.4111111111111
2023-05-07 15:00:00,15,0,6,True,-0.16416666666666668,-0.06388888888888888,-0.9588888888888889,37.625,484.81666666666666,59.99225040833334,21.450277777777778,18.37861090555556,0.0,37.625,-0.16416666666666668,0,37.625,37.46083333333333,484.81666666666666,59.99225040833334,37.46083333333333,0.0,0.5907004900000089,0.0,0.0,0.9777777777777777,40.46774193548387,0.39568458781362004,0.12,0.08,0,,0.0,0.0,37.46083333333333,0.0,674.8222222222222,0.0,337.4111111111111
2023-05-07 16:00:00,16,0,6,True,-0.1663888888888889,-0.06111111111111111,-0.9338888888888887,37.727777777777774,484.73333333333335,59.99738900277777,21.498055555555553,18.3699997,0.0,37.727777777777774,-0.1663888888888889,0,37.727777777777774,37.561388888888885,484.73333333333335,59.99738900277777,37.561388888888885,0.0,0.5968668033333273,0.0,0.0,0.9777777777777777,40.33870967741935,0.39442293906810033,0.12,0.08,0,,0.0,0.0,37.561388888888885,0.0,674.8222222222222,0.0,337.4111111111111
2023-05-07 17:00:00,17,0,6,True,-0.17277777777777778,0.0,-0.9805555555555555,37.733333333333334,486.1722222222222,59.99550034166668,21.428055547222225,18.275277380555558,0.0,37.733333333333334,-0.17277777777777778,0,37.733333333333334,37.56055555555556,486.1722222222222,59.99550034166668,37.56055555555556,0.0,0.5946004100000124,0.0,0.0,0.9777777777777777,39.96774193548387,0.39079569892473115,0.12,0.08,0,,0.0,0.0,37.56055555555556,0.0,674.8222222222222,0.0,337.4111111111111
2023-05-07 18:00:00,18,0,6,True,-0.17027777777777778,0.0,-0.9405555555555556,37.83888888888889,484.9277777777778,59.99758360555556,21.234167075,18.137500358333334,0.0,37.83888888888889,-0.17027777777777778,0,37.83888888888889,37.66861111111111,484.9277777777778,59.99758360555556,37.66861111111111,0.0,0.5971003266666741,0.0,0.0,0.9777777777777777,40.11290322580645,0.39221505376344085,0.18,0.096,0,,0.0,0.0,37.66861111111111,0.0,674.8222222222222,0.0,337.4111111111111
2023-05-07 19:00:00,19,0,6,True,-0.16611111111111115,0.0,-0.9030555555555555,37.91388888888889,480.425,59.993639300000005,21.015000025,18.017777777777777,0.0,37.91388888888889,-0.16611111111111115,0,37.91388888888889,37.74777777777778,480.425,59.993639300000005,37.74777777777778,0.0,0.5923671600000062,0.0,0.0,0.9777777777777777,40.354838709677416,0.39458064516129027,0.18,0.096,0,,0.0,0.0,37.74777777777778,0.0,674.8222222222222,0.0,337.4111111111111
2023-05-07 20:00:00,20,0,6,True,-0.1675,0.0,-0.9299999999999998,37.91388888888889,482.4972222222222,60.00349978888888,20.735555619444444,17.84694399166667,0.0,37.91388888888889,-0.1675,0,37.91388888888889,37.746388888888895,482.4972222222222,60.00349978888888,37.746388888888895,0.0,0.5958002533333427,0.0,0.0,0.9777777777777777,40.274193548387096,0.3937921146953405,0.18,0.096,0,,0.0,0.0,37.746388888888895,0.0,674.8222222222222,0.0,337.4111111111111
2023-05-07 21:00:00,21,0,6,True,-0.17027777777777778,0.0,-0.961388888888889,37.96388888888889,485.47777777777776,60.02391613333332,20.39694438611111,17.68194505833333,0.0,37.96388888888889,-0.17027777777777778,0,37.96388888888889,37.79361111111111,485.47777777777776,60.02391613333332,37.79361111111111,0.0,0.5713006400000126,0.0,0.0,0.9777777777777777,40.11290322580645,0.39221505376344085,0.18,0.096,0,,0.0,0.0,37.79361111111111,0.0,674.8222222222222,0.0,337.4111111111111
2023-05-07 22:00:00,22,0,6,True,-0.14666666666666667,0.0,-0.8983333333333333,37.980555555555554,484.6611111111111,60.01708318888888,20.012777780555556,17.511388891666666,0.0,37.980555555555554,-0.14666666666666667,0,37.980555555555554,37.833888888888886,484.6611111111111,60.01708318888888,37.833888888888886,0.0,0.5795001733333407,0.0,0.0,0.9777777777777777,41.483870967741936,0.4056200716845878,0.18,0.096,0,,0.0,0.0,37.833888888888886,0.0,674.8222222222222,0.0,337.4111111111111
2023-05-07 23:00:00,23,0,6,True,-0.1438888888888889,0.0,-0.8888888888888888,37.81388888888889,486.0,60.02277735555555,19.597777880555558,17.31666651388889,0.0,37.81388888888889,-0.1438888888888889,0,37.81388888888889,37.67,486.0,60.02277735555555,37.67,0.0,0.5726671733333433,0.0,0.0,0.9777777777777777,41.64516129032258,0.4071971326164874,0.12,0.08,0,,0.0,0.0,37.67,0.0,674.8222222222222,0.0,337.4111111111111
2023-05-08 00:00:00,0,0,0,False,-0.13833333333333336,0.0,-0.851111111111111,38.0,480.22222222222223,60.00424971666667,19.06916655277778,17.039166702777777,0.0,38.0,-0.13833333333333336,0,38.0,37.861666666666665,480.22222222222223,60.00424971666667,37.861666666666665,0.0,0.5949003399999953,0.0,0.0,0.9777777777777777,41.96774193548387,0.4103512544802867,0.12,0.08,0,,0.0,0.0,37.861666666666665,0.0,674.8222222222222,0.0,337.4111111111111
2023-05-08 01:00:00,1,0,0,False,-0.1366666666666667,0.0,-0.8619444444444443,37.952777777777776,481.39722222222224,60.017138286111106,18.574166875000003,16.810277363888886,0.0,37.952777777777776,-0.1366666666666667,0,37.952777777777776,37.81611111111111,481.39722222222224,60.017138286111106,37.81611111111111,0.0,0.5794340566666732,0.0,0.0,0.9777777777777777,42.064516129032256,0.41129749103942653,0.12,0.08,0,,0.0,0.0,37.81611111111111,0.0,674.8222222222222,0.0,337.4111111111111
2023-05-08 02:00:00,2,0,0,False,-0.13083333333333333,0.0,-0.8508333333333332,37.977777777777774,480.9138888888889,60.018666027777776,18.109166669444445,16.567222391666665,0.0,37.977777777777774,-0.13083333333333333,0,37.977777777777774,37.84694444444444,480.9138888888889,60.018666027777776,37.84694444444444,0.0,0.5776007666666686,0.0,0.0,0.9777777777777777,42.403225806451616,0.4146093189964158,0.12,0.08,0,,0.0,0.0,37.84694444444444,0.0,674.8222222222222,0.0,337.4111111111111
2023-05-08 03:00:00,3,0,0,False,-0.12611111111111112,0.0,-0.8283333333333335,37.93888888888889,480.40555555555557,59.99505598333333,17.593888841666665,16.314999961111113,0.0,37.93888888888889,-0.12611111111111112,0,37.93888888888889,37.81277777777778,480.40555555555557,59.99505598333333,37.81277777777778,0.0,0.5940671799999961,0.0,0.0,0.9777777777777777,42.67741935483871,0.4172903225806452,0.12,0.08,0,,0.0,0.0,37.81277777777778,0.0,674.8222222222222,0.0,337.4111111111111
2023-05-08 04:00:00,4,0,0,False,-0.11166666666666668,0.0,-0.801111111111111,37.97222222222222,480.8361111111111,59.986083827777776,17.001944374999997,15.998055588888889,0.0,37.97222222222222,-0.11166666666666668,0,37.97222222222222,37.86055555555556,480.8361111111111,59.986083827777776,37.86055555555556,0.0,0.5833005933333311,0.0,0.0,0.9777777777777777,43.516129032258064,0.4254910394265233,0.12,0.08,0,,0.0,0.0,37.86055555555556,0.0,674.8222222222222,0.0,337.4111111111111
2023-05-08 05:00:00,5,0,0,False,-0.10194444444444445,0.0,-0.7949999999999999,37.769444444444446,483.93888888888887,59.98958355555556,16.36666673888889,15.622499999999999,0.0,37.769444444444446,-0.10194444444444445,0,37.769444444444446,37.667500000000004,483.93888888888887,59.98958355555556,37.667500000000004,0.0,0.5875002666666745,0.0,0.0,0.9777777777777777,44.08064516129032,0.431010752688172,0.12,0.08,0,,0.0,0.0,37.667500000000004,0.0,674.8222222222222,0.0,337.4111111111111
2023-05-08 06:00:00,6,0,0,False,-0.10277777777777777,0.0,-0.7930555555555555,37.852777777777774,485.0083333333333,59.98016735277779,15.784166666666664,15.344444444444445,0.0,37.852777777777774,-0.10277777777777777,0,37.852777777777774,37.75,485.0083333333333,59.98016735277779,37.75,0.0,0.5762008233333489,0.0,0.0,0.9777777777777777,44.03225806451613,0.4305376344086021,0.18,0.096,0,,0.0,0.0,37.75,0.0,674.8222222222222,0.0,337.4111111111111
2023-05-08 07:00:00,7,0,0,False,-0.10555555555555556,0.0,-0.8138888888888889,37.59722222222222,485.46666666666664,60.00194436944445,15.368611111111113,15.141111111111108,0.0,37.59722222222222,-0.10555555555555556,0,37.59722222222222,37.49166666666667,485.46666666666664,60.00194436944445,37.49166666666667,0.0,0.5976667566666577,0.0,0.0,0.9777777777777777,43.87096774193549,0.4289605734767025,0.18,0.096,0,,0.0,0.0,37.49166666666667,0.0,674.8222222222222,0.0,337.4111111111111
2023-05-08 08:00:00,8,0,0,False,-0.10555555555555556,0.0,-0.7963888888888888,37.80277777777778,484.2,59.99816657222222,15.121944444444443,15.026944444444444,0.0,37.80277777777778,-0.10555555555555556,0,37.80277777777778,37.69722222222222,484.2,59.99816657222222,37.69722222222222,0.0,0.597799886666661,0.0,0.0,0.9777777777777777,43.87096774193549,0.4289605734767025,0.18,0.096,0,,0.0,0.0,37.69722222222222,0.0,674.8222222222222,0.0,337.4111111111111
2023-05-08 09:00:00,9,0,0,False,-0.09083333333333334,0.0,-0.7616666666666668,37.80555555555556,483.6277777777778,59.98616735277778,15.054166666666664,14.987222222222224,0.0,37.80555555555556,-0.09083333333333334,0,37.80555555555556,37.71472222222222,483.6277777777778,59.98616735277778,37.71472222222222,0.0,0.5834008233333321,0.0,0.0,0.9777777777777777,44.725806451612904,0.4373189964157706,0.18,0.096,0,,0.0,0.0,37.71472222222222,0.0,674.8222222222222,0.0,337.4111111111111
2023-05-08 10:00:00,10,0,0,False,-0.09972222222222224,0.0,-0.785,37.825,482.40277777777777,59.990944886111116,15.295000000000002,15.046666666666665,0.0,37.825,-0.09972222222222224,0,37.825,37.725277777777784,482.40277777777777,59.990944886111116,37.725277777777784,0.0,0.5891338633333391,0.0,0.0,0.9777777777777777,44.20967741935484,0.4322724014336918,0.18,0.096,0,,0.0,0.0,37.725277777777784,0.0,674.8222222222222,0.0,337.4111111111111
2023-05-08 11:00:00,11,0,0,False,-0.10638888888888888,0.0,-0.7875,37.861111111111114,482.80555555555554,59.99636135277778,15.529166666666667,15.17083333333333,0.0,37.861111111111114,-0.10638888888888888,0,37.861111111111114,37.75472222222223,482.80555555555554,59.99636135277778,37.75472222222223,0.0,0.5956336233333388,0.0,0.0,0.9777777777777777,43.82258064516129,0.4284874551971326,0.12,0.08,0,,0.0,0.0,37.75472222222223,0.0,674.8222222222222,0.0,337.4111111111111
2023-05-08 12:00:00,12,0,0,False,-0.11666666666666667,0.0,-0.8233333333333333,37.90277777777778,484.325,60.011888077777776,15.829166666666667,15.31166666666667,0.0,37.90277777777778,-0.11666666666666667,0,37.90277777777778,37.78611111111111,484.325,60.011888077777776,37.78611111111111,0.0,0.5857343066666686,0.0,0.0,0.9777777777777777,43.225806451612904,0.42265232974910394,0.12,0.08,0,,0.0,0.0,37.78611111111111,0.0,674.8222222222222,0.0,337.4111111111111
2023-05-08 13:00:00,13,0,0,False,-0.11611111111111111,0.0,-0.8002777777777776,37.91111111111111,484.90277777777777,59.99225037222222,15.938333333333336,15.326944444444447,0.0,37.91111111111111,-0.11611111111111111,0,37.91111111111111,37.795,484.90277777777777,59.99225037222222,37.795,0.0,0.5907004466666678,0.0,0.0,0.9777777777777777,43.25806451612903,0.4229677419354838,0.12,0.08,0,,0.0,0.0,37.795,0.0,674.8222222222222,0.0,337.4111111111111
2023-05-08 14:00:00,14,0,0,False,-0.1213888888888889,0.0,-0.8380555555555556,37.95,485.0777777777778,60.00469422222223,16.149444383333332,15.649444444444443,0.0,37.95,-0.1213888888888889,0,37.95,37.828611111111115,485.0777777777778,60.00469422222223,37.828611111111115,0.0,0.5943669333333276,0.0,0.0,0.9777777777777777,42.95161290322581,0.41997132616487454,0.12,0.08,0,,0.0,0.0,37.828611111111115,0.0,674.8222222222222,0.0,337.4111111111111
2023-05-08 15:00:00,15,0,0,False,-0.1213888888888889,0.0,-0.8463888888888887,37.86944444444445,486.28055555555557,59.9983334138889,16.409722222222225,15.784444444444443,0.0,37.86944444444445,-0.1213888888888889,0,37.86944444444445,37.74805555555556,486.28055555555557,59.9983334138889,37.74805555555556,0.0,0.5980000966666807,0.0,0.0,0.9777777777777777,42.95161290322581,0.41997132616487454,0.12,0.08,0,,0.0,0.0,37.74805555555556,0.0,674.8222222222222,0.0,337.4111111111111
2023-05-08 16:00:00,16,0,0,False,-0.11472222222222221,0.0,-0.8375,37.794444444444444,484.94444444444446,59.992000350000005,16.597777999999998,15.855833333333335,0.0,37.794444444444444,-0.11472222222222221,0,37.794444444444444,37.679722222222225,484.94444444444446,59.992000350000005,37.679722222222225,0.0,0.5904004200000059,0.0,0.0,0.9777777777777777,43.33870967741936,0.4237562724014337,0.12,0.08,0,,0.0,0.0,37.679722222222225,0.0,674.8222222222222,0.0,337.4111111111111
2023-05-08 17:00:00,17,0,0,False,-0.12472222222222222,0.0,-0.8558333333333334,37.85,486.2888888888889,59.99888895555556,16.600277799999997,15.745277777777778,0.0,37.85,-0.12472222222222222,0,37.85,37.72527777777778,486.2888888888889,59.99888895555556,37.72527777777778,0.0,0.5986667466666687,0.0,0.0,0.9777777777777777,42.75806451612903,0.4180788530465949,0.12,0.08,0,,0.0,0.0,37.72527777777778,0.0,674.8222222222222,0.0,337.4111111111111
2023-05-08 18:00:00,18,0,0,False,-0.13027777777777777,0.0,-0.8480555555555556,37.875,486.4111111111111,60.0243052111111,16.530833333333334,15.68861111111111,0.0,37.875,-0.13027777777777777,0,37.875,37.74472222222222,486.4111111111111,60.0243052111111,37.74472222222222,0.0,0.5708337466666819,0.0,0.0,0.9777777777777777,42.435483870967744,0.4149247311827957,0.18,0.096,0,,0.0,0.0,37.74472222222222,0.0,674.8222222222222,0.0,337.4111111111111
2023-05-08 19:00:00,19,0,0,False,-0.12972222222222224,0.0,-0.8600000000000001,37.88333333333333,484.525,60.00749994444444,16.40499996666667,15.633333333333331,0.0,37.88333333333333,-0.12972222222222224,0,37.88333333333333,37.75361111111111,484.525,60.00749994444444,37.75361111111111,0.0,0.5910000666666718,0.0,0.0,0.9777777777777777,42.46774193548387,0.41524014336917564,0.18,0.096,0,,0.0,0.0,37.75361111111111,0.0,674.8222222222222,0.0,337.4111111111111
2023-05-08 20:00:00,20,0,0,False,-0.12361111111111112,0.0,-0.863611111111111,37.769444444444446,485.7472222222222,60.01324939999999,16.23638878611111,15.545833333333333,0.0,37.769444444444446,-0.12361111111111112,0,37.769444444444446,37.645833333333336,485.7472222222222,60.01324939999999,37.645833333333336,0.0,0.5841007200000092,0.0,0.0,0.9777777777777777,42.82258064516129,0.41870967741935483,0.18,0.096,0,,0.0,0.0,37.645833333333336,0.0,674.8222222222222,0.0,337.4111111111111
2023-05-08 21:00:00,21,0,0,False,-0.13361111111111112,0.0,-0.875,37.56944444444444,486.3277777777778,60.01313823333333,15.928611111111113,15.379722222222224,0.0,37.56944444444444,-0.13361111111111112,0,37.56944444444444,37.435833333333335,486.3277777777778,60.01313823333333,37.435833333333335,0.0,0.584234120000005,0.0,0.0,0.9777777777777777,42.24193548387097,0.4130322580645161,0.18,0.096,0,,0.0,0.0,37.435833333333335,0.0,674.8222222222222,0.0,337.4111111111111
2023-05-08 22:00:00,22,0,0,False,-0.12805555555555553,0.0,-0.8438888888888888,37.82222222222222,481.68888888888887,60.006221841666665,15.541666666666666,15.185555555555554,0.0,37.82222222222222,-0.12805555555555553,0,37.82222222222222,37.69416666666667,481.68888888888887,60.006221841666665,37.69416666666667,0.0,0.5925337900000016,0.0,0.0,0.9777777777777777,42.564516129032256,0.41618637992831536,0.18,0.096,0,,0.0,0.0,37.69416666666667,0.0,674.8222222222222,0.0,337.4111111111111
2023-05-08 23:00:00,23,0,0,False,-0.10972222222222222,0.0,-0.8252777777777779,38.0,480.7472222222222,60.022638619444436,15.124722222222221,14.94166666666667,0.0,38.0,-0.10972222222222222,0,38.0,37.890277777777776,480.7472222222222,60.022638619444436,37.890277777777776,0.0,0.5728336566666768,0.0,0.0,0.9777777777777777,43.62903225806451,0.42659498207885305,0.12,0.08,0,,0.0,0.0,37.890277777777776,0.0,674.8222222222222,0.0,337.4111111111111
2023-05-09 00:00:00,0,0,1,False,-0.11805555555555555,0.0,-0.8186111111111111,38.0,481.1388888888889,60.00444425,14.734166666666667,14.765555555555554,0.0,38.0,-0.11805555555555555,0,38.0,37.88194444444444,481.1388888888889,60.00444425,37.88194444444444,0.0,0.5946669000000014,0.0,0.0,0.9777777777777777,43.145161290322584,0.4218637992831541,0.12,0.08,0,,0.0,0.0,37.88194444444444,0.0,674.8222222222222,0.0,337.4111111111111
2023-05-09 01:00:00,1,0,1,False,-0.1,0.0,-0.7780555555555556,37.99444444444445,480.7888888888889,59.99675001111112,14.291944444444445,14.520277777777777,0.0,37.99444444444445,-0.1,0,37.99444444444445,37.894444444444446,480.7888888888889,59.99675001111112,37.894444444444446,0.0,0.5961000133333414,0.0,0.0,0.9777777777777777,44.193548387096776,0.4321146953405018,0.12,0.08,0,,0.0,0.0,37.894444444444446,0.0,674.8222222222222,0.0,337.4111111111111
2023-05-09 02:00:00,2,0,1,False,-0.0875,0.0,-0.7513888888888889,38.0,480.9861111111111,60.00299967222222,13.839166666666667,14.286666666666669,0.0,38.0,-0.0875,0,38.0,37.9125,480.9861111111111,60.00299967222222,37.9125,0.0,0.5964003933333402,0.0,0.0,0.9777777777777777,44.91935483870968,0.4392114695340502,0.12,0.08,0,,0.0,0.0,37.9125,0.0,674.8222222222222,0.0,337.4111111111111
2023-05-09 03:00:00,3,0,1,False,-0.08305555555555555,0.0,-0.7552777777777777,37.99444444444445,479.55555555555554,59.98936160555556,13.4375,14.06361111111111,0.0,37.99444444444445,-0.08305555555555555,0,37.99444444444445,37.911388888888894,479.55555555555554,59.98936160555556,37.911388888888894,0.0,0.58723392666667,0.0,0.0,0.9777777777777777,45.17741935483871,0.4417347670250896,0.12,0.08,0,,0.0,0.0,37.911388888888894,0.0,674.8222222222222,0.0,337.4111111111111
2023-05-09 04:00:00,4,0,1,False,-0.08222222222222222,0.0,-0.7525,37.93055555555556,481.9583333333333,59.99547255555555,12.980555555555556,13.788611111111111,0.0,37.93055555555556,-0.08222222222222222,0,37.93055555555556,37.848333333333336,481.9583333333333,59.99547255555555,37.848333333333336,0.0,0.5945670666666615,0.0,0.0,0.9777777777777777,45.225806451612904,0.4422078853046595,0.12,0.08,0,,0.0,0.0,37.848333333333336,0.0,674.8222222222222,0.0,337.4111111111111
2023-05-09 05:00:00,5,0,1,False,-0.08472222222222223,0.0,-0.7680555555555556,37.78333333333333,484.325,59.99283351944444,12.481944444444444,13.514999999999999,0.0,37.78333333333333,-0.08472222222222223,0,37.78333333333333,37.698611111111106,484.325,59.99283351944444,37.698611111111106,0.0,0.5914002233333263,0.0,0.0,0.9777777777777777,45.08064516129032,0.4407885304659498,0.12,0.08,0,,0.0,0.0,37.698611111111106,0.0,674.8222222222222,0.0,337.4111111111111
2023-05-09 06:00:00,6,0,1,False,-0.08055555555555556,0.0,-0.7530555555555556,37.83888888888889,485.00555555555553,59.97005581111112,12.095277777777778,13.283333333333333,0.0,37.83888888888889,-0.08055555555555556,0,37.83888888888889,37.75833333333333,485.00555555555553,59.97005581111112,37.75833333333333,0.0,0.5640669733333482,0.0,0.0,0.9777777777777777,45.32258064516129,0.4431541218637992,0.18,0.096,0,,0.0,0.0,37.75833333333333,0.0,674.8222222222222,0.0,337.4111111111111
2023-05-09 07:00:00,7,0,1,False,-0.07944444444444444,0.0,-0.7313888888888889,37.705555555555556,485.06666666666666,59.99644436944444,11.871666666666668,13.121666666666664,0.0,37.705555555555556,-0.07944444444444444,0,37.705555555555556,37.62611111111111,485.06666666666666,59.99644436944444,37.62611111111111,0.0,0.5957332433333278,0.0,0.0,0.9777777777777777,45.38709677419355,0.4437849462365592,0.18,0.096,0,,0.0,0.0,37.62611111111111,0.0,674.8222222222222,0.0,337.4111111111111
2023-05-09 08:00:00,8,0,1,False,-0.07805555555555556,0.0,-0.7605555555555555,37.769444444444446,483.6611111111111,60.01441634166667,11.830277777777777,13.097777777777775,0.0,37.769444444444446,-0.07805555555555556,0,37.769444444444446,37.69138888888889,483.6611111111111,60.01441634166667,37.69138888888889,0.0,0.5827003899999994,0.0,0.0,0.9777777777777777,45.46774193548387,0.44457347670250896,0.18,0.096,0,,0.0,0.0,37.69138888888889,0.0,674.8222222222222,0.0,337.4111111111111
2023-05-09 09:00:00,9,0,1,False,-0.08833333333333335,0.0,-0.7788888888888889,37.80277777777778,482.4888888888889,60.00866603888888,12.046666666666667,13.11805555555555,0.0,37.80277777777778,-0.08833333333333335,0,37.80277777777778,37.714444444444446,482.4888888888889,60.00866603888888,37.714444444444446,0.0,0.5896007533333403,0.0,0.0,0.9777777777777777,44.87096774193549,0.4387383512544803,0.18,0.096,0,,0.0,0.0,37.714444444444446,0.0,674.8222222222222,0.0,337.4111111111111
2023-05-09 10:00:00,10,0,1,False,-0.0788888888888889,0.0,-0.7647222222222223,37.69722222222222,481.675,60.00827747222222,12.724722222222221,13.344999999999999,0.0,37.69722222222222,-0.0788888888888889,0,37.69722222222222,37.61833333333333,481.675,60.00827747222222,37.61833333333333,0.0,0.590067033333338,0.0,0.0,0.9777777777777777,45.41935483870968,0.4441003584229391,0.18,0.096,0,,0.0,0.0,37.61833333333333,0.0,674.8222222222222,0.0,337.4111111111111
2023-05-09 11:00:00,11,0,1,False,-0.07694444444444444,-0.030555555555555555,-0.7402777777777778,37.544444444444444,482.0833333333333,60.000777927777776,13.564722222222226,13.780555555555555,0.0,37.544444444444444,-0.07694444444444444,0,37.544444444444444,37.4675,482.0833333333333,60.000777927777776,37.4675,0.0,0.5990664866666691,0.0,0.0,0.9777777777777777,45.53225806451613,0.4452043010752688,0.12,0.08,0,,0.0,0.0,37.4675,0.0,674.8222222222222,0.0,337.4111111111111
2023-05-09 12:00:00,12,0,1,False,-0.10194444444444445,-0.06666666666666667,-0.7855555555555556,37.205555555555556,481.475,60.00755517500001,14.495,14.266944444444443,0.0,37.205555555555556,-0.10194444444444445,0,37.205555555555556,37.103611111111114,481.475,60.00755517500001,37.103611111111114,0.0,0.5909337899999911,0.0,0.0,0.9777777777777777,44.08064516129032,0.431010752688172,0.12,0.08,0,,0.0,0.0,37.103611111111114,0.0,674.8222222222222,0.0,337.4111111111111
2023-05-09 13:00:00,13,0,1,False,-0.10194444444444445,-0.06666666666666667,-0.8019444444444445,37.047222222222224,481.1972222222222,60.000971969444436,15.400833333333335,14.82,0.0,37.047222222222224,-0.10194444444444445,0,37.047222222222224,36.94527777777778,481.1972222222222,60.000971969444436,36.94527777777778,0.0,0.5988336366666772,0.0,0.0,0.9777777777777777,44.08064516129032,0.431010752688172,0.12,0.08,0,,0.0,0.0,36.94527777777778,0.0,674.8222222222222,0.0,337.4111111111111
2023-05-09 14:00:00,14,0,1,False,-0.11694444444444445,-0.11388888888888889,-0.8058333333333334,37.00277777777778,480.21666666666664,60.003555113888886,16.170277805555557,15.385555555555554,0.0,37.00277777777778,-0.11694444444444445,0,37.00277777777778,36.88583333333334,480.21666666666664,60.003555113888886,36.88583333333334,0.0,0.5957338633333364,0.0,0.0,0.9777777777777777,43.20967741935484,0.422494623655914,0.12,0.08,0,,0.0,0.0,36.88583333333334,0.0,674.8222222222222,0.0,337.4111111111111
2023-05-09 15:00:00,15,0,1,False,-0.11305555555555556,-0.16111111111111112,-0.7905555555555556,37.013888888888886,479.2944444444444,59.98966719444445,16.873888894444445,15.869166666666665,0.0,37.013888888888886,-0.11305555555555556,0,37.013888888888886,36.90083333333333,479.2944444444444,59.98966719444445,36.90083333333333,0.0,0.5876006333333407,0.0,0.0,0.9777777777777777,43.435483870967744,0.4247025089605735,0.12,0.08,0,,0.0,0.0,36.90083333333333,0.0,674.8222222222222,0.0,337.4111111111111
2023-05-09 16:00:00,16,0,1,False,-0.11972222222222223,-0.25833333333333336,-0.8308333333333334,37.00833333333333,480.3833333333333,60.004055375,17.439722266666667,16.152778305555554,0.0,37.00833333333333,-0.11972222222222223,0,37.00833333333333,36.88861111111111,480.3833333333333,60.004055375,36.88861111111111,0.0,0.5951335499999999,0.0,0.0,0.9777777777777777,43.04838709677419,0.4209175627240143,0.12,0.08,0,,0.0,0.0,36.88861111111111,0.0,674.8222222222222,0.0,337.4111111111111
2023-05-09 17:00:00,17,0,1,False,-0.13805555555555557,-0.25555555555555554,-0.8694444444444445,37.05277777777778,483.7861111111111,59.98761180555555,17.800555580555557,16.32527752777778,0.0,37.05277777777778,-0.13805555555555557,0,37.05277777777778,36.914722222222224,483.7861111111111,59.98761180555555,36.914722222222224,0.0,0.5851341666666627,0.0,0.0,0.9777777777777777,41.983870967741936,0.4105089605734767,0.12,0.08,0,,0.0,0.0,36.914722222222224,0.0,674.8222222222222,0.0,337.4111111111111
2023-05-09 18:00:00,18,0,1,False,-0.1441666666666667,-0.044444444444444446,-0.8883333333333332,37.12777777777778,486.0527777777778,59.98950067222222,18.04583333333333,16.505555558333334,0.0,37.12777777777778,-0.1441666666666667,0,37.12777777777778,36.98361111111112,486.0527777777778,59.98950067222222,36.98361111111112,0.0,0.5874008066666647,0.0,0.0,0.9777777777777777,41.62903225806451,0.40703942652329744,0.18,0.096,0,,0.0,0.0,36.98361111111112,0.0,674.8222222222222,0.0,337.4111111111111
2023-05-09 19:00:00,19,0,1,False,-0.1575,0.0,-0.9197222222222223,37.49444444444445,483.2083333333333,59.99025050277778,18.162778405555553,16.678333708333334,0.0,37.49444444444445,-0.1575,0,37.49444444444445,37.33694444444445,483.2083333333333,59.99025050277778,37.33694444444445,0.0,0.5883006033333401,0.0,0.0,0.9777777777777777,40.85483870967742,0.3994695340501792,0.18,0.096,0,,0.0,0.0,37.33694444444445,0.0,674.8222222222222,0.0,337.4111111111111
2023-05-09 20:00:00,20,0,1,False,-0.1488888888888889,0.0,-0.9013888888888889,37.69444444444444,484.7972222222222,59.99755568611111,18.240000199999997,16.794721344444447,0.0,37.69444444444444,-0.1488888888888889,0,37.69444444444444,37.54555555555555,484.7972222222222,59.99755568611111,37.54555555555555,0.0,0.5970668233333356,0.0,0.0,0.9777777777777777,41.354838709677416,0.40435842293906804,0.18,0.096,0,,0.0,0.0,37.54555555555555,0.0,674.8222222222222,0.0,337.4111111111111
2023-05-09 21:00:00,21,0,1,False,-0.14694444444444446,0.0,-0.8950000000000001,37.330555555555556,484.5472222222222,60.00824938333333,18.288054794444445,16.825277030555558,0.0,37.330555555555556,-0.14694444444444446,0,37.330555555555556,37.18361111111111,484.5472222222222,60.00824938333333,37.18361111111111,0.0,0.5901007400000055,0.0,0.0,0.9777777777777777,41.46774193548387,0.4054623655913978,0.18,0.096,0,,0.0,0.0,37.18361111111111,0.0,674.8222222222222,0.0,337.4111111111111
2023-05-09 22:00:00,22,0,1,False,-0.13944444444444445,0.0,-0.9008333333333332,37.422222222222224,484.9861111111111,59.99891661944445,18.256110980555555,16.8699997,0.0,37.422222222222224,-0.13944444444444445,0,37.422222222222224,37.28277777777778,484.9861111111111,59.99891661944445,37.28277777777778,0.0,0.5986999433333409,0.0,0.0,0.9777777777777777,41.903225806451616,0.4097204301075269,0.18,0.096,0,,0.0,0.0,37.28277777777778,0.0,674.8222222222222,0.0,337.4111111111111
2023-05-09 23:00:00,23,0,1,False,-0.1391666666666667,0.0,-0.885,37.41388888888889,482.60277777777776,59.99677781388889,18.079166744444443,16.802499133333338,0.0,37.41388888888889,-0.1391666666666667,0,37.41388888888889,37.27472222222222,482.60277777777776,59.99677781388889,37.27472222222222,0.0,0.5961333766666683,0.0,0.0,0.9777777777777777,41.91935483870968,0.40987813620071684,0.12,0.08,0,,0.0,0.0,37.27472222222222,0.0,674.8222222222222,0.0,337.4111111111111
2023-05-10 00:00:00,0,0,2,False,-0.14500000000000002,0.0,-0.8947222222222223,37.25277777777778,483.6111111111111,60.00072219444444,17.79666686111111,16.692500391666666,0.0,37.25277777777778,-0.14500000000000002,0,37.25277777777778,37.10777777777778,483.6111111111111,60.00072219444444,37.10777777777778,0.0,0.599133366666669,0.0,0.0,0.9777777777777777,41.58064516129032,0.4065663082437276,0.12,0.08,0,,0.0,0.0,37.10777777777778,0.0,674.8222222222222,0.0,337.4111111111111
2023-05-10 01:00:00,1,0,2,False,-0.13555555555555557,0.0,-0.8933333333333334,37.455555555555556,484.18333333333334,59.99008349722223,17.649444963888886,16.59722227222222,0.0,37.455555555555556,-0.13555555555555557,0,37.455555555555556,37.32,484.18333333333334,59.99008349722223,37.32,0.0,0.5881001966666758,0.0,0.0,0.9777777777777777,42.12903225806451,0.41192831541218633,0.12,0.08,0,,0.0,0.0,37.32,0.0,674.8222222222222,0.0,337.4111111111111
2023-05-10 02:00:00,2,0,2,False,-0.12916666666666668,0.0,-0.8794444444444445,37.34444444444444,483.7527777777778,59.99430563055555,17.473333333333333,16.509166666666665,0.0,37.34444444444444,-0.12916666666666668,0,37.34444444444444,37.21527777777777,483.7527777777778,59.99430563055555,37.21527777777777,0.0,0.5931667566666619,0.0,0.0,0.9777777777777777,42.5,0.4155555555555555,0.12,0.08,0,,0.0,0.0,37.21527777777777,0.0,674.8222222222222,0.0,337.4111111111111
2023-05-10 03:00:00,3,0,2,False,-0.1225,0.0,-0.8547222222222222,37.24444444444445,483.3333333333333,59.995361322222216,17.24472228611111,16.362221847222227,0.0,37.24444444444445,-0.1225,0,37.24444444444445,37.121944444444445,483.3333333333333,59.995361322222216,37.121944444444445,0.0,0.5944335866666591,0.0,0.0,0.9777777777777777,42.88709677419355,0.4193405017921147,0.12,0.08,0,,0.0,0.0,37.121944444444445,0.0,674.8222222222222,0.0,337.4111111111111
2023-05-10 04:00:00,4,0,2,False,-0.11722222222222223,0.0,-0.8469444444444444,37.24722222222222,484.51666666666665,59.99050042777779,16.929721925,16.176389152777777,0.0,37.24722222222222,-0.11722222222222223,0,37.24722222222222,37.129999999999995,484.51666666666665,59.99050042777779,37.129999999999995,0.0,0.588600513333347,0.0,0.0,0.9777777777777777,43.193548387096776,0.422336917562724,0.12,0.08,0,,0.0,0.0,37.129999999999995,0.0,674.8222222222222,0.0,337.4111111111111
2023-05-10 05:00:00,5,0,2,False,-0.13,0.0,-0.8402777777777778,37.11944444444445,484.93333333333334,60.003000144444435,16.562778016666666,16.005833333333335,0.0,37.11944444444445,-0.13,0,37.11944444444445,36.989444444444445,484.93333333333334,60.003000144444435,36.989444444444445,0.0,0.5963998266666778,0.0,0.0,0.9777777777777777,42.45161290322581,0.4150824372759857,0.12,0.08,0,,0.0,0.0,36.989444444444445,0.0,674.8222222222222,0.0,337.4111111111111
2023-05-10 06:00:00,6,0,2,False,-0.11666666666666667,0.0,-0.823888888888889,37.330555555555556,481.9472222222222,59.99827783055556,16.210833408333333,15.825000000000003,0.0,37.330555555555556,-0.11666666666666667,0,37.330555555555556,37.21388888888889,481.9472222222222,59.99827783055556,37.21388888888889,0.0,0.5979333966666701,0.0,0.0,0.9777777777777777,43.225806451612904,0.42265232974910394,0.18,0.096,0,,0.0,0.0,37.21388888888889,0.0,674.8222222222222,0.0,337.4111111111111
2023-05-10 07:00:00,7,0,2,False,-0.1111111111111111,-0.005555555555555556,-0.8133333333333332,37.513888888888886,479.80833333333334,59.978389336111114,16.099999999999998,15.799444444444447,0.0,37.513888888888886,-0.1111111111111111,0,37.513888888888886,37.40277777777777,479.80833333333334,59.978389336111114,37.40277777777777,0.0,0.5740672033333368,0.0,0.0,0.9777777777777777,43.54838709677419,0.4258064516129032,0.18,0.096,0,,0.0,0.0,37.40277777777777,0.0,674.8222222222222,0.0,337.4111111111111
2023-05-10 08:00:00,8,0,2,False,-0.10777777777777776,-0.16111111111111112,-0.788611111111111,37.388888888888886,480.94166666666666,59.98119497222223,16.099999999999998,15.830000000000004,0.0,37.388888888888886,-0.10777777777777776,0,37.388888888888886,37.28111111111111,480.94166666666666,59.98119497222223,37.28111111111111,0.0,0.5774339666666719,0.0,0.0,0.9777777777777777,43.74193548387097,0.4276989247311828,0.18,0.096,0,,0.0,0.0,37.28111111111111,0.0,674.8222222222222,0.0,337.4111111111111
2023-05-10 09:00:00,9,0,2,False,-0.12333333333333332,-0.13333333333333333,-0.8447222222222223,37.16388888888889,483.8305555555556,59.98969527777778,16.257777877777777,15.92888888888889,0.0,37.16388888888889,-0.12333333333333332,0,37.16388888888889,37.04055555555556,483.8305555555556,59.98969527777778,37.04055555555556,0.0,0.5876343333333324,0.0,0.0,0.9777777777777777,42.83870967741936,0.4188673835125449,0.18,0.096,0,,0.0,0.0,37.04055555555556,0.0,674.8222222222222,0.0,337.4111111111111
2023-05-10 10:00:00,10,0,2,False,-0.11305555555555556,-0.13333333333333333,-0.8202777777777777,37.016666666666666,483.5833333333333,60.002916575,16.921944491666668,16.163888850000003,0.0,37.016666666666666,-0.11305555555555556,0,37.016666666666666,36.90361111111111,483.5833333333333,60.002916575,36.90361111111111,0.0,0.5965001099999995,0.0,0.0,0.9777777777777777,43.435483870967744,0.4247025089605735,0.18,0.096,0,,0.0,0.0,36.90361111111111,0.0,674.8222222222222,0.0,337.4111111111111
2023-05-10 11:00:00,11,0,2,False,-0.13194444444444445,-0.13333333333333333,-0.8352777777777779,37.0,481.06388888888887,59.994833472222226,17.698611180555552,16.659999880555556,0.0,37.0,-0.13194444444444445,0,37.0,36.86805555555556,481.06388888888887,59.994833472222226,36.86805555555556,0.0,0.5938001666666707,0.0,0.0,0.9777777777777777,42.33870967741935,0.4139784946236559,0.12,0.08,0,,0.0,0.0,36.86805555555556,0.0,674.8222222222222,0.0,337.4111111111111
2023-05-10 12:00:00,12,0,2,False,-0.1252777777777778,-0.1638888888888889,-0.8436111111111111,37.0,479.8027777777778,60.00224994166666,18.388333452777776,17.136666622222222,0.0,37.0,-0.1252777777777778,0,37.0,36.874722222222225,479.8027777777778,60.00224994166666,36.874722222222225,0.0,0.5973000700000056,0.0,0.0,0.9777777777777777,42.725806451612904,0.41776344086021505,0.12,0.08,0,,0.0,0.0,36.874722222222225,0.0,674.8222222222222,0.0,337.4111111111111
2023-05-10 13:00:00,13,0,2,False,-0.13583333333333336,-0.20833333333333334,-0.8977777777777779,37.0,481.3361111111111,60.01494390555555,19.00972233888889,17.625833358333335,0.0,37.0,-0.13583333333333336,0,37.0,36.86416666666667,481.3361111111111,60.01494390555555,36.86416666666667,0.0,0.5820673133333428,0.0,0.0,0.9777777777777777,42.11290322580645,0.41177060931899634,0.12,0.08,0,,0.0,0.0,36.86416666666667,0.0,674.8222222222222,0.0,337.4111111111111
2023-05-10 14:00:00,14,0,2,False,-0.15138888888888888,-0.36666666666666664,-0.9013888888888889,37.0,484.2027777777778,60.01672141388889,19.539722227777776,18.125833325,0.0,37.0,-0.15138888888888888,0,37.0,36.84861111111111,484.2027777777778,60.01672141388889,36.84861111111111,0.0,0.5799343033333343,0.0,0.0,0.9777777777777777,41.20967741935484,0.4029390681003584,0.12,0.08,0,,0.0,0.0,36.84861111111111,0.0,674.8222222222222,0.0,337.4111111111111
2023-05-10 15:00:00,15,0,2,False,-0.1527777777777778,-0.5083333333333333,-0.923888888888889,37.0,480.65833333333336,60.00805521388888,20.133888855555558,18.571389183333334,0.0,37.0,-0.1527777777777778,0,37.0,36.84722222222222,480.65833333333336,60.00805521388888,36.84722222222222,0.0,0.5903337433333433,0.0,0.0,0.9777777777777777,41.12903225806451,0.40215053763440856,0.12,0.08,0,,0.0,0.0,36.84722222222222,0.0,674.8222222222222,0.0,337.4111111111111
2023-05-10 16:00:00,16,0,2,False,-0.14972222222222223,-0.525,-0.9033333333333333,37.0,479.35555555555555,59.99227826944444,20.63750008611111,18.86555521666667,0.0,37.0,-0.14972222222222223,0,37.0,36.85027777777778,479.35555555555555,59.99227826944444,36.85027777777778,0.0,0.5907339233333289,0.0,0.0,0.9777777777777777,41.306451612903224,0.4038853046594982,0.12,0.08,0,,0.0,0.0,36.85027777777778,0.0,674.8222222222222,0.0,337.4111111111111
2023-05-10 17:00:00,17,0,2,False,-0.165,-0.5055555555555555,-0.9647222222222221,37.0,480.5416666666667,60.00327755555555,20.995555491666668,19.05416667222222,0.0,37.0,-0.165,0,37.0,36.835,480.5416666666667,60.00327755555555,36.835,0.0,0.5960669333333414,0.0,0.0,0.9777777777777777,40.41935483870968,0.39521146953405023,0.12,0.08,0,,0.0,0.0,36.835,0.0,674.8222222222222,0.0,337.4111111111111
2023-05-10 18:00:00,18,0,2,False,-0.16555555555555557,-0.2861111111111111,-0.9402777777777778,37.0,482.3777777777778,60.01411033611111,21.254722069444444,19.191111580555553,0.0,37.0,-0.16555555555555557,0,37.0,36.83444444444444,482.3777777777778,60.01411033611111,36.83444444444444,0.0,0.5830675966666689,0.0,0.0,0.9777777777777777,40.38709677419355,0.3948960573476703,0.18,0.096,0,,0.0,0.0,36.83444444444444,0.0,674.8222222222222,0.0,337.4111111111111
2023-05-10 19:00:00,19,0,2,False,-0.19083333333333338,-0.10555555555555556,-0.9997222222222222,37.0,481.93888888888887,60.00399986388889,21.39388882777778,19.288888236111113,0.0,37.0,-0.19083333333333338,0,37.0,36.80916666666667,481.93888888888887,60.00399986388889,36.80916666666667,0.0,0.5952001633333281,0.0,0.0,0.9777777777777777,38.91935483870967,0.38054480286738346,0.18,0.096,0,,0.0,0.0,36.80916666666667,0.0,674.8222222222222,0.0,337.4111111111111
2023-05-10 20:00:00,20,0,2,False,-0.18666666666666668,-0.03333333333333333,-1.0102777777777778,37.17777777777778,483.9222222222222,59.996222575,21.414166666666667,19.296666058333336,0.0,37.17777777777778,-0.18666666666666668,0,37.17777777777778,36.99111111111111,483.9222222222222,59.996222575,36.99111111111111,0.0,0.5954670899999968,0.0,0.0,0.9777777777777777,39.16129032258064,0.3829103942652329,0.18,0.096,0,,0.0,0.0,36.99111111111111,0.0,674.8222222222222,0.0,337.4111111111111
2023-05-10 21:00:00,21,0,2,False,-0.19583333333333333,0.0,-1.0313888888888887,37.38611111111111,481.81666666666666,60.017138474999996,21.38444428888889,19.19388949444444,0.0,37.38611111111111,-0.19583333333333333,0,37.38611111111111,37.19027777777778,481.81666666666666,60.017138474999996,37.19027777777778,0.0,0.5794338300000049,0.0,0.0,0.9777777777777777,38.62903225806451,0.37770609318996407,0.18,0.096,0,,0.0,0.0,37.19027777777778,0.0,674.8222222222222,0.0,337.4111111111111
2023-05-10 22:00:00,22,0,2,False,-0.18944444444444444,0.0,-0.9988888888888886,37.43611111111111,483.11944444444447,60.00255523611111,21.20277793888889,19.046388888888888,0.0,37.43611111111111,-0.18944444444444444,0,37.43611111111111,37.24666666666666,483.11944444444447,60.00255523611111,37.24666666666666,0.0,0.5969337166666718,0.0,0.0,0.9777777777777777,39.0,0.38133333333333336,0.18,0.096,0,,0.0,0.0,37.24666666666666,0.0,674.8222222222222,0.0,337.4111111111111
2023-05-10 23:00:00,23,0,2,False,-0.18805555555555556,0.0,-0.983611111111111,37.580555555555556,481.28333333333336,60.014666272222215,21.004722222222224,18.84083306666667,0.0,37.580555555555556,-0.18805555555555556,0,37.580555555555556,37.3925,481.28333333333336,60.014666272222215,37.3925,0.0,0.5824004733333424,0.0,0.0,0.9777777777777777,39.08064516129032,0.38212186379928315,0.12,0.08,0,,0.0,0.0,37.3925,0.0,674.8222222222222,0.0,337.4111111111111
2023-05-11 00:00:00,0,0,3,False,-0.16666666666666666,0.0,-0.9380555555555555,37.647222222222226,482.81944444444446,60.001638813888896,20.820555141666667,18.664445027777774,0.0,37.647222222222226,-0.16666666666666666,0,37.647222222222226,37.48055555555556,482.81944444444446,60.001638813888896,37.48055555555556,0.0,0.5980334233333252,0.0,0.0,0.9777777777777777,40.322580645161295,0.3942652329749104,0.12,0.08,0,,0.0,0.0,37.48055555555556,0.0,674.8222222222222,0.0,337.4111111111111
2023-05-11 01:00:00,1,0,3,False,-0.17055555555555557,0.0,-0.9547222222222221,37.525,483.93888888888887,60.00577759166667,20.568611427777775,18.46,0.0,37.525,-0.17055555555555557,0,37.525,37.35444444444444,483.93888888888887,60.00577759166667,37.35444444444444,0.0,0.5930668899999944,0.0,0.0,0.9777777777777777,40.096774193548384,0.39205734767025086,0.12,0.08,0,,0.0,0.0,37.35444444444444,0.0,674.8222222222222,0.0,337.4111111111111
2023-05-11 02:00:00,2,0,3,False,-0.17444444444444449,0.0,-0.9674999999999999,37.522222222222226,484.2472222222222,59.995083558333334,20.311110922222223,18.234444405555557,0.0,37.522222222222226,-0.17444444444444449,0,37.522222222222226,37.34777777777778,484.2472222222222,59.995083558333334,37.34777777777778,0.0,0.5941002700000012,0.0,0.0,0.9777777777777777,39.87096774193548,0.38984946236559137,0.12,0.08,0,,0.0,0.0,37.34777777777778,0.0,674.8222222222222,0.0,337.4111111111111
2023-05-11 03:00:00,3,0,3,False,-0.1602777777777778,0.0,-0.9302777777777778,37.47222222222222,484.4111111111111,59.98450090000001,20.035000130555556,17.99027773611111,0.0,37.47222222222222,-0.1602777777777778,0,37.47222222222222,37.31194444444444,484.4111111111111,59.98450090000001,37.31194444444444,0.0,0.581401080000009,0.0,0.0,0.9777777777777777,40.69354838709677,0.39789247311827947,0.12,0.08,0,,0.0,0.0,37.31194444444444,0.0,674.8222222222222,0.0,337.4111111111111
2023-05-11 04:00:00,4,0,3,False,-0.15527777777777776,0.0,-0.9105555555555555,37.352777777777774,485.06944444444446,59.98097283333334,19.658055649999998,17.71527790277778,0.0,37.352777777777774,-0.15527777777777776,0,37.352777777777774,37.1975,485.06944444444446,59.98097283333334,37.1975,0.0,0.5771674000000075,0.0,0.0,0.9777777777777777,40.983870967741936,0.4007311827956989,0.12,0.08,0,,0.0,0.0,37.1975,0.0,674.8222222222222,0.0,337.4111111111111
2023-05-11 05:00:00,5,0,3,False,-0.1625,0.0,-0.9508333333333332,37.36388888888889,486.94444444444446,59.989528147222224,19.268055613888887,17.463055555555556,0.0,37.36388888888889,-0.1625,0,37.36388888888889,37.201388888888886,486.94444444444446,59.989528147222224,37.201388888888886,0.0,0.5874337766666684,0.0,0.0,0.9777777777777777,40.564516129032256,0.3966308243727598,0.12,0.08,0,,0.0,0.0,37.201388888888886,0.0,674.8222222222222,0.0,337.4111111111111
2023-05-11 06:00:00,6,0,3,False,-0.14444444444444443,0.0,-0.9061111111111111,37.47222222222222,484.01666666666665,59.97325042500001,19.002777777777776,17.35583289166667,0.0,37.47222222222222,-0.14444444444444443,0,37.47222222222222,37.327777777777776,484.01666666666665,59.97325042500001,37.327777777777776,0.0,0.5679005100000125,0.0,0.0,0.9777777777777777,41.61290322580645,0.40688172043010745,0.18,0.096,0,,0.0,0.0,37.327777777777776,0.0,674.8222222222222,0.0,337.4111111111111
2023-05-11 07:00:00,7,0,3,False,-0.13638888888888892,-0.05,-0.8791666666666667,37.40555555555556,482.9638888888889,59.97850054444445,18.812499300000002,17.29888799444445,0.0,37.40555555555556,-0.13638888888888892,0,37.40555555555556,37.26916666666667,482.9638888888889,59.97850054444445,37.26916666666667,0.0,0.5742006533333409,0.0,0.0,0.9777777777777777,42.08064516129032,0.41145519713261647,0.18,0.096,0,,0.0,0.0,37.26916666666667,0.0,674.8222222222222,0.0,337.4111111111111
2023-05-11 08:00:00,8,0,3,False,-0.13416666666666668,-0.14444444444444443,-0.8788888888888888,37.0,481.15833333333336,60.00852723055555,18.798332441666673,17.352221744444446,0.0,37.0,-0.13416666666666668,0,37.0,36.865833333333335,481.15833333333336,60.00852723055555,36.865833333333335,0.0,0.5897673233333393,0.0,0.0,0.9777777777777777,42.20967741935484,0.41271684587813623,0.18,0.096,0,,0.0,0.0,36.865833333333335,0.0,674.8222222222222,0.0,337.4111111111111
2023-05-11 09:00:00,9,0,3,False,-0.14611111111111114,-0.10277777777777777,-0.8736111111111111,37.0,481.4638888888889,60.013499180555556,18.975555530555553,17.444722219444447,0.0,37.0,-0.14611111111111114,0,37.0,36.85388888888889,481.4638888888889,60.013499180555556,36.85388888888889,0.0,0.5838009833333331,0.0,0.0,0.9777777777777777,41.516129032258064,0.40593548387096773,0.18,0.096,0,,0.0,0.0,36.85388888888889,0.0,674.8222222222222,0.0,337.4111111111111
2023-05-11 10:00:00,10,0,3,False,-0.14583333333333334,-0.18055555555555555,-0.8955555555555554,37.0,481.76944444444445,60.033555322222206,19.412222238888887,17.663889027777778,0.0,37.0,-0.14583333333333334,0,37.0,36.854166666666664,481.76944444444445,60.033555322222206,36.854166666666664,0.0,0.5597336133333527,0.0,0.0,0.9777777777777777,41.53225806451613,0.40609318996415766,0.18,0.096,0,,0.0,0.0,36.854166666666664,0.0,674.8222222222222,0.0,337.4111111111111
2023-05-11 11:00:00,11,0,3,False,-0.15138888888888888,-0.2222222222222222,-0.8994444444444443,37.0,485.99444444444447,60.039111025,19.912222377777777,17.99166658333333,0.0,37.0,-0.15138888888888888,0,37.0,36.84861111111111,485.99444444444447,60.039111025,36.84861111111111,0.0,0.5530667700000037,0.0,0.0,0.9777777777777777,41.20967741935484,0.4029390681003584,0.12,0.08,0,,0.0,0.0,36.84861111111111,0.0,674.8222222222222,0.0,337.4111111111111
2023-05-11 12:00:00,12,0,3,False,-0.17222222222222222,-0.3,-0.9880555555555556,37.0,486.06666666666666,60.030610822222215,20.470277938888888,18.353611044444445,0.0,37.0,-0.17222222222222222,0,37.0,36.827777777777776,486.06666666666666,60.030610822222215,36.827777777777776,0.0,0.563267013333342,0.0,0.0,0.9777777777777777,40.0,0.39111111111111113,0.12,0.08,0,,0.0,0.0,36.827777777777776,0.0,674.8222222222222,0.0,337.4111111111111
2023-05-11 13:00:00,13,0,3,False,-0.1663888888888889,-0.35833333333333334,-0.9236111111111112,37.0,483.64444444444445,60.0149158,20.940833152777778,18.72944457222222,0.0,37.0,-0.1663888888888889,0,37.0,36.83361111111111,483.64444444444445,60.0149158,36.83361111111111,0.0,0.5821010400000034,0.0,0.0,0.9777777777777777,40.33870967741935,0.39442293906810033,0.12,0.08,0,,0.0,0.0,36.83361111111111,0.0,674.8222222222222,0.0,337.4111111111111
2023-05-11 14:00:00,14,0,3,False,-0.17194444444444446,-0.40555555555555556,-0.9480555555555554,37.0,483.34722222222223,60.011471786111116,21.36972215833333,19.09472241388889,0.0,37.0,-0.17194444444444446,0,37.0,36.82805555555556,483.34722222222223,60.011471786111116,36.82805555555556,0.0,0.5862338566666608,0.0,0.0,0.9777777777777777,40.016129032258064,0.39126881720430107,0.12,0.08,0,,0.0,0.0,36.82805555555556,0.0,674.8222222222222,0.0,337.4111111111111
2023-05-11 15:00:00,15,0,3,False,-0.16722222222222222,-0.40555555555555556,-0.958611111111111,37.0,483.575,60.000055561111104,21.759444491666667,19.356944225000003,0.0,37.0,-0.16722222222222222,0,37.0,36.83277777777778,483.575,60.000055561111104,36.83277777777778,0.0,0.5999333266666752,0.0,0.0,0.9777777777777777,40.29032258064516,0.39394982078853047,0.12,0.08,0,,0.0,0.0,36.83277777777778,0.0,674.8222222222222,0.0,337.4111111111111
2023-05-11 16:00:00,16,0,3,False,-0.1711111111111111,-0.2361111111111111,-0.953888888888889,37.0,482.15,59.98808401944445,22.014722222222222,19.45527777777778,0.0,37.0,-0.1711111111111111,0,37.0,36.82888888888889,482.15,59.98808401944445,36.82888888888889,0.0,0.5857008233333403,0.0,0.0,0.9777777777777777,40.064516129032256,0.39174193548387093,0.12,0.08,0,,0.0,0.0,36.82888888888889,0.0,674.8222222222222,0.0,337.4111111111111
2023-05-11 17:00:00,17,0,3,False,-0.17833333333333334,-0.08888888888888889,-0.9711111111111111,37.0,483.89444444444445,60.00949950555555,22.071111111111108,19.42138888888889,0.0,37.0,-0.17833333333333334,0,37.0,36.821666666666665,483.89444444444445,60.00949950555555,36.821666666666665,0.0,0.5886005933333365,0.0,0.0,0.9777777777777777,39.64516129032258,0.3876415770609319,0.12,0.08,0,,0.0,0.0,36.821666666666665,0.0,674.8222222222222,0.0,337.4111111111111
2023-05-11 18:00:00,18,0,3,False,-0.19194444444444442,-0.03333333333333333,-0.9944444444444445,37.08888888888889,482.30833333333334,59.998416616666674,21.954444422222227,19.36499966388889,0.0,37.08888888888889,-0.19194444444444442,0,37.08888888888889,36.89694444444444,482.30833333333334,59.998416616666674,36.89694444444444,0.0,0.5980999400000087,0.0,0.0,0.9777777777777777,38.85483870967742,0.3799139784946237,0.18,0.096,0,,0.0,0.0,36.89694444444444,0.0,674.8222222222222,0.0,337.4111111111111
2023-05-11 19:00:00,19,0,3,False,-0.18222222222222226,0.0,-0.956388888888889,37.044444444444444,481.3222222222222,59.993167444444445,21.750555686111113,19.178333552777776,0.0,37.044444444444444,-0.18222222222222226,0,37.044444444444444,36.86222222222222,481.3222222222222,59.993167444444445,36.86222222222222,0.0,0.5918009333333344,0.0,0.0,0.9777777777777777,39.41935483870967,0.38543369175627235,0.18,0.096,0,,0.0,0.0,36.86222222222222,0.0,674.8222222222222,0.0,337.4111111111111
2023-05-11 20:00:00,20,0,3,False,-0.18916666666666668,0.0,-0.9994444444444444,37.03611111111111,483.06111111111113,59.993917233333335,21.433888622222224,18.991111094444445,0.0,37.03611111111111,-0.18916666666666668,0,37.03611111111111,36.846944444444446,483.06111111111113,59.993917233333335,36.846944444444446,0.0,0.5927006800000015,0.0,0.0,0.9777777777777777,39.016129032258064,0.38149103942652324,0.18,0.096,0,,0.0,0.0,36.846944444444446,0.0,674.8222222222222,0.0,337.4111111111111
2023-05-11 21:00:00,21,0,3,False,-0.17500000000000002,0.0,-0.9563888888888887,37.03611111111111,483.24444444444447,60.004555374999995,21.171666666666663,18.726944624999998,0.0,37.03611111111111,-0.17500000000000002,0,37.03611111111111,36.861111111111114,483.24444444444447,60.004555374999995,36.861111111111114,0.0,0.5945335500000055,0.0,0.0,0.9777777777777777,39.83870967741935,0.38953405017921144,0.18,0.096,0,,0.0,0.0,36.861111111111114,0.0,674.8222222222222,0.0,337.4111111111111
2023-05-11 22:00:00,22,0,3,False,-0.18,0.0,-1.0002777777777776,37.022222222222226,484.93888888888887,60.014249425,20.80111117222222,18.46333330277778,0.0,37.022222222222226,-0.18,0,37.022222222222226,36.842222222222226,484.93888888888887,60.014249425,36.842222222222226,0.0,0.5829006899999968,0.0,0.0,0.9777777777777777,39.54838709677419,0.38669534050179205,0.18,0.096,0,,0.0,0.0,36.842222222222226,0.0,674.8222222222222,0.0,337.4111111111111
2023-05-11 23:00:00,23,0,3,False,-0.17027777777777778,0.0,-0.9691666666666666,37.013888888888886,484.93055555555554,60.01086073611111,20.393055500000003,18.189166666666665,0.0,37.013888888888886,-0.17027777777777778,0,37.013888888888886,36.84361111111111,484.93055555555554,60.01086073611111,36.84361111111111,0.0,0.5869671166666649,0.0,0.0,0.9777777777777777,40.11290322580645,0.39221505376344085,0.12,0.08,0,,0.0,0.0,36.84361111111111,0.0,674.8222222222222,0.0,337.4111111111111
2023-05-12 00:00:00,0,0,4,False,-0.155,0.0,-0.9177777777777777,37.02777777777778,484.47777777777776,60.00511056666667,19.936944494444443,17.906388583333335,0.0,37.02777777777778,-0.155,0,37.02777777777778,36.87277777777778,484.47777777777776,60.00511056666667,36.87277777777778,0.0,0.5938673199999925,0.0,0.0,0.9777777777777777,41.0,0.40088888888888885,0.12,0.08,0,,0.0,0.0,36.87277777777778,0.0,674.8222222222222,0.0,337.4111111111111
2023-05-12 01:00:00,1,0,4,False,-0.1527777777777778,0.0,-0.9258333333333334,37.0,484.84444444444443,59.991805938888895,19.40916671388889,17.616944783333334,0.0,37.0,-0.1527777777777778,0,37.0,36.84722222222222,484.84444444444443,59.991805938888895,36.84722222222222,0.0,0.5901671266666738,0.0,0.0,0.9777777777777777,41.12903225806451,0.40215053763440856,0.12,0.08,0,,0.0,0.0,36.84722222222222,0.0,674.8222222222222,0.0,337.4111111111111
2023-05-12 02:00:00,2,0,4,False,-0.14944444444444444,0.0,-0.9088888888888889,37.21666666666667,484.6777777777778,59.99527815833333,18.849166725,17.327777647222224,0.0,37.21666666666667,-0.14944444444444444,0,37.21666666666667,37.06722222222223,484.6777777777778,59.99527815833333,37.06722222222223,0.0,0.5943337899999932,0.0,0.0,0.9777777777777777,41.322580645161295,0.40404301075268817,0.12,0.08,0,,0.0,0.0,37.06722222222223,0.0,674.8222222222222,0.0,337.4111111111111
2023-05-12 03:00:00,3,0,4,False,-0.14472222222222222,0.0,-0.8911111111111112,37.205555555555556,484.7388888888889,59.994778225,18.264722191666667,17.021111158333333,0.0,37.205555555555556,-0.14472222222222222,0,37.205555555555556,37.060833333333335,484.7388888888889,59.994778225,37.060833333333335,0.0,0.5937338699999969,0.0,0.0,0.9777777777777777,41.596774193548384,0.4067240143369175,0.12,0.08,0,,0.0,0.0,37.060833333333335,0.0,674.8222222222222,0.0,337.4111111111111
2023-05-12 04:00:00,4,0,4,False,-0.12944444444444442,0.0,-0.8522222222222221,37.34444444444444,483.375,59.99777804166667,17.691666719444445,16.739721999999997,0.0,37.34444444444444,-0.12944444444444442,0,37.34444444444444,37.214999999999996,483.375,59.99777804166667,37.214999999999996,0.0,0.5973336500000045,0.0,0.0,0.9777777777777777,42.483870967741936,0.4153978494623656,0.12,0.08,0,,0.0,0.0,37.214999999999996,0.0,674.8222222222222,0.0,337.4111111111111
2023-05-12 05:00:00,5,0,4,False,-0.12944444444444445,0.0,-0.8438888888888889,37.21944444444444,485.48055555555555,59.99577800833333,17.205555530555554,16.449166583333334,0.0,37.21944444444444,-0.12944444444444445,0,37.21944444444444,37.089999999999996,485.48055555555555,59.99577800833333,37.089999999999996,0.0,0.5949336099999982,0.0,0.0,0.9777777777777777,42.483870967741936,0.4153978494623656,0.12,0.08,0,,0.0,0.0,37.089999999999996,0.0,674.8222222222222,0.0,337.4111111111111
2023-05-12 06:00:00,6,0,4,False,-0.12444444444444445,0.0,-0.8466666666666666,37.2,486.05,59.99430545277777,16.7855555,16.201666683333332,0.0,37.2,-0.12444444444444445,0,37.2,37.07555555555556,486.05,59.99430545277777,37.07555555555556,0.0,0.5931665433333279,0.0,0.0,0.9777777777777777,42.774193548387096,0.4182365591397849,0.18,0.096,0,,0.0,0.0,37.07555555555556,0.0,674.8222222222222,0.0,337.4111111111111
2023-05-12 07:00:00,7,0,4,False,-0.11472222222222221,0.0,-0.8294444444444443,37.105555555555554,485.90277777777777,60.009805283333336,16.412221933333335,16.045277777777777,0.0,37.105555555555554,-0.11472222222222221,0,37.105555555555554,36.990833333333335,485.90277777777777,60.009805283333336,36.990833333333335,0.0,0.5882336599999973,0.0,0.0,0.9777777777777777,43.33870967741936,0.4237562724014337,0.18,0.096,0,,0.0,0.0,36.990833333333335,0.0,674.8222222222222,0.0,337.4111111111111
2023-05-12 08:00:00,8,0,4,False,-0.10083333333333334,0.0,-0.8036111111111112,37.00833333333333,484.7611111111111,60.00236106388889,16.144722469444442,15.905000000000003,0.0,37.00833333333333,-0.10083333333333334,0,37.00833333333333,36.9075,484.7611111111111,60.00236106388889,36.9075,0.0,0.5971667233333307,0.0,0.0,0.9777777777777777,44.14516129032258,0.43164157706093187,0.18,0.096,0,,0.0,0.0,36.9075,0.0,674.8222222222222,0.0,337.4111111111111
2023-05-12 09:00:00,9,0,4,False,-0.10833333333333334,0.0,-0.8138888888888889,37.03333333333333,482.4861111111111,59.99250048611112,16.09361128611111,15.83166666666667,0.0,37.03333333333333,-0.10833333333333334,0,37.03333333333333,36.925,482.4861111111111,59.99250048611112,36.925,0.0,0.5910005833333428,0.0,0.0,0.9777777777777777,43.70967741935484,0.4273835125448029,0.18,0.096,0,,0.0,0.0,36.925,0.0,674.8222222222222,0.0,337.4111111111111
2023-05-12 10:00:00,10,0,4,False,-0.11916666666666668,0.0,-0.8391666666666667,37.025,484.5527777777778,60.00311090555555,16.23805587777778,15.842222222222224,0.0,37.025,-0.11916666666666668,0,37.025,36.905833333333334,484.5527777777778,60.00311090555555,36.905833333333334,0.0,0.5962669133333378,0.0,0.0,0.9777777777777777,43.08064516129032,0.42123297491039424,0.18,0.096,0,,0.0,0.0,36.905833333333334,0.0,674.8222222222222,0.0,337.4111111111111
2023-05-12 11:00:00,11,0,4,False,-0.12083333333333333,0.0,-0.8333333333333334,37.03055555555556,484.00555555555553,60.01052774444444,16.466388880555556,16.011111111111113,0.0,37.03055555555556,-0.12083333333333333,0,37.03055555555556,36.90972222222223,484.00555555555553,60.01052774444444,36.90972222222223,0.0,0.587366706666674,0.0,0.0,0.9777777777777777,42.983870967741936,0.4202867383512545,0.12,0.08,0,,0.0,0.0,36.90972222222223,0.0,674.8222222222222,0.0,337.4111111111111
2023-05-12 12:00:00,12,0,4,False,-0.10805555555555557,0.0,-0.7883333333333332,37.041666666666664,482.55,59.99780573333333,16.650277886111112,16.068333391666666,0.0,37.041666666666664,-0.10805555555555557,0,37.041666666666664,36.933611111111105,482.55,59.99780573333333,36.933611111111105,0.0,0.5973668799999956,0.0,0.0,0.9777777777777777,43.725806451612904,0.4275412186379928,0.12,0.08,0,,0.0,0.0,36.933611111111105,0.0,674.8222222222222,0.0,337.4111111111111
2023-05-12 13:00:00,13,0,4,False,-0.12638888888888888,0.0,-0.8524999999999999,37.016666666666666,482.2916666666667,60.00099998055555,16.831110422222228,16.18444521388889,0.0,37.016666666666666,-0.12638888888888888,0,37.016666666666666,36.890277777777776,482.2916666666667,60.00099998055555,36.890277777777776,0.0,0.5988000233333423,0.0,0.0,0.9777777777777777,42.66129032258065,0.4171326164874552,0.12,0.08,0,,0.0,0.0,36.890277777777776,0.0,674.8222222222222,0.0,337.4111111111111
2023-05-12 14:00:00,14,0,4,False,-0.12638888888888888,0.0,-0.81,37.03055555555556,481.25555555555553,59.99713895277778,17.04027795,16.378888744444446,0.0,37.03055555555556,-0.12638888888888888,0,37.03055555555556,36.90416666666667,481.25555555555553,59.99713895277778,36.90416666666667,0.0,0.5965667433333379,0.0,0.0,0.9777777777777777,42.66129032258065,0.4171326164874552,0.12,0.08,0,,0.0,0.0,36.90416666666667,0.0,674.8222222222222,0.0,337.4111111111111
2023-05-12 15:00:00,15,0,4,False,-0.13583333333333336,-0.030555555555555555,-0.9008333333333334,37.03611111111111,480.8861111111111,59.98733405277778,17.46861117777778,16.746388819444444,0.0,37.03611111111111,-0.13583333333333336,0,37.03611111111111,36.90027777777778,480.8861111111111,59.98733405277778,36.90027777777778,0.0,0.5848008633333392,0.0,0.0,0.9777777777777777,42.11290322580645,0.41177060931899634,0.12,0.08,0,,0.0,0.0,36.90027777777778,0.0,674.8222222222222,0.0,337.4111111111111
2023-05-12 16:00:00,16,0,4,False,-0.13527777777777777,-0.07777777777777778,-0.8638888888888889,37.016666666666666,481.64166666666665,59.994583516666665,17.96805541388889,16.933333233333336,0.0,37.016666666666666,-0.13527777777777777,0,37.016666666666666,36.881388888888885,481.64166666666665,59.994583516666665,36.881388888888885,0.0,0.5935002199999985,0.0,0.0,0.9777777777777777,42.14516129032258,0.41208602150537627,0.12,0.08,0,,0.0,0.0,36.881388888888885,0.0,674.8222222222222,0.0,337.4111111111111
2023-05-12 17:00:00,17,0,4,False,-0.14027777777777778,-0.08888888888888889,-0.9049999999999999,37.016666666666666,485.6277777777778,60.000888894444444,18.11222235,16.83638825277778,0.0,37.016666666666666,-0.14027777777777778,0,37.016666666666666,36.87638888888889,485.6277777777778,60.000888894444444,36.87638888888889,0.0,0.5989333266666677,0.0,0.0,0.9777777777777777,41.854838709677416,0.4092473118279569,0.12,0.08,0,,0.0,0.0,36.87638888888889,0.0,674.8222222222222,0.0,337.4111111111111
2023-05-12 18:00:00,18,0,4,False,-0.14333333333333334,0.0,-0.8952777777777778,37.00277777777778,486.05833333333334,60.00152764166667,18.06222222222222,16.799443547222225,0.0,37.00277777777778,-0.14333333333333334,0,37.00277777777778,36.85944444444445,486.05833333333334,60.00152764166667,36.85944444444445,0.0,0.5981668299999967,0.0,0.0,0.9777777777777777,41.67741935483871,0.4075125448028674,0.18,0.096,0,,0.0,0.0,36.85944444444445,0.0,674.8222222222222,0.0,337.4111111111111
2023-05-12 19:00:00,19,0,4,False,-0.13972222222222222,0.0,-0.8880555555555555,37.0,485.88055555555553,60.00224981944445,17.76333380277778,16.6688892,0.0,37.0,-0.13972222222222222,0,37.0,36.860277777777775,485.88055555555553,60.00224981944445,36.860277777777775,0.0,0.5973002166666589,0.0,0.0,0.9777777777777777,41.88709677419355,0.4095627240143369,0.18,0.096,0,,0.0,0.0,36.860277777777775,0.0,674.8222222222222,0.0,337.4111111111111
2023-05-12 20:00:00,20,0,4,False,-0.14944444444444444,0.0,-0.9241666666666665,37.0,486.3027777777778,60.000777688888896,17.43333341388889,16.435555472222223,0.0,37.0,-0.14944444444444444,0,37.0,36.85055555555556,486.3027777777778,60.000777688888896,36.85055555555556,0.0,0.5990667733333254,0.0,0.0,0.9777777777777777,41.322580645161295,0.40404301075268817,0.18,0.096,0,,0.0,0.0,36.85055555555556,0.0,674.8222222222222,0.0,337.4111111111111
2023-05-12 21:00:00,21,0,4,False,-0.1377777777777778,0.0,-0.8980555555555554,37.0,486.2944444444444,60.0103328861111,16.91527773888889,16.188055558333332,0.0,37.0,-0.1377777777777778,0,37.0,36.86222222222222,486.2944444444444,60.0103328861111,36.86222222222222,0.0,0.5876005366666789,0.0,0.0,0.9777777777777777,42.0,0.4106666666666666,0.18,0.096,0,,0.0,0.0,36.86222222222222,0.0,674.8222222222222,0.0,337.4111111111111
2023-05-12 22:00:00,22,0,4,False,-0.13833333333333334,0.0,-0.8711111111111111,37.02777777777778,483.4277777777778,60.0130550638889,16.387222272222225,15.94777777777778,0.0,37.02777777777778,-0.13833333333333334,0,37.02777777777778,36.88944444444444,483.4277777777778,60.0130550638889,36.88944444444444,0.0,0.584333923333321,0.0,0.0,0.9777777777777777,41.96774193548387,0.4103512544802867,0.18,0.096,0,,0.0,0.0,36.88944444444444,0.0,674.8222222222222,0.0,337.4111111111111
2023-05-12 23:00:00,23,0,4,False,-0.1302777777777778,0.0,-0.854722222222222,37.0,484.3611111111111,60.01705507222222,15.8725,15.696666666666665,0.0,37.0,-0.1302777777777778,0,37.0,36.86972222222222,484.3611111111111,60.01705507222222,36.86972222222222,0.0,0.5795339133333357,0.0,0.0,0.9777777777777777,42.435483870967744,0.4149247311827957,0.12,0.08,0,,0.0,0.0,36.86972222222222,0.0,674.8222222222222,0.0,337.4111111111111
2023-05-13 00:00:00,0,0,5,True,-0.1275,0.0,-0.8555555555555555,37.00555555555555,485.9611111111111,60.01491607222223,15.322222222222223,15.438611111111113,0.0,37.00555555555555,-0.1275,0,37.00555555555555,36.878055555555555,485.9611111111111,60.01491607222223,36.878055555555555,0.0,0.5821007133333268,0.0,0.0,0.9777777777777777,42.596774193548384,0.41650179211469535,0.12,0.08,0,,0.0,0.0,36.878055555555555,0.0,674.8222222222222,0.0,337.4111111111111
2023-05-13 01:00:00,1,0,5,True,-0.11333333333333333,0.0,-0.826111111111111,37.00277777777778,485.575,60.00538868333333,14.784722222222221,15.183333333333334,0.0,37.00277777777778,-0.11333333333333333,0,37.00277777777778,36.88944444444444,485.575,60.00538868333333,36.88944444444444,0.0,0.5935335800000047,0.0,0.0,0.9777777777777777,43.41935483870968,0.4245448028673835,0.12,0.08,0,,0.0,0.0,36.88944444444444,0.0,674.8222222222222,0.0,337.4111111111111
2023-05-13 02:00:00,2,0,5,True,-0.11805555555555555,0.0,-0.833611111111111,37.00833333333333,485.1277777777778,59.999666955555554,14.245000000000003,14.903888888888893,0.0,37.00833333333333,-0.11805555555555555,0,37.00833333333333,36.890277777777776,485.1277777777778,59.999666955555554,36.890277777777776,0.0,0.599600346666665,0.0,0.0,0.9777777777777777,43.145161290322584,0.4218637992831541,0.12,0.08,0,,0.0,0.0,36.890277777777776,0.0,674.8222222222222,0.0,337.4111111111111
2023-05-13 03:00:00,3,0,5,True,-0.10527777777777778,0.0,-0.8155555555555555,37.00555555555555,485.09166666666664,59.992722805555566,13.713055555555558,14.617499999999998,0.0,37.00555555555555,-0.10527777777777778,0,37.00555555555555,36.900277777777774,485.09166666666664,59.992722805555566,36.900277777777774,0.0,0.5912673666666791,0.0,0.0,0.9777777777777777,43.88709677419355,0.4291182795698925,0.12,0.08,0,,0.0,0.0,36.900277777777774,0.0,674.8222222222222,0.0,337.4111111111111
2023-05-13 04:00:00,4,0,5,True,-0.0825,0.0,-0.7644444444444444,37.013888888888886,482.78333333333336,59.98858381111111,13.190277777777778,14.333611111111113,0.0,37.013888888888886,-0.0825,0,37.013888888888886,36.93138888888888,482.78333333333336,59.98858381111111,36.93138888888888,0.0,0.5863005733333352,0.0,0.0,0.9777777777777777,45.20967741935484,0.4420501792114695,0.12,0.08,0,,0.0,0.0,36.93138888888888,0.0,674.8222222222222,0.0,337.4111111111111
2023-05-13 05:00:00,5,0,5,True,-0.07333333333333333,0.0,-0.7116666666666668,37.016666666666666,482.56388888888887,59.996027908333325,12.683888888888891,14.046388888888886,0.0,37.016666666666666,-0.07333333333333333,0,37.016666666666666,36.943333333333335,482.56388888888887,59.996027908333325,36.943333333333335,0.0,0.5952334899999897,0.0,0.0,0.9777777777777777,45.74193548387097,0.4472544802867383,0.12,0.08,0,,0.0,0.0,36.943333333333335,0.0,674.8222222222222,0.0,337.4111111111111
2023-05-13 06:00:00,6,0,5,True,-0.08638888888888889,0.0,-0.7747222222222223,37.00277777777778,484.1388888888889,59.9907224888889,12.246944444444443,13.784722222222221,0.0,37.00277777777778,-0.08638888888888889,0,37.00277777777778,36.91638888888889,484.1388888888889,59.9907224888889,36.91638888888889,0.0,0.5888669866666788,0.0,0.0,0.9777777777777777,44.983870967741936,0.43984229390681,0.18,0.096,0,,0.0,0.0,36.91638888888889,0.0,674.8222222222222,0.0,337.4111111111111
2023-05-13 07:00:00,7,0,5,True,-0.08555555555555555,0.0,-0.7475,37.00277777777778,484.3222222222222,59.997750191666675,11.878888888888888,13.550555555555553,0.0,37.00277777777778,-0.08555555555555555,0,37.00277777777778,36.91722222222222,484.3222222222222,59.997750191666675,36.91722222222222,0.0,0.5973002300000104,0.0,0.0,0.9777777777777777,45.03225806451613,0.44031541218637993,0.18,0.096,0,,0.0,0.0,36.91722222222222,0.0,674.8222222222222,0.0,337.4111111111111
2023-05-13 08:00:00,8,0,5,True,-0.07250000000000001,0.0,-0.7369444444444443,37.016666666666666,483.9611111111111,59.996972525000004,11.606666666666666,13.376111111111115,0.0,37.016666666666666,-0.07250000000000001,0,37.016666666666666,36.94416666666667,483.9611111111111,59.996972525000004,36.94416666666667,0.0,0.5963670300000047,0.0,0.0,0.9777777777777777,45.79032258064516,0.4477275985663082,0.18,0.096,0,,0.0,0.0,36.94416666666667,0.0,674.8222222222222,0.0,337.4111111111111
2023-05-13 09:00:00,9,0,5,True,-0.07277777777777777,0.0,-0.7319444444444444,37.025,483.1277777777778,59.991806322222224,11.485833333333336,13.20111111111111,0.0,37.025,-0.07277777777777777,0,37.025,36.95222222222222,483.1277777777778,59.991806322222224,36.95222222222222,0.0,0.5901675866666692,0.0,0.0,0.9777777777777777,45.774193548387096,0.4475698924731183,0.18,0.096,0,,0.0,0.0,36.95222222222222,0.0,674.8222222222222,0.0,337.4111111111111
2023-05-13 10:00:00,10,0,5,True,-0.08694444444444445,0.0,-0.7908333333333335,37.022222222222226,485.1777777777778,59.98847283888889,11.499722222222221,13.103611111111109,0.0,37.022222222222226,-0.08694444444444445,0,37.022222222222226,36.935277777777785,485.1777777777778,59.98847283888889,36.935277777777785,0.0,0.5861674066666666,0.0,0.0,0.9777777777777777,44.95161290322581,0.4395268817204301,0.18,0.096,0,,0.0,0.0,36.935277777777785,0.0,674.8222222222222,0.0,337.4111111111111
2023-05-13 11:00:00,11,0,5,True,-0.06722222222222222,0.0,-0.7208333333333333,37.0,483.76666666666665,60.00058341944445,11.636666666666663,13.136388888888884,0.0,37.0,-0.06722222222222222,0,37.0,36.93277777777778,483.76666666666665,60.00058341944445,36.93277777777778,0.0,0.5992998966666562,0.0,0.0,0.9777777777777777,46.096774193548384,0.4507240143369175,0.12,0.08,0,,0.0,0.0,36.93277777777778,0.0,674.8222222222222,0.0,337.4111111111111
2023-05-13 12:00:00,12,0,5,True,-0.08638888888888889,0.0,-0.7652777777777777,37.0,481.94444444444446,60.00577725555556,12.028888888888888,13.36138888888889,0.0,37.0,-0.08638888888888889,0,37.0,36.91361111111111,481.94444444444446,60.00577725555556,36.91361111111111,0.0,0.5930672933333312,0.0,0.0,0.9777777777777777,44.983870967741936,0.43984229390681,0.12,0.08,0,,0.0,0.0,36.91361111111111,0.0,674.8222222222222,0.0,337.4111111111111
2023-05-13 13:00:00,13,0,5,True,-0.08361111111111111,0.0,-0.7799999999999999,37.0,485.75,59.99958320833333,12.471388888888885,13.553888888888885,0.0,37.0,-0.08361111111111111,0,37.0,36.91638888888889,485.75,59.99958320833333,36.91638888888889,0.0,0.5994998499999923,0.0,0.0,0.9777777777777777,45.145161290322584,0.4414193548387097,0.12,0.08,0,,0.0,0.0,36.91638888888889,0.0,674.8222222222222,0.0,337.4111111111111
2023-05-13 14:00:00,14,0,5,True,-0.08916666666666664,0.0,-0.7733333333333333,37.0,485.3611111111111,59.994222502777774,12.91333333333333,13.833888888888891,0.0,37.0,-0.08916666666666664,0,37.0,36.910833333333336,485.3611111111111,59.994222502777774,36.910833333333336,0.0,0.5930670033333285,0.0,0.0,0.9777777777777777,44.822580645161295,0.43826523297491043,0.12,0.08,0,,0.0,0.0,36.910833333333336,0.0,674.8222222222222,0.0,337.4111111111111
2023-05-13 15:00:00,15,0,5,True,-0.09416666666666666,0.0,-0.7780555555555556,37.00277777777778,483.2083333333333,59.995472569444445,13.343888888888891,14.011111111111111,0.0,37.00277777777778,-0.09416666666666666,0,37.00277777777778,36.908611111111114,483.2083333333333,59.995472569444445,36.908611111111114,0.0,0.5945670833333337,0.0,0.0,0.9777777777777777,44.53225806451613,0.43542652329749104,0.12,0.08,0,,0.0,0.0,36.908611111111114,0.0,674.8222222222222,0.0,337.4111111111111
2023-05-13 16:00:00,16,0,5,True,-0.1,0.0,-0.8016666666666667,37.0,485.8333333333333,59.98977805833333,13.574444444444442,14.07972222222222,0.0,37.0,-0.1,0,37.0,36.9,485.8333333333333,59.98977805833333,36.9,0.0,0.5877336699999943,0.0,0.0,0.9777777777777777,44.193548387096776,0.4321146953405018,0.12,0.08,0,,0.0,0.0,36.9,0.0,674.8222222222222,0.0,337.4111111111111
2023-05-13 17:00:00,17,0,5,True,-0.08944444444444445,0.0,-0.8052777777777778,37.0,486.5861111111111,59.997972483333335,13.735277777777778,14.070833333333331,0.0,37.0,-0.08944444444444445,0,37.0,36.910555555555554,486.5861111111111,59.997972483333335,36.910555555555554,0.0,0.597566980000002,0.0,0.0,0.9777777777777777,44.806451612903224,0.4381075268817204,0.12,0.08,0,,0.0,0.0,36.910555555555554,0.0,674.8222222222222,0.0,337.4111111111111
2023-05-13 18:00:00,18,0,5,True,-0.10500000000000001,0.0,-0.8108333333333333,37.0,486.8333333333333,59.99719483611112,13.788333333333334,14.035555555555554,0.0,37.0,-0.10500000000000001,0,37.0,36.895,486.8333333333333,59.99719483611112,36.895,0.0,0.5966338033333443,0.0,0.0,0.9777777777777777,43.903225806451616,0.42927598566308245,0.18,0.096,0,,0.0,0.0,36.895,0.0,674.8222222222222,0.0,337.4111111111111
2023-05-13 19:00:00,19,0,5,True,-0.10055555555555556,0.0,-0.793611111111111,37.0,484.75555555555553,60.008249355555556,13.693055555555556,13.938611111111113,0.0,37.0,-0.10055555555555556,0,37.0,36.89944444444444,484.75555555555553,60.008249355555556,36.89944444444444,0.0,0.590100773333333,0.0,0.0,0.9777777777777777,44.16129032258064,0.4317992831541218,0.18,0.096,0,,0.0,0.0,36.89944444444444,0.0,674.8222222222222,0.0,337.4111111111111
2023-05-13 20:00:00,20,0,5,True,-0.09722222222222222,0.0,-0.7808333333333333,37.0,485.475,60.01413815833334,13.474444444444448,13.815,0.0,37.0,-0.09722222222222222,0,37.0,36.90277777777778,485.475,60.01413815833334,36.90277777777778,0.0,0.5830342099999939,0.0,0.0,0.9777777777777777,44.354838709677416,0.4336917562724014,0.18,0.096,0,,0.0,0.0,36.90277777777778,0.0,674.8222222222222,0.0,337.4111111111111
2023-05-13 21:00:00,21,0,5,True,-0.0925,0.0,-0.8008333333333334,37.0,487.6611111111111,60.025694036111105,13.270555555555555,13.67083333333333,0.0,37.0,-0.0925,0,37.0,36.9075,487.6611111111111,60.025694036111105,36.9075,0.0,0.5691671566666742,0.0,0.0,0.9777777777777777,44.62903225806451,0.43637275985663077,0.18,0.096,0,,0.0,0.0,36.9075,0.0,674.8222222222222,0.0,337.4111111111111
2023-05-13 22:00:00,22,0,5,True,-0.08444444444444445,0.0,-0.7625,37.08888888888889,482.2111111111111,60.01669406111111,12.993611111111113,13.498055555555556,0.0,37.08888888888889,-0.08444444444444445,0,37.08888888888889,37.004444444444445,482.2111111111111,60.01669406111111,37.004444444444445,0.0,0.5799671266666678,0.0,0.0,0.9777777777777777,45.096774193548384,0.4409462365591397,0.18,0.096,0,,0.0,0.0,37.004444444444445,0.0,674.8222222222222,0.0,337.4111111111111
2023-05-13 23:00:00,23,0,5,True,-0.07777777777777778,0.0,-0.75,37.025,480.75555555555553,60.01980527222222,12.70222222222222,13.305555555555555,0.0,37.025,-0.07777777777777778,0,37.025,36.94722222222222,480.75555555555553,60.01980527222222,36.94722222222222,0.0,0.5762336733333342,0.0,0.0,0.9777777777777777,45.483870967741936,0.4447311827956989,0.12,0.08,0,,0.0,0.0,36.94722222222222,0.0,674.8222222222222,0.0,337.4111111111111
2023-05-14 00:00:00,0,0,6,True,-0.08666666666666667,0.0,-0.7575000000000002,37.03611111111111,480.8833333333333,60.010888322222215,12.396111111111113,13.126666666666667,0.0,37.03611111111111,-0.08666666666666667,0,37.03611111111111,36.949444444444445,480.8833333333333,60.010888322222215,36.949444444444445,0.0,0.5869340133333424,0.0,0.0,0.9777777777777777,44.96774193548387,0.4396845878136201,0.12,0.08,0,,0.0,0.0,36.949444444444445,0.0,674.8222222222222,0.0,337.4111111111111
2023-05-14 01:00:00,1,0,6,True,-0.07694444444444444,0.0,-0.7322222222222223,37.06944444444444,482.7083333333333,59.99402795833333,12.103888888888887,12.953055555555556,0.0,37.06944444444444,-0.07694444444444444,0,37.06944444444444,36.9925,482.7083333333333,59.99402795833333,36.9925,0.0,0.5928335499999917,0.0,0.0,0.9777777777777777,45.53225806451613,0.4452043010752688,0.12,0.08,0,,0.0,0.0,36.9925,0.0,674.8222222222222,0.0,337.4111111111111
2023-05-14 02:00:00,2,0,6,True,-0.085,0.0,-0.7711111111111112,37.016666666666666,483.84722222222223,59.99875007777777,11.785833333333333,12.780277777777776,0.0,37.016666666666666,-0.085,0,37.016666666666666,36.931666666666665,483.84722222222223,59.99875007777777,36.931666666666665,0.0,0.5985000933333253,0.0,0.0,0.9777777777777777,45.064516129032256,0.4406308243727598,0.12,0.08,0,,0.0,0.0,36.931666666666665,0.0,674.8222222222222,0.0,337.4111111111111
2023-05-14 03:00:00,3,0,6,True,-0.07194444444444444,0.0,-0.7366666666666668,37.019444444444446,483.31666666666666,59.992861575,11.463333333333335,12.584444444444443,0.0,37.019444444444446,-0.07194444444444444,0,37.019444444444446,36.9475,483.31666666666666,59.992861575,36.9475,0.0,0.591433889999999,0.0,0.0,0.9777777777777777,45.82258064516129,0.44804301075268815,0.12,0.08,0,,0.0,0.0,36.9475,0.0,674.8222222222222,0.0,337.4111111111111
2023-05-14 04:00:00,4,0,6,True,-0.08416666666666667,0.0,-0.7727777777777779,37.013888888888886,484.27777777777777,59.985223008333335,11.1375,12.384166666666667,0.0,37.013888888888886,-0.08416666666666667,0,37.013888888888886,36.92972222222222,484.27777777777777,59.985223008333335,36.92972222222222,0.0,0.5822676100000024,0.0,0.0,0.9777777777777777,45.11290322580645,0.4411039426523297,0.12,0.08,0,,0.0,0.0,36.92972222222222,0.0,674.8222222222222,0.0,337.4111111111111
2023-05-14 05:00:00,5,0,6,True,-0.061388888888888896,0.0,-0.7486111111111111,37.025,485.9111111111111,59.986750355555564,10.80027777777778,12.171388888888892,0.0,37.025,-0.061388888888888896,0,37.025,36.963611111111106,485.9111111111111,59.986750355555564,36.963611111111106,0.0,0.5841004266666772,0.0,0.0,0.9777777777777777,46.435483870967744,0.4540358422939068,0.12,0.08,0,,0.0,0.0,36.963611111111106,0.0,674.8222222222222,0.0,337.4111111111111
2023-05-14 06:00:00,6,0,6,True,-0.0775,0.0,-0.7594444444444444,37.019444444444446,486.05,59.991972672222225,10.494166666666665,11.964722222222223,0.0,37.019444444444446,-0.0775,0,37.019444444444446,36.941944444444445,486.05,59.991972672222225,36.941944444444445,0.0,0.5903672066666701,0.0,0.0,0.9777777777777777,45.5,0.4448888888888889,0.18,0.096,0,,0.0,0.0,36.941944444444445,0.0,674.8222222222222,0.0,337.4111111111111
2023-05-14 07:00:00,7,0,6,True,-0.05694444444444444,0.0,-0.683888888888889,37.00833333333333,484.875,60.01266636944444,10.249722222222223,11.806111111111107,0.0,37.00833333333333,-0.05694444444444444,0,37.00833333333333,36.951388888888886,484.875,60.01266636944444,36.951388888888886,0.0,0.5848003566666733,0.0,0.0,0.9777777777777777,46.693548387096776,0.4565591397849463,0.18,0.096,0,,0.0,0.0,36.951388888888886,0.0,674.8222222222222,0.0,337.4111111111111
2023-05-14 08:00:00,8,0,6,True,-0.06138888888888888,0.0,-0.7155555555555556,37.05833333333333,484.5,59.99602790555556,10.199722222222224,11.724166666666669,0.0,37.05833333333333,-0.06138888888888888,0,37.05833333333333,36.99694444444444,484.5,59.99602790555556,36.99694444444444,0.0,0.5952334866666689,0.0,0.0,0.9777777777777777,46.435483870967744,0.4540358422939068,0.18,0.096,0,,0.0,0.0,36.99694444444444,0.0,674.8222222222222,0.0,337.4111111111111
2023-05-14 09:00:00,9,0,6,True,-0.05861111111111111,0.0,-0.7177777777777778,37.00277777777778,484.21944444444443,60.007193986111105,10.286944444444446,11.69361111111111,0.0,37.00277777777778,-0.05861111111111111,0,37.00277777777778,36.94416666666667,484.21944444444443,60.007193986111105,36.94416666666667,0.0,0.5913672166666742,0.0,0.0,0.9777777777777777,46.596774193548384,0.4556129032258064,0.18,0.096,0,,0.0,0.0,36.94416666666667,0.0,674.8222222222222,0.0,337.4111111111111
2023-05-14 10:00:00,10,0,6,True,-0.07333333333333333,0.0,-0.7491666666666666,9.316666666666666,481.53055555555557,59.99033390277778,10.884166666666667,11.822222222222223,0.0,9.316666666666666,-0.07333333333333333,0,9.316666666666666,9.243333333333332,481.53055555555557,59.99033390277778,9.243333333333332,0.0,0.5884006833333331,0.0,0.0,0.9777777777777777,45.74193548387097,0.4472544802867383,0.18,0.096,0,,0.0,0.0,9.243333333333332,0.0,674.8222222222222,0.0,337.4111111111111
2023-05-14 11:00:00,11,0,6,True,-0.07722222222222222,0.0,-0.7494444444444444,-1.1527777777777777,482.8861111111111,60.01599965833332,11.786666666666669,12.316388888888891,0.0,0.0,-0.07722222222222222,0,0.0,-0.07722222222222222,482.8861111111111,60.01599965833332,0.0,0.07722222222222222,0.5808004100000147,0.0,0.0,0.9777777777777777,45.516129032258064,0.4450465949820788,0.12,0.08,0,,0.0,0.0,-0.07722222222222222,0.0,674.8222222222222,0.0,337.4111111111111
2023-05-14 12:00:00,12,0,6,True,-0.07722222222222222,0.0,-0.7497222222222222,-1.0,482.6166666666667,59.99591673888889,12.76027777777778,12.844722222222224,0.0,0.0,-0.07722222222222222,0,0.0,-0.07722222222222222,482.6166666666667,59.99591673888889,0.0,0.07722222222222222,0.5951000866666646,0.0,0.0,0.9777777777777777,45.516129032258064,0.4450465949820788,0.12,0.08,0,,0.0,0.0,-0.07722222222222222,0.0,674.8222222222222,0.0,337.4111111111111
2023-05-14 13:00:00,13,0,6,True,-0.0825,0.0,-0.7647222222222223,-1.0,482.2861111111111,59.99833357777777,13.53138888888889,13.342499999999998,0.0,0.0,-0.0825,0,0.0,-0.0825,482.2861111111111,59.99833357777777,0.0,0.0825,0.5980002933333253,0.0,0.0,0.9777777777777777,45.20967741935484,0.4420501792114695,0.12,0.08,0,,0.0,0.0,-0.0825,0.0,674.8222222222222,0.0,337.4111111111111
2023-05-14 14:00:00,14,0,6,True,-0.07138888888888889,0.0,-0.726111111111111,-1.9722222222222223,480.88055555555553,60.006305316666655,14.162222222222224,13.933333333333334,0.0,0.0,-0.07138888888888889,0,0.0,-0.07138888888888889,480.88055555555553,60.006305316666655,0.0,0.07138888888888889,0.5924336200000141,0.0,0.0,0.9777777777777777,45.854838709677416,0.448358422939068,0.12,0.08,0,,0.0,0.0,-0.07138888888888889,0.0,674.8222222222222,0.0,337.4111111111111
2023-05-14 15:00:00,15,0,6,True,-0.08472222222222223,-0.03333333333333333,-0.7766666666666667,-2.3194444444444446,481.46666666666664,60.000499975000004,14.760000000000002,14.380833333333332,0.0,0.0,-0.08472222222222223,0,0.0,-0.08472222222222223,481.46666666666664,60.000499975000004,0.0,0.08472222222222223,0.5994000299999953,0.0,0.0,0.9777777777777777,45.08064516129032,0.4407885304659498,0.12,0.08,0,,0.0,0.0,-0.08472222222222223,0.0,674.8222222222222,0.0,337.4111111111111
2023-05-14 16:00:00,16,0,6,True,-0.0963888888888889,-0.1,-0.8005555555555557,-2.4722222222222223,482.8333333333333,60.00791609444445,15.374444444444444,14.731388888888889,0.0,0.0,-0.0963888888888889,0,0.0,-0.0963888888888889,482.8333333333333,60.00791609444445,0.0,0.0963888888888889,0.5905006866666639,0.0,0.0,0.9777777777777777,44.403225806451616,0.4341648745519714,0.12,0.08,0,,0.0,0.0,-0.0963888888888889,0.0,674.8222222222222,0.0,337.4111111111111
2023-05-14 17:00:00,17,0,6,True,-0.10861111111111109,-0.13055555555555556,-0.8405555555555555,-2.3333333333333335,483.93611111111113,59.975722772222234,15.684444444444443,14.75888888888889,0.0,0.0,-0.10861111111111109,0,0.0,-0.10861111111111109,483.93611111111113,59.975722772222234,0.0,0.10861111111111109,0.5708673266666807,0.0,0.0,0.9777777777777777,43.693548387096776,0.4272258064516129,0.12,0.08,0,,0.0,0.0,-0.10861111111111109,0.0,674.8222222222222,0.0,337.4111111111111
2023-05-14 18:00:00,18,0,6,True,-0.10277777777777777,0.0,-0.8013888888888889,-14.722222222222221,484.6222222222222,59.986445236111116,15.789722222222222,14.80138888888889,0.0,0.0,-0.10277777777777777,0,0.0,-0.10277777777777777,484.6222222222222,59.986445236111116,0.0,0.10277777777777777,0.5837342833333394,0.0,0.0,0.9777777777777777,44.03225806451613,0.4305376344086021,0.18,0.096,0,,0.0,0.0,-0.10277777777777777,0.0,674.8222222222222,0.0,337.4111111111111
2023-05-14 19:00:00,19,0,6,True,-0.10638888888888888,0.0,-0.7991666666666668,-29.988888888888887,480.8638888888889,59.99450022777778,15.717777777777776,14.801666666666668,0.0,0.0,-0.10638888888888888,0,0.0,-0.10638888888888888,480.8638888888889,59.99450022777778,0.0,0.10638888888888888,0.5934002733333329,0.0,0.0,0.9777777777777777,43.82258064516129,0.4284874551971326,0.18,0.096,0,,0.0,0.0,-0.10638888888888888,0.0,674.8222222222222,0.0,337.4111111111111
2023-05-14 20:00:00,20,0,6,True,-0.11388888888888889,0.0,-0.8225,-22.16111111111111,480.725,60.00961022777778,15.555833333333334,14.779166666666667,0.0,0.0,-0.11388888888888889,0,0.0,-0.11388888888888889,480.725,60.00961022777778,0.0,0.11388888888888889,0.588467726666667,0.0,0.0,0.9777777777777777,43.38709677419355,0.42422939068100357,0.18,0.096,0,,0.0,0.0,-0.11388888888888889,0.0,674.8222222222222,0.0,337.4111111111111
2023-05-14 21:00:00,21,0,6,True,-0.10861111111111112,0.0,-0.8299999999999998,28.505555555555556,482.90833333333336,60.02124956388889,15.340833333333336,14.634444444444444,0.0,28.505555555555556,-0.10861111111111112,0,28.505555555555556,28.396944444444447,482.90833333333336,60.02124956388889,28.396944444444447,0.0,0.5745005233333359,0.0,0.0,0.9777777777777777,43.693548387096776,0.4272258064516129,0.18,0.096,0,,0.0,0.0,28.396944444444447,0.0,674.8222222222222,0.0,337.4111111111111
2023-05-14 22:00:00,22,0,6,True,-0.1088888888888889,0.0,-0.8294444444444445,37.975,486.59444444444443,60.030638605555545,14.98,14.478888888888887,0.0,37.975,-0.1088888888888889,0,37.975,37.86611111111111,486.59444444444443,60.030638605555545,37.86611111111111,0.0,0.563233673333346,0.0,0.0,0.9777777777777777,43.67741935483871,0.4270681003584229,0.18,0.096,0,,0.0,0.0,37.86611111111111,0.0,674.8222222222222,0.0,337.4111111111111
2023-05-14 23:00:00,23,0,6,True,-0.10861111111111112,0.0,-0.8291666666666667,37.99722222222222,487.02777777777777,60.01983284722222,14.673888888888884,14.31166666666667,0.0,37.99722222222222,-0.10861111111111112,0,37.99722222222222,37.88861111111111,487.02777777777777,60.01983284722222,37.88861111111111,0.0,0.5762005833333376,0.0,0.0,0.9777777777777777,43.693548387096776,0.4272258064516129,0.12,0.08,0,,0.0,0.0,37.88861111111111,0.0,674.8222222222222,0.0,337.4111111111111
2023-05-15 00:00:00,0,0,0,False,-0.09861111111111111,0.0,-0.8130555555555555,38.0,486.5805555555556,60.00499981944445,14.40611111111111,14.108888888888888,0.0,38.0,-0.09861111111111111,0,38.0,37.90138888888889,486.5805555555556,60.00499981944445,37.90138888888889,0.0,0.5940002166666601,0.0,0.0,0.9777777777777777,44.274193548387096,0.43290322580645163,0.12,0.08,0,,0.0,0.0,37.90138888888889,0.0,674.8222222222222,0.0,337.4111111111111
2023-05-15 01:00:00,1,0,0,False,-0.10111111111111112,0.0,-0.8002777777777779,37.894444444444446,486.48333333333335,60.004611225,14.011666666666667,13.899444444444445,0.0,37.894444444444446,-0.10111111111111112,0,37.894444444444446,37.79333333333334,486.48333333333335,60.004611225,37.79333333333334,0.0,0.5944665300000025,0.0,0.0,0.9777777777777777,44.12903225806451,0.4314838709677419,0.12,0.08,0,,0.0,0.0,37.79333333333334,0.0,674.8222222222222,0.0,337.4111111111111
2023-05-15 02:00:00,2,0,0,False,-0.09305555555555556,0.0,-0.7916666666666666,37.86388888888889,486.61944444444447,59.990306538888895,13.620277777777776,13.666944444444443,0.0,37.86388888888889,-0.09305555555555556,0,37.86388888888889,37.77083333333333,486.61944444444447,59.990306538888895,37.77083333333333,0.0,0.5883678466666736,0.0,0.0,0.9777777777777777,44.596774193548384,0.43605734767025084,0.12,0.08,0,,0.0,0.0,37.77083333333333,0.0,674.8222222222222,0.0,337.4111111111111
2023-05-15 03:00:00,3,0,0,False,-0.09694444444444446,0.0,-0.7925,37.775,486.8222222222222,59.97716727777778,13.201944444444443,13.440555555555557,0.0,37.775,-0.09694444444444446,0,37.775,37.67805555555555,486.8222222222222,59.97716727777778,37.67805555555555,0.0,0.572600733333337,0.0,0.0,0.9777777777777777,44.37096774193548,0.43384946236559135,0.12,0.08,0,,0.0,0.0,37.67805555555555,0.0,674.8222222222222,0.0,337.4111111111111
2023-05-15 04:00:00,4,0,0,False,-0.08527777777777779,0.0,-0.7763888888888889,37.68333333333333,487.00555555555553,59.97325032500001,12.734444444444446,13.2,0.0,37.68333333333333,-0.08527777777777779,0,37.68333333333333,37.598055555555554,487.00555555555553,59.97325032500001,37.598055555555554,0.0,0.5679003900000111,0.0,0.0,0.9777777777777777,45.04838709677419,0.44047311827956986,0.12,0.08,0,,0.0,0.0,37.598055555555554,0.0,674.8222222222222,0.0,337.4111111111111
2023-05-15 05:00:00,5,0,0,False,-0.08666666666666667,0.0,-0.7844444444444445,37.541666666666664,486.40833333333336,59.97469469166667,12.313055555555556,12.973611111111111,0.0,37.541666666666664,-0.08666666666666667,0,37.541666666666664,37.455,486.40833333333336,59.97469469166667,37.455,0.0,0.5696336300000041,0.0,0.0,0.9777777777777777,44.96774193548387,0.4396845878136201,0.12,0.08,0,,0.0,0.0,37.455,0.0,674.8222222222222,0.0,337.4111111111111
2023-05-15 06:00:00,6,0,0,False,-0.08166666666666667,0.0,-0.7738888888888888,37.62777777777778,484.1972222222222,59.9709170138889,11.928055555555556,12.771111111111109,0.0,37.62777777777778,-0.08166666666666667,0,37.62777777777778,37.54611111111112,484.1972222222222,59.9709170138889,37.54611111111112,0.0,0.5651004166666809,0.0,0.0,0.9777777777777777,45.25806451612903,0.4425232974910394,0.18,0.096,0,,0.0,0.0,37.54611111111112,0.0,674.8222222222222,0.0,337.4111111111111
2023-05-15 07:00:00,7,0,0,False,-0.0786111111111111,0.0,-0.7433333333333334,35.352777777777774,485.36944444444447,59.992722461111114,11.774444444444443,12.695000000000002,0.0,35.352777777777774,-0.0786111111111111,0,35.352777777777774,35.274166666666666,485.36944444444447,59.992722461111114,35.274166666666666,0.0,0.5912669533333371,0.0,0.0,0.9777777777777777,45.435483870967744,0.44425806451612904,0.18,0.096,0,,0.0,0.0,35.274166666666666,0.0,674.8222222222222,0.0,337.4111111111111
2023-05-15 08:00:00,8,0,0,False,-0.0786111111111111,0.0,-0.7502777777777778,-1.5222222222222221,484.9583333333333,59.995305744444444,11.781666666666666,12.693333333333335,0.0,0.0,-0.0786111111111111,0,0.0,-0.0786111111111111,484.9583333333333,59.995305744444444,0.0,0.0786111111111111,0.5943668933333327,0.0,0.0,0.9777777777777777,45.435483870967744,0.44425806451612904,0.18,0.096,0,,0.0,0.0,-0.0786111111111111,0.0,674.8222222222222,0.0,337.4111111111111
2023-05-15 09:00:00,9,0,0,False,-0.07833333333333334,0.0,-0.7630555555555557,-1.0,483.175,59.988472763888886,11.967222222222224,12.7425,0.0,0.0,-0.07833333333333334,0,0.0,-0.07833333333333334,483.175,59.988472763888886,0.0,0.07833333333333334,0.5861673166666633,0.0,0.0,0.9777777777777777,45.45161290322581,0.44441577060931897,0.18,0.096,0,,0.0,0.0,-0.07833333333333334,0.0,674.8222222222222,0.0,337.4111111111111
2023-05-15 10:00:00,10,0,0,False,-0.08055555555555556,-0.030555555555555555,-0.7588888888888888,-1.0,481.675,59.99716706666666,12.693333333333335,12.923333333333332,0.0,0.0,-0.08055555555555556,0,0.0,-0.08055555555555556,481.675,59.99716706666666,0.0,0.08055555555555556,0.596600479999995,0.0,0.0,0.9777777777777777,45.32258064516129,0.4431541218637992,0.18,0.096,0,,0.0,0.0,-0.08055555555555556,0.0,674.8222222222222,0.0,337.4111111111111
2023-05-15 11:00:00,11,0,0,False,-0.07888888888888888,-0.03333333333333333,-0.7627777777777779,-1.0,483.3833333333333,59.99197254166666,13.639444444444443,13.485833333333332,0.0,0.0,-0.07888888888888888,0,0.0,-0.07888888888888888,483.3833333333333,59.99197254166666,0.0,0.07888888888888888,0.5903670499999947,0.0,0.0,0.9777777777777777,45.41935483870968,0.4441003584229391,0.12,0.08,0,,0.0,0.0,-0.07888888888888888,0.0,674.8222222222222,0.0,337.4111111111111
2023-05-15 12:00:00,12,0,0,False,-0.10138888888888889,-0.1,-0.7997222222222221,-1.0,480.8333333333333,60.00811055833332,14.653055555555554,14.125,0.0,0.0,-0.10138888888888889,0,0.0,-0.10138888888888889,480.8333333333333,60.00811055833332,0.0,0.10138888888888889,0.5902673300000145,0.0,0.0,0.9777777777777777,44.11290322580645,0.43132616487455194,0.12,0.08,0,,0.0,0.0,-0.10138888888888889,0.0,674.8222222222222,0.0,337.4111111111111
2023-05-15 13:00:00,13,0,0,False,-0.08277777777777778,-0.10833333333333334,-0.7594444444444444,-1.0,479.6722222222222,59.99744461388889,15.378333333333332,14.709444444444443,0.0,0.0,-0.08277777777777778,0,0.0,-0.08277777777777778,479.6722222222222,59.99744461388889,0.0,0.08277777777777778,0.5969335366666655,0.0,0.0,0.9777777777777777,45.193548387096776,0.44189247311827956,0.12,0.08,0,,0.0,0.0,-0.08277777777777778,0.0,674.8222222222222,0.0,337.4111111111111
2023-05-15 14:00:00,14,0,0,False,-0.09027777777777778,-0.10555555555555556,-0.7794444444444445,-1.0,478.5361111111111,60.00094438333333,16.041666677777776,15.28972222222222,0.0,0.0,-0.09027777777777778,0,0.0,-0.09027777777777778,478.5361111111111,60.00094438333333,0.0,0.09027777777777778,0.5988667400000082,0.0,0.0,0.9777777777777777,44.75806451612903,0.4376344086021505,0.12,0.08,0,,0.0,0.0,-0.09027777777777778,0.0,674.8222222222222,0.0,337.4111111111111
2023-05-15 15:00:00,15,0,0,False,-0.1,-0.16944444444444445,-0.8030555555555556,-1.0,482.18333333333334,59.99083385833334,16.736944383333334,15.835277777777778,0.0,0.0,-0.1,0,0.0,-0.1,482.18333333333334,59.99083385833334,0.0,0.1,0.5890006300000067,0.0,0.0,0.9777777777777777,44.193548387096776,0.4321146953405018,0.12,0.08,0,,0.0,0.0,-0.1,0.0,674.8222222222222,0.0,337.4111111111111
2023-05-15 16:00:00,16,0,0,False,-0.11138888888888891,-0.3277777777777778,-0.8269444444444446,-1.0,482.5777777777778,60.002527672222215,17.355555586111112,16.16305614722222,0.0,0.0,-0.11138888888888891,0,0.0,-0.11138888888888891,482.5777777777778,60.002527672222215,0.0,0.11138888888888891,0.5969667933333426,0.0,0.0,0.9777777777777777,43.53225806451613,0.4256487455197132,0.12,0.08,0,,0.0,0.0,-0.11138888888888891,0.0,674.8222222222222,0.0,337.4111111111111
2023-05-15 17:00:00,17,0,0,False,-0.12777777777777777,-0.32222222222222224,-0.8719444444444444,-1.0,485.01944444444445,60.01022166944444,17.718055736111108,16.333888680555557,0.0,0.0,-0.12777777777777777,0,0.0,-0.12777777777777777,485.01944444444445,60.01022166944444,0.0,0.12777777777777777,0.587733996666671,0.0,0.0,0.9777777777777777,42.58064516129032,0.41634408602150536,0.12,0.08,0,,0.0,0.0,-0.12777777777777777,0.0,674.8222222222222,0.0,337.4111111111111
2023-05-15 18:00:00,18,0,0,False,-0.13166666666666668,-0.13055555555555556,-0.8925000000000001,-1.0,484.75555555555553,60.01144390277777,17.974444375,16.545555605555553,0.0,0.0,-0.13166666666666668,0,0.0,-0.13166666666666668,484.75555555555553,60.01144390277777,0.0,0.13166666666666668,0.5862673166666752,0.0,0.0,0.9777777777777777,42.354838709677416,0.4141362007168458,0.18,0.096,0,,0.0,0.0,-0.13166666666666668,0.0,674.8222222222222,0.0,337.4111111111111
2023-05-15 19:00:00,19,0,0,False,-0.1361111111111111,0.0,-0.8888888888888888,-1.0,481.1,60.009138308333334,18.121389102777776,16.749444330555555,0.0,0.0,-0.1361111111111111,0,0.0,-0.1361111111111111,481.1,60.009138308333334,0.0,0.1361111111111111,0.5890340299999991,0.0,0.0,0.9777777777777777,42.096774193548384,0.4116129032258064,0.18,0.096,0,,0.0,0.0,-0.1361111111111111,0.0,674.8222222222222,0.0,337.4111111111111
2023-05-15 20:00:00,20,0,0,False,-0.1313888888888889,0.0,-0.8947222222222221,-1.0,485.3305555555556,60.006444025,18.191667566666663,16.837499375,0.0,0.0,-0.1313888888888889,0,0.0,-0.1313888888888889,485.3305555555556,60.006444025,0.0,0.1313888888888889,0.5922671699999995,0.0,0.0,0.9777777777777777,42.37096774193549,0.41429390681003586,0.18,0.096,0,,0.0,0.0,-0.1313888888888889,0.0,674.8222222222222,0.0,337.4111111111111
2023-05-15 21:00:00,21,0,0,False,-0.14944444444444446,0.0,-0.9308333333333334,-1.0,486.3777777777778,60.01216599166666,18.13555591111111,16.85388842777778,0.0,0.0,-0.14944444444444446,0,0.0,-0.14944444444444446,486.3777777777778,60.01216599166666,0.0,0.14944444444444446,0.5854008100000044,0.0,0.0,0.9777777777777777,41.32258064516129,0.40404301075268817,0.18,0.096,0,,0.0,0.0,-0.14944444444444446,0.0,674.8222222222222,0.0,337.4111111111111
2023-05-15 22:00:00,22,0,0,False,-0.14555555555555558,0.0,-0.9138888888888889,-1.15,485.8722222222222,60.02041613611111,18.00111111111111,16.81388802777778,0.0,0.0,-0.14555555555555558,0,0.0,-0.14555555555555558,485.8722222222222,60.02041613611111,0.0,0.14555555555555558,0.5755006366666692,0.0,0.0,0.9777777777777777,41.54838709677419,0.40625089605734765,0.18,0.096,0,,0.0,0.0,-0.14555555555555558,0.0,674.8222222222222,0.0,337.4111111111111
2023-05-15 23:00:00,23,0,0,False,-0.13,0.0,-0.8549999999999999,-1.8194444444444444,479.69444444444446,60.02052734444444,17.771388927777778,16.746388786111112,0.0,0.0,-0.13,0,0.0,-0.13,479.69444444444446,60.02052734444444,0.0,0.13,0.5753671866666735,0.0,0.0,0.9777777777777777,42.45161290322581,0.4150824372759857,0.12,0.08,0,,0.0,0.0,-0.13,0.0,674.8222222222222,0.0,337.4111111111111
2023-05-16 00:00:00,0,0,1,False,-0.12305555555555554,0.0,-0.8513888888888889,-1.0027777777777778,480.59444444444443,60.008221674999994,17.489166608333335,16.586111216666666,0.0,0.0,-0.12305555555555554,0,0.0,-0.12305555555555554,480.59444444444443,60.008221674999994,0.0,0.12305555555555554,0.5901339900000068,0.0,0.0,0.9777777777777777,42.85483870967742,0.4190250896057348,0.12,0.08,0,,0.0,0.0,-0.12305555555555554,0.0,674.8222222222222,0.0,337.4111111111111
2023-05-16 01:00:00,1,0,1,False,-0.13333333333333333,0.0,-0.8772222222222221,-1.0027777777777778,480.4888888888889,60.00624979722222,17.15444466388889,16.419999916666672,0.0,0.0,-0.13333333333333333,0,0.0,-0.13333333333333333,480.4888888888889,60.00624979722222,0.0,0.13333333333333333,0.592500243333339,0.0,0.0,0.9777777777777777,42.25806451612903,0.4131899641577061,0.12,0.08,0,,0.0,0.0,-0.13333333333333333,0.0,674.8222222222222,0.0,337.4111111111111
2023-05-16 02:00:00,2,0,1,False,-0.12111111111111114,0.0,-0.8377777777777778,-1.0277777777777777,481.78055555555557,60.00111103055555,16.92277745,16.247222186111113,0.0,0.0,-0.12111111111111114,0,0.0,-0.12111111111111114,481.78055555555557,60.00111103055555,0.0,0.12111111111111114,0.5986667633333411,0.0,0.0,0.9777777777777777,42.96774193548387,0.4201290322580645,0.12,0.08,0,,0.0,0.0,-0.12111111111111114,0.0,674.8222222222222,0.0,337.4111111111111
2023-05-16 03:00:00,3,0,1,False,-0.11083333333333335,0.0,-0.8208333333333333,-1.925,481.85277777777776,59.9965002,16.579166894444445,16.075555602777776,0.0,0.0,-0.11083333333333335,0,0.0,-0.11083333333333335,481.85277777777776,59.9965002,0.0,0.11083333333333335,0.5958002399999998,0.0,0.0,0.9777777777777777,43.564516129032256,0.42596415770609314,0.12,0.08,0,,0.0,0.0,-0.11083333333333335,0.0,674.8222222222222,0.0,337.4111111111111
2023-05-16 04:00:00,4,0,1,False,-0.11250000000000002,0.0,-0.8236111111111111,-1.1444444444444444,481.34722222222223,59.9777506138889,16.175555608333333,15.876111111111113,0.0,0.0,-0.11250000000000002,0,0.0,-0.11250000000000002,481.34722222222223,59.9777506138889,0.0,0.11250000000000002,0.5733007366666811,0.0,0.0,0.9777777777777777,43.46774193548387,0.4250179211469534,0.12,0.08,0,,0.0,0.0,-0.11250000000000002,0.0,674.8222222222222,0.0,337.4111111111111
2023-05-16 05:00:00,5,0,1,False,-0.10805555555555557,0.0,-0.8319444444444445,-1.0027777777777778,479.625,59.99908348333333,15.800833333333332,15.659444444444443,0.0,0.0,-0.10805555555555557,0,0.0,-0.10805555555555557,479.625,59.99908348333333,0.0,0.10805555555555557,0.5989001799999955,0.0,0.0,0.9777777777777777,43.725806451612904,0.4275412186379928,0.12,0.08,0,,0.0,0.0,-0.10805555555555557,0.0,674.8222222222222,0.0,337.4111111111111
2023-05-16 06:00:00,6,0,1,False,-0.09611111111111112,0.0,-0.7888888888888889,-1.5361111111111112,483.4916666666667,59.99480606944445,15.461388888888889,15.441944444444445,0.0,0.0,-0.09611111111111112,0,0.0,-0.09611111111111112,483.4916666666667,59.99480606944445,0.0,0.09611111111111112,0.5937672833333408,0.0,0.0,0.9777777777777777,44.41935483870968,0.43432258064516127,0.18,0.096,0,,0.0,0.0,-0.09611111111111112,0.0,674.8222222222222,0.0,337.4111111111111
2023-05-16 07:00:00,7,0,1,False,-0.10027777777777779,0.0,-0.8016666666666667,-1.5361111111111112,482.3333333333333,59.98919486111111,15.291944444444445,15.406388888888891,0.0,0.0,-0.10027777777777779,0,0.0,-0.10027777777777779,482.3333333333333,59.98919486111111,0.0,0.10027777777777779,0.5870338333333308,0.0,0.0,0.9777777777777777,44.17741935483871,0.4319569892473118,0.18,0.096,0,,0.0,0.0,-0.10027777777777779,0.0,674.8222222222222,0.0,337.4111111111111
2023-05-16 08:00:00,8,0,1,False,-0.09333333333333334,-0.19444444444444445,-0.8052777777777778,-1.011111111111111,482.44166666666666,60.002194355555545,15.333333333333334,15.486666666666666,0.0,0.0,-0.09333333333333334,0,0.0,-0.09333333333333334,482.44166666666666,60.002194355555545,0.0,0.09333333333333334,0.5973667733333456,0.0,0.0,0.9777777777777777,44.58064516129032,0.4358996415770609,0.18,0.096,0,,0.0,0.0,-0.09333333333333334,0.0,674.8222222222222,0.0,337.4111111111111
2023-05-16 09:00:00,9,0,1,False,-0.09805555555555555,-0.16111111111111112,-0.7858333333333334,-1.0,480.81388888888887,60.003333225,15.588611111111113,15.647777777777774,0.0,0.0,-0.09805555555555555,0,0.0,-0.09805555555555555,480.81388888888887,60.003333225,0.0,0.09805555555555555,0.5960001300000016,0.0,0.0,0.9777777777777777,44.306451612903224,0.4332186379928315,0.18,0.096,0,,0.0,0.0,-0.09805555555555555,0.0,674.8222222222222,0.0,337.4111111111111
2023-05-16 10:00:00,10,0,1,False,-0.09694444444444446,-0.15555555555555556,-0.7983333333333332,-1.4277777777777778,479.72222222222223,59.99933341388889,16.375000008333334,15.910277805555557,0.0,0.0,-0.09694444444444446,0,0.0,-0.09694444444444446,479.72222222222223,59.99933341388889,0.0,0.09694444444444446,0.5992000966666694,0.0,0.0,0.9777777777777777,44.37096774193548,0.43384946236559135,0.18,0.096,0,,0.0,0.0,-0.09694444444444446,0.0,674.8222222222222,0.0,337.4111111111111
2023-05-16 11:00:00,11,0,1,False,-0.10444444444444445,-0.2638888888888889,-0.7991666666666668,-2.1694444444444443,476.93888888888887,60.00461082222221,17.349166669444443,16.502499994444445,0.0,0.0,-0.10444444444444445,0,0.0,-0.10444444444444445,476.93888888888887,60.00461082222221,0.0,0.10444444444444445,0.594467013333346,0.0,0.0,0.9777777777777777,43.935483870967744,0.4295913978494624,0.12,0.08,0,,0.0,0.0,-0.10444444444444445,0.0,674.8222222222222,0.0,337.4111111111111
2023-05-16 12:00:00,12,0,1,False,-0.11583333333333334,-0.30833333333333335,-0.8236111111111111,-1.0,477.5527777777778,60.00908290555555,18.34000008888889,17.224722188888887,0.0,0.0,-0.11583333333333334,0,0.0,-0.11583333333333334,477.5527777777778,60.00908290555555,0.0,0.11583333333333334,0.5891005133333379,0.0,0.0,0.9777777777777777,43.274193548387096,0.4231254480286738,0.12,0.08,0,,0.0,0.0,-0.11583333333333334,0.0,674.8222222222222,0.0,337.4111111111111
2023-05-16 13:00:00,13,0,1,False,-0.12583333333333335,-0.5166666666666667,-0.8594444444444443,-1.0277777777777777,481.6,60.01811032499999,19.222222133333332,17.94555558611111,0.0,0.0,-0.12583333333333335,0,0.0,-0.12583333333333335,481.6,60.01811032499999,0.0,0.12583333333333335,0.5782676100000145,0.0,0.0,0.9777777777777777,42.693548387096776,0.4174480286738351,0.12,0.08,0,,0.0,0.0,-0.12583333333333335,0.0,674.8222222222222,0.0,337.4111111111111
2023-05-16 14:00:00,14,0,1,False,-0.14222222222222222,-0.6,-0.9083333333333333,-1.0,480.8361111111111,60.00505511388888,19.954166866666665,18.551389075,0.0,0.0,-0.14222222222222222,0,0.0,-0.14222222222222222,480.8361111111111,60.00505511388888,0.0,0.14222222222222222,0.5939338633333449,0.0,0.0,0.9777777777777777,41.74193548387097,0.4081433691756272,0.12,0.08,0,,0.0,0.0,-0.14222222222222222,0.0,674.8222222222222,0.0,337.4111111111111
2023-05-16 15:00:00,15,0,1,False,-0.15583333333333332,-0.5527777777777778,-0.9258333333333334,-1.0027777777777778,481.43333333333334,60.02119411388889,20.548611305555557,18.9602776,0.0,0.0,-0.15583333333333332,0,0.0,-0.15583333333333332,481.43333333333334,60.02119411388889,0.0,0.15583333333333332,0.5745670633333333,0.0,0.0,0.9777777777777777,40.95161290322581,0.400415770609319,0.12,0.08,0,,0.0,0.0,-0.15583333333333332,0.0,674.8222222222222,0.0,337.4111111111111
2023-05-16 16:00:00,16,0,1,False,-0.15555555555555556,-0.5916666666666667,-0.9244444444444443,-1.0,482.8388888888889,60.016583000000004,20.973333202777777,19.286944480555558,0.0,0.0,-0.15555555555555556,0,0.0,-0.15555555555555556,482.8388888888889,60.016583000000004,0.0,0.15555555555555556,0.5801003999999949,0.0,0.0,0.9777777777777777,40.96774193548387,0.4005734767025089,0.12,0.08,0,,0.0,0.0,-0.15555555555555556,0.0,674.8222222222222,0.0,337.4111111111111
2023-05-16 17:00:00,17,0,1,False,-0.16666666666666666,-0.5333333333333333,-0.9569444444444445,-1.6861111111111111,481.8666666666667,60.00691634722222,21.33888881388889,19.542500066666666,0.0,0.0,-0.16666666666666666,0,0.0,-0.16666666666666666,481.8666666666667,60.00691634722222,0.0,0.16666666666666666,0.5917003833333325,0.0,0.0,0.9777777777777777,40.322580645161295,0.3942652329749104,0.12,0.08,0,,0.0,0.0,-0.16666666666666666,0.0,674.8222222222222,0.0,337.4111111111111
2023-05-16 18:00:00,18,0,1,False,-0.17444444444444446,-0.3388888888888889,-1.0086111111111111,-1.163888888888889,483.625,60.00499992777778,21.612500380555552,19.700000766666662,0.0,0.0,-0.17444444444444446,0,0.0,-0.17444444444444446,483.625,60.00499992777778,0.0,0.17444444444444446,0.5940000866666623,0.0,0.0,0.9777777777777777,39.87096774193549,0.3898494623655914,0.18,0.096,0,,0.0,0.0,-0.17444444444444446,0.0,674.8222222222222,0.0,337.4111111111111
2023-05-16 19:00:00,19,0,1,False,-0.18166666666666667,-0.17222222222222222,-0.965,-1.0055555555555555,480.97777777777776,60.00733303888889,21.76694421388889,19.789999408333337,0.0,0.0,-0.18166666666666667,0,0.0,-0.18166666666666667,480.97777777777776,60.00733303888889,0.0,0.18166666666666667,0.5912003533333348,0.0,0.0,0.9777777777777777,39.45161290322581,0.3857491039426523,0.18,0.096,0,,0.0,0.0,-0.18166666666666667,0.0,674.8222222222222,0.0,337.4111111111111
2023-05-16 20:00:00,20,0,1,False,-0.17944444444444443,-0.17777777777777778,-0.971388888888889,-1.1472222222222221,482.8666666666667,59.99558340277778,21.93722217777778,19.871388597222225,0.0,0.0,-0.17944444444444443,0,0.0,-0.17944444444444443,482.8666666666667,59.99558340277778,0.0,0.17944444444444443,0.594700083333339,0.0,0.0,0.9777777777777777,39.58064516129032,0.387010752688172,0.18,0.096,0,,0.0,0.0,-0.17944444444444443,0.0,674.8222222222222,0.0,337.4111111111111
2023-05-16 21:00:00,21,0,1,False,-0.18166666666666667,-0.10555555555555556,-1.0077777777777777,-1.8444444444444446,484.80555555555554,60.000972086111105,22.021666666666665,19.85499955833334,0.0,0.0,-0.18166666666666667,0,0.0,-0.18166666666666667,484.80555555555554,60.000972086111105,0.0,0.18166666666666667,0.5988334966666741,0.0,0.0,0.9777777777777777,39.45161290322581,0.3857491039426523,0.18,0.096,0,,0.0,0.0,-0.18166666666666667,0.0,674.8222222222222,0.0,337.4111111111111
2023-05-16 22:00:00,22,0,1,False,-0.16999999999999998,0.0,-0.9669444444444445,-1.6555555555555554,481.925,60.00799934722222,22.015277777777776,19.776666208333335,0.0,0.0,-0.16999999999999998,0,0.0,-0.16999999999999998,481.925,60.00799934722222,0.0,0.16999999999999998,0.5904007833333395,0.0,0.0,0.9777777777777777,40.12903225806451,0.3923727598566308,0.18,0.096,0,,0.0,0.0,-0.16999999999999998,0.0,674.8222222222222,0.0,337.4111111111111
2023-05-16 23:00:00,23,0,1,False,-0.18277777777777782,0.0,-1.0027777777777778,-1.2305555555555556,481.1777777777778,59.99072209722222,21.98916666666667,19.68361182222222,0.0,0.0,-0.18277777777777782,0,0.0,-0.18277777777777782,481.1777777777778,59.99072209722222,0.0,0.18277777777777782,0.5888665166666612,0.0,0.0,0.9777777777777777,39.387096774193544,0.3851182795698924,0.12,0.08,0,,0.0,0.0,-0.18277777777777782,0.0,674.8222222222222,0.0,337.4111111111111
2023-05-17 00:00:00,0,0,2,False,-0.15805555555555556,0.0,-0.9333333333333333,-1.0,480.8638888888889,60.00183311944444,21.869444086111116,19.53500001388889,0.0,0.0,-0.15805555555555556,0,0.0,-0.15805555555555556,480.8638888888889,60.00183311944444,0.0,0.15805555555555556,0.5978002566666702,0.0,0.0,0.9777777777777777,40.82258064516129,0.3991541218637992,0.12,0.08,0,,0.0,0.0,-0.15805555555555556,0.0,674.8222222222222,0.0,337.4111111111111
2023-05-17 01:00:00,1,0,2,False,-0.16722222222222222,0.0,-0.961388888888889,-1.0027777777777778,483.1666666666667,60.009638152777775,21.727222677777775,19.38361091388889,0.0,0.0,-0.16722222222222222,0,0.0,-0.16722222222222222,483.1666666666667,60.009638152777775,0.0,0.16722222222222222,0.5884342166666698,0.0,0.0,0.9777777777777777,40.29032258064516,0.39394982078853047,0.12,0.08,0,,0.0,0.0,-0.16722222222222222,0.0,674.8222222222222,0.0,337.4111111111111
2023-05-17 02:00:00,2,0,2,False,-0.16416666666666668,0.0,-0.9683333333333334,-1.3222222222222222,483.775,60.008443980555555,21.63500038333333,19.22777799722222,0.0,0.0,-0.16416666666666668,0,0.0,-0.16416666666666668,483.775,60.008443980555555,0.0,0.16416666666666668,0.5898672233333343,0.0,0.0,0.9777777777777777,40.46774193548387,0.39568458781362004,0.12,0.08,0,,0.0,0.0,-0.16416666666666668,0.0,674.8222222222222,0.0,337.4111111111111
2023-05-17 03:00:00,3,0,2,False,-0.16666666666666666,0.0,-0.9766666666666667,-1.9666666666666666,483.59722222222223,60.00055562777777,21.475555555555555,19.075000041666666,0.0,0.0,-0.16666666666666666,0,0.0,-0.16666666666666666,483.59722222222223,60.00055562777777,0.0,0.16666666666666666,0.5993332466666743,0.0,0.0,0.9777777777777777,40.322580645161295,0.3942652329749104,0.12,0.08,0,,0.0,0.0,-0.16666666666666666,0.0,674.8222222222222,0.0,337.4111111111111
2023-05-17 04:00:00,4,0,2,False,-0.15194444444444447,0.0,-0.9269444444444445,-1.6194444444444445,483.39722222222224,59.99616696666668,21.174166705555553,18.84777745555556,0.0,0.0,-0.15194444444444447,0,0.0,-0.15194444444444447,483.39722222222224,59.99616696666668,0.0,0.15194444444444447,0.5954003600000135,0.0,0.0,0.9777777777777777,41.177419354838705,0.4026236559139785,0.12,0.08,0,,0.0,0.0,-0.15194444444444447,0.0,674.8222222222222,0.0,337.4111111111111
2023-05-17 05:00:00,5,0,2,False,-0.1638888888888889,0.0,-0.9613888888888888,-1.2166666666666666,485.31111111111113,60.00652789722222,20.91194414166667,18.607222563888886,0.0,0.0,-0.1638888888888889,0,0.0,-0.1638888888888889,485.31111111111113,60.00652789722222,0.0,0.1638888888888889,0.5921665233333356,0.0,0.0,0.9777777777777777,40.483870967741936,0.39584229390681,0.12,0.08,0,,0.0,0.0,-0.1638888888888889,0.0,674.8222222222222,0.0,337.4111111111111
2023-05-17 06:00:00,6,0,2,False,-0.1388888888888889,0.0,-0.9080555555555555,-1.3833333333333333,483.30555555555554,60.00094453888889,20.653333805555555,18.406944408333338,0.0,0.0,-0.1388888888888889,0,0.0,-0.1388888888888889,483.30555555555554,60.00094453888889,0.0,0.1388888888888889,0.5988665533333346,0.0,0.0,0.9777777777777777,41.935483870967744,0.4100358422939068,0.18,0.096,0,,0.0,0.0,-0.1388888888888889,0.0,674.8222222222222,0.0,337.4111111111111
2023-05-17 07:00:00,7,0,2,False,-0.13694444444444445,-0.06666666666666667,-0.8758333333333334,-1.55,481.84444444444443,59.977028036111115,20.450833333333335,18.32194368055556,0.0,0.0,-0.13694444444444445,0,0.0,-0.13694444444444445,481.84444444444443,59.977028036111115,0.0,0.13694444444444445,0.5724336433333377,0.0,0.0,0.9777777777777777,42.04838709677419,0.41113978494623654,0.18,0.096,0,,0.0,0.0,-0.13694444444444445,0.0,674.8222222222222,0.0,337.4111111111111
2023-05-17 08:00:00,8,0,2,False,-0.14166666666666666,-0.19722222222222222,-0.9049999999999999,-1.0,481.85555555555555,59.98961111111112,20.449722222222224,18.331665983333338,0.0,0.0,-0.14166666666666666,0,0.0,-0.14166666666666666,481.85555555555555,59.98961111111112,0.0,0.14166666666666666,0.5875333333333401,0.0,0.0,0.9777777777777777,41.774193548387096,0.40845878136200714,0.18,0.096,0,,0.0,0.0,-0.14166666666666666,0.0,674.8222222222222,0.0,337.4111111111111
2023-05-17 09:00:00,9,0,2,False,-0.15,-0.22777777777777777,-0.9316666666666666,-1.7694444444444444,484.39166666666665,60.000833225,20.64277780277778,18.411388855555558,0.0,0.0,-0.15,0,0.0,-0.15,484.39166666666665,60.000833225,0.0,0.15,0.5990001299999989,0.0,0.0,0.9777777777777777,41.29032258064516,0.40372759856630824,0.18,0.096,0,,0.0,0.0,-0.15,0.0,674.8222222222222,0.0,337.4111111111111
2023-05-17 10:00:00,10,0,2,False,-0.15666666666666668,-0.26666666666666666,-0.9541666666666667,-1.0555555555555556,484.05833333333334,60.00349984444444,21.361666780555556,18.604166822222222,0.0,0.0,-0.15666666666666668,0,0.0,-0.15666666666666668,484.05833333333334,60.00349984444444,0.0,0.15666666666666668,0.5958001866666706,0.0,0.0,0.9777777777777777,40.903225806451616,0.3999426523297491,0.18,0.096,0,,0.0,0.0,-0.15666666666666668,0.0,674.8222222222222,0.0,337.4111111111111
2023-05-17 11:00:00,11,0,2,False,-0.15416666666666667,-0.3111111111111111,-0.9258333333333332,-1.8333333333333333,483.43333333333334,60.00891620277777,22.038055505555555,19.09111109722222,0.0,0.0,-0.15416666666666667,0,0.0,-0.15416666666666667,483.43333333333334,60.00891620277777,0.0,0.15416666666666667,0.5893005566666772,0.0,0.0,0.9777777777777777,41.04838709677419,0.40136200716845877,0.12,0.08,0,,0.0,0.0,-0.15416666666666667,0.0,674.8222222222222,0.0,337.4111111111111
2023-05-17 12:00:00,12,0,2,False,-0.15250000000000002,-0.42777777777777776,-0.9380555555555555,-1.0,482.7916666666667,60.00066658055556,22.741944602777778,19.655277847222223,0.0,0.0,-0.15250000000000002,0,0.0,-0.15250000000000002,482.7916666666667,60.00066658055556,0.0,0.15250000000000002,0.5992001033333281,0.0,0.0,0.9777777777777777,41.14516129032258,0.4023082437275985,0.12,0.08,0,,0.0,0.0,-0.15250000000000002,0.0,674.8222222222222,0.0,337.4111111111111
2023-05-17 13:00:00,13,0,2,False,-0.16472222222222224,-0.5861111111111111,-0.951111111111111,-1.0027777777777778,479.75,60.01255503611111,23.449166675,20.265,0.0,0.0,-0.16472222222222224,0,0.0,-0.16472222222222224,479.75,60.01255503611111,0.0,0.16472222222222224,0.5849339566666686,0.0,0.0,0.9777777777777777,40.435483870967744,0.3953691756272401,0.12,0.08,0,,0.0,0.0,-0.16472222222222224,0.0,674.8222222222222,0.0,337.4111111111111
2023-05-17 14:00:00,14,0,2,False,-0.1713888888888889,-0.6111111111111112,-0.9674999999999999,-1.0,480.2527777777778,60.01197191111111,24.134722033333336,20.838611244444447,0.0,0.0,-0.1713888888888889,0,0.0,-0.1713888888888889,480.2527777777778,60.01197191111111,0.0,0.1713888888888889,0.5856337066666668,0.0,0.0,0.9777777777777777,40.04838709677419,0.39158422939068094,0.12,0.08,0,,0.0,0.0,-0.1713888888888889,0.0,674.8222222222222,0.0,337.4111111111111
2023-05-17 15:00:00,15,0,2,False,-0.1775,-0.6277777777777778,-0.9980555555555556,-1.0055555555555555,481.3777777777778,59.99749978055556,24.795833430555557,21.251388711111115,0.0,0.0,-0.1775,0,0.0,-0.1775,481.3777777777778,59.99749978055556,0.0,0.1775,0.596999736666669,0.0,0.0,0.9777777777777777,39.693548387096776,0.3881146953405018,0.12,0.08,0,,0.0,0.0,-0.1775,0.0,674.8222222222222,0.0,337.4111111111111
2023-05-17 16:00:00,16,0,2,False,-0.19083333333333335,-0.6083333333333333,-1.0008333333333332,-1.0,481.55833333333334,59.972000238888896,25.14750046388889,21.325277038888892,0.0,0.0,-0.19083333333333335,0,0.0,-0.19083333333333335,481.55833333333334,59.972000238888896,0.0,0.19083333333333335,0.5664002866666749,0.0,0.0,0.9777777777777777,38.91935483870968,0.3805448028673835,0.12,0.08,0,,0.0,0.0,-0.19083333333333335,0.0,674.8222222222222,0.0,337.4111111111111
2023-05-17 17:00:00,17,0,2,False,-0.19055555555555553,-0.5722222222222222,-1.0091666666666665,-1.8388888888888888,483.0111111111111,59.99405585277778,25.31305493611111,21.376110872222224,0.0,0.0,-0.19055555555555553,0,0.0,-0.19055555555555553,483.0111111111111,59.99405585277778,0.0,0.19055555555555553,0.5928670233333321,0.0,0.0,0.9777777777777777,38.935483870967744,0.3807025089605735,0.12,0.08,0,,0.0,0.0,-0.19055555555555553,0.0,674.8222222222222,0.0,337.4111111111111
2023-05-17 18:00:00,18,0,2,False,-0.20055555555555557,-0.4388888888888889,-1.0341666666666665,-1.0055555555555555,484.0083333333333,60.00011115277778,25.4361111,21.370833041666668,0.0,0.0,-0.20055555555555557,0,0.0,-0.20055555555555557,484.0083333333333,60.00011115277778,0.0,0.20055555555555557,0.5998666166666681,0.0,0.0,0.9777777777777777,38.35483870967742,0.37502508960573483,0.18,0.096,0,,0.0,0.0,-0.20055555555555557,0.0,674.8222222222222,0.0,337.4111111111111
2023-05-17 19:00:00,19,0,2,False,-0.2125,-0.15,-1.0666666666666664,-1.0555555555555556,483.15277777777777,59.98655629722222,25.445,21.255277763888888,0.0,0.0,-0.2125,0,0.0,-0.2125,483.15277777777777,59.98655629722222,0.0,0.2125,0.5838675566666666,0.0,0.0,0.9777777777777777,37.66129032258064,0.3682437275985663,0.18,0.096,0,,0.0,0.0,-0.2125,0.0,674.8222222222222,0.0,337.4111111111111
2023-05-17 20:00:00,20,0,2,False,-0.20638888888888893,0.0,-1.0416666666666667,-1.7,483.97777777777776,59.97861163333334,25.343888327777783,21.055000116666665,0.0,0.0,-0.20638888888888893,0,0.0,-0.20638888888888893,483.97777777777776,59.97861163333334,0.0,0.20638888888888893,0.5743339600000041,0.0,0.0,0.9777777777777777,38.016129032258064,0.37171326164874546,0.18,0.096,0,,0.0,0.0,-0.20638888888888893,0.0,674.8222222222222,0.0,337.4111111111111
2023-05-17 21:00:00,21,0,2,False,-0.2,0.0,-1.0375,-1.0611111111111111,482.3027777777778,59.9921116611111,25.181111638888886,20.84388865,0.0,0.0,-0.2,0,0.0,-0.2,482.3027777777778,59.9921116611111,0.0,0.2,0.5905339933333238,0.0,0.0,0.9777777777777777,38.38709677419355,0.3753405017921147,0.18,0.096,0,,0.0,0.0,-0.2,0.0,674.8222222222222,0.0,337.4111111111111
2023-05-17 22:00:00,22,0,2,False,-0.20277777777777778,0.0,-1.046111111111111,-1.8194444444444444,481.6138888888889,60.007666333333326,24.991388883333336,20.61277816111111,0.0,0.0,-0.20277777777777778,0,0.0,-0.20277777777777778,481.6138888888889,60.007666333333326,0.0,0.20277777777777778,0.590800400000009,0.0,0.0,0.9777777777777777,38.225806451612904,0.37376344086021507,0.18,0.096,0,,0.0,0.0,-0.20277777777777778,0.0,674.8222222222222,0.0,337.4111111111111
2023-05-17 23:00:00,23,0,2,False,-0.2033333333333334,0.0,-1.041111111111111,-1.1861111111111111,484.4222222222222,60.016666361111106,24.635833383333335,20.320833244444444,0.0,0.0,-0.2033333333333334,0,0.0,-0.2033333333333334,484.4222222222222,60.016666361111106,0.0,0.2033333333333334,0.5800003666666725,0.0,0.0,0.9777777777777777,38.19354838709677,0.3734480286738351,0.12,0.08,0,,0.0,0.0,-0.2033333333333334,0.0,674.8222222222222,0.0,337.4111111111111
2023-05-18 00:00:00,0,0,3,False,-0.1927777777777778,0.0,-1.0197222222222222,-1.1305555555555555,485.0833333333333,60.003221922222224,24.31972201111111,20.01305557222222,0.0,0.0,-0.1927777777777778,0,0.0,-0.1927777777777778,485.0833333333333,60.003221922222224,0.0,0.1927777777777778,0.5961336933333313,0.0,0.0,0.9777777777777777,38.806451612903224,0.37944086021505374,0.12,0.08,0,,0.0,0.0,-0.1927777777777778,0.0,674.8222222222222,0.0,337.4111111111111
2023-05-18 01:00:00,1,0,3,False,-0.19305555555555556,0.0,-1.0147222222222223,-1.3694444444444445,486.40833333333336,59.98175055000001,23.934444266666667,19.690833580555555,0.0,0.0,-0.19305555555555556,0,0.0,-0.19305555555555556,486.40833333333336,59.98175055000001,0.0,0.19305555555555556,0.5781006600000097,0.0,0.0,0.9777777777777777,38.79032258064516,0.37928315412186375,0.12,0.08,0,,0.0,0.0,-0.19305555555555556,0.0,674.8222222222222,0.0,337.4111111111111
2023-05-18 02:00:00,2,0,3,False,-0.19777777777777777,0.0,-1.0205555555555554,-2.558333333333333,486.11944444444447,59.999416422222225,23.590555913888885,19.44249994166667,0.0,0.0,-0.19777777777777777,0,0.0,-0.19777777777777777,486.11944444444447,59.999416422222225,0.0,0.19777777777777777,0.5992997066666703,0.0,0.0,0.9777777777777777,38.516129032258064,0.37660215053763435,0.12,0.08,0,,0.0,0.0,-0.19777777777777777,0.0,674.8222222222222,0.0,337.4111111111111
2023-05-18 03:00:00,3,0,3,False,-0.16666666666666669,0.0,-0.9427777777777777,-1.1555555555555554,484.3277777777778,59.99205620555555,23.200555444444444,19.196388969444442,0.0,0.0,-0.16666666666666669,0,0.0,-0.16666666666666669,484.3277777777778,59.99205620555555,0.0,0.16666666666666669,0.5904674466666592,0.0,0.0,0.9777777777777777,40.32258064516129,0.39426523297491034,0.12,0.08,0,,0.0,0.0,-0.16666666666666669,0.0,674.8222222222222,0.0,337.4111111111111
2023-05-18 04:00:00,4,0,3,False,-0.16194444444444447,0.0,-0.9086111111111111,-0.9972222222222222,479.0777777777778,59.99175061388889,22.76861125,18.92555529166667,0.0,0.0,-0.16194444444444447,0,0.0,-0.16194444444444447,479.0777777777778,59.99175061388889,0.0,0.16194444444444447,0.5901007366666675,0.0,0.0,0.9777777777777777,40.596774193548384,0.39694623655913974,0.12,0.08,0,,0.0,0.0,-0.16194444444444447,0.0,674.8222222222222,0.0,337.4111111111111
2023-05-18 05:00:00,5,0,3,False,-0.16083333333333336,0.0,-0.9227777777777777,-1.5138888888888888,481.56111111111113,60.021610724999995,22.29444456111111,18.651944838888884,0.0,0.0,-0.16083333333333336,0,0.0,-0.16083333333333336,481.56111111111113,60.021610724999995,0.0,0.16083333333333336,0.5740671300000059,0.0,0.0,0.9777777777777777,40.66129032258064,0.3975770609318996,0.12,0.08,0,,0.0,0.0,-0.16083333333333336,0.0,674.8222222222222,0.0,337.4111111111111
2023-05-18 06:00:00,6,0,3,False,-0.16361111111111112,0.0,-0.9391666666666667,-1.4527777777777777,482.3027777777778,60.004778308333336,21.911388602777777,18.444166666666668,0.0,0.0,-0.16361111111111112,0,0.0,-0.16361111111111112,482.3027777777778,60.004778308333336,0.0,0.16361111111111112,0.5942660299999971,0.0,0.0,0.9777777777777777,40.5,0.396,0.18,0.096,0,,0.0,0.0,-0.16361111111111112,0.0,674.8222222222222,0.0,337.4111111111111
2023-05-18 07:00:00,7,0,3,False,-0.14777777777777779,0.0,-0.9077777777777777,-1.5583333333333333,479.81666666666666,59.99725025555555,21.64888943333333,18.387222094444446,0.0,0.0,-0.14777777777777779,0,0.0,-0.14777777777777779,479.81666666666666,59.99725025555555,0.0,0.14777777777777779,0.5967003066666592,0.0,0.0,0.9777777777777777,41.41935483870968,0.404989247311828,0.18,0.096,0,,0.0,0.0,-0.14777777777777779,0.0,674.8222222222222,0.0,337.4111111111111
2023-05-18 08:00:00,8,0,3,False,-0.15083333333333332,-0.22777777777777777,-0.8997222222222222,-1.1388888888888888,483.14166666666665,60.00838831388889,21.51027777777778,18.39555550277778,0.0,0.0,-0.15083333333333332,0,0.0,-0.15083333333333332,483.14166666666665,60.00838831388889,0.0,0.15083333333333332,0.5899340233333362,0.0,0.0,0.9777777777777777,41.24193548387097,0.4032544802867383,0.18,0.096,0,,0.0,0.0,-0.15083333333333332,0.0,674.8222222222222,0.0,337.4111111111111
2023-05-18 09:00:00,9,0,3,False,-0.15444444444444444,-0.3388888888888889,-0.9066666666666666,-1.5194444444444444,484.03333333333336,60.00052773611112,21.655833444444443,18.50833335,0.0,0.0,-0.15444444444444444,0,0.0,-0.15444444444444444,484.03333333333336,60.00052773611112,0.0,0.15444444444444444,0.5993667166666597,0.0,0.0,0.9777777777777777,41.03225806451613,0.40120430107526883,0.18,0.096,0,,0.0,0.0,-0.15444444444444444,0.0,674.8222222222222,0.0,337.4111111111111
2023-05-18 10:00:00,10,0,3,False,-0.1625,-0.4361111111111111,-0.9283333333333333,-1.275,481.73333333333335,59.994722341666666,22.218611116666665,18.78222243888889,0.0,0.0,-0.1625,0,0.0,-0.1625,481.73333333333335,59.994722341666666,0.0,0.1625,0.5936668099999991,0.0,0.0,0.9777777777777777,40.564516129032256,0.3966308243727598,0.18,0.096,0,,0.0,0.0,-0.1625,0.0,674.8222222222222,0.0,337.4111111111111
2023-05-18 11:00:00,11,0,3,False,-0.16111111111111112,-0.5444444444444444,-0.9163888888888888,-1.0,481.31666666666666,60.01080503888888,22.889722380555558,19.233888927777777,0.0,0.0,-0.16111111111111112,0,0.0,-0.16111111111111112,481.31666666666666,60.01080503888888,0.0,0.16111111111111112,0.5870339533333407,0.0,0.0,0.9777777777777777,40.64516129032258,0.39741935483870966,0.12,0.08,0,,0.0,0.0,-0.16111111111111112,0.0,674.8222222222222,0.0,337.4111111111111
2023-05-18 12:00:00,12,0,3,False,-0.15361111111111111,-0.5611111111111111,-0.8994444444444445,-1.0138888888888888,480.52222222222224,60.003111005555546,23.568888758333333,19.700277955555553,0.0,0.0,-0.15361111111111111,0,0.0,-0.15361111111111111,480.52222222222224,60.003111005555546,0.0,0.15361111111111111,0.5962667933333449,0.0,0.0,0.9777777777777777,41.08064516129032,0.40167741935483864,0.12,0.08,0,,0.0,0.0,-0.15361111111111111,0.0,674.8222222222222,0.0,337.4111111111111
2023-05-18 13:00:00,13,0,3,False,-0.17916666666666667,-0.6611111111111111,-0.9758333333333332,-1.0,480.4972222222222,60.000888833333335,24.28527761388889,20.25277783611111,0.0,0.0,-0.17916666666666667,0,0.0,-0.17916666666666667,480.4972222222222,60.000888833333335,0.0,0.17916666666666667,0.5989333999999985,0.0,0.0,0.9777777777777777,39.596774193548384,0.38716845878136197,0.12,0.08,0,,0.0,0.0,-0.17916666666666667,0.0,674.8222222222222,0.0,337.4111111111111
2023-05-18 14:00:00,14,0,3,False,-0.18555555555555556,-0.6472222222222223,-0.9816666666666666,-1.4555555555555555,480.625,59.995444813888895,24.814166744444446,20.64805576111111,0.0,0.0,-0.18555555555555556,0,0.0,-0.18555555555555556,480.625,59.995444813888895,0.0,0.18555555555555556,0.594533776666674,0.0,0.0,0.9777777777777777,39.225806451612904,0.38354121863799284,0.12,0.08,0,,0.0,0.0,-0.18555555555555556,0.0,674.8222222222222,0.0,337.4111111111111
2023-05-18 15:00:00,15,0,3,False,-0.18583333333333335,-0.7305555555555555,-0.9888888888888889,-1.6972222222222222,478.9,59.99619481111111,25.248333255555554,20.92972203888889,0.0,0.0,-0.18583333333333335,0,0.0,-0.18583333333333335,478.9,59.99619481111111,0.0,0.18583333333333335,0.5954337733333318,0.0,0.0,0.9777777777777777,39.20967741935484,0.38338351254480285,0.12,0.08,0,,0.0,0.0,-0.18583333333333335,0.0,674.8222222222222,0.0,337.4111111111111
2023-05-18 16:00:00,16,0,3,False,-0.20083333333333336,-0.6861111111111111,-1.0255555555555558,-1.0,477.90833333333336,60.001944175,25.647222352777778,21.077500038888886,0.0,0.0,-0.20083333333333336,0,0.0,-0.20083333333333336,477.90833333333336,60.001944175,0.0,0.20083333333333336,0.5976669900000019,0.0,0.0,0.9777777777777777,38.33870967741935,0.3748673835125448,0.12,0.08,0,,0.0,0.0,-0.20083333333333336,0.0,674.8222222222222,0.0,337.4111111111111
2023-05-18 17:00:00,17,0,3,False,-0.20805555555555558,-0.5916666666666667,-1.0277777777777777,-0.9972222222222222,479.1,60.00011111666667,25.903055355555555,21.188889669444443,0.0,0.0,-0.20805555555555558,0,0.0,-0.20805555555555558,479.1,60.00011111666667,0.0,0.20805555555555558,0.5998666599999921,0.0,0.0,0.9777777777777777,37.91935483870968,0.37076702508960574,0.12,0.08,0,,0.0,0.0,-0.20805555555555558,0.0,674.8222222222222,0.0,337.4111111111111
2023-05-18 18:00:00,18,0,3,False,-0.2077777777777778,-0.5027777777777778,-1.0402777777777779,-1.0083333333333333,481.5472222222222,60.01030497777777,26.0,21.221667224999994,0.0,0.0,-0.2077777777777778,0,0.0,-0.2077777777777778,481.5472222222222,60.01030497777777,0.0,0.2077777777777778,0.5876340266666744,0.0,0.0,0.9777777777777777,37.93548387096774,0.3709247311827956,0.18,0.096,0,,0.0,0.0,-0.2077777777777778,0.0,674.8222222222222,0.0,337.4111111111111
2023-05-18 19:00:00,19,0,3,False,-0.21138888888888888,-0.10833333333333334,-1.0505555555555555,-1.2277777777777779,479.1777777777778,59.995028052777776,26.000833333333333,21.128611527777775,0.0,0.0,-0.21138888888888888,0,0.0,-0.21138888888888888,479.1777777777778,59.995028052777776,0.0,0.21138888888888888,0.5940336633333316,0.0,0.0,0.9777777777777777,37.725806451612904,0.3688745519713261,0.18,0.096,0,,0.0,0.0,-0.21138888888888888,0.0,674.8222222222222,0.0,337.4111111111111
2023-05-18 20:00:00,20,0,3,False,-0.21694444444444447,-0.030555555555555555,-1.077222222222222,-2.102777777777778,483.11944444444447,59.98263954722222,25.875833022222228,20.97138888611111,0.0,0.0,-0.21694444444444447,0,0.0,-0.21694444444444447,483.11944444444447,59.98263954722222,0.0,0.21694444444444447,0.5791674566666642,0.0,0.0,0.9777777777777777,37.403225806451616,0.3657204301075269,0.18,0.096,0,,0.0,0.0,-0.21694444444444447,0.0,674.8222222222222,0.0,337.4111111111111
2023-05-18 21:00:00,21,0,3,False,-0.22,-0.013888888888888888,-1.0938888888888887,-1.261111111111111,482.1972222222222,60.005749538888885,25.71555586111111,20.802221966666668,0.0,0.0,-0.22,0,0.0,-0.22,482.1972222222222,60.005749538888885,0.0,0.22,0.5931005533333377,0.0,0.0,0.9777777777777777,37.225806451612904,0.36398566308243724,0.18,0.096,0,,0.0,0.0,-0.22,0.0,674.8222222222222,0.0,337.4111111111111
2023-05-18 22:00:00,22,0,3,False,-0.19888888888888887,-0.016666666666666666,-1.028611111111111,-1.0138888888888888,481.80833333333334,60.00719408055556,25.56222223888889,20.644167163888888,0.0,0.0,-0.19888888888888887,0,0.0,-0.19888888888888887,481.80833333333334,60.00719408055556,0.0,0.19888888888888887,0.5913671033333315,0.0,0.0,0.9777777777777777,38.45161290322581,0.37597132616487455,0.18,0.096,0,,0.0,0.0,-0.19888888888888887,0.0,674.8222222222222,0.0,337.4111111111111
2023-05-18 23:00:00,23,0,3,False,-0.19500000000000003,0.0,-1.0102777777777776,-1.0027777777777778,481.10555555555555,60.00452762777778,25.29722206111111,20.444722194444445,0.0,0.0,-0.19500000000000003,0,0.0,-0.19500000000000003,481.10555555555555,60.00452762777778,0.0,0.19500000000000003,0.5945668466666604,0.0,0.0,0.9777777777777777,38.677419354838705,0.378179211469534,0.12,0.08,0,,0.0,0.0,-0.19500000000000003,0.0,674.8222222222222,0.0,337.4111111111111
2023-05-19 00:00:00,0,0,4,False,-0.20277777777777778,0.0,-1.0519444444444443,-1.1472222222222221,482.24444444444447,59.99727769722222,25.101111397222223,20.245277780555554,0.0,0.0,-0.20277777777777778,0,0.0,-0.20277777777777778,482.24444444444447,59.99727769722222,0.0,0.20277777777777778,0.5967332366666681,0.0,0.0,0.9777777777777777,38.225806451612904,0.37376344086021507,0.12,0.08,0,,0.0,0.0,-0.20277777777777778,0.0,674.8222222222222,0.0,337.4111111111111
2023-05-19 01:00:00,1,0,4,False,-0.19416666666666668,0.0,-1.0202777777777778,-1.836111111111111,483.80833333333334,60.01488838055557,24.79611117222222,20.031388908333334,0.0,0.0,-0.19416666666666668,0,0.0,-0.19416666666666668,483.80833333333334,60.01488838055557,0.0,0.19416666666666668,0.5821339433333179,0.0,0.0,0.9777777777777777,38.725806451612904,0.37865232974910396,0.12,0.08,0,,0.0,0.0,-0.19416666666666668,0.0,674.8222222222222,0.0,337.4111111111111
2023-05-19 02:00:00,2,0,4,False,-0.18972222222222226,0.0,-1.0027777777777778,-1.7944444444444445,482.9277777777778,60.005610572222224,24.346666541666668,19.71027793611111,0.0,0.0,-0.18972222222222226,0,0.0,-0.18972222222222226,482.9277777777778,60.005610572222224,0.0,0.18972222222222226,0.5932673133333309,0.0,0.0,0.9777777777777777,38.983870967741936,0.38117562724014337,0.12,0.08,0,,0.0,0.0,-0.18972222222222226,0.0,674.8222222222222,0.0,337.4111111111111
2023-05-19 03:00:00,3,0,4,False,-0.1763888888888889,0.0,-0.9669444444444444,-1.0222222222222221,481.4527777777778,59.98933383611112,23.79388894722222,19.3722221,0.0,0.0,-0.1763888888888889,0,0.0,-0.1763888888888889,481.4527777777778,59.98933383611112,0.0,0.1763888888888889,0.5872006033333462,0.0,0.0,0.9777777777777777,39.75806451612903,0.38874551971326166,0.12,0.08,0,,0.0,0.0,-0.1763888888888889,0.0,674.8222222222222,0.0,337.4111111111111
2023-05-19 04:00:00,4,0,4,False,-0.1683333333333333,0.0,-0.9541666666666667,-1.6527777777777777,478.2972222222222,59.990389244444444,23.210555466666666,19.051389019444443,0.0,0.0,-0.1683333333333333,0,0.0,-0.1683333333333333,478.2972222222222,59.990389244444444,0.0,0.1683333333333333,0.5884670933333325,0.0,0.0,0.9777777777777777,40.225806451612904,0.3933189964157706,0.12,0.08,0,,0.0,0.0,-0.1683333333333333,0.0,674.8222222222222,0.0,337.4111111111111
2023-05-19 05:00:00,5,0,4,False,-0.16583333333333333,0.0,-0.9486111111111111,-1.3888888888888888,480.9916666666667,59.99180590833334,22.645833408333335,18.71333343611111,0.0,0.0,-0.16583333333333333,0,0.0,-0.16583333333333333,480.9916666666667,59.99180590833334,0.0,0.16583333333333333,0.5901670900000084,0.0,0.0,0.9777777777777777,40.37096774193549,0.3947383512544803,0.12,0.08,0,,0.0,0.0,-0.16583333333333333,0.0,674.8222222222222,0.0,337.4111111111111
2023-05-19 06:00:00,6,0,4,False,-0.17111111111111113,0.0,-0.9566666666666666,-1.0333333333333334,481.1222222222222,59.98791705555556,22.09972233888889,18.437777727777778,0.0,0.0,-0.17111111111111113,0,0.0,-0.17111111111111113,481.1222222222222,59.98791705555556,0.0,0.17111111111111113,0.5855004666666758,0.0,0.0,0.9777777777777777,40.064516129032256,0.39174193548387093,0.18,0.096,0,,0.0,0.0,-0.17111111111111113,0.0,674.8222222222222,0.0,337.4111111111111
2023-05-19 07:00:00,7,0,4,False,-0.15,0.0,-0.8983333333333333,-1.5777777777777777,478.8611111111111,60.00144441111111,21.7500002,18.324999283333337,0.0,0.0,-0.15,0,0.0,-0.15,478.8611111111111,60.00144441111111,0.0,0.15,0.5982667066666693,0.0,0.0,0.9777777777777777,41.29032258064516,0.40372759856630824,0.18,0.096,0,,0.0,0.0,-0.15,0.0,674.8222222222222,0.0,337.4111111111111
2023-05-19 08:00:00,8,0,4,False,-0.14333333333333337,-0.09722222222222222,-0.9077777777777777,-1.925,477.56388888888887,60.00091673611111,21.610555674999997,18.378888675000002,0.0,0.0,-0.14333333333333337,0,0.0,-0.14333333333333337,477.56388888888887,60.00091673611111,0.0,0.14333333333333337,0.5988999166666701,0.0,0.0,0.9777777777777777,41.677419354838705,0.40751254480286736,0.18,0.096,0,,0.0,0.0,-0.14333333333333337,0.0,674.8222222222222,0.0,337.4111111111111
2023-05-19 09:00:00,9,0,4,False,-0.14805555555555555,-0.26666666666666666,-0.8852777777777777,-1.0,477.27222222222224,59.97950050277778,21.706111191666665,18.48611111111111,0.0,0.0,-0.14805555555555555,0,0.0,-0.14805555555555555,477.27222222222224,59.97950050277778,0.0,0.14805555555555555,0.5754006033333382,0.0,0.0,0.9777777777777777,41.403225806451616,0.404831541218638,0.18,0.096,0,,0.0,0.0,-0.14805555555555555,0.0,674.8222222222222,0.0,337.4111111111111
2023-05-19 10:00:00,10,0,4,False,-0.16055555555555556,-0.46111111111111114,-0.9169444444444446,-1.425,477.6722222222222,59.97891716666666,22.24055558888889,18.750277972222225,0.0,0.0,-0.16055555555555556,0,0.0,-0.16055555555555556,477.6722222222222,59.97891716666666,0.0,0.16055555555555556,0.5747005999999942,0.0,0.0,0.9777777777777777,40.67741935483871,0.39773476702508964,0.18,0.096,0,,0.0,0.0,-0.16055555555555556,0.0,674.8222222222222,0.0,337.4111111111111
2023-05-19 11:00:00,11,0,4,False,-0.15694444444444447,-0.5138888888888888,-0.8877777777777777,-1.4277777777777778,475.8638888888889,60.00069433055556,22.94972231111111,19.218888872222223,0.0,0.0,-0.15694444444444447,0,0.0,-0.15694444444444447,475.8638888888889,60.00069433055556,0.0,0.15694444444444447,0.599166803333327,0.0,0.0,0.9777777777777777,40.887096774193544,0.3997849462365591,0.12,0.08,0,,0.0,0.0,-0.15694444444444447,0.0,674.8222222222222,0.0,337.4111111111111
2023-05-19 12:00:00,12,0,4,False,-0.16611111111111113,-0.5388888888888889,-0.9386111111111111,-1.4694444444444446,476.85833333333335,60.01208254444444,23.723333372222225,19.713055649999998,0.0,0.0,-0.16611111111111113,0,0.0,-0.16611111111111113,476.85833333333335,60.01208254444444,0.0,0.16611111111111113,0.5855009466666729,0.0,0.0,0.9777777777777777,40.354838709677416,0.39458064516129027,0.12,0.08,0,,0.0,0.0,-0.16611111111111113,0.0,674.8222222222222,0.0,337.4111111111111
2023-05-19 13:00:00,13,0,4,False,-0.16166666666666668,-0.5944444444444444,-0.926111111111111,-1.386111111111111,476.22222222222223,60.00319409444445,24.45805561388889,20.283611077777778,0.0,0.0,-0.16166666666666668,0,0.0,-0.16166666666666668,476.22222222222223,60.00319409444445,0.0,0.16166666666666668,0.5961670866666565,0.0,0.0,0.9777777777777777,40.61290322580645,0.3971039426523297,0.12,0.08,0,,0.0,0.0,-0.16166666666666668,0.0,674.8222222222222,0.0,337.4111111111111
2023-05-19 14:00:00,14,0,4,False,-0.16972222222222225,-0.6416666666666667,-0.9600000000000001,-1.0,479.7611111111111,59.990333952777775,25.017499900000004,20.75305571111111,0.0,0.0,-0.16972222222222225,0,0.0,-0.16972222222222225,479.7611111111111,59.990333952777775,0.0,0.16972222222222225,0.5884007433333295,0.0,0.0,0.9777777777777777,40.14516129032258,0.3925304659498208,0.12,0.08,0,,0.0,0.0,-0.16972222222222225,0.0,674.8222222222222,0.0,337.4111111111111
2023-05-19 15:00:00,15,0,4,False,-0.18722222222222223,-0.6777777777777778,-1.0044444444444445,-0.9972222222222222,479.2472222222222,59.994444908333335,25.59749993333333,21.151666744444444,0.0,0.0,-0.18722222222222223,0,0.0,-0.18722222222222223,479.2472222222222,59.994444908333335,0.0,0.18722222222222223,0.5933338900000024,0.0,0.0,0.9777777777777777,39.12903225806451,0.382594982078853,0.12,0.08,0,,0.0,0.0,-0.18722222222222223,0.0,674.8222222222222,0.0,337.4111111111111
2023-05-19 16:00:00,16,0,4,False,-0.19111111111111115,-0.65,-0.9919444444444445,-1.0,478.97777777777776,60.00133339999999,26.10972265,21.379444238888887,0.0,0.0,-0.19111111111111115,0,0.0,-0.19111111111111115,478.97777777777776,60.00133339999999,0.0,0.19111111111111115,0.5983999200000084,0.0,0.0,0.9777777777777777,38.903225806451616,0.3803870967741935,0.12,0.08,0,,0.0,0.0,-0.19111111111111115,0.0,674.8222222222222,0.0,337.4111111111111
2023-05-19 17:00:00,17,0,4,False,-0.21055555555555558,-0.6388888888888888,-1.056111111111111,-1.0527777777777778,482.475,60.00199988888888,26.304443588888898,21.398888863888892,0.0,0.0,-0.21055555555555558,0,0.0,-0.21055555555555558,482.475,60.00199988888888,0.0,0.21055555555555558,0.5976001333333414,0.0,0.0,0.9777777777777777,37.774193548387096,0.36934767025089604,0.12,0.08,0,,0.0,0.0,-0.21055555555555558,0.0,674.8222222222222,0.0,337.4111111111111
2023-05-19 18:00:00,18,0,4,False,-0.21361111111111114,-0.5194444444444445,-1.0455555555555556,-1.4833333333333334,484.0027777777778,60.013804825,26.389999894444443,21.408611111111114,0.0,0.0,-0.21361111111111114,0,0.0,-0.21361111111111114,484.0027777777778,60.013804825,0.0,0.21361111111111114,0.5834342099999986,0.0,0.0,0.9777777777777777,37.596774193548384,0.3676129032258064,0.18,0.096,0,,0.0,0.0,-0.21361111111111114,0.0,674.8222222222222,0.0,337.4111111111111
2023-05-19 19:00:00,19,0,4,False,-0.20750000000000002,-0.18055555555555555,-1.040833333333333,-2.091666666666667,479.3027777777778,59.987000677777786,26.38888873611111,21.362777436111116,0.0,0.0,-0.20750000000000002,0,0.0,-0.20750000000000002,479.3027777777778,59.987000677777786,0.0,0.20750000000000002,0.5844008133333431,0.0,0.0,0.9777777777777777,37.95161290322581,0.37108243727598567,0.18,0.096,0,,0.0,0.0,-0.20750000000000002,0.0,674.8222222222222,0.0,337.4111111111111
2023-05-19 20:00:00,20,0,4,False,-0.21222222222222223,-0.06666666666666667,-1.037777777777778,-1.0027777777777778,480.30833333333334,59.989778533333336,26.300276830555564,21.21555591944444,0.0,0.0,-0.21222222222222223,0,0.0,-0.21222222222222223,480.30833333333334,59.989778533333336,0.0,0.21222222222222223,0.5877342400000032,0.0,0.0,0.9777777777777777,37.677419354838705,0.3684014336917562,0.18,0.096,0,,0.0,0.0,-0.21222222222222223,0.0,674.8222222222222,0.0,337.4111111111111
2023-05-19 21:00:00,21,0,4,False,-0.20638888888888893,0.0,-1.041388888888889,-1.0083333333333333,483.28055555555557,60.011916074999995,26.129444749999998,21.01638891111111,0.0,0.0,-0.20638888888888893,0,0.0,-0.20638888888888893,483.28055555555557,60.011916074999995,0.0,0.20638888888888893,0.5857007100000061,0.0,0.0,0.9777777777777777,38.016129032258064,0.37171326164874546,0.18,0.096,0,,0.0,0.0,-0.20638888888888893,0.0,674.8222222222222,0.0,337.4111111111111
2023-05-19 22:00:00,22,0,4,False,-0.20361111111111113,0.0,-1.0727777777777776,-1.136111111111111,484.7861111111111,60.000916491666665,25.778055505555553,20.747777913888886,0.0,0.0,-0.20361111111111113,0,0.0,-0.20361111111111113,484.7861111111111,60.000916491666665,0.0,0.20361111111111113,0.5989002100000022,0.0,0.0,0.9777777777777777,38.177419354838705,0.3732903225806451,0.18,0.096,0,,0.0,0.0,-0.20361111111111113,0.0,674.8222222222222,0.0,337.4111111111111
2023-05-19 23:00:00,23,0,4,False,-0.2125,0.0,-1.0686111111111112,-1.988888888888889,484.94444444444446,60.01033283611111,25.426944191666664,20.441110975,0.0,0.0,-0.2125,0,0.0,-0.2125,484.94444444444446,60.01033283611111,0.0,0.2125,0.5876005966666668,0.0,0.0,0.9777777777777777,37.66129032258064,0.3682437275985663,0.12,0.08,0,,0.0,0.0,-0.2125,0.0,674.8222222222222,0.0,337.4111111111111
2023-05-20 00:00:00,0,0,5,True,-0.1986111111111111,0.0,-1.06,-1.4388888888888889,486.0805555555556,60.007916163888886,24.955000088888887,20.11027793611111,0.0,0.0,-0.1986111111111111,0,0.0,-0.1986111111111111,486.0805555555556,60.007916163888886,0.0,0.1986111111111111,0.5905006033333364,0.0,0.0,0.9777777777777777,38.46774193548387,0.37612903225806454,0.12,0.08,0,,0.0,0.0,-0.1986111111111111,0.0,674.8222222222222,0.0,337.4111111111111
2023-05-20 01:00:00,1,0,5,True,-0.1905555555555556,0.0,-1.0191666666666666,-1.5055555555555555,485.2083333333333,60.00202776944445,24.43388885,19.748055716666666,0.0,0.0,-0.1905555555555556,0,0.0,-0.1905555555555556,485.2083333333333,60.00202776944445,0.0,0.1905555555555556,0.5975666766666563,0.0,0.0,0.9777777777777777,38.935483870967744,0.3807025089605735,0.12,0.08,0,,0.0,0.0,-0.1905555555555556,0.0,674.8222222222222,0.0,337.4111111111111
2023-05-20 02:00:00,2,0,5,True,-0.18694444444444447,0.0,-0.9983333333333333,-1.2666666666666666,482.0472222222222,59.98875050833333,23.90000016666667,19.43527761944445,0.0,0.0,-0.18694444444444447,0,0.0,-0.18694444444444447,482.0472222222222,59.98875050833333,0.0,0.18694444444444447,0.5865006099999988,0.0,0.0,0.9777777777777777,39.14516129032258,0.38275268817204294,0.12,0.08,0,,0.0,0.0,-0.18694444444444447,0.0,674.8222222222222,0.0,337.4111111111111
2023-05-20 03:00:00,3,0,5,True,-0.18527777777777774,0.0,-0.9852777777777777,-1.663888888888889,481.94166666666666,59.978611616666676,23.41138858888889,19.155000252777775,0.0,0.0,-0.18527777777777774,0,0.0,-0.18527777777777774,481.94166666666666,59.978611616666676,0.0,0.18527777777777774,0.574333940000011,0.0,0.0,0.9777777777777777,39.241935483870975,0.3836989247311829,0.12,0.08,0,,0.0,0.0,-0.18527777777777774,0.0,674.8222222222222,0.0,337.4111111111111
2023-05-20 04:00:00,4,0,5,True,-0.1688888888888889,0.0,-0.9555555555555556,-1.0,478.7111111111111,59.98344476111112,23.031944622222223,18.981666661111113,0.0,0.0,-0.1688888888888889,0,0.0,-0.1688888888888889,478.7111111111111,59.98344476111112,0.0,0.1688888888888889,0.5801337133333476,0.0,0.0,0.9777777777777777,40.193548387096776,0.3930035842293907,0.12,0.08,0,,0.0,0.0,-0.1688888888888889,0.0,674.8222222222222,0.0,337.4111111111111
2023-05-20 05:00:00,5,0,5,True,-0.16444444444444445,0.0,-0.9291666666666667,-1.613888888888889,478.4194444444444,59.99052837777778,22.662222305555556,18.788333305555554,0.0,0.0,-0.16444444444444445,0,0.0,-0.16444444444444445,478.4194444444444,59.99052837777778,0.0,0.16444444444444445,0.5886340533333339,0.0,0.0,0.9777777777777777,40.45161290322581,0.3955268817204301,0.12,0.08,0,,0.0,0.0,-0.16444444444444445,0.0,674.8222222222222,0.0,337.4111111111111
2023-05-20 06:00:00,6,0,5,True,-0.15194444444444447,-0.03333333333333333,-0.9388888888888889,-1.8333333333333333,481.39166666666665,59.99538924722222,22.320277700000002,18.641389316666665,0.0,0.0,-0.15194444444444447,0,0.0,-0.15194444444444447,481.39166666666665,59.99538924722222,0.0,0.15194444444444447,0.5944670966666649,0.0,0.0,0.9777777777777777,41.177419354838705,0.4026236559139785,0.18,0.096,0,,0.0,0.0,-0.15194444444444447,0.0,674.8222222222222,0.0,337.4111111111111
2023-05-20 07:00:00,7,0,5,True,-0.15444444444444444,-0.2611111111111111,-0.9013888888888889,-0.6666666666666666,482.5777777777778,60.01472191666666,22.07750009722222,18.588888899999997,0.0,0.0,-0.15444444444444444,0,0.0,-0.15444444444444444,482.5777777777778,60.01472191666666,0.0,0.15444444444444444,0.5823337000000094,0.0,0.0,0.9777777777777777,41.03225806451613,0.40120430107526883,0.18,0.096,0,,0.0,0.0,-0.15444444444444444,0.0,674.8222222222222,0.0,337.4111111111111
2023-05-20 08:00:00,8,0,5,True,-0.1527777777777778,-0.3972222222222222,-0.9141666666666666,-26.533333333333335,476.94166666666666,60.01222198888888,22.00138888888889,18.626111374999997,0.0,0.0,-0.1527777777777778,0,0.0,-0.1527777777777778,476.94166666666666,60.01222198888888,0.0,0.1527777777777778,0.5853336133333414,0.0,0.0,0.9777777777777777,41.12903225806451,0.40215053763440856,0.18,0.096,0,,0.0,0.0,-0.1527777777777778,0.0,674.8222222222222,0.0,337.4111111111111
2023-05-20 09:00:00,9,0,5,True,-0.1663888888888889,-0.39166666666666666,-0.9263888888888889,-29.991666666666667,475.7583333333333,60.012832786111105,22.12583335277778,18.741111322222224,0.0,0.0,-0.1663888888888889,0,0.0,-0.1663888888888889,475.7583333333333,60.012832786111105,0.0,0.1663888888888889,0.5846006566666745,0.0,0.0,0.9777777777777777,40.33870967741935,0.39442293906810033,0.18,0.096,0,,0.0,0.0,-0.1663888888888889,0.0,674.8222222222222,0.0,337.4111111111111
2023-05-20 10:00:00,10,0,5,True,-0.1577777777777778,-0.41944444444444445,-0.8836111111111111,-28.241666666666667,475.53333333333336,60.01416617499999,22.635000091666665,18.98916663888889,0.0,0.0,-0.1577777777777778,0,0.0,-0.1577777777777778,475.53333333333336,60.01416617499999,0.0,0.1577777777777778,0.5830005900000088,0.0,0.0,0.9777777777777777,40.83870967741935,0.3993118279569892,0.18,0.096,0,,0.0,0.0,-0.1577777777777778,0.0,674.8222222222222,0.0,337.4111111111111
2023-05-20 11:00:00,11,0,5,True,-0.16472222222222224,-0.475,-0.9230555555555554,-1.6611111111111112,478.1222222222222,60.02408282222222,23.26499990277778,19.42861107222222,0.0,0.0,-0.16472222222222224,0,0.0,-0.16472222222222224,478.1222222222222,60.02408282222222,0.0,0.16472222222222224,0.5711006133333371,0.0,0.0,0.9777777777777777,40.435483870967744,0.3953691756272401,0.12,0.08,0,,0.0,0.0,-0.16472222222222224,0.0,674.8222222222222,0.0,337.4111111111111
2023-05-20 12:00:00,12,0,5,True,-0.17583333333333337,-0.5222222222222223,-0.9561111111111111,36.75555555555555,479.7361111111111,60.00627746944445,23.9569445,19.878333444444444,0.0,36.75555555555555,-0.17583333333333337,0,36.75555555555555,36.579722222222216,479.7361111111111,60.00627746944445,36.579722222222216,0.0,0.5924670366666618,0.0,0.0,0.9777777777777777,39.79032258064516,0.3890609318996415,0.12,0.08,0,,0.0,0.0,36.579722222222216,0.0,674.8222222222222,0.0,337.4111111111111
2023-05-20 13:00:00,13,0,5,True,-0.1841666666666667,-0.6,-0.9799999999999999,37.0,478.7638888888889,60.022388452777776,24.573333336111112,20.370277752777778,0.0,37.0,-0.1841666666666667,0,37.0,36.81583333333333,478.7638888888889,60.022388452777776,36.81583333333333,0.0,0.5731338566666693,0.0,0.0,0.9777777777777777,39.306451612903224,0.38432974910394263,0.12,0.08,0,,0.0,0.0,36.81583333333333,0.0,674.8222222222222,0.0,337.4111111111111
2023-05-20 14:00:00,14,0,5,True,-0.19472222222222224,-0.5944444444444444,-0.9891666666666665,36.99166666666667,476.75,60.010971338888886,25.09499994722222,20.79527780833333,0.0,36.99166666666667,-0.19472222222222224,0,36.99166666666667,36.79694444444444,476.75,60.010971338888886,36.79694444444444,0.0,0.5868343933333363,0.0,0.0,0.9777777777777777,38.69354838709677,0.378336917562724,0.12,0.08,0,,0.0,0.0,36.79694444444444,0.0,674.8222222222222,0.0,337.4111111111111
2023-05-20 15:00:00,15,0,5,True,-0.20111111111111113,-0.6083333333333333,-1.0102777777777776,36.21944444444444,480.4611111111111,60.01555515277777,25.62499998611111,21.161944372222223,0.0,36.21944444444444,-0.20111111111111113,0,36.21944444444444,36.01833333333333,480.4611111111111,60.01555515277777,36.01833333333333,0.0,0.5813338166666738,0.0,0.0,0.9777777777777777,38.32258064516129,0.3747096774193548,0.12,0.08,0,,0.0,0.0,36.01833333333333,0.0,674.8222222222222,0.0,337.4111111111111
2023-05-20 16:00:00,16,0,5,True,-0.21500000000000002,-0.6944444444444444,-1.044722222222222,36.31944444444444,481.05833333333334,60.00836065555555,26.11305596944444,21.376944213888894,0.0,36.31944444444444,-0.21500000000000002,0,36.31944444444444,36.10444444444444,481.05833333333334,60.00836065555555,36.10444444444444,0.0,0.589967213333341,0.0,0.0,0.9777777777777777,37.516129032258064,0.36682437275985663,0.12,0.08,0,,0.0,0.0,36.10444444444444,0.0,674.8222222222222,0.0,337.4111111111111
2023-05-20 17:00:00,17,0,5,True,-0.21611111111111114,-0.6111111111111112,-1.0633333333333332,37.0,482.675,60.01513873333333,26.287221527777785,21.401944441666668,0.0,37.0,-0.21611111111111114,0,37.0,36.78388888888889,482.675,60.01513873333333,36.78388888888889,0.0,0.5818335200000035,0.0,0.0,0.9777777777777777,37.45161290322581,0.3661935483870968,0.12,0.08,0,,0.0,0.0,36.78388888888889,0.0,674.8222222222222,0.0,337.4111111111111
2023-05-20 18:00:00,18,0,5,True,-0.2325,-0.5194444444444445,-1.0875,37.0,484.65555555555557,60.00566637777777,26.37916644444444,21.415555555555557,0.0,37.0,-0.2325,0,37.0,36.7675,484.65555555555557,60.00566637777777,36.7675,0.0,0.5932003466666742,0.0,0.0,0.9777777777777777,36.5,0.35688888888888887,0.18,0.096,0,,0.0,0.0,36.7675,0.0,674.8222222222222,0.0,337.4111111111111
2023-05-20 19:00:00,19,0,5,True,-0.22611111111111112,-0.175,-1.0916666666666666,37.230555555555554,482.8611111111111,60.007249469444446,26.40388886944444,21.389444319444447,0.0,37.230555555555554,-0.22611111111111112,0,37.230555555555554,37.004444444444445,482.8611111111111,60.007249469444446,37.004444444444445,0.0,0.591300636666665,0.0,0.0,0.9777777777777777,36.87096774193549,0.3605161290322581,0.18,0.096,0,,0.0,0.0,37.004444444444445,0.0,674.8222222222222,0.0,337.4111111111111
2023-05-20 20:00:00,20,0,5,True,-0.2338888888888889,-0.03333333333333333,-1.1169444444444443,37.55277777777778,484.30833333333334,60.00563848888889,26.307221519444454,21.247222219444442,0.0,37.55277777777778,-0.2338888888888889,0,37.55277777777778,37.318888888888885,484.30833333333334,60.00563848888889,37.318888888888885,0.0,0.5932338133333303,0.0,0.0,0.9777777777777777,36.41935483870968,0.3561003584229391,0.18,0.096,0,,0.0,0.0,37.318888888888885,0.0,674.8222222222222,0.0,337.4111111111111
2023-05-20 21:00:00,21,0,5,True,-0.23111111111111116,0.0,-1.1077777777777778,37.59444444444444,486.01944444444445,60.011999413888894,26.096666947222225,21.04555563611111,0.0,37.59444444444444,-0.23111111111111116,0,37.59444444444444,37.36333333333333,486.01944444444445,60.011999413888894,37.36333333333333,0.0,0.585600703333327,0.0,0.0,0.9777777777777777,36.58064516129032,0.35767741935483865,0.18,0.096,0,,0.0,0.0,37.36333333333333,0.0,674.8222222222222,0.0,337.4111111111111
2023-05-20 22:00:00,22,0,5,True,-0.2241666666666667,0.0,-1.079722222222222,37.233333333333334,484.4972222222222,60.01477737222221,25.726388994444445,20.78611122222222,0.0,37.233333333333334,-0.2241666666666667,0,37.233333333333334,37.009166666666665,484.4972222222222,60.01477737222221,37.009166666666665,0.0,0.5822671533333448,0.0,0.0,0.9777777777777777,36.983870967741936,0.3616200716845878,0.18,0.096,0,,0.0,0.0,37.009166666666665,0.0,674.8222222222222,0.0,337.4111111111111
2023-05-20 23:00:00,23,0,5,True,-0.22083333333333333,0.0,-1.051111111111111,37.388888888888886,481.7055555555556,60.013416525,25.380833180555555,20.506944516666668,0.0,37.388888888888886,-0.22083333333333333,0,37.388888888888886,37.168055555555554,481.7055555555556,60.013416525,37.168055555555554,0.0,0.5839001700000039,0.0,0.0,0.9777777777777777,37.17741935483871,0.36351254480286743,0.12,0.08,0,,0.0,0.0,37.168055555555554,0.0,674.8222222222222,0.0,337.4111111111111
2023-05-21 00:00:00,0,0,6,True,-0.21972222222222224,0.0,-1.04,37.44722222222222,482.0027777777778,59.98002840555556,24.949999952777773,20.218055577777776,0.0,37.44722222222222,-0.21972222222222224,0,37.44722222222222,37.2275,482.0027777777778,59.98002840555556,37.2275,0.0,0.5760340866666694,0.0,0.0,0.9777777777777777,37.24193548387097,0.36414336917562723,0.12,0.08,0,,0.0,0.0,37.2275,0.0,674.8222222222222,0.0,337.4111111111111
2023-05-21 01:00:00,1,0,6,True,-0.2091666666666667,0.0,-1.0458333333333334,37.352777777777774,482.2972222222222,59.97372261666667,24.458888811111112,19.895833230555557,0.0,37.352777777777774,-0.2091666666666667,0,37.352777777777774,37.143611111111106,482.2972222222222,59.97372261666667,37.143611111111106,0.0,0.5684671400000042,0.0,0.0,0.9777777777777777,37.854838709677416,0.37013620071684583,0.12,0.08,0,,0.0,0.0,37.143611111111106,0.0,674.8222222222222,0.0,337.4111111111111
2023-05-21 02:00:00,2,0,6,True,-0.19749999999999998,0.0,-1.0038888888888888,37.31111111111111,483.275,59.98588956388889,23.943055616666665,19.57916693888889,0.0,37.31111111111111,-0.19749999999999998,0,37.31111111111111,37.11361111111111,483.275,59.98588956388889,37.11361111111111,0.0,0.5830674766666675,0.0,0.0,0.9777777777777777,38.53225806451613,0.37675985663082434,0.12,0.08,0,,0.0,0.0,37.11361111111111,0.0,674.8222222222222,0.0,337.4111111111111
2023-05-21 03:00:00,3,0,6,True,-0.18888888888888888,0.0,-1.0158333333333334,37.269444444444446,483.225,59.99447250833334,23.468055458333335,19.321944316666666,0.0,37.269444444444446,-0.18888888888888888,0,37.269444444444446,37.080555555555556,483.225,59.99447250833334,37.080555555555556,0.0,0.5933670100000057,0.0,0.0,0.9777777777777777,39.03225806451613,0.38164874551971323,0.12,0.08,0,,0.0,0.0,37.080555555555556,0.0,674.8222222222222,0.0,337.4111111111111
2023-05-21 04:00:00,4,0,6,True,-0.19027777777777782,0.0,-1.0041666666666667,37.269444444444446,482.09444444444443,59.97380586388889,22.983611116666665,19.068611225,0.0,37.269444444444446,-0.19027777777777782,0,37.269444444444446,37.079166666666666,482.09444444444443,59.97380586388889,37.079166666666666,0.0,0.5685670366666699,0.0,0.0,0.9777777777777777,38.9516129032258,0.3808602150537634,0.12,0.08,0,,0.0,0.0,37.079166666666666,0.0,674.8222222222222,0.0,337.4111111111111
2023-05-21 05:00:00,5,0,6,True,-0.1825,0.0,-2.111944444444444,37.07222222222222,481.8777777777778,59.98261149166667,22.526111319444443,18.811666530555556,0.0,37.07222222222222,-0.1825,0,37.07222222222222,36.889722222222225,481.8777777777778,59.98261149166667,36.889722222222225,0.0,0.5791337900000002,0.0,0.0,0.9777777777777777,39.403225806451616,0.3852759856630824,0.12,0.08,0,,0.0,0.0,36.889722222222225,0.0,674.8222222222222,0.0,337.4111111111111
2023-05-21 06:00:00,6,0,6,True,-0.18722222222222223,0.0,-12.505555677777778,37.05555555555556,484.39722222222224,59.96997247222223,22.147500044444445,18.65250051944444,0.0,37.05555555555556,-0.18722222222222223,0,37.05555555555556,36.86833333333333,484.39722222222224,59.96997247222223,36.86833333333333,0.0,0.5639669666666777,0.0,0.0,0.9777777777777777,39.12903225806451,0.382594982078853,0.18,0.096,0,,0.0,0.0,36.86833333333333,0.0,674.8222222222222,0.0,337.4111111111111
2023-05-21 07:00:00,7,0,6,True,-0.18055555555555555,-0.06666666666666667,-20.218056013888887,37.019444444444446,481.98055555555555,59.994944572222224,21.98111111111111,18.61611129722222,0.0,37.019444444444446,-0.18055555555555555,0,37.019444444444446,36.83888888888889,481.98055555555555,59.994944572222224,36.83888888888889,0.0,0.5939334866666683,0.0,0.0,0.9777777777777777,39.516129032258064,0.3863799283154122,0.18,0.096,0,,0.0,0.0,36.83888888888889,0.0,674.8222222222222,0.0,337.4111111111111
2023-05-21 08:00:00,8,0,6,True,-0.17277777777777778,-0.2722222222222222,-22.121667177777777,37.0,482.18888888888887,59.98875018888889,21.937500000000004,18.70305628611111,0.0,37.0,-0.17277777777777778,0,37.0,36.827222222222225,482.18888888888887,59.98875018888889,36.827222222222225,0.0,0.5865002266666721,0.0,0.0,0.9777777777777777,39.96774193548387,0.39079569892473115,0.18,0.096,0,,0.0,0.0,36.827222222222225,0.0,674.8222222222222,0.0,337.4111111111111
2023-05-21 09:00:00,9,0,6,True,-0.18305555555555558,-0.3388888888888889,-20.773889424999997,37.0,479.9555555555556,59.98825037222222,22.122500005555555,18.92111085,0.0,37.0,-0.18305555555555558,0,37.0,36.816944444444445,479.9555555555556,59.98825037222222,36.816944444444445,0.0,0.5859004466666619,0.0,0.0,0.9777777777777777,39.37096774193549,0.38496057347670254,0.18,0.096,0,,0.0,0.0,36.816944444444445,0.0,674.8222222222222,0.0,337.4111111111111
2023-05-21 10:00:00,10,0,6,True,-0.17972222222222223,-0.4222222222222222,-21.175556002777775,37.0,479.31666666666666,59.9993891111111,22.509444563888888,19.2052778,0.0,37.0,-0.17972222222222223,0,37.0,36.820277777777775,479.31666666666666,59.9993891111111,36.820277777777775,0.0,0.5992669333333197,0.0,0.0,0.9777777777777777,39.564516129032256,0.38685304659498204,0.18,0.096,0,,0.0,0.0,36.820277777777775,0.0,674.8222222222222,0.0,337.4111111111111
2023-05-21 11:00:00,11,0,6,True,-0.185,-0.42777777777777776,-21.314444919444444,37.0,478.975,60.004638525000004,22.868888875000003,19.48527784166667,0.0,37.0,-0.185,0,37.0,36.815,478.975,60.004638525000004,36.815,0.0,0.5944337699999949,0.0,0.0,0.9777777777777777,39.25806451612903,0.38385663082437277,0.12,0.08,0,,0.0,0.0,36.815,0.0,674.8222222222222,0.0,337.4111111111111
2023-05-21 12:00:00,12,0,6,True,-0.18444444444444447,-0.5222222222222223,-20.56277825833333,37.0,477.15277777777777,59.988917247222226,23.513888852777782,19.90027783888889,0.0,37.0,-0.18444444444444447,0,37.0,36.815555555555555,477.15277777777777,59.988917247222226,36.815555555555555,0.0,0.5867006966666707,0.0,0.0,0.9777777777777777,39.29032258064516,0.38417204301075264,0.12,0.08,0,,0.0,0.0,36.815555555555555,0.0,674.8222222222222,0.0,337.4111111111111
2023-05-21 13:00:00,13,0,6,True,-0.18611111111111112,-0.5861111111111111,-19.861111638888886,36.99722222222222,476.68888888888887,60.00638841944445,24.129444327777776,20.33305556388889,0.0,36.99722222222222,-0.18611111111111112,0,36.99722222222222,36.81111111111111,476.68888888888887,60.00638841944445,36.81111111111111,0.0,0.5923338966666619,0.0,0.0,0.9777777777777777,39.193548387096776,0.3832258064516129,0.12,0.08,0,,0.0,0.0,36.81111111111111,0.0,674.8222222222222,0.0,337.4111111111111
2023-05-21 14:00:00,14,0,6,True,-0.195,-0.5944444444444444,-19.082500502777776,36.87222222222222,478.175,60.01388804444444,24.628333416666667,20.748889052777777,0.0,36.87222222222222,-0.195,0,36.87222222222222,36.67722222222222,478.175,60.01388804444444,36.67722222222222,0.0,0.5833343466666691,0.0,0.0,0.9777777777777777,38.677419354838705,0.378179211469534,0.12,0.08,0,,0.0,0.0,36.67722222222222,0.0,674.8222222222222,0.0,337.4111111111111
2023-05-21 15:00:00,15,0,6,True,-0.20972222222222223,-0.6222222222222222,-19.212500513888887,36.78611111111111,479.5416666666667,60.005249905555566,25.109166619444448,21.073889099999995,0.0,36.78611111111111,-0.20972222222222223,0,36.78611111111111,36.576388888888886,479.5416666666667,60.005249905555566,36.576388888888886,0.0,0.5937001133333212,0.0,0.0,0.9777777777777777,37.82258064516129,0.3698207885304659,0.12,0.08,0,,0.0,0.0,36.576388888888886,0.0,674.8222222222222,0.0,337.4111111111111
2023-05-21 16:00:00,16,0,6,True,-0.20888888888888893,-0.5805555555555556,-19.18166717222222,37.0,480.3,59.99327810555555,25.511944366666665,21.29694376388889,0.0,37.0,-0.20888888888888893,0,37.0,36.791111111111114,480.3,59.99327810555555,36.791111111111114,0.0,0.5919337266666559,0.0,0.0,0.9777777777777777,37.87096774193548,0.37029390681003577,0.12,0.08,0,,0.0,0.0,36.791111111111114,0.0,674.8222222222222,0.0,337.4111111111111
2023-05-21 17:00:00,17,0,6,True,-0.2230555555555556,-0.5722222222222222,-18.843056055555554,37.0,485.15833333333336,59.993750419444446,25.676667324999997,21.37499975,0.0,37.0,-0.2230555555555556,0,37.0,36.776944444444446,485.15833333333336,59.993750419444446,36.776944444444446,0.0,0.5925005033333349,0.0,0.0,0.9777777777777777,37.04838709677419,0.36225089605734767,0.12,0.08,0,,0.0,0.0,36.776944444444446,0.0,674.8222222222222,0.0,337.4111111111111
2023-05-21 18:00:00,18,0,6,True,-0.22694444444444442,-0.41388888888888886,-18.603889380555554,37.0,484.2472222222222,59.99836099444445,25.777777222222227,21.39972221388889,0.0,37.0,-0.22694444444444442,0,37.0,36.77305555555556,484.2472222222222,59.99836099444445,36.77305555555556,0.0,0.598033193333336,0.0,0.0,0.9777777777777777,36.822580645161295,0.3600430107526882,0.18,0.096,0,,0.0,0.0,36.77305555555556,0.0,674.8222222222222,0.0,337.4111111111111
2023-05-21 19:00:00,19,0,6,True,-0.2263888888888889,-0.08333333333333333,-18.963333858333332,37.0,481.18333333333334,59.99108375,25.765833016666672,21.362499650000004,0.0,37.0,-0.2263888888888889,0,37.0,36.77361111111111,481.18333333333334,59.99108375,36.77361111111111,0.0,0.5893005000000017,0.0,0.0,0.9777777777777777,36.85483870967742,0.3603584229390681,0.18,0.096,0,,0.0,0.0,36.77361111111111,0.0,674.8222222222222,0.0,337.4111111111111
2023-05-21 20:00:00,20,0,6,True,-0.21944444444444444,0.0,-18.498611583333332,37.325,481.925,60.02274939444444,25.601944725000003,21.205000069444445,0.0,37.325,-0.21944444444444444,0,37.325,37.10555555555556,481.925,60.02274939444444,37.10555555555556,0.0,0.5727007266666732,0.0,0.0,0.9777777777777777,37.25806451612903,0.36430107526881716,0.18,0.096,0,,0.0,0.0,37.10555555555556,0.0,674.8222222222222,0.0,337.4111111111111
2023-05-21 21:00:00,21,0,6,True,-0.23666666666666672,0.0,-18.653611594444445,37.955555555555556,482.43888888888887,60.01630508055554,25.303610747222223,20.977222216666668,0.0,37.955555555555556,-0.23666666666666672,0,37.955555555555556,37.71888888888889,482.43888888888887,60.01630508055554,37.71888888888889,0.0,0.580433903333352,0.0,0.0,0.9777777777777777,36.258064516129025,0.35452329749103934,0.18,0.096,0,,0.0,0.0,37.71888888888889,0.0,674.8222222222222,0.0,337.4111111111111
2023-05-21 22:00:00,22,0,6,True,-0.22472222222222224,0.0,-18.40944493611111,38.0,484.51944444444445,60.007249977777775,25.006944450000002,20.73888905277778,0.0,38.0,-0.22472222222222224,0,38.0,37.77527777777778,484.51944444444445,60.007249977777775,37.77527777777778,0.0,0.5913000266666699,0.0,0.0,0.9777777777777777,36.95161290322581,0.3613046594982079,0.18,0.096,0,,0.0,0.0,37.77527777777778,0.0,674.8222222222222,0.0,337.4111111111111
2023-05-21 23:00:00,23,0,6,True,-0.2252777777777778,0.0,-18.332500474999996,38.0,481.3027777777778,60.0054720361111,24.584722375000002,20.45999995277778,0.0,38.0,-0.2252777777777778,0,38.0,37.77472222222222,481.3027777777778,60.0054720361111,37.77472222222222,0.0,0.5934335566666789,0.0,0.0,0.9777777777777777,36.91935483870968,0.36098924731182797,0.12,0.08,0,,0.0,0.0,37.77472222222222,0.0,674.8222222222222,0.0,337.4111111111111
2023-05-22 00:00:00,0,0,0,False,-0.2033333333333334,0.0,-18.348611638888887,38.0,483.5138888888889,59.99305552222222,24.15055542777778,20.17611120833333,0.0,38.0,-0.2033333333333334,0,38.0,37.79666666666667,483.5138888888889,59.99305552222222,37.79666666666667,0.0,0.5916666266666653,0.0,0.0,0.9777777777777777,38.19354838709677,0.3734480286738351,0.12,0.08,0,,0.0,0.0,37.79666666666667,0.0,674.8222222222222,0.0,337.4111111111111
2023-05-22 01:00:00,1,0,0,False,-0.20638888888888887,0.0,-18.307222716666665,38.0,483.975,59.991778219444456,23.763611286111114,19.935555391666668,0.0,38.0,-0.20638888888888887,0,38.0,37.79361111111111,483.975,59.991778219444456,37.79361111111111,0.0,0.5901338633333466,0.0,0.0,0.9777777777777777,38.016129032258064,0.37171326164874546,0.12,0.08,0,,0.0,0.0,37.79361111111111,0.0,674.8222222222222,0.0,337.4111111111111
2023-05-22 02:00:00,2,0,0,False,-0.20583333333333337,0.0,-18.359167191666664,38.0,485.0111111111111,59.99447264444445,23.393610808333335,19.703056019444443,0.0,38.0,-0.20583333333333337,0,38.0,37.79416666666667,485.0111111111111,59.99447264444445,37.79416666666667,0.0,0.5933671733333398,0.0,0.0,0.9777777777777777,38.04838709677419,0.37202867383512545,0.12,0.08,0,,0.0,0.0,37.79416666666667,0.0,674.8222222222222,0.0,337.4111111111111
2023-05-22 03:00:00,3,0,0,False,-0.19027777777777777,0.0,-17.785278252777776,38.0,485.88055555555553,59.99366703611112,23.045555725,19.48833333611111,0.0,38.0,-0.19027777777777777,0,38.0,37.80972222222222,485.88055555555553,59.99366703611112,37.80972222222222,0.0,0.5924004433333436,0.0,0.0,0.9777777777777777,38.95161290322581,0.38086021505376344,0.12,0.08,0,,0.0,0.0,37.80972222222222,0.0,674.8222222222222,0.0,337.4111111111111
2023-05-22 04:00:00,4,0,0,False,-0.19833333333333336,0.0,-18.00888932222222,38.0,483.59722222222223,59.99880548611111,22.700277941666666,19.322222019444446,0.0,38.0,-0.19833333333333336,0,38.0,37.80166666666667,483.59722222222223,59.99880548611111,37.80166666666667,0.0,0.5985665833333315,0.0,0.0,0.9777777777777777,38.483870967741936,0.3762867383512545,0.12,0.08,0,,0.0,0.0,37.80166666666667,0.0,674.8222222222222,0.0,337.4111111111111
2023-05-22 05:00:00,5,0,0,False,-0.1802777777777778,0.0,-18.28972273333333,38.0,481.9194444444444,60.00155532222222,22.340833327777776,19.12250026111111,0.0,38.0,-0.1802777777777778,0,38.0,37.819722222222225,481.9194444444444,60.00155532222222,37.819722222222225,0.0,0.59813361333334,0.0,0.0,0.9777777777777777,39.53225806451613,0.3865376344086021,0.12,0.08,0,,0.0,0.0,37.819722222222225,0.0,674.8222222222222,0.0,337.4111111111111
2023-05-22 06:00:00,6,0,0,False,-0.18305555555555558,0.0,-17.991667166666666,37.99166666666667,483.2388888888889,59.993361469444444,22.02944451666667,18.984166666666667,0.0,37.99166666666667,-0.18305555555555558,0,37.99166666666667,37.80861111111111,483.2388888888889,59.993361469444444,37.80861111111111,0.0,0.5920337633333332,0.0,0.0,0.9777777777777777,39.37096774193549,0.38496057347670254,0.18,0.096,0,,0.0,0.0,37.80861111111111,0.0,674.8222222222222,0.0,337.4111111111111
2023-05-22 07:00:00,7,0,0,False,-0.17694444444444446,-0.03333333333333333,-17.715000491666665,37.99444444444445,481.27777777777777,59.99616701944445,21.80305517777778,18.893055475000004,0.0,37.99444444444445,-0.17694444444444446,0,37.99444444444445,37.8175,481.27777777777777,59.99616701944445,37.8175,0.0,0.5954004233333393,0.0,0.0,0.9777777777777777,39.725806451612904,0.38843010752688173,0.18,0.096,0,,0.0,0.0,37.8175,0.0,674.8222222222222,0.0,337.4111111111111
2023-05-22 08:00:00,8,0,0,False,-0.1688888888888889,-0.19722222222222222,-17.09777817222222,37.88333333333333,481.22222222222223,59.98091749166667,21.701389861111107,18.907499950000002,0.0,37.88333333333333,-0.1688888888888889,0,37.88333333333333,37.714444444444446,481.22222222222223,59.98091749166667,37.714444444444446,0.0,0.577100990000008,0.0,0.0,0.9777777777777777,40.193548387096776,0.3930035842293907,0.18,0.096,0,,0.0,0.0,37.714444444444446,0.0,674.8222222222222,0.0,337.4111111111111
2023-05-22 09:00:00,9,0,0,False,-0.17722222222222223,-0.2916666666666667,-15.889722441666665,37.33611111111111,478.02222222222224,59.99844457777778,21.84694431666667,19.056666666666665,0.0,37.33611111111111,-0.17722222222222223,0,37.33611111111111,37.15888888888889,478.02222222222224,59.99844457777778,37.15888888888889,0.0,0.5981334933333385,0.0,0.0,0.9777777777777777,39.70967741935484,0.38827240143369174,0.18,0.096,0,,0.0,0.0,37.15888888888889,0.0,674.8222222222222,0.0,337.4111111111111
2023-05-22 10:00:00,10,0,0,False,-0.1736111111111111,-0.42777777777777776,-15.284166833333332,37.02777777777778,477.2972222222222,60.012054774999996,22.417777947222216,19.256666744444445,0.0,37.02777777777778,-0.1736111111111111,0,37.02777777777778,36.854166666666664,477.2972222222222,60.012054774999996,36.854166666666664,0.0,0.5855342700000051,0.0,0.0,0.9777777777777777,39.91935483870968,0.3903225806451613,0.18,0.096,0,,0.0,0.0,36.854166666666664,0.0,674.8222222222222,0.0,337.4111111111111
2023-05-22 11:00:00,11,0,0,False,-0.1788888888888889,-0.425,-14.699722291666664,37.00277777777778,478.2,60.029055119444436,22.911666697222223,19.605278105555556,0.0,37.00277777777778,-0.1788888888888889,0,37.00277777777778,36.82388888888889,478.2,60.029055119444436,36.82388888888889,0.0,0.5651338566666766,0.0,0.0,0.9777777777777777,39.61290322580645,0.38732616487455196,0.12,0.08,0,,0.0,0.0,36.82388888888889,0.0,674.8222222222222,0.0,337.4111111111111
2023-05-22 12:00:00,12,0,0,False,-0.17833333333333334,-0.425,-2.4661111416666666,37.00277777777778,476.6,60.01655502222222,23.405833233333336,19.96472207777778,0.0,37.00277777777778,-0.17833333333333334,0,37.00277777777778,36.824444444444445,476.6,60.01655502222222,36.824444444444445,0.0,0.5801339733333349,0.0,0.0,0.9777777777777777,39.64516129032258,0.3876415770609319,0.12,0.08,0,,0.0,0.0,36.824444444444445,0.0,674.8222222222222,0.0,337.4111111111111
2023-05-22 13:00:00,13,0,0,False,-0.19750000000000004,-0.39166666666666666,-0.9944444444444445,37.0,477.34166666666664,60.01105485833333,23.867222155555556,20.30277766666667,0.0,37.0,-0.19750000000000004,0,37.0,36.8025,477.34166666666664,60.01105485833333,36.8025,0.0,0.5867341700000025,0.0,0.0,0.9777777777777777,38.53225806451613,0.37675985663082434,0.12,0.08,0,,0.0,0.0,36.8025,0.0,674.8222222222222,0.0,337.4111111111111
2023-05-22 14:00:00,14,0,0,False,-0.20527777777777778,-0.4305555555555556,-1.0452777777777778,37.0,477.85277777777776,60.00986116944445,24.188888861111113,20.57833355833333,0.0,37.0,-0.20527777777777778,0,37.0,36.79472222222222,477.85277777777776,60.00986116944445,36.79472222222222,0.0,0.5881665966666617,0.0,0.0,0.9777777777777777,38.08064516129032,0.37234408602150537,0.12,0.08,0,,0.0,0.0,36.79472222222222,0.0,674.8222222222222,0.0,337.4111111111111
2023-05-22 15:00:00,15,0,0,False,-0.20416666666666666,-0.55,-1.021111111111111,37.0,477.35833333333335,60.024304994444435,24.519444524999997,20.85972216111111,0.0,37.0,-0.20416666666666666,0,37.0,36.795833333333334,477.35833333333335,60.024304994444435,36.795833333333334,0.0,0.5708340066666778,0.0,0.0,0.9777777777777777,38.14516129032258,0.37297491039426517,0.12,0.08,0,,0.0,0.0,36.795833333333334,0.0,674.8222222222222,0.0,337.4111111111111
2023-05-22 16:00:00,16,0,0,False,-0.2072222222222222,-0.5333333333333333,-1.0555555555555556,37.0,480.03333333333336,60.00233318611111,24.856111061111115,20.999444444444446,0.0,37.0,-0.2072222222222222,0,37.0,36.79277777777778,480.03333333333336,60.00233318611111,36.79277777777778,0.0,0.5972001766666694,0.0,0.0,0.9777777777777777,37.96774193548387,0.37124014336917566,0.12,0.08,0,,0.0,0.0,36.79277777777778,0.0,674.8222222222222,0.0,337.4111111111111
2023-05-22 17:00:00,17,0,0,False,-0.21972222222222224,-0.5083333333333333,-1.0822222222222222,37.0,482.825,60.014166097222216,25.0175,21.026666666666664,0.0,37.0,-0.21972222222222224,0,37.0,36.780277777777776,482.825,60.014166097222216,36.780277777777776,0.0,0.5830006833333413,0.0,0.0,0.9777777777777777,37.24193548387097,0.36414336917562723,0.12,0.08,0,,0.0,0.0,36.780277777777776,0.0,674.8222222222222,0.0,337.4111111111111
2023-05-22 18:00:00,18,0,0,False,-0.23638888888888887,-0.20555555555555555,-1.1366666666666665,37.11388888888889,484.72222222222223,60.01477735277778,25.097500058333335,21.083333344444444,0.0,37.11388888888889,-0.23638888888888887,0,37.11388888888889,36.8775,484.72222222222223,60.01477735277778,36.8775,0.0,0.5822671766666673,0.0,0.0,0.9777777777777777,36.274193548387096,0.3546810035842294,0.18,0.096,0,,0.0,0.0,36.8775,0.0,674.8222222222222,0.0,337.4111111111111
2023-05-22 19:00:00,19,0,0,False,-0.23222222222222222,-0.09166666666666666,-1.1075,37.88611111111111,485.10277777777776,60.00399987777779,25.076388930555556,21.03083333333333,0.0,37.88611111111111,-0.23222222222222222,0,37.88611111111111,37.65388888888889,485.10277777777776,60.00399987777779,37.65388888888889,0.0,0.5952001466666559,0.0,0.0,0.9777777777777777,36.516129032258064,0.35704659498207886,0.18,0.096,0,,0.0,0.0,37.65388888888889,0.0,674.8222222222222,0.0,337.4111111111111
2023-05-22 20:00:00,20,0,0,False,-0.22722222222222221,0.0,-1.0841666666666665,37.97222222222222,484.27777777777777,60.006249455555555,24.86194445,20.89944429722222,0.0,37.97222222222222,-0.22722222222222221,0,37.97222222222222,37.745,484.27777777777777,60.006249455555555,37.745,0.0,0.5925006533333345,0.0,0.0,0.9777777777777777,36.806451612903224,0.3598853046594982,0.18,0.096,0,,0.0,0.0,37.745,0.0,674.8222222222222,0.0,337.4111111111111
2023-05-22 21:00:00,21,0,0,False,-0.23222222222222222,0.0,-1.0933333333333333,37.99722222222222,484.71944444444443,60.00394414166666,24.487222158333335,20.61583373333333,0.0,37.99722222222222,-0.23222222222222222,0,37.99722222222222,37.765,484.71944444444443,60.00394414166666,37.765,0.0,0.5952670300000108,0.0,0.0,0.9777777777777777,36.516129032258064,0.35704659498207886,0.18,0.096,0,,0.0,0.0,37.765,0.0,674.8222222222222,0.0,337.4111111111111
2023-05-22 22:00:00,22,0,0,False,-0.22249999999999998,0.0,-1.0788888888888888,38.0,483.31944444444446,60.00777733333333,24.09277788611111,20.384721936111113,0.0,38.0,-0.22249999999999998,0,38.0,37.7775,483.31944444444446,60.00777733333333,37.7775,0.0,0.5906672000000043,0.0,0.0,0.9777777777777777,37.08064516129032,0.3625663082437276,0.18,0.096,0,,0.0,0.0,37.7775,0.0,674.8222222222222,0.0,337.4111111111111
2023-05-22 23:00:00,23,0,0,False,-0.22138888888888889,0.0,-1.0894444444444447,38.0,484.7138888888889,60.009722075,23.721388991666668,20.153889174999996,0.0,38.0,-0.22138888888888889,0,38.0,37.77861111111111,484.7138888888889,60.009722075,37.77861111111111,0.0,0.588333510000001,0.0,0.0,0.9777777777777777,37.145161290322584,0.36319713261648745,0.12,0.08,0,,0.0,0.0,37.77861111111111,0.0,674.8222222222222,0.0,337.4111111111111
2023-05-23 00:00:00,0,0,1,False,-0.2038888888888889,0.0,-1.0325,38.0,485.25,60.006305175,23.33361096388889,19.911666458333336,0.0,38.0,-0.2038888888888889,0,38.0,37.79611111111111,485.25,60.006305175,37.79611111111111,0.0,0.5924337899999983,0.0,0.0,0.9777777777777777,38.16129032258065,0.3731326164874552,0.12,0.08,0,,0.0,0.0,37.79611111111111,0.0,674.8222222222222,0.0,337.4111111111111
2023-05-23 01:00:00,1,0,1,False,-0.21083333333333334,0.0,-1.0352777777777777,38.0,485.4555555555556,60.00702709444445,22.90888883888889,19.637778205555556,0.0,38.0,-0.21083333333333334,0,38.0,37.78916666666667,485.4555555555556,60.00702709444445,37.78916666666667,0.0,0.5915674866666564,0.0,0.0,0.9777777777777777,37.75806451612903,0.36918996415770605,0.12,0.08,0,,0.0,0.0,37.78916666666667,0.0,674.8222222222222,0.0,337.4111111111111
2023-05-23 02:00:00,2,0,1,False,-0.20083333333333336,0.0,-1.0405555555555555,38.0,485.7638888888889,60.00624948888889,22.455555755555554,19.372499897222223,0.0,38.0,-0.20083333333333336,0,38.0,37.799166666666665,485.7638888888889,60.00624948888889,37.799166666666665,0.0,0.5925006133333311,0.0,0.0,0.9777777777777777,38.33870967741935,0.3748673835125448,0.12,0.08,0,,0.0,0.0,37.799166666666665,0.0,674.8222222222222,0.0,337.4111111111111
2023-05-23 03:00:00,3,0,1,False,-0.19777777777777777,0.0,-1.0238888888888888,38.0,486.18055555555554,60.010888275,21.903055702777777,19.077222408333334,0.0,38.0,-0.19777777777777777,0,38.0,37.80222222222222,486.18055555555554,60.010888275,37.80222222222222,0.0,0.5869340700000009,0.0,0.0,0.9777777777777777,38.516129032258064,0.37660215053763435,0.12,0.08,0,,0.0,0.0,37.80222222222222,0.0,674.8222222222222,0.0,337.4111111111111
2023-05-23 04:00:00,4,0,1,False,-0.20027777777777775,0.0,-1.0355555555555553,38.0,483.98333333333335,60.00555513611111,21.39500001111111,18.79666669722222,0.0,38.0,-0.20027777777777775,0,38.0,37.79972222222222,483.98333333333335,60.00555513611111,37.79972222222222,0.0,0.5933338366666646,0.0,0.0,0.9777777777777777,38.37096774193549,0.3751827956989247,0.12,0.08,0,,0.0,0.0,37.79972222222222,0.0,674.8222222222222,0.0,337.4111111111111
2023-05-23 05:00:00,5,0,1,False,-0.18583333333333335,0.0,-0.9863888888888888,38.0,482.73055555555555,60.00641610555556,20.946666486111113,18.575833544444443,0.0,38.0,-0.18583333333333335,0,38.0,37.814166666666665,482.73055555555555,60.00641610555556,37.814166666666665,0.0,0.5923006733333295,0.0,0.0,0.9777777777777777,39.20967741935484,0.38338351254480285,0.12,0.08,0,,0.0,0.0,37.814166666666665,0.0,674.8222222222222,0.0,337.4111111111111
2023-05-23 06:00:00,6,0,1,False,-0.1788888888888889,0.0,-0.9808333333333334,37.99722222222222,484.3333333333333,59.990805908333336,20.593889216666664,18.406388863888893,0.0,37.99722222222222,-0.1788888888888889,0,37.99722222222222,37.81833333333333,484.3333333333333,59.990805908333336,37.81833333333333,0.0,0.5889670900000027,0.0,0.0,0.9777777777777777,39.61290322580645,0.38732616487455196,0.18,0.096,0,,0.0,0.0,37.81833333333333,0.0,674.8222222222222,0.0,337.4111111111111
2023-05-23 07:00:00,7,0,1,False,-0.16333333333333336,0.0,-0.9541666666666667,38.0,482.10833333333335,60.001694405555554,20.37166636666667,18.361666283333335,0.0,38.0,-0.16333333333333336,0,38.0,37.836666666666666,482.10833333333335,60.001694405555554,37.836666666666666,0.0,0.5979667133333351,0.0,0.0,0.9777777777777777,40.516129032258064,0.39615770609318995,0.18,0.096,0,,0.0,0.0,37.836666666666666,0.0,674.8222222222222,0.0,337.4111111111111
2023-05-23 08:00:00,8,0,1,False,-0.17055555555555557,0.0,-0.9430555555555555,37.99444444444445,479.5861111111111,59.996277850000006,20.233611438888886,18.35527733055556,0.0,37.99444444444445,-0.17055555555555557,0,37.99444444444445,37.82388888888889,479.5861111111111,59.996277850000006,37.82388888888889,0.0,0.5955334200000066,0.0,0.0,0.9777777777777777,40.096774193548384,0.39205734767025086,0.18,0.096,0,,0.0,0.0,37.82388888888889,0.0,674.8222222222222,0.0,337.4111111111111
2023-05-23 09:00:00,9,0,1,False,-0.17305555555555557,-0.06666666666666667,-0.9452777777777777,37.99444444444445,480.96666666666664,60.00191645277777,20.2625,18.41222221666667,0.0,37.99444444444445,-0.17305555555555557,0,37.99444444444445,37.82138888888889,480.96666666666664,60.00191645277777,37.82138888888889,0.0,0.5977002566666755,0.0,0.0,0.9777777777777777,39.95161290322581,0.3906379928315412,0.18,0.096,0,,0.0,0.0,37.82138888888889,0.0,674.8222222222222,0.0,337.4111111111111
2023-05-23 10:00:00,10,0,1,False,-0.17277777777777778,-0.11666666666666667,-0.9497222222222221,37.96944444444444,480.43611111111113,60.000805344444444,20.501111197222222,18.552222383333334,0.0,37.96944444444444,-0.17277777777777778,0,37.96944444444444,37.79666666666667,480.43611111111113,60.000805344444444,37.79666666666667,0.0,0.5990335866666668,0.0,0.0,0.9777777777777777,39.96774193548387,0.39079569892473115,0.18,0.096,0,,0.0,0.0,37.79666666666667,0.0,674.8222222222222,0.0,337.4111111111111
2023-05-23 11:00:00,11,0,1,False,-0.16861111111111113,-0.14722222222222223,-0.9444444444444444,37.855555555555554,477.4888888888889,59.99672241666667,20.943611033333333,18.908055425000004,0.0,37.855555555555554,-0.16861111111111113,0,37.855555555555554,37.68694444444444,477.4888888888889,59.99672241666667,37.68694444444444,0.0,0.5960669000000053,0.0,0.0,0.9777777777777777,40.20967741935484,0.3931612903225806,0.12,0.08,0,,0.0,0.0,37.68694444444444,0.0,674.8222222222222,0.0,337.4111111111111
2023-05-23 12:00:00,12,0,1,False,-0.1691666666666667,-0.06666666666666667,-0.9483333333333335,37.99444444444445,479.0805555555556,59.99433375833333,21.107500255555554,19.018055555555556,0.0,37.99444444444445,-0.1691666666666667,0,37.99444444444445,37.82527777777778,479.0805555555556,59.99433375833333,37.82527777777778,0.0,0.5932005099999997,0.0,0.0,0.9777777777777777,40.177419354838705,0.39284587813620064,0.12,0.08,0,,0.0,0.0,37.82527777777778,0.0,674.8222222222222,0.0,337.4111111111111
2023-05-23 13:00:00,13,0,1,False,-0.17666666666666667,-0.06666666666666667,-0.9561111111111111,37.81111111111111,478.4583333333333,59.98733415555556,21.222500005555556,19.180277605555556,0.0,37.81111111111111,-0.17666666666666667,0,37.81111111111111,37.63444444444444,478.4583333333333,59.98733415555556,37.63444444444444,0.0,0.58480098666667,0.0,0.0,0.9777777777777777,39.74193548387097,0.38858781362007166,0.12,0.08,0,,0.0,0.0,37.63444444444444,0.0,674.8222222222222,0.0,337.4111111111111
2023-05-23 14:00:00,14,0,1,False,-0.18083333333333332,0.0,-0.9924999999999998,37.99722222222222,483.5472222222222,59.985584072222224,21.21444467222222,19.160000208333333,0.0,37.99722222222222,-0.18083333333333332,0,37.99722222222222,37.81638888888889,483.5472222222222,59.985584072222224,37.81638888888889,0.0,0.5827008866666687,0.0,0.0,0.9777777777777777,39.5,0.38622222222222224,0.12,0.08,0,,0.0,0.0,37.81638888888889,0.0,674.8222222222222,0.0,337.4111111111111
2023-05-23 15:00:00,15,0,1,False,-0.18638888888888888,0.0,-0.9847222222222223,38.0,483.9,59.972833702777784,20.9572221,19.037499999999998,0.0,38.0,-0.18638888888888888,0,38.0,37.81361111111111,483.9,59.972833702777784,37.81361111111111,0.0,0.5674004433333408,0.0,0.0,0.9777777777777777,39.17741935483871,0.3830681003584229,0.12,0.08,0,,0.0,0.0,37.81361111111111,0.0,674.8222222222222,0.0,337.4111111111111
2023-05-23 16:00:00,16,0,1,False,-0.1736111111111111,0.0,-0.9422222222222222,38.0,481.2861111111111,59.999527861111105,20.777499658333333,19.02472222222222,0.0,38.0,-0.1736111111111111,0,38.0,37.826388888888886,481.2861111111111,59.999527861111105,37.826388888888886,0.0,0.5994334333333257,0.0,0.0,0.9777777777777777,39.91935483870968,0.3903225806451613,0.12,0.08,0,,0.0,0.0,37.826388888888886,0.0,674.8222222222222,0.0,337.4111111111111
2023-05-23 17:00:00,17,0,1,False,-0.1763888888888889,0.0,-0.986388888888889,38.0,484.4194444444444,60.01522144166666,20.656389452777773,18.909444411111114,0.0,38.0,-0.1763888888888889,0,38.0,37.82361111111111,484.4194444444444,60.01522144166666,37.82361111111111,0.0,0.5817342700000069,0.0,0.0,0.9777777777777777,39.75806451612903,0.38874551971326166,0.12,0.08,0,,0.0,0.0,37.82361111111111,0.0,674.8222222222222,0.0,337.4111111111111
2023-05-23 18:00:00,18,0,1,False,-0.1758333333333333,0.0,-1.0033333333333334,38.0,485.525,60.011138438888885,20.48027777777778,18.842499447222224,0.0,38.0,-0.1758333333333333,0,38.0,37.82416666666666,485.525,60.011138438888885,37.82416666666666,0.0,0.5866338733333378,0.0,0.0,0.9777777777777777,39.79032258064517,0.3890609318996416,0.18,0.096,0,,0.0,0.0,37.82416666666666,0.0,674.8222222222222,0.0,337.4111111111111
2023-05-23 19:00:00,19,0,1,False,-0.17194444444444446,0.0,-0.9472222222222222,38.0,484.14166666666665,60.00263874166666,20.315555386111114,18.755277697222223,0.0,38.0,-0.17194444444444446,0,38.0,37.82805555555556,484.14166666666665,60.00263874166666,37.82805555555556,0.0,0.5968335100000104,0.0,0.0,0.9777777777777777,40.016129032258064,0.39126881720430107,0.18,0.096,0,,0.0,0.0,37.82805555555556,0.0,674.8222222222222,0.0,337.4111111111111
2023-05-23 20:00:00,20,0,1,False,-0.16666666666666666,0.0,-0.97,38.0,486.22222222222223,60.01177742777777,20.028611174999998,18.63805597222222,0.0,38.0,-0.16666666666666666,0,38.0,37.833333333333336,486.22222222222223,60.01177742777777,37.833333333333336,0.0,0.5858670866666728,0.0,0.0,0.9777777777777777,40.322580645161295,0.3942652329749104,0.18,0.096,0,,0.0,0.0,37.833333333333336,0.0,674.8222222222222,0.0,337.4111111111111
2023-05-23 21:00:00,21,0,1,False,-0.175,0.0,-0.9636111111111111,38.0,486.84722222222223,60.01349948055555,19.700833488888886,18.477222222222224,0.0,38.0,-0.175,0,38.0,37.825,486.84722222222223,60.01349948055555,37.825,0.0,0.5838006233333374,0.0,0.0,0.9777777777777777,39.83870967741936,0.3895340501792115,0.18,0.096,0,,0.0,0.0,37.825,0.0,674.8222222222222,0.0,337.4111111111111
2023-05-23 22:00:00,22,0,1,False,-0.16083333333333336,0.0,-0.948888888888889,38.0,485.8388888888889,60.016110794444444,19.339999972222223,18.35277736388889,0.0,38.0,-0.16083333333333336,0,38.0,37.839166666666664,485.8388888888889,60.016110794444444,37.839166666666664,0.0,0.5806670466666674,0.0,0.0,0.9777777777777777,40.66129032258064,0.3975770609318996,0.18,0.096,0,,0.0,0.0,37.839166666666664,0.0,674.8222222222222,0.0,337.4111111111111
2023-05-23 23:00:00,23,0,1,False,-0.15944444444444447,0.0,-0.9297222222222222,38.0,480.85833333333335,60.00658284722222,19.01194441111111,18.161389311111108,0.0,38.0,-0.15944444444444447,0,38.0,37.840555555555554,480.85833333333335,60.00658284722222,37.840555555555554,0.0,0.5921005833333367,0.0,0.0,0.9777777777777777,40.74193548387097,0.39836559139784944,0.12,0.08,0,,0.0,0.0,37.840555555555554,0.0,674.8222222222222,0.0,337.4111111111111
2023-05-24 00:00:00,0,0,2,False,-0.155,0.0,-0.9097222222222222,38.0,481.5722222222222,59.98316736111111,18.708889186111108,18.048888888888886,0.0,38.0,-0.155,0,38.0,37.845,481.5722222222222,59.98316736111111,37.845,0.0,0.5798008333333285,0.0,0.0,0.9777777777777777,41.0,0.40088888888888885,0.12,0.08,0,,0.0,0.0,37.845,0.0,674.8222222222222,0.0,337.4111111111111
2023-05-24 01:00:00,1,0,2,False,-0.1438888888888889,0.0,-0.8813888888888888,38.0,484.00555555555553,59.98352846666667,18.44361098611111,17.898888652777778,0.0,38.0,-0.1438888888888889,0,38.0,37.85611111111111,484.00555555555553,59.98352846666667,37.85611111111111,0.0,0.5802341600000034,0.0,0.0,0.9777777777777777,41.64516129032258,0.4071971326164874,0.12,0.08,0,,0.0,0.0,37.85611111111111,0.0,674.8222222222222,0.0,337.4111111111111
2023-05-24 02:00:00,2,0,2,False,-0.14333333333333337,0.0,-0.9041666666666667,38.0,483.85833333333335,59.97244490277779,18.1925,17.75027779722222,0.0,38.0,-0.14333333333333337,0,38.0,37.85666666666667,483.85833333333335,59.97244490277779,37.85666666666667,0.0,0.5669338833333455,0.0,0.0,0.9777777777777777,41.677419354838705,0.40751254480286736,0.12,0.08,0,,0.0,0.0,37.85666666666667,0.0,674.8222222222222,0.0,337.4111111111111
2023-05-24 03:00:00,3,0,2,False,-0.13972222222222222,0.0,-0.8836111111111111,38.0,484.74444444444447,59.9705003388889,17.92749980555556,17.66000059444444,0.0,38.0,-0.13972222222222222,0,38.0,37.860277777777775,484.74444444444447,59.9705003388889,37.860277777777775,0.0,0.5646004066666762,0.0,0.0,0.9777777777777777,41.88709677419355,0.4095627240143369,0.12,0.08,0,,0.0,0.0,37.860277777777775,0.0,674.8222222222222,0.0,337.4111111111111
2023-05-24 04:00:00,4,0,2,False,-0.1375,0.0,-0.8872222222222221,38.0,485.06666666666666,59.98719450555556,17.693889352777777,17.535555558333332,0.0,38.0,-0.1375,0,38.0,37.8625,485.06666666666666,59.98719450555556,37.8625,0.0,0.5846334066666685,0.0,0.0,0.9777777777777777,42.016129032258064,0.4108243727598566,0.12,0.08,0,,0.0,0.0,37.8625,0.0,674.8222222222222,0.0,337.4111111111111
2023-05-24 05:00:00,5,0,2,False,-0.14805555555555558,0.0,-0.9066666666666666,38.0,486.06944444444446,60.01899935833333,17.468611111111112,17.42666666666667,0.0,38.0,-0.14805555555555558,0,38.0,37.85194444444444,486.06944444444446,60.01899935833333,37.85194444444444,0.0,0.5772007700000017,0.0,0.0,0.9777777777777777,41.403225806451616,0.404831541218638,0.12,0.08,0,,0.0,0.0,37.85194444444444,0.0,674.8222222222222,0.0,337.4111111111111
2023-05-24 06:00:00,6,0,2,False,-0.13972222222222222,0.0,-0.8991666666666664,38.0,484.21944444444443,59.98788958888889,17.263055719444445,17.351943963888893,0.0,38.0,-0.13972222222222222,0,38.0,37.860277777777775,484.21944444444443,59.98788958888889,37.860277777777775,0.0,0.5854675066666687,0.0,0.0,0.9777777777777777,41.88709677419355,0.4095627240143369,0.18,0.096,0,,0.0,0.0,37.860277777777775,0.0,674.8222222222222,0.0,337.4111111111111
2023-05-24 07:00:00,7,0,2,False,-0.12944444444444445,-0.09722222222222222,-0.8580555555555555,38.0,480.1,59.98652805000002,17.117222394444443,17.291110347222226,0.0,38.0,-0.12944444444444445,0,38.0,37.870555555555555,480.1,59.98652805000002,37.870555555555555,0.0,0.5838336600000218,0.0,0.0,0.9777777777777777,42.483870967741936,0.4153978494623656,0.18,0.096,0,,0.0,0.0,37.870555555555555,0.0,674.8222222222222,0.0,337.4111111111111
2023-05-24 08:00:00,8,0,2,False,-0.12388888888888891,-0.13333333333333333,-0.825,37.986111111111114,479.7055555555556,59.98744509166667,17.105000049999997,17.289721461111114,0.0,37.986111111111114,-0.12388888888888891,0,37.986111111111114,37.86222222222222,479.7055555555556,59.98744509166667,37.86222222222222,0.0,0.5849341100000061,0.0,0.0,0.9777777777777777,42.806451612903224,0.41855197132616484,0.18,0.096,0,,0.0,0.0,37.86222222222222,0.0,674.8222222222222,0.0,337.4111111111111
2023-05-24 09:00:00,9,0,2,False,-0.12694444444444444,-0.1638888888888889,-0.8708333333333333,38.0,483.9277777777778,59.987611608333346,17.28555570277778,17.372777505555558,0.0,38.0,-0.12694444444444444,0,38.0,37.87305555555555,483.9277777777778,59.987611608333346,37.87305555555555,0.0,0.5851339300000148,0.0,0.0,0.9777777777777777,42.62903225806451,0.4168172043010752,0.18,0.096,0,,0.0,0.0,37.87305555555555,0.0,674.8222222222222,0.0,337.4111111111111
2023-05-24 10:00:00,10,0,2,False,-0.13333333333333336,-0.03611111111111111,-0.8797222222222222,37.98888888888889,486.02222222222224,60.00777746666667,17.466666666666665,17.417222222222225,0.0,37.98888888888889,-0.13333333333333336,0,37.98888888888889,37.855555555555554,486.02222222222224,60.00777746666667,37.855555555555554,0.0,0.5906670399999996,0.0,0.0,0.9777777777777777,42.25806451612903,0.4131899641577061,0.18,0.096,0,,0.0,0.0,37.855555555555554,0.0,674.8222222222222,0.0,337.4111111111111
2023-05-24 11:00:00,11,0,2,False,-0.14472222222222222,0.0,-0.9155555555555555,38.0,485.5,59.99855566944444,17.457500000000003,17.35722182777778,0.0,38.0,-0.14472222222222222,0,38.0,37.85527777777778,485.5,59.99855566944444,37.85527777777778,0.0,0.5982668033333312,0.0,0.0,0.9777777777777777,41.596774193548384,0.4067240143369175,0.12,0.08,0,,0.0,0.0,37.85527777777778,0.0,674.8222222222222,0.0,337.4111111111111
2023-05-24 12:00:00,12,0,2,False,-0.13472222222222222,0.0,-0.8863888888888888,38.0,483.80555555555554,60.00874942777777,17.226666691666665,17.21388948611111,0.0,38.0,-0.13472222222222222,0,38.0,37.86527777777778,483.80555555555554,60.00874942777777,37.86527777777778,0.0,0.5895006866666733,0.0,0.0,0.9777777777777777,42.17741935483871,0.4124014336917563,0.12,0.08,0,,0.0,0.0,37.86527777777778,0.0,674.8222222222222,0.0,337.4111111111111
2023-05-24 13:00:00,13,0,2,False,-0.14722222222222225,0.0,-0.9013888888888889,38.0,484.27222222222224,60.01308281111111,17.15333378333333,17.326388958333332,0.0,38.0,-0.14722222222222225,0,38.0,37.852777777777774,484.27222222222224,60.01308281111111,37.852777777777774,0.0,0.5843006266666663,0.0,0.0,0.9777777777777777,41.45161290322581,0.4053046594982079,0.12,0.08,0,,0.0,0.0,37.852777777777774,0.0,674.8222222222222,0.0,337.4111111111111
2023-05-24 14:00:00,14,0,2,False,-0.14194444444444446,0.0,-0.8880555555555555,38.0,483.89722222222224,60.00719403888888,17.388055394444446,17.534166688888888,0.0,38.0,-0.14194444444444446,0,38.0,37.85805555555555,483.89722222222224,60.00719403888888,37.85805555555555,0.0,0.5913671533333399,0.0,0.0,0.9777777777777777,41.75806451612903,0.4083010752688172,0.12,0.08,0,,0.0,0.0,37.85805555555555,0.0,674.8222222222222,0.0,337.4111111111111
2023-05-24 15:00:00,15,0,2,False,-0.1463888888888889,0.0,-0.9019444444444445,38.0,483.0472222222222,60.00752722777777,17.816666802777778,17.865000030555557,0.0,38.0,-0.1463888888888889,0,38.0,37.853611111111114,483.0472222222222,60.00752722777777,37.853611111111114,0.0,0.5909673266666743,0.0,0.0,0.9777777777777777,41.5,0.40577777777777774,0.12,0.08,0,,0.0,0.0,37.853611111111114,0.0,674.8222222222222,0.0,337.4111111111111
2023-05-24 16:00:00,16,0,2,False,-0.15305555555555558,-0.030555555555555555,-0.9033333333333333,37.99722222222222,481.28055555555557,60.00558298055555,18.44055553888889,18.106388991666662,0.0,37.99722222222222,-0.15305555555555558,0,37.99722222222222,37.844166666666666,481.28055555555557,60.00558298055555,37.844166666666666,0.0,0.5933004233333378,0.0,0.0,0.9777777777777777,41.11290322580645,0.40199283154121856,0.12,0.08,0,,0.0,0.0,37.844166666666666,0.0,674.8222222222222,0.0,337.4111111111111
2023-05-24 17:00:00,17,0,2,False,-0.1502777777777778,-0.03333333333333333,-0.9008333333333334,38.0,482.2138888888889,60.00211093888889,18.628333616666666,18.039166666666667,0.0,38.0,-0.1502777777777778,0,38.0,37.84972222222222,482.2138888888889,60.00211093888889,37.84972222222222,0.0,0.5974668733333317,0.0,0.0,0.9777777777777777,41.274193548387096,0.40356989247311825,0.12,0.08,0,,0.0,0.0,37.84972222222222,0.0,674.8222222222222,0.0,337.4111111111111
2023-05-24 18:00:00,18,0,2,False,-0.15083333333333332,0.0,-0.9091666666666666,38.0,482.89444444444445,60.00913854166667,18.607777863888884,18.01138888888889,0.0,38.0,-0.15083333333333332,0,38.0,37.84916666666667,482.89444444444445,60.00913854166667,37.84916666666667,0.0,0.589033749999993,0.0,0.0,0.9777777777777777,41.24193548387097,0.4032544802867383,0.18,0.096,0,,0.0,0.0,37.84916666666667,0.0,674.8222222222222,0.0,337.4111111111111
2023-05-24 19:00:00,19,0,2,False,-0.14277777777777778,0.0,-0.9152777777777777,38.0,481.1222222222222,60.0064443,18.512222222222224,17.978055555555557,0.0,38.0,-0.14277777777777778,0,38.0,37.85722222222222,481.1222222222222,60.0064443,37.85722222222222,0.0,0.5922668400000021,0.0,0.0,0.9777777777777777,41.70967741935484,0.4078279569892473,0.18,0.096,0,,0.0,0.0,37.85722222222222,0.0,674.8222222222222,0.0,337.4111111111111
2023-05-24 20:00:00,20,0,2,False,-0.15416666666666667,0.0,-0.9188888888888888,38.0,482.5138888888889,60.01263818333332,18.410277738888894,17.914444411111113,0.0,38.0,-0.15416666666666667,0,38.0,37.84583333333333,482.5138888888889,60.01263818333332,37.84583333333333,0.0,0.5848341800000127,0.0,0.0,0.9777777777777777,41.04838709677419,0.40136200716845877,0.18,0.096,0,,0.0,0.0,37.84583333333333,0.0,674.8222222222222,0.0,337.4111111111111
2023-05-24 21:00:00,21,0,2,False,-0.15194444444444447,0.0,-0.9044444444444445,38.0,483.9583333333333,60.01524951944444,18.238333275000002,17.824166005555558,0.0,38.0,-0.15194444444444447,0,38.0,37.848055555555554,483.9583333333333,60.01524951944444,37.848055555555554,0.0,0.5817005766666739,0.0,0.0,0.9777777777777777,41.177419354838705,0.4026236559139785,0.18,0.096,0,,0.0,0.0,37.848055555555554,0.0,674.8222222222222,0.0,337.4111111111111
2023-05-24 22:00:00,22,0,2,False,-0.14916666666666667,0.0,-0.908888888888889,38.0,483.46666666666664,60.00938842777778,18.002222188888886,17.710278380555554,0.0,38.0,-0.14916666666666667,0,38.0,37.850833333333334,483.46666666666664,60.00938842777778,37.850833333333334,0.0,0.5887338866666653,0.0,0.0,0.9777777777777777,41.33870967741935,0.40420071684587805,0.18,0.096,0,,0.0,0.0,37.850833333333334,0.0,674.8222222222222,0.0,337.4111111111111
2023-05-24 23:00:00,23,0,2,False,-0.1502777777777778,0.0,-0.916111111111111,38.0,483.7055555555556,60.010777311111106,17.689444608333332,17.554166741666663,0.0,38.0,-0.1502777777777778,0,38.0,37.84972222222222,483.7055555555556,60.010777311111106,37.84972222222222,0.0,0.587067226666673,0.0,0.0,0.9777777777777777,41.274193548387096,0.40356989247311825,0.12,0.08,0,,0.0,0.0,37.84972222222222,0.0,674.8222222222222,0.0,337.4111111111111
2023-05-25 00:00:00,0,0,3,False,-0.14472222222222222,0.0,-0.8680555555555556,38.0,483.15,59.996083649999996,17.320555622222223,17.35583305,0.0,38.0,-0.14472222222222222,0,38.0,37.85527777777778,483.15,59.996083649999996,37.85527777777778,0.0,0.5953003799999947,0.0,0.0,0.9777777777777777,41.596774193548384,0.4067240143369175,0.12,0.08,0,,0.0,0.0,37.85527777777778,0.0,674.8222222222222,0.0,337.4111111111111
2023-05-25 01:00:00,1,0,3,False,-0.14166666666666666,0.0,-0.9080555555555555,38.0,485.325,60.009360675,16.943610822222222,17.12222240555555,0.0,38.0,-0.14166666666666666,0,38.0,37.858333333333334,485.325,60.009360675,37.858333333333334,0.0,0.5887671899999958,0.0,0.0,0.9777777777777777,41.774193548387096,0.40845878136200714,0.12,0.08,0,,0.0,0.0,37.858333333333334,0.0,674.8222222222222,0.0,337.4111111111111
2023-05-25 02:00:00,2,0,3,False,-0.14083333333333337,0.0,-0.9027777777777778,38.0,486.64444444444445,59.99744487222223,16.591666841666665,16.978888880555555,0.0,38.0,-0.14083333333333337,0,38.0,37.85916666666667,486.64444444444445,59.99744487222223,37.85916666666667,0.0,0.5969338466666784,0.0,0.0,0.9777777777777777,41.82258064516129,0.40893189964157706,0.12,0.08,0,,0.0,0.0,37.85916666666667,0.0,674.8222222222222,0.0,337.4111111111111
2023-05-25 03:00:00,3,0,3,False,-0.1275,0.0,-0.8577777777777776,38.0,486.60833333333335,59.99475031388889,16.229444455555555,16.79833288055556,0.0,38.0,-0.1275,0,38.0,37.8725,486.60833333333335,59.99475031388889,37.8725,0.0,0.593700376666672,0.0,0.0,0.9777777777777777,42.596774193548384,0.41650179211469535,0.12,0.08,0,,0.0,0.0,37.8725,0.0,674.8222222222222,0.0,337.4111111111111
2023-05-25 04:00:00,4,0,3,False,-0.125,0.0,-0.8599999999999999,38.0,486.2,59.994917113888896,15.838333333333336,16.555833472222222,0.0,38.0,-0.125,0,38.0,37.875,486.2,59.994917113888896,37.875,0.0,0.5939005366666749,0.0,0.0,0.9777777777777777,42.74193548387097,0.417921146953405,0.12,0.08,0,,0.0,0.0,37.875,0.0,674.8222222222222,0.0,337.4111111111111
2023-05-25 05:00:00,5,0,3,False,-0.13722222222222225,0.0,-0.8961111111111112,38.0,487.74444444444447,59.998055741666654,15.401666666666667,16.30944438611111,0.0,38.0,-0.13722222222222225,0,38.0,37.86277777777778,487.74444444444447,59.998055741666654,37.86277777777778,0.0,0.5976668899999851,0.0,0.0,0.9777777777777777,42.03225806451613,0.41098207885304655,0.12,0.08,0,,0.0,0.0,37.86277777777778,0.0,674.8222222222222,0.0,337.4111111111111
2023-05-25 06:00:00,6,0,3,False,-0.12305555555555557,0.0,-0.851111111111111,38.0,486.3277777777778,59.97586159166668,15.067499999999997,16.111666830555553,0.0,38.0,-0.12305555555555557,0,38.0,37.87694444444445,486.3277777777778,59.97586159166668,37.87694444444445,0.0,0.571033910000014,0.0,0.0,0.9777777777777777,42.854838709677416,0.41902508960573476,0.18,0.096,0,,0.0,0.0,37.87694444444445,0.0,674.8222222222222,0.0,337.4111111111111
2023-05-25 07:00:00,7,0,3,False,-0.12944444444444445,0.0,-0.8461111111111111,38.0,484.28055555555557,59.97925037777778,14.833888888888891,15.997222222222222,0.0,38.0,-0.12944444444444445,0,38.0,37.870555555555555,484.28055555555557,59.97925037777778,37.870555555555555,0.0,0.5751004533333371,0.0,0.0,0.9777777777777777,42.483870967741936,0.4153978494623656,0.18,0.096,0,,0.0,0.0,37.870555555555555,0.0,674.8222222222222,0.0,337.4111111111111
2023-05-25 08:00:00,8,0,3,False,-0.10722222222222225,-0.075,-0.8202777777777778,38.0,482.2472222222222,59.970194661111115,14.796388888888892,15.907222222222224,0.0,38.0,-0.10722222222222225,0,38.0,37.89277777777778,482.2472222222222,59.970194661111115,37.89277777777778,0.0,0.5642335933333384,0.0,0.0,0.9777777777777777,43.774193548387096,0.4280143369175627,0.18,0.096,0,,0.0,0.0,37.89277777777778,0.0,674.8222222222222,0.0,337.4111111111111
2023-05-25 09:00:00,9,0,3,False,-0.10777777777777776,-0.1,-0.8172222222222222,37.99444444444445,481.10277777777776,59.98650066111111,14.895555555555555,15.908333333333335,0.0,37.99444444444445,-0.10777777777777776,0,37.99444444444445,37.88666666666667,481.10277777777776,59.98650066111111,37.88666666666667,0.0,0.5838007933333301,0.0,0.0,0.9777777777777777,43.74193548387097,0.4276989247311828,0.18,0.096,0,,0.0,0.0,37.88666666666667,0.0,674.8222222222222,0.0,337.4111111111111
2023-05-25 10:00:00,10,0,3,False,-0.11916666666666668,-0.1,-0.853611111111111,37.99444444444445,481.3388888888889,59.98163948333333,15.56,16.051666730555556,0.0,37.99444444444445,-0.11916666666666668,0,37.99444444444445,37.87527777777778,481.3388888888889,59.98163948333333,37.87527777777778,0.0,0.5779673799999984,0.0,0.0,0.9777777777777777,43.08064516129032,0.42123297491039424,0.18,0.096,0,,0.0,0.0,37.87527777777778,0.0,674.8222222222222,0.0,337.4111111111111
2023-05-25 11:00:00,11,0,3,False,-0.12972222222222224,-0.1,-0.8658333333333331,38.0,482.1361111111111,59.99272255833334,16.52249992777778,16.554999902777777,0.0,38.0,-0.12972222222222224,0,38.0,37.87027777777778,482.1361111111111,59.99272255833334,37.87027777777778,0.0,0.5912670700000092,0.0,0.0,0.9777777777777777,42.46774193548387,0.41524014336917564,0.12,0.08,0,,0.0,0.0,37.87027777777778,0.0,674.8222222222222,0.0,337.4111111111111
2023-05-25 12:00:00,12,0,3,False,-0.13111111111111112,-0.1111111111111111,-0.8522222222222221,37.99722222222222,483.0138888888889,59.99147290277778,17.441666866666665,17.05972231388889,0.0,37.99722222222222,-0.13111111111111112,0,37.99722222222222,37.86611111111111,483.0138888888889,59.99147290277778,37.86611111111111,0.0,0.5897674833333354,0.0,0.0,0.9777777777777777,42.38709677419355,0.4144516129032258,0.12,0.08,0,,0.0,0.0,37.86611111111111,0.0,674.8222222222222,0.0,337.4111111111111
2023-05-25 13:00:00,13,0,3,False,-0.1461111111111111,-0.13333333333333333,-0.9133333333333332,38.0,481.8638888888889,60.001749800000006,17.981388766666665,17.38972198888889,0.0,38.0,-0.1461111111111111,0,38.0,37.85388888888889,481.8638888888889,60.001749800000006,37.85388888888889,0.0,0.5979002399999928,0.0,0.0,0.9777777777777777,41.516129032258064,0.40593548387096773,0.12,0.08,0,,0.0,0.0,37.85388888888889,0.0,674.8222222222222,0.0,337.4111111111111
2023-05-25 14:00:00,14,0,3,False,-0.1438888888888889,-0.06666666666666667,-0.885,37.99722222222222,483.5833333333333,60.03149978611111,18.171945163888886,17.483611111111113,0.0,37.99722222222222,-0.1438888888888889,0,37.99722222222222,37.85333333333333,483.5833333333333,60.03149978611111,37.85333333333333,0.0,0.5622002566666652,0.0,0.0,0.9777777777777777,41.64516129032258,0.4071971326164874,0.12,0.08,0,,0.0,0.0,37.85333333333333,0.0,674.8222222222222,0.0,337.4111111111111
2023-05-25 15:00:00,15,0,3,False,-0.15333333333333335,0.0,-0.9480555555555555,38.0,486.55555555555554,60.02299946666666,17.922499816666665,17.364166311111113,0.0,38.0,-0.15333333333333335,0,38.0,37.846666666666664,486.55555555555554,60.02299946666666,37.846666666666664,0.0,0.5724006400000065,0.0,0.0,0.9777777777777777,41.096774193548384,0.40183512544802863,0.12,0.08,0,,0.0,0.0,37.846666666666664,0.0,674.8222222222222,0.0,337.4111111111111
2023-05-25 16:00:00,16,0,3,False,-0.1488888888888889,0.0,-0.9202777777777779,38.0,487.3361111111111,60.024444,17.66083369722222,17.215833583333332,0.0,38.0,-0.1488888888888889,0,38.0,37.85111111111111,487.3361111111111,60.024444,37.85111111111111,0.0,0.5706671999999969,0.0,0.0,0.9777777777777777,41.354838709677416,0.40435842293906804,0.12,0.08,0,,0.0,0.0,37.85111111111111,0.0,674.8222222222222,0.0,337.4111111111111
2023-05-25 17:00:00,17,0,3,False,-0.1577777777777778,0.0,-0.9316666666666666,38.0,485.77777777777777,60.01324959722222,17.353055619444444,17.051666680555552,0.0,38.0,-0.1577777777777778,0,38.0,37.84222222222222,485.77777777777777,60.01324959722222,37.84222222222222,0.0,0.5841004833333358,0.0,0.0,0.9777777777777777,40.83870967741935,0.3993118279569892,0.12,0.08,0,,0.0,0.0,37.84222222222222,0.0,674.8222222222222,0.0,337.4111111111111
2023-05-25 18:00:00,18,0,3,False,-0.1563888888888889,0.0,-0.9266666666666667,38.0,482.31944444444446,60.01124960833333,16.97555538888889,16.866388544444447,0.0,38.0,-0.1563888888888889,0,38.0,37.84361111111111,482.31944444444446,60.01124960833333,37.84361111111111,0.0,0.5865004700000043,0.0,0.0,0.9777777777777777,40.91935483870968,0.4001003584229391,0.18,0.096,0,,0.0,0.0,37.84361111111111,0.0,674.8222222222222,0.0,337.4111111111111
2023-05-25 19:00:00,19,0,3,False,-0.14583333333333334,0.0,-0.8805555555555555,38.0,480.97777777777776,60.01047151944444,16.66250014722222,16.740833258333332,0.0,38.0,-0.14583333333333334,0,38.0,37.854166666666664,480.97777777777776,60.01047151944444,37.854166666666664,0.0,0.587434176666676,0.0,0.0,0.9777777777777777,41.53225806451613,0.40609318996415766,0.18,0.096,0,,0.0,0.0,37.854166666666664,0.0,674.8222222222222,0.0,337.4111111111111
2023-05-25 20:00:00,20,0,3,False,-0.1436111111111111,0.0,-0.8744444444444444,38.0,481.75555555555553,60.012082719444436,16.36083324166667,16.568611188888887,0.0,38.0,-0.1436111111111111,0,38.0,37.85638888888889,481.75555555555553,60.012082719444436,37.85638888888889,0.0,0.5855007366666768,0.0,0.0,0.9777777777777777,41.66129032258065,0.4073548387096774,0.18,0.096,0,,0.0,0.0,37.85638888888889,0.0,674.8222222222222,0.0,337.4111111111111
2023-05-25 21:00:00,21,0,3,False,-0.13416666666666668,0.0,-0.8644444444444445,38.0,484.44166666666666,60.00788874444444,16.05222236666667,16.406111025000005,0.0,38.0,-0.13416666666666668,0,38.0,37.865833333333335,484.44166666666666,60.00788874444444,37.865833333333335,0.0,0.590533506666668,0.0,0.0,0.9777777777777777,42.20967741935484,0.41271684587813623,0.18,0.096,0,,0.0,0.0,37.865833333333335,0.0,674.8222222222222,0.0,337.4111111111111
2023-05-25 22:00:00,22,0,3,False,-0.12944444444444445,0.0,-0.8913888888888888,38.0,483.94166666666666,60.006583158333335,15.746944444444443,16.255833216666666,0.0,38.0,-0.12944444444444445,0,38.0,37.870555555555555,483.94166666666666,60.006583158333335,37.870555555555555,0.0,0.5921002099999981,0.0,0.0,0.9777777777777777,42.483870967741936,0.4153978494623656,0.18,0.096,0,,0.0,0.0,37.870555555555555,0.0,674.8222222222222,0.0,337.4111111111111
2023-05-25 23:00:00,23,0,3,False,-0.12055555555555557,0.0,-0.8422222222222222,38.0,483.81944444444446,60.011666005555554,15.431111111111113,16.09583341111111,0.0,38.0,-0.12055555555555557,0,38.0,37.879444444444445,483.81944444444446,60.011666005555554,37.879444444444445,0.0,0.586000793333335,0.0,0.0,0.9777777777777777,43.0,0.4204444444444444,0.12,0.08,0,,0.0,0.0,37.879444444444445,0.0,674.8222222222222,0.0,337.4111111111111
2023-05-26 00:00:00,0,0,4,False,-0.13166666666666668,0.0,-0.8597222222222223,38.0,484.34166666666664,60.00061085000001,15.150555555555552,15.950833333333337,0.0,38.0,-0.13166666666666668,0,38.0,37.86833333333333,484.34166666666664,60.00061085000001,37.86833333333333,0.0,0.5992669799999902,0.0,0.0,0.9777777777777777,42.354838709677416,0.4141362007168458,0.12,0.08,0,,0.0,0.0,37.86833333333333,0.0,674.8222222222222,0.0,337.4111111111111
2023-05-26 01:00:00,1,0,4,False,-0.12444444444444445,0.0,-0.8652777777777778,38.0,485.8666666666667,60.0114441611111,14.87777777777778,15.810833333333337,0.0,38.0,-0.12444444444444445,0,38.0,37.87555555555556,485.8666666666667,60.0114441611111,37.87555555555556,0.0,0.5862670066666794,0.0,0.0,0.9777777777777777,42.774193548387096,0.4182365591397849,0.12,0.08,0,,0.0,0.0,37.87555555555556,0.0,674.8222222222222,0.0,337.4111111111111
2023-05-26 02:00:00,2,0,4,False,-0.12027777777777778,0.0,-0.8483333333333333,38.0,486.0722222222222,60.01347159999999,14.621111111111109,15.649444444444443,0.0,38.0,-0.12027777777777778,0,38.0,37.87972222222222,486.0722222222222,60.01347159999999,37.87972222222222,0.0,0.5838340800000139,0.0,0.0,0.9777777777777777,43.016129032258064,0.4206021505376344,0.12,0.08,0,,0.0,0.0,37.87972222222222,0.0,674.8222222222222,0.0,337.4111111111111
2023-05-26 03:00:00,3,0,4,False,-0.1125,0.0,-0.81,38.0,485.2416666666667,60.01091610555555,14.386666666666668,15.469722222222224,0.0,38.0,-0.1125,0,38.0,37.8875,485.2416666666667,60.01091610555555,37.8875,0.0,0.5869006733333378,0.0,0.0,0.9777777777777777,43.46774193548387,0.4250179211469534,0.12,0.08,0,,0.0,0.0,37.8875,0.0,674.8222222222222,0.0,337.4111111111111
2023-05-26 04:00:00,4,0,4,False,-0.1113888888888889,0.0,-0.8222222222222222,38.0,484.7111111111111,60.012388502777775,14.137777777777776,15.351388888888891,0.0,38.0,-0.1113888888888889,0,38.0,37.88861111111111,484.7111111111111,60.012388502777775,37.88861111111111,0.0,0.5851337966666704,0.0,0.0,0.9777777777777777,43.53225806451613,0.4256487455197132,0.12,0.08,0,,0.0,0.0,37.88861111111111,0.0,674.8222222222222,0.0,337.4111111111111
2023-05-26 05:00:00,5,0,4,False,-0.10805555555555557,0.0,-0.8386111111111111,38.0,486.19444444444446,60.00299988333333,13.906111111111112,15.194444444444441,0.0,38.0,-0.10805555555555557,0,38.0,37.89194444444445,486.19444444444446,60.00299988333333,37.89194444444445,0.0,0.5964001400000029,0.0,0.0,0.9777777777777777,43.725806451612904,0.4275412186379928,0.12,0.08,0,,0.0,0.0,37.89194444444445,0.0,674.8222222222222,0.0,337.4111111111111
2023-05-26 06:00:00,6,0,4,False,-0.10027777777777779,0.0,-0.8177777777777777,38.0,484.35833333333335,59.98602805833334,13.730833333333331,15.073888888888884,0.0,38.0,-0.10027777777777779,0,38.0,37.89972222222222,484.35833333333335,59.98602805833334,37.89972222222222,0.0,0.583233670000007,0.0,0.0,0.9777777777777777,44.17741935483871,0.4319569892473118,0.18,0.096,0,,0.0,0.0,37.89972222222222,0.0,674.8222222222222,0.0,337.4111111111111
2023-05-26 07:00:00,7,0,4,False,-0.105,0.0,-0.8072222222222222,38.0,482.48055555555555,59.98808343333334,13.57472222222222,14.993888888888886,0.0,38.0,-0.105,0,38.0,37.895,482.48055555555555,59.98808343333334,37.895,0.0,0.5857001200000042,0.0,0.0,0.9777777777777777,43.903225806451616,0.42927598566308245,0.18,0.096,0,,0.0,0.0,37.895,0.0,674.8222222222222,0.0,337.4111111111111
2023-05-26 08:00:00,8,0,4,False,-0.10472222222222223,0.0,-0.7986111111111112,38.0,480.5527777777778,59.987778255555554,13.541944444444443,14.948333333333334,0.0,38.0,-0.10472222222222223,0,38.0,37.89527777777778,480.5527777777778,59.987778255555554,37.89527777777778,0.0,0.5853339066666648,0.0,0.0,0.9777777777777777,43.91935483870968,0.4294336917562724,0.18,0.096,0,,0.0,0.0,37.89527777777778,0.0,674.8222222222222,0.0,337.4111111111111
2023-05-26 09:00:00,9,0,4,False,-0.10416666666666667,-0.03333333333333333,-0.8027777777777778,38.0,479.6,59.99219486944445,13.666388888888887,14.97138888888889,0.0,38.0,-0.10416666666666667,0,38.0,37.895833333333336,479.6,59.99219486944445,37.895833333333336,0.0,0.590633843333336,0.0,0.0,0.9777777777777777,43.95161290322581,0.4297491039426523,0.18,0.096,0,,0.0,0.0,37.895833333333336,0.0,674.8222222222222,0.0,337.4111111111111
2023-05-26 10:00:00,10,0,4,False,-0.09972222222222221,0.0,-0.7883333333333333,38.0,479.51944444444445,59.98297299166667,14.011666666666667,15.111944444444443,0.0,38.0,-0.09972222222222221,0,38.0,37.90027777777778,479.51944444444445,59.98297299166667,37.90027777777778,0.0,0.5795675900000049,0.0,0.0,0.9777777777777777,44.20967741935484,0.4322724014336918,0.18,0.096,0,,0.0,0.0,37.90027777777778,0.0,674.8222222222222,0.0,337.4111111111111
2023-05-26 11:00:00,11,0,4,False,-0.10805555555555557,0.0,-0.8013888888888889,37.99166666666667,477.96944444444443,59.988583580555556,14.86138888888889,15.511944444444447,0.0,37.99166666666667,-0.10805555555555557,0,37.99166666666667,37.88361111111111,477.96944444444443,59.988583580555556,37.88361111111111,0.0,0.5863002966666669,0.0,0.0,0.9777777777777777,43.725806451612904,0.4275412186379928,0.12,0.08,0,,0.0,0.0,37.88361111111111,0.0,674.8222222222222,0.0,337.4111111111111
2023-05-26 12:00:00,12,0,4,False,-0.11583333333333334,-0.06388888888888888,-0.8202777777777777,38.0,483.1277777777778,59.99294431944444,15.893888900000002,16.060833319444445,0.0,38.0,-0.11583333333333334,0,38.0,37.884166666666665,483.1277777777778,59.99294431944444,37.884166666666665,0.0,0.5915331833333283,0.0,0.0,0.9777777777777777,43.274193548387096,0.4231254480286738,0.12,0.08,0,,0.0,0.0,37.884166666666665,0.0,674.8222222222222,0.0,337.4111111111111
2023-05-26 13:00:00,13,0,4,False,-0.12055555555555557,-0.11666666666666667,-0.8377777777777778,37.99444444444445,481.1333333333333,59.99872229722222,16.89833328888889,16.738055494444446,0.0,37.99444444444445,-0.12055555555555557,0,37.99444444444445,37.87388888888889,481.1333333333333,59.99872229722222,37.87388888888889,0.0,0.5984667566666673,0.0,0.0,0.9777777777777777,43.0,0.4204444444444444,0.12,0.08,0,,0.0,0.0,37.87388888888889,0.0,674.8222222222222,0.0,337.4111111111111
2023-05-26 14:00:00,14,0,4,False,-0.12194444444444444,-0.1111111111111111,-0.8633333333333334,37.975,482.225,60.005694125,17.688055569444444,17.36722225277778,0.0,37.975,-0.12194444444444444,0,37.975,37.85305555555556,482.225,60.005694125,37.85305555555556,0.0,0.5931670500000024,0.0,0.0,0.9777777777777777,42.91935483870968,0.4196559139784946,0.12,0.08,0,,0.0,0.0,37.85305555555556,0.0,674.8222222222222,0.0,337.4111111111111
2023-05-26 15:00:00,15,0,4,False,-0.12861111111111112,-0.2,-0.8413888888888889,37.96111111111111,481.90833333333336,60.00294410555556,18.363888980555558,17.831389025,0.0,37.96111111111111,-0.12861111111111112,0,37.96111111111111,37.832499999999996,481.90833333333336,60.00294410555556,37.832499999999996,0.0,0.596467073333332,0.0,0.0,0.9777777777777777,42.53225806451613,0.41587096774193544,0.12,0.08,0,,0.0,0.0,37.832499999999996,0.0,674.8222222222222,0.0,337.4111111111111
2023-05-26 16:00:00,16,0,4,False,-0.1488888888888889,-0.2972222222222222,-0.9011111111111111,37.68055555555556,480.6611111111111,59.981917225000004,19.062222361111107,18.231111430555554,0.0,37.68055555555556,-0.1488888888888889,0,37.68055555555556,37.531666666666666,480.6611111111111,59.981917225000004,37.531666666666666,0.0,0.5783006700000044,0.0,0.0,0.9777777777777777,41.354838709677416,0.40435842293906804,0.12,0.08,0,,0.0,0.0,37.531666666666666,0.0,674.8222222222222,0.0,337.4111111111111
2023-05-26 17:00:00,17,0,4,False,-0.16694444444444448,-0.18888888888888888,-0.9580555555555554,37.90555555555556,484.02777777777777,59.965472547222234,19.292499625,18.312777347222223,0.0,37.90555555555556,-0.16694444444444448,0,37.90555555555556,37.73861111111111,484.02777777777777,59.965472547222234,37.73861111111111,0.0,0.5585670566666806,0.0,0.0,0.9777777777777777,40.306451612903224,0.3941075268817204,0.12,0.08,0,,0.0,0.0,37.73861111111111,0.0,674.8222222222222,0.0,337.4111111111111
2023-05-26 18:00:00,18,0,4,False,-0.15361111111111111,-0.13333333333333333,-0.9247222222222221,37.977777777777774,484.3222222222222,59.99825029166667,19.413611108333335,18.428888883333336,0.0,37.977777777777774,-0.15361111111111111,0,37.977777777777774,37.82416666666666,484.3222222222222,59.99825029166667,37.82416666666666,0.0,0.5979003500000061,0.0,0.0,0.9777777777777777,41.08064516129032,0.40167741935483864,0.18,0.096,0,,0.0,0.0,37.82416666666666,0.0,674.8222222222222,0.0,337.4111111111111
2023-05-26 19:00:00,19,0,4,False,-0.15916666666666665,-0.03333333333333333,-0.9158333333333333,38.0,481.3222222222222,60.009749316666664,19.493333333333336,18.538888888888888,0.0,38.0,-0.15916666666666665,0,38.0,37.840833333333336,481.3222222222222,60.009749316666664,37.840833333333336,0.0,0.5883008200000034,0.0,0.0,0.9777777777777777,40.75806451612903,0.39852329749103943,0.18,0.096,0,,0.0,0.0,37.840833333333336,0.0,674.8222222222222,0.0,337.4111111111111
2023-05-26 20:00:00,20,0,4,False,-0.16000000000000003,0.0,-0.9288888888888889,38.0,479.90833333333336,60.01288813055556,19.48777777777778,18.596388924999996,0.0,38.0,-0.16000000000000003,0,38.0,37.84,479.90833333333336,60.01288813055556,37.84,0.0,0.5845342433333286,0.0,0.0,0.9777777777777777,40.70967741935483,0.39805017921146946,0.18,0.096,0,,0.0,0.0,37.84,0.0,674.8222222222222,0.0,337.4111111111111
2023-05-26 21:00:00,21,0,4,False,-0.16444444444444445,0.0,-0.9619444444444443,38.0,483.2361111111111,60.012804958333334,19.378055313888893,18.58888890277778,0.0,38.0,-0.16444444444444445,0,38.0,37.83555555555556,483.2361111111111,60.012804958333334,37.83555555555556,0.0,0.5846340499999997,0.0,0.0,0.9777777777777777,40.45161290322581,0.3955268817204301,0.18,0.096,0,,0.0,0.0,37.83555555555556,0.0,674.8222222222222,0.0,337.4111111111111
2023-05-26 22:00:00,22,0,4,False,-0.16222222222222224,0.0,-0.9580555555555554,38.0,482.2583333333333,60.00602735555556,19.195277963888888,18.51527777777778,0.0,38.0,-0.16222222222222224,0,38.0,37.83777777777778,482.2583333333333,60.00602735555556,37.83777777777778,0.0,0.5927671733333284,0.0,0.0,0.9777777777777777,40.58064516129032,0.39678853046594975,0.18,0.096,0,,0.0,0.0,37.83777777777778,0.0,674.8222222222222,0.0,337.4111111111111
2023-05-26 23:00:00,23,0,4,False,-0.1602777777777778,0.0,-0.9252777777777779,38.0,482.9472222222222,60.02338838333333,18.979722141666667,18.427500000000002,0.0,38.0,-0.1602777777777778,0,38.0,37.83972222222222,482.9472222222222,60.02338838333333,37.83972222222222,0.0,0.5719339400000081,0.0,0.0,0.9777777777777777,40.69354838709677,0.39789247311827947,0.12,0.08,0,,0.0,0.0,37.83972222222222,0.0,674.8222222222222,0.0,337.4111111111111
2023-05-27 00:00:00,0,0,5,True,-0.16361111111111112,0.0,-0.9669444444444445,38.0,482.72777777777776,60.00977726388888,18.73416699166666,18.35833295,0.0,38.0,-0.16361111111111112,0,38.0,37.83638888888889,482.72777777777776,60.00977726388888,37.83638888888889,0.0,0.5882672833333459,0.0,0.0,0.9777777777777777,40.5,0.396,0.12,0.08,0,,0.0,0.0,37.83638888888889,0.0,674.8222222222222,0.0,337.4111111111111
2023-05-27 01:00:00,1,0,5,True,-0.16666666666666669,0.0,-0.935,38.0,482.5416666666667,60.00480496111111,18.55666687222222,18.18833365,0.0,38.0,-0.16666666666666669,0,38.0,37.833333333333336,482.5416666666667,60.00480496111111,37.833333333333336,0.0,0.594234046666665,0.0,0.0,0.9777777777777777,40.32258064516129,0.39426523297491034,0.12,0.08,0,,0.0,0.0,37.833333333333336,0.0,674.8222222222222,0.0,337.4111111111111
2023-05-27 02:00:00,2,0,5,True,-0.14694444444444446,0.0,-0.9222222222222223,38.0,483.2416666666667,59.99836117777778,18.277222036111112,18.05194444444444,0.0,38.0,-0.14694444444444446,0,38.0,37.85305555555556,483.2416666666667,59.99836117777778,37.85305555555556,0.0,0.5980334133333371,0.0,0.0,0.9777777777777777,41.46774193548387,0.4054623655913978,0.12,0.08,0,,0.0,0.0,37.85305555555556,0.0,674.8222222222222,0.0,337.4111111111111
2023-05-27 03:00:00,3,0,5,True,-0.1502777777777778,0.0,-0.9183333333333334,38.0,484.0027777777778,59.99341731944445,17.98083321388889,17.87972189166667,0.0,38.0,-0.1502777777777778,0,38.0,37.84972222222222,484.0027777777778,59.99341731944445,37.84972222222222,0.0,0.5921007833333363,0.0,0.0,0.9777777777777777,41.274193548387096,0.40356989247311825,0.12,0.08,0,,0.0,0.0,37.84972222222222,0.0,674.8222222222222,0.0,337.4111111111111
2023-05-27 04:00:00,4,0,5,True,-0.14166666666666666,0.0,-0.8836111111111111,38.0,484.61944444444447,59.9956667888889,17.677778102777776,17.713055969444444,0.0,38.0,-0.14166666666666666,0,38.0,37.858333333333334,484.61944444444447,59.9956667888889,37.858333333333334,0.0,0.5948001466666767,0.0,0.0,0.9777777777777777,41.774193548387096,0.40845878136200714,0.12,0.08,0,,0.0,0.0,37.858333333333334,0.0,674.8222222222222,0.0,337.4111111111111
2023-05-27 05:00:00,5,0,5,True,-0.13583333333333336,0.0,-0.8858333333333333,38.0,485.7944444444444,60.00394423611112,17.37916655277778,17.529166697222223,0.0,38.0,-0.13583333333333336,0,38.0,37.86416666666667,485.7944444444444,60.00394423611112,37.86416666666667,0.0,0.5952669166666595,0.0,0.0,0.9777777777777777,42.11290322580645,0.41177060931899634,0.12,0.08,0,,0.0,0.0,37.86416666666667,0.0,674.8222222222222,0.0,337.4111111111111
2023-05-27 06:00:00,6,0,5,True,-0.14055555555555557,0.0,-0.8877777777777779,38.0,483.0083333333333,59.98530603611112,17.103055741666665,17.387499875000003,0.0,38.0,-0.14055555555555557,0,38.0,37.85944444444444,483.0083333333333,59.98530603611112,37.85944444444444,0.0,0.5823672433333428,0.0,0.0,0.9777777777777777,41.83870967741935,0.409089605734767,0.18,0.096,0,,0.0,0.0,37.85944444444444,0.0,674.8222222222222,0.0,337.4111111111111
2023-05-27 07:00:00,7,0,5,True,-0.12611111111111112,-0.12777777777777777,-0.8702777777777777,37.986111111111114,479.2027777777778,59.98541695555555,16.994166666666665,17.36222184444445,0.0,37.986111111111114,-0.12611111111111112,0,37.986111111111114,37.86000000000001,479.2027777777778,59.98541695555555,37.86000000000001,0.0,0.5825003466666601,0.0,0.0,0.9777777777777777,42.67741935483871,0.4172903225806452,0.18,0.096,0,,0.0,0.0,37.86000000000001,0.0,674.8222222222222,0.0,337.4111111111111
2023-05-27 08:00:00,8,0,5,True,-0.12833333333333335,-0.1638888888888889,-0.8427777777777777,38.0,478.49444444444447,59.99350025555555,17.051666666666662,17.39944441388889,0.0,38.0,-0.12833333333333335,0,38.0,37.87166666666667,478.49444444444447,59.99350025555555,37.87166666666667,0.0,0.5922003066666633,0.0,0.0,0.9777777777777777,42.54838709677419,0.41602867383512543,0.18,0.096,0,,0.0,0.0,37.87166666666667,0.0,674.8222222222222,0.0,337.4111111111111
2023-05-27 09:00:00,9,0,5,True,-0.1325,-0.225,-0.8586111111111112,37.91388888888889,478.8222222222222,59.98166741944445,17.289444652777775,17.485555555555553,0.0,37.91388888888889,-0.1325,0,37.91388888888889,37.78138888888889,478.8222222222222,59.98166741944445,37.78138888888889,0.0,0.5780009033333385,0.0,0.0,0.9777777777777777,42.306451612903224,0.41366308243727595,0.18,0.096,0,,0.0,0.0,37.78138888888889,0.0,674.8222222222222,0.0,337.4111111111111
2023-05-27 10:00:00,10,0,5,True,-0.13722222222222222,-0.2388888888888889,-0.8877777777777779,37.666666666666664,478.7527777777778,59.986528202777784,18.272500025,17.739722458333333,0.0,37.666666666666664,-0.13722222222222222,0,37.666666666666664,37.529444444444444,478.7527777777778,59.986528202777784,37.529444444444444,0.0,0.5838338433333404,0.0,0.0,0.9777777777777777,42.03225806451613,0.41098207885304655,0.18,0.096,0,,0.0,0.0,37.529444444444444,0.0,674.8222222222222,0.0,337.4111111111111
2023-05-27 11:00:00,11,0,5,True,-0.14555555555555558,-0.2972222222222222,-0.9,37.13055555555555,480.475,59.9942503388889,19.373611127777778,18.42972238611111,0.0,37.13055555555555,-0.14555555555555558,0,37.13055555555555,36.985,480.475,59.9942503388889,36.985,0.0,0.5931004066666759,0.0,0.0,0.9777777777777777,41.54838709677419,0.40625089605734765,0.12,0.08,0,,0.0,0.0,36.985,0.0,674.8222222222222,0.0,337.4111111111111
2023-05-27 12:00:00,12,0,5,True,-0.1538888888888889,-0.48055555555555557,-0.8852777777777777,37.0,477.40555555555557,59.981444930555554,20.375277780555557,19.232777761111112,0.0,37.0,-0.1538888888888889,0,37.0,36.846111111111114,477.40555555555557,59.981444930555554,36.846111111111114,0.0,0.577733916666665,0.0,0.0,0.9777777777777777,41.064516129032256,0.40151971326164876,0.12,0.08,0,,0.0,0.0,36.846111111111114,0.0,674.8222222222222,0.0,337.4111111111111
2023-05-27 13:00:00,13,0,5,True,-0.15805555555555556,-0.5916666666666667,-0.9002777777777778,37.0,477.8388888888889,59.998361044444444,21.349722355555553,20.07027783611111,0.0,37.0,-0.15805555555555556,0,37.0,36.841944444444444,477.8388888888889,59.998361044444444,36.841944444444444,0.0,0.5980332533333325,0.0,0.0,0.9777777777777777,40.82258064516129,0.3991541218637992,0.12,0.08,0,,0.0,0.0,36.841944444444444,0.0,674.8222222222222,0.0,337.4111111111111
2023-05-27 14:00:00,14,0,5,True,-0.17,-0.5611111111111111,-0.9380555555555556,36.983333333333334,476.77222222222224,59.99911100277778,22.18888878611111,20.821111152777778,0.0,36.983333333333334,-0.17,0,36.983333333333334,36.81333333333333,476.77222222222224,59.99911100277778,36.81333333333333,0.0,0.5989332033333369,0.0,0.0,0.9777777777777777,40.12903225806451,0.3923727598566308,0.12,0.08,0,,0.0,0.0,36.81333333333333,0.0,674.8222222222222,0.0,337.4111111111111
2023-05-27 15:00:00,15,0,5,True,-0.16527777777777777,-0.7,-0.9180555555555555,36.138888888888886,475.675,59.99797229722222,23.029166694444445,21.478333511111114,0.0,36.138888888888886,-0.16527777777777777,0,36.138888888888886,35.97361111111111,475.675,59.99797229722222,35.97361111111111,0.0,0.5975667566666629,0.0,0.0,0.9777777777777777,40.403225806451616,0.39505376344086024,0.12,0.08,0,,0.0,0.0,35.97361111111111,0.0,674.8222222222222,0.0,337.4111111111111
2023-05-27 16:00:00,16,0,5,True,-0.17222222222222222,-0.7444444444444445,-0.9388888888888889,36.0,476.15555555555557,60.008721502777775,23.800000019444447,21.87694424444445,0.0,36.0,-0.17222222222222222,0,36.0,35.827777777777776,476.15555555555557,60.008721502777775,35.827777777777776,0.0,0.5895341966666706,0.0,0.0,0.9777777777777777,40.0,0.39111111111111113,0.12,0.08,0,,0.0,0.0,35.827777777777776,0.0,674.8222222222222,0.0,337.4111111111111
2023-05-27 17:00:00,17,0,5,True,-0.19833333333333336,-0.8166666666666667,-1.0352777777777777,36.30277777777778,484.13055555555553,59.99924985277778,24.125278038888887,21.95333331666667,0.0,36.30277777777778,-0.19833333333333336,0,36.30277777777778,36.10444444444445,484.13055555555553,59.99924985277778,36.10444444444445,0.0,0.5990998233333357,0.0,0.0,0.9777777777777777,38.483870967741936,0.3762867383512545,0.12,0.08,0,,0.0,0.0,36.10444444444445,0.0,674.8222222222222,0.0,337.4111111111111
2023-05-27 18:00:00,18,0,5,True,-0.2152777777777778,-0.675,-1.059722222222222,37.0,484.2972222222222,60.021360491666655,24.32416591666667,22.025,0.0,37.0,-0.2152777777777778,0,37.0,36.78472222222222,484.2972222222222,60.021360491666655,36.78472222222222,0.0,0.5743674100000135,0.0,0.0,0.9777777777777777,37.5,0.36666666666666664,0.18,0.096,0,,0.0,0.0,36.78472222222222,0.0,674.8222222222222,0.0,337.4111111111111
2023-05-27 19:00:00,19,0,5,True,-0.2166666666666667,-0.30833333333333335,-1.0713888888888887,37.25555555555555,484.73055555555555,60.01219386944444,24.463055555555552,22.043055555555554,0.0,37.25555555555555,-0.2166666666666667,0,37.25555555555555,37.038888888888884,484.73055555555555,60.01219386944444,37.038888888888884,0.0,0.5853673566666743,0.0,0.0,0.9777777777777777,37.41935483870968,0.36587813620071685,0.18,0.096,0,,0.0,0.0,37.038888888888884,0.0,674.8222222222222,0.0,337.4111111111111
2023-05-27 20:00:00,20,0,5,True,-0.21833333333333335,-0.06944444444444445,-1.0688888888888888,37.96666666666667,482.98333333333335,60.00697181666666,24.4475,21.962777761111113,0.0,37.96666666666667,-0.21833333333333335,0,37.96666666666667,37.748333333333335,482.98333333333335,60.00697181666666,37.748333333333335,0.0,0.5916338200000041,0.0,0.0,0.9777777777777777,37.32258064516129,0.3649318996415771,0.18,0.096,0,,0.0,0.0,37.748333333333335,0.0,674.8222222222222,0.0,337.4111111111111
2023-05-27 21:00:00,21,0,5,True,-0.2230555555555556,-0.06388888888888888,-1.0613888888888887,38.0,482.78055555555557,60.01463859166667,24.343888324999998,21.781944144444445,0.0,38.0,-0.2230555555555556,0,38.0,37.776944444444446,482.78055555555557,60.01463859166667,37.776944444444446,0.0,0.5824336899999991,0.0,0.0,0.9777777777777777,37.04838709677419,0.36225089605734767,0.18,0.096,0,,0.0,0.0,37.776944444444446,0.0,674.8222222222222,0.0,337.4111111111111
2023-05-27 22:00:00,22,0,5,True,-0.2177777777777778,-0.030555555555555555,-1.0747222222222221,38.0,484.2416666666667,60.02936087777777,24.293332475,21.648333838888888,0.0,38.0,-0.2177777777777778,0,38.0,37.782222222222224,484.2416666666667,60.02936087777777,37.782222222222224,0.0,0.5647669466666769,0.0,0.0,0.9777777777777777,37.354838709677416,0.36524731182795694,0.18,0.096,0,,0.0,0.0,37.782222222222224,0.0,674.8222222222222,0.0,337.4111111111111
2023-05-27 23:00:00,23,0,5,True,-0.2325,-0.030555555555555555,-1.076111111111111,37.99722222222222,481.8611111111111,60.00474998333333,24.177222769444445,21.45916666388889,0.0,37.99722222222222,-0.2325,0,37.99722222222222,37.76472222222222,481.8611111111111,60.00474998333333,37.76472222222222,0.0,0.59430002,0.0,0.0,0.9777777777777777,36.5,0.35688888888888887,0.12,0.08,0,,0.0,0.0,37.76472222222222,0.0,674.8222222222222,0.0,337.4111111111111
2023-05-28 00:00:00,0,0,6,True,-0.2163888888888889,0.0,-1.0552777777777778,38.0,483.4166666666667,60.00061090833333,24.02138888888889,21.269999966666667,0.0,38.0,-0.2163888888888889,0,38.0,37.783611111111114,483.4166666666667,60.00061090833333,37.783611111111114,0.0,0.5992669100000058,0.0,0.0,0.9777777777777777,37.435483870967744,0.36603584229390684,0.12,0.08,0,,0.0,0.0,37.783611111111114,0.0,674.8222222222222,0.0,337.4111111111111
2023-05-28 01:00:00,1,0,6,True,-0.2125,0.0,-1.0455555555555556,38.0,483.8222222222222,59.98805596944445,23.848610938888893,21.065555666666665,0.0,38.0,-0.2125,0,38.0,37.7875,483.8222222222222,59.98805596944445,37.7875,0.0,0.5856671633333433,0.0,0.0,0.9777777777777777,37.66129032258064,0.3682437275985663,0.12,0.08,0,,0.0,0.0,37.7875,0.0,674.8222222222222,0.0,337.4111111111111
2023-05-28 02:00:00,2,0,6,True,-0.20527777777777778,0.0,-1.0452777777777778,37.99722222222222,484.09722222222223,60.004416147222216,23.624444869444446,20.894999758333334,0.0,37.99722222222222,-0.20527777777777778,0,37.99722222222222,37.79194444444444,484.09722222222223,60.004416147222216,37.79194444444444,0.0,0.5947006233333411,0.0,0.0,0.9777777777777777,38.08064516129032,0.37234408602150537,0.12,0.08,0,,0.0,0.0,37.79194444444444,0.0,674.8222222222222,0.0,337.4111111111111
2023-05-28 03:00:00,3,0,6,True,-0.2125,0.0,-1.0480555555555555,38.0,484.9583333333333,60.003360799999996,23.41083325555556,20.693611688888886,0.0,38.0,-0.2125,0,38.0,37.7875,484.9583333333333,60.003360799999996,37.7875,0.0,0.595967040000005,0.0,0.0,0.9777777777777777,37.66129032258064,0.3682437275985663,0.12,0.08,0,,0.0,0.0,37.7875,0.0,674.8222222222222,0.0,337.4111111111111
2023-05-28 04:00:00,4,0,6,True,-0.2002777777777778,0.0,-1.0305555555555554,37.983333333333334,481.72777777777776,59.989083725,23.228888694444443,20.491388891666666,0.0,37.983333333333334,-0.2002777777777778,0,37.983333333333334,37.783055555555556,481.72777777777776,59.989083725,37.783055555555556,0.0,0.5869004700000005,0.0,0.0,0.9777777777777777,38.37096774193548,0.37518279569892465,0.12,0.08,0,,0.0,0.0,37.783055555555556,0.0,674.8222222222222,0.0,337.4111111111111
2023-05-28 05:00:00,5,0,6,True,-0.1927777777777778,0.0,-1.0144444444444445,37.99722222222222,481.1361111111111,59.99408388055556,22.954444366666667,20.31833305,0.0,37.99722222222222,-0.1927777777777778,0,37.99722222222222,37.80444444444444,481.1361111111111,59.99408388055556,37.80444444444444,0.0,0.5929006566666686,0.0,0.0,0.9777777777777777,38.806451612903224,0.37944086021505374,0.12,0.08,0,,0.0,0.0,37.80444444444444,0.0,674.8222222222222,0.0,337.4111111111111
2023-05-28 06:00:00,6,0,6,True,-0.18361111111111114,-0.09444444444444444,-0.9558333333333334,37.977777777777774,478.9972222222222,59.9911672,22.720555919444447,20.142222627777777,0.0,37.977777777777774,-0.18361111111111114,0,37.977777777777774,37.79416666666666,478.9972222222222,59.9911672,37.79416666666666,0.0,0.5894006399999995,0.0,0.0,0.9777777777777777,39.33870967741935,0.38464516129032256,0.18,0.096,0,,0.0,0.0,37.79416666666666,0.0,674.8222222222222,0.0,337.4111111111111
2023-05-28 07:00:00,7,0,6,True,-0.18583333333333335,-0.29444444444444445,-0.9794444444444446,37.96111111111111,480.8638888888889,59.995083525000005,22.595277816666666,20.091388891666664,0.0,37.96111111111111,-0.18583333333333335,0,37.96111111111111,37.775277777777774,480.8638888888889,59.995083525000005,37.775277777777774,0.0,0.5941002300000064,0.0,0.0,0.9777777777777777,39.20967741935484,0.38338351254480285,0.18,0.096,0,,0.0,0.0,37.775277777777774,0.0,674.8222222222222,0.0,337.4111111111111
2023-05-28 08:00:00,8,0,6,True,-0.18194444444444444,-0.4305555555555556,-0.9730555555555555,37.49444444444445,478.49444444444447,59.98511160277778,22.58305555833333,20.095277780555552,0.0,37.49444444444445,-0.18194444444444444,0,37.49444444444445,37.3125,478.49444444444447,59.98511160277778,37.3125,0.0,0.5821339233333332,0.0,0.0,0.9777777777777777,39.435483870967744,0.38559139784946234,0.18,0.096,0,,0.0,0.0,37.3125,0.0,674.8222222222222,0.0,337.4111111111111
2023-05-28 09:00:00,9,0,6,True,-0.18944444444444444,-0.5277777777777778,-0.9627777777777777,37.02777777777778,477.375,59.995639174999994,22.793333649999997,20.185555844444444,0.0,37.02777777777778,-0.18944444444444444,0,37.02777777777778,36.83833333333333,477.375,59.995639174999994,36.83833333333333,0.0,0.5947670099999925,0.0,0.0,0.9777777777777777,39.0,0.38133333333333336,0.18,0.096,0,,0.0,0.0,36.83833333333333,0.0,674.8222222222222,0.0,337.4111111111111
2023-05-28 10:00:00,10,0,6,True,-0.19361111111111115,-0.575,-0.9936111111111112,37.0,477.3277777777778,60.00455576666666,23.70055551666667,20.448611002777778,0.0,37.0,-0.19361111111111115,0,37.0,36.80638888888889,477.3277777777778,60.00455576666666,36.80638888888889,0.0,0.594533080000005,0.0,0.0,0.9777777777777777,38.758064516129025,0.37896774193548377,0.18,0.096,0,,0.0,0.0,36.80638888888889,0.0,674.8222222222222,0.0,337.4111111111111
2023-05-28 11:00:00,11,0,6,True,-0.19472222222222224,-0.6361111111111111,-1.0008333333333335,36.17777777777778,477.8638888888889,60.00238880277777,24.477222186111106,20.993333416666665,0.0,36.17777777777778,-0.19472222222222224,0,36.17777777777778,35.98305555555555,477.8638888888889,60.00238880277777,35.98305555555555,0.0,0.5971334366666724,0.0,0.0,0.9777777777777777,38.69354838709677,0.378336917562724,0.12,0.08,0,,0.0,0.0,35.98305555555555,0.0,674.8222222222222,0.0,337.4111111111111
2023-05-28 12:00:00,12,0,6,True,-0.20833333333333334,-0.6666666666666666,-1.0380555555555555,35.49444444444445,478.2611111111111,60.01305502499999,25.26861101111111,21.648055586111113,0.0,35.49444444444445,-0.20833333333333334,0,35.49444444444445,35.28611111111111,478.2611111111111,60.01305502499999,35.28611111111111,0.0,0.5843339700000086,0.0,0.0,0.9777777777777777,37.903225806451616,0.3706093189964158,0.12,0.08,0,,0.0,0.0,35.28611111111111,0.0,674.8222222222222,0.0,337.4111111111111
2023-05-28 13:00:00,13,0,6,True,-0.21666666666666667,-0.825,-1.0416666666666665,35.0,477.925,59.999249999999996,25.985,22.23611107777778,0.0,35.0,-0.21666666666666667,0,35.0,34.78333333333333,477.925,59.999249999999996,34.78333333333333,0.0,0.5990999999999956,0.0,0.0,0.9777777777777777,37.41935483870968,0.36587813620071685,0.12,0.08,0,,0.0,0.0,34.78333333333333,0.0,674.8222222222222,0.0,337.4111111111111
2023-05-28 14:00:00,14,0,6,True,-0.22388888888888886,-0.9972222222222222,-1.0538888888888889,35.0,477.2944444444444,59.99608367500001,26.642222033333336,22.80277781388889,0.0,35.0,-0.22388888888888886,0,35.0,34.77611111111111,477.2944444444444,59.99608367500001,34.77611111111111,0.0,0.59530041000001,0.0,0.0,0.9777777777777777,37.0,0.36177777777777775,0.12,0.08,0,,0.0,0.0,34.77611111111111,0.0,674.8222222222222,0.0,337.4111111111111
2023-05-28 15:00:00,15,0,6,True,-0.2275,-0.9555555555555556,-1.0769444444444445,35.0,478.65,59.99463936666667,27.422222258333335,23.35305547777778,0.0,35.0,-0.2275,0,35.0,34.7725,478.65,59.99463936666667,34.7725,0.0,0.5935672400000015,0.0,0.0,0.9777777777777777,36.79032258064516,0.35972759856630826,0.12,0.08,0,,0.0,0.0,34.7725,0.0,674.8222222222222,0.0,337.4111111111111
2023-05-28 16:00:00,16,0,6,True,-0.22722222222222224,-1.0,-1.0644444444444443,35.0,480.73333333333335,59.999083399999996,27.95777766111111,23.475277769444443,0.0,35.0,-0.22722222222222224,0,35.0,34.772777777777776,480.73333333333335,59.999083399999996,34.772777777777776,0.0,0.5989000799999956,0.0,0.0,0.9777777777777777,36.806451612903224,0.3598853046594982,0.12,0.08,0,,0.0,0.0,34.772777777777776,0.0,674.8222222222222,0.0,337.4111111111111
2023-05-28 17:00:00,17,0,6,True,-0.23500000000000001,-0.9805555555555555,-1.0927777777777776,35.0,481.68888888888887,59.99536133055555,28.129167022222223,23.384999813888893,0.0,35.0,-0.23500000000000001,0,35.0,34.765,481.68888888888887,59.99536133055555,34.765,0.0,0.5944335966666642,0.0,0.0,0.9777777777777777,36.35483870967742,0.3554695340501792,0.12,0.08,0,,0.0,0.0,34.765,0.0,674.8222222222222,0.0,337.4111111111111
2023-05-28 18:00:00,18,0,6,True,-0.22805555555555557,-0.7694444444444445,-1.0616666666666665,35.90833333333333,481.6388888888889,60.009610797222216,28.25833315,23.33055485833334,0.0,35.90833333333333,-0.22805555555555557,0,35.90833333333333,35.680277777777775,481.6388888888889,60.009610797222216,35.680277777777775,0.0,0.5884670433333411,0.0,0.0,0.9777777777777777,36.75806451612903,0.3594121863799283,0.18,0.096,0,,0.0,0.0,35.680277777777775,0.0,674.8222222222222,0.0,337.4111111111111
2023-05-28 19:00:00,19,0,6,True,-0.21361111111111114,-0.48333333333333334,-1.0316666666666665,37.0,480.6166666666667,60.009749375,28.25611098888889,23.249999975,0.0,37.0,-0.21361111111111114,0,37.0,36.78638888888889,480.6166666666667,60.009749375,36.78638888888889,0.0,0.5883007500000019,0.0,0.0,0.9777777777777777,37.596774193548384,0.3676129032258064,0.18,0.096,0,,0.0,0.0,36.78638888888889,0.0,674.8222222222222,0.0,337.4111111111111
2023-05-28 20:00:00,20,0,6,True,-0.2177777777777778,-0.17222222222222222,-1.0491666666666666,37.63055555555555,482.3027777777778,60.002333094444445,28.12666705555555,23.059166730555553,0.0,37.63055555555555,-0.2177777777777778,0,37.63055555555555,37.41277777777778,482.3027777777778,60.002333094444445,37.41277777777778,0.0,0.5972002866666656,0.0,0.0,0.9777777777777777,37.354838709677416,0.36524731182795694,0.18,0.096,0,,0.0,0.0,37.41277777777778,0.0,674.8222222222222,0.0,337.4111111111111
2023-05-28 21:00:00,21,0,6,True,-0.2227777777777778,-0.12222222222222222,-1.057222222222222,37.99444444444445,484.28333333333336,60.003110863888885,27.931944294444445,22.80499997222222,0.0,37.99444444444445,-0.2227777777777778,0,37.99444444444445,37.77166666666667,484.28333333333336,60.003110863888885,37.77166666666667,0.0,0.5962669633333376,0.0,0.0,0.9777777777777777,37.064516129032256,0.3624086021505376,0.18,0.096,0,,0.0,0.0,37.77166666666667,0.0,674.8222222222222,0.0,337.4111111111111
2023-05-28 22:00:00,22,0,6,True,-0.22555555555555556,-0.1,-1.073888888888889,37.955555555555556,483.7583333333333,60.00116675555556,27.673889327777776,22.597500305555553,0.0,37.955555555555556,-0.22555555555555556,0,37.955555555555556,37.73,483.7583333333333,60.00116675555556,37.73,0.0,0.5985998933333292,0.0,0.0,0.9777777777777777,36.903225806451616,0.36083154121863803,0.18,0.096,0,,0.0,0.0,37.73,0.0,674.8222222222222,0.0,337.4111111111111
2023-05-28 23:00:00,23,0,6,True,-0.21333333333333337,-0.1,-1.0369444444444442,37.96944444444444,483.4222222222222,60.003332725,27.454444319444445,22.38444418888889,0.0,37.96944444444444,-0.21333333333333337,0,37.96944444444444,37.75611111111111,483.4222222222222,60.003332725,37.75611111111111,0.0,0.5960007300000001,0.0,0.0,0.9777777777777777,37.61290322580645,0.36777060931899636,0.12,0.08,0,,0.0,0.0,37.75611111111111,0.0,674.8222222222222,0.0,337.4111111111111
2023-05-29 00:00:00,0,0,0,False,-0.22249999999999998,-0.07222222222222222,-1.0702777777777777,37.98888888888889,483.0361111111111,59.994583561111114,27.224722186111112,22.17861145833333,0.0,37.98888888888889,-0.22249999999999998,0,37.98888888888889,37.76638888888889,483.0361111111111,59.994583561111114,37.76638888888889,0.0,0.5935002733333362,0.0,0.0,0.9777777777777777,37.08064516129032,0.3625663082437276,0.12,0.08,0,,0.0,0.0,37.76638888888889,0.0,674.8222222222222,0.0,337.4111111111111
2023-05-29 01:00:00,1,0,0,False,-0.21833333333333332,-0.025,-1.0377777777777775,38.0,482.81944444444446,60.002249766666665,26.984166647222224,21.989444436111114,0.0,38.0,-0.21833333333333332,0,38.0,37.781666666666666,482.81944444444446,60.002249766666665,37.781666666666666,0.0,0.5973002800000017,0.0,0.0,0.9777777777777777,37.322580645161295,0.36493189964157713,0.12,0.08,0,,0.0,0.0,37.781666666666666,0.0,674.8222222222222,0.0,337.4111111111111
2023-05-29 02:00:00,2,0,0,False,-0.2125,0.0,-1.0369444444444442,38.0,484.6,60.004555311111105,26.692222244444444,21.765000049999998,0.0,38.0,-0.2125,0,38.0,37.7875,484.6,60.004555311111105,37.7875,0.0,0.5945336266666743,0.0,0.0,0.9777777777777777,37.66129032258064,0.3682437275985663,0.12,0.08,0,,0.0,0.0,37.7875,0.0,674.8222222222222,0.0,337.4111111111111
2023-05-29 03:00:00,3,0,0,False,-0.23472222222222225,0.0,-1.103611111111111,38.0,484.5805555555556,59.99391720555556,26.364444191666664,21.546111191666665,0.0,38.0,-0.23472222222222225,0,38.0,37.765277777777776,484.5805555555556,59.99391720555556,37.765277777777776,0.0,0.5927006466666739,0.0,0.0,0.9777777777777777,36.37096774193548,0.3556272401433691,0.12,0.08,0,,0.0,0.0,37.765277777777776,0.0,674.8222222222222,0.0,337.4111111111111
2023-05-29 04:00:00,4,0,0,False,-0.22027777777777782,0.0,-1.0647222222222221,38.0,483.3722222222222,59.99911098333333,26.062777977777777,21.349444058333336,0.0,38.0,-0.22027777777777782,0,38.0,37.77972222222222,483.3722222222222,59.99911098333333,37.77972222222222,0.0,0.5989331799999974,0.0,0.0,0.9777777777777777,37.20967741935483,0.36382795698924725,0.12,0.08,0,,0.0,0.0,37.77972222222222,0.0,674.8222222222222,0.0,337.4111111111111
2023-05-29 05:00:00,5,0,0,False,-0.225,-0.03333333333333333,-1.0747222222222221,37.98888888888889,481.8611111111111,59.99136139722223,25.755555519444442,21.15361156111111,0.0,37.98888888888889,-0.225,0,37.98888888888889,37.763888888888886,481.8611111111111,59.99136139722223,37.763888888888886,0.0,0.5896336766666735,0.0,0.0,0.9777777777777777,36.935483870967744,0.36114695340501796,0.12,0.08,0,,0.0,0.0,37.763888888888886,0.0,674.8222222222222,0.0,337.4111111111111
2023-05-29 06:00:00,6,0,0,False,-0.20277777777777778,-0.16666666666666666,-1.01,37.983333333333334,479.75555555555553,59.985722405555556,25.505833333333335,21.015555555555554,0.0,37.983333333333334,-0.20277777777777778,0,37.983333333333334,37.78055555555556,479.75555555555553,59.985722405555556,37.78055555555556,0.0,0.5828668866666674,0.0,0.0,0.9777777777777777,38.225806451612904,0.37376344086021507,0.18,0.096,0,,0.0,0.0,37.78055555555556,0.0,674.8222222222222,0.0,337.4111111111111
2023-05-29 07:00:00,7,0,0,False,-0.20472222222222222,-0.3527777777777778,-1.001111111111111,37.83888888888889,479.36944444444447,59.98711164722222,25.32194366388889,20.997222222222224,0.0,37.83888888888889,-0.20472222222222222,0,37.83888888888889,37.634166666666665,479.36944444444447,59.98711164722222,37.634166666666665,0.0,0.5845339766666654,0.0,0.0,0.9777777777777777,38.11290322580645,0.37265949820788524,0.18,0.096,0,,0.0,0.0,37.634166666666665,0.0,674.8222222222222,0.0,337.4111111111111
2023-05-29 08:00:00,8,0,0,False,-0.19111111111111115,-0.38055555555555554,-0.9747222222222222,37.47222222222222,478.4194444444444,59.98930630833334,25.300832350000004,21.007777777777775,0.0,37.47222222222222,-0.19111111111111115,0,37.47222222222222,37.28111111111111,478.4194444444444,59.98930630833334,37.28111111111111,0.0,0.5871675700000082,0.0,0.0,0.9777777777777777,38.903225806451616,0.3803870967741935,0.18,0.096,0,,0.0,0.0,37.28111111111111,0.0,674.8222222222222,0.0,337.4111111111111
2023-05-29 09:00:00,9,0,0,False,-0.20805555555555558,-0.5388888888888889,-1.0222222222222221,37.0,480.3,59.981333972222224,25.461111044444447,21.140556016666665,0.0,37.0,-0.20805555555555558,0,37.0,36.79194444444445,480.3,59.981333972222224,36.79194444444445,0.0,0.5776007666666686,0.0,0.0,0.9777777777777777,37.91935483870968,0.37076702508960574,0.18,0.096,0,,0.0,0.0,36.79194444444445,0.0,674.8222222222222,0.0,337.4111111111111
2023-05-29 10:00:00,10,0,0,False,-0.20944444444444446,-0.5416666666666666,-1.0480555555555555,37.0,478.73333333333335,59.99150031944444,25.88277781388889,21.317499858333335,0.0,37.0,-0.20944444444444446,0,37.0,36.79055555555556,478.73333333333335,59.99150031944444,36.79055555555556,0.0,0.5898003833333291,0.0,0.0,0.9777777777777777,37.83870967741935,0.3699784946236559,0.18,0.096,0,,0.0,0.0,36.79055555555556,0.0,674.8222222222222,0.0,337.4111111111111
2023-05-29 11:00:00,11,0,0,False,-0.22444444444444447,-0.5638888888888889,-1.0633333333333332,37.0,479.44444444444446,60.002277850000006,26.28027782222222,21.579722494444443,0.0,37.0,-0.22444444444444447,0,37.0,36.775555555555556,479.44444444444446,60.002277850000006,36.775555555555556,0.0,0.597266579999993,0.0,0.0,0.9777777777777777,36.96774193548387,0.3614623655913978,0.12,0.08,0,,0.0,0.0,36.775555555555556,0.0,674.8222222222222,0.0,337.4111111111111
2023-05-29 12:00:00,12,0,0,False,-0.22916666666666666,-0.5694444444444444,-1.078611111111111,37.0,481.18888888888887,60.0034719611111,26.67027772777778,21.868333255555555,0.0,37.0,-0.22916666666666666,0,37.0,36.770833333333336,481.18888888888887,60.0034719611111,36.770833333333336,0.0,0.5958336466666765,0.0,0.0,0.9777777777777777,36.693548387096776,0.3587813620071685,0.12,0.08,0,,0.0,0.0,36.770833333333336,0.0,674.8222222222222,0.0,337.4111111111111
2023-05-29 13:00:00,13,0,0,False,-0.2230555555555556,-0.6138888888888889,-1.0488888888888888,37.0,481.6694444444444,60.01113823333333,26.93194425277778,22.055000069444443,0.0,37.0,-0.2230555555555556,0,37.0,36.776944444444446,481.6694444444444,60.01113823333333,36.776944444444446,0.0,0.5866341200000079,0.0,0.0,0.9777777777777777,37.04838709677419,0.36225089605734767,0.12,0.08,0,,0.0,0.0,36.776944444444446,0.0,674.8222222222222,0.0,337.4111111111111
2023-05-29 14:00:00,14,0,0,False,-0.22361111111111112,-0.5916666666666667,-1.0675000000000001,36.861111111111114,477.575,60.01861054722222,27.224166575,22.30833324166667,0.0,36.861111111111114,-0.22361111111111112,0,36.861111111111114,36.6375,477.575,60.01861054722222,36.6375,0.0,0.57766734333334,0.0,0.0,0.9777777777777777,37.016129032258064,0.36193548387096774,0.12,0.08,0,,0.0,0.0,36.6375,0.0,674.8222222222222,0.0,337.4111111111111
2023-05-29 15:00:00,15,0,0,False,-0.23666666666666672,-0.625,-1.1041666666666667,36.49722222222222,480.68888888888887,60.020860930555564,27.57555570555556,22.55638895,0.0,36.49722222222222,-0.23666666666666672,0,36.49722222222222,36.260555555555555,480.68888888888887,60.020860930555564,36.260555555555555,0.0,0.5749668833333231,0.0,0.0,0.9777777777777777,36.258064516129025,0.35452329749103934,0.12,0.08,0,,0.0,0.0,36.260555555555555,0.0,674.8222222222222,0.0,337.4111111111111
2023-05-29 16:00:00,16,0,0,False,-0.22055555555555556,-0.6194444444444445,-1.0352777777777775,36.98888888888889,476.77222222222224,60.01624942777778,27.86333316944444,22.69611207222222,0.0,36.98888888888889,-0.22055555555555556,0,36.98888888888889,36.76833333333333,476.77222222222224,60.01624942777778,36.76833333333333,0.0,0.5805006866666644,0.0,0.0,0.9777777777777777,37.19354838709677,0.3636702508960573,0.12,0.08,0,,0.0,0.0,36.76833333333333,0.0,674.8222222222222,0.0,337.4111111111111
2023-05-29 17:00:00,17,0,0,False,-0.2297222222222222,-0.42777777777777776,-1.0791666666666666,37.022222222222226,480.59444444444443,60.02658302222222,27.86277740555555,22.626944727777776,0.0,37.022222222222226,-0.2297222222222222,0,37.022222222222226,36.792500000000004,480.59444444444443,60.02658302222222,36.792500000000004,0.0,0.568100373333337,0.0,0.0,0.9777777777777777,36.66129032258065,0.35846594982078855,0.12,0.08,0,,0.0,0.0,36.792500000000004,0.0,674.8222222222222,0.0,337.4111111111111
2023-05-29 18:00:00,18,0,0,False,-0.22444444444444447,-0.20277777777777778,-1.0702777777777777,37.41111111111111,480.40555555555557,60.02874973333332,27.755833225,22.533888894444445,0.0,37.41111111111111,-0.22444444444444447,0,37.41111111111111,37.18666666666667,480.40555555555557,60.02874973333332,37.18666666666667,0.0,0.5655003200000152,0.0,0.0,0.9777777777777777,36.96774193548387,0.3614623655913978,0.18,0.096,0,,0.0,0.0,37.18666666666667,0.0,674.8222222222222,0.0,337.4111111111111
2023-05-29 19:00:00,19,0,0,False,-0.22611111111111112,-0.13055555555555556,-1.0725,37.87222222222222,481.18888888888887,60.0213049361111,27.608333591666664,22.396110952777782,0.0,37.87222222222222,-0.22611111111111112,0,37.87222222222222,37.64611111111111,481.18888888888887,60.0213049361111,37.64611111111111,0.0,0.5744340766666794,0.0,0.0,0.9777777777777777,36.87096774193549,0.3605161290322581,0.18,0.096,0,,0.0,0.0,37.64611111111111,0.0,674.8222222222222,0.0,337.4111111111111
2023-05-29 20:00:00,20,0,0,False,-0.2177777777777778,-0.06666666666666667,-1.047222222222222,37.980555555555554,485.1694444444444,60.00291634444444,27.436944322222224,22.227500066666664,0.0,37.980555555555554,-0.2177777777777778,0,37.980555555555554,37.76277777777778,485.1694444444444,60.00291634444444,37.76277777777778,0.0,0.5965003866666677,0.0,0.0,0.9777777777777777,37.354838709677416,0.36524731182795694,0.18,0.096,0,,0.0,0.0,37.76277777777778,0.0,674.8222222222222,0.0,337.4111111111111
2023-05-29 21:00:00,21,0,0,False,-0.21916666666666668,-0.03333333333333333,-1.0619444444444444,38.0,482.90277777777777,60.00522196666667,27.20222221666667,22.02833333611111,0.0,38.0,-0.21916666666666668,0,38.0,37.780833333333334,482.90277777777777,60.00522196666667,37.780833333333334,0.0,0.5937336399999992,0.0,0.0,0.9777777777777777,37.274193548387096,0.36445878136200716,0.18,0.096,0,,0.0,0.0,37.780833333333334,0.0,674.8222222222222,0.0,337.4111111111111
2023-05-29 22:00:00,22,0,0,False,-0.2125,-0.03333333333333333,-1.0472222222222223,38.0,483.06111111111113,60.00924970277778,26.94499987777778,21.853610761111113,0.0,38.0,-0.2125,0,38.0,37.7875,483.06111111111113,60.00924970277778,37.7875,0.0,0.5889003566666645,0.0,0.0,0.9777777777777777,37.66129032258064,0.3682437275985663,0.18,0.096,0,,0.0,0.0,37.7875,0.0,674.8222222222222,0.0,337.4111111111111
2023-05-29 23:00:00,23,0,0,False,-0.21611111111111114,-0.03333333333333333,-1.0469444444444445,38.0,480.59166666666664,60.01802743611111,26.685833408333334,21.665556116666664,0.0,38.0,-0.21611111111111114,0,38.0,37.78388888888889,480.59166666666664,60.01802743611111,37.78388888888889,0.0,0.578367076666666,0.0,0.0,0.9777777777777777,37.45161290322581,0.3661935483870968,0.12,0.08,0,,0.0,0.0,37.78388888888889,0.0,674.8222222222222,0.0,337.4111111111111
2023-05-30 00:00:00,0,0,1,False,-0.21916666666666668,0.0,-1.039722222222222,38.0,483.6777777777778,60.00936079444445,26.384721855555558,21.460555555555555,0.0,38.0,-0.21916666666666668,0,38.0,37.780833333333334,483.6777777777778,60.00936079444445,37.780833333333334,0.0,0.5887670466666634,0.0,0.0,0.9777777777777777,37.274193548387096,0.36445878136200716,0.12,0.08,0,,0.0,0.0,37.780833333333334,0.0,674.8222222222222,0.0,337.4111111111111
2023-05-30 01:00:00,1,0,1,False,-0.22388888888888886,0.0,-1.0641666666666667,38.0,483.98055555555555,60.006360658333335,26.101944702777775,21.30249961666667,0.0,38.0,-0.22388888888888886,0,38.0,37.77611111111111,483.98055555555555,60.006360658333335,37.77611111111111,0.0,0.5923672099999976,0.0,0.0,0.9777777777777777,37.0,0.36177777777777775,0.12,0.08,0,,0.0,0.0,37.77611111111111,0.0,674.8222222222222,0.0,337.4111111111111
2023-05-30 02:00:00,2,0,1,False,-0.22444444444444445,0.0,-1.073888888888889,38.0,485.7527777777778,59.96872235277779,25.80805549444445,21.12305588055555,0.0,38.0,-0.22444444444444445,0,38.0,37.775555555555556,485.7527777777778,59.96872235277779,37.775555555555556,0.0,0.5624668233333466,0.0,0.0,0.9777777777777777,36.96774193548387,0.3614623655913978,0.12,0.08,0,,0.0,0.0,37.775555555555556,0.0,674.8222222222222,0.0,337.4111111111111
2023-05-30 03:00:00,3,0,1,False,-0.2247222222222222,0.0,-1.073611111111111,38.0,483.5527777777778,59.96533336111112,25.494999902777778,20.985833333333332,0.0,38.0,-0.2247222222222222,0,38.0,37.77527777777778,483.5527777777778,59.96533336111112,37.77527777777778,0.0,0.5584000333333449,0.0,0.0,0.9777777777777777,36.95161290322581,0.3613046594982079,0.12,0.08,0,,0.0,0.0,37.77527777777778,0.0,674.8222222222222,0.0,337.4111111111111
2023-05-30 04:00:00,4,0,1,False,-0.2127777777777778,0.0,-1.0433333333333332,38.0,480.61944444444447,59.96950029166668,25.174166619444446,20.84277739166667,0.0,38.0,-0.2127777777777778,0,38.0,37.78722222222222,480.61944444444447,59.96950029166668,37.78722222222222,0.0,0.5634003500000119,0.0,0.0,0.9777777777777777,37.64516129032258,0.3680860215053763,0.12,0.08,0,,0.0,0.0,37.78722222222222,0.0,674.8222222222222,0.0,337.4111111111111
2023-05-30 05:00:00,5,0,1,False,-0.2111111111111111,0.0,-1.0216666666666665,37.98888888888889,478.6166666666667,59.98772255833334,24.841666655555557,20.70000083333333,0.0,37.98888888888889,-0.2111111111111111,0,37.98888888888889,37.77777777777778,478.6166666666667,59.98772255833334,37.77777777777778,0.0,0.5852670700000061,0.0,0.0,0.9777777777777777,37.74193548387097,0.3690322580645161,0.12,0.08,0,,0.0,0.0,37.77777777777778,0.0,674.8222222222222,0.0,337.4111111111111
2023-05-30 06:00:00,6,0,1,False,-0.1961111111111111,-0.10277777777777777,-0.9941666666666666,37.98888888888889,478.1666666666667,59.98802823888889,24.60361142777777,20.6002779,0.0,37.98888888888889,-0.1961111111111111,0,37.98888888888889,37.79277777777778,478.1666666666667,59.98802823888889,37.79277777777778,0.0,0.5856338866666647,0.0,0.0,0.9777777777777777,38.61290322580645,0.3775483870967742,0.18,0.096,0,,0.0,0.0,37.79277777777778,0.0,674.8222222222222,0.0,337.4111111111111
2023-05-30 07:00:00,7,0,1,False,-0.20055555555555557,-0.06388888888888888,-1.0222222222222221,37.99166666666667,481.97777777777776,59.98350054444445,24.360555069444448,20.51888888888889,0.0,37.99166666666667,-0.20055555555555557,0,37.99166666666667,37.791111111111114,481.97777777777776,59.98350054444445,37.791111111111114,0.0,0.580200653333344,0.0,0.0,0.9777777777777777,38.35483870967742,0.37502508960573483,0.18,0.096,0,,0.0,0.0,37.791111111111114,0.0,674.8222222222222,0.0,337.4111111111111
2023-05-30 08:00:00,8,0,1,False,-0.21555555555555558,-0.08055555555555556,-1.0313888888888887,37.975,480.51666666666665,59.99794456666666,24.266666333333333,20.505,0.0,37.975,-0.21555555555555558,0,37.975,37.75944444444445,480.51666666666665,59.99794456666666,37.75944444444445,0.0,0.5975334799999927,0.0,0.0,0.9777777777777777,37.483870967741936,0.36650896057347665,0.18,0.096,0,,0.0,0.0,37.75944444444445,0.0,674.8222222222222,0.0,337.4111111111111
2023-05-30 09:00:00,9,0,1,False,-0.20333333333333334,-0.28888888888888886,-1.0333333333333334,37.5,479.6361111111111,59.99944435277777,24.26666693611111,20.550277802777778,0.0,37.5,-0.20333333333333334,0,37.5,37.29666666666667,479.6361111111111,59.99944435277777,37.29666666666667,0.0,0.5993332233333263,0.0,0.0,0.9777777777777777,38.193548387096776,0.37344802867383514,0.18,0.096,0,,0.0,0.0,37.29666666666667,0.0,674.8222222222222,0.0,337.4111111111111
2023-05-30 10:00:00,10,0,1,False,-0.20166666666666666,-0.4111111111111111,-1.001111111111111,37.05555555555556,479.10555555555555,60.016166091666655,24.742500155555554,20.754444866666667,0.0,37.05555555555556,-0.20166666666666666,0,37.05555555555556,36.85388888888889,479.10555555555555,60.016166091666655,36.85388888888889,0.0,0.5806006900000141,0.0,0.0,0.9777777777777777,38.29032258064516,0.37439426523297487,0.18,0.096,0,,0.0,0.0,36.85388888888889,0.0,674.8222222222222,0.0,337.4111111111111
2023-05-30 11:00:00,11,0,1,False,-0.2066666666666667,-0.49166666666666664,-1.0197222222222222,37.0,479.93055555555554,59.99866678888889,25.501666638888892,21.22749994722222,0.0,37.0,-0.2066666666666667,0,37.0,36.79333333333334,479.93055555555554,59.99866678888889,36.79333333333334,0.0,0.5984001466666683,0.0,0.0,0.9777777777777777,38.0,0.37155555555555553,0.12,0.08,0,,0.0,0.0,36.79333333333334,0.0,674.8222222222222,0.0,337.4111111111111
2023-05-30 12:00:00,12,0,1,False,-0.20583333333333337,-0.5305555555555556,-1.0063888888888888,37.0,479.48333333333335,59.99711116388888,26.25611105,21.75083340833333,0.0,37.0,-0.20583333333333337,0,37.0,36.79416666666667,479.48333333333335,59.99711116388888,36.79416666666667,0.0,0.5965333966666577,0.0,0.0,0.9777777777777777,38.04838709677419,0.37202867383512545,0.12,0.08,0,,0.0,0.0,36.79416666666667,0.0,674.8222222222222,0.0,337.4111111111111
2023-05-30 13:00:00,13,0,1,False,-0.21583333333333338,-0.5777777777777777,-1.0441666666666667,36.94166666666667,480.22777777777776,59.987222891666676,26.826944452777784,22.24527775277778,0.0,36.94166666666667,-0.21583333333333338,0,36.94166666666667,36.725833333333334,480.22777777777776,59.987222891666676,36.725833333333334,0.0,0.5846674700000107,0.0,0.0,0.9777777777777777,37.46774193548387,0.3663512544802867,0.12,0.08,0,,0.0,0.0,36.725833333333334,0.0,674.8222222222222,0.0,337.4111111111111
2023-05-30 14:00:00,14,0,1,False,-0.22055555555555556,-0.6055555555555555,-1.041388888888889,36.78888888888889,478.9555555555556,60.00227756111111,27.384999941666667,22.764444452777777,0.0,36.78888888888889,-0.22055555555555556,0,36.78888888888889,36.568333333333335,478.9555555555556,60.00227756111111,36.568333333333335,0.0,0.5972669266666714,0.0,0.0,0.9777777777777777,37.19354838709677,0.3636702508960573,0.12,0.08,0,,0.0,0.0,36.568333333333335,0.0,674.8222222222222,0.0,337.4111111111111
2023-05-30 15:00:00,15,0,1,False,-0.2275,-0.6055555555555555,-1.048888888888889,36.28055555555556,476.975,60.01055502499999,27.88638894166667,23.111389091666666,0.0,36.28055555555556,-0.2275,0,36.28055555555556,36.05305555555556,476.975,60.01055502499999,36.05305555555556,0.0,0.5873339700000144,0.0,0.0,0.9777777777777777,36.79032258064516,0.35972759856630826,0.12,0.08,0,,0.0,0.0,36.05305555555556,0.0,674.8222222222222,0.0,337.4111111111111
2023-05-30 16:00:00,16,0,1,False,-0.23750000000000004,-0.7083333333333334,-1.0630555555555554,36.65277777777778,478.0361111111111,60.017804866666665,28.32388872777778,23.240833483333336,0.0,36.65277777777778,-0.23750000000000004,0,36.65277777777778,36.41527777777778,478.0361111111111,60.017804866666665,36.41527777777778,0.0,0.5786341600000015,0.0,0.0,0.9777777777777777,36.20967741935483,0.3540501792114695,0.12,0.08,0,,0.0,0.0,36.41527777777778,0.0,674.8222222222222,0.0,337.4111111111111
2023-05-30 17:00:00,17,0,1,False,-0.23055555555555557,-0.6388888888888888,-1.0783333333333334,36.858333333333334,482.4472222222222,60.01072163055555,28.487222222222222,23.205000866666666,0.0,36.858333333333334,-0.23055555555555557,0,36.858333333333334,36.62777777777778,482.4472222222222,60.01072163055555,36.62777777777778,0.0,0.5871340433333386,0.0,0.0,0.9777777777777777,36.61290322580645,0.3579928315412186,0.12,0.08,0,,0.0,0.0,36.62777777777778,0.0,674.8222222222222,0.0,337.4111111111111
2023-05-30 18:00:00,18,0,1,False,-0.24444444444444444,-0.5944444444444444,-1.1230555555555555,37.0,483.025,60.02269398888889,28.523333333333337,23.173889580555553,0.0,37.0,-0.24444444444444444,0,37.0,36.75555555555555,483.025,60.02269398888889,36.75555555555555,0.0,0.5727672133333328,0.0,0.0,0.9777777777777777,35.806451612903224,0.35010752688172037,0.18,0.096,0,,0.0,0.0,36.75555555555555,0.0,674.8222222222222,0.0,337.4111111111111
2023-05-30 19:00:00,19,0,1,False,-0.24055555555555555,-0.26944444444444443,-1.0958333333333334,37.041666666666664,478.7583333333333,60.00949917222222,28.479444444444447,23.057777794444444,0.0,37.041666666666664,-0.24055555555555555,0,37.041666666666664,36.80111111111111,478.7583333333333,60.00949917222222,36.80111111111111,0.0,0.5886009933333355,0.0,0.0,0.9777777777777777,36.03225806451613,0.3523154121863799,0.18,0.096,0,,0.0,0.0,36.80111111111111,0.0,674.8222222222222,0.0,337.4111111111111
2023-05-30 20:00:00,20,0,1,False,-0.23055555555555557,-0.15833333333333333,-1.0558333333333332,37.65833333333333,481.84722222222223,59.99700037222223,28.35666621944445,22.938055433333336,0.0,37.65833333333333,-0.23055555555555557,0,37.65833333333333,37.42777777777778,481.84722222222223,59.99700037222223,37.42777777777778,0.0,0.5964004466666779,0.0,0.0,0.9777777777777777,36.61290322580645,0.3579928315412186,0.18,0.096,0,,0.0,0.0,37.42777777777778,0.0,674.8222222222222,0.0,337.4111111111111
2023-05-30 21:00:00,21,0,1,False,-0.23916666666666664,-0.06944444444444445,-1.1127777777777776,37.75277777777778,484.675,59.991667291666666,28.204444613888892,22.745000141666665,0.0,37.75277777777778,-0.23916666666666664,0,37.75277777777778,37.51361111111111,484.675,59.991667291666666,37.51361111111111,0.0,0.5900007499999986,0.0,0.0,0.9777777777777777,36.112903225806456,0.35310394265232975,0.18,0.096,0,,0.0,0.0,37.51361111111111,0.0,674.8222222222222,0.0,337.4111111111111
2023-05-30 22:00:00,22,0,1,False,-0.22555555555555556,-0.03611111111111111,-1.0919444444444446,38.0,483.89166666666665,60.00797184722222,27.957222011111117,22.55611126666666,0.0,38.0,-0.22555555555555556,0,38.0,37.77444444444444,483.89166666666665,60.00797184722222,37.77444444444444,0.0,0.590433783333333,0.0,0.0,0.9777777777777777,36.903225806451616,0.36083154121863803,0.18,0.096,0,,0.0,0.0,37.77444444444444,0.0,674.8222222222222,0.0,337.4111111111111
2023-05-30 23:00:00,23,0,1,False,-0.2141666666666667,0.0,-1.0716666666666665,38.0,483.4222222222222,60.007527580555546,27.70333336666667,22.311666488888893,0.0,38.0,-0.2141666666666667,0,38.0,37.785833333333336,483.4222222222222,60.007527580555546,37.785833333333336,0.0,0.5909669033333443,0.0,0.0,0.9777777777777777,37.564516129032256,0.3672974910394265,0.12,0.08,0,,0.0,0.0,37.785833333333336,0.0,674.8222222222222,0.0,337.4111111111111
2023-05-31 00:00:00,0,0,2,False,-0.20944444444444446,0.0,-1.0522222222222222,38.0,482.8,60.00249964444445,27.408610763888888,22.084444669444444,0.0,38.0,-0.20944444444444446,0,38.0,37.79055555555556,482.8,60.00249964444445,37.79055555555556,0.0,0.5970004266666621,0.0,0.0,0.9777777777777777,37.83870967741935,0.3699784946236559,0.12,0.08,0,,0.0,0.0,37.79055555555556,0.0,674.8222222222222,0.0,337.4111111111111
2023-05-31 01:00:00,1,0,2,False,-0.2341666666666667,0.0,-1.0958333333333334,37.99722222222222,484.47222222222223,59.99338917222222,27.087778069444443,21.878610747222222,0.0,37.99722222222222,-0.2341666666666667,0,37.99722222222222,37.76305555555555,484.47222222222223,59.99338917222222,37.76305555555555,0.0,0.5920670066666673,0.0,0.0,0.9777777777777777,36.403225806451616,0.35594265232974914,0.12,0.08,0,,0.0,0.0,37.76305555555555,0.0,674.8222222222222,0.0,337.4111111111111
2023-05-31 02:00:00,2,0,2,False,-0.22388888888888886,0.0,-1.0711111111111111,38.0,485.5416666666667,60.00622182222222,26.75972220555556,21.67777831111111,0.0,38.0,-0.22388888888888886,0,38.0,37.77611111111111,485.5416666666667,60.00622182222222,37.77611111111111,0.0,0.5925338133333327,0.0,0.0,0.9777777777777777,37.0,0.36177777777777775,0.12,0.08,0,,0.0,0.0,37.77611111111111,0.0,674.8222222222222,0.0,337.4111111111111
2023-05-31 03:00:00,3,0,2,False,-0.2302777777777778,0.0,-1.1066666666666667,38.0,485.61944444444447,59.98958349722222,26.384166452777773,21.45583330277778,0.0,38.0,-0.2302777777777778,0,38.0,37.76972222222222,485.61944444444447,59.98958349722222,37.76972222222222,0.0,0.5875001966666644,0.0,0.0,0.9777777777777777,36.62903225806451,0.3581505376344086,0.12,0.08,0,,0.0,0.0,37.76972222222222,0.0,674.8222222222222,0.0,337.4111111111111
2023-05-31 04:00:00,4,0,2,False,-0.21833333333333332,0.0,-1.0763888888888888,37.977777777777774,486.1666666666667,59.98966726111111,25.991944391666664,21.236666658333334,0.0,37.977777777777774,-0.21833333333333332,0,37.977777777777774,37.75944444444444,486.1666666666667,59.98966726111111,37.75944444444444,0.0,0.5876007133333303,0.0,0.0,0.9777777777777777,37.322580645161295,0.36493189964157713,0.12,0.08,0,,0.0,0.0,37.75944444444444,0.0,674.8222222222222,0.0,337.4111111111111
2023-05-31 05:00:00,5,0,2,False,-0.22055555555555556,0.0,-1.0691666666666666,38.0,484.77222222222224,60.01836057499999,25.562777822222223,21.012222225,0.0,38.0,-0.22055555555555556,0,38.0,37.779444444444444,484.77222222222224,60.01836057499999,37.779444444444444,0.0,0.5779673100000139,0.0,0.0,0.9777777777777777,37.19354838709677,0.3636702508960573,0.12,0.08,0,,0.0,0.0,37.779444444444444,0.0,674.8222222222222,0.0,337.4111111111111
2023-05-31 06:00:00,6,0,2,False,-0.21138888888888888,-0.09722222222222222,-1.031111111111111,37.983333333333334,481.8027777777778,59.987833611111114,25.13333324722222,20.819444147222224,0.0,37.983333333333334,-0.21138888888888888,0,37.983333333333334,37.77194444444444,481.8027777777778,59.987833611111114,37.77194444444444,0.0,0.5854003333333366,0.0,0.0,0.9777777777777777,37.725806451612904,0.3688745519713261,0.18,0.096,0,,0.0,0.0,37.77194444444444,0.0,674.8222222222222,0.0,337.4111111111111
2023-05-31 07:00:00,7,0,2,False,-0.21500000000000002,-0.37222222222222223,-1.0436111111111108,37.897222222222226,480.81388888888887,59.99361145555555,24.839166247222227,20.712500749999997,0.0,37.897222222222226,-0.21500000000000002,0,37.897222222222226,37.68222222222222,480.81388888888887,59.99361145555555,37.68222222222222,0.0,0.5923337466666624,0.0,0.0,0.9777777777777777,37.516129032258064,0.36682437275985663,0.18,0.096,0,,0.0,0.0,37.68222222222222,0.0,674.8222222222222,0.0,337.4111111111111
2023-05-31 08:00:00,8,0,2,False,-0.2125,-0.5472222222222223,-1.0444444444444445,37.05555555555556,481.8,59.99416727500001,24.706667533333327,20.75888888611111,0.0,37.05555555555556,-0.2125,0,37.05555555555556,36.84305555555556,481.8,59.99416727500001,36.84305555555556,0.0,0.5930007300000113,0.0,0.0,0.9777777777777777,37.66129032258064,0.3682437275985663,0.18,0.096,0,,0.0,0.0,36.84305555555556,0.0,674.8222222222222,0.0,337.4111111111111
2023-05-31 09:00:00,9,0,2,False,-0.2091666666666667,-0.6,-1.043611111111111,37.0,482.1694444444444,59.983945233333344,24.84583321666667,20.935277727777777,0.0,37.0,-0.2091666666666667,0,37.0,36.79083333333333,482.1694444444444,59.983945233333344,36.79083333333333,0.0,0.5807342800000128,0.0,0.0,0.9777777777777777,37.854838709677416,0.37013620071684583,0.18,0.096,0,,0.0,0.0,36.79083333333333,0.0,674.8222222222222,0.0,337.4111111111111
2023-05-31 10:00:00,10,0,2,False,-0.21944444444444444,-0.6027777777777777,-1.0574999999999999,37.0,481.73055555555555,60.00127776944444,25.516944436111114,21.153888958333333,0.0,37.0,-0.21944444444444444,0,37.0,36.78055555555556,481.73055555555555,60.00127776944444,36.78055555555556,0.0,0.5984666766666692,0.0,0.0,0.9777777777777777,37.25806451612903,0.36430107526881716,0.18,0.096,0,,0.0,0.0,36.78055555555556,0.0,674.8222222222222,0.0,337.4111111111111
2023-05-31 11:00:00,11,0,2,False,-0.22583333333333336,-0.6416666666666667,-1.0644444444444443,35.81666666666667,482.1361111111111,59.99669467222223,26.337222258333334,21.753055602777774,0.0,35.81666666666667,-0.22583333333333336,0,35.81666666666667,35.590833333333336,482.1361111111111,59.99669467222223,35.590833333333336,0.0,0.5960336066666798,0.0,0.0,0.9777777777777777,36.887096774193544,0.360673835125448,0.12,0.08,0,,0.0,0.0,35.590833333333336,0.0,674.8222222222222,0.0,337.4111111111111
2023-05-31 12:00:00,12,0,2,False,-0.23305555555555557,-0.7472222222222222,-1.0638888888888889,35.0,479.8361111111111,60.02705515277777,27.118333158333332,22.341388852777776,0.0,35.0,-0.23305555555555557,0,35.0,34.76694444444445,479.8361111111111,60.02705515277777,34.76694444444445,0.0,0.5675338166666762,0.0,0.0,0.9777777777777777,36.46774193548387,0.35657347670250894,0.12,0.08,0,,0.0,0.0,34.76694444444445,0.0,674.8222222222222,0.0,337.4111111111111
2023-05-31 13:00:00,13,0,2,False,-0.23666666666666666,-0.9166666666666666,-1.1047222222222222,35.0,480.14444444444445,60.01822145277777,27.720833336111113,22.871388991666663,0.0,35.0,-0.23666666666666666,0,35.0,34.763333333333335,480.14444444444445,60.01822145277777,34.763333333333335,0.0,0.5781342566666723,0.0,0.0,0.9777777777777777,36.25806451612903,0.3545232974910394,0.12,0.08,0,,0.0,0.0,34.763333333333335,0.0,674.8222222222222,0.0,337.4111111111111
2023-05-31 14:00:00,14,0,2,False,-0.21694444444444444,-0.9833333333333333,-1.0238888888888888,35.0,477.2083333333333,60.0074440611111,28.275277697222222,23.34611097777778,0.0,35.0,-0.21694444444444444,0,35.0,34.783055555555556,477.2083333333333,60.0074440611111,34.783055555555556,0.0,0.5910671266666782,0.0,0.0,0.9777777777777777,37.403225806451616,0.3657204301075269,0.12,0.08,0,,0.0,0.0,34.783055555555556,0.0,674.8222222222222,0.0,337.4111111111111
2023-05-31 15:00:00,15,0,2,False,-0.20277777777777778,-0.9666666666666667,-0.9827777777777779,35.0,475.56111111111113,60.00166658333333,28.877777877777778,23.781944616666664,0.0,35.0,-0.20277777777777778,0,35.0,34.797222222222224,475.56111111111113,60.00166658333333,34.797222222222224,0.0,0.5980001000000016,0.0,0.0,0.9777777777777777,38.225806451612904,0.37376344086021507,0.12,0.08,0,,0.0,0.0,34.797222222222224,0.0,674.8222222222222,0.0,337.4111111111111
2023-05-31 16:00:00,16,0,2,False,-0.18833333333333335,-0.9916666666666667,-0.9674999999999999,35.0,477.56111111111113,60.00477751111111,29.46083318333334,23.964444441666668,0.0,35.0,-0.18833333333333335,0,35.0,34.81166666666667,477.56111111111113,60.00477751111111,34.81166666666667,0.0,0.5942669866666704,0.0,0.0,0.9777777777777777,39.064516129032256,0.38196415770609315,0.12,0.08,0,,0.0,0.0,34.81166666666667,0.0,674.8222222222222,0.0,337.4111111111111
2023-05-31 17:00:00,17,0,2,False,-0.18777777777777777,-0.8666666666666667,-0.9424999999999999,35.0,478.86944444444447,60.016527230555546,29.603333419444446,23.898333275000006,0.0,35.0,-0.18777777777777777,0,35.0,34.812222222222225,478.86944444444447,60.016527230555546,34.812222222222225,0.0,0.5801673233333445,0.0,0.0,0.9777777777777777,39.096774193548384,0.3822795698924731,0.12,0.08,0,,0.0,0.0,34.812222222222225,0.0,674.8222222222222,0.0,337.4111111111111
2023-05-31 18:00:00,18,0,2,False,-0.1766666666666667,-0.6222222222222222,-0.9341666666666666,35.13333333333333,481.93055555555554,60.010721663888894,29.69722304444444,23.908055530555558,0.0,35.13333333333333,-0.1766666666666667,0,35.13333333333333,34.95666666666666,481.93055555555554,60.010721663888894,34.95666666666666,0.0,0.5871340033333269,0.0,0.0,0.9777777777777777,39.74193548387097,0.38858781362007166,0.18,0.096,0,,0.0,0.0,34.95666666666666,0.0,674.8222222222222,0.0,337.4111111111111
2023-05-31 19:00:00,19,0,2,False,-0.1838888888888889,-0.5444444444444444,-0.9413888888888888,36.894444444444446,481.6722222222222,59.99938896666667,29.712778413888884,23.884444241666674,0.0,36.894444444444446,-0.1838888888888889,0,36.894444444444446,36.71055555555556,481.6722222222222,59.99938896666667,36.71055555555556,0.0,0.5992667600000061,0.0,0.0,0.9777777777777777,39.32258064516129,0.38448745519713257,0.18,0.096,0,,0.0,0.0,36.71055555555556,0.0,674.8222222222222,0.0,337.4111111111111
2023-05-31 20:00:00,20,0,2,False,-0.18166666666666667,-0.2861111111111111,-0.9205555555555555,37.25555555555555,481.2388888888889,59.996694600000005,29.63666703333333,23.758888802777776,0.0,37.25555555555555,-0.18166666666666667,0,37.25555555555555,37.07388888888889,481.2388888888889,59.996694600000005,37.07388888888889,0.0,0.596033520000006,0.0,0.0,0.9777777777777777,39.45161290322581,0.3857491039426523,0.18,0.096,0,,0.0,0.0,37.07388888888889,0.0,674.8222222222222,0.0,337.4111111111111
2023-05-31 21:00:00,21,0,2,False,-0.17861111111111114,-0.26944444444444443,-0.9358333333333333,37.00277777777778,482.45,60.00766656944444,29.51138888888889,23.630278172222223,0.0,37.00277777777778,-0.17861111111111114,0,37.00277777777778,36.82416666666667,482.45,60.00766656944444,36.82416666666667,0.0,0.5908001166666735,0.0,0.0,0.9777777777777777,39.62903225806451,0.3874838709677419,0.18,0.096,0,,0.0,0.0,36.82416666666667,0.0,674.8222222222222,0.0,337.4111111111111
2023-05-31 22:00:00,22,0,2,False,-0.18833333333333332,-0.25,-0.9608333333333333,37.09444444444444,482.40555555555557,60.009277419444444,29.36944410833333,23.440277677777775,0.0,37.09444444444444,-0.18833333333333332,0,37.09444444444444,36.90611111111111,482.40555555555557,60.009277419444444,36.90611111111111,0.0,0.5888670966666666,0.0,0.0,0.9777777777777777,39.064516129032256,0.38196415770609315,0.18,0.096,0,,0.0,0.0,36.90611111111111,0.0,674.8222222222222,0.0,337.4111111111111
2023-05-31 23:00:00,23,0,2,False,-0.21111111111111114,-0.08333333333333333,-1.0284722222222225,37.736111111111114,482.06944444444446,59.99979186805555,29.290276972222223,23.30833241666667,0.0,37.736111111111114,-0.21111111111111114,0,37.736111111111114,37.525000000000006,482.06944444444446,59.99979186805555,37.525000000000006,0.0,0.5997502416666635,0.0,0.0,0.9777777777777777,37.74193548387096,0.369032258064516,0.12,0.08,0,,0.0,0.0,37.525000000000006,0.0,674.8222222222222,0.0,337.4111111111111
