timestamp,hour,minute,day_of_week,is_weekend,Battery_Active_Power,PVPCS_Active_Power,GE_Active_Power,FC_Active_Power,MG-LV-MSB_AC_Voltage,MG-LV-MSB_Frequency,Inlet_Temperature_of_Chilled_Water,Outlet_Temperature,solar_generation_kw,fuel_cell_generation_kw,battery_power_kw,total_consumption_kw,total_generation_kw,net_balance_kw,grid_voltage_v,grid_frequency_hz,grid_export_kw,grid_import_kw,grid_stability_index,renewable_pct,grid_load_pct,storage_network_capacity_kwh,current_soc_pct,storage_available_energy_kwh,import_rate_usd_per_kwh,export_rate_usd_per_kwh,outage_zones_count,outage_zones_list,solar_generation_kwh,total_consumption_kwh,net_balance_kwh,carbon_offset_kg,cumulative_solar_kwh,cumulative_consumption_kwh,cumulative_carbon_offset_kg
2023-01-01 00:00:00,0,0,6,True,-0.06833333333333334,0.0,116.93305699722222,36.31944444444444,488.1388888888889,60.00705516388889,7.7172222222222215,11.289166666666667,0.0,36.31944444444444,-0.06833333333333334,116.93305699722222,36.31944444444444,-80.68194588611111,488.1388888888889,60.00705516388889,0.0,80.68194588611111,0.5915338033333285,0.0,134.83977974771935,74.80999965555556,49.92731462981382,37.35062390259186,0.12,0.08,0,,0.0,116.93305699722222,-80.68194588611111,0.0,0.0,116.93305699722222,0.0
2023-01-01 01:00:00,1,0,6,True,-0.065,0.0,118.14139045555557,36.12777777777778,489.7083333333333,59.99824953888889,7.884444444444446,11.635555555555554,0.0,36.12777777777778,-0.065,118.14139045555557,36.12777777777778,-82.07861267777778,489.7083333333333,59.99824953888889,0.0,82.07861267777778,0.5978994466666705,0.0,136.23315320059453,74.80999965555556,49.93086025762778,37.35327638674727,0.12,0.08,0,,0.0,118.14139045555557,-82.07861267777778,0.0,0.0,235.0744474527778,0.0
2023-01-01 02:00:00,2,0,6,True,-0.06722222222222222,0.0,118.79583491666668,36.55277777777778,486.4916666666667,59.992944619444444,7.953055555555556,11.886666666666668,0.0,36.55277777777778,-0.06722222222222222,118.79583491666668,36.55277777777778,-82.31027936111113,486.4916666666667,59.992944619444444,0.0,82.31027936111113,0.5915335433333325,0.0,136.98781701645143,74.80999965555556,49.9284965057518,37.35150806397699,0.12,0.08,0,,0.0,118.79583491666668,-82.31027936111113,0.0,0.0,353.87028236944445,0.0
2023-01-01 03:00:00,3,0,6,True,-0.05583333333333334,0.0,119.02861266111111,36.08611111111111,485.84722222222223,59.99191663888889,7.932222222222222,11.999722222222221,0.0,36.08611111111111,-0.05583333333333334,119.02861266111111,36.08611111111111,-82.99833488333334,485.84722222222223,59.99191663888889,0.0,82.99833488333334,0.5902999666666658,0.0,137.25624153725911,74.80999965555556,49.94061073411617,37.36057071817465,0.12,0.08,0,,0.0,119.02861266111111,-82.99833488333334,0.0,0.0,472.89889503055554,0.0
2023-01-01 04:00:00,4,0,6,True,-0.05750000000000001,0.0,117.65472371388893,35.702777777777776,485.2083333333333,60.00166655277778,8.094166666666666,12.28138888888889,0.0,35.702777777777776,-0.05750000000000001,117.65472371388893,35.702777777777776,-82.00944593611115,485.2083333333333,60.00166655277778,0.0,82.00944593611115,0.598000136666667,0.0,135.6719600021782,74.80999965555556,49.93883792020919,37.35924447609694,0.12,0.08,0,,0.0,117.65472371388893,-82.00944593611115,0.0,0.0,590.5536187444445,0.0
2023-01-01 05:00:00,5,0,6,True,-0.0525,0.0,118.2336125027778,35.88333333333333,484.84722222222223,59.997694558333336,8.193055555555556,12.58222222222222,0.0,35.88333333333333,-0.0525,118.2336125027778,35.88333333333333,-82.40277916944446,484.84722222222223,59.997694558333336,0.0,82.40277916944446,0.5972334700000033,0.0,136.33949781224376,74.80999965555556,49.944156361930126,37.363223202330055,0.12,0.08,0,,0.0,118.2336125027778,-82.40277916944446,0.0,0.0,708.7872312472223,0.0
2023-01-01 06:00:00,6,0,6,True,-0.04805555555555557,0.0,119.10305711388888,35.925,483.6666666666667,59.99180567500001,8.212500000000002,12.762777777777778,0.0,35.925,-0.04805555555555557,119.10305711388888,35.925,-83.22611266944443,483.6666666666667,59.99180567500001,0.0,83.22611266944443,0.5901668100000108,0.0,137.34208615531466,74.80999965555556,49.94888386568208,37.366759847870604,0.18,0.096,0,,0.0,119.10305711388888,-83.22611266944443,0.0,0.0,827.8902883611112,0.0
2023-01-01 07:00:00,7,0,6,True,-0.04527777777777778,-0.019444444444444445,117.36139044722223,36.141666666666666,487.8777777777778,60.00277783333333,8.230555555555556,12.913611111111113,0.0,36.141666666666666,-0.04527777777777778,117.36139044722223,36.141666666666666,-81.26500155833335,487.8777777777778,60.00277783333333,0.0,81.26500155833335,0.5966666000000004,0.0,135.3337066965201,74.80999965555556,49.95183855552704,37.368970251333444,0.18,0.096,0,,0.0,117.36139044722223,-81.26500155833335,0.0,0.0,945.2516788083334,0.0
2023-01-01 08:00:00,8,0,6,True,-0.043055555555555555,3.911111111111111,116.36750159166667,37.0,489.3722222222222,60.01038837777778,8.085555555555555,12.903611111111111,3.911111111111111,37.0,-0.043055555555555555,116.36750159166667,40.91111111111111,-75.49944603611111,489.3722222222222,60.01038837777778,0.0,75.49944603611111,0.5875339466666645,3.359756371722199,134.1876171490621,74.80999965555556,49.954202307403015,37.370738574103726,0.18,0.096,0,,3.911111111111111,116.36750159166667,-75.49944603611111,1.9555555555555555,3.911111111111111,1061.6191804,1.9555555555555555
2023-01-01 09:00:00,9,0,6,True,-0.04611111111111112,18.9,117.1238903638889,37.0,488.97777777777776,60.005666183333325,8.013333333333332,12.661666666666665,18.9,37.0,-0.04611111111111112,117.1238903638889,55.9,-61.270001475000015,488.97777777777776,60.005666183333325,0.0,61.270001475000015,0.5932005800000099,16.130408604656882,135.05983667422615,74.80999965555556,49.95095214857355,37.36830713029459,0.18,0.096,0,,18.9,117.1238903638889,-61.270001475000015,9.45,22.81111111111111,1178.743070763889,11.405555555555555
2023-01-01 10:00:00,10,0,6,True,-0.03972222222222222,28.322222222222223,117.45694590277779,37.0,488.44166666666666,60.003055438888886,7.9375,12.529444444444444,28.322222222222223,37.0,-0.03972222222222222,117.45694590277779,65.32222222222222,-52.17444590277779,488.44166666666666,60.003055438888886,0.0,52.17444590277779,0.5963334733333369,24.104702434703377,135.44389518309248,74.80999965555556,49.95774793521698,37.37339105825914,0.18,0.096,0,,28.322222222222223,117.45694590277779,-52.17444590277779,14.161111111111111,51.13333333333333,1296.2000166666667,25.566666666666666
2023-01-01 11:00:00,11,0,6,True,-0.05222222222222221,31.747222222222224,116.94639029722222,37.0,488.85833333333335,60.00577729166666,8.002777777777778,12.429444444444446,31.747222222222224,37.0,-0.05222222222222221,116.94639029722222,68.74722222222222,-48.25139029722222,488.85833333333335,60.00577729166666,0.0,48.25139029722222,0.593067250000007,27.134699752910347,134.85515486303302,74.80999965555556,49.94445183091462,37.36344424267634,0.12,0.08,0,,31.747222222222224,116.94639029722222,-48.25139029722222,15.873611111111112,82.88055555555556,1413.146406963889,41.44027777777778
2023-01-01 12:00:00,12,0,6,True,-0.04861111111111111,31.913888888888888,116.05194593611114,37.0,489.31666666666666,60.01277689444444,8.196666666666667,12.491944444444446,31.913888888888888,37.0,-0.04861111111111111,116.05194593611114,68.91388888888889,-47.18666815833336,489.31666666666666,60.01277689444444,0.0,47.18666815833336,0.5846677266666688,27.488144502104646,133.8237383949621,74.80999965555556,49.948292927713084,37.36631776717804,0.12,0.08,0,,31.913888888888888,116.05194593611114,-47.18666815833336,15.956944444444444,114.79444444444445,1529.1983529000001,57.397222222222226
2023-01-01 13:00:00,13,0,6,True,-0.04666666666666667,30.511111111111113,116.10805699722223,37.0,489.9222222222222,60.01247138888888,8.775277777777777,12.638055555555553,30.511111111111113,37.0,-0.04666666666666667,116.10805699722223,67.51111111111112,-48.64361255277778,489.9222222222222,60.01247138888888,0.0,48.64361255277778,0.5850343333333399,26.267645558177716,133.88844210934298,74.80999965555556,49.95036121060456,37.36786504960203,0.12,0.08,0,,30.511111111111113,116.10805699722223,-48.64361255277778,15.255555555555556,145.30555555555557,1645.3064098972225,72.65277777777779
2023-01-01 14:00:00,14,0,6,True,-0.060833333333333336,22.583333333333332,118.15166822500002,37.0,490.0527777777778,59.99708345555555,9.305,12.678055555555556,22.583333333333332,37.0,-0.060833333333333336,118.15166822500002,59.58333333333333,-58.62916822500003,490.0527777777778,59.99708345555555,0.0,58.62916822500003,0.5965001466666564,19.104014411021765,136.24500487200186,74.80999965555556,49.935292292395225,37.35659199194153,0.12,0.08,0,,22.583333333333332,118.15166822500002,-58.62916822500003,11.291666666666666,167.8888888888889,1763.4580781222226,83.94444444444446
2023-01-01 15:00:00,15,0,6,True,-0.06472222222222222,7.272222222222222,117.70027916944447,37.0,489.18333333333334,60.000527580555556,9.677222222222223,12.757777777777779,7.272222222222222,37.0,-0.06472222222222222,117.70027916944447,44.272222222222226,-73.49277916944446,489.18333333333334,60.000527580555556,0.0,73.49277916944446,0.5993669033333333,6.175198179666324,135.7244916621823,74.80999965555556,49.931155726612275,37.35349742709355,0.12,0.08,0,,7.272222222222222,117.70027916944447,-73.49277916944446,3.636111111111111,175.16111111111113,1881.158357291667,87.58055555555556
2023-01-01 16:00:00,16,0,6,True,-0.06722222222222222,0.6805555555555556,118.43944597777781,37.0,488.94444444444446,59.995305538888886,9.800555555555555,12.756666666666666,0.6805555555555556,37.0,-0.06722222222222222,118.43944597777781,37.68055555555556,-80.82611264444448,488.94444444444446,59.995305538888886,0.0,80.82611264444448,0.5943666466666627,0.5742761701873206,136.57685191164416,74.80999965555556,49.9284965057518,37.35150806397699,0.12,0.08,0,,0.6805555555555556,118.43944597777781,-80.82611264444448,0.3402777777777778,175.84166666666667,1999.5978032694447,87.92083333333333
2023-01-01 17:00:00,17,0,6,True,-0.07472222222222223,-0.18055555555555555,121.47000136666668,37.0,486.8222222222222,59.97386138055557,9.800277777777776,12.66388888888889,0.0,37.0,-0.07472222222222223,121.47000136666668,37.0,-84.5447235888889,486.8222222222222,59.97386138055557,0.0,84.5447235888889,0.5686336566666824,0.0,140.07149604089793,74.80999965555556,49.92051884317039,37.345539974627314,0.12,0.08,0,,0.0,121.47000136666668,-84.5447235888889,0.0,175.84166666666667,2121.0678046361113,87.92083333333333
2023-01-01 18:00:00,18,0,6,True,-0.08055555555555556,0.0,119.93250119999999,37.00277777777778,488.9638888888889,59.984611730555564,9.7575,12.527777777777779,0.0,37.00277777777778,-0.08055555555555556,119.93250119999999,37.00277777777778,-83.01027897777776,488.9638888888889,59.984611730555564,0.0,83.01027897777776,0.5815340766666764,0.0,138.2985484317343,74.80999965555556,49.91431399449596,37.34089812735535,0.18,0.096,0,,0.0,119.93250119999999,-83.01027897777776,0.0,175.84166666666667,2241.0003058361112,87.92083333333333
2023-01-01 19:00:00,19,0,6,True,-0.08361111111111111,0.0,117.6161125777778,37.0,488.93611111111113,60.000527725,9.611666666666666,12.367500000000003,0.0,37.0,-0.08361111111111111,117.6161125777778,37.0,-80.69972368888891,488.93611111111113,60.000527725,0.0,80.69972368888891,0.5993667300000026,0.0,135.62743609061096,74.80999965555556,49.9110638356665,37.33846668354622,0.18,0.096,0,,0.0,117.6161125777778,-80.69972368888891,0.0,175.84166666666667,2358.616418413889,87.92083333333333
2023-01-01 20:00:00,20,0,6,True,-0.09805555555555555,0.0,118.55416820833335,37.0,488.8722222222222,59.993528588888886,9.43138888888889,12.190277777777778,0.0,37.0,-0.09805555555555555,118.55416820833335,37.0,-81.65222376388891,488.8722222222222,59.993528588888886,0.0,81.65222376388891,0.5922343066666628,0.0,136.70914230665747,74.80999965555556,49.895699448472676,37.326972585539444,0.18,0.096,0,,0.0,118.55416820833335,-81.65222376388891,0.0,175.84166666666667,2477.1705866222223,87.92083333333333
2023-01-01 21:00:00,21,0,6,True,-0.09361111111111112,0.0,115.84666821666667,37.0,489.81388888888887,60.01316650277778,9.159444444444444,11.95138888888889,0.0,37.0,-0.09361111111111112,115.84666821666667,37.0,-78.94027932777779,489.81388888888887,60.01316650277778,0.0,78.94027932777779,0.5842001966666658,0.0,133.58702515759532,74.80999965555556,49.90042695222462,37.33050923107999,0.18,0.096,0,,0.0,115.84666821666667,-78.94027932777779,0.0,175.84166666666667,2593.017254838889,87.92083333333333
2023-01-01 22:00:00,22,0,6,True,-0.08138888888888889,0.0,115.11389043055557,36.53333333333333,488.8305555555556,60.01866653611111,8.812222222222223,11.703611111111112,0.0,36.53333333333333,-0.08138888888888889,115.11389043055557,36.53333333333333,-78.66194598611114,488.8305555555556,60.01866653611111,0.0,78.66194598611114,0.577600156666665,0.0,132.74203232305763,74.80999965555556,49.91342758754247,37.3402350063165,0.18,0.096,0,,0.0,115.11389043055557,-78.66194598611114,0.0,175.84166666666667,2708.131145269445,87.92083333333333
2023-01-01 23:00:00,23,0,6,True,-0.0813888888888889,0.0,114.73639057222225,36.625,490.31944444444446,60.02122202777777,8.371944444444445,11.386111111111111,0.0,36.625,-0.0813888888888889,114.73639057222225,36.625,-78.19277946111114,490.31944444444446,60.02122202777777,0.0,78.19277946111114,0.574533566666679,0.0,132.30672344582823,74.80999965555556,49.91342758754247,37.3402350063165,0.12,0.08,0,,0.0,114.73639057222225,-78.19277946111114,0.0,175.84166666666667,2822.867535841667,87.92083333333333
2023-01-02 00:00:00,0,0,0,False,-0.07916666666666666,0.0,116.56583495000001,36.80277777777778,490.7583333333333,60.00905543333333,7.923611111111111,11.050555555555556,0.0,36.80277777777778,-0.07916666666666666,116.56583495000001,36.80277777777778,-79.8422238388889,490.7583333333333,60.00905543333333,0.0,79.8422238388889,0.5891334800000038,0.0,134.41632258994468,74.80999965555556,49.91579133941845,37.34200332908677,0.12,0.08,0,,0.0,116.56583495000001,-79.8422238388889,0.0,175.84166666666667,2939.433370791667,87.92083333333333
2023-01-02 01:00:00,1,0,0,False,-0.09000000000000001,0.0,116.93139052222224,37.0,491.38055555555553,60.00633332499999,7.517777777777778,10.733055555555554,0.0,37.0,-0.09000000000000001,116.93139052222224,37.0,-80.02139052222225,491.38055555555553,60.00633332499999,0.0,80.02139052222225,0.5924000100000085,0.0,134.83785807451827,74.80999965555556,49.90426804902308,37.33338275558169,0.12,0.08,0,,0.0,116.93139052222224,-80.02139052222225,0.0,175.84166666666667,3056.364761313889,87.92083333333333
2023-01-02 02:00:00,2,0,0,False,-0.06833333333333334,0.0,117.85889025555556,37.0,489.35555555555555,60.00008351388889,7.429166666666666,10.716111111111111,0.0,37.0,-0.06833333333333334,117.85889025555556,37.0,-80.92722358888889,489.35555555555555,60.00008351388889,0.0,80.92722358888889,0.5998997833333334,0.0,135.9073918998565,74.80999965555556,49.92731462981382,37.35062390259186,0.12,0.08,0,,0.0,117.85889025555556,-80.92722358888889,0.0,175.84166666666667,3174.223651569445,87.92083333333333
2023-01-02 03:00:00,3,0,0,False,-0.06277777777777778,0.0,119.61361251111113,36.55277777777778,488.90555555555557,59.98802845000001,7.564166666666665,10.988333333333333,0.0,36.55277777777778,-0.06277777777777778,119.61361251111113,36.55277777777778,-83.12361251111113,488.90555555555557,59.98802845000001,0.0,83.12361251111113,0.5856341400000105,0.0,137.93082623513737,74.80999965555556,49.93322400950375,37.35504470951754,0.12,0.08,0,,0.0,119.61361251111113,-83.12361251111113,0.0,175.84166666666667,3293.837264080556,87.92083333333333
2023-01-02 04:00:00,4,0,0,False,-0.05916666666666666,0.0,120.88166819166668,36.42777777777778,488.1138888888889,59.97880599166667,7.625555555555555,11.221944444444444,0.0,36.42777777777778,-0.05916666666666666,120.88166819166668,36.42777777777778,-84.51305708055557,488.1138888888889,59.97880599166667,0.0,84.51305708055557,0.5745671900000019,0.0,139.39306756419128,74.80999965555556,49.93706510630221,37.35791823401924,0.12,0.08,0,,0.0,120.88166819166668,-84.51305708055557,0.0,175.84166666666667,3414.7189322722224,87.92083333333333
2023-01-02 05:00:00,5,0,0,False,-0.05555555555555555,0.0,120.14944582777781,35.75,487.18333333333334,59.983861524999995,7.797777777777778,11.54888888888889,0.0,35.75,-0.05555555555555555,120.14944582777781,35.75,-84.45500138333337,487.18333333333334,59.983861524999995,0.0,84.45500138333337,0.5806338299999936,0.0,138.54871520730836,74.80999965555556,49.94090620310067,37.36079175852093,0.12,0.08,0,,0.0,120.14944582777781,-84.45500138333337,0.0,175.84166666666667,3534.8683781000004,87.92083333333333
2023-01-02 06:00:00,6,0,0,False,-0.05222222222222221,0.0,118.74583470833333,35.416666666666664,484.975,59.99405592777777,8.010277777777777,11.970833333333333,0.0,35.416666666666664,-0.05222222222222221,118.74583470833333,35.416666666666664,-83.38139026388889,484.975,59.99405592777777,0.0,83.38139026388889,0.5928671133333268,0.0,136.93015994964637,74.80999965555556,49.94445183091462,37.36344424267634,0.18,0.096,0,,0.0,118.74583470833333,-83.38139026388889,0.0,175.84166666666667,3653.614212808334,87.92083333333333
2023-01-02 07:00:00,7,0,0,False,-0.043888888888888894,-0.011111111111111112,118.21611253611111,36.08611111111111,483.7888888888889,59.997888958333334,8.21,12.426388888888889,0.0,36.08611111111111,-0.043888888888888894,118.21611253611111,36.08611111111111,-82.17389031388889,483.7888888888889,59.997888958333334,0.0,82.17389031388889,0.5974667500000009,0.0,136.31931796138275,74.80999965555556,49.953315900449525,37.37007545306487,0.18,0.096,0,,0.0,118.21611253611111,-82.17389031388889,0.0,175.84166666666667,3771.830325344445,87.92083333333333
2023-01-02 08:00:00,8,0,0,False,-0.04055555555555556,4.469444444444444,116.3855570638889,36.791666666666664,484.81111111111113,60.010721533333324,8.13,12.553055555555556,4.469444444444444,36.791666666666664,-0.04055555555555556,116.3855570638889,41.261111111111106,-75.16500150833335,484.81111111111113,60.010721533333324,0.0,75.16500150833335,0.5871341600000107,3.838867710934804,134.20843757367263,74.80999965555556,49.95686152826349,37.37272793722028,0.18,0.096,0,,4.469444444444444,116.3855570638889,-75.16500150833335,2.234722222222222,180.3111111111111,3888.215882408334,90.15555555555555
2023-01-02 09:00:00,9,0,0,False,-0.04805555555555556,19.491666666666667,118.1280571138889,37.0,489.3305555555556,59.99822233333333,7.910277777777779,12.285833333333334,19.491666666666667,37.0,-0.04805555555555556,118.1280571138889,56.49166666666667,-61.68444600277779,489.3305555555556,59.99822233333333,0.0,61.68444600277779,0.597866799999997,16.493744993277666,136.21777803723353,74.80999965555556,49.94888386568208,37.366759847870604,0.18,0.096,0,,19.491666666666667,118.1280571138889,-61.68444600277779,9.745833333333334,199.80277777777778,4006.343939522223,99.90138888888889
2023-01-02 10:00:00,10,0,0,False,-0.05305555555555556,28.511111111111113,117.63750133333335,37.0,490.76944444444445,60.002999691666666,7.718611111111111,12.073333333333332,28.511111111111113,37.0,-0.05305555555555556,117.63750133333335,65.51111111111112,-52.17944577777778,490.76944444444445,60.002999691666666,0.0,52.17944577777778,0.5964003700000006,24.225487468827527,135.65210024600248,74.80999965555556,49.94356542396113,37.36278112163749,0.18,0.096,0,,28.511111111111113,117.63750133333335,-52.17944577777778,14.255555555555556,228.3138888888889,4123.981440855557,114.15694444444445
2023-01-02 11:00:00,11,0,0,False,-0.043888888888888894,32.080555555555556,118.07750148333334,37.0,490.2888888888889,59.998389016666664,7.6019444444444435,11.86138888888889,32.080555555555556,37.0,-0.043888888888888894,118.07750148333334,69.08055555555555,-49.040834816666674,490.2888888888889,59.998389016666664,0.0,49.040834816666674,0.5980668199999968,27.158972184854775,136.1594804927737,74.80999965555556,49.953315900449525,37.37007545306487,0.12,0.08,0,,32.080555555555556,118.07750148333334,-49.040834816666674,16.040277777777778,260.39444444444445,4242.05894233889,130.19722222222222
2023-01-02 12:00:00,12,0,0,False,-0.050555555555555555,31.275,117.7988903638889,37.0,491.7611111111111,60.00047219444445,7.699722222222224,11.895833333333334,31.275,37.0,-0.050555555555555555,117.7988903638889,68.275,-49.57444591944445,491.7611111111111,60.00047219444445,0.0,49.57444591944445,0.5994333666666619,26.538096769142133,135.83820383289773,74.80999965555556,49.946224644821605,37.36477048475405,0.12,0.08,0,,31.275,117.7988903638889,-49.57444591944445,15.6375,291.6694444444444,4359.857832702779,145.8347222222222
2023-01-02 13:00:00,13,0,0,False,-0.058611111111111114,29.63888888888889,117.78222373888892,37.0,491.8861111111111,60.000249950000004,8.293055555555556,12.099444444444442,29.63888888888889,37.0,-0.058611111111111114,117.78222373888892,66.63888888888889,-51.20194596111114,491.8861111111111,60.000249950000004,0.0,51.20194596111114,0.599700059999995,25.151628403359776,135.81898493875565,74.80999965555556,49.9376560442712,37.3583603147118,0.12,0.08,0,,29.63888888888889,117.78222373888892,-51.20194596111114,14.819444444444445,321.30833333333334,4477.640056441668,160.65416666666667
2023-01-02 14:00:00,14,0,0,False,-0.07055555555555555,22.983333333333334,116.42694601944446,37.0,492.3666666666667,60.009527375,9.02611111111111,12.182222222222224,22.983333333333334,37.0,-0.07055555555555555,116.42694601944446,59.983333333333334,-56.51416824166668,492.3666666666667,60.009527375,0.0,56.51416824166668,0.5885671500000029,19.72860621267219,134.2561646903188,74.80999965555556,49.924950877937846,37.34885557982158,0.12,0.08,0,,22.983333333333334,116.42694601944446,-56.51416824166668,11.491666666666667,344.2916666666667,4594.067002461113,172.14583333333334
2023-01-02 15:00:00,15,0,0,False,-0.06361111111111112,8.672222222222222,118.22944587777779,37.0,492.96666666666664,59.9970281,9.425833333333333,12.259166666666667,8.672222222222222,37.0,-0.06361111111111112,118.22944587777779,45.672222222222224,-72.62083476666668,492.96666666666664,59.9970281,0.0,72.62083476666668,0.5964337200000017,7.3311337478046505,136.33469312474375,74.80999965555556,49.93233760255026,37.35438158847869,0.12,0.08,0,,8.672222222222222,118.22944587777779,-72.62083476666668,4.336111111111111,352.9638888888889,4712.2964483388905,176.48194444444445
2023-01-02 16:00:00,16,0,0,False,-0.0875,0.625,117.11277925277778,37.0,492.0361111111111,60.00405541111111,9.6025,12.306666666666665,0.625,37.0,-0.0875,117.11277925277778,37.625,-79.57527925277779,492.0361111111111,60.00405541111111,0.0,79.57527925277779,0.5951335066666672,0.5332751798756373,135.04702404609986,74.80999965555556,49.906927269883546,37.335372118698245,0.12,0.08,0,,0.625,117.11277925277778,-79.57527925277779,0.3125,353.5888888888889,4829.409227591668,176.79444444444445
2023-01-02 17:00:00,17,0,0,False,-0.08222222222222222,-0.3111111111111111,119.31389038888891,37.0,490.0388888888889,59.98919419722222,9.49638888888889,12.191944444444445,0.0,37.0,-0.08222222222222222,119.31389038888891,37.0,-82.39611261111114,490.0388888888889,59.98919419722222,0.0,82.39611261111114,0.5870330366666622,0.0,137.5852057067446,74.80999965555556,49.91254118058898,37.33957188527764,0.12,0.08,0,,0.0,119.31389038888891,-82.39611261111114,0.0,353.5888888888889,4948.723117980557,176.79444444444445
2023-01-02 18:00:00,18,0,0,False,-0.07694444444444445,0.0,117.21139032222224,37.0,489.81388888888887,60.00363881388888,9.307500000000001,11.968055555555555,0.0,37.0,-0.07694444444444445,117.21139032222224,37.0,-80.2883347666667,489.81388888888887,60.00363881388888,0.0,80.2883347666667,0.5956334233333479,0.0,135.16073607267325,74.80999965555556,49.91815509129442,37.34377165185705,0.18,0.096,0,,0.0,117.21139032222224,-80.2883347666667,0.0,353.5888888888889,5065.934508302779,176.79444444444445
2023-01-02 19:00:00,19,0,0,False,-0.09222222222222223,0.0,115.64027931944446,37.0,490.0444444444444,60.01422170555555,8.96111111111111,11.708333333333334,0.0,37.0,-0.09222222222222223,115.64027931944446,37.0,-78.73250154166668,490.0444444444444,60.01422170555555,0.0,78.73250154166668,0.582933953333341,0.0,133.3490305805402,74.80999965555556,49.901904297147105,37.33161443281141,0.18,0.096,0,,0.0,115.64027931944446,-78.73250154166668,0.0,353.5888888888889,5181.574787622224,176.79444444444445
2023-01-02 20:00:00,20,0,0,False,-0.08694444444444444,0.0,115.06833489166668,36.55555555555556,490.40833333333336,60.01858262222221,8.50361111111111,11.385277777777777,0.0,36.55555555555556,-0.08694444444444444,115.06833489166668,36.55555555555556,-78.59972378055556,490.40833333333336,60.01858262222221,0.0,78.59972378055556,0.5777008533333458,0.0,132.6895005669588,74.80999965555556,49.90751820785254,37.33581419939081,0.18,0.096,0,,0.0,115.06833489166668,-78.59972378055556,0.0,353.5888888888889,5296.64312251389,176.79444444444445
2023-01-02 21:00:00,21,0,0,False,-0.0763888888888889,0.0,115.85333495000002,37.022222222222226,490.1722222222222,60.013666580555565,8.050555555555555,11.055277777777778,0.0,37.022222222222226,-0.0763888888888889,115.85333495000002,37.022222222222226,-78.90750161666668,490.1722222222222,60.013666580555565,0.0,78.90750161666668,0.5836001033333218,0.0,133.59471281134688,74.80999965555556,49.91874602926342,37.34421373254962,0.18,0.096,0,,0.0,115.85333495000002,-78.90750161666668,0.0,353.5888888888889,5412.496457463891,176.79444444444445
2023-01-02 22:00:00,22,0,0,False,-0.09000000000000001,0.0,117.79555724722223,36.56666666666667,490.15833333333336,59.99927789444445,7.808888888888888,10.88638888888889,0.0,36.56666666666667,-0.09000000000000001,117.79555724722223,36.56666666666667,-81.31889058055557,490.15833333333336,59.99927789444445,0.0,81.31889058055557,0.599133473333336,0.0,135.8343602943061,74.80999965555556,49.90426804902308,37.33338275558169,0.18,0.096,0,,0.0,117.79555724722223,-81.31889058055557,0.0,353.5888888888889,5530.292014711113,176.79444444444445
2023-01-02 23:00:00,23,0,0,False,-0.07444444444444445,0.0,116.84889032222223,36.74722222222222,487.13055555555553,60.00727770277778,7.757777777777777,10.983333333333334,0.0,36.74722222222222,-0.07444444444444445,116.84889032222223,36.74722222222222,-80.17611254444445,487.13055555555553,60.00727770277778,0.0,80.17611254444445,0.591266756666667,0.0,134.74272408005334,74.80999965555556,49.92081431215489,37.345761014973604,0.12,0.08,0,,0.0,116.84889032222223,-80.17611254444445,0.0,353.5888888888889,5647.140905033335,176.79444444444445
2023-01-03 00:00:00,0,0,1,False,-0.07833333333333334,0.0,117.49333497500002,36.42777777777778,486.35833333333335,60.00211110277778,7.793055555555555,11.174722222222222,0.0,36.42777777777778,-0.07833333333333334,117.49333497500002,36.42777777777778,-81.14389053055558,486.35833333333335,60.00211110277778,0.0,81.14389053055558,0.5974666766666615,0.0,135.48585675161442,74.80999965555556,49.91667774637194,37.34266645012563,0.12,0.08,0,,0.0,117.49333497500002,-81.14389053055558,0.0,353.5888888888889,5764.634240008335,176.79444444444445
2023-01-03 01:00:00,1,0,1,False,-0.06833333333333334,0.0,118.37611276111113,36.077777777777776,487.4972222222222,59.99583372222223,7.872222222222222,11.416944444444445,0.0,36.077777777777776,-0.06833333333333334,118.37611276111113,36.077777777777776,-82.36666831666668,487.4972222222222,59.99583372222223,0.0,82.36666831666668,0.5950004666666757,0.0,136.50382006585693,74.80999965555556,49.92731462981382,37.35062390259186,0.12,0.08,0,,0.0,118.37611276111113,-82.36666831666668,0.0,353.5888888888889,5883.010352769446,176.79444444444445
2023-01-03 02:00:00,2,0,1,False,-0.058611111111111114,0.0,119.323334775,36.18055555555556,487.0805555555556,59.989500819444444,7.954722222222221,11.686388888888887,0.0,36.18055555555556,-0.058611111111111114,119.323334775,36.18055555555556,-83.20139033055555,487.0805555555556,59.989500819444444,0.0,83.20139033055555,0.5874009833333332,0.0,137.59609637338562,74.80999965555556,49.9376560442712,37.3583603147118,0.12,0.08,0,,0.0,119.323334775,-83.20139033055555,0.0,353.5888888888889,6002.333687544447,176.79444444444445
2023-01-03 03:00:00,3,0,1,False,-0.05388888888888888,0.0,117.41666804166668,36.24722222222222,486.975,60.00324958055555,8.032499999999999,11.906944444444445,0.0,36.24722222222222,-0.05388888888888888,117.41666804166668,36.24722222222222,-81.22333470833335,486.975,60.00324958055555,0.0,81.22333470833335,0.5961005033333435,0.0,135.39744931003997,74.80999965555556,49.94267901700765,37.362118000598635,0.12,0.08,0,,0.0,117.41666804166668,-81.22333470833335,0.0,353.5888888888889,6119.750355586113,176.79444444444445
2023-01-03 04:00:00,4,0,1,False,-0.07027777777777779,0.0,118.96666812500003,36.17777777777778,487.06944444444446,59.99202806666666,8.062222222222221,12.106666666666666,0.0,36.17777777777778,-0.07027777777777779,118.96666812500003,36.17777777777778,-82.85916812500002,487.06944444444446,59.99202806666666,0.0,82.85916812500002,0.5904336799999953,0.0,137.18481102975096,74.80999965555556,49.92524634692234,37.34907662016787,0.12,0.08,0,,0.0,118.96666812500003,-82.85916812500002,0.0,353.5888888888889,6238.717023711113,176.79444444444445
2023-01-03 05:00:00,5,0,1,False,-0.0536111111111111,0.0,119.90750165833335,36.05555555555556,485.3722222222222,59.9856113888889,8.128888888888888,12.295277777777779,0.0,36.05555555555556,-0.0536111111111111,119.90750165833335,36.05555555555556,-83.9055572138889,485.3722222222222,59.9856113888889,0.0,83.9055572138889,0.5827336666666781,0.0,138.26972054697112,74.80999965555556,49.94297448599214,37.36233904094492,0.12,0.08,0,,0.0,119.90750165833335,-83.9055572138889,0.0,353.5888888888889,6358.624525369447,176.79444444444445
2023-01-03 06:00:00,6,0,1,False,-0.03944444444444444,0.0,116.90583485,35.644444444444446,489.7111111111111,60.00699989722222,8.217222222222222,12.571666666666665,0.0,35.644444444444446,-0.03944444444444444,116.90583485,35.644444444444446,-81.30083485,489.7111111111111,60.00699989722222,0.0,81.30083485,0.5916001233333332,0.0,134.8083888952952,74.80999965555556,49.95804340420147,37.37361209860541,0.18,0.096,0,,0.0,116.90583485,-81.30083485,0.0,353.5888888888889,6475.530360219447,176.79444444444445
2023-01-03 07:00:00,7,0,1,False,-0.055000000000000014,-0.05,117.49055711388891,35.675,491.18611111111113,60.00263895277778,8.27861111111111,12.813333333333334,0.0,35.675,-0.055000000000000014,117.49055711388891,35.675,-81.87055711388892,491.18611111111113,60.00263895277778,0.0,81.87055711388892,0.5968332566666646,0.0,135.48265349848813,74.80999965555556,49.94149714106966,37.361233839213504,0.18,0.096,0,,0.0,117.49055711388891,-81.87055711388892,0.0,353.5888888888889,6593.020917333336,176.79444444444445
2023-01-03 08:00:00,8,0,1,False,-0.039999999999999994,4.519444444444445,119.20389045555558,36.05,491.4472222222222,59.990306075,8.335,13.028333333333332,4.519444444444445,36.05,-0.039999999999999994,119.20389045555558,40.56944444444444,-78.67444601111114,491.4472222222222,59.990306075,0.0,78.67444601111114,0.5883672899999993,3.7900846971517805,137.45836076517017,74.80999965555556,49.95745246623248,37.373170017912855,0.18,0.096,0,,4.519444444444445,119.20389045555558,-78.67444601111114,2.2597222222222224,358.10833333333335,6712.224807788892,179.05416666666667
2023-01-03 09:00:00,9,0,1,False,-0.0475,19.261111111111113,118.46722375555558,37.00277777777778,491.3888888888889,59.99547263333333,8.239166666666668,12.9375,19.261111111111113,37.00277777777778,-0.0475,118.46722375555558,56.26388888888889,-62.250834866666686,491.3888888888889,59.99547263333333,0.0,62.250834866666686,0.594567159999994,16.252082864267923,136.60888348195985,74.80999965555556,49.94947480365107,37.367201928563176,0.18,0.096,0,,19.261111111111113,118.46722375555558,-62.250834866666686,9.630555555555556,377.36944444444447,6830.692031544448,188.68472222222223
2023-01-03 10:00:00,10,0,1,False,-0.045,28.15,117.75666810833334,37.0,490.6138888888889,60.00091675,8.129444444444443,12.738888888888889,28.15,37.0,-0.045,117.75666810833334,65.15,-52.65166810833334,490.6138888888889,60.00091675,0.0,52.65166810833334,0.5988998999999978,23.896096254012768,135.78951580757996,74.80999965555556,49.95213402451154,37.36919129167973,0.18,0.096,0,,28.15,117.75666810833334,-52.65166810833334,14.075,405.51944444444445,6948.448699652781,202.75972222222222
2023-01-03 11:00:00,11,0,1,False,-0.044444444444444446,32.375,117.31694591944445,37.0,490.35833333333335,60.00449979444444,8.070555555555554,12.556666666666665,32.375,37.0,-0.044444444444444446,117.31694591944445,69.375,-47.986390363888894,490.35833333333335,60.00449979444444,0.0,47.986390363888894,0.5946002466666698,27.585733178193085,135.28245608792025,74.80999965555556,49.95272496248053,37.3696333723723,0.12,0.08,0,,32.375,117.31694591944445,-47.986390363888894,16.1875,437.89444444444445,7065.765645572225,218.94722222222222
2023-01-03 12:00:00,12,0,1,False,-0.0525,32.71666666666667,115.8838904638889,37.00277777777778,491.3888888888889,60.013666158333336,8.128333333333332,12.517499999999998,32.71666666666667,37.00277777777778,-0.0525,115.8838904638889,69.71944444444445,-46.21694601944446,491.3888888888889,60.013666158333336,0.0,46.21694601944446,0.5836006099999963,28.21949737762195,133.6299474906468,74.80999965555556,49.944156361930126,37.363223202330055,0.12,0.08,0,,32.71666666666667,115.8838904638889,-46.21694601944446,16.358333333333334,470.6111111111111,7181.649536036114,235.30555555555554
2023-01-03 13:00:00,13,0,1,False,-0.061388888888888896,29.944444444444443,116.52639038888891,37.00277777777778,491.9194444444444,60.008166444444434,8.557500000000001,12.545,29.944444444444443,37.00277777777778,-0.061388888888888896,116.52639038888891,66.94722222222222,-49.64055705555558,491.9194444444444,60.008166444444434,0.0,49.64055705555558,0.5902002666666789,25.684033635377766,134.37083762556378,74.80999965555556,49.93470135442624,37.35614991124896,0.12,0.08,0,,29.944444444444443,116.52639038888891,-49.64055705555558,14.972222222222221,500.55555555555554,7298.175926425003,250.27777777777777
2023-01-03 14:00:00,14,0,1,False,-0.052222222222222225,23.125,118.18694599444446,37.00277777777778,492.4222222222222,59.996916838888886,9.113333333333333,12.572222222222223,23.125,37.00277777777778,-0.052222222222222225,118.18694599444446,60.12777777777778,-58.1113904388889,492.4222222222222,59.996916838888886,0.0,58.1113904388889,0.5963002066666633,19.55781687978786,136.28568495669333,74.80999965555556,49.94445183091462,37.36344424267634,0.12,0.08,0,,23.125,118.18694599444446,-58.1113904388889,11.5625,523.6805555555555,7416.362872419448,261.84027777777777
2023-01-03 15:00:00,15,0,1,False,-0.060833333333333336,8.844444444444445,117.81027943611112,37.0,492.4638888888889,59.99969454722221,9.545833333333333,12.69,8.844444444444445,37.0,-0.060833333333333336,117.81027943611112,45.84444444444445,-72.026668325,492.4638888888889,59.99969454722221,0.0,72.026668325,0.5996334566666547,7.5034876965522095,135.85133698813553,74.80999965555556,49.935292292395225,37.35659199194153,0.12,0.08,0,,8.844444444444445,117.81027943611112,-72.026668325,4.4222222222222225,532.525,7534.173151855559,266.2625
2023-01-03 16:00:00,16,0,1,False,-0.07,0.5222222222222223,119.55000154166669,37.00277777777778,490.78055555555557,59.98747255555556,9.785555555555554,12.747499999999999,0.5222222222222223,37.00277777777778,-0.07,119.55000154166669,37.525000000000006,-82.09500154166668,490.78055555555557,59.98747255555556,0.0,82.09500154166668,0.5849670666666753,0.4365676437818127,137.8574741024754,74.80999965555556,49.92554181590684,37.349297660514154,0.12,0.08,0,,0.5222222222222223,119.55000154166669,-82.09500154166668,0.2611111111111111,533.0472222222222,7653.723153397225,266.5236111111111
2023-01-03 17:00:00,17,0,1,False,-0.07111111111111111,-0.11666666666666667,119.9852793527778,37.0,486.3361111111111,59.9844169388889,9.739166666666666,12.62722222222222,0.0,37.0,-0.07111111111111111,119.9852793527778,37.0,-83.0563904638889,486.3361111111111,59.9844169388889,0.0,83.0563904638889,0.5813003266666783,0.0,138.35940884776036,74.80999965555556,49.92435993996885,37.348413499129016,0.12,0.08,0,,0.0,119.9852793527778,-83.0563904638889,0.0,533.0472222222222,7773.708432750003,266.5236111111111
2023-01-03 18:00:00,18,0,1,False,-0.09805555555555555,0.0,118.06805709722224,37.0,486.8305555555556,59.997416775,9.584166666666667,12.440833333333336,0.0,37.0,-0.09805555555555555,118.06805709722224,37.0,-81.1661126527778,486.8305555555556,59.997416775,0.0,81.1661126527778,0.5969001299999973,0.0,136.14858982613265,74.80999965555556,49.895699448472676,37.326972585539444,0.18,0.096,0,,0.0,118.06805709722224,-81.1661126527778,0.0,533.0472222222222,7891.776489847226,266.5236111111111
2023-01-03 19:00:00,19,0,1,False,-0.07611111111111112,0.0,117.21083485833334,37.0,487.84722222222223,60.00419413888889,9.277222222222221,12.17722222222222,0.0,37.0,-0.07611111111111112,117.21083485833334,37.0,-80.28694596944446,487.84722222222223,60.00419413888889,0.0,80.28694596944446,0.5949670333333301,0.0,135.1600955469711,74.80999965555556,49.919041498247914,37.3444347728959,0.18,0.096,0,,0.0,117.21083485833334,-80.28694596944446,0.0,533.0472222222222,8008.987324705559,266.5236111111111
2023-01-03 20:00:00,20,0,1,False,-0.08972222222222222,0.0,118.05833495833333,37.0,487.96666666666664,59.9977224,8.881388888888889,11.873611111111112,0.0,37.0,-0.08972222222222222,118.05833495833333,37.0,-81.14805718055555,487.96666666666664,59.9977224,0.0,81.14805718055555,0.5972668800000008,0.0,136.13737887261686,74.80999965555556,49.90456351800758,37.33360379592797,0.18,0.096,0,,0.0,118.05833495833333,-81.14805718055555,0.0,533.0472222222222,8127.045659663892,266.5236111111111
2023-01-03 21:00:00,21,0,1,False,-0.08694444444444446,0.0,116.4400015666667,36.75277777777778,488.3388888888889,60.009055436111105,8.458888888888888,11.572500000000002,0.0,36.75277777777778,-0.08694444444444446,116.4400015666667,36.75277777777778,-79.77416823333336,488.3388888888889,60.009055436111105,0.0,79.77416823333336,0.5891334766666745,0.0,134.2712195187577,74.80999965555556,49.90751820785254,37.33581419939081,0.18,0.096,0,,0.0,116.4400015666667,-79.77416823333336,0.0,533.0472222222222,8243.48566123056,266.5236111111111
2023-01-03 22:00:00,22,0,1,False,-0.08083333333333334,0.0,116.64166812500002,36.28888888888889,488.46944444444443,60.008471575,8.168888888888889,11.359444444444446,0.0,36.28888888888889,-0.08083333333333334,116.64166812500002,36.28888888888889,-80.43361256944446,488.46944444444443,60.008471575,0.0,80.43361256944446,0.5898341099999982,0.0,134.5037685943266,74.80999965555556,49.914018525511466,37.34067708700906,0.18,0.096,0,,0.0,116.64166812500002,-80.43361256944446,0.0,533.0472222222222,8360.127329355559,266.5236111111111
2023-01-03 23:00:00,23,0,1,False,-0.08611111111111111,0.0,115.46777926111112,37.0,488.4166666666667,60.01619397222221,8.068888888888889,11.418611111111113,0.0,37.0,-0.08611111111111111,115.46777926111112,37.0,-78.55389037222223,488.4166666666667,60.01619397222221,0.0,78.55389037222223,0.5805672333333461,0.0,133.15011446161338,74.80999965555556,49.90840461480603,37.336477320429665,0.12,0.08,0,,0.0,115.46777926111112,-78.55389037222223,0.0,533.0472222222222,8475.59510861667,266.5236111111111
2023-01-04 00:00:00,0,0,2,False,-0.06999999999999999,0.0,117.22139038055559,36.769444444444446,485.0138888888889,60.00399995555555,7.881944444444445,11.36388888888889,0.0,36.769444444444446,-0.06999999999999999,117.22139038055559,36.769444444444446,-80.52194593611114,485.0138888888889,60.00399995555555,0.0,80.52194593611114,0.5952000533333404,0.0,135.17226750525322,74.80999965555556,49.92554181590684,37.349297660514154,0.12,0.08,0,,0.0,117.22139038055559,-80.52194593611114,0.0,533.0472222222222,8592.816498997225,266.5236111111111
2023-01-04 01:00:00,1,0,2,False,-0.07,0.0,116.49527932777778,36.38055555555555,485.6,60.00947183888889,7.906388888888889,11.508888888888889,0.0,36.38055555555555,-0.07,116.49527932777778,36.38055555555555,-80.18472377222221,485.6,60.00947183888889,0.0,80.18472377222221,0.5886337933333294,0.0,134.334962324467,74.80999965555556,49.92554181590684,37.349297660514154,0.12,0.08,0,,0.0,116.49527932777778,-80.18472377222221,0.0,533.0472222222222,8709.311778325002,266.5236111111111
2023-01-04 02:00:00,2,0,2,False,-0.06722222222222222,0.0,117.50527921944445,36.75833333333333,486.8333333333333,60.00224973055555,7.934166666666667,11.698611111111111,0.0,36.75833333333333,-0.06722222222222222,117.50527921944445,36.75833333333333,-80.81416810833335,486.8333333333333,60.00224973055555,0.0,80.81416810833335,0.5973003233333429,0.0,135.49963009622283,74.80999965555556,49.9284965057518,37.35150806397699,0.12,0.08,0,,0.0,117.50527921944445,-80.81416810833335,0.0,533.0472222222222,8826.817057544446,266.5236111111111
2023-01-04 03:00:00,3,0,2,False,-0.04611111111111112,0.0,116.52750144166667,37.0,487.375,60.00872171388889,7.7686111111111105,11.672222222222222,0.0,37.0,-0.04611111111111112,116.52750144166667,37.0,-79.57361255277779,487.375,60.00872171388889,0.0,79.57361255277779,0.5895339433333333,0.0,134.3721188211101,74.80999965555556,49.95095214857355,37.36830713029459,0.12,0.08,0,,0.0,116.52750144166667,-79.57361255277779,0.0,533.0472222222222,8943.344558986113,266.5236111111111
2023-01-04 04:00:00,4,0,2,False,-0.06666666666666667,0.0,118.54333485000001,36.763888888888886,488.0027777777778,59.994861175000004,7.628888888888888,11.579999999999998,0.0,36.763888888888886,-0.06666666666666667,118.54333485000001,36.763888888888886,-81.84611262777779,488.0027777777778,59.994861175000004,0.0,81.84611262777779,0.5938334100000048,0.0,136.69664996540592,74.80999965555556,49.929087443720796,37.351950144669566,0.12,0.08,0,,0.0,118.54333485000001,-81.84611262777779,0.0,533.0472222222222,9061.887893836112,266.5236111111111
2023-01-04 05:00:00,5,0,2,False,-0.05750000000000001,0.0,119.30333478333336,36.7,487.675,59.98977845555556,7.704166666666667,11.740555555555556,0.0,36.7,-0.05750000000000001,119.30333478333336,36.7,-82.66083478333336,487.675,59.98977845555556,0.0,82.66083478333336,0.5877341466666707,0.0,137.5730336523678,74.80999965555556,49.93883792020919,37.35924447609694,0.12,0.08,0,,0.0,119.30333478333336,-82.66083478333336,0.0,533.0472222222222,9181.191228619446,266.5236111111111
2023-01-04 06:00:00,6,0,2,False,-0.04861111111111111,0.0,119.98027938611114,37.0,485.1694444444444,59.9852226638889,7.708055555555556,11.82,0.0,37.0,-0.04861111111111111,119.98027938611114,37.0,-83.02889049722225,485.1694444444444,59.9852226638889,0.0,83.02889049722225,0.5822671966666775,0.0,138.35364320354145,74.80999965555556,49.948292927713084,37.36631776717804,0.18,0.096,0,,0.0,119.98027938611114,-83.02889049722225,0.0,533.0472222222222,9301.171508005556,266.5236111111111
2023-01-04 07:00:00,7,0,2,False,-0.04861111111111111,0.1,119.69194596111112,37.00277777777778,484.8,59.98738901666667,7.661944444444445,11.86138888888889,0.1,37.00277777777778,-0.04861111111111111,119.69194596111112,37.10277777777778,-82.63777929444444,484.8,59.98738901666667,0.0,82.63777929444444,0.584866820000002,0.08351389240630007,138.02115539796023,74.80999965555556,49.948292927713084,37.36631776717804,0.18,0.096,0,,0.1,119.69194596111112,-82.63777929444444,0.05,533.1472222222222,9420.863453966667,266.5736111111111
2023-01-04 08:00:00,8,0,2,False,-0.05527777777777777,4.113888888888889,115.96250145833334,37.0,485.3666666666667,60.014055238888886,7.443611111111112,11.721944444444443,4.113888888888889,37.0,-0.05527777777777777,115.96250145833334,41.11388888888889,-74.90389034722222,485.3666666666667,60.014055238888886,0.0,74.90389034722222,0.5831337133333363,3.5459124592590214,133.72059670010762,74.80999965555556,49.941201672085164,37.361012798867215,0.18,0.096,0,,4.113888888888889,115.96250145833334,-74.90389034722222,2.0569444444444445,537.2611111111112,9536.825955425,268.6305555555556
2023-01-04 09:00:00,9,0,2,False,-0.04444444444444444,19.166666666666668,117.51389030555559,37.0,485.71944444444443,60.00358314722222,7.4572222222222235,11.557499999999997,19.166666666666668,37.0,-0.04444444444444444,117.51389030555559,56.16666666666667,-61.391668083333364,485.71944444444443,60.00358314722222,0.0,61.391668083333364,0.5957002233333327,16.30396237529782,135.50955985419233,74.80999965555556,49.95272496248053,37.3696333723723,0.18,0.096,0,,19.166666666666668,117.51389030555559,-61.391668083333364,9.583333333333334,556.4277777777778,9654.339845730556,278.2138888888889
2023-01-04 10:00:00,10,0,2,False,-0.05527777777777777,28.29722222222222,118.0136125527778,37.0,485.9,59.99844468888889,7.533888888888888,11.503055555555557,28.29722222222222,37.0,-0.05527777777777777,118.0136125527778,65.29722222222222,-52.77166810833336,485.9,59.99844468888889,0.0,52.77166810833336,0.5981336266666659,23.96670464421148,136.08580783300025,74.80999965555556,49.941201672085164,37.361012798867215,0.18,0.096,0,,28.29722222222222,118.0136125527778,-52.77166810833336,14.14861111111111,584.725,9772.353458283333,292.3625
2023-01-04 11:00:00,11,0,2,False,-0.03972222222222222,32.00833333333333,117.95333490833335,37.0,485.7388888888889,59.999555658333335,7.732777777777779,11.49888888888889,32.00833333333333,37.0,-0.03972222222222222,117.95333490833335,69.00833333333333,-48.984723797222244,485.7388888888889,59.999555658333335,0.0,48.984723797222244,0.5994667900000025,27.127302327557402,136.0162994791667,74.80999965555556,49.95774793521698,37.37339105825914,0.12,0.08,0,,32.00833333333333,117.95333490833335,-48.984723797222244,16.004166666666666,616.7333333333333,9890.306793191667,308.3666666666667
2023-01-04 12:00:00,12,0,2,False,-0.05611111111111112,32.24166666666667,117.11527931944445,37.0,486.0,60.00469422222221,8.073333333333332,11.628055555555557,32.24166666666667,37.0,-0.05611111111111112,117.11527931944445,69.24166666666667,-47.929723763888894,486.0,60.00469422222221,0.0,47.929723763888894,0.5943669333333446,27.516671559663248,135.04990696430403,74.80999965555556,49.94031526513167,37.36034967782837,0.12,0.08,0,,32.24166666666667,117.11527931944445,-47.929723763888894,16.120833333333334,648.975,10007.422072511112,324.4875
2023-01-04 13:00:00,13,0,2,False,-0.05416666666666667,29.705555555555556,117.27805719722225,37.0,486.06111111111113,60.00377746666666,8.751944444444446,11.806944444444444,29.705555555555556,37.0,-0.05416666666666667,117.27805719722225,66.70555555555555,-50.62666830833337,486.06111111111113,60.00377746666666,0.0,50.62666830833337,0.5954670400000054,25.317474243065096,135.23761208166775,74.80999965555556,49.94238354802315,37.36189696025235,0.12,0.08,0,,29.705555555555556,117.27805719722225,-50.62666830833337,14.852777777777778,678.6805555555555,10124.700129708333,339.34027777777777
2023-01-04 14:00:00,14,0,2,False,-0.0763888888888889,23.18888888888889,117.16194586944447,37.0,486.0388888888889,60.003722108333335,9.407777777777778,11.942222222222222,23.18888888888889,37.0,-0.0763888888888889,117.16194586944447,60.18888888888889,-57.04944586944446,486.0388888888889,60.003722108333335,0.0,57.04944586944446,0.595533469999998,19.779271802767237,135.10371986790184,74.80999965555556,49.91874602926342,37.34421373254962,0.12,0.08,0,,23.18888888888889,117.16194586944447,-57.04944586944446,11.594444444444445,701.8694444444444,10241.862075577777,350.9347222222222
2023-01-04 15:00:00,15,0,2,False,-0.07055555555555557,8.955555555555556,118.35277931944447,37.0,485.4222222222222,59.99558376944445,9.988888888888889,12.159166666666664,8.955555555555556,37.0,-0.07055555555555557,118.35277931944447,45.955555555555556,-72.46777931944447,485.4222222222222,59.99558376944445,0.0,72.46777931944447,0.5947005233333413,7.5623233926054,136.47691342186863,74.80999965555556,49.924950877937846,37.34885557982158,0.12,0.08,0,,8.955555555555556,118.35277931944447,-72.46777931944447,4.477777777777778,710.8249999999999,10360.214854897222,355.41249999999997
2023-01-04 16:00:00,16,0,2,False,-0.0825,0.5916666666666667,119.5647236888889,37.0,484.8777777777778,59.98733406944445,10.36,12.261944444444445,0.5916666666666667,37.0,-0.0825,119.5647236888889,37.59166666666667,-82.05555702222223,484.8777777777778,59.98733406944445,0.0,82.05555702222223,0.5848008833333409,0.4945093153228027,137.87445074825752,74.80999965555556,49.912245711604484,37.33935084493136,0.12,0.08,0,,0.5916666666666667,119.5647236888889,-82.05555702222223,0.29583333333333334,711.4166666666666,10479.77957858611,355.7083333333333
2023-01-04 17:00:00,17,0,2,False,-0.09138888888888891,-0.06666666666666667,119.79194604444446,37.0,488.34444444444443,59.98566674166667,10.485833333333334,12.215000000000002,0.0,37.0,-0.09138888888888891,119.79194604444446,37.0,-82.88333493333334,488.34444444444443,59.98566674166667,0.0,82.88333493333334,0.5828000900000034,0.0,138.1364691471915,74.80999965555556,49.902790704100596,37.33227755385027,0.12,0.08,0,,0.0,119.79194604444446,-82.88333493333334,0.0,711.4166666666666,10599.571524630555,355.7083333333333
2023-01-04 18:00:00,18,0,2,False,-0.09416666666666668,0.0,117.89889040555556,37.00277777777778,488.2583333333333,59.997944516666664,10.298333333333336,12.126388888888888,0.0,37.00277777777778,-0.09416666666666668,117.89889040555556,37.00277777777778,-80.99027929444445,488.2583333333333,59.997944516666664,0.0,80.99027929444445,0.5975334199999963,0.0,135.9535175340816,74.80999965555556,49.89983601425563,37.33006715038742,0.18,0.096,0,,0.0,117.89889040555556,-80.99027929444445,0.0,711.4166666666666,10717.47041503611,355.7083333333333
2023-01-04 19:00:00,19,0,2,False,-0.08666666666666667,0.0,117.98166823333337,37.0,488.31944444444446,60.00624979999999,10.098611111111111,11.941944444444445,0.0,37.0,-0.08666666666666667,117.98166823333337,37.0,-81.06833490000004,488.31944444444446,60.00624979999999,0.0,81.06833490000004,0.5925002400000096,0.0,136.04897167127925,74.80999965555556,49.90781367683704,37.3360352397371,0.18,0.096,0,,0.0,117.98166823333337,-81.06833490000004,0.0,711.4166666666666,10835.452083269443,355.7083333333333
2023-01-04 20:00:00,20,0,2,False,-0.10111111111111111,0.0,118.47333490000003,37.0,488.14722222222224,60.00302754722222,9.766944444444443,11.74388888888889,0.0,37.0,-0.10111111111111111,118.47333490000003,37.0,-81.57444601111114,488.14722222222224,60.00302754722222,0.0,81.57444601111114,0.5963669433333393,0.0,136.6159304658672,74.80999965555556,49.89244928964321,37.324541141730315,0.18,0.096,0,,0.0,118.47333490000003,-81.57444601111114,0.0,711.4166666666666,10953.925418169443,355.7083333333333
2023-01-04 21:00:00,21,0,2,False,-0.08055555555555556,0.0,119.34000148333335,37.00277777777778,487.75555555555553,59.997139144444446,9.398888888888889,11.483333333333333,0.0,37.00277777777778,-0.08055555555555556,119.34000148333335,37.00277777777778,-82.41777926111112,487.75555555555553,59.997139144444446,0.0,82.41777926111112,0.5965669733333356,0.0,137.61531536362241,74.80999965555556,49.91431399449596,37.34089812735535,0.18,0.096,0,,0.0,119.34000148333335,-82.41777926111112,0.0,711.4166666666666,11073.265419652776,355.7083333333333
2023-01-04 22:00:00,22,0,2,False,-0.09833333333333333,0.0,116.5347237638889,37.0,489.5361111111111,60.016110944444435,9.005,11.222222222222221,0.0,37.0,-0.09833333333333333,116.5347237638889,37.0,-79.63305709722223,489.5361111111111,60.016110944444435,0.0,79.63305709722223,0.580666866666678,0.0,134.38044714470584,74.80999965555556,49.89540397948818,37.32675154519316,0.18,0.096,0,,0.0,116.5347237638889,-79.63305709722223,0.0,711.4166666666666,11189.800143416665,355.7083333333333
2023-01-04 23:00:00,23,0,2,False,-0.0875,0.0,117.92083487500001,36.73888888888889,490.03333333333336,60.007999516666665,8.552777777777777,10.924444444444445,0.0,36.73888888888889,-0.0875,117.92083487500001,36.73888888888889,-81.26944598611112,490.03333333333336,60.007999516666665,0.0,81.26944598611112,0.5904005800000022,0.0,135.97882250345944,74.80999965555556,49.906927269883546,37.335372118698245,0.12,0.08,0,,0.0,117.92083487500001,-81.26944598611112,0.0,711.4166666666666,11307.720978291665,355.7083333333333
2023-01-05 00:00:00,0,0,3,False,-0.0925,0.0,118.18416821666668,37.0,488.71666666666664,60.005277855555555,8.088333333333335,10.619444444444444,0.0,37.0,-0.0925,118.18416821666668,37.0,-81.27666821666668,488.71666666666664,60.005277855555555,0.0,81.27666821666668,0.5936665733333342,0.0,136.28248179966175,74.80999965555556,49.90160882816261,37.33139339246513,0.12,0.08,0,,0.0,118.18416821666668,-81.27666821666668,0.0,711.4166666666666,11425.905146508332,355.7083333333333
2023-01-05 01:00:00,1,0,3,False,-0.07166666666666667,0.0,120.42277939444446,37.0,489.5777777777778,59.98991715000001,7.928888888888889,10.605833333333333,0.0,37.0,-0.07166666666666667,120.42277939444446,37.0,-83.49444606111113,489.5777777777778,59.98991715000001,0.0,83.49444606111113,0.5879005800000129,0.0,138.86390612828006,74.80999965555556,49.92376900199986,37.347971418436444,0.12,0.08,0,,0.0,120.42277939444446,-83.49444606111113,0.0,711.4166666666666,11546.327925902777,355.7083333333333
2023-01-05 02:00:00,2,0,3,False,-0.07027777777777779,0.0,119.1272236888889,36.59166666666667,489.275,59.99924993888888,7.964166666666667,10.866388888888888,0.0,36.59166666666667,-0.07027777777777779,119.1272236888889,36.59166666666667,-82.60583480000001,489.275,59.99924993888888,0.0,82.60583480000001,0.5990999266666562,0.0,137.36995351578517,74.80999965555556,49.92524634692234,37.34907662016787,0.12,0.08,0,,0.0,119.1272236888889,-82.60583480000001,0.0,711.4166666666666,11665.455149591666,355.7083333333333
2023-01-05 03:00:00,3,0,3,False,-0.07,0.0,118.72333473333335,36.38333333333333,488.9638888888889,60.00077763611111,8.114444444444445,11.258611111111112,0.0,36.38333333333333,-0.07,118.72333473333335,36.38333333333333,-82.4100014,488.9638888888889,60.00077763611111,0.0,82.4100014,0.5990668366666682,0.0,136.9042144065191,74.80999965555556,49.92554181590684,37.349297660514154,0.12,0.08,0,,0.0,118.72333473333335,-82.4100014,0.0,711.4166666666666,11784.178484324999,355.7083333333333
2023-01-05 04:00:00,4,0,3,False,-0.051111111111111114,0.0,118.9702792027778,35.49722222222222,488.5416666666667,60.00033328888889,8.2075,11.633611111111112,0.0,35.49722222222222,-0.051111111111111114,118.9702792027778,35.49722222222222,-83.5241680916667,488.5416666666667,60.00033328888889,0.0,83.5241680916667,0.599600053333333,0.0,137.1889750954541,74.80999965555556,49.94563370685261,37.36432840406148,0.12,0.08,0,,0.0,118.9702792027778,-83.5241680916667,0.0,711.4166666666666,11903.148763527777,355.7083333333333
2023-01-05 05:00:00,5,0,3,False,-0.05416666666666667,0.0,119.62250155833333,35.525,486.8777777777778,59.99530588611112,8.425,12.17027777777778,0.0,35.525,-0.05416666666666667,119.62250155833333,35.525,-84.151668225,486.8777777777778,59.99530588611112,0.0,84.151668225,0.5943670633333425,0.0,137.94107652021833,74.80999965555556,49.94238354802315,37.36189696025235,0.12,0.08,0,,0.0,119.62250155833333,-84.151668225,0.0,711.4166666666666,12022.77126508611,355.7083333333333
2023-01-05 06:00:00,6,0,3,False,-0.05,0.0,121.01916827500003,36.08611111111111,485.18333333333334,59.986250572222225,8.508888888888889,12.583611111111109,0.0,36.08611111111111,-0.05,121.01916827500003,36.08611111111111,-84.98305716388892,485.18333333333334,59.986250572222225,0.0,84.98305716388892,0.5835006866666702,0.0,139.55162393334874,74.80999965555556,49.9468155827906,37.36521256544662,0.18,0.096,0,,0.0,121.01916827500003,-84.98305716388892,0.0,711.4166666666666,12143.79043336111,355.7083333333333
2023-01-05 07:00:00,7,0,3,False,-0.051944444444444446,-0.027777777777777776,120.78111251944446,35.94166666666667,486.22777777777776,59.98736141111112,8.54361111111111,12.848611111111111,0.0,35.94166666666667,-0.051944444444444446,120.78111251944446,35.94166666666667,-84.89139029722224,486.22777777777776,59.98736141111112,0.0,84.89139029722224,0.5848336933333399,0.0,139.27711314511583,74.80999965555556,49.94474729989912,37.36366528302263,0.18,0.096,0,,0.0,120.78111251944446,-84.89139029722224,0.0,711.4166666666666,12264.571545880553,355.7083333333333
2023-01-05 08:00:00,8,0,3,False,-0.03333333333333333,4.691666666666666,118.18777941944445,36.233333333333334,486.975,60.005638524999995,8.411111111111111,12.935833333333335,4.691666666666666,36.233333333333334,-0.03333333333333333,118.18777941944445,40.925,-77.29611275277779,486.975,60.005638524999995,0.0,77.29611275277779,0.5932337700000062,3.9685522809092566,136.28664600950697,74.80999965555556,49.9645437218604,37.37847498622367,0.18,0.096,0,,4.691666666666666,118.18777941944445,-77.29611275277779,2.345833333333333,716.1083333333333,12382.759325299998,358.0541666666667
2023-01-05 09:00:00,9,0,3,False,-0.0325,20.669444444444444,118.11305717222224,37.0,487.5416666666667,60.005638480555554,8.139722222222222,12.60611111111111,20.669444444444444,37.0,-0.0325,118.11305717222224,57.669444444444444,-60.476112727777796,487.5416666666667,60.005638480555554,0.0,60.476112727777796,0.5932338233333354,17.494897767771615,136.20048105652933,74.80999965555556,49.96543012881389,37.37913810726253,0.18,0.096,0,,20.669444444444444,118.11305717222224,-60.476112727777796,10.334722222222222,736.7777777777778,12500.87238247222,368.3888888888889
2023-01-05 10:00:00,10,0,3,False,-0.035555555555555556,30.15,117.6063904388889,37.0,487.5444444444444,60.00933301944444,7.7972222222222225,12.309722222222222,30.15,37.0,-0.035555555555555556,117.6063904388889,67.15,-50.49194599444444,487.5444444444444,60.00933301944444,0.0,50.49194599444444,0.5888003766666713,25.628613795137163,135.6162251370951,74.80999965555556,49.962179969984426,37.3767066634534,0.18,0.096,0,,30.15,117.6063904388889,-50.49194599444444,15.075,766.9277777777778,12618.478772911109,383.4638888888889
2023-01-05 11:00:00,11,0,3,False,-0.03222222222222223,34.24166666666667,117.28250149166668,37.0,487.85277777777776,60.012471747222214,7.511666666666666,12.025555555555554,34.24166666666667,37.0,-0.03222222222222223,117.28250149166668,71.24166666666667,-46.07305704722223,487.85277777777776,60.012471747222214,0.0,46.07305704722223,0.5850339033333426,29.187867969732768,135.24273695994776,74.80999965555556,49.96572559779838,37.3793591476088,0.12,0.08,0,,34.24166666666667,117.28250149166668,-46.07305704722223,17.120833333333334,801.1694444444445,12735.761274402776,400.58472222222224
2023-01-05 12:00:00,12,0,3,False,-0.02472222222222223,35.266666666666666,117.41777930277779,37.0,487.8305555555556,60.01149965833333,7.299166666666667,11.816666666666666,35.266666666666666,37.0,-0.02472222222222223,117.41777930277779,72.26666666666667,-45.175834858333346,487.8305555555556,60.01149965833333,0.0,45.175834858333346,0.5862004100000063,30.028878990762507,135.3987307458231,74.80999965555556,49.97370326037979,37.38532723695848,0.12,0.08,0,,35.266666666666666,117.41777930277779,-45.175834858333346,17.633333333333333,836.4361111111111,12853.179053705553,418.21805555555557
2023-01-05 13:00:00,13,0,3,False,-0.021111111111111112,32.422222222222224,118.02916829166666,37.0,487.8333333333333,60.00688877777778,7.333888888888889,11.69972222222222,32.422222222222224,37.0,-0.021111111111111112,118.02916829166666,69.42222222222222,-48.62805718055556,487.8333333333333,60.00688877777778,0.0,48.62805718055556,0.5917334666666619,27.464756869909884,136.10374572378535,74.80999965555556,49.97754435717825,37.388200761460176,0.12,0.08,0,,32.422222222222224,118.02916829166666,-48.62805718055556,16.211111111111112,868.8583333333333,12971.20822199722,434.4291666666667
2023-01-05 14:00:00,14,0,3,False,-0.043333333333333335,25.416666666666668,117.56083473333335,37.0,488.375,60.010277377777776,7.419166666666668,11.510000000000002,25.416666666666668,37.0,-0.043333333333333335,117.56083473333335,62.41666666666667,-55.187501400000016,488.375,60.010277377777776,0.0,55.187501400000016,0.5876671466666693,21.61204580118167,135.5636931888069,74.80999965555556,49.95390683841852,37.370517533757436,0.12,0.08,0,,25.416666666666668,117.56083473333335,-55.187501400000016,12.708333333333334,894.275,13088.769056730553,447.1375
2023-01-05 15:00:00,15,0,3,False,-0.022222222222222227,10.291666666666666,120.7291681666667,37.0,487.0777777777778,59.987833925000004,7.405555555555556,11.40527777777778,10.291666666666666,37.0,-0.022222222222222227,120.7291681666667,47.291666666666664,-73.45972372222225,487.0777777777778,59.987833925000004,0.0,73.45972372222225,0.5854007100000046,8.523021253437813,139.2172142143297,74.80999965555556,49.976362481240265,37.38731660007504,0.12,0.08,0,,10.291666666666666,120.7291681666667,-73.45972372222225,5.145833333333333,904.5666666666666,13209.49822489722,452.2833333333333
2023-01-05 16:00:00,16,0,3,False,-0.04666666666666667,1.5055555555555555,119.9788902888889,37.00277777777778,489.3833333333333,59.99283363055555,7.339444444444444,11.249722222222221,1.5055555555555555,37.00277777777778,-0.04666666666666667,119.9788902888889,38.50833333333333,-81.51722362222223,489.3833333333333,59.99283363055555,0.0,81.51722362222223,0.5914003566666622,1.254362482244552,138.35204138478886,74.80999965555556,49.95036121060456,37.36786504960203,0.12,0.08,0,,1.5055555555555555,119.9788902888889,-81.51722362222223,0.7527777777777778,906.0722222222222,13329.477115186108,453.0361111111111
2023-01-05 17:00:00,17,0,3,False,-0.03944444444444445,-0.6194444444444445,120.77972363055557,37.0,486.6277777777778,59.98025018333333,7.5375,11.30138888888889,0.0,37.0,-0.03944444444444445,120.77972363055557,37.0,-83.81916807500001,486.6277777777778,59.98025018333333,0.0,83.81916807500001,0.5763002199999988,0.0,139.27551156660004,74.80999965555556,49.95804340420147,37.37361209860541,0.12,0.08,0,,0.0,120.77972363055557,-83.81916807500001,0.0,906.0722222222222,13450.256838816664,453.0361111111111
2023-01-05 18:00:00,18,0,3,False,-0.036388888888888894,0.0,118.03750166666669,37.0,488.8833333333333,59.99125035833334,7.713333333333334,11.58222222222222,0.0,37.0,-0.036388888888888894,118.03750166666669,37.0,-81.07389055555558,488.8833333333333,59.99125035833334,0.0,81.07389055555558,0.5895004300000067,0.0,136.11335524292744,74.80999965555556,49.961293563030935,37.37604354241454,0.18,0.096,0,,0.0,118.03750166666669,-81.07389055555558,0.0,906.0722222222222,13568.294340483331,453.0361111111111
2023-01-05 19:00:00,19,0,3,False,-0.04722222222222222,0.0,116.57111262777781,37.0,489.2611111111111,60.000805372222224,7.869722222222223,11.837222222222222,0.0,37.0,-0.04722222222222222,116.57111262777781,37.0,-79.61833485000002,489.2611111111111,60.000805372222224,0.0,79.61833485000002,0.5990335533333307,0.0,134.422408472991,74.80999965555556,49.94977027263557,37.36742296890946,0.18,0.096,0,,0.0,116.57111262777781,-79.61833485000002,0.0,906.0722222222222,13684.86545311111,453.0361111111111
2023-01-05 20:00:00,20,0,3,False,-0.06055555555555555,0.0,115.65389049722225,37.0,490.44166666666666,60.00763856388888,7.99,12.111944444444445,0.0,37.0,-0.06055555555555555,115.65389049722225,37.0,-78.7144460527778,490.44166666666666,60.00763856388888,0.0,78.7144460527778,0.5908337233333413,0.0,133.36472612687066,74.80999965555556,49.93558776137972,37.35681303228782,0.18,0.096,0,,0.0,115.65389049722225,-78.7144460527778,0.0,906.0722222222222,13800.519343608332,453.0361111111111
2023-01-05 21:00:00,21,0,3,False,-0.03416666666666667,0.0,113.68944610277781,36.638888888888886,488.51944444444445,60.021221866666664,8.113055555555555,12.326666666666668,0.0,36.638888888888886,-0.03416666666666667,113.68944610277781,36.638888888888886,-77.08472388055559,488.51944444444445,60.021221866666664,0.0,77.08472388055559,0.5745337600000028,0.0,131.09945353180098,74.80999965555556,49.96365731490691,37.37781186518482,0.18,0.096,0,,0.0,113.68944610277781,-77.08472388055559,0.0,906.0722222222222,13914.20878971111,453.0361111111111
2023-01-05 22:00:00,22,0,3,False,-0.03111111111111111,0.0,114.26833493333335,36.61388888888889,490.375,60.02247201388889,8.184166666666668,12.53111111111111,0.0,36.61388888888889,-0.03111111111111111,114.26833493333335,36.61388888888889,-77.68555715555557,490.375,60.02247201388889,0.0,77.68555715555557,0.5730335833333356,0.0,131.76699138991393,74.80999965555556,49.96690747373637,37.38024330899395,0.18,0.096,0,,0.0,114.26833493333335,-77.68555715555557,0.0,906.0722222222222,14028.477124644443,453.0361111111111
2023-01-05 23:00:00,23,0,3,False,-0.03972222222222222,0.0,118.67527929444446,36.23888888888889,490.5444444444444,60.01102771944445,8.220833333333335,12.733888888888892,0.0,36.23888888888889,-0.03972222222222222,118.67527929444446,36.23888888888889,-82.47611262777781,490.5444444444444,60.01102771944445,0.0,82.47611262777781,0.5867667366666609,0.0,136.84879992440554,74.80999965555556,49.95774793521698,37.37339105825914,0.12,0.08,0,,0.0,118.67527929444446,-82.47611262777781,0.0,906.0722222222222,14147.152403938888,453.0361111111111
2023-01-06 00:00:00,0,0,4,False,-0.03972222222222222,0.0,119.47611259444444,35.96388888888889,487.7972222222222,60.00513868611111,8.373888888888889,12.978055555555557,0.0,35.96388888888889,-0.03972222222222222,119.47611259444444,35.96388888888889,-83.55194592777778,487.7972222222222,60.00513868611111,0.0,83.55194592777778,0.5938335766666683,0.0,137.77227005816934,74.80999965555556,49.95774793521698,37.37339105825914,0.12,0.08,0,,0.0,119.47611259444444,-83.55194592777778,0.0,906.0722222222222,14266.628516533332,453.0361111111111
2023-01-06 01:00:00,1,0,4,False,-0.03194444444444444,0.0,121.65500155000001,36.25555555555555,488.2138888888889,59.99000030555556,8.495833333333334,13.32138888888889,0.0,36.25555555555555,-0.03194444444444444,121.65500155000001,36.25555555555555,-85.4313904388889,488.2138888888889,59.99000030555556,0.0,85.4313904388889,0.5880003666666738,0.0,140.28482651060887,74.80999965555556,49.96602106678288,37.37958018795509,0.12,0.08,0,,0.0,121.65500155000001,-85.4313904388889,0.0,906.0722222222222,14388.283518083332,453.0361111111111
2023-01-06 02:00:00,2,0,4,False,-0.029444444444444447,0.0,121.0908348666667,36.075,487.39444444444445,59.99397223888888,8.538888888888888,13.545833333333333,0.0,36.075,-0.029444444444444447,121.0908348666667,36.075,-85.04527931111114,487.39444444444445,59.99397223888888,0.0,85.04527931111114,0.5927666866666556,0.0,139.63426529827802,74.80999965555556,49.96868028764335,37.38156955107165,0.12,0.08,0,,0.0,121.0908348666667,-85.04527931111114,0.0,906.0722222222222,14509.374352949999,453.0361111111111
2023-01-06 03:00:00,3,0,4,False,-0.02694444444444444,0.0,120.81222370555558,36.02777777777778,487.05,59.996389355555564,8.643333333333333,13.78388888888889,0.0,36.02777777777778,-0.02694444444444444,120.81222370555558,36.02777777777778,-84.81139037222223,487.05,59.996389355555564,0.0,84.81139037222223,0.5956672266666772,0.0,139.31298859035468,74.80999965555556,49.971339508503824,37.383558914188214,0.12,0.08,0,,0.0,120.81222370555558,-84.81139037222223,0.0,906.0722222222222,14630.186576655555,453.0361111111111
2023-01-06 04:00:00,4,0,4,False,-0.0013888888888888883,0.0,123.28194577777778,35.797222222222224,487.44166666666666,59.97913951944445,8.76888888888889,14.059166666666664,0.0,35.797222222222224,-0.0013888888888888883,123.28194577777778,35.797222222222224,-87.48611244444443,487.44166666666666,59.97913951944445,0.0,87.48611244444443,0.5749674233333423,0.0,142.16091533415334,74.80999965555556,49.998522655077515,37.40389462604636,0.12,0.08,0,,0.0,123.28194577777778,-87.48611244444443,0.0,906.0722222222222,14753.468522433333,453.0361111111111
2023-01-06 05:00:00,5,0,4,False,-0.02361111111111111,0.0,121.4336125027778,35.99166666666667,486.84444444444443,59.99102790277778,8.877222222222224,14.358333333333333,0.0,35.99166666666667,-0.02361111111111111,121.4336125027778,35.99166666666667,-85.46555694722224,486.84444444444443,59.99102790277778,0.0,85.46555694722224,0.5892334833333365,0.0,140.0295347126128,74.80999965555556,49.97488513631778,37.38621139834362,0.12,0.08,0,,0.0,121.4336125027778,-85.46555694722224,0.0,906.0722222222222,14874.902134936112,453.0361111111111
2023-01-06 06:00:00,6,0,4,False,-0.0019444444444444444,0.0,120.81389038888891,35.602777777777774,483.45,59.996305625,8.90388888888889,14.591666666666665,0.0,35.602777777777774,-0.0019444444444444444,120.81389038888891,35.602777777777774,-85.21305705555558,483.45,59.996305625,0.0,85.21305705555558,0.5955667499999976,0.0,139.31491050379256,74.80999965555556,49.99793171710852,37.40345254535379,0.18,0.096,0,,0.0,120.81389038888891,-85.21305705555558,0.0,906.0722222222222,14995.716025325,453.0361111111111
2023-01-06 07:00:00,7,0,4,False,0.007222222222222223,-0.025,123.60055713055557,35.59444444444444,484.40833333333336,59.97705576111112,8.91027777777778,14.775833333333336,0.0,35.59444444444444,0.007222222222222223,123.60055713055557,35.59444444444444,-87.9988904638889,484.40833333333336,59.97705576111112,0.0,87.9988904638889,0.5724669133333407,0.0,142.52831772434914,74.80999965555556,50.007682193596914,37.41074687678117,0.18,0.096,0,,0.0,123.60055713055557,-87.9988904638889,0.0,906.0722222222222,15119.316582455556,453.0361111111111
2023-01-06 08:00:00,8,0,4,False,-0.0019444444444444446,4.811111111111111,120.28361271111115,36.28888888888889,486.60277777777776,59.99972230555556,8.859444444444446,14.850555555555557,4.811111111111111,36.28888888888889,-0.0019444444444444446,120.28361271111115,41.1,-79.1855571555556,486.60277777777776,59.99972230555556,0.0,79.1855571555556,0.5996667666666695,3.999741303013868,138.70342794177947,74.80999965555556,49.99793171710852,37.40345254535379,0.18,0.096,0,,4.811111111111111,120.28361271111115,-79.1855571555556,2.4055555555555554,910.8833333333333,15239.600195166668,455.44166666666666
2023-01-06 09:00:00,9,0,4,False,-0.008611111111111111,20.572222222222223,118.87111266944444,36.87777777777778,486.97222222222223,60.00922136388889,8.567499999999999,14.533055555555556,20.572222222222223,36.87777777777778,-0.008611111111111111,118.87111266944444,57.45,-61.42972378055555,486.97222222222223,60.00922136388889,0.0,61.42972378055555,0.5889343633333312,17.30507236052907,137.07462254317855,74.80999965555556,49.9908404614806,37.39814757704297,0.18,0.096,0,,20.572222222222223,118.87111266944444,-61.42972378055555,10.286111111111111,931.4555555555555,15358.471307836113,465.72777777777776
2023-01-06 10:00:00,10,0,4,False,-0.005555555555555557,29.8,119.90639039722224,37.0,487.0111111111111,60.00272203611111,8.262777777777778,14.148333333333332,29.8,37.0,-0.005555555555555557,119.90639039722224,66.8,-53.111945952777795,487.0111111111111,60.00272203611111,0.0,53.111945952777795,0.596733556666669,24.851569010259798,138.268439111188,74.80999965555556,49.99409062031007,37.40057902085209,0.18,0.096,0,,29.8,119.90639039722224,-53.111945952777795,14.9,961.2555555555555,15478.377698233335,480.62777777777774
2023-01-06 11:00:00,11,0,4,False,-0.0075000000000000015,33.625,119.8519459777778,37.00277777777778,489.5444444444444,60.00247243611111,7.971666666666668,13.8175,33.625,37.00277777777778,-0.0075000000000000015,119.8519459777778,70.62777777777778,-49.23166820000002,489.5444444444444,60.00247243611111,0.0,49.23166820000002,0.5970330766666648,28.053692160594622,138.20565726219763,74.80999965555556,49.99202233741859,37.39903173842811,0.12,0.08,0,,33.625,119.8519459777778,-49.23166820000002,16.8125,994.8805555555555,15598.229644211113,497.44027777777774
2023-01-06 12:00:00,12,0,4,False,0.0,33.65,120.19777931111112,37.0,488.03055555555557,60.000972205555556,7.797777777777777,13.621944444444443,33.65,37.0,0.0,120.19777931111112,70.65,-49.547779311111114,488.03055555555557,60.000972205555556,0.0,49.547779311111114,0.5988333533333332,27.99552553537849,138.60445031262813,74.80999965555556,50.0,37.40499982777778,0.12,0.08,0,,33.65,120.19777931111112,-49.547779311111114,16.825,1028.5305555555556,15718.427423522224,514.2652777777778
2023-01-06 13:00:00,13,0,4,False,-0.009722222222222224,31.002777777777776,117.39194600277781,37.0,487.0861111111111,60.020082672222216,8.050555555555555,13.531388888888888,31.002777777777776,37.0,-0.009722222222222224,117.39194600277781,68.00277777777778,-49.39889044722226,487.0861111111111,60.020082672222216,0.0,49.39889044722226,0.5759007933333408,26.407442284688,135.36894142386743,74.80999965555556,49.989658585542614,37.397263415657825,0.12,0.08,0,,31.002777777777776,117.39194600277781,-49.39889044722226,15.501388888888888,1059.5333333333333,15835.819369525001,529.7666666666667
2023-01-06 14:00:00,14,0,4,False,-0.013611111111111112,24.291666666666668,117.61722379722224,37.0,488.3833333333333,60.01769378333333,8.408888888888889,13.418611111111113,24.291666666666668,37.0,-0.013611111111111112,117.61722379722224,61.29166666666667,-56.33916824166668,488.3833333333333,60.01769378333333,0.0,56.33916824166668,0.5787674600000059,20.65076447480504,135.6287174783467,74.80999965555556,49.985522019759664,37.394168850809855,0.12,0.08,0,,24.291666666666668,117.61722379722224,-56.33916824166668,12.145833333333334,1083.825,15953.436593322223,541.9125
2023-01-06 15:00:00,15,0,4,False,-0.014722222222222223,10.0,120.16500148333336,37.0,486.8666666666667,60.00019461666666,8.640555555555554,13.419444444444448,10.0,37.0,-0.014722222222222223,120.16500148333336,47.0,-73.17972370555557,486.8666666666667,60.00019461666666,0.0,73.17972370555557,0.5997664600000064,8.320871184976546,138.5666530019988,74.80999965555556,49.984340143821676,37.39328468942472,0.12,0.08,0,,10.0,120.16500148333336,-73.17972370555557,5.0,1093.825,16073.601594805557,546.9125
2023-01-06 16:00:00,16,0,4,False,-0.03277777777777778,1.0916666666666666,121.66389018055557,37.0,487.4194444444444,59.989056152777785,8.69777777777778,13.331111111111113,1.0916666666666666,37.0,-0.03277777777777778,121.66389018055557,38.09166666666667,-83.60500129166668,487.4194444444444,59.989056152777785,0.0,83.60500129166668,0.5868673833333418,0.8970390767316921,140.2950763152163,74.80999965555556,49.965134659829396,37.378917066916244,0.12,0.08,0,,1.0916666666666666,121.66389018055557,-83.60500129166668,0.5458333333333333,1094.9166666666667,16195.265484986114,547.4583333333334
2023-01-06 17:00:00,17,0,4,False,-0.03222222222222222,-0.49166666666666664,122.43472368055558,37.0,488.51944444444445,59.98436114444444,8.616388888888888,13.054444444444442,0.0,37.0,-0.03222222222222222,122.43472368055558,37.0,-85.4669459027778,488.51944444444445,59.98436114444444,0.0,85.4669459027778,0.5812333733333304,0.0,141.1839525836665,74.80999965555556,49.96572559779838,37.3793591476088,0.12,0.08,0,,0.0,122.43472368055558,-85.4669459027778,0.0,1094.9166666666667,16317.700208666669,547.4583333333334
2023-01-06 18:00:00,18,0,4,False,-0.03916666666666667,0.0,118.70111267777779,36.725,488.3361111111111,60.01011056666666,8.523055555555556,12.859722222222222,0.0,36.725,-0.03916666666666667,118.70111267777779,36.725,-82.01527934444447,488.3361111111111,60.01011056666666,0.0,82.01527934444447,0.5878673200000065,0.0,136.87858934245594,74.80999965555556,49.958338873185966,37.373833138951696,0.18,0.096,0,,0.0,118.70111267777779,-82.01527934444447,0.0,1094.9166666666667,16436.401321344445,547.4583333333334
2023-01-06 19:00:00,19,0,4,False,-0.04527777777777778,0.0,117.03722383055558,37.0,488.6722222222222,60.02230491388889,8.405000000000001,12.846666666666664,0.0,37.0,-0.04527777777777778,117.03722383055558,37.0,-80.08250160833336,488.6722222222222,60.02230491388889,0.0,80.08250160833336,0.5732341033333341,0.0,134.9598983285927,74.80999965555556,49.95183855552704,37.368970251333444,0.18,0.096,0,,0.0,117.03722383055558,-80.08250160833336,0.0,1094.9166666666667,16553.438545175002,547.4583333333334
2023-01-06 20:00:00,20,0,4,False,-0.04611111111111112,0.0,118.35527930277779,37.0,489.1972222222222,60.01258296388888,8.216111111111111,12.657499999999999,0.0,37.0,-0.04611111111111112,118.35527930277779,37.0,-81.4013904138889,489.1972222222222,60.01258296388888,0.0,81.4013904138889,0.5849004433333419,0.0,136.4797962439781,74.80999965555556,49.95095214857355,37.36830713029459,0.18,0.096,0,,0.0,118.35527930277779,-81.4013904138889,0.0,1094.9166666666667,16671.79382447778,547.4583333333334
2023-01-06 21:00:00,21,0,4,False,-0.043611111111111114,0.0,117.11555698888891,35.74166666666667,489.48333333333335,60.020582927777774,8.2725,12.758611111111112,0.0,35.74166666666667,-0.043611111111111114,117.11555698888891,35.74166666666667,-81.41750143333336,489.48333333333335,60.020582927777774,0.0,81.41750143333336,0.5753004866666714,0.0,135.0502271550841,74.80999965555556,49.95361136943402,37.37029649341115,0.18,0.096,0,,0.0,117.11555698888891,-81.41750143333336,0.0,1094.9166666666667,16788.90938146667,547.4583333333334
2023-01-06 22:00:00,22,0,4,False,-0.044722222222222226,0.0,118.31972369722223,35.35,488.3333333333333,60.01308318333333,8.576944444444443,13.259444444444444,0.0,35.35,-0.044722222222222226,118.31972369722223,35.35,-83.01444591944446,488.3333333333333,60.01308318333333,0.0,83.01444591944446,0.5843001800000053,0.0,136.43879577631714,74.80999965555556,49.952429493496034,37.369412332026016,0.18,0.096,0,,0.0,118.31972369722223,-83.01444591944446,0.0,1094.9166666666667,16907.229105163893,547.4583333333334
2023-01-06 23:00:00,23,0,4,False,-0.044444444444444446,0.0,117.31833480833335,35.96111111111111,490.21666666666664,60.01972192777777,8.825833333333334,13.727500000000001,0.0,35.96111111111111,-0.044444444444444446,117.31833480833335,35.96111111111111,-81.40166814166669,490.21666666666664,60.01972192777777,0.0,81.40166814166669,0.576333686666672,0.0,135.28405766643604,74.80999965555556,49.95272496248053,37.3696333723723,0.12,0.08,0,,0.0,117.31833480833335,-81.40166814166669,0.0,1094.9166666666667,17024.547439972226,547.4583333333334
2023-01-07 00:00:00,0,0,5,True,-0.03916666666666667,0.0,118.43777925277779,35.13333333333333,489.35,60.01224980833334,8.911666666666667,13.9875,0.0,35.13333333333333,-0.03916666666666667,118.43777925277779,35.13333333333333,-83.34361258611112,489.35,60.01224980833334,0.0,83.34361258611112,0.5853002299999958,0.0,136.5749299501589,74.80999965555556,49.958338873185966,37.373833138951696,0.12,0.08,0,,0.0,118.43777925277779,-83.34361258611112,0.0,1094.9166666666667,17142.985219225004,547.4583333333334
2023-01-07 01:00:00,1,0,5,True,-0.04694444444444444,0.0,120.59389027222225,35.01111111111111,489.59722222222223,59.99644457777777,9.061388888888887,14.352500000000004,0.0,35.01111111111111,-0.04694444444444444,120.59389027222225,35.01111111111111,-85.6297236055556,489.59722222222223,59.99644457777777,0.0,85.6297236055556,0.5957334933333271,0.0,139.06122033235962,74.80999965555556,49.950065741620065,37.36764400925574,0.12,0.08,0,,0.0,120.59389027222225,-85.6297236055556,0.0,1094.9166666666667,17263.579109497226,547.4583333333334
2023-01-07 02:00:00,2,0,5,True,-0.018888888888888893,0.0,119.45722365555557,35.68333333333333,489.51944444444445,60.00555519722222,9.15527777777778,14.625555555555552,0.0,35.68333333333333,-0.018888888888888893,119.45722365555557,35.68333333333333,-83.79277921111112,489.51944444444445,60.00555519722222,0.0,83.79277921111112,0.5933337633333338,0.0,137.75048853269786,74.80999965555556,49.97990810905423,37.38996908423045,0.12,0.08,0,,0.0,119.45722365555557,-83.79277921111112,0.0,1094.9166666666667,17383.03633315278,547.4583333333334
2023-01-07 03:00:00,3,0,5,True,-0.02861111111111111,0.0,118.69000144166668,35.955555555555556,488.93611111111113,60.01061061944444,9.16861111111111,14.817500000000003,0.0,35.955555555555556,-0.02861111111111111,118.69000144166668,35.955555555555556,-82.76305699722224,488.93611111111113,60.01061061944444,0.0,82.76305699722224,0.5872672566666693,0.0,136.8657765701876,74.80999965555556,49.96956669459684,37.382232672110504,0.12,0.08,0,,0.0,118.69000144166668,-82.76305699722224,0.0,1094.9166666666667,17501.72633459445,547.4583333333334
2023-01-07 04:00:00,4,0,5,True,-0.021111111111111112,0.0,118.27416815833334,36.44444444444444,489.3277777777778,60.01402703055555,9.064444444444444,14.857222222222223,0.0,36.44444444444444,-0.021111111111111112,118.27416815833334,36.44444444444444,-81.850834825,489.3277777777778,60.01402703055555,0.0,81.850834825,0.5831675633333361,0.0,136.38626402021833,74.80999965555556,49.97754435717825,37.388200761460176,0.12,0.08,0,,0.0,118.27416815833334,-81.850834825,0.0,1094.9166666666667,17620.00050275278,547.4583333333334
2023-01-07 05:00:00,5,0,5,True,-0.027777777777777776,0.0,120.05444596111114,35.50555555555555,488.5083333333333,60.0013335,8.925555555555558,14.81166666666667,0.0,35.50555555555555,-0.027777777777777776,120.05444596111114,35.50555555555555,-84.57666818333337,488.5083333333333,60.0013335,0.0,84.57666818333337,0.5983997999999985,0.0,138.4391673905802,74.80999965555556,49.97045310155033,37.38289579314935,0.12,0.08,0,,0.0,120.05444596111114,-84.57666818333337,0.0,1094.9166666666667,17740.054948713892,547.4583333333334
2023-01-07 06:00:00,6,0,5,True,-0.015555555555555557,0.0,122.16333475833336,35.33888888888889,486.43611111111113,59.986861152777784,9.034722222222221,14.988333333333333,0.0,35.33888888888889,-0.015555555555555557,122.16333475833336,35.33888888888889,-86.84000142500003,486.43611111111113,59.986861152777784,0.0,86.84000142500003,0.5842333833333413,0.0,140.8710041032442,74.80999965555556,49.983453736868185,37.392621568385856,0.18,0.096,0,,0.0,122.16333475833336,-86.84000142500003,0.0,1094.9166666666667,17862.218283472226,547.4583333333334
2023-01-07 07:00:00,7,0,5,True,-0.01,-0.03888888888888889,123.4163902888889,35.361111111111114,490.00555555555553,59.97741690000001,9.104722222222222,15.247222222222222,0.0,35.361111111111114,-0.01,123.4163902888889,35.361111111111114,-88.0652791777778,490.00555555555553,59.97741690000001,0.0,88.0652791777778,0.5729002800000103,0.0,142.31594821135712,74.80999965555556,49.98936311655812,37.39704237531154,0.18,0.096,0,,0.0,123.4163902888889,-88.0652791777778,0.0,1094.9166666666667,17985.634673761117,547.4583333333334
2023-01-07 08:00:00,8,0,5,True,-0.01,4.963888888888889,120.25583485,35.919444444444444,489.8638888888889,60.00049998333333,9.105833333333331,15.393333333333334,4.963888888888889,35.919444444444444,-0.01,120.25583485,40.88333333333333,-79.38250151666666,489.8638888888889,60.00049998333333,0.0,79.38250151666666,0.5994000200000072,4.127430616583699,138.671396275369,74.80999965555556,49.98936311655812,37.39704237531154,0.18,0.096,0,,4.963888888888889,120.25583485,-79.38250151666666,2.4819444444444443,1099.8805555555557,18105.890508611115,549.9402777777779
2023-01-07 09:00:00,9,0,5,True,-0.008055555555555557,20.219444444444445,118.45444591944445,37.0,490.2416666666667,60.01283269166666,8.885555555555555,15.14861111111111,20.219444444444445,37.0,-0.008055555555555557,118.45444591944445,57.21944444444445,-61.24305703055556,490.2416666666667,60.01283269166666,0.0,61.24305703055556,0.5846007700000087,17.068223440065967,136.5941488923483,74.80999965555556,49.991431399449596,37.398589657735535,0.18,0.096,0,,20.219444444444445,118.45444591944445,-61.24305703055556,10.109722222222222,1120.1000000000001,18224.34495453056,560.0500000000001
2023-01-07 10:00:00,10,0,5,True,-0.00861111111111111,24.825,120.58333479166667,37.0,489.5888888888889,59.997555661111114,8.630555555555556,14.781944444444445,24.825,37.0,-0.00861111111111111,120.58333479166667,61.825,-58.76694590277778,489.5888888888889,59.997555661111114,0.0,58.76694590277778,0.5970667933333373,20.585951917563484,139.04904842212486,74.80999965555556,49.9908404614806,37.39814757704297,0.18,0.096,0,,24.825,120.58333479166667,-58.76694590277778,12.4125,1144.9250000000002,18344.928289322226,572.4625000000001
2023-01-07 11:00:00,11,0,5,True,-0.013333333333333332,31.261111111111113,121.59944591111113,37.0,491.06388888888887,59.99094510833333,8.440277777777778,14.466944444444445,31.261111111111113,37.0,-0.013333333333333332,121.59944591111113,68.26111111111112,-53.35166813333335,491.06388888888887,59.99094510833333,0.0,53.35166813333335,0.5891341299999936,25.70544913563365,140.22076327388277,74.80999965555556,49.98581748874416,37.39438989115614,0.12,0.08,0,,31.261111111111113,121.59944591111113,-53.35166813333335,15.630555555555556,1176.1861111111114,18466.527735233336,588.0930555555557
2023-01-07 12:00:00,12,0,5,True,-0.016944444444444446,20.511111111111113,121.62111246111112,37.0,488.81388888888887,59.99030589444445,8.3975,14.290833333333335,20.511111111111113,37.0,-0.016944444444444446,121.62111246111112,57.51111111111111,-64.12694579444445,488.81388888888887,59.99030589444445,0.0,64.12694579444445,0.588367073333336,16.862412663363013,140.2457477641964,74.80999965555556,49.9819763919457,37.391516366654436,0.12,0.08,0,,20.511111111111113,121.62111246111112,-64.12694579444445,10.255555555555556,1196.6972222222225,18588.148847694447,598.3486111111113
2023-01-07 13:00:00,13,0,5,True,-0.011111111111111112,13.380555555555556,120.82555704722225,37.00277777777778,488.44166666666666,59.99533367777777,8.477222222222222,14.138333333333332,13.380555555555556,37.00277777777778,-0.011111111111111112,120.82555704722225,50.38333333333334,-70.45333482500001,488.44166666666666,59.99533367777777,0.0,70.45333482500001,0.5944004133333266,11.07325761251783,139.32836375371568,74.80999965555556,49.988181240620136,37.39615821392641,0.12,0.08,0,,13.380555555555556,120.82555704722225,-70.45333482500001,6.690277777777778,1210.077777777778,18708.974404741668,605.038888888889
2023-01-07 14:00:00,14,0,5,True,-0.025555555555555554,8.622222222222222,121.0430568888889,37.0,488.5527777777778,59.99461155833334,8.499722222222223,13.949444444444445,8.622222222222222,37.0,-0.025555555555555554,121.0430568888889,45.62222222222222,-75.44639022222223,488.5527777777778,59.99461155833334,0.0,75.44639022222223,0.5935338700000073,7.12176512816545,139.57917076670768,74.80999965555556,49.97281685342631,37.384664115919634,0.12,0.08,0,,8.622222222222222,121.0430568888889,-75.44639022222223,4.311111111111111,1218.7000000000003,18830.017461630556,609.3500000000001
2023-01-07 15:00:00,15,0,5,True,-0.03111111111111111,5.6194444444444445,120.61472368888892,37.0,489.47222222222223,59.99686130277778,8.499166666666666,13.767777777777777,5.6194444444444445,37.0,-0.03111111111111111,120.61472368888892,42.61944444444445,-78.02639035555559,489.47222222222223,59.99686130277778,0.0,78.02639035555559,0.5962335633333368,4.657802280335701,139.08524410619108,74.80999965555556,49.96690747373637,37.38024330899395,0.12,0.08,0,,5.6194444444444445,120.61472368888892,-78.02639035555559,2.8097222222222222,1224.3194444444448,18950.632185319446,612.1597222222224
2023-01-07 16:00:00,16,0,5,True,-0.03666666666666667,1.9444444444444444,120.45277919444446,37.0,488.76944444444445,59.99816675277778,8.461666666666668,13.551944444444445,1.9444444444444444,37.0,-0.03666666666666667,120.45277919444446,38.94444444444444,-81.54500141666668,488.76944444444445,59.99816675277778,0.0,81.54500141666668,0.5978001033333328,1.6137881874615116,138.8984999935937,74.80999965555556,49.96099809404644,37.37582250206826,0.12,0.08,0,,1.9444444444444444,120.45277919444446,-81.54500141666668,0.9722222222222222,1226.2638888888891,19071.08496451389,613.1319444444446
2023-01-07 17:00:00,17,0,5,True,-0.035277777777777776,-0.5194444444444445,121.02889049722225,37.0,487.175,59.99416693055556,8.292777777777777,13.286111111111111,0.0,37.0,-0.035277777777777776,121.02889049722225,37.0,-84.06416827500003,487.175,59.99416693055556,0.0,84.06416827500003,0.5930003166666694,0.0,139.56283498295923,74.80999965555556,49.96247543896892,37.37692770379968,0.12,0.08,0,,0.0,121.02889049722225,-84.06416827500003,0.0,1226.2638888888891,19192.113855011114,613.1319444444446
2023-01-07 18:00:00,18,0,5,True,-0.03805555555555555,0.0,119.2186126027778,36.75555555555555,489.10555555555555,60.00683308611111,8.038611111111111,12.966111111111111,0.0,36.75555555555555,-0.03805555555555555,119.2186126027778,36.75555555555555,-82.5011126027778,489.10555555555555,60.00683308611111,0.0,82.5011126027778,0.5918002966666706,0.0,137.47533741095225,74.80999965555556,49.95952074912395,37.37471730033684,0.18,0.096,0,,0.0,119.2186126027778,-82.5011126027778,0.0,1226.2638888888891,19311.33246761389,613.1319444444446
2023-01-07 19:00:00,19,0,5,True,-15.957777672222225,0.0,117.78361271111115,36.041666666666664,489.97777777777776,60.01708263888888,8.045833333333333,12.931666666666665,0.0,36.041666666666664,-15.957777672222225,117.78361271111115,36.041666666666664,-97.69972371666671,489.97777777777776,60.01708263888888,0.0,97.69972371666671,0.5795008333333441,0.0,135.82058661336617,74.80999965555556,33.02589789091327,24.70667409843635,0.18,0.096,0,,0.0,117.78361271111115,-97.69972371666671,0.0,1226.2638888888891,19429.116080325002,613.1319444444446
2023-01-07 20:00:00,20,0,5,True,-18.70249991388889,0.0,116.8894459361111,36.05277777777778,489.0833333333333,60.02263841944444,8.188055555555556,13.193333333333332,0.0,36.05277777777778,-18.70249991388889,116.8894459361111,36.05277777777778,-99.53916807222221,489.0833333333333,60.02263841944444,0.0,99.53916807222221,0.5728338966666712,0.0,134.78949023998052,74.80999965555556,30.106368834418802,22.52257442132899,0.18,0.096,0,,0.0,116.8894459361111,-99.53916807222221,0.0,1226.2638888888891,19546.005526261113,613.1319444444446
2023-01-07 21:00:00,21,0,5,True,-13.04055556111111,0.0,117.9311128111111,35.90833333333333,490.64722222222224,60.01572152777778,8.24138888888889,13.405000000000003,0.0,35.90833333333333,-13.04055556111111,117.9311128111111,35.90833333333333,-95.06333503888888,490.64722222222224,60.01572152777778,0.0,95.06333503888888,0.5811341666666664,0.0,135.99067436705616,74.80999965555556,36.12891304790975,27.02803972669725,0.18,0.096,0,,0.0,117.9311128111111,-95.06333503888888,0.0,1226.2638888888891,19663.936639072224,613.1319444444446
2023-01-07 22:00:00,22,0,5,True,-6.535277777777777,0.0,117.85166805833336,35.95,490.22222222222223,60.01624955555554,8.338888888888889,13.57638888888889,0.0,35.95,-6.535277777777777,117.85166805833336,35.95,-88.43694583611114,490.22222222222223,60.01624955555554,0.0,88.43694583611114,0.5805005333333525,0.0,135.89906372040286,74.80999965555556,43.048501201746745,32.20458360074857,0.18,0.096,0,,0.0,117.85166805833336,-88.43694583611114,0.0,1226.2638888888891,19781.78830713056,613.1319444444446
2023-01-07 23:00:00,23,0,5,True,-3.8380555555555556,0.0,119.71083473333334,36.33611111111111,490.0138888888889,60.00313890555555,8.401111111111113,13.759444444444444,0.0,36.33611111111111,-3.8380555555555556,119.71083473333334,36.33611111111111,-87.21277917777779,490.0138888888889,60.00313890555555,0.0,87.21277917777779,0.5962333133333374,0.0,138.04293673124232,74.80999965555556,45.91750504120945,34.350885363168494,0.12,0.08,0,,0.0,119.71083473333334,-87.21277917777779,0.0,1226.2638888888891,19901.499141863893,613.1319444444446
2023-01-08 00:00:00,0,0,6,True,-1.1277777777777778,0.0,121.81861251944444,35.55833333333333,488.4277777777778,59.988833394444455,8.414722222222222,13.829444444444446,0.0,35.55833333333333,-1.1277777777777778,121.81861251944444,35.55833333333333,-87.3880569638889,488.4277777777778,59.988833394444455,0.0,87.3880569638889,0.5866000733333464,0.0,140.47349229640733,74.80999965555556,48.8003959229435,36.507576021863784,0.12,0.08,0,,0.0,121.81861251944444,-87.3880569638889,0.0,1226.2638888888891,20023.317754383337,613.1319444444446
2023-01-08 01:00:00,1,0,6,True,-0.4986111111111111,0.0,121.2061126027778,35.75833333333333,489.18055555555554,59.99258345555556,8.498333333333333,14.043333333333331,0.0,35.75833333333333,-0.4986111111111111,121.2061126027778,35.75833333333333,-85.94639038055557,489.18055555555554,59.99258345555556,0.0,85.94639038055557,0.5911001466666732,0.0,139.76719626704082,74.80999965555556,49.469633172828466,37.00823240619757,0.12,0.08,0,,0.0,121.2061126027778,-85.94639038055557,0.0,1226.2638888888891,20144.523866986114,613.1319444444446
2023-01-08 02:00:00,2,0,6,True,-0.5005555555555555,0.0,122.38055688888889,35.68611111111111,489.3388888888889,59.96886144722224,8.518611111111111,14.185,0.0,35.68611111111111,-0.5005555555555555,122.38055688888889,35.68611111111111,-87.19500133333334,489.3388888888889,59.96886144722224,0.0,87.19500133333334,0.5626337366666859,0.0,141.12149087740877,74.80999965555556,49.467564889936995,37.006685123773586,0.12,0.08,0,,0.0,122.38055688888889,-87.19500133333334,0.0,1226.2638888888891,20266.904423875003,613.1319444444446
2023-01-08 03:00:00,3,0,6,True,-0.48694444444444446,0.0,122.52139033888889,35.81666666666667,489.4916666666667,59.96811130555555,8.629722222222222,14.413055555555557,0.0,35.81666666666667,-0.48694444444444446,122.52139033888889,35.81666666666667,-87.19166811666668,489.4916666666667,59.96811130555555,0.0,87.19166811666668,0.5617335666666633,0.0,141.283891073442,74.80999965555556,49.48204287017733,37.01751610074151,0.12,0.08,0,,0.0,122.52139033888889,-87.19166811666668,0.0,1226.2638888888891,20389.425814213893,613.1319444444446
2023-01-08 04:00:00,4,0,6,True,-0.4652777777777778,0.0,123.18444584444445,35.55833333333333,487.64444444444445,59.963944661111114,8.6425,14.519722222222223,0.0,35.55833333333333,-0.4652777777777778,123.18444584444445,35.55833333333333,-88.0913902888889,487.64444444444445,59.963944661111114,0.0,88.0913902888889,0.5567335933333367,0.0,142.048484599221,74.80999965555556,49.50508945096807,37.034757247751685,0.12,0.08,0,,0.0,123.18444584444445,-88.0913902888889,0.0,1226.2638888888891,20512.610260058336,613.1319444444446
2023-01-08 05:00:00,5,0,6,True,-0.4941666666666667,0.0,121.35805695555557,35.44722222222222,488.46944444444443,59.97741669722223,8.705555555555556,14.698333333333332,0.0,35.44722222222222,-0.4941666666666667,121.35805695555557,35.44722222222222,-86.40500140000002,488.46944444444443,59.97741669722223,0.0,86.40500140000002,0.5729000366666781,0.0,139.94240885096352,74.80999965555556,49.47436067658042,37.01176905173813,0.12,0.08,0,,0.0,121.35805695555557,-86.40500140000002,0.0,1226.2638888888891,20633.968317013892,613.1319444444446
2023-01-08 06:00:00,6,0,6,True,-0.4758333333333334,0.0,120.09944591111113,35.641666666666666,490.35555555555555,60.00108368611111,8.794722222222223,14.889444444444447,0.0,35.641666666666666,-0.4758333333333334,120.09944591111113,35.641666666666666,-84.9336125777778,490.35555555555555,60.00108368611111,0.0,84.9336125777778,0.5986995766666695,0.0,138.4910584768348,74.80999965555556,49.493861629557195,37.02635771459288,0.18,0.096,0,,0.0,120.09944591111113,-84.9336125777778,0.0,1226.2638888888891,20754.067762925002,613.1319444444446
2023-01-08 07:00:00,7,0,6,True,-0.4744444444444445,0.3055555555555556,120.00722357222223,35.522222222222226,490.0777777777778,60.00161109166667,8.846111111111112,15.080555555555556,0.3055555555555556,35.522222222222226,-0.4744444444444445,120.00722357222223,35.82777777777778,-84.65389023888889,490.0777777777778,60.00161109166667,0.0,84.65389023888889,0.5980666899999988,0.2536116577613176,138.38471352885404,74.80999965555556,49.49533897447968,37.0274629163243,0.18,0.096,0,,0.3055555555555556,120.00722357222223,-84.65389023888889,0.1527777777777778,1226.5694444444448,20874.074986497224,613.2847222222224
2023-01-08 08:00:00,8,0,6,True,-0.46694444444444444,4.6722222222222225,120.22111262777779,36.78333333333333,490.7027777777778,59.999638713888885,8.73611111111111,15.098611111111111,4.6722222222222225,36.78333333333333,-0.46694444444444444,120.22111262777779,41.455555555555556,-79.23250151666669,490.7027777777778,59.999638713888885,0.0,79.23250151666669,0.5995664566666619,3.8713211029872387,138.6313568124744,74.80999965555556,49.50331663706109,37.033431005673975,0.18,0.096,0,,4.6722222222222225,120.22111262777779,-79.23250151666669,2.3361111111111112,1231.241666666667,20994.296099125,615.6208333333335
2023-01-08 09:00:00,9,0,6,True,-0.47194444444444444,19.266666666666666,119.01972369722223,37.0,489.5444444444444,60.00841584444444,8.491944444444444,14.723611111111111,19.266666666666666,37.0,-0.47194444444444444,119.01972369722223,56.266666666666666,-63.22500147500001,489.5444444444444,60.00841584444444,0.0,63.22500147500001,0.5899009866666688,16.12385781059189,137.24599134827287,74.80999965555556,49.49799819534015,37.02945227944087,0.18,0.096,0,,19.266666666666666,119.01972369722223,-63.22500147500001,9.633333333333333,1250.5083333333337,21113.315822822224,625.2541666666668
2023-01-08 10:00:00,10,0,6,True,-0.4841666666666667,28.372222222222224,119.7269459777778,37.0,490.43888888888887,60.00305541944444,8.304166666666667,14.453333333333335,28.372222222222224,37.0,-0.4841666666666667,119.7269459777778,65.37222222222222,-54.83889042222225,490.43888888888887,60.00305541944444,0.0,54.83889042222225,0.5963334966666679,23.60199618660916,138.061515195777,74.80999965555556,49.48499756002229,37.01972650420435,0.18,0.096,0,,28.372222222222224,119.7269459777778,-54.83889042222225,14.186111111111112,1278.880555555556,21233.0427688,639.440277777778
2023-01-08 11:00:00,11,0,6,True,-0.4486111111111111,30.030555555555555,119.07333485833335,37.0,490.64444444444445,60.00763845833333,8.208611111111113,14.227777777777778,30.030555555555555,37.0,-0.4486111111111111,119.07333485833335,67.03055555555555,-52.491390413888915,490.64444444444445,60.00763845833333,0.0,52.491390413888915,0.5908338500000013,25.125557747556087,137.30781233663902,74.80999965555556,49.522817590037874,37.048019668528745,0.12,0.08,0,,30.030555555555555,119.07333485833335,-52.491390413888915,15.015277777777778,1308.9111111111115,21352.116103658336,654.4555555555557
2023-01-08 12:00:00,12,0,6,True,-0.4797222222222222,16.925,119.12944596111112,37.0,489.3305555555556,60.00705508055556,8.323888888888888,14.126944444444444,16.925,37.0,-0.4797222222222222,119.12944596111112,53.925,-65.68416818333334,489.3305555555556,60.00705508055556,0.0,65.68416818333334,0.5915339033333282,14.150253075966443,137.37251609906724,74.80999965555556,49.489725063774245,37.023263149744906,0.12,0.08,0,,16.925,119.12944596111112,-65.68416818333334,8.4625,1325.8361111111114,21471.24554961945,662.9180555555557
2023-01-08 13:00:00,13,0,6,True,-0.4813888888888889,25.130555555555556,121.60666815,37.0,490.27222222222224,59.99102818888889,8.585,14.075277777777776,25.130555555555556,37.0,-0.4813888888888889,121.60666815,62.13055555555556,-59.95750148333333,490.27222222222224,59.99102818888889,0.0,59.95750148333333,0.5892338266666683,20.583958959679965,140.22909150138375,74.80999965555556,49.48795224986726,37.0219369076672,0.12,0.08,0,,25.130555555555556,121.60666815,-59.95750148333333,12.565277777777778,1350.966666666667,21592.85221776945,675.4833333333335
2023-01-08 14:00:00,14,0,6,True,-0.5144444444444445,23.81388888888889,121.78361262777779,37.00277777777778,491.13055555555553,59.988472744444444,9.346944444444444,14.094999999999997,23.81388888888889,37.00277777777778,-0.5144444444444445,121.78361262777779,60.81666666666667,-61.48139040555556,491.13055555555553,59.988472744444444,0.0,61.48139040555556,0.5861672933333324,19.47200917086178,140.4331326427327,74.80999965555556,49.45279144071216,36.99563310645938,0.12,0.08,0,,23.81388888888889,121.78361262777779,-61.48139040555556,11.906944444444445,1374.7805555555558,21714.635830397227,687.3902777777779
2023-01-08 15:00:00,15,0,6,True,-0.5069444444444444,10.322222222222223,119.85083488333333,37.0,490.8888888888889,60.00199985833333,9.876666666666667,14.205555555555556,10.322222222222223,37.0,-0.5069444444444444,119.85083488333333,47.32222222222222,-73.03555710555555,490.8888888888889,60.00199985833333,0.0,73.03555710555555,0.5976001700000069,8.57628171595878,138.20437601860394,74.80999965555556,49.46076910329357,37.00160119580905,0.12,0.08,0,,10.322222222222223,119.85083488333333,-73.03555710555555,5.161111111111111,1385.102777777778,21834.48666528056,692.551388888889
2023-01-08 16:00:00,16,0,6,True,-0.5118750000000001,0.909375,120.098751425,37.0,490.9375,60.000156353125,10.16375,14.278125,0.909375,37.0,-0.5118750000000001,120.098751425,37.909375,-82.70125142500001,490.9375,60.000156353125,0.0,82.70125142500001,0.5998123762500001,0.7539758535003397,138.49025763952955,74.80999965555556,49.455524528818756,36.997677729662506,0.12,0.08,0,,0.909375,120.098751425,-82.70125142500001,0.4546875,1386.012152777778,21954.585416705562,693.006076388889
2023-01-08 17:00:00,17,0,6,True,-0.5141666666666668,-0.19166666666666668,120.24750151666669,37.0,487.72777777777776,59.999083299999995,10.131388888888889,14.106111111111108,0.0,37.0,-0.5141666666666668,120.24750151666669,37.0,-83.76166818333336,487.72777777777776,59.999083299999995,0.0,83.76166818333336,0.5988999599999942,0.0,138.66178680427433,74.80999965555556,49.45308690969666,36.99585414680566,0.12,0.08,0,,0.0,120.24750151666669,-83.76166818333336,0.0,1386.012152777778,22074.83291822223,693.006076388889
2023-01-08 18:00:00,18,0,6,True,-0.5147222222222223,0.0,117.28694591111113,37.0,488.2472222222222,60.01919423611111,10.037777777777778,13.89527777777778,0.0,37.0,-0.5147222222222223,117.28694591111113,37.0,-80.80166813333335,488.2472222222222,60.01919423611111,0.0,80.80166813333335,0.5769669166666659,0.0,135.24786198236984,74.80999965555556,49.452495971727664,36.9954120661131,0.18,0.096,0,,0.0,117.28694591111113,-80.80166813333335,0.0,1386.012152777778,22192.11986413334,693.006076388889
2023-01-08 19:00:00,19,0,6,True,-0.5205555555555555,0.0,119.55694594444445,36.75277777777778,489.175,60.00333319722222,9.744166666666667,13.608611111111113,0.0,36.75277777777778,-0.5205555555555555,119.55694594444445,36.75277777777778,-83.32472372222223,489.175,60.00333319722222,0.0,83.32472372222223,0.5960001633333377,0.0,137.865481947007,74.80999965555556,49.446291123053236,36.99077021884113,0.18,0.096,0,,0.0,119.55694594444445,-83.32472372222223,0.0,1386.012152777778,22311.676810077784,693.006076388889
2023-01-08 20:00:00,20,0,6,True,-0.5422222222222222,0.0,117.77194601111113,36.53888888888889,489.43055555555554,60.016110533333325,9.286944444444446,13.241944444444446,0.0,36.53888888888889,-0.5422222222222222,117.77194601111113,36.53888888888889,-81.77527934444446,489.43055555555554,60.016110533333325,0.0,81.77527934444446,0.5806673600000095,0.0,135.80713331539567,74.80999965555556,49.423244542262495,36.97352907183095,0.18,0.096,0,,0.0,117.77194601111113,-81.77527934444446,0.0,1386.012152777778,22429.448756088896,693.006076388889
2023-01-08 21:00:00,21,0,6,True,-0.5161111111111112,0.0,117.91027926944447,36.63333333333333,490.7583333333333,60.01455507499999,8.8475,12.8675,0.0,36.63333333333333,-0.5161111111111112,117.91027926944447,36.63333333333333,-81.79305704722225,490.7583333333333,60.01455507499999,0.0,81.79305704722225,0.5825339100000121,0.0,135.96665044908264,74.80999965555556,49.45101862680518,36.99430686438167,0.18,0.096,0,,0.0,117.91027926944447,-81.79305704722225,0.0,1386.012152777778,22547.35903535834,693.006076388889
2023-01-08 22:00:00,22,0,6,True,-0.5386111111111112,0.0,119.86916815000001,36.78333333333333,489.05833333333334,60.001916675,8.7075,12.818333333333335,0.0,36.78333333333333,-0.5386111111111112,119.86916815000001,36.78333333333333,-83.62444592777778,489.05833333333334,60.001916675,0.0,83.62444592777778,0.5976999900000038,0.0,138.22551677813655,74.80999965555556,49.42708563906095,36.97640259633265,0.18,0.096,0,,0.0,119.86916815000001,-83.62444592777778,0.0,1386.012152777778,22667.228203508337,693.006076388889
2023-01-08 23:00:00,23,0,6,True,-0.5213888888888889,0.0,119.12305685555556,36.31388888888889,488.03055555555557,60.00683320277777,8.629444444444443,12.85138888888889,0.0,36.31388888888889,-0.5213888888888889,119.12305685555556,36.31388888888889,-83.33055685555557,488.03055555555557,60.00683320277777,0.0,83.33055685555557,0.591800156666676,0.0,137.36514858804838,74.80999965555556,49.445404716099745,36.99010709780227,0.12,0.08,0,,0.0,119.12305685555556,-83.33055685555557,0.0,1386.012152777778,22786.351260363892,693.006076388889
2023-01-09 00:00:00,0,0,0,False,-0.5002777777777777,0.0,117.54389048055558,36.483333333333334,486.39444444444445,60.01888836944444,8.609999999999998,12.964166666666667,0.0,36.483333333333334,-0.5002777777777777,117.54389048055558,36.483333333333334,-81.56083492500002,486.39444444444445,60.01888836944444,0.0,81.56083492500002,0.5773339566666721,0.0,135.54415415193216,74.80999965555556,49.46786035892149,37.00690616411987,0.12,0.08,0,,0.0,117.54389048055558,-81.56083492500002,0.0,1386.012152777778,22903.895150844448,693.006076388889
2023-01-09 01:00:00,1,0,0,False,-0.5277777777777778,0.0,118.07916816666669,35.919444444444444,486.1361111111111,60.01436074166666,8.626944444444444,13.120277777777776,0.0,35.919444444444444,-0.5277777777777778,118.07916816666669,35.919444444444444,-82.68750150000002,486.1361111111111,60.01436074166666,0.0,82.68750150000002,0.5827671100000117,0.0,136.1614024062116,74.80999965555556,49.43860892945632,36.98502316983773,0.12,0.08,0,,0.0,118.07916816666669,-82.68750150000002,0.0,1386.012152777778,23021.974319011115,693.006076388889
2023-01-09 02:00:00,2,0,0,False,-0.5036111111111111,0.0,119.90277923611114,35.977777777777774,485.7416666666667,60.00186097222223,8.71638888888889,13.403333333333336,0.0,35.977777777777774,-0.5036111111111111,119.90277923611114,35.977777777777774,-84.42861256944448,485.7416666666667,60.00186097222223,0.0,84.42861256944448,0.5977668333333213,0.0,138.26427494939014,74.80999965555556,49.46431473110753,37.00425367996446,0.12,0.08,0,,0.0,119.90277923611114,-84.42861256944448,0.0,1386.012152777778,23141.877098247227,693.006076388889
2023-01-09 03:00:00,3,0,0,False,-0.49694444444444447,0.0,121.06250150000002,36.24444444444445,487.28333333333336,59.99452824166666,8.76388888888889,13.578333333333333,0.0,36.24444444444445,-0.49694444444444447,121.06250150000002,36.24444444444445,-85.31500150000002,487.28333333333336,59.99452824166666,0.0,85.31500150000002,0.5934338899999886,0.0,139.6015930581181,74.80999965555556,49.47140598673545,37.00955864827528,0.12,0.08,0,,0.0,121.06250150000002,-85.31500150000002,0.0,1386.012152777778,23262.939599747227,693.006076388889
2023-01-09 04:00:00,4,0,0,False,-0.5019444444444445,0.0,118.56916827500002,36.352777777777774,488.75,60.01099958333333,8.723333333333333,13.693333333333335,0.0,36.352777777777774,-0.5019444444444445,118.56916827500002,36.352777777777774,-82.7183349416667,488.75,60.01099958333333,0.0,82.7183349416667,0.5868005000000039,0.0,136.7264394315037,74.80999965555556,49.46608754501451,37.005579922042166,0.12,0.08,0,,0.0,118.56916827500002,-82.7183349416667,0.0,1386.012152777778,23381.508768022228,693.006076388889
2023-01-09 05:00:00,5,0,0,False,-0.4963888888888889,0.0,120.16500152500001,36.03888888888889,490.6,59.99986109722222,8.671666666666669,13.732777777777775,0.0,36.03888888888889,-0.4963888888888889,120.16500152500001,36.03888888888889,-84.622501525,490.6,59.99986109722222,0.0,84.622501525,0.5998333166666668,0.0,138.56665305004614,74.80999965555556,49.47199692470444,37.010000728967846,0.12,0.08,0,,0.0,120.16500152500001,-84.622501525,0.0,1386.012152777778,23501.67376954723,693.006076388889
2023-01-09 06:00:00,6,0,0,False,-0.4886111111111111,0.0,122.24027931944445,35.61944444444445,487.85833333333335,59.97822245277777,8.746666666666668,13.914722222222222,0.0,35.61944444444445,-0.4886111111111111,122.24027931944445,35.61944444444445,-87.10944598611113,487.85833333333335,59.97822245277777,0.0,87.10944598611113,0.5738669433333257,0.0,140.95973168755128,74.80999965555556,49.48027005627035,37.01618985866381,0.18,0.096,0,,0.0,122.24027931944445,-87.10944598611113,0.0,1386.012152777778,23623.914048866674,693.006076388889
2023-01-09 07:00:00,7,0,0,False,-0.49694444444444447,-0.05277777777777778,120.55611260277779,35.80833333333333,487.80833333333334,59.981278155555565,8.83,14.1375,0.0,35.80833333333333,-0.49694444444444447,120.55611260277779,35.80833333333333,-85.2447237138889,487.80833333333334,59.981278155555565,0.0,85.2447237138889,0.5775337866666774,0.0,139.01765752165335,74.80999965555556,49.47140598673545,37.00955864827528,0.18,0.096,0,,0.0,120.55611260277779,-85.2447237138889,0.0,1386.012152777778,23744.470161469453,693.006076388889
2023-01-09 08:00:00,8,0,0,False,-0.48000000000000004,4.608333333333333,119.43833484166667,36.72222222222222,488.35833333333335,59.989306138888885,8.753055555555555,14.224722222222221,4.608333333333333,36.72222222222222,-0.48000000000000004,119.43833484166667,41.330555555555556,-78.58777928611111,488.35833333333335,59.989306138888885,0.0,78.58777928611111,0.5871673666666624,3.8428930316768604,137.7287071513684,74.80999965555556,49.48942959478975,37.02304210939862,0.18,0.096,0,,4.608333333333333,119.43833484166667,-78.58777928611111,2.3041666666666667,1390.6204861111114,23863.90849631112,695.3102430555557
2023-01-09 09:00:00,9,0,0,False,-0.47277777777777774,19.197222222222223,117.81972365555558,37.0,489.4861111111111,60.00047204444444,8.566111111111109,13.906944444444445,19.197222222222223,37.0,-0.47277777777777774,117.81972365555558,56.19722222222222,-62.095279211111134,489.4861111111111,60.00047204444444,0.0,62.095279211111134,0.5994335466666684,16.228604509679162,135.86222746258716,74.80999965555556,49.49711178838666,37.02878915840201,0.18,0.096,0,,19.197222222222223,117.81972365555558,-62.095279211111134,9.598611111111111,1409.8177083333337,23981.728219966677,704.9088541666669
2023-01-09 10:00:00,10,0,0,False,-0.4908333333333334,20.344444444444445,117.7613904888889,37.0,489.5833333333333,60.00130553055555,8.425555555555555,13.676944444444441,20.344444444444445,37.0,-0.4908333333333334,117.7613904888889,57.34444444444445,-60.90777937777779,489.5833333333333,60.00130553055555,0.0,60.90777937777779,0.5984333633333421,17.20428063579576,135.7949613571136,74.80999965555556,49.477906304394374,37.01442153589353,0.18,0.096,0,,20.344444444444445,117.7613904888889,-60.90777937777779,10.172222222222222,1430.1621527777781,24099.489610455566,715.0810763888891
2023-01-09 11:00:00,11,0,0,False,-0.4894444444444444,33.18611111111111,119.55722369722223,37.0,489.65555555555557,59.98813928888889,8.409166666666668,13.498055555555554,33.18611111111111,37.0,-0.4894444444444444,119.55722369722223,70.1861111111111,-49.86055703055557,489.65555555555557,59.98813928888889,0.0,49.86055703055557,0.5857671466666658,27.644341675479318,137.8658022338817,74.80999965555556,49.47938364931686,37.01552673762496,0.12,0.08,0,,33.18611111111111,119.55722369722223,-49.86055703055557,16.593055555555555,1463.3482638888893,24219.04683415279,731.6741319444446
2023-01-09 12:00:00,12,0,0,False,-0.4919444444444445,20.325,118.20916821666667,37.00277777777778,489.0111111111111,59.99741671388888,8.51611111111111,13.429444444444446,20.325,37.00277777777778,-0.4919444444444445,118.20916821666667,57.32777777777778,-61.37333488333333,489.0111111111111,59.99741671388888,0.0,61.37333488333333,0.5969000566666579,17.122838652765957,136.3113102129459,74.80999965555556,49.47672442845639,37.0135373745084,0.12,0.08,0,,20.325,118.20916821666667,-61.37333488333333,10.1625,1483.6732638888893,24337.256002369457,741.8366319444447
2023-01-09 13:00:00,13,0,0,False,-0.4905555555555555,16.71388888888889,118.8861125277778,37.00277777777778,487.825,59.99200065277778,8.6875,13.353333333333335,16.71388888888889,37.00277777777778,-0.4905555555555555,118.8861125277778,53.71666666666667,-65.66000141666669,487.825,59.99200065277778,0.0,65.66000141666669,0.5904007833333395,14.000967824986882,137.09191942778804,74.80999965555556,49.47820177337887,37.014642576239815,0.12,0.08,0,,16.71388888888889,118.8861125277778,-65.66000141666669,8.356944444444444,1500.3871527777783,24456.142114897233,750.1935763888891
2023-01-09 14:00:00,14,0,0,False,-0.5211111111111112,18.141666666666666,118.16361271944447,37.0,488.51944444444445,59.997722458333335,9.079444444444446,13.3125,18.141666666666666,37.0,-0.5211111111111112,118.16361271944447,55.141666666666666,-63.54305716388892,488.51944444444445,59.997722458333335,0.0,63.54305716388892,0.5972669500000023,15.285595383418723,136.25877850489445,74.80999965555556,49.44570018508424,36.990328138148556,0.12,0.08,0,,18.141666666666666,118.16361271944447,-63.54305716388892,9.070833333333333,1518.528819444445,24574.305727616676,759.2644097222225
2023-01-09 15:00:00,15,0,0,False,-0.5080555555555556,8.675,119.96166824166669,37.00555555555555,490.4194444444444,59.98463958888889,9.303888888888888,13.323611111111111,8.675,37.00555555555555,-0.5080555555555556,119.96166824166669,45.68055555555556,-74.78916824166669,490.4194444444444,59.98463958888889,0.0,74.78916824166669,0.5815675066666671,7.200979405084372,138.33218201299204,74.80999965555556,49.459587227355584,37.000717034423914,0.12,0.08,0,,8.675,119.96166824166669,-74.78916824166669,4.3375,1527.203819444445,24694.267395858344,763.6019097222224
2023-01-09 16:00:00,16,0,0,False,-0.5266666666666666,1.5611111111111111,119.02722377222223,37.0,490.15833333333336,59.991167052777776,9.471944444444446,13.278333333333332,1.5611111111111111,37.0,-0.5266666666666666,119.02722377222223,38.56111111111111,-80.99277932777778,490.15833333333336,59.991167052777776,0.0,80.99277932777778,0.589400463333331,1.305780268111884,137.25463995874335,74.80999965555556,49.4397908053943,36.98590733122286,0.12,0.08,0,,1.5611111111111111,119.02722377222223,-80.99277932777778,0.7805555555555556,1528.764930555556,24813.294619630567,764.382465277778
2023-01-09 17:00:00,17,0,0,False,-0.5275,-0.3333333333333333,118.9722237638889,37.0,486.84166666666664,59.99138928055555,9.49,13.137222222222219,0.0,37.0,-0.5275,118.9722237638889,37.0,-82.49972376388891,486.84166666666664,59.99138928055555,0.0,82.49972376388891,0.5896671366666624,0.0,137.1912174399088,74.80999965555556,49.43890439844082,36.98524421018402,0.12,0.08,0,,0.0,118.9722237638889,-82.49972376388891,0.0,1528.764930555556,24932.266843394456,764.382465277778
2023-01-09 18:00:00,18,0,0,False,-0.5233333333333333,0.0,118.59861256944447,37.00555555555555,490.73333333333335,59.99402819166666,9.329444444444446,12.918888888888889,0.0,37.00555555555555,-0.5233333333333333,118.59861256944447,37.00555555555555,-82.11639034722224,490.73333333333335,59.99402819166666,0.0,82.11639034722224,0.5928338299999893,0.0,136.76039272306787,74.80999965555556,49.443336433208266,36.98855981537828,0.18,0.096,0,,0.0,118.59861256944447,-82.11639034722224,0.0,1528.764930555556,25050.8654559639,764.382465277778
2023-01-09 19:00:00,19,0,0,False,-0.5194444444444445,0.0,116.40333495000002,37.0,488.05,60.009666047222225,9.061111111111112,12.651666666666667,0.0,37.0,-0.5194444444444445,116.40333495000002,37.0,-79.92277939444446,488.05,60.009666047222225,0.0,79.92277939444446,0.5884007433333295,0.0,134.2289379035978,74.80999965555556,49.447472998991216,36.99165438022626,0.18,0.096,0,,0.0,116.40333495000002,-79.92277939444446,0.0,1528.764930555556,25167.2687909139,764.382465277778
2023-01-09 20:00:00,20,0,0,False,-0.5213888888888889,0.0,116.31361263611113,37.00555555555555,487.275,60.010471813888884,8.772777777777778,12.390277777777778,0.0,37.00555555555555,-0.5213888888888889,116.31361263611113,37.00555555555555,-79.82944596944448,487.275,60.010471813888884,0.0,79.82944596944448,0.5874338233333389,0.0,134.1254758257739,74.80999965555556,49.445404716099745,36.99010709780227,0.18,0.096,0,,0.0,116.31361263611113,-79.82944596944448,0.0,1528.764930555556,25283.582403550008,764.382465277778
2023-01-09 21:00:00,21,0,0,False,-0.5252777777777778,0.0,136.44194596111112,37.0,489.425,60.01194368055555,8.504444444444445,12.135833333333332,0.0,37.0,-0.5252777777777778,136.44194596111112,37.0,-99.96722373888889,489.425,60.01194368055555,0.0,99.96722373888889,0.585667583333344,0.0,157.33619229832925,74.80999965555556,49.44126815031679,36.98701253295429,0.18,0.096,0,,0.0,136.44194596111112,-99.96722373888889,0.0,1528.764930555556,25420.02434951112,764.382465277778
2023-01-09 22:00:00,22,0,0,False,-0.5447222222222222,0.0,174.21944586111113,37.0,492.1333333333333,60.00380535833334,8.246944444444445,11.867777777777777,0.0,37.0,-0.5447222222222222,174.21944586111113,37.0,-137.76416808333335,492.1333333333333,60.00380535833334,0.0,137.76416808333335,0.5954335699999944,0.0,200.89880749666875,74.80999965555556,49.42058532140202,36.971539708714396,0.18,0.096,0,,0.0,174.21944586111113,-137.76416808333335,0.0,1528.764930555556,25594.243795372233,764.382465277778
2023-01-09 23:00:00,23,0,0,False,-0.5133333333333334,0.0,173.16750150833334,37.0,488.0472222222222,60.014944041666666,7.940833333333333,11.588888888888889,0.0,37.0,-0.5133333333333334,173.16750150833334,37.0,-136.68083484166667,488.0472222222222,60.014944041666666,0.0,136.68083484166667,0.5820671500000003,0.0,199.68577203451724,74.80999965555556,49.45397331665015,36.99651726784452,0.12,0.08,0,,0.0,173.16750150833334,-136.68083484166667,0.0,1528.764930555556,25767.411296880568,764.382465277778
2023-01-10 00:00:00,0,0,1,False,-0.5036111111111111,0.0,174.97111254444445,37.0,488.5861111111111,60.001749947222216,7.683888888888889,11.36416666666667,0.0,37.0,-0.5036111111111111,174.97111254444445,37.0,-138.47472365555555,488.5861111111111,60.001749947222216,0.0,138.47472365555555,0.5979000633333413,0.0,201.76558180863057,74.80999965555556,49.46431473110753,37.00425367996446,0.12,0.08,0,,0.0,174.97111254444445,-138.47472365555555,0.0,1528.764930555556,25942.382409425012,764.382465277778
2023-01-10 01:00:00,1,0,1,False,-0.5255555555555556,0.0,173.80111263611116,36.31388888888889,488.975,60.00930531944445,7.793055555555555,11.532500000000002,0.0,36.31388888888889,-0.5255555555555556,173.80111263611116,36.31388888888889,-138.0127793027778,488.975,60.00930531944445,0.0,138.0127793027778,0.588833616666659,0.0,200.41641217263742,74.80999965555556,49.44097268133229,36.986791492608006,0.12,0.08,0,,0.0,173.80111263611116,-138.0127793027778,0.0,1528.764930555556,26116.183522061125,764.382465277778
2023-01-10 02:00:00,2,0,1,False,-0.5308333333333334,0.0,175.66722375555557,36.74444444444445,488.725,59.995750150000006,7.9375,11.859166666666667,0.0,36.74444444444445,-0.5308333333333334,175.66722375555557,36.74444444444445,-139.45361264444446,488.725,59.995750150000006,0.0,139.45361264444446,0.5949001800000076,0.0,202.56829307605577,74.80999965555556,49.435358770626856,36.98259172602861,0.12,0.08,0,,0.0,175.66722375555557,-139.45361264444446,0.0,1528.764930555556,26291.85074581668,764.382465277778
2023-01-10 03:00:00,3,0,1,False,-0.5105555555555555,0.0,176.83944601944447,37.0,487.7055555555556,59.988695030555554,7.708333333333333,11.741388888888888,0.0,37.0,-0.5105555555555555,176.83944601944447,37.0,-140.35000157500002,487.7055555555556,59.988695030555554,0.0,140.35000157500002,0.5864340366666653,0.0,203.9200253914258,74.80999965555556,49.45692800649511,36.99872767130735,0.12,0.08,0,,0.0,176.83944601944447,-140.35000157500002,0.0,1528.764930555556,26468.69019183612,764.382465277778
2023-01-10 04:00:00,4,0,1,False,-0.5097222222222222,0.0,174.83750158333334,37.0,488.6388888888889,60.00302746666667,7.511388888888889,11.529722222222222,0.0,37.0,-0.5097222222222222,174.83750158333334,37.0,-138.34722380555556,488.6388888888889,60.00302746666667,0.0,138.34722380555556,0.5963670399999926,0.0,201.61151012838255,74.80999965555556,49.4578144134486,36.999390792346205,0.12,0.08,0,,0.0,174.83750158333334,-138.34722380555556,0.0,1528.764930555556,26643.527693419455,764.382465277778
2023-01-10 05:00:00,5,0,1,False,-0.5333333333333333,0.0,175.66000151666668,35.87777777777778,490.025,59.99663905833333,7.719444444444444,11.779722222222222,0.0,35.87777777777778,-0.5333333333333333,175.66000151666668,35.87777777777778,-140.31555707222222,490.025,59.99663905833333,0.0,140.31555707222222,0.5959668699999952,0.0,202.55996484855476,74.80999965555556,49.43269954976638,36.980602362912045,0.12,0.08,0,,0.0,175.66000151666668,-140.31555707222222,0.0,1528.764930555556,26819.18769493612,764.382465277778
2023-01-10 06:00:00,6,0,1,False,-0.5016666666666667,0.0,178.33944593611113,35.727777777777774,488.5111111111111,59.98633339166667,8.060555555555554,12.3125,0.0,35.727777777777774,-0.5016666666666667,178.33944593611113,35.727777777777774,-143.11333482500004,488.5111111111111,59.98633339166667,0.0,143.11333482500004,0.5836000700000028,0.0,205.64973009237906,74.80999965555556,49.46638301399901,37.00580096238845,0.18,0.096,0,,0.0,178.33944593611113,-143.11333482500004,0.0,1528.764930555556,26997.527140872233,764.382465277778
2023-01-10 07:00:00,7,0,1,False,-0.5122222222222221,-0.005555555555555556,178.87083483333336,35.855555555555554,489.3388888888889,59.982528066666674,8.26611111111111,12.760833333333332,0.0,35.855555555555554,-0.5122222222222221,178.87083483333336,35.855555555555554,-143.52750150000003,489.3388888888889,59.982528066666674,0.0,143.52750150000003,0.5790336800000091,0.0,206.26249404212794,74.80999965555556,49.45515519258813,36.99740142922965,0.18,0.096,0,,0.0,178.87083483333336,-143.52750150000003,0.0,1528.764930555556,27176.397975705568,764.382465277778
2023-01-10 08:00:00,8,0,1,False,-0.5238888888888888,4.611111111111111,176.50833470833334,36.86666666666667,490.34166666666664,59.998916930555545,8.196944444444444,12.855833333333335,4.611111111111111,36.86666666666667,-0.5238888888888888,176.50833470833334,41.477777777777774,-135.55444581944445,490.34166666666664,59.998916930555545,0.0,135.55444581944445,0.5987003166666539,2.6046733286264065,203.53820884263533,74.80999965555556,49.44274549523927,36.98811773468571,0.18,0.096,0,,4.611111111111111,176.50833470833334,-135.55444581944445,2.3055555555555554,1533.376041666667,27352.906310413902,766.6880208333336
2023-01-10 09:00:00,9,0,1,False,-0.5119444444444444,19.775,175.10694594444448,37.0,489.275,60.00963814166667,8.084444444444443,12.594166666666666,19.775,37.0,-0.5119444444444444,175.10694594444448,56.775,-118.84389038888891,489.275,60.00963814166667,0.0,118.84389038888891,0.5884342299999957,11.260178193934841,201.9222162643502,74.80999965555556,49.45545066157263,36.99762246957593,0.18,0.096,0,,19.775,175.10694594444448,-118.84389038888891,9.8875,1553.1510416666672,27528.013256358347,776.5755208333336
2023-01-10 10:00:00,10,0,1,False,-0.5066666666666666,27.927777777777777,174.47722364722222,37.0,490.4111111111111,60.013721838888884,8.048333333333334,12.483888888888888,27.927777777777777,37.0,-0.5066666666666666,174.47722364722222,64.92777777777778,-110.0561125361111,490.4111111111111,60.013721838888884,0.0,110.0561125361111,0.5835337933333392,15.96019938045753,201.19606047880788,74.80999965555556,49.46106457227807,37.001822236155334,0.18,0.096,0,,27.927777777777777,174.47722364722222,-110.0561125361111,13.963888888888889,1581.078819444445,27702.49048000557,790.5394097222224
2023-01-10 11:00:00,11,0,1,False,-0.5111111111111111,31.980555555555554,174.34500140833336,37.0,492.0805555555556,60.01483310277777,8.062499999999998,12.381944444444446,31.980555555555554,37.0,-0.5111111111111111,174.34500140833336,68.98055555555555,-105.87555696388891,492.0805555555556,60.01483310277777,0.0,105.87555696388891,0.5822002766666742,18.28964117682716,201.04359018488626,74.80999965555556,49.45633706852612,36.998285590614785,0.12,0.08,0,,31.980555555555554,174.34500140833336,-105.87555696388891,15.990277777777777,1613.0593750000005,27876.835481413902,806.5296875000003
2023-01-10 12:00:00,12,0,1,False,-0.5163888888888889,32.88611111111111,175.6927792194445,37.0,493.09444444444443,60.00383306388889,8.205833333333334,12.447500000000002,32.88611111111111,37.0,-0.5163888888888889,175.6927792194445,69.88611111111112,-106.32305699722227,493.09444444444443,60.00383306388889,0.0,106.32305699722227,0.595400323333331,18.663110134481048,202.5977620150421,74.80999965555556,49.45072315782068,36.99408582403538,0.12,0.08,0,,32.88611111111111,175.6927792194445,-106.32305699722227,16.443055555555556,1645.9454861111117,28052.528260633346,822.9727430555558
2023-01-10 13:00:00,13,0,1,False,-0.5455555555555556,30.558333333333334,176.0938904388889,37.0,493.3222222222222,60.00136078055556,8.7975,12.61722222222222,30.558333333333334,37.0,-0.5455555555555556,176.0938904388889,67.55833333333334,-109.08111266111112,493.3222222222222,60.00136078055556,0.0,109.08111266111112,0.5983670633333303,17.29983535744017,203.0602980153239,74.80999965555556,49.41969891444853,36.97087658767554,0.12,0.08,0,,30.558333333333334,176.0938904388889,-109.08111266111112,15.279166666666667,1676.503819444445,28228.622151072235,838.2519097222225
2023-01-10 14:00:00,14,0,1,False,-0.543611111111111,24.552777777777777,176.4322237388889,37.0,493.9611111111111,59.999138908333336,9.430833333333334,12.666388888888887,24.552777777777777,37.0,-0.543611111111111,176.4322237388889,61.55277777777778,-115.42305707222222,493.9611111111111,59.999138908333336,0.0,115.42305707222222,0.5989666900000031,13.873519963100078,203.45044250333132,74.80999965555556,49.42176719734001,36.97242387009953,0.12,0.08,0,,24.552777777777777,176.4322237388889,-115.42305707222222,12.276388888888889,1701.0565972222228,28405.054374811123,850.5282986111114
2023-01-10 15:00:00,15,0,1,False,-0.5255555555555556,11.186111111111112,178.39944591111114,37.0,492.6638888888889,59.98483409722222,9.885,12.809722222222222,11.186111111111112,37.0,-0.5255555555555556,178.39944591111114,48.18611111111111,-130.73889035555558,492.6638888888889,59.98483409722222,0.0,130.73889035555558,0.5818009166666627,6.251843520702756,205.7189182554326,74.80999965555556,49.44097268133229,36.986791492608006,0.12,0.08,0,,11.186111111111112,178.39944591111114,-130.73889035555558,5.593055555555556,1712.242708333334,28583.453820722236,856.121354166667
2023-01-10 16:00:00,16,0,1,False,-0.5375,1.0166666666666666,178.64833485833336,37.0,491.81388888888887,59.98319471666667,10.165277777777778,12.878611111111114,1.0166666666666666,37.0,-0.5375,178.64833485833336,38.016666666666666,-141.16916819166667,491.81388888888887,59.98319471666667,0.0,141.16916819166667,0.5798336599999999,0.5673811590466715,206.0059211927276,74.80999965555556,49.428267514998936,36.977286757717785,0.12,0.08,0,,1.0166666666666666,178.64833485833336,-141.16916819166667,0.5083333333333333,1713.2593750000005,28762.10215558057,856.6296875000003
2023-01-10 17:00:00,17,0,1,False,-0.5613888888888889,-0.18333333333333332,178.57222351388893,37.0,492.23333333333335,59.98341682222223,10.205,12.813055555555552,0.0,37.0,-0.5613888888888889,178.57222351388893,37.0,-142.13361240277783,492.23333333333335,59.98341682222223,0.0,142.13361240277783,0.5801001866666781,0.0,205.91815442099738,74.80999965555556,49.40285718233222,36.95827728793734,0.12,0.08,0,,0.0,178.57222351388893,-142.13361240277783,0.0,1713.2593750000005,28940.67437909446,856.6296875000003
2023-01-10 18:00:00,18,0,1,False,-0.5391666666666667,0.0,176.54583491666668,37.0,490.97222222222223,59.99774983888888,10.200000000000001,12.753055555555557,0.0,37.0,-0.5391666666666667,176.54583491666668,37.0,-140.08500158333334,490.97222222222223,59.99774983888888,0.0,140.08500158333334,0.5972998066666548,0.0,203.5814517027983,74.80999965555556,49.426494701091954,36.975960515640075,0.18,0.096,0,,0.0,176.54583491666668,-140.08500158333334,0.0,1713.2593750000005,29117.220214011126,856.6296875000003
2023-01-10 19:00:00,19,0,1,False,-0.5461111111111111,0.0,175.5375014166667,37.0,491.0527777777778,60.004805274999995,10.200000000000001,12.659166666666664,0.0,37.0,-0.5461111111111111,175.5375014166667,37.0,-139.0836125277778,491.0527777777778,60.004805274999995,0.0,139.0836125277778,0.5942336700000055,0.0,202.41870550814886,74.80999965555556,49.41910797647954,36.97043450698297,0.18,0.096,0,,0.0,175.5375014166667,-139.0836125277778,0.0,1713.2593750000005,29292.757715427793,856.6296875000003
2023-01-10 20:00:00,20,0,1,False,-0.5363888888888889,0.0,176.34472378055557,37.0,491.27222222222224,59.99849981388889,10.143055555555554,12.538055555555555,0.0,37.0,-0.5363888888888889,176.34472378055557,37.0,-139.88111266944446,491.27222222222224,59.99849981388889,0.0,139.88111266944446,0.5981997766666695,0.0,203.3495431048842,74.80999965555556,49.429449390936924,36.97817091910292,0.18,0.096,0,,0.0,176.34472378055557,-139.88111266944446,0.0,1713.2593750000005,29469.10243920835,856.6296875000003
2023-01-10 21:00:00,21,0,1,False,-0.5416666666666666,0.0,175.60083492500002,37.00277777777778,493.025,60.00436074166666,9.977777777777778,12.40277777777778,0.0,37.00277777777778,-0.5416666666666666,175.60083492500002,37.00277777777778,-139.13972381388888,493.025,60.00436074166666,0.0,139.13972381388888,0.5947671100000093,0.0,202.49173769026757,74.80999965555556,49.42383548023149,36.97397115252352,0.18,0.096,0,,0.0,175.60083492500002,-139.13972381388888,0.0,1713.2593750000005,29644.70327413335,856.6296875000003
2023-01-10 22:00:00,22,0,1,False,-0.5377777777777778,0.0,176.06666820833334,37.0,490.10277777777776,60.00174985833334,9.810833333333333,12.238333333333333,0.0,37.0,-0.5377777777777778,176.06666820833334,37.0,-139.60444598611113,490.10277777777776,60.00174985833334,0.0,139.60444598611113,0.5979001699999912,0.0,203.02890706680503,74.80999965555556,49.42797204601444,36.9770657173715,0.18,0.096,0,,0.0,176.06666820833334,-139.60444598611113,0.0,1713.2593750000005,29820.76994234168,856.6296875000003
2023-01-10 23:00:00,23,0,1,False,-0.5202777777777778,0.0,176.16111269444445,37.0,486.18333333333334,60.00094440555555,9.599999999999998,12.059722222222222,0.0,37.0,-0.5202777777777778,176.16111269444445,37.0,-139.68139047222223,486.18333333333334,60.00094440555555,0.0,139.68139047222223,0.5988667133333393,0.0,203.1378144539258,74.80999965555556,49.44658659203773,36.99099125918741,0.12,0.08,0,,0.0,176.16111269444445,-139.68139047222223,0.0,1713.2593750000005,29996.931055036126,856.6296875000003
2023-01-11 00:00:00,0,0,2,False,-0.5133333333333334,0.0,176.77055699722226,37.0,486.06944444444446,59.99744450833334,9.312500000000002,11.822499999999998,0.0,37.0,-0.5133333333333334,176.77055699722226,37.0,-140.28389033055558,486.06944444444446,59.99744450833334,0.0,140.28389033055558,0.5969334100000054,0.0,203.84058694329136,74.80999965555556,49.45397331665015,36.99651726784452,0.12,0.08,0,,0.0,176.77055699722226,-140.28389033055558,0.0,1713.2593750000005,30173.70161203335,856.6296875000003
2023-01-11 01:00:00,1,0,2,False,-0.5302777777777778,0.0,176.30111246944446,37.0,487.5083333333333,59.99969427777778,9.06,11.622222222222222,0.0,37.0,-0.5302777777777778,176.30111246944446,37.0,-139.83139024722223,487.5083333333333,59.99969427777778,0.0,139.83139024722223,0.599633133333333,0.0,203.29925330886124,74.80999965555556,49.43594970859585,36.983033806721174,0.12,0.08,0,,0.0,176.30111246944446,-139.83139024722223,0.0,1713.2593750000005,30350.002724502796,856.6296875000003
2023-01-11 02:00:00,2,0,2,False,-0.525,0.0,176.9130571305556,37.0,488.6388888888889,59.994527991666665,8.776944444444444,11.386944444444445,0.0,37.0,-0.525,176.9130571305556,37.0,-140.4380571305556,488.6388888888889,59.994527991666665,0.0,140.4380571305556,0.593433589999998,0.0,204.00490905276243,74.80999965555556,49.441563619301284,36.98723357330057,0.12,0.08,0,,0.0,176.9130571305556,-140.4380571305556,0.0,1713.2593750000005,30526.91578163335,856.6296875000003
2023-01-11 03:00:00,3,0,2,False,-0.5166666666666667,0.0,177.2338902138889,37.00277777777778,488.975,59.994527891666664,8.47888888888889,11.143611111111111,0.0,37.00277777777778,-0.5166666666666667,177.2338902138889,37.00277777777778,-140.7477791027778,488.975,59.994527891666664,0.0,140.7477791027778,0.5934334699999965,0.0,204.37487340162468,74.80999965555556,49.450427688836186,36.9938647836891,0.12,0.08,0,,0.0,177.2338902138889,-140.7477791027778,0.0,1713.2593750000005,30704.149671847237,856.6296875000003
2023-01-11 04:00:00,4,0,2,False,-0.5344444444444445,0.0,178.07166813333336,37.0,488.6972222222222,59.988444636111105,8.181111111111111,10.882777777777779,0.0,37.0,-0.5344444444444445,178.07166813333336,37.0,-141.6061125777778,488.6972222222222,59.988444636111105,0.0,141.6061125777778,0.5861335633333254,0.0,205.3409457257073,74.80999965555556,49.431517673828395,36.97971820152691,0.12,0.08,0,,0.0,178.07166813333336,-141.6061125777778,0.0,1713.2593750000005,30882.22133998057,856.6296875000003
2023-01-11 05:00:00,5,0,2,False,-0.5275,0.0,178.9838903388889,37.00555555555555,487.45,59.98155624722224,7.880000000000001,10.660833333333333,0.0,37.00555555555555,-0.5275,178.9838903388889,37.00555555555555,-142.50583478333334,487.45,59.98155624722224,0.0,142.50583478333334,0.5778674966666841,0.0,206.392862475656,74.80999965555556,49.43890439844082,36.98524421018402,0.12,0.08,0,,0.0,178.9838903388889,-142.50583478333334,0.0,1713.2593750000005,31061.205230319458,856.6296875000003
2023-01-11 06:00:00,6,0,2,False,-0.5269444444444444,0.0,178.4530569888889,36.03611111111111,485.5027777777778,59.984972750000004,7.686944444444445,10.524166666666668,0.0,36.03611111111111,-0.5269444444444444,178.4530569888889,36.03611111111111,-142.94389032222222,485.5027777777778,59.984972750000004,0.0,142.94389032222222,0.5819673000000051,0.0,205.780739147704,74.80999965555556,49.439495336409806,36.98568629087658,0.18,0.096,0,,0.0,178.4530569888889,-142.94389032222222,0.0,1713.2593750000005,31239.658287308346,856.6296875000003
2023-01-11 07:00:00,7,0,2,False,-0.5180555555555556,-0.011111111111111112,175.60750145000003,36.46666666666667,485.5138888888889,60.00538876388888,7.9144444444444435,10.975833333333334,0.0,36.46666666666667,-0.5180555555555556,175.60750145000003,36.46666666666667,-139.6588903388889,485.5138888888889,60.00538876388888,0.0,139.6588903388889,0.5935334833333428,0.0,202.49942510378233,74.80999965555556,49.4489503439137,36.99275958195768,0.18,0.096,0,,0.0,175.60750145000003,-139.6588903388889,0.0,1713.2593750000005,31415.265788758345,856.6296875000003
2023-01-11 08:00:00,8,0,2,False,-0.5077777777777778,4.705555555555556,173.34472369722224,37.0,486.34444444444443,60.020971572222216,7.730555555555555,11.009722222222223,4.705555555555556,37.0,-0.5077777777777778,173.34472369722224,41.705555555555556,-132.14694591944448,486.34444444444443,60.020971572222216,0.0,132.14694591944448,0.5748341133333411,2.70663666937931,199.89013341469354,74.80999965555556,49.45988269634008,37.0009380747702,0.18,0.096,0,,4.705555555555556,173.34472369722224,-132.14694591944448,2.352777777777778,1717.964930555556,31588.610512455565,858.982465277778
2023-01-11 09:00:00,9,0,2,False,-0.5294444444444444,20.019444444444446,174.45833470833338,37.0,488.25555555555553,60.01308277777777,7.7269444444444435,10.836944444444445,20.019444444444446,37.0,-0.5294444444444444,174.45833470833338,57.019444444444446,-117.96833470833339,488.25555555555553,60.01308277777777,0.0,117.96833470833339,0.5843006666666781,11.440481467546329,201.17427895333648,74.80999965555556,49.43683611554934,36.98369692776003,0.18,0.096,0,,20.019444444444446,174.45833470833338,-117.96833470833339,10.009722222222223,1737.9843750000005,31763.068847163897,868.9921875000002
2023-01-11 10:00:00,10,0,2,False,-0.5161111111111112,28.175,173.25916809166668,37.0,489.6666666666667,60.021166344444445,7.828055555555554,10.885555555555559,28.175,37.0,-0.5161111111111112,173.25916809166668,65.175,-108.6002792027778,489.6666666666667,60.021166344444445,0.0,108.6002792027778,0.5746003866666655,16.21346841119023,199.79147612046435,74.80999965555556,49.45101862680518,36.99430686438167,0.18,0.096,0,,28.175,173.25916809166668,-108.6002792027778,14.0875,1766.1593750000004,31936.328015255564,883.0796875000002
2023-01-11 11:00:00,11,0,2,False,-0.5094444444444445,31.975,172.13750133333335,37.0,489.4194444444444,60.02933286388888,7.877222222222223,10.833333333333334,31.975,37.0,-0.5094444444444445,172.13750133333335,68.975,-103.6719457777778,489.4194444444444,60.02933286388888,0.0,103.6719457777778,0.5648005633333412,18.52045505696728,198.49804120541208,74.80999965555556,49.4581098824331,36.99961183269249,0.12,0.08,0,,31.975,172.13750133333335,-103.6719457777778,15.9875,1798.1343750000003,32108.465516588898,899.0671875000002
2023-01-11 12:00:00,12,0,2,False,-0.5047222222222222,32.53333333333333,172.50944601111115,37.0,489.4638888888889,60.02569397777777,8.0975,11.025,32.53333333333333,37.0,-0.5047222222222222,172.50944601111115,69.53333333333333,-103.48083490000005,489.4638888888889,60.02569397777777,0.0,103.48083490000005,0.5691672266666756,18.80385500536445,198.92694420100457,74.80999965555556,49.46313285516954,37.00336951857932,0.12,0.08,0,,32.53333333333333,172.50944601111115,-103.48083490000005,16.266666666666666,1830.6677083333336,32280.97496260001,915.3338541666668
2023-01-11 13:00:00,13,0,2,False,-0.5369444444444444,29.869444444444444,161.81861251944446,37.0,489.80833333333334,60.02291616388888,8.805277777777777,11.34138888888889,29.869444444444444,37.0,-0.5369444444444444,161.81861251944446,66.86944444444444,-95.48611251944446,489.80833333333334,60.02291616388888,0.0,95.48611251944446,0.5725006033333443,18.39754979935057,186.5989535510199,74.80999965555556,49.42885845296793,36.97772883841035,0.12,0.08,0,,29.869444444444444,161.81861251944446,-95.48611251944446,14.934722222222222,1860.5371527777781,32442.793575119453,930.2685763888891
2023-01-11 14:00:00,14,0,2,False,-0.5497222222222222,24.522222222222222,123.0836125027778,37.0,489.425,60.006416425000005,9.560555555555556,11.488055555555558,24.522222222222222,37.0,-0.5497222222222222,123.0836125027778,61.522222222222226,-62.11111250277779,489.425,60.006416425000005,0.0,62.11111250277779,0.5923002899999943,19.834636246581447,141.93220998936553,74.80999965555556,49.415266879681084,36.96756098248128,0.12,0.08,0,,24.522222222222222,123.0836125027778,-62.11111250277779,12.261111111111111,1885.0593750000003,32565.87718762223,942.5296875000001
2023-01-11 15:00:00,15,0,2,False,-0.5344444444444445,12.061111111111112,122.87666818333335,37.0,489.5777777777778,59.997250144444436,10.239166666666666,11.786111111111111,12.061111111111112,37.0,-0.5344444444444445,122.87666818333335,49.06111111111111,-74.3500015166667,489.5777777777778,59.997250144444436,0.0,74.3500015166667,0.5967001733333234,9.773115932832416,141.69357493465563,74.80999965555556,49.431517673828395,36.97971820152691,0.12,0.08,0,,12.061111111111112,122.87666818333335,-74.3500015166667,6.030555555555556,1897.1204861111114,32688.753855805564,948.5602430555557
2023-01-11 16:00:00,16,0,2,False,-0.533888888888889,1.525,121.38277924444446,37.0,488.85,59.99872226388889,10.665555555555555,12.01388888888889,1.525,37.0,-0.533888888888889,121.38277924444446,38.525,-83.39166813333335,488.85,59.99872226388889,0.0,83.39166813333335,0.598466716666664,1.2508543937012728,139.97091702542028,74.80999965555556,49.43210861179739,36.98016028221947,0.12,0.08,0,,1.525,121.38277924444446,-83.39166813333335,0.7625,1898.6454861111115,32810.13663505001,949.3227430555557
2023-01-11 17:00:00,17,0,2,False,-0.5227777777777778,-0.49166666666666664,121.60777911944446,37.0,486.99444444444447,59.997111269444446,10.767499999999998,11.9375,0.0,37.0,-0.5227777777777778,121.60777911944446,37.0,-85.13055689722223,486.99444444444447,59.997111269444446,0.0,85.13055689722223,0.5965335233333349,0.0,140.2303726008354,74.80999965555556,49.44392737117726,36.989001896070846,0.12,0.08,0,,0.0,121.60777911944446,-85.13055689722223,0.0,1898.6454861111115,32931.74441416946,949.3227430555557
2023-01-11 18:00:00,18,0,2,False,-0.48333333333333334,0.0,121.14416810833336,37.0,487.4972222222222,60.000610852777776,10.636666666666667,11.833888888888888,0.0,37.0,-0.48333333333333334,121.14416810833336,37.0,-84.6275014416667,487.4972222222222,60.000610852777776,0.0,84.6275014416667,0.5992669766666694,0.0,139.69576580758,74.80999965555556,49.485883966975784,37.02038962524321,0.18,0.096,0,,0.0,121.14416810833336,-84.6275014416667,0.0,1898.6454861111115,33052.88858227779,949.3227430555557
2023-01-11 19:00:00,19,0,2,False,-0.48583333333333334,0.0,119.62777923611112,37.0,488.56388888888887,60.01088845555556,10.303611111111111,11.698333333333332,0.0,37.0,-0.48583333333333334,119.62777923611112,37.0,-83.11361256944446,488.56388888888887,60.01088845555556,0.0,83.11361256944446,0.5869338533333291,0.0,137.94716240326468,74.80999965555556,49.48322474611532,37.018400262126654,0.18,0.096,0,,0.0,119.62777923611112,-83.11361256944446,0.0,1898.6454861111115,33172.5163615139,949.3227430555557
2023-01-11 20:00:00,20,0,2,False,-0.5266666666666666,0.0,120.18500143333335,37.0,489.225,60.006527294444446,10.035555555555554,11.486944444444445,0.0,37.0,-0.5266666666666666,120.18500143333335,37.0,-83.71166810000003,489.225,60.006527294444446,0.0,83.71166810000003,0.5921672466666649,0.0,138.58971567496928,74.80999965555556,49.4397908053943,36.98590733122286,0.18,0.096,0,,0.0,120.18500143333335,-83.71166810000003,0.0,1898.6454861111115,33292.701362947235,949.3227430555557
2023-01-11 21:00:00,21,0,2,False,-0.505,0.0,119.20889033888889,37.0,490.50555555555553,60.01461077222221,9.661944444444444,11.243055555555555,0.0,37.0,-0.505,119.20889033888889,37.0,-82.71389033888889,490.50555555555553,60.01461077222221,0.0,82.71389033888889,0.5824670733333448,0.0,137.4641263132944,74.80999965555556,49.46283738618504,37.00314847823304,0.18,0.096,0,,0.0,119.20889033888889,-82.71389033888889,0.0,1898.6454861111115,33411.91025328612,949.3227430555557
2023-01-11 22:00:00,22,0,2,False,-0.5219444444444444,0.0,119.1338902138889,37.0,491.28333333333336,60.01527743333334,9.278611111111111,10.985277777777778,0.0,37.0,-0.5219444444444444,119.1338902138889,37.0,-82.65583465833335,491.28333333333336,60.01527743333334,0.0,82.65583465833335,0.581667079999994,0.0,137.37764092929993,74.80999965555556,49.44481377813075,36.9896650171097,0.18,0.096,0,,0.0,119.1338902138889,-82.65583465833335,0.0,1898.6454861111115,33531.04414350001,949.3227430555557
2023-01-11 23:00:00,23,0,2,False,-0.5241666666666667,0.0,121.16361259444444,36.766666666666666,491.56666666666666,60.00150015555555,8.87111111111111,10.718333333333332,0.0,36.766666666666666,-0.5241666666666667,121.16361259444444,36.766666666666666,-84.92111259444445,491.56666666666666,60.00150015555555,0.0,84.92111259444445,0.5981998133333434,0.0,139.7181879548483,74.80999965555556,49.442450026254775,36.987896694339426,0.12,0.08,0,,0.0,121.16361259444444,-84.92111259444445,0.0,1898.6454861111115,33652.20775609445,949.3227430555557
2023-01-12 00:00:00,0,0,3,False,-0.5122222222222222,0.0,118.29083482500002,36.56388888888889,491.47222222222223,60.0208050611111,8.398333333333333,10.429722222222223,0.0,36.56388888888889,-0.5122222222222222,118.29083482500002,36.56388888888889,-82.23916815833334,491.47222222222223,60.0208050611111,0.0,82.23916815833334,0.5750339266666827,0.0,136.40548296240777,74.80999965555556,49.45515519258813,36.99740142922965,0.12,0.08,0,,0.0,118.29083482500002,-82.23916815833334,0.0,1898.6454861111115,33770.49859091945,949.3227430555557
2023-01-12 01:00:00,1,0,3,False,-0.49472222222222223,0.0,122.12722381388889,37.0,490.975,59.994222183333335,8.139722222222222,10.338055555555556,0.0,37.0,-0.49472222222222223,122.12722381388889,37.0,-85.62194603611111,490.975,59.994222183333335,0.0,85.62194603611111,0.5930666200000019,0.0,140.82936325402318,74.80999965555556,49.47376973861142,37.011326971045555,0.12,0.08,0,,0.0,122.12722381388889,-85.62194603611111,0.0,1898.6454861111115,33892.62581473334,949.3227430555557
2023-01-12 02:00:00,2,0,3,False,-0.52,0.0,121.95944601111113,36.74722222222222,489.86944444444447,59.99566679166667,7.983055555555556,10.345555555555556,0.0,36.74722222222222,-0.52,121.95944601111113,36.74722222222222,-85.7322237888889,489.86944444444447,59.99566679166667,0.0,85.7322237888889,0.5948001500000061,0.0,140.63589254048793,74.80999965555556,49.44688206102222,36.991212299533686,0.12,0.08,0,,0.0,121.95944601111113,-85.7322237888889,0.0,1898.6454861111115,34014.585260744454,949.3227430555557
2023-01-12 03:00:00,3,0,3,False,-0.5399999999999999,0.0,121.06750142500003,36.75277777777778,490.2416666666667,60.00138890833333,7.954722222222221,10.543888888888887,0.0,36.75277777777778,-0.5399999999999999,121.06750142500003,36.75277777777778,-84.85472364722226,490.2416666666667,60.00138890833333,0.0,84.85472364722226,0.598333310000001,0.0,139.6073586542897,74.80999965555556,49.42560829413846,36.97529739460122,0.12,0.08,0,,0.0,121.06750142500003,-84.85472364722226,0.0,1898.6454861111115,34135.652762169455,949.3227430555557
2023-01-12 04:00:00,4,0,3,False,-0.5291666666666667,0.0,122.57111262777778,37.0,490.2388888888889,59.991083822222215,7.874722222222224,10.624722222222221,0.0,37.0,-0.5291666666666667,122.57111262777778,37.0,-86.10027929444445,490.2388888888889,59.991083822222215,0.0,86.10027929444445,0.5893005866666584,0.0,141.34122766118287,74.80999965555556,49.43713158453384,36.98391796810631,0.12,0.08,0,,0.0,122.57111262777778,-86.10027929444445,0.0,1898.6454861111115,34258.22387479723,949.3227430555557
2023-01-12 05:00:00,5,0,3,False,-0.5305555555555556,0.0,119.73555698055559,37.0,488.98055555555555,60.01038827222222,7.603055555555557,10.532222222222222,0.0,37.0,-0.5305555555555556,119.73555698055559,37.0,-83.26611253611114,488.98055555555555,60.01038827222222,0.0,83.26611253611114,0.5875340733333331,0.0,138.07144485765176,74.80999965555556,49.43565423961135,36.98281276637489,0.12,0.08,0,,0.0,119.73555698055559,-83.26611253611114,0.0,1898.6454861111115,34377.95943177779,949.3227430555557
2023-01-12 06:00:00,6,0,3,False,-0.53,0.0,121.71722354722223,36.82222222222222,487.2055555555556,59.99594470000001,7.5952777777777785,10.583055555555555,0.0,36.82222222222222,-0.53,121.71722354722223,36.82222222222222,-85.42500132500001,487.2055555555556,59.99594470000001,0.0,85.42500132500001,0.5951336400000116,0.0,140.35657696866033,74.80999965555556,49.436245177580346,36.98325484706746,0.18,0.096,0,,0.0,121.71722354722223,-85.42500132500001,0.0,1898.6454861111115,34499.67665532501,949.3227430555557
2023-01-12 07:00:00,7,0,3,False,-0.52,-0.05277777777777778,121.48777941944446,37.0,486.53333333333336,59.998500119444444,7.4880555555555555,10.6375,0.0,37.0,-0.52,121.48777941944446,37.0,-85.00777941944446,486.53333333333336,59.998500119444444,0.0,85.00777941944446,0.5982001433333323,0.0,140.09199656301251,74.80999965555556,49.44688206102222,36.991212299533686,0.18,0.096,0,,0.0,121.48777941944446,-85.00777941944446,0.0,1898.6454861111115,34621.16443474446,949.3227430555557
2023-01-12 08:00:00,8,0,3,False,-0.5158333333333333,1.1388888888888888,121.36139032222223,37.0,486.3666666666667,59.999305469444444,7.225277777777778,10.42138888888889,1.1388888888888888,37.0,-0.5158333333333333,121.36139032222223,38.138888888888886,-83.73833476666668,486.3666666666667,59.999305469444444,0.0,83.73833476666668,0.5991665633333326,0.9344558849712316,139.94625267783928,74.80999965555556,49.45131409578968,36.99452790472795,0.18,0.096,0,,1.1388888888888888,121.36139032222223,-83.73833476666668,0.5694444444444444,1899.7843750000004,34742.52582506668,949.8921875000002
2023-01-12 09:00:00,9,0,3,False,-0.5058333333333334,5.508333333333334,122.41389030555557,37.0,486.7944444444444,59.993056063888886,7.1075,10.236944444444445,5.508333333333334,37.0,-0.5058333333333334,122.41389030555557,42.50833333333333,-80.41139030555556,486.7944444444444,59.993056063888886,0.0,80.41139030555556,0.5916672766666636,4.4812444823872255,141.15992885788236,74.80999965555556,49.46195097923156,37.00248535719419,0.18,0.096,0,,5.508333333333334,122.41389030555557,-80.41139030555556,2.754166666666667,1905.2927083333338,34864.93971537224,952.6463541666669
2023-01-12 10:00:00,10,0,3,False,-0.5163888888888889,17.622222222222224,123.04750139166669,37.00833333333333,486.8888888888889,59.98761178055556,7.107777777777779,10.194722222222223,17.622222222222224,37.00833333333333,-0.5163888888888889,123.04750139166669,54.63055555555556,-68.93333472500001,486.8888888888889,59.98761178055556,0.0,68.93333472500001,0.585134136666673,14.261627877052458,141.89056894795513,74.80999965555556,49.45072315782068,36.99408582403538,0.18,0.096,0,,17.622222222222224,123.04750139166669,-68.93333472500001,8.811111111111112,1922.914930555556,34987.987216763904,961.457465277778
2023-01-12 11:00:00,11,0,3,False,-0.5083333333333333,29.697222222222223,122.06277925277779,37.0,487.84166666666664,59.994694719444446,7.27611111111111,10.208333333333334,29.697222222222223,37.0,-0.5083333333333333,122.06277925277779,66.69722222222222,-55.8738903638889,487.84166666666664,59.994694719444446,0.0,55.8738903638889,0.5936336633333354,24.228565438988515,140.75504987635813,74.80999965555556,49.45929175837109,37.00049599407763,0.12,0.08,0,,29.697222222222223,122.06277925277779,-55.8738903638889,14.848611111111111,1952.6121527777784,35110.049996016685,976.3060763888892
2023-01-12 12:00:00,12,0,3,False,-0.5302777777777778,32.31666666666667,121.79027931944447,37.0,487.99444444444447,59.99605579444445,7.644722222222222,10.426388888888887,32.31666666666667,37.0,-0.5302777777777778,121.79027931944447,69.31666666666666,-53.00389043055558,487.99444444444447,59.99605579444445,0.0,53.00389043055558,0.595266953333342,26.419652945972842,140.4408202484369,74.80999965555556,49.43594970859585,36.983033806721174,0.12,0.08,0,,32.31666666666667,121.79027931944447,-53.00389043055558,16.158333333333335,1984.928819444445,35231.84027533613,992.4644097222225
2023-01-12 13:00:00,13,0,3,False,-0.5297222222222222,29.769444444444446,121.65972380555557,37.0,488.025,59.996166772222224,8.311388888888887,10.683055555555557,29.769444444444446,37.0,-0.5297222222222222,121.65972380555557,66.76944444444445,-55.420001583333345,488.025,59.996166772222224,0.0,55.420001583333345,0.5954001266666694,24.36335167415101,140.29027191600042,74.80999965555556,49.43654064656484,36.98347588741374,0.12,0.08,0,,29.769444444444446,121.65972380555557,-55.420001583333345,14.884722222222223,2014.6982638888894,35353.499999141684,1007.3491319444447
2023-01-12 14:00:00,14,0,3,False,-0.5561111111111111,24.194444444444443,120.10555697222223,37.0,488.48055555555555,60.00788877499999,8.989722222222223,10.814722222222223,24.194444444444443,37.0,-0.5561111111111111,120.10555697222223,61.19444444444444,-59.4672236388889,488.48055555555555,60.00788877499999,0.0,59.4672236388889,0.5905334700000111,20.05147519403998,138.49810536464742,74.80999965555556,49.40847109303766,36.96247705451674,0.12,0.08,0,,24.194444444444443,120.10555697222223,-59.4672236388889,12.097222222222221,2038.8927083333338,35473.60555611391,1019.4463541666669
2023-01-12 15:00:00,15,0,3,False,-0.5430555555555556,9.416666666666666,119.54666817500001,37.0,488.0777777777778,60.01113828611111,9.455277777777779,10.971944444444446,9.416666666666666,37.0,-0.5430555555555556,119.54666817500001,46.416666666666664,-73.6730570638889,488.0777777777778,60.01113828611111,0.0,73.6730570638889,0.586634056666665,7.841359255513629,137.85363027559964,74.80999965555556,49.422358135309004,36.9728659507921,0.12,0.08,0,,9.416666666666666,119.54666817500001,-73.6730570638889,4.708333333333333,2048.3093750000003,35593.152224288904,1024.1546875000001
2023-01-12 16:00:00,16,0,3,False,-0.5077777777777778,1.1666666666666667,122.03527939444446,37.0,486.93888888888887,59.99369456944444,9.643611111111111,11.034722222222221,1.1666666666666667,37.0,-0.5077777777777778,122.03527939444446,38.166666666666664,-84.37639050555556,486.93888888888887,59.99369456944444,0.0,84.37639050555556,0.5924334833333319,0.9520463203615291,140.72333878510662,74.80999965555556,49.45988269634008,37.0009380747702,0.12,0.08,0,,1.1666666666666667,122.03527939444446,-84.37639050555556,0.5833333333333334,2049.476041666667,35715.18750368335,1024.7380208333334
2023-01-12 17:00:00,17,0,3,False,-0.5338888888888889,-0.24722222222222223,122.65333482500003,37.0,487.10833333333335,59.99019480555556,9.596944444444443,10.919166666666667,0.0,37.0,-0.5338888888888889,122.65333482500003,37.0,-86.18722371388893,487.10833333333335,59.99019480555556,0.0,86.18722371388893,0.5882337666666728,0.0,141.43604108048896,74.80999965555556,49.43210861179739,36.98016028221947,0.12,0.08,0,,0.0,122.65333482500003,-86.18722371388893,0.0,2049.476041666667,35837.84083850835,1024.7380208333334
2023-01-12 18:00:00,18,0,3,False,-0.5058333333333334,0.0,121.59805714722225,37.0,486.15555555555557,59.99750004999999,9.45388888888889,10.839722222222223,0.0,37.0,-0.5058333333333334,121.59805714722225,37.0,-85.10389048055558,486.15555555555557,59.99750004999999,0.0,85.10389048055558,0.5970000599999906,0.0,140.21916183950904,74.80999965555556,49.46195097923156,37.00248535719419,0.18,0.096,0,,0.0,121.59805714722225,-85.10389048055558,0.0,2049.476041666667,35959.43889565558,1024.7380208333334
2023-01-12 19:00:00,19,0,3,False,-0.5119444444444444,0.0,120.35333486666667,37.0,486.52777777777777,60.006499758333334,9.30638888888889,10.747777777777777,0.0,37.0,-0.5119444444444444,120.35333486666667,37.0,-83.86527931111111,486.52777777777777,60.006499758333334,0.0,83.86527931111111,0.5922002899999995,0.0,138.78382710639607,74.80999965555556,49.45545066157263,36.99762246957593,0.18,0.096,0,,0.0,120.35333486666667,-83.86527931111111,0.0,2049.476041666667,36079.792230522246,1024.7380208333334
2023-01-12 20:00:00,20,0,3,False,-0.5213888888888889,0.0,120.74694596944444,37.0,487.34722222222223,60.00377755277778,9.094166666666666,10.572499999999998,0.0,37.0,-0.5213888888888889,120.74694596944444,37.0,-84.26833485833333,487.34722222222223,60.00377755277778,0.0,84.26833485833333,0.5954669366666678,0.0,139.23771444816012,74.80999965555556,49.445404716099745,36.99010709780227,0.18,0.096,0,,0.0,120.74694596944444,-84.26833485833333,0.0,2049.476041666667,36200.53917649169,1024.7380208333334
2023-01-12 21:00:00,21,0,3,False,-0.5005555555555555,0.0,120.27722368888891,37.0,488.7083333333333,60.00730533055555,8.813055555555556,10.405833333333334,0.0,37.0,-0.5005555555555555,120.27722368888891,37.0,-83.77777924444446,488.7083333333333,60.00730533055555,0.0,83.77777924444446,0.5912336033333361,0.0,138.6960605268553,74.80999965555556,49.467564889936995,37.006685123773586,0.18,0.096,0,,0.0,120.27722368888891,-83.77777924444446,0.0,2049.476041666667,36320.816400180585,1024.7380208333334
2023-01-12 22:00:00,22,0,3,False,-0.5125,0.0,118.36750150833335,37.0,490.05,60.02044413888888,8.510000000000002,10.205833333333333,0.0,37.0,-0.5125,118.36750150833335,37.0,-81.88000150833335,490.05,60.02044413888888,0.0,81.88000150833335,0.5754670333333479,0.0,136.49389011569806,74.80999965555556,49.45485972360363,36.997180388883365,0.18,0.096,0,,0.0,118.36750150833335,-81.88000150833335,0.0,2049.476041666667,36439.18390168892,1024.7380208333334
2023-01-12 23:00:00,23,0,3,False,-0.5255555555555556,0.0,119.51000164166669,37.0,491.25,60.01225023333333,8.176944444444445,9.99138888888889,0.0,37.0,-0.5255555555555556,119.51000164166669,37.0,-83.03555719722225,491.25,60.01225023333333,0.0,83.03555719722225,0.5852997200000004,0.0,137.81134875653447,74.80999965555556,49.44097268133229,36.986791492608006,0.12,0.08,0,,0.0,119.51000164166669,-83.03555719722225,0.0,2049.476041666667,36558.69390333059,1024.7380208333334
2023-01-13 00:00:00,0,0,4,False,-0.518888888888889,0.0,120.17000157500001,36.72222222222222,488.39444444444445,60.00755527222221,7.819444444444445,9.7525,0.0,36.72222222222222,-0.518888888888889,120.17000157500001,36.72222222222222,-83.96666824166668,488.39444444444445,60.00755527222221,0.0,83.96666824166668,0.5909336733333447,0.0,138.5724187903598,74.80999965555556,49.44806393696021,36.99209646091883,0.12,0.08,0,,0.0,120.17000157500001,-83.96666824166668,0.0,2049.476041666667,36678.86390490559,1024.7380208333334
2023-01-13 01:00:00,1,0,4,False,-0.5108333333333334,0.0,122.00389020555558,36.33888888888889,488.025,59.99475034166667,7.848333333333333,9.968055555555555,0.0,36.33888888888889,-0.5108333333333334,122.00389020555558,36.33888888888889,-86.17583465000003,488.025,59.99475034166667,0.0,86.17583465000003,0.5937004100000081,0.0,140.68714276470894,74.80999965555556,49.456632537510615,36.99850663096107,0.12,0.08,0,,0.0,122.00389020555558,-86.17583465000003,0.0,2049.476041666667,36800.867795111146,1024.7380208333334
2023-01-13 02:00:00,2,0,4,False,-0.5330555555555555,0.0,121.29722376388891,37.0,488.4277777777778,59.99966640555556,7.571111111111111,9.939166666666667,0.0,37.0,-0.5330555555555555,121.29722376388891,37.0,-84.83027931944446,488.4277777777778,59.99966640555556,0.0,84.83027931944446,0.5995996866666701,0.0,139.87225987533316,74.80999965555556,49.43299501875088,36.98082340325833,0.12,0.08,0,,0.0,121.29722376388891,-84.83027931944446,0.0,2049.476041666667,36922.165018875035,1024.7380208333334
2023-01-13 03:00:00,3,0,4,False,-0.5597222222222222,0.0,121.10000141666669,36.81944444444444,488.03055555555557,60.000832961111115,7.459166666666667,9.912222222222221,0.0,36.81944444444444,-0.5597222222222222,121.10000141666669,36.81944444444444,-84.84027919444446,488.03055555555557,60.000832961111115,0.0,84.84027919444446,0.5990004466666619,0.0,139.6448355819496,74.80999965555556,49.4046299962392,36.959603530015045,0.12,0.08,0,,0.0,121.10000141666669,-84.84027919444446,0.0,2049.476041666667,37043.2650202917,1024.7380208333334
2023-01-13 04:00:00,4,0,4,False,-0.5336111111111111,0.0,121.73916810000001,37.0,488.18611111111113,59.996139324999994,7.537777777777777,10.185277777777777,0.0,37.0,-0.5336111111111111,121.73916810000001,37.0,-85.27277921111113,488.18611111111113,59.996139324999994,0.0,85.27277921111113,0.5953671899999932,0.0,140.38188203413287,74.80999965555556,49.432404080781886,36.98038132256576,0.12,0.08,0,,0.0,121.73916810000001,-85.27277921111113,0.0,2049.476041666667,37165.0041883917,1024.7380208333334
2023-01-13 05:00:00,5,0,4,False,-0.5236111111111111,0.0,122.68361258611112,37.0,486.0416666666667,59.981333208333325,7.60361111111111,10.405000000000001,0.0,37.0,-0.5236111111111111,122.68361258611112,37.0,-86.20722369722223,486.0416666666667,59.981333208333325,0.0,86.20722369722223,0.57759984999999,0.0,141.47095547291414,74.80999965555556,49.44304096422377,36.98833877503199,0.12,0.08,0,,0.0,122.68361258611112,-86.20722369722223,0.0,2049.476041666667,37287.68780097781,1024.7380208333334
2023-01-13 06:00:00,6,0,4,False,-0.4991666666666667,0.0,119.4163902888889,36.15833333333333,485.5527777777778,59.976333566666675,7.665277777777778,10.641111111111112,0.0,36.15833333333333,-0.4991666666666667,119.4163902888889,36.15833333333333,-83.75722362222224,485.5527777777778,59.976333566666675,0.0,83.75722362222224,0.5716002800000097,0.0,137.70340208589587,74.80999965555556,49.46904223485948,37.007790325505006,0.18,0.096,0,,0.0,119.4163902888889,-83.75722362222224,0.0,2049.476041666667,37407.1041912667,1024.7380208333334
2023-01-13 07:00:00,7,0,4,False,-0.4963888888888889,-0.03611111111111111,116.39861269444445,36.46944444444444,488.1777777777778,59.986333727777776,7.816388888888888,11.027777777777779,0.0,36.46944444444444,-0.4963888888888889,116.39861269444445,36.46944444444444,-80.42555713888889,488.1777777777778,59.986333727777776,0.0,80.42555713888889,0.5836004733333311,0.0,134.22349249820624,74.80999965555556,49.47199692470444,37.010000728967846,0.18,0.096,0,,0.0,116.39861269444445,-80.42555713888889,0.0,2049.476041666667,37523.50280396114,1024.7380208333334
2023-01-13 08:00:00,8,0,4,False,-0.4783333333333333,5.247222222222222,115.38527939444445,37.0,489.175,60.00291652222222,7.674444444444445,11.104444444444445,5.247222222222222,37.0,-0.4783333333333333,115.38527939444445,42.24722222222222,-73.61639050555557,489.175,60.00291652222222,0.0,73.61639050555557,0.5965001733333338,4.528792170973125,133.05498085152726,74.80999965555556,49.49120240869673,37.024368351476326,0.18,0.096,0,,5.247222222222222,115.38527939444445,-73.61639050555557,2.623611111111111,2054.723263888889,37638.88808335559,1027.3616319444445
2023-01-13 09:00:00,9,0,4,False,-0.518888888888889,21.091666666666665,196.37972375555555,37.0,489.97222222222223,60.02130495277777,7.500277777777778,10.834166666666667,21.091666666666665,37.0,-0.518888888888889,196.37972375555555,58.09166666666667,-138.80694597777776,489.97222222222223,60.02130495277777,0.0,138.80694597777776,0.5744340566666778,10.711942752361377,226.45263348195982,74.80999965555556,49.44806393696021,36.99209646091883,0.18,0.096,0,,21.091666666666665,196.37972375555555,-138.80694597777776,10.545833333333333,2075.8149305555557,37835.267807111144,1037.9074652777779
2023-01-13 10:00:00,10,0,4,False,-0.5172222222222221,29.852777777777778,204.8619459111111,37.0,490.8277777777778,60.00391648333334,7.370277777777777,10.730555555555556,29.852777777777778,37.0,-0.5172222222222221,204.8619459111111,66.85277777777777,-138.52639035555555,490.8277777777778,60.00391648333334,0.0,138.52639035555555,0.59530021999999,14.5354458532022,236.23379371668713,74.80999965555556,49.44983675086719,36.99342270299653,0.18,0.096,0,,29.852777777777778,204.8619459111111,-138.52639035555555,14.926388888888889,2105.6677083333334,38040.12975302226,1052.8338541666667
2023-01-13 11:00:00,11,0,4,False,-0.5247222222222222,33.40833333333333,226.4205570388889,37.0,491.10833333333335,60.004027505555555,7.292222222222221,10.579999999999998,33.40833333333333,37.0,-0.5247222222222222,226.4205570388889,70.40833333333333,-156.53694592777777,491.10833333333335,60.004027505555555,0.0,156.53694592777777,0.5951669933333334,14.720876081716373,261.0938157736265,74.80999965555556,49.44185908828578,36.98745461364686,0.12,0.08,0,,33.40833333333333,226.4205570388889,-156.53694592777777,16.704166666666666,2139.0760416666667,38266.550310061146,1069.5380208333333
2023-01-13 12:00:00,12,0,4,False,-0.49777777777777776,34.08888888888889,228.5080570388889,37.0,491.14722222222224,60.004527616666664,7.366111111111111,10.641111111111112,34.08888888888889,37.0,-0.49777777777777776,228.5080570388889,71.08888888888889,-157.9169459277778,491.14722222222224,60.004527616666664,0.0,157.9169459277778,0.5945668600000032,14.88559840240715,263.50098828285155,74.80999965555556,49.47051957978196,37.008895527236426,0.12,0.08,0,,34.08888888888889,228.5080570388889,-157.9169459277778,17.044444444444444,2173.1649305555557,38495.058367100035,1086.5824652777778
2023-01-13 13:00:00,13,0,4,False,-0.525,32.17777777777778,229.9822236972222,37.0,490.975,60.00191658333333,7.775833333333334,10.789444444444444,32.17777777777778,37.0,-0.525,229.9822236972222,69.17777777777778,-161.32944591944442,490.975,60.00191658333333,0.0,161.32944591944442,0.5977001000000001,13.959552877199286,265.20090370989647,74.80999965555556,49.441563619301284,36.98723357330057,0.12,0.08,0,,32.17777777777778,229.9822236972222,-161.32944591944442,16.08888888888889,2205.3427083333336,38725.04059079726,1102.6713541666668
2023-01-13 14:00:00,14,0,4,False,-0.5291666666666667,26.2,234.91444568611115,37.00277777777778,491.27777777777777,59.982889347222226,8.154166666666667,10.78361111111111,26.2,37.00277777777778,-0.5291666666666667,234.91444568611115,63.20277777777778,-172.24083457500004,491.27777777777777,59.982889347222226,0.0,172.24083457500004,0.5794672166666714,11.127929841962809,270.88842906608755,74.80999965555556,49.43713158453384,36.98391796810631,0.12,0.08,0,,26.2,234.91444568611115,-172.24083457500004,13.1,2231.5427083333334,38959.95503648337,1115.7713541666667
2023-01-13 15:00:00,15,0,4,False,-0.5575,13.030555555555555,233.2158349083333,37.0,490.9583333333333,59.991500480555565,8.431666666666668,10.844444444444445,13.030555555555555,37.0,-0.5575,233.2158349083333,50.03055555555555,-183.74277935277775,490.9583333333333,59.991500480555565,0.0,183.74277935277775,0.5898005766666784,5.574012776378053,268.9296989256611,74.80999965555556,49.40699374811518,36.96137185278532,0.12,0.08,0,,13.030555555555555,233.2158349083333,-183.74277935277775,6.5152777777777775,2244.573263888889,39193.1708713917,1122.2866319444445
2023-01-13 16:00:00,16,0,4,False,-0.5197222222222223,1.4055555555555554,234.4744459111111,37.0,491.5833333333333,59.98694461944445,8.588888888888887,10.8625,1.4055555555555554,37.0,-0.5197222222222223,234.4744459111111,38.40555555555556,-196.58861257777775,491.5833333333333,59.98694461944445,0.0,196.58861257777775,0.5843335433333408,0.5981235903514242,270.3810492517425,74.80999965555556,49.44717753000672,36.991433339879976,0.12,0.08,0,,1.4055555555555554,234.4744459111111,-196.58861257777775,0.7027777777777777,2245.9788194444445,39427.64531730281,1122.9894097222223
2023-01-13 17:00:00,17,0,4,False,-0.5444444444444444,-0.4777777777777778,237.9988903222222,37.0,490.0527777777778,59.98450003333334,8.53111111111111,10.778611111111111,0.0,37.0,-0.5444444444444444,237.9988903222222,37.0,-201.54333476666665,490.0527777777778,59.98450003333334,0.0,201.54333476666665,0.5814000400000082,0.0,274.445214854961,74.80999965555556,49.42088079038652,36.97176074906068,0.12,0.08,0,,0.0,237.9988903222222,-201.54333476666665,0.0,2245.9788194444445,39665.64420762504,1122.9894097222223
2023-01-13 18:00:00,18,0,4,False,-0.5422222222222222,0.0,236.89861248611112,37.0,488.60833333333335,59.99325029722222,8.485555555555557,10.664722222222222,0.0,37.0,-0.5422222222222222,236.89861248611112,37.0,-200.44083470833334,488.60833333333335,59.99325029722222,0.0,200.44083470833334,0.5919003566666617,0.0,273.17644428748974,74.80999965555556,49.423244542262495,36.97352907183095,0.18,0.096,0,,0.0,236.89861248611112,-200.44083470833334,0.0,2245.9788194444445,39902.54282011115,1122.9894097222223
2023-01-13 19:00:00,19,0,4,False,-0.5369444444444444,0.0,235.53333495833334,37.0,488.21944444444443,59.996722375,8.371111111111112,10.525277777777777,0.0,37.0,-0.5369444444444444,235.53333495833334,37.0,-199.0702794027778,488.21944444444443,59.996722375,0.0,199.0702794027778,0.5960668499999968,0.0,271.60209289475705,74.80999965555556,49.42885845296793,36.97772883841035,0.18,0.096,0,,0.0,235.53333495833334,-199.0702794027778,0.0,2245.9788194444445,40138.07615506948,1122.9894097222223
2023-01-13 20:00:00,20,0,4,False,-0.5399999999999999,0.0,234.98111276944445,37.0,487.1611111111111,59.998861077777775,8.18,10.358611111111113,0.0,37.0,-0.5399999999999999,234.98111276944445,37.0,-198.52111276944444,487.1611111111111,59.998861077777775,0.0,198.52111276944444,0.5986332933333302,0.0,270.9653053153188,74.80999965555556,49.42560829413846,36.97529739460122,0.18,0.096,0,,0.0,234.98111276944445,-198.52111276944444,0.0,2245.9788194444445,40373.05726783892,1122.9894097222223
2023-01-13 21:00:00,21,0,4,False,-0.5563888888888889,0.0,233.3797237972222,37.0,488.52777777777777,60.010305325,7.970833333333333,10.202777777777778,0.0,37.0,-0.5563888888888889,233.3797237972222,37.0,-196.93611268611107,488.52777777777777,60.010305325,0.0,196.93611268611107,0.5876336100000031,0.0,269.11868519052376,74.80999965555556,49.408175624053165,36.96225601417046,0.18,0.096,0,,0.0,233.3797237972222,-196.93611268611107,0.0,2245.9788194444445,40606.43699163615,1122.9894097222223
2023-01-13 22:00:00,22,0,4,False,-0.5508333333333334,0.0,234.37944596111112,37.0,489.5722222222222,60.00149969444445,7.75611111111111,10.032222222222222,0.0,37.0,-0.5508333333333334,234.37944596111112,37.0,-197.93027929444446,489.5722222222222,60.00149969444445,0.0,197.93027929444446,0.5982003666666628,0.0,270.2715013389196,74.80999965555556,49.4140850037431,36.966676821096144,0.18,0.096,0,,0.0,234.37944596111112,-197.93027929444446,0.0,2245.9788194444445,40840.816437597256,1122.9894097222223
2023-01-13 23:00:00,23,0,4,False,-0.555,0.0,231.30027933611112,37.0,489.69444444444446,60.024666291666655,7.504166666666666,9.821944444444444,0.0,37.0,-0.555,231.30027933611112,37.0,-194.85527933611112,489.69444444444446,60.024666291666655,0.0,194.85527933611112,0.5704004500000138,0.0,266.72080181747134,74.80999965555556,49.40965296897564,36.96336121590188,0.12,0.08,0,,0.0,231.30027933611112,-194.85527933611112,0.0,2245.9788194444445,41072.116716933364,1122.9894097222223
2023-01-14 00:00:00,0,0,5,True,-0.5186111111111111,0.0,235.45833487500002,37.0,490.375,60.00366648611111,7.274166666666666,9.680833333333332,0.0,37.0,-0.5186111111111111,235.45833487500002,37.0,-198.97694598611113,490.375,60.00366648611111,0.0,198.97694598611113,0.5956002166666706,0.0,271.51560755880996,74.80999965555556,49.44835940594471,36.99231750126511,0.12,0.08,0,,0.0,235.45833487500002,-198.97694598611113,0.0,2245.9788194444445,41307.575051808366,1122.9894097222223
2023-01-14 01:00:00,1,0,5,True,-0.5513888888888889,0.0,235.9044460861111,37.0,491.59722222222223,60.000027816666666,7.132222222222223,9.617222222222221,0.0,37.0,-0.5513888888888889,235.9044460861111,37.0,-199.455834975,491.59722222222223,60.000027816666666,0.0,199.455834975,0.5999666200000007,0.0,272.0300346933938,74.80999965555556,49.4134940657741,36.96623474040357,0.12,0.08,0,,0.0,235.9044460861111,-199.455834975,0.0,2245.9788194444445,41543.47949789448,1122.9894097222223
2023-01-14 02:00:00,2,0,5,True,-0.5372222222222223,0.0,237.23805688055552,37.0,492.77222222222224,59.98444505555556,6.875277777777776,9.414444444444444,0.0,37.0,-0.5372222222222223,237.23805688055552,37.0,-200.77527910277774,492.77222222222224,59.98444505555556,0.0,200.77527910277774,0.5813340666666732,0.0,273.5678700190908,74.80999965555556,49.42856298398343,36.97750779806407,0.12,0.08,0,,0.0,237.23805688055552,-200.77527910277774,0.0,2245.9788194444445,41780.71755477503,1122.9894097222223
2023-01-14 03:00:00,3,0,5,True,-0.5305555555555556,0.0,237.2338904222222,37.0,492.8222222222222,59.983472825,6.883055555555556,9.452500000000002,0.0,37.0,-0.5305555555555556,237.2338904222222,37.0,-200.76444597777777,492.8222222222222,59.983472825,0.0,200.76444597777777,0.5801673899999997,0.0,273.5630655237802,74.80999965555556,49.43565423961135,36.98281276637489,0.12,0.08,0,,0.0,237.2338904222222,-200.76444597777777,0.0,2245.9788194444445,42017.95144519725,1122.9894097222223
2023-01-14 04:00:00,4,0,5,True,-0.5452777777777778,0.0,235.8786124527778,37.0,492.3722222222222,59.989861608333335,6.883333333333334,9.542222222222222,0.0,37.0,-0.5452777777777778,235.8786124527778,37.0,-199.42389023055557,492.3722222222222,59.989861608333335,0.0,199.42389023055557,0.5878339300000022,0.0,272.00024498705926,74.80999965555556,49.41999438343303,36.97109762802182,0.12,0.08,0,,0.0,235.8786124527778,-199.42389023055557,0.0,2245.9788194444445,42253.830057650026,1122.9894097222223
2023-01-14 05:00:00,5,0,5,True,-0.5463888888888888,0.0,237.77500145833332,37.0,489.85833333333335,59.97988928888889,6.981388888888888,9.731944444444444,0.0,37.0,-0.5463888888888888,237.77500145833332,37.0,-201.3213903472222,489.85833333333335,59.97988928888889,0.0,201.3213903472222,0.5758671466666697,0.0,274.18704042704485,74.80999965555556,49.41881250749504,36.970213466636686,0.12,0.08,0,,0.0,237.77500145833332,-201.3213903472222,0.0,2245.9788194444445,42491.60505910836,1122.9894097222223
2023-01-14 06:00:00,6,0,5,True,-0.5436111111111112,0.0,237.198334775,37.0,487.8027777777778,59.98408334444444,7.0055555555555555,9.86027777777778,0.0,37.0,-0.5436111111111112,237.198334775,37.0,-200.74194588611113,487.8027777777778,59.98408334444444,0.0,200.74194588611113,0.5809000133333313,0.0,273.52206500807193,74.80999965555556,49.42176719734001,36.97242387009953,0.18,0.096,0,,0.0,237.198334775,-200.74194588611113,0.0,2245.9788194444445,42728.80339388336,1122.9894097222223
2023-01-14 07:00:00,7,0,5,True,-0.5219444444444444,-0.025,228.8480569611111,37.0,488.46944444444443,59.99030577777778,7.064166666666668,9.972222222222221,0.0,37.0,-0.5219444444444444,228.8480569611111,37.0,-192.37000140555554,488.46944444444443,59.99030577777778,0.0,192.37000140555554,0.588366933333333,0.0,263.8930546138274,74.80999965555556,49.44481377813075,36.9896650171097,0.18,0.096,0,,0.0,228.8480569611111,-192.37000140555554,0.0,2245.9788194444445,42957.651450844474,1122.9894097222223
2023-01-14 08:00:00,8,0,5,True,-0.5,5.322222222222222,-0.7299999999999999,37.0,479.8611111111111,60.0083053111111,7.01,10.061944444444444,5.322222222222222,37.0,-0.5,0.0,42.32222222222222,41.82222222222222,479.8611111111111,60.0083053111111,41.82222222222222,0.0,0.5900336266666784,12.575479128380152,0.0,74.80999965555556,49.46815582790599,37.00712720446616,0.18,0.096,0,,5.322222222222222,0.0,41.82222222222222,2.661111111111111,2251.3010416666666,42957.651450844474,1125.6505208333333
2023-01-14 09:00:00,9,0,5,True,-0.48444444444444446,21.144444444444446,-0.7255555555555557,37.0,480.93888888888887,60.03411073611111,6.996388888888888,9.91777777777778,21.144444444444446,37.0,-0.48444444444444446,0.0,58.144444444444446,57.660000000000004,480.93888888888887,60.03411073611111,57.660000000000004,0.0,0.5590671166666681,36.365373590674565,0.0,74.80999965555556,49.4847020910378,37.019505463858074,0.18,0.096,0,,21.144444444444446,0.0,57.660000000000004,10.572222222222223,2272.445486111111,42957.651450844474,1136.2227430555556
2023-01-14 10:00:00,10,0,5,True,-0.5027777777777778,29.677777777777777,-0.7286111111111111,37.0,481.89444444444445,60.019721597222215,6.966111111111112,9.877777777777778,29.677777777777777,37.0,-0.5027777777777778,0.0,66.67777777777778,66.175,481.89444444444445,60.019721597222215,66.175,0.0,0.5763340833333416,44.509248458590235,0.0,74.80999965555556,49.46520113806102,37.00491680100331,0.18,0.096,0,,29.677777777777777,0.0,66.175,14.838888888888889,2302.123263888889,42957.651450844474,1151.0616319444446
2023-01-14 11:00:00,11,0,5,True,-0.5052777777777778,33.90277777777778,-0.7330555555555555,37.0,483.1277777777778,60.01044440555556,7.012222222222222,9.804444444444442,33.90277777777778,37.0,-0.5052777777777778,0.0,70.90277777777777,70.3975,483.1277777777778,60.01044440555556,70.3975,0.0,0.5874667133333276,47.81586679725759,0.0,74.80999965555556,49.46254191720055,37.002927437886754,0.12,0.08,0,,33.90277777777778,0.0,70.3975,16.95138888888889,2336.026041666667,42957.651450844474,1168.0130208333335
2023-01-14 12:00:00,12,0,5,True,-0.511388888888889,34.205555555555556,-0.7330555555555555,37.0,482.23333333333335,59.99616673333334,7.171666666666667,9.946111111111112,34.205555555555556,37.0,-0.511388888888889,0.0,71.20555555555555,70.69416666666666,482.23333333333335,59.99616673333334,70.69416666666666,0.0,0.5954000800000073,48.03776234688305,0.0,74.80999965555556,49.45604159954162,36.9980645502685,0.12,0.08,0,,34.205555555555556,0.0,70.69416666666666,17.102777777777778,2370.2315972222227,42957.651450844474,1185.1157986111114
2023-01-14 13:00:00,13,0,5,True,-0.5125,31.375,-0.7644444444444444,37.0,482.28055555555557,59.99400059722221,7.8,10.20638888888889,31.375,37.0,-0.5125,0.0,68.375,67.8625,482.28055555555557,59.99400059722221,67.8625,0.0,0.5928007166666532,45.88665447897623,0.0,74.80999965555556,49.45485972360363,36.997180388883365,0.12,0.08,0,,31.375,0.0,67.8625,15.6875,2401.6065972222227,42957.651450844474,1200.8032986111114
2023-01-14 14:00:00,14,0,5,True,-0.5066666666666666,25.9,-0.7522222222222222,37.0,482.9277777777778,60.00200006944444,8.394444444444444,10.294166666666667,25.9,37.0,-0.5066666666666666,0.0,62.9,62.39333333333333,482.9277777777778,60.00200006944444,62.39333333333333,0.0,0.5975999166666696,41.17647058823529,0.0,74.80999965555556,49.46106457227807,37.001822236155334,0.12,0.08,0,,25.9,0.0,62.39333333333333,12.95,2427.506597222223,42957.651450844474,1213.7532986111114
2023-01-14 15:00:00,15,0,5,True,-0.5119444444444444,13.252777777777778,-0.7533333333333334,37.0,483.39444444444445,59.988000563888896,8.858333333333333,10.485555555555557,13.252777777777778,37.0,-0.5119444444444444,0.0,50.25277777777778,49.740833333333335,483.39444444444445,59.988000563888896,49.740833333333335,0.0,0.5856006766666751,26.372229285279975,0.0,74.80999965555556,49.45545066157263,36.99762246957593,0.12,0.08,0,,13.252777777777778,0.0,49.740833333333335,6.626388888888889,2440.7593750000005,42957.651450844474,1220.3796875000003
2023-01-14 16:00:00,16,0,5,True,-0.5425,1.2555555555555555,-0.778611111111111,37.0,483.0111111111111,60.000333475000005,9.153055555555557,10.607222222222221,1.2555555555555555,37.0,-0.5425,0.0,38.25555555555555,37.713055555555556,483.0111111111111,60.000333475000005,37.713055555555556,0.0,0.599599829999994,3.282021492884113,0.0,74.80999965555556,49.422949073278,36.97330803148467,0.12,0.08,0,,1.2555555555555555,0.0,37.713055555555556,0.6277777777777778,2442.014930555556,42957.651450844474,1221.007465277778
2023-01-14 17:00:00,17,0,5,True,-0.5333333333333333,-0.23333333333333334,-0.7913888888888888,37.0,482.5888888888889,60.00052804444445,9.200277777777778,10.530555555555555,0.0,37.0,-0.5333333333333333,0.0,37.0,36.46666666666667,482.5888888888889,60.00052804444445,36.46666666666667,0.0,0.5993663466666589,0.0,0.0,74.80999965555556,49.43269954976638,36.980602362912045,0.12,0.08,0,,0.0,0.0,36.46666666666667,0.0,2442.014930555556,42957.651450844474,1221.007465277778
2023-01-14 18:00:00,18,0,5,True,-0.5452777777777779,0.0,-0.8163888888888888,37.0,483.4166666666667,59.99333386111111,9.190000000000001,10.498333333333333,0.0,37.0,-0.5452777777777779,0.0,37.0,36.45472222222222,483.4166666666667,59.99333386111111,36.45472222222222,0.0,0.5920006333333333,0.0,0.0,74.80999965555556,49.41999438343303,36.97109762802182,0.18,0.096,0,,0.0,0.0,36.45472222222222,0.0,2442.014930555556,42957.651450844474,1221.007465277778
2023-01-14 19:00:00,19,0,5,True,-0.52,0.0,-0.7355555555555554,37.0,484.02222222222224,59.99897221944445,9.072499999999998,10.44388888888889,0.0,37.0,-0.52,0.0,37.0,36.48,484.02222222222224,59.99897221944445,36.48,0.0,0.5987666633333362,0.0,0.0,74.80999965555556,49.44688206102222,36.991212299533686,0.18,0.096,0,,0.0,0.0,36.48,0.0,2442.014930555556,42957.651450844474,1221.007465277778
2023-01-14 20:00:00,20,0,5,True,-0.525,0.0,-0.78,37.0,483.80555555555554,59.995694763888885,8.923611111111112,10.331666666666667,0.0,37.0,-0.525,0.0,37.0,36.475,483.80555555555554,59.995694763888885,36.475,0.0,0.5948337166666618,0.0,0.0,74.80999965555556,49.441563619301284,36.98723357330057,0.18,0.096,0,,0.0,0.0,36.475,0.0,2442.014930555556,42957.651450844474,1221.007465277778
2023-01-14 21:00:00,21,0,5,True,-0.5175000000000001,0.0,-0.8044444444444445,37.0,484.3,60.007861086111106,8.796944444444446,10.22138888888889,0.0,37.0,-0.5175000000000001,0.0,37.0,36.4825,484.3,60.007861086111106,36.4825,0.0,0.5905666966666728,0.0,0.0,74.80999965555556,49.449541281882695,36.99320166265025,0.18,0.096,0,,0.0,0.0,36.4825,0.0,2442.014930555556,42957.651450844474,1221.007465277778
2023-01-14 22:00:00,22,0,5,True,-0.5327777777777778,0.0,-0.763611111111111,37.0,485.90833333333336,60.01358296944444,8.594999999999999,10.108611111111111,0.0,37.0,-0.5327777777777778,0.0,37.0,36.46722222222222,485.90833333333336,60.01358296944444,36.46722222222222,0.0,0.583700436666669,0.0,0.0,74.80999965555556,49.43329048773538,36.98104444360461,0.18,0.096,0,,0.0,0.0,36.46722222222222,0.0,2442.014930555556,42957.651450844474,1221.007465277778
2023-01-14 23:00:00,23,0,5,True,-0.5322222222222222,0.0,-0.8219444444444444,37.0,485.59722222222223,60.01699971111111,8.36277777777778,9.900833333333335,0.0,37.0,-0.5322222222222222,0.0,37.0,36.467777777777776,485.59722222222223,60.01699971111111,36.467777777777776,0.0,0.5796003466666662,0.0,0.0,74.80999965555556,49.43388142570437,36.98148652429718,0.12,0.08,0,,0.0,0.0,36.467777777777776,0.0,2442.014930555556,42957.651450844474,1221.007465277778
2023-01-15 00:00:00,0,0,6,True,-0.5391666666666667,0.0,-0.7949999999999998,36.763888888888886,484.0027777777778,60.021083077777774,8.024444444444445,9.681944444444444,0.0,36.763888888888886,-0.5391666666666667,0.0,36.763888888888886,36.22472222222222,484.0027777777778,60.021083077777774,36.22472222222222,0.0,0.5747003066666707,0.0,0.0,74.80999965555556,49.426494701091954,36.975960515640075,0.12,0.08,0,,0.0,0.0,36.22472222222222,0.0,2442.014930555556,42957.651450844474,1221.007465277778
2023-01-15 01:00:00,1,0,6,True,-0.5419444444444446,0.0,-0.7986111111111112,36.07222222222222,484.01666666666665,60.00933316388888,7.821111111111111,9.60861111111111,0.0,36.07222222222222,-0.5419444444444446,0.0,36.07222222222222,35.530277777777776,484.01666666666665,60.00933316388888,35.530277777777776,0.0,0.5888002033333407,0.0,0.0,74.80999965555556,49.42354001124699,36.973750112177235,0.12,0.08,0,,0.0,0.0,35.530277777777776,0.0,2442.014930555556,42957.651450844474,1221.007465277778
2023-01-15 02:00:00,2,0,6,True,-0.5277777777777778,0.0,-0.7711111111111112,36.23888888888889,484.7888888888889,59.98786167222222,7.954166666666667,10.006388888888889,0.0,36.23888888888889,-0.5277777777777778,0.0,36.23888888888889,35.71111111111111,484.7888888888889,59.98786167222222,35.71111111111111,0.0,0.585434006666668,0.0,0.0,74.80999965555556,49.43860892945632,36.98502316983773,0.12,0.08,0,,0.0,0.0,35.71111111111111,0.0,2442.014930555556,42957.651450844474,1221.007465277778
2023-01-15 03:00:00,3,0,6,True,-0.5108333333333334,0.0,-0.7888888888888889,36.43611111111111,484.5888888888889,60.002249838888886,8.06861111111111,10.354444444444445,0.0,36.43611111111111,-0.5108333333333334,0.0,36.43611111111111,35.92527777777778,484.5888888888889,60.002249838888886,35.92527777777778,0.0,0.5973001933333364,0.0,0.0,74.80999965555556,49.456632537510615,36.99850663096107,0.12,0.08,0,,0.0,0.0,35.92527777777778,0.0,2442.014930555556,42957.651450844474,1221.007465277778
2023-01-15 04:00:00,4,0,6,True,-0.5130555555555555,0.0,-0.7019444444444444,37.0,484.36944444444447,59.996250261111115,7.95888888888889,10.497222222222222,0.0,37.0,-0.5130555555555555,0.0,37.0,36.48694444444445,484.36944444444447,59.996250261111115,36.48694444444445,0.0,0.5955003133333377,0.0,0.0,74.80999965555556,49.454268785634646,36.9967383081908,0.12,0.08,0,,0.0,0.0,36.48694444444445,0.0,2442.014930555556,42957.651450844474,1221.007465277778
2023-01-15 05:00:00,5,0,6,True,-0.49694444444444447,0.0,-0.7219444444444445,35.83611111111111,483.05833333333334,59.997888974999995,7.823611111111111,10.514444444444445,0.0,35.83611111111111,-0.49694444444444447,0.0,35.83611111111111,35.339166666666664,483.05833333333334,59.997888974999995,35.339166666666664,0.0,0.597466769999994,0.0,0.0,74.80999965555556,49.47140598673545,37.00955864827528,0.12,0.08,0,,0.0,0.0,35.339166666666664,0.0,2442.014930555556,42957.651450844474,1221.007465277778
2023-01-15 06:00:00,6,0,6,True,-0.5322222222222223,0.0,-0.7186111111111111,35.90555555555556,481.24444444444447,59.99094458611111,8.012777777777778,10.931944444444444,0.0,35.90555555555556,-0.5322222222222223,0.0,35.90555555555556,35.373333333333335,481.24444444444447,59.99094458611111,35.373333333333335,0.0,0.5891335033333348,0.0,0.0,74.80999965555556,49.43388142570437,36.98148652429718,0.18,0.096,0,,0.0,0.0,35.373333333333335,0.0,2442.014930555556,42957.651450844474,1221.007465277778
2023-01-15 07:00:00,7,0,6,True,-0.4886111111111111,-0.030555555555555555,-0.7066666666666668,35.92777777777778,483.10277777777776,59.987305588888894,8.140833333333333,11.289166666666668,0.0,35.92777777777778,-0.4886111111111111,0.0,35.92777777777778,35.439166666666665,483.10277777777776,59.987305588888894,35.439166666666665,0.0,0.584766706666673,0.0,0.0,74.80999965555556,49.48027005627035,37.01618985866381,0.18,0.096,0,,0.0,0.0,35.439166666666665,0.0,2442.014930555556,42957.651450844474,1221.007465277778
2023-01-15 08:00:00,8,0,6,True,-0.5180555555555556,5.483333333333333,-0.7605555555555555,36.81388888888889,483.2,60.00647226388889,8.051388888888889,11.453333333333335,5.483333333333333,36.81388888888889,-0.5180555555555556,0.0,42.297222222222224,41.77916666666667,483.2,60.00647226388889,41.77916666666667,0.0,0.5922332833333342,12.963814277270638,0.0,74.80999965555556,49.4489503439137,36.99275958195768,0.18,0.096,0,,5.483333333333333,0.0,41.77916666666667,2.7416666666666667,2447.498263888889,42957.651450844474,1223.7491319444446
2023-01-15 09:00:00,9,0,6,True,-0.4827777777777778,21.01388888888889,-0.6702777777777779,37.0,484.2583333333333,60.00341631388889,7.901944444444445,11.228611111111112,21.01388888888889,37.0,-0.4827777777777778,0.0,58.013888888888886,57.53111111111111,484.2583333333333,60.00341631388889,57.53111111111111,0.0,0.5959004233333303,36.222169020828346,0.0,74.80999965555556,49.48647490494478,37.02083170593578,0.18,0.096,0,,21.01388888888889,0.0,57.53111111111111,10.506944444444445,2468.512152777778,42957.651450844474,1234.256076388889
2023-01-15 10:00:00,10,0,6,True,-0.4805555555555556,28.691666666666666,-0.6769444444444445,37.0,485.22222222222223,60.00180537222222,7.871944444444445,11.199722222222224,28.691666666666666,37.0,-0.4805555555555556,0.0,65.69166666666666,65.21111111111111,485.22222222222223,60.00180537222222,65.21111111111111,0.0,0.5978335533333335,43.676265381200054,0.0,74.80999965555556,49.488838656820754,37.02260002870605,0.18,0.096,0,,28.691666666666666,0.0,65.21111111111111,14.345833333333333,2497.2038194444444,42957.651450844474,1248.6019097222222
2023-01-15 11:00:00,11,0,6,True,-0.5019444444444444,31.130555555555556,-0.7130555555555556,37.0,484.35,59.98936162500001,7.878611111111112,11.10833333333333,31.130555555555556,37.0,-0.5019444444444444,0.0,68.13055555555556,67.62861111111111,484.35,59.98936162500001,67.62861111111111,0.0,0.5872339500000094,45.69250214049823,0.0,74.80999965555556,49.46608754501451,37.005579922042166,0.12,0.08,0,,31.130555555555556,0.0,67.62861111111111,15.565277777777778,2528.334375,42957.651450844474,1264.1671875
2023-01-15 12:00:00,12,0,6,True,-0.4747222222222222,33.59722222222222,-0.6775,37.0,483.44166666666666,59.98819476111112,7.992777777777779,11.241111111111111,33.59722222222222,37.0,-0.4747222222222222,0.0,70.59722222222223,70.1225,483.44166666666666,59.98819476111112,70.1225,0.0,0.5858337133333407,47.590005902026355,0.0,74.80999965555556,49.49504350549518,37.02724187597802,0.12,0.08,0,,33.59722222222222,0.0,70.1225,16.79861111111111,2561.931597222222,42957.651450844474,1280.965798611111
2023-01-15 13:00:00,13,0,6,True,-0.48694444444444446,31.166666666666668,-0.6866666666666668,37.0,483.55,59.999749863888894,8.63027777777778,11.496111111111112,31.166666666666668,37.0,-0.48694444444444446,0.0,68.16666666666667,67.67972222222222,483.55,59.999749863888894,67.67972222222222,0.0,0.599699836666673,45.72127139364303,0.0,74.80999965555556,49.48204287017733,37.01751610074151,0.12,0.08,0,,31.166666666666668,0.0,67.67972222222222,15.583333333333334,2593.0982638888886,42957.651450844474,1296.5491319444443
2023-01-15 14:00:00,14,0,6,True,-0.49388888888888893,25.125,-0.7069444444444445,37.0,481.0416666666667,59.98027832777779,9.328333333333333,11.585277777777778,25.125,37.0,-0.49388888888888893,0.0,62.125,61.63111111111111,481.0416666666667,59.98027832777779,61.63111111111111,0.0,0.5763339933333469,40.44265593561368,0.0,74.80999965555556,49.474656145564914,37.01199009208441,0.12,0.08,0,,25.125,0.0,61.63111111111111,12.5625,2618.2232638888886,42957.651450844474,1309.1116319444443
2023-01-15 15:00:00,15,0,6,True,-0.5086111111111111,13.330555555555556,170.7436122972222,37.0,485.31111111111113,59.992333824999996,9.964166666666667,11.861944444444445,13.330555555555556,37.0,-0.5086111111111111,170.7436122972222,50.330555555555556,-120.92166785277776,485.31111111111113,59.992333824999996,0.0,120.92166785277776,0.590800589999995,7.784164952866169,196.89069683720274,74.80999965555556,49.45899628938659,37.00027495373134,0.12,0.08,0,,13.330555555555556,170.7436122972222,-120.92166785277776,6.665277777777778,2631.5538194444443,43128.395063141696,1315.7769097222222
2023-01-15 16:00:00,16,0,6,True,-0.5238888888888888,1.1833333333333333,232.32639038888888,37.0,486.90833333333336,59.992000302777775,10.319722222222223,12.041666666666666,1.1833333333333333,37.0,-0.5238888888888888,232.32639038888888,38.18333333333333,-194.66694594444442,486.90833333333336,59.992000302777775,0.0,194.66694594444442,0.5904003633333303,0.5081949383971668,267.9040479576671,74.80999965555556,49.44274549523927,36.98811773468571,0.12,0.08,0,,1.1833333333333333,232.32639038888888,-194.66694594444442,0.5916666666666667,2632.7371527777777,43360.72145353058,1316.3685763888889
2023-01-15 17:00:00,17,0,6,True,-0.5347222222222222,-0.24444444444444444,232.72555704722222,37.0,487.24444444444447,60.00441645,10.404166666666669,11.958888888888891,0.0,37.0,-0.5347222222222222,232.72555704722222,37.0,-196.26027926944445,487.24444444444447,60.00441645,0.0,196.26027926944445,0.594700259999999,0.0,268.3643416134943,74.80999965555556,49.431222204843905,36.979497161180625,0.12,0.08,0,,0.0,232.72555704722222,-196.26027926944445,0.0,2632.7371527777777,43593.4470105778,1316.3685763888889
2023-01-15 18:00:00,18,0,6,True,-0.5261111111111111,0.0,233.55027916944442,37.0,486.96666666666664,60.000277944444434,10.334722222222222,11.881388888888893,0.0,37.0,-0.5261111111111111,233.55027916944442,37.0,-197.07639028055553,486.96666666666664,60.000277944444434,0.0,197.07639028055553,0.5996664666666788,0.0,269.3153588208538,74.80999965555556,49.4403817433633,36.986349411915434,0.18,0.096,0,,0.0,233.55027916944442,-197.07639028055553,0.0,2632.7371527777777,43826.99728974725,1316.3685763888889
2023-01-15 19:00:00,19,0,6,True,-0.5380555555555555,0.0,234.73583490000004,37.0,486.8777777777778,59.99241735555556,10.18527777777778,11.800555555555553,0.0,37.0,-0.5380555555555555,234.73583490000004,37.0,-198.2738904555556,486.8777777777778,59.99241735555556,0.0,198.2738904555556,0.5909008266666717,0.0,270.682466443727,74.80999965555556,49.42767657702994,36.97684467702522,0.18,0.096,0,,0.0,234.73583490000004,-198.2738904555556,0.0,2632.7371527777777,44061.733124647246,1316.3685763888889
2023-01-15 20:00:00,20,0,6,True,-0.5463888888888888,0.0,232.71694604444443,37.0,486.8833333333333,60.00577751388889,10.079444444444443,11.701666666666664,0.0,37.0,-0.5463888888888888,232.71694604444443,37.0,-196.2633349333333,486.8833333333333,60.00577751388889,0.0,196.2633349333333,0.5930669833333354,0.0,268.3544119516195,74.80999965555556,49.41881250749504,36.970213466636686,0.18,0.096,0,,0.0,232.71694604444443,-196.2633349333333,0.0,2632.7371527777777,44294.45007069169,1316.3685763888889
2023-01-15 21:00:00,21,0,6,True,-0.5236111111111111,0.0,232.93861255277778,37.0,488.64722222222224,60.0041387,9.894722222222223,11.551666666666668,0.0,37.0,-0.5236111111111111,232.93861255277778,37.0,-196.4622236638889,488.64722222222224,60.0041387,0.0,196.4622236638889,0.5950335600000016,0.0,268.6100237001589,74.80999965555556,49.44304096422377,36.98833877503199,0.18,0.096,0,,0.0,232.93861255277778,-196.4622236638889,0.0,2632.7371527777777,44527.38868324446,1316.3685763888889
2023-01-15 22:00:00,22,0,6,True,-0.5269444444444444,0.0,233.6338904222222,37.0,489.31111111111113,60.00902740555555,9.697222222222221,11.396666666666667,0.0,37.0,-0.5269444444444444,233.6338904222222,37.0,-197.16083486666665,489.31111111111113,60.00902740555555,0.0,197.16083486666665,0.5891671133333404,0.0,269.4117740108651,74.80999965555556,49.439495336409806,36.98568629087658,0.18,0.096,0,,0.0,233.6338904222222,-197.16083486666665,0.0,2632.7371527777777,44761.02257366668,1316.3685763888889
2023-01-15 23:00:00,23,0,6,True,-0.5269444444444444,0.0,235.3594459694444,37.0,489.2388888888889,60.00447202777777,9.468055555555555,11.223055555555556,0.0,37.0,-0.5269444444444444,235.3594459694444,37.0,-198.88639041388885,489.2388888888889,60.00447202777777,0.0,198.88639041388885,0.5946335666666727,0.0,271.40157514926705,74.80999965555556,49.439495336409806,36.98568629087658,0.12,0.08,0,,0.0,235.3594459694444,-198.88639041388885,0.0,2632.7371527777777,44996.38201963613,1316.3685763888889
2023-01-16 00:00:00,0,0,0,False,-0.5222222222222223,0.0,233.68166819166666,37.0,488.8888888888889,60.01608283611111,9.209722222222222,11.036388888888887,0.0,37.0,-0.5222222222222223,233.68166819166666,37.0,-197.20389041388887,488.8888888888889,60.01608283611111,0.0,197.20389041388887,0.580700596666668,0.0,269.46686830219863,74.80999965555556,49.444518309146254,36.98944397676342,0.12,0.08,0,,0.0,233.68166819166666,-197.20389041388887,0.0,2632.7371527777777,45230.063687827795,1316.3685763888889
2023-01-16 01:00:00,1,0,0,False,-0.5291666666666668,0.0,236.85777911944444,37.0,489.64166666666665,59.99475014722222,8.910555555555556,10.802222222222223,0.0,37.0,-0.5291666666666668,236.85777911944444,37.0,-200.3869457861111,489.64166666666665,59.99475014722222,0.0,200.3869457861111,0.593700176666664,0.0,273.1293578406878,74.80999965555556,49.43713158453384,36.98391796810631,0.12,0.08,0,,0.0,236.85777911944444,-200.3869457861111,0.0,2632.7371527777777,45466.92146694724,1316.3685763888889
2023-01-16 02:00:00,2,0,0,False,-0.5133333333333334,0.0,236.9138903472222,37.0,489.98055555555555,59.99400055277777,8.537222222222221,10.561666666666666,0.0,37.0,-0.5133333333333334,236.9138903472222,37.0,-200.42722368055553,489.98055555555555,59.99400055277777,0.0,200.42722368055553,0.5928006633333239,0.0,273.1940617472581,74.80999965555556,49.45397331665015,36.99651726784452,0.12,0.08,0,,0.0,236.9138903472222,-200.42722368055553,0.0,2632.7371527777777,45703.83535729446,1316.3685763888889
2023-01-16 03:00:00,3,0,0,False,-0.5227777777777778,0.0,235.64694601111105,37.0,489.86944444444447,60.00191659166667,8.175277777777778,10.315833333333334,0.0,37.0,-0.5227777777777778,235.64694601111105,37.0,-199.16972378888883,489.86944444444447,60.00191659166667,0.0,199.16972378888883,0.597700089999995,0.0,271.73310195008196,74.80999965555556,49.44392737117726,36.989001896070846,0.12,0.08,0,,0.0,235.64694601111105,-199.16972378888883,0.0,2632.7371527777777,45939.48230330557,1316.3685763888889
2023-01-16 04:00:00,4,0,0,False,-0.5252777777777777,0.0,237.3402792361111,37.0,489.34444444444443,59.99069480555556,7.818888888888889,10.0875,0.0,37.0,-0.5252777777777777,237.3402792361111,37.0,-200.86555701388886,489.34444444444443,59.99069480555556,0.0,200.86555701388886,0.5888337666666758,0.0,273.6857463516041,74.80999965555556,49.44126815031679,36.98701253295429,0.12,0.08,0,,0.0,237.3402792361111,-200.86555701388886,0.0,2632.7371527777777,46176.82258254168,1316.3685763888889
2023-01-16 05:00:00,5,0,0,False,-0.5425,0.0,236.4497236222222,36.71111111111111,488.7083333333333,59.996805650000006,7.836388888888889,10.196111111111112,0.0,36.71111111111111,-0.5425,236.4497236222222,36.71111111111111,-200.28111251111108,488.7083333333333,59.996805650000006,0.0,200.28111251111108,0.5961667800000071,0.0,272.6588141400164,74.80999965555556,49.422949073278,36.97330803148467,0.12,0.08,0,,0.0,236.4497236222222,-200.28111251111108,0.0,2632.7371527777777,46413.272306163904,1316.3685763888889
2023-01-16 06:00:00,6,0,0,False,-0.5294444444444445,0.0,236.56500152499999,36.775,486.84444444444443,59.99586095555556,7.66972222222222,10.247222222222222,0.0,36.775,-0.5294444444444445,236.56500152499999,36.775,-200.31944596944442,486.84444444444443,59.99586095555556,0.0,200.31944596944442,0.5950331466666682,0.0,272.7917453009686,74.80999965555556,49.43683611554934,36.98369692776003,0.18,0.096,0,,0.0,236.56500152499999,-200.31944596944442,0.0,2632.7371527777777,46649.837307688904,1316.3685763888889
2023-01-16 07:00:00,7,0,0,False,-0.5269444444444444,-0.030555555555555555,236.88500134999998,36.62777777777778,487.7861111111111,59.99352795277777,7.714722222222221,10.388333333333334,0.0,36.62777777777778,-0.5269444444444444,236.88500134999998,36.62777777777778,-200.78416801666663,487.7861111111111,59.99352795277777,0.0,200.78416801666663,0.5922335433333217,0.0,273.1607487892066,74.80999965555556,49.439495336409806,36.98568629087658,0.18,0.096,0,,0.0,236.88500134999998,-200.78416801666663,0.0,2632.7371527777777,46886.7223090389,1316.3685763888889
2023-01-16 08:00:00,8,0,0,False,-0.5152777777777777,5.677777777777778,235.9150015666667,37.0,486.9,60.00050030555556,7.691666666666666,10.56472222222222,5.677777777777778,37.0,-0.5152777777777777,235.9150015666667,42.67777777777778,-193.7525015666667,486.9,60.00050030555556,0.0,193.7525015666667,0.5993996333333257,2.401459658010251,272.04220660362853,74.80999965555556,49.45190503375867,36.994969985420525,0.18,0.096,0,,5.677777777777778,235.9150015666667,-193.7525015666667,2.838888888888889,2638.4149305555557,47122.63731060557,1319.2074652777778
2023-01-16 09:00:00,9,0,0,False,-0.5308333333333334,21.358333333333334,233.2519458111111,37.0,488.0777777777778,60.01783278888888,7.6975,10.475555555555557,21.358333333333334,37.0,-0.5308333333333334,233.2519458111111,58.358333333333334,-175.4244458111111,488.0777777777778,60.01783278888888,0.0,175.4244458111111,0.578600653333342,9.135973749433841,268.9713397268348,74.80999965555556,49.435358770626856,36.98259172602861,0.18,0.096,0,,21.358333333333334,233.2519458111111,-175.4244458111111,10.679166666666667,2659.773263888889,47355.88925641668,1329.8866319444444
2023-01-16 10:00:00,10,0,0,False,-0.5269444444444444,29.36111111111111,233.61389038888888,37.00277777777778,489.1222222222222,60.01647196388888,7.72388888888889,10.492222222222221,29.36111111111111,37.00277777777778,-0.5269444444444444,233.61389038888888,66.3638888888889,-167.77694594444444,489.1222222222222,60.01647196388888,0.0,167.77694594444444,0.5802336433333408,12.539936116658595,269.3887112417999,74.80999965555556,49.439495336409806,36.98568629087658,0.18,0.096,0,,29.36111111111111,233.61389038888888,-167.77694594444444,14.680555555555555,2689.134375,47589.50314680557,1344.5671875
2023-01-16 11:00:00,11,0,0,False,-0.5325,33.34722222222222,234.86944606944442,37.0,487.9861111111111,60.00797189722222,7.729444444444446,10.438055555555557,33.34722222222222,37.0,-0.5325,234.86944606944442,70.34722222222223,-165.0547238472222,487.9861111111111,60.00797189722222,0.0,165.0547238472222,0.5904337233333364,14.16607754482398,270.8365383642117,74.80999965555556,49.433585956719874,36.9812654839509,0.12,0.08,0,,33.34722222222222,234.86944606944442,-165.0547238472222,16.67361111111111,2722.4815972222223,47824.372592875014,1361.2407986111111
2023-01-16 12:00:00,12,0,0,False,-0.5291666666666667,34.236111111111114,234.9461124611111,37.0,488.60833333333335,60.00694395555555,7.915555555555556,10.6125,34.236111111111114,37.0,-0.5291666666666667,234.9461124611111,71.23611111111111,-164.23916801666667,488.60833333333335,60.00694395555555,0.0,164.23916801666667,0.5916672533333411,14.539153000656729,270.9249451811706,74.80999965555556,49.43713158453384,36.98391796810631,0.12,0.08,0,,34.236111111111114,234.9461124611111,-164.23916801666667,17.118055555555557,2756.7177083333336,48059.318705336125,1378.3588541666668
2023-01-16 13:00:00,13,0,0,False,-0.5230555555555556,31.26388888888889,235.41583474166666,37.0,488.59166666666664,60.003944233333335,8.580833333333334,10.892222222222225,31.26388888888889,37.0,-0.5230555555555556,235.41583474166666,68.26388888888889,-167.67500140833332,488.59166666666664,60.003944233333335,0.0,167.67500140833332,0.5952669199999974,13.250841711387404,271.4665991024754,74.80999965555556,49.44363190219276,36.98878085572456,0.12,0.08,0,,31.26388888888889,235.41583474166666,-167.67500140833332,15.631944444444445,2787.9815972222223,48294.73454007779,1393.9907986111111
2023-01-16 14:00:00,14,0,0,False,-0.5555555555555556,25.591666666666665,234.87889028888887,37.0,488.1277777777778,60.007749677777774,9.390555555555554,11.086944444444443,25.591666666666665,37.0,-0.5555555555555556,234.87889028888887,62.59166666666667,-172.84277917777774,488.1277777777778,60.007749677777774,0.0,172.84277917777774,0.5907003866666712,10.8699755360248,270.84742883866335,74.80999965555556,49.40906203100665,36.962919135209304,0.12,0.08,0,,25.591666666666665,234.87889028888887,-172.84277917777774,12.795833333333333,2813.573263888889,48529.613430366684,1406.7866319444445
2023-01-16 15:00:00,15,0,0,False,-0.5225000000000001,13.769444444444444,237.56639033055552,37.0,487.9277777777778,59.98852838333333,10.076944444444443,11.401944444444444,13.769444444444444,37.0,-0.5225000000000001,237.56639033055552,50.769444444444446,-187.31944588611108,487.9277777777778,59.98852838333333,0.0,187.31944588611108,0.5862340599999981,5.783320853538087,273.94648331475497,74.80999965555556,49.44422284016176,36.98922293641713,0.12,0.08,0,,13.769444444444444,237.56639033055552,-187.31944588611108,6.884722222222222,2827.3427083333336,48767.17982069724,1413.6713541666668
2023-01-16 16:00:00,16,0,0,False,-0.49944444444444447,1.3305555555555555,238.13222373888888,37.0,487.0833333333333,59.98519510555556,10.48388888888889,11.670000000000002,1.3305555555555555,37.0,-0.49944444444444447,238.13222373888888,38.330555555555556,-200.30111262777777,487.0833333333333,59.98519510555556,0.0,200.30111262777777,0.582234126666674,0.5575771085559905,274.59896648857114,74.80999965555556,49.46874676587498,37.00756928515872,0.12,0.08,0,,1.3305555555555555,238.13222373888888,-200.30111262777777,0.6652777777777777,2828.6732638888893,49005.31204443613,1414.3366319444447
2023-01-16 17:00:00,17,0,0,False,-0.5138888888888888,-0.2111111111111111,236.4955569972222,37.0,487.125,59.99669453055555,10.542222222222222,11.553333333333333,0.0,37.0,-0.5138888888888888,236.4955569972222,37.0,-200.00944588611108,487.125,59.99669453055555,0.0,200.00944588611108,0.5960334366666614,0.0,272.7116662790846,74.80999965555556,49.453382378681155,36.996075187151945,0.12,0.08,0,,0.0,236.4955569972222,-200.00944588611108,0.0,2828.6732638888893,49241.80760143335,1414.3366319444447
2023-01-16 18:00:00,18,0,0,False,-0.5077777777777778,0.0,238.96389047222223,37.0,488.7,59.97916721111111,10.461666666666668,11.490555555555556,0.0,37.0,-0.5077777777777778,238.96389047222223,37.0,-202.47166825000002,488.7,59.97916721111111,0.0,202.47166825000002,0.5750006533333334,0.0,275.55799178069907,74.80999965555556,49.45988269634008,37.0009380747702,0.18,0.096,0,,0.0,238.96389047222223,-202.47166825000002,0.0,2828.6732638888893,49480.77149190557,1414.3366319444447
2023-01-16 19:00:00,19,0,0,False,-0.4888888888888889,0.0,236.00139038888886,37.0,489.0861111111111,59.99927789166667,10.276666666666667,11.39777777777778,0.0,37.0,-0.4888888888888889,236.00139038888886,37.0,-199.49027927777774,489.0861111111111,59.99927789166667,0.0,199.49027927777774,0.5991334700000067,0.0,272.14182471043455,74.80999965555556,49.47997458728585,37.015968818317525,0.18,0.096,0,,0.0,236.00139038888886,-199.49027927777774,0.0,2828.6732638888893,49716.77288229446,1414.3366319444447
2023-01-16 20:00:00,20,0,0,False,-0.495,0.0,235.39055707222224,37.0,488.3888888888889,60.004194194444445,10.103611111111109,11.271388888888888,0.0,37.0,-0.495,235.39055707222224,37.0,-198.88555707222224,488.3888888888889,60.004194194444445,0.0,198.88555707222224,0.5949669666666665,0.0,271.43745049841124,74.80999965555556,49.47347426962693,37.01110593069927,0.18,0.096,0,,0.0,235.39055707222224,-198.88555707222224,0.0,2828.6732638888893,49952.16343936668,1414.3366319444447
2023-01-16 21:00:00,21,0,0,False,-0.5352777777777777,0.0,235.25111271944448,37.0,488.7111111111111,60.004805169444445,9.881388888888889,11.144444444444444,0.0,37.0,-0.5352777777777777,235.25111271944448,37.0,-198.78639049722224,488.7111111111111,60.004805169444445,0.0,198.78639049722224,0.5942337966666656,0.0,271.2766521211306,74.80999965555556,49.43063126687491,36.97905508048806,0.18,0.096,0,,0.0,235.25111271944448,-198.78639049722224,0.0,2828.6732638888893,50187.41455208613,1414.3366319444447
2023-01-16 22:00:00,22,0,0,False,-0.4919444444444444,0.0,234.0219460111111,37.0,490.1333333333333,60.013888594444445,9.702499999999999,10.984166666666667,0.0,37.0,-0.4919444444444444,234.0219460111111,37.0,-197.51389045555555,490.1333333333333,60.013888594444445,0.0,197.51389045555555,0.5833336866666655,0.0,269.85925508661336,74.80999965555556,49.47672442845639,37.0135373745084,0.18,0.096,0,,0.0,234.0219460111111,-197.51389045555555,0.0,2828.6732638888893,50421.43649809724,1414.3366319444447
2023-01-16 23:00:00,23,0,0,False,-0.5063888888888889,0.0,235.56916819166665,37.0,490.7,60.00427753333334,9.441666666666668,10.822222222222221,0.0,37.0,-0.5063888888888889,235.56916819166665,37.0,-199.07555708055554,490.7,60.00427753333334,0.0,199.07555708055554,0.594866959999996,0.0,271.64341350515065,74.80999965555556,49.461360041262566,37.00204327650162,0.12,0.08,0,,0.0,235.56916819166665,-199.07555708055554,0.0,2828.6732638888893,50657.005666288904,1414.3366319444447
2023-01-17 00:00:00,0,0,1,False,-0.49777777777777776,0.0,234.6483348166667,36.74722222222222,490.7388888888889,60.0100831861111,9.131666666666668,10.602222222222222,0.0,36.74722222222222,-0.49777777777777776,234.6483348166667,36.74722222222222,-198.39889037222227,490.7388888888889,60.0100831861111,0.0,198.39889037222227,0.587900176666676,0.0,270.5815669011378,74.80999965555556,49.47051957978196,37.008895527236426,0.12,0.08,0,,0.0,234.6483348166667,-198.39889037222227,0.0,2828.6732638888893,50891.65400110557,1414.3366319444447
2023-01-17 01:00:00,1,0,1,False,-0.49111111111111116,0.0,235.52861257777775,36.62777777777778,490.98333333333335,60.00399984444444,8.709722222222222,10.35,0.0,36.62777777777778,-0.49111111111111116,235.52861257777775,36.62777777777778,-199.3919459111111,490.98333333333335,60.00399984444444,0.0,199.3919459111111,0.5952001866666762,0.0,271.5966473452234,74.80999965555556,49.47761083540988,37.01420049554724,0.12,0.08,0,,0.0,235.52861257777775,-199.3919459111111,0.0,2828.6732638888893,51127.18261368335,1414.3366319444447
2023-01-17 02:00:00,2,0,1,False,-0.5047222222222223,0.0,235.44027923611114,37.0,491.2472222222222,60.00455529999999,8.272222222222222,10.084722222222222,0.0,37.0,-0.5047222222222223,235.44027923611114,37.0,-198.94500145833337,491.2472222222222,60.00455529999999,0.0,198.94500145833337,0.5945336400000087,0.0,271.4947869420101,74.80999965555556,49.46313285516954,37.00336951857932,0.12,0.08,0,,0.0,235.44027923611114,-198.94500145833337,0.0,2828.6732638888893,51362.62289291946,1414.3366319444447
2023-01-17 03:00:00,3,0,1,False,-0.5047222222222222,0.0,235.80139043055559,37.0,490.8611111111111,60.000944241666666,7.853333333333333,9.801111111111112,0.0,37.0,-0.5047222222222222,235.80139043055559,37.0,-199.3061126527778,490.8611111111111,60.000944241666666,0.0,199.3061126527778,0.5988669100000009,0.0,271.91119745220897,74.80999965555556,49.46313285516954,37.00336951857932,0.12,0.08,0,,0.0,235.80139043055559,-199.3061126527778,0.0,2828.6732638888893,51598.42428335002,1414.3366319444447
2023-01-17 04:00:00,4,0,1,False,-0.5105555555555555,0.0,236.87639026388888,37.0,490.7083333333333,59.994666975,7.6402777777777775,9.71111111111111,0.0,37.0,-0.5105555555555555,236.87639026388888,37.0,-200.38694581944443,490.7083333333333,59.994666975,0.0,200.38694581944443,0.5936003700000014,0.0,273.1508190312372,74.80999965555556,49.45692800649511,36.99872767130735,0.12,0.08,0,,0.0,236.87639026388888,-200.38694581944443,0.0,2828.6732638888893,51835.30067361391,1414.3366319444447
2023-01-17 05:00:00,5,0,1,False,-0.5147222222222223,0.0,237.79666821666663,37.0,488.8638888888889,59.98844466944445,7.7797222222222215,10.009166666666667,0.0,37.0,-0.5147222222222223,237.79666821666663,37.0,-201.31139043888885,488.8638888888889,59.98844466944445,0.0,201.31139043888885,0.5861336033333373,0.0,274.2120251575953,74.80999965555556,49.452495971727664,36.9954120661131,0.12,0.08,0,,0.0,237.79666821666663,-201.31139043888885,0.0,2828.6732638888893,52073.09734183057,1414.3366319444447
2023-01-17 06:00:00,6,0,1,False,-0.49694444444444447,0.0,236.44694596944439,37.0,487.2916666666667,59.997444725,7.870277777777778,10.290277777777778,0.0,37.0,-0.49694444444444447,236.44694596944439,37.0,-199.94389041388882,487.2916666666667,59.997444725,0.0,199.94389041388882,0.5969336700000013,0.0,272.6556111271268,74.80999965555556,49.47140598673545,37.00955864827528,0.18,0.096,0,,0.0,236.44694596944439,-199.94389041388882,0.0,2828.6732638888893,52309.54428780002,1414.3366319444447
2023-01-17 07:00:00,7,0,1,False,-0.5344444444444445,-0.041666666666666664,237.5361124861111,35.8,488.96666666666664,59.98994470555556,7.990833333333333,10.621944444444443,0.0,35.8,-0.5344444444444445,237.5361124861111,35.8,-202.27055693055553,488.96666666666664,59.98994470555556,0.0,202.27055693055553,0.58793364666667,0.0,273.91156882623517,74.80999965555556,49.431517673828395,36.97971820152691,0.18,0.096,0,,0.0,237.5361124861111,-202.27055693055553,0.0,2828.6732638888893,52547.080400286126,1414.3366319444447
2023-01-17 08:00:00,8,0,1,False,-0.5319444444444444,5.852777777777778,235.26361263611108,36.84166666666667,488.3861111111111,60.00522175,8.12,11.016944444444443,5.852777777777778,36.84166666666667,-0.5319444444444444,235.26361263611108,42.69444444444444,-193.10111263611105,488.3861111111111,60.00522175,0.0,193.10111263611105,0.5937339000000037,2.482140821583961,271.2910662316779,74.80999965555556,49.43417689468887,36.98170756464347,0.18,0.096,0,,5.852777777777778,235.26361263611108,-193.10111263611105,2.926388888888889,2834.526041666667,52782.344012922236,1417.2630208333335
2023-01-17 09:00:00,9,0,1,False,-0.5383333333333333,21.252777777777776,233.69555695555553,37.0,488.8638888888889,60.015332755555555,7.98,10.882777777777779,21.252777777777776,37.0,-0.5383333333333333,233.69555695555553,58.25277777777778,-175.9811125111111,488.8638888888889,60.015332755555555,0.0,175.9811125111111,0.5816006933333341,9.073314605143594,269.4828839432144,74.80999965555556,49.427381108045445,36.97662363667893,0.18,0.096,0,,21.252777777777776,233.69555695555553,-175.9811125111111,10.626388888888888,2855.7788194444447,53016.039569877794,1427.8894097222224
2023-01-17 10:00:00,10,0,1,False,-0.5130555555555555,28.966666666666665,234.8238903638889,37.0,489.65555555555557,60.00808323333333,7.913611111111111,10.822222222222223,28.966666666666665,37.0,-0.5130555555555555,234.8238903638889,65.96666666666667,-169.37027925277778,489.65555555555557,60.00808323333333,0.0,169.37027925277778,0.5903001200000034,12.308592921309483,270.7840064159235,74.80999965555556,49.454268785634646,36.9967383081908,0.18,0.096,0,,28.966666666666665,234.8238903638889,-169.37027925277778,14.483333333333333,2884.7454861111114,53250.863460241686,1442.3727430555557
2023-01-17 11:00:00,11,0,1,False,-0.5302777777777778,32.727777777777774,235.50472383888885,37.0,490.26666666666665,60.00374977777778,7.841111111111112,10.761388888888888,32.727777777777774,37.0,-0.5302777777777778,235.50472383888885,69.72777777777777,-166.30722383888883,490.26666666666665,60.00374977777778,0.0,166.30722383888883,0.5955002666666672,13.865646007421148,271.5691003677224,74.80999965555556,49.43594970859585,36.983033806721174,0.12,0.08,0,,32.727777777777774,235.50472383888885,-166.30722383888883,16.363888888888887,2917.473263888889,53486.36818408057,1458.7366319444445
2023-01-17 12:00:00,12,0,1,False,-0.5547222222222222,33.48888888888889,236.3333348333333,37.0,490.5722222222222,59.99758352222222,7.948611111111111,10.88888888888889,33.48888888888889,37.0,-0.5547222222222222,236.3333348333333,70.48888888888888,-166.39916816666664,490.5722222222222,59.99758352222222,0.0,166.39916816666664,0.5971002266666658,14.137010242367346,272.52460197570724,74.80999965555556,49.40994843796014,36.96358225624816,0.12,0.08,0,,33.48888888888889,236.3333348333333,-166.39916816666664,16.744444444444444,2950.962152777778,53722.701518913906,1475.481076388889
2023-01-17 13:00:00,13,0,1,False,-0.53,30.95,234.99139033055556,37.0,490.2861111111111,60.00705540833333,8.525555555555554,11.153333333333332,30.95,37.0,-0.53,234.99139033055556,67.95,-167.57139033055554,490.2861111111111,60.00705540833333,0.0,167.57139033055554,0.591533510000005,13.141056936086146,270.97715674648936,74.80999965555556,49.436245177580346,36.98325484706746,0.12,0.08,0,,30.95,234.99139033055556,-167.57139033055554,15.475,2981.912152777778,53957.69290924446,1490.956076388889
2023-01-17 14:00:00,14,0,1,False,-0.5366666666666667,25.294444444444444,235.33000142499998,37.0,490.09166666666664,60.00449962777777,9.170277777777779,11.225833333333336,25.294444444444444,37.0,-0.5366666666666667,235.33000142499998,62.294444444444444,-173.5722236472222,490.09166666666664,60.00449962777777,0.0,173.5722236472222,0.5946004466666778,10.724043651057162,271.36762156941876,74.80999965555556,49.42915392195243,36.97794987875664,0.12,0.08,0,,25.294444444444444,235.33000142499998,-173.5722236472222,12.647222222222222,3007.206597222222,54193.02291066946,1503.603298611111
2023-01-17 15:00:00,15,0,1,False,-0.5475,14.130555555555556,236.5938903972222,37.0,490.10833333333335,59.99600007222223,9.759722222222223,11.527777777777779,14.130555555555556,37.0,-0.5475,236.5938903972222,51.13055555555556,-186.01083484166665,490.10833333333335,59.99600007222223,0.0,186.01083484166665,0.5952000866666765,5.95870486037307,272.825058114878,74.80999965555556,49.41763063155705,36.96932930525155,0.12,0.08,0,,14.130555555555556,236.5938903972222,-186.01083484166665,7.065277777777778,3021.3371527777776,54429.61680106668,1510.6685763888888
2023-01-17 16:00:00,16,0,1,False,-0.5483333333333333,1.4777777777777779,236.88222373888885,37.0,490.89444444444445,59.993139272222216,10.10222222222222,11.671111111111113,1.4777777777777779,37.0,-0.5483333333333333,236.88222373888885,38.477777777777774,-198.95277929444444,490.89444444444445,59.993139272222216,0.0,198.95277929444444,0.5917671266666588,0.6224042077820101,273.1575458243645,74.80999965555556,49.41674422460356,36.968666184212694,0.12,0.08,0,,1.4777777777777779,236.88222373888885,-198.95277929444444,0.7388888888888889,3022.8149305555553,54666.49902480557,1511.4074652777776
2023-01-17 17:00:00,17,0,1,False,-0.5397222222222222,-0.2361111111111111,235.8163904555556,37.0,490.97777777777776,60.00150018888888,10.113888888888887,11.55361111111111,0.0,37.0,-0.5397222222222222,235.8163904555556,37.0,-199.35611267777782,490.97777777777776,60.00150018888888,0.0,199.35611267777782,0.5981997733333401,0.0,271.9284945290078,74.80999965555556,49.42590376312296,36.9755184349475,0.12,0.08,0,,0.0,235.8163904555556,-199.35611267777782,0.0,3022.8149305555553,54902.315415261124,1511.4074652777776
2023-01-17 18:00:00,18,0,1,False,-0.5269444444444444,0.0,235.84027927777777,37.0,492.06388888888887,60.00055561666666,9.927500000000002,11.47166666666667,0.0,37.0,-0.5269444444444444,235.84027927777777,37.0,-199.3672237222222,492.06388888888887,60.00055561666666,0.0,199.3672237222222,0.5993332600000087,0.0,271.95604160260353,74.80999965555556,49.439495336409806,36.98568629087658,0.18,0.096,0,,0.0,235.84027927777777,-199.3672237222222,0.0,3022.8149305555553,55138.1556945389,1511.4074652777776
2023-01-17 19:00:00,19,0,1,False,-0.5077777777777778,0.0,234.36861256111112,37.00277777777778,492.81111111111113,60.011777208333335,9.692777777777776,11.299166666666668,0.0,37.00277777777778,-0.5077777777777778,234.36861256111112,37.00277777777778,-197.87361256111114,492.81111111111113,60.011777208333335,0.0,197.87361256111114,0.585867349999998,0.0,270.25900894962075,74.80999965555556,49.45988269634008,37.0009380747702,0.18,0.096,0,,0.0,234.36861256111112,-197.87361256111114,0.0,3022.8149305555553,55372.524307100015,1511.4074652777776
2023-01-17 20:00:00,20,0,1,False,-0.5155555555555555,0.0,236.02805682222223,37.0,492.06111111111113,59.999944597222225,9.418333333333333,11.07638888888889,0.0,37.0,-0.5155555555555555,236.02805682222223,37.0,-199.54361237777778,492.06111111111113,59.999944597222225,0.0,199.54361237777778,0.5999335166666696,0.0,272.1725747488725,74.80999965555556,49.451609564774174,36.994748945074235,0.18,0.096,0,,0.0,236.02805682222223,-199.54361237777778,0.0,3022.8149305555553,55608.55236392224,1511.4074652777776
2023-01-17 21:00:00,21,0,1,False,-0.5013888888888889,0.0,235.6150016916667,37.0,492.175,60.00255522777778,9.024444444444445,10.801944444444445,0.0,37.0,-0.5013888888888889,235.6150016916667,37.0,-199.1163905805556,492.175,60.00255522777778,0.0,199.1163905805556,0.5969337266666599,0.0,271.696265788361,74.80999965555556,49.466678482983504,37.00602200273474,0.18,0.096,0,,0.0,235.6150016916667,-199.1163905805556,0.0,3022.8149305555553,55844.1673656139,1511.4074652777776
2023-01-17 22:00:00,22,0,1,False,-0.4933333333333334,0.0,236.24722368055555,37.0,492.7361111111111,59.9988055888889,8.586388888888889,10.523333333333332,0.0,37.0,-0.4933333333333334,236.24722368055555,37.0,-199.7405570138889,492.7361111111111,59.9988055888889,0.0,199.7405570138889,0.5985667066666792,0.0,272.4253040596812,74.80999965555556,49.47524708353391,37.012432172776975,0.18,0.096,0,,0.0,236.24722368055555,-199.7405570138889,0.0,3022.8149305555553,56080.41458929446,1511.4074652777776
2023-01-17 23:00:00,23,0,1,False,-0.49722222222222223,0.0,236.01333484166668,37.0,489.925,60.00033320277778,8.163055555555555,10.250833333333334,0.0,37.0,-0.49722222222222223,236.01333484166668,37.0,-199.5105570638889,489.925,60.00033320277778,0.0,199.5105570638889,0.5996001566666621,0.0,272.15559829527984,74.80999965555556,49.47111051775095,37.00933760792899,0.12,0.08,0,,0.0,236.01333484166668,-199.5105570638889,0.0,3022.8149305555553,56316.42792413612,1511.4074652777776
2023-01-18 00:00:00,0,0,2,False,-0.4836111111111111,0.0,234.79389035555553,36.24444444444445,487.59444444444443,60.009472022222226,8.03888888888889,10.238888888888889,0.0,36.24444444444445,-0.4836111111111111,234.79389035555553,36.24444444444445,-199.0330570222222,487.59444444444443,60.009472022222226,0.0,199.0330570222222,0.5886335733333282,0.0,270.7494123103731,74.80999965555556,49.48558849799129,37.02016858489692,0.12,0.08,0,,0.0,234.79389035555553,-199.0330570222222,0.0,3022.8149305555553,56551.22181449168,1511.4074652777776
2023-01-18 01:00:00,1,0,2,False,-0.5,0.0,235.4869459111111,36.65,489.4166666666667,60.00333307222222,8.183055555555557,10.604444444444445,0.0,36.65,-0.5,235.4869459111111,36.65,-199.3369459111111,489.4166666666667,60.00333307222222,0.0,199.3369459111111,0.5960003133333373,0.0,271.54859998974985,74.80999965555556,49.46815582790599,37.00712720446616,0.12,0.08,0,,0.0,235.4869459111111,-199.3369459111111,0.0,3022.8149305555553,56786.70876040279,1511.4074652777776
2023-01-18 02:00:00,2,0,2,False,-0.5127777777777778,0.0,234.6247236222222,36.59444444444444,489.75,60.00949932777777,8.15111111111111,10.771111111111109,0.0,36.59444444444444,-0.5127777777777778,234.6247236222222,36.59444444444444,-198.54305695555556,489.75,60.00949932777777,0.0,198.54305695555556,0.5886008066666789,0.0,270.55433997027467,74.80999965555556,49.454564254619136,36.99695934853708,0.12,0.08,0,,0.0,234.6247236222222,-198.54305695555556,0.0,3022.8149305555553,57021.33348402501,1511.4074652777776
2023-01-18 03:00:00,3,0,2,False,-0.5063888888888889,0.0,236.2713904222222,36.55277777777778,489.7583333333333,59.99816705277778,8.170277777777779,10.961388888888889,0.0,36.55277777777778,-0.5063888888888889,236.2713904222222,36.55277777777778,-200.2250015333333,489.7583333333333,59.99816705277778,0.0,200.2250015333333,0.597800463333337,0.0,272.4531716123411,74.80999965555556,49.461360041262566,37.00204327650162,0.12,0.08,0,,0.0,236.2713904222222,-200.2250015333333,0.0,3022.8149305555553,57257.604874447235,1511.4074652777776
2023-01-18 04:00:00,4,0,2,False,-0.5022222222222222,0.0,234.52833486666665,36.28611111111111,489.9,60.01002715555556,8.225277777777778,11.253055555555557,0.0,36.28611111111111,-0.5022222222222222,234.52833486666665,36.28611111111111,-198.74444597777776,489.9,60.01002715555556,0.0,198.74444597777776,0.5879674133333254,0.0,270.4431905750307,74.80999965555556,49.46579207603001,37.005358881695884,0.12,0.08,0,,0.0,234.52833486666665,-198.74444597777776,0.0,3022.8149305555553,57492.1332093139,1511.4074652777776
2023-01-18 05:00:00,5,0,2,False,-0.5336111111111111,0.0,236.1525014416667,36.38611111111111,489.4972222222222,59.99900019722223,8.264444444444443,11.526388888888889,0.0,36.38611111111111,-0.5336111111111111,236.1525014416667,36.38611111111111,-200.30000144166667,489.4972222222222,59.99900019722223,0.0,200.30000144166667,0.5988002366666763,0.0,272.3160763856858,74.80999965555556,49.432404080781886,36.98038132256576,0.12,0.08,0,,0.0,236.1525014416667,-200.30000144166667,0.0,3022.8149305555553,57728.28571075557,1511.4074652777776
2023-01-18 06:00:00,6,0,2,False,-0.5388888888888889,0.0,236.25555722222222,36.63055555555555,488.72222222222223,59.99730568611111,8.311666666666666,11.753055555555557,0.0,36.63055555555555,-0.5388888888888889,236.25555722222222,36.63055555555555,-200.16389055555555,488.72222222222223,59.99730568611111,0.0,200.16389055555555,0.5967668233333342,0.0,272.4349137710127,74.80999965555556,49.42679017007645,36.976181555986365,0.18,0.096,0,,0.0,236.25555722222222,-200.16389055555555,0.0,3022.8149305555553,57964.54126797779,1511.4074652777776
2023-01-18 07:00:00,7,0,2,False,-0.5144444444444444,-0.027777777777777776,235.79389031388888,36.83888888888889,488.8388888888889,60.001861158333334,8.161944444444446,11.774722222222223,0.0,36.83888888888889,-0.5144444444444444,235.79389031388888,36.83888888888889,-199.46944586944443,488.8388888888889,60.001861158333334,0.0,199.46944586944443,0.5977666099999993,0.0,271.90254879369104,74.80999965555556,49.45279144071216,36.99563310645938,0.18,0.096,0,,0.0,235.79389031388888,-199.46944586944443,0.0,3022.8149305555553,58200.33515829167,1511.4074652777776
2023-01-18 08:00:00,8,0,2,False,-0.5522222222222222,6.194444444444445,235.97916816666665,37.0,488.93611111111113,60.00027783055555,7.97,11.6925,6.194444444444445,37.0,-0.5522222222222222,235.97916816666665,43.19444444444444,-193.33694594444444,488.93611111111113,60.00027783055555,0.0,193.33694594444444,0.599666603333344,2.618867810424637,272.11619945418204,74.80999965555556,49.41260765882061,36.96557161936472,0.18,0.096,0,,6.194444444444445,235.97916816666665,-193.33694594444444,3.0972222222222223,3029.0093749999996,58436.31432645834,1514.5046874999998
2023-01-18 09:00:00,9,0,2,False,-0.5358333333333334,21.630555555555556,236.42666814166662,37.00277777777778,488.94166666666666,59.99641706388889,7.882500000000001,11.479722222222223,21.630555555555556,37.00277777777778,-0.5358333333333334,236.42666814166662,58.63333333333334,-178.3291681416666,488.94166666666666,59.99641706388889,0.0,178.3291681416666,0.5957004766666699,9.128260978388441,272.63222802313953,74.80999965555556,49.43004032890592,36.97861299979549,0.18,0.096,0,,21.630555555555556,236.42666814166662,-178.3291681416666,10.815277777777778,3050.639930555555,58672.74099460001,1525.3199652777776
2023-01-18 10:00:00,10,0,2,False,-0.5400000000000001,29.380555555555556,235.03277924444447,37.0,489.65555555555557,60.006138549999996,7.8758333333333335,11.445555555555558,29.380555555555556,37.0,-0.5400000000000001,235.03277924444447,66.38055555555556,-169.1922236888889,489.65555555555557,60.006138549999996,0.0,169.1922236888889,0.5926337400000051,12.471965415438993,271.0248838150882,74.80999965555556,49.42560829413846,36.97529739460122,0.18,0.096,0,,29.380555555555556,235.03277924444447,-169.1922236888889,14.690277777777778,3080.0204861111106,58907.773773844456,1540.0102430555553
2023-01-18 11:00:00,11,0,2,False,-0.5161111111111112,33.31666666666667,235.14027919444445,37.0,490.00555555555553,60.004916438888884,7.875555555555555,11.33611111111111,33.31666666666667,37.0,-0.5161111111111112,235.14027919444445,70.31666666666666,-165.3397236388889,490.00555555555553,60.004916438888884,0.0,165.3397236388889,0.5941002733333391,14.137815920657948,271.1488459345531,74.80999965555556,49.45101862680518,36.99430686438167,0.12,0.08,0,,33.31666666666667,235.14027919444445,-165.3397236388889,16.658333333333335,3113.337152777777,59142.9140530389,1556.6685763888886
2023-01-18 12:00:00,12,0,2,False,-0.535,33.397222222222226,235.90750149166666,37.0,490.28333333333336,59.99997217222222,8.035555555555554,11.51361111111111,33.397222222222226,37.0,-0.535,235.90750149166666,70.39722222222223,-166.04527926944442,490.28333333333336,59.99997217222222,0.0,166.04527926944442,0.5999666066666662,14.124881107045514,272.03355799315807,74.80999965555556,49.43092673585941,36.97927612083434,0.12,0.08,0,,33.397222222222226,235.90750149166666,-166.04527926944442,16.698611111111113,3146.7343749999995,59378.821554530565,1573.3671874999998
2023-01-18 13:00:00,13,0,2,False,-0.5405555555555556,31.08888888888889,234.44333485,37.0,490.7361111111111,60.01055531666667,8.7025,11.78361111111111,31.08888888888889,37.0,-0.5405555555555556,234.44333485,68.08888888888889,-166.8950015166667,490.7361111111111,60.01055531666667,0.0,166.8950015166667,0.5873336199999982,13.230221371870634,270.34517395064574,74.80999965555556,49.42501735616947,36.974855313908655,0.12,0.08,0,,31.08888888888889,234.44333485,-166.8950015166667,15.544444444444444,3177.8232638888885,59613.26488938057,1588.9116319444443
2023-01-18 14:00:00,14,0,2,False,-0.5513888888888889,26.002777777777776,235.04083478333334,37.0,490.95,60.005805144444444,9.45138888888889,11.885000000000002,26.002777777777776,37.0,-0.5513888888888889,235.04083478333334,63.00277777777778,-172.58944589444445,490.95,60.005805144444444,0.0,172.58944589444445,0.5930338266666666,11.03719697215272,271.03417295126076,74.80999965555556,49.4134940657741,36.96623474040357,0.12,0.08,0,,26.002777777777776,235.04083478333334,-172.58944589444445,13.001388888888888,3203.8260416666662,59848.3057241639,1601.9130208333331
2023-01-18 15:00:00,15,0,2,False,-0.5161111111111112,14.805555555555555,237.1955571222222,37.0,490.4555555555556,59.99241713333333,10.154722222222222,12.237222222222222,14.805555555555555,37.0,-0.5161111111111112,237.1955571222222,51.80555555555556,-185.90611267777774,490.4555555555556,59.99241713333333,0.0,185.90611267777774,0.59090056,6.228367191896824,273.5188619951824,74.80999965555556,49.45101862680518,36.99430686438167,0.12,0.08,0,,14.805555555555555,237.1955571222222,-185.90611267777774,7.402777777777778,3218.631597222222,60085.501281286124,1609.315798611111
2023-01-18 16:00:00,16,0,2,False,-0.5125,1.6055555555555556,238.95472367222223,37.0,490.025,59.97975057500001,10.562777777777777,12.439444444444446,1.6055555555555556,37.0,-0.5125,238.95472367222223,38.605555555555554,-200.86166811666666,490.025,59.97975057500001,0.0,200.86166811666666,0.5757006900000136,0.6704698584359114,275.54742120874334,74.80999965555556,49.45485972360363,36.997180388883365,0.12,0.08,0,,1.6055555555555556,238.95472367222223,-200.86166811666666,0.8027777777777778,3220.2371527777773,60324.456004958345,1610.1185763888886
2023-01-18 17:00:00,17,0,2,False,-0.49222222222222217,-0.28888888888888886,237.65166834999997,37.0,489.3027777777778,59.98836118888889,10.640277777777778,12.315277777777778,0.0,37.0,-0.49222222222222217,237.65166834999997,37.0,-201.14389057222218,489.3027777777778,59.98836118888889,0.0,201.14389057222218,0.5860334266666655,0.0,274.04482051429886,74.80999965555556,49.476428959471896,37.01331633416211,0.12,0.08,0,,0.0,237.65166834999997,-201.14389057222218,0.0,3220.2371527777773,60562.10767330835,1610.1185763888886
2023-01-18 18:00:00,18,0,2,False,-0.505,0.0,237.57389040555552,37.0,492.85555555555555,59.989055836111106,10.504166666666666,12.205833333333334,0.0,37.0,-0.505,237.57389040555552,37.0,-201.0788904055555,492.85555555555555,59.989055836111106,0.0,201.0788904055555,0.5868670033333273,0.0,273.95513192522543,74.80999965555556,49.46283738618504,37.00314847823304,0.18,0.096,0,,0.0,237.57389040555552,-201.0788904055555,0.0,3220.2371527777773,60799.6815637139,1610.1185763888886
2023-01-18 19:00:00,19,0,2,False,-0.5,0.0,236.33277932777779,37.0,491.9194444444444,59.997666372222234,10.205555555555556,12.009166666666667,0.0,37.0,-0.5,236.33277932777779,37.0,-199.83277932777779,491.9194444444444,59.997666372222234,0.0,199.83277932777779,0.5971996466666809,0.0,272.5239614019578,74.80999965555556,49.46815582790599,37.00712720446616,0.18,0.096,0,,0.0,236.33277932777779,-199.83277932777779,0.0,3220.2371527777773,61036.01434304168,1610.1185763888886
2023-01-18 20:00:00,20,0,2,False,-0.5369444444444444,0.0,235.95944596944443,37.0,492.5861111111111,60.00069435555555,9.920277777777779,11.780277777777776,0.0,37.0,-0.5369444444444444,235.95944596944443,37.0,-199.4963904138889,492.5861111111111,60.00069435555555,0.0,199.4963904138889,0.5991667733333372,0.0,272.09345706808625,74.80999965555556,49.42885845296793,36.97772883841035,0.18,0.096,0,,0.0,235.95944596944443,-199.4963904138889,0.0,3220.2371527777773,61271.97378901112,1610.1185763888886
2023-01-18 21:00:00,21,0,2,False,-0.5094444444444445,0.0,234.54583504166666,37.0,491.14722222222224,60.010332975000004,9.587222222222222,11.54,0.0,37.0,-0.5094444444444445,234.54583504166666,37.0,-198.05527948611112,491.14722222222224,60.010332975000004,0.0,198.05527948611112,0.5876004299999948,0.0,270.4633706661285,74.80999965555556,49.4581098824331,36.99961183269249,0.18,0.096,0,,0.0,234.54583504166666,-198.05527948611112,0.0,3220.2371527777773,61506.51962405279,1610.1185763888886
2023-01-18 22:00:00,22,0,2,False,-0.5061111111111111,0.0,236.51472373055552,37.0,491.69166666666666,59.99736105000001,9.221388888888889,11.28138888888889,0.0,37.0,-0.5061111111111111,236.51472373055552,37.0,-200.02083484166664,491.69166666666666,59.99736105000001,0.0,200.02083484166664,0.596833260000011,0.0,272.73376813947823,74.80999965555556,49.46165551024706,37.0022643168479,0.18,0.096,0,,0.0,236.51472373055552,-200.02083484166664,0.0,3220.2371527777773,61743.034347783345,1610.1185763888886
2023-01-18 23:00:00,23,0,2,False,-0.5155555555555557,0.0,235.3497237055555,37.0,492.68333333333334,60.004221936111115,8.799722222222224,10.985555555555557,0.0,37.0,-0.5155555555555557,235.3497237055555,37.0,-198.86527926111106,492.68333333333334,60.004221936111115,0.0,198.86527926111106,0.5949336766666619,0.0,271.3903640516092,74.80999965555556,49.451609564774174,36.994748945074235,0.12,0.08,0,,0.0,235.3497237055555,-198.86527926111106,0.0,3220.2371527777773,61978.3840714889,1610.1185763888886
2023-01-19 00:00:00,0,0,3,False,-0.4969444444444445,0.0,235.50722378055556,36.75277777777778,491.5027777777778,60.004693897222225,8.36888888888889,10.704722222222221,0.0,36.75277777777778,-0.4969444444444445,235.50722378055556,36.75277777777778,-199.25139044722224,491.5027777777778,60.004693897222225,0.0,199.25139044722224,0.59436732333333,0.0,271.5719831417846,74.80999965555556,49.47140598673545,37.00955864827528,0.12,0.08,0,,0.0,235.50722378055556,-199.25139044722224,0.0,3220.2371527777773,62213.89129526946,1610.1185763888886
2023-01-19 01:00:00,1,0,3,False,-0.5072222222222222,0.0,236.5241682,36.26111111111111,492.875,59.99647220833334,8.114166666666666,10.530555555555555,0.0,36.26111111111111,-0.5072222222222222,236.5241682,36.26111111111111,-200.7702793111111,492.875,59.99647220833334,0.0,200.7702793111111,0.5957666500000044,0.0,272.744658902214,74.80999965555556,49.460473634309075,37.00138015546277,0.12,0.08,0,,0.0,236.5241682,-200.7702793111111,0.0,3220.2371527777773,62450.41546346946,1610.1185763888886
2023-01-19 02:00:00,2,0,3,False,-0.5161111111111112,0.0,148.475834325,36.625,490.63055555555553,59.99288930555555,8.241388888888888,10.90611111111111,0.0,36.625,-0.5161111111111112,148.475834325,36.625,-112.36694543611111,490.63055555555553,59.99288930555555,0.0,112.36694543611111,0.5914671666666607,0.0,171.21290858510147,74.80999965555556,49.45101862680518,36.99430686438167,0.12,0.08,0,,0.0,148.475834325,-112.36694543611111,0.0,3220.2371527777773,62598.89129779446,1610.1185763888886
2023-01-19 03:00:00,3,0,3,False,-0.5022222222222222,0.0,-0.6883333333333334,36.8,486.975,60.00133330277777,8.223333333333333,11.135833333333332,0.0,36.8,-0.5022222222222222,0.0,36.8,36.297777777777775,486.975,60.00133330277777,36.297777777777775,0.0,0.598400036666672,0.0,0.0,74.80999965555556,49.46579207603001,37.005358881695884,0.12,0.08,0,,0.0,0.0,36.297777777777775,0.0,3220.2371527777773,62598.89129779446,1610.1185763888886
2023-01-19 04:00:00,4,0,3,False,-0.5022222222222222,0.0,-0.7333333333333333,37.0,486.0777777777778,59.99561155,7.921666666666667,10.95138888888889,0.0,37.0,-0.5022222222222222,0.0,37.0,36.49777777777778,486.0777777777778,59.99561155,36.49777777777778,0.0,0.5947338599999995,0.0,0.0,74.80999965555556,49.46579207603001,37.005358881695884,0.12,0.08,0,,0.0,0.0,36.49777777777778,0.0,3220.2371527777773,62598.89129779446,1610.1185763888886
2023-01-19 05:00:00,5,0,3,False,-0.5119444444444444,0.0,-0.7366666666666666,35.894444444444446,485.5111111111111,59.998888827777776,7.954166666666667,11.097777777777779,0.0,35.894444444444446,-0.5119444444444444,0.0,35.894444444444446,35.3825,485.5111111111111,59.998888827777776,35.3825,0.0,0.5986665933333313,0.0,0.0,74.80999965555556,49.45545066157263,36.99762246957593,0.12,0.08,0,,0.0,0.0,35.3825,0.0,3220.2371527777773,62598.89129779446,1610.1185763888886
2023-01-19 06:00:00,6,0,3,False,-0.5202777777777778,0.0,-0.7649999999999999,35.736111111111114,485.47222222222223,60.003388502777774,8.244722222222224,11.650833333333335,0.0,35.736111111111114,-0.5202777777777778,0.0,35.736111111111114,35.215833333333336,485.47222222222223,60.003388502777774,35.215833333333336,0.0,0.5959337966666709,0.0,0.0,74.80999965555556,49.44658659203773,36.99099125918741,0.18,0.096,0,,0.0,0.0,35.215833333333336,0.0,3220.2371527777773,62598.89129779446,1610.1185763888886
2023-01-19 07:00:00,7,0,3,False,-0.5177777777777778,-0.04722222222222222,-0.7641666666666668,35.975,484.60555555555555,59.99063921111111,8.425,12.099444444444446,0.0,35.975,-0.5177777777777778,0.0,35.975,35.45722222222222,484.60555555555555,59.99063921111111,35.45722222222222,0.0,0.5887670533333306,0.0,0.0,74.80999965555556,49.4492458128982,36.99298062230396,0.18,0.096,0,,0.0,0.0,35.45722222222222,0.0,3220.2371527777773,62598.89129779446,1610.1185763888886
2023-01-19 08:00:00,8,0,3,False,-0.5241666666666667,6.5,-0.7491666666666668,36.544444444444444,485.0388888888889,60.000000033333336,8.358611111111113,12.260555555555555,6.5,36.544444444444444,-0.5241666666666667,0.0,43.044444444444444,42.52027777777778,485.0388888888889,60.000000033333336,42.52027777777778,0.0,0.5999999599999967,15.100671140939598,0.0,74.80999965555556,49.442450026254775,36.987896694339426,0.18,0.096,0,,6.5,0.0,42.52027777777778,3.25,3226.7371527777773,62598.89129779446,1613.3685763888886
2023-01-19 09:00:00,9,0,3,False,-0.5216666666666667,21.780555555555555,-0.7883333333333332,37.0,485.7083333333333,59.99219461944445,8.199444444444445,12.041944444444443,21.780555555555555,37.0,-0.5216666666666667,0.0,58.78055555555555,58.25888888888888,485.7083333333333,59.99219461944445,58.25888888888888,0.0,0.5906335433333367,37.05401446056425,0.0,74.80999965555556,49.44510924711525,36.98988605745598,0.18,0.096,0,,21.780555555555555,0.0,58.25888888888888,10.890277777777778,3248.517708333333,62598.89129779446,1624.2588541666664
2023-01-19 10:00:00,10,0,3,False,-0.5222222222222223,29.325,-0.7686111111111111,37.0,486.05555555555554,60.00383308888889,8.129999999999999,11.905000000000003,29.325,37.0,-0.5222222222222223,0.0,66.325,65.80277777777778,486.05555555555554,60.00383308888889,65.80277777777778,0.0,0.5954002933333328,44.21409724839804,0.0,74.80999965555556,49.444518309146254,36.98944397676342,0.18,0.096,0,,29.325,0.0,65.80277777777778,14.6625,3277.8427083333327,62598.89129779446,1638.9213541666663
2023-01-19 11:00:00,11,0,3,False,-0.5191666666666667,32.638888888888886,-0.7755555555555556,37.0,485.93055555555554,60.01080492222222,8.097777777777775,11.806944444444444,32.638888888888886,37.0,-0.5191666666666667,0.0,69.63888888888889,69.11972222222222,485.93055555555554,60.01080492222222,69.11972222222222,0.0,0.5870340933333352,46.86876745113682,0.0,74.80999965555556,49.44776846797571,36.99187542057254,0.12,0.08,0,,32.638888888888886,0.0,69.11972222222222,16.319444444444443,3310.4815972222214,62598.89129779446,1655.2407986111107
2023-01-19 12:00:00,12,0,3,False,-0.5241666666666667,33.55277777777778,-0.7558333333333334,37.0,483.65833333333336,59.9961391611111,8.239444444444445,11.975555555555555,33.55277777777778,37.0,-0.5241666666666667,0.0,70.55277777777778,70.0286111111111,483.65833333333336,59.9961391611111,70.0286111111111,0.0,0.5953669933333231,47.5569904326942,0.0,74.80999965555556,49.442450026254775,36.987896694339426,0.12,0.08,0,,33.55277777777778,0.0,70.0286111111111,16.77638888888889,3344.0343749999993,62598.89129779446,1672.0171874999996
2023-01-19 13:00:00,13,0,3,False,-0.5102777777777777,30.93888888888889,-0.7377777777777779,37.0,483.72222222222223,60.010583063888895,8.925555555555555,12.237222222222224,30.93888888888889,37.0,-0.5102777777777777,0.0,67.9388888888889,67.42861111111112,483.72222222222223,60.010583063888895,67.42861111111112,0.0,0.5873003233333264,45.53929184724834,0.0,74.80999965555556,49.45722347547961,36.99894871165363,0.12,0.08,0,,30.93888888888889,0.0,67.42861111111112,15.469444444444445,3374.973263888888,62598.89129779446,1687.486631944444
2023-01-19 14:00:00,14,0,3,False,-0.5158333333333333,25.09722222222222,-0.7569444444444444,37.0,483.8861111111111,60.00802746666666,9.658333333333333,12.376388888888888,25.09722222222222,37.0,-0.5158333333333333,0.0,62.09722222222222,61.58138888888889,483.8861111111111,60.00802746666666,61.58138888888889,0.0,0.5903670400000066,40.416014314471035,0.0,74.80999965555556,49.45131409578968,36.99452790472795,0.12,0.08,0,,25.09722222222222,0.0,61.58138888888889,12.54861111111111,3400.0704861111103,62598.89129779446,1700.0352430555552
2023-01-19 15:00:00,15,0,3,False,-0.5344444444444445,15.127777777777778,-0.7597222222222222,37.0,483.9888888888889,60.006444249999994,10.27888888888889,12.646111111111109,15.127777777777778,37.0,-0.5344444444444445,0.0,52.12777777777778,51.593333333333334,483.9888888888889,60.006444249999994,51.593333333333334,0.0,0.592266900000007,29.020569114355748,0.0,74.80999965555556,49.431517673828395,36.97971820152691,0.12,0.08,0,,15.127777777777778,0.0,51.593333333333334,7.563888888888889,3415.198263888888,62598.89129779446,1707.599131944444
2023-01-19 16:00:00,16,0,3,False,-0.5,1.7305555555555556,-0.6947222222222222,37.0,483.7638888888889,59.99025040277779,10.634166666666665,12.793055555555556,1.7305555555555556,37.0,-0.5,0.0,38.730555555555554,38.230555555555554,483.7638888888889,59.99025040277779,38.230555555555554,0.0,0.5883004833333473,4.468191924263071,0.0,74.80999965555556,49.46815582790599,37.00712720446616,0.12,0.08,0,,1.7305555555555556,0.0,38.230555555555554,0.8652777777777778,3416.9288194444434,62598.89129779446,1708.4644097222217
2023-01-19 17:00:00,17,0,3,False,-0.5211111111111112,-0.33611111111111114,-0.7394444444444446,37.0,482.0444444444444,59.99730582777779,10.697222222222223,12.71,0.0,37.0,-0.5211111111111112,0.0,37.0,36.47888888888889,482.0444444444444,59.99730582777779,36.47888888888889,0.0,0.5967669933333439,0.0,0.0,74.80999965555556,49.44570018508424,36.990328138148556,0.12,0.08,0,,0.0,0.0,36.47888888888889,0.0,3416.9288194444434,62598.89129779446,1708.4644097222217
2023-01-19 18:00:00,18,0,3,False,-0.5166666666666667,0.0,-0.7225,37.0,483.5,59.99316664166667,10.553888888888888,12.594166666666666,0.0,37.0,-0.5166666666666667,0.0,37.0,36.483333333333334,483.5,59.99316664166667,36.483333333333334,0.0,0.5917999700000024,0.0,0.0,74.80999965555556,49.450427688836186,36.9938647836891,0.18,0.096,0,,0.0,0.0,36.483333333333334,0.0,3416.9288194444434,62598.89129779446,1708.4644097222217
2023-01-19 19:00:00,19,0,3,False,-0.5105555555555555,0.0,-0.696388888888889,37.0,484.8305555555556,60.010305025,10.317222222222222,12.42,0.0,37.0,-0.5105555555555555,0.0,37.0,36.489444444444445,484.8305555555556,60.010305025,36.489444444444445,0.0,0.5876339699999988,0.0,0.0,74.80999965555556,49.45692800649511,36.99872767130735,0.18,0.096,0,,0.0,0.0,36.489444444444445,0.0,3416.9288194444434,62598.89129779446,1708.4644097222217
2023-01-19 20:00:00,20,0,3,False,-0.5097222222222222,0.0,-0.6813888888888889,37.0,483.375,59.99322237222223,10.078611111111112,12.194444444444445,0.0,37.0,-0.5097222222222222,0.0,37.0,36.49027777777778,483.375,59.99322237222223,36.49027777777778,0.0,0.591866846666673,0.0,0.0,74.80999965555556,49.4578144134486,36.999390792346205,0.18,0.096,0,,0.0,0.0,36.49027777777778,0.0,3416.9288194444434,62598.89129779446,1708.4644097222217
2023-01-19 21:00:00,21,0,3,False,-0.47611111111111115,0.0,31.255000411111112,37.0,483.50555555555553,60.00236095555556,9.720555555555555,11.90888888888889,0.0,37.0,-0.47611111111111115,31.255000411111112,37.0,5.268888477777777,483.50555555555553,60.00236095555556,5.268888477777777,0.0,0.5971668533333286,0.0,36.04128276189012,74.80999965555556,49.4935661605727,37.0261366742466,0.18,0.096,0,,0.0,31.255000411111112,5.268888477777777,0.0,3416.9288194444434,62630.14629820557,1708.4644097222217
2023-01-19 22:00:00,22,0,3,False,-0.4716666666666667,0.0,114.22277922777779,37.0,489.25555555555553,59.997111188888894,9.343611111111112,11.657499999999999,0.0,37.0,-0.4716666666666667,114.22277922777779,37.0,-77.69444589444446,489.25555555555553,59.997111188888894,0.0,77.69444589444446,0.596533426666673,0.0,131.71445944162568,74.80999965555556,49.49829366432465,37.02967331978715,0.18,0.096,0,,0.0,114.22277922777779,-77.69444589444446,0.0,3416.9288194444434,62744.369077433345,1708.4644097222217
2023-01-19 23:00:00,23,0,3,False,-0.5005555555555555,0.0,115.58083493333335,37.0,488.175,59.99950001388889,8.968333333333334,11.374722222222223,0.0,37.0,-0.5005555555555555,115.58083493333335,37.0,-79.0813904888889,488.175,59.99950001388889,0.0,79.0813904888889,0.5994000166666694,0.0,133.28048308733088,74.80999965555556,49.467564889936995,37.006685123773586,0.12,0.08,0,,0.0,115.58083493333335,-79.0813904888889,0.0,3416.9288194444434,62859.949912366676,1708.4644097222217
2023-01-20 00:00:00,0,0,4,False,-0.46527777777777785,0.0,115.0322238638889,36.483333333333334,486.0138888888889,60.00311110277777,8.5375,11.070833333333333,0.0,36.483333333333334,-0.46527777777777785,115.0322238638889,36.483333333333334,-79.01416830833334,486.0138888888889,60.00311110277777,0.0,79.01416830833334,0.5962666766666729,0.0,132.6478596216431,74.80999965555556,49.50508945096807,37.034757247751685,0.12,0.08,0,,0.0,115.0322238638889,-79.01416830833334,0.0,3416.9288194444434,62974.98213623057,1708.4644097222217
2023-01-20 01:00:00,1,0,4,False,-0.5133333333333334,0.0,116.41889048055556,36.922222222222224,487.7138888888889,59.99466680555555,8.278611111111111,10.914722222222222,0.0,36.922222222222224,-0.5133333333333334,116.41889048055556,36.922222222222224,-80.01000159166666,487.7138888888889,59.99466680555555,0.0,80.01000159166666,0.593600166666664,0.0,134.2468755541462,74.80999965555556,49.45397331665015,36.99651726784452,0.12,0.08,0,,0.0,116.41889048055556,-80.01000159166666,0.0,3416.9288194444434,63091.40102671112,1708.4644097222217
2023-01-20 02:00:00,2,0,4,False,-0.5152777777777777,0.0,116.30666819166666,36.31944444444444,487.46666666666664,59.99505590277778,7.996388888888889,10.783333333333333,0.0,36.31944444444444,-0.5152777777777777,116.30666819166666,36.31944444444444,-80.502501525,487.46666666666664,59.99505590277778,0.0,80.502501525,0.5940670833333342,0.0,134.11746793319494,74.80999965555556,49.45190503375867,36.994969985420525,0.12,0.08,0,,0.0,116.30666819166666,-80.502501525,0.0,3416.9288194444434,63207.70769490279,1708.4644097222217
2023-01-20 03:00:00,3,0,4,False,-0.511388888888889,0.0,117.19805718888891,36.62777777777778,487.45,59.988611761111116,8.098611111111111,11.04361111111111,0.0,36.62777777777778,-0.511388888888889,117.19805718888891,36.62777777777778,-81.08166830000002,487.45,59.988611761111116,0.0,81.08166830000002,0.5863341133333392,0.0,135.14536114954902,74.80999965555556,49.45604159954162,36.9980645502685,0.12,0.08,0,,0.0,117.19805718888891,-81.08166830000002,0.0,3416.9288194444434,63324.905752091676,1708.4644097222217
2023-01-20 04:00:00,4,0,4,False,-0.5094444444444445,0.0,116.22222384722222,36.519444444444446,487.1611111111111,59.99505591944445,8.136111111111111,11.26638888888889,0.0,36.519444444444446,-0.5094444444444445,116.22222384722222,36.519444444444446,-80.21222384722222,487.1611111111111,59.99505591944445,0.0,80.21222384722222,0.5940671033333359,0.0,134.02009207474887,74.80999965555556,49.4581098824331,36.99961183269249,0.12,0.08,0,,0.0,116.22222384722222,-80.21222384722222,0.0,3416.9288194444434,63441.1279759389,1708.4644097222217
2023-01-20 05:00:00,5,0,4,False,-0.5161111111111112,0.0,115.82527933611111,36.455555555555556,486.39166666666665,59.99719439166666,8.116388888888888,11.455,0.0,36.455555555555556,-0.5161111111111112,115.82527933611111,36.455555555555556,-79.88583489166666,486.39166666666665,59.99719439166666,0.0,79.88583489166666,0.5966332699999924,0.0,133.5623608580617,74.80999965555556,49.45101862680518,36.99430686438167,0.12,0.08,0,,0.0,115.82527933611111,-79.88583489166666,0.0,3416.9288194444434,63556.95325527501,1708.4644097222217
2023-01-20 06:00:00,6,0,4,False,-0.5088888888888888,0.0,117.43500151666667,37.00277777777778,484.4916666666667,59.98633347500001,8.077777777777778,11.586666666666666,0.0,37.00277777777778,-0.5088888888888888,117.43500151666667,37.00277777777778,-80.94111262777778,484.4916666666667,59.98633347500001,0.0,80.94111262777778,0.5836001700000111,0.0,135.41859030980936,74.80999965555556,49.45870082040209,37.00005391338506,0.18,0.096,0,,0.0,117.43500151666667,-80.94111262777778,0.0,3416.9288194444434,63674.38825679167,1708.4644097222217
2023-01-20 07:00:00,7,0,4,False,-0.5041666666666667,-0.041666666666666664,117.60639048055556,36.50555555555555,484.2611111111111,59.986167191666674,7.735833333333332,11.370833333333335,0.0,36.50555555555555,-0.5041666666666667,117.60639048055556,36.50555555555555,-81.60500159166668,484.2611111111111,59.986167191666674,0.0,81.60500159166668,0.5834006300000084,0.0,135.6162251851425,74.80999965555556,49.463723793138534,37.00381159927189,0.18,0.096,0,,0.0,117.60639048055556,-81.60500159166668,0.0,3416.9288194444434,63791.99464727223,1708.4644097222217
2023-01-20 08:00:00,8,0,4,False,-0.5113888888888889,6.686111111111111,113.35805716388889,37.0,486.0777777777778,60.01530516388888,7.698611111111111,11.437222222222223,6.686111111111111,37.0,-0.5113888888888889,113.35805716388889,43.68611111111111,-70.18333494166666,486.0777777777778,60.01530516388888,0.0,70.18333494166666,0.5816338033333409,5.871734115587198,130.7173168402778,74.80999965555556,49.45604159954162,36.9980645502685,0.18,0.096,0,,6.686111111111111,113.35805716388889,-70.18333494166666,3.3430555555555554,3423.6149305555546,63905.35270443612,1711.8074652777773
2023-01-20 09:00:00,9,0,4,False,-0.5127777777777778,22.016666666666666,111.3580570805556,37.0,485.8611111111111,60.02938852777777,7.649722222222223,11.248055555555556,22.016666666666666,37.0,-0.5127777777777778,111.3580570805556,59.016666666666666,-52.85416819166671,485.8611111111111,60.02938852777777,0.0,52.85416819166671,0.5647337666666772,19.68043475723344,128.4110436814525,74.80999965555556,49.454564254619136,36.99695934853708,0.18,0.096,0,,22.016666666666666,111.3580570805556,-52.85416819166671,11.008333333333333,3445.6315972222214,64016.710761516675,1722.8157986111107
2023-01-20 10:00:00,10,0,4,False,-0.49722222222222223,29.9,112.70555705555557,37.0,485.2916666666667,60.02874959166665,7.7202777777777785,11.269166666666665,29.9,37.0,-0.49722222222222223,112.70555705555557,66.9,-46.30277927777779,485.2916666666667,60.02874959166665,0.0,46.30277927777779,0.5655004900000165,26.412779077297355,129.9648951286388,74.80999965555556,49.47111051775095,37.00933760792899,0.18,0.096,0,,29.9,112.70555705555557,-46.30277927777779,14.95,3475.5315972222215,64129.41631857223,1737.7657986111108
2023-01-20 11:00:00,11,0,4,False,-0.5108333333333334,33.68333333333333,114.02944583611114,37.0,485.925,60.02647189444444,7.75861111111111,11.212222222222223,33.68333333333333,37.0,-0.5108333333333334,114.02944583611114,70.68333333333334,-43.85694583611113,485.925,60.02647189444444,0.0,43.85694583611113,0.5682337266666707,29.407413337542245,131.4915196449621,74.80999965555556,49.456632537510615,36.99850663096107,0.12,0.08,0,,33.68333333333333,114.02944583611114,-43.85694583611113,16.841666666666665,3509.214930555555,64243.44576440834,1754.6074652777775
2023-01-20 12:00:00,12,0,4,False,-0.5102777777777778,34.07222222222222,116.34500157500003,37.0,486.8666666666667,60.01016620277778,8.007777777777777,11.419444444444444,34.07222222222222,37.0,-0.5102777777777778,116.34500157500003,71.07222222222222,-45.783057130555584,486.8666666666667,60.01016620277778,0.0,45.783057130555584,0.5878005566666615,29.157623353379353,134.1616715578875,74.80999965555556,49.45722347547961,36.99894871165363,0.12,0.08,0,,34.07222222222222,116.34500157500003,-45.783057130555584,17.03611111111111,3543.287152777777,64359.790765983336,1771.6435763888885
2023-01-20 13:00:00,13,0,4,False,-0.5077777777777778,32.11666666666667,118.46389059722223,37.0,486.88055555555553,59.99536142222223,8.757777777777779,11.75111111111111,32.11666666666667,37.0,-0.5077777777777778,118.46389059722223,69.11666666666667,-49.85500170833333,486.88055555555553,59.99536142222223,0.0,49.85500170833333,0.5944337066666776,26.995222564614778,136.60503989532086,74.80999965555556,49.45988269634008,37.0009380747702,0.12,0.08,0,,32.11666666666667,118.46389059722223,-49.85500170833333,16.058333333333334,3575.403819444444,64478.25465658056,1787.701909722222
2023-01-20 14:00:00,14,0,4,False,-0.5058333333333334,26.908333333333335,118.24944595277779,37.0,487.30555555555554,59.99636125555555,9.489722222222223,11.853611111111112,26.908333333333335,37.0,-0.5058333333333334,118.24944595277779,63.90833333333333,-54.846945952777794,487.30555555555554,59.99636125555555,0.0,54.846945952777794,0.5956335066666583,22.65864178425655,136.3577559418563,74.80999965555556,49.46195097923156,37.00248535719419,0.12,0.08,0,,26.908333333333335,118.24944595277779,-54.846945952777794,13.454166666666667,3602.312152777777,64596.50410253334,1801.1560763888886
2023-01-20 15:00:00,15,0,4,False,-0.5230555555555555,16.130555555555556,118.50777936944445,37.0,487.4583333333333,59.994305969444454,10.123055555555556,12.185555555555554,16.130555555555556,37.0,-0.5230555555555555,118.50777936944445,53.13055555555556,-65.90027936944445,487.4583333333333,59.994305969444454,0.0,65.90027936944445,0.5931671633333451,13.551577257875438,136.65564964188707,74.80999965555556,49.44363190219276,36.98878085572456,0.12,0.08,0,,16.130555555555556,118.50777936944445,-65.90027936944445,8.065277777777778,3618.4427083333326,64715.011881902785,1809.2213541666663
2023-01-20 16:00:00,16,0,4,False,-0.5283333333333333,1.8722222222222222,118.31416818333334,37.0,487.34444444444443,59.99600017777779,10.578611111111112,12.429722222222225,1.8722222222222222,37.0,-0.5283333333333333,118.31416818333334,38.87222222222222,-79.97027929444445,487.34444444444443,59.99600017777779,0.0,79.97027929444445,0.595200213333345,1.5753810281077418,136.43238951030136,74.80999965555556,49.43801799148733,36.984581089145166,0.12,0.08,0,,1.8722222222222222,118.31416818333334,-79.97027929444445,0.9361111111111111,3620.314930555555,64833.32605008612,1810.1574652777774
2023-01-20 17:00:00,17,0,4,False,-0.5111111111111111,-0.33611111111111114,118.37111254444446,37.0,486.89722222222224,59.9962499638889,10.715000000000002,12.315833333333336,0.0,37.0,-0.5111111111111111,118.37111254444446,37.0,-81.88222365555556,486.89722222222224,59.9962499638889,0.0,81.88222365555556,0.59549995666668,0.0,136.49805413335386,74.80999965555556,49.45633706852612,36.998285590614785,0.12,0.08,0,,0.0,118.37111254444446,-81.88222365555556,0.0,3620.314930555555,64951.69716263057,1810.1574652777774
2023-01-20 18:00:00,18,0,4,False,-0.4952777777777778,0.0,119.12722373055557,37.0,487.5888888888889,59.991000305555566,10.685833333333333,12.219444444444445,0.0,37.0,-0.4952777777777778,119.12722373055557,37.0,-82.62250150833334,487.5888888888889,59.991000305555566,0.0,82.62250150833334,0.5892003666666795,0.0,137.36995356383252,74.80999965555556,49.47317880064243,37.01088489035299,0.18,0.096,0,,0.0,119.12722373055557,-82.62250150833334,0.0,3620.314930555555,65070.82438636112,1810.1574652777774
2023-01-20 19:00:00,19,0,4,False,-0.5011111111111112,0.0,118.52583475833336,37.0,488.7361111111111,59.9948616638889,10.54111111111111,12.174166666666666,0.0,37.0,-0.5011111111111112,118.52583475833336,37.0,-82.02694586944448,488.7361111111111,59.9948616638889,0.0,82.02694586944448,0.5938339966666774,0.0,136.67646997040285,74.80999965555556,49.466973951968,37.00624304308102,0.18,0.096,0,,0.0,118.52583475833336,-82.02694586944448,0.0,3620.314930555555,65189.35022111946,1810.1574652777774
2023-01-20 20:00:00,20,0,4,False,-0.5158333333333333,0.0,117.61083490000003,37.0,486.7472222222222,60.00147236666666,10.270555555555557,11.98611111111111,0.0,37.0,-0.5158333333333333,117.61083490000003,37.0,-81.12666823333336,486.7472222222222,60.00147236666666,0.0,81.12666823333336,0.5982331600000066,0.0,135.6213502075646,74.80999965555556,49.45131409578968,36.99452790472795,0.18,0.096,0,,0.0,117.61083490000003,-81.12666823333336,0.0,3620.314930555555,65306.961056019456,1810.1574652777774
2023-01-20 21:00:00,21,0,4,False,-0.49,0.0,117.72000145000001,37.0,488.6361111111111,60.00041661944445,10.153055555555556,11.825555555555557,0.0,37.0,-0.49,117.72000145000001,37.0,-81.21000145000001,488.6361111111111,60.00041661944445,0.0,81.21000145000001,0.599500056666659,0.0,135.7472341443727,74.80999965555556,49.478792711347864,37.01508465693239,0.18,0.096,0,,0.0,117.72000145000001,-81.21000145000001,0.0,3620.314930555555,65424.681057469454,1810.1574652777774
2023-01-20 22:00:00,22,0,4,False,-0.4955555555555556,0.0,116.78222373888892,37.0,487.69444444444446,60.007555086111104,9.916944444444445,11.67722222222222,0.0,37.0,-0.4955555555555556,116.78222373888892,37.0,-80.27777929444447,487.69444444444446,60.007555086111104,0.0,80.27777929444447,0.5909338966666752,0.0,134.66584840739034,74.80999965555556,49.47288333165793,37.01066385000671,0.18,0.096,0,,0.0,116.78222373888892,-80.27777929444447,0.0,3620.314930555555,65541.46328120834,1810.1574652777774
2023-01-20 23:00:00,23,0,4,False,-0.4975,0.0,117.01916819166667,37.0,488.18055555555554,60.00641645277778,9.695277777777777,11.497222222222222,0.0,37.0,-0.4975,117.01916819166667,37.0,-80.51666819166667,488.18055555555554,60.00641645277778,0.0,80.51666819166667,0.5923002566666667,0.0,134.93907771179275,74.80999965555556,49.470815048766454,37.00911656758271,0.12,0.08,0,,0.0,117.01916819166667,-80.51666819166667,0.0,3620.314930555555,65658.4824494,1810.1574652777774
2023-01-21 00:00:00,0,0,5,True,-0.47305555555555556,0.0,117.39694592777778,37.0,486.02777777777777,60.00386097222221,9.40611111111111,11.293055555555556,0.0,37.0,-0.47305555555555556,117.39694592777778,37.0,-80.87000148333334,486.02777777777777,60.00386097222221,0.0,80.87000148333334,0.595366833333344,0.0,135.37470702003895,74.80999965555556,49.496816319402164,37.02856811805572,0.12,0.08,0,,0.0,117.39694592777778,-80.87000148333334,0.0,3620.314930555555,65775.87939532778,1810.1574652777774
2023-01-21 01:00:00,1,0,5,True,-0.5080555555555556,0.0,118.13083476666668,37.0,488.5888888888889,59.99786118888888,9.135555555555555,11.097499999999998,0.0,37.0,-0.5080555555555556,118.13083476666668,37.0,-81.63889032222224,488.5888888888889,59.99786118888888,0.0,81.63889032222224,0.5974334266666602,0.0,136.22098105012302,74.80999965555556,49.459587227355584,37.000717034423914,0.12,0.08,0,,0.0,118.13083476666668,-81.63889032222224,0.0,3620.314930555555,65894.01023009444,1810.1574652777774
2023-01-21 02:00:00,2,0,5,True,-0.5175000000000001,0.0,118.3688904388889,37.0,488.96666666666664,59.99591686111111,8.82388888888889,10.84388888888889,0.0,37.0,-0.5175000000000001,118.3688904388889,37.0,-81.8863904388889,488.96666666666664,59.99591686111111,0.0,81.8863904388889,0.595100233333335,0.0,136.49549174226118,74.80999965555556,49.449541281882695,36.99320166265025,0.12,0.08,0,,0.0,118.3688904388889,-81.8863904388889,0.0,3620.314930555555,66012.37912053333,1810.1574652777774
2023-01-21 03:00:00,3,0,5,True,-0.49722222222222223,0.0,117.63194577777779,37.00277777777778,488.60833333333335,60.00127777777777,8.509166666666667,10.638333333333332,0.0,37.00277777777778,-0.49722222222222223,117.63194577777779,37.00277777777778,-81.12639022222223,488.60833333333335,60.00127777777777,0.0,81.12639022222223,0.5984666666666726,0.0,135.64569393193932,74.80999965555556,49.47111051775095,37.00933760792899,0.12,0.08,0,,0.0,117.63194577777779,-81.12639022222223,0.0,3620.314930555555,66130.0110663111,1810.1574652777774
2023-01-21 04:00:00,4,0,5,True,-0.5341666666666667,0.0,119.50666819166666,36.358333333333334,488.53333333333336,59.98880628333334,8.181944444444444,10.407777777777778,0.0,36.358333333333334,-0.5341666666666667,119.50666819166666,36.358333333333334,-83.68250152499999,488.53333333333336,59.98880628333334,0.0,83.68250152499999,0.5865675400000071,0.0,137.80750483356397,74.80999965555556,49.43181314281289,36.97993924187319,0.12,0.08,0,,0.0,119.50666819166666,-83.68250152499999,0.0,3620.314930555555,66249.51773450276,1810.1574652777774
2023-01-21 05:00:00,5,0,5,True,-0.5127777777777778,0.0,118.43139031388891,36.827777777777776,488.35277777777776,59.99577798055555,8.1875,10.573055555555555,0.0,36.827777777777776,-0.5127777777777778,118.43139031388891,36.827777777777776,-82.11639031388891,488.35277777777776,59.99577798055555,0.0,82.11639031388891,0.5949335766666621,0.0,136.56756263132948,74.80999965555556,49.454564254619136,36.99695934853708,0.12,0.08,0,,0.0,118.43139031388891,-82.11639031388891,0.0,3620.314930555555,66367.94912481665,1810.1574652777774
2023-01-21 06:00:00,6,0,5,True,-0.5208333333333334,0.0,120.60777932777779,36.269444444444446,485.225,59.98155594444446,8.11111111111111,10.715,0.0,36.269444444444446,-0.5208333333333334,120.60777932777779,36.269444444444446,-84.85916821666667,485.225,59.98155594444446,0.0,84.85916821666667,0.5778671333333506,0.0,139.07723630970688,74.80999965555556,49.44599565406874,36.99054917849484,0.18,0.096,0,,0.0,120.60777932777779,-84.85916821666667,0.0,3620.314930555555,66488.55690414443,1810.1574652777774
2023-01-21 07:00:00,7,0,5,True,-0.5161111111111112,-0.027777777777777776,119.62416803333335,36.0,486.0027777777778,59.98808335555556,8.177222222222223,10.977777777777778,0.0,36.0,-0.5161111111111112,119.62416803333335,36.0,-84.14027914444446,486.0027777777778,59.98808335555556,0.0,84.14027914444446,0.5857000266666716,0.0,137.94299819341944,74.80999965555556,49.45101862680518,36.99430686438167,0.18,0.096,0,,0.0,119.62416803333335,-84.14027914444446,0.0,3620.314930555555,66608.18107217776,1810.1574652777774
2023-01-21 08:00:00,8,0,5,True,-0.543611111111111,7.15,117.3963903388889,37.0,486.25555555555553,60.00211100833332,8.1525,11.245833333333334,7.15,37.0,-0.543611111111111,117.3963903388889,44.15,-73.79000145000002,486.25555555555553,60.00211100833332,0.0,73.79000145000002,0.5974667900000128,6.0624045379812905,135.37406635019477,74.80999965555556,49.42176719734001,36.97242387009953,0.18,0.096,0,,7.15,117.3963903388889,-73.79000145000002,3.575,3627.464930555555,66725.57746251665,1813.7324652777775
2023-01-21 09:00:00,9,0,5,True,-0.5169444444444445,22.355555555555554,116.89694601111113,37.0,485.3222222222222,60.00708295555556,7.975833333333334,11.034444444444443,22.355555555555554,37.0,-0.5169444444444445,116.89694601111113,59.355555555555554,-58.05833490000002,485.3222222222222,60.00708295555556,0.0,58.05833490000002,0.5915004533333273,19.039958107867786,134.798138850451,74.80999965555556,49.45013221985169,36.993643743342815,0.18,0.096,0,,22.355555555555554,116.89694601111113,-58.05833490000002,11.177777777777777,3649.8204861111103,66842.47440852776,1824.9102430555552
2023-01-21 10:00:00,10,0,5,True,-0.5297222222222222,29.525,117.84527928611112,37.0,486.3861111111111,60.0009166138889,7.943333333333334,11.030277777777776,29.525,37.0,-0.5297222222222222,117.84527928611112,66.525,-51.850001508333335,486.3861111111111,60.0009166138889,0.0,51.850001508333335,0.5989000633333234,24.941921540690753,135.89169659376284,74.80999965555556,49.43654064656484,36.98347588741374,0.18,0.096,0,,29.525,117.84527928611112,-51.850001508333335,14.7625,3679.3454861111104,66960.31968781387,1839.6727430555552
2023-01-21 11:00:00,11,0,5,True,-0.5169444444444445,33.40555555555556,116.5738906138889,37.0,487.1777777777778,60.00830521666667,7.914166666666667,10.949722222222224,33.40555555555556,37.0,-0.5169444444444445,116.5738906138889,70.40555555555557,-46.68527950277779,487.1777777777778,60.00830521666667,0.0,46.68527950277779,0.5900337399999955,28.529607410275347,134.42561187025933,74.80999965555556,49.45013221985169,36.993643743342815,0.12,0.08,0,,33.40555555555556,116.5738906138889,-46.68527950277779,16.70277777777778,3712.751041666666,67076.89357842776,1856.375520833333
2023-01-21 12:00:00,12,0,5,True,-0.525,33.861111111111114,117.27250147500001,37.0,487.3611111111111,60.00319441388889,8.116388888888888,11.151111111111113,33.861111111111114,37.0,-0.525,117.27250147500001,70.86111111111111,-46.9363903638889,487.3611111111111,60.00319441388889,0.0,46.9363903638889,0.5961667033333299,28.745186177227538,135.23120557541515,74.80999965555556,49.441563619301284,36.98723357330057,0.12,0.08,0,,33.861111111111114,117.27250147500001,-46.9363903638889,16.930555555555557,3746.6121527777773,67194.16607990276,1873.3060763888886
2023-01-21 13:00:00,13,0,5,True,-0.5197222222222223,31.675,118.7738903638889,37.0,487.8611111111111,59.99322239166667,8.797777777777778,11.463055555555558,31.675,37.0,-0.5197222222222223,118.7738903638889,68.675,-50.61861258611112,487.8611111111111,59.99322239166667,0.0,50.61861258611112,0.591866870000004,26.552134111233876,136.9625119509789,74.80999965555556,49.44717753000672,36.991433339879976,0.12,0.08,0,,31.675,118.7738903638889,-50.61861258611112,15.8375,3778.2871527777775,67312.93997026664,1889.1435763888887
2023-01-21 14:00:00,14,0,5,True,-0.5311111111111111,26.255555555555556,118.1986126527778,37.0,487.2972222222222,59.99700009444444,9.5675,11.60861111111111,26.255555555555556,37.0,-0.5311111111111111,118.1986126527778,63.25555555555556,-55.474168208333346,487.2972222222222,59.99700009444444,0.0,55.474168208333346,0.5964001133333255,22.113717376929554,136.29913820661645,74.80999965555556,49.43506330164236,36.98237068568232,0.12,0.08,0,,26.255555555555556,118.1986126527778,-55.474168208333346,13.127777777777778,3804.542708333333,67431.13858291942,1902.2713541666665
2023-01-21 15:00:00,15,0,5,True,-0.5236111111111111,16.183333333333334,117.82277918611112,37.0,485.2138888888889,59.999055616666666,10.262777777777778,11.982777777777779,16.183333333333334,37.0,-0.5236111111111111,117.82277918611112,53.18333333333334,-65.16305696388889,485.2138888888889,59.999055616666666,0.0,65.16305696388889,0.5988667399999997,13.674547481076136,135.86575090649345,74.80999965555556,49.44304096422377,36.98833877503199,0.12,0.08,0,,16.183333333333334,117.82277918611112,-65.16305696388889,8.091666666666667,3820.7260416666663,67548.96136210553,1910.3630208333332
2023-01-21 16:00:00,16,0,5,True,-0.5038888888888888,2.1416666666666666,118.14555712222223,37.0,484.725,59.99702793333333,10.615,12.183055555555557,2.1416666666666666,37.0,-0.5038888888888888,118.14555712222223,39.141666666666666,-79.50777934444446,484.725,59.99702793333333,0.0,79.50777934444446,0.5964335199999936,1.805037224081187,136.23795793614187,74.80999965555556,49.46401926212303,37.004032639618174,0.12,0.08,0,,2.1416666666666666,118.14555712222223,-79.50777934444446,1.0708333333333333,3822.867708333333,67667.10691922775,1911.4338541666666
2023-01-21 17:00:00,17,0,5,True,-0.5058333333333334,-0.3638888888888889,118.68166823333337,37.0,486.1361111111111,59.99358342777778,10.664444444444444,12.044444444444444,0.0,37.0,-0.5058333333333334,118.68166823333337,37.0,-82.1875015666667,486.1361111111111,59.99358342777778,0.0,82.1875015666667,0.5923001133333343,0.0,136.85616724323498,74.80999965555556,49.46195097923156,37.00248535719419,0.12,0.08,0,,0.0,118.68166823333337,-82.1875015666667,0.0,3822.867708333333,67785.78858746108,1911.4338541666666
2023-01-21 18:00:00,18,0,5,True,-0.5038888888888889,0.0,119.491668125,37.0,489.1361111111111,59.988028461111114,10.496111111111112,11.933333333333334,0.0,37.0,-0.5038888888888889,119.491668125,37.0,-82.9955570138889,489.1361111111111,59.988028461111114,0.0,82.9955570138889,0.5856341533333363,0.0,137.79020770871773,74.80999965555556,49.46401926212303,37.004032639618174,0.18,0.096,0,,0.0,119.491668125,-82.9955570138889,0.0,3822.867708333333,67905.28025558608,1911.4338541666666
2023-01-21 19:00:00,19,0,5,True,-0.4905555555555555,0.0,117.1661125777778,37.0,489.96666666666664,60.004777922222225,10.185833333333333,11.765277777777778,0.0,37.0,-0.4905555555555555,117.1661125777778,37.0,-80.65666813333335,489.96666666666664,60.004777922222225,0.0,80.65666813333335,0.5942664933333305,0.0,135.10852465149654,74.80999965555556,49.47820177337887,37.014642576239815,0.18,0.096,0,,0.0,117.1661125777778,-80.65666813333335,0.0,3822.867708333333,68022.44636816386,1911.4338541666666
2023-01-21 20:00:00,20,0,5,True,-0.5052777777777778,0.0,116.14222375555556,37.0,489.26666666666665,60.012332741666654,9.895555555555557,11.527777777777779,0.0,37.0,-0.5052777777777778,116.14222375555556,37.0,-79.64750153333334,489.26666666666665,60.012332741666654,0.0,79.64750153333334,0.5852007100000151,0.0,133.9278410465355,74.80999965555556,49.46254191720055,37.002927437886754,0.18,0.096,0,,0.0,116.14222375555556,-79.64750153333334,0.0,3822.867708333333,68138.58859191941,1911.4338541666666
2023-01-21 21:00:00,21,0,5,True,-0.5166666666666667,0.0,116.14416823333336,36.75833333333333,490.98333333333335,60.012027130555545,9.436388888888889,11.224444444444444,0.0,36.75833333333333,-0.5166666666666667,116.14416823333336,36.75833333333333,-79.90250156666669,490.98333333333335,60.012027130555545,0.0,79.90250156666669,0.5855674433333462,0.0,133.9300832948955,74.80999965555556,49.450427688836186,36.9938647836891,0.18,0.096,0,,0.0,116.14416823333336,-79.90250156666669,0.0,3822.867708333333,68254.73276015275,1911.4338541666666
2023-01-21 22:00:00,22,0,5,True,-0.48777777777777775,0.0,116.41583490833335,36.81944444444444,489.9888888888889,60.01099955555554,8.953888888888889,10.890555555555554,0.0,36.81944444444444,-0.48777777777777775,116.41583490833335,36.81944444444444,-80.08416824166669,489.9888888888889,60.01099955555554,0.0,80.08416824166669,0.5868005333333485,0.0,134.2433520621925,74.80999965555556,49.48115646322384,37.01685297970266,0.18,0.096,0,,0.0,116.41583490833335,-80.08416824166669,0.0,3822.867708333333,68371.14859506108,1911.4338541666666
2023-01-21 23:00:00,23,0,5,True,-0.5122222222222221,0.0,116.50222364722225,37.0,489.18888888888887,60.00941644166667,8.472222222222221,10.591666666666665,0.0,37.0,-0.5122222222222221,116.50222364722225,37.0,-80.01444586944447,489.18888888888887,60.00941644166667,0.0,80.01444586944447,0.5887002699999925,0.0,134.3429700729039,74.80999965555556,49.45515519258813,36.99740142922965,0.12,0.08,0,,0.0,116.50222364722225,-80.01444586944447,0.0,3822.867708333333,68487.65081870831,1911.4338541666666
2023-01-22 00:00:00,0,0,6,True,-0.4988888888888889,0.0,117.63472363888889,37.0,488.89444444444445,60.00194427222222,8.147777777777778,10.381944444444446,0.0,37.0,-0.4988888888888889,117.63472363888889,37.0,-81.13361252777777,488.89444444444445,60.00194427222222,0.0,81.13361252777777,0.5976668733333383,0.0,135.6488971850656,74.80999965555556,49.469337703843976,37.008011365851296,0.12,0.08,0,,0.0,117.63472363888889,-81.13361252777777,0.0,3822.867708333333,68605.28554234719,1911.4338541666666
2023-01-22 01:00:00,1,0,6,True,-0.4980555555555556,0.0,118.09916815833334,36.602777777777774,487.93611111111113,59.99766671388888,8.135833333333332,10.518333333333333,0.0,36.602777777777774,-0.4980555555555556,118.09916815833334,36.602777777777774,-81.99444593611112,487.93611111111113,59.99766671388888,0.0,81.99444593611112,0.5972000566666594,0.0,136.1844651272294,74.80999965555556,49.47022411079746,37.00867448689014,0.12,0.08,0,,0.0,118.09916815833334,-81.99444593611112,0.0,3822.867708333333,68723.38471050553,1911.4338541666666
2023-01-22 02:00:00,2,0,6,True,-0.495,0.0,118.99111274444446,36.330555555555556,488.53055555555557,59.99180603333334,8.213611111111112,10.801944444444445,0.0,36.330555555555556,-0.495,118.99111274444446,36.330555555555556,-83.1555571888889,488.53055555555557,59.99180603333334,0.0,83.1555571888889,0.5901672400000081,0.0,137.21299901342766,74.80999965555556,49.47347426962693,37.01110593069927,0.12,0.08,0,,0.0,118.99111274444446,-83.1555571888889,0.0,3822.867708333333,68842.37582324998,1911.4338541666666
2023-01-22 03:00:00,3,0,6,True,-0.5405555555555556,0.0,116.95527934444443,36.233333333333334,488.8333333333333,60.005888463888894,8.300277777777776,11.171666666666667,0.0,36.233333333333334,-0.5405555555555556,116.95527934444443,36.233333333333334,-81.26250156666666,488.8333333333333,60.005888463888894,0.0,81.26250156666666,0.5929338433333271,0.0,134.86540514811398,74.80999965555556,49.42501735616947,36.974855313908655,0.12,0.08,0,,0.0,116.95527934444443,-81.26250156666666,0.0,3822.867708333333,68959.33110259443,1911.4338541666666
2023-01-22 04:00:00,4,0,6,True,-0.5236111111111111,0.0,117.4194460277778,36.330555555555556,487.5,60.00294419444443,8.405555555555557,11.479166666666666,0.0,36.330555555555556,-0.5236111111111111,117.4194460277778,36.330555555555556,-81.61250158333334,487.5,60.00294419444443,0.0,81.61250158333334,0.5964669666666822,0.0,135.40065270730835,74.80999965555556,49.44304096422377,36.98833877503199,0.12,0.08,0,,0.0,117.4194460277778,-81.61250158333334,0.0,3822.867708333333,69076.7505486222,1911.4338541666666
2023-01-22 05:00:00,5,0,6,True,-0.5263888888888889,0.0,118.57166821666668,36.794444444444444,486.9916666666667,59.99483325,8.373055555555556,11.684722222222222,0.0,36.794444444444444,-0.5263888888888889,118.57166821666668,36.794444444444444,-82.30361266111113,486.9916666666667,59.99483325,0.0,82.30361266111113,0.593799899999999,0.0,136.7293222055658,74.80999965555556,49.4400862743788,36.98612837156915,0.12,0.08,0,,0.0,118.57166821666668,-82.30361266111113,0.0,3822.867708333333,69195.32221683887,1911.4338541666666
2023-01-22 06:00:00,6,0,6,True,-0.5305555555555556,0.0,117.95805716388891,37.0,484.3361111111111,59.99908325833332,8.114166666666668,11.622222222222222,0.0,37.0,-0.5305555555555556,117.95805716388891,37.0,-81.48861271944446,484.3361111111111,59.99908325833332,0.0,81.48861271944446,0.5988999099999859,0.0,136.02174488455825,74.80999965555556,49.43565423961135,36.98281276637489,0.18,0.096,0,,0.0,117.95805716388891,-81.48861271944446,0.0,3822.867708333333,69313.28027400277,1911.4338541666666
2023-01-22 07:00:00,7,0,6,True,-0.5411111111111111,0.2,119.44833481666669,37.00555555555555,485.65833333333336,59.98925026388889,7.8694444444444445,11.437777777777779,0.2,37.00555555555555,-0.5411111111111111,119.44833481666669,37.205555555555556,-82.78389037222225,485.65833333333336,59.98925026388889,0.0,82.78389037222225,0.5871003166666696,0.16668132638964006,137.74023848785367,74.80999965555556,49.424426418200476,36.97441323321608,0.18,0.096,0,,0.2,119.44833481666669,-82.78389037222225,0.1,3823.067708333333,69432.72860881944,1911.5338541666665
2023-01-22 08:00:00,8,0,6,True,-0.5341666666666667,3.1777777777777776,117.5794458777778,37.0,487.3888888888889,60.00199970555555,7.682500000000001,11.313333333333334,3.1777777777777776,37.0,-0.5341666666666667,117.5794458777778,40.17777777777778,-77.93583476666669,487.3888888888889,60.00199970555555,0.0,77.93583476666669,0.5976003533333426,2.690441608990687,135.5851543793563,74.80999965555556,49.43181314281289,36.97993924187319,0.18,0.096,0,,3.1777777777777776,117.5794458777778,-77.93583476666669,1.5888888888888888,3826.245486111111,69550.30805469722,1913.1227430555555
2023-01-22 09:00:00,9,0,6,True,-0.541388888888889,3.5055555555555555,115.87027949444447,37.0,487.55555555555554,60.01313860277777,7.358888888888888,11.034166666666668,3.5055555555555555,37.0,-0.541388888888889,115.87027949444447,40.50555555555555,-75.9061128277778,487.55555555555554,60.01313860277777,0.0,75.9061128277778,0.5842336766666733,3.0113437976097637,133.61425218455315,74.80999965555556,49.42413094921598,36.9741921928698,0.18,0.096,0,,3.5055555555555555,115.87027949444447,-75.9061128277778,1.7527777777777778,3829.7510416666664,69666.17833419166,1914.8755208333332
2023-01-22 10:00:00,10,0,6,True,-0.5052777777777777,11.422222222222222,120.01694604444448,37.0,487.93888888888887,59.984945205555555,7.153888888888889,10.788333333333334,11.422222222222222,37.0,-0.5052777777777777,120.01694604444448,48.422222222222224,-72.10000160000003,487.93888888888887,59.984945205555555,0.0,72.10000160000003,0.5819342466666654,9.477274696715444,138.39592486674871,74.80999965555556,49.46254191720055,37.002927437886754,0.18,0.096,0,,11.422222222222222,120.01694604444448,-72.10000160000003,5.711111111111111,3841.173263888889,69786.1952802361,1920.5866319444444
2023-01-22 11:00:00,11,0,6,True,-0.5283333333333334,17.352777777777778,119.04139053888889,37.0,489.3305555555556,59.99183385277779,7.096666666666666,10.634722222222221,17.352777777777778,37.0,-0.5283333333333334,119.04139053888889,54.352777777777774,-65.21694609444445,489.3305555555556,59.99183385277779,0.0,65.21694609444445,0.5902006233333452,14.512685331883649,137.27097617491802,74.80999965555556,49.43801799148733,36.984581089145166,0.12,0.08,0,,17.352777777777778,119.04139053888889,-65.21694609444445,8.676388888888889,3858.5260416666665,69905.23667077499,1929.2630208333333
2023-01-22 12:00:00,12,0,6,True,-0.525,14.83611111111111,119.72166813333335,37.00833333333333,489.3361111111111,59.98622302222222,7.143611111111112,10.530555555555555,14.83611111111111,37.00833333333333,-0.525,119.72166813333335,51.84444444444444,-68.40222368888891,489.3361111111111,59.98622302222222,0.0,68.40222368888891,0.5834676266666633,12.338064198718884,138.05542912054122,74.80999965555556,49.441563619301284,36.98723357330057,0.12,0.08,0,,14.83611111111111,119.72166813333335,-68.40222368888891,7.418055555555555,3873.3621527777777,70024.95833890833,1936.6810763888889
2023-01-22 13:00:00,13,0,6,True,-0.5172222222222221,9.733333333333333,119.84527928611112,37.00277777777778,488.7388888888889,59.98575055,7.200277777777779,10.491111111111111,9.733333333333333,37.00277777777778,-0.5172222222222221,119.84527928611112,46.736111111111114,-73.62639039722222,488.7388888888889,59.98575055,0.0,73.62639039722222,0.5829006599999985,8.086682489445803,138.19796965649346,74.80999965555556,49.44983675086719,36.99342270299653,0.12,0.08,0,,9.733333333333333,119.84527928611112,-73.62639039722222,4.866666666666666,3883.095486111111,70144.80361819443,1941.5477430555554
2023-01-22 14:00:00,14,0,6,True,-0.5044444444444445,8.097222222222221,117.02694614444447,37.00277777777778,489.0472222222222,60.00522223888889,7.306666666666667,10.432500000000003,8.097222222222221,37.00277777777778,-0.5044444444444445,117.02694614444447,45.1,-72.4313905888889,489.0472222222222,60.00522223888889,0.0,72.4313905888889,0.5937333133333311,6.88941242135504,134.94804675328004,74.80999965555556,49.46342832415404,37.0035905589256,0.12,0.08,0,,8.097222222222221,117.02694614444447,-72.4313905888889,4.048611111111111,3891.192708333333,70261.83056433887,1945.5963541666665
2023-01-22 15:00:00,15,0,6,True,-0.5405555555555556,4.105555555555555,113.98972360555557,37.0,488.65,60.025916311111104,7.396944444444446,10.365833333333335,4.105555555555555,37.0,-0.5405555555555556,113.98972360555557,41.105555555555554,-73.42472360555557,488.65,60.025916311111104,0.0,73.42472360555557,0.5689004266666756,3.584690079887277,131.44571448980116,74.80999965555556,49.42501735616947,36.974855313908655,0.12,0.08,0,,4.105555555555555,113.98972360555557,-73.42472360555557,2.0527777777777776,3895.2982638888884,70375.82028794443,1947.6491319444442
2023-01-22 16:00:00,16,0,6,True,-0.5125,0.9055555555555556,114.69111266111112,37.0,487.7944444444444,60.021388286111105,7.456388888888889,10.287222222222221,0.9055555555555556,37.0,-0.5125,114.69111266111112,37.90555555555556,-77.29805710555557,487.7944444444444,60.021388286111105,0.0,77.29805710555557,0.5743340566666745,0.7860478804769642,132.25451183246207,74.80999965555556,49.45485972360363,36.997180388883365,0.12,0.08,0,,0.9055555555555556,114.69111266111112,-77.29805710555557,0.4527777777777778,3896.203819444444,70490.51140060554,1948.101909722222
2023-01-22 17:00:00,17,0,6,True,-0.5202777777777778,-0.5583333333333333,116.44333493333335,37.0,488.84166666666664,60.0097221,7.469444444444444,10.214166666666667,0.0,37.0,-0.5202777777777778,116.44333493333335,37.0,-79.96361271111113,488.84166666666664,60.0097221,0.0,79.96361271111113,0.5883334800000029,0.0,134.27506334563347,74.80999965555556,49.44658659203773,36.99099125918741,0.12,0.08,0,,0.0,116.44333493333335,-79.96361271111113,0.0,3896.203819444444,70606.95473553886,1948.101909722222
2023-01-22 18:00:00,18,0,6,True,-0.5216666666666667,0.0,117.03500168333335,37.0,489.39722222222224,60.00558345,7.424444444444445,10.143888888888887,0.0,37.0,-0.5216666666666667,117.03500168333335,37.0,-80.55666835000001,489.39722222222224,60.00558345,0.0,80.55666835000001,0.5932998599999962,0.0,134.95733588945268,74.80999965555556,49.44510924711525,36.98988605745598,0.18,0.096,0,,0.0,117.03500168333335,-80.55666835000001,0.0,3896.203819444444,70723.9897372222,1948.101909722222
2023-01-22 19:00:00,19,0,6,True,-0.5230555555555556,0.0,113.36750155000001,37.0,491.0777777777778,60.03033309166666,7.310833333333332,9.974722222222223,0.0,37.0,-0.5230555555555556,113.36750155000001,37.0,-76.89055710555557,491.0777777777778,60.03033309166666,0.0,76.89055710555557,0.5636002900000051,0.0,130.72820750691884,74.80999965555556,49.44363190219276,36.98878085572456,0.18,0.096,0,,0.0,113.36750155000001,-76.89055710555557,0.0,3896.203819444444,70837.35723877221,1948.101909722222
2023-01-22 20:00:00,20,0,6,True,-0.5377777777777778,0.0,113.83027921944445,37.0,491.1694444444444,60.02783303055555,7.132499999999999,9.794166666666666,0.0,37.0,-0.5377777777777778,113.83027921944445,37.0,-77.36805699722223,491.1694444444444,60.02783303055555,0.0,77.36805699722223,0.5666003633333417,0.0,131.26185334345533,74.80999965555556,49.42797204601444,36.9770657173715,0.18,0.096,0,,0.0,113.83027921944445,-77.36805699722223,0.0,3896.203819444444,70951.18751799165,1948.101909722222
2023-01-22 21:00:00,21,0,6,True,-0.49777777777777776,0.0,116.25555705555558,37.0,490.6611111111111,60.01099995277778,7.039166666666667,9.725277777777777,0.0,37.0,-0.49777777777777776,116.25555705555558,37.0,-79.75333483333337,490.6611111111111,60.01099995277778,0.0,79.75333483333337,0.5868000566666637,0.0,134.0585298149857,74.80999965555556,49.47051957978196,37.008895527236426,0.18,0.096,0,,0.0,116.25555705555558,-79.75333483333337,0.0,3896.203819444444,71067.44307504721,1948.101909722222
2023-01-22 22:00:00,22,0,6,True,-0.54,0.0,115.16472381388891,37.0,489.18888888888887,60.01822188055556,7.17277777777778,9.910555555555556,0.0,37.0,-0.54,115.16472381388891,37.0,-78.70472381388892,489.18888888888887,60.01822188055556,0.0,78.70472381388892,0.5781337433333306,0.0,132.8006501543922,74.80999965555556,49.42560829413846,36.97529739460122,0.18,0.096,0,,0.0,115.16472381388891,-78.70472381388892,0.0,3896.203819444444,71182.60779886109,1948.101909722222
2023-01-22 23:00:00,23,0,6,True,-0.51,0.0,116.61527931944445,37.0,488.44166666666666,60.008444186111106,7.246944444444443,10.11111111111111,0.0,37.0,-0.51,116.61527931944445,37.0,-80.12527931944446,488.44166666666666,60.008444186111106,0.0,80.12527931944446,0.5898669766666728,0.0,134.47333869862138,74.80999965555556,49.457518944464105,36.99916975199992,0.12,0.08,0,,0.0,116.61527931944445,-80.12527931944446,0.0,3896.203819444444,71299.22307818054,1948.101909722222
2023-01-23 00:00:00,0,0,0,False,-0.5036111111111111,0.0,117.78055697222224,37.0,486.0833333333333,60.00074997222222,7.114999999999999,10.064166666666667,0.0,37.0,-0.5036111111111111,117.78055697222224,37.0,-81.28416808333336,486.0833333333333,60.00074997222222,0.0,81.28416808333336,0.5991000333333317,0.0,135.81706292922306,74.80999965555556,49.46431473110753,37.00425367996446,0.12,0.08,0,,0.0,117.78055697222224,-81.28416808333336,0.0,3896.203819444444,71417.00363515277,1948.101909722222
2023-01-23 01:00:00,1,0,0,False,-0.5038888888888889,0.0,118.61166803333336,37.0,487.2888888888889,59.99472239999999,7.014166666666666,9.979722222222222,0.0,37.0,-0.5038888888888889,118.61166803333336,37.0,-82.11555692222225,487.2888888888889,59.99472239999999,0.0,82.11555692222225,0.5936668799999921,0.0,136.7754474554121,74.80999965555556,49.46401926212303,37.004032639618174,0.12,0.08,0,,0.0,118.61166803333336,-82.11555692222225,0.0,3896.203819444444,71535.6153031861,1948.101909722222
2023-01-23 02:00:00,2,0,0,False,-0.5044444444444445,0.0,118.1938903138889,37.0,488.2638888888889,59.997416558333335,7.165277777777778,10.180833333333334,0.0,37.0,-0.5044444444444445,118.1938903138889,37.0,-81.69833475833335,488.2638888888889,59.997416558333335,0.0,81.69833475833335,0.5968998700000014,0.0,136.29369270513018,74.80999965555556,49.46342832415404,37.0035905589256,0.12,0.08,0,,0.0,118.1938903138889,-81.69833475833335,0.0,3896.203819444444,71653.8091935,1948.101909722222
2023-01-23 03:00:00,3,0,0,False,-0.5197222222222222,0.0,118.5136126777778,37.0,487.5083333333333,59.994583605555555,7.276388888888889,10.383055555555558,0.0,37.0,-0.5197222222222222,118.5136126777778,37.0,-82.03333490000003,487.5083333333333,59.994583605555555,0.0,82.03333490000003,0.5935003266666655,0.0,136.66237624282496,74.80999965555556,49.44717753000672,36.991433339879976,0.12,0.08,0,,0.0,118.5136126777778,-82.03333490000003,0.0,3896.203819444444,71772.32280617778,1948.101909722222
2023-01-23 04:00:00,4,0,0,False,-0.5116666666666666,0.0,117.90222368888891,37.0,488.3333333333333,59.99966658055556,7.394722222222222,10.578888888888887,0.0,37.0,-0.5116666666666666,117.90222368888891,37.0,-81.41389035555558,488.3333333333333,59.99966658055556,0.0,81.41389035555558,0.5995998966666747,0.0,135.95736126486267,74.80999965555556,49.455746130557124,36.99784350992221,0.12,0.08,0,,0.0,117.90222368888891,-81.41389035555558,0.0,3896.203819444444,71890.22502986666,1948.101909722222
2023-01-23 05:00:00,5,0,0,False,-0.5094444444444445,0.0,118.15250152500002,37.0,487.0722222222222,59.99808331666667,7.528888888888888,10.82277777777778,0.0,37.0,-0.5094444444444445,118.15250152500002,37.0,-81.66194596944446,487.0722222222222,59.99808331666667,0.0,81.66194596944446,0.5976999800000072,0.0,136.24596578067346,74.80999965555556,49.4581098824331,36.99961183269249,0.12,0.08,0,,0.0,118.15250152500002,-81.66194596944446,0.0,3896.203819444444,72008.37753139166,1948.101909722222
2023-01-23 06:00:00,6,0,0,False,-0.5255555555555556,0.0,117.71777938611113,37.0,485.775,60.002222124999996,7.668333333333335,11.103888888888887,0.0,37.0,-0.5255555555555556,117.71777938611113,37.0,-81.24333494166669,485.775,60.002222124999996,0.0,81.24333494166669,0.5973334500000049,0.0,135.7446718013274,74.80999965555556,49.44097268133229,36.986791492608006,0.18,0.096,0,,0.0,117.71777938611113,-81.24333494166669,0.0,3896.203819444444,72126.09531077776,1948.101909722222
2023-01-23 07:00:00,7,0,0,False,-0.5086111111111111,-0.05277777777777778,121.41333484166668,37.0,488.59166666666664,59.991028005555556,7.81361111111111,11.3925,0.0,37.0,-0.5086111111111111,121.41333484166668,37.0,-84.92194595277779,488.59166666666664,59.991028005555556,0.0,84.92194595277779,0.5892336066666672,0.0,140.0061518008149,74.80999965555556,49.45899628938659,37.00027495373134,0.18,0.096,0,,0.0,121.41333484166668,-84.92194595277779,0.0,3896.203819444444,72247.50864561943,1948.101909722222
2023-01-23 08:00:00,8,0,0,False,-0.5155555555555555,7.916666666666667,119.50111246944445,37.0,490.1222222222222,60.00488876111111,7.633611111111111,11.399722222222222,7.916666666666667,37.0,-0.5155555555555555,119.50111246944445,44.916666666666664,-75.10000135833334,490.1222222222222,60.00488876111111,0.0,75.10000135833334,0.5941334866666664,6.596305993945433,137.8010983273114,74.80999965555556,49.451609564774174,36.994748945074235,0.18,0.096,0,,7.916666666666667,119.50111246944445,-75.10000135833334,3.9583333333333335,3904.1204861111105,72367.00975808887,1952.0602430555552
2023-01-23 09:00:00,9,0,0,False,-0.48694444444444446,21.016666666666666,117.47111258611112,37.0,486.10555555555555,60.01880476944444,7.350833333333334,11.093055555555555,21.016666666666666,37.0,-0.48694444444444446,117.47111258611112,58.016666666666666,-59.9413903638889,486.10555555555555,60.01880476944444,0.0,59.9413903638889,0.5774342766666677,17.817067520214035,135.4602313031724,74.80999965555556,49.48204287017733,37.01751610074151,0.18,0.096,0,,21.016666666666666,117.47111258611112,-59.9413903638889,10.508333333333333,3925.1371527777774,72484.48087067498,1962.5685763888887
2023-01-23 10:00:00,10,0,0,False,-0.5016666666666667,21.03611111111111,116.89972374722224,37.0,486.0027777777778,60.02763876388889,7.118611111111112,10.825833333333334,21.03611111111111,37.0,-0.5016666666666667,116.89972374722224,58.03611111111111,-59.36527930277779,486.0027777777778,60.02763876388889,0.0,59.36527930277779,0.5668334833333347,17.91811071142347,134.80134195943526,74.80999965555556,49.46638301399901,37.00580096238845,0.18,0.096,0,,21.03611111111111,116.89972374722224,-59.36527930277779,10.518055555555556,3946.1732638888884,72601.3805944222,1973.0866319444442
2023-01-23 11:00:00,11,0,0,False,-0.5083333333333333,26.105555555555554,120.59472369722224,37.0,488.28333333333336,59.997138694444445,6.907222222222223,10.602222222222222,26.105555555555554,37.0,-0.5083333333333333,120.59472369722224,63.105555555555554,-57.997501475000014,488.28333333333336,59.997138694444445,0.0,57.997501475000014,0.5965664333333336,21.55647941155511,139.06218138517323,74.80999965555556,49.45929175837109,37.00049599407763,0.12,0.08,0,,26.105555555555554,120.59472369722224,-57.997501475000014,13.052777777777777,3972.278819444444,72721.97531811942,1986.139409722222
2023-01-23 12:00:00,12,0,0,False,-0.4983333333333334,34.577777777777776,120.00972368055557,37.0,488.22777777777776,60.000944475,6.816388888888888,10.467222222222224,34.577777777777776,37.0,-0.4983333333333334,120.00972368055557,71.57777777777778,-48.93027923611112,488.22777777777776,60.000944475,0.0,48.93027923611112,0.5988666300000034,28.693332740227145,138.38759649510558,74.80999965555556,49.46992864181296,37.00845344654386,0.12,0.08,0,,34.577777777777776,120.00972368055557,-48.93027923611112,17.288888888888888,4006.8565972222214,72841.98504179998,2003.4282986111107
2023-01-23 13:00:00,13,0,0,False,-0.47916666666666674,33.91111111111111,119.30722382222224,37.0,487.53055555555557,60.006305108333336,6.8947222222222235,10.339166666666667,33.91111111111111,37.0,-0.47916666666666674,119.30722382222224,70.91111111111111,-48.875279377777794,487.53055555555557,60.006305108333336,0.0,48.875279377777794,0.5924338699999964,28.30965268484037,137.57751824518246,74.80999965555556,49.49031600174324,37.02370523043747,0.12,0.08,0,,33.91111111111111,119.30722382222224,-48.875279377777794,16.955555555555556,4040.7677083333324,72961.2922656222,2020.3838541666662
2023-01-23 14:00:00,14,0,0,False,-0.49916666666666665,27.927777777777777,119.6069460277778,37.0,486.2138888888889,60.004416425,6.905277777777778,10.20638888888889,27.927777777777777,37.0,-0.49916666666666665,119.6069460277778,64.92777777777778,-55.178334916666685,486.2138888888889,60.004416425,0.0,55.178334916666685,0.5947002899999972,23.252586526405484,137.92313886966997,74.80999965555556,49.46904223485948,37.007790325505006,0.12,0.08,0,,27.927777777777777,119.6069460277778,-55.178334916666685,13.963888888888889,4068.6954861111103,73080.89921164999,2034.3477430555552
2023-01-23 15:00:00,15,0,0,False,-0.48333333333333334,17.08888888888889,118.79139037222224,37.0,486.2583333333333,60.00961059722222,7.0811111111111105,10.386666666666667,17.08888888888889,37.0,-0.48333333333333334,118.79139037222224,54.08888888888889,-65.18583481666668,486.2583333333333,60.00961059722222,0.0,65.18583481666668,0.5884672833333354,14.327334709300965,136.98269184988726,74.80999965555556,49.485883966975784,37.02038962524321,0.12,0.08,0,,17.08888888888889,118.79139037222224,-65.18583481666668,8.544444444444444,4085.7843749999993,73199.69060202221,2042.8921874999996
2023-01-23 16:00:00,16,0,0,False,-0.4886111111111111,2.563888888888889,119.8322238638889,36.575,485.425,60.00294478611111,7.5922222222222215,10.888333333333334,2.563888888888889,36.575,-0.4886111111111111,119.8322238638889,39.13888888888889,-81.18194608611111,485.425,60.00294478611111,0.0,81.18194608611111,0.5964662566666703,2.1308769087428696,138.1829149721966,74.80999965555556,49.48027005627035,37.01618985866381,0.12,0.08,0,,2.563888888888889,119.8322238638889,-81.18194608611111,1.2819444444444446,4088.348263888888,73319.5228258861,2044.174131944444
2023-01-23 17:00:00,17,0,0,False,-0.49722222222222223,-0.4527777777777778,122.83027921944445,36.4,485.81666666666666,59.9817226388889,8.142222222222221,11.6225,0.0,36.4,-0.49722222222222223,122.83027921944445,36.4,-86.92750144166668,485.81666666666666,59.9817226388889,0.0,86.92750144166668,0.5780671666666762,0.0,141.64008212574316,74.80999965555556,49.47111051775095,37.00933760792899,0.12,0.08,0,,0.0,122.83027921944445,-86.92750144166668,0.0,4088.348263888888,73442.35310510555,2044.174131944444
2023-01-23 18:00:00,18,0,0,False,-0.4941666666666667,0.0,121.84889040555557,36.080555555555556,486.40555555555557,59.98855595277779,8.56611111111111,12.391111111111112,0.0,36.080555555555556,-0.4941666666666667,121.84889040555557,36.080555555555556,-86.26250151666667,486.40555555555557,59.98855595277779,0.0,86.26250151666667,0.5862671433333446,0.0,140.50840683297457,74.80999965555556,49.47436067658042,37.01176905173813,0.18,0.096,0,,0.0,121.84889040555557,-86.26250151666667,0.0,4088.348263888888,73564.2019955111,2044.174131944444
2023-01-23 19:00:00,19,0,0,False,-0.49055555555555547,0.0,118.83389042222225,35.81944444444444,487.14166666666665,60.00969394444444,8.829444444444444,12.95638888888889,0.0,35.81944444444444,-0.49055555555555547,118.83389042222225,35.81944444444444,-83.50500153333337,487.14166666666665,60.00969394444444,0.0,83.50500153333337,0.5883672666666683,0.0,137.03170021012713,74.80999965555556,49.47820177337887,37.014642576239815,0.18,0.096,0,,0.0,118.83389042222225,-83.50500153333337,0.0,4088.348263888888,73683.03588593332,2044.174131944444
2023-01-23 20:00:00,20,0,0,False,-0.48916666666666675,0.0,119.11500144166668,35.40277777777778,487.0416666666667,60.00627704722222,8.883611111111113,13.258333333333333,0.0,35.40277777777778,-0.48916666666666675,119.11500144166668,35.40277777777778,-84.20139033055555,487.0416666666667,60.00627704722222,0.0,84.20139033055555,0.5924675433333363,0.0,137.35585959601786,74.80999965555556,49.479679118301355,37.01574777797124,0.18,0.096,0,,0.0,119.11500144166668,-84.20139033055555,0.0,4088.348263888888,73802.15088737498,2044.174131944444
2023-01-23 21:00:00,21,0,0,False,-0.4986111111111111,0.0,118.15694611111115,35.13055555555555,489.03333333333336,60.01477710277777,8.935,13.542777777777777,0.0,35.13055555555555,-0.4986111111111111,118.15694611111115,35.13055555555555,-83.52500166666671,489.03333333333336,60.01477710277777,0.0,83.52500166666671,0.582267476666675,0.0,136.251090995285,74.80999965555556,49.469633172828466,37.00823240619757,0.18,0.096,0,,0.0,118.15694611111115,-83.52500166666671,0.0,4088.348263888888,73920.30783348609,2044.174131944444
2023-01-23 22:00:00,22,0,0,False,-0.48666666666666664,0.0,117.21111248611113,35.480555555555554,486.95,60.020916147222216,9.033055555555555,13.823333333333334,0.0,35.480555555555554,-0.48666666666666664,117.21111248611113,35.480555555555554,-82.21722359722224,486.95,60.020916147222216,0.0,82.21722359722224,0.5749006233333404,0.0,135.1604156897038,74.80999965555556,49.48233833916183,37.0177371410878,0.18,0.096,0,,0.0,117.21111248611113,-82.21722359722224,0.0,4088.348263888888,74037.5189459722,2044.174131944444
2023-01-23 23:00:00,23,0,0,False,-0.5011111111111111,0.0,118.80305698888891,35.730555555555554,488.2472222222222,60.00966643888888,9.096944444444443,14.07611111111111,0.0,35.730555555555554,-0.5011111111111111,118.80305698888891,35.730555555555554,-83.57361254444447,488.2472222222222,60.00966643888888,0.0,83.57361254444447,0.588400273333346,0.0,136.99614505176305,74.80999965555556,49.466973951968,37.00624304308102,0.12,0.08,0,,0.0,118.80305698888891,-83.57361254444447,0.0,4088.348263888888,74156.3220029611,2044.174131944444
2023-01-24 00:00:00,0,0,1,False,-0.4919444444444445,0.0,121.30666827500002,34.84166666666667,486.28333333333336,59.99241691944445,9.16,14.337222222222223,0.0,34.84166666666667,-0.4919444444444445,121.30666827500002,34.84166666666667,-86.9569460527778,486.28333333333336,59.99241691944445,0.0,86.9569460527778,0.590900303333342,0.0,139.88315068611627,74.80999965555556,49.47672442845639,37.0135373745084,0.12,0.08,0,,0.0,121.30666827500002,-86.9569460527778,0.0,4088.348263888888,74277.6286712361,2044.174131944444
2023-01-24 01:00:00,1,0,1,False,-0.46222222222222215,0.0,123.16111240277779,34.575,487.39444444444445,59.97991734166666,9.247777777777777,14.691944444444443,0.0,34.575,-0.46222222222222215,123.16111240277779,34.575,-89.04833462500001,487.39444444444445,59.97991734166666,0.0,89.04833462500001,0.5759008099999959,0.0,142.0215779552327,74.80999965555556,49.50833960979753,37.03718869156081,0.12,0.08,0,,0.0,123.16111240277779,-89.04833462500001,0.0,4088.348263888888,74400.78978363889,2044.174131944444
2023-01-24 02:00:00,2,0,1,False,-0.4966666666666667,0.0,121.3622236638889,34.361111111111114,488.2055555555556,59.9921391,9.399444444444446,15.076666666666664,0.0,34.361111111111114,-0.4966666666666667,121.3622236638889,34.361111111111114,-87.49777921944445,488.2055555555556,59.9921391,0.0,87.49777921944445,0.5905669200000033,0.0,139.94721363455824,74.80999965555556,49.471701455719945,37.00977968862156,0.12,0.08,0,,0.0,121.3622236638889,-87.49777921944445,0.0,4088.348263888888,74522.15200730278,2044.174131944444
2023-01-24 03:00:00,3,0,1,False,-0.47722222222222227,0.0,122.5611126527778,34.53333333333333,488.3222222222222,59.98505609722222,9.536388888888887,15.493888888888886,0.0,34.53333333333333,-0.47722222222222227,122.5611126527778,34.53333333333333,-88.50500154166669,488.3222222222222,59.98505609722222,0.0,88.50500154166669,0.5820673166666637,0.0,141.32969632469766,74.80999965555556,49.49238428463472,37.025252512861464,0.12,0.08,0,,0.0,122.5611126527778,-88.50500154166669,0.0,4088.348263888888,74644.71311995556,2044.174131944444
2023-01-24 04:00:00,4,0,1,False,-0.4852777777777778,0.0,122.12527916944447,34.080555555555556,489.9861111111111,59.98750024722222,9.677499999999998,15.909444444444443,0.0,34.080555555555556,-0.4852777777777778,122.12527916944447,34.080555555555556,-88.5300013916667,489.9861111111111,59.98750024722222,0.0,88.5300013916667,0.5850002966666664,0.0,140.82712081347378,74.80999965555556,49.48381568408431,37.01884234281922,0.12,0.08,0,,0.0,122.12527916944447,-88.5300013916667,0.0,4088.348263888888,74766.838399125,2044.174131944444
2023-01-24 05:00:00,5,0,1,False,-0.47527777777777774,0.0,123.57139013055556,33.90833333333333,488.18611111111113,59.977139186111124,9.79,16.28555554166667,0.0,33.90833333333333,-0.47527777777777774,123.57139013055556,33.90833333333333,-90.138334575,488.18611111111113,59.977139186111124,0.0,90.138334575,0.5725670233333489,0.0,142.4946841911388,74.80999965555556,49.49445256752619,37.02679979528545,0.12,0.08,0,,0.0,123.57139013055556,-90.138334575,0.0,4088.348263888888,74890.40978925556,2044.174131944444
2023-01-24 06:00:00,6,0,1,False,-0.4413888888888889,0.0,123.5319459027778,33.66388888888889,485.94444444444446,59.97763918055556,9.839722222222223,16.631111105555554,0.0,33.66388888888889,-0.4413888888888889,123.5319459027778,33.66388888888889,-90.30944590277781,485.94444444444446,59.97763918055556,0.0,90.30944590277781,0.5731670166666759,0.0,142.44919961113678,74.80999965555556,49.53049978363479,37.053766717532135,0.18,0.096,0,,0.0,123.5319459027778,-90.30944590277781,0.0,4088.348263888888,75013.94173515834,2044.174131944444
2023-01-24 07:00:00,7,0,1,False,-0.43472222222222223,0.575,122.20972368055558,33.80833333333333,486.31944444444446,59.98691709722223,9.975,17.008055516666666,0.575,33.80833333333333,-0.43472222222222223,122.20972368055558,34.38333333333333,-88.26111256944448,486.31944444444446,59.98691709722223,0.0,88.26111256944448,0.5843005166666785,0.46883492829003565,140.9244968641093,74.80999965555556,49.53759103926271,37.05907168584295,0.18,0.096,0,,0.575,122.20972368055558,-88.26111256944448,0.2875,4088.923263888888,75136.1514588389,2044.461631944444
2023-01-24 08:00:00,8,0,1,False,-0.4591666666666667,7.311111111111111,120.18805708888891,35.041666666666664,488.0138888888889,60.000999738888886,9.963333333333335,17.197500516666665,7.311111111111111,35.041666666666664,-0.4591666666666667,120.18805708888891,42.352777777777774,-78.2944459777778,488.0138888888889,60.000999738888886,0.0,78.2944459777778,0.5988003133333365,6.059908287590785,138.59323926301767,74.80999965555556,49.511589768627,37.03962013536994,0.18,0.096,0,,7.311111111111111,120.18805708888891,-78.2944459777778,3.6555555555555554,4096.234374999999,75256.33951592779,2048.1171874999995
2023-01-24 09:00:00,9,0,1,False,-0.44305555555555554,16.258333333333333,118.52139046388889,35.958333333333336,489.3388888888889,60.012443866666665,9.595555555555555,16.882222144444444,16.258333333333333,35.958333333333336,-0.44305555555555554,118.52139046388889,52.21666666666667,-66.74777935277778,489.3388888888889,60.012443866666665,0.0,66.74777935277778,0.5850673600000021,13.666548180853924,136.6713450921228,74.80999965555556,49.528726969727806,37.052440475454425,0.18,0.096,0,,16.258333333333333,118.52139046388889,-66.74777935277778,8.129166666666666,4112.492708333332,75374.86090639168,2056.246354166666
2023-01-24 10:00:00,10,0,1,False,-0.46444444444444444,22.8,117.77027916111115,37.02777777777778,490.4194444444444,60.01805492499999,9.188055555555556,16.335555575,22.8,37.02777777777778,-0.46444444444444444,117.77027916111115,59.82777777777778,-58.40694582777781,490.4194444444444,60.01805492499999,0.0,58.40694582777781,0.5783340900000155,19.28367513765531,135.80521120976837,74.80999965555556,49.50597585792156,37.03542036879054,0.18,0.096,0,,22.8,117.77027916111115,-58.40694582777781,11.4,4135.2927083333325,75492.63118555279,2067.6463541666662
2023-01-24 11:00:00,11,0,1,False,-0.46277777777777784,31.455555555555556,118.16722371388892,37.0,488.7861111111111,60.01452717222223,8.884444444444446,15.923333336111112,31.455555555555556,37.0,-0.46277777777777784,118.16722371388892,68.45555555555555,-50.17444593611115,488.7861111111111,60.01452717222223,0.0,50.17444593611115,0.5825673933333234,26.51568335162264,136.2629424745029,74.80999965555556,49.50774867182854,37.03674661086824,0.12,0.08,0,,31.455555555555556,118.16722371388892,-50.17444593611115,15.727777777777778,4166.748263888888,75610.79840926667,2083.374131944444
2023-01-24 12:00:00,12,0,1,False,-0.4677777777777778,30.955555555555556,118.89611266944446,37.0,488.625,60.01022182222222,8.733055555555556,15.63472222222222,30.955555555555556,37.0,-0.4677777777777778,118.89611266944446,67.95555555555555,-51.40833489166669,488.625,60.01022182222222,0.0,51.40833489166669,0.5877338133333353,25.933768947689266,137.1034509564627,74.80999965555556,49.5024302301076,37.03276788463512,0.12,0.08,0,,30.955555555555556,118.89611266944446,-51.40833489166669,15.477777777777778,4197.703819444443,75729.69452193612,2098.8519097222215
2023-01-24 13:00:00,13,0,1,False,-0.48194444444444445,27.905555555555555,119.49583487500001,37.0,487.48333333333335,60.00552736666666,8.877777777777778,15.412222222222224,27.905555555555555,37.0,-0.48194444444444445,119.49583487500001,64.90555555555555,-55.07222376388891,487.48333333333335,60.00552736666666,0.0,55.07222376388891,0.5933671600000053,23.258936541287508,137.7950125403598,74.80999965555556,49.48736131189827,37.02149482697463,0.12,0.08,0,,27.905555555555555,119.49583487500001,-55.07222376388891,13.952777777777778,4225.609374999998,75849.19035681112,2112.804687499999
2023-01-24 14:00:00,14,0,1,False,-0.4663888888888889,17.47222222222222,120.775001625,37.0,487.4472222222222,59.99641674722222,9.00111111111111,15.233055555555554,17.47222222222222,37.0,-0.4663888888888889,120.775001625,54.47222222222222,-66.76916829166667,487.4472222222222,59.99641674722222,0.0,66.76916829166667,0.595700096666664,14.411103459111747,139.27006644949262,74.80999965555556,49.503907575030084,37.03387308636655,0.12,0.08,0,,17.47222222222222,120.775001625,-66.76916829166667,8.73611111111111,4243.081597222221,75969.96535843612,2121.5407986111104
2023-01-24 15:00:00,15,0,1,False,-0.4838888888888889,11.097222222222221,120.1605570638889,37.0,491.0,60.00022232222222,9.083055555555555,15.072222222222223,11.097222222222221,37.0,-0.4838888888888889,120.1605570638889,48.09722222222222,-72.54722373055557,491.0,60.00022232222222,0.0,72.54722373055557,0.5997332133333344,9.198286862344126,138.56152797957668,74.80999965555556,49.48529302900679,37.01994754455064,0.12,0.08,0,,11.097222222222221,120.1605570638889,-72.54722373055557,5.548611111111111,4254.178819444443,76090.12591550002,2127.0894097222217
2023-01-24 16:00:00,16,0,1,False,-0.4741666666666666,4.611111111111111,119.94916815833335,37.0,491.3666666666667,60.00155550833333,9.103611111111109,14.858611111111113,4.611111111111111,37.0,-0.4741666666666666,119.94916815833335,41.611111111111114,-78.8122237138889,491.3666666666667,60.00155550833333,0.0,78.8122237138889,0.598133390000001,3.8290843861881156,138.31776771025525,74.80999965555556,49.495634443464176,37.027683956670586,0.12,0.08,0,,4.611111111111111,119.94916815833335,-78.8122237138889,2.3055555555555554,4258.789930555555,76210.07508365835,2129.3949652777774
2023-01-24 17:00:00,17,0,1,False,-0.4863888888888889,-0.35833333333333334,121.20611251944445,37.0,489.27777777777777,59.99275003333333,8.984722222222222,14.556944444444444,0.0,37.0,-0.4863888888888889,121.20611251944445,37.0,-84.69250140833333,489.27777777777777,59.99275003333333,0.0,84.69250140833333,0.5913000399999958,0.0,139.76719617094608,74.80999965555556,49.482633808146325,37.01795818143408,0.12,0.08,0,,0.0,121.20611251944445,-84.69250140833333,0.0,4258.789930555555,76331.28119617779,2129.3949652777774
2023-01-24 18:00:00,18,0,1,False,-0.4836111111111111,0.0,122.05222373055557,37.0,488.6333333333333,59.98752812777778,8.75111111111111,14.217499999999998,0.0,37.0,-0.4836111111111111,122.05222373055557,37.0,-85.53583484166668,488.6333333333333,59.98752812777778,0.0,85.53583484166668,0.5850337533333345,0.0,140.74287791807606,74.80999965555556,49.48558849799129,37.02016858489692,0.18,0.096,0,,0.0,122.05222373055557,-85.53583484166668,0.0,4258.789930555555,76453.33341990835,2129.3949652777774
2023-01-24 19:00:00,19,0,1,False,-0.49166666666666664,0.0,118.61500156666668,36.794444444444444,488.98333333333335,60.01108236666667,8.729999999999999,14.108888888888886,0.0,36.794444444444444,-0.49166666666666664,118.61500156666668,36.794444444444444,-82.31222378888889,488.98333333333335,60.01108236666667,0.0,82.31222378888889,0.5867011599999955,0.0,136.77929147447725,74.80999965555556,49.47701989744089,37.013758414854685,0.18,0.096,0,,0.0,118.61500156666668,-82.31222378888889,0.0,4258.789930555555,76571.94842147501,2129.3949652777774
2023-01-24 20:00:00,20,0,1,False,-0.5086111111111111,0.0,119.83139031388892,36.825,488.78333333333336,60.00213853333332,8.835833333333335,14.240000000000002,0.0,36.825,-0.5086111111111111,119.83139031388892,36.825,-83.51500142500002,488.78333333333336,60.00213853333332,0.0,83.51500142500002,0.5974337600000126,0.0,138.1819537752409,74.80999965555556,49.45899628938659,37.00027495373134,0.18,0.096,0,,0.0,119.83139031388892,-83.51500142500002,0.0,4258.789930555555,76691.7798117889,2129.3949652777774
2023-01-24 21:00:00,21,0,1,False,-0.49888888888888894,0.0,121.12527933611113,36.83888888888889,490.4166666666667,59.99288912777779,8.76388888888889,14.235277777777778,0.0,36.83888888888889,-0.49888888888888894,121.12527933611113,36.83888888888889,-84.78527933611113,490.4166666666667,59.99288912777779,0.0,84.78527933611113,0.5914669533333438,0.0,139.6739844742979,74.80999965555556,49.469337703843976,37.008011365851296,0.18,0.096,0,,0.0,121.12527933611113,-84.78527933611113,0.0,4258.789930555555,76812.90509112501,2129.3949652777774
2023-01-24 22:00:00,22,0,1,False,-0.4919444444444444,0.0,119.9797237138889,36.23888888888889,490.7055555555556,60.00152778888889,8.733611111111113,14.210555555555553,0.0,36.23888888888889,-0.4919444444444444,119.9797237138889,36.23888888888889,-84.23277926944445,490.7055555555556,60.00152778888889,0.0,84.23277926944445,0.5981666533333282,0.0,138.35300243760253,74.80999965555556,49.47672442845639,37.0135373745084,0.18,0.096,0,,0.0,119.9797237138889,-84.23277926944445,0.0,4258.789930555555,76932.8848148389,2129.3949652777774
2023-01-24 23:00:00,23,0,1,False,-0.49444444444444446,0.0,118.92139038055556,36.25833333333333,486.7416666666667,60.00963891944445,8.867500000000001,14.439166666666667,0.0,36.25833333333333,-0.49444444444444446,118.92139038055556,36.25833333333333,-83.15750149166666,486.7416666666667,60.00963891944445,0.0,83.15750149166666,0.5884332966666619,0.0,137.13259960857422,74.80999965555556,49.47406520759592,37.01154801139184,0.12,0.08,0,,0.0,118.92139038055556,-83.15750149166666,0.0,4258.789930555555,77051.80620521944,2129.3949652777774
2023-01-25 00:00:00,0,0,2,False,-0.4788888888888889,0.0,118.85139047222223,35.916666666666664,486.60833333333335,60.009388725,8.919722222222223,14.64194444444444,0.0,35.916666666666664,-0.4788888888888889,118.85139047222223,35.916666666666664,-83.41361269444445,486.60833333333335,60.009388725,0.0,83.41361269444445,0.588733529999999,0.0,137.05188015708282,74.80999965555556,49.490611470727735,37.02392627078376,0.12,0.08,0,,0.0,118.85139047222223,-83.41361269444445,0.0,4258.789930555555,77170.65759569166,2129.3949652777774
2023-01-25 01:00:00,1,0,2,False,-0.48833333333333334,0.0,120.41361255277778,35.65833333333333,487.9916666666667,59.998805480555546,9.030277777777776,14.840000000000002,0.0,35.65833333333333,-0.48833333333333334,120.41361255277778,35.65833333333333,-85.24361255277778,487.9916666666667,59.998805480555546,0.0,85.24361255277778,0.5985665766666557,0.0,138.85333550827696,74.80999965555556,49.480565525254846,37.01641089901009,0.12,0.08,0,,0.0,120.41361255277778,-85.24361255277778,0.0,4258.789930555555,77291.07120824444,2129.3949652777774
2023-01-25 02:00:00,2,0,2,False,-0.48694444444444446,0.0,118.97361261111111,35.516666666666666,487.8333333333333,60.009693822222225,9.156944444444445,15.067222222222219,0.0,35.516666666666666,-0.48694444444444446,118.97361261111111,35.516666666666666,-83.94389038888889,487.8333333333333,60.009693822222225,0.0,83.94389038888889,0.5883674133333301,0.0,137.1928189703772,74.80999965555556,49.48204287017733,37.01751610074151,0.12,0.08,0,,0.0,118.97361261111111,-83.94389038888889,0.0,4258.789930555555,77410.04482085555,2129.3949652777774
2023-01-25 03:00:00,3,0,2,False,-0.5133333333333334,0.0,120.99611258611112,36.51111111111111,488.34444444444443,59.994667202777784,9.187222222222223,15.249722222222221,0.0,36.51111111111111,-0.5133333333333334,120.99611258611112,36.51111111111111,-84.99833480833335,488.34444444444443,59.994667202777784,0.0,84.99833480833335,0.5936006433333404,0.0,139.52503757623515,74.80999965555556,49.45397331665015,36.99651726784452,0.12,0.08,0,,0.0,120.99611258611112,-84.99833480833335,0.0,4258.789930555555,77531.04093344166,2129.3949652777774
2023-01-25 04:00:00,4,0,2,False,-0.5146067415730337,0.0,122.0797767808989,35.556179775280896,488.1629213483146,59.98707938202248,9.096067415730337,15.211235955056178,0.0,35.556179775280896,-0.5146067415730337,122.0797767808989,35.556179775280896,-87.03820374719103,488.1629213483146,59.98707938202248,0.0,87.03820374719103,0.5844952584269748,0.0,140.77465034697752,74.80999965555556,49.452618807148184,36.99550395929076,0.12,0.08,0,,0.0,122.0797767808989,-87.03820374719103,0.0,4258.789930555555,77653.12071022256,2129.3949652777774
