timestamp,hour,minute,day_of_week,is_weekend,Battery_Active_Power,PVPCS_Active_Power,GE_Active_Power,FC_Active_Power,MG-LV-MSB_AC_Voltage,MG-LV-MSB_Frequency,Inlet_Temperature_of_Chilled_Water,Outlet_Temperature,solar_generation_kw,fuel_cell_generation_kw,battery_power_kw,total_consumption_kw,total_generation_kw,net_balance_kw,grid_voltage_v,grid_frequency_hz,grid_export_kw,grid_import_kw,grid_stability_index,renewable_pct,grid_load_pct,storage_network_capacity_kwh,current_soc_pct,storage_available_energy_kwh,import_rate_usd_per_kwh,export_rate_usd_per_kwh,outage_zones_count,outage_zones_list,solar_generation_kwh,total_consumption_kwh,net_balance_kwh,carbon_offset_kg,cumulative_solar_kwh,cumulative_consumption_kwh,cumulative_carbon_offset_kg
2022-10-01 00:00:00,0,0,5,True,-0.19722222222222222,0.0,-0.9075000000000001,37.0,484.09444444444443,60.00730538888889,19.870000030555556,17.43416653888889,0.0,37.0,-0.19722222222222222,0.0,37.0,36.80277777777778,484.09444444444443,60.00730538888889,36.80277777777778,0.0,0.5912335333333345,0.0,0.0,244.31444456666665,49.93552576021527,121.99970240251469,0.12,0.08,0,,0.0,0.0,36.80277777777778,0.0,0.0,0.0,0.0
2022-10-01 01:00:00,1,0,5,True,-0.19055555555555553,0.0,-0.8822222222222222,37.0,484.43888888888887,60.003583180555545,19.44194438888889,17.146111188888888,0.0,37.0,-0.19055555555555553,0.0,37.0,36.809444444444445,484.43888888888887,60.003583180555545,36.809444444444445,0.0,0.5957001833333464,0.0,0.0,244.31444456666665,49.93770517113757,122.00502701820433,0.12,0.08,0,,0.0,0.0,36.809444444444445,0.0,0.0,0.0,0.0
2022-10-01 02:00:00,2,0,5,True,-0.19444444444444445,0.0,-0.921111111111111,37.0,485.64444444444445,60.00969417222222,18.986388791666666,16.850277600000002,0.0,37.0,-0.19444444444444445,0.0,37.0,36.80555555555556,485.64444444444445,60.00969417222222,36.80555555555556,0.0,0.588366993333338,0.0,0.0,244.31444456666665,49.93643384809956,122.00192099238537,0.12,0.08,0,,0.0,0.0,36.80555555555556,0.0,0.0,0.0,0.0
2022-10-01 03:00:00,3,0,5,True,-0.19750000000000004,0.0,-0.8494444444444444,37.0,485.4916666666667,59.999777844444445,18.525555722222222,16.54500009722222,0.0,37.0,-0.19750000000000004,0.0,37.0,36.8025,485.4916666666667,59.999777844444445,36.8025,0.0,0.599733413333334,0.0,0.0,244.31444456666665,49.93543495142684,121.99948054352762,0.12,0.08,0,,0.0,0.0,36.8025,0.0,0.0,0.0,0.0
2022-10-01 04:00:00,4,0,5,True,-0.16333333333333336,0.0,-0.8,37.0,482.8722222222222,59.98111154722222,18.106388880555556,16.25833325,0.0,37.0,-0.16333333333333336,0.0,37.0,36.836666666666666,482.8722222222222,59.98111154722222,36.836666666666666,0.0,0.5773338566666638,0.0,0.0,244.31444456666665,49.94660443240363,122.02676919893703,0.12,0.08,0,,0.0,0.0,36.836666666666666,0.0,0.0,0.0,0.0
2022-10-01 05:00:00,5,0,5,True,-0.1659154929577465,0.0,-0.808169014084507,37.0,480.7887323943662,59.985127112676054,17.608732535211264,15.943661974647888,0.0,37.0,-0.1659154929577465,0.0,37.0,36.834084507042256,480.7887323943662,59.985127112676054,36.834084507042256,0.0,0.5821525352112644,0.0,0.0,244.31444456666665,49.945760294370345,122.02470684778964,0.12,0.08,0,,0.0,0.0,36.834084507042256,0.0,0.0,0.0,0.0
2022-10-01 06:00:00,6,0,5,True,-0.16333333333333336,1.55,-0.7772222222222223,37.0,484.2527777777778,59.99386155833333,17.131388933333337,15.671666666666665,1.55,37.0,-0.16333333333333336,0.0,38.55,38.38666666666666,484.2527777777778,59.99386155833333,38.38666666666666,0.0,0.5926338699999946,4.020752269779507,0.0,244.31444456666665,49.94660443240363,122.02676919893703,0.18,0.096,0,,1.55,0.0,38.38666666666666,0.775,1.55,0.0,0.775
2022-10-01 07:00:00,7,0,5,True,-0.17277777777777778,12.430555555555555,-0.8483333333333333,37.0,485.01666666666665,60.00216675833333,16.71805543611111,15.424166666666668,12.430555555555555,37.0,-0.17277777777777778,0.0,49.43055555555556,49.25777777777778,485.01666666666665,60.00216675833333,49.25777777777778,0.0,0.5973998900000026,25.147513346445628,0.0,244.31444456666665,49.94351693359704,122.01922599337671,0.18,0.096,0,,12.430555555555555,0.0,49.25777777777778,6.215277777777778,13.980555555555556,0.0,6.990277777777778
2022-10-01 08:00:00,8,0,5,True,-0.1638888888888889,23.405555555555555,-0.8044444444444445,37.0,483.05833333333334,60.00441633055555,16.599444524999996,15.346111111111112,23.405555555555555,37.0,-0.1638888888888889,0.0,60.40555555555555,60.24166666666666,483.05833333333334,60.00441633055555,60.24166666666666,0.0,0.59470040333334,38.747355835555965,0.0,244.31444456666665,49.946422814826775,122.02632548096291,0.18,0.096,0,,23.405555555555555,0.0,60.24166666666666,11.702777777777778,37.38611111111111,0.0,18.693055555555556
2022-10-01 09:00:00,9,0,5,True,-0.15555555555555556,31.17222222222222,-0.7583333333333333,37.00833333333333,478.90555555555557,60.01299966944445,17.137222161111108,15.461388888888889,31.17222222222222,37.00833333333333,-0.15555555555555556,0.0,68.18055555555556,68.025,478.90555555555557,60.01299966944445,68.025,0.0,0.5844003966666633,45.72010592788755,0.0,244.31444456666665,49.949147078479655,122.03298125057498,0.18,0.096,0,,31.17222222222222,0.0,68.025,15.58611111111111,68.55833333333334,0.0,34.27916666666667
2022-10-01 10:00:00,10,0,5,True,-0.1638888888888889,36.044444444444444,-0.8252777777777779,37.0,479.56944444444446,59.99597230833334,18.155555625,16.11888886111111,36.044444444444444,37.0,-0.1638888888888889,0.0,73.04444444444445,72.88055555555556,479.56944444444446,59.99597230833334,72.88055555555556,0.0,0.5951667700000115,49.34590812290842,0.0,244.31444456666665,49.946422814826775,122.02632548096291,0.18,0.096,0,,36.044444444444444,0.0,72.88055555555556,18.022222222222222,104.60277777777779,0.0,52.301388888888894
2022-10-01 11:00:00,11,0,5,True,-0.16444444444444445,38.169444444444444,-0.7783333333333333,37.0,481.69166666666666,60.00655529166666,19.024444480555555,17.11222211388889,38.169444444444444,37.0,-0.16444444444444445,0.0,75.16944444444445,75.00500000000001,481.69166666666666,60.00655529166666,75.00500000000001,0.0,0.5921336500000108,50.77787221462621,0.0,244.31444456666665,49.94624119724992,122.02588176298877,0.12,0.08,0,,38.169444444444444,0.0,75.00500000000001,19.084722222222222,142.77222222222224,0.0,71.38611111111112
2022-10-01 12:00:00,12,0,5,True,-0.1661111111111111,38.12222222222222,-0.8163888888888888,37.0,479.15833333333336,60.004027658333335,19.787222336111107,17.907777902777777,38.12222222222222,37.0,-0.1661111111111111,0.0,75.12222222222222,74.95611111111111,479.15833333333336,60.004027658333335,74.95611111111111,0.0,0.5951668099999977,50.74693092737761,0.0,244.31444456666665,49.94569634451934,122.02455060906635,0.12,0.08,0,,38.12222222222222,0.0,74.95611111111111,19.06111111111111,180.89444444444445,0.0,90.44722222222222
2022-10-01 13:00:00,13,0,5,True,-0.17555555555555558,34.980555555555554,-0.8497222222222222,37.0,482.31666666666666,59.99333348055556,20.777222302777776,18.545000005555554,34.980555555555554,37.0,-0.17555555555555558,0.0,71.98055555555555,71.80499999999999,482.31666666666666,59.99333348055556,71.80499999999999,0.0,0.5920001766666757,48.59722918998186,0.0,244.31444456666665,49.94260884571275,122.01700740350603,0.12,0.08,0,,34.980555555555554,0.0,71.80499999999999,17.490277777777777,215.875,0.0,107.9375
2022-10-01 14:00:00,14,0,5,True,-0.18472222222222223,29.53611111111111,-0.8355555555555556,37.0,480.6722222222222,59.997666836111115,21.692222141666665,19.37305571111111,29.53611111111111,37.0,-0.18472222222222223,0.0,66.53611111111111,66.35138888888889,480.6722222222222,59.997666836111115,66.35138888888889,0.0,0.5972002033333382,44.39109923600384,0.0,244.31444456666665,49.93961215569458,122.00968605693276,0.12,0.08,0,,29.53611111111111,0.0,66.35138888888889,14.768055555555556,245.4111111111111,0.0,122.70555555555555
2022-10-01 15:00:00,15,0,5,True,-0.19222222222222224,21.177777777777777,-0.8622222222222221,37.0,478.64444444444445,59.995333716666664,22.401944622222217,20.149722133333334,21.177777777777777,37.0,-0.19222222222222224,0.0,58.17777777777778,57.98555555555556,478.64444444444445,59.995333716666664,57.98555555555556,0.0,0.5944004599999971,36.40183346065699,0.0,244.31444456666665,49.937160318406995,122.00369586428192,0.12,0.08,0,,21.177777777777777,0.0,57.98555555555556,10.588888888888889,266.58888888888885,0.0,133.29444444444442
2022-10-01 16:00:00,16,0,5,True,-0.1986111111111111,9.852777777777778,-0.845,37.0,479.9194444444444,59.97750037222223,22.916944325,20.510555555555552,9.852777777777778,37.0,-0.1986111111111111,0.0,46.852777777777774,46.65416666666666,479.9194444444444,59.97750037222223,46.65416666666666,0.0,0.573000446666677,21.02922867137013,0.0,244.31444456666665,49.93507171627313,121.99859310757935,0.12,0.08,0,,9.852777777777778,0.0,46.65416666666666,4.926388888888889,276.4416666666666,0.0,138.2208333333333
2022-10-01 17:00:00,17,0,5,True,-0.20527777777777778,0.475,-0.8986111111111111,37.0,485.85,59.99113935833332,22.988055555555558,20.518055558333334,0.475,37.0,-0.20527777777777778,0.0,37.475,37.26972222222222,485.85,59.99113935833332,37.26972222222222,0.0,0.5893672299999849,1.2675116744496329,0.0,244.31444456666665,49.932892305350826,121.99326849188971,0.12,0.08,0,,0.475,0.0,37.26972222222222,0.2375,276.91666666666663,0.0,138.45833333333331
2022-10-01 18:00:00,18,0,5,True,-0.22,-0.041666666666666664,-0.9822222222222221,37.0,484.5111111111111,60.00608311666666,22.876388683333335,20.408333211111113,0.0,37.0,-0.22,0.0,37.0,36.78,484.5111111111111,60.00608311666666,36.78,0.0,0.5927002600000094,0.0,0.0,244.31444456666665,49.92807943956408,121.98150996557507,0.18,0.096,0,,0.0,0.0,36.78,0.0,276.91666666666663,0.0,138.45833333333331
2022-10-01 19:00:00,19,0,5,True,-0.23194444444444448,0.0,-0.9530555555555557,37.0,483.4527777777778,60.006888658333324,22.557778072222224,20.117777919444443,0.0,37.0,-0.23194444444444448,0.0,37.0,36.768055555555556,483.4527777777778,60.006888658333324,36.768055555555556,0.0,0.5917336100000113,0.0,0.0,244.31444456666665,49.924174661661624,121.97197002913113,0.18,0.096,0,,0.0,0.0,36.768055555555556,0.0,276.91666666666663,0.0,138.45833333333331
2022-10-01 20:00:00,20,0,5,True,-0.2286111111111111,0.0,-0.9688888888888888,37.0,484.2472222222222,60.01752728888888,22.17305552222222,19.745833461111108,0.0,37.0,-0.2286111111111111,0.0,37.0,36.771388888888886,484.2472222222222,60.01752728888888,36.771388888888886,0.0,0.5789672533333459,0.0,0.0,244.31444456666665,49.92526436712277,121.97463233697594,0.18,0.096,0,,0.0,0.0,36.771388888888886,0.0,276.91666666666663,0.0,138.45833333333331
2022-10-01 21:00:00,21,0,5,True,-0.22166666666666665,0.0,-0.9847222222222223,37.0,486.6638888888889,60.016777516666664,21.72750001111111,19.378888869444445,0.0,37.0,-0.22166666666666665,0.0,37.0,36.778333333333336,486.6638888888889,60.016777516666664,36.778333333333336,0.0,0.5798669800000027,0.0,0.0,244.31444456666665,49.9275345868335,121.98017881165265,0.18,0.096,0,,0.0,0.0,36.778333333333336,0.0,276.91666666666663,0.0,138.45833333333331
2022-10-01 22:00:00,22,0,5,True,-0.21333333333333337,0.0,-0.9377777777777778,37.0,485.0722222222222,60.021721916666664,21.279166669444447,18.99694445,0.0,37.0,-0.21333333333333337,0.0,37.0,36.78666666666667,485.0722222222222,60.021721916666664,36.78666666666667,0.0,0.5739337000000034,0.0,0.0,244.31444456666665,49.93025885048638,121.98683458126472,0.18,0.096,0,,0.0,0.0,36.78666666666667,0.0,276.91666666666663,0.0,138.45833333333331
2022-10-01 23:00:00,23,0,5,True,-0.21805555555555556,0.0,-0.9205555555555555,37.0,483.60277777777776,60.019610502777766,20.812777933333333,18.623333525,0.0,37.0,-0.21805555555555556,0.0,37.0,36.78194444444444,483.60277777777776,60.019610502777766,36.78194444444444,0.0,0.5764673966666806,0.0,0.0,244.31444456666665,49.928715101083085,121.98306297848457,0.12,0.08,0,,0.0,0.0,36.78194444444444,0.0,276.91666666666663,0.0,138.45833333333331
2022-10-02 00:00:00,0,0,6,True,-0.19583333333333333,0.0,-0.8938888888888887,37.0,483.09444444444443,60.009249680555556,20.366944472222222,18.298888805555556,0.0,37.0,-0.19583333333333333,0.0,37.0,36.80416666666667,483.09444444444443,60.009249680555556,36.80416666666667,0.0,0.5889003833333334,0.0,0.0,244.31444456666665,49.93597980415742,122.00081169745003,0.12,0.08,0,,0.0,0.0,36.80416666666667,0.0,276.91666666666663,0.0,138.45833333333331
2022-10-02 01:00:00,1,0,6,True,-0.19222222222222227,0.0,-0.895,37.0,484.4111111111111,60.00044451111111,19.903611127777776,17.99194441388889,0.0,37.0,-0.19222222222222227,0.0,37.0,36.80777777777778,484.4111111111111,60.00044451111111,36.80777777777778,0.0,0.5994665866666651,0.0,0.0,244.31444456666665,49.937160318406995,122.00369586428192,0.12,0.08,0,,0.0,0.0,36.80777777777778,0.0,276.91666666666663,0.0,138.45833333333331
2022-10-02 02:00:00,2,0,6,True,-0.18444444444444447,0.0,-0.853611111111111,37.0,485.90277777777777,59.992778202777785,19.431388977777775,17.63972236111111,0.0,37.0,-0.18444444444444447,0.0,37.0,36.815555555555555,485.90277777777777,59.992778202777785,36.815555555555555,0.0,0.5913338433333422,0.0,0.0,244.31444456666665,49.93970296448302,122.00990791591984,0.12,0.08,0,,0.0,0.0,36.815555555555555,0.0,276.91666666666663,0.0,138.45833333333331
2022-10-02 03:00:00,3,0,6,True,-0.19111111111111115,0.0,-0.8633333333333332,37.0,485.3333333333333,59.988722702777785,18.893333416666664,17.30555543611111,0.0,37.0,-0.19111111111111115,0.0,37.0,36.80888888888889,485.3333333333333,59.988722702777785,36.80888888888889,0.0,0.5864672433333424,0.0,0.0,244.31444456666665,49.937523553560716,122.0045833002302,0.12,0.08,0,,0.0,0.0,36.80888888888889,0.0,276.91666666666663,0.0,138.45833333333331
2022-10-02 04:00:00,4,0,6,True,-0.18055555555555555,0.0,-0.8111111111111111,37.0,482.25555555555553,59.98322256944445,18.335555558333333,16.982222144444446,0.0,37.0,-0.18055555555555555,0.0,37.0,36.81944444444444,482.25555555555553,59.98322256944445,36.81944444444444,0.0,0.5798670833333404,0.0,0.0,244.31444456666665,49.94097428752102,122.01301394173879,0.12,0.08,0,,0.0,0.0,36.81944444444444,0.0,276.91666666666663,0.0,138.45833333333331
2022-10-02 05:00:00,5,0,6,True,-0.16527777777777777,0.0,-0.7969444444444443,37.0,481.2027777777778,59.980361150000014,17.787222361111112,16.632499888888887,0.0,37.0,-0.16527777777777777,0.0,37.0,36.834722222222226,481.2027777777778,59.980361150000014,36.834722222222226,0.0,0.5764333800000173,0.0,0.0,244.31444456666665,49.945968770884626,122.02521618602755,0.12,0.08,0,,0.0,0.0,36.834722222222226,0.0,276.91666666666663,0.0,138.45833333333331
2022-10-02 06:00:00,6,0,6,True,-0.16833333333333333,1.4777777777777779,-0.823888888888889,37.0,485.2416666666667,59.97827825833333,17.286111133333332,16.240833283333334,1.4777777777777779,37.0,-0.16833333333333333,0.0,38.477777777777774,38.30944444444444,485.2416666666667,59.97827825833333,38.30944444444444,0.0,0.5739339099999995,3.840600635287324,0.0,244.31444456666665,49.94496987421191,122.02277573716981,0.18,0.096,0,,1.4777777777777779,0.0,38.30944444444444,0.7388888888888889,278.3944444444444,0.0,139.1972222222222
2022-10-02 07:00:00,7,0,6,True,-0.15805555555555556,12.247222222222222,-0.8336111111111112,37.0,487.1,60.003860780555556,16.92055524722222,15.957777783333333,12.247222222222222,37.0,-0.15805555555555556,0.0,49.24722222222222,49.089166666666664,487.1,60.003860780555556,49.089166666666664,0.0,0.5953670633333331,24.868858931693836,0.0,244.31444456666665,49.948329799383785,122.03098451969133,0.18,0.096,0,,12.247222222222222,0.0,49.089166666666664,6.123611111111111,290.6416666666666,0.0,145.3208333333333
2022-10-02 08:00:00,8,0,6,True,-0.16472222222222224,23.552777777777777,-0.8308333333333334,37.0,483.7361111111111,60.003694072222224,16.810554661111116,15.813055555555557,23.552777777777777,37.0,-0.16472222222222224,0.0,60.55277777777778,60.38805555555555,483.7361111111111,60.003694072222224,60.38805555555555,0.0,0.5955671133333311,38.896279645855316,0.0,244.31444456666665,49.94615038846149,122.02565990400171,0.18,0.096,0,,23.552777777777777,0.0,60.38805555555555,11.776388888888889,314.19444444444434,0.0,157.09722222222217
2022-10-02 09:00:00,9,0,6,True,-0.1597222222222222,31.738888888888887,-0.7930555555555555,37.0,481.77777777777777,60.00919389166666,17.203333419444444,15.86111111111111,31.738888888888887,37.0,-0.1597222222222222,0.0,68.73888888888888,68.57916666666665,481.77777777777777,60.00919389166666,68.57916666666665,0.0,0.5889673300000055,46.173118887901076,0.0,244.31444456666665,49.947784946653215,122.02965336576895,0.18,0.096,0,,31.738888888888887,0.0,68.57916666666665,15.869444444444444,345.9333333333332,0.0,172.9666666666666
2022-10-02 10:00:00,10,0,6,True,-0.16277777777777777,36.166666666666664,-0.7725000000000001,37.0,480.975,60.00319418611111,17.993611166666664,16.2977778,36.166666666666664,37.0,-0.16277777777777777,0.0,73.16666666666666,73.00388888888888,480.975,60.00319418611111,73.00388888888888,0.0,0.5961669766666687,49.430523917995444,0.0,244.31444456666665,49.946786049980496,122.0272129169112,0.18,0.096,0,,36.166666666666664,0.0,73.00388888888888,18.083333333333332,382.0999999999999,0.0,191.04999999999995
2022-10-02 11:00:00,11,0,6,True,-0.16333333333333336,38.34444444444444,-0.8213888888888888,37.0,479.4527777777778,60.00680506388888,18.819444494444447,17.2177777,38.34444444444444,37.0,-0.16333333333333336,0.0,75.34444444444443,75.18111111111111,479.4527777777778,60.00680506388888,75.18111111111111,0.0,0.5918339233333398,50.89219879073883,0.0,244.31444456666665,49.94660443240363,122.02676919893703,0.12,0.08,0,,38.34444444444444,0.0,75.18111111111111,19.17222222222222,420.44444444444434,0.0,210.22222222222217
2022-10-02 12:00:00,12,0,6,True,-0.1597222222222222,38.266666666666666,-0.8288888888888888,37.0,480.3611111111111,60.0041386,19.531388936111114,17.91388897222222,38.266666666666666,37.0,-0.1597222222222222,0.0,75.26666666666667,75.10694444444444,480.3611111111111,60.0041386,75.10694444444444,0.0,0.595033680000003,50.84145261293179,0.0,244.31444456666665,49.947784946653215,122.02965336576895,0.12,0.08,0,,38.266666666666666,0.0,75.10694444444444,19.133333333333333,458.711111111111,0.0,229.3555555555555
2022-10-02 13:00:00,13,0,6,True,-0.16805555555555557,34.975,-0.8377777777777777,37.0,478.9972222222222,60.00136105833334,20.55333335,18.566944408333335,34.975,37.0,-0.16805555555555557,0.0,71.975,71.80694444444444,478.9972222222222,60.00136105833334,71.80694444444444,0.0,0.5983667299999951,48.59326154914901,0.0,244.31444456666665,49.945060683000335,122.02299759615688,0.12,0.08,0,,34.975,0.0,71.80694444444444,17.4875,493.686111111111,0.0,246.8430555555555
2022-10-02 14:00:00,14,0,6,True,-0.17222222222222222,29.602777777777778,-0.8008333333333334,37.0,477.86944444444447,60.002527483333324,21.47111132222222,19.465555625,29.602777777777778,37.0,-0.17222222222222222,0.0,66.60277777777777,66.43055555555556,477.86944444444447,60.002527483333324,66.43055555555556,0.0,0.5969670200000109,44.44676147975143,0.0,244.31444456666665,49.9436985511739,122.01966971135086,0.12,0.08,0,,29.602777777777778,0.0,66.43055555555556,14.801388888888889,523.2888888888888,0.0,261.6444444444444
2022-10-02 15:00:00,15,0,6,True,-0.1841666666666667,20.85,-0.8527777777777777,37.0,479.59722222222223,60.013221591666664,22.081110997222222,20.251666680555555,20.85,37.0,-0.1841666666666667,0.0,57.85,57.66583333333333,479.59722222222223,60.013221591666664,57.66583333333333,0.0,0.5841340900000034,36.041486603284355,0.0,244.31444456666665,49.93979377327145,122.01012977490691,0.12,0.08,0,,20.85,0.0,57.66583333333333,10.425,544.1388888888888,0.0,272.0694444444444
2022-10-02 16:00:00,16,0,6,True,-0.19749999999999998,9.508333333333333,-0.9080555555555556,37.0,479.8638888888889,60.01072151111111,22.569444444444443,20.652500541666665,9.508333333333333,37.0,-0.19749999999999998,0.0,46.50833333333333,46.310833333333335,479.8638888888889,60.01072151111111,46.310833333333335,0.0,0.587134186666671,20.444364809173983,0.0,244.31444456666665,49.93543495142684,121.99948054352762,0.12,0.08,0,,9.508333333333333,0.0,46.310833333333335,4.754166666666666,553.6472222222221,0.0,276.82361111111106
2022-10-02 17:00:00,17,0,6,True,-0.20668523676880224,0.49025069637883006,-0.8735376044568244,37.0,484.6908077994429,60.00130931476323,22.593871866295263,20.64596149303621,0.49025069637883006,37.0,-0.20668523676880224,0.0,37.49025069637883,37.283565459610024,484.6908077994429,60.00130931476323,37.283565459610024,0.0,0.5984288222841201,1.307675161601902,0.0,244.31444456666665,49.932432190626166,121.99214436515577,0.12,0.08,0,,0.49025069637883006,0.0,37.283565459610024,0.24512534818941503,554.1374729186009,0.0,277.06873645930045
2022-10-02 18:00:00,18,0,6,True,-0.2227777777777778,0.0,-0.9305555555555556,37.0,486.9527777777778,60.001860900000004,22.413055397222223,20.50083338611111,0.0,37.0,-0.2227777777777778,0.0,37.0,36.77722222222222,486.9527777777778,60.001860900000004,36.77722222222222,0.0,0.5977669199999951,0.0,0.0,244.31444456666665,49.92717135167979,121.97929137570439,0.18,0.096,0,,0.0,0.0,36.77722222222222,0.0,554.1374729186009,0.0,277.06873645930045
2022-10-02 19:00:00,19,0,6,True,-0.22194444444444447,0.0,-0.9336111111111111,37.0,484.4861111111111,60.01083291944444,22.079444513888888,20.221944502777777,0.0,37.0,-0.22194444444444447,0.0,37.0,36.778055555555554,484.4861111111111,60.01083291944444,36.778055555555554,0.0,0.5870004966666726,0.0,0.0,244.31444456666665,49.927443778045074,121.97995695266559,0.18,0.096,0,,0.0,0.0,36.778055555555554,0.0,554.1374729186009,0.0,277.06873645930045
2022-10-02 20:00:00,20,0,6,True,-0.22250000000000003,0.0,-0.9622222222222222,37.0,486.28333333333336,60.01027753888888,21.774444491666667,19.910555458333334,0.0,37.0,-0.22250000000000003,0.0,37.0,36.7775,486.28333333333336,60.01027753888888,36.7775,0.0,0.5876669533333455,0.0,0.0,244.31444456666665,49.92726216046822,121.97951323469145,0.18,0.096,0,,0.0,0.0,36.7775,0.0,554.1374729186009,0.0,277.06873645930045
2022-10-02 21:00:00,21,0,6,True,-0.2175,0.0,-0.9597222222222223,37.0,486.4916666666667,60.016249877777774,21.361111175,19.59527805277778,0.0,37.0,-0.2175,0.0,37.0,36.7825,486.4916666666667,60.016249877777774,36.7825,0.0,0.5805001466666709,0.0,0.0,244.31444456666665,49.92889671865994,121.98350669645869,0.18,0.096,0,,0.0,0.0,36.7825,0.0,554.1374729186009,0.0,277.06873645930045
2022-10-02 22:00:00,22,0,6,True,-0.22194444444444447,0.0,-0.9563888888888887,37.0,483.2916666666667,60.017472022222215,20.890000030555555,19.2669445,0.0,37.0,-0.22194444444444447,0.0,37.0,36.778055555555554,483.2916666666667,60.017472022222215,36.778055555555554,0.0,0.5790335733333422,0.0,0.0,244.31444456666665,49.927443778045074,121.97995695266559,0.18,0.096,0,,0.0,0.0,36.778055555555554,0.0,554.1374729186009,0.0,277.06873645930045
2022-10-02 23:00:00,23,0,6,True,-0.22083333333333333,0.0,-0.9680555555555556,37.0,483.53055555555557,59.99488902222222,20.481666669444444,18.949999866666666,0.0,37.0,-0.22083333333333333,0.0,37.0,36.77916666666667,483.53055555555557,59.99488902222222,36.77916666666667,0.0,0.593866826666661,0.0,0.0,244.31444456666665,49.92780701319879,121.98084438861386,0.12,0.08,0,,0.0,0.0,36.77916666666667,0.0,554.1374729186009,0.0,277.06873645930045
2022-10-03 00:00:00,0,0,0,False,-0.20722222222222225,0.0,-0.8974999999999999,37.0,485.7083333333333,59.97727830555555,20.040000099999997,18.628889133333335,0.0,37.0,-0.20722222222222225,0.0,37.0,36.79277777777778,485.7083333333333,59.97727830555555,36.79277777777778,0.0,0.5727339666666609,0.0,0.0,244.31444456666665,49.93225664383182,121.99171547898021,0.12,0.08,0,,0.0,0.0,36.79277777777778,0.0,554.1374729186009,0.0,277.06873645930045
2022-10-03 01:00:00,1,0,0,False,-0.19722222222222222,0.0,-0.8927777777777779,37.0,486.19444444444446,59.98850051666667,19.579166833333336,18.34249981111111,0.0,37.0,-0.19722222222222222,0.0,37.0,36.80277777777778,486.19444444444446,59.98850051666667,36.80277777777778,0.0,0.5862006200000024,0.0,0.0,244.31444456666665,49.93552576021527,121.99970240251469,0.12,0.08,0,,0.0,0.0,36.80277777777778,0.0,554.1374729186009,0.0,277.06873645930045
2022-10-03 02:00:00,2,0,0,False,-0.1983333333333333,0.0,-0.9349999999999999,37.0,487.0805555555556,59.97980614722223,19.122222230555558,18.04805563888889,0.0,37.0,-0.1983333333333333,0.0,37.0,36.80166666666667,487.0805555555556,59.97980614722223,36.80166666666667,0.0,0.5757673766666727,0.0,0.0,244.31444456666665,49.93516252506156,121.99881496656641,0.12,0.08,0,,0.0,0.0,36.80166666666667,0.0,554.1374729186009,0.0,277.06873645930045
2022-10-03 03:00:00,3,0,0,False,-0.18166666666666667,0.0,-0.8766666666666666,37.0,486.47777777777776,59.96686132222223,18.62611123611111,17.72722228888889,0.0,37.0,-0.18166666666666667,0.0,37.0,36.818333333333335,486.47777777777776,59.96686132222223,36.818333333333335,0.0,0.5602335866666749,0.0,0.0,244.31444456666665,49.94061105236731,122.01212650579053,0.12,0.08,0,,0.0,0.0,36.818333333333335,0.0,554.1374729186009,0.0,277.06873645930045
2022-10-03 04:00:00,4,0,0,False,-0.18888888888888888,0.0,-0.8591666666666667,37.0,483.99444444444447,59.9875837,18.140833319444447,17.36277770277778,0.0,37.0,-0.18888888888888888,0.0,37.0,36.81111111111111,483.99444444444447,59.9875837,36.81111111111111,0.0,0.5851004400000022,0.0,0.0,244.31444456666665,49.93825002386815,122.00635817212675,0.12,0.08,0,,0.0,0.0,36.81111111111111,0.0,554.1374729186009,0.0,277.06873645930045
2022-10-03 05:00:00,5,0,0,False,-0.16305555555555556,0.0,-0.7625,37.0,481.40277777777777,59.98769462777778,17.659166783333333,16.994722144444445,0.0,37.0,-0.16305555555555556,0.0,37.0,36.83694444444444,481.40277777777777,59.98769462777778,36.83694444444444,0.0,0.5852335533333332,0.0,0.0,244.31444456666665,49.94669524119206,122.0269910579241,0.12,0.08,0,,0.0,0.0,36.83694444444444,0.0,554.1374729186009,0.0,277.06873645930045
2022-10-03 06:00:00,6,0,0,False,-0.17027777777777778,1.4444444444444444,-0.8497222222222222,37.0,485.7083333333333,59.990444608333334,17.252222241666665,16.62888889722222,1.4444444444444444,37.0,-0.17027777777777778,0.0,38.44444444444444,38.274166666666666,485.7083333333333,59.990444608333334,38.274166666666666,0.0,0.5885335300000009,3.7572254335260116,0.0,244.31444456666665,49.9443342126929,122.02122272426033,0.18,0.096,0,,1.4444444444444444,0.0,38.274166666666666,0.7222222222222222,555.5819173630454,0.0,277.7909586815227
2022-10-03 07:00:00,7,0,0,False,-0.16111111111111112,11.941666666666666,-0.8186111111111113,37.0,485.9555555555556,60.006388486111106,16.891388408333338,16.291944397222224,11.941666666666666,37.0,-0.16111111111111112,0.0,48.94166666666666,48.78055555555555,485.9555555555556,60.006388486111106,48.78055555555555,0.0,0.5923338166666724,24.39979567512345,0.0,244.31444456666665,49.947330902711066,122.02854407083359,0.18,0.096,0,,11.941666666666666,0.0,48.78055555555555,5.970833333333333,567.5235840297121,0.0,283.76179201485604
2022-10-03 08:00:00,8,0,0,False,-0.1775,23.291666666666668,-0.845,37.0,486.475,60.00636083055555,16.79916571666667,16.098611249999998,23.291666666666668,37.0,-0.1775,0.0,60.29166666666667,60.11416666666667,486.475,60.00636083055555,60.11416666666667,0.0,0.5923670033333394,38.63165169315826,0.0,244.31444456666665,49.94197318419374,122.01545439059655,0.18,0.096,0,,23.291666666666668,0.0,60.11416666666667,11.645833333333334,590.8152506963787,0.0,295.40762534818936
2022-10-03 09:00:00,9,0,0,False,-0.16305555555555556,32.13055555555555,-0.8574999999999999,37.00555555555555,484.0888888888889,60.00394456666666,17.115555538888888,16.08972234722222,32.13055555555555,37.00555555555555,-0.16305555555555556,0.0,69.1361111111111,68.97305555555555,484.0888888888889,60.00394456666666,68.97305555555555,0.0,0.5952665200000069,46.47434609666921,0.0,244.31444456666665,49.94669524119206,122.0269910579241,0.18,0.096,0,,32.13055555555555,0.0,68.97305555555555,16.065277777777776,622.9458062519343,0.0,311.47290312596715
2022-10-03 10:00:00,10,0,0,False,-0.15416666666666667,37.266666666666666,-0.8061111111111112,37.0,483.8666666666667,60.01424954722222,17.687500066666665,16.351388850000003,37.266666666666666,37.0,-0.15416666666666667,0.0,74.26666666666667,74.1125,483.8666666666667,60.01424954722222,74.1125,0.0,0.582900543333335,50.179533213644525,0.0,244.31444456666665,49.9496011224218,122.0340905455103,0.18,0.096,0,,37.266666666666666,0.0,74.1125,18.633333333333333,660.212472918601,0.0,330.1062364593005
2022-10-03 11:00:00,11,0,0,False,-0.17333333333333334,39.55555555555556,-0.8266666666666668,37.0,482.96944444444443,59.99355588888888,18.284722102777778,16.94999997777778,39.55555555555556,37.0,-0.17333333333333334,0.0,76.55555555555556,76.38222222222223,482.96944444444443,59.99355588888888,76.38222222222223,0.0,0.5922670666666533,51.66908563134979,0.0,244.31444456666665,49.94333531602018,122.01878227540257,0.12,0.08,0,,39.55555555555556,0.0,76.38222222222223,19.77777777777778,699.7680284741565,0.0,349.88401423707825
2022-10-03 12:00:00,12,0,0,False,-0.1638888888888889,38.875,-0.8405555555555556,37.0,482.78055555555557,60.0102772,18.915833347222225,17.54583345,38.875,37.0,-0.1638888888888889,0.0,75.875,75.71111111111111,482.78055555555557,60.0102772,75.71111111111111,0.0,0.5876673600000032,51.23558484349259,0.0,244.31444456666665,49.946422814826775,122.02632548096291,0.12,0.08,0,,38.875,0.0,75.71111111111111,19.4375,738.6430284741565,0.0,369.32151423707825
2022-10-03 13:00:00,13,0,0,False,-0.17333333333333334,35.90277777777778,-0.8341666666666665,37.0,483.18055555555554,60.01216640277778,19.71305562222222,18.034999925,35.90277777777778,37.0,-0.17333333333333334,0.0,72.90277777777777,72.72944444444444,483.18055555555554,60.01216640277778,72.72944444444444,0.0,0.5854003166666644,49.247475709658985,0.0,244.31444456666665,49.94333531602018,122.01878227540257,0.12,0.08,0,,35.90277777777778,0.0,72.72944444444444,17.95138888888889,774.5458062519343,0.0,387.27290312596716
2022-10-03 14:00:00,14,0,0,False,-0.18444444444444447,29.783333333333335,-0.8736111111111111,37.0,483.93888888888887,60.012555258333336,20.375000025,18.668055630555557,29.783333333333335,37.0,-0.18444444444444447,0.0,66.78333333333333,66.5988888888889,483.93888888888887,60.012555258333336,66.5988888888889,0.0,0.5849336899999968,44.596955328175696,0.0,244.31444456666665,49.93970296448302,122.00990791591984,0.12,0.08,0,,29.783333333333335,0.0,66.5988888888889,14.891666666666667,804.3291395852676,0.0,402.1645697926338
2022-10-03 15:00:00,15,0,0,False,-0.18361111111111109,20.86111111111111,-0.8355555555555554,37.0,483.73333333333335,60.00647180277778,20.963055741666665,19.414444516666663,20.86111111111111,37.0,-0.18361111111111109,0.0,57.861111111111114,57.6775,483.73333333333335,60.00647180277778,57.6775,0.0,0.5922338366666622,36.05376860297647,0.0,244.31444456666665,49.9399753908483,122.01057349288104,0.12,0.08,0,,20.86111111111111,0.0,57.6775,10.430555555555555,825.1902506963787,0.0,412.59512534818936
2022-10-03 16:00:00,16,0,0,False,-0.19583333333333333,9.411111111111111,-0.8930555555555556,37.0,484.1166666666667,59.99080599999999,21.37055526944445,19.718611516666666,9.411111111111111,37.0,-0.19583333333333333,0.0,46.41111111111111,46.21527777777778,484.1166666666667,59.99080599999999,46.21527777777778,0.0,0.5889671999999905,20.277711276035433,0.0,244.31444456666665,49.93597980415742,122.00081169745003,0.12,0.08,0,,9.411111111111111,0.0,46.21527777777778,4.705555555555556,834.6013618074899,0.0,417.30068090374493
2022-10-03 17:00:00,17,0,0,False,-0.21166666666666673,0.49444444444444446,-0.9516666666666668,37.0,485.5722222222222,59.99811121666666,21.405277777777783,19.767499883333336,0.49444444444444446,37.0,-0.21166666666666673,0.0,37.49444444444445,37.28277777777778,485.5722222222222,59.99811121666666,37.28277777777778,0.0,0.5977334599999892,1.3187138835383019,0.0,244.31444456666665,49.93080370321695,121.98816573518712,0.12,0.08,0,,0.49444444444444446,0.0,37.28277777777778,0.24722222222222223,835.0958062519343,0.0,417.54790312596714
2022-10-03 18:00:00,18,0,0,False,-0.21055555555555558,0.0,-0.9236111111111112,37.00833333333333,483.65,59.98869484444445,21.323333066666667,19.71361149722222,0.0,37.00833333333333,-0.21055555555555558,0.0,37.00833333333333,36.797777777777775,483.65,59.98869484444445,36.797777777777775,0.0,0.5864338133333433,0.0,0.0,244.31444456666665,49.93116693837067,121.98905317113541,0.18,0.096,0,,0.0,0.0,36.797777777777775,0.0,835.0958062519343,0.0,417.54790312596714
2022-10-03 19:00:00,19,0,0,False,-0.225,0.0,-0.9275,37.0,484.0111111111111,59.98869459722222,21.11555578611111,19.630555955555554,0.0,37.0,-0.225,0.0,37.0,36.775,484.0111111111111,59.98869459722222,36.775,0.0,0.5864335166666649,0.0,0.0,244.31444456666665,49.926444881372355,121.97751650380785,0.18,0.096,0,,0.0,0.0,36.775,0.0,835.0958062519343,0.0,417.54790312596714
2022-10-03 20:00:00,20,0,0,False,-0.21972222222222224,0.0,-0.9880555555555556,37.0,484.9638888888889,59.995889133333336,20.96777777777778,19.517500013888885,0.0,37.0,-0.21972222222222224,0.0,37.0,36.780277777777776,484.9638888888889,59.995889133333336,36.780277777777776,0.0,0.5950669600000026,0.0,0.0,244.31444456666665,49.92817024835251,121.98173182456215,0.18,0.096,0,,0.0,0.0,36.780277777777776,0.0,835.0958062519343,0.0,417.54790312596714
2022-10-03 21:00:00,21,0,0,False,-0.2025,0.0,-0.8972222222222223,37.0,484.8388888888889,60.003833183333334,20.778611063888885,19.41138878611111,0.0,37.0,-0.2025,0.0,37.0,36.7975,484.8388888888889,60.003833183333334,36.7975,0.0,0.5954001799999986,0.0,0.0,244.31444456666665,49.93380039323512,121.99548708176039,0.18,0.096,0,,0.0,0.0,36.7975,0.0,835.0958062519343,0.0,417.54790312596714
2022-10-03 22:00:00,22,0,0,False,-0.21944444444444444,0.0,-0.9686111111111111,37.0,486.40277777777777,60.00288873888889,20.543333541666666,19.265555461111113,0.0,37.0,-0.21944444444444444,0.0,37.0,36.78055555555556,486.40277777777777,60.00288873888889,36.78055555555556,0.0,0.5965335133333297,0.0,0.0,244.31444456666665,49.928261057140936,121.98195368354921,0.18,0.096,0,,0.0,0.0,36.78055555555556,0.0,835.0958062519343,0.0,417.54790312596714
2022-10-03 23:00:00,23,0,0,False,-0.20166666666666672,0.0,-0.9452777777777777,37.0,482.9555555555556,60.01127718055555,20.22916665,19.073055622222224,0.0,37.0,-0.20166666666666672,0.0,37.0,36.79833333333333,482.9555555555556,60.01127718055555,36.79833333333333,0.0,0.586467383333337,0.0,0.0,244.31444456666665,49.9340728196004,121.99615265872158,0.12,0.08,0,,0.0,0.0,36.79833333333333,0.0,835.0958062519343,0.0,417.54790312596714
2022-10-04 00:00:00,0,0,1,False,-0.20166666666666666,0.0,-0.9091666666666666,37.0,484.05833333333334,59.99280568055555,19.879999897222223,18.89305536111111,0.0,37.0,-0.20166666666666666,0.0,37.0,36.79833333333333,484.05833333333334,59.99280568055555,36.79833333333333,0.0,0.5913668166666582,0.0,0.0,244.31444456666665,49.9340728196004,121.99615265872158,0.12,0.08,0,,0.0,0.0,36.79833333333333,0.0,835.0958062519343,0.0,417.54790312596714
2022-10-04 01:00:00,1,0,1,False,-0.20083333333333336,0.0,-0.9113888888888889,37.0,484.77777777777777,60.0069442,19.541666852777777,18.695278077777775,0.0,37.0,-0.20083333333333336,0.0,37.0,36.799166666666665,484.77777777777777,60.0069442,36.799166666666665,0.0,0.5916669600000005,0.0,0.0,244.31444456666665,49.934345245965694,121.9968182356828,0.12,0.08,0,,0.0,0.0,36.799166666666665,0.0,835.0958062519343,0.0,417.54790312596714
2022-10-04 02:00:00,2,0,1,False,-0.19777777777777775,0.0,-0.9188888888888888,37.0,485.77222222222224,60.00777749444444,19.251111155555556,18.523611158333335,0.0,37.0,-0.19777777777777775,0.0,37.0,36.80222222222222,485.77222222222224,60.00777749444444,36.80222222222222,0.0,0.590667006666672,0.0,0.0,244.31444456666665,49.935344142638414,121.99925868454055,0.12,0.08,0,,0.0,0.0,36.80222222222222,0.0,835.0958062519343,0.0,417.54790312596714
2022-10-04 03:00:00,3,0,1,False,-0.19361111111111112,0.0,-0.891111111111111,37.0,485.475,60.011443891666666,18.984722097222225,18.38749982222222,0.0,37.0,-0.19361111111111112,0.0,37.0,36.80638888888889,485.475,60.011443891666666,36.80638888888889,0.0,0.5862673300000011,0.0,0.0,244.31444456666665,49.93670627446485,122.00258656934658,0.12,0.08,0,,0.0,0.0,36.80638888888889,0.0,835.0958062519343,0.0,417.54790312596714
2022-10-04 04:00:00,4,0,1,False,-0.19138888888888891,0.0,-0.8747222222222222,37.0,482.9527777777778,59.99325028055556,18.624722416666664,18.194166719444443,0.0,37.0,-0.19138888888888891,0.0,37.0,36.80861111111111,482.9527777777778,59.99325028055556,36.80861111111111,0.0,0.5919003366666686,0.0,0.0,244.31444456666665,49.93743274477229,122.00436144124313,0.12,0.08,0,,0.0,0.0,36.80861111111111,0.0,835.0958062519343,0.0,417.54790312596714
2022-10-04 05:00:00,5,0,1,False,-0.185,0.0,-0.8955555555555554,37.0,481.6,59.99152794166666,18.22055549722222,17.938055383333335,0.0,37.0,-0.185,0.0,37.0,36.815,481.6,59.99152794166666,36.815,0.0,0.5898335299999928,0.0,0.0,244.31444456666665,49.939521346906155,122.0094641979457,0.12,0.08,0,,0.0,0.0,36.815,0.0,835.0958062519343,0.0,417.54790312596714
2022-10-04 06:00:00,6,0,1,False,-0.16194444444444445,1.288888888888889,-0.8166666666666667,37.0,485.47222222222223,59.99586118333333,17.745555669444443,17.607500249999998,1.288888888888889,37.0,-0.16194444444444445,0.0,38.28888888888889,38.12694444444445,485.47222222222223,59.99586118333333,38.12694444444445,0.0,0.5950334199999986,3.3662217063261752,0.0,244.31444456666665,49.94705847634578,122.02787849387238,0.18,0.096,0,,1.288888888888889,0.0,38.12694444444445,0.6444444444444445,836.3846951408232,0.0,418.1923475704116
2022-10-04 07:00:00,7,0,1,False,-0.17472222222222222,11.777777777777779,-0.8847222222222222,37.0,486.0138888888889,60.01644411666666,17.306666694444445,17.281111,11.777777777777779,37.0,-0.17472222222222222,0.0,48.77777777777778,48.60305555555556,486.0138888888889,60.01644411666666,48.60305555555556,0.0,0.5802670600000056,24.145785876993166,0.0,244.31444456666665,49.94288127207804,122.01767298046724,0.18,0.096,0,,11.777777777777779,0.0,48.60305555555556,5.888888888888889,848.162472918601,0.0,424.0812364593005
2022-10-04 08:00:00,8,0,1,False,-0.16333333333333336,23.852777777777778,-0.8633333333333332,37.0,484.84166666666664,60.027805205555545,16.989444444444448,16.963888772222223,23.852777777777778,37.0,-0.16333333333333336,0.0,60.852777777777774,60.68944444444444,484.84166666666664,60.027805205555545,60.68944444444444,0.0,0.5666337533333461,39.1975167754599,0.0,244.31444456666665,49.94660443240363,122.02676919893703,0.18,0.096,0,,23.852777777777778,0.0,60.68944444444444,11.926388888888889,872.0152506963788,0.0,436.0076253481894
2022-10-04 09:00:00,9,0,1,False,-0.16166666666666668,32.830555555555556,-0.8025000000000001,37.0,484.43333333333334,60.02002722222221,17.017222222222223,16.786110405555558,32.830555555555556,37.0,-0.16166666666666668,0.0,69.83055555555555,69.66888888888889,484.43333333333334,60.02002722222221,69.66888888888889,0.0,0.5759673333333467,47.014598830502415,0.0,244.31444456666665,49.94714928513421,122.02810035285945,0.18,0.096,0,,32.830555555555556,0.0,69.66888888888889,16.415277777777778,904.8458062519343,0.0,452.42290312596714
2022-10-04 10:00:00,10,0,1,False,-0.14694444444444443,38.394444444444446,-0.8061111111111111,37.0,483.4972222222222,60.019221430555554,17.329444516666666,16.8558328,38.394444444444446,37.0,-0.14694444444444443,0.0,75.39444444444445,75.2475,483.4972222222222,60.019221430555554,75.2475,0.0,0.5769342833333354,50.92476604524353,0.0,244.31444456666665,49.951962150920956,122.03985887917408,0.18,0.096,0,,38.394444444444446,0.0,75.2475,19.197222222222223,943.2402506963788,0.0,471.6201253481894
2022-10-04 11:00:00,11,0,1,False,-0.15694444444444444,40.888888888888886,-0.7816666666666666,37.0,482.98055555555555,60.00866632222221,17.631667019444443,17.09888896388889,40.888888888888886,37.0,-0.15694444444444444,0.0,77.88888888888889,77.73194444444444,482.98055555555555,60.00866632222221,77.73194444444444,0.0,0.5896004133333462,52.49643366619116,0.0,244.31444456666665,49.948693034537506,122.03187195563962,0.12,0.08,0,,40.888888888888886,0.0,77.73194444444444,20.444444444444443,984.1291395852677,0.0,492.06456979263385
2022-10-04 12:00:00,12,0,1,False,-0.16083333333333336,40.62777777777778,-0.8352777777777779,37.0,484.34166666666664,60.008332788888886,18.0033333,17.398610961111114,40.62777777777778,37.0,-0.16083333333333336,0.0,77.62777777777778,77.46694444444445,484.34166666666664,60.008332788888886,77.46694444444445,0.0,0.5900006533333367,52.33664925212911,0.0,244.31444456666665,49.947421711499494,122.02876592982066,0.12,0.08,0,,40.62777777777778,0.0,77.46694444444445,20.31388888888889,1024.7569173630454,0.0,512.3784586815227
2022-10-04 13:00:00,13,0,1,False,-0.17083333333333334,37.477777777777774,-0.8472222222222222,37.0,485.0472222222222,59.99011161388889,18.57722213888889,17.580833544444445,37.477777777777774,37.0,-0.17083333333333334,0.0,74.47777777777777,74.30694444444444,485.0472222222222,59.99011161388889,74.30694444444444,0.0,0.5881339366666708,50.320751902133374,0.0,244.31444456666665,49.944152595116044,122.02077900628619,0.12,0.08,0,,37.477777777777774,0.0,74.30694444444444,18.738888888888887,1062.2346951408233,0.0,531.1173475704117
2022-10-04 14:00:00,14,0,1,False,-0.1575,31.522222222222222,-0.8041666666666667,37.0,483.68333333333334,59.978167252777794,19.09833364444444,17.986388825,31.522222222222222,37.0,-0.1575,0.0,68.52222222222223,68.36472222222223,483.68333333333334,59.978167252777794,68.36472222222223,0.0,0.5738007033333531,46.002918761148045,0.0,244.31444456666665,49.94851141696065,122.0314282376655,0.12,0.08,0,,31.522222222222222,0.0,68.36472222222223,15.761111111111111,1093.7569173630454,0.0,546.8784586815227
2022-10-04 15:00:00,15,0,1,False,-0.16694444444444445,22.069444444444443,-0.8205555555555555,37.0,484.72222222222223,59.97063922500001,19.323610713888893,18.339722125,22.069444444444443,37.0,-0.16694444444444445,0.0,59.06944444444444,58.902499999999996,484.72222222222223,59.97063922500001,58.902499999999996,0.0,0.5647670700000162,37.36186221490712,0.0,244.31444456666665,49.945423918154056,122.02388503210517,0.12,0.08,0,,22.069444444444443,0.0,58.902499999999996,11.034722222222221,1115.8263618074898,0.0,557.9131809037449
2022-10-04 16:00:00,16,0,1,False,-0.18055555555555555,9.672222222222222,-0.8836111111111111,37.0,486.10833333333335,59.97036136111112,19.33277767222222,18.352499844444445,9.672222222222222,37.0,-0.18055555555555555,0.0,46.672222222222224,46.49166666666667,486.10833333333335,59.97036136111112,46.49166666666667,0.0,0.5644336333333398,20.72372336626592,0.0,244.31444456666665,49.94097428752102,122.01301394173879,0.12,0.08,0,,9.672222222222222,0.0,46.49166666666667,4.836111111111111,1125.498584029712,0.0,562.749292014856
2022-10-04 17:00:00,17,0,1,False,-0.16861111111111113,0.4861111111111111,-0.8136111111111111,37.0,487.3638888888889,59.98641688611111,19.097222427777776,18.14777801388889,0.4861111111111111,37.0,-0.16861111111111113,0.0,37.486111111111114,37.3175,487.3638888888889,59.98641688611111,37.3175,0.0,0.5837002633333298,1.29677658391997,0.0,244.31444456666665,49.94487906542348,122.02255387818275,0.12,0.08,0,,0.4861111111111111,0.0,37.3175,0.24305555555555555,1125.984695140823,0.0,562.9923475704115
2022-10-04 18:00:00,18,0,1,False,-0.17444444444444449,0.0,-0.8844444444444446,37.0,484.775,59.98533333611112,18.783333413888887,17.996666633333334,0.0,37.0,-0.17444444444444449,0.0,37.0,36.82555555555555,484.775,59.98533333611112,36.82555555555555,0.0,0.582400003333342,0.0,0.0,244.31444456666665,49.94297208086647,122.0178948394543,0.18,0.096,0,,0.0,0.0,36.82555555555555,0.0,1125.984695140823,0.0,562.9923475704115
2022-10-04 19:00:00,19,0,1,False,-0.18166666666666667,0.0,-0.8672222222222222,37.0,484.7388888888889,60.01263850555556,18.424444191666666,17.818333108333334,0.0,37.0,-0.18166666666666667,0.0,37.0,36.818333333333335,484.7388888888889,60.01263850555556,36.818333333333335,0.0,0.5848337933333312,0.0,0.0,244.31444456666665,49.94061105236731,122.01212650579053,0.18,0.096,0,,0.0,0.0,36.818333333333335,0.0,1125.984695140823,0.0,562.9923475704115
2022-10-04 20:00:00,20,0,1,False,-0.17361111111111113,0.0,-0.9022222222222221,37.0,485.2861111111111,60.01099941388889,18.041944569444443,17.633889255555555,0.0,37.0,-0.17361111111111113,0.0,37.0,36.826388888888886,485.2861111111111,60.01099941388889,36.826388888888886,0.0,0.5868007033333328,0.0,0.0,244.31444456666665,49.94324450723175,122.01856041641551,0.18,0.096,0,,0.0,0.0,36.826388888888886,0.0,1125.984695140823,0.0,562.9923475704115
2022-10-04 21:00:00,21,0,1,False,-0.16527777777777777,0.0,-0.8402777777777778,37.0,487.9555555555556,60.00125011666667,17.6227779,17.388888697222225,0.0,37.0,-0.16527777777777777,0.0,37.0,36.834722222222226,487.9555555555556,60.00125011666667,36.834722222222226,0.0,0.5984998599999983,0.0,0.0,244.31444456666665,49.945968770884626,122.02521618602755,0.18,0.096,0,,0.0,0.0,36.834722222222226,0.0,1125.984695140823,0.0,562.9923475704115
2022-10-04 22:00:00,22,0,1,False,-0.16666666666666666,0.0,-0.8402777777777778,37.0,485.95,60.006360888888885,17.25250004722222,17.117777916666668,0.0,37.0,-0.16666666666666666,0.0,37.0,36.833333333333336,485.95,60.006360888888885,36.833333333333336,0.0,0.5923669333333379,0.0,0.0,244.31444456666665,49.945514726942484,122.02410689109223,0.18,0.096,0,,0.0,0.0,36.833333333333336,0.0,1125.984695140823,0.0,562.9923475704115
2022-10-04 23:00:00,23,0,1,False,-0.1675,0.0,-0.8702777777777778,37.0,484.85,60.00472201666667,16.86333318611111,16.838333075,0.0,37.0,-0.1675,0.0,37.0,36.8325,484.85,60.00472201666667,36.8325,0.0,0.5943335799999971,0.0,0.0,244.31444456666665,49.9452423005772,122.02344131413102,0.12,0.08,0,,0.0,0.0,36.8325,0.0,1125.984695140823,0.0,562.9923475704115
2022-10-05 00:00:00,0,0,2,False,-0.16055555555555553,0.0,-0.8066666666666666,37.0,484.97777777777776,59.993166613888896,16.471944361111113,16.498055536111114,0.0,37.0,-0.16055555555555553,0.0,37.0,36.839444444444446,484.97777777777776,59.993166613888896,36.839444444444446,0.0,0.5917999366666749,0.0,0.0,244.31444456666665,49.94751252028792,122.02898778880773,0.12,0.08,0,,0.0,0.0,36.839444444444446,0.0,1125.984695140823,0.0,562.9923475704115
2022-10-05 01:00:00,1,0,2,False,-0.15583333333333332,0.0,-0.7966666666666665,37.0,482.7916666666667,59.99694446666667,16.088333499999997,16.16777781388889,0.0,37.0,-0.15583333333333332,0.0,37.0,36.844166666666666,482.7916666666667,59.99694446666667,36.844166666666666,0.0,0.5963333600000027,0.0,0.0,244.31444456666665,49.94905626969122,122.03275939158789,0.12,0.08,0,,0.0,0.0,36.844166666666666,0.0,1125.984695140823,0.0,562.9923475704115
2022-10-05 02:00:00,2,0,2,False,-0.15055555555555555,0.0,-0.7866666666666666,37.0,482.3277777777778,59.99919435555555,15.669166666666667,15.827777777777778,0.0,37.0,-0.15055555555555555,0.0,37.0,36.849444444444444,482.3277777777778,59.99919435555555,36.849444444444444,0.0,0.5990332266666627,0.0,0.0,244.31444456666665,49.95078163667138,122.03697471234221,0.12,0.08,0,,0.0,0.0,36.849444444444444,0.0,1125.984695140823,0.0,562.9923475704115
2022-10-05 03:00:00,3,0,2,False,-0.135,0.0,-0.7569444444444444,37.0,482.45,60.002360833333334,15.20722222222222,15.431111111111113,0.0,37.0,-0.135,0.0,37.0,36.865,482.45,60.002360833333334,36.865,0.0,0.5971669999999989,0.0,0.0,244.31444456666665,49.95586692882341,122.04939881561803,0.12,0.08,0,,0.0,0.0,36.865,0.0,1125.984695140823,0.0,562.9923475704115
2022-10-05 04:00:00,4,0,2,False,-0.12694444444444444,0.0,-0.7330555555555555,37.0,482.3222222222222,60.0131383861111,14.727777777777778,15.026666666666667,0.0,37.0,-0.12694444444444444,0.0,37.0,36.87305555555555,482.3222222222222,60.0131383861111,36.87305555555555,0.0,0.5842339366666778,0.0,0.0,244.31444456666665,49.958500383687856,122.05583272624301,0.12,0.08,0,,0.0,0.0,36.87305555555555,0.0,1125.984695140823,0.0,562.9923475704115
2022-10-05 05:00:00,5,0,2,False,-0.13111111111111112,0.0,-0.7405555555555556,37.0,480.71666666666664,59.99211139166667,14.23861111111111,14.579722222222221,0.0,37.0,-0.13111111111111112,0.0,37.0,36.86888888888889,480.71666666666664,59.99211139166667,36.86888888888889,0.0,0.590533670000002,0.0,0.0,244.31444456666665,49.95713825186142,122.052504841437,0.12,0.08,0,,0.0,0.0,36.86888888888889,0.0,1125.984695140823,0.0,562.9923475704115
2022-10-05 06:00:00,6,0,2,False,-0.11694444444444446,1.4527777777777777,-0.6938888888888889,37.0,482.88055555555553,59.98875039444445,13.745000000000003,14.114166666666668,1.4527777777777777,37.0,-0.11694444444444446,0.0,38.452777777777776,38.33583333333333,482.88055555555553,59.98875039444445,38.33583333333333,0.0,0.5865004733333421,3.7780827855233694,0.0,244.31444456666665,49.96176950007131,122.0638196497775,0.18,0.096,0,,1.4527777777777777,0.0,38.33583333333333,0.7263888888888889,1127.4374729186009,0.0,563.7187364593004
2022-10-05 07:00:00,7,0,2,False,-0.12694444444444444,12.447222222222223,-0.7541666666666667,37.0,482.9527777777778,59.99366708055556,13.321666666666667,13.680555555555555,12.447222222222223,37.0,-0.12694444444444444,0.0,49.44722222222222,49.320277777777775,482.9527777777778,59.99366708055556,49.320277777777775,0.0,0.5924004966666728,25.172743104319984,0.0,244.31444456666665,49.958500383687856,122.05583272624301,0.18,0.096,0,,12.447222222222223,0.0,49.320277777777775,6.223611111111111,1139.8846951408232,0.0,569.9423475704116
2022-10-05 08:00:00,8,0,2,False,-0.11333333333333333,24.73611111111111,-0.7194444444444444,37.0,485.39166666666665,60.006277697222224,13.009722222222223,13.318888888888887,24.73611111111111,37.0,-0.11333333333333333,0.0,61.736111111111114,61.62277777777778,485.39166666666665,60.006277697222224,61.62277777777778,0.0,0.5924667633333314,40.067491563554555,0.0,244.31444456666665,49.96295001432089,122.06670381660938,0.18,0.096,0,,24.73611111111111,0.0,61.62277777777778,12.368055555555555,1164.6208062519343,0.0,582.3104031259671
2022-10-05 09:00:00,9,0,2,False,-0.1213888888888889,33.35,-0.7544444444444444,37.0,486.5138888888889,60.027277369444434,13.069444444444445,13.067222222222219,33.35,37.0,-0.1213888888888889,0.0,70.35,70.2286111111111,486.5138888888889,60.027277369444434,70.2286111111111,0.0,0.5672671566666793,47.40582800284293,0.0,244.31444456666665,49.960316559456444,122.0602699059844,0.18,0.096,0,,33.35,0.0,70.2286111111111,16.675,1197.9708062519342,0.0,598.9854031259671
2022-10-05 10:00:00,10,0,2,False,-0.11805555555555555,38.891666666666666,-0.7222222222222222,37.0,487.9166666666667,60.013166508333335,13.449444444444442,13.137499999999998,38.891666666666666,37.0,-0.11805555555555555,0.0,75.89166666666667,75.77361111111111,487.9166666666667,60.013166508333335,75.77361111111111,0.0,0.5842001899999986,51.24629405951466,0.0,244.31444456666665,49.96140626491759,122.0629322138292,0.18,0.096,0,,38.891666666666666,0.0,75.77361111111111,19.445833333333333,1236.8624729186008,0.0,618.4312364593004
2022-10-05 11:00:00,11,0,2,False,-0.12694444444444444,40.87222222222222,-0.7733333333333333,37.0,487.65,60.02116632777777,13.801388888888889,13.443333333333332,40.87222222222222,37.0,-0.12694444444444444,0.0,77.87222222222222,77.74527777777777,487.65,60.02116632777777,77.74527777777777,0.0,0.5746004066666757,52.48626667617893,0.0,244.31444456666665,49.958500383687856,122.05583272624301,0.12,0.08,0,,40.87222222222222,0.0,77.74527777777777,20.43611111111111,1277.734695140823,0.0,638.8673475704115
2022-10-05 12:00:00,12,0,2,False,-0.12055555555555557,40.513888888888886,-0.7497222222222222,37.0,486.1166666666667,60.00716618333334,14.239999999999998,13.778055555555557,40.513888888888886,37.0,-0.12055555555555557,0.0,77.51388888888889,77.39333333333333,486.1166666666667,60.00716618333334,77.39333333333333,0.0,0.5914005799999927,52.26661888550439,0.0,244.31444456666665,49.96058898582173,122.0609354829456,0.12,0.08,0,,40.513888888888886,0.0,77.39333333333333,20.256944444444443,1318.248584029712,0.0,659.124292014856
2022-10-05 13:00:00,13,0,2,False,-0.1325,37.84722222222222,-0.7508333333333332,37.0,486.7888888888889,59.991944902777774,14.9725,13.985000000000001,37.84722222222222,37.0,-0.1325,0.0,74.84722222222223,74.71472222222224,486.7888888888889,59.991944902777774,74.71472222222224,0.0,0.5903338833333294,50.565967712005936,0.0,244.31444456666665,49.956684207919274,122.05139554650164,0.12,0.08,0,,37.84722222222222,0.0,74.71472222222224,18.92361111111111,1356.0958062519342,0.0,678.0479031259671
2022-10-05 14:00:00,14,0,2,False,-0.12666666666666668,31.608333333333334,-0.7758333333333334,37.0,486.5111111111111,59.997083499999995,15.679444444444446,14.500277777777777,31.608333333333334,37.0,-0.12666666666666668,0.0,68.60833333333333,68.48166666666667,486.5111111111111,59.997083499999995,68.48166666666667,0.0,0.5965001999999942,46.07069112109802,0.0,244.31444456666665,49.958591192476284,122.05605458523007,0.12,0.08,0,,31.608333333333334,0.0,68.48166666666667,15.804166666666667,1387.7041395852675,0.0,693.8520697926338
2022-10-05 15:00:00,15,0,2,False,-0.13333333333333333,22.155555555555555,-0.7744444444444443,37.0,486.625,59.995222661111114,16.16,15.051388888888889,22.155555555555555,37.0,-0.13333333333333333,0.0,59.15555555555555,59.02222222222222,486.625,59.995222661111114,59.02222222222222,0.0,0.5942671933333372,37.45304282494366,0.0,244.31444456666665,49.95641178155399,122.05072996954044,0.12,0.08,0,,22.155555555555555,0.0,59.02222222222222,11.077777777777778,1409.859695140823,0.0,704.9298475704115
2022-10-05 16:00:00,16,0,2,False,-0.13694444444444445,9.805555555555555,-0.7497222222222222,37.0,486.4,59.984584025000004,16.37388862777778,15.203611111111108,9.805555555555555,37.0,-0.13694444444444445,0.0,46.80555555555556,46.66861111111111,486.4,59.984584025000004,46.66861111111111,0.0,0.5815008300000045,20.949554896142434,0.0,244.31444456666665,49.955231267304406,122.04784580270855,0.12,0.08,0,,9.805555555555555,0.0,46.66861111111111,4.902777777777778,1419.6652506963787,0.0,709.8326253481894
2022-10-05 17:00:00,17,0,2,False,-0.14722222222222223,0.38333333333333336,-0.8194444444444444,37.0,485.875,59.99383363055555,16.238611322222223,15.130555555555553,0.38333333333333336,37.0,-0.14722222222222223,0.0,37.38333333333333,37.23611111111111,485.875,59.99383363055555,37.23611111111111,0.0,0.5926003566666594,1.0254123941150246,0.0,244.31444456666665,49.95187134213253,122.03963702018702,0.12,0.08,0,,0.38333333333333336,0.0,37.23611111111111,0.19166666666666668,1420.0485840297122,0.0,710.0242920148561
2022-10-05 18:00:00,18,0,2,False,-0.15194444444444447,0.0,-0.7880555555555555,37.0,484.02777777777777,59.998194575,16.123333577777775,15.074166666666663,0.0,37.0,-0.15194444444444447,0.0,37.0,36.848055555555554,484.02777777777777,59.998194575,36.848055555555554,0.0,0.5978334899999993,0.0,0.0,244.31444456666665,49.95032759272923,122.03586541740685,0.18,0.096,0,,0.0,0.0,36.848055555555554,0.0,1420.0485840297122,0.0,710.0242920148561
2022-10-05 19:00:00,19,0,2,False,-0.16277777777777777,0.0,-0.8300000000000001,37.0,484.44444444444446,59.99736121666667,15.943333333333335,15.006388888888889,0.0,37.0,-0.16277777777777777,0.0,37.0,36.83722222222222,484.44444444444446,59.99736121666667,36.83722222222222,0.0,0.5968334600000019,0.0,0.0,244.31444456666665,49.946786049980496,122.0272129169112,0.18,0.096,0,,0.0,0.0,36.83722222222222,0.0,1420.0485840297122,0.0,710.0242920148561
2022-10-05 20:00:00,20,0,2,False,-0.1475,0.0,-0.7933333333333334,37.0,483.2416666666667,60.01258283888888,15.7375,14.9125,0.0,37.0,-0.1475,0.0,37.0,36.8525,483.2416666666667,60.01258283888888,36.8525,0.0,0.5849005933333415,0.0,0.0,244.31444456666665,49.9517805333441,122.03941516119995,0.18,0.096,0,,0.0,0.0,36.8525,0.0,1420.0485840297122,0.0,710.0242920148561
2022-10-05 21:00:00,21,0,2,False,-0.14805555555555555,0.0,-0.7730555555555556,37.0,486.5861111111111,60.00386079722222,15.481666666666667,14.79888888888889,0.0,37.0,-0.14805555555555555,0.0,37.0,36.85194444444444,486.5861111111111,60.00386079722222,36.85194444444444,0.0,0.59536704333334,0.0,0.0,244.31444456666665,49.95159891576724,122.03897144322582,0.18,0.096,0,,0.0,0.0,36.85194444444444,0.0,1420.0485840297122,0.0,710.0242920148561
2022-10-05 22:00:00,22,0,2,False,-0.15777777777777777,0.0,-0.8005555555555557,37.0,485.65833333333336,60.00736079722222,15.248333333333333,14.718888888888888,0.0,37.0,-0.15777777777777777,0.0,37.0,36.84222222222222,485.65833333333336,60.00736079722222,36.84222222222222,0.0,0.591167043333337,0.0,0.0,244.31444456666665,49.94842060817222,122.03120637867843,0.18,0.096,0,,0.0,0.0,36.84222222222222,0.0,1420.0485840297122,0.0,710.0242920148561
2022-10-05 23:00:00,23,0,2,False,-0.14972222222222223,0.0,-0.7880555555555555,37.0,484.2361111111111,60.004694191666665,14.968611111111112,14.551666666666668,0.0,37.0,-0.14972222222222223,0.0,37.0,36.85027777777778,484.2361111111111,60.004694191666665,36.85027777777778,0.0,0.5943669700000015,0.0,0.0,244.31444456666665,49.951054063036665,122.0376402893034,0.12,0.08,0,,0.0,0.0,36.85027777777778,0.0,1420.0485840297122,0.0,710.0242920148561
2022-10-06 00:00:00,0,0,3,False,-0.1288888888888889,0.0,-0.736388888888889,37.0,483.84444444444443,59.99269452222222,14.564444444444444,14.325833333333334,0.0,37.0,-0.1288888888888889,0.0,37.0,36.87111111111111,483.84444444444443,59.99269452222222,36.87111111111111,0.0,0.5912334266666676,0.0,0.0,244.31444456666665,49.95786472216886,122.05427971333354,0.12,0.08,0,,0.0,0.0,36.87111111111111,0.0,1420.0485840297122,0.0,710.0242920148561
2022-10-06 01:00:00,1,0,3,False,-0.13166666666666668,0.0,-0.7486111111111111,37.0,485.0777777777778,59.99775006944446,14.040833333333335,14.018055555555556,0.0,37.0,-0.13166666666666668,0.0,37.0,36.86833333333333,485.0777777777778,59.99775006944446,36.86833333333333,0.0,0.5973000833333486,0.0,0.0,244.31444456666665,49.95695663428456,122.05206112346285,0.12,0.08,0,,0.0,0.0,36.86833333333333,0.0,1420.0485840297122,0.0,710.0242920148561
2022-10-06 02:00:00,2,0,3,False,-0.1338888888888889,0.0,-0.7458333333333333,37.0,485.59722222222223,60.00488854166666,13.559444444444443,13.66138888888889,0.0,37.0,-0.1338888888888889,0.0,37.0,36.86611111111111,485.59722222222223,60.00488854166666,36.86611111111111,0.0,0.5941337500000088,0.0,0.0,244.31444456666665,49.956230163977125,122.05028625156629,0.12,0.08,0,,0.0,0.0,36.86611111111111,0.0,1420.0485840297122,0.0,710.0242920148561
2022-10-06 03:00:00,3,0,3,False,-0.12416666666666668,0.0,-0.7425000000000002,37.0,485.9527777777778,60.00672152499999,13.043888888888889,13.256388888888887,0.0,37.0,-0.12416666666666668,0.0,37.0,36.87583333333333,485.9527777777778,60.00672152499999,36.87583333333333,0.0,0.5919341700000131,0.0,0.0,244.31444456666665,49.959408471572154,122.0580513161137,0.12,0.08,0,,0.0,0.0,36.87583333333333,0.0,1420.0485840297122,0.0,710.0242920148561
2022-10-06 04:00:00,4,0,3,False,-0.125,0.0,-0.7336111111111112,37.0,484.7972222222222,60.01163799722222,12.53888888888889,12.785555555555554,0.0,37.0,-0.125,0.0,37.0,36.875,484.7972222222222,60.01163799722222,36.875,0.0,0.5860344033333319,0.0,0.0,244.31444456666665,49.95913604520686,122.0573857391525,0.12,0.08,0,,0.0,0.0,36.875,0.0,1420.0485840297122,0.0,710.0242920148561
2022-10-06 05:00:00,5,0,3,False,-0.11666666666666667,0.0,-0.7405555555555556,37.0,482.5833333333333,59.995583688888885,11.969166666666666,12.304166666666667,0.0,37.0,-0.11666666666666667,0.0,37.0,36.88333333333333,482.5833333333333,59.995583688888885,36.88333333333333,0.0,0.5947004266666625,0.0,0.0,244.31444456666665,49.96186030885974,122.06404150876456,0.12,0.08,0,,0.0,0.0,36.88333333333333,0.0,1420.0485840297122,0.0,710.0242920148561
2022-10-06 06:00:00,6,0,3,False,-0.10805555555555556,1.4055555555555554,-0.6791666666666667,37.0,483.9194444444444,60.00669432777778,11.4025,11.786111111111111,1.4055555555555554,37.0,-0.10805555555555556,0.0,38.40555555555556,38.29750000000001,483.9194444444444,60.00669432777778,38.29750000000001,0.0,0.5919668066666645,3.6597714451034276,0.0,244.31444456666665,49.96467538130104,122.07091913736367,0.18,0.096,0,,1.4055555555555554,0.0,38.29750000000001,0.7027777777777777,1421.4541395852677,0.0,710.7270697926339
2022-10-06 07:00:00,7,0,3,False,-0.1088888888888889,12.175,-0.6855555555555556,37.0,483.14722222222224,60.007916402777774,10.9275,11.335833333333333,12.175,37.0,-0.1088888888888889,0.0,49.175,49.066111111111105,483.14722222222224,60.007916402777774,49.066111111111105,0.0,0.5905003166666717,24.75851550584647,0.0,244.31444456666665,49.96440295493576,122.07025356040246,0.18,0.096,0,,12.175,0.0,49.066111111111105,6.0875,1433.6291395852677,0.0,716.8145697926338
2022-10-06 08:00:00,8,0,3,False,-0.10861111111111112,24.125,-0.6855555555555555,37.0,483.31388888888887,60.006138811111114,10.796944444444444,11.065,24.125,37.0,-0.10861111111111112,0.0,61.125,61.01638888888889,483.31388888888887,60.006138811111114,61.01638888888889,0.0,0.5926334266666629,39.46830265848671,0.0,244.31444456666665,49.964493763724185,122.07047541938954,0.18,0.096,0,,24.125,0.0,61.01638888888889,12.0625,1457.7541395852677,0.0,728.8770697926338
2022-10-06 09:00:00,9,0,3,False,-0.11527777777777778,29.53611111111111,-0.7058333333333334,37.0,485.15555555555557,60.01091646944444,11.098611111111113,10.977222222222222,29.53611111111111,37.0,-0.11527777777777778,0.0,66.53611111111111,66.42083333333333,485.15555555555557,60.01091646944444,66.42083333333333,0.0,0.5869002366666735,44.39109923600384,0.0,244.31444456666665,49.96231435280188,122.0651508036999,0.18,0.096,0,,29.53611111111111,0.0,66.42083333333333,14.768055555555556,1487.2902506963787,0.0,743.6451253481894
2022-10-06 10:00:00,10,0,3,False,-0.11444444444444445,37.65555555555556,-0.7580555555555557,37.0,486.5138888888889,60.01230500277777,11.808611111111109,11.303055555555556,37.65555555555556,37.0,-0.11444444444444445,0.0,74.65555555555557,74.54111111111112,486.5138888888889,60.01230500277777,74.54111111111112,0.0,0.5852339966666733,50.43905343057003,0.0,244.31444456666665,49.962586779167175,122.0658163806611,0.18,0.096,0,,37.65555555555556,0.0,74.54111111111112,18.82777777777778,1524.9458062519343,0.0,762.4729031259672
2022-10-06 11:00:00,11,0,3,False,-0.09666666666666668,39.94722222222222,-0.7091666666666667,37.0,487.9111111111111,59.99700034166668,12.41,11.812222222222221,39.94722222222222,37.0,-0.09666666666666668,0.0,76.94722222222222,76.85055555555556,487.9111111111111,59.99700034166668,76.85055555555556,0.0,0.5964004100000124,51.91509331793076,0.0,244.31444456666665,49.96839854162664,122.08001535583348,0.12,0.08,0,,39.94722222222222,0.0,76.85055555555556,19.97361111111111,1564.8930284741566,0.0,782.4465142370783
2022-10-06 12:00:00,12,0,3,False,-0.11444444444444445,39.17777777777778,-0.7722222222222223,37.0,487.46666666666664,59.997805966666675,13.110277777777778,12.434166666666668,39.17777777777778,37.0,-0.11444444444444445,0.0,76.17777777777778,76.06333333333333,487.46666666666664,59.997805966666675,76.06333333333333,0.0,0.5973671600000102,51.4294049008168,0.0,244.31444456666665,49.962586779167175,122.0658163806611,0.12,0.08,0,,39.17777777777778,0.0,76.06333333333333,19.58888888888889,1604.0708062519343,0.0,802.0354031259672
2022-10-06 13:00:00,13,0,3,False,-0.11388888888888889,35.69444444444444,-0.7219444444444445,37.0,485.5027777777778,60.0032220888889,14.146944444444443,12.950555555555557,35.69444444444444,37.0,-0.11388888888888889,0.0,72.69444444444444,72.58055555555555,485.5027777777778,60.0032220888889,72.58055555555555,0.0,0.5961334933333233,49.102025219717234,0.0,244.31444456666665,49.96276839674403,122.06626009863524,0.12,0.08,0,,35.69444444444444,0.0,72.58055555555555,17.84722222222222,1639.7652506963786,0.0,819.8826253481893
2022-10-06 14:00:00,14,0,3,False,-0.12611111111111112,29.733333333333334,-0.7633333333333334,37.0,484.1972222222222,59.992195083333336,15.160833333333333,13.78388888888889,29.733333333333334,37.0,-0.12611111111111112,0.0,66.73333333333333,66.60722222222222,484.1972222222222,59.992195083333336,66.60722222222222,0.0,0.5906341000000026,44.55544455544456,0.0,244.31444456666665,49.95877281005315,122.05649830320424,0.12,0.08,0,,29.733333333333334,0.0,66.60722222222222,14.866666666666667,1669.498584029712,0.0,834.749292014856
2022-10-06 15:00:00,15,0,3,False,-0.13194444444444445,20.822222222222223,-0.7775000000000001,37.0,483.15555555555557,59.987028466666665,15.90888902222222,14.695833333333333,20.822222222222223,37.0,-0.13194444444444445,0.0,57.82222222222222,57.69027777777778,483.15555555555557,59.987028466666665,57.69027777777778,0.0,0.5844341599999978,36.01076095311299,0.0,244.31444456666665,49.95686582549613,122.05183926447579,0.12,0.08,0,,20.822222222222223,0.0,57.69027777777778,10.411111111111111,1690.3208062519343,0.0,845.1604031259672
2022-10-06 16:00:00,16,0,3,False,-0.14222222222222222,9.122222222222222,-0.7905555555555556,37.0,485.125,59.98822268888889,16.37944423888889,15.117499999999998,9.122222222222222,37.0,-0.14222222222222222,0.0,46.12222222222222,45.98,485.125,59.98822268888889,45.98,0.0,0.5858672266666672,19.77836665863647,0.0,244.31444456666665,49.95350590032425,122.04363048195425,0.12,0.08,0,,9.122222222222222,0.0,45.98,4.561111111111111,1699.4430284741566,0.0,849.7215142370783
2022-10-06 17:00:00,17,0,3,False,-0.14750000000000002,0.23055555555555557,-0.8238888888888888,37.0,484.34444444444443,59.99502818333334,16.400000000000002,15.201666666666668,0.23055555555555557,37.0,-0.14750000000000002,0.0,37.230555555555554,37.08305555555555,484.34444444444443,59.99502818333334,37.08305555555555,0.0,0.594033820000007,0.6192643438036262,0.0,244.31444456666665,49.9517805333441,122.03941516119995,0.12,0.08,0,,0.23055555555555557,0.0,37.08305555555555,0.11527777777777778,1699.6735840297122,0.0,849.8367920148561
2022-10-06 18:00:00,18,0,3,False,-0.155,0.0,-0.7897222222222222,37.0,482.10277777777776,59.99619451666666,16.364166308333335,15.193333333333332,0.0,37.0,-0.155,0.0,37.0,36.845,482.10277777777776,59.99619451666666,36.845,0.0,0.5954334199999948,0.0,0.0,244.31444456666665,49.94932869605651,122.0334249685491,0.18,0.096,0,,0.0,0.0,36.845,0.0,1699.6735840297122,0.0,849.8367920148561
2022-10-06 19:00:00,19,0,3,False,-0.1575,0.0,-0.8311111111111111,37.0,483.7083333333333,60.00688843055555,16.19277793333333,15.109166666666665,0.0,37.0,-0.1575,0.0,37.0,36.8425,483.7083333333333,60.00688843055555,36.8425,0.0,0.5917338833333418,0.0,0.0,244.31444456666665,49.94851141696065,122.0314282376655,0.18,0.096,0,,0.0,0.0,36.8425,0.0,1699.6735840297122,0.0,849.8367920148561
2022-10-06 20:00:00,20,0,3,False,-0.17472222222222225,0.0,-0.8472222222222222,37.0,486.10555555555555,60.01030531944444,15.953333333333335,14.940555555555557,0.0,37.0,-0.17472222222222225,0.0,37.0,36.82527777777778,486.10555555555555,60.01030531944444,36.82527777777778,0.0,0.5876336166666704,0.0,0.0,244.31444456666665,49.94288127207804,122.01767298046724,0.18,0.096,0,,0.0,0.0,36.82527777777778,0.0,1699.6735840297122,0.0,849.8367920148561
2022-10-06 21:00:00,21,0,3,False,-0.16416666666666668,0.0,-0.8108333333333333,37.0,484.40277777777777,60.01602749722222,15.687222222222221,14.761944444444442,0.0,37.0,-0.16416666666666668,0.0,37.0,36.83583333333333,484.40277777777777,60.01602749722222,36.83583333333333,0.0,0.580767003333338,0.0,0.0,244.31444456666665,49.94633200603835,122.02610362197584,0.18,0.096,0,,0.0,0.0,36.83583333333333,0.0,1699.6735840297122,0.0,849.8367920148561
2022-10-06 22:00:00,22,0,3,False,-0.15138888888888888,0.0,-0.7955555555555555,37.0,485.0388888888889,60.000916677777774,15.355000000000002,14.590277777777779,0.0,37.0,-0.15138888888888888,0.0,37.0,36.84861111111111,485.0388888888889,60.000916677777774,36.84861111111111,0.0,0.5988999866666717,0.0,0.0,244.31444456666665,49.95050921030609,122.03630913538099,0.18,0.096,0,,0.0,0.0,36.84861111111111,0.0,1699.6735840297122,0.0,849.8367920148561
2022-10-06 23:00:00,23,0,3,False,-0.15611111111111112,0.0,-0.8216666666666665,37.0,484.47222222222223,60.004138755555566,15.041388888888887,14.441388888888891,0.0,37.0,-0.15611111111111112,0.0,37.0,36.84388888888889,484.47222222222223,60.004138755555566,36.84388888888889,0.0,0.5950334933333209,0.0,0.0,244.31444456666665,49.94896546090279,122.03253753260081,0.12,0.08,0,,0.0,0.0,36.84388888888889,0.0,1699.6735840297122,0.0,849.8367920148561
2022-10-07 00:00:00,0,0,4,False,-0.14694444444444443,0.0,-0.7730555555555554,37.0,484.64722222222224,59.991361397222214,14.659166666666664,14.227777777777778,0.0,37.0,-0.14694444444444443,0.0,37.0,36.85305555555556,484.64722222222224,59.991361397222214,36.85305555555556,0.0,0.5896336766666564,0.0,0.0,244.31444456666665,49.951962150920956,122.03985887917408,0.12,0.08,0,,0.0,0.0,36.85305555555556,0.0,1699.6735840297122,0.0,849.8367920148561
2022-10-07 01:00:00,1,0,4,False,-0.14916666666666667,0.0,-0.7977777777777777,37.0,485.4527777777778,60.003277744444446,14.25777777777778,14.001944444444444,0.0,37.0,-0.14916666666666667,0.0,37.0,36.850833333333334,485.4527777777778,60.003277744444446,36.850833333333334,0.0,0.5960667066666644,0.0,0.0,244.31444456666665,49.95123568061352,122.03808400727753,0.12,0.08,0,,0.0,0.0,36.850833333333334,0.0,1699.6735840297122,0.0,849.8367920148561
2022-10-07 02:00:00,2,0,4,False,-0.14,0.0,-0.7836111111111111,37.0,485.96944444444443,59.98844486666667,13.876944444444446,13.766111111111112,0.0,37.0,-0.14,0.0,37.0,36.86,485.96944444444443,59.98844486666667,36.86,0.0,0.5861338400000022,0.0,0.0,244.31444456666665,49.954232370631686,122.0454053538508,0.12,0.08,0,,0.0,0.0,36.86,0.0,1699.6735840297122,0.0,849.8367920148561
2022-10-07 03:00:00,3,0,4,False,-0.1413888888888889,0.0,-0.7661111111111112,37.0,484.99444444444447,60.00147230833333,13.478888888888887,13.49138888888889,0.0,37.0,-0.1413888888888889,0.0,37.0,36.85861111111111,484.99444444444447,60.00147230833333,36.85861111111111,0.0,0.598233230000008,0.0,0.0,244.31444456666665,49.95377832668954,122.04429605891545,0.12,0.08,0,,0.0,0.0,36.85861111111111,0.0,1699.6735840297122,0.0,849.8367920148561
2022-10-07 04:00:00,4,0,4,False,-0.12527777777777777,0.0,-0.7455555555555555,37.0,482.3861111111111,59.992583675,13.069444444444445,13.165,0.0,37.0,-0.12527777777777777,0.0,37.0,36.874722222222225,482.3861111111111,59.992583675,36.874722222222225,0.0,0.5911004099999985,0.0,0.0,244.31444456666665,49.95904523641843,122.05716388016542,0.12,0.08,0,,0.0,0.0,36.874722222222225,0.0,1699.6735840297122,0.0,849.8367920148561
2022-10-07 05:00:00,5,0,4,False,-0.13194444444444445,0.0,-0.775,37.0,483.2111111111111,59.97591687500002,12.685277777777777,12.841388888888888,0.0,37.0,-0.13194444444444445,0.0,37.0,36.86805555555556,483.2111111111111,59.97591687500002,36.86805555555556,0.0,0.5711002500000205,0.0,0.0,244.31444456666665,49.95686582549613,122.05183926447579,0.12,0.08,0,,0.0,0.0,36.86805555555556,0.0,1699.6735840297122,0.0,849.8367920148561
2022-10-07 06:00:00,6,0,4,False,-0.11194444444444443,1.2833333333333334,-0.7413888888888889,37.0,486.35,59.98355593055555,12.333055555555557,12.507777777777779,1.2833333333333334,37.0,-0.11194444444444443,0.0,38.28333333333333,38.171388888888885,486.35,59.98355593055555,38.171388888888885,0.0,0.5802671166666641,3.352198519808446,0.0,244.31444456666665,49.96340405826304,122.06781311154472,0.18,0.096,0,,1.2833333333333334,0.0,38.171388888888885,0.6416666666666667,1700.9569173630455,0.0,850.4784586815227
2022-10-07 07:00:00,7,0,4,False,-0.11861111111111113,11.797222222222222,-0.7630555555555555,37.0,487.81944444444446,60.012194,12.03138888888889,12.219722222222224,11.797222222222222,37.0,-0.11861111111111113,0.0,48.797222222222224,48.67861111111111,487.81944444444446,60.012194,48.67861111111111,0.0,0.5853671999999989,24.176011840382536,0.0,244.31444456666665,49.961224647340735,122.06248849585508,0.18,0.096,0,,11.797222222222222,0.0,48.67861111111111,5.898611111111111,1712.7541395852677,0.0,856.3770697926338
2022-10-07 08:00:00,8,0,4,False,-0.11750000000000001,23.511111111111113,-0.7441666666666668,37.0,487.6611111111111,60.01324985555555,11.894444444444444,12.046388888888888,23.511111111111113,37.0,-0.11750000000000001,0.0,60.51111111111111,60.39361111111111,487.6611111111111,60.01324985555555,60.39361111111111,0.0,0.58410017333334,38.854204921042964,0.0,244.31444456666665,49.96158788249445,122.06337593180335,0.18,0.096,0,,23.511111111111113,0.0,60.39361111111111,11.755555555555556,1736.2652506963789,0.0,868.1326253481894
2022-10-07 09:00:00,9,0,4,False,-0.1213888888888889,31.205555555555556,-0.7549999999999999,37.0,485.9888888888889,60.00555524166666,12.353333333333335,12.081111111111111,31.205555555555556,37.0,-0.1213888888888889,0.0,68.20555555555555,68.08416666666666,485.9888888888889,60.00555524166666,68.08416666666666,0.0,0.5933337100000046,45.752219597621576,0.0,244.31444456666665,49.960316559456444,122.0602699059844,0.18,0.096,0,,31.205555555555556,0.0,68.08416666666666,15.602777777777778,1767.4708062519344,0.0,883.7354031259672
2022-10-07 10:00:00,10,0,4,False,-0.1225,36.28888888888889,-0.7405555555555554,37.00277777777778,484.06111111111113,60.01269393055555,13.220833333333333,12.495833333333334,36.28888888888889,37.00277777777778,-0.1225,0.0,73.29166666666667,73.16916666666667,484.06111111111113,60.01269393055555,73.16916666666667,0.0,0.5847672833333405,49.512980860337315,0.0,244.31444456666665,49.959953324302724,122.05938247003611,0.18,0.096,0,,36.28888888888889,0.0,73.16916666666667,18.144444444444446,1803.7596951408232,0.0,901.8798475704116
2022-10-07 11:00:00,11,0,4,False,-0.12777777777777777,38.98888888888889,-0.7483333333333333,37.0,484.2055555555556,60.00855537777778,13.877777777777778,13.168055555555556,38.98888888888889,37.0,-0.12777777777777777,0.0,75.98888888888888,75.8611111111111,484.2055555555556,60.00855537777778,75.8611111111111,0.0,0.5897335466666618,51.308670858312624,0.0,244.31444456666665,49.95822795732257,122.05516714928181,0.12,0.08,0,,38.98888888888889,0.0,75.8611111111111,19.494444444444444,1842.748584029712,0.0,921.374292014856
2022-10-07 12:00:00,12,0,4,False,-0.12194444444444447,38.6,-0.7616666666666666,37.0,485.2611111111111,60.02191645833332,14.604444444444445,13.806111111111111,38.6,37.0,-0.12194444444444447,0.0,75.6,75.47805555555556,485.2611111111111,60.02191645833332,75.47805555555556,0.0,0.573700250000013,51.05820105820107,0.0,244.31444456666665,49.96013494187958,122.05982618801025,0.12,0.08,0,,38.6,0.0,75.47805555555556,19.3,1881.348584029712,0.0,940.674292014856
2022-10-07 13:00:00,13,0,4,False,-0.13500000000000004,35.519444444444446,-0.7736111111111112,37.0,483.4527777777778,59.992139224999995,15.53416666666667,14.3975,35.519444444444446,37.0,-0.13500000000000004,0.0,72.51944444444445,72.38444444444444,483.4527777777778,59.992139224999995,72.38444444444444,0.0,0.5905670699999944,48.979200980579925,0.0,244.31444456666665,49.95586692882341,122.04939881561803,0.12,0.08,0,,35.519444444444446,0.0,72.38444444444444,17.759722222222223,1916.8680284741563,0.0,958.4340142370781
2022-10-07 14:00:00,14,0,4,False,-0.13500000000000004,29.430555555555557,-0.7588888888888888,37.0,481.775,59.99163938611111,16.40000019722222,15.17361111111111,29.430555555555557,37.0,-0.13500000000000004,0.0,66.43055555555556,66.29555555555555,481.775,59.99163938611111,66.29555555555555,0.0,0.5899672633333324,44.30273886681999,0.0,244.31444456666665,49.95586692882341,122.04939881561803,0.12,0.08,0,,29.430555555555557,0.0,66.29555555555555,14.715277777777779,1946.298584029712,0.0,973.149292014856
2022-10-07 15:00:00,15,0,4,False,-0.14027777777777778,20.5,-0.7641666666666668,37.0,482.4555555555556,60.00799960277778,17.094444344444444,15.910277813888886,20.5,37.0,-0.14027777777777778,0.0,57.5,57.359722222222224,482.4555555555556,60.00799960277778,57.359722222222224,0.0,0.5904004766666645,35.65217391304348,0.0,244.31444456666665,49.95414156184326,122.04518349486374,0.12,0.08,0,,20.5,0.0,57.359722222222224,10.25,1966.798584029712,0.0,983.399292014856
2022-10-07 16:00:00,16,0,4,False,-0.16583333333333333,8.463888888888889,-0.8319444444444445,37.0,482.8361111111111,59.989639275,17.595833674999998,16.316388608333334,8.463888888888889,37.0,-0.16583333333333333,0.0,45.46388888888889,45.29805555555556,482.8361111111111,59.989639275,45.29805555555556,0.0,0.5875671300000022,18.61672878352783,0.0,244.31444456666665,49.94578715330777,122.02477246805343,0.12,0.08,0,,8.463888888888889,0.0,45.29805555555556,4.231944444444444,1975.262472918601,0.0,987.6312364593005
2022-10-07 17:00:00,17,0,4,False,-0.1825,0.08055555555555556,-0.8822222222222222,37.00277777777778,487.09722222222223,59.98427794722223,17.801943913888895,16.4686111,0.08055555555555556,37.00277777777778,-0.1825,0.0,37.083333333333336,36.90083333333334,487.09722222222223,59.98427794722223,36.90083333333334,0.0,0.5811335366666782,0.21722846441947566,0.0,244.31444456666665,49.94033862600202,122.01146092882931,0.12,0.08,0,,0.08055555555555556,0.0,36.90083333333334,0.04027777777777778,1975.3430284741564,0.0,987.6715142370782
2022-10-07 18:00:00,18,0,4,False,-0.17861111111111114,0.0,-0.8477777777777779,37.0,486.4222222222222,59.98166709722223,17.884722069444447,16.523055566666667,0.0,37.0,-0.17861111111111114,0.0,37.0,36.82138888888889,486.4222222222222,59.98166709722223,36.82138888888889,0.0,0.578000516666674,0.0,0.0,244.31444456666665,49.94160994904003,122.01456695464827,0.18,0.096,0,,0.0,0.0,36.82138888888889,0.0,1975.3430284741564,0.0,987.6715142370782
2022-10-07 19:00:00,19,0,4,False,-0.16944444444444445,0.0,-0.788611111111111,37.0,485.7388888888889,59.99841655277778,17.700555802777775,16.430277711111113,0.0,37.0,-0.16944444444444445,0.0,37.0,36.830555555555556,485.7388888888889,59.99841655277778,36.830555555555556,0.0,0.59809986333334,0.0,0.0,244.31444456666665,49.94460663905819,122.02188830122154,0.18,0.096,0,,0.0,0.0,36.830555555555556,0.0,1975.3430284741564,0.0,987.6715142370782
2022-10-07 20:00:00,20,0,4,False,-0.18000000000000002,0.0,-0.8686111111111111,37.0,484.5361111111111,60.02030506944443,17.422499858333335,16.287777555555554,0.0,37.0,-0.18000000000000002,0.0,37.0,36.82,484.5361111111111,60.02030506944443,36.82,0.0,0.5756339166666805,0.0,0.0,244.31444456666665,49.94115590509788,122.01345765971293,0.18,0.096,0,,0.0,0.0,36.82,0.0,1975.3430284741564,0.0,987.6715142370782
2022-10-07 21:00:00,21,0,4,False,-0.17666666666666664,0.0,-0.8936111111111111,37.0,485.4166666666667,60.019722099999996,17.14833348333333,16.134166925,0.0,37.0,-0.17666666666666664,0.0,37.0,36.82333333333333,485.4166666666667,60.019722099999996,36.82333333333333,0.0,0.5763334800000052,0.0,0.0,244.31444456666665,49.942245610559034,122.01611996755776,0.18,0.096,0,,0.0,0.0,36.82333333333333,0.0,1975.3430284741564,0.0,987.6715142370782
2022-10-07 22:00:00,22,0,4,False,-0.18277777777777776,0.0,-0.8491666666666668,37.0,483.02222222222224,60.00980553333332,16.847499827777774,16.00777777777778,0.0,37.0,-0.18277777777777776,0.0,37.0,36.81722222222222,483.02222222222224,60.00980553333332,36.81722222222222,0.0,0.5882333600000151,0.0,0.0,244.31444456666665,49.94024781721359,122.01123906984225,0.18,0.096,0,,0.0,0.0,36.81722222222222,0.0,1975.3430284741564,0.0,987.6715142370782
2022-10-07 23:00:00,23,0,4,False,-0.1825,0.0,-0.8780555555555556,37.0,481.825,60.01791644722222,16.59305576944444,15.865555555555556,0.0,37.0,-0.1825,0.0,37.0,36.8175,481.825,60.01791644722222,36.8175,0.0,0.5785002633333363,0.0,0.0,244.31444456666665,49.94033862600202,122.01146092882931,0.12,0.08,0,,0.0,0.0,36.8175,0.0,1975.3430284741564,0.0,987.6715142370782
2022-10-08 00:00:00,0,0,5,True,-0.16472222222222224,0.0,-0.8030555555555556,37.0,482.3333333333333,60.015971969444436,16.38444416388889,15.734444444444444,0.0,37.0,-0.16472222222222224,0.0,37.0,36.835277777777776,482.3333333333333,60.015971969444436,36.835277777777776,0.0,0.5808336366666765,0.0,0.0,244.31444456666665,49.94615038846149,122.02565990400171,0.12,0.08,0,,0.0,0.0,36.835277777777776,0.0,1975.3430284741564,0.0,987.6715142370782
2022-10-08 01:00:00,1,0,5,True,-0.1691666666666667,0.0,-0.8130555555555555,37.0,484.06666666666666,59.999916750000004,16.10138915833333,15.534166666666664,0.0,37.0,-0.1691666666666667,0.0,37.0,36.83083333333333,484.06666666666666,59.999916750000004,36.83083333333333,0.0,0.5999001000000049,0.0,0.0,244.31444456666665,49.94469744784662,122.0221101602086,0.12,0.08,0,,0.0,0.0,36.83083333333333,0.0,1975.3430284741564,0.0,987.6715142370782
2022-10-08 02:00:00,2,0,5,True,-0.15000000000000002,0.0,-0.7830188679245282,37.0,485.2169811320755,59.98088102201259,15.770754716981132,15.354088050314466,0.0,37.0,-0.15000000000000002,0.0,37.0,36.85,485.2169811320755,59.98088102201259,36.85,0.0,0.577057226415107,0.0,0.0,244.31444456666665,49.95096325424824,122.03741843031634,0.12,0.08,0,,0.0,0.0,36.85,0.0,1975.3430284741564,0.0,987.6715142370782
2022-10-08 03:00:00,3,0,5,True,-0.16194444444444445,0.0,-0.8080555555555555,37.0,485.1694444444444,59.97816720277778,15.469166666666668,15.185555555555554,0.0,37.0,-0.16194444444444445,0.0,37.0,36.838055555555556,485.1694444444444,59.97816720277778,36.838055555555556,0.0,0.5738006433333396,0.0,0.0,244.31444456666665,49.94705847634578,122.02787849387238,0.12,0.08,0,,0.0,0.0,36.838055555555556,0.0,1975.3430284741564,0.0,987.6715142370782
2022-10-08 04:00:00,4,0,5,True,-0.1438888888888889,0.0,-0.8049999999999998,37.0,482.1666666666667,59.969750105555555,15.181111111111107,15.010000000000002,0.0,37.0,-0.1438888888888889,0.0,37.0,36.85611111111111,482.1666666666667,59.969750105555555,36.85611111111111,0.0,0.5637001266666658,0.0,0.0,244.31444456666665,49.952961047593675,122.04229932803183,0.12,0.08,0,,0.0,0.0,36.85611111111111,0.0,1975.3430284741564,0.0,987.6715142370782
2022-10-08 05:00:00,5,0,5,True,-0.14111111111111113,0.0,-0.7858333333333334,37.0,483.375,59.970027991666676,14.889722222222225,14.815555555555557,0.0,37.0,-0.14111111111111113,0.0,37.0,36.85888888888889,483.375,59.970027991666676,36.85888888888889,0.0,0.564033590000011,0.0,0.0,244.31444456666665,49.953869135477966,122.04451791790252,0.12,0.08,0,,0.0,0.0,36.85888888888889,0.0,1975.3430284741564,0.0,987.6715142370782
2022-10-08 06:00:00,6,0,5,True,-0.14611111111111114,0.8888888888888888,-0.7688888888888887,37.0,485.9166666666667,59.98141695833335,14.584444444444443,14.567777777777776,0.8888888888888888,37.0,-0.14611111111111114,0.0,37.888888888888886,37.742777777777775,485.9166666666667,59.98141695833335,37.742777777777775,0.0,0.5777003500000176,2.346041055718475,0.0,244.31444456666665,49.95223457728624,122.04052445613529,0.18,0.096,0,,0.8888888888888888,0.0,37.742777777777775,0.4444444444444444,1976.2319173630453,0.0,988.1159586815227
2022-10-08 07:00:00,7,0,5,True,-0.14805555555555555,7.894444444444445,-0.7897222222222222,37.0,486.56944444444446,59.98975042777777,14.27,14.327500000000002,7.894444444444445,37.0,-0.14805555555555555,0.0,44.894444444444446,44.74638888888889,486.56944444444446,59.98975042777777,44.74638888888889,0.0,0.5877005133333256,17.584457369137482,0.0,244.31444456666665,49.95159891576724,122.03897144322582,0.18,0.096,0,,7.894444444444445,0.0,44.74638888888889,3.9472222222222224,1984.1263618074897,0.0,992.0631809037449
2022-10-08 08:00:00,8,0,5,True,-0.135,17.130555555555556,-0.7666666666666667,37.0,484.0444444444444,60.02474958333333,14.110833333333332,14.161944444444442,17.130555555555556,37.0,-0.135,0.0,54.13055555555556,53.99555555555556,484.0444444444444,60.02474958333333,53.99555555555556,0.0,0.5703005000000019,31.64673885154205,0.0,244.31444456666665,49.95586692882341,122.04939881561803,0.18,0.096,0,,17.130555555555556,0.0,53.99555555555556,8.565277777777778,2001.2569173630452,0.0,1000.6284586815226
2022-10-08 09:00:00,9,0,5,True,-0.1363888888888889,27.230555555555554,-0.7630555555555555,37.0,480.775,59.9945834638889,14.479722222222222,14.185555555555556,27.230555555555554,37.0,-0.1363888888888889,0.0,64.23055555555555,64.09416666666667,480.775,59.9945834638889,64.09416666666667,0.0,0.5935001566666812,42.39501794749816,0.0,244.31444456666665,49.95541288488126,122.04828952068269,0.18,0.096,0,,27.230555555555554,0.0,64.09416666666667,13.615277777777777,2028.4874729186008,0.0,1014.2437364593004
2022-10-08 10:00:00,10,0,5,True,-0.1325,31.758333333333333,-0.7816666666666666,37.00555555555555,481.99444444444447,60.002499738888886,15.060833333333333,14.457222222222223,31.758333333333333,37.00555555555555,-0.1325,0.0,68.76388888888889,68.63138888888889,481.99444444444447,60.002499738888886,68.63138888888889,0.0,0.5970003133333364,46.18460916986468,0.0,244.31444456666665,49.956684207919274,122.05139554650164,0.18,0.096,0,,31.758333333333333,0.0,68.63138888888889,15.879166666666666,2060.245806251934,0.0,1030.122903125967
2022-10-08 11:00:00,11,0,5,True,-0.15055555555555555,38.794444444444444,-0.7763888888888889,37.0,482.27777777777777,60.007055477777776,15.650277777777779,15.078333333333335,38.794444444444444,37.0,-0.15055555555555555,0.0,75.79444444444445,75.6438888888889,482.27777777777777,60.007055477777776,75.6438888888889,0.0,0.591533426666669,51.1837572381441,0.0,244.31444456666665,49.95078163667138,122.03697471234221,0.12,0.08,0,,38.794444444444444,0.0,75.6438888888889,19.397222222222222,2099.0402506963783,0.0,1049.5201253481891
2022-10-08 12:00:00,12,0,5,True,-0.12944444444444445,37.73888888888889,-0.7511111111111111,37.0,482.18333333333334,59.99263928611111,16.34972226388889,15.696944444444446,37.73888888888889,37.0,-0.12944444444444445,0.0,74.73888888888888,74.60944444444443,482.18333333333334,59.99263928611111,74.60944444444443,0.0,0.5911671433333282,50.49431353601428,0.0,244.31444456666665,49.95768310459199,122.05383599535939,0.12,0.08,0,,37.73888888888889,0.0,74.60944444444443,18.869444444444444,2136.7791395852673,0.0,1068.3895697926337
2022-10-08 13:00:00,13,0,5,True,-0.14833333333333332,34.63333333333333,-0.7761111111111112,37.0,479.55833333333334,60.00197200833334,17.211944394444444,16.248611108333332,34.63333333333333,37.0,-0.14833333333333332,0.0,71.63333333333333,71.485,479.55833333333334,60.00197200833334,71.485,0.0,0.5976335899999924,48.34806886924151,0.0,244.31444456666665,49.95150810697881,122.03874958423874,0.12,0.08,0,,34.63333333333333,0.0,71.485,17.316666666666666,2171.4124729186005,0.0,1085.7062364593003
2022-10-08 14:00:00,14,0,5,True,-0.16222222222222224,28.583333333333332,-0.8241666666666666,37.0,481.6,59.99861121111111,18.069999994444444,16.992499950000003,28.583333333333332,37.0,-0.16222222222222224,0.0,65.58333333333333,65.4211111111111,481.6,59.99861121111111,65.4211111111111,0.0,0.5983334533333334,43.58322744599746,0.0,244.31444456666665,49.94696766755735,122.02765663488532,0.12,0.08,0,,28.583333333333332,0.0,65.4211111111111,14.291666666666666,2199.995806251934,0.0,1099.997903125967
2022-10-08 15:00:00,15,0,5,True,-0.15805555555555556,19.555555555555557,-0.8069444444444445,37.0,482.2944444444444,59.99458353055555,18.748055616666665,17.62444448888889,19.555555555555557,37.0,-0.15805555555555556,0.0,56.55555555555556,56.3975,482.2944444444444,59.99458353055555,56.3975,0.0,0.5935002366666623,34.577603143418465,0.0,244.31444456666665,49.948329799383785,122.03098451969133,0.12,0.08,0,,19.555555555555557,0.0,56.3975,9.777777777777779,2219.5513618074897,0.0,1109.7756809037448
2022-10-08 16:00:00,16,0,5,True,-0.17222222222222222,8.016666666666667,-0.851111111111111,37.0,483.1694444444444,59.99425010555555,19.24777778888889,17.977222152777777,8.016666666666667,37.0,-0.17222222222222222,0.0,45.016666666666666,44.84444444444444,483.1694444444444,59.99425010555555,44.84444444444444,0.0,0.5931001266666612,17.808219178082194,0.0,244.31444456666665,49.9436985511739,122.01966971135086,0.12,0.08,0,,8.016666666666667,0.0,44.84444444444444,4.008333333333334,2227.5680284741566,0.0,1113.7840142370783
2022-10-08 17:00:00,17,0,5,True,-0.1852777777777778,0.03888888888888889,-0.8647222222222221,37.00555555555555,486.6638888888889,59.985361266666665,19.51888888888889,18.12277798333333,0.03888888888888889,37.00555555555555,-0.1852777777777778,0.0,37.044444444444444,36.85916666666667,486.6638888888889,59.985361266666665,36.85916666666667,0.0,0.5824335199999978,0.10497900419916018,0.0,244.31444456666665,49.939430538117726,122.00924233895863,0.12,0.08,0,,0.03888888888888889,0.0,36.85916666666667,0.019444444444444445,2227.6069173630453,0.0,1113.8034586815227
2022-10-08 18:00:00,18,0,5,True,-0.2072222222222222,0.0,-0.9738888888888889,37.0,486.35833333333335,59.98144485555555,19.506111111111114,18.111389083333332,0.0,37.0,-0.2072222222222222,0.0,37.0,36.79277777777778,486.35833333333335,59.98144485555555,36.79277777777778,0.0,0.5777338266666617,0.0,0.0,244.31444456666665,49.93225664383182,121.99171547898021,0.18,0.096,0,,0.0,0.0,36.79277777777778,0.0,2227.6069173630453,0.0,1113.8034586815227
2022-10-08 19:00:00,19,0,5,True,-0.19333333333333333,0.0,-0.8913888888888888,37.0,486.5861111111111,59.98619498055556,19.300277672222222,18.011388880555558,0.0,37.0,-0.19333333333333333,0.0,37.0,36.806666666666665,486.5861111111111,59.98619498055556,36.806666666666665,0.0,0.5834339766666715,0.0,0.0,244.31444456666665,49.93679708325328,122.00280842833365,0.18,0.096,0,,0.0,0.0,36.806666666666665,0.0,2227.6069173630453,0.0,1113.8034586815227
2022-10-08 20:00:00,20,0,5,True,-0.1980555555555556,0.0,-0.9166666666666666,37.0,485.5416666666667,60.01486088055555,19.087777869444444,17.908888722222223,0.0,37.0,-0.1980555555555556,0.0,37.0,36.801944444444445,485.5416666666667,60.01486088055555,36.801944444444445,0.0,0.5821669433333369,0.0,0.0,244.31444456666665,49.935253333849985,121.99903682555347,0.18,0.096,0,,0.0,0.0,36.801944444444445,0.0,2227.6069173630453,0.0,1113.8034586815227
2022-10-08 21:00:00,21,0,5,True,-0.20527777777777778,0.0,-0.9583333333333334,37.0,485.4166666666667,59.998777902777775,18.93583321388889,17.85222181666667,0.0,37.0,-0.20527777777777778,0.0,37.0,36.79472222222222,485.4166666666667,59.998777902777775,36.79472222222222,0.0,0.5985334833333297,0.0,0.0,244.31444456666665,49.932892305350826,121.99326849188971,0.18,0.096,0,,0.0,0.0,36.79472222222222,0.0,2227.6069173630453,0.0,1113.8034586815227
2022-10-08 22:00:00,22,0,5,True,-0.2013888888888889,0.0,-0.9333333333333333,37.0,487.39444444444445,60.02197179166665,18.735555744444444,17.744722391666663,0.0,37.0,-0.2013888888888889,0.0,37.0,36.798611111111114,487.39444444444445,60.02197179166665,36.798611111111114,0.0,0.5736338500000187,0.0,0.0,244.31444456666665,49.93416362838883,121.99637451770865,0.18,0.096,0,,0.0,0.0,36.798611111111114,0.0,2227.6069173630453,0.0,1113.8034586815227
2022-10-08 23:00:00,23,0,5,True,-0.20083333333333334,0.0,-0.9111111111111111,37.0,487.10555555555555,60.01333304999999,18.427777550000005,17.650278305555553,0.0,37.0,-0.20083333333333334,0.0,37.0,36.799166666666665,487.10555555555555,60.01333304999999,36.799166666666665,0.0,0.5840003400000086,0.0,0.0,244.31444456666665,49.934345245965694,121.9968182356828,0.12,0.08,0,,0.0,0.0,36.799166666666665,0.0,2227.6069173630453,0.0,1113.8034586815227
2022-10-09 00:00:00,0,0,6,True,-0.18277777777777776,0.0,-0.9002777777777778,37.0,484.0805555555556,60.00424982222222,18.177778113888888,17.473888872222222,0.0,37.0,-0.18277777777777776,0.0,37.0,36.81722222222222,484.0805555555556,60.00424982222222,36.81722222222222,0.0,0.5949002133333351,0.0,0.0,244.31444456666665,49.94024781721359,122.01123906984225,0.12,0.08,0,,0.0,0.0,36.81722222222222,0.0,2227.6069173630453,0.0,1113.8034586815227
2022-10-09 01:00:00,1,0,6,True,-0.17750000000000002,0.0,-0.8658333333333335,37.0,485.34166666666664,60.00408313333333,17.847499986111114,17.291944188888888,0.0,37.0,-0.17750000000000002,0.0,37.0,36.8225,485.34166666666664,60.00408313333333,36.8225,0.0,0.5951002400000022,0.0,0.0,244.31444456666665,49.94197318419374,122.01545439059655,0.12,0.08,0,,0.0,0.0,36.8225,0.0,2227.6069173630453,0.0,1113.8034586815227
2022-10-09 02:00:00,2,0,6,True,-0.17805555555555555,0.0,-0.8725,37.0,483.45,59.996361547222214,17.527500147222227,17.093611244444443,0.0,37.0,-0.17805555555555555,0.0,37.0,36.82194444444445,483.45,59.996361547222214,36.82194444444445,0.0,0.5956338566666574,0.0,0.0,244.31444456666665,49.941791566616885,122.01501067262241,0.12,0.08,0,,0.0,0.0,36.82194444444445,0.0,2227.6069173630453,0.0,1113.8034586815227
2022-10-09 03:00:00,3,0,6,True,-0.16694444444444445,0.0,-0.8452777777777777,37.0,482.65277777777777,59.999527891666666,17.205833391666665,16.895277486111112,0.0,37.0,-0.16694444444444445,0.0,37.0,36.83305555555555,482.65277777777777,59.999527891666666,36.83305555555555,0.0,0.5994334699999996,0.0,0.0,244.31444456666665,49.945423918154056,122.02388503210517,0.12,0.08,0,,0.0,0.0,36.83305555555555,0.0,2227.6069173630453,0.0,1113.8034586815227
2022-10-09 04:00:00,4,0,6,True,-0.17055555555555557,0.0,-0.8380555555555556,37.0,481.81666666666666,59.98563945277778,16.831111047222223,16.67583339722222,0.0,37.0,-0.17055555555555557,0.0,37.0,36.82944444444445,481.81666666666666,59.98563945277778,36.82944444444445,0.0,0.5827673433333388,0.0,0.0,244.31444456666665,49.94424340390447,122.02100086527325,0.12,0.08,0,,0.0,0.0,36.82944444444445,0.0,2227.6069173630453,0.0,1113.8034586815227
2022-10-09 05:00:00,5,0,6,True,-0.16361111111111112,0.0,-0.8186111111111111,37.0,482.78055555555557,59.98522254722222,16.39111113611111,16.369999869444445,0.0,37.0,-0.16361111111111112,0.0,37.0,36.83638888888889,482.78055555555557,59.98522254722222,36.83638888888889,0.0,0.5822670566666659,0.0,0.0,244.31444456666665,49.9465136236152,122.02654733994997,0.12,0.08,0,,0.0,0.0,36.83638888888889,0.0,2227.6069173630453,0.0,1113.8034586815227
2022-10-09 06:00:00,6,0,6,True,-0.15805555555555556,1.0305555555555554,-0.8311111111111111,37.0,486.15277777777777,59.990361388888886,15.95611114166667,16.031111225,1.0305555555555554,37.0,-0.15805555555555556,0.0,38.03055555555556,37.8725,486.15277777777777,59.990361388888886,37.8725,0.0,0.5884336666666626,2.7098093638156446,0.0,244.31444456666665,49.948329799383785,122.03098451969133,0.18,0.096,0,,1.0305555555555554,0.0,37.8725,0.5152777777777777,2228.637472918601,0.0,1114.3187364593005
2022-10-09 07:00:00,7,0,6,True,-0.14944444444444444,10.902777777777779,-0.826111111111111,37.0,484.73055555555555,60.00869430277778,15.578888888888887,15.703611111111108,10.902777777777779,37.0,-0.14944444444444444,0.0,47.90277777777778,47.75333333333334,484.73055555555555,60.00869430277778,47.75333333333334,0.0,0.5895668366666598,22.760220353725718,0.0,244.31444456666665,49.95114487182509,122.03786214829047,0.18,0.096,0,,10.902777777777779,0.0,47.75333333333334,5.451388888888889,2239.5402506963787,0.0,1119.7701253481894
2022-10-09 08:00:00,8,0,6,True,-0.15416666666666667,22.397222222222222,-0.8336111111111112,37.0,484.9277777777778,60.03338881666665,15.401388888888892,15.450555555555557,22.397222222222222,37.0,-0.15416666666666667,0.0,59.397222222222226,59.24305555555556,484.9277777777778,60.03338881666665,59.24305555555556,0.0,0.5599334200000186,37.70752466912968,0.0,244.31444456666665,49.9496011224218,122.0340905455103,0.18,0.096,0,,22.397222222222222,0.0,59.24305555555556,11.198611111111111,2261.937472918601,0.0,1130.9687364593005
2022-10-09 09:00:00,9,0,6,True,-0.15,31.052777777777777,-0.82,37.00555555555555,483.10833333333335,60.02247170833332,15.743611111111111,15.428888888888888,31.052777777777777,37.00555555555555,-0.15,0.0,68.05833333333334,67.90833333333333,483.10833333333335,60.02247170833332,67.90833333333333,0.0,0.5730339500000156,45.62670911391372,0.0,244.31444456666665,49.95096325424824,122.03741843031634,0.18,0.096,0,,31.052777777777777,0.0,67.90833333333333,15.526388888888889,2292.990250696379,0.0,1146.4951253481895
2022-10-09 10:00:00,10,0,6,True,-0.14194444444444446,36.519444444444446,-0.7630555555555555,37.0,480.6277777777778,60.03338868055555,16.31000001111111,15.674166666666666,36.519444444444446,37.0,-0.14194444444444446,0.0,73.51944444444445,73.3775,480.6277777777778,60.03338868055555,73.3775,0.0,0.5599335833333441,49.673177919673556,0.0,244.31444456666665,49.95359670911268,122.04385234094131,0.18,0.096,0,,36.519444444444446,0.0,73.3775,18.259722222222223,2329.5096951408236,0.0,1164.7548475704118
2022-10-09 11:00:00,11,0,6,True,-0.15250000000000002,38.94722222222222,-0.7880555555555554,37.0,482.44444444444446,60.02880516944444,16.808055452777776,16.15500001111111,38.94722222222222,37.0,-0.15250000000000002,0.0,75.94722222222222,75.79472222222222,482.44444444444446,60.02880516944444,75.79472222222222,0.0,0.565433796666673,51.281957499725685,0.0,244.31444456666665,49.950145975152374,122.03542169943272,0.12,0.08,0,,38.94722222222222,0.0,75.79472222222222,19.47361111111111,2368.4569173630457,0.0,1184.2284586815229
2022-10-09 12:00:00,12,0,6,True,-0.15611111111111112,38.23888888888889,-0.7819444444444444,37.0,479.7527777777778,60.003111016666665,17.41111135,16.63388876388889,38.23888888888889,37.0,-0.15611111111111112,0.0,75.23888888888888,75.08277777777776,479.7527777777778,60.003111016666665,75.08277777777776,0.0,0.596266780000002,50.8233035516503,0.0,244.31444456666665,49.94896546090279,122.03253753260081,0.12,0.08,0,,38.23888888888889,0.0,75.08277777777776,19.119444444444444,2406.6958062519348,0.0,1203.3479031259674
2022-10-09 13:00:00,13,0,6,True,-0.15777777777777777,35.0,-0.8316666666666666,37.0,481.5527777777778,60.004555386111115,18.17444431388889,17.080833233333333,35.0,37.0,-0.15777777777777777,0.0,72.0,71.84222222222222,481.5527777777778,60.004555386111115,71.84222222222222,0.0,0.5945335366666625,48.61111111111111,0.0,244.31444456666665,49.94842060817222,122.03120637867843,0.12,0.08,0,,35.0,0.0,71.84222222222222,17.5,2441.6958062519348,0.0,1220.8479031259674
2022-10-09 14:00:00,14,0,6,True,-0.16055555555555553,29.216666666666665,-0.7830555555555555,37.0,479.75555555555553,60.00316636666666,18.803611188888887,17.64416671111111,29.216666666666665,37.0,-0.16055555555555553,0.0,66.21666666666667,66.05611111111111,479.75555555555553,60.00316636666666,66.05611111111111,0.0,0.596200360000006,44.1228290964007,0.0,244.31444456666665,49.94751252028792,122.02898778880773,0.12,0.08,0,,29.216666666666665,0.0,66.05611111111111,14.608333333333333,2470.9124729186015,0.0,1235.4562364593007
2022-10-09 15:00:00,15,0,6,True,-0.1691666666666667,12.897222222222222,-0.8544444444444446,37.0,482.2083333333333,60.020333011111106,19.282777697222222,18.169722202777777,12.897222222222222,37.0,-0.1691666666666667,0.0,49.897222222222226,49.72805555555556,482.2083333333333,60.020333011111106,49.72805555555556,0.0,0.5756003866666731,25.84757557200913,0.0,244.31444456666665,49.94469744784662,122.0221101602086,0.12,0.08,0,,12.897222222222222,0.0,49.72805555555556,6.448611111111111,2483.809695140824,0.0,1241.904847570412
2022-10-09 16:00:00,16,0,6,True,-0.16861111111111113,6.366666666666666,-0.8125,37.0,480.1333333333333,60.00124993888888,19.552222375,18.366666447222222,6.366666666666666,37.0,-0.16861111111111113,0.0,43.36666666666667,43.198055555555555,480.1333333333333,60.00124993888888,43.198055555555555,0.0,0.5985000733333408,14.681014604150652,0.0,244.31444456666665,49.94487906542348,122.02255387818275,0.12,0.08,0,,6.366666666666666,0.0,43.198055555555555,3.183333333333333,2490.1763618074906,0.0,1245.0881809037453
2022-10-09 17:00:00,17,0,6,True,-0.1947222222222222,-0.10555555555555556,-0.9177777777777777,37.0,482.9277777777778,59.979389252777786,19.735278072222222,18.47583333888889,0.0,37.0,-0.1947222222222222,0.0,37.0,36.805277777777775,482.9277777777778,59.979389252777786,36.805277777777775,0.0,0.5752671033333427,0.0,0.0,244.31444456666665,49.93634303931113,122.00169913339829,0.12,0.08,0,,0.0,0.0,36.805277777777775,0.0,2490.1763618074906,0.0,1245.0881809037453
2022-10-09 18:00:00,18,0,6,True,-0.1866666666666667,0.0,-0.8522222222222222,37.01111111111111,481.6666666666667,59.99511118333333,19.780554944444443,18.50916668055556,0.0,37.01111111111111,-0.1866666666666667,0.0,37.01111111111111,36.824444444444445,481.6666666666667,59.99511118333333,36.824444444444445,0.0,0.5941334199999943,0.0,0.0,244.31444456666665,49.938976494175584,122.0081330440233,0.18,0.096,0,,0.0,0.0,36.824444444444445,0.0,2490.1763618074906,0.0,1245.0881809037453
2022-10-09 19:00:00,19,0,6,True,-0.195,0.0,-0.8741666666666668,37.0,482.35555555555555,59.99713920555556,19.668611763888883,18.450277772222226,0.0,37.0,-0.195,0.0,37.0,36.805,482.35555555555555,59.99713920555556,36.805,0.0,0.596567046666675,0.0,0.0,244.31444456666665,49.936252230522705,122.00147727441123,0.18,0.096,0,,0.0,0.0,36.805,0.0,2490.1763618074906,0.0,1245.0881809037453
2022-10-09 20:00:00,20,0,6,True,-0.19194444444444442,0.0,-0.8947222222222221,37.0,484.3027777777778,60.00102766388889,19.46166665277778,18.37888867777778,0.0,37.0,-0.19194444444444442,0.0,37.0,36.808055555555555,484.3027777777778,60.00102766388889,36.808055555555555,0.0,0.5987668033333307,0.0,0.0,244.31444456666665,49.937251127195424,122.00391772326898,0.18,0.096,0,,0.0,0.0,36.808055555555555,0.0,2490.1763618074906,0.0,1245.0881809037453
2022-10-09 21:00:00,21,0,6,True,-0.2016666666666667,0.0,-0.9425,37.0,484.96666666666664,60.00191652777778,19.22805558611111,18.234444447222224,0.0,37.0,-0.2016666666666667,0.0,37.0,36.79833333333333,484.96666666666664,60.00191652777778,36.79833333333333,0.0,0.5977001666666638,0.0,0.0,244.31444456666665,49.9340728196004,121.99615265872158,0.18,0.096,0,,0.0,0.0,36.79833333333333,0.0,2490.1763618074906,0.0,1245.0881809037453
2022-10-09 22:00:00,22,0,6,True,-0.19222222222222227,0.0,-0.8797222222222222,37.0,482.9972222222222,60.013666505555555,19.042777777777776,18.150555933333333,0.0,37.0,-0.19222222222222227,0.0,37.0,36.80777777777778,482.9972222222222,60.013666505555555,36.80777777777778,0.0,0.5836001933333336,0.0,0.0,244.31444456666665,49.937160318406995,122.00369586428192,0.18,0.096,0,,0.0,0.0,36.80777777777778,0.0,2490.1763618074906,0.0,1245.0881809037453
2022-10-09 23:00:00,23,0,6,True,-0.17722222222222223,0.0,-0.8294444444444445,37.0,481.6277777777778,59.99736112777778,18.884999644444445,18.081944505555555,0.0,37.0,-0.17722222222222223,0.0,37.0,36.82277777777778,481.6277777777778,59.99736112777778,36.82277777777778,0.0,0.596833353333335,0.0,0.0,244.31444456666665,49.94206399298218,122.01567624958362,0.12,0.08,0,,0.0,0.0,36.82277777777778,0.0,2490.1763618074906,0.0,1245.0881809037453
2022-10-10 00:00:00,0,0,0,False,-0.17777777777777778,0.0,-0.8522222222222221,37.0,483.43611111111113,59.997638997222225,18.695556261111108,17.993888875,0.0,37.0,-0.17777777777777778,0.0,37.0,36.82222222222222,483.43611111111113,59.997638997222225,36.82222222222222,0.0,0.59716679666667,0.0,0.0,244.31444456666665,49.941882375405314,122.01523253160947,0.12,0.08,0,,0.0,0.0,36.82222222222222,0.0,2490.1763618074906,0.0,1245.0881809037453
2022-10-10 01:00:00,1,0,0,False,-0.17472222222222225,0.0,-0.8830555555555555,37.0,483.89166666666665,59.999194480555566,18.516111125,17.9091665,0.0,37.0,-0.17472222222222225,0.0,37.0,36.82527777777778,483.89166666666665,59.999194480555566,36.82527777777778,0.0,0.5990333766666793,0.0,0.0,244.31444456666665,49.94288127207804,122.01767298046724,0.12,0.08,0,,0.0,0.0,36.82527777777778,0.0,2490.1763618074906,0.0,1245.0881809037453
2022-10-10 02:00:00,2,0,0,False,-0.17583333333333334,0.0,-0.8783333333333334,37.0,485.44166666666666,59.996722152777785,18.291388794444444,17.771110933333336,0.0,37.0,-0.17583333333333334,0.0,37.0,36.82416666666666,485.44166666666666,59.996722152777785,36.82416666666666,0.0,0.5960665833333422,0.0,0.0,244.31444456666665,49.94251803692432,122.01678554451897,0.12,0.08,0,,0.0,0.0,36.82416666666666,0.0,2490.1763618074906,0.0,1245.0881809037453
2022-10-10 03:00:00,3,0,0,False,-0.1752777777777778,0.0,-0.8713888888888889,37.0,485.6166666666667,59.99911106388888,18.005833308333337,17.629722594444445,0.0,37.0,-0.1752777777777778,0.0,37.0,36.82472222222222,485.6166666666667,59.99911106388888,36.82472222222222,0.0,0.5989332766666592,0.0,0.0,244.31444456666665,49.942699654501176,122.01722926249309,0.12,0.08,0,,0.0,0.0,36.82472222222222,0.0,2490.1763618074906,0.0,1245.0881809037453
2022-10-10 04:00:00,4,0,0,False,-0.17916666666666667,0.0,-0.8466666666666666,37.0,484.51944444444445,59.99541662222222,17.70138918055555,17.468888883333335,0.0,37.0,-0.17916666666666667,0.0,37.0,36.82083333333333,484.51944444444445,59.99541662222222,36.82083333333333,0.0,0.5944999466666673,0.0,0.0,244.31444456666665,49.94142833146317,122.01412323667415,0.12,0.08,0,,0.0,0.0,36.82083333333333,0.0,2490.1763618074906,0.0,1245.0881809037453
2022-10-10 05:00:00,5,0,0,False,-0.175,0.0,-0.8527777777777777,37.0,486.2111111111111,59.98183360833333,17.43305547222222,17.32944404166667,0.0,37.0,-0.175,0.0,37.0,36.825,486.2111111111111,59.98183360833333,36.825,0.0,0.5782003299999985,0.0,0.0,244.31444456666665,49.942790463289604,122.01745112148016,0.12,0.08,0,,0.0,0.0,36.825,0.0,2490.1763618074906,0.0,1245.0881809037453
2022-10-10 06:00:00,6,0,0,False,-0.16722222222222222,0.8,-0.8311111111111111,37.0,485.2083333333333,59.978527975,17.186944572222217,17.178333533333333,0.8,37.0,-0.16722222222222222,0.0,37.8,37.632777777777775,485.2083333333333,59.978527975,37.632777777777775,0.0,0.5742335699999984,2.1164021164021167,0.0,244.31444456666665,49.94533310936563,122.02366317311808,0.18,0.096,0,,0.8,0.0,37.632777777777775,0.4,2490.976361807491,0.0,1245.4881809037454
2022-10-10 07:00:00,7,0,0,False,-0.15166666666666667,10.527777777777779,-0.826111111111111,37.0,483.5083333333333,60.00016667222222,17.073055555555552,17.063888908333332,10.527777777777779,37.0,-0.15166666666666667,0.0,47.52777777777778,47.376111111111115,483.5083333333333,60.00016667222222,47.376111111111115,0.0,0.5997999933333347,22.150789012273524,0.0,244.31444456666665,49.95041840151766,122.03608727639393,0.18,0.096,0,,10.527777777777779,0.0,47.376111111111115,5.263888888888889,2501.5041395852686,0.0,1250.7520697926343
2022-10-10 08:00:00,8,0,0,False,-0.15888888888888889,22.005555555555556,-0.8055555555555556,37.00555555555555,480.8277777777778,59.98797253055557,17.082500002777774,17.026111113888888,22.005555555555556,37.00555555555555,-0.15888888888888889,0.0,59.011111111111106,58.85222222222222,480.8277777777778,59.98797253055557,58.85222222222222,0.0,0.58556703666668,37.29052909056676,0.0,244.31444456666665,49.9480573730185,122.03031894273013,0.18,0.096,0,,22.005555555555556,0.0,58.85222222222222,11.002777777777778,2523.509695140824,0.0,1261.754847570412
2022-10-10 09:00:00,9,0,0,False,-0.15833333333333335,31.333333333333332,-0.7941666666666666,37.0,479.81666666666666,60.01274967222221,17.311388944444445,17.088611252777778,31.333333333333332,37.0,-0.15833333333333335,0.0,68.33333333333333,68.175,479.81666666666666,60.01274967222221,68.175,0.0,0.584700393333344,45.85365853658537,0.0,244.31444456666665,49.94823899059536,122.03076266070427,0.18,0.096,0,,31.333333333333332,0.0,68.175,15.666666666666666,2554.8430284741576,0.0,1277.4215142370788
2022-10-10 10:00:00,10,0,0,False,-0.14833333333333334,26.341666666666665,-0.8233333333333333,37.0,482.0083333333333,59.998777805555555,17.73194453611111,17.265277722222223,26.341666666666665,37.0,-0.14833333333333334,0.0,63.34166666666667,63.193333333333335,482.0083333333333,59.998777805555555,63.193333333333335,0.0,0.5985333666666662,41.586633337718716,0.0,244.31444456666665,49.95150810697881,122.03874958423874,0.18,0.096,0,,26.341666666666665,0.0,63.193333333333335,13.170833333333333,2581.1846951408243,0.0,1290.5923475704121
2022-10-10 11:00:00,11,0,0,False,-0.15694444444444447,5.036111111111111,-0.8030555555555556,37.0,481.6277777777778,60.00858302777777,17.985,17.379166447222225,5.036111111111111,37.0,-0.15694444444444447,0.0,42.03611111111111,41.87916666666667,481.6277777777778,60.00858302777777,41.87916666666667,0.0,0.589700366666679,11.980440097799512,0.0,244.31444456666665,49.948693034537506,122.03187195563962,0.12,0.08,0,,5.036111111111111,0.0,41.87916666666667,2.5180555555555557,2586.2208062519353,0.0,1293.1104031259677
2022-10-10 12:00:00,12,0,0,False,-0.15444444444444447,1.2638888888888888,-0.7952777777777776,37.0,485.69166666666666,60.003999813888896,17.847500216666667,17.286111016666666,1.2638888888888888,37.0,-0.15444444444444447,0.0,38.263888888888886,38.10944444444444,485.69166666666666,60.003999813888896,38.10944444444444,0.0,0.5952002233333246,3.3030852994555353,0.0,244.31444456666665,49.94951031363337,122.03386868652323,0.12,0.08,0,,1.2638888888888888,0.0,38.10944444444444,0.6319444444444444,2587.484695140824,0.0,1293.742347570412
2022-10-10 13:00:00,13,0,0,False,-0.15916666666666668,18.783333333333335,-0.8516666666666667,37.0,486.85,60.00999947777778,17.55805572777778,17.132222513888888,18.783333333333335,37.0,-0.15916666666666668,0.0,55.78333333333333,55.62416666666667,486.85,60.00999947777778,55.62416666666667,0.0,0.5880006266666612,33.671945025395885,0.0,244.31444456666665,49.94796656423007,122.03009708374307,0.12,0.08,0,,18.783333333333335,0.0,55.62416666666667,9.391666666666667,2606.2680284741573,0.0,1303.1340142370786
2022-10-10 14:00:00,14,0,0,False,-0.15416666666666667,30.90277777777778,-0.8380555555555557,37.0,485.90833333333336,60.002360966666664,17.593611355555556,17.181388897222224,30.90277777777778,37.0,-0.15416666666666667,0.0,67.90277777777777,67.7486111111111,485.90833333333336,60.002360966666664,67.7486111111111,0.0,0.5971668400000026,45.510329310697486,0.0,244.31444456666665,49.9496011224218,122.0340905455103,0.12,0.08,0,,30.90277777777778,0.0,67.7486111111111,15.45138888888889,2637.170806251935,0.0,1318.5854031259676
2022-10-10 15:00:00,15,0,0,False,-0.15194444444444447,10.425,-0.7788888888888889,37.0,484.21944444444443,59.99963894166666,17.809721936111114,17.37111081666667,10.425,37.0,-0.15194444444444447,0.0,47.425,47.27305555555555,484.21944444444443,59.99963894166666,47.27305555555555,0.0,0.5995667299999923,21.98207696362678,0.0,244.31444456666665,49.95032759272923,122.03586541740685,0.12,0.08,0,,10.425,0.0,47.27305555555555,5.2125,2647.5958062519353,0.0,1323.7979031259677
2022-10-10 16:00:00,16,0,0,False,-0.14916666666666667,7.863888888888889,-0.7822222222222223,37.0,482.59166666666664,59.98525066944445,17.743333491666665,17.30472172777778,7.863888888888889,37.0,-0.14916666666666667,0.0,44.86388888888889,44.71472222222222,482.59166666666664,59.98525066944445,44.71472222222222,0.0,0.5823008033333366,17.528326419416757,0.0,244.31444456666665,49.95123568061352,122.03808400727753,0.12,0.08,0,,7.863888888888889,0.0,44.71472222222222,3.9319444444444445,2655.4596951408244,0.0,1327.7298475704122
2022-10-10 17:00:00,17,0,0,False,-0.165,0.5055555555555555,-0.8586111111111112,37.0,482.975,59.98666663888889,17.650556124999998,17.223889013888886,0.5055555555555555,37.0,-0.165,0.0,37.50555555555555,37.340555555555554,482.975,59.98666663888889,37.340555555555554,0.0,0.5839999666666699,1.3479484520811733,0.0,244.31444456666665,49.94605957967306,122.02543804501464,0.12,0.08,0,,0.5055555555555555,0.0,37.340555555555554,0.25277777777777777,2655.96525069638,0.0,1327.98262534819
2022-10-10 18:00:00,18,0,0,False,-0.15805555555555556,0.0,-0.8294444444444445,37.0,486.18055555555554,59.992167019444445,17.401944225000005,17.122777983333336,0.0,37.0,-0.15805555555555556,0.0,37.0,36.841944444444444,486.18055555555554,59.992167019444445,36.841944444444444,0.0,0.5906004233333334,0.0,0.0,244.31444456666665,49.948329799383785,122.03098451969133,0.18,0.096,0,,0.0,0.0,36.841944444444444,0.0,2655.96525069638,0.0,1327.98262534819
2022-10-10 19:00:00,19,0,0,False,-0.16277777777777777,0.0,-0.826111111111111,37.0,486.3666666666667,60.00241631666667,17.091389169444444,17.00749997222222,0.0,37.0,-0.16277777777777777,0.0,37.0,36.83722222222222,486.3666666666667,60.00241631666667,36.83722222222222,0.0,0.5971004199999982,0.0,0.0,244.31444456666665,49.946786049980496,122.0272129169112,0.18,0.096,0,,0.0,0.0,36.83722222222222,0.0,2655.96525069638,0.0,1327.98262534819
2022-10-10 20:00:00,20,0,0,False,-0.15416666666666667,0.0,-0.808888888888889,37.0,485.95,60.00822205,16.719444322222223,16.819721777777776,0.0,37.0,-0.15416666666666667,0.0,37.0,36.84583333333333,485.95,60.00822205,36.84583333333333,0.0,0.5901335399999993,0.0,0.0,244.31444456666665,49.9496011224218,122.0340905455103,0.18,0.096,0,,0.0,0.0,36.84583333333333,0.0,2655.96525069638,0.0,1327.98262534819
2022-10-10 21:00:00,21,0,0,False,-0.1441666666666667,0.0,-0.7947222222222223,37.0,488.1111111111111,60.01555506388888,16.29722222222222,16.565000113888885,0.0,37.0,-0.1441666666666667,0.0,37.0,36.85583333333334,488.1111111111111,60.01555506388888,36.85583333333334,0.0,0.5813339233333409,0.0,0.0,244.31444456666665,49.95287023880525,122.04207746904477,0.18,0.096,0,,0.0,0.0,36.85583333333334,0.0,2655.96525069638,0.0,1327.98262534819
2022-10-10 22:00:00,22,0,0,False,-0.14694444444444446,0.0,-0.7608333333333333,37.0,483.2638888888889,60.009583166666665,15.9,16.250833294444444,0.0,37.0,-0.14694444444444446,0.0,37.0,36.85305555555556,483.2638888888889,60.009583166666665,36.85305555555556,0.0,0.5885002000000014,0.0,0.0,244.31444456666665,49.951962150920956,122.03985887917408,0.18,0.096,0,,0.0,0.0,36.85305555555556,0.0,2655.96525069638,0.0,1327.98262534819
2022-10-10 23:00:00,23,0,0,False,-0.14055555555555557,0.0,-0.7361111111111112,37.0,482.25555555555553,60.00802726944444,15.472222222222225,15.944444461111111,0.0,37.0,-0.14055555555555557,0.0,37.0,36.85944444444444,482.25555555555553,60.00802726944444,36.85944444444444,0.0,0.5903672766666715,0.0,0.0,244.31444456666665,49.95405075305483,122.04496163587666,0.12,0.08,0,,0.0,0.0,36.85944444444444,0.0,2655.96525069638,0.0,1327.98262534819
2022-10-11 00:00:00,0,0,1,False,-0.13416666666666668,0.0,-0.7941666666666666,37.0,483.65555555555557,59.99963882777779,15.028333333333332,15.531111111111112,0.0,37.0,-0.13416666666666668,0.0,37.0,36.865833333333335,483.65555555555557,59.99963882777779,36.865833333333335,0.0,0.5995665933333442,0.0,0.0,244.31444456666665,49.9561393551887,122.05006439257923,0.12,0.08,0,,0.0,0.0,36.865833333333335,0.0,2655.96525069638,0.0,1327.98262534819
2022-10-11 01:00:00,1,0,1,False,-0.1297805642633229,0.0,-0.7407523510971787,37.0,484.47962382445144,60.007492416927896,14.50344827586207,15.055172413793105,0.0,37.0,-0.1297805642633229,0.0,37.0,36.87021943573668,484.47962382445144,60.007492416927896,36.87021943573668,0.0,0.591009099686525,0.0,0.0,244.31444456666665,49.957573223111325,122.05356753903021,0.12,0.08,0,,0.0,0.0,36.87021943573668,0.0,2655.96525069638,0.0,1327.98262534819
2022-10-11 02:00:00,2,0,1,False,-0.1252777777777778,0.0,-0.7830555555555555,37.0,484.3027777777778,60.00261121388889,13.942499999999997,14.53527777777778,0.0,37.0,-0.1252777777777778,0.0,37.0,36.874722222222225,484.3027777777778,60.00261121388889,36.874722222222225,0.0,0.5968665433333313,0.0,0.0,244.31444456666665,49.95904523641843,122.05716388016542,0.12,0.08,0,,0.0,0.0,36.874722222222225,0.0,2655.96525069638,0.0,1327.98262534819
2022-10-11 03:00:00,3,0,1,False,-0.1125,0.0,-0.7188888888888888,37.0,482.56388888888887,59.998472561111114,13.37833333333333,13.945833333333333,0.0,37.0,-0.1125,0.0,37.0,36.8875,482.56388888888887,59.998472561111114,36.8875,0.0,0.5981670733333374,0.0,0.0,244.31444456666665,49.963222440686174,122.06736939357057,0.12,0.08,0,,0.0,0.0,36.8875,0.0,2655.96525069638,0.0,1327.98262534819
2022-10-11 04:00:00,4,0,1,False,-0.11638888888888889,0.0,-0.7383333333333334,37.0,482.4222222222222,59.98350043055555,12.808333333333334,13.37277777777778,0.0,37.0,-0.11638888888888889,0.0,37.0,36.88361111111111,482.4222222222222,59.98350043055555,36.88361111111111,0.0,0.5802005166666617,0.0,0.0,244.31444456666665,49.96195111764817,122.06426336775162,0.12,0.08,0,,0.0,0.0,36.88361111111111,0.0,2655.96525069638,0.0,1327.98262534819
2022-10-11 05:00:00,5,0,1,False,-0.10361111111111113,0.0,-0.6805555555555556,37.0,482.6722222222222,59.993139238888894,12.263055555555555,12.7875,0.0,37.0,-0.10361111111111113,0.0,37.0,36.896388888888886,482.6722222222222,59.993139238888894,36.896388888888886,0.0,0.5917670866666725,0.0,0.0,244.31444456666665,49.96612832191591,122.07446888115678,0.12,0.08,0,,0.0,0.0,36.896388888888886,0.0,2655.96525069638,0.0,1327.98262534819
2022-10-11 06:00:00,6,0,1,False,-0.10277777777777777,1.5722222222222222,-0.7186111111111112,37.0,486.88055555555553,59.981833747222225,11.724444444444446,12.24777777777778,1.5722222222222222,37.0,-0.10277777777777777,0.0,38.57222222222222,38.46944444444445,486.88055555555553,59.981833747222225,38.46944444444445,0.0,0.5782004966666704,4.076047817946132,0.0,244.31444456666665,49.966400748281195,122.07513445811797,0.18,0.096,0,,1.5722222222222222,0.0,38.46944444444445,0.7861111111111111,2657.537472918602,0.0,1328.768736459301
2022-10-11 07:00:00,7,0,1,False,-0.11499999999999999,11.630555555555556,-0.775,37.0,486.8277777777778,60.00463861111111,11.248888888888889,11.734722222222222,11.630555555555556,37.0,-0.11499999999999999,0.0,48.63055555555556,48.51555555555556,486.8277777777778,60.00463861111111,48.51555555555556,0.0,0.5944336666666657,23.916147826583654,0.0,244.31444456666665,49.96240516159031,122.06537266268695,0.18,0.096,0,,11.630555555555556,0.0,48.51555555555556,5.815277777777778,2669.1680284741574,0.0,1334.5840142370787
2022-10-11 08:00:00,8,0,1,False,-0.11083333333333335,23.26388888888889,-0.7394444444444446,37.0,485.80833333333334,59.99550006388888,10.99388888888889,11.360000000000001,23.26388888888889,37.0,-0.11083333333333335,0.0,60.263888888888886,60.153055555555554,485.80833333333334,59.99550006388888,60.153055555555554,0.0,0.59460007666666,38.60336483060613,0.0,244.31444456666665,49.96376729341675,122.068700547493,0.18,0.096,0,,23.26388888888889,0.0,60.153055555555554,11.631944444444445,2692.431917363046,0.0,1346.215958681523
2022-10-11 09:00:00,9,0,1,False,-0.10777777777777779,31.980555555555554,-0.7324999999999999,37.0,486.5138888888889,60.023444019444426,11.229722222222222,11.207777777777778,31.980555555555554,37.0,-0.10777777777777779,0.0,68.98055555555555,68.87277777777777,486.5138888888889,60.023444019444426,68.87277777777777,0.0,0.5718671766666886,46.3616961301494,0.0,244.31444456666665,49.96476619008947,122.07114099635075,0.18,0.096,0,,31.980555555555554,0.0,68.87277777777777,15.990277777777777,2724.4124729186015,0.0,1362.2062364593007
2022-10-11 10:00:00,10,0,1,False,-0.1111111111111111,37.37222222222222,-0.7130555555555557,37.0,486.21666666666664,60.004277297222224,11.72388888888889,11.385000000000002,37.37222222222222,37.0,-0.1111111111111111,0.0,74.37222222222222,74.2611111111111,486.21666666666664,60.004277297222224,74.2611111111111,0.0,0.5948672433333314,50.250242772839314,0.0,244.31444456666665,49.96367648462832,122.06847868850592,0.18,0.096,0,,37.37222222222222,0.0,74.2611111111111,18.68611111111111,2761.7846951408237,0.0,1380.8923475704119
2022-10-11 11:00:00,11,0,1,False,-0.10750000000000001,39.602777777777774,-0.6927777777777778,37.0,484.7527777777778,60.0052774111111,12.134166666666665,11.725555555555557,39.602777777777774,37.0,-0.10750000000000001,0.0,76.60277777777777,76.49527777777777,484.7527777777778,60.0052774111111,76.49527777777777,0.0,0.5936671066666775,51.69887950103347,0.0,244.31444456666665,49.9648569988779,122.07136285533781,0.12,0.08,0,,39.602777777777774,0.0,76.49527777777777,19.801388888888887,2801.3874729186014,0.0,1400.6937364593007
2022-10-11 12:00:00,12,0,1,False,-0.11305555555555556,38.61944444444445,-0.7238888888888889,37.0,485.10555555555555,60.013083011111114,12.707222222222223,12.113888888888889,38.61944444444445,37.0,-0.11305555555555556,0.0,75.61944444444444,75.50638888888888,485.10555555555555,60.013083011111114,75.50638888888888,0.0,0.5843003866666635,51.070785732652546,0.0,244.31444456666665,49.96304082310932,122.06692567559644,0.12,0.08,0,,38.61944444444445,0.0,75.50638888888888,19.309722222222224,2840.006917363046,0.0,1420.003458681523
2022-10-11 13:00:00,13,0,1,False,-0.11305555555555556,35.66111111111111,-0.7269444444444444,37.0,485.0888888888889,60.01338833055556,16.39972278333333,16.121666863888887,35.66111111111111,37.0,-0.11305555555555556,0.0,72.66111111111111,72.54805555555555,485.0888888888889,60.01338833055556,72.54805555555555,0.0,0.5839340033333315,49.07867573973546,0.0,244.31444456666665,49.96304082310932,122.06692567559644,0.12,0.08,0,,35.66111111111111,0.0,72.54805555555555,17.830555555555556,2875.668028474157,0.0,1437.8340142370785
2022-10-11 14:00:00,14,0,1,False,-0.12444444444444445,29.691666666666666,-0.7669444444444443,37.0,485.65,60.012638555555554,17.699445438888883,17.784444094444446,29.691666666666666,37.0,-0.12444444444444445,0.0,66.69166666666666,66.56722222222221,485.65,60.012638555555554,66.56722222222221,0.0,0.5848337333333348,44.520804698238166,0.0,244.31444456666665,49.95931766278372,122.05782945712663,0.12,0.08,0,,29.691666666666666,0.0,66.56722222222221,14.845833333333333,2905.3596951408235,0.0,1452.6798475704118
2022-10-11 15:00:00,15,0,1,False,-0.12083333333333333,20.330555555555556,-0.7363888888888888,37.0,484.7,60.002499925,17.74750005,17.863332930555558,20.330555555555556,37.0,-0.12083333333333333,0.0,57.330555555555556,57.209722222222226,484.7,60.002499925,57.209722222222226,0.0,0.5970000899999973,35.461989437472745,0.0,244.31444456666665,49.9604981770333,122.06071362395853,0.12,0.08,0,,20.330555555555556,0.0,57.209722222222226,10.165277777777778,2925.6902506963793,0.0,1462.8451253481896
2022-10-11 16:00:00,16,0,1,False,-0.12333333333333335,8.133333333333333,-0.77,37.0,485.025,60.01805516944444,17.813888044444447,17.93472217777778,8.133333333333333,37.0,-0.12333333333333335,0.0,45.13333333333333,45.01,485.025,60.01805516944444,45.01,0.0,0.578333796666675,18.020679468242246,0.0,244.31444456666665,49.95968089793744,122.0587168930749,0.12,0.08,0,,8.133333333333333,0.0,45.01,4.066666666666666,2933.8235840297125,0.0,1466.9117920148562
2022-10-11 17:00:00,17,0,1,False,-0.1361111111111111,-0.05555555555555555,-0.7788888888888889,37.0,487.1138888888889,59.98836126388889,17.878055336111114,17.95722220277778,0.0,37.0,-0.1361111111111111,0.0,37.0,36.86388888888889,487.1138888888889,59.98836126388889,36.86388888888889,0.0,0.5860335166666687,0.0,0.0,244.31444456666665,49.9555036936697,122.04851137966978,0.12,0.08,0,,0.0,0.0,36.86388888888889,0.0,2933.8235840297125,0.0,1466.9117920148562
2022-10-11 18:00:00,18,0,1,False,-0.1275,0.0,-0.726111111111111,37.0,486.575,59.97755598888889,17.868333016666668,17.959166650000004,0.0,37.0,-0.1275,0.0,37.0,36.8725,486.575,59.97755598888889,36.8725,0.0,0.5730671866666653,0.0,0.0,244.31444456666665,49.958318766111,122.05538900826888,0.18,0.096,0,,0.0,0.0,36.8725,0.0,2933.8235840297125,0.0,1466.9117920148562
2022-10-11 19:00:00,19,0,1,False,-0.14027777777777778,0.0,-0.7558333333333334,37.0,486.74444444444447,59.996916688888895,17.847499475000003,17.943055519444446,0.0,37.0,-0.14027777777777778,0.0,37.0,36.859722222222224,486.74444444444447,59.996916688888895,36.859722222222224,0.0,0.5963000266666739,0.0,0.0,244.31444456666665,49.95414156184326,122.04518349486374,0.18,0.096,0,,0.0,0.0,36.859722222222224,0.0,2933.8235840297125,0.0,1466.9117920148562
2022-10-11 20:00:00,20,0,1,False,-0.12916666666666668,0.0,-0.7847222222222222,37.0,486.39722222222224,59.99013884166666,17.84388832777778,17.927777697222226,0.0,37.0,-0.12916666666666668,0.0,37.0,36.87083333333333,486.39722222222224,59.99013884166666,36.87083333333333,0.0,0.5881666099999961,0.0,0.0,244.31444456666665,49.95777391338042,122.05405785434647,0.18,0.096,0,,0.0,0.0,36.87083333333333,0.0,2933.8235840297125,0.0,1466.9117920148562
2022-10-11 21:00:00,21,0,1,False,-0.14333333333333334,0.0,-0.8319444444444445,37.0,484.95,59.999860930555556,17.806387952777783,17.903333191666665,0.0,37.0,-0.14333333333333334,0.0,37.0,36.85666666666667,484.95,59.999860930555556,36.85666666666667,0.0,0.5998331166666674,0.0,0.0,244.31444456666665,49.95314266517054,122.042743046006,0.18,0.096,0,,0.0,0.0,36.85666666666667,0.0,2933.8235840297125,0.0,1466.9117920148562
2022-10-11 22:00:00,22,0,1,False,-0.12305555555555554,0.0,-0.7355555555555556,37.0,484.89166666666665,60.00938839444445,17.75527767222222,17.789444125,0.0,37.0,-0.12305555555555554,0.0,37.0,36.87694444444445,484.89166666666665,60.00938839444445,36.87694444444445,0.0,0.58873392666666,0.0,0.0,244.31444456666665,49.95977170672587,122.05893875206199,0.18,0.096,0,,0.0,0.0,36.87694444444445,0.0,2933.8235840297125,0.0,1466.9117920148562
2022-10-11 23:00:00,23,0,1,False,-0.12888888888888891,0.0,-0.7483333333333333,37.0,483.9277777777778,60.00733296666666,17.696945413888884,17.71944489722222,0.0,37.0,-0.12888888888888891,0.0,37.0,36.87111111111111,483.9277777777778,60.00733296666666,36.87111111111111,0.0,0.5912004400000086,0.0,0.0,244.31444456666665,49.95786472216886,122.05427971333354,0.12,0.08,0,,0.0,0.0,36.87111111111111,0.0,2933.8235840297125,0.0,1466.9117920148562
2022-10-12 00:00:00,0,0,2,False,-0.12083333333333333,0.0,-0.7472222222222222,37.0,483.6972222222222,59.998916763888886,17.537777783333333,17.56888902222222,0.0,37.0,-0.12083333333333333,0.0,37.0,36.87916666666667,483.6972222222222,59.998916763888886,36.87916666666667,0.0,0.598700116666663,0.0,0.0,244.31444456666665,49.9604981770333,122.06071362395853,0.12,0.08,0,,0.0,0.0,36.87916666666667,0.0,2933.8235840297125,0.0,1466.9117920148562
2022-10-12 01:00:00,1,0,2,False,-0.12305555555555554,0.0,-0.7847222222222222,37.0,484.4472222222222,60.00444421111111,17.416944444444447,17.476111111111113,0.0,37.0,-0.12305555555555554,0.0,37.0,36.87694444444445,484.4472222222222,60.00444421111111,36.87694444444445,0.0,0.594666946666672,0.0,0.0,244.31444456666665,49.95977170672587,122.05893875206199,0.12,0.08,0,,0.0,0.0,36.87694444444445,0.0,2933.8235840297125,0.0,1466.9117920148562
2022-10-12 02:00:00,2,0,2,False,-0.10666666666666669,0.0,-0.6819444444444446,37.0,485.06666666666666,59.98616708333332,17.367221911111113,17.414444375000002,0.0,37.0,-0.10666666666666669,0.0,37.0,36.89333333333333,485.06666666666666,59.98616708333332,36.89333333333333,0.0,0.5834004999999848,0.0,0.0,244.31444456666665,49.96512942524319,122.07202843229904,0.12,0.08,0,,0.0,0.0,36.89333333333333,0.0,2933.8235840297125,0.0,1466.9117920148562
2022-10-12 03:00:00,3,0,2,False,-0.10555555555555556,0.0,-0.7430555555555556,37.0,487.85833333333335,60.00627728888889,17.2450001,17.316388419444447,0.0,37.0,-0.10555555555555556,0.0,37.0,36.894444444444446,487.85833333333335,60.00627728888889,36.894444444444446,0.0,0.5924672533333336,0.0,0.0,244.31444456666665,49.965492660396905,122.07291586824729,0.12,0.08,0,,0.0,0.0,36.894444444444446,0.0,2933.8235840297125,0.0,1466.9117920148562
2022-10-12 04:00:00,4,0,2,False,-0.12055555555555555,0.0,-0.7391666666666667,37.0,487.4111111111111,59.98288932222223,17.15305608611111,17.23361118888889,0.0,37.0,-0.12055555555555555,0.0,37.0,36.879444444444445,487.4111111111111,59.98288932222223,36.879444444444445,0.0,0.5794671866666732,0.0,0.0,244.31444456666665,49.96058898582173,122.0609354829456,0.12,0.08,0,,0.0,0.0,36.879444444444445,0.0,2933.8235840297125,0.0,1466.9117920148562
2022-10-12 05:00:00,5,0,2,False,-0.10750000000000001,0.0,-0.7077777777777778,37.0,483.74444444444447,59.99272265555555,17.079722224999998,17.121944641666666,0.0,37.0,-0.10750000000000001,0.0,37.0,36.8925,483.74444444444447,59.99272265555555,36.8925,0.0,0.5912671866666642,0.0,0.0,244.31444456666665,49.9648569988779,122.07136285533781,0.12,0.08,0,,0.0,0.0,36.8925,0.0,2933.8235840297125,0.0,1466.9117920148562
2022-10-12 06:00:00,6,0,2,False,-0.105,0.9777777777777777,-0.7258333333333333,37.0,485.2527777777778,59.99494443611111,16.944444413888892,17.02194444722222,0.9777777777777777,37.0,-0.105,0.0,37.977777777777774,37.87277777777778,485.2527777777778,59.99494443611111,37.87277777777778,0.0,0.5939333233333343,2.5746050321825633,0.0,244.31444456666665,49.96567427797376,122.07335958622141,0.18,0.096,0,,0.9777777777777777,0.0,37.87277777777778,0.4888888888888889,2934.80136180749,0.0,1467.400680903745
2022-10-12 07:00:00,7,0,2,False,-0.0911111111111111,11.061111111111112,-0.7077777777777778,37.0,482.8888888888889,59.97702814444445,16.826665933333338,16.92083323888889,11.061111111111112,37.0,-0.0911111111111111,0.0,48.06111111111111,47.97,482.8888888888889,59.97702814444445,47.97,0.0,0.5724337733333442,23.014680383770663,0.0,244.31444456666665,49.97021471739522,122.08445253557485,0.18,0.096,0,,11.061111111111112,0.0,47.97,5.530555555555556,2945.8624729186013,0.0,1472.9312364593006
2022-10-12 08:00:00,8,0,2,False,-0.09805555555555555,23.194444444444443,-0.6963888888888888,37.00277777777778,482.85277777777776,59.979111444444456,16.80222124444445,16.89361093888889,23.194444444444443,37.00277777777778,-0.09805555555555555,0.0,60.19722222222222,60.09916666666667,482.85277777777776,59.979111444444456,60.09916666666667,0.0,0.5749337333333472,38.530755387384055,0.0,244.31444456666665,49.96794449768449,122.07890606089813,0.18,0.096,0,,23.194444444444443,0.0,60.09916666666667,11.597222222222221,2969.0569173630456,0.0,1484.5284586815228
2022-10-12 09:00:00,9,0,2,False,-0.10083333333333333,31.352777777777778,-0.7261111111111112,37.0,481.7972222222222,59.971889313888894,16.833054886111114,16.940555519444445,31.352777777777778,37.0,-0.10083333333333333,0.0,68.35277777777777,68.25194444444445,481.7972222222222,59.971889313888894,68.25194444444445,0.0,0.5662671766666733,45.86906164912424,0.0,244.31444456666665,49.9670364098002,122.07668747102745,0.18,0.096,0,,31.352777777777778,0.0,68.25194444444445,15.676388888888889,3000.4096951408233,0.0,1500.2048475704116
2022-10-12 10:00:00,10,0,2,False,-0.10055555555555556,36.31111111111111,-0.683888888888889,37.0,480.9611111111111,60.00433283333332,16.903888872222225,17.03861111111111,36.31111111111111,37.0,-0.10055555555555556,0.0,73.3111111111111,73.21055555555554,480.9611111111111,60.00433283333332,73.21055555555554,0.0,0.5948006000000134,49.53016065474387,0.0,244.31444456666665,49.96712721858863,122.07690933001453,0.18,0.096,0,,36.31111111111111,0.0,73.21055555555554,18.155555555555555,3036.7208062519344,0.0,1518.3604031259672
2022-10-12 11:00:00,11,0,2,False,-0.10083333333333333,37.977777777777774,-0.6969444444444446,37.0,481.18611111111113,60.006555019444434,17.025555555555556,17.132500202777777,37.977777777777774,37.0,-0.10083333333333333,0.0,74.97777777777777,74.87694444444445,481.18611111111113,60.006555019444434,74.87694444444445,0.0,0.592133976666679,50.6520450503853,0.0,244.31444456666665,49.9670364098002,122.07668747102745,0.12,0.08,0,,37.977777777777774,0.0,74.87694444444445,18.988888888888887,3074.698584029712,0.0,1537.349292014856
2022-10-12 12:00:00,12,0,2,False,-0.10555555555555556,37.33888888888889,-0.6933333333333334,37.01111111111111,480.60277777777776,60.00027759166667,17.14972271944444,17.269999858333332,37.33888888888889,37.01111111111111,-0.10555555555555556,0.0,74.35,74.24444444444444,480.60277777777776,60.00027759166667,74.24444444444444,0.0,0.5996668899999917,50.22042890233879,0.0,244.31444456666665,49.965492660396905,122.07291586824729,0.12,0.08,0,,37.33888888888889,0.0,74.24444444444444,18.669444444444444,3112.037472918601,0.0,1556.0187364593005
2022-10-12 13:00:00,13,0,2,False,-0.10416666666666667,34.5,-0.7341666666666667,37.0,483.89166666666665,59.99511159722222,17.31472201111111,17.40222208888889,34.5,37.0,-0.10416666666666667,0.0,71.5,71.39583333333333,483.89166666666665,59.99511159722222,71.39583333333333,0.0,0.5941339166666637,48.25174825174825,0.0,244.31444456666665,49.96594670433905,122.07402516318264,0.12,0.08,0,,34.5,0.0,71.39583333333333,17.25,3146.537472918601,0.0,1573.2687364593005
2022-10-12 14:00:00,14,0,2,False,-0.11972222222222224,28.305555555555557,-0.7380555555555556,37.00555555555555,483.84166666666664,59.989111819444446,17.40777777777778,17.518333344444443,28.305555555555557,37.00555555555555,-0.11972222222222224,0.0,65.3111111111111,65.19138888888888,483.84166666666664,59.989111819444446,65.19138888888888,0.0,0.5869341833333351,43.33957128274924,0.0,244.31444456666665,49.960861412187015,122.06160105990679,0.12,0.08,0,,28.305555555555557,0.0,65.19138888888888,14.152777777777779,3174.8430284741567,0.0,1587.4215142370783
2022-10-12 15:00:00,15,0,2,False,-0.12444444444444444,19.011111111111113,-0.7533333333333334,37.0,484.5138888888889,59.988361350000005,17.508055555555554,17.633055944444443,19.011111111111113,37.0,-0.12444444444444444,0.0,56.01111111111111,55.88666666666667,484.5138888888889,59.988361350000005,55.88666666666667,0.0,0.5860336200000063,33.94167823844476,0.0,244.31444456666665,49.95931766278372,122.05782945712663,0.12,0.08,0,,19.011111111111113,0.0,55.88666666666667,9.505555555555556,3193.8541395852676,0.0,1596.9270697926338
2022-10-12 16:00:00,16,0,2,False,-0.13472222222222222,7.363888888888889,-0.7863888888888889,37.00833333333333,485.8777777777778,59.99405591666667,17.64222264722222,17.719444816666666,7.363888888888889,37.00833333333333,-0.13472222222222222,0.0,44.37222222222222,44.2375,485.8777777777778,59.99405591666667,44.2375,0.0,0.5928671000000009,16.595718041817957,0.0,244.31444456666665,49.95595773761184,122.0496206746051,0.12,0.08,0,,7.363888888888889,0.0,44.2375,3.6819444444444445,3201.2180284741567,0.0,1600.6090142370783
2022-10-12 17:00:00,17,0,2,False,-0.13055555555555556,-0.175,-0.7825000000000001,37.0,485.46666666666664,60.00388877222222,17.743333458333332,17.844166372222222,0.0,37.0,-0.13055555555555556,0.0,37.0,36.86944444444445,485.46666666666664,60.00388877222222,36.86944444444445,0.0,0.5953334733333377,0.0,0.0,244.31444456666665,49.95731986943828,122.05294855941112,0.12,0.08,0,,0.0,0.0,36.86944444444445,0.0,3201.2180284741567,0.0,1600.6090142370783
2022-10-12 18:00:00,18,0,2,False,-0.1538888888888889,0.0,-0.825,37.0,486.0138888888889,59.99880543888889,17.79583241666667,17.87444416111111,0.0,37.0,-0.1538888888888889,0.0,37.0,36.846111111111114,486.0138888888889,59.99880543888889,36.846111111111114,0.0,0.5985665266666643,0.0,0.0,244.31444456666665,49.949691931210225,122.03431240449737,0.18,0.096,0,,0.0,0.0,36.846111111111114,0.0,3201.2180284741567,0.0,1600.6090142370783
2022-10-12 19:00:00,19,0,2,False,-0.14805555555555555,0.0,-0.82,37.0,485.18888888888887,60.02405508055555,17.79916569166667,17.88722195277778,0.0,37.0,-0.14805555555555555,0.0,37.0,36.85194444444444,485.18888888888887,60.02405508055555,36.85194444444444,0.0,0.5711339033333417,0.0,0.0,244.31444456666665,49.95159891576724,122.03897144322582,0.18,0.096,0,,0.0,0.0,36.85194444444444,0.0,3201.2180284741567,0.0,1600.6090142370783
2022-10-12 20:00:00,20,0,2,False,-0.1463888888888889,0.0,-0.7747222222222222,37.0,484.1333333333333,60.02591626388888,17.79972122777778,17.88138861111111,0.0,37.0,-0.1463888888888889,0.0,37.0,36.853611111111114,484.1333333333333,60.02591626388888,36.853611111111114,0.0,0.5689004833333428,0.0,0.0,244.31444456666665,49.95214376849781,122.04030259714823,0.18,0.096,0,,0.0,0.0,36.853611111111114,0.0,3201.2180284741567,0.0,1600.6090142370783
2022-10-12 21:00:00,21,0,2,False,-0.16333333333333336,0.0,-0.8727777777777778,37.0,487.0861111111111,60.02291616388888,17.80166569166667,17.886944177777778,0.0,37.0,-0.16333333333333336,0.0,37.0,36.836666666666666,487.0861111111111,60.02291616388888,36.836666666666666,0.0,0.5725006033333443,0.0,0.0,244.31444456666665,49.94660443240363,122.02676919893703,0.18,0.096,0,,0.0,0.0,36.836666666666666,0.0,3201.2180284741567,0.0,1600.6090142370783
2022-10-12 22:00:00,22,0,2,False,-0.14833333333333334,0.0,-0.7980555555555554,37.0,485.35833333333335,60.03133316111111,17.819721419444445,17.90361092777778,0.0,37.0,-0.14833333333333334,0.0,37.0,36.85166666666667,485.35833333333335,60.03133316111111,36.85166666666667,0.0,0.5624002066666719,0.0,0.0,244.31444456666665,49.95150810697881,122.03874958423874,0.18,0.096,0,,0.0,0.0,36.85166666666667,0.0,3201.2180284741567,0.0,1600.6090142370783
2022-10-12 23:00:00,23,0,2,False,-0.14472222222222225,0.0,-0.7827777777777778,37.0,484.76666666666665,60.025444144444435,17.84444388888889,17.93888885,0.0,37.0,-0.14472222222222225,0.0,37.0,36.85527777777778,484.76666666666665,60.025444144444435,36.85527777777778,0.0,0.5694670266666776,0.0,0.0,244.31444456666665,49.95268862122839,122.04163375107063,0.12,0.08,0,,0.0,0.0,36.85527777777778,0.0,3201.2180284741567,0.0,1600.6090142370783
2022-10-13 00:00:00,0,0,3,False,-0.1475,0.0,-0.7991666666666666,37.0,485.09444444444443,60.0061941361111,17.83694381388889,17.927222144444446,0.0,37.0,-0.1475,0.0,37.0,36.8525,485.09444444444443,60.0061941361111,36.8525,0.0,0.5925670366666821,0.0,0.0,244.31444456666665,49.9517805333441,122.03941516119995,0.12,0.08,0,,0.0,0.0,36.8525,0.0,3201.2180284741567,0.0,1600.6090142370783
2022-10-13 01:00:00,1,0,3,False,-0.15111111111111114,0.0,-0.7827777777777778,37.0,485.6361111111111,60.01308305555556,17.833054886111114,17.921944325,0.0,37.0,-0.15111111111111114,0.0,37.0,36.84888888888889,485.6361111111111,60.01308305555556,36.84888888888889,0.0,0.5843003333333258,0.0,0.0,244.31444456666665,49.950600019094516,122.03653099436805,0.12,0.08,0,,0.0,0.0,36.84888888888889,0.0,3201.2180284741567,0.0,1600.6090142370783
2022-10-13 02:00:00,2,0,3,False,-0.1361111111111111,0.0,-0.798888888888889,37.0,486.86944444444447,60.012249455555555,17.83944383888889,17.930555452777778,0.0,37.0,-0.1361111111111111,0.0,37.0,36.86388888888889,486.86944444444447,60.012249455555555,36.86388888888889,0.0,0.5853006533333343,0.0,0.0,244.31444456666665,49.9555036936697,122.04851137966978,0.12,0.08,0,,0.0,0.0,36.86388888888889,0.0,3201.2180284741567,0.0,1600.6090142370783
2022-10-13 03:00:00,3,0,3,False,-0.13583333333333333,0.0,-0.7680555555555556,37.0,486.64166666666665,60.00544417500001,17.879166458333334,17.952777736111113,0.0,37.0,-0.13583333333333333,0.0,37.0,36.86416666666667,486.64166666666665,60.00544417500001,36.86416666666667,0.0,0.5934669899999904,0.0,0.0,244.31444456666665,49.955594502458126,122.04873323865684,0.12,0.08,0,,0.0,0.0,36.86416666666667,0.0,3201.2180284741567,0.0,1600.6090142370783
2022-10-13 04:00:00,4,0,3,False,-0.12944444444444445,0.0,-0.7536111111111111,37.0,485.7027777777778,59.990139311111115,17.85777735555556,17.940555522222226,0.0,37.0,-0.12944444444444445,0.0,37.0,36.870555555555555,485.7027777777778,59.990139311111115,36.870555555555555,0.0,0.5881671733333377,0.0,0.0,244.31444456666665,49.95768310459199,122.05383599535939,0.12,0.08,0,,0.0,0.0,36.870555555555555,0.0,3201.2180284741567,0.0,1600.6090142370783
2022-10-13 05:00:00,5,0,3,False,-0.13694444444444445,0.0,-0.7469444444444444,37.0,482.5833333333333,59.98647271944444,17.84694391388889,17.93722217777778,0.0,37.0,-0.13694444444444445,0.0,37.0,36.863055555555555,482.5833333333333,59.98647271944444,36.863055555555555,0.0,0.5837672633333312,0.0,0.0,244.31444456666665,49.955231267304406,122.04784580270855,0.12,0.08,0,,0.0,0.0,36.863055555555555,0.0,3201.2180284741567,0.0,1600.6090142370783
2022-10-13 06:00:00,6,0,3,False,-0.10305555555555555,0.7194444444444444,-0.7380555555555557,37.0,483.7611111111111,59.98408342222222,17.81166579166667,17.914166547222223,0.7194444444444444,37.0,-0.10305555555555555,0.0,37.71944444444444,37.616388888888885,483.7611111111111,59.98408342222222,37.616388888888885,0.0,0.5809001066666638,1.9073569482288828,0.0,244.31444456666665,49.96630993949277,122.0749125991309,0.18,0.096,0,,0.7194444444444444,0.0,37.616388888888885,0.3597222222222222,3201.937472918601,0.0,1600.9687364593005
2022-10-13 07:00:00,7,0,3,False,-0.11305555555555556,9.977777777777778,-0.7161111111111111,37.0,483.6361111111111,59.99241678333333,17.832499333333335,17.92972212777778,9.977777777777778,37.0,-0.11305555555555556,0.0,46.977777777777774,46.86472222222222,483.6361111111111,59.99241678333333,46.86472222222222,0.0,0.5909001399999994,21.239356669820246,0.0,244.31444456666665,49.96304082310932,122.06692567559644,0.18,0.096,0,,9.977777777777778,0.0,46.86472222222222,4.988888888888889,3211.9152506963787,0.0,1605.9576253481894
2022-10-13 08:00:00,8,0,3,False,-0.11944444444444445,21.775,-0.7372222222222221,37.0,482.00555555555553,59.99094504444445,17.906944366666668,17.991666658333333,21.775,37.0,-0.11944444444444445,0.0,58.775,58.65555555555555,482.00555555555553,59.99094504444445,58.65555555555555,0.0,0.5891340533333419,37.048064653339004,0.0,244.31444456666665,49.96095222097544,122.06182291889385,0.18,0.096,0,,21.775,0.0,58.65555555555555,10.8875,3233.690250696379,0.0,1616.8451253481894
2022-10-13 09:00:00,9,0,3,False,-0.11194444444444446,30.122222222222224,-0.7230555555555555,37.0,481.0027777777778,60.001833069444444,18.029999999999998,18.09500013333333,30.122222222222224,37.0,-0.11194444444444446,0.0,67.12222222222222,67.01027777777777,481.0027777777778,60.001833069444444,67.01027777777777,0.0,0.5978003166666667,44.87667604701209,0.0,244.31444456666665,49.96340405826304,122.06781311154472,0.18,0.096,0,,30.122222222222224,0.0,67.01027777777777,15.061111111111112,3263.812472918601,0.0,1631.9062364593005
2022-10-13 10:00:00,10,0,3,False,-0.11972222222222223,34.641666666666666,-0.6969444444444446,37.0,481.72777777777776,59.997722563888885,18.151944905555556,18.24027777222222,34.641666666666666,37.0,-0.11972222222222223,0.0,71.64166666666667,71.52194444444444,481.72777777777776,59.997722563888885,71.52194444444444,0.0,0.5972670766666625,48.35407700360591,0.0,244.31444456666665,49.960861412187015,122.06160105990679,0.18,0.096,0,,34.641666666666666,0.0,71.52194444444444,17.320833333333333,3298.454139585268,0.0,1649.227069792634
2022-10-13 11:00:00,11,0,3,False,-0.1361111111111111,33.858333333333334,-0.8044444444444445,37.0,485.76666666666665,59.989833877777784,18.279999441666668,18.38888871666667,33.858333333333334,37.0,-0.1361111111111111,0.0,70.85833333333333,70.72222222222223,485.76666666666665,59.989833877777784,70.72222222222223,0.0,0.5878006533333405,47.78313536398918,0.0,244.31444456666665,49.9555036936697,122.04851137966978,0.12,0.08,0,,33.858333333333334,0.0,70.72222222222223,16.929166666666667,3332.312472918601,0.0,1666.1562364593005
2022-10-13 12:00:00,12,0,3,False,-0.1272222222222222,37.24722222222222,-0.7791666666666667,37.0,484.51944444444445,59.99799987777779,18.422499897222224,18.519722283333333,37.24722222222222,37.0,-0.1272222222222222,0.0,74.24722222222222,74.12,484.51944444444445,59.99799987777779,74.12,0.0,0.5975998533333439,50.166485839350514,0.0,244.31444456666665,49.95840957489943,122.05561086725594,0.12,0.08,0,,37.24722222222222,0.0,74.12,18.62361111111111,3369.5596951408234,0.0,1684.7798475704117
2022-10-13 13:00:00,13,0,3,False,-0.14194444444444446,34.605555555555554,-0.8241666666666666,37.0,483.5777777777778,60.00763838055555,18.62694484444444,18.715278041666664,34.605555555555554,37.0,-0.14194444444444446,0.0,71.60555555555555,71.4636111111111,483.5777777777778,60.00763838055555,71.4636111111111,0.0,0.5908339433333424,48.328031654899526,0.0,244.31444456666665,49.95359670911268,122.04385234094131,0.12,0.08,0,,34.605555555555554,0.0,71.4636111111111,17.302777777777777,3404.1652506963787,0.0,1702.0826253481894
2022-10-13 14:00:00,14,0,3,False,-0.13583333333333333,28.016666666666666,-0.7994444444444443,37.0,482.725,59.99497250833333,18.85416651388889,18.98222216666667,28.016666666666666,37.0,-0.13583333333333333,0.0,65.01666666666667,64.88083333333333,482.725,59.99497250833333,64.88083333333333,0.0,0.5939670100000001,43.091514996154835,0.0,244.31444456666665,49.955594502458126,122.04873323865684,0.12,0.08,0,,28.016666666666666,0.0,64.88083333333333,14.008333333333333,3432.1819173630456,0.0,1716.0909586815228
2022-10-13 15:00:00,15,0,3,False,-0.13305555555555557,16.836111111111112,-0.7375,37.0,481.53333333333336,59.97355598055557,19.147222455555553,19.250277772222223,16.836111111111112,37.0,-0.13305555555555557,0.0,53.83611111111111,53.70305555555555,481.53333333333336,59.97355598055557,53.70305555555555,0.0,0.56826717666668,31.272896135390333,0.0,244.31444456666665,49.95650259034242,122.05095182852752,0.12,0.08,0,,16.836111111111112,0.0,53.70305555555555,8.418055555555556,3449.018028474157,0.0,1724.5090142370784
2022-10-13 16:00:00,16,0,3,False,-0.15888888888888889,4.588888888888889,-0.8430555555555556,37.0,486.55555555555554,59.98908360555556,19.547778077777775,19.625833419444444,4.588888888888889,37.0,-0.15888888888888889,0.0,41.58888888888889,41.43,486.55555555555554,59.98908360555556,41.43,0.0,0.586900326666668,11.033930002671653,0.0,244.31444456666665,49.9480573730185,122.03031894273013,0.12,0.08,0,,4.588888888888889,0.0,41.43,2.2944444444444443,3453.606917363046,0.0,1726.803458681523
2022-10-13 17:00:00,17,0,3,False,-0.16416666666666668,-0.18888888888888888,-0.8524999999999999,37.0,484.68055555555554,59.99138898055556,19.736944705555555,19.810833097222222,0.0,37.0,-0.16416666666666668,0.0,37.0,36.83583333333333,484.68055555555554,59.99138898055556,36.83583333333333,0.0,0.5896667766666752,0.0,0.0,244.31444456666665,49.94633200603835,122.02610362197584,0.12,0.08,0,,0.0,0.0,36.83583333333333,0.0,3453.606917363046,0.0,1726.803458681523
2022-10-13 18:00:00,18,0,3,False,-0.17361111111111113,-0.03333333333333333,-0.8977777777777779,37.0,484.85555555555555,60.00350014722222,19.701945397222218,19.762777763888888,0.0,37.0,-0.17361111111111113,0.0,37.0,36.826388888888886,484.85555555555555,60.00350014722222,36.826388888888886,0.0,0.595799823333337,0.0,0.0,244.31444456666665,49.94324450723175,122.01856041641551,0.18,0.096,0,,0.0,0.0,36.826388888888886,0.0,3453.606917363046,0.0,1726.803458681523
2022-10-13 19:00:00,19,0,3,False,-0.1752777777777778,0.0,-0.8897222222222223,37.013888888888886,485.5888888888889,60.02233311388888,19.785277122222226,19.86999973888889,0.0,37.013888888888886,-0.1752777777777778,0.0,37.013888888888886,36.838611111111106,485.5888888888889,60.02233311388888,36.838611111111106,0.0,0.573200263333348,0.0,0.0,244.31444456666665,49.942699654501176,122.01722926249309,0.18,0.096,0,,0.0,0.0,36.838611111111106,0.0,3453.606917363046,0.0,1726.803458681523
2022-10-13 20:00:00,20,0,3,False,-0.18138888888888888,0.0,-0.891111111111111,37.0,485.15,60.00186091666668,19.908333222222225,20.000833325,0.0,37.0,-0.18138888888888888,0.0,37.0,36.81861111111111,485.15,60.00186091666668,36.81861111111111,0.0,0.5977668999999849,0.0,0.0,244.31444456666665,49.94070186115574,122.0123483647776,0.18,0.096,0,,0.0,0.0,36.81861111111111,0.0,3453.606917363046,0.0,1726.803458681523
2022-10-13 21:00:00,21,0,3,False,-0.17027777777777778,0.0,-0.8497222222222222,37.0,485.51666666666665,60.00425008055555,19.903888880555563,19.997499972222222,0.0,37.0,-0.17027777777777778,0.0,37.0,36.82972222222222,485.51666666666665,60.00425008055555,36.82972222222222,0.0,0.5948999033333393,0.0,0.0,244.31444456666665,49.9443342126929,122.02122272426033,0.18,0.096,0,,0.0,0.0,36.82972222222222,0.0,3453.606917363046,0.0,1726.803458681523
2022-10-13 22:00:00,22,0,3,False,-0.1716666666666667,0.0,-0.8741666666666664,37.0,486.78333333333336,60.015416530555555,19.91527777777778,19.998333319444445,0.0,37.0,-0.1716666666666667,0.0,37.0,36.82833333333333,486.78333333333336,60.015416530555555,36.82833333333333,0.0,0.5815001633333338,0.0,0.0,244.31444456666665,49.94388016875076,122.020113429325,0.18,0.096,0,,0.0,0.0,36.82833333333333,0.0,3453.606917363046,0.0,1726.803458681523
2022-10-13 23:00:00,23,0,3,False,-0.16972222222222225,0.0,-0.8441666666666666,37.0,486.5,60.01755521388888,19.991944444444446,20.049166694444445,0.0,37.0,-0.16972222222222225,0.0,37.0,36.83027777777778,486.5,60.01755521388888,36.83027777777778,0.0,0.57893374333334,0.0,0.0,244.31444456666665,49.944515830269765,122.02166644223448,0.12,0.08,0,,0.0,0.0,36.83027777777778,0.0,3453.606917363046,0.0,1726.803458681523
2022-10-14 00:00:00,0,0,4,False,-0.1752777777777778,0.0,-0.9030555555555556,37.0,486.73333333333335,60.01111070833334,19.943333333333335,20.022499994444445,0.0,37.0,-0.1752777777777778,0.0,37.0,36.82472222222222,486.73333333333335,60.01111070833334,36.82472222222222,0.0,0.586667149999991,0.0,0.0,244.31444456666665,49.942699654501176,122.01722926249309,0.12,0.08,0,,0.0,0.0,36.82472222222222,0.0,3453.606917363046,0.0,1726.803458681523
2022-10-14 01:00:00,1,0,4,False,-0.1625,0.0,-0.8397222222222221,37.0,487.23333333333335,60.000611008333344,19.85888847777778,19.934722150000002,0.0,37.0,-0.1625,0.0,37.0,36.8375,487.23333333333335,60.000611008333344,36.8375,0.0,0.5992667899999873,0.0,0.0,244.31444456666665,49.946876858768924,122.02743477589826,0.12,0.08,0,,0.0,0.0,36.8375,0.0,3453.606917363046,0.0,1726.803458681523
2022-10-14 02:00:00,2,0,4,False,-0.1661111111111111,0.0,-0.8388888888888889,37.0,485.9638888888889,59.99377786388888,19.806665775000006,19.89305535277778,0.0,37.0,-0.1661111111111111,0.0,37.0,36.833888888888886,485.9638888888889,59.99377786388888,36.833888888888886,0.0,0.5925334366666561,0.0,0.0,244.31444456666665,49.94569634451934,122.02455060906635,0.12,0.08,0,,0.0,0.0,36.833888888888886,0.0,3453.606917363046,0.0,1726.803458681523
2022-10-14 03:00:00,3,0,4,False,-0.14805555555555558,0.0,-0.825,37.0,484.6638888888889,59.99561146388889,19.76361083888889,19.833333097222223,0.0,37.0,-0.14805555555555558,0.0,37.0,36.85194444444444,484.6638888888889,59.99561146388889,36.85194444444444,0.0,0.5947337566666704,0.0,0.0,244.31444456666665,49.95159891576724,122.03897144322582,0.12,0.08,0,,0.0,0.0,36.85194444444444,0.0,3453.606917363046,0.0,1726.803458681523
2022-10-14 04:00:00,4,0,4,False,-0.15,0.0,-0.7483333333333334,37.0,481.71944444444443,59.989722755555555,19.730000399999998,19.798055400000003,0.0,37.0,-0.15,0.0,37.0,36.85,481.71944444444443,59.989722755555555,36.85,0.0,0.5876673066666654,0.0,0.0,244.31444456666665,49.95096325424824,122.03741843031634,0.12,0.08,0,,0.0,0.0,36.85,0.0,3453.606917363046,0.0,1726.803458681523
2022-10-14 05:00:00,5,0,4,False,-0.135,0.0,-0.7391666666666667,37.0,482.85,59.967611341666675,19.758610938888886,19.825277411111113,0.0,37.0,-0.135,0.0,37.0,36.865,482.85,59.967611341666675,36.865,0.0,0.5611336100000102,0.0,0.0,244.31444456666665,49.95586692882341,122.04939881561803,0.12,0.08,0,,0.0,0.0,36.865,0.0,3453.606917363046,0.0,1726.803458681523
2022-10-14 06:00:00,6,0,4,False,-0.14250000000000002,0.6777777777777778,-0.8350000000000001,37.0,484.7055555555556,59.97483333055556,19.710834116666664,19.787222030555554,0.6777777777777778,37.0,-0.14250000000000002,0.0,37.67777777777778,37.53527777777778,484.7055555555556,59.97483333055556,37.53527777777778,0.0,0.5697999966666742,1.7988793866116193,0.0,244.31444456666665,49.953415091535824,122.04340862296719,0.18,0.096,0,,0.6777777777777778,0.0,37.53527777777778,0.3388888888888889,3454.2846951408237,0.0,1727.1423475704119
2022-10-14 07:00:00,7,0,4,False,-0.14305555555555555,10.175,-0.8047222222222223,37.0,481.65277777777777,60.000472269444444,19.72138946111111,19.807221994444443,10.175,37.0,-0.14305555555555555,0.0,47.175,47.03194444444444,481.65277777777777,60.000472269444444,47.03194444444444,0.0,0.5994332766666673,21.568627450980397,0.0,244.31444456666665,49.95323347395897,122.04296490499306,0.18,0.096,0,,10.175,0.0,47.03194444444444,5.0875,3464.459695140824,0.0,1732.229847570412
2022-10-14 08:00:00,8,0,4,False,-0.1363888888888889,21.65,-0.761388888888889,37.0,479.725,60.01105506944444,19.825832613888892,19.901666472222225,21.65,37.0,-0.1363888888888889,0.0,58.65,58.51361111111111,479.725,60.01105506944444,58.51361111111111,0.0,0.5867339166666738,36.91389599317988,0.0,244.31444456666665,49.95541288488126,122.04828952068269,0.18,0.096,0,,21.65,0.0,58.51361111111111,10.825,3486.109695140824,0.0,1743.054847570412
2022-10-14 09:00:00,9,0,4,False,-0.12555555555555556,30.72222222222222,-0.7086111111111111,37.0,481.06111111111113,60.00433292222222,19.949444441666667,20.035555580555556,30.72222222222222,37.0,-0.12555555555555556,0.0,67.72222222222223,67.59666666666668,481.06111111111113,60.00433292222222,67.59666666666668,0.0,0.594800493333338,45.3650533223954,0.0,244.31444456666665,49.958954427630005,122.05694202117836,0.18,0.096,0,,30.72222222222222,0.0,67.59666666666668,15.36111111111111,3516.831917363046,0.0,1758.415958681523
2022-10-14 10:00:00,10,0,4,False,-0.1338888888888889,33.272222222222226,-0.7605555555555555,37.0,482.56666666666666,60.003999658333335,20.084166666666665,20.14194467222222,33.272222222222226,37.0,-0.1338888888888889,0.0,70.27222222222223,70.13833333333334,482.56666666666666,60.003999658333335,70.13833333333334,0.0,0.5952004099999982,47.347616412364616,0.0,244.31444456666665,49.956230163977125,122.05028625156629,0.18,0.096,0,,33.272222222222226,0.0,70.13833333333334,16.636111111111113,3550.1041395852685,0.0,1775.0520697926343
2022-10-14 11:00:00,11,0,4,False,-0.14166666666666666,38.225,-0.7838888888888889,37.01111111111111,483.9,60.00866633333333,20.147222694444444,20.236389016666667,38.225,37.01111111111111,-0.14166666666666666,0.0,75.23611111111111,75.09444444444445,483.9,60.00866633333333,75.09444444444445,0.0,0.5896004000000034,50.806719586486984,0.0,244.31444456666665,49.95368751790111,122.04407419992837,0.12,0.08,0,,38.225,0.0,75.09444444444445,19.1125,3588.3291395852684,0.0,1794.1645697926342
2022-10-14 12:00:00,12,0,4,False,-0.1386111111111111,35.61666666666667,-0.8052777777777778,37.0,482.7055555555556,60.00458317777777,20.252499975,20.34833308055556,35.61666666666667,37.0,-0.1386111111111111,0.0,72.61666666666667,72.47805555555556,482.7055555555556,60.00458317777777,72.47805555555556,0.0,0.5945001866666786,49.04750975441817,0.0,244.31444456666665,49.954686414573835,122.04651464878614,0.12,0.08,0,,35.61666666666667,0.0,72.47805555555556,17.808333333333334,3623.945806251935,0.0,1811.9729031259676
2022-10-14 13:00:00,13,0,4,False,-0.13638888888888892,34.90833333333333,-0.7783333333333333,37.0,481.56388888888887,59.99658335555556,20.39611104444445,20.467222205555558,34.90833333333333,37.0,-0.13638888888888892,0.0,71.90833333333333,71.77194444444444,481.56388888888887,59.99658335555556,71.77194444444444,0.0,0.5959000266666692,48.54560203963379,0.0,244.31444456666665,49.95541288488126,122.04828952068269,0.12,0.08,0,,34.90833333333333,0.0,71.77194444444444,17.454166666666666,3658.8541395852685,0.0,1829.4270697926343
2022-10-14 14:00:00,14,0,4,False,-0.14861111111111114,28.958333333333332,-0.7977777777777777,37.0,481.89166666666665,60.010165980555556,20.48388888888889,20.58722238611111,28.958333333333332,37.0,-0.14861111111111114,0.0,65.95833333333333,65.80972222222222,481.89166666666665,60.010165980555556,65.80972222222222,0.0,0.5878008233333333,43.90397978521794,0.0,244.31444456666665,49.95141729819038,122.03852772525167,0.12,0.08,0,,28.958333333333332,0.0,65.80972222222222,14.479166666666666,3687.812472918602,0.0,1843.906236459301
2022-10-14 15:00:00,15,0,4,False,-0.15694444444444447,19.288888888888888,-0.8347222222222223,37.013888888888886,482.2416666666667,59.99011103055555,20.594444552777777,20.683334052777774,19.288888888888888,37.013888888888886,-0.15694444444444447,0.0,56.30277777777778,56.145833333333336,482.2416666666667,59.99011103055555,56.145833333333336,0.0,0.5881332366666641,34.25921357738418,0.0,244.31444456666665,49.948693034537506,122.03187195563962,0.12,0.08,0,,19.288888888888888,0.0,56.145833333333336,9.644444444444444,3707.101361807491,0.0,1853.5506809037454
2022-10-14 16:00:00,16,0,4,False,-0.15250000000000002,7.205555555555556,-0.773888888888889,37.0,485.35555555555555,59.97830618611112,20.691389802777774,20.741111394444445,7.205555555555556,37.0,-0.15250000000000002,0.0,44.205555555555556,44.05305555555555,485.35555555555555,59.97830618611112,44.05305555555555,0.0,0.5739674233333432,16.300113107955262,0.0,244.31444456666665,49.950145975152374,122.03542169943272,0.12,0.08,0,,7.205555555555556,0.0,44.05305555555555,3.602777777777778,3714.3069173630465,0.0,1857.1534586815233
2022-10-14 17:00:00,17,0,4,False,-0.17250000000000001,-0.2222222222222222,-0.8997222222222222,37.0,485.75,59.97550021666668,20.698056536111107,20.740000238888886,0.0,37.0,-0.17250000000000001,0.0,37.0,36.8275,485.75,59.97550021666668,36.8275,0.0,0.5706002600000175,0.0,0.0,244.31444456666665,49.94360774238547,122.01944785236377,0.12,0.08,0,,0.0,0.0,36.8275,0.0,3714.3069173630465,0.0,1857.1534586815233
2022-10-14 18:00:00,18,0,4,False,-0.1677777777777778,0.0,-0.8299999999999998,37.0,484.2111111111111,59.996750211111106,20.668334016666662,20.696389455555554,0.0,37.0,-0.1677777777777778,0.0,37.0,36.83222222222222,484.2111111111111,59.996750211111106,36.83222222222222,0.0,0.5961002533333272,0.0,0.0,244.31444456666665,49.945151491788764,122.02321945514394,0.18,0.096,0,,0.0,0.0,36.83222222222222,0.0,3714.3069173630465,0.0,1857.1534586815233
2022-10-14 19:00:00,19,0,4,False,-0.1663888888888889,0.0,-0.8799999999999999,37.0,484.4583333333333,60.03252753055555,20.60027778055555,20.653333888888888,0.0,37.0,-0.1663888888888889,0.0,37.0,36.83361111111111,484.4583333333333,60.03252753055555,36.83361111111111,0.0,0.5609669633333425,0.0,0.0,244.31444456666665,49.94560553573091,122.02432875007929,0.18,0.096,0,,0.0,0.0,36.83361111111111,0.0,3714.3069173630465,0.0,1857.1534586815233
2022-10-14 20:00:00,20,0,4,False,-0.16666666666666666,0.0,-0.8788888888888888,37.0,486.24444444444447,60.04369431944444,20.533055555555556,20.595278041666667,0.0,37.0,-0.16666666666666666,0.0,37.0,36.833333333333336,486.24444444444447,60.04369431944444,36.833333333333336,0.0,0.5475668166666707,0.0,0.0,244.31444456666665,49.945514726942484,122.02410689109223,0.18,0.096,0,,0.0,0.0,36.833333333333336,0.0,3714.3069173630465,0.0,1857.1534586815233
2022-10-14 21:00:00,21,0,4,False,-0.15833333333333333,0.0,-0.8288888888888888,37.0,486.7027777777778,60.03552753611111,20.478055555555557,20.551666755555555,0.0,37.0,-0.15833333333333333,0.0,37.0,36.84166666666667,486.7027777777778,60.03552753611111,36.84166666666667,0.0,0.5573669566666666,0.0,0.0,244.31444456666665,49.94823899059536,122.03076266070427,0.18,0.096,0,,0.0,0.0,36.84166666666667,0.0,3714.3069173630465,0.0,1857.1534586815233
2022-10-14 22:00:00,22,0,4,False,-0.15861111111111112,0.0,-0.815,37.0,485.475,60.02433298888888,20.41277777777778,20.47666664722222,0.0,37.0,-0.15861111111111112,0.0,37.0,36.841388888888886,485.475,60.02433298888888,36.841388888888886,0.0,0.5708004133333446,0.0,0.0,244.31444456666665,49.94814818180693,122.03054080171721,0.18,0.096,0,,0.0,0.0,36.841388888888886,0.0,3714.3069173630465,0.0,1857.1534586815233
2022-10-14 23:00:00,23,0,4,False,-0.14777777777777779,0.0,-0.7825,37.0,481.28055555555557,60.02044424444444,20.269444330555555,20.32833306388889,0.0,37.0,-0.14777777777777779,0.0,37.0,36.852222222222224,481.28055555555557,60.02044424444444,36.852222222222224,0.0,0.5754669066666708,0.0,0.0,244.31444456666665,49.95168972455567,122.03919330221288,0.12,0.08,0,,0.0,0.0,36.852222222222224,0.0,3714.3069173630465,0.0,1857.1534586815233
2022-10-15 00:00:00,0,0,5,True,-0.1475,0.0,-0.8002777777777779,37.0,481.275,60.01922172499999,20.17444518055555,20.23361118888889,0.0,37.0,-0.1475,0.0,37.0,36.8525,481.275,60.01922172499999,36.8525,0.0,0.5769339300000155,0.0,0.0,244.31444456666665,49.9517805333441,122.03941516119995,0.12,0.08,0,,0.0,0.0,36.8525,0.0,3714.3069173630465,0.0,1857.1534586815233
2022-10-15 01:00:00,1,0,5,True,-0.1436111111111111,0.0,-0.7772222222222223,37.0,481.7472222222222,60.01552724166667,20.066111163888888,20.123611341666663,0.0,37.0,-0.1436111111111111,0.0,37.0,36.85638888888889,481.7472222222222,60.01552724166667,36.85638888888889,0.0,0.5813673099999989,0.0,0.0,244.31444456666665,49.9530518563821,122.04252118701889,0.12,0.08,0,,0.0,0.0,36.85638888888889,0.0,3714.3069173630465,0.0,1857.1534586815233
2022-10-15 02:00:00,2,0,5,True,-0.14027777777777778,0.0,-0.7752777777777778,37.0,483.3777777777778,60.008249633333335,20.029722222222222,20.077222252777776,0.0,37.0,-0.14027777777777778,0.0,37.0,36.859722222222224,483.3777777777778,60.008249633333335,36.859722222222224,0.0,0.5901004399999976,0.0,0.0,244.31444456666665,49.95414156184326,122.04518349486374,0.12,0.08,0,,0.0,0.0,36.859722222222224,0.0,3714.3069173630465,0.0,1857.1534586815233
2022-10-15 03:00:00,3,0,5,True,-0.1175,0.0,-0.763611111111111,37.0,482.31388888888887,59.99444462777778,19.92166665277778,19.99027776666667,0.0,37.0,-0.1175,0.0,37.0,36.8825,482.31388888888887,59.99444462777778,36.8825,0.0,0.5933335533333377,0.0,0.0,244.31444456666665,49.96158788249445,122.06337593180335,0.12,0.08,0,,0.0,0.0,36.8825,0.0,3714.3069173630465,0.0,1857.1534586815233
2022-10-15 04:00:00,4,0,5,True,-0.11416666666666665,0.0,-0.7008333333333334,37.0,481.8611111111111,59.978278016666664,19.83916605555556,19.91861096388889,0.0,37.0,-0.11416666666666665,0.0,37.0,36.88583333333333,481.8611111111111,59.978278016666664,36.88583333333333,0.0,0.5739336199999968,0.0,0.0,244.31444456666665,49.9626775879556,122.06603823964818,0.12,0.08,0,,0.0,0.0,36.88583333333333,0.0,3714.3069173630465,0.0,1857.1534586815233
2022-10-15 05:00:00,5,0,5,True,-0.1238888888888889,0.0,-0.7533333333333333,37.0,481.4555555555556,59.98402815833333,19.716945105555553,19.782222183333335,0.0,37.0,-0.1238888888888889,0.0,37.0,36.87611111111111,481.4555555555556,59.98402815833333,36.87611111111111,0.0,0.5808337899999969,0.0,0.0,244.31444456666665,49.95949928036058,122.05827317510078,0.12,0.08,0,,0.0,0.0,36.87611111111111,0.0,3714.3069173630465,0.0,1857.1534586815233
2022-10-15 06:00:00,6,0,5,True,-0.10583333333333336,0.6861111111111111,-0.7144444444444445,37.0,485.09722222222223,59.98058391111112,19.640555977777776,19.67500057222222,0.6861111111111111,37.0,-0.10583333333333336,0.0,37.68611111111111,37.58027777777777,485.09722222222223,59.98058391111112,37.58027777777777,0.0,0.576700693333342,1.820594088597332,0.0,244.31444456666665,49.965401851608476,122.07269400926022,0.18,0.096,0,,0.6861111111111111,0.0,37.58027777777777,0.34305555555555556,3714.9930284741577,0.0,1857.4965142370788
2022-10-15 07:00:00,7,0,5,True,-0.11916666666666666,10.48611111111111,-0.7766666666666667,37.0,484.3388888888889,60.00050004444444,19.581111119444444,19.633333719444444,10.48611111111111,37.0,-0.11916666666666666,0.0,47.486111111111114,47.36694444444445,484.3388888888889,60.00050004444444,47.36694444444445,0.0,0.5993999466666678,22.0824802573852,0.0,244.31444456666665,49.96104302976388,122.06204477788094,0.18,0.096,0,,10.48611111111111,0.0,47.36694444444445,5.243055555555555,3725.479139585269,0.0,1862.7395697926345
2022-10-15 08:00:00,8,0,5,True,-0.10055555555555556,22.380555555555556,-0.6933333333333334,37.0,483.4638888888889,60.00530513611111,19.638333716666665,19.69083388611111,22.380555555555556,37.0,-0.10055555555555556,0.0,59.38055555555556,59.28,483.4638888888889,60.00530513611111,59.28,0.0,0.593633836666666,37.690040697946394,0.0,244.31444456666665,49.96712721858863,122.07690933001453,0.18,0.096,0,,22.380555555555556,0.0,59.28,11.190277777777778,3747.8596951408244,0.0,1873.9298475704122
2022-10-15 09:00:00,9,0,5,True,-0.10750000000000001,31.005555555555556,-0.7019444444444444,37.0,482.1666666666667,60.00555548333333,19.768055236111113,19.8430554,31.005555555555556,37.0,-0.10750000000000001,0.0,68.00555555555556,67.89805555555556,482.1666666666667,60.00555548333333,67.89805555555556,0.0,0.5933334200000019,45.59268033657381,0.0,244.31444456666665,49.9648569988779,122.07136285533781,0.18,0.096,0,,31.005555555555556,0.0,67.89805555555556,15.502777777777778,3778.86525069638,0.0,1889.43262534819
2022-10-15 10:00:00,10,0,5,True,-0.09694444444444444,36.49444444444445,-0.6736111111111112,37.0,481.09722222222223,59.996194666666675,19.886944294444447,19.986111072222222,36.49444444444445,37.0,-0.09694444444444444,0.0,73.49444444444444,73.3975,481.09722222222223,59.996194666666675,73.3975,0.0,0.5954336000000097,49.65605865900674,0.0,244.31444456666665,49.96830773283821,122.07979349684642,0.18,0.096,0,,36.49444444444445,0.0,73.3975,18.247222222222224,3815.3596951408244,0.0,1907.6798475704122
2022-10-15 11:00:00,11,0,5,True,-0.09833333333333336,38.69722222222222,-0.6777777777777778,37.0,481.225,59.996083527777785,19.98138888888889,20.07555559722222,38.69722222222222,37.0,-0.09833333333333336,0.0,75.69722222222222,75.5988888888889,481.225,59.996083527777785,75.5988888888889,0.0,0.5953002333333416,51.12105977762283,0.0,244.31444456666665,49.967853688896064,122.07868420191107,0.12,0.08,0,,38.69722222222222,0.0,75.5988888888889,19.34861111111111,3854.0569173630465,0.0,1927.0284586815233
2022-10-15 12:00:00,12,0,5,True,-0.10277777777777777,38.34166666666667,-0.7061111111111111,37.022222222222226,480.18333333333334,60.00166652777778,20.07805555555555,20.157222547222222,38.34166666666667,37.022222222222226,-0.10277777777777777,0.0,75.3638888888889,75.26111111111112,480.18333333333334,60.00166652777778,75.26111111111112,0.0,0.5980001666666652,50.875382403892225,0.0,244.31444456666665,49.966400748281195,122.07513445811797,0.12,0.08,0,,38.34166666666667,0.0,75.26111111111112,19.170833333333334,3892.398584029713,0.0,1946.1992920148566
2022-10-15 13:00:00,13,0,5,True,-0.11611111111111112,34.56944444444444,-0.7186111111111112,37.03055555555556,483.59444444444443,59.99575030555555,20.149722719444444,20.23277786388889,34.56944444444444,37.03055555555556,-0.11611111111111112,0.0,71.6,71.48388888888888,483.59444444444443,59.99575030555555,71.48388888888888,0.0,0.5949003666666641,48.28134698944755,0.0,244.31444456666665,49.9620419264366,122.06448522673868,0.12,0.08,0,,34.56944444444444,0.0,71.48388888888888,17.28472222222222,3926.9680284741576,0.0,1963.4840142370788
2022-10-15 14:00:00,14,0,5,True,-0.11777777777777777,28.06111111111111,-0.6975,37.0,482.125,59.97938955277778,20.273611030555557,20.37749984166667,28.06111111111111,37.0,-0.11777777777777777,0.0,65.0611111111111,64.94333333333333,482.125,59.97938955277778,64.94333333333333,0.0,0.5752674633333384,43.13039023140637,0.0,244.31444456666665,49.96149707370602,122.06315407281627,0.12,0.08,0,,28.06111111111111,0.0,64.94333333333333,14.030555555555555,3955.0291395852687,0.0,1977.5145697926343
2022-10-15 15:00:00,15,0,5,True,-0.12055555555555557,11.908333333333333,-0.7436111111111111,37.0,481.525,59.98752824722222,20.329165958333334,20.404166566666667,11.908333333333333,37.0,-0.12055555555555557,0.0,48.90833333333333,48.78777777777778,481.525,59.98752824722222,48.78777777777778,0.0,0.5850338966666669,24.348270574203443,0.0,244.31444456666665,49.96058898582173,122.0609354829456,0.12,0.08,0,,11.908333333333333,0.0,48.78777777777778,5.954166666666667,3966.937472918602,0.0,1983.468736459301
2022-10-15 16:00:00,16,0,5,True,-0.12944444444444447,0.8527777777777777,-0.7811111111111111,37.0,484.0444444444444,59.99588919444444,20.27944388888889,20.35277743888889,0.8527777777777777,37.0,-0.12944444444444447,0.0,37.852777777777774,37.72333333333333,484.0444444444444,59.99588919444444,37.72333333333333,0.0,0.5950670333333249,2.252880311146988,0.0,244.31444456666665,49.95768310459199,122.05383599535939,0.12,0.08,0,,0.8527777777777777,0.0,37.72333333333333,0.4263888888888889,3967.7902506963796,0.0,1983.8951253481898
2022-10-15 17:00:00,17,0,5,True,-0.14166666666666666,0.0,-0.7822222222222223,37.0,485.3388888888889,60.00080563611111,20.212778522222216,20.300832930555558,0.0,37.0,-0.14166666666666666,0.0,37.0,36.858333333333334,485.3388888888889,60.00080563611111,36.858333333333334,0.0,0.5990332366666677,0.0,0.0,244.31444456666665,49.95368751790111,122.04407419992837,0.12,0.08,0,,0.0,0.0,36.858333333333334,0.0,3967.7902506963796,0.0,1983.8951253481898
2022-10-15 18:00:00,18,0,5,True,-0.1375,0.0,-0.8105555555555556,37.0,487.075,59.985611508333335,20.169167358333333,20.246944430555555,0.0,37.0,-0.1375,0.0,37.0,36.8625,487.075,59.985611508333335,36.8625,0.0,0.582733810000002,0.0,0.0,244.31444456666665,49.95504964972755,122.04740208473441,0.18,0.096,0,,0.0,0.0,36.8625,0.0,3967.7902506963796,0.0,1983.8951253481898
2022-10-15 19:00:00,19,0,5,True,-0.1338888888888889,0.0,-0.7591666666666667,37.0,487.1722222222222,60.00574963333333,20.105000049999997,20.17777815555555,0.0,37.0,-0.1338888888888889,0.0,37.0,36.86611111111111,487.1722222222222,60.00574963333333,36.86611111111111,0.0,0.5931004400000034,0.0,0.0,244.31444456666665,49.956230163977125,122.05028625156629,0.18,0.096,0,,0.0,0.0,36.86611111111111,0.0,3967.7902506963796,0.0,1983.8951253481898
2022-10-15 20:00:00,20,0,5,True,-0.13805555555555557,0.0,-0.7899999999999999,37.0,485.53333333333336,60.01844389722222,20.035833333333333,20.097500124999996,0.0,37.0,-0.13805555555555557,0.0,37.0,36.86194444444445,485.53333333333336,60.01844389722222,36.86194444444445,0.0,0.5778673233333365,0.0,0.0,244.31444456666665,49.95486803215069,122.04695836676028,0.18,0.096,0,,0.0,0.0,36.86194444444445,0.0,3967.7902506963796,0.0,1983.8951253481898
2022-10-15 21:00:00,21,0,5,True,-0.12833333333333335,0.0,-0.7769444444444444,37.0,486.0138888888889,60.011471638888885,19.997500000000002,20.075277827777775,0.0,37.0,-0.12833333333333335,0.0,37.0,36.87166666666667,486.0138888888889,60.011471638888885,36.87166666666667,0.0,0.5862340333333378,0.0,0.0,244.31444456666665,49.958046339745714,122.05472343130768,0.18,0.096,0,,0.0,0.0,36.87166666666667,0.0,3967.7902506963796,0.0,1983.8951253481898
2022-10-15 22:00:00,22,0,5,True,-0.12972222222222224,0.0,-0.7894444444444444,37.0,484.875,60.00652752777777,19.978055555555557,20.063055605555554,0.0,37.0,-0.12972222222222224,0.0,37.0,36.87027777777778,484.875,60.00652752777777,36.87027777777778,0.0,0.5921669666666759,0.0,0.0,244.31444456666665,49.957592295803565,122.05361413637233,0.18,0.096,0,,0.0,0.0,36.87027777777778,0.0,3967.7902506963796,0.0,1983.8951253481898
2022-10-15 23:00:00,23,0,5,True,-0.12166666666666666,0.0,-0.7238888888888889,37.0,481.4638888888889,60.00711088055555,19.902222222222225,19.98333331388889,0.0,37.0,-0.12166666666666666,0.0,37.0,36.87833333333333,481.4638888888889,60.00711088055555,36.87833333333333,0.0,0.5914669433333387,0.0,0.0,244.31444456666665,49.960225750668016,122.06004804699732,0.12,0.08,0,,0.0,0.0,36.87833333333333,0.0,3967.7902506963796,0.0,1983.8951253481898
2022-10-16 00:00:00,0,0,6,True,-0.11055555555555557,0.0,-0.7377777777777779,37.0,483.1638888888889,60.00541643333333,19.83333266666667,19.908333169444443,0.0,37.0,-0.11055555555555557,0.0,37.0,36.88944444444444,483.1638888888889,60.00541643333333,36.88944444444444,0.0,0.5935002800000034,0.0,0.0,244.31444456666665,49.96385810220518,122.06892240648006,0.12,0.08,0,,0.0,0.0,36.88944444444444,0.0,3967.7902506963796,0.0,1983.8951253481898
2022-10-16 01:00:00,1,0,6,True,-0.1113888888888889,0.0,-0.6997222222222222,37.0,484.56666666666666,59.99336142222223,19.77249955,19.82027750555556,0.0,37.0,-0.1113888888888889,0.0,37.0,36.88861111111111,484.56666666666666,59.99336142222223,36.88861111111111,0.0,0.5920337066666747,0.0,0.0,244.31444456666665,49.963585675839894,122.06825682951886,0.12,0.08,0,,0.0,0.0,36.88861111111111,0.0,3967.7902506963796,0.0,1983.8951253481898
2022-10-16 02:00:00,2,0,6,True,-0.11027777777777778,0.0,-0.7330555555555555,37.0,485.7916666666667,60.00649982499999,19.697778755555554,19.734722547222223,0.0,37.0,-0.11027777777777778,0.0,37.0,36.889722222222225,485.7916666666667,60.00649982499999,36.889722222222225,0.0,0.59220021000001,0.0,0.0,244.31444456666665,49.96394891099361,122.06914426546712,0.12,0.08,0,,0.0,0.0,36.889722222222225,0.0,3967.7902506963796,0.0,1983.8951253481898
2022-10-16 03:00:00,3,0,6,True,-0.10952380952380952,0.0,-0.7294117647058823,37.0,484.8207282913165,60.00364101120448,19.62128874229692,19.65294166106442,0.0,37.0,-0.10952380952380952,0.0,37.0,36.89047619047619,484.8207282913165,60.00364101120448,36.89047619047619,0.0,0.595630786554625,0.0,0.0,244.31444456666665,49.96419539199078,122.06974645414633,0.12,0.08,0,,0.0,0.0,36.89047619047619,0.0,3967.7902506963796,0.0,1983.8951253481898
2022-10-16 04:00:00,4,0,6,True,-0.10333333333333335,0.0,-0.7313888888888891,37.0,482.80555555555554,59.9778336138889,19.511944444444442,19.56916678888889,0.0,37.0,-0.10333333333333335,0.0,37.0,36.89666666666667,482.80555555555554,59.9778336138889,36.89666666666667,0.0,0.5734003366666769,0.0,0.0,244.31444456666665,49.96621913070434,122.07469074014384,0.12,0.08,0,,0.0,0.0,36.89666666666667,0.0,3967.7902506963796,0.0,1983.8951253481898
2022-10-16 05:00:00,5,0,6,True,-0.1038888888888889,0.0,-0.6869444444444445,37.0,481.7861111111111,59.980055750000005,19.42361111111111,19.48555556666667,0.0,37.0,-0.1038888888888889,0.0,37.0,36.89611111111111,481.7861111111111,59.980055750000005,36.89611111111111,0.0,0.5760669000000064,0.0,0.0,244.31444456666665,49.96603751312748,122.0742470221697,0.12,0.08,0,,0.0,0.0,36.89611111111111,0.0,3967.7902506963796,0.0,1983.8951253481898
2022-10-16 06:00:00,6,0,6,True,-0.08861111111111111,0.005555555555555556,-0.6919444444444445,37.0,485.18611111111113,59.982250500000006,19.361944063888888,19.40722219166667,0.005555555555555556,37.0,-0.08861111111111111,0.0,37.00555555555555,36.91694444444444,485.18611111111113,59.982250500000006,36.91694444444444,0.0,0.5787006000000076,0.015012760846719713,0.0,244.31444456666665,49.971031996491085,122.08644926645846,0.18,0.096,0,,0.005555555555555556,0.0,36.91694444444444,0.002777777777777778,3967.795806251935,0.0,1983.8979031259676
2022-10-16 07:00:00,7,0,6,True,-0.09777777777777778,7.638888888888889,-0.7188888888888889,37.0,487.0388888888889,60.01588820555555,19.296110205555557,19.35749970277778,7.638888888888889,37.0,-0.09777777777777778,0.0,44.638888888888886,44.54111111111111,487.0388888888889,60.01588820555555,44.54111111111111,0.0,0.5809341533333423,17.112632233976356,0.0,244.31444456666665,49.96803530647292,122.0791279198852,0.18,0.096,0,,7.638888888888889,0.0,44.54111111111111,3.8194444444444446,3975.434695140824,0.0,1987.717347570412
2022-10-16 08:00:00,8,0,6,True,-0.095,21.677777777777777,-0.6763888888888889,37.0,487.46666666666664,59.99638903333334,19.299999100000004,19.369721958333336,21.677777777777777,37.0,-0.095,0.0,58.67777777777778,58.58277777777778,487.46666666666664,59.99638903333334,58.58277777777778,0.0,0.595666840000004,36.943760651391784,0.0,244.31444456666665,49.96894339435722,122.0813465097559,0.18,0.096,0,,21.677777777777777,0.0,58.58277777777778,10.838888888888889,3997.1124729186017,0.0,1998.5562364593009
2022-10-16 09:00:00,9,0,6,True,-0.08249999999999999,30.63888888888889,-0.6683333333333334,37.0,487.0805555555556,59.98891708333334,19.35194396388889,19.408055450000003,30.63888888888889,37.0,-0.08249999999999999,0.0,67.63888888888889,67.55638888888889,487.0805555555556,59.98891708333334,67.55638888888889,0.0,0.5867005000000091,45.29774127310062,0.0,244.31444456666665,49.97302978983653,122.09133016417398,0.18,0.096,0,,30.63888888888889,0.0,67.55638888888889,15.319444444444445,4027.7513618074904,0.0,2013.8756809037452
2022-10-16 10:00:00,10,0,6,True,-0.09333333333333334,33.96388888888889,-0.6519444444444444,37.0,482.9638888888889,60.00674970277778,19.371110822222224,19.455833316666666,33.96388888888889,37.0,-0.09333333333333334,0.0,70.96388888888889,70.87055555555555,482.9638888888889,60.00674970277778,70.87055555555555,0.0,0.5919003566666617,47.86080557404001,0.0,244.31444456666665,49.96948824708779,122.08267766367831,0.18,0.096,0,,33.96388888888889,0.0,70.87055555555555,16.981944444444444,4061.7152506963794,0.0,2030.8576253481897
2022-10-16 11:00:00,11,0,6,True,-0.08944444444444445,35.02777777777778,-0.6583333333333333,37.0,484.4111111111111,59.99502796666667,19.39833331666667,19.47833332777778,35.02777777777778,37.0,-0.08944444444444445,0.0,72.02777777777777,71.93833333333333,484.4111111111111,59.99502796666667,71.93833333333333,0.0,0.5940335600000025,48.63092942537602,0.0,244.31444456666665,49.9707595701258,122.08578368949726,0.12,0.08,0,,35.02777777777778,0.0,71.93833333333333,17.51388888888889,4096.743028474157,0.0,2048.3715142370784
2022-10-16 12:00:00,12,0,6,True,-0.10138888888888889,33.016666666666666,-0.7050000000000001,37.0,483.40833333333336,59.99413917222221,19.42166666666667,19.547222325,33.016666666666666,37.0,-0.10138888888888889,0.0,70.01666666666667,69.91527777777777,483.40833333333336,59.99413917222221,69.91527777777777,0.0,0.5929670066666546,47.155439181147344,0.0,244.31444456666665,49.966854792223344,122.07624375305332,0.12,0.08,0,,33.016666666666666,0.0,69.91527777777777,16.508333333333333,4129.759695140823,0.0,2064.8798475704116
2022-10-16 13:00:00,13,0,6,True,-0.10277777777777777,33.03888888888889,-0.715,37.0,481.63055555555553,59.99355606388889,19.49138888888889,19.56972231388889,33.03888888888889,37.0,-0.10277777777777777,0.0,70.03888888888889,69.93611111111112,481.63055555555553,59.99355606388889,69.93611111111112,0.0,0.5922672766666665,47.17220591734751,0.0,244.31444456666665,49.966400748281195,122.07513445811797,0.12,0.08,0,,33.03888888888889,0.0,69.93611111111112,16.519444444444446,4162.798584029712,0.0,2081.399292014856
2022-10-16 14:00:00,14,0,6,True,-0.11666666666666667,28.175,-0.7322222222222221,37.0,482.06111111111113,59.99513903333333,19.581944447222217,19.65000055555555,28.175,37.0,-0.11666666666666667,0.0,65.175,65.05833333333334,482.06111111111113,59.99513903333333,65.05833333333334,0.0,0.5941668399999969,43.22976601457614,0.0,244.31444456666665,49.96186030885974,122.06404150876456,0.12,0.08,0,,28.175,0.0,65.05833333333334,14.0875,4190.973584029713,0.0,2095.4867920148563
2022-10-16 15:00:00,15,0,6,True,-0.1125,18.625,-0.7125,37.0,482.8388888888889,60.01330510833333,19.631389202777775,19.71027838333333,18.625,37.0,-0.1125,0.0,55.625,55.5125,482.8388888888889,60.01330510833333,55.5125,0.0,0.5840338700000075,33.48314606741573,0.0,244.31444456666665,49.963222440686174,122.06736939357057,0.12,0.08,0,,18.625,0.0,55.5125,9.3125,4209.598584029713,0.0,2104.7992920148563
2022-10-16 16:00:00,16,0,6,True,-0.1275,6.627777777777778,-0.7711111111111112,37.0,484.2527777777778,59.99355592222223,19.693889827777774,19.73111149722222,6.627777777777778,37.0,-0.1275,0.0,43.62777777777778,43.50027777777778,484.2527777777778,59.99355592222223,43.50027777777778,0.0,0.5922671066666737,15.191646504520564,0.0,244.31444456666665,49.958318766111,122.05538900826888,0.12,0.08,0,,6.627777777777778,0.0,43.50027777777778,3.313888888888889,4216.22636180749,0.0,2108.113180903745
2022-10-16 17:00:00,17,0,6,True,-0.12361111111111112,-0.22777777777777777,-0.7644444444444446,37.0,486.4888888888889,59.99200024166667,19.656111672222224,19.704167219444443,0.0,37.0,-0.12361111111111112,0.0,37.0,36.87638888888889,486.4888888888889,59.99200024166667,36.87638888888889,0.0,0.5904002900000079,0.0,0.0,244.31444456666665,49.95959008914901,122.05849503408784,0.12,0.08,0,,0.0,0.0,36.87638888888889,0.0,4216.22636180749,0.0,2108.113180903745
2022-10-16 18:00:00,18,0,6,True,-0.1313888888888889,0.0,-0.7902777777777777,37.0,484.1777777777778,59.99800038333334,19.591666675,19.65527828333333,0.0,37.0,-0.1313888888888889,0.0,37.0,36.868611111111115,484.1777777777778,59.99800038333334,36.868611111111115,0.0,0.5976004600000095,0.0,0.0,244.31444456666665,49.957047443072994,122.05228298244992,0.18,0.096,0,,0.0,0.0,36.868611111111115,0.0,4216.22636180749,0.0,2108.113180903745
2022-10-16 19:00:00,19,0,6,True,-0.125,0.0,-0.7730555555555556,37.0,484.4861111111111,60.010332816666654,19.538888888888888,19.613611377777776,0.0,37.0,-0.125,0.0,37.0,36.875,484.4861111111111,60.010332816666654,36.875,0.0,0.5876006200000148,0.0,0.0,244.31444456666665,49.95913604520686,122.0573857391525,0.18,0.096,0,,0.0,0.0,36.875,0.0,4216.22636180749,0.0,2108.113180903745
2022-10-16 20:00:00,20,0,6,True,-0.1325,0.0,-0.7663888888888888,37.0,486.77222222222224,60.02191636111111,19.485833333333336,19.542777805555556,0.0,37.0,-0.1325,0.0,37.0,36.8675,486.77222222222224,60.02191636111111,36.8675,0.0,0.573700366666668,0.0,0.0,244.31444456666665,49.956684207919274,122.05139554650164,0.18,0.096,0,,0.0,0.0,36.8675,0.0,4216.22636180749,0.0,2108.113180903745
2022-10-16 21:00:00,21,0,6,True,-0.13361111111111112,0.0,-0.7797222222222223,37.0,487.01944444444445,60.01844397777778,19.405000000000005,19.474166661111113,0.0,37.0,-0.13361111111111112,0.0,37.0,36.86638888888889,487.01944444444445,60.01844397777778,36.86638888888889,0.0,0.577867226666666,0.0,0.0,244.31444456666665,49.95632097276556,122.05050811055338,0.18,0.096,0,,0.0,0.0,36.86638888888889,0.0,4216.22636180749,0.0,2108.113180903745
2022-10-16 22:00:00,22,0,6,True,-0.13,0.0,-0.7672222222222224,37.0,484.5722222222222,60.00838876111111,19.39777775555556,19.41805551388889,0.0,37.0,-0.13,0.0,37.0,36.87,484.5722222222222,60.00838876111111,36.87,0.0,0.589933486666672,0.0,0.0,244.31444456666665,49.957501487015136,122.05339227738527,0.18,0.096,0,,0.0,0.0,36.87,0.0,4216.22636180749,0.0,2108.113180903745
2022-10-16 23:00:00,23,0,6,True,-0.12055555555555557,0.0,-0.7766666666666667,37.0,481.575,60.00786091944445,19.323610347222225,19.374444261111112,0.0,37.0,-0.12055555555555557,0.0,37.0,36.879444444444445,481.575,60.00786091944445,36.879444444444445,0.0,0.5905668966666638,0.0,0.0,244.31444456666665,49.96058898582173,122.0609354829456,0.12,0.08,0,,0.0,0.0,36.879444444444445,0.0,4216.22636180749,0.0,2108.113180903745
2022-10-17 00:00:00,0,0,0,False,-0.11833333333333333,0.0,-0.7216666666666666,37.0,482.3611111111111,60.00891649722222,19.213333916666667,19.279444180555558,0.0,37.0,-0.11833333333333333,0.0,37.0,36.88166666666667,482.3611111111111,60.00891649722222,36.88166666666667,0.0,0.5893002033333318,0.0,0.0,244.31444456666665,49.961315456129164,122.06271035484214,0.12,0.08,0,,0.0,0.0,36.88166666666667,0.0,4216.22636180749,0.0,2108.113180903745
2022-10-17 01:00:00,1,0,0,False,-0.11972222222222223,0.0,-0.7450000000000001,37.0,483.975,60.01516601944444,19.07277788611111,19.126666808333333,0.0,37.0,-0.11972222222222223,0.0,37.0,36.88027777777778,483.975,60.01516601944444,36.88027777777778,0.0,0.5818007766666682,0.0,0.0,244.31444456666665,49.960861412187015,122.06160105990679,0.12,0.08,0,,0.0,0.0,36.88027777777778,0.0,4216.22636180749,0.0,2108.113180903745
2022-10-17 02:00:00,2,0,0,False,-0.11388888888888889,0.0,-0.7205555555555556,37.0,483.81666666666666,60.00747174722222,18.695555638888887,18.74027785833333,0.0,37.0,-0.11388888888888889,0.0,37.0,36.88611111111111,483.81666666666666,60.00747174722222,36.88611111111111,0.0,0.5910339033333372,0.0,0.0,244.31444456666665,49.96276839674403,122.06626009863524,0.12,0.08,0,,0.0,0.0,36.88611111111111,0.0,4216.22636180749,0.0,2108.113180903745
2022-10-17 03:00:00,3,0,0,False,-0.09833333333333336,0.0,-0.6958333333333333,37.0,482.75,59.99336152777777,18.490277769444443,18.53583337777778,0.0,37.0,-0.09833333333333336,0.0,37.0,36.901666666666664,482.75,59.99336152777777,36.901666666666664,0.0,0.5920338333333263,0.0,0.0,244.31444456666665,49.967853688896064,122.07868420191107,0.12,0.08,0,,0.0,0.0,36.901666666666664,0.0,4216.22636180749,0.0,2108.113180903745
2022-10-17 04:00:00,4,0,0,False,-0.0963888888888889,0.0,-0.7186111111111111,37.0,482.18055555555554,59.97847243055556,18.314999158333336,18.375833122222225,0.0,37.0,-0.0963888888888889,0.0,37.0,36.90361111111111,482.18055555555554,59.97847243055556,36.90361111111111,0.0,0.5741669166666753,0.0,0.0,244.31444456666665,49.96848935041507,122.08023721482056,0.12,0.08,0,,0.0,0.0,36.90361111111111,0.0,4216.22636180749,0.0,2108.113180903745
2022-10-17 05:00:00,5,0,0,False,-0.09305555555555556,0.0,-0.6777777777777778,37.0,483.2055555555556,59.98616708055557,18.241389061111107,18.310833002777777,0.0,37.0,-0.09305555555555556,0.0,37.0,36.90694444444444,483.2055555555556,59.98616708055557,36.90694444444444,0.0,0.583400496666681,0.0,0.0,244.31444456666665,49.96957905587622,122.08289952266537,0.12,0.08,0,,0.0,0.0,36.90694444444444,0.0,4216.22636180749,0.0,2108.113180903745
2022-10-17 06:00:00,6,0,0,False,-0.07833333333333334,0.5361111111111111,-0.6400000000000001,37.0,486.0722222222222,59.98491721388889,18.06138898888889,18.116666766666665,0.5361111111111111,37.0,-0.07833333333333334,0.0,37.53611111111111,37.45777777777778,486.0722222222222,59.98491721388889,37.45777777777778,0.0,0.5819006566666701,1.428254273662399,0.0,244.31444456666665,49.97439192166297,122.09465804898001,0.18,0.096,0,,0.5361111111111111,0.0,37.45777777777778,0.26805555555555555,4216.762472918602,0.0,2108.381236459301
2022-10-17 07:00:00,7,0,0,False,-0.09166666666666666,10.502777777777778,116.07861215833336,51.06388888888889,489.2361111111111,59.98655599166666,17.890555388888888,17.957777711111113,10.502777777777778,51.06388888888889,-0.09166666666666666,116.07861215833336,61.56666666666667,-54.603612158333355,489.2361111111111,59.98655599166666,0.0,54.603612158333355,0.5838671899999951,9.040847524864134,101.219578094117,244.31444456666665,49.970033099818366,122.08400881760072,0.18,0.096,0,,10.502777777777778,116.07861215833336,-54.603612158333355,5.251388888888889,4227.26525069638,116.07861215833336,2113.63262534819
2022-10-17 08:00:00,8,0,0,False,-10.133055502777777,22.66111111111111,176.03361266944447,56.13611111111111,490.2472222222222,60.00872198333333,18.02972231111111,18.090277861111108,22.66111111111111,56.13611111111111,-10.133055502777777,176.03361266944447,78.79722222222222,-107.36944595000003,490.2472222222222,60.00872198333333,0.0,107.36944595000003,0.5895336200000031,12.172485726686253,153.49983664932375,244.31444456666665,46.687386224145094,114.06402833621453,0.18,0.096,0,,22.66111111111111,176.03361266944447,-107.36944595000003,11.330555555555556,4249.926361807491,292.1122248277778,2124.9631809037455
2022-10-17 09:00:00,9,0,0,False,-9.40249995,31.18611111111111,178.69639038055556,55.38333333333333,489.75555555555553,60.001833258333335,18.24666673333333,18.347777305555557,31.18611111111111,55.38333333333333,-9.40249995,178.69639038055556,86.56944444444444,-101.52944588611112,489.75555555555553,60.001833258333335,0.0,101.52944588611112,0.5978000899999983,16.579635879991745,155.82175652298181,244.31444456666665,46.92621333680579,114.64751746998611,0.18,0.096,0,,31.18611111111111,178.69639038055556,-101.52944588611112,15.593055555555555,4281.112472918602,470.8086152083334,2140.556236459301
2022-10-17 10:00:00,10,0,0,False,-0.09472222222222222,36.13333333333333,182.63972368888892,58.705555555555556,489.51944444444445,59.987111911111114,18.22305609444444,18.341943988888893,36.13333333333333,58.705555555555556,-0.09472222222222222,182.63972368888892,94.83888888888889,-87.89555702222225,489.51944444444445,59.987111911111114,0.0,87.89555702222225,0.584534293333337,19.77368478787515,159.26031015773364,244.31444456666665,49.96903420314565,122.08156836874296,0.18,0.096,0,,36.13333333333333,182.63972368888892,-87.89555702222225,18.066666666666666,4317.245806251935,653.4483388972224,2158.6229031259677
2022-10-17 11:00:00,11,0,0,False,-0.09916666666666668,38.172222222222224,180.53500151666668,57.394444444444446,490.52777777777777,59.99869438611111,18.335554927777782,18.428888866666668,38.172222222222224,57.394444444444446,-0.09916666666666668,180.53500151666668,95.56666666666666,-85.06750151666668,490.52777777777777,59.99869438611111,0.0,85.06750151666668,0.5984332633333338,21.132337589353305,157.42501004243695,244.31444456666665,49.96758126253078,122.07801862494988,0.12,0.08,0,,38.172222222222224,180.53500151666668,-85.06750151666668,19.086111111111112,4355.418028474158,833.983340413889,2177.709014237079
2022-10-17 12:00:00,12,0,0,False,-0.09805555555555555,37.46111111111111,177.6036127027778,55.11944444444445,489.94444444444446,60.00249982777778,18.42361110277778,18.51972224444444,37.46111111111111,55.11944444444445,-0.09805555555555555,177.6036127027778,92.58055555555555,-85.12111270277782,489.94444444444446,60.00249982777778,0.0,85.12111270277782,0.5970002066666609,21.080900071603214,154.86886353573232,244.31444456666665,49.96794449768449,122.07890606089813,0.12,0.08,0,,37.46111111111111,177.6036127027778,-85.12111270277782,18.730555555555554,4392.879139585269,1011.5869531166668,2196.4395697926343
2022-10-17 13:00:00,13,0,0,False,-0.11666666666666667,34.266666666666666,180.8272236055556,57.65555555555556,490.60833333333335,60.01366583333333,18.57166668611111,18.646389383333332,34.266666666666666,57.65555555555556,-0.11666666666666667,180.8272236055556,91.92222222222222,-89.02166805000003,490.60833333333335,60.01366583333333,0.0,89.02166805000003,0.5836010000000073,18.93773070486876,157.67982525772203,244.31444456666665,49.96186030885974,122.06404150876456,0.12,0.08,0,,34.266666666666666,180.8272236055556,-89.02166805000003,17.133333333333333,4427.145806251935,1192.4141767222225,2213.5729031259675
2022-10-17 14:00:00,14,0,0,False,-19.49472219722222,28.283333333333335,89.93194508611111,43.30833333333333,485.90277777777777,59.992695047222234,18.658333916666663,18.731389219444445,28.283333333333335,43.30833333333333,-19.49472219722222,89.93194508611111,71.59166666666667,-37.83500061666666,485.90277777777777,59.992695047222234,0.0,37.83500061666666,0.5912340566666813,25.846837919408284,78.41990328401737,244.31444456666665,43.62694842742351,106.58693673184585,0.12,0.08,0,,28.283333333333335,89.93194508611111,-37.83500061666666,14.141666666666667,4455.429139585269,1282.3461218083335,2227.7145697926344
2022-10-17 15:00:00,15,0,0,False,-29.310555561111112,18.586111111111112,-0.7394444444444445,35.12777777777778,482.65833333333336,59.99358366111111,18.702500949999997,18.81916611666667,18.586111111111112,35.12777777777778,-29.310555561111112,0.0,53.71388888888889,24.403333327777776,482.65833333333336,59.99358366111111,24.403333327777776,0.0,0.592300393333332,34.60205823033563,0.0,244.31444456666665,40.4180382607121,98.74710568140159,0.12,0.08,0,,18.586111111111112,0.0,24.403333327777776,9.293055555555556,4474.01525069638,1282.3461218083335,2237.00762534819
2022-10-17 16:00:00,16,0,0,False,-19.038888830555557,6.3694444444444445,-0.8130555555555556,37.34722222222222,482.9638888888889,59.983333711111115,18.75583321666667,18.86583296666667,6.3694444444444445,37.34722222222222,-19.038888830555557,0.0,43.71666666666667,24.67777783611111,482.9638888888889,59.983333711111115,24.67777783611111,0.0,0.5800004533333378,14.569830982335747,0.0,244.31444456666665,43.77596566013287,106.95100735624835,0.12,0.08,0,,6.3694444444444445,0.0,24.67777783611111,3.1847222222222222,4480.384695140824,1282.3461218083335,2240.192347570412
2022-10-17 17:00:00,17,0,0,False,-14.39046238150289,-0.24566473988439305,-0.7988439306358381,37.36416184971098,484.4913294797688,59.98858389017342,18.76213848554913,18.848843520231213,0.0,37.36416184971098,-14.39046238150289,0.0,37.36416184971098,22.973699468208093,484.4913294797688,59.98858389017342,22.973699468208093,0.0,0.5863006682081078,0.0,0.0,244.31444456666665,45.295590366319374,110.66367001666575,0.12,0.08,0,,0.0,0.0,22.973699468208093,0.0,4480.384695140824,1282.3461218083335,2240.192347570412
2022-10-17 18:00:00,18,0,0,False,-0.5669444444444445,0.0,-0.7852777777777779,37.67777777777778,482.89444444444445,59.97988920833335,18.707223052777774,18.780555319444446,0.0,37.67777777777778,-0.5669444444444445,0.0,37.67777777777778,37.11083333333333,482.89444444444445,59.97988920833335,37.11083333333333,0.0,0.5758670500000164,0.0,0.0,244.31444456666665,49.814659262816015,121.7044080907265,0.18,0.096,0,,0.0,0.0,37.11083333333333,0.0,4480.384695140824,1282.3461218083335,2240.192347570412
2022-10-17 19:00:00,19,0,0,False,-0.5675287356321839,0.0,-0.7948275862068966,37.62643678160919,484.20402298850576,59.99979863505747,18.634483247126433,18.674425603448274,0.0,37.62643678160919,-0.5675287356321839,0.0,37.62643678160919,37.058908045977006,484.20402298850576,59.99979863505747,37.058908045977006,0.0,0.5997583620689682,0.0,0.0,244.31444456666665,49.81446825122656,121.70394142182266,0.18,0.096,0,,0.0,0.0,37.058908045977006,0.0,4480.384695140824,1282.3461218083335,2240.192347570412
2022-10-17 20:00:00,20,0,0,False,-0.571388888888889,0.0,-0.7877777777777777,37.983333333333334,481.6166666666667,60.036555344444444,18.484444444444446,18.53583335277778,0.0,37.983333333333334,-0.571388888888889,0.0,37.983333333333334,37.411944444444444,481.6166666666667,60.036555344444444,37.411944444444444,0.0,0.5561335866666667,0.0,0.0,244.31444456666665,49.81320632220115,121.70085834693342,0.18,0.096,0,,0.0,0.0,37.411944444444444,0.0,4480.384695140824,1282.3461218083335,2240.192347570412
2022-10-17 21:00:00,21,0,0,False,-0.5577777777777778,0.0,-0.7436111111111112,37.99166666666667,482.025,60.031332997222215,18.46638888888889,18.520555555555553,0.0,37.99166666666667,-0.5577777777777778,0.0,37.99166666666667,37.43388888888889,482.025,60.031332997222215,37.43388888888889,0.0,0.5624004033333421,0.0,0.0,244.31444456666665,49.81765595283418,121.71172943729977,0.18,0.096,0,,0.0,0.0,37.43388888888889,0.0,4480.384695140824,1282.3461218083335,2240.192347570412
2022-10-17 22:00:00,22,0,0,False,-0.5800000000000001,0.0,-0.7755555555555557,37.98888888888889,483.48055555555555,60.031944247222214,18.37333306666667,18.417222191666667,0.0,37.98888888888889,-0.5800000000000001,0.0,37.98888888888889,37.40888888888889,483.48055555555555,60.031944247222214,37.40888888888889,0.0,0.5616669033333437,0.0,0.0,244.31444456666665,49.810391249759846,121.69398071833429,0.18,0.096,0,,0.0,0.0,37.40888888888889,0.0,4480.384695140824,1282.3461218083335,2240.192347570412
2022-10-17 23:00:00,23,0,0,False,-0.5694444444444444,0.0,-0.7558333333333334,38.0,483.55833333333334,60.03066631944443,18.399166658333336,18.421388883333332,0.0,38.0,-0.5694444444444444,0.0,38.0,37.43055555555556,483.55833333333334,60.03066631944443,37.43055555555556,0.0,0.563200416666686,0.0,0.0,244.31444456666665,49.81384198372015,121.7024113598429,0.12,0.08,0,,0.0,0.0,37.43055555555556,0.0,4480.384695140824,1282.3461218083335,2240.192347570412
2022-10-18 00:00:00,0,0,1,False,-0.5652777777777778,0.0,-0.7616666666666668,37.922222222222224,484.325,60.0014723138889,18.296666625,18.351944297222225,0.0,37.922222222222224,-0.5652777777777778,0.0,37.922222222222224,37.356944444444444,484.325,60.0014723138889,37.356944444444444,0.0,0.5982332233333238,0.0,0.0,244.31444456666665,49.81520411554659,121.70573924464892,0.12,0.08,0,,0.0,0.0,37.356944444444444,0.0,4480.384695140824,1282.3461218083335,2240.192347570412
2022-10-18 01:00:00,1,0,1,False,-0.5555555555555556,0.0,-0.7136111111111111,37.86666666666667,485.7027777777778,59.99436128888889,18.11000010833333,18.135000277777777,0.0,37.86666666666667,-0.5555555555555556,0.0,37.86666666666667,37.31111111111111,485.7027777777778,59.99436128888889,37.31111111111111,0.0,0.5932335466666672,0.0,0.0,244.31444456666665,49.818382423141614,121.71350430919632,0.12,0.08,0,,0.0,0.0,37.31111111111111,0.0,4480.384695140824,1282.3461218083335,2240.192347570412
2022-10-18 02:00:00,2,0,1,False,-0.5708333333333333,0.0,-0.7872222222222222,37.825,486.64722222222224,60.00091636944445,17.911944322222226,17.974444286111112,0.0,37.825,-0.5708333333333333,0.0,37.825,37.25416666666667,486.64722222222224,60.00091636944445,37.25416666666667,0.0,0.5989003566666639,0.0,0.0,244.31444456666665,49.813387939778,121.70130206490754,0.12,0.08,0,,0.0,0.0,37.25416666666667,0.0,4480.384695140824,1282.3461218083335,2240.192347570412
2022-10-18 03:00:00,3,0,1,False,-0.5480555555555556,0.0,-0.7233333333333333,37.72222222222222,485.73333333333335,60.006388608333324,17.699445338888886,17.764166466666666,0.0,37.72222222222222,-0.5480555555555556,0.0,37.72222222222222,37.174166666666665,485.73333333333335,60.006388608333324,37.174166666666665,0.0,0.5923336700000107,0.0,0.0,244.31444456666665,49.8208342604292,121.71949450184718,0.12,0.08,0,,0.0,0.0,37.174166666666665,0.0,4480.384695140824,1282.3461218083335,2240.192347570412
2022-10-18 04:00:00,4,0,1,False,-0.5341666666666667,0.0,-0.726111111111111,37.71666666666667,482.4222222222222,59.995389175,17.57444451388889,17.638889319444445,0.0,37.71666666666667,-0.5341666666666667,0.0,37.71666666666667,37.182500000000005,482.4222222222222,59.995389175,37.182500000000005,0.0,0.5944670099999996,0.0,0.0,244.31444456666665,49.82537469985066,121.73058745120059,0.12,0.08,0,,0.0,0.0,37.182500000000005,0.0,4480.384695140824,1282.3461218083335,2240.192347570412
2022-10-18 05:00:00,5,0,1,False,-0.548888888888889,0.0,-0.6947222222222222,37.730555555555554,482.4916666666667,59.99500010555556,17.514722222222222,17.57638899722222,0.0,37.730555555555554,-0.548888888888889,0.0,37.730555555555554,37.181666666666665,482.4916666666667,59.99500010555556,37.181666666666665,0.0,0.594000126666674,0.0,0.0,244.31444456666665,49.82056183406391,121.71882892488595,0.12,0.08,0,,0.0,0.0,37.181666666666665,0.0,4480.384695140824,1282.3461218083335,2240.192347570412
2022-10-18 06:00:00,6,0,1,False,-0.5530555555555555,0.425,-0.7094444444444444,37.69722222222222,485.64722222222224,59.9991389,17.374721969444447,17.441944422222225,0.425,37.69722222222222,-0.5530555555555555,0.0,38.12222222222222,37.56916666666667,485.64722222222224,59.9991389,37.56916666666667,0.0,0.5989666799999981,1.1148353249781406,0.0,244.31444456666665,49.819199702237476,121.71550104007994,0.18,0.096,0,,0.425,0.0,37.56916666666667,0.2125,4480.809695140824,1282.3461218083335,2240.404847570412
2022-10-18 07:00:00,7,0,1,False,-0.555,10.011111111111111,-0.6961111111111112,37.888888888888886,483.1222222222222,60.01319419166666,17.300554644444446,17.384444275000003,10.011111111111111,37.888888888888886,-0.555,0.0,47.9,47.345,483.1222222222222,60.01319419166666,47.345,0.0,0.584166970000004,20.900023196474134,0.0,244.31444456666665,49.81856404071847,121.71394802717046,0.18,0.096,0,,10.011111111111111,0.0,47.345,5.0055555555555555,4490.820806251935,1282.3461218083335,2245.4104031259676
2022-10-18 08:00:00,8,0,1,False,2.4122222222222223,22.005555555555556,-0.6530555555555556,37.455555555555556,485.10555555555555,60.0165272,17.343332766666666,17.40055546944445,22.005555555555556,37.455555555555556,2.4122222222222223,0.0,59.46111111111111,61.87333333333333,485.10555555555555,60.0165272,61.87333333333333,0.0,0.5801673600000015,37.008315425581614,0.0,244.31444456666665,50.78858351871912,124.08384572703622,0.18,0.096,0,,22.005555555555556,0.0,61.87333333333333,11.002777777777778,4512.826361807491,1282.3461218083335,2256.4131809037453
2022-10-18 09:00:00,9,0,1,False,17.601388850000003,30.8,-0.6677777777777778,37.30833333333333,484.4861111111111,60.019333277777775,17.402222227777777,16.93000010277778,30.8,37.30833333333333,17.601388850000003,0.0,68.10833333333333,85.70972218333334,484.4861111111111,60.019333277777775,85.70972218333334,0.0,0.5768000666666694,45.222072678331095,0.0,244.31444456666665,55.754098866102666,136.21531696786892,0.18,0.096,0,,30.8,0.0,85.70972218333334,15.4,4543.626361807491,1282.3461218083335,2271.8131809037454
2022-10-18 10:00:00,10,0,1,False,-3.0533332944444442,36.93888888888889,103.3458346,37.43333333333333,485.3888888888889,60.01766641388888,16.792500088888893,13.357500063888887,36.93888888888889,37.43333333333333,-3.0533332944444442,103.3458346,74.37222222222222,-32.026945672222226,485.3888888888889,60.01766641388888,0.0,32.026945672222226,0.578800303333341,34.71727234327142,90.11670265085456,244.31444456666665,49.001829810299526,119.71854832853657,0.18,0.096,0,,36.93888888888889,103.3458346,-32.026945672222226,18.469444444444445,4580.56525069638,1385.6919564083335,2290.28262534819
2022-10-18 11:00:00,11,0,1,False,21.324722125,39.71666666666667,116.90861271111115,37.577777777777776,487.4583333333333,60.00622185277778,16.222499950000003,14.176666638888891,39.71666666666667,37.577777777777776,21.324722125,116.90861271111115,77.29444444444445,-18.289446141666694,487.4583333333333,60.00622185277778,0.0,18.289446141666694,0.5925337766666672,41.55163220823919,101.9433316281053,244.31444456666665,56.97129984713774,139.1891147839448,0.12,0.08,0,,39.71666666666667,116.90861271111115,-18.289446141666694,19.858333333333334,4620.281917363046,1502.6005691194446,2310.140958681523
2022-10-18 12:00:00,12,0,1,False,9.4391667,39.26111111111111,116.51361271944447,37.611111111111114,482.72777777777776,60.003388513888886,14.570555555555554,13.175833333333333,39.26111111111111,37.611111111111114,9.4391667,116.51361271944447,76.87222222222223,-30.20222379722223,482.72777777777776,60.003388513888886,0.0,30.20222379722223,0.5959337833333365,36.667115797154246,101.59889494196415,244.31444456666665,53.08577345050951,129.6962125495313,0.12,0.08,0,,39.26111111111111,116.51361271944447,-30.20222379722223,19.630555555555556,4659.543028474157,1619.114181838889,2329.7715142370785
2022-10-18 13:00:00,13,0,1,False,0.7441666611111112,22.1,120.26500148333335,39.18611111111111,479.425,59.99727792777778,14.128611111111109,11.5625,22.1,39.18611111111111,0.7441666611111112,120.26500148333335,61.28611111111111,-58.23472371111113,479.425,59.99727792777778,0.0,58.23472371111113,0.5967335133333364,18.49050003112177,104.8700745407511,244.31444456666665,50.24327674238564,122.75158250525267,0.12,0.08,0,,22.1,120.26500148333335,-58.23472371111113,11.05,4681.643028474157,1739.3791833222224,2340.8215142370786
2022-10-18 14:00:00,14,0,1,False,2.5647222472222215,21.477777777777778,115.0277792777778,24.291666666666668,482.80555555555554,60.00002826666667,13.119166666666665,12.889444444444443,21.477777777777778,24.291666666666668,2.5647222472222215,115.0277792777778,45.769444444444446,-66.69361258611113,482.80555555555554,60.00002826666667,0.0,66.69361258611113,0.5999660799999986,19.09762934146667,100.30326061892029,244.31444456666665,50.83843755173954,124.20564633090413,0.12,0.08,0,,21.477777777777778,115.0277792777778,-66.69361258611113,10.738888888888889,4703.120806251935,1854.4069626000003,2351.5604031259677
2022-10-18 15:00:00,15,0,1,False,-15.500277808333335,13.202777777777778,48.685278461111125,20.927777777777777,484.3666666666667,59.987945072222224,12.92638888888889,13.09333333333333,13.202777777777778,20.927777777777777,-15.500277808333335,48.685278461111125,34.13055555555555,-30.05500071388891,484.3666666666667,59.987945072222224,0.0,30.05500071388891,0.5855340866666694,20.56970219647837,42.45315526779833,244.31444456666665,44.93277878687356,109.77726892151917,0.12,0.08,0,,13.202777777777778,48.685278461111125,-30.05500071388891,6.601388888888889,4716.323584029713,1903.0922410611115,2358.1617920148565
2022-10-18 16:00:00,16,0,1,False,-0.09972222222222221,6.330555555555556,-0.6761111111111111,37.69166666666667,485.6166666666667,59.97438932222222,13.062499999999998,13.185277777777777,6.330555555555556,37.69166666666667,-0.09972222222222221,0.0,44.022222222222226,43.92250000000001,485.6166666666667,59.97438932222222,43.92250000000001,0.0,0.5692671866666671,14.380363452801614,0.0,244.31444456666665,49.96739964495392,122.07757490697573,0.12,0.08,0,,6.330555555555556,0.0,43.92250000000001,3.165277777777778,4722.654139585268,1903.0922410611115,2361.327069792634
2022-10-18 17:00:00,17,0,1,False,-0.10055555555555556,-0.20277777777777778,-0.6849999999999999,37.86666666666667,482.8027777777778,59.98616673888888,13.121666666666664,13.278611111111111,0.0,37.86666666666667,-0.10055555555555556,0.0,37.86666666666667,37.76611111111111,482.8027777777778,59.98616673888888,37.76611111111111,0.0,0.5834000866666599,0.0,0.0,244.31444456666665,49.96712721858863,122.07690933001453,0.12,0.08,0,,0.0,0.0,37.76611111111111,0.0,4722.654139585268,1903.0922410611115,2361.327069792634
2022-10-18 18:00:00,18,0,1,False,-0.09833333333333333,0.0,-0.6811111111111111,37.86666666666667,480.975,59.994305444444436,13.20138888888889,13.379722222222224,0.0,37.86666666666667,-0.09833333333333333,0.0,37.86666666666667,37.76833333333333,480.975,59.994305444444436,37.76833333333333,0.0,0.5931665333333228,0.0,0.0,244.31444456666665,49.967853688896064,122.07868420191107,0.18,0.096,0,,0.0,0.0,37.76833333333333,0.0,4722.654139585268,1903.0922410611115,2361.327069792634
2022-10-18 19:00:00,19,0,1,False,-0.12166666666666667,0.0,-0.7277777777777777,37.858333333333334,480.9972222222222,60.007582855555555,13.306388888888891,13.44555555555556,0.0,37.858333333333334,-0.12166666666666667,0.0,37.858333333333334,37.736666666666665,480.9972222222222,60.007582855555555,37.736666666666665,0.0,0.5909005733333345,0.0,0.0,244.31444456666665,49.960225750668016,122.06004804699732,0.18,0.096,0,,0.0,0.0,37.736666666666665,0.0,4722.654139585268,1903.0922410611115,2361.327069792634
2022-10-18 20:00:00,20,0,1,False,-0.11222222222222224,0.0,-0.6916666666666667,37.736111111111114,481.02222222222224,60.00913871111111,13.358055555555557,13.45777777777778,0.0,37.736111111111114,-0.11222222222222224,0.0,37.736111111111114,37.62388888888889,481.02222222222224,60.00913871111111,37.62388888888889,0.0,0.5890335466666642,0.0,0.0,244.31444456666665,49.9633132494746,122.06759125255763,0.18,0.096,0,,0.0,0.0,37.62388888888889,0.0,4722.654139585268,1903.0922410611115,2361.327069792634
2022-10-18 21:00:00,21,0,1,False,-0.13361111111111112,0.0,-0.7561111111111111,37.99722222222222,483.6166666666667,60.018110736111105,13.29777777777778,13.401944444444446,0.0,37.99722222222222,-0.13361111111111112,0.0,37.99722222222222,37.86361111111111,483.6166666666667,60.018110736111105,37.86361111111111,0.0,0.5782671166666745,0.0,0.0,244.31444456666665,49.95632097276556,122.05050811055338,0.18,0.096,0,,0.0,0.0,37.86361111111111,0.0,4722.654139585268,1903.0922410611115,2361.327069792634
2022-10-18 22:00:00,22,0,1,False,-0.10166666666666667,0.0,-0.7027777777777777,37.986111111111114,482.1,60.012916211111104,13.256666666666666,13.380000000000003,0.0,37.986111111111114,-0.10166666666666667,0.0,37.986111111111114,37.88444444444445,482.1,60.012916211111104,37.88444444444445,0.0,0.5845005466666748,0.0,0.0,244.31444456666665,49.966763983434916,122.07602189406624,0.18,0.096,0,,0.0,0.0,37.88444444444445,0.0,4722.654139585268,1903.0922410611115,2361.327069792634
2022-10-18 23:00:00,23,0,1,False,-0.11027777777777778,0.0,-0.7041666666666667,37.977777777777774,481.23333333333335,60.020194186111105,13.191111111111109,13.304444444444446,0.0,37.977777777777774,-0.11027777777777778,0.0,37.977777777777774,37.8675,481.23333333333335,60.020194186111105,37.8675,0.0,0.5757669766666736,0.0,0.0,244.31444456666665,49.96394891099361,122.06914426546712,0.12,0.08,0,,0.0,0.0,37.8675,0.0,4722.654139585268,1903.0922410611115,2361.327069792634
2022-10-19 00:00:00,0,0,2,False,-0.09527777777777777,0.0,-0.7008333333333334,37.93888888888889,481.8333333333333,59.99727761944444,13.108055555555554,13.220833333333333,0.0,37.93888888888889,-0.09527777777777777,0.0,37.93888888888889,37.84361111111111,481.8333333333333,59.99727761944444,37.84361111111111,0.0,0.596733143333327,0.0,0.0,244.31444456666665,49.96885258556878,122.08112465076883,0.12,0.08,0,,0.0,0.0,37.84361111111111,0.0,4722.654139585268,1903.0922410611115,2361.327069792634
2022-10-19 01:00:00,1,0,2,False,-0.0825,0.0,-0.6380555555555555,37.90277777777778,483.55833333333334,60.002194375,13.066388888888888,13.123055555555554,0.0,37.90277777777778,-0.0825,0.0,37.90277777777778,37.820277777777775,483.55833333333334,60.002194375,37.820277777777775,0.0,0.5973667499999976,0.0,0.0,244.31444456666665,49.97302978983653,122.09133016417398,0.12,0.08,0,,0.0,0.0,37.820277777777775,0.0,4722.654139585268,1903.0922410611115,2361.327069792634
2022-10-19 02:00:00,2,0,2,False,-0.08361111111111111,0.0,-0.6647222222222222,37.825,484.1361111111111,59.996972361111105,12.95777777777778,13.007222222222223,0.0,37.825,-0.08361111111111111,0.0,37.825,37.74138888888889,484.1361111111111,59.996972361111105,37.74138888888889,0.0,0.596366833333326,0.0,0.0,244.31444456666665,49.97266655468281,122.0904427282257,0.12,0.08,0,,0.0,0.0,37.74138888888889,0.0,4722.654139585268,1903.0922410611115,2361.327069792634
2022-10-19 03:00:00,3,0,2,False,-0.07944444444444444,0.0,-0.6436111111111111,37.955555555555556,483.6138888888889,59.99747255,12.844166666666668,12.909722222222225,0.0,37.955555555555556,-0.07944444444444444,0.0,37.955555555555556,37.87611111111111,483.6138888888889,59.99747255,37.87611111111111,0.0,0.5969670599999972,0.0,0.0,244.31444456666665,49.97402868650925,122.09377061303172,0.12,0.08,0,,0.0,0.0,37.87611111111111,0.0,4722.654139585268,1903.0922410611115,2361.327069792634
2022-10-19 04:00:00,4,0,2,False,-0.07805555555555554,0.0,-0.6288888888888889,37.852777777777774,482.7944444444444,59.99413888611111,12.781944444444445,12.819444444444445,0.0,37.852777777777774,-0.07805555555555554,0.0,37.852777777777774,37.774722222222216,482.7944444444444,59.99413888611111,37.774722222222216,0.0,0.5929666633333311,0.0,0.0,244.31444456666665,49.9744827304514,122.09487990796708,0.12,0.08,0,,0.0,0.0,37.774722222222216,0.0,4722.654139585268,1903.0922410611115,2361.327069792634
2022-10-19 05:00:00,5,0,2,False,-0.07305555555555555,0.0,-0.6330555555555556,37.81111111111111,480.93611111111113,59.992361466666665,12.648888888888887,12.745555555555555,0.0,37.81111111111111,-0.07305555555555555,0.0,37.81111111111111,37.738055555555555,480.93611111111113,59.992361466666665,37.738055555555555,0.0,0.5908337599999981,0.0,0.0,244.31444456666665,49.976117288643124,122.0988733697343,0.12,0.08,0,,0.0,0.0,37.738055555555555,0.0,4722.654139585268,1903.0922410611115,2361.327069792634
2022-10-19 06:00:00,6,0,2,False,-0.07194444444444445,0.55,-0.605,37.708333333333336,481.55833333333334,59.99200044444444,12.535,12.632777777777779,0.55,37.708333333333336,-0.07194444444444445,0.0,38.25833333333333,38.186388888888885,481.55833333333334,59.99200044444444,38.186388888888885,0.0,0.5904005333333316,1.4375952951426705,0.0,244.31444456666665,49.97648052379684,122.09976080568259,0.18,0.096,0,,0.55,0.0,38.186388888888885,0.275,4723.204139585268,1903.0922410611115,2361.602069792634
2022-10-19 07:00:00,7,0,2,False,-0.7822222249999999,10.080555555555556,38.00694491944445,37.78611111111111,481.775,59.994666844444446,12.62138888888889,12.705555555555556,10.080555555555556,37.78611111111111,-0.7822222249999999,38.00694491944445,47.86666666666667,9.077499522222217,481.775,59.994666844444446,9.077499522222217,0.0,0.5936002133333346,21.05965645311049,33.141737809072595,244.31444456666665,49.7442824508753,121.53246737352983,0.18,0.096,0,,10.080555555555556,38.00694491944445,9.077499522222217,5.040277777777778,4733.284695140824,1941.099185980556,2366.642347570412
2022-10-19 08:00:00,8,0,2,False,-3.3169444444444443,21.591666666666665,100.77250164166668,37.975,475.99444444444447,59.985416727777775,12.887222222222224,12.992222222222225,21.591666666666665,37.975,-3.3169444444444443,100.77250164166668,59.56666666666666,-44.52277941944446,475.99444444444447,59.985416727777775,0.0,44.52277941944446,0.5825000733333298,20.743377430219304,87.87277785286595,244.31444456666665,48.91565225736699,119.5080041187483,0.18,0.096,0,,21.591666666666665,100.77250164166668,-44.52277941944446,10.795833333333333,4754.87636180749,2041.8716876222227,2377.438180903745
2022-10-19 09:00:00,9,0,2,False,-2.625555544444444,27.625,112.06277925277779,38.644444444444446,475.9888888888889,59.99333333611112,13.066111111111114,13.19361111111111,27.625,38.644444444444446,-2.625555544444444,112.06277925277779,66.26944444444445,-48.41889035277779,475.9888888888889,59.99333333611112,0.0,48.41889035277779,0.5920000033333451,24.08701813383472,97.71780541749024,244.31444456666665,49.141675335399604,120.06021114643616,0.18,0.096,0,,27.625,112.06277925277779,-48.41889035277779,13.8125,4782.50136180749,2153.9344668750005,2391.250680903745
2022-10-19 10:00:00,10,0,2,False,1.608333338888889,27.816666666666666,121.41500144166667,38.34444444444444,475.8611111111111,60.010416577777775,13.346388888888885,13.488333333333333,27.816666666666666,38.34444444444444,1.608333338888889,121.41500144166667,66.16111111111111,-53.64555699166667,475.8611111111111,60.010416577777775,0.0,53.64555699166667,0.5875001066666697,23.217961994238717,105.87286487763052,244.31444456666665,50.52578288682121,123.44178582289716,0.18,0.096,0,,27.816666666666666,121.41500144166667,-53.64555699166667,13.908333333333333,4810.318028474157,2275.3494683166673,2405.1590142370783
2022-10-19 11:00:00,11,0,2,False,1.0291666694444443,27.13888888888889,122.67555708888891,38.53611111111111,475.47222222222223,60.003333397222214,13.956666663888889,14.123611116666666,27.13888888888889,38.53611111111111,1.0291666694444443,122.67555708888891,65.675,-55.97139041944447,475.47222222222223,60.003333397222214,0.0,55.97139041944447,0.5959999233333434,22.30965406808396,106.97205884974619,244.31444456666665,50.336446562038255,122.97920983264072,0.12,0.08,0,,27.13888888888889,122.67555708888891,-55.97139041944447,13.569444444444445,4837.456917363045,2398.0250254055563,2418.7284586815226
2022-10-19 12:00:00,12,0,2,False,1.4986111333333332,25.77777777777778,119.3333347916667,38.763888888888886,475.6666666666667,60.0019722,14.177777786111111,14.338055536111112,25.77777777777778,38.763888888888886,1.4986111333333332,119.3333347916667,64.54166666666666,-53.29305699166671,475.6666666666667,60.0019722,0.0,53.29305699166671,0.5976333600000032,21.876215242394515,104.05766898471111,244.31444456666665,50.4899134208402,123.35415153631662,0.12,0.08,0,,25.77777777777778,119.3333347916667,-53.29305699166671,12.88888888888889,4863.234695140823,2517.358360197223,2431.6173475704113
2022-10-19 13:00:00,13,0,2,False,0.8858333277777777,24.497222222222224,128.32833478333333,39.047222222222224,475.1361111111111,60.002527819444445,15.578055597222223,15.272222230555556,24.497222222222224,39.047222222222224,0.8858333277777777,128.32833478333333,63.54444444444445,-63.898057011111106,475.1361111111111,60.002527819444445,0.0,63.898057011111106,0.5969666166666655,19.22217623040412,111.90123367922335,244.31444456666665,50.28958922448452,122.86473058865761,0.12,0.08,0,,24.497222222222224,128.32833478333333,-63.898057011111106,12.248611111111112,4887.731917363045,2645.6866949805567,2443.8659586815224
2022-10-19 14:00:00,14,0,2,False,-5.9855555250000005,27.580555555555556,36.99277825277779,37.68333333333333,485.10277777777776,59.98525070833334,15.037222219444448,15.185833330555553,27.580555555555556,37.68333333333333,-5.9855555250000005,36.99277825277779,65.26388888888889,22.285555111111094,485.10277777777776,59.98525070833334,22.285555111111094,0.0,0.5823008500000071,42.260055330921475,32.25739296544977,244.31444456666665,48.043252236916686,117.37660485438565,0.12,0.08,0,,27.580555555555556,36.99277825277779,22.285555111111094,13.790277777777778,4915.3124729186,2682.6794732333346,2457.6562364593
2022-10-19 15:00:00,15,0,2,False,-0.08444444444444445,18.038888888888888,-0.6891666666666667,37.522222222222226,484.5777777777778,59.98275074166668,14.992777777777777,15.13972222222222,18.038888888888888,37.522222222222226,-0.08444444444444445,0.0,55.56111111111112,55.476666666666674,484.5777777777778,59.98275074166668,55.476666666666674,0.0,0.5793008900000132,32.46675332466753,0.0,244.31444456666665,49.972394128317525,122.0897771512645,0.12,0.08,0,,18.038888888888888,0.0,55.476666666666674,9.019444444444444,4933.351361807489,2682.6794732333346,2466.6756809037447
2022-10-19 16:00:00,16,0,2,False,-0.08472222222222223,5.711111111111111,-0.6852777777777779,37.49166666666667,484.6138888888889,59.97497251666667,15.143611111111108,15.286666666666669,5.711111111111111,37.49166666666667,-0.08472222222222223,0.0,43.202777777777776,43.11805555555555,484.6138888888889,59.97497251666667,43.11805555555555,0.0,0.5699670200000014,13.219314601684564,0.0,244.31444456666665,49.9723033195291,122.08955529227744,0.12,0.08,0,,5.711111111111111,0.0,43.11805555555555,2.8555555555555556,4939.0624729186,2682.6794732333346,2469.5312364593
2022-10-19 17:00:00,17,0,2,False,-0.1072222222222222,-0.14166666666666666,-0.6930555555555555,37.62222222222222,483.06388888888887,60.00213921388889,15.233888888888892,15.351111111111114,0.0,37.62222222222222,-0.1072222222222222,0.0,37.62222222222222,37.515,483.06388888888887,60.00213921388889,37.515,0.0,0.5974329433333337,0.0,0.0,244.31444456666665,49.964947807666334,122.07158471432489,0.12,0.08,0,,0.0,0.0,37.515,0.0,4939.0624729186,2682.6794732333346,2469.5312364593
2022-10-19 18:00:00,18,0,2,False,-0.10611111111111111,0.0,-0.7130555555555556,37.858333333333334,482.1333333333333,60.00025001388888,15.280555555555555,15.39666666666667,0.0,37.858333333333334,-0.10611111111111111,0.0,37.858333333333334,37.75222222222222,482.1333333333333,60.00025001388888,37.75222222222222,0.0,0.5996999833333433,0.0,0.0,244.31444456666665,49.96531104282005,122.07247215027316,0.18,0.096,0,,0.0,0.0,37.75222222222222,0.0,4939.0624729186,2682.6794732333346,2469.5312364593
2022-10-19 19:00:00,19,0,2,False,-0.11916666666666666,0.0,-0.7238888888888889,37.40833333333333,483.03055555555557,60.01919372499999,15.299444444444447,15.393888888888892,0.0,37.40833333333333,-0.11916666666666666,0.0,37.40833333333333,37.28916666666667,483.03055555555557,60.01919372499999,37.28916666666667,0.0,0.5769675300000159,0.0,0.0,244.31444456666665,49.96104302976388,122.06204477788094,0.18,0.096,0,,0.0,0.0,37.28916666666667,0.0,4939.0624729186,2682.6794732333346,2469.5312364593
2022-10-19 20:00:00,20,0,2,False,-0.12944444444444447,0.0,-0.7683333333333334,37.6,482.56944444444446,60.010582927777776,15.314166666666667,15.391111111111114,0.0,37.6,-0.12944444444444447,0.0,37.6,37.470555555555556,482.56944444444446,60.010582927777776,37.470555555555556,0.0,0.587300486666669,0.0,0.0,244.31444456666665,49.95768310459199,122.05383599535939,0.18,0.096,0,,0.0,0.0,37.470555555555556,0.0,4939.0624729186,2682.6794732333346,2469.5312364593
2022-10-19 21:00:00,21,0,2,False,-0.11722222222222223,0.0,-0.7419444444444445,37.98888888888889,481.8666666666667,60.013527288888895,15.284444444444446,15.385833333333338,0.0,37.98888888888889,-0.11722222222222223,0.0,37.98888888888889,37.87166666666666,481.8666666666667,60.013527288888895,37.87166666666666,0.0,0.5837672533333261,0.0,0.0,244.31444456666665,49.96167869128288,122.06359779079041,0.18,0.096,0,,0.0,0.0,37.87166666666666,0.0,4939.0624729186,2682.6794732333346,2469.5312364593
2022-10-19 22:00:00,22,0,2,False,-0.10527777777777779,0.0,-0.6991666666666666,37.86666666666667,483.4277777777778,60.000999666666665,15.253055555555557,15.360555555555559,0.0,37.86666666666667,-0.10527777777777779,0.0,37.86666666666667,37.76138888888889,483.4277777777778,60.000999666666665,37.76138888888889,0.0,0.5988004000000018,0.0,0.0,244.31444456666665,49.96558346918533,122.07313772723435,0.18,0.096,0,,0.0,0.0,37.76138888888889,0.0,4939.0624729186,2682.6794732333346,2469.5312364593
2022-10-19 23:00:00,23,0,2,False,-0.10916666666666668,0.0,-0.6913888888888889,37.55555555555556,482.9583333333333,60.006082980555554,15.300555555555558,15.398055555555558,0.0,37.55555555555556,-0.10916666666666668,0.0,37.55555555555556,37.44638888888889,482.9583333333333,60.006082980555554,37.44638888888889,0.0,0.592700423333335,0.0,0.0,244.31444456666665,49.96431214614733,122.0700317014154,0.12,0.08,0,,0.0,0.0,37.44638888888889,0.0,4939.0624729186,2682.6794732333346,2469.5312364593
2022-10-20 00:00:00,0,0,3,False,-0.10416666666666667,0.0,-0.6861111111111111,37.983333333333334,483.3611111111111,60.00561094444444,15.225277777777777,15.332500000000001,0.0,37.983333333333334,-0.10416666666666667,0.0,37.983333333333334,37.87916666666667,483.3611111111111,60.00561094444444,37.87916666666667,0.0,0.59326686666667,0.0,0.0,244.31444456666665,49.96594670433905,122.07402516318264,0.12,0.08,0,,0.0,0.0,37.87916666666667,0.0,4939.0624729186,2682.6794732333346,2469.5312364593
2022-10-20 01:00:00,1,0,3,False,-0.09611111111111112,0.0,-0.6888888888888889,38.0,484.14444444444445,60.01313837777778,15.23111111111111,15.334166666666667,0.0,38.0,-0.09611111111111112,0.0,38.0,37.903888888888886,484.14444444444445,60.01313837777778,37.903888888888886,0.0,0.5842339466666658,0.0,0.0,244.31444456666665,49.9685801592035,122.08045907380762,0.12,0.08,0,,0.0,0.0,37.903888888888886,0.0,4939.0624729186,2682.6794732333346,2469.5312364593
2022-10-20 02:00:00,2,0,3,False,-0.09472222222222221,0.0,-0.6902777777777778,37.98888888888889,484.4472222222222,60.002694272222215,15.132499999999997,15.25111111111111,0.0,37.98888888888889,-0.09472222222222221,0.0,37.98888888888889,37.89416666666666,484.4472222222222,60.002694272222215,37.89416666666666,0.0,0.5967668733333426,0.0,0.0,244.31444456666665,49.96903420314565,122.08156836874296,0.12,0.08,0,,0.0,0.0,37.89416666666666,0.0,4939.0624729186,2682.6794732333346,2469.5312364593
2022-10-20 03:00:00,3,0,3,False,-0.10194444444444445,0.0,-0.6625,37.56111111111111,483.9166666666667,60.00524951944444,15.081111111111108,15.169999999999996,0.0,37.56111111111111,-0.10194444444444445,0.0,37.56111111111111,37.45916666666667,483.9166666666667,60.00524951944444,37.45916666666667,0.0,0.5937005766666715,0.0,0.0,244.31444456666665,49.96667317464649,122.07580003507918,0.12,0.08,0,,0.0,0.0,37.45916666666667,0.0,4939.0624729186,2682.6794732333346,2469.5312364593
2022-10-20 04:00:00,4,0,3,False,-0.0811111111111111,0.0,-0.6261111111111112,-1.3388888888888888,482.46944444444443,59.98861161666667,14.918888888888889,15.025,0.0,0.0,-0.0811111111111111,0.0,0.0,-0.0811111111111111,482.46944444444443,59.98861161666667,0.0,0.0811111111111111,0.58633394,0.0,0.0,244.31444456666665,49.97348383377867,122.09243945910931,0.12,0.08,0,,0.0,0.0,-0.0811111111111111,0.0,4939.0624729186,2682.6794732333346,2469.5312364593
2022-10-20 05:00:00,5,0,3,False,-0.07472222222222223,0.0,-0.6430555555555556,-1.0,480.05833333333334,59.98897250277777,14.818888888888893,14.915555555555557,0.0,0.0,-0.07472222222222223,0.0,0.0,-0.07472222222222223,480.05833333333334,59.98897250277777,0.0,0.07472222222222223,0.586767003333324,0.0,0.0,244.31444456666665,49.97557243591255,122.0975422158119,0.12,0.08,0,,0.0,0.0,-0.07472222222222223,0.0,4939.0624729186,2682.6794732333346,2469.5312364593
2022-10-20 06:00:00,6,0,3,False,-0.08,0.2777777777777778,-0.6461111111111111,-1.0,480.7944444444444,59.98733371666667,14.665277777777778,14.733055555555554,0.2777777777777778,0.0,-0.08,0.0,0.2777777777777778,0.19777777777777777,480.7944444444444,59.98733371666667,0.19777777777777777,0.0,0.5848004600000024,100.0,0.0,244.31444456666665,49.97384706893239,122.0933268950576,0.18,0.096,0,,0.2777777777777778,0.0,0.19777777777777777,0.1388888888888889,4939.340250696378,2682.6794732333346,2469.670125348189
2022-10-20 07:00:00,7,0,3,False,-0.0761111111111111,9.7,-0.6308333333333334,-1.0,480.36944444444447,60.002472230555554,14.571666666666665,14.668055555555553,9.7,0.0,-0.0761111111111111,0.0,9.7,9.623888888888889,480.36944444444447,60.002472230555554,9.623888888888889,0.0,0.5970333233333349,100.0,0.0,244.31444456666665,49.9751183919704,122.09643292087655,0.18,0.096,0,,9.7,0.0,9.623888888888889,4.85,4949.040250696377,2682.6794732333346,2474.5201253481887
2022-10-20 08:00:00,8,0,3,False,-0.07722222222222222,21.45277777777778,-0.6472222222222223,-2.3055555555555554,479.025,59.98633389444445,14.66833333333333,14.769722222222223,21.45277777777778,0.0,-0.07722222222222222,0.0,21.45277777777778,21.375555555555557,479.025,59.98633389444445,21.375555555555557,0.0,0.5836006733333391,100.0,0.0,244.31444456666665,49.974755156816684,122.09554548492828,0.18,0.096,0,,21.45277777777778,0.0,21.375555555555557,10.72638888888889,4970.493028474155,2682.6794732333346,2485.2465142370775
2022-10-20 09:00:00,9,0,3,False,-0.07055555555555555,29.75,-0.611388888888889,-2.361111111111111,479.9638888888889,60.00105546944444,14.768888888888892,14.888333333333334,29.75,0.0,-0.07055555555555555,0.0,29.75,29.679444444444446,479.9638888888889,60.00105546944444,29.679444444444446,0.0,0.5987334366666743,100.0,0.0,244.31444456666665,49.97693456773899,122.10087010061793,0.18,0.096,0,,29.75,0.0,29.679444444444446,14.875,5000.243028474155,2682.6794732333346,2500.1215142370775
2022-10-20 10:00:00,10,0,3,False,-0.07611111111111112,34.88611111111111,-0.5983333333333334,-2.3944444444444444,478.97222222222223,59.99969431666666,14.874722222222223,15.041666666666664,34.88611111111111,0.0,-0.07611111111111112,0.0,34.88611111111111,34.81,478.97222222222223,59.99969431666666,34.81,0.0,0.599633179999995,100.0,0.0,244.31444456666665,49.9751183919704,122.09643292087655,0.18,0.096,0,,34.88611111111111,0.0,34.81,17.443055555555556,5035.129139585266,2682.6794732333346,2517.564569792633
2022-10-20 11:00:00,11,0,3,False,-0.07722222222222222,37.32222222222222,-0.6361111111111111,-2.375,480.01944444444445,60.00816643055556,15.04,15.176944444444441,37.32222222222222,0.0,-0.07722222222222222,0.0,37.32222222222222,37.245,480.01944444444445,60.00816643055556,37.245,0.0,0.5902002833333256,100.0,0.0,244.31444456666665,49.974755156816684,122.09554548492828,0.12,0.08,0,,37.32222222222222,0.0,37.245,18.66111111111111,5072.451361807488,2682.6794732333346,2536.225680903744
2022-10-20 12:00:00,12,0,3,False,-0.0688888888888889,36.794444444444444,-0.6238888888888889,-2.7777777777777777,479.8027777777778,60.00899952499999,15.195277777777775,15.330833333333334,36.794444444444444,0.0,-0.0688888888888889,0.0,36.794444444444444,36.72555555555556,479.8027777777778,60.00899952499999,36.72555555555556,0.0,0.5892005700000084,100.0,0.0,244.31444456666665,49.97747942046956,122.10220125454033,0.12,0.08,0,,36.794444444444444,0.0,36.72555555555556,18.397222222222222,5109.245806251933,2682.6794732333346,2554.6229031259663
2022-10-20 13:00:00,13,0,3,False,-0.06888888888888889,33.34722222222222,-0.6419444444444445,-3.1805555555555554,480.1972222222222,59.995500294444454,15.381666666666668,15.504999999999997,33.34722222222222,0.0,-0.06888888888888889,0.0,33.34722222222222,33.278333333333336,480.1972222222222,59.995500294444454,33.278333333333336,0.0,0.5946003533333453,100.0,0.0,244.31444456666665,49.97747942046956,122.10220125454033,0.12,0.08,0,,33.34722222222222,0.0,33.278333333333336,16.67361111111111,5142.593028474155,2682.6794732333346,2571.2965142370776
2022-10-20 14:00:00,14,0,3,False,-0.08416666666666668,27.091666666666665,-0.6775,-2.486111111111111,481.7138888888889,60.00233314444444,15.529999999999998,15.69,27.091666666666665,0.0,-0.08416666666666668,0.0,27.091666666666665,27.007499999999997,481.7138888888889,60.00233314444444,27.007499999999997,0.0,0.5972002266666692,100.0,0.0,244.31444456666665,49.97248493710595,122.08999901025157,0.12,0.08,0,,27.091666666666665,0.0,27.007499999999997,13.545833333333333,5169.6846951408215,2682.6794732333346,2584.8423475704108
2022-10-20 15:00:00,15,0,3,False,-0.10083333333333334,17.461111111111112,-0.7091666666666667,-2.3472222222222223,482.9611111111111,59.98375061944444,15.609166666666665,15.779166666666669,17.461111111111112,0.0,-0.10083333333333334,0.0,17.461111111111112,17.360277777777778,482.9611111111111,59.98375061944444,17.360277777777778,0.0,0.5805007433333316,100.0,0.0,244.31444456666665,49.9670364098002,122.07668747102745,0.12,0.08,0,,17.461111111111112,0.0,17.360277777777778,8.730555555555556,5187.145806251932,2682.6794732333346,2593.572903125966
2022-10-20 16:00:00,16,0,3,False,-0.09888888888888889,5.25,-0.6713888888888889,-2.375,481.85277777777776,59.97533377222223,15.753333333333332,15.856666666666667,5.25,0.0,-0.09888888888888889,0.0,5.25,5.151111111111111,481.85277777777776,59.97533377222223,5.151111111111111,0.0,0.5704005266666741,100.0,0.0,244.31444456666665,49.96767207131921,122.07824048393694,0.12,0.08,0,,5.25,0.0,5.151111111111111,2.625,5192.395806251932,2682.6794732333346,2596.197903125966
2022-10-20 17:00:00,17,0,3,False,-0.11916666666666668,-0.20555555555555555,-0.7830555555555555,-3.1416666666666666,482.46666666666664,59.977639058333345,15.908611111111112,16.011388897222222,0.0,0.0,-0.11916666666666668,0.0,0.0,-0.11916666666666668,482.46666666666664,59.977639058333345,0.0,0.11916666666666668,0.5731668700000142,0.0,0.0,244.31444456666665,49.96104302976388,122.06204477788094,0.12,0.08,0,,0.0,0.0,-0.11916666666666668,0.0,5192.395806251932,2682.6794732333346,2596.197903125966
2022-10-20 18:00:00,18,0,3,False,-0.11166666666666668,0.0,-0.7316666666666666,-2.986111111111111,481.6722222222222,59.982972525,16.0475,16.099722252777774,0.0,0.0,-0.11166666666666668,0.0,0.0,-0.11166666666666668,481.6722222222222,59.982972525,0.0,0.11166666666666668,0.5795670300000012,0.0,0.0,244.31444456666665,49.963494867051466,122.0680349705318,0.18,0.096,0,,0.0,0.0,-0.11166666666666668,0.0,5192.395806251932,2682.6794732333346,2596.197903125966
2022-10-20 19:00:00,19,0,3,False,-0.11944444444444445,0.0,-0.736388888888889,-2.4027777777777777,482.4277777777778,60.036166544444434,16.099999999999998,16.16333395,0.0,0.0,-0.11944444444444445,0.0,0.0,-0.11944444444444445,482.4277777777778,60.036166544444434,0.0,0.11944444444444445,0.556600146666679,0.0,0.0,244.31444456666665,49.96095222097544,122.06182291889385,0.18,0.096,0,,0.0,0.0,-0.11944444444444445,0.0,5192.395806251932,2682.6794732333346,2596.197903125966
2022-10-20 20:00:00,20,0,3,False,-0.11916666666666668,0.0,-0.7633333333333332,-2.411111111111111,483.8388888888889,60.043888763888894,16.14166708333333,16.233889177777776,0.0,0.0,-0.11916666666666668,0.0,0.0,-0.11916666666666668,483.8388888888889,60.043888763888894,0.0,0.11916666666666668,0.5473334833333269,0.0,0.0,244.31444456666665,49.96104302976388,122.06204477788094,0.18,0.096,0,,0.0,0.0,-0.11916666666666668,0.0,5192.395806251932,2682.6794732333346,2596.197903125966
2022-10-20 21:00:00,21,0,3,False,-0.12638888888888888,0.0,-0.761388888888889,-3.513888888888889,486.59166666666664,60.02708314722222,16.183056386111108,16.251666633333333,0.0,0.0,-0.12638888888888888,0.0,0.0,-0.12638888888888888,486.59166666666664,60.02708314722222,0.0,0.12638888888888888,0.5675002233333345,0.0,0.0,244.31444456666665,49.95868200126472,122.05627644421716,0.18,0.096,0,,0.0,0.0,-0.12638888888888888,0.0,5192.395806251932,2682.6794732333346,2596.197903125966
2022-10-20 22:00:00,22,0,3,False,-0.11083333333333335,0.0,-0.7244444444444444,-2.786111111111111,485.5472222222222,60.023999855555545,16.123889127777776,16.182500441666665,0.0,0.0,-0.11083333333333335,0.0,0.0,-0.11083333333333335,485.5472222222222,60.023999855555545,0.0,0.11083333333333335,0.5712001733333466,0.0,0.0,244.31444456666665,49.96376729341675,122.068700547493,0.18,0.096,0,,0.0,0.0,-0.11083333333333335,0.0,5192.395806251932,2682.6794732333346,2596.197903125966
2022-10-20 23:00:00,23,0,3,False,-0.10555555555555556,0.0,-0.7319444444444444,-1.0,486.1666666666667,60.00752765555555,16.097222222222218,16.106944516666662,0.0,0.0,-0.10555555555555556,0.0,0.0,-0.10555555555555556,486.1666666666667,60.00752765555555,0.0,0.10555555555555556,0.5909668133333411,0.0,0.0,244.31444456666665,49.965492660396905,122.07291586824729,0.12,0.08,0,,0.0,0.0,-0.10555555555555556,0.0,5192.395806251932,2682.6794732333346,2596.197903125966
2022-10-21 00:00:00,0,0,4,False,-0.1038888888888889,0.0,-0.7263888888888889,-1.0,485.525,60.011360700000004,16.099444444444444,16.111389002777774,0.0,0.0,-0.1038888888888889,0.0,0.0,-0.1038888888888889,485.525,60.011360700000004,0.0,0.1038888888888889,0.5863671599999947,0.0,0.0,244.31444456666665,49.96603751312748,122.0742470221697,0.12,0.08,0,,0.0,0.0,-0.1038888888888889,0.0,5192.395806251932,2682.6794732333346,2596.197903125966
2022-10-21 01:00:00,1,0,4,False,-0.1088888888888889,0.0,-0.7369444444444446,-1.0,483.77222222222224,60.004416219444444,16.08472222222222,16.10527783611111,0.0,0.0,-0.1088888888888889,0.0,0.0,-0.1088888888888889,483.77222222222224,60.004416219444444,0.0,0.1088888888888889,0.5947005366666672,0.0,0.0,244.31444456666665,49.96440295493576,122.07025356040246,0.12,0.08,0,,0.0,0.0,-0.1088888888888889,0.0,5192.395806251932,2682.6794732333346,2596.197903125966
2022-10-21 02:00:00,2,0,4,False,-0.09777777777777778,0.0,-0.7022222222222223,-1.0,482.81944444444446,59.987556208333345,15.989166666666668,16.08138888888889,0.0,0.0,-0.09777777777777778,0.0,0.0,-0.09777777777777778,482.81944444444446,59.987556208333345,0.0,0.09777777777777778,0.5850674500000138,0.0,0.0,244.31444456666665,49.96803530647292,122.0791279198852,0.12,0.08,0,,0.0,0.0,-0.09777777777777778,0.0,5192.395806251932,2682.6794732333346,2596.197903125966
2022-10-21 03:00:00,3,0,4,False,-0.09027777777777778,0.0,-0.6769444444444445,-1.0,482.075,60.00180523055555,15.906388888888891,16.008055555555558,0.0,0.0,-0.09027777777777778,0.0,0.0,-0.09027777777777778,482.075,60.00180523055555,0.0,0.09027777777777778,0.5978337233333434,0.0,0.0,244.31444456666665,49.970487143760515,122.08511811253608,0.12,0.08,0,,0.0,0.0,-0.09027777777777778,0.0,5192.395806251932,2682.6794732333346,2596.197903125966
2022-10-21 04:00:00,4,0,4,False,-0.08333333333333333,0.0,-0.6669444444444446,-1.0055555555555555,480.0722222222222,59.99241710555555,15.832500000000001,15.926666666666668,0.0,0.0,-0.08333333333333333,0.0,0.0,-0.08333333333333333,480.0722222222222,59.99241710555555,0.0,0.08333333333333333,0.5909005266666639,0.0,0.0,244.31444456666665,49.97275736347124,122.09066458721276,0.12,0.08,0,,0.0,0.0,-0.08333333333333333,0.0,5192.395806251932,2682.6794732333346,2596.197903125966
2022-10-21 05:00:00,5,0,4,False,-0.08805555555555557,0.0,-0.6933333333333334,-1.15,480.18055555555554,59.983139180555554,15.788055555555555,15.858888888888892,0.0,0.0,-0.08805555555555557,0.0,0.0,-0.08805555555555557,480.18055555555554,59.983139180555554,0.0,0.08805555555555557,0.5797670166666649,0.0,0.0,244.31444456666665,49.97121361406794,122.08689298443261,0.12,0.08,0,,0.0,0.0,-0.08805555555555557,0.0,5192.395806251932,2682.6794732333346,2596.197903125966
2022-10-21 06:00:00,6,0,4,False,-0.09027777777777778,0.18055555555555555,-0.6472222222222223,-1.775,484.85833333333335,59.98188951388889,15.699166666666667,15.789722222222222,0.18055555555555555,0.0,-0.09027777777777778,0.0,0.18055555555555555,0.09027777777777778,484.85833333333335,59.98188951388889,0.09027777777777778,0.0,0.5782674166666651,100.0,0.0,244.31444456666665,49.970487143760515,122.08511811253608,0.18,0.096,0,,0.18055555555555555,0.0,0.09027777777777778,0.09027777777777778,5192.576361807488,2682.6794732333346,2596.288180903744
2022-10-21 07:00:00,7,0,4,False,-0.08138888888888889,9.033333333333333,-0.6694444444444445,-1.1444444444444444,485.96944444444443,60.005805249999995,15.752500000000001,15.8475,9.033333333333333,0.0,-0.08138888888888889,0.0,9.033333333333333,8.951944444444445,485.96944444444443,60.005805249999995,8.951944444444445,0.0,0.5930337000000065,100.0,0.0,244.31444456666665,49.973393024990244,122.09221760012224,0.18,0.096,0,,9.033333333333333,0.0,8.951944444444445,4.516666666666667,5201.609695140822,2682.6794732333346,2600.804847570411
2022-10-21 08:00:00,8,0,4,False,-0.08222222222222222,21.34722222222222,77.73722301111113,-1.1583333333333334,488.0861111111111,60.01016608055555,15.871111111111114,15.969166666666666,21.34722222222222,0.0,-0.08222222222222222,77.73722301111113,21.34722222222222,-56.472223011111126,488.0861111111111,60.01016608055555,0.0,56.472223011111126,0.5878007033333403,27.4317327220913,67.78620771809481,244.31444456666665,49.97312059862496,122.09155202316106,0.18,0.096,0,,21.34722222222222,77.73722301111113,-56.472223011111126,10.67361111111111,5222.956917363044,2760.4166962444456,2611.478458681522
2022-10-21 09:00:00,9,0,4,False,-0.0763888888888889,30.458333333333332,172.76389034722226,-1.6333333333333333,490.60833333333335,59.99880573055555,15.956111111111111,16.06694444444444,30.458333333333332,0.0,-0.0763888888888889,172.76389034722226,30.458333333333332,-142.3819459027778,490.60833333333335,59.99880573055555,0.0,142.3819459027778,0.5985668766666634,17.62224260915782,150.64866615558273,244.31444456666665,49.97502758318197,122.09621106188948,0.18,0.096,0,,30.458333333333332,172.76389034722226,-142.3819459027778,15.229166666666666,5253.415250696377,2933.1805865916676,2626.7076253481887
2022-10-21 10:00:00,10,0,4,False,-0.09250000000000001,35.452777777777776,182.80250165,-1.5444444444444445,490.19166666666666,60.005805175000006,16.048888888888886,16.13972261111111,35.452777777777776,0.0,-0.09250000000000001,182.80250165,35.452777777777776,-147.44222387222223,490.19166666666666,60.005805175000006,0.0,147.44222387222223,0.5930337899999927,19.384224532074725,159.4022511771887,244.31444456666665,49.96976067345308,122.08334324063951,0.18,0.096,0,,35.452777777777776,182.80250165,-147.44222387222223,17.726388888888888,5288.868028474155,3115.9830882416677,2644.4340142370775
2022-10-21 11:00:00,11,0,4,False,-0.08333333333333333,37.730555555555554,176.75166814166667,-1.1333333333333333,488.75555555555553,60.01608264444444,16.101944463888888,16.235833558333333,37.730555555555554,0.0,-0.08333333333333333,176.75166814166667,37.730555555555554,-139.10444591944446,488.75555555555553,60.01608264444444,0.0,139.10444591944446,0.5807008266666741,21.33658791576378,154.12597501017325,244.31444456666665,49.97275736347124,122.09066458721276,0.12,0.08,0,,37.730555555555554,176.75166814166667,-139.10444591944446,18.865277777777777,5326.598584029711,3292.7347563833346,2663.2992920148554
2022-10-21 12:00:00,12,0,4,False,-0.08916666666666664,36.38333333333333,174.450834925,-1.0638888888888889,486.77777777777777,60.015388197222215,16.19750068333333,16.32138818611111,36.38333333333333,0.0,-0.08916666666666664,174.450834925,36.38333333333333,-138.15666825833335,486.77777777777777,60.015388197222215,0.0,138.15666825833335,0.5815341633333417,20.84526928013414,152.11966770579005,244.31444456666665,49.97085037891423,122.08600554848434,0.12,0.08,0,,36.38333333333333,174.450834925,-138.15666825833335,18.191666666666666,5362.981917363044,3467.1855913083346,2681.490958681522
2022-10-21 13:00:00,13,0,4,False,-0.09916666666666668,33.019444444444446,41.28222259722222,-1.0083333333333333,482.24444444444447,60.00983291666667,16.290832791666666,15.796388822222225,33.019444444444446,0.0,-0.09916666666666668,41.28222259722222,33.019444444444446,-8.361944819444444,482.24444444444447,60.00983291666667,0.0,8.361944819444444,0.5882004999999992,79.79298189792429,35.99775252635353,244.31444456666665,49.96758126253078,122.07801862494988,0.12,0.08,0,,33.019444444444446,41.28222259722222,-8.361944819444444,16.509722222222223,5396.001361807488,3508.467813905557,2698.000680903744
2022-10-21 14:00:00,14,0,4,False,-0.09861111111111111,26.8,-0.706388888888889,-1.8972222222222221,482.01666666666665,60.00002780833333,16.507778022222222,16.61472188333333,26.8,0.0,-0.09861111111111111,0.0,26.8,26.70138888888889,482.01666666666665,60.00002780833333,26.70138888888889,0.0,0.5999666300000058,100.0,0.0,244.31444456666665,49.967762880107635,122.078462342924,0.12,0.08,0,,26.8,0.0,26.70138888888889,13.4,5422.801361807488,3508.467813905557,2711.400680903744
2022-10-21 15:00:00,15,0,4,False,-0.10277777777777777,17.419444444444444,33.57194484722222,-1.0944444444444446,485.7583333333333,59.993611686111116,17.093055311111108,17.208333288888888,17.419444444444444,0.0,-0.10277777777777777,33.57194484722222,17.419444444444444,-16.255278180555553,485.7583333333333,59.993611686111116,0.0,16.255278180555553,0.5923340233333391,51.728546181141546,29.274454872011006,244.31444456666665,49.966400748281195,122.07513445811797,0.12,0.08,0,,17.419444444444444,33.57194484722222,-16.255278180555553,8.709722222222222,5440.220806251933,3542.039758752779,2720.1104031259665
2022-10-21 16:00:00,16,0,4,False,-0.11555555555555556,5.011111111111111,-0.7663888888888888,-1.1388888888888888,484.7861111111111,59.99144466944445,16.681389449999998,16.80249947777778,5.011111111111111,0.0,-0.11555555555555556,0.0,5.011111111111111,4.895555555555555,484.7861111111111,59.99144466944445,4.895555555555555,0.0,0.5897336033333375,100.0,0.0,244.31444456666665,49.962223544013455,122.06492894471283,0.12,0.08,0,,5.011111111111111,0.0,4.895555555555555,2.5055555555555555,5445.231917363044,3542.039758752779,2722.615958681522
2022-10-21 17:00:00,17,0,4,False,-0.11027777777777778,-0.1527777777777778,-0.7227777777777777,-1.3055555555555556,484.725,59.997167077777775,16.794443555555556,16.861388486111114,0.0,0.0,-0.11027777777777778,0.0,0.0,-0.11027777777777778,484.725,59.997167077777775,0.0,0.11027777777777778,0.5966004933333294,0.0,0.0,244.31444456666665,49.96394891099361,122.06914426546712,0.12,0.08,0,,0.0,0.0,-0.11027777777777778,0.0,5445.231917363044,3542.039758752779,2722.615958681522
2022-10-21 18:00:00,18,0,4,False,-0.11833333333333333,0.0,-0.7416666666666667,-2.511111111111111,483.85277777777776,59.9806114388889,16.817499175000002,16.921388880555558,0.0,0.0,-0.11833333333333333,0.0,0.0,-0.11833333333333333,483.85277777777776,59.9806114388889,0.0,0.11833333333333333,0.57673372666668,0.0,0.0,244.31444456666665,49.961315456129164,122.06271035484214,0.18,0.096,0,,0.0,0.0,-0.11833333333333333,0.0,5445.231917363044,3542.039758752779,2722.615958681522
2022-10-21 19:00:00,19,0,4,False,-0.12444444444444445,0.0,-0.7544444444444445,-1.225,483.4916666666667,60.01283266666666,16.894722158333337,16.9825,0.0,0.0,-0.12444444444444445,0.0,0.0,-0.12444444444444445,483.4916666666667,60.01283266666666,0.0,0.12444444444444445,0.5846008000000068,0.0,0.0,244.31444456666665,49.95931766278372,122.05782945712663,0.18,0.096,0,,0.0,0.0,-0.12444444444444445,0.0,5445.231917363044,3542.039758752779,2722.615958681522
2022-10-21 20:00:00,20,0,4,False,-0.12055555555555555,0.0,-0.7808333333333334,-1.2,483.975,60.034805530555545,16.940555555555555,17.016388888888887,0.0,0.0,-0.12055555555555555,0.0,0.0,-0.12055555555555555,483.975,60.034805530555545,0.0,0.12055555555555555,0.5582333633333462,0.0,0.0,244.31444456666665,49.96058898582173,122.0609354829456,0.18,0.096,0,,0.0,0.0,-0.12055555555555555,0.0,5445.231917363044,3542.039758752779,2722.615958681522
2022-10-21 21:00:00,21,0,4,False,-0.11611111111111112,0.0,-0.7530555555555556,-1.761111111111111,483.5138888888889,60.02219429166667,17.003055555555555,17.06833333333333,0.0,0.0,-0.11611111111111112,0.0,0.0,-0.11611111111111112,483.5138888888889,60.02219429166667,0.0,0.11611111111111112,0.5733668499999937,0.0,0.0,244.31444456666665,49.9620419264366,122.06448522673868,0.18,0.096,0,,0.0,0.0,-0.11611111111111112,0.0,5445.231917363044,3542.039758752779,2722.615958681522
2022-10-21 22:00:00,22,0,4,False,-0.1111111111111111,0.0,-0.7341666666666667,-1.5222222222222221,484.09166666666664,60.01749965277778,17.06722222222222,17.10388893333333,0.0,0.0,-0.1111111111111111,0.0,0.0,-0.1111111111111111,484.09166666666664,60.01749965277778,0.0,0.1111111111111111,0.5790004166666648,0.0,0.0,244.31444456666665,49.96367648462832,122.06847868850592,0.18,0.096,0,,0.0,0.0,-0.1111111111111111,0.0,5445.231917363044,3542.039758752779,2722.615958681522
2022-10-21 23:00:00,23,0,4,False,-0.11277777777777778,0.0,-0.7277777777777777,-1.9416666666666667,484.4194444444444,60.01344423888889,17.099999999999998,17.124722469444443,0.0,0.0,-0.11277777777777778,0.0,0.0,-0.11277777777777778,484.4194444444444,60.01344423888889,0.0,0.11277777777777778,0.5838669133333354,0.0,0.0,244.31444456666665,49.963131631897745,122.06714753458351,0.12,0.08,0,,0.0,0.0,-0.11277777777777778,0.0,5445.231917363044,3542.039758752779,2722.615958681522
2022-10-22 00:00:00,0,0,5,True,-0.10861111111111109,0.0,-0.726111111111111,-1.45,485.18055555555554,59.998416686111106,17.113333466666663,17.185000725,0.0,0.0,-0.10861111111111109,0.0,0.0,-0.10861111111111109,485.18055555555554,59.998416686111106,0.0,0.10861111111111109,0.5981000233333276,0.0,0.0,244.31444456666665,49.964493763724185,122.07047541938954,0.12,0.08,0,,0.0,0.0,-0.10861111111111109,0.0,5445.231917363044,3542.039758752779,2722.615958681522
2022-10-22 01:00:00,1,0,5,True,-0.10861111111111112,0.0,-0.7241666666666668,-1.8972222222222221,486.1666666666667,59.989777913888894,17.17611187222222,17.250833308333334,0.0,0.0,-0.10861111111111112,0.0,0.0,-0.10861111111111112,486.1666666666667,59.989777913888894,0.0,0.10861111111111112,0.5877334966666723,0.0,0.0,244.31444456666665,49.964493763724185,122.07047541938954,0.12,0.08,0,,0.0,0.0,-0.10861111111111112,0.0,5445.231917363044,3542.039758752779,2722.615958681522
2022-10-22 02:00:00,2,0,5,True,-0.10694444444444444,0.0,-0.7447222222222223,-1.3444444444444446,486.56666666666666,59.981861450000004,17.208334166666663,17.286110530555558,0.0,0.0,-0.10694444444444444,0.0,0.0,-0.10694444444444444,486.56666666666666,59.981861450000004,0.0,0.10694444444444444,0.5782337400000045,0.0,0.0,244.31444456666665,49.96503861645476,122.07180657331195,0.12,0.08,0,,0.0,0.0,-0.10694444444444444,0.0,5445.231917363044,3542.039758752779,2722.615958681522
2022-10-22 03:00:00,3,0,5,True,-0.09333333333333335,0.0,-0.6933333333333334,-1.9277777777777778,486.15833333333336,59.98155614444444,17.258055394444444,17.348888433333336,0.0,0.0,-0.09333333333333335,0.0,0.0,-0.09333333333333335,486.15833333333336,59.98155614444444,0.0,0.09333333333333335,0.5778673733333278,0.0,0.0,244.31444456666665,49.96948824708779,122.08267766367831,0.12,0.08,0,,0.0,0.0,-0.09333333333333335,0.0,5445.231917363044,3542.039758752779,2722.615958681522
2022-10-22 04:00:00,4,0,5,True,-0.07944444444444444,0.0,-0.6247222222222223,-2.0861111111111112,482.3,59.97433355277778,17.279166083333337,17.38194424166667,0.0,0.0,-0.07944444444444444,0.0,0.0,-0.07944444444444444,482.3,59.97433355277778,0.0,0.07944444444444444,0.5692002633333345,0.0,0.0,244.31444456666665,49.97402868650925,122.09377061303172,0.12,0.08,0,,0.0,0.0,-0.07944444444444444,0.0,5445.231917363044,3542.039758752779,2722.615958681522
2022-10-22 05:00:00,5,0,5,True,-0.07416666666666667,0.0,-0.62,-1.1888888888888889,482.80833333333334,59.97166684444444,17.333888227777777,17.40194440555556,0.0,0.0,-0.07416666666666667,0.0,0.0,-0.07416666666666667,482.80833333333334,59.97166684444444,0.0,0.07416666666666667,0.5660002133333307,0.0,0.0,244.31444456666665,49.9757540534894,122.09798593378602,0.12,0.08,0,,0.0,0.0,-0.07416666666666667,0.0,5445.231917363044,3542.039758752779,2722.615958681522
2022-10-22 06:00:00,6,0,5,True,-0.06694444444444445,0.14722222222222223,-0.6163888888888889,-1.3722222222222222,485.5888888888889,60.00397226388888,17.400000000000002,17.433333325000003,0.14722222222222223,0.0,-0.06694444444444445,0.0,0.14722222222222223,0.08027777777777778,485.5888888888889,60.00397226388888,0.08027777777777778,0.0,0.59523328333334,100.0,0.0,244.31444456666665,49.97811508198856,122.1037542674498,0.18,0.096,0,,0.14722222222222223,0.0,0.08027777777777778,0.07361111111111111,5445.379139585266,3542.039758752779,2722.689569792633
2022-10-22 07:00:00,7,0,5,True,-0.07250000000000001,9.075,63.14916725555557,-2.797222222222222,487.15555555555557,60.01272186944444,17.41166666666667,17.495555566666667,9.075,0.0,-0.07250000000000001,63.14916725555557,9.075,-54.14666725555556,487.15555555555557,60.01272186944444,0.0,54.14666725555556,0.5847337566666709,14.354256054837814,55.06554521761037,244.31444456666665,49.97629890621998,122.09931708770844,0.18,0.096,0,,9.075,63.14916725555557,-54.14666725555556,4.5375,5454.454139585266,3605.188926008335,2727.227069792633
2022-10-22 08:00:00,8,0,5,True,-0.06444444444444444,21.34722222222222,175.3788905388889,-1.2027777777777777,489.7638888888889,60.016277786111104,17.499166666666667,17.579444491666667,21.34722222222222,0.0,-0.06444444444444444,175.3788905388889,21.34722222222222,-154.0961127611111,489.7638888888889,60.016277786111104,0.0,154.0961127611111,0.5804666566666753,12.167588027353762,152.92892443223658,244.31444456666665,49.978932361084425,122.10575099833343,0.18,0.096,0,,21.34722222222222,175.3788905388889,-154.0961127611111,10.67361111111111,5475.801361807488,3780.5678165472236,2737.900680903744
2022-10-22 09:00:00,9,0,5,True,-0.0763888888888889,30.238888888888887,166.29250150833334,-1.3416666666666666,489.98333333333335,60.012332922222214,17.590000025,17.679723002777777,30.238888888888887,0.0,-0.0763888888888889,166.29250150833334,30.238888888888887,-136.13000150833335,489.98333333333335,60.012332922222214,0.0,136.13000150833335,0.5852004933333432,18.17580727784536,145.00566926084178,244.31444456666665,49.97502758318197,122.09621106188948,0.18,0.096,0,,30.238888888888887,166.29250150833334,-136.13000150833335,15.119444444444444,5506.040250696377,3946.860318055557,2753.0201253481887
2022-10-22 10:00:00,10,0,5,True,-0.07055555555555555,34.59444444444444,183.6952793277778,-2.0277777777777777,489.875,60.0069440611111,17.681945263888885,17.76999965,34.59444444444444,0.0,-0.07055555555555555,183.6952793277778,34.59444444444444,-149.17139043888892,489.875,60.0069440611111,0.0,149.17139043888892,0.591667126666681,18.825286248886943,160.1807458386622,244.31444456666665,49.97693456773899,122.10087010061793,0.18,0.096,0,,34.59444444444444,183.6952793277778,-149.17139043888892,17.29722222222222,5540.634695140822,4130.555597383334,2770.317347570411
2022-10-22 11:00:00,11,0,5,True,-0.058611111111111114,36.475,178.313334925,-1.5527777777777778,488.71666666666664,60.00788851388889,17.723889411111113,17.858610758333334,36.475,0.0,-0.058611111111111114,178.313334925,36.475,-141.8969460361111,488.71666666666664,60.00788851388889,0.0,141.8969460361111,0.5905337833333363,20.448843447957728,155.4877353723404,244.31444456666665,49.98083934564144,122.11041003706188,0.12,0.08,0,,36.475,178.313334925,-141.8969460361111,18.2375,5577.109695140823,4308.8689323083345,2788.5548475704113
2022-10-22 12:00:00,12,0,5,True,-0.07222222222222222,35.708333333333336,174.98750141666667,-1.5583333333333333,486.21666666666664,60.00861067499999,17.84611060555556,17.948333325,35.708333333333336,0.0,-0.07222222222222222,174.98750141666667,35.708333333333336,-139.35139030555555,486.21666666666664,60.00861067499999,0.0,139.35139030555555,0.5896671900000087,20.397800585468794,152.58763639402397,244.31444456666665,49.97638971500841,122.0995389466955,0.12,0.08,0,,35.708333333333336,174.98750141666667,-139.35139030555555,17.854166666666668,5612.818028474156,4483.856433725001,2806.409014237078
2022-10-22 13:00:00,13,0,5,True,-0.08027777777777777,32.894444444444446,29.096111386111115,-1.1416666666666666,481.2027777777778,59.99350030555555,17.942222222222224,18.05305555833333,32.894444444444446,0.0,-0.08027777777777777,29.096111386111115,32.894444444444446,3.7180552805555527,481.2027777777778,59.99350030555555,3.7180552805555527,0.0,0.5922003666666598,100.0,25.371565561659505,244.31444456666665,49.973756260143965,122.09310503607053,0.12,0.08,0,,32.894444444444446,29.096111386111115,3.7180552805555527,16.447222222222223,5645.7124729186,4512.952545111112,2822.8562364593
2022-10-22 14:00:00,14,0,5,True,0.1255555472222222,26.391666666666666,-0.6725000000000001,-1.8194444444444444,479.7055555555556,59.995555863888896,18.024166672222222,17.93194450833333,26.391666666666666,0.0,0.1255555472222222,0.0,26.391666666666666,26.51722221388889,479.7055555555556,59.995555863888896,26.51722221388889,0.0,0.5946670366666751,100.0,0.0,244.31444456666665,50.04104556964573,122.25750253883253,0.12,0.08,0,,26.391666666666666,0.0,26.51722221388889,13.195833333333333,5672.104139585266,4512.952545111112,2836.052069792633
2022-10-22 15:00:00,15,0,5,True,-61.07861114166666,16.836111111111112,-0.6819444444444446,-0.9972222222222222,478.61944444444447,59.99972220833333,17.976944444444445,17.65944471111111,16.836111111111112,0.0,-61.07861114166666,0.0,16.836111111111112,-44.24250003055555,478.61944444444447,59.99972220833333,0.0,44.24250003055555,0.5996666499999975,27.564659373247995,0.0,244.31444456666665,30.03269116383451,73.37420260534466,0.12,0.08,0,,16.836111111111112,0.0,-44.24250003055555,8.418055555555556,5688.940250696377,4512.952545111112,2844.4701253481885
2022-10-22 16:00:00,16,0,5,True,-0.10916666666666666,4.663888888888889,-0.736388888888889,-1.0055555555555555,481.52222222222224,59.99458372777778,17.900277772222225,18.011388888888888,4.663888888888889,0.0,-0.10916666666666666,0.0,4.663888888888889,4.554722222222222,481.52222222222224,59.99458372777778,4.554722222222222,0.0,0.5935004733333358,100.0,0.0,244.31444456666665,49.96431214614733,122.0700317014154,0.12,0.08,0,,4.663888888888889,0.0,4.554722222222222,2.3319444444444444,5693.604139585266,4512.952545111112,2846.802069792633
2022-10-22 17:00:00,17,0,5,True,-0.11916666666666668,-0.19444444444444445,-0.7555555555555555,-2.2944444444444443,482.375,59.990972347222225,17.94888888888889,18.03055555555555,0.0,0.0,-0.11916666666666668,0.0,0.0,-0.11916666666666668,482.375,59.990972347222225,0.0,0.11916666666666668,0.5891668166666705,0.0,0.0,244.31444456666665,49.96104302976388,122.06204477788094,0.12,0.08,0,,0.0,0.0,-0.11916666666666668,0.0,5693.604139585266,4512.952545111112,2846.802069792633
2022-10-22 18:00:00,18,0,5,True,-0.1225,0.0,-0.7611111111111111,-1.511111111111111,481.0027777777778,59.983555611111115,18.005,18.088611111111106,0.0,0.0,-0.1225,0.0,0.0,-0.1225,481.0027777777778,59.983555611111115,0.0,0.1225,0.5802667333333374,0.0,0.0,244.31444456666665,49.959953324302724,122.05938247003611,0.18,0.096,0,,0.0,0.0,-0.1225,0.0,5693.604139585266,4512.952545111112,2846.802069792633
2022-10-22 19:00:00,19,0,5,True,-0.1175,0.0,-0.7763888888888889,-1.0805555555555555,481.6222222222222,60.02197159166666,18.089166666666664,18.101388902777774,0.0,0.0,-0.1175,0.0,0.0,-0.1175,481.6222222222222,60.02197159166666,0.0,0.1175,0.5736340900000044,0.0,0.0,244.31444456666665,49.96158788249445,122.06337593180335,0.18,0.096,0,,0.0,0.0,-0.1175,0.0,5693.604139585266,4512.952545111112,2846.802069792633
2022-10-22 20:00:00,20,0,5,True,-0.11916666666666668,0.0,-0.7522222222222222,-1.2222222222222223,483.75,60.01674957777777,18.10027778055555,18.12305578611111,0.0,0.0,-0.11916666666666668,0.0,0.0,-0.11916666666666668,483.75,60.01674957777777,0.0,0.11916666666666668,0.5799005066666723,0.0,0.0,244.31444456666665,49.96104302976388,122.06204477788094,0.18,0.096,0,,0.0,0.0,-0.11916666666666668,0.0,5693.604139585266,4512.952545111112,2846.802069792633
2022-10-22 21:00:00,21,0,5,True,-0.12166666666666666,0.0,-0.7561111111111111,-2.1166666666666667,486.68888888888887,60.02216640277777,18.159722819444443,18.19972296944444,0.0,0.0,-0.12166666666666666,0.0,0.0,-0.12166666666666666,486.68888888888887,60.02216640277777,0.0,0.12166666666666666,0.5734003166666752,0.0,0.0,244.31444456666665,49.960225750668016,122.06004804699732,0.18,0.096,0,,0.0,0.0,-0.12166666666666666,0.0,5693.604139585266,4512.952545111112,2846.802069792633
2022-10-22 22:00:00,22,0,5,True,-0.11805555555555555,0.0,-0.7361111111111112,-1.8833333333333333,481.9277777777778,60.000361258333335,18.20166763333333,18.269166416666668,0.0,0.0,-0.11805555555555555,0.0,0.0,-0.11805555555555555,481.9277777777778,60.000361258333335,0.0,0.11805555555555555,0.599566489999998,0.0,0.0,244.31444456666665,49.96140626491759,122.0629322138292,0.18,0.096,0,,0.0,0.0,-0.11805555555555555,0.0,5693.604139585266,4512.952545111112,2846.802069792633
2022-10-22 23:00:00,23,0,5,True,-0.11777777777777777,0.0,-0.7450000000000001,-1.1472222222222221,482.2638888888889,60.0054999,18.25361103888889,18.323054994444444,0.0,0.0,-0.11777777777777777,0.0,0.0,-0.11777777777777777,482.2638888888889,60.0054999,0.0,0.11777777777777777,0.593400120000004,0.0,0.0,244.31444456666665,49.96149707370602,122.06315407281627,0.12,0.08,0,,0.0,0.0,-0.11777777777777777,0.0,5693.604139585266,4512.952545111112,2846.802069792633
2022-10-23 00:00:00,0,0,6,True,-0.10444444444444445,0.0,-0.7327777777777779,-2.1416666666666666,482.9972222222222,59.99205594166666,18.30277683055556,18.384722069444447,0.0,0.0,-0.10444444444444445,0.0,0.0,-0.10444444444444445,482.9972222222222,59.99205594166666,0.0,0.10444444444444445,0.5904671299999961,0.0,0.0,244.31444456666665,49.965855895550625,122.07380330419558,0.12,0.08,0,,0.0,0.0,-0.10444444444444445,0.0,5693.604139585266,4512.952545111112,2846.802069792633
2022-10-23 01:00:00,1,0,6,True,-0.10027777777777779,0.0,-0.6872222222222223,-1.2833333333333334,483.52222222222224,59.991389169444446,18.338610497222227,18.399999991666668,0.0,0.0,-0.10027777777777779,0.0,0.0,-0.10027777777777779,483.52222222222224,59.991389169444446,0.0,0.10027777777777779,0.589667003333335,0.0,0.0,244.31444456666665,49.96721802737706,122.07713118900159,0.12,0.08,0,,0.0,0.0,-0.10027777777777779,0.0,5693.604139585266,4512.952545111112,2846.802069792633
2022-10-23 02:00:00,2,0,6,True,-0.09611111111111112,0.0,-0.7047222222222222,-1.9166666666666667,483.9194444444444,60.000555674999994,18.39638885277778,18.416944444444447,0.0,0.0,-0.09611111111111112,0.0,0.0,-0.09611111111111112,483.9194444444444,60.000555674999994,0.0,0.09611111111111112,0.5993331900000072,0.0,0.0,244.31444456666665,49.9685801592035,122.08045907380762,0.12,0.08,0,,0.0,0.0,-0.09611111111111112,0.0,5693.604139585266,4512.952545111112,2846.802069792633
2022-10-23 03:00:00,3,0,6,True,-0.08861111111111111,0.0,-0.6486111111111111,-2.113888888888889,483.09166666666664,59.985167341666674,18.400555555555556,18.469722222222224,0.0,0.0,-0.08861111111111111,0.0,0.0,-0.08861111111111111,483.09166666666664,59.985167341666674,0.0,0.08861111111111111,0.582200810000009,0.0,0.0,244.31444456666665,49.971031996491085,122.08644926645846,0.12,0.08,0,,0.0,0.0,-0.08861111111111111,0.0,5693.604139585266,4512.952545111112,2846.802069792633
2022-10-23 04:00:00,4,0,6,True,-0.08361111111111111,0.0,-0.7044444444444444,-1.0611111111111111,479.68333333333334,59.99600027499999,18.43583333333334,18.525555575,0.0,0.0,-0.08361111111111111,0.0,0.0,-0.08361111111111111,479.68333333333334,59.99600027499999,0.0,0.08361111111111111,0.5952003299999916,0.0,0.0,244.31444456666665,49.97266655468281,122.0904427282257,0.12,0.08,0,,0.0,0.0,-0.08361111111111111,0.0,5693.604139585266,4512.952545111112,2846.802069792633
2022-10-23 05:00:00,5,0,6,True,-0.07416666666666667,0.0,-0.6288888888888889,-1.1694444444444445,479.8333333333333,59.98991666111112,18.496944444444445,18.575000094444444,0.0,0.0,-0.07416666666666667,0.0,0.0,-0.07416666666666667,479.8333333333333,59.98991666111112,0.0,0.07416666666666667,0.5878999933333403,0.0,0.0,244.31444456666665,49.9757540534894,122.09798593378602,0.12,0.08,0,,0.0,0.0,-0.07416666666666667,0.0,5693.604139585266,4512.952545111112,2846.802069792633
2022-10-23 06:00:00,6,0,6,True,-0.06972222222222221,0.06111111111111111,-0.7105555555555556,-2.636111111111111,484.9111111111111,59.988028372222225,18.56083333333333,18.62472256111111,0.06111111111111111,0.0,-0.06972222222222221,0.0,0.06111111111111111,-0.008611111111111104,484.9111111111111,59.988028372222225,0.0,0.008611111111111104,0.5856340466666694,87.64940239043825,0.0,244.31444456666665,49.97720699410427,122.10153567757914,0.18,0.096,0,,0.06111111111111111,0.0,-0.008611111111111104,0.030555555555555555,5693.665250696377,4512.952545111112,2846.8326253481887
2022-10-23 07:00:00,7,0,6,True,-0.07305555555555555,8.752777777777778,-0.6294444444444445,-19.666666666666668,484.39444444444445,60.008666538888896,18.603888927777774,18.668056202777777,8.752777777777778,0.0,-0.07305555555555555,0.0,8.752777777777778,8.679722222222223,484.39444444444445,60.008666538888896,8.679722222222223,0.0,0.5896001533333247,100.0,0.0,244.31444456666665,49.976117288643124,122.0988733697343,0.18,0.096,0,,8.752777777777778,0.0,8.679722222222223,4.376388888888889,5702.418028474155,4512.952545111112,2851.2090142370776
2022-10-23 08:00:00,8,0,6,True,0.14222222222222222,20.533333333333335,-0.63,-30.90277777777778,483.4277777777778,60.00083333333333,18.690278680555554,18.701389177777777,20.533333333333335,0.0,0.14222222222222222,0.0,20.533333333333335,20.675555555555558,483.4277777777778,60.00083333333333,20.675555555555558,0.0,0.5990000000000009,100.0,0.0,244.31444456666665,50.04649409967575,122.27081408471238,0.18,0.096,0,,20.533333333333335,0.0,20.675555555555558,10.266666666666667,5722.951361807489,4512.952545111112,2861.4756809037444
2022-10-23 09:00:00,9,0,6,True,1.6505555583333331,29.105555555555554,-0.6097222222222223,-30.58888888888889,481.06944444444446,59.99705578888889,17.964166580555556,12.973055555555556,29.105555555555554,0.0,1.6505555583333331,0.0,29.105555555555554,30.75611111388889,481.06944444444446,59.99705578888889,30.75611111388889,0.0,0.596466946666672,100.0,0.0,244.31444456666665,50.53958582175436,123.47550838671297,0.18,0.096,0,,29.105555555555554,0.0,30.75611111388889,14.552777777777777,5752.056917363045,4512.952545111112,2876.0284586815224
2022-10-23 10:00:00,10,0,6,True,-3.2408333416666664,33.955555555555556,-0.6352777777777778,-12.355555555555556,478.4194444444444,59.99558368055556,16.014166711111113,11.055,33.955555555555556,0.0,-3.2408333416666664,0.0,33.955555555555556,30.71472221388889,478.4194444444444,59.99558368055556,30.71472221388889,0.0,0.5947004166666744,100.0,0.0,244.31444456666665,48.940533862672325,119.5687934745493,0.18,0.096,0,,33.955555555555556,0.0,30.71472221388889,16.977777777777778,5786.0124729186,4512.952545111112,2893.0062364593
2022-10-23 11:00:00,11,0,6,True,18.127222188888886,36.34722222222222,-0.6511111111111111,39.46388888888889,480.9194444444444,60.00586074444444,13.945277777777775,13.559444444444443,36.34722222222222,39.46388888888889,18.127222188888886,0.0,75.8111111111111,93.93833329999998,480.9194444444444,60.00586074444444,93.93833329999998,0.0,0.5929671066666714,47.944452586838636,0.0,244.31444456666665,55.925999904415306,136.63529603482678,0.12,0.08,0,,36.34722222222222,0.0,93.93833329999998,18.17361111111111,5822.359695140823,4512.952545111112,2911.1798475704113
2022-10-23 12:00:00,12,0,6,True,5.96999998611111,35.65277777777778,71.1566676166667,48.111111111111114,482.3222222222222,59.99227826111112,13.185833333333333,11.203611111111112,35.65277777777778,48.111111111111114,5.96999998611111,71.1566676166667,83.76388888888889,18.5772212583333,482.3222222222222,59.99227826111112,18.5772212583333,0.0,0.5907339133333408,42.56342231802355,62.04801850075575,244.31444456666665,51.9516624763798,126.92541562231669,0.12,0.08,0,,35.65277777777778,71.1566676166667,18.5772212583333,17.82638888888889,5858.0124729186,4584.109212727779,2929.0062364593
2022-10-23 13:00:00,13,0,6,True,-0.6361111111111111,28.808333333333334,130.65472367222222,37.43055555555556,483.48333333333335,59.98652838055556,13.500833333333334,9.746944444444443,28.808333333333334,37.43055555555556,-0.6361111111111111,130.65472367222222,66.2388888888889,-65.05194589444443,483.48333333333335,59.98652838055556,0.0,65.05194589444443,0.5838340566666744,21.94237958870104,113.92982531585476,244.31444456666665,49.79204787449714,121.64916520294643,0.12,0.08,0,,28.808333333333334,130.65472367222222,-65.05194589444443,14.404166666666667,5886.820806251933,4714.7639364000015,2943.4104031259667
2022-10-23 14:00:00,14,0,6,True,-0.5183333333333333,20.675,174.31583474166666,37.21388888888889,482.26944444444445,59.99194488055556,11.584722222222222,8.322777777777777,20.675,37.21388888888889,-0.5183333333333333,174.31583474166666,57.888888888888886,-116.94527918611111,482.26944444444445,59.99194488055556,0.0,116.94527918611111,0.590333856666669,11.82549168028236,152.00194867602605,244.31444456666665,49.83055080079112,121.7432334134635,0.12,0.08,0,,20.675,174.31583474166666,-116.94527918611111,10.3375,5907.495806251934,4889.079771141668,2953.747903125967
2022-10-23 15:00:00,15,0,6,True,-0.3769444444444444,15.433333333333334,136.8069456916667,37.0,481.8388888888889,60.00194415555555,9.8375,7.6305555555555555,15.433333333333334,37.0,-0.3769444444444444,136.8069456916667,52.43333333333334,-84.75055680277781,481.8388888888889,60.00194415555555,0.0,84.75055680277781,0.5976670133333414,11.250106202718618,119.29451141582376,244.31444456666665,49.876772474101585,121.85615963788136,0.12,0.08,0,,15.433333333333334,136.8069456916667,-84.75055680277781,7.716666666666667,5922.929139585267,5025.8867168333345,2961.4645697926335
2022-10-23 16:00:00,16,0,6,True,-0.10416666666666667,4.4944444444444445,-0.7327777777777779,37.00833333333333,480.8888888888889,59.992000636111115,8.763611111111112,8.934722222222222,4.4944444444444445,37.00833333333333,-0.10416666666666667,0.0,41.50277777777778,41.398611111111116,480.8888888888889,59.992000636111115,41.398611111111116,0.0,0.5904007633333378,10.829261762934207,0.0,244.31444456666665,49.96594670433905,122.07402516318264,0.12,0.08,0,,4.4944444444444445,0.0,41.398611111111116,2.2472222222222222,5927.4235840297115,5025.8867168333345,2963.7117920148557
2022-10-23 17:00:00,17,0,6,True,-0.1213888888888889,-0.1638888888888889,-0.7463888888888889,37.0,482.0138888888889,59.98002768333333,8.725555555555557,8.877500000000001,0.0,37.0,-0.1213888888888889,0.0,37.0,36.87861111111111,482.0138888888889,59.98002768333333,36.87861111111111,0.0,0.5760332199999993,0.0,0.0,244.31444456666665,49.960316559456444,122.0602699059844,0.12,0.08,0,,0.0,0.0,36.87861111111111,0.0,5927.4235840297115,5025.8867168333345,2963.7117920148557
2022-10-23 18:00:00,18,0,6,True,-0.11638888888888889,0.0,-0.75,37.0,481.26666666666665,59.995388905555565,8.796388888888888,8.918333333333335,0.0,37.0,-0.11638888888888889,0.0,37.0,36.88361111111111,481.26666666666665,59.995388905555565,36.88361111111111,0.0,0.5944666866666779,0.0,0.0,244.31444456666665,49.96195111764817,122.06426336775162,0.18,0.096,0,,0.0,0.0,36.88361111111111,0.0,5927.4235840297115,5025.8867168333345,2963.7117920148557
2022-10-23 19:00:00,19,0,6,True,-0.11861111111111113,0.0,-0.7091666666666667,37.0,482.05555555555554,60.015971527777765,8.87638888888889,8.998055555555556,0.0,37.0,-0.11861111111111113,0.0,37.0,36.881388888888885,482.05555555555554,60.015971527777765,36.881388888888885,0.0,0.580834166666682,0.0,0.0,244.31444456666665,49.961224647340735,122.06248849585508,0.18,0.096,0,,0.0,0.0,36.881388888888885,0.0,5927.4235840297115,5025.8867168333345,2963.7117920148557
2022-10-23 20:00:00,20,0,6,True,-0.13694444444444442,0.0,-0.7702777777777776,37.0,485.325,60.01288892499999,8.919444444444446,9.073055555555555,0.0,37.0,-0.13694444444444442,0.0,37.0,36.863055555555555,485.325,60.01288892499999,36.863055555555555,0.0,0.5845332900000102,0.0,0.0,244.31444456666665,49.955231267304406,122.04784580270855,0.18,0.096,0,,0.0,0.0,36.863055555555555,0.0,5927.4235840297115,5025.8867168333345,2963.7117920148557
2022-10-23 21:00:00,21,0,6,True,-0.12083333333333333,0.0,-0.7366666666666666,37.0,485.3638888888889,60.01588875833333,9.012777777777778,9.14611111111111,0.0,37.0,-0.12083333333333333,0.0,37.0,36.87916666666667,485.3638888888889,60.01588875833333,36.87916666666667,0.0,0.580933490000001,0.0,0.0,244.31444456666665,49.9604981770333,122.06071362395853,0.18,0.096,0,,0.0,0.0,36.87916666666667,0.0,5927.4235840297115,5025.8867168333345,2963.7117920148557
2022-10-23 22:00:00,22,0,6,True,-0.11222222222222224,0.0,-0.6947222222222222,37.0,481.72777777777776,60.00677784999999,9.102777777777776,9.202777777777778,0.0,37.0,-0.11222222222222224,0.0,37.0,36.88777777777778,481.72777777777776,60.00677784999999,36.88777777777778,0.0,0.5918665800000099,0.0,0.0,244.31444456666665,49.9633132494746,122.06759125255763,0.18,0.096,0,,0.0,0.0,36.88777777777778,0.0,5927.4235840297115,5025.8867168333345,2963.7117920148557
2022-10-23 23:00:00,23,0,6,True,-0.12611111111111112,0.0,-0.7491666666666666,37.0,481.51666666666665,60.00991640555556,9.189444444444446,9.269166666666667,0.0,37.0,-0.12611111111111112,0.0,37.0,36.87388888888889,481.51666666666665,60.00991640555556,36.87388888888889,0.0,0.5881003133333308,0.0,0.0,244.31444456666665,49.95877281005315,122.05649830320424,0.12,0.08,0,,0.0,0.0,36.87388888888889,0.0,5927.4235840297115,5025.8867168333345,2963.7117920148557
2022-10-24 00:00:00,0,0,0,False,-0.11861111111111113,0.0,-0.7083333333333334,37.0,482.73055555555555,59.99113894166667,9.206111111111113,9.344166666666668,0.0,37.0,-0.11861111111111113,0.0,37.0,36.881388888888885,482.73055555555555,59.99113894166667,36.881388888888885,0.0,0.5893667300000033,0.0,0.0,244.31444456666665,49.961224647340735,122.06248849585508,0.12,0.08,0,,0.0,0.0,36.881388888888885,0.0,5927.4235840297115,5025.8867168333345,2963.7117920148557
2022-10-24 01:00:00,1,0,0,False,-0.11861111111111113,0.0,-0.7736111111111111,37.0,483.5472222222222,60.00847161388889,9.293055555555554,9.441666666666666,0.0,37.0,-0.11861111111111113,0.0,37.0,36.881388888888885,483.5472222222222,60.00847161388889,36.881388888888885,0.0,0.5898340633333362,0.0,0.0,244.31444456666665,49.961224647340735,122.06248849585508,0.12,0.08,0,,0.0,0.0,36.881388888888885,0.0,5927.4235840297115,5025.8867168333345,2963.7117920148557
2022-10-24 02:00:00,2,0,0,False,-0.11222222222222224,0.0,-0.7091666666666666,37.0,484.2611111111111,59.991056175000004,9.357222222222223,9.483611111111111,0.0,37.0,-0.11222222222222224,0.0,37.0,36.88777777777778,484.2611111111111,59.991056175000004,36.88777777777778,0.0,0.589267410000005,0.0,0.0,244.31444456666665,49.9633132494746,122.06759125255763,0.12,0.08,0,,0.0,0.0,36.88777777777778,0.0,5927.4235840297115,5025.8867168333345,2963.7117920148557
2022-10-24 03:00:00,3,0,0,False,-0.1111111111111111,0.0,-0.7255555555555555,37.0,484.0833333333333,59.99041733888889,9.423333333333336,9.539722222222222,0.0,37.0,-0.1111111111111111,0.0,37.0,36.888888888888886,484.0833333333333,59.99041733888889,36.888888888888886,0.0,0.5885008066666672,0.0,0.0,244.31444456666665,49.96367648462832,122.06847868850592,0.12,0.08,0,,0.0,0.0,36.888888888888886,0.0,5927.4235840297115,5025.8867168333345,2963.7117920148557
2022-10-24 04:00:00,4,0,0,False,-0.09972222222222221,0.0,-0.6808333333333334,37.0,480.1694444444444,59.973361469444455,9.498333333333333,9.612499999999999,0.0,37.0,-0.09972222222222221,0.0,37.0,36.90027777777778,480.1694444444444,59.973361469444455,36.90027777777778,0.0,0.5680337633333465,0.0,0.0,244.31444456666665,49.96739964495392,122.07757490697573,0.12,0.08,0,,0.0,0.0,36.90027777777778,0.0,5927.4235840297115,5025.8867168333345,2963.7117920148557
2022-10-24 05:00:00,5,0,0,False,-0.09472222222222222,0.0,-0.698888888888889,37.0,480.90833333333336,59.97952806111112,9.539444444444444,9.677222222222223,0.0,37.0,-0.09472222222222222,0.0,37.0,36.905277777777776,480.90833333333336,59.97952806111112,36.905277777777776,0.0,0.5754336733333417,0.0,0.0,244.31444456666665,49.96903420314565,122.08156836874296,0.12,0.08,0,,0.0,0.0,36.905277777777776,0.0,5927.4235840297115,5025.8867168333345,2963.7117920148557
2022-10-24 06:00:00,6,0,0,False,-0.10361111111111113,-0.005555555555555556,-0.6975,37.0,485.90555555555557,59.98400020277778,9.616944444444442,9.746944444444445,0.0,37.0,-0.10361111111111113,0.0,37.0,36.896388888888886,485.90555555555557,59.98400020277778,36.896388888888886,0.0,0.5808002433333342,0.0,0.0,244.31444456666665,49.96612832191591,122.07446888115678,0.18,0.096,0,,0.0,0.0,36.896388888888886,0.0,5927.4235840297115,5025.8867168333345,2963.7117920148557
2022-10-24 07:00:00,7,0,0,False,-0.095,6.886111111111111,62.09250082222223,37.0,488.60277777777776,59.99744428611111,10.13111111111111,10.2375,6.886111111111111,37.0,-0.095,62.09250082222223,43.88611111111111,-18.301389711111113,488.60277777777776,59.99744428611111,0.0,18.301389711111113,0.5969331433333337,11.073143348848667,54.144140933224826,244.31444456666665,49.96894339435722,122.0813465097559,0.18,0.096,0,,6.886111111111111,62.09250082222223,-18.301389711111113,3.4430555555555555,5934.309695140822,5087.979217655557,2967.154847570411
2022-10-24 08:00:00,8,0,0,False,3.8780555638888896,20.34722222222222,115.82500158333335,18.91111111111111,487.0138888888889,60.01169411666667,10.031666666666666,10.172222222222222,20.34722222222222,18.91111111111111,3.8780555638888896,115.82500158333335,39.25833333333333,-72.68861268611113,487.0138888888889,60.01169411666667,0.0,72.68861268611113,0.5859670599999987,18.17577249377401,100.99843179572146,244.31444456666665,51.267781497984245,125.25459560845249,0.18,0.096,0,,20.34722222222222,115.82500158333335,-72.68861268611113,10.17361111111111,5954.656917363045,5203.80421923889,2977.3284586815225
2022-10-24 09:00:00,9,0,0,False,5.300555538888889,27.625,115.89944582777778,0.0,483.3277777777778,60.01311092777778,10.46361111111111,10.618611111111111,27.625,0.0,5.300555538888889,115.89944582777778,27.625,-82.9738902888889,483.3277777777778,60.01311092777778,0.0,82.9738902888889,0.5842668866666628,24.977646636274876,101.06334655369531,244.31444456666665,51.73281329535736,126.39073546126302,0.18,0.096,0,,27.625,115.89944582777778,-82.9738902888889,13.8125,5982.281917363045,5319.703665066668,2991.1409586815225
2022-10-24 10:00:00,10,0,0,False,-3.876666700000001,33.96944444444444,130.38166844166668,0.0,485.5527777777778,60.005693922222214,15.97500001111111,16.03444441111111,33.96944444444444,0.0,-3.876666700000001,130.38166844166668,33.96944444444444,-100.28889069722224,485.5527777777778,60.005693922222214,0.0,100.28889069722224,0.5931672933333431,25.30155346303123,113.6917234405883,244.31444456666665,48.73267253778511,119.0609582331822,0.18,0.096,0,,33.96944444444444,130.38166844166668,-100.28889069722224,16.98472222222222,6016.25136180749,5450.085333508335,3008.125680903745
2022-10-24 11:00:00,11,0,0,False,-0.7319444444444444,35.66111111111111,123.26027926944448,0.0,486.0861111111111,59.99880546388888,17.45500005555556,17.550833383333334,35.66111111111111,0.0,-0.7319444444444444,123.26027926944448,35.66111111111111,-88.33111260277782,486.0861111111111,59.99880546388888,0.0,88.33111260277782,0.598566556666654,28.760764218084223,107.48193169641131,244.31444456666665,49.76071884248908,121.57262385240783,0.12,0.08,0,,35.66111111111111,123.26027926944448,-88.33111260277782,17.830555555555556,6051.912472918601,5573.345612777779,3025.9562364593007
2022-10-24 12:00:00,12,0,0,False,-0.6863888861111112,33.916666666666664,127.28250145000001,12.744444444444444,486.7361111111111,60.00369394722222,18.448611175,14.886944447222222,33.916666666666664,12.744444444444444,-0.6863888861111112,127.28250145000001,46.66111111111111,-81.30777922500002,486.7361111111111,60.00369394722222,0.0,81.30777922500002,0.5955672633333392,26.503837438602705,110.98927576735265,244.31444456666665,49.775611484699546,121.60900872850563,0.12,0.08,0,,33.916666666666664,127.28250145000001,-81.30777922500002,16.958333333333332,6085.829139585268,5700.628114227779,3042.914569792634
2022-10-24 13:00:00,13,0,0,False,0.3377777972222222,29.816666666666666,130.52555713055557,49.21388888888889,486.2972222222222,59.98947269722222,18.866666675,14.616111116666666,29.816666666666666,49.21388888888889,0.3377777972222222,130.52555713055557,79.03055555555555,-51.157223777777794,486.2972222222222,59.98947269722222,0.0,51.157223777777794,0.5873672366666625,22.902815317499154,113.81719317279,244.31444456666665,50.110423493086515,122.42700282713876,0.12,0.08,0,,29.816666666666666,130.52555713055557,-51.157223777777794,14.908333333333333,6115.645806251935,5831.153671358335,3057.8229031259675
2022-10-24 14:00:00,14,0,0,False,-0.24780056598240474,23.35190615835777,138.28680511143696,63.66862170087977,485.3988269794721,59.98322638709678,18.358064521994134,14.36891495601173,23.35190615835777,63.66862170087977,-0.24780056598240474,138.28680511143696,87.02052785923755,-51.51407781818182,485.3988269794721,59.98322638709678,0.0,51.51407781818182,0.5798716645161335,16.85637032290196,120.58493644178321,244.31444456666665,49.91899111099185,121.95930586610342,0.12,0.08,0,,23.35190615835777,138.28680511143696,-51.51407781818182,11.675953079178885,6138.9977124102925,5969.440476469772,3069.4988562051462
2022-10-24 15:00:00,15,0,0,False,0.5702777777777778,13.036111111111111,102.87472351388891,57.00277777777778,485.625,59.9999723138889,16.021944438888887,13.061388888888887,13.036111111111111,57.00277777777778,0.5702777777777778,102.87472351388891,70.03888888888889,-32.26555684722224,485.625,59.9999723138889,0.0,32.26555684722224,0.5999667766666761,12.742467853974857,89.70589772749295,244.31444456666665,50.18643044264513,122.61269878378496,0.12,0.08,0,,13.036111111111111,102.87472351388891,-32.26555684722224,6.518055555555556,6152.033823521404,6072.315199983661,3076.016911760702
2022-10-24 16:00:00,16,0,0,False,-0.1213888888888889,2.0972222222222223,-0.7727777777777778,37.73888888888889,483.13055555555553,60.01855533333332,15.632777777777779,15.74777777777778,2.0972222222222223,37.73888888888889,-0.1213888888888889,0.0,39.83611111111111,39.71472222222222,483.13055555555553,60.01855533333332,39.71472222222222,0.0,0.5777336000000189,5.264625897775609,0.0,244.31444456666665,49.960316559456444,122.0602699059844,0.12,0.08,0,,2.0972222222222223,0.0,39.71472222222222,1.0486111111111112,6154.131045743627,6072.315199983661,3077.0655228718133
2022-10-24 17:00:00,17,0,0,False,-0.12611111111111112,-0.1527777777777778,-0.7580555555555555,38.0,483.4916666666667,60.00708362222222,15.31527777777778,15.419444444444444,0.0,38.0,-0.12611111111111112,0.0,38.0,37.87388888888889,483.4916666666667,60.00708362222222,37.87388888888889,0.0,0.591499653333338,0.0,0.0,244.31444456666665,49.95877281005315,122.05649830320424,0.12,0.08,0,,0.0,0.0,37.87388888888889,0.0,6154.131045743627,6072.315199983661,3077.0655228718133
2022-10-24 18:00:00,18,0,0,False,-0.13555555555555554,0.0,-0.7719444444444444,38.0,484.1777777777778,60.021555458333324,15.389722222222225,15.450833333333334,0.0,38.0,-0.13555555555555554,0.0,38.0,37.864444444444445,484.1777777777778,60.021555458333324,37.864444444444445,0.0,0.5741334500000107,0.0,0.0,244.31444456666665,49.955685311246555,122.0489550976439,0.18,0.096,0,,0.0,0.0,37.864444444444445,0.0,6154.131045743627,6072.315199983661,3077.0655228718133
2022-10-24 19:00:00,19,0,0,False,-0.1461111111111111,0.0,-0.8083333333333333,38.0,485.7361111111111,60.0183609611111,15.40277777777778,15.520555555555557,0.0,38.0,-0.1461111111111111,0.0,38.0,37.85388888888889,485.7361111111111,60.0183609611111,37.85388888888889,0.0,0.5779668466666805,0.0,0.0,244.31444456666665,49.95223457728624,122.04052445613529,0.18,0.096,0,,0.0,0.0,37.85388888888889,0.0,6154.131045743627,6072.315199983661,3077.0655228718133
2022-10-24 20:00:00,20,0,0,False,-0.14472222222222225,0.0,-0.7708333333333334,38.0,482.7,60.024555341666655,15.474444444444446,15.589166666666666,0.0,38.0,-0.14472222222222225,0.0,38.0,37.85527777777778,482.7,60.024555341666655,37.85527777777778,0.0,0.5705335900000136,0.0,0.0,244.31444456666665,49.95268862122839,122.04163375107063,0.18,0.096,0,,0.0,0.0,37.85527777777778,0.0,6154.131045743627,6072.315199983661,3077.0655228718133
2022-10-24 21:00:00,21,0,0,False,-0.13722222222222225,0.0,-0.7875,38.0,482.71944444444443,60.02411079166666,15.553333333333331,15.65861111111111,0.0,38.0,-0.13722222222222225,0.0,38.0,37.86277777777778,482.71944444444443,60.02411079166666,37.86277777777778,0.0,0.5710670500000106,0.0,0.0,244.31444456666665,49.95514045851598,122.04762394372149,0.18,0.096,0,,0.0,0.0,37.86277777777778,0.0,6154.131045743627,6072.315199983661,3077.0655228718133
2022-10-24 22:00:00,22,0,0,False,-0.1377777777777778,0.0,-0.7888888888888889,38.0,483.35555555555555,60.01686086666666,15.636944444444442,15.71972222222222,0.0,38.0,-0.1377777777777778,0.0,38.0,37.86222222222222,483.35555555555555,60.01686086666666,37.86222222222222,0.0,0.5797669600000063,0.0,0.0,244.31444456666665,49.95495884093912,122.04718022574735,0.18,0.096,0,,0.0,0.0,37.86222222222222,0.0,6154.131045743627,6072.315199983661,3077.0655228718133
2022-10-24 23:00:00,23,0,0,False,-0.13361111111111112,0.0,-0.7719444444444445,38.0,483.4194444444444,60.01863868611111,15.693888888888887,15.780833333333334,0.0,38.0,-0.13361111111111112,0.0,38.0,37.86638888888889,483.4194444444444,60.01863868611111,37.86638888888889,0.0,0.5776335766666676,0.0,0.0,244.31444456666665,49.95632097276556,122.05050811055338,0.12,0.08,0,,0.0,0.0,37.86638888888889,0.0,6154.131045743627,6072.315199983661,3077.0655228718133
2022-10-25 00:00:00,0,0,1,False,-0.1436111111111111,0.0,-0.7977777777777779,38.0,483.59166666666664,60.00224990277778,15.777222222222223,15.82277777777778,0.0,38.0,-0.1436111111111111,0.0,38.0,37.85638888888889,483.59166666666664,60.00224990277778,37.85638888888889,0.0,0.5973001166666677,0.0,0.0,244.31444456666665,49.9530518563821,122.04252118701889,0.12,0.08,0,,0.0,0.0,37.85638888888889,0.0,6154.131045743627,6072.315199983661,3077.0655228718133
2022-10-25 01:00:00,1,0,1,False,-0.13777777777777778,0.0,-0.7561111111111113,38.0,483.43611111111113,60.00433293333333,15.800833333333337,15.878611111111114,0.0,38.0,-0.13777777777777778,0.0,38.0,37.86222222222222,483.43611111111113,60.00433293333333,37.86222222222222,0.0,0.5948004800000035,0.0,0.0,244.31444456666665,49.95495884093912,122.04718022574735,0.12,0.08,0,,0.0,0.0,37.86222222222222,0.0,6154.131045743627,6072.315199983661,3077.0655228718133
2022-10-25 02:00:00,2,0,1,False,-0.13638888888888887,0.0,-0.7924999999999999,38.0,484.2416666666667,59.99569462499999,15.863333333333333,15.94888888888889,0.0,38.0,-0.13638888888888887,0.0,38.0,37.86361111111111,484.2416666666667,59.99569462499999,37.86361111111111,0.0,0.5948335499999899,0.0,0.0,244.31444456666665,49.95541288488126,122.04828952068269,0.12,0.08,0,,0.0,0.0,37.86361111111111,0.0,6154.131045743627,6072.315199983661,3077.0655228718133
2022-10-25 03:00:00,3,0,1,False,-0.12944444444444445,0.0,-0.7469444444444444,38.0,483.84444444444443,59.999083513888884,15.916944444444445,16.010833336111112,0.0,38.0,-0.12944444444444445,0.0,38.0,37.870555555555555,483.84444444444443,59.999083513888884,37.870555555555555,0.0,0.5989002166666608,0.0,0.0,244.31444456666665,49.95768310459199,122.05383599535939,0.12,0.08,0,,0.0,0.0,37.870555555555555,0.0,6154.131045743627,6072.315199983661,3077.0655228718133
2022-10-25 04:00:00,4,0,1,False,-0.11861111111111113,0.0,-0.7319444444444444,38.0,481.1972222222222,59.99108365277779,15.990833333333335,16.05916668333333,0.0,38.0,-0.11861111111111113,0.0,38.0,37.881388888888885,481.1972222222222,59.99108365277779,37.881388888888885,0.0,0.5893003833333467,0.0,0.0,244.31444456666665,49.961224647340735,122.06248849585508,0.12,0.08,0,,0.0,0.0,37.881388888888885,0.0,6154.131045743627,6072.315199983661,3077.0655228718133
2022-10-25 05:00:00,5,0,1,False,-0.11861111111111113,0.0,-0.7402777777777778,37.98888888888889,483.2861111111111,59.99369456111112,16.06444444444444,16.095833424999995,0.0,37.98888888888889,-0.11861111111111113,0.0,37.98888888888889,37.87027777777777,483.2861111111111,59.99369456111112,37.87027777777777,0.0,0.5924334733333438,0.0,0.0,244.31444456666665,49.961224647340735,122.06248849585508,0.12,0.08,0,,0.0,0.0,37.87027777777777,0.0,6154.131045743627,6072.315199983661,3077.0655228718133
2022-10-25 06:00:00,6,0,1,False,-0.11055555555555555,0.0,-0.6991666666666667,37.958333333333336,485.9861111111111,59.99316701111111,16.099999999999998,16.129722480555554,0.0,37.958333333333336,-0.11055555555555555,0.0,37.958333333333336,37.84777777777778,485.9861111111111,59.99316701111111,37.84777777777778,0.0,0.591800413333334,0.0,0.0,244.31444456666665,49.96385810220518,122.06892240648006,0.18,0.096,0,,0.0,0.0,37.84777777777778,0.0,6154.131045743627,6072.315199983661,3077.0655228718133
2022-10-25 07:00:00,7,0,1,False,-0.12339832869080779,6.077994428969359,85.2275774150418,43.860724233983284,489.3899721448468,60.00108639275765,16.11002795543175,16.17381649303621,6.077994428969359,43.860724233983284,-0.12339832869080779,85.2275774150418,49.938718662952645,-35.41225708077995,489.3899721448468,60.00108639275765,0.0,35.41225708077995,0.5986963286908207,7.1211774393987195,74.31773405566952,244.31444456666665,49.95965965019864,122.05866498177988,0.18,0.096,0,,6.077994428969359,85.2275774150418,-35.41225708077995,3.0389972144846795,6160.209040172596,6157.542777398703,3080.104520086298
2022-10-25 08:00:00,8,0,1,False,-0.10972222222222222,10.308333333333334,184.04389039722224,58.84166666666667,491.925,59.98602828333333,16.19361202222222,16.26916645,10.308333333333334,58.84166666666667,-0.10972222222222222,184.04389039722224,69.15,-115.00361261944445,491.925,59.98602828333333,0.0,115.00361261944445,0.5832339399999995,5.597681841102744,160.48473177295278,244.31444456666665,49.96413052857047,122.06958798344128,0.18,0.096,0,,10.308333333333334,184.04389039722224,-115.00361261944445,5.154166666666667,6170.51737350593,6341.586667795926,3085.258686752965
2022-10-25 09:00:00,9,0,1,False,-0.1272222222222222,12.838888888888889,178.88833475833337,56.23888888888889,491.31388888888887,59.990389355555564,16.272221786111114,16.346943983333333,12.838888888888889,56.23888888888889,-0.1272222222222222,178.88833475833337,69.07777777777778,-109.9377792027778,491.31388888888887,59.990389355555564,0.0,109.9377792027778,0.5884672266666768,7.17194030811715,155.98913041361473,244.31444456666665,49.95840957489943,122.05561086725594,0.18,0.096,0,,12.838888888888889,178.88833475833337,-109.9377792027778,6.419444444444444,6183.356262394818,6520.475002554259,3091.678131197409
2022-10-25 10:00:00,10,0,1,False,-0.11583333333333334,2.8722222222222222,181.22277935277782,58.16388888888889,489.84166666666664,59.99094511944445,16.34194386388889,16.405555461111113,2.8722222222222222,58.16388888888889,-0.11583333333333334,181.22277935277782,61.03611111111111,-120.30250157500004,489.84166666666664,59.99094511944445,0.0,120.30250157500004,0.5891341433333366,1.5838999646445444,158.0247465580553,244.31444456666665,49.962132735225026,122.06470708572577,0.18,0.096,0,,2.8722222222222222,181.22277935277782,-120.30250157500004,1.4361111111111111,6186.2284846170405,6701.697781907037,3093.1142423085203
2022-10-25 11:00:00,11,0,1,False,-0.125,20.072222222222223,175.88694586944447,52.34722222222222,489.1777777777778,59.99150025277779,16.399444436111114,16.47194444166667,20.072222222222223,52.34722222222222,-0.125,175.88694586944447,72.41944444444445,-103.59250142500002,489.1777777777778,59.99150025277779,0.0,103.59250142500002,0.5898003033333481,11.403897686075604,153.3719444274891,244.31444456666665,49.95913604520686,122.0573857391525,0.12,0.08,0,,20.072222222222223,175.88694586944447,-103.59250142500002,10.036111111111111,6206.300706839263,6877.5847277764815,3103.1503534196313
2022-10-25 12:00:00,12,0,1,False,-0.1313888888888889,34.9,180.44277913611114,60.236111111111114,489.60277777777776,59.986111991666675,16.468611111111112,16.610277919444442,34.9,60.236111111111114,-0.1313888888888889,180.44277913611114,95.13611111111112,-85.43805691388891,489.60277777777776,59.986111991666675,0.0,85.43805691388891,0.5833343900000102,19.327238431561362,157.3445928985971,244.31444456666665,49.957047443072994,122.05228298244992,0.12,0.08,0,,34.9,180.44277913611114,-85.43805691388891,17.45,6241.200706839262,7058.027506912593,3120.600353419631
2022-10-25 13:00:00,13,0,1,False,-0.13638888888888892,32.31388888888889,180.70139051388892,56.57222222222222,487.69166666666666,59.98566724444445,16.564722230555553,16.682778258333332,32.31388888888889,56.57222222222222,-0.13638888888888892,180.70139051388892,88.88611111111112,-91.95166829166669,487.69166666666666,59.98566724444445,0.0,91.95166829166669,0.5828006933333398,17.868992306589075,157.57009985515253,244.31444456666665,49.95541288488126,122.04828952068269,0.12,0.08,0,,32.31388888888889,180.70139051388892,-91.95166829166669,16.156944444444445,6273.514595728151,7238.728897426482,3136.7572978640756
2022-10-25 14:00:00,14,0,1,False,-0.12813370473537605,16.43732590529248,187.15821882451255,63.02785515320334,487.1977715877437,59.989248582172706,16.664624593314763,16.77799387743733,16.43732590529248,63.02785515320334,-0.12813370473537605,187.15821882451255,79.46518105849582,-107.8211714707521,487.1977715877437,59.989248582172706,0.0,107.8211714707521,0.5870982986072476,8.776574311641589,163.20040009113407,244.31444456666665,49.95811160065773,122.05488287314239,0.12,0.08,0,,16.43732590529248,187.15821882451255,-107.8211714707521,8.21866295264624,6289.951921633444,7425.887116250995,3144.975960816722
2022-10-25 15:00:00,15,0,1,False,-0.15333333333333335,1.1416666666666666,182.37361252777782,59.230555555555554,489.94166666666666,59.992417333333336,16.73611138888889,16.815832641666667,1.1416666666666666,59.230555555555554,-0.15333333333333335,182.37361252777782,60.37222222222222,-122.15472363888894,489.94166666666666,59.992417333333336,0.0,122.15472363888894,0.5909008000000028,0.6254784252706372,159.02826345289313,244.31444456666665,49.94987354878708,122.0347561224715,0.12,0.08,0,,1.1416666666666666,182.37361252777782,-122.15472363888894,0.5708333333333333,6291.09358830011,7608.260728778772,3145.546794150055
2022-10-25 16:00:00,16,0,1,False,-0.15111111111111114,1.0,126.76555715555554,39.03333333333333,490.5444444444444,59.99602822777778,16.799999000000007,16.871666294444445,1.0,39.03333333333333,-0.15111111111111114,126.76555715555554,40.03333333333333,-86.88333493333332,490.5444444444444,59.99602822777778,0.0,86.88333493333332,0.5952338733333334,0.787918571813502,110.53850466999961,244.31444456666665,49.950600019094516,122.03653099436805,0.12,0.08,0,,1.0,126.76555715555554,-86.88333493333332,0.5,6292.09358830011,7735.0262859343275,3146.046794150055
2022-10-25 17:00:00,17,0,1,False,-0.1586111111111111,-0.2222222222222222,121.50416808333335,37.90555555555556,490.59722222222223,60.01299959999999,16.823610347222225,16.92111099166667,0.0,37.90555555555556,-0.1586111111111111,121.50416808333335,37.90555555555556,-83.7572236388889,490.59722222222223,60.01299959999999,0.0,83.7572236388889,0.5844004800000079,0.0,105.95061744273923,244.31444456666665,49.94814818180693,122.03054080171721,0.12,0.08,0,,0.0,121.50416808333335,-83.7572236388889,0.0,6292.09358830011,7856.530454017661,3146.046794150055
2022-10-25 18:00:00,18,0,1,False,-0.1572222222222222,0.0,121.33444588611111,37.96944444444444,490.5805555555556,60.01455470277778,16.893888819444445,16.987499994444445,0.0,37.96944444444444,-0.1572222222222222,121.33444588611111,37.96944444444444,-83.52222366388888,490.5805555555556,60.01455470277778,0.0,83.52222366388888,0.5825343566666646,0.0,105.80262110752628,244.31444456666665,49.94860222574908,122.03165009665256,0.18,0.096,0,,0.0,121.33444588611111,-83.52222366388888,0.0,6292.09358830011,7977.864899903772,3146.046794150055
2022-10-25 19:00:00,19,0,1,False,-0.15083333333333335,0.0,123.92777944444447,37.71944444444444,489.4916666666667,59.99586159722222,16.9725,17.048055566666665,0.0,37.71944444444444,-0.15083333333333335,123.92777944444447,37.71944444444444,-86.35916833333337,489.4916666666667,59.99586159722222,0.0,86.35916833333337,0.5950339166666679,0.0,108.06398626128748,244.31444456666665,49.950690827882944,122.03675285335511,0.18,0.096,0,,0.0,123.92777944444447,-86.35916833333337,0.0,6292.09358830011,8101.792679348217,3146.046794150055
2022-10-25 20:00:00,20,0,1,False,-0.14666666666666667,0.0,120.00694590277779,37.80833333333333,489.0388888888889,60.009611144444456,17.062777777777775,17.08972227222222,0.0,37.80833333333333,-0.14666666666666667,120.00694590277779,37.80833333333333,-82.34527923611112,489.0388888888889,60.009611144444456,0.0,82.34527923611112,0.5884666266666528,0.0,104.64505223472078,244.31444456666665,49.952052959709384,122.04008073816115,0.18,0.096,0,,0.0,120.00694590277779,-82.34527923611112,0.0,6292.09358830011,8221.799625250995,3146.046794150055
2022-10-25 21:00:00,21,0,1,False,-0.13805555555555557,0.0,117.90083480000001,37.91111111111111,490.13055555555553,60.0228606361111,17.099444444444444,17.121944652777778,0.0,37.91111111111111,-0.13805555555555557,117.90083480000001,37.91111111111111,-80.12777924444445,490.13055555555553,60.0228606361111,0.0,80.12777924444445,0.5725672366666827,0.0,102.80854098360656,244.31444456666665,49.95486803215069,122.04695836676028,0.18,0.096,0,,0.0,117.90083480000001,-80.12777924444445,0.0,6292.09358830011,8339.700460050995,3146.046794150055
2022-10-25 22:00:00,22,0,1,False,-0.13944444444444445,0.0,121.41666808333335,37.861111111111114,485.5,59.99874990555555,17.11166678333333,17.16888925,0.0,37.861111111111114,-0.13944444444444445,121.41666808333335,37.861111111111114,-83.69500141666668,485.5,59.99874990555555,0.0,83.69500141666668,0.5984998866666587,0.0,105.8743181752122,244.31444456666665,49.95441398820854,122.04584907182493,0.18,0.096,0,,0.0,121.41666808333335,-83.69500141666668,0.0,6292.09358830011,8461.117128134329,3146.046794150055
2022-10-25 23:00:00,23,0,1,False,-0.13305555555555557,0.0,118.82916816666669,37.861111111111114,485.4583333333333,60.016610730555556,17.184445288888885,17.220833541666668,0.0,37.861111111111114,-0.13305555555555557,118.82916816666669,37.861111111111114,-81.10111261111113,485.4583333333333,60.016610730555556,0.0,81.10111261111113,0.5800671233333332,0.0,103.61803990815024,244.31444456666665,49.95650259034242,122.05095182852752,0.12,0.08,0,,0.0,118.82916816666669,-81.10111261111113,0.0,6292.09358830011,8579.946296300996,3146.046794150055
2022-10-26 00:00:00,0,0,2,False,-0.12027777777777778,0.0,120.81916810833334,37.84444444444444,487.56944444444446,60.00308311666666,17.20027877222222,17.26666648333333,0.0,37.84444444444444,-0.12027777777777778,120.81916810833334,37.84444444444444,-83.09500144166668,487.56944444444446,60.00308311666666,0.0,83.09500144166668,0.5963002600000095,0.0,105.35330319875598,244.31444456666665,49.96067979461016,122.06115734193266,0.12,0.08,0,,0.0,120.81916810833334,-83.09500144166668,0.0,6292.09358830011,8700.765464409329,3146.046794150055
2022-10-26 01:00:00,1,0,2,False,-0.13194444444444445,0.0,119.3816681916667,38.0,489.02777777777777,60.01233283611111,17.23111148888889,17.299721811111112,0.0,38.0,-0.13194444444444445,119.3816681916667,38.0,-81.51361263611115,489.02777777777777,60.01233283611111,0.0,81.51361263611115,0.5852005966666638,0.0,104.09981530490644,244.31444456666665,49.95686582549613,122.05183926447579,0.12,0.08,0,,0.0,119.3816681916667,-81.51361263611115,0.0,6292.09358830011,8820.147132600996,3146.046794150055
2022-10-26 02:00:00,2,0,2,False,-0.11388888888888889,0.0,119.27166830000002,37.99444444444445,489.30833333333334,60.013861049999996,17.292221394444447,17.35805521111111,0.0,37.99444444444445,-0.11388888888888889,119.27166830000002,37.99444444444445,-81.39111274444447,489.30833333333334,60.013861049999996,0.0,81.39111274444447,0.5833667400000052,0.0,104.00389632019535,244.31444456666665,49.96276839674403,122.06626009863524,0.12,0.08,0,,0.0,119.27166830000002,-81.39111274444447,0.0,6292.09358830011,8939.418800900996,3146.046794150055
2022-10-26 03:00:00,3,0,2,False,-0.10972222222222222,0.0,121.4041681666667,37.983333333333334,488.48333333333335,59.99872255555555,17.31916586666667,17.38888871944445,0.0,37.983333333333334,-0.10972222222222222,121.4041681666667,37.983333333333334,-83.53055705555558,488.48333333333335,59.99872255555555,0.0,83.53055705555558,0.598467066666663,0.0,105.86341835251719,244.31444456666665,49.96413052857047,122.06958798344128,0.12,0.08,0,,0.0,121.4041681666667,-83.53055705555558,0.0,6292.09358830011,9060.822969067662,3146.046794150055
2022-10-26 04:00:00,4,0,2,False,-0.11333333333333333,0.0,123.45639043888892,37.98888888888889,487.975,59.98522297777778,17.384722069444447,17.42888885277778,0.0,37.98888888888889,-0.11333333333333333,123.45639043888892,37.98888888888889,-85.58083488333337,487.975,59.98522297777778,0.0,85.58083488333337,0.5822675733333369,0.0,107.6529389944968,244.31444456666665,49.96295001432089,122.06670381660938,0.12,0.08,0,,0.0,123.45639043888892,-85.58083488333337,0.0,6292.09358830011,9184.27935950655,3146.046794150055
2022-10-26 05:00:00,5,0,2,False,-0.11833333333333333,0.0,119.81916827500002,37.98888888888889,485.6277777777778,59.993333630555554,17.400555555555556,17.470833325,0.0,37.98888888888889,-0.11833333333333333,119.81916827500002,37.98888888888889,-81.94861271944447,485.6277777777778,59.993333630555554,0.0,81.94861271944447,0.5920003566666651,0.0,104.48131171520755,244.31444456666665,49.961315456129164,122.06271035484214,0.12,0.08,0,,0.0,119.81916827500002,-81.94861271944447,0.0,6292.09358830011,9304.09852778155,3146.046794150055
2022-10-26 06:00:00,6,0,2,False,-0.09805555555555555,-0.005555555555555556,116.9738902388889,37.99444444444445,485.5722222222222,60.006582719444445,17.4475,17.51722224722222,0.0,37.99444444444445,-0.09805555555555555,116.9738902388889,37.99444444444445,-79.07750135,485.5722222222222,60.006582719444445,0.0,79.07750135,0.5921007366666657,0.0,102.0002530858815,244.31444456666665,49.96794449768449,122.07890606089813,0.18,0.096,0,,0.0,116.9738902388889,-79.07750135,0.0,6292.09358830011,9421.07241802044,3146.046794150055
2022-10-26 07:00:00,7,0,2,False,-1.519498626740947,5.1754874651810585,138.4091936880223,49.72701949860724,485.1532033426184,59.990585086350976,17.21086359610028,15.306406740947073,5.1754874651810585,49.72701949860724,-1.519498626740947,138.4091936880223,54.9025069637883,-85.02618535097494,485.1532033426184,59.990585086350976,0.0,85.02618535097494,0.5887021036211706,3.6986606389053036,120.6916582560362,244.31444456666665,49.503258214468985,120.94361034908269,0.18,0.096,0,,5.1754874651810585,138.4091936880223,-85.02618535097494,2.5877437325905293,6297.269075765292,9559.481611708463,3148.634537882646
2022-10-26 08:00:00,8,0,2,False,-2.0347222166666667,20.758333333333333,157.10222373055558,50.861111111111114,477.5777777777778,60.0055001,16.733333883333334,11.341944444444445,20.758333333333333,50.861111111111114,-2.0347222166666667,157.10222373055558,71.61944444444444,-87.5175015027778,477.5777777777778,60.0055001,0.0,87.5175015027778,0.5933998800000012,13.044320544028684,136.99182397153436,244.31444456666665,49.334825626572325,120.5321052074937,0.18,0.096,0,,20.758333333333333,157.10222373055558,-87.5175015027778,10.379166666666666,6318.027409098625,9716.583835439018,3159.0137045493125
2022-10-26 09:00:00,9,0,2,False,-0.039722230555555564,25.030555555555555,156.17861266111112,38.047222222222224,475.52222222222224,60.00794436666666,14.684722219444444,9.900555555555554,25.030555555555555,38.047222222222224,-0.039722230555555564,156.17861266111112,63.07777777777778,-93.14055711388889,475.52222222222224,60.00794436666666,0.0,93.14055711388889,0.5904667600000039,16.02280268376538,136.18644285063755,244.31444456666665,49.987014340530365,122.12549644152678,0.18,0.096,0,,25.030555555555555,156.17861266111112,-93.14055711388889,12.515277777777778,6343.05796465418,9872.76244810013,3171.52898232709
2022-10-26 10:00:00,10,0,2,False,-11.799444452777779,32.40555555555556,152.65944601111113,38.74722222222222,474.59722222222223,59.99783334166667,13.730277766666667,10.249999991666666,32.40555555555556,38.74722222222222,-11.799444452777779,152.65944601111113,71.15277777777777,-93.30611268611113,474.59722222222223,59.99783334166667,0.0,93.30611268611113,0.597400010000004,19.704350104849464,133.1177589912026,244.31444456666665,46.142624282380424,112.73309622398159,0.18,0.096,0,,32.40555555555556,152.65944601111113,-93.30611268611113,16.20277777777778,6375.463520209735,10025.421894111241,3187.7317601048676
2022-10-26 11:00:00,11,0,2,False,-12.439444441666668,33.28888888888889,139.92389044722225,38.38611111111111,474.9166666666667,60.00291665,13.06861111111111,9.713888888888889,33.28888888888889,38.38611111111111,-12.439444441666668,139.92389044722225,71.67500000000001,-80.6883348888889,474.9166666666667,60.00291665,0.0,80.6883348888889,0.5965000199999962,21.848359326845163,122.01246115035076,244.31444456666665,45.93340083747191,112.22193312665009,0.12,0.08,0,,33.28888888888889,139.92389044722225,-80.6883348888889,16.644444444444446,6408.752409098624,10165.345784558463,3204.376204549312
2022-10-26 12:00:00,12,0,2,False,-7.065277763888889,31.477777777777778,149.43583473333334,38.83888888888889,474.6111111111111,60.00236104166667,15.289444522222222,11.559722222222222,31.477777777777778,38.83888888888889,-7.065277763888889,149.43583473333334,70.31666666666666,-86.18444583055556,474.6111111111111,60.00236104166667,0.0,86.18444583055556,0.5971667499999995,20.113453045476906,130.30679694221604,244.31444456666665,47.690278470843886,116.51423895833884,0.12,0.08,0,,31.477777777777778,149.43583473333334,-86.18444583055556,15.738888888888889,6440.2301868764025,10314.781619291796,3220.1150934382013
2022-10-26 13:00:00,13,0,2,False,-4.909999986111111,25.919444444444444,156.07166821666667,39.00833333333333,474.7,60.01188895833333,15.053333324999999,11.300833333333333,25.919444444444444,39.00833333333333,-4.909999986111111,156.07166821666667,64.92777777777778,-96.053890425,474.7,60.01188895833333,0.0,96.053890425,0.5857332500000041,16.100867094876584,136.0931881903267,244.31444456666665,48.394863860266,118.23564283900338,0.12,0.08,0,,25.919444444444444,156.07166821666667,-96.053890425,12.959722222222222,6466.149631320847,10470.853287508462,3233.0748156604236
2022-10-26 14:00:00,14,0,2,False,-2.075277761111111,10.21111111111111,149.35527938611114,45.51111111111111,482.8666666666667,59.99575037222223,14.317222222222219,10.758333333333333,10.21111111111111,45.51111111111111,-2.075277761111111,149.35527938611114,55.72222222222222,-95.70833492500002,482.8666666666667,59.99575037222223,0.0,95.70833492500002,0.5949004466666793,6.743098158969177,130.23655335377674,244.31444456666665,49.32156754709402,120.49971380425606,0.12,0.08,0,,10.21111111111111,149.35527938611114,-95.70833492500002,5.105555555555555,6476.360742431958,10620.208566894573,3238.180371215979
2022-10-26 15:00:00,15,0,2,False,-2.0669444500000003,11.033333333333333,135.58889034722225,43.019444444444446,487.4194444444444,59.979667286111116,12.116388888888888,10.403611111111111,11.033333333333333,43.019444444444446,-2.0669444500000003,135.58889034722225,54.05277777777778,-83.60305701944446,487.4194444444444,59.979667286111116,0.0,83.60305701944446,0.5756007433333394,8.015158492617688,118.23237735195522,244.31444456666665,49.32429180348219,120.5063695561194,0.12,0.08,0,,11.033333333333333,135.58889034722225,-83.60305701944446,5.516666666666667,6487.394075765292,10755.797457241795,3243.697037882646
2022-10-26 16:00:00,16,0,2,False,-0.10277777777777777,3.5027777777777778,123.3975015166667,37.55555555555556,487.1722222222222,59.98422276388889,10.827499999999999,11.004166666666666,3.5027777777777778,37.55555555555556,-0.10277777777777777,123.3975015166667,41.05833333333334,-82.44194596111113,487.1722222222222,59.98422276388889,0.0,82.44194596111113,0.5810673166666646,2.836250895778619,107.60158834728524,244.31444456666665,49.966400748281195,122.07513445811797,0.12,0.08,0,,3.5027777777777778,123.3975015166667,-82.44194596111113,1.7513888888888889,6490.8968535430695,10879.194958758462,3245.4484267715347
2022-10-26 17:00:00,17,0,2,False,-0.11305555555555556,-0.03888888888888889,121.42916808333335,37.294444444444444,488.14722222222224,59.99841674444445,10.829722222222223,10.99,0.0,37.294444444444444,-0.11305555555555556,121.42916808333335,37.294444444444444,-84.24777919444448,488.14722222222224,59.99841674444445,0.0,84.24777919444448,0.5981000933333377,0.0,105.8852180705732,244.31444456666665,49.96304082310932,122.06692567559644,0.12,0.08,0,,0.0,121.42916808333335,-84.24777919444448,0.0,6490.8968535430695,11000.624126841796,3245.4484267715347
2022-10-26 18:00:00,18,0,2,False,-0.12305555555555557,0.0,120.68055697222223,37.42777777777778,490.575,60.003277716666666,10.906111111111112,11.079444444444443,0.0,37.42777777777778,-0.12305555555555557,120.68055697222223,37.42777777777778,-83.37583475000001,490.575,60.003277716666666,0.0,83.37583475000001,0.5960667400000005,0.0,105.23243544839748,244.31444456666665,49.95977170672587,122.05893875206199,0.18,0.096,0,,0.0,120.68055697222223,-83.37583475000001,0.0,6490.8968535430695,11121.304683814018,3245.4484267715347
2022-10-26 19:00:00,19,0,2,False,-0.12694444444444444,0.0,117.6800015916667,37.21666666666667,489.8611111111111,60.024582733333325,11.010833333333334,11.13722222222222,0.0,37.21666666666667,-0.12694444444444444,117.6800015916667,37.21666666666667,-80.59027936944447,489.8611111111111,60.024582733333325,0.0,80.59027936944447,0.5705007200000096,0.0,102.61597627456113,244.31444456666665,49.958500383687856,122.05583272624301,0.18,0.096,0,,0.0,117.6800015916667,-80.59027936944447,0.0,6490.8968535430695,11238.984685405685,3245.4484267715347
2022-10-26 20:00:00,20,0,2,False,-0.12416666666666668,0.0,117.75472371388891,37.230555555555554,490.34722222222223,60.02338851111111,11.104444444444441,11.203055555555556,0.0,37.230555555555554,-0.12416666666666668,117.75472371388891,37.230555555555554,-80.64833482500002,490.34722222222223,60.02338851111111,0.0,80.64833482500002,0.5719337866666706,0.0,102.68113333963107,244.31444456666665,49.959408471572154,122.0580513161137,0.18,0.096,0,,0.0,117.75472371388891,-80.64833482500002,0.0,6490.8968535430695,11356.739409119575,3245.4484267715347
2022-10-26 21:00:00,21,0,2,False,-0.12555555555555556,0.0,118.36527923611114,37.21111111111111,491.5833333333333,60.019805311111114,11.183333333333335,11.27361111111111,0.0,37.21111111111111,-0.12555555555555556,118.36527923611114,37.21111111111111,-81.27972368055558,491.5833333333333,60.019805311111114,0.0,81.27972368055558,0.5762336266666637,0.0,103.21353264397553,244.31444456666665,49.958954427630005,122.05694202117836,0.18,0.096,0,,0.0,118.36527923611114,-81.27972368055558,0.0,6490.8968535430695,11475.104688355686,3245.4484267715347
2022-10-26 22:00:00,22,0,2,False,-0.11805555555555558,0.0,121.00889029722222,37.19722222222222,488.3777777777778,60.00155561388888,11.218888888888891,11.329444444444446,0.0,37.19722222222222,-0.11805555555555558,121.00889029722222,37.19722222222222,-83.92972363055556,488.3777777777778,60.00155561388888,0.0,83.92972363055556,0.5981332633333408,0.0,105.51873935927993,244.31444456666665,49.96140626491759,122.0629322138292,0.18,0.096,0,,0.0,121.00889029722222,-83.92972363055556,0.0,6490.8968535430695,11596.113578652908,3245.4484267715347
2022-10-26 23:00:00,23,0,2,False,-0.1163888888888889,0.0,117.59333472500002,37.15833333333333,484.80833333333334,60.02552749166666,11.298055555555553,11.408333333333335,0.0,37.15833333333333,-0.1163888888888889,117.59333472500002,37.15833333333333,-80.55139028055558,484.80833333333334,60.02552749166666,0.0,80.55139028055558,0.5693670100000104,0.0,102.54040349232649,244.31444456666665,49.96195111764817,122.06426336775162,0.12,0.08,0,,0.0,117.59333472500002,-80.55139028055558,0.0,6490.8968535430695,11713.706913377908,3245.4484267715347
2022-10-27 00:00:00,0,0,3,False,-0.11916666666666668,0.0,119.14416815000003,37.36944444444445,484.625,60.01433337222222,11.375555555555557,11.483055555555554,0.0,37.36944444444445,-0.11916666666666668,119.14416815000003,37.36944444444445,-81.89389037222224,484.625,60.01433337222222,0.0,81.89389037222224,0.5827999533333382,0.0,103.89271725671436,244.31444456666665,49.96104302976388,122.06204477788094,0.12,0.08,0,,0.0,119.14416815000003,-81.89389037222224,0.0,6490.8968535430695,11832.851081527908,3245.4484267715347
2022-10-27 01:00:00,1,0,3,False,-0.12000000000000001,0.0,118.01027914444445,37.330555555555556,486.4,60.02211095555554,11.434444444444447,11.522222222222222,0.0,37.330555555555556,-0.12000000000000001,118.01027914444445,37.330555555555556,-80.7997235888889,486.4,60.02211095555554,0.0,80.7997235888889,0.5734668533333519,0.0,102.90397553579042,244.31444456666665,49.960770603398586,122.06137920091973,0.12,0.08,0,,0.0,118.01027914444445,-80.7997235888889,0.0,6490.8968535430695,11950.861360672352,3245.4484267715347
2022-10-27 02:00:00,2,0,3,False,-0.11166666666666665,0.0,121.10500138333335,37.861111111111114,485.9555555555556,60.000527674999994,11.488055555555555,11.592222222222219,0.0,37.861111111111114,-0.11166666666666665,121.10500138333335,37.861111111111114,-83.3555569388889,485.9555555555556,60.000527674999994,0.0,83.3555569388889,0.5993667900000076,0.0,105.60254742181144,244.31444456666665,49.963494867051466,122.0680349705318,0.12,0.08,0,,0.0,121.10500138333335,-83.3555569388889,0.0,6490.8968535430695,12071.966362055686,3245.4484267715347
2022-10-27 03:00:00,3,0,3,False,-0.10833333333333334,0.0,118.60027929444445,37.75833333333333,485.8388888888889,60.0186105111111,11.504722222222222,11.640277777777778,0.0,37.75833333333333,-0.10833333333333334,118.60027929444445,37.75833333333333,-80.95027929444446,485.8388888888889,60.0186105111111,0.0,80.95027929444446,0.5776673866666812,0.0,103.41845072762858,244.31444456666665,49.964584572512614,122.07069727837661,0.12,0.08,0,,0.0,118.60027929444445,-80.95027929444446,0.0,6490.8968535430695,12190.56664135013,3245.4484267715347
2022-10-27 04:00:00,4,0,3,False,-0.10861111111111112,0.0,120.09055703055557,37.80277777777778,484.85277777777776,60.007277469444446,11.57472222222222,11.7125,0.0,37.80277777777778,-0.10861111111111112,120.09055703055557,37.80277777777778,-82.39639036388891,484.85277777777776,60.007277469444446,0.0,82.39639036388891,0.5912670366666646,0.0,104.71796043822425,244.31444456666665,49.964493763724185,122.07047541938954,0.12,0.08,0,,0.0,120.09055703055557,-82.39639036388891,0.0,6490.8968535430695,12310.657198380684,3245.4484267715347
2022-10-27 05:00:00,5,0,3,False,-0.10111111111111111,0.0,122.73805692222223,37.81388888888889,485.4222222222222,59.98991708611112,11.64472222222222,11.778611111111111,0.0,37.81388888888889,-0.10111111111111111,122.73805692222223,37.81388888888889,-85.02527914444444,485.4222222222222,59.98991708611112,0.0,85.02527914444444,0.5879005033333442,0.0,107.02655818121924,244.31444456666665,49.96694560101177,122.0764656120404,0.12,0.08,0,,0.0,122.73805692222223,-85.02527914444444,0.0,6490.8968535430695,12433.395255302907,3245.4484267715347
2022-10-27 06:00:00,6,0,3,False,-0.10222222222222223,-0.008333333333333333,122.19750155833336,37.644444444444446,486.8305555555556,59.99269499166667,11.700277777777778,11.797777777777778,0.0,37.644444444444446,-0.10222222222222223,122.19750155833336,37.644444444444446,-84.65527933611114,486.8305555555556,59.99269499166667,0.0,84.65527933611114,0.5912339900000007,0.0,106.55519842896177,244.31444456666665,49.96658236585806,122.07557817609212,0.18,0.096,0,,0.0,122.19750155833336,-84.65527933611114,0.0,6490.8968535430695,12555.59275686124,3245.4484267715347
2022-10-27 07:00:00,7,0,3,False,-0.11166666666666668,6.611111111111111,122.0169458777778,37.763888888888886,487.19166666666666,59.994778016666665,11.75,11.818888888888889,6.611111111111111,37.763888888888886,-0.11166666666666668,122.0169458777778,44.375,-77.75361254444447,487.19166666666666,59.994778016666665,0.0,77.75361254444447,0.5937336199999975,5.413236892955962,106.39775538697054,244.31444456666665,49.963494867051466,122.0680349705318,0.18,0.096,0,,6.611111111111111,122.0169458777778,-77.75361254444447,3.3055555555555554,6497.507964654181,12677.609702739019,3248.7539823270904
2022-10-27 08:00:00,8,0,3,False,-0.09916666666666668,20.044444444444444,122.84361268611113,37.56388888888889,490.94166666666666,59.98836128888889,11.81472222222222,11.925,20.044444444444444,37.56388888888889,-0.09916666666666668,122.84361268611113,57.608333333333334,-65.33444601944446,490.94166666666666,59.98836128888889,0.0,65.33444601944446,0.5860335466666668,16.303881000549023,107.11860192371046,244.31444456666665,49.96758126253078,122.07801862494988,0.18,0.096,0,,20.044444444444444,122.84361268611113,-65.33444601944446,10.022222222222222,6517.5524090986255,12800.45331542513,3258.7762045493128
2022-10-27 09:00:00,9,0,3,False,-0.10611111111111111,29.216666666666665,120.42111279444447,37.37222222222222,490.7944444444444,59.99725016944445,11.905555555555559,12.058333333333334,29.216666666666665,37.37222222222222,-0.10611111111111111,120.42111279444447,66.58888888888889,-53.93833501666669,490.7944444444444,59.99725016944445,0.0,53.93833501666669,0.5967002033333386,24.24071983070038,105.00620229721353,244.31444456666665,49.96531104282005,122.07247215027316,0.18,0.096,0,,29.216666666666665,120.42111279444447,-53.93833501666669,14.608333333333333,6546.769075765292,12920.874428219573,3273.384537882646
2022-10-27 10:00:00,10,0,3,False,-0.10472222222222223,32.61944444444445,121.07000165833334,37.416666666666664,490.76944444444445,59.99288939722222,11.995,12.187222222222221,32.61944444444445,37.416666666666664,-0.10472222222222223,121.07000165833334,70.03611111111111,-51.13861276944445,490.76944444444445,59.99288939722222,0.0,51.13861276944445,0.5914672766666654,26.919347038577214,105.57202795459833,244.31444456666665,49.9657650867622,122.0735814452085,0.18,0.096,0,,32.61944444444445,121.07000165833334,-51.13861276944445,16.309722222222224,6579.388520209736,13041.944429877907,3289.694260104868
2022-10-27 11:00:00,11,0,3,False,-0.10388888888888889,35.875,121.86777934444447,37.15555555555556,490.2138888888889,59.98713940555555,12.119166666666665,12.250555555555557,35.875,37.15555555555556,-0.10388888888888889,121.86777934444447,73.03055555555557,-48.941112677777795,490.2138888888889,59.98713940555555,0.0,48.941112677777795,0.5845672866666632,29.412568114892608,106.26768341859476,244.31444456666665,49.96603751312748,122.0742470221697,0.12,0.08,0,,35.875,121.86777934444447,-48.941112677777795,17.9375,6615.263520209736,13163.812209222351,3307.631760104868
2022-10-27 12:00:00,12,0,3,False,-0.10361111111111113,36.0,118.9152792777778,37.00555555555555,488.95,60.00761107777778,12.203333333333335,12.367777777777777,36.0,37.00555555555555,-0.10361111111111113,118.9152792777778,73.00555555555556,-46.01333483333335,488.95,60.00761107777778,0.0,46.01333483333335,0.5908667066666623,30.24729930044853,103.6931280761927,244.31444456666665,49.96612832191591,122.07446888115678,0.12,0.08,0,,36.0,118.9152792777778,-46.01333483333335,18.0,6651.263520209736,13282.72748850013,3325.631760104868
2022-10-27 13:00:00,13,0,3,False,-0.12194444444444444,32.483333333333334,120.7094460527778,37.025,489.39444444444445,59.994639066666664,12.296944444444444,12.44638888888889,32.483333333333334,37.025,-0.12194444444444444,120.7094460527778,69.50833333333333,-51.323057163888926,489.39444444444445,59.994639066666664,0.0,51.323057163888926,0.5935668799999974,26.883190865936513,105.25762648480801,244.31444456666665,49.96013494187958,122.05982618801025,0.12,0.08,0,,32.483333333333334,120.7094460527778,-51.323057163888926,16.241666666666667,6683.74685354307,13403.436934552907,3341.873426771535
2022-10-27 14:00:00,14,0,3,False,-0.12027777777777778,25.947222222222223,121.31333484166667,37.0,488.2388888888889,59.98972277777777,12.395555555555557,12.529166666666667,25.947222222222223,37.0,-0.12027777777777778,121.31333484166667,62.94722222222222,-58.48639039722223,488.2388888888889,59.98972277777777,0.0,58.48639039722223,0.5876673333333258,21.36741357068664,105.78421245349378,244.31444456666665,49.96067979461016,122.06115734193266,0.12,0.08,0,,25.947222222222223,121.31333484166667,-58.48639039722223,12.973611111111111,6709.694075765292,13524.750269394573,3354.847037882646
2022-10-27 15:00:00,15,0,3,False,-0.12027777777777778,16.105555555555554,121.40166805833336,37.0,487.2583333333333,59.98938915833333,12.4875,12.641388888888887,16.105555555555554,37.0,-0.12027777777777778,121.40166805833336,53.105555555555554,-68.41639028055558,487.2583333333333,59.98938915833333,0.0,68.41639028055558,0.5872669899999977,13.253207430759945,105.86123827897922,244.31444456666665,49.96067979461016,122.06115734193266,0.12,0.08,0,,16.105555555555554,121.40166805833336,-68.41639028055558,8.052777777777777,6725.799631320848,13646.151937452907,3362.899815660424
2022-10-27 16:00:00,16,0,3,False,-0.11777777777777777,3.0416666666666665,120.87166821666668,37.0,487.65,59.993333475,12.561944444444443,12.707777777777778,3.0416666666666665,37.0,-0.11777777777777777,120.87166821666668,40.041666666666664,-80.9477793277778,487.65,59.993333475,0.0,80.9477793277778,0.59200017,2.51399338319669,105.39908285373795,244.31444456666665,49.96149707370602,122.06315407281627,0.12,0.08,0,,3.0416666666666665,120.87166821666668,-80.9477793277778,1.5208333333333333,6728.841297987515,13767.023605669574,3364.4206489937574
2022-10-27 17:00:00,17,0,3,False,-0.14500000000000002,-0.04722222222222222,122.3313904388889,37.0,487.4166666666667,59.98074989444445,12.648888888888887,12.775833333333335,0.0,37.0,-0.14500000000000002,122.3313904388889,37.0,-85.4763904388889,487.4166666666667,59.98074989444445,0.0,85.4763904388889,0.5768998733333405,0.0,106.67194841200637,244.31444456666665,49.95259781243996,122.04141189208357,0.12,0.08,0,,0.0,122.3313904388889,-85.4763904388889,0.0,6728.841297987515,13889.354996108463,3364.4206489937574
2022-10-27 18:00:00,18,0,3,False,-0.14194444444444443,0.0,120.00500146666668,37.0,488.6388888888889,59.99038913333334,12.727777777777778,12.813888888888888,0.0,37.0,-0.14194444444444443,120.00500146666668,37.0,-83.14694591111113,488.6388888888889,59.99038913333334,0.0,83.14694591111113,0.5884669600000052,0.0,104.64335670270901,244.31444456666665,49.95359670911268,122.04385234094131,0.18,0.096,0,,0.0,120.00500146666668,-83.14694591111113,0.0,6728.841297987515,14009.35999757513,3364.4206489937574
2022-10-27 19:00:00,19,0,3,False,-0.15555555555555556,0.0,117.21472377222223,37.0,489.1111111111111,60.01022136111111,12.794166666666666,12.87277777777778,0.0,37.0,-0.15555555555555556,117.21472377222223,37.0,-80.37027932777778,489.1111111111111,60.01022136111111,0.0,80.37027932777778,0.5877343666666718,0.0,102.21025791090183,244.31444456666665,49.949147078479655,122.03298125057498,0.18,0.096,0,,0.0,117.21472377222223,-80.37027932777778,0.0,6728.841297987515,14126.574721347351,3364.4206489937574
2022-10-27 20:00:00,20,0,3,False,-0.15250000000000002,0.0,116.83777933611113,37.0,489.48333333333335,60.013499705555546,12.834166666666667,12.946666666666669,0.0,37.0,-0.15250000000000002,116.83777933611113,37.0,-79.99027933611113,489.48333333333335,60.013499705555546,0.0,79.99027933611113,0.5838003533333449,0.0,101.88156551805993,244.31444456666665,49.950145975152374,122.03542169943272,0.18,0.096,0,,0.0,116.83777933611113,-79.99027933611113,0.0,6728.841297987515,14243.412500683462,3364.4206489937574
2022-10-27 21:00:00,21,0,3,False,-0.15333333333333335,0.0,116.74389031388891,37.0,488.2083333333333,60.014249980555554,12.89166666666667,13.043055555555556,0.0,37.0,-0.15333333333333335,116.74389031388891,37.0,-79.89722364722225,488.2083333333333,60.014249980555554,0.0,79.89722364722225,0.5829000233333346,0.0,101.7996950766384,244.31444456666665,49.94987354878708,122.0347561224715,0.18,0.096,0,,0.0,116.74389031388891,-79.89722364722225,0.0,6728.841297987515,14360.15639099735,3364.4206489937574
2022-10-27 22:00:00,22,0,3,False,-0.14777777777777779,0.0,116.10250156666669,37.0,486.2583333333333,60.01891653888889,12.971944444444443,13.101111111111111,0.0,37.0,-0.14777777777777779,116.10250156666669,37.0,-79.25027934444446,486.2583333333333,60.01891653888889,0.0,79.25027934444446,0.5773001533333343,0.0,101.24040945820256,244.31444456666665,49.95168972455567,122.03919330221288,0.18,0.096,0,,0.0,116.10250156666669,-79.25027934444446,0.0,6728.841297987515,14476.258892564018,3364.4206489937574
2022-10-27 23:00:00,23,0,3,False,-0.1511111111111111,0.0,117.96861251944445,37.0,486.8,60.00661114166667,13.055277777777777,13.159722222222221,0.0,37.0,-0.1511111111111111,117.96861251944445,37.0,-81.11972363055555,486.8,60.00661114166667,0.0,81.11972363055555,0.5920666299999994,0.0,102.86764258758672,244.31444456666665,49.950600019094516,122.03653099436805,0.12,0.08,0,,0.0,117.96861251944445,-81.11972363055555,0.0,6728.841297987515,14594.227505083461,3364.4206489937574
2022-10-28 00:00:00,0,0,4,False,-0.13916666666666666,0.0,117.38444576111111,37.0,488.0888888888889,60.00991656111111,13.10333333333333,13.225555555555555,0.0,37.0,-0.13916666666666666,117.38444576111111,37.0,-80.52361242777778,488.0888888888889,60.00991656111111,0.0,80.52361242777778,0.5881001266666658,0.0,102.35825406444987,244.31444456666665,49.95450479699697,122.04607093081201,0.12,0.08,0,,0.0,117.38444576111111,-80.52361242777778,0.0,6728.841297987515,14711.611950844572,3364.4206489937574
2022-10-28 01:00:00,1,0,4,False,-0.13722222222222222,0.0,119.02389023888892,37.0,490.0444444444444,59.998639063888895,13.172500000000001,13.279999999999998,0.0,37.0,-0.13722222222222222,119.02389023888892,37.0,-82.16111246111114,490.0444444444444,59.998639063888895,0.0,82.16111246111114,0.5983668766666739,0.0,103.78783592508627,244.31444456666665,49.95514045851598,122.04762394372149,0.12,0.08,0,,0.0,119.02389023888892,-82.16111246111114,0.0,6728.841297987515,14830.63584108346,3364.4206489937574
2022-10-28 02:00:00,2,0,4,False,-0.13444444444444445,0.0,120.55527917777779,37.0,489.98333333333335,59.98719502222223,13.250833333333334,13.358888888888892,0.0,37.0,-0.13444444444444445,120.55527917777779,37.0,-83.68972362222223,489.98333333333335,59.98719502222223,0.0,83.68972362222223,0.5846340266666772,0.0,105.12319426035734,244.31444456666665,49.95604854640027,122.04984253359216,0.12,0.08,0,,0.0,120.55527917777779,-83.68972362222223,0.0,6728.841297987515,14951.191120261237,3364.4206489937574
2022-10-28 03:00:00,3,0,4,False,-0.1361111111111111,0.0,118.52139029722223,37.0,489.85277777777776,60.002305477777774,13.329722222222225,13.430555555555559,0.0,37.0,-0.1361111111111111,118.52139029722223,37.0,-81.65750140833333,489.85277777777776,60.002305477777774,0.0,81.65750140833333,0.5972334266666707,0.0,103.34966018244003,244.31444456666665,49.9555036936697,122.04851137966978,0.12,0.08,0,,0.0,118.52139029722223,-81.65750140833333,0.0,6728.841297987515,15069.71251055846,3364.4206489937574
2022-10-28 04:00:00,4,0,4,False,-0.125,0.0,121.07694585277778,37.0,487.39444444444445,59.98447253055556,13.399444444444448,13.480277777777777,0.0,37.0,-0.125,121.07694585277778,37.0,-84.20194585277778,487.39444444444445,59.98447253055556,0.0,84.20194585277778,0.5813670366666684,0.0,105.57808323402318,244.31444456666665,49.95913604520686,122.0573857391525,0.12,0.08,0,,0.0,121.07694585277778,-84.20194585277778,0.0,6728.841297987515,15190.789456411238,3364.4206489937574
2022-10-28 05:00:00,5,0,4,False,-0.1238888888888889,0.0,121.85916817500001,37.0,485.90555555555557,59.97891687222222,13.4725,13.52361111111111,0.0,37.0,-0.1238888888888889,121.85916817500001,37.0,-84.9830570638889,485.90555555555557,59.97891687222222,0.0,84.9830570638889,0.5747002466666657,0.0,106.26017455092433,244.31444456666665,49.95949928036058,122.05827317510078,0.12,0.08,0,,0.0,121.85916817500001,-84.9830570638889,0.0,6728.841297987515,15312.648624586238,3364.4206489937574
2022-10-28 06:00:00,6,0,4,False,-0.1175,0.0,119.83972377222223,37.0,486.4194444444444,59.99358364444444,13.5,13.578055555555554,0.0,37.0,-0.1175,119.83972377222223,37.0,-82.95722377222224,486.4194444444444,59.99358364444444,0.0,82.95722377222224,0.5923003733333303,0.0,104.4992359367128,244.31444456666665,49.96158788249445,122.06337593180335,0.18,0.096,0,,0.0,119.83972377222223,-82.95722377222224,0.0,6728.841297987515,15432.48834835846,3364.4206489937574
2022-10-28 07:00:00,7,0,4,False,-0.10805555555555557,5.6194444444444445,120.50944596944446,37.0,486.49444444444447,59.98916744444445,13.562777777777777,13.656666666666666,5.6194444444444445,37.0,-0.10805555555555557,120.50944596944446,42.61944444444445,-77.99805708055555,486.49444444444447,59.98916744444445,0.0,77.99805708055555,0.5870009333333371,4.658896406737227,105.08322808636595,244.31444456666665,49.96467538130104,122.07091913736367,0.18,0.096,0,,5.6194444444444445,120.50944596944446,-77.99805708055555,2.8097222222222222,6734.460742431959,15552.997794327905,3367.2303712159796
2022-10-28 08:00:00,8,0,4,False,-0.12222222222222225,22.877777777777776,119.45639039722224,37.0,484.72777777777776,59.99500020833334,13.642499999999998,13.75777777777778,22.877777777777776,37.0,-0.12222222222222225,119.45639039722224,59.87777777777778,-59.700834841666676,484.72777777777776,59.99500020833334,0.0,59.700834841666676,0.5940002500000048,19.131998002507068,104.16497244264235,244.31444456666665,49.96004413309115,122.05960432902317,0.18,0.096,0,,22.877777777777776,119.45639039722224,-59.700834841666676,11.438888888888888,6757.338520209737,15672.454184725128,3378.6692601048685
2022-10-28 09:00:00,9,0,4,False,-0.11500000000000002,17.40277777777778,118.79777922777778,37.0,483.31944444444446,60.000749997222215,13.72277777777778,13.823055555555559,17.40277777777778,37.0,-0.11500000000000002,118.79777922777778,54.40277777777778,-64.51000144999999,483.31944444444446,60.000749997222215,0.0,64.51000144999999,0.5991000033333421,14.634909629387021,103.59066901619967,244.31444456666665,49.96240516159031,122.06537266268695,0.18,0.096,0,,17.40277777777778,118.79777922777778,-64.51000144999999,8.70138888888889,6774.741297987514,15791.251963952905,3387.370648993757
2022-10-28 10:00:00,10,0,4,False,-0.1238888888888889,26.275,118.74000156666669,37.0,482.68888888888887,60.00094439166667,13.799722222222224,13.914722222222226,26.275,37.0,-0.1238888888888889,118.74000156666669,63.275,-55.588890455555585,482.68888888888887,60.00094439166667,0.0,55.588890455555585,0.5988667299999946,22.105115270330554,103.54028737937453,244.31444456666665,49.95949928036058,122.05827317510078,0.18,0.096,0,,26.275,118.74000156666669,-55.588890455555585,13.1375,6801.016297987514,15909.991965519572,3400.508148993757
2022-10-28 11:00:00,11,0,4,False,-0.1361111111111111,25.15,121.37805707222222,37.0,489.0138888888889,59.98166743611111,13.87277777777778,14.015277777777778,25.15,37.0,-0.1361111111111111,121.37805707222222,62.15,-59.364168183333334,489.0138888888889,59.98166743611111,0.0,59.364168183333334,0.5780009233333316,20.69717496815283,105.8406496967407,244.31444456666665,49.9555036936697,122.04851137966978,0.12,0.08,0,,25.15,121.37805707222222,-59.364168183333334,12.575,6826.166297987514,16031.370022591795,3413.083148993757
2022-10-28 12:00:00,12,0,4,False,-0.1325,25.747222222222224,119.14000152500002,37.01111111111111,488.27777777777777,59.99761140277777,13.973611111111113,14.101388888888886,25.747222222222224,37.01111111111111,-0.1325,119.14000152500002,62.75833333333334,-56.51416819166668,488.27777777777777,59.99761140277777,0.0,56.51416819166668,0.5971336833333254,21.586888757276125,103.88908399459366,244.31444456666665,49.956684207919274,122.05139554650164,0.12,0.08,0,,25.747222222222224,119.14000152500002,-56.51416819166668,12.873611111111112,6851.913520209736,16150.510024116795,3425.956760104868
2022-10-28 13:00:00,13,0,4,False,-0.1375,29.208333333333332,118.68277920277781,37.0,488.35833333333335,60.00033328888888,14.07361111111111,14.18527777777778,29.208333333333332,37.0,-0.1375,118.68277920277781,66.20833333333333,-52.61194586944448,488.35833333333335,60.00033328888888,0.0,52.61194586944448,0.5996000533333415,24.581943022946955,103.49038995707866,244.31444456666665,49.95504964972755,122.04740208473441,0.12,0.08,0,,29.208333333333332,118.68277920277781,-52.61194586944448,14.604166666666666,6881.121853543069,16269.192803319573,3440.5609267715345
2022-10-28 14:00:00,14,0,4,False,-0.14222222222222222,26.155555555555555,117.51139032222224,37.0,487.61944444444447,60.00883274722223,14.134999999999998,14.295000000000002,26.155555555555555,37.0,-0.14222222222222222,117.51139032222224,63.15555555555555,-54.49805698888891,487.61944444444447,60.00883274722223,0.0,54.49805698888891,0.5894007033333253,22.230983809082034,102.46894865907068,244.31444456666665,49.95350590032425,122.04363048195425,0.12,0.08,0,,26.155555555555555,117.51139032222224,-54.49805698888891,13.077777777777778,6907.277409098624,16386.704193641795,3453.638704549312
2022-10-28 15:00:00,15,0,4,False,-0.14750000000000002,12.841666666666667,117.56805705555558,37.025,486.4166666666667,60.00822216388889,14.229444444444445,14.39777777777778,12.841666666666667,37.025,-0.14750000000000002,117.56805705555558,49.86666666666667,-67.8488903888889,486.4166666666667,60.00822216388889,0.0,67.8488903888889,0.5901334033333342,10.909065027493412,102.51836157617336,244.31444456666665,49.9517805333441,122.03941516119995,0.12,0.08,0,,12.841666666666667,117.56805705555558,-67.8488903888889,6.420833333333333,6920.11907576529,16504.27225069735,3460.059537882645
2022-10-28 16:00:00,16,0,4,False,-0.15694444444444444,1.4527777777777777,119.738334925,37.0,488.3333333333333,59.99272251111111,14.324722222222224,14.470277777777781,1.4527777777777777,37.0,-0.15694444444444444,119.738334925,38.452777777777776,-81.44250159166667,488.3333333333333,59.99272251111111,0.0,81.44250159166667,0.5912670133333335,1.2117055695755952,104.4108257106732,244.31444456666665,49.948693034537506,122.03187195563962,0.12,0.08,0,,1.4527777777777777,119.738334925,-81.44250159166667,0.7263888888888889,6921.571853543068,16624.010585622353,3460.785926771534
2022-10-28 17:00:00,17,0,4,False,-0.15694444444444444,0.0,121.38666811666668,37.022222222222226,488.1388888888889,59.98186117777778,14.413055555555557,14.503055555555557,0.0,37.022222222222226,-0.15694444444444444,121.38666811666668,37.022222222222226,-84.5213903388889,488.1388888888889,59.98186117777778,0.0,84.5213903388889,0.5782334133333364,0.0,105.84815845541218,244.31444456666665,49.948693034537506,122.03187195563962,0.12,0.08,0,,0.0,121.38666811666668,-84.5213903388889,0.0,6921.571853543068,16745.39725373902,3460.785926771534
2022-10-28 18:00:00,18,0,4,False,-0.17250000000000001,0.0,119.53194602777779,37.016666666666666,488.35555555555555,59.99438933611111,14.495,14.569166666666666,0.0,37.016666666666666,-0.17250000000000001,119.53194602777779,37.016666666666666,-82.68777936111113,488.35555555555555,59.99438933611111,0.0,82.68777936111113,0.5932672033333347,0.0,104.23085632000158,244.31444456666665,49.94360774238547,122.01944785236377,0.18,0.096,0,,0.0,119.53194602777779,-82.68777936111113,0.0,6921.571853543068,16864.929199766797,3460.785926771534
2022-10-28 19:00:00,19,0,4,False,-0.1675,0.0,114.91333488333333,37.05,488.68611111111113,60.0261383611111,14.553055555555554,14.664166666666663,0.0,37.05,-0.1675,114.91333488333333,37.05,-78.03083488333334,488.68611111111113,60.0261383611111,0.0,78.03083488333334,0.5686339666666782,0.0,100.20346606499244,244.31444456666665,49.9452423005772,122.02344131413102,0.18,0.096,0,,0.0,114.91333488333333,-78.03083488333334,0.0,6921.571853543068,16979.84253465013,3460.785926771534
2022-10-28 20:00:00,20,0,4,False,-0.16527777777777777,0.0,115.87944596111113,37.02777777777778,489.9222222222222,60.019471736111115,14.62583333333333,14.748611111111112,0.0,37.02777777777778,-0.16527777777777777,115.87944596111113,37.02777777777778,-79.01694596111112,489.9222222222222,60.019471736111115,0.0,79.01694596111112,0.5766339166666625,0.0,101.04590683738328,244.31444456666665,49.945968770884626,122.02521618602755,0.18,0.096,0,,0.0,115.87944596111113,-79.01694596111112,0.0,6921.571853543068,17095.721980611244,3460.785926771534
2022-10-28 21:00:00,21,0,4,False,-0.1713888888888889,0.0,114.4969458027778,37.07222222222222,487.68055555555554,60.02952764999999,14.694444444444445,14.802499999999998,0.0,37.07222222222222,-0.1713888888888889,114.4969458027778,37.07222222222222,-77.59611246944446,487.68055555555554,60.02952764999999,0.0,77.59611246944446,0.5645668200000102,0.0,99.84037827239084,244.31444456666665,49.94397097753919,122.02033528831205,0.18,0.096,0,,0.0,114.4969458027778,-77.59611246944446,0.0,6921.571853543068,17210.21892641402,3460.785926771534
2022-10-28 22:00:00,22,0,4,False,-0.15472222222222223,0.0,115.86500148333336,37.144444444444446,485.2611111111111,60.02024997777777,14.7725,14.83611111111111,0.0,37.144444444444446,-0.15472222222222223,115.86500148333336,37.144444444444446,-78.87527926111113,485.2611111111111,60.02024997777777,0.0,78.87527926111113,0.5757000266666722,0.0,101.0333113736775,244.31444456666665,49.94941950484494,122.03364682753617,0.18,0.096,0,,0.0,115.86500148333336,-78.87527926111113,0.0,6921.571853543068,17326.083927897354,3460.785926771534
2022-10-28 23:00:00,23,0,4,False,-0.15305555555555556,0.0,115.84722372222222,37.016666666666666,485.34722222222223,60.020860838888886,14.801388888888889,14.923055555555559,0.0,37.016666666666666,-0.15305555555555556,115.84722372222222,37.016666666666666,-78.98361261111111,485.34722222222223,60.020860838888886,0.0,78.98361261111111,0.5749669933333365,0.0,101.01780931480837,244.31444456666665,49.94996435757552,122.03497798145858,0.12,0.08,0,,0.0,115.84722372222222,-78.98361261111111,0.0,6921.571853543068,17441.931151619578,3460.785926771534
2022-10-29 00:00:00,0,0,5,True,-0.14972222222222223,0.0,120.15389045555558,37.044444444444444,487.3361111111111,59.99075031666667,14.879166666666672,14.996944444444443,0.0,37.044444444444444,-0.14972222222222223,120.15389045555558,37.044444444444444,-83.25916823333337,487.3361111111111,59.99075031666667,0.0,83.25916823333337,0.588900380000004,0.0,104.77318665465259,244.31444456666665,49.951054063036665,122.0376402893034,0.12,0.08,0,,0.0,120.15389045555558,-83.25916823333337,0.0,6921.571853543068,17562.085042075134,3460.785926771534
2022-10-29 01:00:00,1,0,5,True,-0.14,0.0,119.21611261944446,37.07222222222222,487.68333333333334,59.99730575833334,14.932777777777781,15.061388888888887,0.0,37.07222222222222,-0.14,119.21611261944446,37.07222222222222,-82.28389039722224,487.68333333333334,59.99730575833334,0.0,82.28389039722224,0.596766910000008,0.0,103.95545223181415,244.31444456666665,49.954232370631686,122.0454053538508,0.12,0.08,0,,0.0,119.21611261944446,-82.28389039722224,0.0,6921.571853543068,17681.301154694578,3460.785926771534
2022-10-29 02:00:00,2,0,5,True,-0.1502777777777778,0.0,118.47944587777779,37.041666666666664,488.5444444444444,60.001999700000006,15.03361111111111,15.108611111111108,0.0,37.041666666666664,-0.1502777777777778,118.47944587777779,37.041666666666664,-81.5880569888889,488.5444444444444,60.001999700000006,0.0,81.5880569888889,0.5976003599999927,0.0,103.31308499980625,244.31444456666665,49.95087244545981,122.03719657132928,0.12,0.08,0,,0.0,118.47944587777779,-81.5880569888889,0.0,6921.571853543068,17799.780600572354,3460.785926771534
2022-10-29 03:00:00,3,0,5,True,-0.13333333333333333,0.0,120.42000153333336,37.102777777777774,487.7638888888889,59.98886170277778,15.098888888888885,15.163611111111107,0.0,37.102777777777774,-0.13333333333333333,120.42000153333336,37.102777777777774,-83.45055708888893,487.7638888888889,59.98886170277778,0.0,83.45055708888893,0.5866340433333391,0.0,105.00523328682713,244.31444456666665,49.95641178155399,122.05072996954044,0.12,0.08,0,,0.0,120.42000153333336,-83.45055708888893,0.0,6921.571853543068,17920.200602105688,3460.785926771534
2022-10-29 04:00:00,4,0,5,True,-0.12166666666666666,0.0,121.37555704722226,37.67777777777778,484.98055555555555,59.98297248333334,15.103888888888886,15.19888888888889,0.0,37.67777777777778,-0.12166666666666666,121.37555704722226,37.67777777777778,-83.81944593611115,484.98055555555555,59.98297248333334,0.0,83.81944593611115,0.5795669800000098,0.0,105.83846969586874,244.31444456666665,49.960225750668016,122.06004804699732,0.12,0.08,0,,0.0,121.37555704722226,-83.81944593611115,0.0,6921.571853543068,18041.57615915291,3460.785926771534
2022-10-29 05:00:00,5,0,5,True,-0.13555555555555554,0.0,121.19694596944446,37.80555555555556,485.1722222222222,59.983389236111115,15.171111111111108,15.234444444444444,0.0,37.80555555555556,-0.13555555555555554,121.19694596944446,37.80555555555556,-83.52694596944445,485.1722222222222,59.983389236111115,0.0,83.52694596944445,0.5800670833333385,0.0,105.6827223312212,244.31444456666665,49.955685311246555,122.0489550976439,0.12,0.08,0,,0.0,121.19694596944446,-83.52694596944445,0.0,6921.571853543068,18162.773105122356,3460.785926771534
2022-10-29 06:00:00,6,0,5,True,-0.12611111111111112,-0.05555555555555555,119.95000145833335,37.797222222222224,484.59444444444443,59.99263909166667,15.206944444444444,15.26888888888889,0.0,37.797222222222224,-0.12611111111111112,119.95000145833335,37.797222222222224,-82.27889034722223,484.59444444444443,59.99263909166667,0.0,82.27889034722223,0.5911669100000011,0.0,104.595397155854,244.31444456666665,49.95877281005315,122.05649830320424,0.18,0.096,0,,0.0,119.95000145833335,-82.27889034722223,0.0,6921.571853543068,18282.72310658069,3460.785926771534
2022-10-29 07:00:00,7,0,5,True,-0.1325,0.3861111111111111,118.5488903638889,37.80833333333333,484.86944444444447,60.001889008333336,15.255277777777776,15.308055555555555,0.3861111111111111,37.80833333333333,-0.1325,118.5488903638889,38.19444444444444,-80.48694591944445,484.86944444444447,60.001889008333336,0.0,80.48694591944445,0.5977331899999967,0.32533416564067563,103.37364001036701,244.31444456666665,49.956684207919274,122.05139554650164,0.18,0.096,0,,0.3861111111111111,118.5488903638889,-80.48694591944445,0.19305555555555556,6921.957964654179,18401.27199694458,3460.9789823270894
2022-10-29 08:00:00,8,0,5,True,-0.12416666666666668,14.316666666666666,118.60305707222223,37.516666666666666,484.15833333333336,60.001222041666665,15.326111111111116,15.386388888888892,14.316666666666666,37.516666666666666,-0.12416666666666668,118.60305707222223,51.83333333333333,-66.89389040555557,484.15833333333336,60.001222041666665,0.0,66.89389040555557,0.5985335500000019,12.058453163322195,103.4208729265977,244.31444456666665,49.959408471572154,122.0580513161137,0.18,0.096,0,,14.316666666666666,118.60305707222223,-66.89389040555557,7.158333333333333,6936.274631320845,18519.8750540168,3468.1373156604227
2022-10-29 09:00:00,9,0,5,True,-0.12111111111111111,29.5,115.58889034722223,37.00555555555555,486.39722222222224,60.02249947499999,15.400000000000002,15.495555555555555,29.5,37.00555555555555,-0.12111111111111111,115.58889034722223,66.50555555555556,-49.204445902777785,486.39722222222224,60.02249947499999,0.0,49.204445902777785,0.5730006300000127,25.494771089967376,100.79254477434796,244.31444456666665,49.96040736824487,122.06049176497146,0.18,0.096,0,,29.5,115.58889034722223,-49.204445902777785,14.75,6965.774631320845,18635.463944364023,3482.8873156604227
2022-10-29 10:00:00,10,0,5,True,-0.13055555555555556,36.28888888888889,116.436668075,37.0,490.34722222222223,60.01705487222221,15.440555555555557,15.59611111111111,36.28888888888889,37.0,-0.13055555555555556,116.436668075,73.28888888888889,-43.27833474166666,490.34722222222223,60.01705487222221,0.0,43.27833474166666,0.579534153333347,31.131297253764696,101.5317998561214,244.31444456666665,49.95731986943828,122.05294855941112,0.18,0.096,0,,36.28888888888889,116.436668075,-43.27833474166666,18.144444444444446,7002.063520209735,18751.90061243902,3501.0317601048673
2022-10-29 11:00:00,11,0,5,True,-0.10333333333333335,34.391666666666666,119.60083475833336,37.013888888888886,487.02222222222224,59.99475041388889,15.568888888888887,15.703611111111112,34.391666666666666,37.013888888888886,-0.10333333333333335,119.60083475833336,71.40555555555555,-48.29861253611114,487.02222222222224,59.99475041388889,0.0,48.29861253611114,0.5937004966666649,28.73055066915491,104.29092671637021,244.31444456666665,49.96621913070434,122.07469074014384,0.12,0.08,0,,34.391666666666666,119.60083475833336,-48.29861253611114,17.195833333333333,7036.455186876401,18871.501447197355,3518.2275934382005
2022-10-29 12:00:00,12,0,5,True,-0.12361111111111112,21.216666666666665,118.41722367222224,37.07222222222222,484.68888888888887,60.00277761666667,15.737499999999997,15.833888888888891,21.216666666666665,37.07222222222222,-0.12361111111111112,118.41722367222224,58.28888888888889,-60.251945894444454,484.68888888888887,60.00277761666667,0.0,60.251945894444454,0.5966668599999962,17.898192386991436,103.25882775743132,244.31444456666665,49.95959008914901,122.05849503408784,0.12,0.08,0,,21.216666666666665,118.41722367222224,-60.251945894444454,10.608333333333333,7057.671853543067,18989.918670869578,3528.8359267715337
2022-10-29 13:00:00,13,0,5,True,-0.12583333333333335,14.786111111111111,119.61166803333334,37.03611111111111,484.31944444444446,59.99486103333334,16.05805555833333,16.049722241666665,14.786111111111111,37.03611111111111,-0.12583333333333335,119.61166803333334,51.82222222222222,-67.91527914444445,484.31944444444446,59.99486103333334,0.0,67.91527914444445,0.593833240000012,12.34877205749624,104.30037324148356,244.31444456666665,49.958863618841576,122.0567201621913,0.12,0.08,0,,14.786111111111111,119.61166803333334,-67.91527914444445,7.393055555555556,7072.457964654179,19109.53033890291,3536.2289823270894
2022-10-29 14:00:00,14,0,5,True,-0.12444444444444444,11.647222222222222,120.050834925,37.013888888888886,484.09722222222223,59.99116685277778,16.259999808333337,16.197500191666666,11.647222222222222,37.013888888888886,-0.12444444444444444,120.050834925,48.66111111111111,-71.51416825833334,484.09722222222223,59.99116685277778,0.0,71.51416825833334,0.5894002233333367,9.691861989699376,104.6833230946983,244.31444456666665,49.95931766278372,122.05782945712663,0.12,0.08,0,,11.647222222222222,120.050834925,-71.51416825833334,5.823611111111111,7084.105186876401,19229.58117382791,3542.0525934382003
2022-10-29 15:00:00,15,0,5,True,-0.12083333333333333,7.133333333333334,119.30333470000001,37.15833333333333,487.7888888888889,59.996417102777784,16.398055491666668,16.353610655555556,7.133333333333334,37.15833333333333,-0.12083333333333333,119.30333470000001,44.291666666666664,-75.13250136666667,487.7888888888889,59.996417102777784,0.0,75.13250136666667,0.5957005233333404,5.973106994006689,104.03150915591213,244.31444456666665,49.9604981770333,122.06071362395853,0.12,0.08,0,,7.133333333333334,119.30333470000001,-75.13250136666667,3.566666666666667,7091.238520209734,19348.88450852791,3545.619260104867
2022-10-29 16:00:00,16,0,5,True,-0.1338888888888889,2.6333333333333333,120.46222358055557,37.03611111111111,487.69444444444446,59.988611605555555,16.55527779722222,16.4258333,2.6333333333333333,37.03611111111111,-0.1338888888888889,120.46222358055557,39.669444444444444,-80.92666802500003,487.69444444444446,59.988611605555555,0.0,80.92666802500003,0.5863339266666656,2.1835971984590654,105.04205055855911,244.31444456666665,49.956230163977125,122.05028625156629,0.12,0.08,0,,2.6333333333333333,120.46222358055557,-80.92666802500003,1.3166666666666667,7093.871853543067,19469.346732108464,3546.9359267715336
2022-10-29 17:00:00,17,0,5,True,-0.1366666666666667,-0.1361111111111111,119.43805704722223,37.144444444444446,488.1777777777778,59.99600002777778,16.669167358333333,16.478333333333335,0.0,37.144444444444446,-0.1366666666666667,119.43805704722223,37.144444444444446,-82.43027926944445,488.1777777777778,59.99600002777778,0.0,82.43027926944445,0.5952000333333387,0.0,104.14898591491301,244.31444456666665,49.955322076092834,122.04806766169561,0.12,0.08,0,,0.0,119.43805704722223,-82.43027926944445,0.0,7093.871853543067,19588.78478915569,3546.9359267715336
2022-10-29 18:00:00,18,0,5,True,-0.13166666666666665,0.0,119.27833490833335,37.458333333333336,488.15833333333336,59.99738923888888,16.63861149722222,16.455555555555556,0.0,37.458333333333336,-0.13166666666666665,119.27833490833335,37.458333333333336,-81.95166824166668,488.15833333333336,59.99738923888888,0.0,81.95166824166668,0.5968670866666542,0.0,104.00970954685505,244.31444456666665,49.95695663428456,122.05206112346285,0.18,0.096,0,,0.0,119.27833490833335,-81.95166824166668,0.0,7093.871853543067,19708.06312406402,3546.9359267715336
2022-10-29 19:00:00,19,0,5,True,-0.13722222222222225,0.0,118.26750134166666,37.63611111111111,488.43611111111113,60.00344464444444,16.54805555833333,16.40555555555556,0.0,37.63611111111111,-0.13722222222222225,118.26750134166666,37.63611111111111,-80.76861245277777,488.43611111111113,60.00344464444444,0.0,80.76861245277777,0.5958664266666688,0.0,103.12827113853041,244.31444456666665,49.95514045851598,122.04762394372149,0.18,0.096,0,,0.0,118.26750134166666,-80.76861245277777,0.0,7093.871853543067,19826.330625405688,3546.9359267715336
2022-10-29 20:00:00,20,0,5,True,-0.13361111111111112,0.0,117.53833467500002,37.35,490.6722222222222,60.008832994444454,16.38999982777778,16.358888494444447,0.0,37.35,-0.13361111111111112,117.53833467500002,37.35,-80.32194578611113,490.6722222222222,60.008832994444454,0.0,80.32194578611113,0.5894004066666554,0.0,102.4924439091385,244.31444456666665,49.95632097276556,122.05050811055338,0.18,0.096,0,,0.0,117.53833467500002,-80.32194578611113,0.0,7093.871853543067,19943.868960080687,3546.9359267715336
2022-10-29 21:00:00,21,0,5,True,-0.1436111111111111,0.0,115.9658348666667,37.33888888888889,487.4111111111111,60.020138599999996,16.24388886944444,16.226666966666667,0.0,37.33888888888889,-0.1436111111111111,115.9658348666667,37.33888888888889,-78.77055708888892,487.4111111111111,60.020138599999996,0.0,78.77055708888892,0.5758336800000051,0.0,101.12123723985587,244.31444456666665,49.9530518563821,122.04252118701889,0.18,0.096,0,,0.0,115.9658348666667,-78.77055708888892,0.0,7093.871853543067,20059.834794947354,3546.9359267715336
2022-10-29 22:00:00,22,0,5,True,-0.12833333333333335,0.0,117.2105570638889,37.394444444444446,486.26944444444445,60.01177761388889,16.04361111111111,16.112500136111105,0.0,37.394444444444446,-0.12833333333333335,117.2105570638889,37.394444444444446,-79.94444595277778,486.26944444444445,60.01177761388889,0.0,79.94444595277778,0.5858668633333337,0.0,102.2066245761152,244.31444456666665,49.958046339745714,122.05472343130768,0.18,0.096,0,,0.0,117.2105570638889,-79.94444595277778,0.0,7093.871853543067,20177.045352011242,3546.9359267715336
2022-10-29 23:00:00,23,0,5,True,-0.12916666666666668,0.0,116.64333480833335,37.37777777777778,484.89722222222224,60.01611070833333,15.82888888888889,16.026666666666667,0.0,37.37777777777778,-0.12916666666666668,116.64333480833335,37.37777777777778,-79.39472369722223,484.89722222222224,60.01611070833333,0.0,79.39472369722223,0.580667150000005,0.0,101.7120115175561,244.31444456666665,49.95777391338042,122.05405785434647,0.12,0.08,0,,0.0,116.64333480833335,-79.39472369722223,0.0,7093.871853543067,20293.688686819576,3546.9359267715336
2022-10-30 00:00:00,0,0,6,True,-0.12944444444444445,0.0,117.03722383055558,37.458333333333336,486.2972222222222,60.01302744166666,15.615833333333331,15.881666666666668,0.0,37.458333333333336,-0.12944444444444445,117.03722383055558,37.458333333333336,-79.70833494166668,486.2972222222222,60.01302744166666,0.0,79.70833494166668,0.5843670700000103,0.0,102.05547944764177,244.31444456666665,49.95768310459199,122.05383599535939,0.12,0.08,0,,0.0,117.03722383055558,-79.70833494166668,0.0,7093.871853543067,20410.725910650133,3546.9359267715336
2022-10-30 01:00:00,1,0,6,True,-0.13222222222222224,0.0,117.60639035555558,37.43888888888889,487.52777777777777,60.008694347222225,15.382222222222223,15.76222222222222,0.0,37.43888888888889,-0.13222222222222224,117.60639035555558,37.43888888888889,-80.29972368888892,487.52777777777777,60.008694347222225,0.0,80.29972368888892,0.5895667833333306,0.0,102.55178789288068,244.31444456666665,49.9567750167077,122.05161740548871,0.12,0.08,0,,0.0,117.60639035555558,-80.29972368888892,0.0,7093.871853543067,20528.33230100569,3546.9359267715336
2022-10-30 02:00:00,2,0,6,True,-0.11916666666666668,0.0,119.28389029722223,37.61666666666667,487.0,59.99719462499999,15.147499999999999,15.593888888888888,0.0,37.61666666666667,-0.11916666666666668,119.28389029722223,37.61666666666667,-81.78639029722223,487.0,59.99719462499999,0.0,81.78639029722223,0.59663354999999,0.0,104.01455379946131,244.31444456666665,49.96104302976388,122.06204477788094,0.12,0.08,0,,0.0,119.28389029722223,-81.78639029722223,0.0,7093.871853543067,20647.61619130291,3546.9359267715336
2022-10-30 03:00:00,3,0,6,True,-0.11333333333333334,0.0,119.82916837500001,37.69722222222222,486.6222222222222,59.99361152777778,14.92027777777778,15.447500000000002,0.0,37.69722222222222,-0.11333333333333334,119.82916837500001,37.69722222222222,-82.24527948611112,486.6222222222222,59.99361152777778,0.0,82.24527948611112,0.5923338333333362,0.0,104.4900317186955,244.31444456666665,49.96295001432089,122.06670381660938,0.12,0.08,0,,0.0,119.82916837500001,-82.24527948611112,0.0,7093.871853543067,20767.44535967791,3546.9359267715336
2022-10-30 04:00:00,4,0,6,True,-0.12361111111111112,0.0,120.69750147500001,37.76111111111111,484.78333333333336,59.987389252777774,14.70472222222222,15.324722222222224,0.0,37.76111111111111,-0.12361111111111112,120.69750147500001,37.76111111111111,-83.06000147500002,484.78333333333336,59.987389252777774,0.0,83.06000147500002,0.5848671033333289,0.0,105.24721091297525,244.31444456666665,49.95959008914901,122.05849503408784,0.12,0.08,0,,0.0,120.69750147500001,-83.06000147500002,0.0,7093.871853543067,20888.142861152908,3546.9359267715336
2022-10-30 05:00:00,5,0,6,True,-0.1163888888888889,0.0,119.72305710555557,37.71388888888889,484.2972222222222,59.98741695277778,14.477777777777778,15.16583333333333,0.0,37.71388888888889,-0.1163888888888889,119.72305710555557,37.71388888888889,-82.12555710555557,484.2972222222222,59.98741695277778,0.0,82.12555710555557,0.5849003433333336,0.0,104.3975035800101,244.31444456666665,49.96195111764817,122.06426336775162,0.12,0.08,0,,0.0,119.72305710555557,-82.12555710555557,0.0,7093.871853543067,21007.865918258463,3546.9359267715336
2022-10-30 06:00:00,6,0,6,True,-0.11305555555555556,-0.06111111111111111,119.16861260277781,37.81388888888889,483.40833333333336,59.98191709722222,14.193611111111109,15.01583333333333,0.0,37.81388888888889,-0.11305555555555556,119.16861260277781,37.81388888888889,-81.46777926944448,483.40833333333336,59.98191709722222,0.0,81.46777926944448,0.5783005166666669,0.0,103.91403261490915,244.31444456666665,49.96304082310932,122.06692567559644,0.18,0.096,0,,0.0,119.16861260277781,-81.46777926944448,0.0,7093.871853543067,21127.03453086124,3546.9359267715336
2022-10-30 07:00:00,7,0,6,True,-0.11055555555555555,3.2194444444444446,115.72916804166667,37.99722222222222,483.78055555555557,60.00616615,13.881666666666666,14.815000000000001,3.2194444444444446,37.99722222222222,-0.11055555555555555,115.72916804166667,41.21666666666666,-74.62305693055555,483.78055555555557,60.00616615,0.0,74.62305693055555,0.5926006200000017,2.7792231753232923,100.91486574962214,244.31444456666665,49.96385810220518,122.06892240648006,0.18,0.096,0,,3.2194444444444446,115.72916804166667,-74.62305693055555,1.6097222222222223,7097.091297987512,21242.76369890291,3548.545648993756
2022-10-30 08:00:00,8,0,6,True,-0.10333333333333335,8.088888888888889,114.71889039722224,37.86666666666667,487.5472222222222,60.013221775,13.649722222222222,14.65222222222222,8.088888888888889,37.86666666666667,-0.10333333333333335,114.71889039722224,45.955555555555556,-68.86666817500002,487.5472222222222,60.013221775,0.0,68.86666817500002,0.5841338700000023,7.044706700569097,100.03391210082162,244.31444456666665,49.96621913070434,122.07469074014384,0.18,0.096,0,,8.088888888888889,114.71889039722224,-68.86666817500002,4.044444444444444,7105.1801868764005,21357.482589300133,3552.5900934382003
2022-10-30 09:00:00,9,0,6,True,-0.11194444444444446,17.363888888888887,113.82277918611112,37.38333333333333,488.7944444444444,60.019471972222206,13.604166666666664,14.575555555555553,17.363888888888887,37.38333333333333,-0.11194444444444446,113.82277918611112,54.74722222222222,-59.18750140833335,488.7944444444444,60.019471972222206,0.0,59.18750140833335,0.5766336333333527,15.240208020509172,99.25251062618689,244.31444456666665,49.96340405826304,122.06781311154472,0.18,0.096,0,,17.363888888888887,113.82277918611112,-59.18750140833335,8.681944444444444,7122.54407576529,21471.305368486243,3561.272037882645
2022-10-30 10:00:00,10,0,6,True,-0.1088888888888889,26.305555555555557,115.96583461666668,37.358333333333334,487.4166666666667,60.00858337777778,13.695833333333333,14.680555555555554,26.305555555555557,37.358333333333334,-0.1088888888888889,115.96583461666668,63.66388888888889,-52.41083461666668,487.4166666666667,60.00858337777778,0.0,52.41083461666668,0.5896999466666614,22.662604537064883,101.12123702185794,244.31444456666665,49.96440295493576,122.07025356040246,0.18,0.096,0,,26.305555555555557,115.96583461666668,-52.41083461666668,13.152777777777779,7148.849631320845,21587.271203102908,3574.4248156604226
2022-10-30 11:00:00,11,0,6,True,-0.11555555555555558,31.519444444444446,117.76805701388889,37.18055555555556,487.5361111111111,60.00763842222223,13.849166666666669,14.807500000000003,31.519444444444446,37.18055555555556,-0.11555555555555558,117.76805701388889,68.7,-49.18361256944444,487.5361111111111,60.00763842222223,0.0,49.18361256944444,0.5908338933333255,26.737765968850468,102.69275986561641,244.31444456666665,49.962223544013455,122.06492894471283,0.12,0.08,0,,31.519444444444446,117.76805701388889,-49.18361256944444,15.759722222222223,7180.369075765289,21705.039260116795,3590.1845378826447
2022-10-30 12:00:00,12,0,6,True,-0.11305555555555556,12.180555555555555,118.08194594444447,37.34444444444444,484.81666666666666,60.005277944444444,14.094999999999997,14.872222222222227,12.180555555555555,37.34444444444444,-0.11305555555555556,118.08194594444447,49.525,-68.67000150000003,484.81666666666666,60.005277944444444,0.0,68.67000150000003,0.5936664666666672,10.305474344069918,102.96646838545908,244.31444456666665,49.96304082310932,122.06692567559644,0.12,0.08,0,,12.180555555555555,118.08194594444447,-68.67000150000003,6.090277777777778,7192.549631320845,21823.121206061238,3596.2748156604225
2022-10-30 13:00:00,13,0,6,True,-0.10500000000000001,18.877777777777776,120.52166817500002,37.28611111111111,485.6166666666667,59.988667230555556,14.197777777777777,14.870000000000003,18.877777777777776,37.28611111111111,-0.10500000000000001,120.52166817500002,56.16388888888889,-64.46277928611113,485.6166666666667,59.988667230555556,0.0,64.46277928611113,0.5864006766666676,15.64975478754889,105.09388574729685,244.31444456666665,49.96567427797376,122.07335958622141,0.12,0.08,0,,18.877777777777776,120.52166817500002,-64.46277928611113,9.438888888888888,7211.427409098623,21943.642874236237,3605.7137045493114
2022-10-30 14:00:00,14,0,6,True,-0.12027777777777778,16.155555555555555,120.92833486666667,37.38611111111111,486.4611111111111,59.98608395277778,14.42888888888889,14.965555555555557,16.155555555555555,37.38611111111111,-0.12027777777777778,120.92833486666667,53.54166666666667,-67.50694597777778,486.4611111111111,59.98608395277778,0.0,67.50694597777778,0.5833007433333393,13.346336816770629,105.44849569817465,244.31444456666665,49.96067979461016,122.06115734193266,0.12,0.08,0,,16.155555555555555,120.92833486666667,-67.50694597777778,8.077777777777778,7227.582964654178,22064.5712091029,3613.791482327089
2022-10-30 15:00:00,15,0,6,True,-0.11583333333333334,4.197222222222222,119.64777931111114,37.352777777777774,487.0361111111111,59.99419474444444,14.565277777777775,15.034166666666664,4.197222222222222,37.352777777777774,-0.11583333333333334,119.64777931111114,41.55,-78.21361264444447,487.0361111111111,59.99419474444444,0.0,78.21361264444447,0.5930336933333308,3.5045888559515834,104.33186197341398,244.31444456666665,49.962132735225026,122.06470708572577,0.12,0.08,0,,4.197222222222222,119.64777931111114,-78.21361264444447,2.098611111111111,7231.7801868764,22184.218988414013,3615.8900934382
2022-10-30 16:00:00,16,0,6,True,-0.13944444444444445,2.3194444444444446,121.59416802500002,37.602777777777774,488.5111111111111,59.9805003888889,14.611944444444443,15.020277777777778,2.3194444444444446,37.602777777777774,-0.13944444444444445,121.59416802500002,39.92222222222222,-81.81139024722225,488.5111111111111,59.9805003888889,0.0,81.81139024722225,0.5766004666666787,1.9053442984176887,106.02909663847228,244.31444456666665,49.95441398820854,122.04584907182493,0.12,0.08,0,,2.3194444444444446,121.59416802500002,-81.81139024722225,1.1597222222222223,7234.099631320844,22305.813156439013,3617.049815660422
2022-10-30 17:00:00,17,0,6,True,-0.12805555555555556,-0.12222222222222222,119.34389027222224,37.56111111111111,488.96944444444443,59.997139008333335,14.56472222222222,14.940277777777778,0.0,37.56111111111111,-0.12805555555555556,119.34389027222224,37.56111111111111,-81.9108347166667,488.96944444444443,59.997139008333335,0.0,81.9108347166667,0.5965668100000016,0.0,104.06687327539434,244.31444456666665,49.95813714853414,122.05494529029475,0.12,0.08,0,,0.0,119.34389027222224,-81.9108347166667,0.0,7234.099631320844,22425.157046711236,3617.049815660422
2022-10-30 18:00:00,18,0,6,True,-0.12472222222222223,0.0,119.08916810000002,37.605555555555554,489.0,59.99813876388889,14.368055555555559,14.827777777777778,0.0,37.605555555555554,-0.12472222222222223,119.08916810000002,37.605555555555554,-81.60833476666669,489.0,59.99813876388889,0.0,81.60833476666669,0.5977665166666668,0.0,103.84475767352637,244.31444456666665,49.95922685399529,122.05760759813957,0.18,0.096,0,,0.0,119.08916810000002,-81.60833476666669,0.0,7234.099631320844,22544.246214811235,3617.049815660422
2022-10-30 19:00:00,19,0,6,True,-0.12555555555555556,0.0,117.03722349722223,37.59444444444444,489.30555555555554,60.012554941666664,14.029999999999998,14.662777777777777,0.0,37.59444444444444,-0.12555555555555556,117.03722349722223,37.59444444444444,-79.56833460833333,489.30555555555554,60.012554941666664,0.0,79.56833460833333,0.5849340700000027,0.0,102.05547915697788,244.31444456666665,49.958954427630005,122.05694202117836,0.18,0.096,0,,0.0,117.03722349722223,-79.56833460833333,0.0,7234.099631320844,22661.28343830846,3617.049815660422
2022-10-30 20:00:00,20,0,6,True,-0.1280555555555556,0.0,116.24222375555556,37.66388888888889,490.24444444444447,60.01822166944443,13.674444444444445,14.455555555555556,0.0,37.66388888888889,-0.1280555555555556,116.24222375555556,37.66388888888889,-78.70639042222223,490.24444444444447,60.01822166944443,0.0,78.70639042222223,0.5781339966666849,0.0,101.3622460372825,244.31444456666665,49.95813714853414,122.05494529029475,0.18,0.096,0,,0.0,116.24222375555556,-78.70639042222223,0.0,7234.099631320844,22777.525662064014,3617.049815660422
2022-10-30 21:00:00,21,0,6,True,-0.10666666666666669,0.0,116.48361262777779,37.830555555555556,491.10277777777776,60.01716628611111,13.343333333333334,14.238333333333332,0.0,37.830555555555556,-0.10666666666666669,116.48361262777779,37.830555555555556,-78.7597237388889,491.10277777777776,60.01716628611111,0.0,78.7597237388889,0.5794004566666643,0.0,101.57273511316515,244.31444456666665,49.96512942524319,122.07202843229904,0.18,0.096,0,,0.0,116.48361262777779,-78.7597237388889,0.0,7234.099631320844,22894.00927469179,3617.049815660422
2022-10-30 22:00:00,22,0,6,True,-0.11722222222222223,0.0,117.6480569388889,37.99722222222222,489.85277777777776,60.008693980555556,12.98861111111111,14.021944444444443,0.0,37.99722222222222,-0.11722222222222223,117.6480569388889,37.99722222222222,-79.7680569388889,489.85277777777776,60.008693980555556,0.0,79.7680569388889,0.5895672233333329,0.0,102.5881208047514,244.31444456666665,49.96167869128288,122.06359779079041,0.18,0.096,0,,0.0,117.6480569388889,-79.7680569388889,0.0,7234.099631320844,23011.65733163068,3617.049815660422
2022-10-30 23:00:00,23,0,6,True,-0.11361111111111112,0.0,115.64916803333334,37.952777777777776,484.8888888888889,60.02294413888888,12.569722222222223,13.747222222222222,0.0,37.952777777777776,-0.11361111111111112,115.64916803333334,37.952777777777776,-77.81000136666668,484.8888888888889,60.02294413888888,0.0,77.81000136666668,0.572467033333342,0.0,100.84510641204511,244.31444456666665,49.96285920553246,122.06648195762232,0.12,0.08,0,,0.0,115.64916803333334,-77.81000136666668,0.0,7234.099631320844,23127.306499664013,3617.049815660422
2022-10-31 00:00:00,0,0,0,False,-0.10361111111111113,0.0,117.67166813333336,37.88333333333333,485.0472222222222,60.00902760555556,12.070555555555558,13.435833333333333,0.0,37.88333333333333,-0.10361111111111113,117.67166813333336,37.88333333333333,-79.89194591111114,485.0472222222222,60.00902760555556,0.0,79.89194591111114,0.589166873333329,0.0,102.60870956865485,244.31444456666665,49.96612832191591,122.07446888115678,0.12,0.08,0,,0.0,117.67166813333336,-79.89194591111114,0.0,7234.099631320844,23244.978167797348,3617.049815660422
2022-10-31 01:00:00,1,0,0,False,-0.09777777777777778,0.0,118.48666815833334,37.88055555555555,488.69166666666666,60.00327781944444,11.545555555555554,13.086388888888889,0.0,37.88055555555555,-0.09777777777777778,118.48666815833334,37.88055555555555,-80.70389038055556,488.69166666666666,60.00327781944444,0.0,80.70389038055556,0.5960666166666698,0.0,103.31938276799211,244.31444456666665,49.96803530647292,122.0791279198852,0.12,0.08,0,,0.0,118.48666815833334,-80.70389038055556,0.0,7234.099631320844,23363.46483595568,3617.049815660422
2022-10-31 02:00:00,2,0,0,False,-0.09583333333333334,0.0,116.93777929444447,37.852777777777774,489.625,60.014276897222224,11.028333333333332,12.754722222222224,0.0,37.852777777777774,-0.09583333333333334,116.93777929444447,37.852777777777774,-79.18083485000002,489.625,60.014276897222224,0.0,79.18083485000002,0.5828677233333309,0.0,101.96876464461499,244.31444456666665,49.968670967991926,122.08068093279468,0.12,0.08,0,,0.0,116.93777929444447,-79.18083485000002,0.0,7234.099631320844,23480.402615250125,3617.049815660422
2022-10-31 03:00:00,3,0,0,False,-0.09916666666666668,0.0,119.28916818333333,37.955555555555556,489.375,59.99788894444444,10.583888888888888,12.443055555555556,0.0,37.955555555555556,-0.09916666666666668,119.28916818333333,37.955555555555556,-81.43277929444443,489.375,59.99788894444444,0.0,81.43277929444443,0.5974667333333287,0.0,104.01915607196838,244.31444456666665,49.96758126253078,122.07801862494988,0.12,0.08,0,,0.0,119.28916818333333,-81.43277929444443,0.0,7234.099631320844,23599.691783433456,3617.049815660422
2022-10-31 04:00:00,4,0,0,False,-0.09527777777777777,0.0,119.99416806666667,37.87777777777778,490.47777777777776,59.99388901666667,10.163611111111111,12.141944444444446,0.0,37.87777777777778,-0.09527777777777777,119.99416806666667,37.87777777777778,-82.21166806666668,490.47777777777776,59.99388901666667,0.0,82.21166806666668,0.5926668200000051,0.0,104.63391006859668,244.31444456666665,49.96885258556878,122.08112465076883,0.12,0.08,0,,0.0,119.99416806666667,-82.21166806666668,0.0,7234.099631320844,23719.685951500123,3617.049815660422
2022-10-31 05:00:00,5,0,0,False,-0.08722222222222223,0.0,120.90111259444447,37.75277777777778,487.0388888888889,59.986916741666676,9.728055555555555,11.821388888888889,0.0,37.75277777777778,-0.08722222222222223,120.90111259444447,37.75277777777778,-83.23555703888891,487.0388888888889,59.986916741666676,0.0,83.23555703888891,0.5843000900000106,0.0,105.42475810467778,244.31444456666665,49.971486040433234,122.08755856139382,0.12,0.08,0,,0.0,120.90111259444447,-83.23555703888891,0.0,7234.099631320844,23840.58706409457,3617.049815660422
2022-10-31 06:00:00,6,0,0,False,-0.07444444444444445,-0.03611111111111111,121.44250150833335,37.78055555555556,488.27222222222224,59.98280603055556,9.286388888888888,11.5025,0.0,37.78055555555556,-0.07444444444444445,121.44250150833335,37.78055555555556,-83.73639039722222,488.27222222222224,59.98280603055556,0.0,83.73639039722222,0.5793672366666698,0.0,105.89684470555751,244.31444456666665,49.975663244700975,122.09776407479896,0.18,0.096,0,,0.0,121.44250150833335,-83.73639039722222,0.0,7234.099631320844,23962.0295656029,3617.049815660422
2022-10-31 07:00:00,7,0,0,False,-0.07388888888888889,6.883333333333334,119.77500141666668,37.95,488.225,59.99483347500001,8.898055555555556,11.207500000000001,6.883333333333334,37.95,-0.07388888888888889,119.77500141666668,44.833333333333336,-75.01555697222224,488.225,59.99483347500001,0.0,75.01555697222224,0.5938001700000086,5.7433434016654035,104.44279858446694,244.31444456666665,49.97584486227783,122.0982077927731,0.18,0.096,0,,6.883333333333334,119.77500141666668,-75.01555697222224,3.441666666666667,7240.9829646541775,24081.804567019568,3620.4914823270888
2022-10-31 08:00:00,8,0,0,False,-0.06916666666666667,20.238888888888887,119.1622236638889,37.952777777777776,487.9527777777778,59.99922216111111,8.746666666666668,11.016111111111112,20.238888888888887,37.952777777777776,-0.06916666666666667,119.1622236638889,58.19166666666666,-61.0397236638889,487.9527777777778,59.99922216111111,0.0,61.0397236638889,0.599066593333336,16.97446354754302,103.90846151368058,244.31444456666665,49.97738861168113,122.10197939555326,0.18,0.096,0,,20.238888888888887,119.1622236638889,-61.0397236638889,10.119444444444444,7261.221853543067,24200.96679068346,3630.6109267715333
2022-10-31 09:00:00,9,0,0,False,-0.061944444444444434,29.119444444444444,118.14777922777779,37.980555555555554,488.1333333333333,60.00666629444444,9.006944444444445,11.061666666666666,29.119444444444444,37.980555555555554,-0.061944444444444434,118.14777922777779,67.1,-51.10972367222224,488.1333333333333,60.00666629444444,0.0,51.10972367222224,0.5920004466666683,24.63371331887069,103.02387445742744,244.31444456666665,49.97974964018029,122.10774772921704,0.18,0.096,0,,29.119444444444444,118.14777922777779,-51.10972367222224,14.559722222222222,7290.341297987511,24319.114569911235,3645.1706489937555
2022-10-31 10:00:00,10,0,0,False,-0.07527777777777778,35.00555555555555,119.10444596111114,37.65,486.86944444444447,59.998944425,9.213333333333335,11.239444444444445,35.00555555555555,37.65,-0.07527777777777778,119.10444596111114,72.65555555555555,-46.524168183333366,486.86944444444447,59.998944425,0.0,46.524168183333366,0.5987333099999972,29.372073082036408,103.85807984052245,244.31444456666665,49.97539081833569,122.09709849783776,0.18,0.096,0,,35.00555555555555,119.10444596111114,-46.524168183333366,17.502777777777776,7325.346853543067,24438.219015872346,3662.6734267715333
2022-10-31 11:00:00,11,0,0,False,-0.07555555555555557,37.74166666666667,120.15722369722224,37.69444444444444,487.7472222222222,59.991861825,9.456666666666669,11.396388888888891,37.74166666666667,37.69444444444444,-0.07555555555555557,120.15722369722224,75.4361111111111,-44.796668141666686,487.7472222222222,59.991861825,0.0,44.796668141666686,0.590234190000001,31.390496752402658,104.77609321348295,244.31444456666665,49.97530000954726,122.0968766388507,0.12,0.08,0,,37.74166666666667,120.15722369722224,-44.796668141666686,18.870833333333334,7363.088520209733,24558.376239569567,3681.5442601048667
2022-10-31 12:00:00,12,0,0,False,-0.06444444444444446,37.083333333333336,119.87611238611112,37.669444444444444,484.6138888888889,59.994055902777774,10.01888888888889,11.656944444444445,37.083333333333336,37.669444444444444,-0.06444444444444446,119.87611238611112,74.75277777777778,-45.187779052777785,484.6138888888889,59.994055902777774,0.0,45.187779052777785,0.5928670833333285,30.918093356630255,104.53096650341047,244.31444456666665,49.978932361084425,122.10575099833343,0.12,0.08,0,,37.083333333333336,119.87611238611112,-45.187779052777785,18.541666666666668,7400.171853543066,24678.252351955678,3700.085926771533
2022-10-31 13:00:00,13,0,0,False,-0.07472222222222222,33.669444444444444,119.70944588611111,37.76111111111111,484.78055555555557,59.994555877777785,10.609166666666667,11.782777777777776,33.669444444444444,37.76111111111111,-0.07472222222222222,119.70944588611111,71.43055555555556,-48.353612552777776,484.78055555555557,59.994555877777785,0.0,48.353612552777776,0.5934670533333417,28.108426160286598,104.38563471059568,244.31444456666665,49.97557243591255,122.0975422158119,0.12,0.08,0,,33.669444444444444,119.70944588611111,-48.353612552777776,16.834722222222222,7433.841297987511,24797.96179784179,3716.9206489937555
2022-10-31 14:00:00,14,0,0,False,-0.07555555555555557,26.43611111111111,119.91389034722225,37.53055555555556,486.375,59.993361525,11.28138888888889,12.031666666666666,26.43611111111111,37.53055555555556,-0.07555555555555557,119.91389034722225,63.96666666666667,-56.022779236111134,486.375,59.993361525,0.0,56.022779236111134,0.5920338299999969,22.032030327509915,104.56390856925555,244.31444456666665,49.97530000954726,122.0968766388507,0.12,0.08,0,,26.43611111111111,119.91389034722225,-56.022779236111134,13.218055555555555,7460.277409098622,24917.87568818901,3730.138704549311
2022-10-31 15:00:00,15,0,0,False,-0.0875,16.002777777777776,119.11222374722223,37.608333333333334,488.18611111111113,59.99855577777778,11.701944444444443,12.44888888888889,16.002777777777776,37.608333333333334,-0.0875,119.11222374722223,53.611111111111114,-65.58861263611112,488.18611111111113,59.99855577777778,0.0,65.58861263611112,0.5982669333333376,13.425180256049627,103.86486200490255,244.31444456666665,49.971395231644806,122.08733670240674,0.12,0.08,0,,16.002777777777776,119.11222374722223,-65.58861263611112,8.001388888888888,7476.2801868764,25036.987911936234,3738.1400934382
2022-10-31 16:00:00,16,0,0,False,-0.10277777777777777,2.188888888888889,119.07722364722225,37.63611111111111,489.14444444444445,59.99919481944445,11.894722222222226,12.457500000000001,2.188888888888889,37.63611111111111,-0.10277777777777777,119.07722364722225,39.825,-79.35500142500003,489.14444444444445,59.99919481944445,0.0,79.35500142500003,0.599033783333337,1.8366243184401678,103.83434221069258,244.31444456666665,49.966400748281195,122.07513445811797,0.12,0.08,0,,2.188888888888889,119.07722364722225,-79.35500142500003,1.0944444444444446,7478.469075765289,25156.065135583456,3739.2345378826444
2022-10-31 17:00:00,17,0,0,False,-0.09916666666666668,-0.005555555555555556,117.67111258611112,37.611111111111114,487.4,60.00916620277777,11.924444444444447,12.358333333333333,0.0,37.611111111111114,-0.09916666666666668,117.67111258611112,37.611111111111114,-80.15916814166667,487.4,60.00916620277777,0.0,80.15916814166667,0.5890005566666758,0.0,102.6082251361276,244.31444456666665,49.96758126253078,122.07801862494988,0.12,0.08,0,,0.0,117.67111258611112,-80.15916814166667,0.0,7478.469075765289,25273.736248169567,3739.2345378826444
2022-10-31 18:00:00,18,0,0,False,-0.09083333333333334,0.0,115.40222381388891,37.65555555555556,487.48333333333335,60.02441624166666,11.915555555555558,12.284166666666664,0.0,37.65555555555556,-0.09083333333333334,115.40222381388891,37.65555555555556,-77.8375015916667,487.48333333333335,60.02441624166666,0.0,77.8375015916667,0.5707005100000117,0.0,100.6297731198892,244.31444456666665,49.97030552618365,122.08467439456192,0.18,0.096,0,,0.0,115.40222381388891,-77.8375015916667,0.0,7478.469075765289,25389.138471983457,3739.2345378826444
2022-10-31 19:00:00,19,0,0,False,-0.09611111111111112,0.0,116.07027932777778,37.483333333333334,486.375,60.02002711944444,11.864722222222223,12.21,0.0,37.483333333333334,-0.09611111111111112,116.07027932777778,37.483333333333334,-78.68305710555556,486.375,60.02002711944444,0.0,78.68305710555556,0.5759674566666689,0.0,101.21231193562765,244.31444456666665,49.9685801592035,122.08045907380762,0.18,0.096,0,,0.0,116.07027932777778,-78.68305710555556,0.0,7478.469075765289,25505.208751311235,3739.2345378826444
2022-10-31 20:00:00,20,0,0,False,-0.10638888888888888,0.0,119.40139026388891,37.69722222222222,487.56944444444446,59.99625037222223,11.775,12.175,0.0,37.69722222222222,-0.10638888888888888,119.40139026388891,37.69722222222222,-81.81055693055558,487.56944444444446,59.99625037222223,0.0,81.81055693055558,0.5955004466666736,0.0,104.11701278678838,244.31444456666665,49.96522023403162,122.0722502912861,0.18,0.096,0,,0.0,119.40139026388891,-81.81055693055558,0.0,7478.469075765289,25624.61014157512,3739.2345378826444
2022-10-31 21:00:00,21,0,0,False,-0.09944444444444446,0.0,119.82527921111112,37.65,491.1388888888889,59.993750069444445,11.631944444444445,12.054166666666667,0.0,37.65,-0.09944444444444446,119.82527921111112,37.65,-82.27472365555558,491.1388888888889,59.993750069444445,0.0,82.27472365555558,0.5925000833333343,0.0,104.48664040034106,244.31444456666665,49.96749045374235,122.07779676596282,0.18,0.096,0,,0.0,119.82527921111112,-82.27472365555558,0.0,7478.469075765289,25744.435420786234,3739.2345378826444
2022-10-31 22:00:00,22,0,0,False,-0.0963888888888889,0.0,118.65083488333336,37.608333333333334,487.875,60.00236094444445,11.4725,11.912222222222224,0.0,37.608333333333334,-0.0963888888888889,118.65083488333336,37.608333333333334,-81.13889043888892,487.875,60.00236094444445,0.0,81.13889043888892,0.5971668666666631,0.0,103.46253477793283,244.31444456666665,49.96848935041507,122.08023721482056,0.18,0.096,0,,0.0,118.65083488333336,-81.13889043888892,0.0,7478.469075765289,25863.08625566957,3739.2345378826444
2022-10-31 23:00:00,23,0,0,False,-0.10833333333333334,0.0,116.14236256944443,37.638888888888886,486.375,60.01972188888888,11.322222222222223,11.806944444444444,0.0,37.638888888888886,-0.10833333333333334,116.14236256944443,37.638888888888886,-78.61180701388888,486.375,60.01972188888888,0.0,78.61180701388888,0.5763337333333425,0.0,101.27516791894354,244.31444456666665,49.964584572512614,122.07069727837661,0.12,0.08,0,,0.0,116.14236256944443,-78.61180701388888,0.0,7478.469075765289,25979.228618239013,3739.2345378826444
