timestamp,hour,minute,day_of_week,is_weekend,Battery_Active_Power,PVPCS_Active_Power,GE_Active_Power,FC_Active_Power,MG-LV-MSB_AC_Voltage,MG-LV-MSB_Frequency,Inlet_Temperature_of_Chilled_Water,Outlet_Temperature,solar_generation_kw,fuel_cell_generation_kw,battery_power_kw,total_consumption_kw,total_generation_kw,net_balance_kw,grid_voltage_v,grid_frequency_hz,grid_export_kw,grid_import_kw,grid_stability_index,renewable_pct,grid_load_pct,storage_network_capacity_kwh,current_soc_pct,storage_available_energy_kwh,import_rate_usd_per_kwh,export_rate_usd_per_kwh,outage_zones_count,outage_zones_list,solar_generation_kwh,total_consumption_kwh,net_balance_kwh,carbon_offset_kg,cumulative_solar_kwh,cumulative_consumption_kwh,cumulative_carbon_offset_kg
2023-03-01 00:00:00,0,0,2,False,-0.08583333333333333,0.0,116.57166813333335,37.0,485.55,60.02524980277777,12.002777777777778,12.712777777777776,0.0,37.0,-0.08583333333333333,116.57166813333335,37.0,-79.65750146666667,485.55,60.02524980277777,0.0,79.65750146666667,0.5697002366666737,0.0,82.07538416766413,137.87333378888886,49.95033990662907,68.86819886815125,0.12,0.08,0,,0.0,116.57166813333335,-79.65750146666667,0.0,0.0,116.57166813333335,0.0
2023-03-01 01:00:00,1,0,2,False,-0.08861111111111111,0.0,119.97527929444445,37.0,487.4888888888889,60.00261091111111,11.626666666666667,12.482777777777779,0.0,37.0,-0.08861111111111111,119.97527929444445,37.0,-83.06389040555555,487.4888888888889,60.00261091111111,0.0,83.06389040555555,0.5968669066666649,0.0,84.47178715373121,137.87333378888886,49.948732783866255,68.86598307442009,0.12,0.08,0,,0.0,119.97527929444445,-83.06389040555555,0.0,0.0,236.5469474277778,0.0
2023-03-01 02:00:00,2,0,2,False,-0.06222222222222222,0.0,121.33861267777779,37.016666666666666,487.0083333333333,59.99202838888888,11.291111111111112,12.283055555555556,0.0,37.016666666666666,-0.06222222222222222,121.33861267777779,37.016666666666666,-84.38416823333334,487.0083333333333,59.99202838888888,0.0,84.38416823333334,0.5904340666666599,0.0,85.43167829175371,137.87333378888886,49.96400045011298,68.8870331148662,0.12,0.08,0,,0.0,121.33861267777779,-84.38416823333334,0.0,0.0,357.8855601055556,0.0
2023-03-01 03:00:00,3,0,2,False,-0.07805555555555556,0.0,122.15055704722224,37.0,486.7972222222222,59.98641741666667,10.971666666666666,12.1075,0.0,37.0,-0.07805555555555556,122.15055704722224,37.0,-85.22861260277779,486.7972222222222,59.98641741666667,0.0,85.22861260277779,0.5837009000000023,0.0,86.00334932565107,137.87333378888886,49.95483985036494,68.87440309059852,0.12,0.08,0,,0.0,122.15055704722224,-85.22861260277779,0.0,0.0,480.0361171527778,0.0
2023-03-01 04:00:00,4,0,2,False,-0.0636111111111111,0.0,120.94250159166667,37.0,486.9194444444444,59.99533370833334,10.644722222222223,11.875277777777779,0.0,37.0,-0.0636111111111111,120.94250159166667,37.0,-84.00611270277778,486.9194444444444,59.99533370833334,0.0,84.00611270277778,0.5944004500000091,0.0,85.15278574362225,137.87333378888886,49.963196888731574,68.88592521800062,0.12,0.08,0,,0.0,120.94250159166667,-84.00611270277778,0.0,0.0,600.9786187444445,0.0
2023-03-01 05:00:00,5,0,2,False,-0.061388888888888896,0.0,122.32389053055559,37.0,486.2055555555556,59.98563928888889,10.260277777777777,11.630277777777776,0.0,37.0,-0.061388888888888896,122.32389053055559,37.0,-85.38527941944447,486.2055555555556,59.98563928888889,0.0,85.38527941944447,0.5827671466666686,0.0,86.12538937587523,137.87333378888886,49.96448258694182,68.88769785298555,0.12,0.08,0,,0.0,122.32389053055559,-85.38527941944447,0.0,0.0,723.302509275,0.0
2023-03-01 06:00:00,6,0,2,False,-0.0525,-0.019444444444444445,121.6900015666667,37.00833333333333,485.7055555555556,59.989833302777775,9.886944444444445,11.4025,0.0,37.00833333333333,-0.0525,121.6900015666667,37.00833333333333,-84.73416823333336,485.7055555555556,59.989833302777775,0.0,84.73416823333336,0.5877999633333303,0.0,85.67908298716236,137.87333378888886,49.969625379782826,68.8947883929253,0.18,0.096,0,,0.0,121.6900015666667,-84.73416823333336,0.0,0.0,844.9925108416667,0.0
2023-03-01 07:00:00,7,0,2,False,-0.05194444444444445,1.9027777777777777,121.32889033055557,37.01111111111111,486.2388888888889,59.99244442777778,9.606666666666666,11.220833333333335,1.9027777777777777,37.01111111111111,-0.05194444444444445,121.32889033055557,38.91388888888889,-82.46694588611112,486.2388888888889,59.99244442777778,0.0,82.46694588611112,0.590933313333332,1.567609731227256,85.4248330145431,137.87333378888886,49.969946804335386,68.89523155167153,0.18,0.096,0,,1.9027777777777777,121.32889033055557,-82.46694588611112,0.9513888888888888,1.9027777777777777,966.3214011722223,0.9513888888888888
2023-03-01 08:00:00,8,0,2,False,-0.05027777777777778,6.458333333333333,122.26944602777779,37.00555555555555,485.1333333333333,59.98586160000001,9.51611111111111,11.196111111111112,6.458333333333333,37.00555555555555,-0.05027777777777778,122.26944602777779,43.46388888888889,-78.85583491666668,485.1333333333333,59.98586160000001,0.0,78.85583491666668,0.5830339200000082,5.2798789372675206,86.08705627527831,137.87333378888886,49.97091107799308,68.89656102791024,0.18,0.096,0,,6.458333333333333,122.26944602777779,-78.85583491666668,3.2291666666666665,8.36111111111111,1088.5908472,4.180555555555555
2023-03-01 09:00:00,9,0,2,False,-0.04138888888888889,13.536111111111111,123.83666828333335,37.0,485.9888888888889,59.97466670833334,9.701944444444443,11.299444444444445,13.536111111111111,37.0,-0.04138888888888889,123.83666828333335,50.53611111111111,-73.34194606111113,485.9888888888889,59.97466670833334,0.0,73.34194606111113,0.5696000500000054,10.926964322900583,87.19050079795349,137.87333378888886,49.97605387083408,68.90365156784998,0.18,0.096,0,,13.536111111111111,123.83666828333335,-73.34194606111113,6.768055555555556,21.897222222222222,1212.4275154833335,10.948611111111111
2023-03-01 10:00:00,10,0,2,False,-0.042222222222222223,23.344444444444445,121.00194597777781,37.0,486.7944444444444,59.99400039722222,9.967777777777778,11.476666666666668,23.344444444444445,37.0,-0.042222222222222223,121.00194597777781,60.34444444444445,-60.69972375555558,486.7944444444444,59.99400039722222,0.0,60.69972375555558,0.5928004766666675,19.285889433246105,85.19463914509457,137.87333378888886,49.975571734005236,68.90298682973064,0.18,0.096,0,,23.344444444444445,121.00194597777781,-60.69972375555558,11.672222222222222,45.24166666666667,1333.4294614611113,22.620833333333334
2023-03-01 11:00:00,11,0,2,False,-0.052222222222222225,17.108333333333334,119.58305703888891,37.0,486.075,60.003888477777785,10.448611111111111,11.756388888888887,17.108333333333334,37.0,-0.052222222222222225,119.58305703888891,54.108333333333334,-65.5269459277778,486.075,60.003888477777785,0.0,65.5269459277778,0.5953338266666577,14.300408239941811,84.19563264020906,137.87333378888886,49.96978609205911,68.89500997229841,0.12,0.08,0,,17.108333333333334,119.58305703888891,-65.5269459277778,8.554166666666667,62.35,1453.0125185000002,31.175
2023-03-01 12:00:00,12,0,2,False,-0.07083333333333333,5.336111111111111,121.66527931944447,37.0,486.9111111111111,59.989083902777786,10.620555555555555,11.721666666666664,5.336111111111111,37.0,-0.07083333333333333,121.66527931944447,42.33611111111111,-79.4000015416667,486.9111111111111,59.989083902777786,0.0,79.4000015416667,0.5869006833333429,4.383342785333593,85.66167663130639,137.87333378888886,49.95901836954826,68.88016415429956,0.12,0.08,0,,5.336111111111111,121.66527931944447,-79.4000015416667,2.6680555555555556,67.68611111111112,1574.6777978194445,33.84305555555556
2023-03-01 13:00:00,13,0,2,False,-0.059722222222222225,3.8722222222222222,121.28000163333333,37.0,486.6333333333333,59.99230576111112,10.699444444444445,11.607777777777775,3.8722222222222222,37.0,-0.059722222222222225,121.28000163333333,40.87222222222222,-80.46750163333333,486.6333333333333,59.99230576111112,0.0,80.46750163333333,0.5907669133333427,3.191223862378134,85.39041162665164,137.87333378888886,49.96544686059951,68.88902732922426,0.12,0.08,0,,3.8722222222222222,121.28000163333333,-80.46750163333333,1.9361111111111111,71.55833333333334,1695.9577994527779,35.77916666666667
2023-03-01 14:00:00,14,0,2,False,-0.050833333333333335,2.816666666666667,118.24666817500001,37.0,486.8833333333333,60.01355540277778,10.702777777777778,11.537222222222221,2.816666666666667,37.0,-0.050833333333333335,118.24666817500001,39.81666666666667,-78.48083484166666,486.8833333333333,60.01355540277778,0.0,78.48083484166666,0.5837335166666605,2.3810026676415053,83.25471250792087,137.87333378888886,49.97058965344051,68.896117869164,0.12,0.08,0,,2.816666666666667,118.24666817500001,-78.48083484166666,1.4083333333333334,74.375,1814.2044676277778,37.1875
2023-03-01 15:00:00,15,0,2,False,-0.06916666666666667,2.908333333333333,117.51027926944445,37.0,487.02777777777777,60.018804949999996,10.705000000000002,11.499166666666666,2.908333333333333,37.0,-0.06916666666666667,117.51027926944445,39.90833333333333,-77.67111260277778,487.02777777777777,60.018804949999996,0.0,77.67111260277778,0.5774340600000044,2.4735048801927744,82.73623830841686,137.87333378888886,49.95998264320595,68.88149363053827,0.12,0.08,0,,2.908333333333333,117.51027926944445,-77.67111260277778,1.4541666666666666,77.28333333333333,1931.7147468972223,38.641666666666666
2023-03-01 16:00:00,16,0,2,False,-0.05638888888888889,0.8361111111111111,122.87472383055555,37.0,487.46944444444443,59.981750461111105,10.714166666666667,11.496666666666664,0.8361111111111111,37.0,-0.05638888888888889,122.87472383055555,37.83611111111111,-85.09500160833333,487.46944444444443,59.981750461111105,0.0,85.09500160833333,0.5781005533333257,0.6801460530332127,86.51321821485288,137.87333378888886,49.967375407914886,68.89168628170165,0.12,0.08,0,,0.8361111111111111,122.87472383055555,-85.09500160833333,0.41805555555555557,78.11944444444444,2054.589470727778,39.05972222222222
2023-03-01 17:00:00,17,0,2,False,-0.06777777777777777,-0.5611111111111111,120.9161125777778,37.0,486.7916666666667,59.99408366944444,10.694444444444446,11.461944444444445,0.0,37.0,-0.06777777777777777,120.9161125777778,37.0,-83.98389035555557,486.7916666666667,59.99408366944444,0.0,83.98389035555557,0.5929004033333314,0.0,85.13420585635274,137.87333378888886,49.96078620458735,68.88260152740385,0.12,0.08,0,,0.0,120.9161125777778,-83.98389035555557,0.0,78.11944444444444,2175.505583305556,39.05972222222222
2023-03-01 18:00:00,18,0,2,False,-0.0663888888888889,0.0,121.91416818333336,37.0,486.1166666666667,59.987972522222215,10.620277777777776,11.3975,0.0,37.0,-0.0663888888888889,121.91416818333336,37.0,-84.98055707222225,486.1166666666667,59.987972522222215,0.0,84.98055707222225,0.5855670266666578,0.0,85.83691345725083,137.87333378888886,49.96158976596876,68.88370942426944,0.18,0.096,0,,0.0,121.91416818333336,-84.98055707222225,0.0,78.11944444444444,2297.4197514888892,39.05972222222222
2023-03-01 19:00:00,19,0,2,False,-0.07388888888888889,0.0,120.09944582777779,37.0,488.3777777777778,60.00025004166667,10.520833333333334,11.311666666666666,0.0,37.0,-0.07388888888888889,120.09944582777779,37.0,-83.17333471666667,488.3777777777778,60.00025004166667,0.0,83.17333471666667,0.5996999499999986,0.0,84.55920990479319,137.87333378888886,49.957250534509164,68.87772678119528,0.18,0.096,0,,0.0,120.09944582777779,-83.17333471666667,0.0,78.11944444444444,2417.519197316667,39.05972222222222
2023-03-01 20:00:00,20,0,2,False,-0.05944444444444444,0.0,119.63194581944444,37.0,489.40277777777777,60.003999891666666,10.42888888888889,11.230277777777777,0.0,37.0,-0.05944444444444444,119.63194581944444,37.0,-82.69139026388888,489.40277777777777,60.003999891666666,0.0,82.69139026388888,0.5952001300000006,0.0,84.23005408677352,137.87333378888886,49.96560757287579,68.88924890859737,0.18,0.096,0,,0.0,119.63194581944444,-82.69139026388888,0.0,78.11944444444444,2537.1511431361114,39.05972222222222
2023-03-01 21:00:00,21,0,2,False,-0.06388888888888888,0.0,118.4797237138889,37.0,488.99444444444447,60.01191630555556,10.299166666666666,11.174722222222224,0.0,37.0,-0.06388888888888888,118.4797237138889,37.0,-81.54361260277778,488.99444444444447,60.01191630555556,0.0,81.54361260277778,0.5857004333333293,0.0,83.41880146017665,137.87333378888886,49.96303617645529,68.88570363862749,0.18,0.096,0,,0.0,118.4797237138889,-81.54361260277778,0.0,78.11944444444444,2655.63086685,39.05972222222222
2023-03-01 22:00:00,22,0,2,False,-0.06777777777777778,0.0,118.0713903388889,37.0,488.02777777777777,60.01463817777777,10.144444444444444,11.0175,0.0,37.0,-0.06777777777777778,118.0713903388889,37.0,-81.13916811666668,488.02777777777777,60.01463817777777,0.0,81.13916811666668,0.582434186666677,0.0,83.1313034843969,137.87333378888886,49.96078620458735,68.88260152740385,0.18,0.096,0,,0.0,118.0713903388889,-81.13916811666668,0.0,78.11944444444444,2773.702257188889,39.05972222222222
2023-03-01 23:00:00,23,0,2,False,-0.055,0.0,120.04666821666667,37.0,488.38055555555553,60.001138761111115,9.898611111111112,10.863333333333333,0.0,37.0,-0.055,120.04666821666667,37.0,-83.10166821666668,488.38055555555553,60.001138761111115,0.0,83.10166821666668,0.5986334866666624,0.0,84.52205042361943,137.87333378888886,49.9681789692963,68.89279417856724,0.12,0.08,0,,0.0,120.04666821666667,-83.10166821666668,0.0,78.11944444444444,2893.7489254055554,39.05972222222222
2023-03-02 00:00:00,0,0,3,False,-0.06777777777777777,0.0,118.0194459027778,37.0,490.15,60.01472178611111,9.693333333333332,10.745,0.0,37.0,-0.06777777777777777,118.0194459027778,37.0,-81.08722368055558,490.15,60.01472178611111,0.0,81.08722368055558,0.5823338566666677,0.0,83.09473062224727,137.87333378888886,49.96078620458735,68.88260152740385,0.12,0.08,0,,0.0,118.0194459027778,-81.08722368055558,0.0,78.11944444444444,3011.7683713083334,39.05972222222222
2023-03-02 01:00:00,1,0,3,False,-0.06583333333333334,0.0,120.08222378055555,37.0,491.00555555555553,60.00027750833334,9.464722222222223,10.590833333333332,0.0,37.0,-0.06583333333333334,120.08222378055555,37.0,-83.14805711388888,491.00555555555553,60.00027750833334,0.0,83.14805711388888,0.5996669899999915,0.0,84.54708426427906,137.87333378888886,49.96191119052132,68.88415258301568,0.12,0.08,0,,0.0,120.08222378055555,-83.14805711388888,0.0,78.11944444444444,3131.850595088889,39.05972222222222
2023-03-02 02:00:00,2,0,3,False,-0.05861111111111111,0.0,120.1858349,37.0,490.5388888888889,60.00008325833333,9.238888888888889,10.460833333333335,0.0,37.0,-0.05861111111111111,120.1858349,37.0,-83.24444601111111,490.5388888888889,60.00008325833333,0.0,83.24444601111111,0.5999000899999999,0.0,84.6200344293459,137.87333378888886,49.96608970970464,68.88991364671674,0.12,0.08,0,,0.0,120.1858349,-83.24444601111111,0.0,78.11944444444444,3252.036429988889,39.05972222222222
2023-03-02 03:00:00,3,0,3,False,-0.057499999999999996,0.0,121.80416833333335,37.0,490.60277777777776,59.98927836944445,9.01361111111111,10.321111111111112,0.0,37.0,-0.057499999999999996,121.80416833333335,37.0,-84.86166833333336,490.60277777777776,59.98927836944445,0.0,84.86166833333336,0.5871340433333386,0.0,85.75946513647352,137.87333378888886,49.96673255880976,68.8907999642092,0.12,0.08,0,,0.0,121.80416833333335,-84.86166833333336,0.0,78.11944444444444,3373.8405983222224,39.05972222222222
2023-03-02 04:00:00,4,0,3,False,-0.058333333333333334,0.0,122.04333480833334,37.0,490.4194444444444,59.98647281944446,8.822500000000002,10.203611111111112,0.0,37.0,-0.058333333333333334,122.04333480833334,37.0,-85.10166814166668,490.4194444444444,59.98647281944446,0.0,85.10166814166668,0.5837673833333497,0.0,85.92785665587083,137.87333378888886,49.96625042198092,68.89013522608984,0.12,0.08,0,,0.0,122.04333480833334,-85.10166814166668,0.0,78.11944444444444,3495.8839331305558,39.05972222222222
2023-03-02 05:00:00,5,0,3,False,-0.05777777777777778,0.0,121.61805705555558,37.0,489.025,59.99066727777778,8.635555555555555,10.093888888888888,0.0,37.0,-0.05777777777777778,121.61805705555558,37.0,-84.67583483333335,489.025,59.99066727777778,0.0,84.67583483333335,0.5888007333333377,0.0,85.6284285401363,137.87333378888886,49.96657184653348,68.89057838483608,0.12,0.08,0,,0.0,121.61805705555558,-84.67583483333335,0.0,78.11944444444444,3617.5019901861115,39.05972222222222
2023-03-02 06:00:00,6,0,3,False,-0.04861111111111111,0.12777777777777777,121.76389043055555,37.00277777777778,487.51944444444445,59.989694916666664,8.467777777777778,9.946666666666667,0.12777777777777777,37.00277777777778,-0.04861111111111111,121.76389043055555,37.13055555555556,-84.6819459861111,487.51944444444445,59.989694916666664,0.0,84.6819459861111,0.5876338999999973,0.10489709689942674,85.73110640748824,137.87333378888886,49.971875351650766,68.89789050414895,0.18,0.096,0,,0.12777777777777777,121.76389043055555,-84.6819459861111,0.06388888888888888,78.24722222222222,3739.265880616667,39.12361111111111
2023-03-02 07:00:00,7,0,3,False,-0.03944444444444444,1.6527777777777777,120.66277925277778,37.00277777777778,488.19166666666666,59.99716695833334,8.321388888888889,9.835277777777778,1.6527777777777777,37.00277777777778,-0.03944444444444444,120.66277925277778,38.65555555555556,-82.04666814166667,488.19166666666666,59.99716695833334,0.0,82.04666814166667,0.5966003500000056,1.3693018464379905,84.95583978932464,137.87333378888886,49.97717885676805,68.9052026234618,0.18,0.096,0,,1.6527777777777777,120.66277925277778,-82.04666814166667,0.8263888888888888,79.89999999999999,3859.928659869445,39.949999999999996
2023-03-02 08:00:00,8,0,3,False,-0.04888888888888889,11.51388888888889,119.90416820833335,37.0,486.625,60.00313870277777,8.218055555555557,9.77611111111111,11.51388888888889,37.0,-0.04888888888888889,119.90416820833335,48.513888888888886,-71.43916820833334,486.625,60.00313870277777,0.0,71.43916820833334,0.596233556666678,9.598662316340013,84.42171950174846,137.87333378888886,49.97171463937448,68.89766892477581,0.18,0.096,0,,11.51388888888889,119.90416820833335,-71.43916820833334,5.756944444444445,91.41388888888888,3979.8328280777782,45.70694444444444
2023-03-02 09:00:00,9,0,3,False,-0.036944444444444446,14.427777777777777,120.22055712222223,37.00555555555555,485.8277777777778,60.000777630555554,8.228055555555557,9.750555555555556,14.427777777777777,37.00555555555555,-0.036944444444444446,120.22055712222223,51.43333333333333,-68.82416823333334,485.8277777777778,60.000777630555554,0.0,68.82416823333334,0.5990668433333354,11.997403563036364,84.64448153363531,137.87333378888886,49.97862526725458,68.90719683781985,0.18,0.096,0,,14.427777777777777,120.22055712222223,-68.82416823333334,7.213888888888889,105.84166666666665,4100.053385200001,52.92083333333333
2023-03-02 10:00:00,10,0,3,False,-0.044166666666666674,8.144444444444444,119.81777921944445,37.00833333333333,487.375,59.99758351944444,8.202500000000002,9.688611111111111,8.144444444444444,37.00833333333333,-0.044166666666666674,119.81777921944445,45.15277777777778,-74.70916810833334,487.375,59.99758351944444,0.0,74.70916810833334,0.597100223333328,6.794854183481242,84.3608950358688,137.87333378888886,49.974446748071266,68.90143577411881,0.18,0.096,0,,8.144444444444444,119.81777921944445,-74.70916810833334,4.072222222222222,113.9861111111111,4219.871164419445,56.99305555555555
2023-03-02 11:00:00,11,0,3,False,-0.029166666666666667,17.372222222222224,118.99777922777777,37.00277777777778,487.74444444444447,60.002083202777776,8.26361111111111,9.678055555555556,17.372222222222224,37.00277777777778,-0.029166666666666667,118.99777922777777,54.375,-64.65194589444444,487.74444444444447,60.002083202777776,0.0,64.65194589444444,0.5975001566666691,14.595201188836912,83.78355222683783,137.87333378888886,49.98312521099046,68.91340106026713,0.12,0.08,0,,17.372222222222224,118.99777922777777,-64.65194589444444,8.686111111111112,131.35833333333332,4338.868943647223,65.67916666666666
2023-03-02 12:00:00,12,0,3,False,-0.030555555555555555,31.16111111111111,118.45333482500001,37.0,488.4972222222222,60.00438900833334,8.642222222222221,9.98111111111111,31.16111111111111,37.0,-0.030555555555555555,118.45333482500001,68.16111111111111,-50.32277926944446,488.4972222222222,60.00438900833334,0.0,50.32277926944446,0.5947331899999909,26.299871662742913,83.40022166091671,137.87333378888886,49.982321649609055,68.91229316340156,0.12,0.08,0,,31.16111111111111,118.45333482500001,-50.32277926944446,15.580555555555556,162.51944444444445,4457.322278472223,81.25972222222222
2023-03-02 13:00:00,13,0,3,False,-0.04666666666666667,20.308333333333334,118.00416812500004,37.0,486.3666666666667,60.00663841666667,9.034722222222221,10.15111111111111,20.308333333333334,37.0,-0.04666666666666667,118.00416812500004,57.30833333333334,-60.742501458333365,486.3666666666667,60.00663841666667,0.0,60.742501458333365,0.5920338999999984,17.203040850302326,83.08397389635995,137.87333378888886,49.973000337584736,68.89944155976076,0.12,0.08,0,,20.308333333333334,118.00416812500004,-60.742501458333365,10.154166666666667,182.82777777777778,4575.326446597223,91.41388888888889
2023-03-02 14:00:00,14,0,3,False,-0.059166666666666666,29.355555555555554,119.3197237388889,37.0,489.81111111111113,59.99766691111111,9.44,10.278333333333334,29.355555555555554,37.0,-0.059166666666666666,119.3197237388889,66.35555555555555,-53.02333485000001,489.81111111111113,59.99766691111111,0.0,53.02333485000001,0.5972002933333328,24.590239912457275,84.01022582474752,137.87333378888886,49.96576828515207,68.88947048797048,0.12,0.08,0,,29.355555555555554,119.3197237388889,-53.02333485000001,14.677777777777777,212.18333333333334,4694.646170336112,106.09166666666667
2023-03-02 15:00:00,15,0,3,False,-0.05166666666666667,21.46388888888889,119.23139031388891,37.0,491.03333333333336,59.99894446944444,9.999166666666666,10.687222222222221,21.46388888888889,37.0,-0.05166666666666667,119.23139031388891,58.46388888888889,-60.81916809166669,491.03333333333336,59.99894446944444,0.0,60.81916809166669,0.5987333633333264,17.994080158750233,83.94803232689496,137.87333378888886,49.97010751661167,68.89545313104465,0.12,0.08,0,,21.46388888888889,119.23139031388891,-60.81916809166669,10.731944444444444,233.64722222222224,4813.877560650001,116.82361111111112
2023-03-02 16:00:00,16,0,3,False,-0.05611111111111112,11.825,118.92972363055556,37.0,484.8277777777778,60.00041656111111,10.43638888888889,10.911944444444448,11.825,37.0,-0.05611111111111112,118.92972363055556,48.825,-70.16083474166666,484.8277777777778,60.00041656111111,0.0,70.16083474166666,0.5995001266666691,9.938157786322694,83.73563587309411,137.87333378888886,49.96753612019117,68.89190786107477,0.12,0.08,0,,11.825,118.92972363055556,-70.16083474166666,5.9125,245.47222222222223,4932.807284280557,122.73611111111111
2023-03-02 17:00:00,17,0,3,False,-0.052500000000000005,1.2222222222222223,120.15500150833334,37.0,486.5083333333333,59.99272271666666,10.583888888888888,10.927222222222223,1.2222222222222223,37.0,-0.052500000000000005,120.15500150833334,38.22222222222222,-81.98527928611112,486.5083333333333,59.99272271666666,0.0,81.98527928611112,0.5912672599999951,1.0167603576200213,84.59832535966581,137.87333378888886,49.969625379782826,68.8947883929253,0.12,0.08,0,,1.2222222222222223,120.15500150833334,-81.98527928611112,0.6111111111111112,246.69444444444446,5052.96228578889,123.34722222222223
2023-03-02 18:00:00,18,0,3,False,-0.05277777777777778,-0.08333333333333333,119.71222374722225,37.0,487.6333333333333,59.99369486944445,10.599999999999998,10.933333333333335,0.0,37.0,-0.05277777777777778,119.71222374722225,37.0,-82.76500152500003,487.6333333333333,59.99369486944445,0.0,82.76500152500003,0.592433843333336,0.0,84.28657589750212,137.87333378888886,49.96946466750654,68.89456681355217,0.18,0.096,0,,0.0,119.71222374722225,-82.76500152500003,0.0,246.69444444444446,5172.674509536112,123.34722222222223
2023-03-02 19:00:00,19,0,3,False,-0.07083333333333333,0.0,118.12889045555556,37.0,489.6138888888889,60.00605524722222,10.551388888888889,10.88,0.0,37.0,-0.07083333333333333,118.12889045555556,37.0,-81.1997237888889,489.6138888888889,60.00605524722222,0.0,81.1997237888889,0.5927337033333344,0.0,83.17178797124238,137.87333378888886,49.95901836954826,68.88016415429956,0.18,0.096,0,,0.0,118.12889045555556,-81.1997237888889,0.0,246.69444444444446,5290.803399991668,123.34722222222223
2023-03-02 20:00:00,20,0,3,False,-0.06333333333333332,0.0,117.5936126027778,37.0,491.3722222222222,60.01066618333332,10.422222222222222,10.79,0.0,37.0,-0.06333333333333332,117.5936126027778,37.0,-80.65694593611113,491.3722222222222,60.01066618333332,0.0,80.65694593611113,0.5872005800000153,0.0,82.7949113587114,137.87333378888886,49.96335760100786,68.88614679737374,0.18,0.096,0,,0.0,117.5936126027778,-80.65694593611113,0.0,246.69444444444446,5408.397012594446,123.34722222222223
2023-03-02 21:00:00,21,0,3,False,-0.06277777777777778,0.0,116.5022236888889,37.0,490.525,60.01855501111111,10.191666666666666,10.641666666666667,0.0,37.0,-0.06277777777777778,116.5022236888889,37.0,-79.56500146666669,490.525,60.01855501111111,0.0,79.56500146666669,0.5777339866666665,0.0,82.02648995908534,137.87333378888886,49.96367902556042,68.88658995611996,0.18,0.096,0,,0.0,116.5022236888889,-79.56500146666669,0.0,246.69444444444446,5524.899236283335,123.34722222222223
2023-03-02 22:00:00,22,0,3,False,-0.0661111111111111,0.0,117.17361261111114,37.0,491.19166666666666,60.01136114444444,9.938888888888888,10.395,0.0,37.0,-0.0661111111111111,117.17361261111114,37.0,-80.23972372222225,491.19166666666666,60.01136114444444,0.0,80.23972372222225,0.5863666266666684,0.0,82.49919919109423,137.87333378888886,49.961750478245044,68.88393100364256,0.18,0.096,0,,0.0,117.17361261111114,-80.23972372222225,0.0,246.69444444444446,5642.072848894446,123.34722222222223
2023-03-02 23:00:00,23,0,3,False,-0.04861111111111111,0.0,115.65222368888891,37.0,486.94166666666666,60.02963859444444,9.623611111111112,10.19,0.0,37.0,-0.04861111111111111,115.65222368888891,37.0,-78.70083480000002,486.94166666666666,60.02963859444444,0.0,78.70083480000002,0.5644336866666692,0.0,81.42802484608104,137.87333378888886,49.971875351650766,68.89789050414895,0.12,0.08,0,,0.0,115.65222368888891,-78.70083480000002,0.0,246.69444444444446,5757.725072583335,123.34722222222223
2023-03-03 00:00:00,0,0,4,False,-0.05666666666666667,0.0,120.20277931944446,37.0,486.65833333333336,60.01463843888889,9.261111111111111,10.010277777777778,0.0,37.0,-0.05666666666666667,120.20277931944446,37.0,-83.25944598611113,486.65833333333336,60.01463843888889,0.0,83.25944598611113,0.5824338733333349,0.0,84.63196459863724,137.87333378888886,49.9672146956386,68.89146470232853,0.12,0.08,0,,0.0,120.20277931944446,-83.25944598611113,0.0,246.69444444444446,5877.927851902779,123.34722222222223
2023-03-03 01:00:00,1,0,4,False,-0.04722222222222222,0.0,121.76166815833335,37.0,485.2472222222222,60.00436087222222,8.914166666666668,9.812777777777779,0.0,37.0,-0.04722222222222222,121.76166815833335,37.0,-84.80889038055557,485.2472222222222,60.00436087222222,0.0,84.80889038055557,0.594766953333334,0.0,85.72954175760991,137.87333378888886,49.97267891303217,68.89899840101452,0.12,0.08,0,,0.0,121.76166815833335,-84.80889038055557,0.0,246.69444444444446,5999.6895200611125,123.34722222222223
2023-03-03 02:00:00,2,0,4,False,-0.05138888888888889,0.0,122.920835,37.0,487.05833333333334,59.99752796944445,8.595833333333333,9.635277777777777,0.0,37.0,-0.05138888888888889,122.920835,37.0,-85.97222388888889,487.05833333333334,59.99752796944445,0.0,85.97222388888889,0.5970335633333377,0.0,86.54568401042033,137.87333378888886,49.97026822888795,68.89567471041777,0.12,0.08,0,,0.0,122.920835,-85.97222388888889,0.0,246.69444444444446,6122.610355061112,123.34722222222223
2023-03-03 03:00:00,3,0,4,False,-0.03972222222222222,0.0,124.90416825000001,37.0,486.9972222222222,59.98330625277779,8.286111111111111,9.43888888888889,0.0,37.0,-0.03972222222222222,124.90416825000001,37.0,-87.94389047222224,486.9972222222222,59.98330625277779,0.0,87.94389047222224,0.5799675033333443,0.0,87.94210254875732,137.87333378888886,49.977018144491765,68.90498104408867,0.12,0.08,0,,0.0,124.90416825000001,-87.94389047222224,0.0,246.69444444444446,6247.5145233111125,123.34722222222223
2023-03-03 04:00:00,4,0,4,False,-0.041944444444444444,0.0,123.72583488333333,37.0,486.19444444444446,59.99127801388889,7.974444444444445,9.2375,0.0,37.0,-0.041944444444444444,123.72583488333333,37.0,-86.76777932777777,486.19444444444446,59.99127801388889,0.0,86.76777932777777,0.5895336166666653,0.0,87.11246559412331,137.87333378888886,49.97573244628152,68.90320840910375,0.12,0.08,0,,0.0,123.72583488333333,-86.76777932777777,0.0,246.69444444444446,6371.240358194445,123.34722222222223
2023-03-03 05:00:00,5,0,4,False,-0.04361111111111111,0.0,124.3413904138889,37.00833333333333,489.09444444444443,59.986417205555554,7.6883333333333335,9.076944444444443,0.0,37.00833333333333,-0.04361111111111111,124.3413904138889,37.00833333333333,-87.37666819166667,489.09444444444443,59.986417205555554,0.0,87.37666819166667,0.5837006466666651,0.0,87.54586384136373,137.87333378888886,49.97476817262383,68.90187893286505,0.12,0.08,0,,0.0,124.3413904138889,-87.37666819166667,0.0,246.69444444444446,6495.581748608334,123.34722222222223
2023-03-03 06:00:00,6,0,4,False,-0.044444444444444446,0.125,125.27389044722224,37.00555555555555,487.84722222222223,59.97422235277779,7.599722222222223,9.084999999999999,0.125,37.00555555555555,-0.044444444444444446,125.27389044722224,37.13055555555555,-88.18777933611113,487.84722222222223,59.97422235277779,0.0,88.18777933611113,0.569066823333344,0.09974597899665529,88.20241529762885,137.87333378888886,49.97428603579498,68.90121419474569,0.18,0.096,0,,0.125,125.27389044722224,-88.18777933611113,0.0625,246.81944444444446,6620.855639055557,123.40972222222223
2023-03-03 07:00:00,7,0,4,False,-0.03972222222222222,5.733333333333333,120.95916800833335,37.0,490.84444444444443,59.99536151388889,7.469166666666665,9.147499999999999,5.733333333333333,37.0,-0.03972222222222222,120.95916800833335,42.733333333333334,-78.26555689722224,490.84444444444443,59.99536151388889,0.0,78.26555689722224,0.5944338166666654,4.738335469365741,85.16452017766201,137.87333378888886,49.977018144491765,68.90498104408867,0.18,0.096,0,,5.733333333333333,120.95916800833335,-78.26555689722224,2.8666666666666667,252.55277777777778,6741.81480706389,126.27638888888889
2023-03-03 08:00:00,8,0,4,False,-0.04083333333333333,12.96111111111111,120.30666827500002,37.0,490.48333333333335,59.99950021111111,7.258055555555556,9.022499999999999,12.96111111111111,37.0,-0.04083333333333333,120.30666827500002,49.96111111111111,-70.38639049722225,490.48333333333335,59.99950021111111,0.0,70.38639049722225,0.5994002533333344,10.769738414090709,84.70511038160954,137.87333378888886,49.976375295386646,68.90409472659621,0.18,0.096,0,,12.96111111111111,120.30666827500002,-70.38639049722225,6.480555555555555,265.5138888888889,6862.12147533889,132.75694444444446
2023-03-03 09:00:00,9,0,4,False,-0.06194444444444445,27.016666666666666,118.0652794027778,37.00277777777778,490.4138888888889,60.01413842222222,7.3549999999999995,8.988888888888889,27.016666666666666,37.00277777777778,-0.06194444444444445,118.0652794027778,64.01944444444445,-54.1077794027778,490.4138888888889,60.01413842222222,0.0,54.1077794027778,0.5830338933333393,22.87082163346884,83.12700091725537,137.87333378888886,49.96416116238926,68.88725469423932,0.18,0.096,0,,27.016666666666666,118.0652794027778,-54.1077794027778,13.508333333333333,292.53055555555557,6980.186754741668,146.26527777777778
2023-03-03 10:00:00,10,0,4,False,-0.03805555555555555,25.27777777777778,119.17305710555559,37.0,490.21666666666664,60.00733296944444,7.696944444444443,9.190555555555557,25.27777777777778,37.0,-0.03805555555555555,119.17305710555559,62.27777777777778,-56.933334883333366,490.21666666666664,60.00733296944444,0.0,56.933334883333366,0.5912004366666707,21.204212605276567,83.90696127969836,137.87333378888886,49.97798241814946,68.9063105203274,0.18,0.096,0,,25.27777777777778,119.17305710555559,-56.933334883333366,12.63888888888889,317.80833333333334,7099.359811847224,158.90416666666667
2023-03-03 11:00:00,11,0,4,False,-0.04777777777777779,33.525,120.31972369722223,37.0,490.56944444444446,59.99991675277777,8.134722222222223,9.469444444444445,33.525,37.0,-0.04777777777777779,120.31972369722223,70.525,-49.842501475,490.56944444444446,59.99991675277777,0.0,49.842501475,0.5999001033333258,27.852202288142575,84.71430239894545,137.87333378888886,49.97235748847961,68.89855524226829,0.12,0.08,0,,33.525,120.31972369722223,-49.842501475,16.7625,351.3333333333333,7219.679535544446,175.66666666666666
2023-03-03 12:00:00,12,0,4,False,-0.0375,33.541666666666664,121.28694578611113,37.0,485.4638888888889,59.992583797222224,8.760000000000002,9.880555555555556,33.541666666666664,37.0,-0.0375,121.28694578611113,70.54166666666666,-50.78277911944448,485.4638888888889,59.992583797222224,0.0,50.78277911944448,0.5911005566666688,27.64625583025446,85.39530084215386,137.87333378888886,49.97830384270202,68.90675367907362,0.12,0.08,0,,33.541666666666664,121.28694578611113,-50.78277911944448,16.770833333333332,384.875,7340.966481330557,192.4375
2023-03-03 13:00:00,13,0,4,False,-0.053333333333333344,17.158333333333335,121.40444591944446,37.0,485.7,59.99025039444445,9.229722222222223,10.050555555555555,17.158333333333335,37.0,-0.053333333333333344,121.40444591944446,54.15833333333333,-67.29944591944445,485.7,59.99025039444445,0.0,67.29944591944445,0.5883004733333422,14.126994120008924,85.47802993694603,137.87333378888886,49.96914324295398,68.89412365480595,0.12,0.08,0,,17.158333333333335,121.40444591944446,-67.29944591944445,8.579166666666667,402.03333333333336,7462.370927250002,201.01666666666668
2023-03-03 14:00:00,14,0,4,False,-0.051111111111111114,24.966666666666665,120.75472375555559,37.0,485.09166666666664,59.99686117777779,9.647499999999999,10.259166666666667,24.966666666666665,37.0,-0.051111111111111114,120.75472375555559,61.96666666666667,-58.83916820000003,485.09166666666664,59.99686117777779,0.0,58.83916820000003,0.5962334133333457,20.66677217555125,85.0205757625541,137.87333378888886,49.970428941164236,68.89589628979088,0.12,0.08,0,,24.966666666666665,120.75472375555559,-58.83916820000003,12.483333333333333,427.0,7583.125651005557,213.5
2023-03-03 15:00:00,15,0,4,False,-0.058055555555555555,20.09722222222222,120.82972375555556,37.0,486.14166666666665,59.99491703333333,10.285277777777777,10.734999999999998,20.09722222222222,37.0,-0.058055555555555555,120.82972375555556,57.09722222222222,-63.790557088888896,486.14166666666665,59.99491703333333,0.0,63.790557088888896,0.5939004399999959,16.62469303079921,85.07338150781916,137.87333378888886,49.9664111342572,68.89035680546296,0.12,0.08,0,,20.09722222222222,120.82972375555556,-63.790557088888896,10.04861111111111,447.09722222222223,7703.955374761113,223.54861111111111
2023-03-03 16:00:00,16,0,4,False,-0.06222222222222223,12.71111111111111,121.01972369722223,37.0,486.10277777777776,59.994166880555554,10.7425,11.133611111111112,12.71111111111111,37.0,-0.06222222222222223,121.01972369722223,49.71111111111111,-71.37083480833334,486.10277777777776,59.994166880555554,0.0,71.37083480833334,0.5930002566666644,10.497940890021527,85.20715602141958,137.87333378888886,49.96400045011298,68.8870331148662,0.12,0.08,0,,12.71111111111111,121.01972369722223,-71.37083480833334,6.355555555555555,459.80833333333334,7824.975098458335,229.90416666666667
2023-03-03 17:00:00,17,0,4,False,-0.0663888888888889,2.727777777777778,119.43250145000002,37.0,486.80833333333334,60.003499825000006,10.827499999999999,11.147499999999999,2.727777777777778,37.0,-0.0663888888888889,119.43250145000002,39.727777777777774,-79.77111256111114,486.80833333333334,60.003499825000006,0.0,79.77111256111114,0.5958002099999931,2.28268042493284,84.08962997254102,137.87333378888886,49.96158976596876,68.88370942426944,0.12,0.08,0,,2.727777777777778,119.43250145000002,-79.77111256111114,1.363888888888889,462.5361111111111,7944.407599908335,231.26805555555555
2023-03-03 18:00:00,18,0,4,False,-0.0661111111111111,-0.03333333333333333,122.55416816666668,37.0,487.7138888888889,59.98380627222222,10.830833333333333,11.137777777777776,0.0,37.0,-0.0661111111111111,122.55416816666668,37.0,-85.6202792777778,487.7138888888889,59.98380627222222,0.0,85.6202792777778,0.5805675266666611,0.0,86.28752247177827,137.87333378888886,49.961750478245044,68.88393100364256,0.18,0.096,0,,0.0,122.55416816666668,-85.6202792777778,0.0,462.5361111111111,8066.961768075002,231.26805555555555
2023-03-03 19:00:00,19,0,4,False,-0.08194444444444444,0.0,119.67555708888891,37.0,489.72222222222223,60.003722124999996,10.771666666666667,11.048333333333332,0.0,37.0,-0.08194444444444444,119.67555708888891,37.0,-82.75750153333335,489.72222222222223,60.003722124999996,0.0,82.75750153333335,0.5955334500000049,0.0,84.26075976123981,137.87333378888886,49.952589878497,68.87130097937488,0.18,0.096,0,,0.0,119.67555708888891,-82.75750153333335,0.0,462.5361111111111,8186.637325163891,231.26805555555555
2023-03-03 20:00:00,20,0,4,False,-0.07,0.0,118.43333495833333,37.0,491.675,60.01197176666667,10.603611111111109,10.885000000000002,0.0,37.0,-0.07,118.43333495833333,37.0,-81.50333495833333,491.675,60.01197176666667,0.0,81.50333495833333,0.5856338799999975,0.0,83.38614022272289,137.87333378888886,49.959500506377104,68.88082889241892,0.18,0.096,0,,0.0,118.43333495833333,-81.50333495833333,0.0,462.5361111111111,8305.070660122225,231.26805555555555
2023-03-03 21:00:00,21,0,4,False,-0.06638888888888889,0.0,118.43944589444445,37.0,490.6222222222222,60.01197158888889,10.361666666666668,10.743333333333332,0.0,37.0,-0.06638888888888889,118.43944589444445,37.0,-81.50583478333334,490.6222222222222,60.01197158888889,0.0,81.50583478333334,0.5856340933333314,0.0,83.39044278986442,137.87333378888886,49.96158976596876,68.88370942426944,0.18,0.096,0,,0.0,118.43944589444445,-81.50583478333334,0.0,462.5361111111111,8423.510106016669,231.26805555555555
2023-03-03 22:00:00,22,0,4,False,-0.07333333333333333,0.0,117.40666810833333,37.0,491.5388888888889,60.01983271388888,10.174166666666666,10.551388888888887,0.0,37.0,-0.07333333333333333,117.40666810833333,37.0,-80.48000144166667,491.5388888888889,60.01983271388888,0.0,80.48000144166667,0.5762007433333423,0.0,82.66328811401347,137.87333378888886,49.957571959061724,68.87816993994151,0.18,0.096,0,,0.0,117.40666810833333,-80.48000144166667,0.0,462.5361111111111,8540.916774125002,231.26805555555555
2023-03-03 23:00:00,23,0,4,False,-0.07,0.0,117.40277931944446,37.0,491.61944444444447,60.01813851111111,9.916111111111112,10.383333333333333,0.0,37.0,-0.07,117.40277931944446,37.0,-80.47277931944446,491.61944444444447,60.01813851111111,0.0,80.47277931944446,0.5782337866666666,0.0,82.66055010874072,137.87333378888886,49.959500506377104,68.88082889241892,0.12,0.08,0,,0.0,117.40277931944446,-80.47277931944446,0.0,462.5361111111111,8658.319553444446,231.26805555555555
2023-03-04 00:00:00,0,0,5,True,-0.06111111111111111,0.0,116.39194583611113,37.0,491.76944444444445,60.02602744722222,9.615277777777777,10.148888888888889,0.0,37.0,-0.06111111111111111,116.39194583611113,37.0,-79.45305694722225,491.76944444444445,60.02602744722222,0.0,79.45305694722225,0.5687670633333368,0.0,81.9488459030565,137.87333378888886,49.9646432992181,68.88791943235867,0.12,0.08,0,,0.0,116.39194583611113,-79.45305694722225,0.0,462.5361111111111,8774.711499280556,231.26805555555555
2023-03-04 01:00:00,1,0,5,True,-0.06277777777777778,0.0,119.6672235888889,37.0,486.1277777777778,60.00341653888889,9.26361111111111,9.964722222222223,0.0,37.0,-0.06277777777777778,119.6672235888889,37.0,-82.73000136666668,486.1277777777778,60.00341653888889,0.0,82.73000136666668,0.5959001533333292,0.0,84.25489233886425,137.87333378888886,49.96367902556042,68.88658995611996,0.12,0.08,0,,0.0,119.6672235888889,-82.73000136666668,0.0,462.5361111111111,8894.378722869445,231.26805555555555
2023-03-04 02:00:00,2,0,5,True,-0.05555555555555555,0.0,120.23333483333336,37.0,485.7111111111111,59.99866689444444,8.9125,9.766666666666667,0.0,37.0,-0.05555555555555555,120.23333483333336,37.0,-83.28889038888892,485.7111111111111,59.99866689444444,0.0,83.28889038888892,0.5984002733333283,0.0,84.65347802107537,137.87333378888886,49.96785754474373,68.892351019821,0.12,0.08,0,,0.0,120.23333483333336,-83.28889038888892,0.0,462.5361111111111,9014.61205770278,231.26805555555555
2023-03-04 03:00:00,3,0,5,True,-0.058055555555555555,0.0,120.36777921944446,37.0,485.8277777777778,59.9979723888889,8.538055555555555,9.554166666666667,0.0,37.0,-0.058055555555555555,120.36777921944446,37.0,-83.42583477500001,485.8277777777778,59.9979723888889,0.0,83.42583477500001,0.5975668666666764,0.0,84.74813716781276,137.87333378888886,49.9664111342572,68.89035680546296,0.12,0.08,0,,0.0,120.36777921944446,-83.42583477500001,0.0,462.5361111111111,9134.979836922224,231.26805555555555
2023-03-04 04:00:00,4,0,5,True,-0.043055555555555555,0.0,121.00250135833335,37.0,484.78333333333336,59.99422267500001,8.158333333333333,9.325833333333334,0.0,37.0,-0.043055555555555555,121.00250135833335,37.0,-84.0455569138889,484.78333333333336,59.99422267500001,0.0,84.0455569138889,0.5930672100000123,0.0,85.19503017554977,137.87333378888886,49.97508959717639,68.90232209161128,0.12,0.08,0,,0.0,121.00250135833335,-84.0455569138889,0.0,462.5361111111111,9255.982338280557,231.26805555555555
2023-03-04 05:00:00,5,0,5,True,-0.04027777777777778,0.0,121.72472387222224,36.80277777777778,489.05555555555554,59.989917088888895,7.845833333333333,9.161666666666665,0.0,36.80277777777778,-0.04027777777777778,121.72472387222224,36.80277777777778,-84.96222387222224,489.05555555555554,59.989917088888895,0.0,84.96222387222224,0.5879005066666735,0.0,85.70353015012479,137.87333378888886,49.976696719939206,68.90453788534245,0.12,0.08,0,,0.0,121.72472387222224,-84.96222387222224,0.0,462.5361111111111,9377.70706215278,231.26805555555555
2023-03-04 06:00:00,6,0,5,True,-0.04388888888888889,0.13055555555555556,122.56055702222224,37.025,487.7972222222222,59.98377784166668,7.983333333333333,9.48388888888889,0.13055555555555556,37.025,-0.04388888888888889,122.56055702222224,37.15555555555555,-85.44889035555558,487.7972222222222,59.98377784166668,0.0,85.44889035555558,0.5805334100000152,0.10648517236496385,86.29202071549831,137.87333378888886,49.97460746034755,68.90165735349193,0.18,0.096,0,,0.13055555555555556,122.56055702222224,-85.44889035555558,0.06527777777777778,462.66666666666663,9500.267619175002,231.33333333333331
2023-03-04 07:00:00,7,0,5,True,-0.034722222222222224,5.988888888888889,122.7791681666667,37.0,489.60555555555555,59.982639125,7.859722222222223,9.598333333333333,5.988888888888889,37.0,-0.034722222222222224,122.7791681666667,42.98888888888889,-79.82500150000004,489.60555555555555,59.982639125,0.0,79.82500150000004,0.5791669499999983,4.876393761263595,86.44593970757354,137.87333378888886,49.97991096546483,68.90896947280478,0.18,0.096,0,,5.988888888888889,122.7791681666667,-79.82500150000004,2.9944444444444445,468.6555555555555,9623.046787341667,234.32777777777775
2023-03-04 08:00:00,8,0,5,True,-0.034999999999999996,14.155555555555555,119.83055697222224,37.0,490.69444444444446,60.003000019444436,7.578611111111112,9.437500000000002,14.155555555555555,37.0,-0.034999999999999996,119.83055697222224,51.15555555555555,-68.71000141666669,490.69444444444446,60.003000019444436,0.0,68.71000141666669,0.5963999766666773,11.80952720124262,84.36989155264538,137.87333378888886,49.97975025318855,68.90874789343167,0.18,0.096,0,,14.155555555555555,119.83055697222224,-68.71000141666669,7.0777777777777775,482.8111111111111,9742.877344313889,241.40555555555554
2023-03-04 09:00:00,9,0,5,True,-0.05027777777777778,20.93888888888889,120.17583480000002,37.0,489.7361111111111,60.00061134166667,7.6075,9.426944444444445,20.93888888888889,37.0,-0.05027777777777778,120.17583480000002,57.93888888888889,-62.28722368888891,489.7361111111111,60.00061134166667,0.0,62.28722368888891,0.5992663899999968,17.416257117473467,84.61299359290292,137.87333378888886,49.97091107799308,68.89656102791024,0.18,0.096,0,,20.93888888888889,120.17583480000002,-62.28722368888891,10.469444444444445,503.74999999999994,9863.05317911389,251.87499999999997
2023-03-04 10:00:00,10,0,5,True,-0.037777777777777785,25.766666666666666,119.360834775,37.0,488.44444444444446,60.00469434444444,7.980833333333335,9.651944444444444,25.766666666666666,37.0,-0.037777777777777785,119.360834775,62.766666666666666,-56.63194588611111,488.44444444444446,60.00469434444444,0.0,56.63194588611111,0.5943667866666743,21.580373603819748,84.0391711434204,137.87333378888886,49.978143130425735,68.9065320997005,0.18,0.096,0,,25.766666666666666,119.360834775,-56.63194588611111,12.883333333333333,529.5166666666667,9982.414013888889,264.7583333333333
2023-03-04 11:00:00,11,0,5,True,-0.04055555555555556,25.208333333333332,119.25555693055556,37.0,486.05833333333334,60.00611075,8.378055555555555,9.894166666666665,25.208333333333332,37.0,-0.04055555555555556,119.25555693055556,62.20833333333333,-57.087779152777784,486.05833333333334,60.00611075,0.0,57.087779152777784,0.5926671000000027,21.130892539577246,83.96504747627654,137.87333378888886,49.97653600766292,68.90431630596933,0.12,0.08,0,,25.208333333333332,119.25555693055556,-57.087779152777784,12.604166666666666,554.725,10101.669570819444,277.3625
2023-03-04 12:00:00,12,0,5,True,-0.0275,19.344444444444445,121.10000137500002,37.0,485.09722222222223,59.99388903333333,8.787777777777778,10.065555555555553,19.344444444444445,37.0,-0.0275,121.10000137500002,56.34444444444445,-64.78305693055557,485.09722222222223,59.99388903333333,0.0,64.78305693055557,0.5926668399999983,15.970315762194879,85.263677656129,137.87333378888886,49.984089484648145,68.91473053650583,0.12,0.08,0,,19.344444444444445,121.10000137500002,-64.78305693055557,9.672222222222222,574.0694444444445,10222.769572194444,287.03472222222223
2023-03-04 13:00:00,13,0,5,True,-0.049444444444444444,18.630555555555556,121.77027916111112,37.0,485.28055555555557,59.98758368333334,9.196111111111112,10.238055555555555,18.630555555555556,37.0,-0.049444444444444444,121.77027916111112,55.63055555555556,-66.18916805,485.28055555555557,59.98758368333334,0.0,66.18916805,0.5851004200000091,15.293546072949646,85.7356045631987,137.87333378888886,49.97139321482192,68.89722576602959,0.12,0.08,0,,18.630555555555556,121.77027916111112,-66.18916805,9.315277777777778,592.7,10344.539851355556,296.35
2023-03-04 14:00:00,14,0,5,True,-0.042777777777777776,14.052777777777777,118.99250134166667,37.0,485.4166666666667,60.00933304444444,9.5875,10.412222222222224,14.052777777777777,37.0,-0.042777777777777776,118.99250134166667,51.05277777777778,-67.98250134166666,485.4166666666667,60.00933304444444,0.0,67.98250134166666,0.5888003466666731,11.805557043031499,83.77983619071088,137.87333378888886,49.975250309452676,68.9025436709844,0.12,0.08,0,,14.052777777777777,118.99250134166667,-67.98250134166666,7.026388888888889,606.7527777777779,10463.532352697222,303.3763888888889
2023-03-04 15:00:00,15,0,5,True,-0.05444444444444445,9.96111111111111,122.25583489166667,37.0,485.3277777777778,59.984778513888884,9.954444444444444,10.621666666666666,9.96111111111111,37.0,-0.05444444444444445,122.25583489166667,46.96111111111111,-75.349168225,485.3277777777778,59.984778513888884,0.0,75.349168225,0.5817342166666606,8.1441324189423,86.07747299279495,137.87333378888886,49.968500393848856,68.89323733731348,0.12,0.08,0,,9.96111111111111,122.25583489166667,-75.349168225,4.980555555555555,616.713888888889,10585.788187588889,308.3569444444445
2023-03-04 16:00:00,16,0,5,True,-0.058333333333333334,6.5055555555555555,121.86111261111114,37.0,486.84722222222223,59.987861474999995,10.204722222222221,10.762222222222222,6.5055555555555555,37.0,-0.058333333333333334,121.86111261111114,43.50555555555555,-78.41389038888892,486.84722222222223,59.987861474999995,0.0,78.41389038888892,0.5854337699999945,5.335945800245819,85.79955827016204,137.87333378888886,49.96625042198092,68.89013522608984,0.12,0.08,0,,6.5055555555555555,121.86111261111114,-78.41389038888892,3.2527777777777778,623.2194444444445,10707.6493002,311.6097222222223
2023-03-04 17:00:00,17,0,5,True,-0.059166666666666666,0.075,121.07639047222223,37.0,486.43055555555554,59.99375041388889,10.346388888888889,10.809722222222222,0.075,37.0,-0.059166666666666666,121.07639047222223,37.075,-84.0605571388889,486.43055555555554,59.99375041388889,0.0,84.0605571388889,0.5925004966666677,0.06191410826963728,85.24705377189483,137.87333378888886,49.96576828515207,68.88947048797048,0.12,0.08,0,,0.075,121.07639047222223,-84.0605571388889,0.0375,623.2944444444446,10828.725690672223,311.6472222222223
2023-03-04 18:00:00,18,0,5,True,-0.06527777777777778,-0.1111111111111111,119.07500141666668,37.0,486.06111111111113,60.006333133333335,10.401666666666667,10.812777777777777,0.0,37.0,-0.06527777777777778,119.07500141666668,37.0,-82.14027919444446,486.06111111111113,60.006333133333335,0.0,82.14027919444446,0.5924002399999978,0.0,83.83792256330823,137.87333378888886,49.96223261507389,68.88459574176191,0.18,0.096,0,,0.0,119.07500141666668,-82.14027919444446,0.0,623.2944444444446,10947.80069208889,311.6472222222223
2023-03-04 19:00:00,19,0,5,True,-0.04705882352941177,0.0,119.39195192260061,37.0,486.1269349845201,60.00464354798761,10.40247678018576,10.801857585139317,0.0,37.0,-0.04705882352941177,119.39195192260061,37.0,-82.43901074613002,486.1269349845201,60.00464354798761,0.0,82.43901074613002,0.5944277424148652,0.0,84.06107999901472,137.87333378888886,49.972773449665276,68.89912874182224,0.18,0.096,0,,0.0,119.39195192260061,-82.43901074613002,0.0,623.2944444444446,11067.19264401149,311.6472222222223
2023-03-04 20:00:00,20,0,5,True,-0.06944444444444445,0.0,119.45333482500003,37.0,486.0027777777778,60.00533316111111,10.345,10.743055555555555,0.0,37.0,-0.06944444444444445,119.45333482500003,37.0,-82.52277926944447,486.0027777777778,60.00533316111111,0.0,82.52277926944447,0.5936002066666674,0.0,84.10429826445119,137.87333378888886,49.959821930929664,68.88127205116515,0.18,0.096,0,,0.0,119.45333482500003,-82.52277926944447,0.0,623.2944444444446,11186.64597883649,311.6472222222223
2023-03-04 21:00:00,21,0,5,True,-0.050344827586206904,0.0,118.59931175172414,37.0,487.64827586206894,60.00882689655173,10.204827586206898,10.641379310344828,0.0,37.0,-0.050344827586206904,118.59931175172414,37.0,-81.64965657931035,487.64827586206894,60.00882689655173,0.0,81.64965657931035,0.5894077241379222,0.0,83.50300059967904,137.87333378888886,49.97087228537466,68.89650754323397,0.18,0.096,0,,0.0,118.59931175172414,-81.64965657931035,0.0,623.2944444444446,11305.245290588215,311.6472222222223
2023-03-04 22:00:00,22,0,5,True,-0.08076923076923077,0.0,118.50384725,37.0,489.9230769230769,60.012306980769225,10.0,10.426923076923076,0.0,37.0,-0.08076923076923077,118.50384725,37.0,-81.58461648076924,489.9230769230769,60.012306980769225,0.0,81.58461648076924,0.5852316230769304,0.0,83.435786277547,137.87333378888886,49.953269815050504,68.87223843056884,0.18,0.096,0,,0.0,118.50384725,-81.58461648076924,0.0,623.2944444444446,11423.749137838215,311.6472222222223
2023-03-04 23:00:00,23,0,5,True,-0.060000000000000005,0.0,117.82583480000002,37.0,488.6,60.01555524722222,9.8675,10.335277777777778,0.0,37.0,-0.060000000000000005,117.82583480000002,37.0,-80.88583480000003,488.6,60.01555524722222,0.0,80.88583480000003,0.5813337033333397,0.0,82.95841357459693,137.87333378888886,49.96528614832323,68.88880574985113,0.12,0.08,0,,0.0,117.82583480000002,-80.88583480000003,0.0,623.2944444444446,11541.574972638215,311.6472222222223
2023-03-05 00:00:00,0,0,6,True,-0.058055555555555555,0.0,118.00333482500004,37.0,485.80833333333334,60.01469391111112,9.688333333333333,10.215000000000002,0.0,37.0,-0.058055555555555555,118.00333482500004,37.0,-81.0613903805556,485.80833333333334,60.01469391111112,0.0,81.0613903805556,0.58236730666666,0.0,83.08338718932623,137.87333378888886,49.9664111342572,68.89035680546296,0.12,0.08,0,,0.0,118.00333482500004,-81.0613903805556,0.0,623.2944444444446,11659.578307463215,311.6472222222223
2023-03-05 01:00:00,1,0,6,True,-0.05583333333333334,0.0,120.06111269444446,37.00277777777778,484.0777777777778,59.99347241666666,9.440555555555555,10.145555555555555,0.0,37.00277777777778,-0.05583333333333334,120.06111269444446,37.00277777777778,-83.11416825000002,484.0777777777778,59.99347241666666,0.0,83.11416825000002,0.5921668999999952,0.0,84.53222044247303,137.87333378888886,49.96769683246745,68.89212944044789,0.12,0.08,0,,0.0,120.06111269444446,-83.11416825000002,0.0,623.2944444444446,11779.639420157659,311.6472222222223
2023-03-05 02:00:00,2,0,6,True,-0.03693693693693694,0.0,118.40210375075074,37.0,485.55555555555554,60.00408376876877,9.17867867867868,9.995795795795795,0.0,37.0,-0.03693693693693694,118.40210375075074,37.0,-81.43904068768768,485.55555555555554,60.00408376876877,0.0,81.43904068768768,0.5950994774774727,0.0,83.36415106016388,137.87333378888886,49.978629610829614,68.90720282645157,0.12,0.08,0,,0.0,118.40210375075074,-81.43904068768768,0.0,623.2944444444446,11898.041523908409,311.6472222222223
2023-03-05 03:00:00,3,0,6,True,-0.04416666666666667,0.0,119.8230570638889,37.0,484.74444444444447,59.99544469166667,8.94777777777778,9.848333333333333,0.0,37.0,-0.04416666666666667,119.8230570638889,37.0,-82.86722373055557,484.74444444444447,59.99544469166667,0.0,82.86722373055557,0.5945336300000036,0.0,84.36461104265922,137.87333378888886,49.974446748071266,68.90143577411881,0.12,0.08,0,,0.0,119.8230570638889,-82.86722373055557,0.0,623.2944444444446,12017.864580972298,311.6472222222223
2023-03-05 04:00:00,4,0,6,True,-0.03666666666666667,0.0,118.4105570638889,37.0,485.56111111111113,60.00422193888888,8.724166666666665,9.74388888888889,0.0,37.0,-0.03666666666666667,118.4105570638889,37.0,-81.44722373055556,485.56111111111113,60.00422193888888,0.0,81.44722373055556,0.594933673333341,0.0,83.3701028401668,137.87333378888886,49.97878597953086,68.90741841719297,0.12,0.08,0,,0.0,118.4105570638889,-81.44722373055556,0.0,623.2944444444446,12136.275138036188,311.6472222222223
2023-03-05 05:00:00,5,0,6,True,-0.0525,0.0,119.48472372222224,37.00277777777778,485.25555555555553,59.99563900277778,8.501388888888888,9.6075,0.0,37.00277777777778,-0.0525,119.48472372222224,37.00277777777778,-82.53444594444446,485.25555555555553,59.99563900277778,0.0,82.53444594444446,0.5947668033333343,0.0,84.12639845259609,137.87333378888886,49.969625379782826,68.8947883929253,0.12,0.08,0,,0.0,119.48472372222224,-82.53444594444446,0.0,623.2944444444446,12255.75986175841,311.6472222222223
2023-03-05 06:00:00,6,0,6,True,-0.036944444444444446,0.09722222222222222,120.03750137500002,37.0,490.14444444444445,59.994139008333335,8.273888888888889,9.476111111111111,0.09722222222222222,37.0,-0.036944444444444446,120.03750137500002,37.09722222222222,-82.97722359722225,490.14444444444445,59.994139008333335,0.0,82.97722359722225,0.5929668100000015,0.08096828726439842,84.51559626487362,137.87333378888886,49.97862526725458,68.90719683781985,0.18,0.096,0,,0.09722222222222222,120.03750137500002,-82.97722359722225,0.04861111111111111,623.3916666666668,12375.79736313341,311.6958333333334
2023-03-05 07:00:00,7,0,6,True,-0.053333333333333344,6.991666666666666,116.02222363888889,37.0,490.1694444444444,60.01986047499999,8.072777777777777,9.351666666666667,6.991666666666666,37.0,-0.053333333333333344,116.02222363888889,43.99166666666667,-72.08389030555556,490.1694444444444,60.01986047499999,0.0,72.08389030555556,0.5761674300000151,6.023375505611252,81.68853315418495,137.87333378888886,49.96914324295398,68.89412365480595,0.18,0.096,0,,6.991666666666666,116.02222363888889,-72.08389030555556,3.495833333333333,630.3833333333334,12491.819586772299,315.1916666666667
2023-03-05 08:00:00,8,0,6,True,-0.043333333333333335,19.975,117.66694596111111,37.0,488.74444444444447,60.00941617222222,7.935277777777778,9.302222222222222,19.975,37.0,-0.043333333333333335,117.66694596111111,56.975,-60.735279294444446,488.74444444444447,60.00941617222222,0.0,60.735279294444446,0.5887005933333398,16.969630961484565,82.8465436605725,137.87333378888886,49.97492888490011,68.90210051223816,0.18,0.096,0,,19.975,117.66694596111111,-60.735279294444446,9.9875,650.3583333333335,12609.48653273341,325.17916666666673
2023-03-05 09:00:00,9,0,6,True,-0.030555555555555555,30.06111111111111,120.15166814166668,37.016666666666666,486.9194444444444,59.99358356388889,8.146666666666667,9.347777777777779,30.06111111111111,37.016666666666666,-0.030555555555555555,120.15166814166668,67.07777777777778,-53.10444591944445,486.9194444444444,59.99358356388889,0.0,53.10444591944445,0.5923002766666684,25.012943001325006,84.5959784141848,137.87333378888886,49.982321649609055,68.91229316340156,0.18,0.096,0,,30.06111111111111,120.15166814166668,-53.10444591944445,15.030555555555555,680.4194444444446,12729.638200875077,340.2097222222223
2023-03-05 10:00:00,10,0,6,True,-0.042777777777777776,37.34444444444444,119.39555687222223,37.0,487.15277777777777,59.99805554166667,8.758611111111112,9.710277777777778,37.34444444444444,37.0,-0.042777777777777776,119.39555687222223,74.34444444444443,-45.093890205555574,487.15277777777777,59.99805554166667,0.0,45.093890205555574,0.5976666500000078,31.266715626836177,84.06361815970023,137.87333378888886,49.975250309452676,68.9025436709844,0.18,0.096,0,,37.34444444444444,119.39555687222223,-45.093890205555574,18.67222222222222,717.763888888889,12849.0337577473,358.8819444444445
2023-03-05 11:00:00,11,0,6,True,-0.03027777777777778,40.00833333333333,118.61583482500004,37.0,485.90833333333336,60.001027730555556,9.387777777777778,10.193055555555556,40.00833333333333,37.0,-0.03027777777777778,118.61583482500004,77.00833333333333,-41.637779269444486,485.90833333333336,60.001027730555556,0.0,41.637779269444486,0.5987667233333326,33.72072835397444,83.51463410899107,137.87333378888886,49.98248236188533,68.91251474277466,0.12,0.08,0,,40.00833333333333,118.61583482500004,-41.637779269444486,20.004166666666666,757.7722222222224,12967.6495925723,378.8861111111112
2023-03-05 12:00:00,12,0,6,True,-0.04000000000000001,40.88611111111111,119.3491683138889,37.0,487.23055555555555,59.99511113611111,9.975555555555555,10.717777777777776,40.88611111111111,37.0,-0.04000000000000001,119.3491683138889,77.88611111111112,-41.503057202777775,487.23055555555555,59.99511113611111,0.0,41.503057202777775,0.5941333633333358,34.246080853513,84.03095706110602,137.87333378888886,49.97685743221549,68.90475946471557,0.12,0.08,0,,40.88611111111111,119.3491683138889,-41.503057202777775,20.443055555555556,798.6583333333334,13086.998760886188,399.3291666666667
2023-03-05 13:00:00,13,0,6,True,-0.04805555555555556,39.38055555555555,119.96555703055557,37.0,487.2361111111111,59.99166685555556,10.792222222222223,11.1,39.38055555555555,37.0,-0.04805555555555556,119.96555703055557,76.38055555555556,-43.63305703055557,487.2361111111111,59.99166685555556,0.0,43.63305703055557,0.590000226666669,32.81340733518838,84.46494193519368,137.87333378888886,49.972196776203326,68.89833366289517,0.12,0.08,0,,39.38055555555555,119.96555703055557,-43.63305703055557,19.690277777777776,838.038888888889,13206.964317916743,419.0194444444445
2023-03-05 14:00:00,14,0,6,True,-0.05138888888888889,34.09444444444444,120.42861261944446,37.0,485.68611111111113,59.9902227638889,11.664166666666668,11.637777777777778,34.09444444444444,37.0,-0.05138888888888889,120.42861261944446,71.09444444444443,-49.38555706388892,485.68611111111113,59.9902227638889,0.0,49.38555706388892,0.588267316666682,28.298841316072032,84.79096854146621,137.87333378888886,49.97026822888795,68.89567471041777,0.12,0.08,0,,34.09444444444444,120.42861261944446,-49.38555706388892,17.04722222222222,872.1333333333334,13327.392930536187,436.0666666666667
2023-03-05 15:00:00,15,0,6,True,-0.04527777777777778,25.961111111111112,121.65416816666666,37.0,485.6611111111111,59.98202847500001,12.333611111111109,12.410555555555556,25.961111111111112,37.0,-0.04527777777777778,121.65416816666666,62.96111111111111,-58.73833483333333,485.6611111111111,59.98202847500001,0.0,58.73833483333333,0.5784341700000084,21.3321522621905,85.65385352859724,137.87333378888886,49.97380389896614,68.90054945662634,0.12,0.08,0,,25.961111111111112,121.65416816666666,-58.73833483333333,12.980555555555556,898.0944444444445,13449.047098702853,449.0472222222223
2023-03-05 16:00:00,16,0,6,True,-0.06694444444444445,13.755555555555556,119.99333485000002,37.0,485.34444444444443,59.99133401666667,12.819166666666668,12.821944444444444,13.755555555555556,37.0,-0.06694444444444445,119.99333485000002,50.75555555555556,-69.30472373888891,485.34444444444443,59.99133401666667,0.0,69.30472373888891,0.5896008200000039,11.457207692995985,84.48449964796171,137.87333378888886,49.96126834141619,68.8832662655232,0.12,0.08,0,,13.755555555555556,119.99333485000002,-69.30472373888891,6.877777777777778,911.8500000000001,13569.040433552853,455.92500000000007
2023-03-05 17:00:00,17,0,6,True,-0.0775,1.8722222222222222,120.68694591111112,37.0,486.27777777777777,59.98780611944446,12.804999999999998,12.794166666666666,1.8722222222222222,37.0,-0.0775,120.68694591111112,38.87222222222222,-81.8922236888889,486.27777777777777,59.98780611944446,0.0,81.8922236888889,0.5853673433333483,1.5503091229353005,84.97285496804275,137.87333378888886,49.95516127491751,68.87484624934477,0.12,0.08,0,,1.8722222222222222,120.68694591111112,-81.8922236888889,0.9361111111111111,913.7222222222224,13689.727379463964,456.8611111111112
2023-03-05 18:00:00,18,0,6,True,-0.06916666666666667,-0.022222222222222223,121.02027932777779,37.0,485.6361111111111,59.98847260555556,12.745000000000003,12.793333333333335,0.0,37.0,-0.06916666666666667,121.02027932777779,37.0,-84.08944599444445,485.6361111111111,59.98847260555556,0.0,84.08944599444445,0.5861671266666689,0.0,85.20754722789395,137.87333378888886,49.95998264320595,68.88149363053827,0.18,0.096,0,,0.0,121.02027932777779,-84.08944599444445,0.0,913.7222222222224,13810.747658791743,456.8611111111112
2023-03-05 19:00:00,19,0,6,True,-0.09861111111111111,0.0,118.81194591111112,37.0,485.94166666666666,60.00755491388889,12.632499999999997,12.771944444444443,0.0,37.0,-0.09861111111111111,118.81194591111112,37.0,-81.91055702222224,485.94166666666666,60.00755491388889,0.0,81.91055702222224,0.5909341033333334,0.0,83.65271133641563,137.87333378888886,49.94294714192012,68.85800621698786,0.18,0.096,0,,0.0,118.81194591111112,-81.91055702222224,0.0,913.7222222222224,13929.559604702854,456.8611111111112
2023-03-05 20:00:00,20,0,6,True,-0.08472222222222223,0.0,122.75944588611112,37.0,485.8222222222222,59.99516709722222,12.49777777777778,12.641111111111112,0.0,37.0,-0.08472222222222223,122.75944588611112,37.0,-85.84416810833335,485.8222222222222,59.99516709722222,0.0,85.84416810833335,0.5942005166666661,0.0,86.43205371126602,137.87333378888886,49.95098275573419,68.86908518564371,0.18,0.096,0,,0.0,122.75944588611112,-85.84416810833335,0.0,913.7222222222224,14052.319050588965,456.8611111111112
2023-03-05 21:00:00,21,0,6,True,-0.08583333333333333,0.0,120.78277915000001,37.0,487.75555555555553,60.010527402777775,12.215833333333332,12.450555555555557,0.0,37.0,-0.08583333333333333,120.78277915000001,37.0,-83.86861248333334,487.75555555555553,60.010527402777775,0.0,83.86861248333334,0.5873671166666696,0.0,85.04032890938534,137.87333378888886,49.95033990662907,68.86819886815125,0.18,0.096,0,,0.0,120.78277915000001,-83.86861248333334,0.0,913.7222222222224,14173.101829738966,456.8611111111112
2023-03-05 22:00:00,22,0,6,True,-0.09083333333333334,0.0,121.54166815555557,37.0,489.96944444444443,60.004555247222214,11.930555555555559,12.270833333333334,0.0,37.0,-0.09083333333333334,121.54166815555557,37.0,-84.6325014888889,489.96944444444443,60.004555247222214,0.0,84.6325014888889,0.594533703333343,0.0,85.57464490287656,137.87333378888886,49.947447085656,68.86421043943514,0.18,0.096,0,,0.0,121.54166815555557,-84.6325014888889,0.0,913.7222222222224,14294.643497894522,456.8611111111112
2023-03-05 23:00:00,23,0,6,True,-0.08666666666666667,0.0,121.21222370555557,37.0,489.27222222222224,60.00799955555555,11.763333333333332,12.133888888888889,0.0,37.0,-0.08666666666666667,121.21222370555557,37.0,-84.29889037222225,489.27222222222224,60.00799955555555,0.0,84.29889037222225,0.5904005333333401,0.0,85.34269077346728,137.87333378888886,49.94985776980022,68.86753413003188,0.12,0.08,0,,0.0,121.21222370555557,-84.29889037222225,0.0,913.7222222222224,14415.855721600077,456.8611111111112
2023-03-06 00:00:00,0,0,0,False,-0.07944444444444444,0.0,119.99389043888891,37.0,487.18888888888887,60.01774979999999,11.428611111111111,11.887777777777778,0.0,37.0,-0.07944444444444444,119.99389043888891,37.0,-83.07333488333336,487.18888888888887,60.01774979999999,0.0,83.07333488333336,0.578700240000012,0.0,84.48489082509957,137.87333378888886,49.95403628898354,68.87329519373294,0.12,0.08,0,,0.0,119.99389043888891,-83.07333488333336,0.0,913.7222222222224,14535.849612038966,456.8611111111112
2023-03-06 01:00:00,1,0,0,False,-0.0811111111111111,0.0,122.34666813333335,37.0,488.09722222222223,59.99291696388889,11.111944444444447,11.678888888888888,0.0,37.0,-0.0811111111111111,122.34666813333335,37.0,-85.42777924444447,488.09722222222223,59.99291696388889,0.0,85.42777924444447,0.5915003566666656,0.0,86.14142655307565,137.87333378888886,49.95307201532585,68.87196571749423,0.12,0.08,0,,0.0,122.34666813333335,-85.42777924444447,0.0,913.7222222222224,14658.1962801723,456.8611111111112
2023-03-06 02:00:00,2,0,0,False,-0.08027777777777777,0.0,121.64444601666668,37.0,487.125,59.99636120833333,10.755277777777778,11.476944444444444,0.0,37.0,-0.08027777777777777,121.64444601666668,37.0,-84.72472379444446,487.125,59.99636120833333,0.0,84.72472379444446,0.5956334499999997,0.0,85.6470083902462,137.87333378888886,49.953554152154695,68.87263045561359,0.12,0.08,0,,0.0,121.64444601666668,-84.72472379444446,0.0,913.7222222222224,14779.840726188966,456.8611111111112
2023-03-06 03:00:00,3,0,0,False,-0.07055555555555555,0.0,122.03139031388889,37.0,486.45,59.99566715833333,10.357777777777779,11.238888888888887,0.0,37.0,-0.07055555555555555,122.03139031388889,37.0,-85.10194586944445,486.45,59.99566715833333,0.0,85.10194586944445,0.5948005899999999,0.0,85.91944681679145,137.87333378888886,49.95917908182454,68.88038573367268,0.12,0.08,0,,0.0,122.03139031388889,-85.10194586944445,0.0,913.7222222222224,14901.872116502855,456.8611111111112
2023-03-06 04:00:00,4,0,0,False,-0.06444444444444446,0.0,120.31055713611111,37.0,486.7916666666667,60.004416602777766,9.972777777777777,11.004444444444445,0.0,37.0,-0.06444444444444446,120.31055713611111,37.0,-83.37500158055556,486.7916666666667,60.004416602777766,0.0,83.37500158055556,0.5947000766666803,0.0,84.70784843773225,137.87333378888886,49.96271475190273,68.88526047988127,0.12,0.08,0,,0.0,120.31055713611111,-83.37500158055556,0.0,913.7222222222224,15022.182673638965,456.8611111111112
2023-03-06 05:00:00,5,0,0,False,-0.06388888888888888,0.0,120.48944600833335,37.0,487.85833333333335,60.00361102222222,9.545,10.737222222222222,0.0,37.0,-0.06388888888888888,120.48944600833335,37.0,-83.55333489722223,487.85833333333335,60.00361102222222,0.0,83.55333489722223,0.5956667733333318,0.0,84.8337999072966,137.87333378888886,49.96303617645529,68.88570363862749,0.12,0.08,0,,0.0,120.48944600833335,-83.55333489722223,0.0,913.7222222222224,15142.672119647299,456.8611111111112
2023-03-06 06:00:00,6,0,0,False,-0.06055555555555556,0.18888888888888888,123.94527941111114,37.0,486.15833333333336,59.979889555555566,9.1275,10.493055555555555,0.18888888888888888,37.0,-0.06055555555555556,123.94527941111114,37.18888888888889,-86.81694607777781,486.15833333333336,59.979889555555566,0.0,86.81694607777781,0.5758674666666792,0.15232258138470905,87.26697135190533,137.87333378888886,49.96496472377067,68.88836259110491,0.18,0.096,0,,0.18888888888888888,123.94527941111114,-86.81694607777781,0.09444444444444444,913.9111111111113,15266.61739905841,456.95555555555563
2023-03-06 07:00:00,7,0,0,False,-0.05583333333333334,4.533333333333333,121.29583475000001,37.0,485.51944444444445,59.993750061111115,8.74388888888889,10.25611111111111,4.533333333333333,37.0,-0.05583333333333334,121.29583475000001,41.53333333333333,-79.81833475000002,485.51944444444445,59.993750061111115,0.0,79.81833475000002,0.5925000733333377,3.7356992325974865,85.40155935365769,137.87333378888886,49.96769683246745,68.89212944044789,0.18,0.096,0,,4.533333333333333,121.29583475000001,-79.81833475000002,2.2666666666666666,918.4444444444446,15387.913233808411,459.2222222222223
2023-03-06 08:00:00,8,0,0,False,-0.05055555555555556,13.719444444444445,120.24166820833335,37.0,485.68888888888887,59.999694319444444,8.485000000000001,10.1275,13.719444444444445,37.0,-0.05055555555555556,120.24166820833335,50.71944444444445,-69.57277931944446,485.68888888888887,59.999694319444444,0.0,69.57277931944446,0.5996331833333329,11.405096701323888,84.65934535544135,137.87333378888886,49.970750365716796,68.89633944853712,0.18,0.096,0,,13.719444444444445,120.24166820833335,-69.57277931944446,6.8597222222222225,932.163888888889,15508.154902016744,466.0819444444445
2023-03-06 09:00:00,9,0,0,False,-0.047499999999999994,26.477777777777778,121.02889049722225,37.00555555555555,486.39166666666665,59.99452794166667,8.544722222222223,10.113333333333332,26.477777777777778,37.00555555555555,-0.047499999999999994,121.02889049722225,63.483333333333334,-57.593057163888915,486.39166666666665,59.99452794166667,0.0,57.593057163888915,0.5934335300000014,21.86865471380668,85.21361015082888,137.87333378888886,49.97251820075589,68.8987768216414,0.18,0.096,0,,26.477777777777778,121.02889049722225,-57.593057163888915,13.238888888888889,958.6416666666668,15629.183792513966,479.3208333333334
2023-03-06 10:00:00,10,0,0,False,-0.04194444444444445,31.930555555555557,119.02472370555557,37.0,486.6,60.00969393888889,8.991944444444444,10.386111111111111,31.930555555555557,37.0,-0.04194444444444445,119.02472370555557,68.93055555555556,-50.13611259444446,486.6,60.00969393888889,0.0,50.13611259444446,0.5883672733333355,26.817375552433774,83.80252320323564,137.87333378888886,49.97573244628152,68.90320840910375,0.18,0.096,0,,31.930555555555557,119.02472370555557,-50.13611259444446,15.965277777777779,990.5722222222223,15748.208516219522,495.28611111111115
2023-03-06 11:00:00,11,0,0,False,-0.05027777777777778,31.319444444444443,118.34944599444445,37.0,484.71944444444443,60.01047195277778,9.515,10.713611111111112,31.319444444444443,37.0,-0.05027777777777778,118.34944599444445,68.31944444444444,-50.08027932777779,484.71944444444443,60.01047195277778,0.0,50.08027932777779,0.587433656666667,26.45229519681726,83.327075965954,137.87333378888886,49.97091107799308,68.89656102791024,0.12,0.08,0,,31.319444444444443,118.34944599444445,-50.08027932777779,15.659722222222221,1021.8916666666668,15866.557962213967,510.9458333333334
2023-03-06 12:00:00,12,0,0,False,-0.0525,32.78333333333333,117.50361249444445,37.0,485.06388888888887,60.01794381388888,10.047500000000001,11.057222222222222,32.78333333333333,37.0,-0.0525,117.50361249444445,69.78333333333333,-47.772779161111124,485.06388888888887,60.01794381388888,0.0,47.772779161111124,0.5784674233333476,27.887391508359578,82.73154438811832,137.87333378888886,49.969625379782826,68.8947883929253,0.12,0.08,0,,32.78333333333333,117.50361249444445,-47.772779161111124,16.391666666666666,1054.6750000000002,15984.06157470841,527.3375000000001
2023-03-06 13:00:00,13,0,0,False,-0.06666666666666667,30.625,118.8397236777778,37.0,483.4166666666667,60.02452738611112,10.783333333333333,11.415277777777778,30.625,37.0,-0.06666666666666667,118.8397236777778,67.625,-51.28139034444447,483.4166666666667,60.02452738611112,0.0,51.28139034444447,0.5705671366666593,25.75555435774849,83.67226901202407,137.87333378888886,49.96142905369248,68.88348784489632,0.12,0.08,0,,30.625,118.8397236777778,-51.28139034444447,15.3125,1085.3000000000002,16102.901298386189,542.6500000000001
2023-03-06 14:00:00,14,0,0,False,-0.056388888888888884,23.830555555555556,120.20139051388891,37.0,483.43055555555554,60.023888380555555,11.394166666666665,11.753333333333336,23.830555555555556,37.0,-0.056388888888888884,120.20139051388891,60.830555555555556,-59.427223847222244,483.43055555555554,60.023888380555555,0.0,59.427223847222244,0.5713339433333345,19.81622783482488,84.6309867731387,137.87333378888886,49.967375407914886,68.89168628170165,0.12,0.08,0,,23.830555555555556,120.20139051388891,-59.427223847222244,11.915277777777778,1109.1305555555557,16223.102688900077,554.5652777777779
2023-03-06 15:00:00,15,0,0,False,-0.0625,12.722222222222221,118.24194593055557,37.0,484.3,60.03036086666667,11.79277777777778,12.096666666666668,12.722222222222221,37.0,-0.0625,118.24194593055557,49.72222222222222,-68.58222370833334,484.3,60.03036086666667,0.0,68.58222370833334,0.5635669599999972,10.75379891444666,83.25138768609138,137.87333378888886,49.9638397378367,68.88681153549308,0.12,0.08,0,,12.722222222222221,118.24194593055557,-68.58222370833334,6.361111111111111,1121.8527777777779,16341.344634830632,560.9263888888889
2023-03-06 16:00:00,16,0,0,False,-0.06861111111111111,10.71111111111111,123.75333490833336,37.0,485.7583333333333,59.99300028611112,12.101666666666668,12.303333333333335,10.71111111111111,37.0,-0.06861111111111111,123.75333490833336,47.71111111111111,-76.11083490833336,485.7583333333333,59.99300028611112,0.0,76.11083490833336,0.5916003433333429,8.650414127257445,87.13182771832244,137.87333378888886,49.96030406775851,68.88193678928451,0.12,0.08,0,,10.71111111111111,123.75333490833336,-76.11083490833336,5.355555555555555,1132.563888888889,16465.097969738967,566.2819444444445
2023-03-06 17:00:00,17,0,0,False,-0.07805555555555556,2.5527777777777776,122.64583487500002,37.0,486.01666666666665,59.99008372777778,12.33,12.465277777777779,2.5527777777777776,37.0,-0.07805555555555556,122.64583487500002,39.55277777777778,-83.1711126527778,486.01666666666665,59.99008372777778,0.0,83.1711126527778,0.5881004733333356,2.0800984786432353,86.35206285643879,137.87333378888886,49.95483985036494,68.87440309059852,0.12,0.08,0,,2.5527777777777776,122.64583487500002,-83.1711126527778,1.2763888888888888,1135.1166666666668,16587.743804613965,567.5583333333334
2023-03-06 18:00:00,18,0,0,False,-0.09194444444444443,-0.03333333333333333,123.63194602777779,37.0,487.81111111111113,59.98547259722222,12.381666666666671,12.499722222222221,0.0,37.0,-0.09194444444444443,123.63194602777779,37.0,-86.72389047222224,487.81111111111113,59.98547259722222,0.0,86.72389047222224,0.5825671166666637,0.0,87.04636064759403,137.87333378888886,49.946804236550875,68.86332412194267,0.18,0.096,0,,0.0,123.63194602777779,-86.72389047222224,0.0,1135.1166666666668,16711.375750641742,567.5583333333334
2023-03-06 19:00:00,19,0,0,False,-0.09222222222222223,0.0,122.40055703611114,37.0,488.19444444444446,59.98972286111111,12.315555555555553,12.475,0.0,37.0,-0.09222222222222223,122.40055703611114,37.0,-85.49277925833336,488.19444444444446,59.98972286111111,0.0,85.49277925833336,0.587667433333334,0.0,86.17936846871163,137.87333378888886,49.94664352427459,68.86310254256955,0.18,0.096,0,,0.0,122.40055703611114,-85.49277925833336,0.0,1135.1166666666668,16833.776307677854,567.5583333333334
2023-03-06 20:00:00,20,0,0,False,-0.08138888888888889,0.0,120.97305698055555,37.0,486.5527777777778,59.996028122222214,12.174166666666668,12.327499999999999,0.0,37.0,-0.08138888888888889,120.97305698055555,37.0,-84.05444586944445,486.5527777777778,59.996028122222214,0.0,84.05444586944445,0.5952337466666563,0.0,85.1742990780508,137.87333378888886,49.95291130304957,68.87174413812112,0.18,0.096,0,,0.0,120.97305698055555,-84.05444586944445,0.0,1135.1166666666668,16954.749364658408,567.5583333333334
2023-03-06 21:00:00,21,0,0,False,-0.08305555555555555,0.0,119.86027934166668,37.0,487.8,60.00074985555556,11.955555555555556,12.196944444444444,0.0,37.0,-0.08305555555555555,119.86027934166668,37.0,-82.94333489722224,487.8,60.00074985555556,0.0,82.94333489722224,0.5991001733333263,0.0,84.39081837757283,137.87333378888886,49.95194702939188,68.87041466188242,0.18,0.096,0,,0.0,119.86027934166668,-82.94333489722224,0.0,1135.1166666666668,17074.609644000077,567.5583333333334
2023-03-06 22:00:00,22,0,0,False,-0.08361111111111111,0.0,117.41222374722221,37.0,488.69166666666666,60.018249649999994,11.802777777777777,12.048055555555553,0.0,37.0,-0.08361111111111111,117.41222374722221,37.0,-80.49583485833332,488.69166666666666,60.018249649999994,0.0,80.49583485833332,0.5781004200000069,0.0,82.66719970937282,137.87333378888886,49.951625604839315,68.86997150313618,0.18,0.096,0,,0.0,117.41222374722221,-80.49583485833332,0.0,1135.1166666666668,17192.0218677473,567.5583333333334
2023-03-06 23:00:00,23,0,0,False,-0.09166666666666666,0.0,117.46333475833336,37.0,485.73055555555555,60.01741655277777,11.716666666666667,11.944166666666666,0.0,37.0,-0.09166666666666666,117.46333475833336,37.0,-80.55500142500003,485.73055555555555,60.01741655277777,0.0,80.55500142500003,0.579100136666679,0.0,82.70318577647917,137.87333378888886,49.94696494882716,68.86354570131579,0.12,0.08,0,,0.0,117.46333475833336,-80.55500142500003,0.0,1135.1166666666668,17309.48520250563,567.5583333333334
2023-03-07 00:00:00,0,0,1,False,-0.08222222222222222,0.0,120.70083496666668,37.0,486.1,59.99561106944444,11.556666666666665,11.831666666666665,0.0,37.0,-0.08222222222222222,120.70083496666668,37.0,-83.7830571888889,486.1,59.99561106944444,0.0,83.7830571888889,0.594733283333332,0.0,84.98263392710462,137.87333378888886,49.952429166220725,68.87107940000178,0.12,0.08,0,,0.0,120.70083496666668,-83.7830571888889,0.0,1135.1166666666668,17430.1860374723,567.5583333333334
2023-03-07 01:00:00,1,0,1,False,-0.07305555555555555,0.0,120.17666817222224,37.0,487.8611111111111,59.99716685277778,11.412222222222224,11.75,0.0,37.0,-0.07305555555555555,120.17666817222224,37.0,-83.24972372777779,487.8611111111111,59.99716685277778,0.0,83.24972372777779,0.596600223333337,0.0,84.61358035078662,137.87333378888886,49.95773267133801,68.87839151931463,0.12,0.08,0,,0.0,120.17666817222224,-83.24972372777779,0.0,1135.1166666666668,17550.362705644522,567.5583333333334
2023-03-07 02:00:00,2,0,1,False,-0.07388888888888889,0.0,120.27583488333335,37.0,488.89166666666665,59.99905559444445,11.176388888888889,11.578888888888887,0.0,37.0,-0.07388888888888889,120.27583488333335,37.0,-83.34972377222223,488.89166666666665,59.99905559444445,0.0,83.34972377222223,0.5988667133333393,0.0,84.6834013119294,137.87333378888886,49.957250534509164,68.87772678119528,0.12,0.08,0,,0.0,120.27583488333335,-83.34972377222223,0.0,1135.1166666666668,17670.638540527856,567.5583333333334
2023-03-07 03:00:00,3,0,1,False,-0.07555555555555557,0.0,119.72722371944445,37.0,488.8666666666667,60.00213883888888,10.874166666666666,11.448333333333334,0.0,37.0,-0.07555555555555557,119.72722371944445,37.0,-82.802779275,488.8666666666667,60.00213883888888,0.0,82.802779275,0.5974333933333412,0.0,84.29713702699743,137.87333378888886,49.95628626085148,68.87639730495658,0.12,0.08,0,,0.0,119.72722371944445,-82.802779275,0.0,1135.1166666666668,17790.3657642473,567.5583333333334
2023-03-07 04:00:00,4,0,1,False,-0.07277777777777777,0.0,120.01194586944447,37.0,488.03333333333336,59.9996389,10.590833333333332,11.264166666666668,0.0,37.0,-0.07277777777777777,120.01194586944447,37.0,-83.08472364722225,488.03333333333336,59.9996389,0.0,83.08472364722225,0.5995666800000009,0.0,84.49760323132047,137.87333378888886,49.95789338361429,68.87861309868775,0.12,0.08,0,,0.0,120.01194586944447,-83.08472364722225,0.0,1135.1166666666668,17910.377710116747,567.5583333333334
2023-03-07 05:00:00,5,0,1,False,-0.07555555555555556,0.0,120.40944583333334,37.0,486.3861111111111,59.9949445888889,10.28888888888889,11.117222222222221,0.0,37.0,-0.07555555555555556,120.40944583333334,37.0,-83.48500138888889,486.3861111111111,59.9949445888889,0.0,83.48500138888889,0.5939335066666785,0.0,84.77747365580042,137.87333378888886,49.95628626085148,68.87639730495658,0.12,0.08,0,,0.0,120.40944583333334,-83.48500138888889,0.0,1135.1166666666668,18030.78715595008,567.5583333333334
2023-03-07 06:00:00,6,0,1,False,-0.06555555555555556,0.36944444444444446,121.13639035277778,37.0,486.125,59.98702818333334,9.975555555555555,10.889166666666666,0.36944444444444446,37.0,-0.06555555555555556,121.13639035277778,37.36944444444445,-83.83250146388889,486.125,59.98702818333334,0.0,83.83250146388889,0.5844338200000038,0.3048172549340588,85.28929828400885,137.87333378888886,49.962071902797604,68.8843741623888,0.18,0.096,0,,0.36944444444444446,121.13639035277778,-83.83250146388889,0.18472222222222223,1135.4861111111113,18151.92354630286,567.7430555555557
2023-03-07 07:00:00,7,0,1,False,-0.04527777777777778,7.552777777777778,119.72000170000003,37.00277777777778,485.7,59.990722311111114,9.726944444444445,10.764166666666664,7.552777777777778,37.00277777777778,-0.04527777777777778,119.72000170000003,44.55555555555556,-75.20972392222225,485.7,59.990722311111114,0.0,75.20972392222225,0.5888667733333364,6.306316664321048,84.29205217207634,137.87333378888886,49.97380389896614,68.90054945662634,0.18,0.096,0,,7.552777777777778,119.72000170000003,-75.20972392222225,3.776388888888889,1143.038888888889,18271.64354800286,571.5194444444445
2023-03-07 08:00:00,8,0,1,False,-0.05333333333333333,11.427777777777777,121.28500155833335,37.0,485.30555555555554,59.98541730277778,9.668333333333333,10.781944444444443,11.427777777777777,37.0,-0.05333333333333333,121.28500155833335,48.42777777777778,-72.9105571138889,485.30555555555554,59.98541730277778,0.0,72.9105571138889,0.5825007633333399,9.41810993861151,85.39393195686358,137.87333378888886,49.96914324295398,68.89412365480595,0.18,0.096,0,,11.427777777777777,121.28500155833335,-72.9105571138889,5.713888888888889,1154.4666666666667,18392.92854956119,577.2333333333333
2023-03-07 09:00:00,9,0,1,False,-0.05388888888888888,16.21388888888889,118.73694585833333,37.0,485.1666666666667,60.00141659166667,9.78888888888889,10.828888888888889,16.21388888888889,37.0,-0.05388888888888888,118.73694585833333,53.21388888888889,-65.57694585833333,485.1666666666667,60.00141659166667,0.0,65.57694585833333,0.5983000899999978,13.649107629718065,83.59990555399094,137.87333378888886,49.968821818401416,68.8936804960597,0.18,0.096,0,,16.21388888888889,118.73694585833333,-65.57694585833333,8.106944444444444,1170.6805555555557,18511.665495419526,585.3402777777778
2023-03-07 10:00:00,10,0,1,False,-0.061944444444444455,28.32777777777778,120.72194592777778,37.0,485.9166666666667,59.98722291666666,10.139166666666668,11.085,28.32777777777778,37.0,-0.061944444444444455,120.72194592777778,65.32777777777778,-55.45611259444444,485.9166666666667,59.98722291666666,0.0,55.45611259444444,0.5846674999999919,23.453274845245897,84.99749766090106,137.87333378888886,49.96416116238926,68.88725469423932,0.18,0.096,0,,28.32777777777778,120.72194592777778,-55.45611259444444,14.16388888888889,1199.0083333333334,18632.387441347302,599.5041666666667
2023-03-07 11:00:00,11,0,1,False,-0.06055555555555556,32.94722222222222,119.55555705555558,37.0,485.075,59.99608366666667,10.663055555555555,11.425,32.94722222222222,37.0,-0.06055555555555556,119.55555705555558,69.94722222222222,-49.66889038888891,485.075,59.99608366666667,0.0,49.66889038888891,0.595300400000005,27.544133898865525,84.17627054534647,137.87333378888886,49.96496472377067,68.88836259110491,0.12,0.08,0,,32.94722222222222,119.55555705555558,-49.66889038888891,16.47361111111111,1231.9555555555557,18751.942998402857,615.9777777777779
2023-03-07 12:00:00,12,0,1,False,-0.07416666666666667,36.15833333333333,121.70250155555556,37.1,484.5083333333333,59.983528508333336,11.315833333333332,11.899444444444445,36.15833333333333,37.1,-0.07416666666666667,121.70250155555556,73.25833333333333,-48.518334888888894,484.5083333333333,59.983528508333336,0.0,48.518334888888894,0.5802342100000032,29.69233257995725,85.68788393688345,137.87333378888886,49.95708982223288,68.87750520182216,0.12,0.08,0,,36.15833333333333,121.70250155555556,-48.518334888888894,18.079166666666666,1268.113888888889,18873.645499958413,634.0569444444445
2023-03-07 13:00:00,13,0,1,False,-0.06777777777777778,14.019444444444444,118.97750148333333,37.3,483.6222222222222,59.994861419444454,11.803333333333331,12.181111111111111,14.019444444444444,37.3,-0.06777777777777778,118.97750148333333,51.31944444444444,-67.72583481666666,483.6222222222222,59.994861419444454,0.0,67.72583481666666,0.5938337033333454,11.776564792371586,83.76927514140205,137.87333378888886,49.96078620458735,68.88260152740385,0.12,0.08,0,,14.019444444444444,118.97750148333333,-67.72583481666666,7.009722222222222,1282.1333333333334,18992.623001441745,641.0666666666667
2023-03-07 14:00:00,14,0,1,False,-0.06944444444444445,26.505555555555556,117.41694600277779,37.17777777777778,484.9972222222222,60.00952749166666,12.134166666666667,12.354722222222223,26.505555555555556,37.17777777777778,-0.06944444444444445,117.41694600277779,63.68333333333334,-53.8030571138889,484.9972222222222,60.00952749166666,0.0,53.8030571138889,0.5885670100000083,22.56053271758528,82.67052453902541,137.87333378888886,49.959821930929664,68.88127205116515,0.12,0.08,0,,26.505555555555556,117.41694600277779,-53.8030571138889,13.252777777777778,1308.638888888889,19110.039947444522,654.3194444444445
2023-03-07 15:00:00,15,0,1,False,-0.08694444444444445,14.197222222222223,116.22416819166666,37.166666666666664,485.5027777777778,60.02111063055555,12.525555555555554,12.738333333333332,14.197222222222223,37.166666666666664,-0.08694444444444445,116.22416819166666,51.36388888888889,-64.94722374722221,485.5027777777778,60.02111063055555,0.0,64.94722374722221,0.574667243333343,12.20624745172837,81.83071758900702,137.87333378888886,49.94969705752394,68.86731255065878,0.12,0.08,0,,14.197222222222223,116.22416819166666,-64.94722374722221,7.098611111111111,1322.8361111111112,19226.26411563619,661.4180555555556
2023-03-07 16:00:00,16,0,1,False,-0.08638888888888889,5.561111111111111,118.50527938611114,37.12777777777778,485.93333333333334,60.003666375,12.745555555555557,12.828611111111114,5.561111111111111,37.12777777777778,-0.08638888888888889,118.50527938611114,42.68888888888889,-75.90277938611113,485.93333333333334,60.003666375,0.0,75.90277938611113,0.595600349999998,4.689293263178955,83.43679461107592,137.87333378888886,49.9500184820765,68.86775570940502,0.12,0.08,0,,5.561111111111111,118.50527938611114,-75.90277938611113,2.7805555555555554,1328.3972222222224,19344.7693950223,664.1986111111112
2023-03-07 17:00:00,17,0,1,False,-0.08305555555555555,3.4722222222222223,116.60722376944447,37.169444444444444,487.4555555555556,60.01224953333334,12.799722222222222,12.863888888888889,3.4722222222222223,37.169444444444444,-0.08305555555555555,116.60722376944447,40.641666666666666,-76.04861265833337,487.4555555555556,60.01224953333334,0.0,76.04861265833337,0.5853005599999932,2.9755882343477467,82.10041805917375,137.87333378888886,49.95194702939188,68.87041466188242,0.12,0.08,0,,3.4722222222222223,116.60722376944447,-76.04861265833337,1.7361111111111112,1331.8694444444445,19461.376618791746,665.9347222222223
2023-03-07 18:00:00,18,0,1,False,-0.07861111111111112,-0.11944444444444445,120.18666824166668,37.06666666666667,487.1611111111111,60.02183278333333,12.783611111111112,12.847222222222221,0.0,37.06666666666667,-0.07861111111111112,120.18666824166668,37.06666666666667,-83.19861268611112,487.1611111111111,60.02183278333333,0.0,83.19861268611112,0.5738006600000034,0.0,84.62062116571617,137.87333378888886,49.95451842581238,68.8739599318523,0.18,0.096,0,,0.0,120.18666824166668,-83.19861268611112,0.0,1331.8694444444445,19581.563287033412,665.9347222222223
2023-03-07 19:00:00,19,0,1,False,-0.08138888888888889,0.0,123.0183348388889,37.03888888888889,489.0777777777778,60.00322217499999,12.67527777777778,12.800555555555553,0.0,37.03888888888889,-0.08138888888888889,123.0183348388889,37.03888888888889,-86.06083483888891,489.0777777777778,60.00322217499999,0.0,86.06083483888891,0.5961333900000113,0.0,86.6143313658304,137.87333378888886,49.95291130304957,68.87174413812112,0.18,0.096,0,,0.0,123.0183348388889,-86.06083483888891,0.0,1331.8694444444445,19704.5816218723,665.9347222222223
2023-03-07 20:00:00,20,0,1,False,-0.08361111111111111,0.0,118.41972376944445,37.041666666666664,489.1666666666667,60.01563835277777,12.560833333333333,12.72638888888889,0.0,37.041666666666664,-0.08361111111111111,118.41972376944445,37.041666666666664,-81.46166821388888,489.1666666666667,60.01563835277777,0.0,81.46166821388888,0.5812339766666753,0.0,83.37655690307994,137.87333378888886,49.951625604839315,68.86997150313618,0.18,0.096,0,,0.0,118.41972376944445,-81.46166821388888,0.0,1331.8694444444445,19823.001345641747,665.9347222222223
2023-03-07 21:00:00,21,0,1,False,-0.0911111111111111,0.0,119.05639026111112,37.013888888888886,490.47222222222223,60.014499413888885,12.437777777777779,12.608333333333333,0.0,37.013888888888886,-0.0911111111111111,119.05639026111112,37.013888888888886,-82.13361248333334,490.47222222222223,60.014499413888885,0.0,82.13361248333334,0.5826007033333382,0.0,83.82481888411681,137.87333378888886,49.94728637337972,68.86398886006202,0.18,0.096,0,,0.0,119.05639026111112,-82.13361248333334,0.0,1331.8694444444445,19942.057735902858,665.9347222222223
2023-03-07 22:00:00,22,0,1,False,-0.08805555555555557,0.0,119.95777934722226,37.022222222222226,491.93888888888887,60.008777480555544,12.253055555555553,12.48527777777778,0.0,37.022222222222226,-0.08805555555555557,119.95777934722226,37.022222222222226,-83.02361268055559,491.93888888888887,60.008777480555544,0.0,83.02361268055559,0.5894670233333471,0.0,84.45946585032898,137.87333378888886,49.949054208418815,68.86642623316631,0.18,0.096,0,,0.0,119.95777934722226,-83.02361268055559,0.0,1331.8694444444445,20062.01551525008,665.9347222222223
2023-03-07 23:00:00,23,0,1,False,-0.08027777777777777,0.0,116.99805698055557,37.01111111111111,489.73055555555555,60.01483306666667,12.075833333333332,12.338888888888889,0.0,37.01111111111111,-0.08027777777777777,116.99805698055557,37.01111111111111,-80.06722364722225,489.73055555555555,60.01483306666667,0.0,80.06722364722225,0.5822003199999983,0.0,82.37559457900132,137.87333378888886,49.953554152154695,68.87263045561359,0.12,0.08,0,,0.0,116.99805698055557,-80.06722364722225,0.0,1331.8694444444445,20179.013572230637,665.9347222222223
2023-03-08 00:00:00,0,0,2,False,-0.08222222222222222,0.0,116.32222355555557,37.28611111111111,488.7638888888889,60.01763855833333,11.814166666666667,12.169166666666666,0.0,37.28611111111111,-0.08222222222222222,116.32222355555557,37.28611111111111,-79.11833466666668,488.7638888888889,60.01763855833333,0.0,79.11833466666668,0.5788337300000023,0.0,81.89975607657225,137.87333378888886,49.952429166220725,68.87107940000178,0.12,0.08,0,,0.0,116.32222355555557,-79.11833466666668,0.0,1331.8694444444445,20295.33579578619,665.9347222222223
2023-03-08 01:00:00,1,0,2,False,-0.08222222222222222,0.0,117.61944597777781,37.55,488.52222222222224,60.01061089166667,11.548055555555553,12.006944444444445,0.0,37.55,-0.08222222222222222,117.61944597777781,37.55,-80.15166820000005,488.52222222222224,60.01061089166667,0.0,80.15166820000005,0.5872669299999927,0.0,82.81310003363924,137.87333378888886,49.952429166220725,68.87107940000178,0.12,0.08,0,,0.0,117.61944597777781,-80.15166820000005,0.0,1331.8694444444445,20412.955241763968,665.9347222222223
2023-03-08 02:00:00,2,0,2,False,-0.06666666666666667,0.0,117.106112425,37.166666666666664,488.925,60.01094406111111,11.188888888888888,11.79861111111111,0.0,37.166666666666664,-0.06666666666666667,117.106112425,37.166666666666664,-80.006112425,488.925,60.01094406111111,0.0,80.006112425,0.5868671266666666,0.0,82.45167388931917,137.87333378888886,49.96142905369248,68.88348784489632,0.12,0.08,0,,0.0,117.106112425,-80.006112425,0.0,1331.8694444444445,20530.06135418897,665.9347222222223
2023-03-08 03:00:00,3,0,2,False,-0.07250000000000001,0.0,121.81222378888891,37.13055555555555,489.3333333333333,59.990667077777786,10.766944444444444,11.558611111111112,0.0,37.13055555555555,-0.07250000000000001,121.81222378888891,37.13055555555555,-84.75416823333337,489.3333333333333,59.990667077777786,0.0,84.75416823333337,0.5888004933333434,0.0,85.76513679426101,137.87333378888886,49.95805409589057,68.87883467806087,0.12,0.08,0,,0.0,121.81222378888891,-84.75416823333337,0.0,1331.8694444444445,20651.873577977858,665.9347222222223
2023-03-08 04:00:00,4,0,2,False,-0.07333333333333333,0.0,120.56222370555555,37.172222222222224,489.7638888888889,59.995333797222216,10.35888888888889,11.314166666666667,0.0,37.172222222222224,-0.07333333333333333,120.56222370555555,37.172222222222224,-83.46333481666666,489.7638888888889,59.995333797222216,0.0,83.46333481666666,0.5944005566666589,0.0,84.88504098116985,137.87333378888886,49.957571959061724,68.87816993994151,0.12,0.08,0,,0.0,120.56222370555555,-83.46333481666666,0.0,1331.8694444444445,20772.435801683412,665.9347222222223
2023-03-08 05:00:00,5,0,2,False,-0.058055555555555555,0.0,122.2916682916667,37.333333333333336,488.1666666666667,59.983222625,10.0025,11.115277777777777,0.0,37.333333333333336,-0.058055555555555555,122.2916682916667,37.333333333333336,-85.01639051388891,488.1666666666667,59.983222625,0.0,85.01639051388891,0.579867150000004,0.0,86.10270245136006,137.87333378888886,49.9664111342572,68.89035680546296,0.12,0.08,0,,0.0,122.2916682916667,-85.01639051388891,0.0,1331.8694444444445,20894.727469975078,665.9347222222223
2023-03-08 06:00:00,6,0,2,False,-0.060000000000000005,-0.06111111111111111,121.0716682166667,37.30277777777778,487.43888888888887,59.992861747222214,9.666666666666666,10.874722222222223,0.0,37.30277777777778,-0.060000000000000005,121.0716682166667,37.30277777777778,-83.82889043888892,487.43888888888887,59.992861747222214,0.0,83.82889043888892,0.5914340966666571,0.0,85.24372894224227,137.87333378888886,49.96528614832323,68.88880574985113,0.18,0.096,0,,0.0,121.0716682166667,-83.82889043888892,0.0,1331.8694444444445,21015.799138191745,665.9347222222223
2023-03-08 07:00:00,7,0,2,False,-0.05777777777777778,1.8972222222222221,119.55166810000001,37.266666666666666,490.03055555555557,60.004777958333335,9.387777777777778,10.728888888888887,1.8972222222222221,37.266666666666666,-0.05777777777777778,119.55166810000001,39.16388888888889,-80.4455569888889,490.03055555555557,60.004777958333335,0.0,80.4455569888889,0.5942664499999978,1.5861809310285473,84.1735324227276,137.87333378888886,49.96657184653348,68.89057838483608,0.18,0.096,0,,1.8972222222222221,119.55166810000001,-80.4455569888889,0.9486111111111111,1333.7666666666667,21135.350806291746,666.8833333333333
2023-03-08 08:00:00,8,0,2,False,-0.055,14.15,121.84027923611114,37.28888888888889,489.06666666666666,59.99011170277778,9.203055555555556,10.59861111111111,14.15,37.28888888888889,-0.055,121.84027923611114,51.43888888888889,-70.45639034722225,489.06666666666666,59.99011170277778,0.0,70.45639034722225,0.5881340433333377,11.608324857758808,85.78488997825188,137.87333378888886,49.9681789692963,68.89279417856724,0.18,0.096,0,,14.15,121.84027923611114,-70.45639034722225,7.075,1347.9166666666667,21257.19108552786,673.9583333333334
2023-03-08 09:00:00,9,0,2,False,-0.050833333333333335,20.525,120.52000145,37.51111111111111,487.53055555555557,59.99977783888888,9.201666666666668,10.601944444444444,20.525,37.51111111111111,-0.050833333333333335,120.52000145,58.03611111111111,-62.53472367222222,487.53055555555557,59.99977783888888,0.0,62.53472367222222,0.5997334066666582,17.02318810090647,84.85531327888474,137.87333378888886,49.97058965344051,68.896117869164,0.18,0.096,0,,20.525,120.52000145,-62.53472367222222,10.2625,1368.4416666666668,21377.71108697786,684.2208333333334
2023-03-08 10:00:00,10,0,2,False,-0.05111111111111111,21.91111111111111,120.43722374722223,37.477777777777774,488.23333333333335,59.99877794722223,9.316666666666666,10.665555555555555,21.91111111111111,37.477777777777774,-0.05111111111111111,120.43722374722223,59.388888888888886,-61.09944596944446,488.23333333333335,59.99877794722223,0.0,61.09944596944446,0.598533536666676,18.185255142643935,84.79703143506458,137.87333378888886,49.970428941164236,68.89589628979088,0.18,0.096,0,,21.91111111111111,120.43722374722223,-61.09944596944446,10.955555555555556,1390.3527777777779,21498.148310725082,695.1763888888889
2023-03-08 11:00:00,11,0,2,False,-0.04694444444444444,14.777777777777779,120.09083481388892,37.638888888888886,488.6333333333333,59.99869441944444,9.571666666666665,10.80111111111111,14.777777777777779,37.638888888888886,-0.04694444444444444,120.09083481388892,52.416666666666664,-67.7211125916667,488.6333333333333,59.99869441944444,0.0,67.7211125916667,0.5984333033333286,12.300691646714219,84.55314709138135,137.87333378888886,49.97283962530845,68.89921998038764,0.12,0.08,0,,14.777777777777779,120.09083481388892,-67.7211125916667,7.388888888888889,1405.1305555555557,21618.23914553897,702.5652777777779
2023-03-08 12:00:00,12,0,2,False,-0.04527777777777778,21.04722222222222,121.92527924444445,37.34722222222222,489.0416666666667,59.98111154722223,9.715555555555554,10.846111111111112,21.04722222222222,37.34722222222222,-0.04527777777777778,121.92527924444445,58.394444444444446,-63.576112577777785,489.0416666666667,59.98111154722223,0.0,63.576112577777785,0.5773338566666723,17.255985982246152,85.8447364954196,137.87333378888886,49.97380389896614,68.90054945662634,0.12,0.08,0,,21.04722222222222,121.92527924444445,-63.576112577777785,10.52361111111111,1426.177777777778,21740.164424783416,713.088888888889
2023-03-08 13:00:00,13,0,2,False,-0.05055555555555556,11.044444444444444,119.29389043888892,37.022222222222226,488.4972222222222,60.000888922222224,10.03472222222222,11.021388888888888,11.044444444444444,37.022222222222226,-0.05055555555555556,119.29389043888892,48.06666666666667,-71.27777932777782,488.4972222222222,60.000888922222224,0.0,71.27777932777782,0.5989332933333316,9.254259259755218,83.99203720262545,137.87333378888886,49.970750365716796,68.89633944853712,0.12,0.08,0,,11.044444444444444,119.29389043888892,-71.27777932777782,5.522222222222222,1437.2222222222224,21859.458315222306,718.6111111111112
2023-03-08 14:00:00,14,0,2,False,-0.05472222222222222,13.091666666666667,118.04666805,37.013888888888886,489.60277777777776,60.00344435555556,10.203611111111112,11.075,13.091666666666667,37.013888888888886,-0.05472222222222222,118.04666805,50.105555555555554,-67.99583471666666,489.60277777777776,60.00344435555556,0.0,67.99583471666666,0.5958667733333299,11.085108004647989,83.1138970992044,137.87333378888886,49.96833968157257,68.89301575794036,0.12,0.08,0,,13.091666666666667,118.04666805,-67.99583471666666,6.545833333333333,1450.313888888889,21977.504983272305,725.1569444444445
2023-03-08 15:00:00,15,0,2,False,-0.06194444444444445,11.147222222222222,120.2152792777778,37.07222222222222,490.2138888888889,59.99116702222222,10.438333333333334,11.194444444444445,11.147222222222222,37.07222222222222,-0.06194444444444445,120.2152792777778,48.21944444444445,-72.0577792777778,490.2138888888889,59.99116702222222,0.0,72.0577792777778,0.5894004266666656,9.267941075832029,84.64076552684489,137.87333378888886,49.96416116238926,68.88725469423932,0.12,0.08,0,,11.147222222222222,120.2152792777778,-72.0577792777778,5.573611111111111,1461.4611111111112,22097.720262550083,730.7305555555556
2023-03-08 16:00:00,16,0,2,False,-0.05027777777777778,9.938888888888888,121.39111261944446,37.047222222222224,489.5722222222222,59.99550041111111,10.644722222222223,11.303611111111111,9.938888888888888,37.047222222222224,-0.05027777777777778,121.39111261944446,46.986111111111114,-74.45527928611112,489.5722222222222,59.99550041111111,0.0,74.45527928611112,0.5946004933333313,8.18410334102715,85.46864227236813,137.87333378888886,49.97091107799308,68.89656102791024,0.12,0.08,0,,9.938888888888888,121.39111261944446,-74.45527928611112,4.969444444444444,1471.4,22219.111375169527,735.7
2023-03-08 17:00:00,17,0,2,False,-0.05444444444444445,0.9722222222222222,124.09611262777779,37.022222222222226,487.975,59.987556049999995,10.702500000000002,11.235833333333336,0.9722222222222222,37.022222222222226,-0.05444444444444445,124.09611262777779,37.99444444444445,-86.15611262777779,487.975,59.987556049999995,0.0,86.15611262777779,0.5850672599999939,0.7830993635064001,87.37316949079616,137.87333378888886,49.968500393848856,68.89323733731348,0.12,0.08,0,,0.9722222222222222,124.09611262777779,-86.15611262777779,0.4861111111111111,1472.3722222222223,22343.207487797303,736.1861111111111
2023-03-08 18:00:00,18,0,2,False,-0.056388888888888884,-0.38055555555555554,120.8102793527778,37.43888888888889,487.25555555555553,60.004999899999994,10.571388888888889,11.134444444444444,0.0,37.43888888888889,-0.056388888888888884,120.8102793527778,37.43888888888889,-83.42777935277779,487.25555555555553,60.004999899999994,0.0,83.42777935277779,0.5940001200000068,0.0,85.05969115875364,137.87333378888886,49.967375407914886,68.89168628170165,0.18,0.096,0,,0.0,120.8102793527778,-83.42777935277779,0.0,1472.3722222222223,22464.01776715008,736.1861111111111
2023-03-08 19:00:00,19,0,2,False,-0.06472222222222221,0.0,119.07583480000002,37.263888888888886,487.9472222222222,60.01555480277777,10.362222222222222,10.962500000000002,0.0,37.263888888888886,-0.06472222222222221,119.07583480000002,37.263888888888886,-81.87666813333335,487.9472222222222,60.01555480277777,0.0,81.87666813333335,0.5813342366666745,0.0,83.83850932901501,137.87333378888886,49.96255403962645,68.88503890050814,0.18,0.096,0,,0.0,119.07583480000002,-81.87666813333335,0.0,1472.3722222222223,22583.09360195008,736.1861111111111
2023-03-08 20:00:00,20,0,2,False,-0.05055555555555556,0.0,120.19583487500002,37.19166666666667,488.55833333333334,60.01347164444444,10.166111111111112,10.7675,0.0,37.19166666666667,-0.05055555555555556,120.19583487500002,37.19166666666667,-83.0547237638889,488.55833333333334,60.01347164444444,0.0,83.0547237638889,0.5838340266666762,0.0,84.62707517777936,137.87333378888886,49.970750365716796,68.89633944853712,0.18,0.096,0,,0.0,120.19583487500002,-83.0547237638889,0.0,1472.3722222222223,22703.28943682508,736.1861111111111
2023-03-08 21:00:00,21,0,2,False,-0.061666666666666675,0.0,120.8361126527778,37.19444444444444,491.14722222222224,60.006472208333335,9.883055555555556,10.593055555555555,0.0,37.19444444444444,-0.061666666666666675,120.8361126527778,37.19444444444444,-83.70333487500002,491.14722222222224,60.006472208333335,0.0,83.70333487500002,0.5922333499999979,0.0,85.07787978087573,137.87333378888886,49.96432187466554,68.88747627361244,0.18,0.096,0,,0.0,120.8361126527778,-83.70333487500002,0.0,1472.3722222222223,22824.12554947786,736.1861111111111
2023-03-08 22:00:00,22,0,2,False,-0.06694444444444445,0.0,119.69639042222225,37.080555555555556,491.23055555555555,60.01311093333333,9.591944444444444,10.452777777777778,0.0,37.080555555555556,-0.06694444444444445,119.69639042222225,37.080555555555556,-82.68277931111113,491.23055555555555,60.01311093333333,0.0,82.68277931111113,0.584266880000004,0.0,84.27542802381346,137.87333378888886,49.96126834141619,68.8832662655232,0.18,0.096,0,,0.0,119.69639042222225,-82.68277931111113,0.0,1472.3722222222223,22943.82193990008,736.1861111111111
2023-03-08 23:00:00,23,0,2,False,-0.04722222222222222,0.0,118.82000153333335,37.15277777777778,488.2638888888889,60.01713864444444,9.288055555555557,10.271666666666667,0.0,37.15277777777778,-0.04722222222222222,118.82000153333335,37.15277777777778,-81.71444597777779,488.2638888888889,60.01713864444444,0.0,81.71444597777779,0.5794336266666761,0.0,83.65838311154921,137.87333378888886,49.97267891303217,68.89899840101452,0.12,0.08,0,,0.0,118.82000153333335,-81.71444597777779,0.0,1472.3722222222223,23062.641941433416,736.1861111111111
2023-03-09 00:00:00,0,0,3,False,-0.04055555555555555,0.0,118.63944606111113,37.08888888888889,488.60555555555555,60.0209164111111,8.986944444444445,10.103055555555555,0.0,37.08888888888889,-0.04055555555555555,118.63944606111113,37.08888888888889,-81.5911127277778,488.60555555555555,60.0209164111111,0.0,81.5911127277778,0.5749003066666774,0.0,83.53125822791743,137.87333378888886,49.97653600766292,68.90431630596933,0.12,0.08,0,,0.0,118.63944606111113,-81.5911127277778,0.0,1472.3722222222223,23181.281387494528,736.1861111111111
2023-03-09 01:00:00,1,0,3,False,-0.04638888888888889,0.0,120.1400015138889,37.05833333333333,488.81666666666666,60.00672211111111,8.652777777777779,9.870555555555557,0.0,37.05833333333333,-0.04638888888888889,120.1400015138889,37.05833333333333,-83.12805706944445,488.81666666666666,60.00672211111111,0.0,83.12805706944445,0.5919334666666686,0.0,84.58776421452433,137.87333378888886,49.97316104986101,68.89966313913388,0.12,0.08,0,,0.0,120.1400015138889,-83.12805706944445,0.0,1472.3722222222223,23301.421389008417,736.1861111111111
2023-03-09 02:00:00,2,0,3,False,-0.046388888888888896,0.0,120.64389039722224,37.15277777777778,489.0888888888889,59.99477771944444,8.348611111111111,9.696111111111112,0.0,37.15277777777778,-0.046388888888888896,120.64389039722224,37.15277777777778,-83.53750150833335,489.0888888888889,59.99477771944444,0.0,83.53750150833335,0.5937332633333312,0.0,84.94254058806044,137.87333378888886,49.97316104986101,68.89966313913388,0.12,0.08,0,,0.0,120.64389039722224,-83.53750150833335,0.0,1472.3722222222223,23422.06527940564,736.1861111111111
2023-03-09 03:00:00,3,0,3,False,-0.044722222222222226,0.0,120.87750147222224,37.12222222222222,489.30555555555554,59.99366687222222,8.050833333333333,9.498333333333333,0.0,37.12222222222222,-0.044722222222222226,120.87750147222224,37.12222222222222,-83.80000147222223,489.30555555555554,59.99366687222222,0.0,83.80000147222223,0.592400246666665,0.0,85.10702068029447,137.87333378888886,49.974125323518706,68.90099261537257,0.12,0.08,0,,0.0,120.87750147222224,-83.80000147222223,0.0,1472.3722222222223,23542.942780877864,736.1861111111111
2023-03-09 04:00:00,4,0,3,False,-0.035277777777777776,0.0,122.04055711388891,37.166666666666664,487.27777777777777,59.98775023055556,7.7444444444444445,9.285555555555556,0.0,37.166666666666664,-0.035277777777777776,122.04055711388891,37.166666666666664,-84.90916822500002,487.27777777777777,59.98775023055556,0.0,84.90916822500002,0.5853002766666747,0.0,85.92590094620074,137.87333378888886,49.97958954091227,68.90852631405856,0.12,0.08,0,,0.0,122.04055711388891,-84.90916822500002,0.0,1472.3722222222223,23664.98333799175,736.1861111111111
2023-03-09 05:00:00,5,0,3,False,-0.030555555555555555,0.0,120.92805710277779,37.175,486.90833333333336,59.99411126666667,7.6336111111111125,9.296111111111113,0.0,37.175,-0.030555555555555555,120.92805710277779,37.175,-83.78361265833334,486.90833333333336,59.99411126666667,0.0,83.78361265833334,0.5929335200000053,0.0,85.14261571694557,137.87333378888886,49.982321649609055,68.91229316340156,0.12,0.08,0,,0.0,120.92805710277779,-83.78361265833334,0.0,1472.3722222222223,23785.91139509453,736.1861111111111
2023-03-09 06:00:00,6,0,3,False,-0.042222222222222223,0.3194444444444444,120.38805692222223,37.15,487.15,59.995472488888886,7.8005555555555555,9.628055555555555,0.3194444444444444,37.15,-0.042222222222222223,120.38805692222223,37.46944444444444,-82.96083470000002,487.15,59.995472488888886,0.0,82.96083470000002,0.5945669866666634,0.265252598195261,84.762414223912,137.87333378888886,49.975571734005236,68.90298682973064,0.18,0.096,0,,0.3194444444444444,120.38805692222223,-82.96083470000002,0.1597222222222222,1472.6916666666666,23906.299452016752,736.3458333333333
2023-03-09 07:00:00,7,0,3,False,-0.04694444444444444,8.338888888888889,118.10111262500001,37.233333333333334,488.9916666666667,60.01044391666665,7.8788888888888895,9.96888888888889,8.338888888888889,37.233333333333334,-0.04694444444444444,118.10111262500001,45.57222222222222,-72.57583484722224,488.9916666666667,60.01044391666665,0.0,72.57583484722224,0.5874673000000171,7.057999171317307,83.15223025065129,137.87333378888886,49.97283962530845,68.89921998038764,0.18,0.096,0,,8.338888888888889,118.10111262500001,-72.57583484722224,4.169444444444444,1481.0305555555556,24024.400564641754,740.5152777777778
2023-03-09 08:00:00,8,0,3,False,-0.058055555555555555,21.511111111111113,120.50111251111113,37.34722222222222,489.28055555555557,59.99894449166667,7.572777777777778,9.795555555555556,21.511111111111113,37.34722222222222,-0.058055555555555555,120.50111251111113,58.858333333333334,-61.70083473333335,489.28055555555557,59.99894449166667,0.0,61.70083473333335,0.5987333900000038,17.842783303892677,84.8420140189475,137.87333378888886,49.9664111342572,68.89035680546296,0.18,0.096,0,,21.511111111111113,120.50111251111113,-61.70083473333335,10.755555555555556,1502.5416666666667,24144.901677152866,751.2708333333334
2023-03-09 09:00:00,9,0,3,False,-0.04777777777777777,31.266666666666666,121.16250145833334,37.577777777777776,490.02777777777777,59.99055589444444,7.626666666666666,9.684722222222222,31.266666666666666,37.577777777777776,-0.04777777777777777,121.16250145833334,68.84444444444443,-52.36583479166668,490.02777777777777,59.99055589444444,0.0,52.36583479166668,0.5886670733333289,25.795391994569105,85.30768250252294,137.87333378888886,49.97235748847961,68.89855524226829,0.18,0.096,0,,31.266666666666666,121.16250145833334,-52.36583479166668,15.633333333333333,1533.8083333333334,24266.0641786112,766.9041666666667
2023-03-09 10:00:00,10,0,3,False,-0.060277777777777784,38.56666666666667,119.41666804166667,37.797222222222224,489.8027777777778,59.99772206944444,8.079166666666667,9.924444444444445,38.56666666666667,37.797222222222224,-0.060277777777777784,119.41666804166667,76.3638888888889,-43.11305693055555,489.8027777777778,59.99772206944444,0.0,43.11305693055555,0.5972664833333311,32.27958867056182,84.07848204017931,137.87333378888886,49.96512543604695,68.88858417047801,0.18,0.096,0,,38.56666666666667,119.41666804166667,-43.11305693055555,19.283333333333335,1572.375,24385.480846652867,786.1875
2023-03-09 11:00:00,11,0,3,False,-0.05611111111111111,42.03888888888889,117.72111254444447,37.18055555555556,490.125,60.01041614444444,8.641388888888887,10.3,42.03888888888889,37.18055555555556,-0.05611111111111111,117.72111254444447,79.21944444444445,-38.55777921111113,490.125,60.01041614444444,0.0,38.55777921111113,0.5875006266666701,35.693564157899814,82.88468108459091,137.87333378888886,49.96753612019117,68.89190786107477,0.12,0.08,0,,42.03888888888889,117.72111254444447,-38.55777921111113,21.019444444444446,1614.4138888888888,24503.20195919731,807.2069444444444
2023-03-09 12:00:00,12,0,3,False,-0.04361111111111111,41.602777777777774,119.87083473888892,37.31666666666667,490.2083333333333,59.99461140555556,9.205833333333333,10.755833333333335,41.602777777777774,37.31666666666667,-0.04361111111111111,119.87083473888892,78.91944444444445,-40.99500140555558,490.2083333333333,59.99461140555556,0.0,40.99500140555558,0.5935336866666716,34.6937164099631,84.398250185798,137.87333378888886,49.97476817262383,68.90187893286505,0.12,0.08,0,,41.602777777777774,119.87083473888892,-40.99500140555558,20.801388888888887,1656.0166666666667,24623.0727939362,828.0083333333333
2023-03-09 13:00:00,13,0,3,False,-0.05333333333333333,39.37777777777778,118.45694602777779,37.43333333333333,490.0833333333333,60.0062776,10.111388888888888,11.149444444444445,39.37777777777778,37.43333333333333,-0.05333333333333333,118.45694602777779,76.8111111111111,-41.69916825000002,490.0833333333333,60.0062776,0.0,41.69916825000002,0.5924668800000035,33.22730989249487,83.40276422430317,137.87333378888886,49.96914324295398,68.89412365480595,0.12,0.08,0,,39.37777777777778,118.45694602777779,-41.69916825000002,19.68888888888889,1695.3944444444444,24741.52973996398,847.6972222222222
2023-03-09 14:00:00,14,0,3,False,-0.04861111111111111,35.15,117.5800014138889,37.37222222222222,490.0472222222222,60.007610641666666,11.130555555555555,11.686666666666666,35.15,37.37222222222222,-0.04861111111111111,117.5800014138889,72.52222222222221,-45.1063903027778,490.0472222222222,60.007610641666666,0.0,45.1063903027778,0.5908672300000006,29.882185333546673,82.78532803906843,137.87333378888886,49.971875351650766,68.89789050414895,0.12,0.08,0,,35.15,117.5800014138889,-45.1063903027778,17.575,1730.5444444444445,24859.109741377866,865.2722222222222
2023-03-09 15:00:00,15,0,3,False,-0.05166666666666667,26.716666666666665,119.30639031388891,37.233333333333334,489.51666666666665,59.995167041666654,11.828055555555556,12.446111111111112,26.716666666666665,37.233333333333334,-0.05166666666666667,119.30639031388891,63.95,-55.40805698055558,489.51666666666665,59.995167041666654,0.0,55.40805698055558,0.5942004499999853,22.38363068445311,84.00083807216005,137.87333378888886,49.97010751661167,68.89545313104465,0.12,0.08,0,,26.716666666666665,119.30639031388891,-55.40805698055558,13.358333333333333,1757.2611111111112,24978.416131691756,878.6305555555556
2023-03-09 16:00:00,16,0,3,False,-0.06694444444444445,15.447222222222223,118.79250142500003,37.333333333333336,488.0833333333333,59.99477795833333,12.467777777777776,12.885833333333332,15.447222222222223,37.333333333333336,-0.06694444444444445,118.79250142500003,52.78055555555556,-66.07889031388892,488.0833333333333,59.99477795833333,0.0,66.07889031388892,0.5937335499999961,12.996209185754989,83.63902092867706,137.87333378888886,49.96126834141619,68.8832662655232,0.12,0.08,0,,15.447222222222223,118.79250142500003,-66.07889031388892,7.723611111111111,1772.7083333333335,25097.208633116756,886.3541666666667
2023-03-09 17:00:00,17,0,3,False,-0.06805555555555555,3.213888888888889,119.91277929444445,37.297222222222224,488.56111111111113,59.984944933333345,12.593055555555553,12.811111111111108,3.213888888888889,37.297222222222224,-0.06805555555555555,119.91277929444445,40.51111111111111,-79.46972373888889,488.56111111111113,59.984944933333345,0.0,79.46972373888889,0.5819339200000143,2.6786685497787137,84.42778236601032,137.87333378888886,49.960625492311074,68.88237994803075,0.12,0.08,0,,3.213888888888889,119.91277929444445,-79.46972373888889,1.6069444444444445,1775.9222222222224,25217.1214124112,887.9611111111112
2023-03-09 18:00:00,18,0,3,False,-0.07027777777777779,-0.075,118.91500153333335,37.32222222222222,486.93055555555554,59.986055516666674,12.550555555555555,12.801666666666666,0.0,37.32222222222222,-0.07027777777777779,118.91500153333335,37.32222222222222,-81.6630570888889,486.93055555555554,59.986055516666674,0.0,81.6630570888889,0.5832666200000091,0.0,83.725270388885,137.87333378888886,49.95933979410082,68.8806073130458,0.18,0.096,0,,0.0,118.91500153333335,-81.6630570888889,0.0,1775.9222222222224,25336.036413944534,887.9611111111112
2023-03-09 19:00:00,19,0,3,False,-0.06944444444444443,0.0,117.10222379166667,37.475,488.1694444444444,59.99480550555556,12.407500000000002,12.682222222222224,0.0,37.475,-0.06944444444444443,117.10222379166667,37.475,-79.69666823611111,488.1694444444444,59.99480550555556,0.0,79.69666823611111,0.5937666066666736,0.0,82.44893599356944,137.87333378888886,49.959821930929664,68.88127205116515,0.18,0.096,0,,0.0,117.10222379166667,-79.69666823611111,0.0,1775.9222222222224,25453.1386377362,887.9611111111112
2023-03-09 20:00:00,20,0,3,False,-0.07250000000000001,0.0,116.9480570638889,37.725,490.77222222222224,60.008249469444436,12.147777777777774,12.477222222222226,0.0,37.725,-0.07250000000000001,116.9480570638889,37.725,-79.2955570638889,490.77222222222224,60.008249469444436,0.0,79.2955570638889,0.5901006366666763,0.0,82.34039080749764,137.87333378888886,49.95805409589057,68.87883467806087,0.18,0.096,0,,0.0,116.9480570638889,-79.2955570638889,0.0,1775.9222222222224,25570.086694800088,887.9611111111112
2023-03-09 21:00:00,21,0,3,False,-0.09055555555555556,0.0,122.8919460027778,37.577777777777776,492.06111111111113,60.019805180555544,11.828055555555554,12.270277777777778,0.0,37.577777777777776,-0.09055555555555556,122.8919460027778,37.577777777777776,-85.40472378055559,492.06111111111113,60.019805180555544,0.0,85.40472378055559,0.5762337833333475,0.0,86.52534394337661,137.87333378888886,49.947607797932285,68.86443201880826,0.18,0.096,0,,0.0,122.8919460027778,-85.40472378055559,0.0,1775.9222222222224,25692.978640802867,887.9611111111112
2023-03-09 22:00:00,22,0,3,False,-0.07916666666666666,0.0,124.72361263333335,37.583333333333336,488.26944444444445,60.00838827777776,11.586388888888889,12.062777777777779,0.0,37.583333333333336,-0.07916666666666666,124.72361263333335,37.583333333333336,-87.21944596666667,488.26944444444445,60.00838827777776,0.0,87.21944596666667,0.5899340666666859,0.0,87.81497756342557,137.87333378888886,49.954197001259814,68.87351677310605,0.18,0.096,0,,0.0,124.72361263333335,-87.21944596666667,0.0,1775.9222222222224,25817.7022534362,887.9611111111112
2023-03-09 23:00:00,23,0,3,False,-0.07527777777777778,0.0,120.41694582500001,37.375,488.6277777777778,60.010277377777776,11.27611111111111,11.802499999999998,0.0,37.375,-0.07527777777777778,120.41694582500001,37.375,-83.11722360277778,488.6277777777778,60.010277377777776,0.0,83.11722360277778,0.5876671466666693,0.0,84.78275422445964,137.87333378888886,49.956446973127754,68.87661888432969,0.12,0.08,0,,0.0,120.41694582500001,-83.11722360277778,0.0,1775.9222222222224,25938.1191992612,887.9611111111112
2023-03-10 00:00:00,0,0,4,False,-0.06944444444444445,0.0,119.5758347888889,37.422222222222224,488.53333333333336,60.012471899999994,10.906944444444445,11.593888888888888,0.0,37.422222222222224,-0.06944444444444445,119.5758347888889,37.422222222222224,-82.22305701111112,488.53333333333336,60.012471899999994,0.0,82.22305701111112,0.585033720000007,0.0,84.19054762295917,137.87333378888886,49.959821930929664,68.88127205116515,0.12,0.08,0,,0.0,119.5758347888889,-82.22305701111112,0.0,1775.9222222222224,26057.695034050088,887.9611111111112
2023-03-10 01:00:00,1,0,4,False,-0.07416666666666666,0.0,119.29805710555559,37.36388888888889,490.1722222222222,60.01030497222222,10.547222222222222,11.371666666666668,0.0,37.36388888888889,-0.07416666666666666,119.29805710555559,37.36388888888889,-82.00833488333338,490.1722222222222,60.01030497222222,0.0,82.00833488333338,0.5876340333333331,0.0,83.99497085514017,137.87333378888886,49.95708982223288,68.87750520182216,0.12,0.08,0,,0.0,119.29805710555559,-82.00833488333338,0.0,1775.9222222222224,26176.993091155644,887.9611111111112
2023-03-10 02:00:00,2,0,4,False,-0.07694444444444445,0.0,118.42861278611112,37.355555555555554,490.0388888888889,60.016749441666654,10.166944444444445,11.1525,0.0,37.355555555555554,-0.07694444444444445,118.42861278611112,37.355555555555554,-81.15000167500001,490.0388888888889,60.016749441666654,0.0,81.15000167500001,0.5799006700000149,0.0,83.38281545174337,137.87333378888886,49.95548269947007,68.87528940809099,0.12,0.08,0,,0.0,118.42861278611112,-81.15000167500001,0.0,1775.9222222222224,26295.421703941756,887.9611111111112
2023-03-10 03:00:00,3,0,4,False,-0.06666666666666667,0.0,121.6497236527778,37.30555555555556,489.19444444444446,59.99227786944445,9.771666666666667,10.89638888888889,0.0,37.30555555555556,-0.06666666666666667,121.6497236527778,37.30555555555556,-84.4108347638889,489.19444444444446,59.99227786944445,0.0,84.4108347638889,0.5907334433333403,0.0,85.650724250354,137.87333378888886,49.96142905369248,68.88348784489632,0.12,0.08,0,,0.0,121.6497236527778,-84.4108347638889,0.0,1775.9222222222224,26417.071427594536,887.9611111111112
2023-03-10 04:00:00,4,0,4,False,-0.05305555555555555,0.0,123.64166815555558,37.272222222222226,486.90277777777777,59.9846948388889,9.3125,10.618611111111111,0.0,37.272222222222226,-0.05305555555555555,123.64166815555558,37.272222222222226,-86.42250148888891,486.90277777777777,59.9846948388889,0.0,86.42250148888891,0.5816338066666787,0.0,87.05320577029893,137.87333378888886,49.96930395523027,68.89434523417907,0.12,0.08,0,,0.0,123.64166815555558,-86.42250148888891,0.0,1775.9222222222224,26540.713095750092,887.9611111111112
2023-03-10 05:00:00,5,0,4,False,-0.0425,0.0,123.32333493055557,37.33611111111111,485.23333333333335,59.9748059388889,8.84611111111111,10.338888888888889,0.0,37.33611111111111,-0.0425,123.32333493055557,37.33611111111111,-86.02972381944447,485.23333333333335,59.9748059388889,0.0,86.02972381944447,0.5697671266666787,0.0,86.82907479444876,137.87333378888886,49.97541102172895,68.90276525035752,0.12,0.08,0,,0.0,123.32333493055557,-86.02972381944447,0.0,1775.9222222222224,26664.036430680648,887.9611111111112
2023-03-10 06:00:00,6,0,4,False,-0.04138888888888889,0.30277777777777776,120.57694596666668,37.03611111111111,485.2944444444444,59.97733360000001,8.670833333333333,10.333055555555557,0.30277777777777776,37.03611111111111,-0.04138888888888889,120.57694596666668,37.33888888888889,-83.27944596666669,485.2944444444444,59.97733360000001,0.0,83.27944596666669,0.5728003200000102,0.2510213543739964,84.89540658076933,137.87333378888886,49.97605387083408,68.90365156784998,0.18,0.096,0,,0.30277777777777776,120.57694596666668,-83.27944596666669,0.15138888888888888,1776.2250000000001,26784.613376647314,888.1125000000001
2023-03-10 07:00:00,7,0,4,False,-0.029444444444444447,8.536111111111111,117.11666825,37.37777777777778,486.6333333333333,59.998416822222225,8.554722222222221,10.477222222222222,8.536111111111111,37.37777777777778,-0.029444444444444447,117.11666825,45.91388888888889,-71.23222380555556,486.6333333333333,59.998416822222225,0.0,71.23222380555556,0.5981001866666702,7.286721611818306,82.45910599873267,137.87333378888886,49.982964498714175,68.91317948089402,0.18,0.096,0,,8.536111111111111,117.11666825,-71.23222380555556,4.268055555555556,1784.7611111111112,26901.730044897315,892.3805555555556
2023-03-10 08:00:00,8,0,4,False,1.2327778083333332,21.45277777777778,123.07139042222222,42.18611111111111,486.5833333333333,60.01524940277777,8.279722222222222,10.318333333333333,21.45277777777778,42.18611111111111,1.2327778083333332,123.07139042222222,63.638888888888886,-58.199723725000005,486.5833333333333,60.01524940277777,0.0,58.199723725000005,0.5817007166666769,17.607536164058622,86.65168656074226,137.87333378888886,50.71324109981495,69.92003617671185,0.18,0.096,0,,21.45277777777778,123.07139042222222,-58.199723725000005,10.72638888888889,1806.213888888889,27024.801435319536,903.1069444444445
2023-03-10 09:00:00,9,0,4,False,1.0122221944444445,31.18611111111111,141.334168175,60.919444444444444,486.27222222222224,59.999416672222225,8.4525,10.3325,31.18611111111111,60.919444444444444,1.0122221944444445,141.334168175,92.10555555555555,-48.216390425,486.27222222222224,59.999416672222225,0.0,48.216390425,0.5993000066666695,22.22468544972472,99.51008109202282,137.87333378888886,50.585635518697984,69.74410210792519,0.18,0.096,0,,31.18611111111111,141.334168175,-48.216390425,15.593055555555555,1837.4,27166.135603494535,918.7
2023-03-10 10:00:00,10,0,4,False,-1.8424999777777777,37.325,154.33639044722221,59.425,488.39166666666665,59.99580556388889,9.075833333333334,10.704166666666667,37.325,59.425,-1.8424999777777777,154.33639044722221,96.75,-59.42889042499999,488.39166666666665,59.99580556388889,0.0,59.42889042499999,0.5949666766666638,23.898876409244412,108.66464158784919,137.87333378888886,48.93399548428284,67.46693093028507,0.18,0.096,0,,37.325,154.33639044722221,-59.42889042499999,18.6625,1874.7250000000001,27320.471993941755,937.3625000000001
2023-03-10 11:00:00,11,0,4,False,1.8911111027777776,40.46666666666667,190.47250151666668,75.06388888888888,486.4638888888889,60.00077771666666,9.805277777777777,11.19138888888889,40.46666666666667,75.06388888888888,1.8911111027777776,190.47250151666668,115.53055555555555,-73.05083485833336,486.4638888888889,60.00077771666666,0.0,73.05083485833336,0.5990667400000064,21.458462352967313,134.1072319345678,137.87333378888886,51.094129172102015,70.44517925997823,0.12,0.08,0,,40.46666666666667,190.47250151666668,-73.05083485833336,20.233333333333334,1915.1916666666668,27510.94449545842,957.5958333333334
2023-03-10 12:00:00,12,0,4,False,-1.7555555416666666,40.59722222222222,139.64416823333337,69.81944444444444,483.9861111111111,59.9961946861111,10.511944444444445,11.74388888888889,40.59722222222222,69.81944444444444,-1.7555555416666666,139.64416823333337,110.41666666666666,-30.983057108333384,483.9861111111111,59.9961946861111,0.0,30.983057108333384,0.5954336233333236,28.710962891852514,98.32019167312073,137.87333378888886,48.98429842193753,67.53628526742335,0.12,0.08,0,,40.59722222222222,139.64416823333337,-30.983057108333384,20.29861111111111,1955.788888888889,27650.588663691753,977.8944444444445
2023-03-10 13:00:00,13,0,4,False,2.563055541666666,38.580555555555556,190.45277931944446,74.98333333333333,483.86944444444447,59.99938875000001,11.481666666666667,12.189166666666667,38.580555555555556,74.98333333333333,2.563055541666666,190.45277931944446,113.5638888888889,-74.32583488888889,483.86944444444447,59.99938875000001,0.0,74.32583488888889,0.5992665000000101,20.533616623539142,134.09334599693338,137.87333378888886,51.482892165212334,70.98117975911691,0.12,0.08,0,,38.580555555555556,190.45277931944446,-74.32583488888889,19.290277777777778,1994.3694444444445,27841.041443011196,997.1847222222223
2023-03-10 14:00:00,14,0,4,False,3.653055538888889,33.80833333333333,186.2961125027778,75.0,483.775,59.99122264444445,12.474166666666665,12.773333333333332,33.80833333333333,75.0,3.653055538888889,186.2961125027778,108.80833333333334,-73.83472363055556,483.775,59.99122264444445,0.0,73.83472363055556,0.5894671733333382,18.510604178081465,131.16673414263028,137.87333378888886,52.1135271357332,71.8506572170126,0.12,0.08,0,,33.80833333333333,186.2961125027778,-73.83472363055556,16.904166666666665,2028.177777777778,28027.337555513976,1014.088888888889
2023-03-10 15:00:00,15,0,4,False,3.9011110972222216,25.961111111111112,219.40555693055555,74.83055555555555,484.10277777777776,59.98580624166667,13.181111111111113,13.536111111111111,25.961111111111112,74.83055555555555,3.9011110972222216,219.40555693055555,100.79166666666666,-114.71277916666666,484.10277777777776,59.98580624166667,0.0,114.71277916666666,0.5829674900000071,12.04667078246214,154.47831932025315,137.87333378888886,52.25704320005956,72.04852759942196,0.12,0.08,0,,25.961111111111112,219.40555693055555,-114.71277916666666,12.980555555555556,2054.138888888889,28246.743112444532,1027.0694444444446
2023-03-10 16:00:00,16,0,4,False,-18.353611094444446,15.097222222222221,212.24555703888893,74.86111111111111,484.75,59.98963921666667,13.79861111111111,13.982777777777779,15.097222222222221,74.86111111111111,-18.353611094444446,212.24555703888893,89.95833333333334,-140.64083480000005,484.75,59.98963921666667,0.0,140.64083480000005,0.5875670600000006,6.546954329641356,149.4371309152214,137.87333378888886,39.38125777890558,54.296252987773244,0.12,0.08,0,,15.097222222222221,212.24555703888893,-140.64083480000005,7.548611111111111,2069.2361111111113,28458.98866948342,1034.6180555555557
2023-03-10 17:00:00,17,0,4,False,-12.69388881111111,3.216666666666667,140.97000136666668,62.53055555555556,486.64166666666665,59.99486145555556,13.996944444444447,14.074166666666663,3.216666666666667,62.53055555555556,-12.69388881111111,140.97000136666668,65.74722222222222,-87.91666795555557,486.64166666666665,59.99486145555556,0.0,87.91666795555557,0.5938337466666695,2.093313310593153,99.2536797624915,137.87333378888886,42.65577044349464,58.81093276378156,0.12,0.08,0,,3.216666666666667,140.97000136666668,-87.91666795555557,1.6083333333333334,2072.452777777778,28599.958670850086,1036.226388888889
2023-03-10 18:00:00,18,0,4,False,-0.32000000000000006,-0.12777777777777777,124.12416824166668,37.980555555555554,485.5138888888889,59.99508349166667,14.072499999999998,14.101666666666663,0.0,37.980555555555554,-0.32000000000000006,124.12416824166668,37.980555555555554,-86.46361268611112,485.5138888888889,59.99508349166667,0.0,86.46361268611112,0.5941001900000031,0.0,87.39292279213313,137.87333378888886,49.81485945772389,68.68140745661353,0.18,0.096,0,,0.0,124.12416824166668,-86.46361268611112,0.0,2072.452777777778,28724.082839091752,1036.226388888889
2023-03-10 19:00:00,19,0,4,False,-0.09833333333333336,0.0,123.23027917777779,37.983333333333334,486.30555555555554,59.98669440833333,13.97638888888889,14.088888888888887,0.0,37.983333333333334,-0.09833333333333336,123.23027917777779,37.983333333333334,-85.34527917777778,486.30555555555554,59.98669440833333,0.0,85.34527917777778,0.5840332899999936,0.0,86.76355641609364,137.87333378888886,49.943107854196406,68.85822779636098,0.18,0.096,0,,0.0,123.23027917777779,-85.34527917777778,0.0,2072.452777777778,28847.31311826953,1036.226388888889
2023-03-10 20:00:00,20,0,4,False,-0.10388888888888889,0.0,119.93139048055558,38.0,488.69444444444446,60.008943908333336,13.756666666666666,13.902777777777779,0.0,38.0,-0.10388888888888889,119.93139048055558,38.0,-82.03527936944447,488.69444444444446,60.008943908333336,0.0,82.03527936944447,0.5892673099999968,0.0,84.44088606671518,137.87333378888886,49.93989360867078,68.85379620889863,0.18,0.096,0,,0.0,119.93139048055558,-82.03527936944447,0.0,2072.452777777778,28967.244508750086,1036.226388888889
2023-03-10 21:00:00,21,0,4,False,-0.09861111111111111,0.0,117.10611260277781,37.99722222222222,488.525,60.02558297222222,13.544166666666666,13.798055555555559,0.0,37.99722222222222,-0.09861111111111111,117.10611260277781,37.99722222222222,-79.2075014916667,488.525,60.02558297222222,0.0,79.2075014916667,0.5693004333333391,0.0,82.45167401448835,137.87333378888886,49.94294714192012,68.85800621698786,0.18,0.096,0,,0.0,117.10611260277781,-79.2075014916667,0.0,2072.452777777778,29084.350621352864,1036.226388888889
2023-03-10 22:00:00,22,0,4,False,-0.09083333333333334,0.0,117.92083483333336,37.99166666666667,489.35555555555555,60.021333055555544,13.449444444444445,13.721666666666664,0.0,37.99166666666667,-0.09083333333333334,117.92083483333336,37.99166666666667,-80.02000150000003,489.35555555555555,60.021333055555544,0.0,80.02000150000003,0.5744003333333466,0.0,83.02530087540192,137.87333378888886,49.947447085656,68.86421043943514,0.18,0.096,0,,0.0,117.92083483333336,-80.02000150000003,0.0,2072.452777777778,29202.271456186198,1036.226388888889
2023-03-10 23:00:00,23,0,4,False,-0.09472222222222222,0.0,118.21361259444447,38.0,489.1333333333333,60.01894419166666,13.156388888888888,13.511388888888888,0.0,38.0,-0.09472222222222222,118.21361259444447,38.0,-80.30833481666669,489.1333333333333,60.01894419166666,0.0,80.30833481666669,0.5772669700000052,0.0,83.23143884703546,137.87333378888886,49.94519711378806,68.8611083282115,0.12,0.08,0,,0.0,118.21361259444447,-80.30833481666669,0.0,2072.452777777778,29320.485068780643,1036.226388888889
2023-03-11 00:00:00,0,0,5,True,-0.09722222222222222,0.0,118.55139032500003,38.0,488.5888888888889,60.005944111111106,12.800833333333333,13.270000000000001,0.0,38.0,-0.09722222222222222,118.55139032500003,38.0,-80.64861254722226,488.5888888888889,60.005944111111106,0.0,80.64861254722226,0.5928670666666732,0.0,83.4692602443146,137.87333378888886,49.94375070330153,68.85911411385345,0.12,0.08,0,,0.0,118.55139032500003,-80.64861254722226,0.0,2072.452777777778,29439.036459105642,1036.226388888889
2023-03-11 01:00:00,1,0,5,True,-0.08527777777777779,0.0,120.28777928333334,38.0,487.0388888888889,60.006166316666665,12.506666666666668,12.98777777777778,0.0,38.0,-0.08527777777777779,120.28777928333334,38.0,-82.37305706111111,487.0388888888889,60.006166316666665,0.0,82.37305706111111,0.5926004200000022,0.0,84.69181108451266,137.87333378888886,49.95066133118163,68.86864202689748,0.12,0.08,0,,0.0,120.28777928333334,-82.37305706111111,0.0,2072.452777777778,29559.324238388977,1036.226388888889
2023-03-11 02:00:00,2,0,5,True,-0.08444444444444445,0.0,122.34083476111114,38.0,486.0083333333333,59.99033383055556,12.124444444444448,12.796388888888892,0.0,38.0,-0.08444444444444445,122.34083476111114,38.0,-84.42527920555558,486.0083333333333,59.99033383055556,0.0,84.42527920555558,0.5884005966666678,0.0,86.13731941217428,137.87333378888886,49.95114346801047,68.86930676501683,0.12,0.08,0,,0.0,122.34083476111114,-84.42527920555558,0.0,2072.452777777778,29681.66507315009,1036.226388888889
2023-03-11 03:00:00,3,0,5,True,-0.07027777777777779,0.0,124.25972372222225,38.0,484.9527777777778,59.978528375,11.73972222222222,12.580555555555556,0.0,38.0,-0.07027777777777779,124.25972372222225,38.0,-86.33000150000002,484.9527777777778,59.978528375,0.0,86.33000150000002,0.5742340500000039,0.0,87.48836423447317,137.87333378888886,49.95933979410082,68.8806073130458,0.12,0.08,0,,0.0,124.25972372222225,-86.33000150000002,0.0,2072.452777777778,29805.92479687231,1036.226388888889
2023-03-11 04:00:00,4,0,5,True,-0.07333333333333333,0.0,121.7947238,38.0,486.98055555555555,59.98561154722223,11.455,12.438055555555556,0.0,38.0,-0.07333333333333333,121.7947238,38.0,-83.86805713333334,486.98055555555555,59.98561154722223,0.0,83.86805713333334,0.5827338566666725,0.0,85.75281546152222,137.87333378888886,49.957571959061724,68.87816993994151,0.12,0.08,0,,0.0,121.7947238,-83.86805713333334,0.0,2072.452777777778,29927.71952067231,1036.226388888889
2023-03-11 05:00:00,5,0,5,True,-0.07027777777777779,0.0,121.12527935555558,37.99722222222222,485.60277777777776,59.98311135277778,11.190277777777778,12.256944444444445,0.0,37.99722222222222,-0.07027777777777779,121.12527935555558,37.99722222222222,-83.19833491111113,485.60277777777776,59.98311135277778,0.0,83.19833491111113,0.5797336233333397,0.0,85.28147529082277,137.87333378888886,49.95933979410082,68.8806073130458,0.12,0.08,0,,0.0,121.12527935555558,-83.19833491111113,0.0,2072.452777777778,30048.844800027866,1036.226388888889
2023-03-11 06:00:00,6,0,5,True,-0.06555555555555556,0.0,120.86055714722224,38.0,487.8638888888889,59.987583775000004,10.94638888888889,12.154166666666667,0.0,38.0,-0.06555555555555556,120.86055714722224,38.0,-82.9261127027778,487.8638888888889,59.987583775000004,0.0,82.9261127027778,0.5851005300000054,0.0,85.09509057749929,137.87333378888886,49.962071902797604,68.8843741623888,0.18,0.096,0,,0.0,120.86055714722224,-82.9261127027778,0.0,2072.452777777778,30169.705357175088,1036.226388888889
2023-03-11 07:00:00,7,0,5,True,-0.05750000000000001,0.0,120.24916811666668,37.99722222222222,487.51666666666665,59.98786158333333,10.796388888888886,12.012222222222224,0.0,37.99722222222222,-0.05750000000000001,120.24916811666668,37.99722222222222,-82.30944589444447,487.51666666666665,59.98786158333333,0.0,82.30944589444447,0.5854338999999925,0.0,84.6646258654275,137.87333378888886,49.96673255880976,68.8907999642092,0.18,0.096,0,,0.0,120.24916811666668,-82.30944589444447,0.0,2072.452777777778,30289.954525291756,1036.226388888889
2023-03-11 08:00:00,8,0,5,True,-0.09194444444444443,0.8166666666666667,117.82333468055558,37.99166666666667,487.2472222222222,60.00249992777778,10.709444444444445,11.987222222222224,0.8166666666666667,37.99166666666667,-0.09194444444444443,117.82333468055558,38.80833333333334,-79.10694579166669,487.2472222222222,60.00249992777778,0.0,79.10694579166669,0.597000086666668,0.6925876550747354,82.95665329899006,137.87333378888886,49.946804236550875,68.86332412194267,0.18,0.096,0,,0.8166666666666667,117.82333468055558,-79.10694579166669,0.4083333333333333,2073.2694444444446,30407.777859972313,1036.6347222222223
2023-03-11 09:00:00,9,0,5,True,34.468333447222214,31.22222222222222,127.64833483611112,38.06388888888889,488.09444444444443,59.998139077777786,10.919444444444444,12.059166666666668,31.22222222222222,38.06388888888889,34.468333447222214,127.64833483611112,69.28611111111111,-23.893890277777793,488.09444444444443,59.998139077777786,0.0,23.893890277777793,0.5977668933333433,33.50742837179788,89.8742060382392,137.87333378888886,69.94214358053871,96.43156507790003,0.18,0.096,0,,31.22222222222222,127.64833483611112,-23.893890277777793,15.61111111111111,2104.491666666667,30535.426194808424,1052.2458333333334
2023-03-11 10:00:00,10,0,5,True,7.242777730555556,38.76111111111111,148.90861266111114,66.08055555555555,486.85555555555555,59.99533365833333,11.541388888888887,12.47388888888889,38.76111111111111,66.08055555555555,7.242777730555556,148.90861266111114,104.84166666666667,-36.82416826388891,486.85555555555555,59.99533365833333,0.0,36.82416826388891,0.5944003899999956,27.360944951979256,104.84307023946428,137.87333378888886,54.190411864438644,74.71412743143112,0.18,0.096,0,,38.76111111111111,148.90861266111114,-36.82416826388891,19.380555555555556,2143.2527777777777,30684.334807469535,1071.6263888888889
2023-03-11 11:00:00,11,0,5,True,5.519166597222222,42.63611111111111,195.82166816666665,75.72222222222223,487.2055555555556,59.99266703333334,12.114444444444445,12.815555555555553,42.63611111111111,75.72222222222223,5.519166597222222,195.82166816666665,118.35833333333335,-71.94416823611108,487.2055555555556,59.99266703333334,0.0,71.94416823611108,0.5912004400000086,22.404388150174956,137.87345502123964,137.87333378888886,53.19319217725593,73.33922740351319,0.12,0.08,0,,42.63611111111111,195.82166816666665,-71.94416823611108,21.318055555555556,2185.8888888888887,30880.156475636202,1092.9444444444443
2023-03-11 12:00:00,12,0,5,True,-0.1030554722222228,42.94444444444444,176.61889035555558,72.71666666666667,486.9138888888889,59.99550018055556,12.629444444444445,13.266666666666667,42.94444444444444,72.71666666666667,-0.1030554722222228,176.61889035555558,115.66111111111111,-61.06083471666669,486.9138888888889,59.99550018055556,0.0,61.06083471666669,0.5946002166666716,24.300572429354883,124.35322844156558,137.87333378888886,49.94037579371331,68.8544610134918,0.12,0.08,0,,42.94444444444444,176.61889035555558,-61.06083471666669,21.47222222222222,2228.833333333333,31056.775365991758,1114.4166666666665
2023-03-11 13:00:00,13,0,5,True,7.960555525,40.891666666666666,170.94333485,74.31944444444444,487.06944444444446,60.0043054388889,13.253333333333332,13.569166666666666,40.891666666666666,74.31944444444444,7.960555525,170.94333485,115.21111111111111,-47.7716682138889,487.06944444444446,60.0043054388889,0.0,47.7716682138889,0.5948334733333211,25.08956273541365,120.35720259804268,137.87333378888886,54.60569239599237,75.28668854486045,0.12,0.08,0,,40.891666666666666,170.94333485,-47.7716682138889,20.445833333333333,2269.725,31227.718700841757,1134.8625
2023-03-11 14:00:00,14,0,5,True,2.656944458333333,35.80277777777778,159.54305701388893,65.94722222222222,487.925,59.995278086111114,13.83861111111111,13.942499999999997,35.80277777777778,65.94722222222222,2.656944458333333,159.54305701388893,101.75,-55.13611255555559,487.925,59.995278086111114,0.0,55.13611255555559,0.5943337033333363,22.820871264242403,112.33053369984434,137.87333378888886,51.537212930666655,71.05607360938842,0.12,0.08,0,,35.80277777777778,159.54305701388893,-55.13611255555559,17.90138888888889,2305.527777777778,31387.261757855646,1152.763888888889
2023-03-11 15:00:00,15,0,5,True,-33.62055561388889,27.308333333333334,138.22389040555555,49.78333333333333,487.75,59.992167108333334,14.183611111111109,14.436111111111112,27.308333333333334,49.78333333333333,-33.62055561388889,138.22389040555555,77.09166666666667,-94.75277935277776,487.75,59.992167108333334,0.0,94.75277935277776,0.5906005300000003,15.891309824609262,97.32020728406361,137.87333378888886,30.548350318814393,42.11802900205806,0.12,0.08,0,,27.308333333333334,138.22389040555555,-94.75277935277776,13.654166666666667,2332.836111111111,31525.4856482612,1166.4180555555556
2023-03-11 16:00:00,16,0,5,True,-6.867777730555555,15.661111111111111,122.69111270277777,38.0,488.0527777777778,60.00936065555555,14.474166666666665,14.644999999999998,15.661111111111111,38.0,-6.867777730555555,122.69111270277777,53.66111111111111,-75.89777932222222,488.0527777777778,60.00936065555555,0.0,75.89777932222222,0.5887672133333438,12.088025035356255,86.38394191563597,137.87333378888886,46.02654970854117,63.45833851116582,0.12,0.08,0,,15.661111111111111,122.69111270277777,-75.89777932222222,7.830555555555556,2348.4972222222223,31648.17676096398,1174.2486111111111
2023-03-11 17:00:00,17,0,5,True,-0.08861111111111113,3.363888888888889,120.87805697777779,38.0,488.46666666666664,60.01783283333333,14.329444444444446,14.495555555555555,3.363888888888889,38.0,-0.08861111111111113,120.87805697777779,41.36388888888889,-79.60277920000001,488.46666666666664,60.01783283333333,0.0,79.60277920000001,0.5786006000000042,2.780839500693721,85.10741179875927,137.87333378888886,49.948732783866255,68.86598307442009,0.12,0.08,0,,3.363888888888889,120.87805697777779,-79.60277920000001,1.6819444444444445,2351.8611111111113,31769.054817941756,1175.9305555555557
2023-03-11 18:00:00,18,0,5,True,-0.09138888888888891,-0.21666666666666667,121.1052793777778,38.0,486.6972222222222,60.01455559166667,14.147222222222222,14.389444444444447,0.0,38.0,-0.09138888888888891,121.1052793777778,38.0,-83.19666826666669,486.6972222222222,60.01455559166667,0.0,83.19666826666669,0.582533289999995,0.0,85.26739377439823,137.87333378888886,49.947125661103435,68.8637672806889,0.18,0.096,0,,0.0,121.1052793777778,-83.19666826666669,0.0,2351.8611111111113,31890.160097319535,1175.9305555555557
2023-03-11 19:00:00,19,0,5,True,-0.08833333333333333,0.0,119.12583490277781,38.0,485.59166666666664,60.00547241111111,13.969722222222224,14.245555555555555,0.0,38.0,-0.08833333333333333,119.12583490277781,38.0,-81.21416823611115,485.59166666666664,60.00547241111111,0.0,81.21416823611115,0.5934331066666715,0.0,83.87371323155517,137.87333378888886,49.94889349614253,68.86620465379319,0.18,0.096,0,,0.0,119.12583490277781,-81.21416823611115,0.0,2351.8611111111113,32009.285932222312,1175.9305555555557
2023-03-11 20:00:00,20,0,5,True,-0.0875,0.0,118.20139034722223,37.99722222222222,488.10833333333335,60.02449956666666,13.756111111111114,14.08972222222222,0.0,37.99722222222222,-0.0875,118.20139034722223,37.99722222222222,-80.29166812500002,488.10833333333335,60.02449956666666,0.0,80.29166812500002,0.5706005200000049,0.0,83.22283344872366,137.87333378888886,49.949375632971375,68.86686939191254,0.18,0.096,0,,0.0,118.20139034722223,-80.29166812500002,0.0,2351.8611111111113,32127.487322569534,1175.9305555555557
2023-03-11 21:00:00,21,0,5,True,-0.0911111111111111,0.0,118.16805708611112,38.0,491.18611111111113,60.037416549999996,13.466111111111111,13.90916666666667,0.0,38.0,-0.0911111111111111,118.16805708611112,38.0,-80.25916819722222,491.18611111111113,60.037416549999996,0.0,80.25916819722222,0.5551001400000046,0.0,83.19936427945584,137.87333378888886,49.94728637337972,68.86398886006202,0.18,0.096,0,,0.0,118.16805708611112,-80.25916819722222,0.0,2351.8611111111113,32245.655379655644,1175.9305555555557
2023-03-11 22:00:00,22,0,5,True,-0.09805555555555555,0.0,119.83694590833335,38.0,486.80833333333334,60.034110972222216,13.235277777777775,13.73777777777778,0.0,38.0,-0.09805555555555555,119.83694590833335,38.0,-81.93500146388891,486.80833333333334,60.034110972222216,0.0,81.93500146388891,0.5590668333333412,0.0,84.37438985308269,137.87333378888886,49.94326856647269,68.8584493757341,0.18,0.096,0,,0.0,119.83694590833335,-81.93500146388891,0.0,2351.8611111111113,32365.492325563977,1175.9305555555557
2023-03-11 23:00:00,23,0,5,True,-0.08666666666666667,0.0,124.64222374444445,37.99722222222222,487.03333333333336,60.003666547222224,12.933333333333334,13.488055555555558,0.0,37.99722222222222,-0.08666666666666667,124.64222374444445,37.99722222222222,-86.7316681888889,487.03333333333336,60.003666547222224,0.0,86.7316681888889,0.5956001433333312,0.0,87.75767355097123,137.87333378888886,49.94985776980022,68.86753413003188,0.12,0.08,0,,0.0,124.64222374444445,-86.7316681888889,0.0,2351.8611111111113,32490.134549308423,1175.9305555555557
2023-03-12 00:00:00,0,0,6,True,-0.08361111111111111,0.0,118.74305705555558,38.0,486.55,60.012666275,12.519166666666669,13.270000000000001,0.0,38.0,-0.08361111111111111,118.74305705555558,38.0,-80.82666816666669,486.55,60.012666275,0.0,80.82666816666669,0.584800469999999,0.0,83.60420830497472,137.87333378888886,49.951625604839315,68.86997150313618,0.12,0.08,0,,0.0,118.74305705555558,-80.82666816666669,0.0,2351.8611111111113,32608.877606363978,1175.9305555555557
2023-03-12 01:00:00,1,0,6,True,-0.08027777777777777,0.0,118.57166820555555,37.99722222222222,484.98055555555555,60.007166311111106,12.063055555555556,13.010833333333332,0.0,37.99722222222222,-0.08027777777777777,118.57166820555555,37.99722222222222,-80.65472376111111,484.98055555555555,60.007166311111106,0.0,80.65472376111111,0.5914004266666723,0.0,83.48353742558301,137.87333378888886,49.953554152154695,68.87263045561359,0.12,0.08,0,,0.0,118.57166820555555,-80.65472376111111,0.0,2351.8611111111113,32727.449274569535,1175.9305555555557
2023-03-12 02:00:00,2,0,6,True,-0.06972222222222223,0.0,120.9913904027778,37.99722222222222,485.55833333333334,60.00066649722222,11.593055555555555,12.734722222222222,0.0,37.99722222222222,-0.06972222222222223,120.9913904027778,37.99722222222222,-83.0638904027778,485.55833333333334,60.00066649722222,0.0,83.0638904027778,0.5992002033333363,0.0,85.1872072117002,137.87333378888886,49.95966121865338,68.88105047179204,0.12,0.08,0,,0.0,120.9913904027778,-83.0638904027778,0.0,2351.8611111111113,32848.44066497231,1175.9305555555557
2023-03-12 03:00:00,3,0,6,True,-0.06888888888888889,0.0,118.13277918333333,38.0,485.0444444444444,60.000611083333325,11.09138888888889,12.457500000000001,0.0,38.0,-0.06888888888888889,118.13277918333333,38.0,-80.20166807222222,485.0444444444444,60.000611083333325,0.0,80.20166807222222,0.5992667000000097,0.0,83.17452593348821,137.87333378888886,49.960143355482224,68.88171520991138,0.12,0.08,0,,0.0,118.13277918333333,-80.20166807222222,0.0,2351.8611111111113,32966.57344415564,1175.9305555555557
2023-03-12 04:00:00,4,0,6,True,-0.060000000000000005,0.0,121.79805708333335,37.99444444444445,489.56388888888887,59.99191685555556,10.588055555555554,12.155833333333334,0.0,37.99444444444445,-0.060000000000000005,121.79805708333335,37.99444444444445,-83.8636126388889,489.56388888888887,59.99191685555556,0.0,83.8636126388889,0.5903002266666704,0.0,85.75516234833017,137.87333378888886,49.96528614832323,68.88880574985113,0.12,0.08,0,,0.0,121.79805708333335,-83.8636126388889,0.0,2351.8611111111113,33088.37150123897,1175.9305555555557
2023-03-12 05:00:00,5,0,6,True,-0.050555555555555555,0.0,120.8811126638889,37.95,488.375,59.992138875,10.072777777777777,11.833055555555555,0.0,37.95,-0.050555555555555555,120.8811126638889,37.95,-82.98166821944446,488.375,59.992138875,0.0,82.98166821944446,0.5905666500000023,0.0,85.10956323585785,137.87333378888886,49.970750365716796,68.89633944853712,0.12,0.08,0,,0.0,120.8811126638889,-82.98166821944446,0.0,2351.8611111111113,33209.25261390286,1175.9305555555557
2023-03-12 06:00:00,6,0,6,True,-0.044722222222222226,0.3416666666666667,119.92027923333335,37.95,489.475,59.99205595555556,9.559444444444443,11.520833333333334,0.3416666666666667,37.95,-0.044722222222222226,119.92027923333335,38.29166666666667,-81.6733347888889,489.475,59.99205595555556,0.0,81.6733347888889,0.5904671466666684,0.284805286976341,84.43306289750993,137.87333378888886,49.974125323518706,68.90099261537257,0.18,0.096,0,,0.3416666666666667,119.92027923333335,-81.6733347888889,0.17083333333333334,2352.202777777778,33329.172893136194,1176.101388888889
2023-03-12 07:00:00,7,0,6,True,-0.048055555555555546,8.741666666666667,118.84333483888891,37.975,489.68611111111113,59.99777746388889,9.079444444444446,11.209444444444443,8.741666666666667,37.975,-0.048055555555555546,118.84333483888891,46.71666666666667,-72.17472372777779,489.68611111111113,59.99777746388889,0.0,72.17472372777779,0.5973329566666649,7.352649033428367,83.674811546074,137.87333378888886,49.972196776203326,68.89833366289517,0.18,0.096,0,,8.741666666666667,118.84333483888891,-72.17472372777779,4.370833333333334,2360.944444444445,33448.01622797508,1180.4722222222224
2023-03-12 08:00:00,8,0,6,True,-0.03666666666666667,22.119444444444444,98.48722340833335,37.99722222222222,489.4555555555556,60.00922180555555,8.715833333333332,10.967222222222222,22.119444444444444,37.99722222222222,-0.03666666666666667,98.48722340833335,60.11666666666666,-38.40722340833336,489.4555555555556,60.00922180555555,0.0,38.40722340833336,0.5889338333333427,22.450843574696762,69.34254974887935,137.87333378888886,49.97878597953086,68.90741841719297,0.18,0.096,0,,22.119444444444444,98.48722340833335,-38.40722340833336,11.059722222222222,2383.0638888888893,33546.50345138341,1191.5319444444447
2023-03-12 09:00:00,9,0,6,True,-0.05055555555555556,32.55833333333333,8.629166783333334,38.0,486.425,60.011249641666666,8.594166666666666,10.810277777777776,32.55833333333333,38.0,-0.05055555555555556,8.629166783333334,70.55833333333334,61.87861099444445,486.425,60.011249641666666,61.87861099444445,0.0,0.586500430000001,46.14385260422817,6.075594440141755,137.87333378888886,49.970750365716796,68.89633944853712,0.18,0.096,0,,32.55833333333333,8.629166783333334,61.87861099444445,16.279166666666665,2415.6222222222227,33555.13261816675,1207.8111111111114
2023-03-12 10:00:00,10,0,6,True,-0.0325,39.01111111111111,-0.6583333333333334,37.99444444444445,484.1638888888889,60.00441646666666,8.801388888888889,10.879444444444445,39.01111111111111,37.99444444444445,-0.0325,0.0,77.00555555555556,76.97305555555556,484.1638888888889,60.00441646666666,76.97305555555556,0.0,0.5947002400000059,50.66012553206839,0.0,137.87333378888886,49.981196663675085,68.91074210778973,0.18,0.096,0,,39.01111111111111,0.0,76.97305555555556,19.505555555555556,2454.6333333333337,33555.13261816675,1227.3166666666668
2023-03-12 11:00:00,11,0,6,True,-0.03666666666666667,42.044444444444444,-0.655,37.99166666666667,484.3611111111111,60.0002499,9.12,11.155277777777776,42.044444444444444,37.99166666666667,-0.03666666666666667,0.0,80.03611111111111,79.99944444444445,484.3611111111111,60.0002499,79.99944444444445,0.0,0.59970012,52.53184326519279,0.0,137.87333378888886,49.97878597953086,68.90741841719297,0.12,0.08,0,,42.044444444444444,0.0,79.99944444444445,21.022222222222222,2496.677777777778,33555.13261816675,1248.338888888889
2023-03-12 12:00:00,12,0,6,True,-0.04083333333333333,42.327777777777776,-0.6608333333333334,37.980555555555554,484.7416666666667,59.98327812777779,9.532222222222224,11.440555555555557,42.327777777777776,37.980555555555554,-0.04083333333333333,0.0,80.30833333333334,80.2675,484.7416666666667,59.98327812777779,80.2675,0.0,0.5799337533333443,52.70658226972432,0.0,137.87333378888886,49.976375295386646,68.90409472659621,0.12,0.08,0,,42.327777777777776,0.0,80.2675,21.163888888888888,2539.0055555555555,33555.13261816675,1269.5027777777777
2023-03-12 13:00:00,13,0,6,True,-0.042777777777777776,40.125,-0.6666666666666667,38.0,485.4555555555556,59.99591681944445,10.115,11.585277777777778,40.125,38.0,-0.042777777777777776,0.0,78.125,78.08222222222223,485.4555555555556,59.99591681944445,78.08222222222223,0.0,0.5951001833333436,51.35999999999999,0.0,137.87333378888886,49.975250309452676,68.9025436709844,0.12,0.08,0,,40.125,0.0,78.08222222222223,20.0625,2579.1305555555555,33555.13261816675,1289.5652777777777
2023-03-12 14:00:00,14,0,6,True,-0.058333333333333334,35.08611111111111,-0.7216666666666666,37.99166666666667,485.59166666666664,60.007721786111105,10.862777777777778,11.94,35.08611111111111,37.99166666666667,-0.058333333333333334,0.0,73.07777777777778,73.01944444444445,485.59166666666664,60.007721786111105,73.01944444444445,0.0,0.5907338566666738,48.0120115554204,0.0,137.87333378888886,49.96625042198092,68.89013522608984,0.12,0.08,0,,35.08611111111111,0.0,73.01944444444445,17.543055555555554,2614.2166666666667,33555.13261816675,1307.1083333333333
2023-03-12 15:00:00,15,0,6,True,-0.049444444444444444,27.04722222222222,-0.6913888888888889,37.99166666666667,486.2611111111111,60.01516604444444,11.43861111111111,12.473333333333333,27.04722222222222,37.99166666666667,-0.049444444444444444,0.0,65.03888888888889,64.98944444444444,486.2611111111111,60.01516604444444,64.98944444444444,0.0,0.5818007466666699,41.586230460408295,0.0,137.87333378888886,49.97139321482192,68.89722576602959,0.12,0.08,0,,27.04722222222222,0.0,64.98944444444444,13.52361111111111,2641.263888888889,33555.13261816675,1320.6319444444446
2023-03-12 16:00:00,16,0,6,True,-0.056666666666666664,15.466666666666667,-0.6977777777777778,37.983333333333334,486.6666666666667,59.99497268888889,11.91138888888889,12.712222222222222,15.466666666666667,37.983333333333334,-0.056666666666666664,0.0,53.45,53.39333333333334,486.6666666666667,59.99497268888889,53.39333333333334,0.0,0.5939672266666719,28.93670096663548,0.0,137.87333378888886,49.9672146956386,68.89146470232853,0.12,0.08,0,,15.466666666666667,0.0,53.39333333333334,7.733333333333333,2656.730555555556,33555.13261816675,1328.365277777778
2023-03-12 17:00:00,17,0,6,True,-0.06111111111111111,3.547222222222222,-0.7177777777777777,37.975,487.4611111111111,59.99241681944444,11.871111111111112,12.560277777777777,3.547222222222222,37.975,-0.06111111111111111,0.0,41.522222222222226,41.461111111111116,487.4611111111111,59.99241681944444,41.461111111111116,0.0,0.590900183333332,8.542948889483542,0.0,137.87333378888886,49.9646432992181,68.88791943235867,0.12,0.08,0,,3.547222222222222,0.0,41.461111111111116,1.773611111111111,2660.2777777777783,33555.13261816675,1330.1388888888891
2023-03-12 18:00:00,18,0,6,True,-0.0813888888888889,-0.07777777777777778,-0.7313888888888888,37.96111111111111,483.4222222222222,59.989139375,11.802777777777777,12.484722222222224,0.0,37.96111111111111,-0.0813888888888889,0.0,37.96111111111111,37.87972222222222,483.4222222222222,59.989139375,37.87972222222222,0.0,0.5869672500000007,0.0,0.0,137.87333378888886,49.95291130304957,68.87174413812112,0.18,0.096,0,,0.0,0.0,37.87972222222222,0.0,2660.2777777777783,33555.13261816675,1330.1388888888891
2023-03-12 19:00:00,19,0,6,True,-0.0625,0.0,-0.7058333333333334,37.93888888888889,486.69444444444446,59.98941715000001,11.662777777777778,12.342500000000001,0.0,37.93888888888889,-0.0625,0.0,37.93888888888889,37.87638888888889,486.69444444444446,59.98941715000001,37.87638888888889,0.0,0.5873005800000101,0.0,0.0,137.87333378888886,49.9638397378367,68.88681153549308,0.18,0.096,0,,0.0,0.0,37.87638888888889,0.0,2660.2777777777783,33555.13261816675,1330.1388888888891
2023-03-12 20:00:00,20,0,6,True,-0.07388888888888889,0.0,-0.7436111111111111,38.0,486.7388888888889,60.01552712777777,11.35638888888889,12.147222222222222,0.0,38.0,-0.07388888888888889,0.0,38.0,37.92611111111111,486.7388888888889,60.01552712777777,37.92611111111111,0.0,0.5813674466666725,0.0,0.0,137.87333378888886,49.957250534509164,68.87772678119528,0.18,0.096,0,,0.0,0.0,37.92611111111111,0.0,2660.2777777777783,33555.13261816675,1330.1388888888891
2023-03-12 21:00:00,21,0,6,True,-0.06083333333333333,0.0,-0.6975,38.0,484.53333333333336,60.02672185833333,11.128333333333334,11.88888888888889,0.0,38.0,-0.06083333333333333,0.0,38.0,37.939166666666665,484.53333333333336,60.02672185833333,37.939166666666665,0.0,0.5679337700000019,0.0,0.0,137.87333378888886,49.96480401149439,68.88814101173178,0.18,0.096,0,,0.0,0.0,37.939166666666665,0.0,2660.2777777777783,33555.13261816675,1330.1388888888891
2023-03-12 22:00:00,22,0,6,True,-0.07,0.0,-0.7336111111111112,38.0,484.9527777777778,60.0215551861111,10.808055555555555,11.686666666666666,0.0,38.0,-0.07,0.0,38.0,37.93,484.9527777777778,60.0215551861111,37.93,0.0,0.5741337766666789,0.0,0.0,137.87333378888886,49.959500506377104,68.88082889241892,0.18,0.096,0,,0.0,0.0,37.93,0.0,2660.2777777777783,33555.13261816675,1330.1388888888891
2023-03-12 23:00:00,23,0,6,True,-0.06861111111111112,0.0,-0.7330555555555555,37.99722222222222,486.10277777777776,60.03247204166665,10.49638888888889,11.48861111111111,0.0,37.99722222222222,-0.06861111111111112,0.0,37.99722222222222,37.92861111111111,486.10277777777776,60.03247204166665,37.92861111111111,0.0,0.561033550000019,0.0,0.0,137.87333378888886,49.96030406775851,68.88193678928451,0.12,0.08,0,,0.0,0.0,37.92861111111111,0.0,2660.2777777777783,33555.13261816675,1330.1388888888891
2023-03-13 00:00:00,0,0,0,False,-0.059166666666666666,0.0,-0.7158333333333334,38.0,483.59166666666664,60.00872175277778,10.146388888888888,11.245,0.0,38.0,-0.059166666666666666,0.0,38.0,37.94083333333333,483.59166666666664,60.00872175277778,37.94083333333333,0.0,0.5895338966666628,0.0,0.0,137.87333378888886,49.96576828515207,68.88947048797048,0.12,0.08,0,,0.0,0.0,37.94083333333333,0.0,2660.2777777777783,33555.13261816675,1330.1388888888891
2023-03-13 01:00:00,1,0,0,False,-0.060277777777777784,0.0,-0.6908333333333334,38.0,483.22777777777776,60.00977723055554,9.734166666666665,10.986944444444445,0.0,38.0,-0.060277777777777784,0.0,38.0,37.93972222222222,483.22777777777776,60.00977723055554,37.93972222222222,0.0,0.5882673233333492,0.0,0.0,137.87333378888886,49.96512543604695,68.88858417047801,0.12,0.08,0,,0.0,0.0,37.93972222222222,0.0,2660.2777777777783,33555.13261816675,1330.1388888888891
2023-03-13 02:00:00,2,0,0,False,-0.04666666666666667,0.0,-0.6833333333333333,38.0,483.60833333333335,59.99069486388889,9.320277777777779,10.724444444444444,0.0,38.0,-0.04666666666666667,0.0,38.0,37.95333333333333,483.60833333333335,59.99069486388889,37.95333333333333,0.0,0.5888338366666687,0.0,0.0,137.87333378888886,49.973000337584736,68.89944155976076,0.12,0.08,0,,0.0,0.0,37.95333333333333,0.0,2660.2777777777783,33555.13261816675,1330.1388888888891
2023-03-13 03:00:00,3,0,0,False,-0.05305555555555555,0.0,-0.6847222222222222,37.99722222222222,480.8388888888889,59.98547281944445,8.910555555555556,10.460555555555556,0.0,37.99722222222222,-0.05305555555555555,0.0,37.99722222222222,37.94416666666667,480.8388888888889,59.98547281944445,37.94416666666667,0.0,0.5825673833333439,0.0,0.0,137.87333378888886,49.96930395523027,68.89434523417907,0.12,0.08,0,,0.0,0.0,37.94416666666667,0.0,2660.2777777777783,33555.13261816675,1330.1388888888891
2023-03-13 04:00:00,4,0,0,False,-0.04138888888888889,0.0,-0.6802777777777779,37.983333333333334,484.9472222222222,59.983055958333345,8.486666666666666,10.205555555555556,0.0,37.983333333333334,-0.04138888888888889,0.0,37.983333333333334,37.941944444444445,484.9472222222222,59.983055958333345,37.941944444444445,0.0,0.5796671500000145,0.0,0.0,137.87333378888886,49.97605387083408,68.90365156784998,0.12,0.08,0,,0.0,0.0,37.941944444444445,0.0,2660.2777777777783,33555.13261816675,1330.1388888888891
2023-03-13 05:00:00,5,0,0,False,-0.038888888888888896,0.0,-0.6533333333333334,37.955555555555556,483.5777777777778,59.9877501638889,8.125555555555556,9.965833333333334,0.0,37.955555555555556,-0.038888888888888896,0.0,37.955555555555556,37.916666666666664,483.5777777777778,59.9877501638889,37.916666666666664,0.0,0.5853001966666767,0.0,0.0,137.87333378888886,49.97750028132061,68.90564578220803,0.12,0.08,0,,0.0,0.0,37.916666666666664,0.0,2660.2777777777783,33555.13261816675,1330.1388888888891
2023-03-13 06:00:00,6,0,0,False,-0.0325,0.39166666666666666,-0.6405555555555557,37.46388888888889,483.22777777777776,59.96361122777778,8.166388888888887,10.129722222222222,0.39166666666666666,37.46388888888889,-0.0325,0.0,37.855555555555554,37.823055555555555,483.22777777777776,59.96361122777778,37.823055555555555,0.0,0.5563334733333392,1.0346345758732023,0.0,137.87333378888886,49.981196663675085,68.91074210778973,0.18,0.096,0,,0.39166666666666666,0.0,37.823055555555555,0.19583333333333333,2660.669444444445,33555.13261816675,1330.3347222222226
2023-03-13 07:00:00,7,0,0,False,-0.03416666666666667,8.397222222222222,-0.6408333333333335,37.983333333333334,486.0805555555556,59.976917155555554,8.179444444444444,10.386666666666667,8.397222222222222,37.983333333333334,-0.03416666666666667,0.0,46.38055555555556,46.346388888888896,486.0805555555556,59.976917155555554,46.346388888888896,0.0,0.5723005866666654,18.10504881116368,0.0,137.87333378888886,49.98023239001739,68.90941263155102,0.18,0.096,0,,8.397222222222222,0.0,46.346388888888896,4.198611111111111,2669.0666666666675,33555.13261816675,1334.5333333333338
2023-03-13 08:00:00,8,0,0,False,-0.049444444444444444,21.205555555555556,-0.6933333333333334,37.98888888888889,485.81944444444446,59.98802842222222,7.919444444444446,10.22388888888889,21.205555555555556,37.98888888888889,-0.049444444444444444,0.0,59.19444444444444,59.144999999999996,485.81944444444446,59.98802842222222,59.144999999999996,0.0,0.5856341066666658,35.82355701548569,0.0,137.87333378888886,49.97139321482192,68.89722576602959,0.18,0.096,0,,21.205555555555556,0.0,59.144999999999996,10.602777777777778,2690.2722222222233,33555.13261816675,1345.1361111111116
2023-03-13 09:00:00,9,0,0,False,-0.03416666666666667,31.019444444444446,-0.6702777777777779,37.85,486.45,59.99438898333334,8.043888888888889,10.200000000000001,31.019444444444446,37.85,-0.03416666666666667,0.0,68.86944444444444,68.83527777777778,486.45,59.99438898333334,68.83527777777778,0.0,0.5932667800000047,45.040938974710606,0.0,137.87333378888886,49.98023239001739,68.90941263155102,0.18,0.096,0,,31.019444444444446,0.0,68.83527777777778,15.509722222222223,2721.291666666668,33555.13261816675,1360.645833333334
2023-03-13 10:00:00,10,0,0,False,-0.030000000000000002,33.519444444444446,-0.6530555555555556,37.858333333333334,487.64166666666665,60.00330528611111,8.425555555555555,10.374444444444444,33.519444444444446,37.858333333333334,-0.030000000000000002,0.0,71.37777777777778,71.34777777777778,487.64166666666665,60.00330528611111,71.34777777777778,0.0,0.5960336566666712,46.96061643835616,0.0,137.87333378888886,49.982643074161615,68.91273632214778,0.18,0.096,0,,33.519444444444446,0.0,71.34777777777778,16.759722222222223,2754.8111111111125,33555.13261816675,1377.4055555555562
2023-03-13 11:00:00,11,0,0,False,-0.03138888888888889,41.22222222222222,-0.6558333333333334,37.86666666666667,485.2083333333333,60.002194375,8.931944444444444,10.646944444444443,41.22222222222222,37.86666666666667,-0.03138888888888889,0.0,79.08888888888889,79.0575,485.2083333333333,60.002194375,79.0575,0.0,0.5973667499999976,52.12138241078955,0.0,137.87333378888886,49.981839512780205,68.91162842528219,0.12,0.08,0,,41.22222222222222,0.0,79.0575,20.61111111111111,2796.0333333333347,33555.13261816675,1398.0166666666673
2023-03-13 12:00:00,12,0,0,False,-0.04805555555555556,41.67777777777778,-0.6822222222222223,37.86944444444445,485.2527777777778,60.00225006944444,9.515555555555554,11.043888888888889,41.67777777777778,37.86944444444445,-0.04805555555555556,0.0,79.54722222222222,79.49916666666667,485.2527777777778,60.00225006944444,79.49916666666667,0.0,0.5972999166666682,52.39375632922443,0.0,137.87333378888886,49.972196776203326,68.89833366289517,0.12,0.08,0,,41.67777777777778,0.0,79.49916666666667,20.83888888888889,2837.7111111111126,33555.13261816675,1418.8555555555563
2023-03-13 13:00:00,13,0,0,False,-0.05472222222222223,38.708333333333336,-0.7236111111111111,37.56388888888889,485.8222222222222,60.01099969166666,10.27361111111111,11.320555555555558,38.708333333333336,37.56388888888889,-0.05472222222222223,0.0,76.27222222222223,76.2175,485.8222222222222,60.01099969166666,76.2175,0.0,0.586800370000006,50.75023672518027,0.0,137.87333378888886,49.96833968157257,68.89301575794036,0.12,0.08,0,,38.708333333333336,0.0,76.2175,19.354166666666668,2876.419444444446,33555.13261816675,1438.209722222223
2023-03-13 14:00:00,14,0,0,False,-0.05777777777777777,34.30555555555556,-0.6969444444444444,37.705555555555556,486.4166666666667,60.005194069444435,11.060555555555556,11.75333333333333,34.30555555555556,37.705555555555556,-0.05777777777777777,0.0,72.01111111111112,71.95333333333335,486.4166666666667,60.005194069444435,71.95333333333335,0.0,0.5937671166666775,47.639253201666406,0.0,137.87333378888886,49.96657184653348,68.89057838483608,0.12,0.08,0,,34.30555555555556,0.0,71.95333333333335,17.15277777777778,2910.7250000000017,33555.13261816675,1455.3625000000009
2023-03-13 15:00:00,15,0,0,False,-0.042222222222222223,19.791666666666668,-0.6713888888888889,37.26111111111111,484.77222222222224,59.99444466944445,11.619444444444444,12.288611111111111,19.791666666666668,37.26111111111111,-0.042222222222222223,0.0,57.05277777777778,57.010555555555555,484.77222222222224,59.99444466944445,57.010555555555555,0.0,0.5933336033333375,34.69010175763182,0.0,137.87333378888886,49.975571734005236,68.90298682973064,0.12,0.08,0,,19.791666666666668,0.0,57.010555555555555,9.895833333333334,2930.5166666666682,33555.13261816675,1465.2583333333341
2023-03-13 16:00:00,16,0,0,False,-0.05555555555555555,9.863888888888889,-0.7100000000000001,37.25555555555555,485.5527777777778,59.99744464999999,11.986944444444443,12.483611111111113,9.863888888888889,37.25555555555555,-0.05555555555555555,0.0,47.11944444444444,47.06388888888888,485.5527777777778,59.99744464999999,47.06388888888888,0.0,0.5969335799999896,20.933797087779286,0.0,137.87333378888886,49.96785754474373,68.892351019821,0.12,0.08,0,,9.863888888888889,0.0,47.06388888888888,4.9319444444444445,2940.3805555555573,33555.13261816675,1470.1902777777786
2023-03-13 17:00:00,17,0,0,False,-0.06027777777777778,0.8305555555555556,-0.7180555555555556,37.37777777777778,486.2,59.995389225000004,12.205555555555557,12.565277777777778,0.8305555555555556,37.37777777777778,-0.06027777777777778,0.0,38.208333333333336,38.14805555555556,486.2,59.995389225000004,38.14805555555556,0.0,0.5944670700000045,2.173754998182479,0.0,137.87333378888886,49.96512543604695,68.88858417047801,0.12,0.08,0,,0.8305555555555556,0.0,38.14805555555556,0.4152777777777778,2941.211111111113,33555.13261816675,1470.6055555555565
2023-03-13 18:00:00,18,0,0,False,-0.08333333333333333,0.0,-0.7416666666666667,37.31944444444444,483.3222222222222,59.99827791944445,12.298333333333332,12.618611111111111,0.0,37.31944444444444,-0.08333333333333333,0.0,37.31944444444444,37.23611111111111,483.3222222222222,59.99827791944445,37.23611111111111,0.0,0.5979335033333371,0.0,0.0,137.87333378888886,49.9517863171156,68.8701930825093,0.18,0.096,0,,0.0,0.0,37.23611111111111,0.0,2941.211111111113,33555.13261816675,1470.6055555555565
2023-03-13 19:00:00,19,0,0,False,-0.07333333333333333,0.0,-0.7091666666666667,37.37222222222222,482.71944444444443,59.99666678055555,12.306944444444444,12.605833333333331,0.0,37.37222222222222,-0.07333333333333333,0.0,37.37222222222222,37.29888888888889,482.71944444444443,59.99666678055555,37.29888888888889,0.0,0.5960001366666603,0.0,0.0,137.87333378888886,49.957571959061724,68.87816993994151,0.18,0.096,0,,0.0,0.0,37.29888888888889,0.0,2941.211111111113,33555.13261816675,1470.6055555555565
2023-03-13 20:00:00,20,0,0,False,-0.06833333333333334,0.0,-0.7416666666666667,37.272222222222226,483.65,60.00419423333333,12.304444444444446,12.594166666666666,0.0,37.272222222222226,-0.06833333333333334,0.0,37.272222222222226,37.20388888888889,483.65,60.00419423333333,37.20388888888889,0.0,0.5949669200000045,0.0,0.0,137.87333378888886,49.96046478003479,68.88215836865763,0.18,0.096,0,,0.0,0.0,37.20388888888889,0.0,2941.211111111113,33555.13261816675,1470.6055555555565
2023-03-13 21:00:00,21,0,0,False,-0.09361111111111112,0.0,-0.7916666666666666,37.172222222222224,484.68055555555554,60.014666030555546,12.291666666666666,12.536666666666669,0.0,37.172222222222224,-0.09361111111111112,0.0,37.172222222222224,37.078611111111115,484.68055555555554,60.014666030555546,37.078611111111115,0.0,0.5824007633333451,0.0,0.0,137.87333378888886,49.94583996289319,68.86199464570397,0.18,0.096,0,,0.0,0.0,37.078611111111115,0.0,2941.211111111113,33555.13261816675,1470.6055555555565
2023-03-13 22:00:00,22,0,0,False,-0.08222222222222221,0.0,-0.763611111111111,37.077777777777776,486.35555555555555,60.01744382222222,12.201666666666668,12.458055555555557,0.0,37.077777777777776,-0.08222222222222221,0.0,37.077777777777776,36.995555555555555,486.35555555555555,60.01744382222222,36.995555555555555,0.0,0.5790674133333368,0.0,0.0,137.87333378888886,49.952429166220725,68.87107940000178,0.18,0.096,0,,0.0,0.0,36.995555555555555,0.0,2941.211111111113,33555.13261816675,1470.6055555555565
2023-03-13 23:00:00,23,0,0,False,-0.06944444444444445,0.0,-0.7280555555555556,37.647222222222226,482.4916666666667,60.023527277777774,12.012222222222224,12.295000000000002,0.0,37.647222222222226,-0.06944444444444445,0.0,37.647222222222226,37.57777777777778,482.4916666666667,60.023527277777774,37.57777777777778,0.0,0.5717672666666714,0.0,0.0,137.87333378888886,49.959821930929664,68.88127205116515,0.12,0.08,0,,0.0,0.0,37.57777777777778,0.0,2941.211111111113,33555.13261816675,1470.6055555555565
2023-03-14 00:00:00,0,0,1,False,-0.06944444444444445,0.0,-0.7350000000000001,37.825,483.7916666666667,59.99769448611112,11.771388888888888,12.141666666666667,0.0,37.825,-0.06944444444444445,0.0,37.825,37.75555555555556,483.7916666666667,59.99769448611112,37.75555555555556,0.0,0.5972333833333465,0.0,0.0,137.87333378888886,49.959821930929664,68.88127205116515,0.12,0.08,0,,0.0,0.0,37.75555555555556,0.0,2941.211111111113,33555.13261816675,1470.6055555555565
2023-03-14 01:00:00,1,0,1,False,-0.07083333333333333,0.0,-0.7344444444444443,37.75277777777778,484.2361111111111,59.99661113888889,11.579166666666667,11.928333333333335,0.0,37.75277777777778,-0.07083333333333333,0.0,37.75277777777778,37.68194444444445,484.2361111111111,59.99661113888889,37.68194444444445,0.0,0.5959333666666652,0.0,0.0,137.87333378888886,49.95901836954826,68.88016415429956,0.12,0.08,0,,0.0,0.0,37.68194444444445,0.0,2941.211111111113,33555.13261816675,1470.6055555555565
2023-03-14 02:00:00,2,0,1,False,-0.06972222222222223,0.0,-0.7455555555555556,37.394444444444446,484.3666666666667,60.004166411111115,11.306111111111111,11.771944444444443,0.0,37.394444444444446,-0.06972222222222223,0.0,37.394444444444446,37.32472222222222,484.3666666666667,60.004166411111115,37.32472222222222,0.0,0.5950003066666625,0.0,0.0,137.87333378888886,49.95966121865338,68.88105047179204,0.12,0.08,0,,0.0,0.0,37.32472222222222,0.0,2941.211111111113,33555.13261816675,1470.6055555555565
2023-03-14 03:00:00,3,0,1,False,-0.07250000000000001,0.0,-0.7313888888888889,37.583333333333336,483.8361111111111,59.99894451111111,10.998611111111112,11.601666666666665,0.0,37.583333333333336,-0.07250000000000001,0.0,37.583333333333336,37.51083333333334,483.8361111111111,59.99894451111111,37.51083333333334,0.0,0.5987334133333349,0.0,0.0,137.87333378888886,49.95805409589057,68.87883467806087,0.12,0.08,0,,0.0,0.0,37.51083333333334,0.0,2941.211111111113,33555.13261816675,1470.6055555555565
2023-03-14 04:00:00,4,0,1,False,-0.05416666666666667,0.0,-0.6841666666666667,37.56944444444444,483.8777777777778,59.999055969444456,10.684166666666666,11.431666666666668,0.0,37.56944444444444,-0.05416666666666667,0.0,37.56944444444444,37.515277777777776,483.8777777777778,59.999055969444456,37.515277777777776,0.0,0.5988671633333468,0.0,0.0,137.87333378888886,49.96866110612514,68.8934589166866,0.12,0.08,0,,0.0,0.0,37.515277777777776,0.0,2941.211111111113,33555.13261816675,1470.6055555555565
2023-03-14 05:00:00,5,0,1,False,-0.049722222222222216,0.0,-0.6780555555555556,37.41111111111111,482.7916666666667,59.994222502777774,10.354444444444445,11.221388888888889,0.0,37.41111111111111,-0.049722222222222216,0.0,37.41111111111111,37.36138888888889,482.7916666666667,59.994222502777774,37.36138888888889,0.0,0.5930670033333285,0.0,0.0,137.87333378888886,49.97123250254564,68.89700418665646,0.12,0.08,0,,0.0,0.0,37.36138888888889,0.0,2941.211111111113,33555.13261816675,1470.6055555555565
2023-03-14 06:00:00,6,0,1,False,-0.04666666666666667,-0.058333333333333334,-0.6669444444444446,37.525,480.9916666666667,59.97869481111112,10.049444444444445,11.023055555555556,0.0,37.525,-0.04666666666666667,0.0,37.525,37.47833333333333,480.9916666666667,59.97869481111112,37.47833333333333,0.0,0.5744337733333423,0.0,0.0,137.87333378888886,49.973000337584736,68.89944155976076,0.18,0.096,0,,0.0,0.0,37.47833333333333,0.0,2941.211111111113,33555.13261816675,1470.6055555555565
2023-03-14 07:00:00,7,0,1,False,-0.03916666666666667,9.052777777777777,-0.6733333333333335,37.61388888888889,481.9916666666667,59.98711142222223,9.781944444444445,10.855555555555556,9.052777777777777,37.61388888888889,-0.03916666666666667,0.0,46.666666666666664,46.6275,481.9916666666667,59.98711142222223,46.6275,0.0,0.5845337066666729,19.398809523809526,0.0,137.87333378888886,49.97733956904433,68.90542420283492,0.18,0.096,0,,9.052777777777777,0.0,46.6275,4.526388888888889,2950.263888888891,33555.13261816675,1475.1319444444455
2023-03-14 08:00:00,8,0,1,False,-0.035555555555555556,20.31111111111111,-0.6666666666666666,37.544444444444444,482.7111111111111,59.99038953333334,9.700555555555557,10.828611111111112,20.31111111111111,37.544444444444444,-0.035555555555555556,0.0,57.855555555555554,57.82,482.7111111111111,59.99038953333334,57.82,0.0,0.5884674400000108,35.1065872863453,0.0,137.87333378888886,49.97942882863599,68.90830473468544,0.18,0.096,0,,20.31111111111111,0.0,57.82,10.155555555555555,2970.575000000002,33555.13261816675,1485.287500000001
2023-03-14 09:00:00,9,0,1,False,-0.03777777777777778,15.269444444444444,-0.6538888888888889,37.269444444444446,480.8388888888889,59.98952829722222,9.814722222222223,10.914722222222226,15.269444444444444,37.269444444444446,-0.03777777777777778,0.0,52.53888888888889,52.501111111111115,480.8388888888889,59.98952829722222,52.501111111111115,0.0,0.5874339566666663,29.0631278418103,0.0,137.87333378888886,49.978143130425735,68.9065320997005,0.18,0.096,0,,15.269444444444444,0.0,52.501111111111115,7.634722222222222,2985.8444444444467,33555.13261816675,1492.9222222222234
2023-03-14 10:00:00,10,0,1,False,-0.05416666666666667,21.81388888888889,-0.6788888888888889,37.236111111111114,481.71666666666664,60.002333266666675,10.041111111111112,11.092777777777776,21.81388888888889,37.236111111111114,-0.05416666666666667,0.0,59.050000000000004,58.99583333333334,481.71666666666664,60.002333266666675,58.99583333333334,0.0,0.5972000799999904,36.94138677203876,0.0,137.87333378888886,49.96866110612514,68.8934589166866,0.18,0.096,0,,21.81388888888889,0.0,58.99583333333334,10.906944444444445,3007.6583333333356,33555.13261816675,1503.8291666666678
2023-03-14 11:00:00,11,0,1,False,-0.04861111111111111,18.711111111111112,-0.6830555555555555,37.36666666666667,481.5138888888889,60.00058316388889,10.504166666666666,11.421111111111113,18.711111111111112,37.36666666666667,-0.04861111111111111,0.0,56.07777777777778,56.02916666666667,481.5138888888889,60.00058316388889,56.02916666666667,0.0,0.5993002033333311,33.36635625123836,0.0,137.87333378888886,49.971875351650766,68.89789050414895,0.12,0.08,0,,18.711111111111112,0.0,56.02916666666667,9.355555555555556,3026.369444444447,33555.13261816675,1513.1847222222234
2023-03-14 12:00:00,12,0,1,False,-0.04916666666666668,36.78333333333333,-0.6794444444444445,37.294444444444444,483.3361111111111,59.99672235555556,10.88638888888889,11.594722222222224,36.78333333333333,37.294444444444444,-0.04916666666666668,0.0,74.07777777777778,74.02861111111112,483.3361111111111,59.99672235555556,74.02861111111112,0.0,0.5960668266666743,49.655017249137536,0.0,137.87333378888886,49.9715539270982,68.8974473454027,0.12,0.08,0,,36.78333333333333,0.0,74.02861111111112,18.391666666666666,3063.15277777778,33555.13261816675,1531.57638888889
2023-03-14 13:00:00,13,0,1,False,-0.06888888888888889,36.74166666666667,-0.7488888888888889,37.361111111111114,483.9194444444444,59.996222430555555,11.538611111111111,11.885833333333332,36.74166666666667,37.361111111111114,-0.06888888888888889,0.0,74.10277777777779,74.0338888888889,483.9194444444444,59.996222430555555,74.0338888888889,0.0,0.5954669166666662,49.58203696067773,0.0,137.87333378888886,49.960143355482224,68.88171520991138,0.12,0.08,0,,36.74166666666667,0.0,74.0338888888889,18.370833333333334,3099.894444444447,33555.13261816675,1549.9472222222234
2023-03-14 14:00:00,14,0,1,False,-0.06416666666666668,13.422222222222222,-0.7233333333333333,37.36388888888889,483.5416666666667,59.99547220555556,12.034444444444443,12.266666666666667,13.422222222222222,37.36388888888889,-0.06416666666666668,0.0,50.78611111111111,50.721944444444446,483.5416666666667,59.99547220555556,50.721944444444446,0.0,0.5945666466666694,26.428923043264234,0.0,137.87333378888886,49.96287546417901,68.88548205925437,0.12,0.08,0,,13.422222222222222,0.0,50.721944444444446,6.711111111111111,3113.3166666666693,33555.13261816675,1556.6583333333347
2023-03-14 15:00:00,15,0,1,False,-0.06166666666666666,14.258333333333333,-0.6944444444444444,37.263888888888886,484.025,60.013666052777765,12.070555555555554,12.29777777777778,14.258333333333333,37.263888888888886,-0.06166666666666666,0.0,51.52222222222222,51.46055555555555,484.025,60.013666052777765,51.46055555555555,0.0,0.583600736666682,27.674142764718567,0.0,137.87333378888886,49.96432187466554,68.88747627361244,0.12,0.08,0,,14.258333333333333,0.0,51.46055555555555,7.129166666666666,3127.5750000000025,33555.13261816675,1563.7875000000013
2023-03-14 16:00:00,16,0,1,False,-0.06583333333333334,5.144444444444445,-0.7391666666666667,37.22222222222222,484.90833333333336,59.99438931388889,12.096388888888885,12.305277777777777,5.144444444444445,37.22222222222222,-0.06583333333333334,0.0,42.36666666666667,42.30083333333334,484.90833333333336,59.99438931388889,42.30083333333334,0.0,0.5932671766666658,12.142669813794912,0.0,137.87333378888886,49.96191119052132,68.88415258301568,0.12,0.08,0,,5.144444444444445,0.0,42.30083333333334,2.5722222222222224,3132.719444444447,33555.13261816675,1566.3597222222236
2023-03-14 17:00:00,17,0,1,False,-0.08305555555555555,-0.15,-0.7638888888888888,37.13611111111111,484.0416666666667,59.988444869444436,12.016666666666667,12.20638888888889,0.0,37.13611111111111,-0.08305555555555555,0.0,37.13611111111111,37.05305555555556,484.0416666666667,59.988444869444436,37.05305555555556,0.0,0.5861338433333231,0.0,0.0,137.87333378888886,49.95194702939188,68.87041466188242,0.12,0.08,0,,0.0,0.0,37.05305555555556,0.0,3132.719444444447,33555.13261816675,1566.3597222222236
2023-03-14 18:00:00,18,0,1,False,-0.07194444444444444,-0.19444444444444445,-0.7238888888888889,37.15277777777778,481.80555555555554,59.99297249444445,11.84138888888889,12.121111111111109,0.0,37.15277777777778,-0.07194444444444444,0.0,37.15277777777778,37.08083333333333,481.80555555555554,59.99297249444445,37.08083333333333,0.0,0.5915669933333418,0.0,0.0,137.87333378888886,49.958375520443134,68.8792778368071,0.18,0.096,0,,0.0,0.0,37.08083333333333,0.0,3132.719444444447,33555.13261816675,1566.3597222222236
2023-03-14 19:00:00,19,0,1,False,-0.07250000000000001,0.0,-0.7463888888888889,37.16388888888889,483.3888888888889,59.983639422222225,11.72388888888889,11.94638888888889,0.0,37.16388888888889,-0.07250000000000001,0.0,37.16388888888889,37.09138888888889,483.3888888888889,59.983639422222225,37.09138888888889,0.0,0.5803673066666704,0.0,0.0,137.87333378888886,49.95805409589057,68.87883467806087,0.18,0.096,0,,0.0,0.0,37.09138888888889,0.0,3132.719444444447,33555.13261816675,1566.3597222222236
2023-03-14 20:00:00,20,0,1,False,-0.06194444444444445,0.0,-0.7305555555555555,37.57222222222222,486.06388888888887,60.00030551388889,11.503055555555553,11.78833333333333,0.0,37.57222222222222,-0.06194444444444445,0.0,37.57222222222222,37.51027777777778,486.06388888888887,60.00030551388889,37.51027777777778,0.0,0.5996333833333324,0.0,0.0,137.87333378888886,49.96416116238926,68.88725469423932,0.18,0.096,0,,0.0,0.0,37.51027777777778,0.0,3132.719444444447,33555.13261816675,1566.3597222222236
2023-03-14 21:00:00,21,0,1,False,-0.05944444444444444,0.0,-0.7061111111111111,37.669444444444444,484.68055555555554,60.00999980277777,11.2575,11.633611111111112,0.0,37.669444444444444,-0.05944444444444444,0.0,37.669444444444444,37.61,484.68055555555554,60.00999980277777,37.61,0.0,0.5880002366666758,0.0,0.0,137.87333378888886,49.96560757287579,68.88924890859737,0.18,0.096,0,,0.0,0.0,37.61,0.0,3132.719444444447,33555.13261816675,1566.3597222222236
2023-03-14 22:00:00,22,0,1,False,-0.06222222222222222,0.0,-0.7225,37.66388888888889,484.97777777777776,60.00230560277778,10.963055555555554,11.493333333333334,0.0,37.66388888888889,-0.06222222222222222,0.0,37.66388888888889,37.60166666666667,484.97777777777776,60.00230560277778,37.60166666666667,0.0,0.5972332766666625,0.0,0.0,137.87333378888886,49.96400045011298,68.8870331148662,0.18,0.096,0,,0.0,0.0,37.60166666666667,0.0,3132.719444444447,33555.13261816675,1566.3597222222236
2023-03-14 23:00:00,23,0,1,False,-0.06805555555555555,0.0,-0.7488888888888889,37.68055555555556,484.8888888888889,60.00622196944445,10.666666666666666,11.340277777777779,0.0,37.68055555555556,-0.06805555555555555,0.0,37.68055555555556,37.612500000000004,484.8888888888889,60.00622196944445,37.612500000000004,0.0,0.5925336366666641,0.0,0.0,137.87333378888886,49.960625492311074,68.88237994803075,0.12,0.08,0,,0.0,0.0,37.612500000000004,0.0,3132.719444444447,33555.13261816675,1566.3597222222236
2023-03-15 00:00:00,0,0,2,False,-0.06972222222222223,0.0,-0.7413888888888889,37.53055555555556,483.19166666666666,59.9879172138889,10.3325,11.163611111111111,0.0,37.53055555555556,-0.06972222222222223,0.0,37.53055555555556,37.46083333333333,483.19166666666666,59.9879172138889,37.46083333333333,0.0,0.5855006566666787,0.0,0.0,137.87333378888886,49.95966121865338,68.88105047179204,0.12,0.08,0,,0.0,0.0,37.46083333333333,0.0,3132.719444444447,33555.13261816675,1566.3597222222236
2023-03-15 01:00:00,1,0,2,False,-0.04888888888888889,0.0,-0.6591666666666667,37.547222222222224,482.0388888888889,59.98761188611111,10.006666666666666,10.959166666666667,0.0,37.547222222222224,-0.04888888888888889,0.0,37.547222222222224,37.498333333333335,482.0388888888889,59.98761188611111,37.498333333333335,0.0,0.5851342633333331,0.0,0.0,137.87333378888886,49.97171463937448,68.89766892477581,0.12,0.08,0,,0.0,0.0,37.498333333333335,0.0,3132.719444444447,33555.13261816675,1566.3597222222236
2023-03-15 02:00:00,2,0,2,False,-0.04138888888888889,0.0,-0.6661111111111111,37.477777777777774,480.9166666666667,60.00044425277778,9.674166666666666,10.768333333333333,0.0,37.477777777777774,-0.04138888888888889,0.0,37.477777777777774,37.436388888888885,480.9166666666667,60.00044425277778,37.436388888888885,0.0,0.5994668966666609,0.0,0.0,137.87333378888886,49.97605387083408,68.90365156784998,0.12,0.08,0,,0.0,0.0,37.436388888888885,0.0,3132.719444444447,33555.13261816675,1566.3597222222236
2023-03-15 03:00:00,3,0,2,False,-0.053611111111111116,0.0,-0.6736111111111112,37.53055555555556,480.39444444444445,59.97908385555555,9.323611111111111,10.55361111111111,0.0,37.53055555555556,-0.053611111111111116,0.0,37.53055555555556,37.47694444444445,480.39444444444445,59.97908385555555,37.47694444444445,0.0,0.5749006266666612,0.0,0.0,137.87333378888886,49.9689825306777,68.89390207543282,0.12,0.08,0,,0.0,0.0,37.47694444444445,0.0,3132.719444444447,33555.13261816675,1566.3597222222236
2023-03-15 04:00:00,4,0,2,False,-0.042222222222222223,0.0,-0.6625,37.45,480.93888888888887,59.99422269166666,8.974444444444444,10.323055555555555,0.0,37.45,-0.042222222222222223,0.0,37.45,37.40777777777778,480.93888888888887,59.99422269166666,37.40777777777778,0.0,0.5930672299999884,0.0,0.0,137.87333378888886,49.975571734005236,68.90298682973064,0.12,0.08,0,,0.0,0.0,37.40777777777778,0.0,3132.719444444447,33555.13261816675,1566.3597222222236
2023-03-15 05:00:00,5,0,2,False,-0.03861111111111112,0.0,-0.6522222222222223,37.40555555555556,483.5805555555556,59.998222274999996,8.624444444444444,10.151944444444444,0.0,37.40555555555556,-0.03861111111111112,0.0,37.40555555555556,37.36694444444445,483.5805555555556,59.998222274999996,37.36694444444445,0.0,0.5978667299999955,0.0,0.0,137.87333378888886,49.97766099359689,68.90586736158114,0.12,0.08,0,,0.0,0.0,37.36694444444445,0.0,3132.719444444447,33555.13261816675,1566.3597222222236
2023-03-15 06:00:00,6,0,2,False,-0.04527777777777778,0.18888888888888888,-0.6675,37.43333333333333,484.2944444444444,59.97794507222223,8.349166666666665,9.956666666666669,0.18888888888888888,37.43333333333333,-0.04527777777777778,0.0,37.62222222222222,37.57694444444444,484.2944444444444,59.97794507222223,37.57694444444444,0.0,0.5735340866666717,0.5020673360897815,0.0,137.87333378888886,49.97380389896614,68.90054945662634,0.18,0.096,0,,0.18888888888888888,0.0,37.57694444444444,0.09444444444444444,3132.908333333336,33555.13261816675,1566.454166666668
2023-03-15 07:00:00,7,0,2,False,-0.034722222222222224,9.041666666666666,-0.6463888888888889,37.40277777777778,484.15833333333336,60.00994421111112,8.096944444444443,9.784722222222221,9.041666666666666,37.40277777777778,-0.034722222222222224,0.0,46.44444444444444,46.40972222222222,484.15833333333336,60.00994421111112,46.40972222222222,0.0,0.5880669466666575,19.467703349282296,0.0,137.87333378888886,49.97991096546483,68.90896947280478,0.18,0.096,0,,9.041666666666666,0.0,46.40972222222222,4.520833333333333,3141.9500000000025,33555.13261816675,1570.9750000000013
2023-03-15 08:00:00,8,0,2,False,-0.0375,17.333333333333332,-0.6688888888888889,37.669444444444444,483.78055555555557,60.00683298333333,7.933888888888889,9.705277777777779,17.333333333333332,37.669444444444444,-0.0375,0.0,55.00277777777778,54.96527777777778,483.78055555555557,60.00683298333333,54.96527777777778,0.0,0.5918004200000012,31.513559921216093,0.0,137.87333378888886,49.97830384270202,68.90675367907362,0.18,0.096,0,,17.333333333333332,0.0,54.96527777777778,8.666666666666666,3159.283333333336,33555.13261816675,1579.641666666668
2023-03-15 09:00:00,9,0,2,False,-0.03888888888888889,30.069444444444443,-0.6780555555555555,37.81388888888889,484.1972222222222,60.00536076944445,8.076944444444445,9.714444444444446,30.069444444444443,37.81388888888889,-0.03888888888888889,0.0,67.88333333333333,67.84444444444443,484.1972222222222,60.00536076944445,67.84444444444443,0.0,0.593567076666659,44.29576888452411,0.0,137.87333378888886,49.97750028132061,68.90564578220803,0.18,0.096,0,,30.069444444444443,0.0,67.84444444444443,15.034722222222221,3189.3527777777804,33555.13261816675,1594.6763888888902
2023-03-15 10:00:00,10,0,2,False,-0.04555555555555555,32.605555555555554,-0.6808333333333334,37.169444444444444,484.99444444444447,60.01511063333333,8.403333333333332,9.919722222222221,32.605555555555554,37.169444444444444,-0.04555555555555555,0.0,69.775,69.72944444444445,484.99444444444447,60.01511063333333,69.72944444444445,0.0,0.5818672400000053,46.729567259843144,0.0,137.87333378888886,49.97364318668986,68.90032787725323,0.18,0.096,0,,32.605555555555554,0.0,69.72944444444445,16.302777777777777,3221.9583333333358,33555.13261816675,1610.9791666666679
2023-03-15 11:00:00,11,0,2,False,-0.04527777777777778,29.975,-0.69,37.13611111111111,484.6166666666667,60.02905517777777,8.81,10.165000000000001,29.975,37.13611111111111,-0.04527777777777778,0.0,67.11111111111111,67.06583333333333,484.6166666666667,60.02905517777777,67.06583333333333,0.0,0.565133786666675,44.66473509933775,0.0,137.87333378888886,49.97380389896614,68.90054945662634,0.12,0.08,0,,29.975,0.0,67.06583333333333,14.9875,3251.9333333333357,33555.13261816675,1625.9666666666678
2023-03-15 12:00:00,12,0,2,False,-0.04055555555555556,36.50833333333333,-0.6702777777777779,37.21111111111111,484.56111111111113,60.035249869444435,9.2125,10.383888888888889,36.50833333333333,37.21111111111111,-0.04055555555555556,0.0,73.71944444444443,73.67888888888888,484.56111111111113,60.035249869444435,73.67888888888888,0.0,0.557700156666678,49.5233430046347,0.0,137.87333378888886,49.97653600766292,68.90431630596933,0.12,0.08,0,,36.50833333333333,0.0,73.67888888888888,18.254166666666666,3288.441666666669,33555.13261816675,1644.2208333333344
2023-03-15 13:00:00,13,0,2,False,-0.042222222222222223,21.997222222222224,-0.68,37.297222222222224,483.15,60.01333289722221,9.752777777777778,10.623333333333333,21.997222222222224,37.297222222222224,-0.042222222222222223,0.0,59.29444444444445,59.25222222222223,483.15,60.01333289722221,59.25222222222223,0.0,0.5840005233333443,37.098285393047874,0.0,137.87333378888886,49.975571734005236,68.90298682973064,0.12,0.08,0,,21.997222222222224,0.0,59.25222222222223,10.998611111111112,3310.438888888891,33555.13261816675,1655.2194444444456
2023-03-15 14:00:00,14,0,2,False,-0.041666666666666664,18.31388888888889,-0.6675,37.31111111111111,482.55833333333334,59.98905572222222,9.993333333333334,10.695277777777779,18.31388888888889,37.31111111111111,-0.041666666666666664,0.0,55.625,55.583333333333336,482.55833333333334,59.98905572222222,55.583333333333336,0.0,0.5868668666666622,32.923845193508114,0.0,137.87333378888886,49.975893158557795,68.90342998847686,0.12,0.08,0,,18.31388888888889,0.0,55.583333333333336,9.156944444444445,3328.75277777778,33555.13261816675,1664.37638888889
2023-03-15 15:00:00,15,0,2,False,-0.04666666666666666,16.06388888888889,-0.6838888888888889,37.175,482.26666666666665,59.97933395555556,10.17527777777778,10.770833333333334,16.06388888888889,37.175,-0.04666666666666666,0.0,53.23888888888889,53.19222222222222,482.26666666666665,59.97933395555556,53.19222222222222,0.0,0.5752007466666725,30.17322341646666,0.0,137.87333378888886,49.973000337584736,68.89944155976076,0.12,0.08,0,,16.06388888888889,0.0,53.19222222222222,8.031944444444445,3344.816666666669,33555.13261816675,1672.4083333333344
2023-03-15 16:00:00,16,0,2,False,-0.053611111111111116,7.275,-0.6855555555555556,37.81666666666667,480.8222222222222,60.00166671111111,10.270555555555555,10.820277777777777,7.275,37.81666666666667,-0.053611111111111116,0.0,45.09166666666667,45.03805555555556,480.8222222222222,60.00166671111111,45.03805555555556,0.0,0.597999946666664,16.13380151543153,0.0,137.87333378888886,49.9689825306777,68.89390207543282,0.12,0.08,0,,7.275,0.0,45.03805555555556,3.6375,3352.091666666669,33555.13261816675,1676.0458333333345
2023-03-15 17:00:00,17,0,2,False,-0.041388888888888885,1.0638888888888889,-0.6455555555555555,37.85,480.44166666666666,60.006805038888885,10.217222222222224,10.760555555555555,1.0638888888888889,37.85,-0.041388888888888885,0.0,38.91388888888889,38.8725,480.44166666666666,60.006805038888885,38.8725,0.0,0.591833953333338,2.733956742094368,0.0,137.87333378888886,49.97605387083408,68.90365156784998,0.12,0.08,0,,1.0638888888888889,0.0,38.8725,0.5319444444444444,3353.155555555558,33555.13261816675,1676.577777777779
2023-03-15 18:00:00,18,0,2,False,-0.04361111111111111,-0.5,-0.6794444444444445,37.86388888888889,480.5361111111111,60.008027280555545,10.199166666666668,10.699444444444445,0.0,37.86388888888889,-0.04361111111111111,0.0,37.86388888888889,37.820277777777775,480.5361111111111,60.008027280555545,37.820277777777775,0.0,0.5903672633333457,0.0,0.0,137.87333378888886,49.97476817262383,68.90187893286505,0.18,0.096,0,,0.0,0.0,37.820277777777775,0.0,3353.155555555558,33555.13261816675,1676.577777777779
2023-03-15 19:00:00,19,0,2,False,-0.05111111111111111,0.0,-0.6694444444444444,37.73888888888889,480.14722222222224,59.99202826388888,10.1275,10.599722222222221,0.0,37.73888888888889,-0.05111111111111111,0.0,37.73888888888889,37.687777777777775,480.14722222222224,59.99202826388888,37.687777777777775,0.0,0.5904339166666602,0.0,0.0,137.87333378888886,49.970428941164236,68.89589628979088,0.18,0.096,0,,0.0,0.0,37.687777777777775,0.0,3353.155555555558,33555.13261816675,1676.577777777779
2023-03-15 20:00:00,20,0,2,False,-0.05138888888888889,0.0,-0.6905555555555556,37.84722222222222,481.6388888888889,60.01322160555556,10.033333333333333,10.5175,0.0,37.84722222222222,-0.05138888888888889,0.0,37.84722222222222,37.795833333333334,481.6388888888889,60.01322160555556,37.795833333333334,0.0,0.5841340733333311,0.0,0.0,137.87333378888886,49.97026822888795,68.89567471041777,0.18,0.096,0,,0.0,0.0,37.795833333333334,0.0,3353.155555555558,33555.13261816675,1676.577777777779
2023-03-15 21:00:00,21,0,2,False,-0.035555555555555556,0.0,-0.6583333333333333,37.76111111111111,482.6361111111111,60.014416299999986,9.888055555555557,10.440277777777778,0.0,37.76111111111111,-0.035555555555555556,0.0,37.76111111111111,37.72555555555556,482.6361111111111,60.014416299999986,37.72555555555556,0.0,0.5827004400000163,0.0,0.0,137.87333378888886,49.97942882863599,68.90830473468544,0.18,0.096,0,,0.0,0.0,37.72555555555556,0.0,3353.155555555558,33555.13261816675,1676.577777777779
2023-03-15 22:00:00,22,0,2,False,-0.0525,0.0,-0.6972222222222222,37.80555555555556,482.05555555555554,60.004972225,9.7675,10.306388888888888,0.0,37.80555555555556,-0.0525,0.0,37.80555555555556,37.753055555555555,482.05555555555554,60.004972225,37.753055555555555,0.0,0.5940333299999964,0.0,0.0,137.87333378888886,49.969625379782826,68.8947883929253,0.18,0.096,0,,0.0,0.0,37.753055555555555,0.0,3353.155555555558,33555.13261816675,1676.577777777779
2023-03-15 23:00:00,23,0,2,False,-0.03194444444444444,0.0,-0.6522222222222223,37.78333333333333,481.06944444444446,60.015888372222214,9.58,10.206111111111113,0.0,37.78333333333333,-0.03194444444444444,0.0,37.78333333333333,37.75138888888889,481.06944444444446,60.015888372222214,37.75138888888889,0.0,0.5809339533333429,0.0,0.0,137.87333378888886,49.981518088227645,68.91118526653597,0.12,0.08,0,,0.0,0.0,37.75138888888889,0.0,3353.155555555558,33555.13261816675,1676.577777777779
2023-03-16 00:00:00,0,0,3,False,-0.03194444444444444,0.0,-0.6466666666666667,37.80277777777778,480.425,60.018860680555555,9.404166666666667,10.143333333333333,0.0,37.80277777777778,-0.03194444444444444,0.0,37.80277777777778,37.770833333333336,480.425,60.018860680555555,37.770833333333336,0.0,0.5773671833333338,0.0,0.0,137.87333378888886,49.981518088227645,68.91118526653597,0.12,0.08,0,,0.0,0.0,37.770833333333336,0.0,3353.155555555558,33555.13261816675,1676.577777777779
2023-03-16 01:00:00,1,0,3,False,-0.034722222222222224,0.0,-0.6580555555555555,37.80277777777778,481.675,60.00355515555556,9.190555555555555,9.998611111111112,0.0,37.80277777777778,-0.034722222222222224,0.0,37.80277777777778,37.768055555555556,481.675,60.00355515555556,37.768055555555556,0.0,0.595733813333328,0.0,0.0,137.87333378888886,49.97991096546483,68.90896947280478,0.12,0.08,0,,0.0,0.0,37.768055555555556,0.0,3353.155555555558,33555.13261816675,1676.577777777779
2023-03-16 02:00:00,2,0,3,False,-0.04083333333333333,0.0,-0.6647222222222222,37.56388888888889,481.9222222222222,60.00469412222222,8.95138888888889,9.843611111111112,0.0,37.56388888888889,-0.04083333333333333,0.0,37.56388888888889,37.52305555555556,481.9222222222222,60.00469412222222,37.52305555555556,0.0,0.5943670533333375,0.0,0.0,137.87333378888886,49.976375295386646,68.90409472659621,0.12,0.08,0,,0.0,0.0,37.52305555555556,0.0,3353.155555555558,33555.13261816675,1676.577777777779
2023-03-16 03:00:00,3,0,3,False,-0.0375,0.0,-0.6244444444444445,37.55277777777778,481.78333333333336,60.00549961388889,8.67361111111111,9.682222222222222,0.0,37.55277777777778,-0.0375,0.0,37.55277777777778,37.515277777777776,481.78333333333336,60.00549961388889,37.515277777777776,0.0,0.5934004633333358,0.0,0.0,137.87333378888886,49.97830384270202,68.90675367907362,0.12,0.08,0,,0.0,0.0,37.515277777777776,0.0,3353.155555555558,33555.13261816675,1676.577777777779
2023-03-16 04:00:00,4,0,3,False,-0.034722222222222224,0.0,-0.646388888888889,37.455555555555556,479.6638888888889,60.00611075277778,8.379444444444445,9.50361111111111,0.0,37.455555555555556,-0.034722222222222224,0.0,37.455555555555556,37.420833333333334,479.6638888888889,60.00611075277778,37.420833333333334,0.0,0.5926670966666648,0.0,0.0,137.87333378888886,49.97991096546483,68.90896947280478,0.12,0.08,0,,0.0,0.0,37.420833333333334,0.0,3353.155555555558,33555.13261816675,1676.577777777779
2023-03-16 05:00:00,5,0,3,False,-0.035,0.0,-0.6627777777777778,37.25277777777778,482.43888888888887,60.00233319444445,8.086388888888889,9.31138888888889,0.0,37.25277777777778,-0.035,0.0,37.25277777777778,37.21777777777778,482.43888888888887,60.00233319444445,37.21777777777778,0.0,0.5972001666666642,0.0,0.0,137.87333378888886,49.97975025318855,68.90874789343167,0.12,0.08,0,,0.0,0.0,37.21777777777778,0.0,3353.155555555558,33555.13261816675,1676.577777777779
2023-03-16 06:00:00,6,0,3,False,-0.034722222222222224,0.6083333333333333,-0.6486111111111111,37.147222222222226,485.40555555555557,59.98802838888889,7.757222222222222,9.120555555555555,0.6083333333333333,37.147222222222226,-0.034722222222222224,0.0,37.75555555555556,37.72083333333334,485.40555555555557,59.98802838888889,37.72083333333334,0.0,0.5856340666666711,1.6112419070041197,0.0,137.87333378888886,49.97991096546483,68.90896947280478,0.18,0.096,0,,0.6083333333333333,0.0,37.72083333333334,0.30416666666666664,3353.763888888891,33555.13261816675,1676.8819444444455
2023-03-16 07:00:00,7,0,3,False,-0.05138888888888889,9.883333333333333,-0.6830555555555556,37.19444444444444,484.84722222222223,59.99480580277778,7.435833333333334,8.921111111111113,9.883333333333333,37.19444444444444,-0.05138888888888889,0.0,47.077777777777776,47.02638888888889,484.84722222222223,59.99480580277778,47.02638888888889,0.0,0.5937669633333399,20.993627566674533,0.0,137.87333378888886,49.97026822888795,68.89567471041777,0.18,0.096,0,,9.883333333333333,0.0,47.02638888888889,4.941666666666666,3363.647222222224,33555.13261816675,1681.823611111112
2023-03-16 08:00:00,8,0,3,False,-0.05277777777777778,23.183333333333334,-0.7105555555555555,37.24166666666667,482.51944444444445,60.00641604722222,7.229444444444446,8.827499999999999,23.183333333333334,37.24166666666667,-0.05277777777777778,0.0,60.425,60.37222222222222,482.51944444444445,60.00641604722222,60.37222222222222,0.0,0.5923007433333396,38.36712177630672,0.0,137.87333378888886,49.96946466750654,68.89456681355217,0.18,0.096,0,,23.183333333333334,0.0,60.37222222222222,11.591666666666667,3386.8305555555576,33555.13261816675,1693.4152777777788
2023-03-16 09:00:00,9,0,3,False,-0.05277777777777778,33.44722222222222,-0.7091666666666667,37.541666666666664,481.97777777777776,60.00536132222222,7.361666666666666,8.797499999999998,33.44722222222222,37.541666666666664,-0.05277777777777778,0.0,70.98888888888888,70.9361111111111,481.97777777777776,60.00536132222222,70.9361111111111,0.0,0.5935664133333347,47.116137110658954,0.0,137.87333378888886,49.96946466750654,68.89456681355217,0.18,0.096,0,,33.44722222222222,0.0,70.9361111111111,16.72361111111111,3420.2777777777796,33555.13261816675,1710.1388888888898
2023-03-16 10:00:00,10,0,3,False,-0.05555555555555555,40.2,-0.7266666666666667,37.69444444444444,484.075,59.99811145555556,7.888888888888889,9.123333333333333,40.2,37.69444444444444,-0.05555555555555555,0.0,77.89444444444445,77.83888888888889,484.075,59.99811145555556,77.83888888888889,0.0,0.5977337466666711,51.60830183296484,0.0,137.87333378888886,49.96785754474373,68.892351019821,0.18,0.096,0,,40.2,0.0,77.83888888888889,20.1,3460.4777777777795,33555.13261816675,1730.2388888888897
2023-03-16 11:00:00,11,0,3,False,-0.05916666666666666,43.041666666666664,-0.7466666666666667,37.080555555555556,487.53055555555557,60.00930532222222,8.515833333333333,9.555833333333332,43.041666666666664,37.080555555555556,-0.05916666666666666,0.0,80.12222222222222,80.06305555555555,487.53055555555557,60.00930532222222,80.06305555555555,0.0,0.5888336133333382,53.72001109416169,0.0,137.87333378888886,49.96576828515207,68.88947048797048,0.12,0.08,0,,43.041666666666664,0.0,80.06305555555555,21.520833333333332,3503.519444444446,33555.13261816675,1751.759722222223
2023-03-16 12:00:00,12,0,3,False,-0.04194444444444445,42.205555555555556,-0.7080555555555555,37.08888888888889,487.3361111111111,60.009610691666666,9.213333333333335,10.046111111111111,42.205555555555556,37.08888888888889,-0.04194444444444445,0.0,79.29444444444445,79.25250000000001,487.3361111111111,60.009610691666666,79.25250000000001,0.0,0.5884671700000013,53.22637147060883,0.0,137.87333378888886,49.97573244628152,68.90320840910375,0.12,0.08,0,,42.205555555555556,0.0,79.25250000000001,21.102777777777778,3545.7250000000017,33555.13261816675,1772.8625000000009
2023-03-16 13:00:00,13,0,3,False,-0.034444444444444444,40.52777777777778,-0.68,37.34444444444444,483.0888888888889,59.99708345,10.00361111111111,10.385,40.52777777777778,37.34444444444444,-0.034444444444444444,0.0,77.87222222222222,77.83777777777777,483.0888888888889,59.99708345,77.83777777777777,0.0,0.5965001399999977,52.043946636227446,0.0,137.87333378888886,49.980071677741115,68.90919105217792,0.12,0.08,0,,40.52777777777778,0.0,77.83777777777777,20.26388888888889,3586.2527777777796,33555.13261816675,1793.1263888888898
2023-03-16 14:00:00,14,0,3,False,-0.026666666666666672,35.48888888888889,-0.6447222222222223,37.202777777777776,483.5472222222222,60.00319435555555,10.760000000000002,10.924444444444445,35.48888888888889,37.202777777777776,-0.026666666666666672,0.0,72.69166666666666,72.66499999999999,483.5472222222222,60.00319435555555,72.66499999999999,0.0,0.5961667733333399,48.821124230960294,0.0,137.87333378888886,49.98457162147699,68.91539527462518,0.12,0.08,0,,35.48888888888889,0.0,72.66499999999999,17.744444444444444,3621.7416666666686,33555.13261816675,1810.8708333333343
2023-03-16 15:00:00,15,0,3,False,-0.03416666666666667,27.216666666666665,-0.6675,37.147222222222226,482.59166666666664,59.988278291666674,11.344166666666666,11.657222222222224,27.216666666666665,37.147222222222226,-0.03416666666666667,0.0,64.3638888888889,64.32972222222223,482.59166666666664,59.988278291666674,64.32972222222223,0.0,0.5859339500000089,42.285615640239946,0.0,137.87333378888886,49.98023239001739,68.90941263155102,0.12,0.08,0,,27.216666666666665,0.0,64.32972222222223,13.608333333333333,3648.9583333333353,33555.13261816675,1824.4791666666677
2023-03-16 16:00:00,16,0,3,False,-0.04888888888888889,16.02777777777778,-0.6875,37.18055555555556,481.425,59.982639247222224,11.963333333333331,12.084166666666665,16.02777777777778,37.18055555555556,-0.04888888888888889,0.0,53.208333333333336,53.159444444444446,481.425,59.982639247222224,53.159444444444446,0.0,0.5791670966666685,30.1226833724876,0.0,137.87333378888886,49.97171463937448,68.89766892477581,0.12,0.08,0,,16.02777777777778,0.0,53.159444444444446,8.01388888888889,3664.986111111113,33555.13261816675,1832.4930555555566
2023-03-16 17:00:00,17,0,3,False,-0.05416666666666667,3.797222222222222,-0.7247222222222222,37.23888888888889,481.8638888888889,59.98608376666667,12.004444444444445,12.044722222222223,3.797222222222222,37.23888888888889,-0.05416666666666667,0.0,41.03611111111111,40.981944444444444,481.8638888888889,59.98608376666667,40.981944444444444,0.0,0.5833005200000002,9.253367630136058,0.0,137.87333378888886,49.96866110612514,68.8934589166866,0.12,0.08,0,,3.797222222222222,0.0,40.981944444444444,1.898611111111111,3668.7833333333356,33555.13261816675,1834.3916666666678
2023-03-16 18:00:00,18,0,3,False,-0.052222222222222225,-0.1527777777777778,-0.6897222222222221,37.15277777777778,482.39444444444445,60.00797181388889,11.933055555555557,12.06861111111111,0.0,37.15277777777778,-0.052222222222222225,0.0,37.15277777777778,37.10055555555556,482.39444444444445,60.00797181388889,37.10055555555556,0.0,0.5904338233333363,0.0,0.0,137.87333378888886,49.96978609205911,68.89500997229841,0.18,0.096,0,,0.0,0.0,37.10055555555556,0.0,3668.7833333333356,33555.13261816675,1834.3916666666678
2023-03-16 19:00:00,19,0,3,False,-0.06916666666666667,0.0,-0.7083333333333334,37.047222222222224,485.49444444444447,59.99372260555556,11.838333333333336,11.971111111111112,0.0,37.047222222222224,-0.06916666666666667,0.0,37.047222222222224,36.97805555555556,485.49444444444447,59.99372260555556,36.97805555555556,0.0,0.5924671266666734,0.0,0.0,137.87333378888886,49.95998264320595,68.88149363053827,0.18,0.096,0,,0.0,0.0,36.97805555555556,0.0,3668.7833333333356,33555.13261816675,1834.3916666666678
2023-03-16 20:00:00,20,0,3,False,-0.0763888888888889,0.0,-0.7297222222222222,37.25555555555555,486.61944444444447,60.01408293888888,11.645,11.828055555555556,0.0,37.25555555555555,-0.0763888888888889,0.0,37.25555555555555,37.17916666666667,486.61944444444447,60.01408293888888,37.17916666666667,0.0,0.5831004733333401,0.0,0.0,137.87333378888886,49.95580412402263,68.87573256683723,0.18,0.096,0,,0.0,0.0,37.17916666666667,0.0,3668.7833333333356,33555.13261816675,1834.3916666666678
2023-03-16 21:00:00,21,0,3,False,-0.07305555555555555,0.0,-0.7466666666666667,37.32222222222222,484.2138888888889,60.023416425,11.39388888888889,11.663611111111111,0.0,37.32222222222222,-0.07305555555555555,0.0,37.32222222222222,37.24916666666667,484.2138888888889,60.023416425,37.24916666666667,0.0,0.5719002899999992,0.0,0.0,137.87333378888886,49.95773267133801,68.87839151931463,0.18,0.096,0,,0.0,0.0,37.24916666666667,0.0,3668.7833333333356,33555.13261816675,1834.3916666666678
2023-03-16 22:00:00,22,0,3,False,-0.06416666666666668,0.0,-0.7097222222222223,37.227777777777774,484.5416666666667,60.02213836666667,11.005,11.420000000000002,0.0,37.227777777777774,-0.06416666666666668,0.0,37.227777777777774,37.16361111111111,484.5416666666667,60.02213836666667,37.16361111111111,0.0,0.5734339599999998,0.0,0.0,137.87333378888886,49.96287546417901,68.88548205925437,0.18,0.096,0,,0.0,0.0,37.16361111111111,0.0,3668.7833333333356,33555.13261816675,1834.3916666666678
2023-03-16 23:00:00,23,0,3,False,-0.06055555555555555,0.0,-0.6980555555555555,37.13055555555555,485.6722222222222,60.02883312499999,10.7325,11.171944444444446,0.0,37.13055555555555,-0.06055555555555555,0.0,37.13055555555555,37.07,485.6722222222222,60.02883312499999,37.07,0.0,0.5654002500000104,0.0,0.0,137.87333378888886,49.96496472377067,68.88836259110491,0.12,0.08,0,,0.0,0.0,37.07,0.0,3668.7833333333356,33555.13261816675,1834.3916666666678
2023-03-17 00:00:00,0,0,4,False,-0.06527777777777778,0.0,-0.7180555555555556,37.3,484.3222222222222,60.00058344166666,10.406666666666666,10.878333333333332,0.0,37.3,-0.06527777777777778,0.0,37.3,37.23472222222222,484.3222222222222,60.00058344166666,37.23472222222222,0.0,0.5992998700000044,0.0,0.0,137.87333378888886,49.96223261507389,68.88459574176191,0.12,0.08,0,,0.0,0.0,37.23472222222222,0.0,3668.7833333333356,33555.13261816675,1834.3916666666678
2023-03-17 01:00:00,1,0,4,False,-0.05555555555555555,0.0,-0.7083333333333334,37.32222222222222,485.64166666666665,59.98641722777778,10.113888888888889,10.74611111111111,0.0,37.32222222222222,-0.05555555555555555,0.0,37.32222222222222,37.266666666666666,485.64166666666665,59.98641722777778,37.266666666666666,0.0,0.583700673333334,0.0,0.0,137.87333378888886,49.96785754474373,68.892351019821,0.12,0.08,0,,0.0,0.0,37.266666666666666,0.0,3668.7833333333356,33555.13261816675,1834.3916666666678
2023-03-17 02:00:00,2,0,4,False,-0.053888888888888896,0.0,-0.7072222222222223,37.28611111111111,486.31111111111113,59.983722775000004,9.782777777777778,10.563333333333333,0.0,37.28611111111111,-0.053888888888888896,0.0,37.28611111111111,37.23222222222222,486.31111111111113,59.983722775000004,37.23222222222222,0.0,0.5804673300000047,0.0,0.0,137.87333378888886,49.968821818401416,68.8936804960597,0.12,0.08,0,,0.0,0.0,37.23222222222222,0.0,3668.7833333333356,33555.13261816675,1834.3916666666678
2023-03-17 03:00:00,3,0,4,False,-0.050833333333333335,0.0,-0.6969444444444446,37.25555555555555,484.6777777777778,59.96563915000001,9.459444444444443,10.364444444444445,0.0,37.25555555555555,-0.050833333333333335,0.0,37.25555555555555,37.204722222222216,484.6777777777778,59.96563915000001,37.204722222222216,0.0,0.55876698000001,0.0,0.0,137.87333378888886,49.97058965344051,68.896117869164,0.12,0.08,0,,0.0,0.0,37.204722222222216,0.0,3668.7833333333356,33555.13261816675,1834.3916666666678
2023-03-17 04:00:00,4,0,4,False,-0.027222222222222224,0.0,-0.6436111111111112,37.294444444444444,481.1166666666667,59.98355588611112,9.129722222222224,10.170277777777779,0.0,37.294444444444444,-0.027222222222222224,0.0,37.294444444444444,37.26722222222222,481.1166666666667,59.98355588611112,37.26722222222222,0.0,0.5802670633333434,0.0,0.0,137.87333378888886,49.98425019692443,68.91495211587895,0.12,0.08,0,,0.0,0.0,37.26722222222222,0.0,3668.7833333333356,33555.13261816675,1834.3916666666678
2023-03-17 05:00:00,5,0,4,False,-0.024444444444444442,0.0,-0.6405555555555555,37.125,483.01666666666665,59.97711141666667,8.774444444444445,9.95638888888889,0.0,37.125,-0.024444444444444442,0.0,37.125,37.10055555555556,483.01666666666665,59.97711141666667,37.10055555555556,0.0,0.5725337000000081,0.0,0.0,137.87333378888886,49.98585731968724,68.91716790961013,0.12,0.08,0,,0.0,0.0,37.10055555555556,0.0,3668.7833333333356,33555.13261816675,1834.3916666666678
2023-03-17 06:00:00,6,0,4,False,-0.034722222222222224,0.49722222222222223,-0.665,37.144444444444446,483.3361111111111,59.97613926944445,8.41,9.728888888888887,0.49722222222222223,37.144444444444446,-0.034722222222222224,0.0,37.641666666666666,37.606944444444444,483.3361111111111,59.97613926944445,37.606944444444444,0.0,0.5713671233333428,1.3209357243007895,0.0,137.87333378888886,49.97991096546483,68.90896947280478,0.18,0.096,0,,0.49722222222222223,0.0,37.606944444444444,0.24861111111111112,3669.280555555558,33555.13261816675,1834.640277777779
2023-03-17 07:00:00,7,0,4,False,-0.03194444444444444,7.363888888888889,-0.6780555555555556,37.15555555555556,484.6333333333333,59.997583227777774,8.055555555555555,9.509166666666667,7.363888888888889,37.15555555555556,-0.03194444444444444,0.0,44.519444444444446,44.487500000000004,484.6333333333333,59.997583227777774,44.487500000000004,0.0,0.5970998733333289,16.54083733699382,0.0,137.87333378888886,49.981518088227645,68.91118526653597,0.18,0.096,0,,7.363888888888889,0.0,44.487500000000004,3.6819444444444445,3676.644444444447,33555.13261816675,1838.3222222222234
2023-03-17 08:00:00,8,0,4,False,-0.03333333333333333,18.925,-0.6469444444444444,37.40833333333333,485.7916666666667,60.004832969444436,7.9,9.443888888888889,18.925,37.40833333333333,-0.03333333333333333,0.0,56.33333333333333,56.3,485.7916666666667,60.004832969444436,56.3,0.0,0.5942004366666765,33.59467455621302,0.0,137.87333378888886,49.98071452684624,68.91007736967038,0.18,0.096,0,,18.925,0.0,56.3,9.4625,3695.569444444447,33555.13261816675,1847.7847222222235
2023-03-17 09:00:00,9,0,4,False,-0.03833333333333334,31.04722222222222,-0.6608333333333334,37.18611111111111,482.23055555555555,59.986972550000004,8.106388888888889,9.529444444444444,31.04722222222222,37.18611111111111,-0.03833333333333334,0.0,68.23333333333333,68.19500000000001,482.23055555555555,59.986972550000004,68.19500000000001,0.0,0.5843670600000053,45.50154697931932,0.0,137.87333378888886,49.977821705873176,68.90608894095428,0.18,0.096,0,,31.04722222222222,0.0,68.19500000000001,15.52361111111111,3726.6166666666695,33555.13261816675,1863.3083333333348
2023-03-17 10:00:00,10,0,4,False,-0.04194444444444445,39.40833333333333,-0.6541666666666667,37.19444444444444,482.2944444444444,60.00047210277777,8.616666666666667,9.883333333333333,39.40833333333333,37.19444444444444,-0.04194444444444445,0.0,76.60277777777777,76.56083333333333,482.2944444444444,60.00047210277777,76.56083333333333,0.0,0.5994334766666753,51.44504478369656,0.0,137.87333378888886,49.97573244628152,68.90320840910375,0.18,0.096,0,,39.40833333333333,0.0,76.56083333333333,19.704166666666666,3766.025000000003,33555.13261816675,1883.0125000000014
2023-03-17 11:00:00,11,0,4,False,-0.04055555555555555,42.30833333333333,-0.6650000000000001,37.272222222222226,482.0888888888889,60.005527413888885,9.31361111111111,10.301388888888889,42.30833333333333,37.272222222222226,-0.04055555555555555,0.0,79.58055555555555,79.53999999999999,482.0888888888889,60.005527413888885,79.53999999999999,0.0,0.5933671033333382,53.1641593074802,0.0,137.87333378888886,49.97653600766292,68.90431630596933,0.12,0.08,0,,42.30833333333333,0.0,79.53999999999999,21.154166666666665,3808.333333333336,33555.13261816675,1904.166666666668
2023-03-17 12:00:00,12,0,4,False,-0.03972222222222222,42.0,-0.6530555555555556,37.03611111111111,480.71666666666664,59.991083869444445,10.0975,10.807222222222224,42.0,37.03611111111111,-0.03972222222222222,0.0,79.03611111111111,78.99638888888889,480.71666666666664,59.991083869444445,78.99638888888889,0.0,0.589300643333334,53.140266404245594,0.0,137.87333378888886,49.977018144491765,68.90498104408867,0.12,0.08,0,,42.0,0.0,78.99638888888889,21.0,3850.333333333336,33555.13261816675,1925.166666666668
2023-03-17 13:00:00,13,0,4,False,-0.04305555555555556,39.61944444444445,-0.6708333333333333,37.0,480.89722222222224,59.9911667638889,10.92,11.282499999999999,39.61944444444445,37.0,-0.04305555555555556,0.0,76.61944444444444,76.57638888888889,480.89722222222224,59.9911667638889,76.57638888888889,0.0,0.5894001166666782,51.709386216147635,0.0,137.87333378888886,49.97508959717639,68.90232209161128,0.12,0.08,0,,39.61944444444445,0.0,76.57638888888889,19.809722222222224,3889.9527777777807,33555.13261816675,1944.9763888888904
2023-03-17 14:00:00,14,0,4,False,-0.041388888888888885,30.575,-0.6505555555555556,37.0,480.34722222222223,59.998055605555564,11.578333333333333,11.790555555555555,30.575,37.0,-0.041388888888888885,0.0,67.575,67.53361111111111,480.34722222222223,59.998055605555564,67.53361111111111,0.0,0.5976667266666765,45.24602293747687,0.0,137.87333378888886,49.97605387083408,68.90365156784998,0.12,0.08,0,,30.575,0.0,67.53361111111111,15.2875,3920.5277777777806,33555.13261816675,1960.2638888888903
2023-03-17 15:00:00,15,0,4,False,-0.053888888888888896,26.416666666666668,-0.6891666666666667,37.0,479.4472222222222,60.00430525833333,12.210833333333332,12.333055555555555,26.416666666666668,37.0,-0.053888888888888896,0.0,63.41666666666667,63.36277777777778,479.4472222222222,60.00430525833333,63.36277777777778,0.0,0.5948336900000015,41.6557161629435,0.0,137.87333378888886,49.968821818401416,68.8936804960597,0.12,0.08,0,,26.416666666666668,0.0,63.36277777777778,13.208333333333334,3946.944444444447,33555.13261816675,1973.4722222222235
2023-03-17 16:00:00,16,0,4,False,-0.059166666666666666,15.26388888888889,-0.7147222222222223,37.0,483.3222222222222,59.999805708333334,12.798055555555559,12.671388888888886,15.26388888888889,37.0,-0.059166666666666666,0.0,52.263888888888886,52.204722222222216,483.3222222222222,59.999805708333334,52.204722222222216,0.0,0.5997668500000003,29.20542120648419,0.0,137.87333378888886,49.96576828515207,68.88947048797048,0.12,0.08,0,,15.26388888888889,0.0,52.204722222222216,7.631944444444445,3962.2083333333358,33555.13261816675,1981.1041666666679
2023-03-17 17:00:00,17,0,4,False,-0.07472222222222223,3.738888888888889,-0.7369444444444443,37.022222222222226,484.44166666666666,59.98247282222223,13.046388888888886,12.843611111111112,3.738888888888889,37.022222222222226,-0.07472222222222223,0.0,40.76111111111111,40.68638888888889,484.44166666666666,59.98247282222223,40.68638888888889,0.0,0.5789673866666731,9.172686384080686,0.0,137.87333378888886,49.95676839768032,68.87706204307594,0.12,0.08,0,,3.738888888888889,0.0,40.68638888888889,1.8694444444444445,3965.947222222225,33555.13261816675,1982.9736111111124
2023-03-17 18:00:00,18,0,4,False,-0.07,-0.15833333333333333,-0.7450000000000001,37.05277777777778,481.6722222222222,59.99355571666667,13.225,13.001388888888888,0.0,37.05277777777778,-0.07,0.0,37.05277777777778,36.98277777777778,481.6722222222222,59.99355571666667,36.98277777777778,0.0,0.5922668600000037,0.0,0.0,137.87333378888886,49.959500506377104,68.88082889241892,0.18,0.096,0,,0.0,0.0,36.98277777777778,0.0,3965.947222222225,33555.13261816675,1982.9736111111124
2023-03-17 19:00:00,19,0,4,False,-0.08583333333333334,0.0,-0.7558333333333334,37.075,484.99444444444447,59.98241727500001,13.316666666666666,13.10416666666666,0.0,37.075,-0.08583333333333334,0.0,37.075,36.98916666666667,484.99444444444447,59.98241727500001,36.98916666666667,0.0,0.5789007300000122,0.0,0.0,137.87333378888886,49.95033990662907,68.86819886815125,0.18,0.096,0,,0.0,0.0,36.98916666666667,0.0,3965.947222222225,33555.13261816675,1982.9736111111124
2023-03-17 20:00:00,20,0,4,False,-0.0925,0.0,-0.8069444444444445,37.03888888888889,485.90833333333336,59.998833658333325,13.382222222222223,13.173611111111109,0.0,37.03888888888889,-0.0925,0.0,37.03888888888889,36.94638888888889,485.90833333333336,59.998833658333325,36.94638888888889,0.0,0.59860038999999,0.0,0.0,137.87333378888886,49.946482811998315,68.86288096319645,0.18,0.096,0,,0.0,0.0,36.94638888888889,0.0,3965.947222222225,33555.13261816675,1982.9736111111124
2023-03-17 21:00:00,21,0,4,False,-0.08944444444444445,0.0,-0.7691666666666666,37.00555555555555,486.4166666666667,60.026638725,13.393888888888892,13.20138888888889,0.0,37.00555555555555,-0.08944444444444445,0.0,37.00555555555555,36.91611111111111,486.4166666666667,60.026638725,36.91611111111111,0.0,0.5680335300000025,0.0,0.0,137.87333378888886,49.948250647037405,68.86531833630072,0.18,0.096,0,,0.0,0.0,36.91611111111111,0.0,3965.947222222225,33555.13261816675,1982.9736111111124
2023-03-17 22:00:00,22,0,4,False,-0.08750000000000001,0.0,-0.7777777777777778,37.00555555555555,485.8861111111111,60.03391648333333,13.365833333333335,13.205555555555556,0.0,37.00555555555555,-0.08750000000000001,0.0,37.00555555555555,36.918055555555554,485.8861111111111,60.03391648333333,36.918055555555554,0.0,0.5593002200000058,0.0,0.0,137.87333378888886,49.949375632971375,68.86686939191254,0.18,0.096,0,,0.0,0.0,36.918055555555554,0.0,3965.947222222225,33555.13261816675,1982.9736111111124
2023-03-17 23:00:00,23,0,4,False,-0.08527777777777777,0.0,-0.7686111111111112,37.0,485.75555555555553,60.021166416666674,13.299444444444445,13.181944444444444,0.0,37.0,-0.08527777777777777,0.0,37.0,36.914722222222224,485.75555555555553,60.021166416666674,36.914722222222224,0.0,0.5746002999999916,0.0,0.0,137.87333378888886,49.95066133118163,68.86864202689748,0.12,0.08,0,,0.0,0.0,36.914722222222224,0.0,3965.947222222225,33555.13261816675,1982.9736111111124
2023-03-18 00:00:00,0,0,5,True,-0.09027777777777778,0.0,-0.7719444444444444,37.025,481.05,60.00538880277777,13.200833333333332,13.10083333333333,0.0,37.025,-0.09027777777777778,0.0,37.025,36.93472222222222,481.05,60.00538880277777,36.93472222222222,0.0,0.5935334366666722,0.0,0.0,137.87333378888886,49.94776851020856,68.86465359818138,0.12,0.08,0,,0.0,0.0,36.93472222222222,0.0,3965.947222222225,33555.13261816675,1982.9736111111124
2023-03-18 01:00:00,1,0,5,True,-0.06416666666666668,0.0,-0.7147222222222221,37.013888888888886,481.31666666666666,59.97894493611112,13.071666666666665,13.001666666666667,0.0,37.013888888888886,-0.06416666666666668,0.0,37.013888888888886,36.94972222222222,481.31666666666666,59.97894493611112,36.94972222222222,0.0,0.5747339233333434,0.0,0.0,137.87333378888886,49.96287546417901,68.88548205925437,0.12,0.08,0,,0.0,0.0,36.94972222222222,0.0,3965.947222222225,33555.13261816675,1982.9736111111124
2023-03-18 02:00:00,2,0,5,True,-0.06833333333333334,0.0,-0.7205555555555555,37.0,480.9888888888889,59.97341688888889,12.86888888888889,12.867777777777778,0.0,37.0,-0.06833333333333334,0.0,37.0,36.931666666666665,480.9888888888889,59.97341688888889,36.931666666666665,0.0,0.56810026666667,0.0,0.0,137.87333378888886,49.96046478003479,68.88215836865763,0.12,0.08,0,,0.0,0.0,36.931666666666665,0.0,3965.947222222225,33555.13261816675,1982.9736111111124
2023-03-18 03:00:00,3,0,5,True,-0.07833333333333334,0.0,-0.7291666666666666,37.01111111111111,479.98333333333335,59.97244474444445,12.720833333333333,12.764166666666664,0.0,37.01111111111111,-0.07833333333333334,0.0,37.01111111111111,36.93277777777778,479.98333333333335,59.97244474444445,36.93277777777778,0.0,0.5669336933333425,0.0,0.0,137.87333378888886,49.954679138088665,68.87418151122542,0.12,0.08,0,,0.0,0.0,36.93277777777778,0.0,3965.947222222225,33555.13261816675,1982.9736111111124
2023-03-18 04:00:00,4,0,5,True,-0.0625,0.0,-0.7036111111111112,37.06111111111111,481.26944444444445,59.98813937500001,12.486666666666668,12.597222222222221,0.0,37.06111111111111,-0.0625,0.0,37.06111111111111,36.99861111111111,481.26944444444445,59.98813937500001,36.99861111111111,0.0,0.5857672500000121,0.0,0.0,137.87333378888886,49.9638397378367,68.88681153549308,0.12,0.08,0,,0.0,0.0,36.99861111111111,0.0,3965.947222222225,33555.13261816675,1982.9736111111124
2023-03-18 05:00:00,5,0,5,True,-0.05416666666666667,0.0,-0.7075,37.06111111111111,483.775,60.000694625,12.17,12.366111111111113,0.0,37.06111111111111,-0.05416666666666667,0.0,37.06111111111111,37.00694444444444,483.775,60.000694625,37.00694444444444,0.0,0.5991664499999985,0.0,0.0,137.87333378888886,49.96866110612514,68.8934589166866,0.12,0.08,0,,0.0,0.0,37.00694444444444,0.0,3965.947222222225,33555.13261816675,1982.9736111111124
2023-03-18 06:00:00,6,0,5,True,-0.04777777777777779,0.7416666666666667,-0.7091666666666667,37.03611111111111,483.6,59.994222569444446,11.780555555555555,12.168055555555556,0.7416666666666667,37.03611111111111,-0.04777777777777779,0.0,37.77777777777778,37.730000000000004,483.6,59.994222569444446,37.730000000000004,0.0,0.5930670833333351,1.9632352941176472,0.0,137.87333378888886,49.97235748847961,68.89855524226829,0.18,0.096,0,,0.7416666666666667,0.0,37.730000000000004,0.37083333333333335,3966.6888888888916,33555.13261816675,1983.3444444444458
2023-03-18 07:00:00,7,0,5,True,-0.05416666666666667,10.394444444444444,-0.6980555555555555,37.02777777777778,483.40833333333336,60.01344452777778,11.366944444444446,11.948611111111111,10.394444444444444,37.02777777777778,-0.05416666666666667,0.0,47.422222222222224,47.36805555555556,483.40833333333336,60.01344452777778,47.36805555555556,0.0,0.5838665666666657,21.918931583880035,0.0,137.87333378888886,49.96866110612514,68.8934589166866,0.18,0.096,0,,10.394444444444444,0.0,47.36805555555556,5.197222222222222,3977.083333333336,33555.13261816675,1988.541666666668
2023-03-18 08:00:00,8,0,5,True,-0.0475,23.808333333333334,-0.6841666666666667,37.01111111111111,483.89166666666665,60.028472019444436,11.013055555555555,11.771666666666665,23.808333333333334,37.01111111111111,-0.0475,0.0,60.81944444444444,60.77194444444444,483.89166666666665,60.028472019444436,60.77194444444444,0.0,0.5658335766666767,39.14592372687829,0.0,137.87333378888886,49.97251820075589,68.8987768216414,0.18,0.096,0,,23.808333333333334,0.0,60.77194444444444,11.904166666666667,4000.8916666666696,33555.13261816675,2000.4458333333348
2023-03-18 09:00:00,9,0,5,True,-0.044722222222222226,34.24444444444445,-0.6838888888888889,37.047222222222224,484.45,60.02658307777777,10.836944444444445,11.635833333333332,34.24444444444445,37.047222222222224,-0.044722222222222226,0.0,71.29166666666667,71.24694444444445,484.45,60.02658307777777,71.24694444444445,0.0,0.5681003066666733,48.03428794077538,0.0,137.87333378888886,49.974125323518706,68.90099261537257,0.18,0.096,0,,34.24444444444445,0.0,71.24694444444445,17.122222222222224,4035.136111111114,33555.13261816675,2017.568055555557
2023-03-18 10:00:00,10,0,5,True,-0.04194444444444445,41.21388888888889,-0.6416666666666667,37.16388888888889,480.60277777777776,60.00461096388889,10.969444444444445,11.733611111111113,41.21388888888889,37.16388888888889,-0.04194444444444445,0.0,78.37777777777778,78.33583333333334,480.60277777777776,60.00461096388889,78.33583333333334,0.0,0.5944668433333362,52.58364048766657,0.0,137.87333378888886,49.97573244628152,68.90320840910375,0.18,0.096,0,,41.21388888888889,0.0,78.33583333333334,20.606944444444444,4076.350000000003,33555.13261816675,2038.1750000000015
2023-03-18 11:00:00,11,0,5,True,-0.044722222222222226,44.425,-0.6783333333333333,37.05555555555556,481.63055555555553,60.007082894444444,11.291944444444445,11.956666666666669,44.425,37.05555555555556,-0.044722222222222226,0.0,81.48055555555555,81.43583333333333,481.63055555555553,60.007082894444444,81.43583333333333,0.0,0.5915005266666667,54.52221047966454,0.0,137.87333378888886,49.974125323518706,68.90099261537257,0.12,0.08,0,,44.425,0.0,81.43583333333333,22.2125,4120.775000000003,33555.13261816675,2060.3875000000016
2023-03-18 12:00:00,12,0,5,True,-0.04361111111111111,44.81944444444444,-0.6697222222222223,37.00555555555555,482.1694444444444,60.01616601388888,11.67611111111111,12.28888888888889,44.81944444444444,37.00555555555555,-0.04361111111111111,0.0,81.82499999999999,81.78138888888888,482.1694444444444,60.01616601388888,81.78138888888888,0.0,0.5806007833333467,54.77475642461894,0.0,137.87333378888886,49.97476817262383,68.90187893286505,0.12,0.08,0,,44.81944444444444,0.0,81.78138888888888,22.40972222222222,4165.594444444448,33555.13261816675,2082.797222222224
2023-03-18 13:00:00,13,0,5,True,-0.044722222222222226,42.38333333333333,-0.6827777777777778,37.0,483.75,60.017138311111104,12.23638888888889,12.50611111111111,42.38333333333333,37.0,-0.044722222222222226,0.0,79.38333333333333,79.3386111111111,483.75,60.017138311111104,79.3386111111111,0.0,0.5794340266666751,53.3907201343691,0.0,137.87333378888886,49.974125323518706,68.90099261537257,0.12,0.08,0,,42.38333333333333,0.0,79.3386111111111,21.191666666666666,4207.977777777781,33555.13261816675,2103.9888888888904
2023-03-18 14:00:00,14,0,5,True,-0.061388888888888896,37.21944444444444,-0.7547222222222223,37.0,484.27777777777777,60.02636101388889,12.786944444444442,12.910277777777777,37.21944444444444,37.0,-0.061388888888888896,0.0,74.21944444444443,74.15805555555555,484.27777777777777,60.02636101388889,74.15805555555555,0.0,0.5683667833333345,50.14783487405966,0.0,137.87333378888886,49.96448258694182,68.88769785298555,0.12,0.08,0,,37.21944444444444,0.0,74.15805555555555,18.60972222222222,4245.197222222226,33555.13261816675,2122.598611111113
2023-03-18 15:00:00,15,0,5,True,-0.05611111111111112,28.5,-0.7191666666666667,37.00833333333333,484.31944444444446,60.00258316944445,13.121666666666668,13.416944444444445,28.5,37.00833333333333,-0.05611111111111112,0.0,65.50833333333333,65.45222222222222,484.31944444444446,60.00258316944445,65.45222222222222,0.0,0.596900196666661,43.505915277954465,0.0,137.87333378888886,49.96753612019117,68.89190786107477,0.12,0.08,0,,28.5,0.0,65.45222222222222,14.25,4273.697222222226,33555.13261816675,2136.848611111113
2023-03-18 16:00:00,16,0,5,True,-0.06555555555555556,16.72222222222222,-0.7305555555555555,37.00555555555555,484.5388888888889,59.99355565277778,13.501944444444446,13.63722222222222,16.72222222222222,37.00555555555555,-0.06555555555555556,0.0,53.727777777777774,53.66222222222222,484.5388888888889,59.99355565277778,53.66222222222222,0.0,0.5922667833333349,31.123978906007654,0.0,137.87333378888886,49.962071902797604,68.8843741623888,0.12,0.08,0,,16.72222222222222,0.0,53.66222222222222,8.36111111111111,4290.419444444448,33555.13261816675,2145.209722222224
2023-03-18 17:00:00,17,0,5,True,-0.06111111111111111,4.102777777777778,-0.7138888888888889,37.01111111111111,484.38055555555553,59.97844484166667,13.391111111111114,13.48527777777778,4.102777777777778,37.01111111111111,-0.06111111111111111,0.0,41.113888888888894,41.052777777777784,484.38055555555553,59.97844484166667,41.052777777777784,0.0,0.5741338100000064,9.97905546922505,0.0,137.87333378888886,49.9646432992181,68.88791943235867,0.12,0.08,0,,4.102777777777778,0.0,41.052777777777784,2.051388888888889,4294.522222222226,33555.13261816675,2147.261111111113
2023-03-18 18:00:00,18,0,5,True,-0.06444444444444446,-0.13055555555555556,-0.7144444444444444,37.0,483.15277777777777,59.99100008611111,13.19,13.346111111111112,0.0,37.0,-0.06444444444444446,0.0,37.0,36.93555555555555,483.15277777777777,59.99100008611111,36.93555555555555,0.0,0.5892001033333286,0.0,0.0,137.87333378888886,49.96271475190273,68.88526047988127,0.18,0.096,0,,0.0,0.0,36.93555555555555,0.0,4294.522222222226,33555.13261816675,2147.261111111113
2023-03-18 19:00:00,19,0,5,True,-0.06305555555555556,0.0,-0.7069444444444445,37.00277777777778,486.9583333333333,59.978000452777785,12.964722222222225,13.15972222222222,0.0,37.00277777777778,-0.06305555555555556,0.0,37.00277777777778,36.93972222222222,486.9583333333333,59.978000452777785,36.93972222222222,0.0,0.5736005433333418,0.0,0.0,137.87333378888886,49.96351831328413,68.88636837674684,0.18,0.096,0,,0.0,0.0,36.93972222222222,0.0,4294.522222222226,33555.13261816675,2147.261111111113
2023-03-18 20:00:00,20,0,5,True,-0.06416666666666668,0.0,-0.7197222222222223,37.0,481.85555555555555,60.00366634166666,12.675833333333332,12.999722222222221,0.0,37.0,-0.06416666666666668,0.0,37.0,36.935833333333335,481.85555555555555,60.00366634166666,36.935833333333335,0.0,0.5956003900000099,0.0,0.0,137.87333378888886,49.96287546417901,68.88548205925437,0.18,0.096,0,,0.0,0.0,36.935833333333335,0.0,4294.522222222226,33555.13261816675,2147.261111111113
2023-03-18 21:00:00,21,0,5,True,-0.0675,0.0,-0.741388888888889,37.0,485.97777777777776,60.01166625555556,12.46027777777778,12.816111111111109,0.0,37.0,-0.0675,0.0,37.0,36.9325,485.97777777777776,60.01166625555556,36.9325,0.0,0.5860004933333272,0.0,0.0,137.87333378888886,49.960946916863634,68.88282310677698,0.18,0.096,0,,0.0,0.0,36.9325,0.0,4294.522222222226,33555.13261816675,2147.261111111113
2023-03-18 22:00:00,22,0,5,True,-0.06416666666666668,0.0,-0.7041666666666667,37.05833333333333,484.175,60.00480541388888,12.114166666666668,12.582500000000001,0.0,37.05833333333333,-0.06416666666666668,0.0,37.05833333333333,36.994166666666665,484.175,60.00480541388888,36.994166666666665,0.0,0.5942335033333421,0.0,0.0,137.87333378888886,49.96287546417901,68.88548205925437,0.18,0.096,0,,0.0,0.0,36.994166666666665,0.0,4294.522222222226,33555.13261816675,2147.261111111113
2023-03-18 23:00:00,23,0,5,True,-0.05083333333333333,0.0,-0.685,37.077777777777776,480.1138888888889,60.00947207222221,11.629999999999997,12.238055555555558,0.0,37.077777777777776,-0.05083333333333333,0.0,37.077777777777776,37.02694444444444,480.1138888888889,60.00947207222221,37.02694444444444,0.0,0.5886335133333489,0.0,0.0,137.87333378888886,49.97058965344051,68.896117869164,0.12,0.08,0,,0.0,0.0,37.02694444444444,0.0,4294.522222222226,33555.13261816675,2147.261111111113
2023-03-19 00:00:00,0,0,6,True,-0.05416666666666667,0.0,-0.7002777777777779,37.05555555555556,481.9916666666667,60.011638636111115,11.14,11.974722222222221,0.0,37.05555555555556,-0.05416666666666667,0.0,37.05555555555556,37.00138888888889,481.9916666666667,60.011638636111115,37.00138888888889,0.0,0.5860336366666615,0.0,0.0,137.87333378888886,49.96866110612514,68.8934589166866,0.12,0.08,0,,0.0,0.0,37.00138888888889,0.0,4294.522222222226,33555.13261816675,2147.261111111113
2023-03-19 01:00:00,1,0,6,True,-0.058333333333333334,0.0,-0.6919444444444445,37.03888888888889,482.68333333333334,60.00449963055556,10.706944444444444,11.754999999999997,0.0,37.03888888888889,-0.058333333333333334,0.0,37.03888888888889,36.98055555555556,482.68333333333334,60.00449963055556,36.98055555555556,0.0,0.5946004433333314,0.0,0.0,137.87333378888886,49.96625042198092,68.89013522608984,0.12,0.08,0,,0.0,0.0,36.98055555555556,0.0,4294.522222222226,33555.13261816675,2147.261111111113
2023-03-19 02:00:00,2,0,6,True,-0.03361111111111111,0.0,-0.6630555555555555,37.03888888888889,482.3305555555556,59.9950282,10.304166666666667,11.500277777777779,0.0,37.03888888888889,-0.03361111111111111,0.0,37.03888888888889,37.00527777777778,482.3305555555556,59.9950282,37.00527777777778,0.0,0.5940338400000001,0.0,0.0,137.87333378888886,49.98055381456996,68.90985579029727,0.12,0.08,0,,0.0,0.0,37.00527777777778,0.0,4294.522222222226,33555.13261816675,2147.261111111113
2023-03-19 03:00:00,3,0,6,True,-0.03833333333333334,0.0,-0.666388888888889,37.03888888888889,483.2361111111111,59.98500055555556,9.895277777777778,11.237222222222222,0.0,37.03888888888889,-0.03833333333333334,0.0,37.03888888888889,37.00055555555556,483.2361111111111,59.98500055555556,37.00055555555556,0.0,0.5820006666666699,0.0,0.0,137.87333378888886,49.977821705873176,68.90608894095428,0.12,0.08,0,,0.0,0.0,37.00055555555556,0.0,4294.522222222226,33555.13261816675,2147.261111111113
2023-03-19 04:00:00,4,0,6,True,-0.020555555555555556,0.0,-0.63,37.05555555555556,482.2111111111111,59.983222966666666,9.481944444444444,10.971111111111112,0.0,37.05555555555556,-0.020555555555555556,0.0,37.05555555555556,37.035000000000004,482.2111111111111,59.983222966666666,37.035000000000004,0.0,0.5798675599999995,0.0,0.0,137.87333378888886,49.98810729155518,68.92027002083377,0.12,0.08,0,,0.0,0.0,37.035000000000004,0.0,4294.522222222226,33555.13261816675,2147.261111111113
2023-03-19 05:00:00,5,0,6,True,-0.03638888888888889,0.0,-0.663888888888889,37.075,479.77777777777777,60.002638725,9.070555555555556,10.709444444444443,0.0,37.075,-0.03638888888888889,0.0,37.075,37.038611111111116,479.77777777777777,60.002638725,37.038611111111116,0.0,0.5968335300000035,0.0,0.0,137.87333378888886,49.978946691807145,68.90763999656609,0.12,0.08,0,,0.0,0.0,37.038611111111116,0.0,4294.522222222226,33555.13261816675,2147.261111111113
2023-03-19 06:00:00,6,0,6,True,-0.02694444444444444,0.6861111111111111,-0.6680555555555555,37.28888888888889,485.8277777777778,59.99080595277778,8.641666666666667,10.4375,0.6861111111111111,37.28888888888889,-0.02694444444444444,0.0,37.975,37.948055555555555,485.8277777777778,59.99080595277778,37.948055555555555,0.0,0.5889671433333319,1.8067442030575669,0.0,137.87333378888886,49.98441090920071,68.91517369525207,0.18,0.096,0,,0.6861111111111111,0.0,37.948055555555555,0.34305555555555556,4295.208333333338,33555.13261816675,2147.604166666669
2023-03-19 07:00:00,7,0,6,True,-0.04166666666666667,9.530555555555555,-0.6861111111111112,37.61666666666667,485.0,60.00519395277778,8.254444444444445,10.194166666666668,9.530555555555555,37.61666666666667,-0.04166666666666667,0.0,47.147222222222226,47.10555555555556,485.0,60.00519395277778,47.10555555555556,0.0,0.5937672566666634,20.21445825723207,0.0,137.87333378888886,49.975893158557795,68.90342998847686,0.18,0.096,0,,9.530555555555555,0.0,47.10555555555556,4.7652777777777775,4304.738888888893,33555.13261816675,2152.3694444444463
2023-03-19 08:00:00,8,0,6,True,-0.05111111111111111,22.352777777777778,-0.6955555555555555,37.73888888888889,483.39722222222224,60.014749466666665,7.9675,10.022777777777778,22.352777777777778,37.73888888888889,-0.05111111111111111,0.0,60.09166666666667,60.04055555555556,483.39722222222224,60.014749466666665,60.04055555555556,0.0,0.5823006400000025,37.19779965793001,0.0,137.87333378888886,49.970428941164236,68.89589628979088,0.18,0.096,0,,22.352777777777778,0.0,60.04055555555556,11.176388888888889,4327.091666666671,33555.13261816675,2163.5458333333354
2023-03-19 09:00:00,9,0,6,True,-0.04833333333333333,32.41388888888889,-0.7041666666666667,37.92777777777778,483.10833333333335,60.01188846388888,7.9825,9.902500000000002,32.41388888888889,37.92777777777778,-0.04833333333333333,0.0,70.34166666666667,70.29333333333334,483.10833333333335,60.01188846388888,70.29333333333334,0.0,0.5857338433333439,46.08063815503692,0.0,137.87333378888886,49.97203606392705,68.89811208352207,0.18,0.096,0,,32.41388888888889,0.0,70.29333333333334,16.206944444444446,4359.50555555556,33555.13261816675,2179.75277777778
2023-03-19 10:00:00,10,0,6,True,-0.04888888888888889,38.66111111111111,-0.6986111111111111,37.94722222222222,483.76666666666665,60.001222119444435,8.380555555555556,10.147222222222222,38.66111111111111,37.94722222222222,-0.04888888888888889,0.0,76.60833333333333,76.55944444444445,483.76666666666665,60.001222119444435,76.55944444444445,0.0,0.5985334566666779,50.46593422531637,0.0,137.87333378888886,49.97171463937448,68.89766892477581,0.18,0.096,0,,38.66111111111111,0.0,76.55944444444445,19.330555555555556,4398.1666666666715,33555.13261816675,2199.0833333333358
2023-03-19 11:00:00,11,0,6,True,-0.045000000000000005,41.93611111111111,-0.7136111111111111,37.51111111111111,487.39166666666665,59.99766674444444,9.004444444444443,10.553888888888888,41.93611111111111,37.51111111111111,-0.045000000000000005,0.0,79.44722222222222,79.40222222222222,487.39166666666665,59.99766674444444,79.40222222222222,0.0,0.5972000933333248,52.784867661969855,0.0,137.87333378888886,49.97396461124242,68.90077103599945,0.12,0.08,0,,41.93611111111111,0.0,79.40222222222222,20.968055555555555,4440.102777777783,33555.13261816675,2220.0513888888913
2023-03-19 12:00:00,12,0,6,True,-0.042777777777777776,42.50833333333333,-0.6958333333333333,37.63055555555555,485.14166666666665,60.00888847222222,9.721666666666668,11.040277777777778,42.50833333333333,37.63055555555555,-0.042777777777777776,0.0,80.13888888888889,80.09611111111111,485.14166666666665,60.00888847222222,80.09611111111111,0.0,0.5893338333333389,53.04332755632583,0.0,137.87333378888886,49.975250309452676,68.9025436709844,0.12,0.08,0,,42.50833333333333,0.0,80.09611111111111,21.254166666666666,4482.611111111116,33555.13261816675,2241.305555555558
2023-03-19 13:00:00,13,0,6,True,-0.03861111111111111,40.08888888888889,-0.6527777777777778,37.75555555555555,483.27222222222224,59.99394442222222,10.528333333333332,11.378055555555557,40.08888888888889,37.75555555555555,-0.03861111111111111,0.0,77.84444444444443,77.80583333333333,483.27222222222224,59.99394442222222,77.80583333333333,0.0,0.5927333066666648,51.49871538681131,0.0,137.87333378888886,49.97766099359689,68.90586736158114,0.12,0.08,0,,40.08888888888889,0.0,77.80583333333333,20.044444444444444,4522.700000000004,33555.13261816675,2261.350000000002
2023-03-19 14:00:00,14,0,6,True,-0.042222222222222223,34.59444444444444,-0.6852777777777779,37.75555555555555,484.56111111111113,60.00583305277778,11.345833333333333,11.915555555555557,34.59444444444444,37.75555555555555,-0.042222222222222223,0.0,72.35,72.30777777777777,484.56111111111113,60.00583305277778,72.30777777777777,0.0,0.5930003366666625,47.81540351685479,0.0,137.87333378888886,49.975571734005236,68.90298682973064,0.12,0.08,0,,34.59444444444444,0.0,72.30777777777777,17.29722222222222,4557.294444444449,33555.13261816675,2278.6472222222246
2023-03-19 15:00:00,15,0,6,True,-0.04666666666666666,27.033333333333335,-0.6733333333333333,37.611111111111114,484.3333333333333,59.98652849166667,11.878888888888888,12.519444444444444,27.033333333333335,37.611111111111114,-0.04666666666666666,0.0,64.64444444444445,64.59777777777778,484.3333333333333,59.98652849166667,64.59777777777778,0.0,0.5838341900000017,41.818494327947754,0.0,137.87333378888886,49.973000337584736,68.89944155976076,0.12,0.08,0,,27.033333333333335,0.0,64.59777777777778,13.516666666666667,4584.327777777783,33555.13261816675,2292.1638888888915
2023-03-19 16:00:00,16,0,6,True,-0.053888888888888896,16.025,-0.6852777777777778,37.730555555555554,484.40277777777777,59.982195016666665,12.464444444444444,12.87416666666667,16.025,37.730555555555554,-0.053888888888888896,0.0,53.75555555555555,53.70166666666666,484.40277777777777,59.982195016666665,53.70166666666666,0.0,0.5786340199999983,29.810872261264986,0.0,137.87333378888886,49.968821818401416,68.8936804960597,0.12,0.08,0,,16.025,0.0,53.70166666666666,8.0125,4600.352777777783,33555.13261816675,2300.1763888888913
2023-03-19 17:00:00,17,0,6,True,-0.058333333333333334,4.0,-0.7127777777777778,37.68888888888889,485.5444444444444,59.987500441666675,12.503611111111109,12.80361111111111,4.0,37.68888888888889,-0.058333333333333334,0.0,41.68888888888889,41.63055555555556,485.5444444444444,59.987500441666675,41.63055555555556,0.0,0.5850005300000106,9.594882729211088,0.0,137.87333378888886,49.96625042198092,68.89013522608984,0.12,0.08,0,,4.0,0.0,41.63055555555556,2.0,4604.352777777783,33555.13261816675,2302.1763888888913
2023-03-19 18:00:00,18,0,6,True,-0.0661111111111111,-0.11666666666666667,-0.7333333333333333,37.65,484.0388888888889,59.99394493055556,12.466666666666667,12.747777777777777,0.0,37.65,-0.0661111111111111,0.0,37.65,37.583888888888886,484.0388888888889,59.99394493055556,37.583888888888886,0.0,0.5927339166666684,0.0,0.0,137.87333378888886,49.961750478245044,68.88393100364256,0.18,0.096,0,,0.0,0.0,37.583888888888886,0.0,4604.352777777783,33555.13261816675,2302.1763888888913
2023-03-19 19:00:00,19,0,6,True,-0.0675,0.0,-0.7016666666666668,37.65,482.0416666666667,59.97838931944445,12.27611111111111,12.6,0.0,37.65,-0.0675,0.0,37.65,37.582499999999996,482.0416666666667,59.97838931944445,37.582499999999996,0.0,0.5740671833333436,0.0,0.0,137.87333378888886,49.960946916863634,68.88282310677698,0.18,0.096,0,,0.0,0.0,37.582499999999996,0.0,4604.352777777783,33555.13261816675,2302.1763888888913
2023-03-19 20:00:00,20,0,6,True,-0.06694444444444445,0.0,-0.7219444444444444,37.952777777777776,483.65555555555557,59.99969457777778,11.974444444444446,12.373333333333333,0.0,37.952777777777776,-0.06694444444444445,0.0,37.952777777777776,37.88583333333333,483.65555555555557,59.99969457777778,37.88583333333333,0.0,0.5996334933333373,0.0,0.0,137.87333378888886,49.96126834141619,68.8832662655232,0.18,0.096,0,,0.0,0.0,37.88583333333333,0.0,4604.352777777783,33555.13261816675,2302.1763888888913
2023-03-19 21:00:00,21,0,6,True,-0.053333333333333344,0.0,-0.6927777777777778,37.861111111111114,483.85555555555555,60.00763850277778,11.572500000000002,12.130277777777776,0.0,37.861111111111114,-0.053333333333333344,0.0,37.861111111111114,37.80777777777778,483.85555555555555,60.00763850277778,37.80777777777778,0.0,0.5908337966666636,0.0,0.0,137.87333378888886,49.96914324295398,68.89412365480595,0.18,0.096,0,,0.0,0.0,37.80777777777778,0.0,4604.352777777783,33555.13261816675,2302.1763888888913
2023-03-19 22:00:00,22,0,6,True,-0.05638888888888889,0.0,-0.7138888888888889,37.84444444444444,483.7583333333333,60.01138831111111,11.276388888888889,11.841666666666667,0.0,37.84444444444444,-0.05638888888888889,0.0,37.84444444444444,37.78805555555555,483.7583333333333,60.01138831111111,37.78805555555555,0.0,0.5863340266666653,0.0,0.0,137.87333378888886,49.967375407914886,68.89168628170165,0.18,0.096,0,,0.0,0.0,37.78805555555555,0.0,4604.352777777783,33555.13261816675,2302.1763888888913
2023-03-19 23:00:00,23,0,6,True,-0.059722222222222225,0.0,-0.7141666666666667,37.82222222222222,483.26666666666665,60.013471775,10.895,11.545833333333333,0.0,37.82222222222222,-0.059722222222222225,0.0,37.82222222222222,37.7625,483.26666666666665,60.013471775,37.7625,0.0,0.5838338700000009,0.0,0.0,137.87333378888886,49.96544686059951,68.88902732922426,0.12,0.08,0,,0.0,0.0,37.7625,0.0,4604.352777777783,33555.13261816675,2302.1763888888913
2023-03-20 00:00:00,0,0,0,False,-0.043055555555555555,0.0,-0.6772222222222223,37.916666666666664,481.1277777777778,60.000860941666666,10.506388888888889,11.320555555555556,0.0,37.916666666666664,-0.043055555555555555,0.0,37.916666666666664,37.87361111111111,481.1277777777778,60.000860941666666,37.87361111111111,0.0,0.5989668700000009,0.0,0.0,137.87333378888886,49.97508959717639,68.90232209161128,0.12,0.08,0,,0.0,0.0,37.87361111111111,0.0,4604.352777777783,33555.13261816675,2302.1763888888913
2023-03-20 01:00:00,1,0,0,False,-0.04944444444444444,0.0,-0.6816666666666668,37.897222222222226,481.15,60.00972151388889,10.130833333333335,11.120555555555557,0.0,37.897222222222226,-0.04944444444444444,0.0,37.897222222222226,37.84777777777778,481.15,60.00972151388889,37.84777777777778,0.0,0.5883341833333304,0.0,0.0,137.87333378888886,49.97139321482192,68.89722576602959,0.12,0.08,0,,0.0,0.0,37.84777777777778,0.0,4604.352777777783,33555.13261816675,2302.1763888888913
2023-03-20 02:00:00,2,0,0,False,-0.029444444444444443,0.0,-0.635,37.644444444444446,481.93055555555554,60.01308291666666,9.678888888888888,10.829444444444446,0.0,37.644444444444446,-0.029444444444444443,0.0,37.644444444444446,37.615,481.93055555555554,60.01308291666666,37.615,0.0,0.5843005000000062,0.0,0.0,137.87333378888886,49.982964498714175,68.91317948089402,0.12,0.08,0,,0.0,0.0,37.615,0.0,4604.352777777783,33555.13261816675,2302.1763888888913
2023-03-20 03:00:00,3,0,0,False,-0.028333333333333332,0.0,-0.6419444444444444,37.87222222222222,482.43611111111113,59.997666797222216,9.204722222222221,10.544722222222221,0.0,37.87222222222222,-0.028333333333333332,0.0,37.87222222222222,37.843888888888884,482.43611111111113,59.997666797222216,37.843888888888884,0.0,0.5972001566666592,0.0,0.0,137.87333378888886,49.9836073478193,68.91406579838649,0.12,0.08,0,,0.0,0.0,37.843888888888884,0.0,4604.352777777783,33555.13261816675,2302.1763888888913
2023-03-20 04:00:00,4,0,0,False,-0.04138888888888889,0.0,-0.6644444444444444,37.03888888888889,481.03055555555557,59.99616675833333,8.971666666666668,10.522499999999999,0.0,37.03888888888889,-0.04138888888888889,0.0,37.03888888888889,36.9975,481.03055555555557,59.99616675833333,36.9975,0.0,0.595400109999997,0.0,0.0,137.87333378888886,49.97605387083408,68.90365156784998,0.12,0.08,0,,0.0,0.0,36.9975,0.0,4604.352777777783,33555.13261816675,2302.1763888888913
2023-03-20 05:00:00,5,0,0,False,-0.02638888888888889,0.0,-0.6327777777777779,37.15833333333333,479.21666666666664,59.98861144722222,9.070277777777777,10.916111111111112,0.0,37.15833333333333,-0.02638888888888889,0.0,37.15833333333333,37.13194444444444,479.21666666666664,59.98861144722222,37.13194444444444,0.0,0.5863337366666627,0.0,0.0,137.87333378888886,49.98473233375327,68.9156168539983,0.12,0.08,0,,0.0,0.0,37.13194444444444,0.0,4604.352777777783,33555.13261816675,2302.1763888888913
2023-03-20 06:00:00,6,0,0,False,-0.0325,0.9333333333333333,-0.6305555555555555,37.708333333333336,480.02222222222224,59.98800065277778,9.0675,11.223333333333333,0.9333333333333333,37.708333333333336,-0.0325,0.0,38.641666666666666,38.60916666666667,480.02222222222224,59.98800065277778,38.60916666666667,0.0,0.5856007833333337,2.4153547552296746,0.0,137.87333378888886,49.981196663675085,68.91074210778973,0.18,0.096,0,,0.9333333333333333,0.0,38.60916666666667,0.4666666666666667,4605.286111111116,33555.13261816675,2302.643055555558
2023-03-20 07:00:00,7,0,0,False,-0.04416666666666666,10.686111111111112,-0.7,37.7,483.28055555555557,60.01052741666667,8.662777777777778,11.006666666666668,10.686111111111112,37.7,-0.04416666666666666,0.0,48.38611111111111,48.341944444444444,483.28055555555557,60.01052741666667,48.341944444444444,0.0,0.5873670999999973,22.085079510878927,0.0,137.87333378888886,49.974446748071266,68.90143577411881,0.18,0.096,0,,10.686111111111112,0.0,48.341944444444444,5.343055555555556,4615.972222222227,33555.13261816675,2307.9861111111136
2023-03-20 08:00:00,8,0,0,False,-0.04861111111111111,23.372222222222224,-0.7100000000000001,37.93888888888889,486.56666666666666,60.000611283333335,8.411944444444446,10.815,23.372222222222224,37.93888888888889,-0.04861111111111111,0.0,61.31111111111112,61.2625,486.56666666666666,60.000611283333335,61.2625,0.0,0.5992664599999983,38.12069590431316,0.0,137.87333378888886,49.971875351650766,68.89789050414895,0.18,0.096,0,,23.372222222222224,0.0,61.2625,11.686111111111112,4639.344444444449,33555.13261816675,2319.6722222222247
2023-03-20 09:00:00,9,0,0,False,-0.06583333333333334,32.894444444444446,-0.7383333333333334,37.75,483.52777777777777,60.000194641666674,8.57388888888889,10.799444444444443,32.894444444444446,37.75,-0.06583333333333334,0.0,70.64444444444445,70.57861111111112,483.52777777777777,60.000194641666674,70.57861111111112,0.0,0.5997664299999911,46.56338471217364,0.0,137.87333378888886,49.96191119052132,68.88415258301568,0.18,0.096,0,,32.894444444444446,0.0,70.57861111111112,16.447222222222223,4672.238888888894,33555.13261816675,2336.119444444447
2023-03-20 10:00:00,10,0,0,False,-0.04138888888888889,38.81111111111111,-0.6711111111111112,37.833333333333336,480.9972222222222,59.9877225,9.174722222222222,11.124444444444444,38.81111111111111,37.833333333333336,-0.04138888888888889,0.0,76.64444444444445,76.60305555555556,480.9972222222222,59.9877225,76.60305555555556,0.0,0.5852669999999961,50.63786604812989,0.0,137.87333378888886,49.97605387083408,68.90365156784998,0.18,0.096,0,,38.81111111111111,0.0,76.60305555555556,19.405555555555555,4711.050000000005,33555.13261816675,2355.5250000000024
2023-03-20 11:00:00,11,0,0,False,-0.037777777777777785,41.93888888888889,-0.6725000000000001,37.919444444444444,481.59722222222223,59.99244492777779,9.8675,11.525277777777779,41.93888888888889,37.919444444444444,-0.037777777777777785,0.0,79.85833333333333,79.82055555555556,481.59722222222223,59.99244492777779,79.82055555555556,0.0,0.5909339133333474,52.51660927336603,0.0,137.87333378888886,49.978143130425735,68.9065320997005,0.12,0.08,0,,41.93888888888889,0.0,79.82055555555556,20.969444444444445,4752.988888888894,33555.13261816675,2376.494444444447
2023-03-20 12:00:00,12,0,0,False,-0.03861111111111112,42.65833333333333,-0.6644444444444445,37.77777777777778,481.46944444444443,60.00397225,10.641388888888889,11.980833333333331,42.65833333333333,37.77777777777778,-0.03861111111111112,0.0,80.4361111111111,80.3975,481.46944444444443,60.00397225,80.3975,0.0,0.5952333000000039,53.033808750906516,0.0,137.87333378888886,49.97766099359689,68.90586736158114,0.12,0.08,0,,42.65833333333333,0.0,80.3975,21.329166666666666,4795.647222222227,33555.13261816675,2397.8236111111137
2023-03-20 13:00:00,13,0,0,False,-0.03194444444444444,40.44166666666667,-0.6475000000000001,37.88333333333333,483.875,59.997694602777784,11.538611111111113,12.36138888888889,40.44166666666667,37.88333333333333,-0.03194444444444444,0.0,78.325,78.29305555555555,483.875,59.997694602777784,78.29305555555555,0.0,0.597233523333341,51.63315246302799,0.0,137.87333378888886,49.981518088227645,68.91118526653597,0.12,0.08,0,,40.44166666666667,0.0,78.29305555555555,20.220833333333335,4836.088888888894,33555.13261816675,2418.044444444447
2023-03-20 14:00:00,14,0,0,False,-0.04833333333333333,33.31666666666667,-0.6847222222222222,37.86944444444445,482.64166666666665,60.00399985,12.416944444444445,12.934722222222222,33.31666666666667,37.86944444444445,-0.04833333333333333,0.0,71.18611111111112,71.13777777777779,482.64166666666665,60.00399985,71.13777777777779,0.0,0.5952001800000005,46.802200803839696,0.0,137.87333378888886,49.97203606392705,68.89811208352207,0.12,0.08,0,,33.31666666666667,0.0,71.13777777777779,16.658333333333335,4869.405555555561,33555.13261816675,2434.7027777777803
2023-03-20 15:00:00,15,0,0,False,-0.05805555555555556,26.96388888888889,-0.7180555555555556,37.705555555555556,483.30555555555554,60.008999844444446,13.036944444444446,13.568888888888889,26.96388888888889,37.705555555555556,-0.05805555555555556,0.0,64.66944444444445,64.6113888888889,483.30555555555554,60.008999844444446,64.6113888888889,0.0,0.5892001866666646,41.69494437524161,0.0,137.87333378888886,49.9664111342572,68.89035680546296,0.12,0.08,0,,26.96388888888889,0.0,64.6113888888889,13.481944444444444,4896.369444444449,33555.13261816675,2448.1847222222245
2023-03-20 16:00:00,16,0,0,False,-0.06222222222222222,13.11111111111111,-0.7255555555555557,37.69722222222222,484.35,60.01161052777776,13.651388888888889,13.913055555555557,13.11111111111111,37.69722222222222,-0.06222222222222222,0.0,50.80833333333334,50.74611111111111,484.35,60.01161052777776,50.74611111111111,0.0,0.5860673666666855,25.805040730413864,0.0,137.87333378888886,49.96400045011298,68.8870331148662,0.12,0.08,0,,13.11111111111111,0.0,50.74611111111111,6.555555555555555,4909.48055555556,33555.13261816675,2454.74027777778
2023-03-20 17:00:00,17,0,0,False,-0.058333333333333334,2.661111111111111,-0.7069444444444445,37.922222222222224,486.2416666666667,60.00549975277779,13.851666666666668,14.039444444444442,2.661111111111111,37.922222222222224,-0.058333333333333334,0.0,40.583333333333336,40.525000000000006,486.2416666666667,60.00549975277779,40.525000000000006,0.0,0.5934002966666554,6.557152635181382,0.0,137.87333378888886,49.96625042198092,68.89013522608984,0.12,0.08,0,,2.661111111111111,0.0,40.525000000000006,1.3305555555555555,4912.141666666672,33555.13261816675,2456.070833333336
2023-03-20 18:00:00,18,0,0,False,-0.08638888888888889,-0.49166666666666664,-0.7602777777777779,37.955555555555556,484.53333333333336,60.010388733333336,13.990277777777777,14.098055555555554,0.0,37.955555555555556,-0.08638888888888889,0.0,37.955555555555556,37.869166666666665,484.53333333333336,60.010388733333336,37.869166666666665,0.0,0.5875335199999966,0.0,0.0,137.87333378888886,49.9500184820765,68.86775570940502,0.18,0.096,0,,0.0,0.0,37.869166666666665,0.0,4912.141666666672,33555.13261816675,2456.070833333336
2023-03-20 19:00:00,19,0,0,False,-0.06111111111111111,0.0,-0.6969444444444444,37.96944444444444,481.6972222222222,59.988583672222234,14.00083333333333,14.100833333333329,0.0,37.96944444444444,-0.06111111111111111,0.0,37.96944444444444,37.90833333333333,481.6972222222222,59.988583672222234,37.90833333333333,0.0,0.5863004066666804,0.0,0.0,137.87333378888886,49.9646432992181,68.88791943235867,0.18,0.096,0,,0.0,0.0,37.90833333333333,0.0,4912.141666666672,33555.13261816675,2456.070833333336
2023-03-20 20:00:00,20,0,0,False,-0.09027777777777778,0.0,-0.7711111111111112,37.93611111111111,482.5888888888889,60.00027783055555,13.885833333333334,14.059166666666664,0.0,37.93611111111111,-0.09027777777777778,0.0,37.93611111111111,37.84583333333333,482.5888888888889,60.00027783055555,37.84583333333333,0.0,0.599666603333344,0.0,0.0,137.87333378888886,49.94776851020856,68.86465359818138,0.18,0.096,0,,0.0,0.0,37.84583333333333,0.0,4912.141666666672,33555.13261816675,2456.070833333336
2023-03-20 21:00:00,21,0,0,False,-0.08,0.0,-0.7622222222222221,37.96944444444444,483.59722222222223,60.01319370277777,13.796111111111113,13.952500000000002,0.0,37.96944444444444,-0.08,0.0,37.96944444444444,37.88944444444444,483.59722222222223,60.01319370277777,37.88944444444444,0.0,0.5841675566666765,0.0,0.0,137.87333378888886,49.95371486443097,68.8728520349867,0.18,0.096,0,,0.0,0.0,37.88944444444444,0.0,4912.141666666672,33555.13261816675,2456.070833333336
2023-03-20 22:00:00,22,0,0,False,-0.08527777777777779,0.0,-0.7380555555555557,37.93611111111111,481.65833333333336,60.00897187222221,13.6825,13.852222222222226,0.0,37.93611111111111,-0.08527777777777779,0.0,37.93611111111111,37.850833333333334,481.65833333333336,60.00897187222221,37.850833333333334,0.0,0.589233753333346,0.0,0.0,137.87333378888886,49.95066133118163,68.86864202689748,0.18,0.096,0,,0.0,0.0,37.850833333333334,0.0,4912.141666666672,33555.13261816675,2456.070833333336
2023-03-20 23:00:00,23,0,0,False,-0.07166666666666667,0.0,-0.7386111111111112,37.916666666666664,485.30833333333334,60.018166163888885,13.515833333333333,13.75111111111111,0.0,37.916666666666664,-0.07166666666666667,0.0,37.916666666666664,37.845,485.30833333333334,60.018166163888885,37.845,0.0,0.5782006033333374,0.0,0.0,137.87333378888886,49.95853623271941,68.87949941618021,0.12,0.08,0,,0.0,0.0,37.845,0.0,4912.141666666672,33555.13261816675,2456.070833333336
2023-03-21 00:00:00,0,0,1,False,-0.08638888888888889,0.0,-0.7952777777777779,37.958333333333336,484.84166666666664,60.003083055555564,13.268055555555556,13.569999999999997,0.0,37.958333333333336,-0.08638888888888889,0.0,37.958333333333336,37.871944444444445,484.84166666666664,60.003083055555564,37.871944444444445,0.0,0.5963003333333233,0.0,0.0,137.87333378888886,49.9500184820765,68.86775570940502,0.12,0.08,0,,0.0,0.0,37.871944444444445,0.0,4912.141666666672,33555.13261816675,2456.070833333336
2023-03-21 01:00:00,1,0,1,False,-0.0775,0.0,-0.7494444444444444,38.0,484.93611111111113,59.99083400000001,13.024444444444443,13.394166666666669,0.0,38.0,-0.0775,0.0,38.0,37.9225,484.93611111111113,59.99083400000001,37.9225,0.0,0.589000800000008,0.0,0.0,137.87333378888886,49.95516127491751,68.87484624934477,0.12,0.08,0,,0.0,0.0,37.9225,0.0,4912.141666666672,33555.13261816675,2456.070833333336
2023-03-21 02:00:00,2,0,1,False,-0.07083333333333335,0.0,-0.7544444444444445,38.0,484.90555555555557,60.001194424999994,12.78638888888889,13.180277777777777,0.0,38.0,-0.07083333333333335,0.0,38.0,37.92916666666667,484.90555555555557,60.001194424999994,37.92916666666667,0.0,0.598566690000007,0.0,0.0,137.87333378888886,49.95901836954826,68.88016415429956,0.12,0.08,0,,0.0,0.0,37.92916666666667,0.0,4912.141666666672,33555.13261816675,2456.070833333336
2023-03-21 03:00:00,3,0,1,False,-0.06944444444444445,0.0,-0.7225,38.0,482.2,59.99383383055556,12.5175,13.006944444444445,0.0,38.0,-0.06944444444444445,0.0,38.0,37.93055555555556,482.2,59.99383383055556,37.93055555555556,0.0,0.5926005966666708,0.0,0.0,137.87333378888886,49.959821930929664,68.88127205116515,0.12,0.08,0,,0.0,0.0,37.93055555555556,0.0,4912.141666666672,33555.13261816675,2456.070833333336
2023-03-21 04:00:00,4,0,1,False,-0.06444444444444446,0.0,-0.715,37.99444444444445,485.1638888888889,59.99294485,12.188055555555556,12.82277777777778,0.0,37.99444444444445,-0.06444444444444446,0.0,37.99444444444445,37.93,485.1638888888889,59.99294485,37.93,0.0,0.5915338200000008,0.0,0.0,137.87333378888886,49.96271475190273,68.88526047988127,0.12,0.08,0,,0.0,0.0,37.93,0.0,4912.141666666672,33555.13261816675,2456.070833333336
2023-03-21 05:00:00,5,0,1,False,-0.05416666666666667,0.0,-0.6919444444444445,37.95,484.3277777777778,59.99666683055556,11.81361111111111,12.614999999999998,0.0,37.95,-0.05416666666666667,0.0,37.95,37.895833333333336,484.3277777777778,59.99666683055556,37.895833333333336,0.0,0.5960001966666738,0.0,0.0,137.87333378888886,49.96866110612514,68.8934589166866,0.12,0.08,0,,0.0,0.0,37.895833333333336,0.0,4912.141666666672,33555.13261816675,2456.070833333336
2023-03-21 06:00:00,6,0,1,False,-0.059722222222222225,1.225,-0.7030555555555555,37.84444444444444,484.5777777777778,59.988361516666664,11.39777777777778,12.375,1.225,37.84444444444444,-0.059722222222222225,0.0,39.06944444444444,39.00972222222222,484.5777777777778,59.988361516666664,39.00972222222222,0.0,0.5860338199999973,3.1354425879843584,0.0,137.87333378888886,49.96544686059951,68.88902732922426,0.18,0.096,0,,1.225,0.0,39.00972222222222,0.6125,4913.366666666672,33555.13261816675,2456.683333333336
2023-03-21 07:00:00,7,0,1,False,-0.04694444444444445,11.205555555555556,-0.6975,37.975,485.40277777777777,60.00958310833333,11.053888888888888,12.193055555555556,11.205555555555556,37.975,-0.04694444444444445,0.0,49.18055555555556,49.133611111111115,485.40277777777777,60.00958310833333,49.133611111111115,0.0,0.5885002700000029,22.784524145721548,0.0,137.87333378888886,49.97283962530845,68.89921998038764,0.18,0.096,0,,11.205555555555556,0.0,49.133611111111115,5.602777777777778,4924.5722222222275,33555.13261816675,2462.2861111111138
2023-03-21 08:00:00,8,0,1,False,-0.05555555555555555,23.041666666666668,-0.7130555555555556,37.78333333333333,485.8611111111111,60.01794369444443,10.896944444444447,12.168888888888887,23.041666666666668,37.78333333333333,-0.05555555555555555,0.0,60.825,60.769444444444446,485.8611111111111,60.01794369444443,60.769444444444446,0.0,0.57846756666668,37.881901630360325,0.0,137.87333378888886,49.96785754474373,68.892351019821,0.18,0.096,0,,23.041666666666668,0.0,60.769444444444446,11.520833333333334,4947.6138888888945,33555.13261816675,2473.8069444444473
2023-03-21 09:00:00,9,0,1,False,-0.05888888888888889,32.06666666666667,-0.6941666666666667,37.919444444444444,486.0138888888889,60.00944371111111,11.169444444444444,12.225277777777778,32.06666666666667,37.919444444444444,-0.05888888888888889,0.0,69.98611111111111,69.92722222222223,486.0138888888889,60.00944371111111,69.92722222222223,0.0,0.5886675466666673,45.81861480452471,0.0,137.87333378888886,49.96592899742836,68.8896920673436,0.18,0.096,0,,32.06666666666667,0.0,69.92722222222223,16.033333333333335,4979.680555555561,33555.13261816675,2489.8402777777806
2023-03-21 10:00:00,10,0,1,False,-0.05305555555555555,38.03888888888889,-0.6983333333333334,37.90555555555556,484.81944444444446,60.005665961111106,11.902222222222223,12.708888888888891,38.03888888888889,37.90555555555556,-0.05305555555555555,0.0,75.94444444444446,75.8913888888889,484.81944444444446,60.005665961111106,75.8913888888889,0.0,0.5932008466666729,50.087783467446954,0.0,137.87333378888886,49.96930395523027,68.89434523417907,0.18,0.096,0,,38.03888888888889,0.0,75.8913888888889,19.019444444444446,5017.71944444445,33555.13261816675,2508.859722222225
2023-03-21 11:00:00,11,0,1,False,-0.061388888888888896,40.66111111111111,-0.7422222222222222,37.644444444444446,483.9972222222222,59.99763882222222,12.740555555555554,13.2375,40.66111111111111,37.644444444444446,-0.061388888888888896,0.0,78.30555555555556,78.24416666666667,483.9972222222222,59.99763882222222,78.24416666666667,0.0,0.5971665866666654,51.926214969847464,0.0,137.87333378888886,49.96448258694182,68.88769785298555,0.12,0.08,0,,40.66111111111111,0.0,78.24416666666667,20.330555555555556,5058.380555555562,33555.13261816675,2529.190277777781
2023-03-21 12:00:00,12,0,1,False,-0.05555555555555555,41.35,-0.6827777777777778,37.875,482.2472222222222,60.00680504722222,13.631666666666666,13.896944444444443,41.35,37.875,-0.05555555555555555,0.0,79.225,79.16944444444444,482.2472222222222,60.00680504722222,79.16944444444444,0.0,0.591833943333333,52.193120858314934,0.0,137.87333378888886,49.96785754474373,68.892351019821,0.12,0.08,0,,41.35,0.0,79.16944444444444,20.675,5099.730555555562,33555.13261816675,2549.865277777781
2023-03-21 13:00:00,13,0,1,False,-0.07138888888888889,40.13333333333333,-0.7644444444444446,37.763888888888886,483.11944444444447,60.00383300277778,14.384166666666667,14.34138888888889,40.13333333333333,37.763888888888886,-0.07138888888888889,0.0,77.89722222222221,77.82583333333332,483.11944444444447,60.00383300277778,77.82583333333332,0.0,0.5954003966666619,51.52087865064367,0.0,137.87333378888886,49.958696944995694,68.87972099555334,0.12,0.08,0,,40.13333333333333,0.0,77.82583333333332,20.066666666666666,5139.863888888895,33555.13261816675,2569.9319444444477
2023-03-21 14:00:00,14,0,1,False,-0.06944444444444445,35.25833333333333,-0.7452777777777778,37.575,482.7861111111111,59.992945019444456,15.077777777777778,14.900555555555552,35.25833333333333,37.575,-0.06944444444444445,0.0,72.83333333333334,72.7638888888889,482.7861111111111,59.992945019444456,72.7638888888889,0.0,0.5915340233333467,48.409610983981686,0.0,137.87333378888886,49.959821930929664,68.88127205116515,0.12,0.08,0,,35.25833333333333,0.0,72.7638888888889,17.629166666666666,5175.122222222229,33555.13261816675,2587.5611111111143
2023-03-21 15:00:00,15,0,1,False,-0.09222222222222223,27.336111111111112,-0.7888888888888889,37.43611111111111,482.7888888888889,59.997027949999996,15.580277777777779,15.456944444444444,27.336111111111112,37.43611111111111,-0.09222222222222223,0.0,64.77222222222223,64.68,482.7888888888889,59.997027949999996,64.68,0.0,0.5964335399999953,42.20344798010121,0.0,137.87333378888886,49.94664352427459,68.86310254256955,0.12,0.08,0,,27.336111111111112,0.0,64.68,13.668055555555556,5202.458333333339,33555.13261816675,2601.2291666666697
2023-03-21 16:00:00,16,0,1,False,-0.08083333333333333,14.930555555555555,-0.7352777777777776,37.56944444444444,484.5361111111111,59.99230604166668,16.03972223888889,15.803611111111111,14.930555555555555,37.56944444444444,-0.08083333333333333,0.0,52.5,52.41916666666667,484.5361111111111,59.99230604166668,52.41916666666667,0.0,0.590767250000016,28.439153439153436,0.0,137.87333378888886,49.95323272760213,68.87218729686735,0.12,0.08,0,,14.930555555555555,0.0,52.41916666666667,7.465277777777778,5217.388888888895,33555.13261816675,2608.6944444444475
2023-03-21 17:00:00,17,0,1,False,-0.08805555555555557,3.363888888888889,-0.788611111111111,37.61388888888889,487.2,59.994583536111115,16.156389452777773,15.881388888888893,3.363888888888889,37.61388888888889,-0.08805555555555557,0.0,40.977777777777774,40.88972222222222,487.2,59.994583536111115,40.88972222222222,0.0,0.5935002433333381,8.209056399132322,0.0,137.87333378888886,49.949054208418815,68.86642623316631,0.12,0.08,0,,3.363888888888889,0.0,40.88972222222222,1.6819444444444445,5220.752777777784,33555.13261816675,2610.376388888892
2023-03-21 18:00:00,18,0,1,False,-0.09611111111111113,-0.4361111111111111,-0.7944444444444444,37.797222222222224,485.80833333333334,60.001000258333335,16.19472316944444,15.943888888888893,0.0,37.797222222222224,-0.09611111111111113,0.0,37.797222222222224,37.70111111111111,485.80833333333334,60.001000258333335,37.70111111111111,0.0,0.5987996899999984,0.0,0.0,137.87333378888886,49.94439355240666,68.86000043134591,0.18,0.096,0,,0.0,0.0,37.70111111111111,0.0,5220.752777777784,33555.13261816675,2610.376388888892
2023-03-21 19:00:00,19,0,1,False,-0.09666666666666666,0.0,-0.7769444444444444,37.88333333333333,484.71666666666664,59.983500425,16.176111872222222,15.97638888888889,0.0,37.88333333333333,-0.09666666666666666,0.0,37.88333333333333,37.78666666666667,484.71666666666664,59.983500425,37.78666666666667,0.0,0.5802005100000031,0.0,0.0,137.87333378888886,49.94407212785409,68.85955727259969,0.18,0.096,0,,0.0,0.0,37.78666666666667,0.0,5220.752777777784,33555.13261816675,2610.376388888892
2023-03-21 20:00:00,20,0,1,False,-0.10055555555555556,0.0,-0.8072222222222223,37.919444444444444,485.4638888888889,60.00863846666667,16.093611141666663,15.92777777777778,0.0,37.919444444444444,-0.10055555555555556,0.0,37.919444444444444,37.818888888888885,485.4638888888889,60.00863846666667,37.818888888888885,0.0,0.5896338399999991,0.0,0.0,137.87333378888886,49.94182215598615,68.85645516137603,0.18,0.096,0,,0.0,0.0,37.818888888888885,0.0,5220.752777777784,33555.13261816675,2610.376388888892
2023-03-21 21:00:00,21,0,1,False,-0.09555555555555557,0.0,-0.7805555555555556,37.955555555555556,483.7472222222222,60.008499625,15.920833333333336,15.83416666666667,0.0,37.955555555555556,-0.09555555555555557,0.0,37.955555555555556,37.86,483.7472222222222,60.008499625,37.86,0.0,0.5898004500000013,0.0,0.0,137.87333378888886,49.94471497695922,68.86044359009215,0.18,0.096,0,,0.0,0.0,37.86,0.0,5220.752777777784,33555.13261816675,2610.376388888892
2023-03-21 22:00:00,22,0,1,False,-0.09583333333333334,0.0,-0.7611111111111111,37.980555555555554,482.3833333333333,60.0143604361111,15.759166666666665,15.726666666666668,0.0,37.980555555555554,-0.09583333333333334,0.0,37.980555555555554,37.88472222222222,482.3833333333333,60.0143604361111,37.88472222222222,0.0,0.5827674766666832,0.0,0.0,137.87333378888886,49.944554264682935,68.86022201071903,0.18,0.096,0,,0.0,0.0,37.88472222222222,0.0,5220.752777777784,33555.13261816675,2610.376388888892
2023-03-21 23:00:00,23,0,1,False,-0.09166666666666666,0.0,-0.7719444444444444,37.92777777777778,482.19166666666666,60.01586033611111,15.506388888888889,15.534722222222221,0.0,37.92777777777778,-0.09166666666666666,0.0,37.92777777777778,37.83611111111111,482.19166666666666,60.01586033611111,37.83611111111111,0.0,0.5809675966666674,0.0,0.0,137.87333378888886,49.94696494882716,68.86354570131579,0.12,0.08,0,,0.0,0.0,37.83611111111111,0.0,5220.752777777784,33555.13261816675,2610.376388888892
2023-03-22 00:00:00,0,0,2,False,-0.07305555555555555,0.0,-0.75,37.891666666666666,483.5388888888889,60.007333069444435,15.292222222222223,15.353888888888891,0.0,37.891666666666666,-0.07305555555555555,0.0,37.891666666666666,37.81861111111111,483.5388888888889,60.007333069444435,37.81861111111111,0.0,0.5912003166666778,0.0,0.0,137.87333378888886,49.95773267133801,68.87839151931463,0.12,0.08,0,,0.0,0.0,37.81861111111111,0.0,5220.752777777784,33555.13261816675,2610.376388888892
2023-03-22 01:00:00,1,0,2,False,-0.08416666666666667,0.0,-0.7780555555555556,37.91111111111111,483.2138888888889,60.000027841666665,14.991666666666667,15.148333333333332,0.0,37.91111111111111,-0.08416666666666667,0.0,37.91111111111111,37.82694444444444,483.2138888888889,60.000027841666665,37.82694444444444,0.0,0.5999665900000025,0.0,0.0,137.87333378888886,49.951304180286755,68.86952834438995,0.12,0.08,0,,0.0,0.0,37.82694444444444,0.0,5220.752777777784,33555.13261816675,2610.376388888892
2023-03-22 02:00:00,2,0,2,False,-0.08416666666666667,0.0,-0.796388888888889,37.897222222222226,484.7111111111111,59.99900015833334,14.652777777777779,14.930000000000003,0.0,37.897222222222226,-0.08416666666666667,0.0,37.897222222222226,37.81305555555556,484.7111111111111,59.99900015833334,37.81305555555556,0.0,0.5988001900000057,0.0,0.0,137.87333378888886,49.951304180286755,68.86952834438995,0.12,0.08,0,,0.0,0.0,37.81305555555556,0.0,5220.752777777784,33555.13261816675,2610.376388888892
2023-03-22 03:00:00,3,0,2,False,-0.07805555555555554,0.0,-0.7436111111111111,37.95,484.89166666666665,59.98919509444444,14.283055555555555,14.756111111111109,0.0,37.95,-0.07805555555555554,0.0,37.95,37.871944444444445,484.89166666666665,59.98919509444444,37.871944444444445,0.0,0.5870341133333283,0.0,0.0,137.87333378888886,49.95483985036494,68.87440309059852,0.12,0.08,0,,0.0,0.0,37.871944444444445,0.0,5220.752777777784,33555.13261816675,2610.376388888892
2023-03-22 04:00:00,4,0,2,False,-0.085,0.0,-0.7580555555555555,38.0,483.2861111111111,59.99444447499999,13.899444444444443,14.526944444444444,0.0,38.0,-0.085,0.0,38.0,37.915,483.2861111111111,59.99444447499999,37.915,0.0,0.5933333699999849,0.0,0.0,137.87333378888886,49.95082204345791,68.8688636062706,0.12,0.08,0,,0.0,0.0,37.915,0.0,5220.752777777784,33555.13261816675,2610.376388888892
2023-03-22 05:00:00,5,0,2,False,-0.06944444444444445,0.0,-0.7072222222222223,37.980555555555554,482.025,59.99738909999999,13.51388888888889,14.292222222222223,0.0,37.980555555555554,-0.06944444444444445,0.0,37.980555555555554,37.91111111111111,482.025,59.99738909999999,37.91111111111111,0.0,0.5968669199999909,0.0,0.0,137.87333378888886,49.959821930929664,68.88127205116515,0.12,0.08,0,,0.0,0.0,37.91111111111111,0.0,5220.752777777784,33555.13261816675,2610.376388888892
2023-03-22 06:00:00,6,0,2,False,-0.07250000000000001,1.0222222222222221,-0.7422222222222222,37.99722222222222,482.8,59.987472777777775,13.106388888888889,14.056111111111111,1.0222222222222221,37.99722222222222,-0.07250000000000001,0.0,39.019444444444446,38.94694444444445,482.8,59.987472777777775,38.94694444444445,0.0,0.58496733333333,2.619776464725564,0.0,137.87333378888886,49.95805409589057,68.87883467806087,0.18,0.096,0,,1.0222222222222221,0.0,38.94694444444445,0.5111111111111111,5221.775000000006,33555.13261816675,2610.887500000003
2023-03-22 07:00:00,7,0,2,False,-0.06333333333333334,10.344444444444445,-0.7116666666666667,37.99444444444445,481.8861111111111,60.00280531944445,12.735277777777778,13.84027777777778,10.344444444444445,37.99444444444445,-0.06333333333333334,0.0,48.33888888888889,48.275555555555556,481.8861111111111,60.00280531944445,48.275555555555556,0.0,0.5966336166666621,21.399839098954143,0.0,137.87333378888886,49.96335760100786,68.88614679737374,0.18,0.096,0,,10.344444444444445,0.0,48.275555555555556,5.1722222222222225,5232.119444444451,33555.13261816675,2616.0597222222254
2023-03-22 08:00:00,8,0,2,False,-0.05444444444444445,21.130555555555556,-0.7061111111111111,37.958333333333336,481.15555555555557,59.9931949888889,12.523055555555553,13.734166666666665,21.130555555555556,37.958333333333336,-0.05444444444444445,0.0,59.08888888888889,59.034444444444446,481.15555555555557,59.9931949888889,59.034444444444446,0.0,0.5918339866666826,35.76062429484769,0.0,137.87333378888886,49.968500393848856,68.89323733731348,0.18,0.096,0,,21.130555555555556,0.0,59.034444444444446,10.565277777777778,5253.250000000006,33555.13261816675,2626.625000000003
2023-03-22 09:00:00,9,0,2,False,-0.05472222222222223,31.761111111111113,-0.6916666666666667,37.94166666666667,482.4916666666667,59.987250711111116,12.582777777777777,13.695277777777775,31.761111111111113,37.94166666666667,-0.05472222222222223,0.0,69.70277777777778,69.64805555555556,482.4916666666667,59.987250711111116,69.64805555555556,0.0,0.5847008533333394,45.56649264735185,0.0,137.87333378888886,49.96833968157257,68.89301575794036,0.18,0.096,0,,31.761111111111113,0.0,69.64805555555556,15.880555555555556,5285.011111111117,33555.13261816675,2642.5055555555587
2023-03-22 10:00:00,10,0,2,False,-0.05694444444444444,37.61388888888889,-0.6788888888888889,37.96944444444444,481.2472222222222,59.991833902777785,13.071111111111112,14.00861111111111,37.61388888888889,37.96944444444444,-0.05694444444444444,0.0,75.58333333333333,75.52638888888889,481.2472222222222,59.991833902777785,75.52638888888889,0.0,0.5902006833333416,49.76479235575157,0.0,137.87333378888886,49.96705398336233,68.89124312295543,0.18,0.096,0,,37.61388888888889,0.0,75.52638888888889,18.806944444444444,5322.625000000006,33555.13261816675,2661.312500000003
2023-03-22 11:00:00,11,0,2,False,-0.060000000000000005,34.19722222222222,-0.6983333333333335,37.96666666666667,481.69166666666666,59.98105609722222,13.685833333333335,14.396111111111113,34.19722222222222,37.96666666666667,-0.060000000000000005,0.0,72.16388888888889,72.10388888888889,481.69166666666666,59.98105609722222,72.10388888888889,0.0,0.5772673166666663,47.38827514530967,0.0,137.87333378888886,49.96528614832323,68.88880574985113,0.12,0.08,0,,34.19722222222222,0.0,72.10388888888889,17.09861111111111,5356.822222222228,33555.13261816675,2678.411111111114
2023-03-22 12:00:00,12,0,2,False,-0.061388888888888896,36.69166666666667,-0.6972222222222222,37.925,481.9916666666667,59.993444541666655,14.209166666666665,14.684166666666668,36.69166666666667,37.925,-0.061388888888888896,0.0,74.61666666666667,74.55527777777779,481.9916666666667,59.993444541666655,74.55527777777779,0.0,0.5921334499999859,49.17355371900826,0.0,137.87333378888886,49.96448258694182,68.88769785298555,0.12,0.08,0,,36.69166666666667,0.0,74.55527777777779,18.345833333333335,5393.513888888895,33555.13261816675,2696.7569444444475
2023-03-22 13:00:00,13,0,2,False,-0.07111111111111111,37.69166666666667,-0.7238888888888889,37.88611111111111,482.35,60.006499686111106,14.875555555555556,15.046111111111113,37.69166666666667,37.88611111111111,-0.07111111111111111,0.0,75.57777777777778,75.50666666666667,482.35,60.006499686111106,75.50666666666667,0.0,0.5922003766666734,49.87136136430462,0.0,137.87333378888886,49.95885765727198,68.87994257492645,0.12,0.08,0,,37.69166666666667,0.0,75.50666666666667,18.845833333333335,5431.205555555562,33555.13261816675,2715.602777777781
2023-03-22 14:00:00,14,0,2,False,-0.07555555555555556,23.844444444444445,-0.7438888888888889,37.88611111111111,484.2361111111111,60.00938841111111,15.43527777777778,15.448055555555555,23.844444444444445,37.88611111111111,-0.07555555555555556,0.0,61.730555555555554,61.655,484.2361111111111,60.00938841111111,61.655,0.0,0.5887339066666669,38.626648067317646,0.0,137.87333378888886,49.95628626085148,68.87639730495658,0.12,0.08,0,,23.844444444444445,0.0,61.655,11.922222222222222,5455.050000000007,33555.13261816675,2727.5250000000033
2023-03-22 15:00:00,15,0,2,False,-0.09305555555555556,14.786111111111111,-0.7852777777777777,37.858333333333334,484.99444444444447,59.99491723888889,15.73111111111111,15.731666666666666,14.786111111111111,37.858333333333334,-0.09305555555555556,0.0,52.644444444444446,52.55138888888889,484.99444444444447,59.99491723888889,52.55138888888889,0.0,0.593900686666666,28.086745462220346,0.0,137.87333378888886,49.94616138744575,68.8624378044502,0.12,0.08,0,,14.786111111111111,0.0,52.55138888888889,7.393055555555556,5469.836111111118,33555.13261816675,2734.918055555559
2023-03-22 16:00:00,16,0,2,False,-0.08222222222222222,6.058333333333334,-0.7705555555555554,37.78333333333333,487.4222222222222,59.98691719722223,15.900833333333336,15.813888888888892,6.058333333333334,37.78333333333333,-0.08222222222222222,0.0,43.84166666666667,43.75944444444445,487.4222222222222,59.98691719722223,43.75944444444445,0.0,0.5843006366666799,13.818665652917698,0.0,137.87333378888886,49.952429166220725,68.87107940000178,0.12,0.08,0,,6.058333333333334,0.0,43.75944444444445,3.029166666666667,5475.894444444451,33555.13261816675,2737.9472222222257
2023-03-22 17:00:00,17,0,2,False,-0.09694444444444446,2.4277777777777776,-0.8083333333333333,37.858333333333334,487.31944444444446,59.98691727777778,16.02638888888889,15.877500000000005,2.4277777777777776,37.858333333333334,-0.09694444444444446,0.0,40.28611111111111,40.189166666666665,487.31944444444446,59.98691727777778,40.189166666666665,0.0,0.5843007333333332,6.026339378059712,0.0,137.87333378888886,49.94391141557781,68.85933569322656,0.12,0.08,0,,2.4277777777777776,0.0,40.189166666666665,1.2138888888888888,5478.322222222229,33555.13261816675,2739.1611111111147
2023-03-22 18:00:00,18,0,2,False,-0.09222222222222223,-0.30277777777777776,-0.7844444444444444,37.96666666666667,485.6111111111111,60.00313870555556,16.07472222222222,15.890277777777781,0.0,37.96666666666667,-0.09222222222222223,0.0,37.96666666666667,37.87444444444445,485.6111111111111,60.00313870555556,37.87444444444445,0.0,0.5962335533333316,0.0,0.0,137.87333378888886,49.94664352427459,68.86310254256955,0.18,0.096,0,,0.0,0.0,37.87444444444445,0.0,5478.322222222229,33555.13261816675,2739.1611111111147
2023-03-22 19:00:00,19,0,2,False,-0.09305555555555556,0.0,-0.7713888888888889,37.95,484.55833333333334,59.99005595555556,16.025277777777777,15.884444444444448,0.0,37.95,-0.09305555555555556,0.0,37.95,37.856944444444444,484.55833333333334,59.99005595555556,37.856944444444444,0.0,0.588067146666674,0.0,0.0,137.87333378888886,49.94616138744575,68.8624378044502,0.18,0.096,0,,0.0,0.0,37.856944444444444,0.0,5478.322222222229,33555.13261816675,2739.1611111111147
2023-03-22 20:00:00,20,0,2,False,-0.09555555555555557,0.0,-0.7697222222222223,37.980555555555554,486.18055555555554,60.013610577777776,15.984722222222224,15.838611111111115,0.0,37.980555555555554,-0.09555555555555557,0.0,37.980555555555554,37.885,486.18055555555554,60.013610577777776,37.885,0.0,0.5836673066666691,0.0,0.0,137.87333378888886,49.94471497695922,68.86044359009215,0.18,0.096,0,,0.0,0.0,37.885,0.0,5478.322222222229,33555.13261816675,2739.1611111111147
2023-03-22 21:00:00,21,0,2,False,-0.09055555555555554,0.0,-0.7638888888888888,37.99444444444445,482.68611111111113,60.02244406666666,15.856944444444448,15.79861111111111,0.0,37.99444444444445,-0.09055555555555554,0.0,37.99444444444445,37.90388888888889,482.68611111111113,60.02244406666666,37.90388888888889,0.0,0.5730671200000103,0.0,0.0,137.87333378888886,49.947607797932285,68.86443201880826,0.18,0.096,0,,0.0,0.0,37.90388888888889,0.0,5478.322222222229,33555.13261816675,2739.1611111111147
2023-03-22 22:00:00,22,0,2,False,-0.08777777777777777,0.0,-0.7658333333333335,37.99722222222222,483.46666666666664,60.026221863888885,15.773333333333332,15.731944444444444,0.0,37.99722222222222,-0.08777777777777777,0.0,37.99722222222222,37.90944444444444,483.46666666666664,60.026221863888885,37.90944444444444,0.0,0.5685337633333375,0.0,0.0,137.87333378888886,49.9492149206951,68.86664781253943,0.18,0.096,0,,0.0,0.0,37.90944444444444,0.0,5478.322222222229,33555.13261816675,2739.1611111111147
2023-03-22 23:00:00,23,0,2,False,-0.07166666666666667,0.0,-0.7327777777777779,37.99444444444445,482.00555555555553,60.026916422222214,15.55638888888889,15.593611111111109,0.0,37.99444444444445,-0.07166666666666667,0.0,37.99444444444445,37.92277777777778,482.00555555555553,60.026916422222214,37.92277777777778,0.0,0.5677002933333426,0.0,0.0,137.87333378888886,49.95853623271941,68.87949941618021,0.12,0.08,0,,0.0,0.0,37.92277777777778,0.0,5478.322222222229,33555.13261816675,2739.1611111111147
2023-03-23 00:00:00,0,0,3,False,-0.07166666666666666,0.0,-0.7372222222222221,37.94166666666667,483.675,60.02416649999999,15.376666666666667,15.43666666666667,0.0,37.94166666666667,-0.07166666666666666,0.0,37.94166666666667,37.870000000000005,483.675,60.02416649999999,37.870000000000005,0.0,0.5710002000000088,0.0,0.0,137.87333378888886,49.95853623271941,68.87949941618021,0.12,0.08,0,,0.0,0.0,37.870000000000005,0.0,5478.322222222229,33555.13261816675,2739.1611111111147
2023-03-23 01:00:00,1,0,3,False,-0.07888888888888888,0.0,-0.7294444444444446,37.71388888888889,483.76944444444445,60.00774919166667,15.096388888888889,15.206111111111111,0.0,37.71388888888889,-0.07888888888888888,0.0,37.71388888888889,37.635,483.76944444444445,60.00774919166667,37.635,0.0,0.5907009699999974,0.0,0.0,137.87333378888886,49.9543577135361,68.87373835247917,0.12,0.08,0,,0.0,0.0,37.635,0.0,5478.322222222229,33555.13261816675,2739.1611111111147
2023-03-23 02:00:00,2,0,3,False,-0.07833333333333334,0.0,-0.7422222222222223,37.888888888888886,484.7472222222222,59.99702804999999,14.696666666666665,15.01361111111111,0.0,37.888888888888886,-0.07833333333333334,0.0,37.888888888888886,37.81055555555555,484.7472222222222,59.99702804999999,37.81055555555555,0.0,0.5964336599999882,0.0,0.0,137.87333378888886,49.954679138088665,68.87418151122542,0.12,0.08,0,,0.0,0.0,37.81055555555555,0.0,5478.322222222229,33555.13261816675,2739.1611111111147
2023-03-23 03:00:00,3,0,3,False,-0.07444444444444445,0.0,-0.7583333333333333,38.0,486.5527777777778,59.99936096944444,14.2375,14.78111111111111,0.0,38.0,-0.07444444444444445,0.0,38.0,37.925555555555555,486.5527777777778,59.99936096944444,37.925555555555555,0.0,0.5992331633333264,0.0,0.0,137.87333378888886,49.9569291099566,68.87728362244904,0.12,0.08,0,,0.0,0.0,37.925555555555555,0.0,5478.322222222229,33555.13261816675,2739.1611111111147
2023-03-23 04:00:00,4,0,3,False,-0.06805555555555556,0.0,-0.7344444444444446,37.99166666666667,487.05555555555554,59.98313926111112,13.781944444444441,14.514166666666668,0.0,37.99166666666667,-0.06805555555555556,0.0,37.99166666666667,37.923611111111114,487.05555555555554,59.98313926111112,37.923611111111114,0.0,0.5797671133333437,0.0,0.0,137.87333378888886,49.960625492311074,68.88237994803075,0.12,0.08,0,,0.0,0.0,37.923611111111114,0.0,5478.322222222229,33555.13261816675,2739.1611111111147
2023-03-23 05:00:00,5,0,3,False,-0.065,0.0,-0.728888888888889,37.95,485.0861111111111,59.99236154166667,13.316111111111109,14.233333333333333,0.0,37.95,-0.065,0.0,37.95,37.885000000000005,485.0861111111111,59.99236154166667,37.885000000000005,0.0,0.5908338500000013,0.0,0.0,137.87333378888886,49.96239332735016,68.88481732113502,0.12,0.08,0,,0.0,0.0,37.885000000000005,0.0,5478.322222222229,33555.13261816675,2739.1611111111147
2023-03-23 06:00:00,6,0,3,False,-0.05138888888888889,1.2555555555555555,-0.6950000000000001,37.763888888888886,485.43611111111113,60.00050008888889,12.82611111111111,13.95222222222222,1.2555555555555555,37.763888888888886,-0.05138888888888889,0.0,39.01944444444444,38.96805555555555,485.43611111111113,60.00050008888889,38.96805555555555,0.0,0.5993998933333301,3.2177689186303127,0.0,137.87333378888886,49.97026822888795,68.89567471041777,0.18,0.096,0,,1.2555555555555555,0.0,38.96805555555555,0.6277777777777778,5479.577777777785,33555.13261816675,2739.7888888888924
2023-03-23 07:00:00,7,0,3,False,-0.05805555555555556,10.575,-0.7088888888888889,37.94444444444444,484.75,59.99538911944444,12.361666666666666,13.70333333333333,10.575,37.94444444444444,-0.05805555555555556,0.0,48.519444444444446,48.46138888888889,484.75,59.99538911944444,48.46138888888889,0.0,0.5944669433333274,21.795385584244574,0.0,137.87333378888886,49.9664111342572,68.89035680546296,0.18,0.096,0,,10.575,0.0,48.46138888888889,5.2875,5490.152777777785,33555.13261816675,2745.0763888888923
2023-03-23 08:00:00,8,0,3,False,-0.04666666666666667,23.144444444444446,-0.6780555555555556,37.98888888888889,483.06388888888887,60.00480562777778,12.079999999999998,13.515277777777778,23.144444444444446,37.98888888888889,-0.04666666666666667,0.0,61.13333333333333,61.086666666666666,483.06388888888887,60.00480562777778,61.086666666666666,0.0,0.594233246666667,37.85896037804435,0.0,137.87333378888886,49.973000337584736,68.89944155976076,0.18,0.096,0,,23.144444444444446,0.0,61.086666666666666,11.572222222222223,5513.297222222229,33555.13261816675,2756.6486111111144
2023-03-23 09:00:00,9,0,3,False,-0.05722222222222222,31.894444444444446,-0.6805555555555556,37.92777777777778,482.1222222222222,60.02269384999999,12.078888888888887,13.45777777777778,31.894444444444446,37.92777777777778,-0.05722222222222222,0.0,69.82222222222222,69.765,482.1222222222222,60.02269384999999,69.765,0.0,0.5727673800000133,45.6795035009548,0.0,137.87333378888886,49.96689327108604,68.89102154358231,0.18,0.096,0,,31.894444444444446,0.0,69.765,15.947222222222223,5545.191666666673,33555.13261816675,2772.5958333333365
2023-03-23 10:00:00,10,0,3,False,-0.056666666666666664,37.9,-0.6866666666666666,37.96666666666667,483.6611111111111,60.02177731388888,12.46861111111111,13.633333333333333,37.9,37.96666666666667,-0.056666666666666664,0.0,75.86666666666667,75.81,483.6611111111111,60.02177731388888,75.81,0.0,0.5738672233333403,49.956063268892784,0.0,137.87333378888886,49.9672146956386,68.89146470232853,0.18,0.096,0,,37.9,0.0,75.81,18.95,5583.091666666673,33555.13261816675,2791.5458333333363
2023-03-23 11:00:00,11,0,3,False,-0.06222222222222222,41.202777777777776,-0.7027777777777778,37.983333333333334,482.69444444444446,60.00416640277777,12.995277777777778,13.975555555555555,41.202777777777776,37.983333333333334,-0.06222222222222222,0.0,79.1861111111111,79.12388888888889,482.69444444444446,60.00416640277777,79.12388888888889,0.0,0.5950003166666761,52.03283404076192,0.0,137.87333378888886,49.96400045011298,68.8870331148662,0.12,0.08,0,,41.202777777777776,0.0,79.12388888888889,20.601388888888888,5624.29444444445,33555.13261816675,2812.147222222225
2023-03-23 12:00:00,12,0,3,False,-0.05805555555555556,41.388888888888886,-0.7147222222222223,37.98888888888889,481.90555555555557,60.008082900000005,13.659722222222221,14.391944444444446,41.388888888888886,37.98888888888889,-0.05805555555555556,0.0,79.37777777777777,79.31972222222221,481.90555555555557,60.008082900000005,79.31972222222221,0.0,0.5903005199999939,52.141657334826434,0.0,137.87333378888886,49.9664111342572,68.89035680546296,0.12,0.08,0,,41.388888888888886,0.0,79.31972222222221,20.694444444444443,5665.683333333339,33555.13261816675,2832.8416666666694
2023-03-23 13:00:00,13,0,3,False,-0.058333333333333334,39.225,-0.7083333333333334,37.99166666666667,481.7583333333333,59.99325052222222,14.409722222222221,14.725277777777778,39.225,37.99166666666667,-0.058333333333333334,0.0,77.21666666666667,77.15833333333333,481.7583333333333,59.99325052222222,77.15833333333333,0.0,0.5919006266666628,50.798618605655086,0.0,137.87333378888886,49.96625042198092,68.89013522608984,0.12,0.08,0,,39.225,0.0,77.15833333333333,19.6125,5704.908333333339,33555.13261816675,2852.4541666666696
2023-03-23 14:00:00,14,0,3,False,-0.07277777777777779,33.59166666666667,-0.7486111111111111,37.983333333333334,482.0527777777778,60.00366649722223,15.08972222222222,15.244722222222224,33.59166666666667,37.983333333333334,-0.07277777777777779,0.0,71.575,71.50222222222223,482.0527777777778,60.00366649722223,71.50222222222223,0.0,0.5956002033333277,46.93212248224473,0.0,137.87333378888886,49.95789338361429,68.87861309868775,0.12,0.08,0,,33.59166666666667,0.0,71.50222222222223,16.795833333333334,5738.5000000000055,33555.13261816675,2869.2500000000027
2023-03-23 15:00:00,15,0,3,False,-0.08666666666666667,24.519444444444446,-0.768888888888889,37.94722222222222,481.6222222222222,59.99227821666667,15.532500000000002,15.745833333333334,24.519444444444446,37.94722222222222,-0.08666666666666667,0.0,62.46666666666667,62.38,481.6222222222222,59.99227821666667,62.38,0.0,0.590733860000003,39.252045535396654,0.0,137.87333378888886,49.94985776980022,68.86753413003188,0.12,0.08,0,,24.519444444444446,0.0,62.38,12.259722222222223,5763.01944444445,33555.13261816675,2881.509722222225
2023-03-23 16:00:00,16,0,3,False,-0.07972222222222224,13.627777777777778,-0.7450000000000001,37.96666666666667,481.7472222222222,59.993083855555554,16.02583333333333,16.089444452777776,13.627777777777778,37.96666666666667,-0.07972222222222224,0.0,51.59444444444445,51.514722222222225,481.7472222222222,59.993083855555554,51.514722222222225,0.0,0.5917006266666647,26.41326585549693,0.0,137.87333378888886,49.953875576707254,68.87307361435981,0.12,0.08,0,,13.627777777777778,0.0,51.514722222222225,6.813888888888889,5776.647222222227,33555.13261816675,2888.3236111111137
2023-03-23 17:00:00,17,0,3,False,-0.08000000000000002,3.2333333333333334,-0.738611111111111,37.94166666666667,480.6666666666667,59.99666694166667,16.099999999999998,15.99916666666667,3.2333333333333334,37.94166666666667,-0.08000000000000002,0.0,41.175000000000004,41.095000000000006,480.6666666666667,59.99666694166667,41.095000000000006,0.0,0.5960003300000011,7.852661404573973,0.0,137.87333378888886,49.95371486443097,68.8728520349867,0.12,0.08,0,,3.2333333333333334,0.0,41.095000000000006,1.6166666666666667,5779.880555555561,33555.13261816675,2889.9402777777805
2023-03-23 18:00:00,18,0,3,False,-0.08972222222222222,-0.5,-0.7652777777777777,37.94166666666667,480.9555555555556,59.99336143333334,16.030277777777776,15.899444444444448,0.0,37.94166666666667,-0.08972222222222222,0.0,37.94166666666667,37.85194444444445,480.9555555555556,59.99336143333334,37.85194444444445,0.0,0.5920337200000091,0.0,0.0,137.87333378888886,49.94808993476113,68.86509675692761,0.18,0.096,0,,0.0,0.0,37.85194444444445,0.0,5779.880555555561,33555.13261816675,2889.9402777777805
2023-03-23 19:00:00,19,0,3,False,-0.10111111111111112,0.0,-0.788611111111111,37.922222222222224,484.64444444444445,60.00172204722222,15.84638888888889,15.805833333333334,0.0,37.922222222222224,-0.10111111111111112,0.0,37.922222222222224,37.821111111111115,484.64444444444445,60.00172204722222,37.821111111111115,0.0,0.5979335433333318,0.0,0.0,137.87333378888886,49.94150073143359,68.85601200262981,0.18,0.096,0,,0.0,0.0,37.821111111111115,0.0,5779.880555555561,33555.13261816675,2889.9402777777805
2023-03-23 20:00:00,20,0,3,False,-0.09083333333333334,0.0,-0.7658333333333335,37.833333333333336,486.89166666666665,60.01813818055555,15.658055555555555,15.634166666666665,0.0,37.833333333333336,-0.09083333333333334,0.0,37.833333333333336,37.7425,486.89166666666665,60.01813818055555,37.7425,0.0,0.5782341833333362,0.0,0.0,137.87333378888886,49.947447085656,68.86421043943514,0.18,0.096,0,,0.0,0.0,37.7425,0.0,5779.880555555561,33555.13261816675,2889.9402777777805
2023-03-23 21:00:00,21,0,3,False,-0.08055555555555556,0.0,-0.7708333333333334,37.74722222222222,486.8833333333333,60.024805091666664,15.246944444444443,15.39527777777778,0.0,37.74722222222222,-0.08055555555555556,0.0,37.74722222222222,37.666666666666664,486.8833333333333,60.024805091666664,37.666666666666664,0.0,0.5702338900000029,0.0,0.0,137.87333378888886,49.95339343987841,68.87240887624047,0.18,0.096,0,,0.0,0.0,37.666666666666664,0.0,5779.880555555561,33555.13261816675,2889.9402777777805
2023-03-23 22:00:00,22,0,3,False,-0.08444444444444445,0.0,-0.7855555555555556,37.78055555555556,487.8777777777778,60.027221908333324,14.980277777777777,15.148055555555553,0.0,37.78055555555556,-0.08444444444444445,0.0,37.78055555555556,37.696111111111115,487.8777777777778,60.027221908333324,37.696111111111115,0.0,0.5673337100000111,0.0,0.0,137.87333378888886,49.95114346801047,68.86930676501683,0.18,0.096,0,,0.0,0.0,37.696111111111115,0.0,5779.880555555561,33555.13261816675,2889.9402777777805
2023-03-23 23:00:00,23,0,3,False,-0.09055555555555554,0.0,-0.7636111111111112,37.84166666666667,487.3027777777778,60.01861063888888,14.65361111111111,14.927222222222225,0.0,37.84166666666667,-0.09055555555555554,0.0,37.84166666666667,37.751111111111115,487.3027777777778,60.01861063888888,37.751111111111115,0.0,0.5776672333333437,0.0,0.0,137.87333378888886,49.947607797932285,68.86443201880826,0.12,0.08,0,,0.0,0.0,37.751111111111115,0.0,5779.880555555561,33555.13261816675,2889.9402777777805
2023-03-24 00:00:00,0,0,4,False,-0.08416666666666667,0.0,-0.7566666666666666,37.99166666666667,487.25,59.99383343333334,14.279722222222222,14.745555555555555,0.0,37.99166666666667,-0.08416666666666667,0.0,37.99166666666667,37.9075,487.25,59.99383343333334,37.9075,0.0,0.5926001200000115,0.0,0.0,137.87333378888886,49.951304180286755,68.86952834438995,0.12,0.08,0,,0.0,0.0,37.9075,0.0,5779.880555555561,33555.13261816675,2889.9402777777805
2023-03-24 01:00:00,1,0,4,False,-0.0875,0.0,-0.7772222222222223,37.986111111111114,486.9138888888889,59.9769172,13.889722222222222,14.518055555555556,0.0,37.986111111111114,-0.0875,0.0,37.986111111111114,37.898611111111116,486.9138888888889,59.9769172,37.898611111111116,0.0,0.5723006400000031,0.0,0.0,137.87333378888886,49.949375632971375,68.86686939191254,0.12,0.08,0,,0.0,0.0,37.898611111111116,0.0,5779.880555555561,33555.13261816675,2889.9402777777805
2023-03-24 02:00:00,2,0,4,False,-0.08638888888888889,0.0,-0.7805555555555556,37.98888888888889,486.0472222222222,59.97327826944444,13.529166666666667,14.311111111111112,0.0,37.98888888888889,-0.08638888888888889,0.0,37.98888888888889,37.902499999999996,486.0472222222222,59.97327826944444,37.902499999999996,0.0,0.5679339233333308,0.0,0.0,137.87333378888886,49.9500184820765,68.86775570940502,0.12,0.08,0,,0.0,0.0,37.902499999999996,0.0,5779.880555555561,33555.13261816675,2889.9402777777805
2023-03-24 03:00:00,3,0,4,False,-0.07222222222222222,0.0,-0.7272222222222222,37.94166666666667,485.23055555555555,59.979139322222224,13.094166666666666,14.050277777777776,0.0,37.94166666666667,-0.07222222222222222,0.0,37.94166666666667,37.86944444444445,485.23055555555555,59.979139322222224,37.86944444444445,0.0,0.5749671866666688,0.0,0.0,137.87333378888886,49.95821480816685,68.87905625743399,0.12,0.08,0,,0.0,0.0,37.86944444444445,0.0,5779.880555555561,33555.13261816675,2889.9402777777805
2023-03-24 04:00:00,4,0,4,False,-0.07166666666666667,0.0,-0.7336111111111112,37.96111111111111,482.18888888888887,59.98552818611111,12.6025,13.758611111111112,0.0,37.96111111111111,-0.07166666666666667,0.0,37.96111111111111,37.88944444444444,482.18888888888887,59.98552818611111,37.88944444444444,0.0,0.5826338233333331,0.0,0.0,137.87333378888886,49.95853623271941,68.87949941618021,0.12,0.08,0,,0.0,0.0,37.88944444444444,0.0,5779.880555555561,33555.13261816675,2889.9402777777805
2023-03-24 05:00:00,5,0,4,False,-0.06333333333333332,0.0,-0.7088888888888889,37.83611111111111,483.4277777777778,59.98691726666667,12.075,13.45138888888889,0.0,37.83611111111111,-0.06333333333333332,0.0,37.83611111111111,37.772777777777776,483.4277777777778,59.98691726666667,37.772777777777776,0.0,0.5843007200000073,0.0,0.0,137.87333378888886,49.96335760100786,68.88614679737374,0.12,0.08,0,,0.0,0.0,37.772777777777776,0.0,5779.880555555561,33555.13261816675,2889.9402777777805
2023-03-24 06:00:00,6,0,4,False,-0.06916666666666667,1.2361111111111112,-0.7205555555555556,37.80277777777778,483.61944444444447,59.97638925277779,11.57472222222222,13.132777777777775,1.2361111111111112,37.80277777777778,-0.06916666666666667,0.0,39.03888888888889,38.969722222222224,483.61944444444447,59.97638925277779,38.969722222222224,0.0,0.5716671033333511,3.1663583321474316,0.0,137.87333378888886,49.95998264320595,68.88149363053827,0.18,0.096,0,,1.2361111111111112,0.0,38.969722222222224,0.6180555555555556,5781.116666666672,33555.13261816675,2890.558333333336
2023-03-24 07:00:00,7,0,4,False,-0.06527777777777778,11.36111111111111,-0.7308333333333334,37.955555555555556,484.5444444444444,59.99955565833333,11.152777777777779,12.878888888888891,11.36111111111111,37.955555555555556,-0.06527777777777778,0.0,49.31666666666666,49.25138888888888,484.5444444444444,59.99955565833333,49.25138888888888,0.0,0.5994667899999939,23.03706207051932,0.0,137.87333378888886,49.96223261507389,68.88459574176191,0.18,0.096,0,,11.36111111111111,0.0,49.25138888888888,5.680555555555555,5792.477777777784,33555.13261816675,2896.238888888892
2023-03-24 08:00:00,8,0,4,False,-0.04833333333333333,23.644444444444446,-0.6761111111111112,37.86666666666667,484.61944444444447,60.002444149999995,10.929166666666669,12.7875,23.644444444444446,37.86666666666667,-0.04833333333333333,0.0,61.51111111111111,61.46277777777778,484.61944444444447,60.002444149999995,61.46277777777778,0.0,0.5970670200000058,38.4393063583815,0.0,137.87333378888886,49.97203606392705,68.89811208352207,0.18,0.096,0,,23.644444444444446,0.0,61.46277777777778,11.822222222222223,5816.122222222228,33555.13261816675,2908.061111111114
2023-03-24 09:00:00,9,0,4,False,-0.04888888888888889,32.833333333333336,-0.6841666666666667,37.92777777777778,484.14722222222224,60.00374988333333,11.093055555555557,12.785555555555556,32.833333333333336,37.92777777777778,-0.04888888888888889,0.0,70.76111111111112,70.71222222222224,484.14722222222224,60.00374988333333,70.71222222222224,0.0,0.5955001400000072,46.400251236554915,0.0,137.87333378888886,49.97171463937448,68.89766892477581,0.18,0.096,0,,32.833333333333336,0.0,70.71222222222224,16.416666666666668,5848.955555555561,33555.13261816675,2924.4777777777804
2023-03-24 10:00:00,10,0,4,False,-0.05722222222222222,39.24166666666667,-0.6863888888888888,37.980555555555554,482.44166666666666,60.010304786111114,11.734722222222222,13.164722222222222,39.24166666666667,37.980555555555554,-0.05722222222222222,0.0,77.22222222222223,77.165,482.44166666666666,60.010304786111114,77.165,0.0,0.5876342566666636,50.81654676258992,0.0,137.87333378888886,49.96689327108604,68.89102154358231,0.18,0.096,0,,39.24166666666667,0.0,77.165,19.620833333333334,5888.1972222222275,33555.13261816675,2944.0986111111138
2023-03-24 11:00:00,11,0,4,False,-0.05305555555555556,43.230555555555554,-0.6894444444444445,37.96111111111111,481.75555555555553,59.9980557888889,12.503888888888888,13.649722222222222,43.230555555555554,37.96111111111111,-0.05305555555555556,0.0,81.19166666666666,81.1386111111111,481.75555555555553,59.9980557888889,81.1386111111111,0.0,0.5976669466666777,53.24506483287147,0.0,137.87333378888886,49.96930395523027,68.89434523417907,0.12,0.08,0,,43.230555555555554,0.0,81.1386111111111,21.615277777777777,5931.427777777783,33555.13261816675,2965.7138888888917
2023-03-24 12:00:00,12,0,4,False,-0.06777777777777778,43.541666666666664,-0.7194444444444444,37.81111111111111,481.3222222222222,59.996972375,13.321111111111112,14.113888888888889,43.541666666666664,37.81111111111111,-0.06777777777777778,0.0,81.35277777777777,81.285,481.3222222222222,59.996972375,81.285,0.0,0.5963668499999982,53.52204049578311,0.0,137.87333378888886,49.96078620458735,68.88260152740385,0.12,0.08,0,,43.541666666666664,0.0,81.285,21.770833333333332,5974.96944444445,33555.13261816675,2987.484722222225
2023-03-24 13:00:00,13,0,4,False,-0.05666666666666667,41.272222222222226,-0.6938888888888889,37.94166666666667,480.6638888888889,60.00138897222221,14.163333333333334,14.545277777777779,41.272222222222226,37.94166666666667,-0.05666666666666667,0.0,79.2138888888889,79.15722222222223,480.6638888888889,60.00138897222221,79.15722222222223,0.0,0.5983332333333493,52.10225479538521,0.0,137.87333378888886,49.9672146956386,68.89146470232853,0.12,0.08,0,,41.272222222222226,0.0,79.15722222222223,20.636111111111113,6016.241666666672,33555.13261816675,3008.120833333336
2023-03-24 14:00:00,14,0,4,False,-0.06166666666666666,36.044444444444444,-0.7324999999999999,37.90833333333333,483.27222222222224,60.003555286111116,14.919166666666666,15.131388888888893,36.044444444444444,37.90833333333333,-0.06166666666666666,0.0,73.95277777777778,73.89111111111112,483.27222222222224,60.003555286111116,73.89111111111112,0.0,0.5957336566666612,48.73981144123502,0.0,137.87333378888886,49.96432187466554,68.88747627361244,0.12,0.08,0,,36.044444444444444,0.0,73.89111111111112,18.022222222222222,6052.286111111117,33555.13261816675,3026.1430555555585
2023-03-24 15:00:00,15,0,4,False,-0.07861111111111112,27.569444444444443,-0.7725000000000001,37.81388888888889,483.4222222222222,59.999861177777774,15.465555555555557,15.678333333333335,27.569444444444443,37.81388888888889,-0.07861111111111112,0.0,65.38333333333333,65.30472222222221,483.4222222222222,59.999861177777774,65.30472222222221,0.0,0.5998334133333287,42.16585946129663,0.0,137.87333378888886,49.95451842581238,68.8739599318523,0.12,0.08,0,,27.569444444444443,0.0,65.30472222222221,13.784722222222221,6079.855555555561,33555.13261816675,3039.9277777777806
2023-03-24 16:00:00,16,0,4,False,-0.08027777777777777,16.363888888888887,-0.7508333333333334,37.82222222222222,482.6222222222222,59.98963960555556,16.00111111111111,16.03611111111111,16.363888888888887,37.82222222222222,-0.08027777777777777,0.0,54.18611111111111,54.10583333333333,482.6222222222222,59.98963960555556,54.10583333333333,0.0,0.5875675266666718,30.19941559440201,0.0,137.87333378888886,49.953554152154695,68.87263045561359,0.12,0.08,0,,16.363888888888887,0.0,54.10583333333333,8.181944444444444,6096.21944444445,33555.13261816675,3048.109722222225
2023-03-24 17:00:00,17,0,4,False,-0.08611111111111111,4.330555555555556,-0.7666666666666667,37.99722222222222,484.8333333333333,59.992111388888894,16.09333333333333,16.002499999999998,4.330555555555556,37.99722222222222,-0.08611111111111111,0.0,42.327777777777776,42.24166666666667,484.8333333333333,59.992111388888894,42.24166666666667,0.0,0.5905336666666727,10.231001443759025,0.0,137.87333378888886,49.950179194352785,68.86797728877814,0.12,0.08,0,,4.330555555555556,0.0,42.24166666666667,2.165277777777778,6100.550000000006,33555.13261816675,3050.275000000003
2023-03-24 18:00:00,18,0,4,False,-0.08611111111111111,-0.14444444444444443,-0.7697222222222223,38.0,485.975,60.008472125,16.03388888888889,15.983611111111113,0.0,38.0,-0.08611111111111111,0.0,38.0,37.91388888888889,485.975,60.008472125,37.91388888888889,0.0,0.5898334500000032,0.0,0.0,137.87333378888886,49.950179194352785,68.86797728877814,0.18,0.096,0,,0.0,0.0,37.91388888888889,0.0,6100.550000000006,33555.13261816675,3050.275000000003
2023-03-24 19:00:00,19,0,4,False,-0.09666666666666666,0.0,-0.7883333333333332,37.98888888888889,486.225,59.985444872222224,15.931944444444447,15.937222222222221,0.0,37.98888888888889,-0.09666666666666666,0.0,37.98888888888889,37.89222222222222,486.225,59.985444872222224,37.89222222222222,0.0,0.5825338466666693,0.0,0.0,137.87333378888886,49.94407212785409,68.85955727259969,0.18,0.096,0,,0.0,0.0,37.89222222222222,0.0,6100.550000000006,33555.13261816675,3050.275000000003
2023-03-24 20:00:00,20,0,4,False,-0.09916666666666668,0.0,-0.7741666666666668,38.0,484.9277777777778,59.99600040833333,15.779444444444445,15.854166666666671,0.0,38.0,-0.09916666666666668,0.0,38.0,37.90083333333333,484.9277777777778,59.99600040833333,37.90083333333333,0.0,0.5952004899999963,0.0,0.0,137.87333378888886,49.94262571736756,68.85756305824162,0.18,0.096,0,,0.0,0.0,37.90083333333333,0.0,6100.550000000006,33555.13261816675,3050.275000000003
2023-03-24 21:00:00,21,0,4,False,-0.09027777777777778,0.0,-0.7669444444444445,37.99722222222222,483.2472222222222,60.00977728611112,15.576666666666668,15.733055555555554,0.0,37.99722222222222,-0.09027777777777778,0.0,37.99722222222222,37.90694444444444,483.2472222222222,60.00977728611112,37.90694444444444,0.0,0.5882672566666599,0.0,0.0,137.87333378888886,49.94776851020856,68.86465359818138,0.18,0.096,0,,0.0,0.0,37.90694444444444,0.0,6100.550000000006,33555.13261816675,3050.275000000003
2023-03-24 22:00:00,22,0,4,False,-0.07972222222222222,0.0,-0.7508333333333334,37.977777777777774,482.8361111111111,60.0198887111111,15.249722222222223,15.479166666666666,0.0,37.977777777777774,-0.07972222222222222,0.0,37.977777777777774,37.89805555555555,482.8361111111111,60.0198887111111,37.89805555555555,0.0,0.5761335466666793,0.0,0.0,137.87333378888886,49.953875576707254,68.87307361435981,0.18,0.096,0,,0.0,0.0,37.89805555555555,0.0,6100.550000000006,33555.13261816675,3050.275000000003
2023-03-24 23:00:00,23,0,4,False,-0.10055555555555556,0.0,-0.7930555555555555,37.980555555555554,483.93611111111113,60.014332955555545,14.86638888888889,15.228611111111109,0.0,37.980555555555554,-0.10055555555555556,0.0,37.980555555555554,37.879999999999995,483.93611111111113,60.014332955555545,37.879999999999995,0.0,0.5828004533333455,0.0,0.0,137.87333378888886,49.94182215598615,68.85645516137603,0.12,0.08,0,,0.0,0.0,37.879999999999995,0.0,6100.550000000006,33555.13261816675,3050.275000000003
2023-03-25 00:00:00,0,0,5,True,-0.07083333333333333,0.0,-0.7252777777777778,38.0,484.525,60.00124993888888,14.594444444444445,14.968055555555555,0.0,38.0,-0.07083333333333333,0.0,38.0,37.92916666666667,484.525,60.00124993888888,37.92916666666667,0.0,0.5985000733333408,0.0,0.0,137.87333378888886,49.95901836954826,68.88016415429956,0.12,0.08,0,,0.0,0.0,37.92916666666667,0.0,6100.550000000006,33555.13261816675,3050.275000000003
2023-03-25 01:00:00,1,0,5,True,-0.08222222222222222,0.0,-0.783888888888889,38.0,485.4583333333333,60.004416299999995,14.211666666666664,14.76138888888889,0.0,38.0,-0.08222222222222222,0.0,38.0,37.91777777777778,485.4583333333333,60.004416299999995,37.91777777777778,0.0,0.5947004400000054,0.0,0.0,137.87333378888886,49.952429166220725,68.87107940000178,0.12,0.08,0,,0.0,0.0,37.91777777777778,0.0,6100.550000000006,33555.13261816675,3050.275000000003
2023-03-25 02:00:00,2,0,5,True,-0.06472222222222224,0.0,-0.7233333333333334,38.0,486.1777777777778,60.00169426944445,13.8375,14.54861111111111,0.0,38.0,-0.06472222222222224,0.0,38.0,37.93527777777778,486.1777777777778,60.00169426944445,37.93527777777778,0.0,0.5979668766666606,0.0,0.0,137.87333378888886,49.96255403962645,68.88503890050814,0.12,0.08,0,,0.0,0.0,37.93527777777778,0.0,6100.550000000006,33555.13261816675,3050.275000000003
2023-03-25 03:00:00,3,0,5,True,-0.07972222222222222,0.0,-0.7291666666666666,38.0,485.35,60.005082949999995,13.453888888888887,14.315000000000001,0.0,38.0,-0.07972222222222222,0.0,38.0,37.92027777777778,485.35,60.005082949999995,37.92027777777778,0.0,0.5939004600000061,0.0,0.0,137.87333378888886,49.953875576707254,68.87307361435981,0.12,0.08,0,,0.0,0.0,37.92027777777778,0.0,6100.550000000006,33555.13261816675,3050.275000000003
2023-03-25 04:00:00,4,0,5,True,-0.06777777777777778,0.0,-0.7138888888888889,37.99722222222222,482.89444444444445,59.99663875555555,13.04861111111111,14.085277777777778,0.0,37.99722222222222,-0.06777777777777778,0.0,37.99722222222222,37.92944444444444,482.89444444444445,59.99663875555555,37.92944444444444,0.0,0.5959665066666616,0.0,0.0,137.87333378888886,49.96078620458735,68.88260152740385,0.12,0.08,0,,0.0,0.0,37.92944444444444,0.0,6100.550000000006,33555.13261816675,3050.275000000003
2023-03-25 05:00:00,5,0,5,True,-0.06805555555555555,0.0,-0.7255555555555555,38.0,480.43888888888887,59.9933333138889,12.617777777777777,13.826666666666668,0.0,38.0,-0.06805555555555555,0.0,38.0,37.93194444444445,480.43888888888887,59.9933333138889,37.93194444444445,0.0,0.5919999766666763,0.0,0.0,137.87333378888886,49.960625492311074,68.88237994803075,0.12,0.08,0,,0.0,0.0,37.93194444444445,0.0,6100.550000000006,33555.13261816675,3050.275000000003
2023-03-25 06:00:00,6,0,5,True,-0.05944444444444445,1.3166666666666667,-0.6944444444444444,37.98888888888889,480.3,59.983222583333344,12.17,13.565,1.3166666666666667,37.98888888888889,-0.05944444444444445,0.0,39.30555555555556,39.24611111111111,480.3,59.983222583333344,39.24611111111111,0.0,0.5798671000000126,3.34982332155477,0.0,137.87333378888886,49.96560757287579,68.88924890859737,0.18,0.096,0,,1.3166666666666667,0.0,39.24611111111111,0.6583333333333333,6101.866666666672,33555.13261816675,3050.933333333336
2023-03-25 07:00:00,7,0,5,True,-0.05222222222222221,11.355555555555556,-0.6716666666666667,38.0,480.675,60.006777772222215,11.770555555555555,13.320000000000002,11.355555555555556,38.0,-0.05222222222222221,0.0,49.355555555555554,49.303333333333335,480.675,60.006777772222215,49.303333333333335,0.0,0.5918666733333424,23.0076542098154,0.0,137.87333378888886,49.96978609205911,68.89500997229841,0.18,0.096,0,,11.355555555555556,0.0,49.303333333333335,5.677777777777778,6113.222222222228,33555.13261816675,3056.611111111114
2023-03-25 08:00:00,8,0,5,True,-0.04722222222222222,23.45277777777778,-0.7094444444444444,38.0,481.5861111111111,60.0077496111111,11.495555555555557,13.133055555555554,23.45277777777778,38.0,-0.04722222222222222,0.0,61.45277777777778,61.40555555555556,481.5861111111111,60.0077496111111,61.40555555555556,0.0,0.5907004666666779,38.163901821633594,0.0,137.87333378888886,49.97267891303217,68.89899840101452,0.18,0.096,0,,23.45277777777778,0.0,61.40555555555556,11.72638888888889,6136.675000000006,33555.13261816675,3068.337500000003
2023-03-25 09:00:00,9,0,5,True,-0.056388888888888884,32.82222222222222,-0.6961111111111111,37.975,481.72222222222223,59.99641682499999,11.488333333333332,13.047777777777775,32.82222222222222,37.975,-0.056388888888888884,0.0,70.79722222222222,70.74083333333333,481.72222222222223,59.99641682499999,70.74083333333333,0.0,0.5957001899999881,46.36088986542159,0.0,137.87333378888886,49.967375407914886,68.89168628170165,0.18,0.096,0,,32.82222222222222,0.0,70.74083333333333,16.41111111111111,6169.497222222228,33555.13261816675,3084.748611111114
2023-03-25 10:00:00,10,0,5,True,-0.04138888888888889,38.22222222222222,-0.6608333333333334,37.99166666666667,480.15,59.992028288888896,11.872777777777777,13.291666666666666,38.22222222222222,37.99166666666667,-0.04138888888888889,0.0,76.21388888888889,76.1725,480.15,59.992028288888896,76.1725,0.0,0.5904339466666755,50.15125560374677,0.0,137.87333378888886,49.97605387083408,68.90365156784998,0.18,0.096,0,,38.22222222222222,0.0,76.1725,19.11111111111111,6207.71944444445,33555.13261816675,3103.859722222225
2023-03-25 11:00:00,11,0,5,True,-0.055,41.108333333333334,-0.6863888888888888,37.99444444444445,478.72222222222223,59.99533384722223,12.620000000000003,13.819444444444445,41.108333333333334,37.99444444444445,-0.055,0.0,79.10277777777779,79.04777777777778,478.72222222222223,59.99533384722223,79.04777777777778,0.0,0.5944006166666724,51.96825508304948,0.0,137.87333378888886,49.9681789692963,68.89279417856724,0.12,0.08,0,,41.108333333333334,0.0,79.04777777777778,20.554166666666667,6248.827777777784,33555.13261816675,3124.413888888892
2023-03-25 12:00:00,12,0,5,True,-0.06222222222222222,40.852777777777774,-0.7116666666666667,37.90833333333333,480.8277777777778,59.99525036944444,13.525277777777779,14.355277777777777,40.852777777777774,37.90833333333333,-0.06222222222222222,0.0,78.7611111111111,78.69888888888889,480.8277777777778,59.99525036944444,78.69888888888889,0.0,0.59430044333333,51.86922480073358,0.0,137.87333378888886,49.96400045011298,68.8870331148662,0.12,0.08,0,,40.852777777777774,0.0,78.69888888888889,20.426388888888887,6289.680555555562,33555.13261816675,3144.840277777781
2023-03-25 13:00:00,13,0,5,True,-0.06027777777777778,39.41388888888889,-0.7008333333333334,37.919444444444444,481.61944444444447,59.99622246388889,14.333055555555555,14.77611111111111,39.41388888888889,37.919444444444444,-0.06027777777777778,0.0,77.33333333333334,77.27305555555556,481.61944444444447,59.99622246388889,77.27305555555556,0.0,0.5954669566666695,50.96623563218391,0.0,137.87333378888886,49.96512543604695,68.88858417047801,0.12,0.08,0,,39.41388888888889,0.0,77.27305555555556,19.706944444444446,6329.094444444451,33555.13261816675,3164.5472222222256
2023-03-25 14:00:00,14,0,5,True,-0.07194444444444445,34.84444444444444,-0.7338888888888888,37.825,480.4861111111111,60.0091661361111,15.043888888888887,15.360833333333332,34.84444444444444,37.825,-0.07194444444444445,0.0,72.66944444444445,72.59750000000001,480.4861111111111,60.0091661361111,72.59750000000001,0.0,0.5890006366666825,47.94923741447191,0.0,137.87333378888886,49.958375520443134,68.8792778368071,0.12,0.08,0,,34.84444444444444,0.0,72.59750000000001,17.42222222222222,6363.938888888896,33555.13261816675,3181.969444444448
2023-03-25 15:00:00,15,0,5,True,-0.061666666666666675,19.594444444444445,-0.7033333333333334,37.75,479.5083333333333,59.99938882777777,15.590555555555557,15.863055555555558,19.594444444444445,37.75,-0.061666666666666675,0.0,57.34444444444445,57.28277777777778,479.5083333333333,59.99938882777777,57.28277777777778,0.0,0.5992665933333257,34.1697345475683,0.0,137.87333378888886,49.96432187466554,68.88747627361244,0.12,0.08,0,,19.594444444444445,0.0,57.28277777777778,9.797222222222222,6383.533333333341,33555.13261816675,3191.7666666666705
2023-03-25 16:00:00,16,0,5,True,-0.08305555555555555,5.988888888888889,-0.7552777777777777,37.958333333333336,484.85277777777776,60.00397211944445,15.860555555555559,15.958611111111113,5.988888888888889,37.958333333333336,-0.08305555555555555,0.0,43.94722222222222,43.86416666666667,484.85277777777776,60.00397211944445,43.86416666666667,0.0,0.5952334566666622,13.627457177169585,0.0,137.87333378888886,49.95194702939188,68.87041466188242,0.12,0.08,0,,5.988888888888889,0.0,43.86416666666667,2.9944444444444445,6389.52222222223,33555.13261816675,3194.761111111115
2023-03-25 17:00:00,17,0,5,True,-0.08277777777777778,0.8222222222222222,-0.7783333333333333,37.925,487.3638888888889,59.989388872222214,15.989166666666668,16.025555555555552,0.8222222222222222,37.925,-0.08277777777777778,0.0,38.74722222222222,38.66444444444444,487.3638888888889,59.989388872222214,38.66444444444444,0.0,0.5872666466666573,2.122015915119363,0.0,137.87333378888886,49.95210774166816,68.87063624125553,0.12,0.08,0,,0.8222222222222222,0.0,38.66444444444444,0.4111111111111111,6390.344444444452,33555.13261816675,3195.172222222226
2023-03-25 18:00:00,18,0,5,True,-0.09833333333333333,-0.2388888888888889,-0.7841666666666666,37.98888888888889,485.02222222222224,59.99247261111111,16.034166666666664,16.066666666666666,0.0,37.98888888888889,-0.09833333333333333,0.0,37.98888888888889,37.89055555555555,485.02222222222224,59.99247261111111,37.89055555555555,0.0,0.5909671333333335,0.0,0.0,137.87333378888886,49.943107854196406,68.85822779636098,0.18,0.096,0,,0.0,0.0,37.89055555555555,0.0,6390.344444444452,33555.13261816675,3195.172222222226
2023-03-25 19:00:00,19,0,5,True,-0.08555555555555557,0.0,-0.7644444444444444,37.99444444444445,482.19444444444446,59.99394491111111,16.014444444444443,16.046666666666667,0.0,37.99444444444445,-0.08555555555555557,0.0,37.99444444444445,37.90888888888889,482.19444444444446,59.99394491111111,37.90888888888889,0.0,0.5927338933333288,0.0,0.0,137.87333378888886,49.950500618905345,68.86842044752436,0.18,0.096,0,,0.0,0.0,37.90888888888889,0.0,6390.344444444452,33555.13261816675,3195.172222222226
2023-03-25 20:00:00,20,0,5,True,-0.09916666666666668,0.0,-0.7938888888888888,37.99722222222222,486.2027777777778,59.99972228888888,15.986666666666666,16.020555555555553,0.0,37.99722222222222,-0.09916666666666668,0.0,37.99722222222222,37.89805555555555,486.2027777777778,59.99972228888888,37.89805555555555,0.0,0.5996667466666593,0.0,0.0,137.87333378888886,49.94262571736756,68.85756305824162,0.18,0.096,0,,0.0,0.0,37.89805555555555,0.0,6390.344444444452,33555.13261816675,3195.172222222226
2023-03-25 21:00:00,21,0,5,True,-0.085,0.0,-0.783888888888889,38.0,483.2027777777778,60.01849941388888,15.853333333333337,15.946666666666669,0.0,38.0,-0.085,0.0,38.0,37.915,483.2027777777778,60.01849941388888,37.915,0.0,0.5778007033333409,0.0,0.0,137.87333378888886,49.95082204345791,68.8688636062706,0.18,0.096,0,,0.0,0.0,37.915,0.0,6390.344444444452,33555.13261816675,3195.172222222226
2023-03-25 22:00:00,22,0,5,True,-0.09472222222222221,0.0,-0.7580555555555557,38.0,481.1388888888889,60.00997181944444,15.751944444444444,15.841666666666669,0.0,38.0,-0.09472222222222221,0.0,38.0,37.905277777777776,481.1388888888889,60.00997181944444,37.905277777777776,0.0,0.5880338166666746,0.0,0.0,137.87333378888886,49.94519711378806,68.8611083282115,0.18,0.096,0,,0.0,0.0,37.905277777777776,0.0,6390.344444444452,33555.13261816675,3195.172222222226
2023-03-25 23:00:00,23,0,5,True,-0.09972222222222224,0.0,-0.7758333333333332,37.975,482.0111111111111,60.00858306111111,15.462777777777779,15.641666666666667,0.0,37.975,-0.09972222222222224,0.0,37.975,37.87527777777778,482.0111111111111,60.00858306111111,37.87527777777778,0.0,0.5897003266666673,0.0,0.0,137.87333378888886,49.942304292814995,68.85711989949539,0.12,0.08,0,,0.0,0.0,37.87527777777778,0.0,6390.344444444452,33555.13261816675,3195.172222222226
2023-03-26 00:00:00,0,0,6,True,-0.08666666666666667,0.0,-0.761388888888889,37.99166666666667,480.14166666666665,60.00838852222221,15.187777777777779,15.350555555555557,0.0,37.99166666666667,-0.08666666666666667,0.0,37.99166666666667,37.905,480.14166666666665,60.00838852222221,37.905,0.0,0.5899337733333453,0.0,0.0,137.87333378888886,49.94985776980022,68.86753413003188,0.12,0.08,0,,0.0,0.0,37.905,0.0,6390.344444444452,33555.13261816675,3195.172222222226
2023-03-26 01:00:00,1,0,6,True,-0.08083333333333334,0.0,-0.7388888888888889,37.99722222222222,480.5805555555556,60.02799966388888,14.779444444444444,15.154166666666667,0.0,37.99722222222222,-0.08083333333333334,0.0,37.99722222222222,37.91638888888889,480.5805555555556,60.02799966388888,37.91638888888889,0.0,0.566400403333347,0.0,0.0,137.87333378888886,49.95323272760213,68.87218729686735,0.12,0.08,0,,0.0,0.0,37.91638888888889,0.0,6390.344444444452,33555.13261816675,3195.172222222226
2023-03-26 02:00:00,2,0,6,True,-0.0775,0.0,-0.7552777777777777,37.99444444444445,481.5527777777778,60.0203328861111,14.351111111111111,14.930833333333334,0.0,37.99444444444445,-0.0775,0.0,37.99444444444445,37.91694444444445,481.5527777777778,60.0203328861111,37.91694444444445,0.0,0.5756005366666812,0.0,0.0,137.87333378888886,49.95516127491751,68.87484624934477,0.12,0.08,0,,0.0,0.0,37.91694444444445,0.0,6390.344444444452,33555.13261816675,3195.172222222226
2023-03-26 03:00:00,3,0,6,True,-0.07833333333333334,0.0,-0.745,37.99722222222222,481.89166666666665,60.00088869166666,13.916111111111109,14.69972222222222,0.0,37.99722222222222,-0.07833333333333334,0.0,37.99722222222222,37.91888888888889,481.89166666666665,60.00088869166666,37.91888888888889,0.0,0.5989335700000084,0.0,0.0,137.87333378888886,49.954679138088665,68.87418151122542,0.12,0.08,0,,0.0,0.0,37.91888888888889,0.0,6390.344444444452,33555.13261816675,3195.172222222226
2023-03-26 04:00:00,4,0,6,True,-0.06388888888888888,0.0,-0.73,38.0,479.9555555555556,59.989278202777776,13.496944444444447,14.440833333333336,0.0,38.0,-0.06388888888888888,0.0,38.0,37.93611111111111,479.9555555555556,59.989278202777776,37.93611111111111,0.0,0.5871338433333306,0.0,0.0,137.87333378888886,49.96303617645529,68.88570363862749,0.12,0.08,0,,0.0,0.0,37.93611111111111,0.0,6390.344444444452,33555.13261816675,3195.172222222226
2023-03-26 05:00:00,5,0,6,True,-0.08083333333333334,0.0,-0.7783333333333334,37.99722222222222,484.31388888888887,59.986805877777776,13.08611111111111,14.191111111111109,0.0,37.99722222222222,-0.08083333333333334,0.0,37.99722222222222,37.91638888888889,484.31388888888887,59.986805877777776,37.91638888888889,0.0,0.5841670533333314,0.0,0.0,137.87333378888886,49.95323272760213,68.87218729686735,0.12,0.08,0,,0.0,0.0,37.91638888888889,0.0,6390.344444444452,33555.13261816675,3195.172222222226
2023-03-26 06:00:00,6,0,6,True,-0.07472222222222222,2.058333333333333,-0.757777777777778,37.99444444444445,486.19444444444446,59.98944471111111,12.659166666666668,13.94888888888889,2.058333333333333,37.99444444444445,-0.07472222222222222,0.0,40.05277777777778,39.97805555555556,486.19444444444446,59.98944471111111,39.97805555555556,0.0,0.5873336533333343,5.139052638879256,0.0,137.87333378888886,49.95676839768032,68.87706204307594,0.18,0.096,0,,2.058333333333333,0.0,39.97805555555556,1.0291666666666666,6392.402777777786,33555.13261816675,3196.201388888893
2023-03-26 07:00:00,7,0,6,True,-0.07583333333333334,9.63888888888889,-0.7555555555555555,38.0,485.98055555555555,59.99594483333333,12.303611111111111,13.753055555555557,9.63888888888889,38.0,-0.07583333333333334,0.0,47.638888888888886,47.56305555555555,485.98055555555555,59.99594483333333,47.56305555555555,0.0,0.5951337999999993,20.2332361516035,0.0,137.87333378888886,49.956125548575194,68.87617572558347,0.18,0.096,0,,9.63888888888889,0.0,47.56305555555555,4.819444444444445,6402.041666666674,33555.13261816675,3201.020833333337
2023-03-26 08:00:00,8,0,6,True,-0.06472222222222222,24.04722222222222,-0.746388888888889,37.99166666666667,482.8361111111111,59.99052825277778,12.118055555555555,13.606388888888887,24.04722222222222,37.99166666666667,-0.06472222222222222,0.0,62.03888888888889,61.97416666666667,482.8361111111111,59.99052825277778,61.97416666666667,0.0,0.5886339033333342,38.76152950658189,0.0,137.87333378888886,49.96255403962645,68.88503890050814,0.18,0.096,0,,24.04722222222222,0.0,61.97416666666667,12.02361111111111,6426.088888888897,33555.13261816675,3213.0444444444483
2023-03-26 09:00:00,9,0,6,True,-0.08166666666666668,29.983333333333334,-0.7480555555555556,37.99444444444445,481.77222222222224,59.99611122499999,12.153333333333332,13.585555555555553,29.983333333333334,37.99444444444445,-0.08166666666666668,0.0,67.97777777777779,67.89611111111113,481.77222222222224,59.99611122499999,67.89611111111113,0.0,0.5953334699999914,44.107551487414185,0.0,137.87333378888886,49.952750590773285,68.871522558748,0.18,0.096,0,,29.983333333333334,0.0,67.89611111111113,14.991666666666667,6456.07222222223,33555.13261816675,3228.036111111115
2023-03-26 10:00:00,10,0,6,True,-0.05638888888888889,26.71388888888889,-0.6902777777777778,37.99722222222222,480.43055555555554,59.99694465277777,12.454166666666667,13.757777777777775,26.71388888888889,37.99722222222222,-0.05638888888888889,0.0,64.71111111111111,64.65472222222222,480.43055555555554,59.99694465277777,64.65472222222222,0.0,0.5963335833333246,41.28176510989011,0.0,137.87333378888886,49.967375407914886,68.89168628170165,0.18,0.096,0,,26.71388888888889,0.0,64.65472222222222,13.356944444444444,6482.786111111119,33555.13261816675,3241.3930555555594
2023-03-26 11:00:00,11,0,6,True,-0.06388888888888888,34.702777777777776,-0.6941666666666667,37.975,482.84166666666664,59.984361705555564,12.834722222222222,13.980555555555556,34.702777777777776,37.975,-0.06388888888888888,0.0,72.67777777777778,72.6138888888889,482.84166666666664,59.984361705555564,72.6138888888889,0.0,0.5812340466666768,47.74881516587677,0.0,137.87333378888886,49.96303617645529,68.88570363862749,0.12,0.08,0,,34.702777777777776,0.0,72.6138888888889,17.351388888888888,6517.488888888896,33555.13261816675,3258.744444444448
2023-03-26 12:00:00,12,0,6,True,-0.06055555555555556,22.752777777777776,-0.7147222222222223,37.922222222222224,481.3361111111111,59.98255611388889,13.444722222222222,14.334444444444445,22.752777777777776,37.922222222222224,-0.06055555555555556,0.0,60.675,60.614444444444445,481.3361111111111,59.98255611388889,60.614444444444445,0.0,0.5790673366666681,37.49942773428558,0.0,137.87333378888886,49.96496472377067,68.88836259110491,0.12,0.08,0,,22.752777777777776,0.0,60.614444444444445,11.376388888888888,6540.241666666674,33555.13261816675,3270.120833333337
2023-03-26 13:00:00,13,0,6,True,-0.07444444444444445,12.444444444444445,-0.7319444444444444,37.94444444444444,480.2083333333333,59.992305783333336,13.830000000000004,14.491666666666667,12.444444444444445,37.94444444444444,-0.07444444444444445,0.0,50.388888888888886,50.31444444444444,480.2083333333333,59.992305783333336,50.31444444444444,0.0,0.5907669400000032,24.696802646086,0.0,137.87333378888886,49.9569291099566,68.87728362244904,0.12,0.08,0,,12.444444444444445,0.0,50.31444444444444,6.222222222222222,6552.686111111118,33555.13261816675,3276.343055555559
2023-03-26 14:00:00,14,0,6,True,-0.0775,11.2,68.93388985555558,37.99722222222222,483.81666666666666,59.987278227777786,14.094999999999997,14.613888888888889,11.2,37.99722222222222,-0.0775,68.93388985555558,49.19722222222222,-19.814167633333355,483.81666666666666,59.987278227777786,0.0,19.814167633333355,0.584733873333343,16.229205097074818,48.53473903791845,137.87333378888886,49.95516127491751,68.87484624934477,0.12,0.08,0,,11.2,68.93388985555558,-19.814167633333355,5.6,6563.886111111118,33624.066508022304,3281.943055555559
2023-03-26 15:00:00,15,0,6,True,-0.08444444444444445,15.416666666666666,117.25583489166668,37.92777777777778,487.9611111111111,59.98744491111112,14.427500000000002,14.838333333333336,15.416666666666666,37.92777777777778,-0.08444444444444445,117.25583489166668,53.34444444444444,-63.99583489166668,487.9611111111111,59.98744491111112,0.0,63.99583489166668,0.5849338933333428,13.138426765209033,82.55708997512264,137.87333378888886,49.95114346801047,68.86930676501683,0.12,0.08,0,,15.416666666666666,117.25583489166668,-63.99583489166668,7.708333333333333,6579.302777777785,33741.32234291397,3289.6513888888926
2023-03-26 16:00:00,16,0,6,True,-0.10277777777777777,16.858333333333334,116.14972370555556,37.96388888888889,488.1111111111111,59.997611238888894,14.780833333333334,15.053333333333333,16.858333333333334,37.96388888888889,-0.10277777777777777,116.14972370555556,54.82222222222222,-61.43027926111111,488.1111111111111,59.997611238888894,0.0,61.43027926111111,0.5971334866666723,14.501480069872086,81.77830296807403,137.87333378888886,49.940536457775906,68.85468252639112,0.12,0.08,0,,16.858333333333334,116.14972370555556,-61.43027926111111,8.429166666666667,6596.161111111119,33857.47206661953,3298.0805555555594
2023-03-26 17:00:00,17,0,6,True,-0.09277777777777778,4.583333333333333,116.6427793027778,37.955555555555556,488.0444444444444,60.02302749722221,15.043611111111108,15.18861111111111,4.583333333333333,37.955555555555556,-0.09277777777777778,116.6427793027778,42.53888888888889,-74.19666819166669,488.0444444444444,60.02302749722221,0.0,74.19666819166669,0.5723670033333491,3.926253018324586,82.12545187831994,137.87333378888886,49.94632209972203,68.86265938382331,0.12,0.08,0,,4.583333333333333,116.6427793027778,-74.19666819166669,2.2916666666666665,6600.744444444452,33974.114845922304,3300.372222222226
2023-03-26 18:00:00,18,0,6,True,-0.08972222222222222,-0.16944444444444445,118.59916803333334,38.0,486.4472222222222,60.010388425,15.102499999999996,15.212777777777776,0.0,38.0,-0.08972222222222222,118.59916803333334,38.0,-80.68889025555556,486.4472222222222,60.010388425,0.0,80.68889025555556,0.5875338899999974,0.0,83.50289941092258,137.87333378888886,49.94808993476113,68.86509675692761,0.18,0.096,0,,0.0,118.59916803333334,-80.68889025555556,0.0,6600.744444444452,34092.714013955636,3300.372222222226
2023-03-26 19:00:00,19,0,6,True,-0.09472222222222222,0.0,119.47916812500002,38.0,484.40555555555557,60.005305641666666,15.145555555555552,15.21444444444444,0.0,38.0,-0.09472222222222222,119.47916812500002,38.0,-81.57389034722223,484.40555555555557,60.005305641666666,0.0,81.57389034722223,0.5936332300000003,0.0,84.12248688657327,137.87333378888886,49.94519711378806,68.8611083282115,0.18,0.096,0,,0.0,119.47916812500002,-81.57389034722223,0.0,6600.744444444452,34212.193182080635,3300.372222222226
2023-03-26 20:00:00,20,0,6,True,-0.10138888888888889,0.0,115.14389023055557,38.0,486.30833333333334,60.042305558333325,15.136666666666663,15.200833333333332,0.0,38.0,-0.10138888888888889,115.14389023055557,38.0,-77.24527911944446,486.30833333333334,60.042305558333325,0.0,77.24527911944446,0.5492333300000097,0.0,81.07011915127478,137.87333378888886,49.94134001915731,68.85579042325669,0.18,0.096,0,,0.0,115.14389023055557,-77.24527911944446,0.0,6600.744444444452,34327.33707231119,3300.372222222226
2023-03-26 21:00:00,21,0,6,True,-0.10472222222222223,0.0,117.9172237888889,38.0,488.4166666666667,60.02930521388888,15.09972222222222,15.141388888888885,0.0,38.0,-0.10472222222222223,117.9172237888889,38.0,-80.02194601111113,488.4166666666667,60.02930521388888,0.0,80.02194601111113,0.5648337433333409,0.0,83.02275842349427,137.87333378888886,49.939411471841936,68.85313147077929,0.18,0.096,0,,0.0,117.9172237888889,-80.02194601111113,0.0,6600.744444444452,34445.25429610008,3300.372222222226
2023-03-26 22:00:00,22,0,6,True,-0.09083333333333334,0.0,117.94944599444445,37.99722222222222,488.5472222222222,60.02977737222222,15.01138888888889,15.061111111111108,0.0,37.99722222222222,-0.09083333333333334,117.94944599444445,37.99722222222222,-80.04305710555556,488.5472222222222,60.02977737222222,0.0,80.04305710555556,0.5642671533333355,0.0,83.0454453245402,137.87333378888886,49.947447085656,68.86421043943514,0.18,0.096,0,,0.0,117.94944599444445,-80.04305710555556,0.0,6600.744444444452,34563.20374209453,3300.372222222226
2023-03-26 23:00:00,23,0,6,True,-0.08333333333333333,0.0,119.02472366388889,38.0,488.06666666666666,60.02247162222221,14.864722222222225,14.905555555555559,0.0,38.0,-0.08333333333333333,119.02472366388889,38.0,-81.10805699722222,488.06666666666666,60.02247162222221,0.0,81.10805699722222,0.5730340533333447,0.0,83.8025231738991,137.87333378888886,49.9517863171156,68.8701930825093,0.12,0.08,0,,0.0,119.02472366388889,-81.10805699722222,0.0,6600.744444444452,34682.22846575842,3300.372222222226
2023-03-27 00:00:00,0,0,0,False,-0.09527777777777777,0.0,119.34222371388893,37.99444444444445,489.4166666666667,60.019249536111104,14.674722222222222,14.792222222222223,0.0,37.99444444444445,-0.09527777777777777,119.34222371388893,37.99444444444445,-81.44305704722227,489.4166666666667,60.019249536111104,0.0,81.44305704722227,0.5769005566666748,0.0,84.02606753072514,137.87333378888886,49.9448756892355,68.86066516946526,0.12,0.08,0,,0.0,119.34222371388893,-81.44305704722227,0.0,6600.744444444452,34801.570689472304,3300.372222222226
2023-03-27 01:00:00,1,0,0,False,-0.08555555555555555,0.0,119.94250155,38.0,490.7472222222222,60.017305227777776,14.403333333333336,14.620833333333334,0.0,38.0,-0.08555555555555555,119.94250155,38.0,-82.02805710555556,490.7472222222222,60.017305227777776,0.0,82.02805710555556,0.5792337266666692,0.0,84.44870911075125,137.87333378888886,49.950500618905345,68.86842044752436,0.12,0.08,0,,0.0,119.94250155,-82.02805710555556,0.0,6600.744444444452,34921.513191022306,3300.372222222226
2023-03-27 02:00:00,2,0,0,False,-0.08777777777777779,0.0,121.54694596944444,37.99444444444445,491.15277777777777,60.006972205555556,14.090277777777779,14.469444444444447,0.0,37.99444444444445,-0.08777777777777779,121.54694596944444,37.99444444444445,-83.64027930277777,491.15277777777777,60.006972205555556,0.0,83.64027930277777,0.5916333533333329,0.0,85.57836088815351,137.87333378888886,49.9492149206951,68.86664781253943,0.12,0.08,0,,0.0,121.54694596944444,-83.64027930277777,0.0,6600.744444444452,35043.06013699175,3300.372222222226
2023-03-27 03:00:00,3,0,0,False,-0.08,0.0,121.68222368611114,37.98888888888889,490.77777777777777,60.002888830555555,13.769444444444444,14.283333333333333,0.0,37.98888888888889,-0.08,121.68222368611114,37.98888888888889,-83.77333479722226,490.77777777777777,60.002888830555555,0.0,83.77333479722226,0.5965334033333335,0.0,85.6736067634381,137.87333378888886,49.95371486443097,68.8728520349867,0.12,0.08,0,,0.0,121.68222368611114,-83.77333479722226,0.0,6600.744444444452,35164.74236067786,3300.372222222226
2023-03-27 04:00:00,4,0,0,False,-0.08055555555555556,0.0,123.46472385555559,37.975,488.2638888888889,59.99077815277777,13.435277777777777,14.08944444444444,0.0,37.975,-0.08055555555555556,123.46472385555559,37.975,-85.57027941111113,488.2638888888889,59.99077815277777,0.0,85.57027941111113,0.5889337833333258,0.0,86.92862342854016,137.87333378888886,49.95339343987841,68.87240887624047,0.12,0.08,0,,0.0,123.46472385555559,-85.57027941111113,0.0,6600.744444444452,35288.20708453342,3300.372222222226
2023-03-27 05:00:00,5,0,0,False,-0.0825,0.0,124.38666803333334,37.91111111111111,487.8305555555556,59.98427838611111,13.068888888888889,13.878055555555559,0.0,37.91111111111111,-0.0825,124.38666803333334,37.91111111111111,-86.55805692222222,487.8305555555556,59.98427838611111,0.0,86.55805692222222,0.5811340633333287,0.0,87.57774275387828,137.87333378888886,49.95226845394444,68.87085782062866,0.12,0.08,0,,0.0,124.38666803333334,-86.55805692222222,0.0,6600.744444444452,35412.59375256675,3300.372222222226
2023-03-27 06:00:00,6,0,0,False,-0.06444444444444446,1.3972222222222221,122.8336126277778,37.99166666666667,488.3,59.98944495,12.691666666666666,13.685833333333333,1.3972222222222221,37.99166666666667,-0.06444444444444446,122.8336126277778,39.388888888888886,-83.50916818333336,488.3,59.98944495,0.0,83.50916818333336,0.5873339399999992,1.1368952898914673,86.4842727788339,137.87333378888886,49.96271475190273,68.88526047988127,0.18,0.096,0,,1.3972222222222221,122.8336126277778,-83.50916818333336,0.6986111111111111,6602.141666666674,35535.427365194526,3301.070833333337
2023-03-27 07:00:00,7,0,0,False,-0.08611111111111111,11.555555555555555,119.3961126277778,38.0,488.09444444444443,60.010110480555554,12.358888888888892,13.490555555555556,11.555555555555555,38.0,-0.08611111111111111,119.3961126277778,49.55555555555556,-69.92666818333335,488.09444444444443,60.010110480555554,0.0,69.92666818333335,0.5878674233333356,9.671359633219206,84.06400945418419,137.87333378888886,49.950179194352785,68.86797728877814,0.18,0.096,0,,11.555555555555555,119.3961126277778,-69.92666818333335,5.777777777777778,6613.697222222229,35654.823477822305,3306.8486111111147
2023-03-27 08:00:00,8,0,0,False,-0.07388888888888888,18.380555555555556,121.79527928611112,37.983333333333334,488.24444444444447,59.99605596388889,12.183333333333334,13.38305555555556,18.380555555555556,37.983333333333334,-0.07388888888888888,121.79527928611112,56.363888888888894,-65.50527928611112,488.24444444444447,59.99605596388889,0.0,65.50527928611112,0.5952671566666708,15.082203178052136,85.75320656629664,137.87333378888886,49.957250534509164,68.87772678119528,0.18,0.096,0,,18.380555555555556,121.79527928611112,-65.50527928611112,9.190277777777778,6632.077777777785,35776.618757108416,3316.0388888888924
2023-03-27 09:00:00,9,0,0,False,-0.0663888888888889,21.21388888888889,119.53833480000002,37.99722222222222,487.8638888888889,60.01174948888889,12.128888888888888,13.32888888888889,21.21388888888889,37.99722222222222,-0.0663888888888889,119.53833480000002,59.21111111111111,-60.393612577777795,487.8638888888889,60.01174948888889,0.0,60.393612577777795,0.5859006133333338,17.736664769252446,84.16414475814969,137.87333378888886,49.96158976596876,68.88370942426944,0.18,0.096,0,,21.21388888888889,119.53833480000002,-60.393612577777795,10.606944444444444,6653.291666666673,35896.15709190842,3326.6458333333367
2023-03-27 10:00:00,10,0,0,False,-0.06333333333333332,29.616666666666667,121.58500154722222,37.99166666666667,489.8388888888889,59.99572246111111,12.294166666666667,13.420833333333333,29.616666666666667,37.99166666666667,-0.06333333333333332,121.58500154722222,67.60833333333333,-54.04000154722222,489.8388888888889,59.99572246111111,0.0,54.04000154722222,0.5948669533333287,24.346134039357604,85.60515493010084,137.87333378888886,49.96335760100786,68.88614679737374,0.18,0.096,0,,29.616666666666667,121.58500154722222,-54.04000154722222,14.808333333333334,6682.90833333334,36017.74209345564,3341.45416666667
2023-03-27 11:00:00,11,0,0,False,-0.06277777777777778,19.538888888888888,120.00639027222223,37.99166666666667,490.31111111111113,59.99313946944446,12.433611111111112,13.465833333333332,19.538888888888888,37.99166666666667,-0.06277777777777778,120.00639027222223,57.53055555555555,-62.53861249444446,490.31111111111113,59.99313946944446,0.0,62.53861249444446,0.5917673633333492,16.273027627502483,84.49369166529763,137.87333378888886,49.96367902556042,68.88658995611996,0.12,0.08,0,,19.538888888888888,120.00639027222223,-62.53861249444446,9.769444444444444,6702.447222222229,36137.74848372787,3351.2236111111147
2023-03-27 12:00:00,12,0,0,False,-0.07555555555555557,34.891666666666666,118.04139031944445,37.99444444444445,489.4194444444444,60.00772164166667,12.691944444444443,13.594999999999997,34.891666666666666,37.99444444444445,-0.07555555555555557,118.04139031944445,72.88611111111112,-45.23083476388888,489.4194444444444,60.00772164166667,0.0,45.23083476388888,0.5907340299999958,29.539932994535416,83.11018117260048,137.87333378888886,49.95628626085148,68.87639730495658,0.12,0.08,0,,34.891666666666666,118.04139031944445,-45.23083476388888,17.445833333333333,6737.338888888896,36255.78987404731,3368.669444444448
2023-03-27 13:00:00,13,0,0,False,-0.08333333333333333,37.72222222222222,116.3038903916667,38.0,488.2388888888889,60.015610511111106,13.247777777777777,13.852777777777778,37.72222222222222,38.0,-0.08333333333333333,116.3038903916667,75.72222222222223,-40.665001502777805,488.2388888888889,60.015610511111106,0.0,40.665001502777805,0.5812673866666728,32.41096489366596,81.88684812480933,137.87333378888886,49.9517863171156,68.8701930825093,0.12,0.08,0,,37.72222222222222,116.3038903916667,-40.665001502777805,18.86111111111111,6775.061111111118,36372.09376443898,3387.530555555559
2023-03-27 14:00:00,14,0,0,False,-0.08527777777777779,34.75277777777778,119.71361259444444,37.977777777777774,488.06666666666666,59.996111525,13.873611111111112,14.2725,34.75277777777778,37.977777777777774,-0.08527777777777779,119.71361259444444,72.73055555555555,-47.06833481666666,488.06666666666666,59.996111525,0.0,47.06833481666666,0.5953338300000041,29.00926516915044,84.28755375233715,137.87333378888886,49.95066133118163,68.86864202689748,0.12,0.08,0,,34.75277777777778,119.71361259444444,-47.06833481666666,17.37638888888889,6809.813888888896,36491.80737703342,3404.906944444448
2023-03-27 15:00:00,15,0,0,False,-0.08416666666666667,23.947222222222223,118.23333473055557,37.97222222222222,489.3333333333333,59.99661142222222,14.358888888888888,14.713888888888889,23.947222222222223,37.97222222222222,-0.08416666666666667,118.23333473055557,61.919444444444444,-56.39805695277779,489.3333333333333,59.99661142222222,0.0,56.39805695277779,0.5959337066666677,20.23979710476242,83.24532474164302,137.87333378888886,49.951304180286755,68.86952834438995,0.12,0.08,0,,23.947222222222223,118.23333473055557,-56.39805695277779,11.973611111111111,6833.761111111118,36610.04071176398,3416.880555555559
2023-03-27 16:00:00,16,0,0,False,-0.08861111111111111,11.397222222222222,119.1766682666667,37.99722222222222,490.15,59.998444475,14.764444444444447,14.936666666666666,11.397222222222222,37.99722222222222,-0.08861111111111111,119.1766682666667,49.394444444444446,-69.87083493333336,490.15,59.998444475,0.0,69.87083493333336,0.5981333699999993,9.556194629051292,83.90950381374829,137.87333378888886,49.948732783866255,68.86598307442009,0.12,0.08,0,,11.397222222222222,119.1766682666667,-69.87083493333336,5.698611111111111,6845.15833333334,36729.21738003064,3422.57916666667
2023-03-27 17:00:00,17,0,0,False,-0.1,3.4277777777777776,122.16027954166667,37.99166666666667,490.15,59.97663930000001,14.820555555555558,14.931666666666668,3.4277777777777776,37.99166666666667,-0.1,122.16027954166667,41.419444444444444,-80.84083509722223,490.15,59.97663930000001,0.0,80.84083509722223,0.5719671600000111,2.803672452433401,86.01019470651741,137.87333378888886,49.94214358053872,68.85689832012227,0.12,0.08,0,,3.4277777777777776,122.16027954166667,-80.84083509722223,1.7138888888888888,6848.586111111118,36851.37765957231,3424.293055555559
2023-03-27 18:00:00,18,0,0,False,-0.095,-0.17222222222222222,122.05305710277779,37.99166666666667,487.3888888888889,59.972222577777785,14.828333333333335,14.915000000000001,0.0,37.99166666666667,-0.095,122.05305710277779,37.99166666666667,-84.15639043611111,487.3888888888889,59.972222577777785,0.0,84.15639043611111,0.5666670933333421,0.0,85.93470189592183,137.87333378888886,49.94503640151178,68.86088674883838,0.18,0.096,0,,0.0,122.05305710277779,-84.15639043611111,0.0,6848.586111111118,36973.43071667509,3424.293055555559
2023-03-27 19:00:00,19,0,0,False,-0.10750000000000001,0.0,123.58139048055558,37.986111111111114,487.4277777777778,59.966667,14.77611111111111,14.867222222222225,0.0,37.986111111111114,-0.10750000000000001,123.58139048055558,37.986111111111114,-85.70277936944447,487.4277777777778,59.966667,0.0,85.70277936944447,0.5600004000000013,0.0,87.01076566961599,137.87333378888886,49.93780434907912,68.85091567704812,0.18,0.096,0,,0.0,123.58139048055558,-85.70277936944447,0.0,6848.586111111118,37097.01210715564,3424.293055555559
2023-03-27 20:00:00,20,0,0,False,-0.10250000000000002,0.0,119.54111261944446,37.986111111111114,489.5138888888889,59.99949995555556,14.718333333333334,14.806666666666668,0.0,37.986111111111114,-0.10250000000000002,119.54111261944446,37.986111111111114,-81.65750150833335,489.5138888888889,59.99949995555556,0.0,81.65750150833335,0.5993999466666678,0.0,84.16610055582937,137.87333378888886,49.94069717005218,68.85490410576422,0.18,0.096,0,,0.0,119.54111261944446,-81.65750150833335,0.0,6848.586111111118,37216.55321977509,3424.293055555559
2023-03-27 21:00:00,21,0,0,False,-0.09555555555555557,0.0,118.94027923611114,38.0,489.97777777777776,60.00119435277778,14.621944444444441,14.759999999999998,0.0,38.0,-0.09555555555555557,118.94027923611114,38.0,-81.03583479166669,489.97777777777776,60.00119435277778,0.0,81.03583479166669,0.5985667766666637,0.0,83.74306782800193,137.87333378888886,49.94471497695922,68.86044359009215,0.18,0.096,0,,0.0,118.94027923611114,-81.03583479166669,0.0,6848.586111111118,37335.4934990112,3424.293055555559
2023-03-27 22:00:00,22,0,0,False,-0.11305555555555556,0.0,116.64555712222223,38.0,488.7583333333333,60.01686057222222,14.526666666666666,14.674722222222218,0.0,38.0,-0.11305555555555556,116.64555712222223,38.0,-78.75861267777779,488.7583333333333,60.01686057222222,0.0,78.75861267777779,0.5797673133333348,0.0,82.12740767599959,137.87333378888886,49.9345901035535,68.84648408958577,0.18,0.096,0,,0.0,116.64555712222223,-78.75861267777779,0.0,6848.586111111118,37452.13905613343,3424.293055555559
2023-03-27 23:00:00,23,0,0,False,-0.09888888888888892,0.0,116.73139031388891,38.0,487.7111111111111,60.01672164722222,14.442222222222224,14.562777777777777,0.0,38.0,-0.09888888888888892,116.73139031388891,38.0,-78.8302792027778,487.7111111111111,60.01672164722222,0.0,78.8302792027778,0.5799340233333368,0.0,82.1878408180588,137.87333378888886,49.94278642964384,68.85778463761474,0.12,0.08,0,,0.0,116.73139031388891,-78.8302792027778,0.0,6848.586111111118,37568.87044644731,3424.293055555559
2023-03-28 00:00:00,0,0,1,False,-0.09055555555555554,0.0,118.66083485833335,38.0,487.64166666666665,60.00194451944444,14.307777777777778,14.484722222222222,0.0,38.0,-0.09055555555555554,118.66083485833335,38.0,-80.7513904138889,487.64166666666665,60.00194451944444,0.0,80.7513904138889,0.5976665766666684,0.0,83.54631757961933,137.87333378888886,49.947607797932285,68.86443201880826,0.12,0.08,0,,0.0,118.66083485833335,-80.7513904138889,0.0,6848.586111111118,37687.531281305644,3424.293055555559
2023-03-28 01:00:00,1,0,1,False,-0.10194444444444445,0.0,119.05083478055555,37.99444444444445,488.1694444444444,59.995000205555556,14.147499999999996,14.369444444444449,0.0,37.99444444444445,-0.10194444444444445,119.05083478055555,37.99444444444445,-81.15833478055553,488.1694444444444,59.995000205555556,0.0,81.15833478055553,0.594000246666667,0.0,83.82090740023625,137.87333378888886,49.94101859460475,68.85534726451046,0.12,0.08,0,,0.0,119.05083478055555,-81.15833478055553,0.0,6848.586111111118,37806.5821160862,3424.293055555559
2023-03-28 02:00:00,2,0,1,False,-0.08861111111111111,0.0,121.0536127027778,37.99444444444445,488.8222222222222,59.989000419444444,13.9625,14.205555555555556,0.0,37.99444444444445,-0.08861111111111111,121.0536127027778,37.99444444444445,-83.14777936944446,488.8222222222222,59.989000419444444,0.0,83.14777936944446,0.5868005033333332,0.0,85.2310164773483,137.87333378888886,49.948732783866255,68.86598307442009,0.12,0.08,0,,0.0,121.0536127027778,-83.14777936944446,0.0,6848.586111111118,37927.635728788984,3424.293055555559
2023-03-28 03:00:00,3,0,1,False,-0.08694444444444446,0.0,119.59055694722224,37.983333333333334,488.8222222222222,59.9948890638889,13.728611111111109,14.081944444444442,0.0,37.983333333333334,-0.08694444444444446,119.59055694722224,37.983333333333334,-81.69416805833335,488.8222222222222,59.9948890638889,0.0,81.69416805833335,0.5938668766666779,0.0,84.2009131501952,137.87333378888886,49.94969705752394,68.86731255065878,0.12,0.08,0,,0.0,119.59055694722224,-81.69416805833335,0.0,6848.586111111118,38047.22628573621,3424.293055555559
2023-03-28 04:00:00,4,0,1,False,-0.09305555555555556,0.0,119.81416830833334,37.96666666666667,487.6611111111111,59.99075026944445,13.440555555555557,13.922222222222224,0.0,37.96666666666667,-0.09305555555555556,119.81416830833334,37.96666666666667,-81.94055719722222,487.6611111111111,59.99075026944445,0.0,81.94055719722222,0.5889003233333369,0.0,84.35835267783803,137.87333378888886,49.94616138744575,68.8624378044502,0.12,0.08,0,,0.0,119.81416830833334,-81.94055719722222,0.0,6848.586111111118,38167.04045404454,3424.293055555559
2023-03-28 05:00:00,5,0,1,False,-0.08527777777777777,0.0,121.01472377222223,37.93333333333333,486.3388888888889,59.98666700833334,13.143888888888887,13.77361111111111,0.0,37.93333333333333,-0.08527777777777777,121.01472377222223,37.93333333333333,-83.16666821666666,486.3388888888889,59.98666700833334,0.0,83.16666821666666,0.5840004100000101,0.0,85.20363569120765,137.87333378888886,49.95066133118163,68.86864202689748,0.12,0.08,0,,0.0,121.01472377222223,-83.16666821666666,0.0,6848.586111111118,38288.05517781676,3424.293055555559
2023-03-28 06:00:00,6,0,1,False,-0.08027777777777778,1.5666666666666667,120.10361249444446,37.96944444444444,490.55833333333334,59.9890281,12.801666666666668,13.591388888888888,1.5666666666666667,37.96944444444444,-0.08027777777777778,120.10361249444446,39.53611111111111,-80.64777916111113,490.55833333333334,59.9890281,0.0,80.64777916111113,0.5868337199999984,1.3035579586565986,84.56214355730793,137.87333378888886,49.953554152154695,68.87263045561359,0.18,0.096,0,,1.5666666666666667,120.10361249444446,-80.64777916111113,0.7833333333333333,6850.152777777785,38408.1587903112,3425.0763888888923
2023-03-28 07:00:00,7,0,1,False,-0.06722222222222222,11.963888888888889,118.47916827222224,38.0,490.3333333333333,59.99238937500001,12.478611111111114,13.418333333333335,11.963888888888889,38.0,-0.06722222222222222,118.47916827222224,49.96388888888889,-68.58250160555558,490.3333333333333,59.99238937500001,0.0,68.58250160555558,0.5908672500000108,10.092157879281496,83.41841038669453,137.87333378888886,49.96110762913992,68.8830446861501,0.18,0.096,0,,11.963888888888889,118.47916827222224,-68.58250160555558,5.981944444444444,6862.116666666673,38526.63795858342,3431.0583333333366
2023-03-28 08:00:00,8,0,1,False,-0.07805555555555556,24.38888888888889,119.5327792027778,37.975,489.59722222222223,59.98958370555556,12.293055555555556,13.310833333333335,24.38888888888889,37.975,-0.07805555555555556,119.5327792027778,62.363888888888894,-57.24694586944447,489.59722222222223,59.98958370555556,0.0,57.24694586944447,0.5875004466666723,20.39020038457653,84.16023319212688,137.87333378888886,49.95483985036494,68.87440309059852,0.18,0.096,0,,24.38888888888889,119.5327792027778,-57.24694586944447,12.194444444444445,6886.505555555562,38646.1707377862,3443.252777777781
2023-03-28 09:00:00,9,0,1,False,-0.07861111111111112,34.477777777777774,118.69083490833336,37.99444444444445,490.5388888888889,59.99563930833334,12.348333333333333,13.291111111111114,34.477777777777774,37.99444444444445,-0.07861111111111112,118.69083490833336,72.47222222222223,-46.29722379722224,490.5388888888889,59.99563930833334,0.0,46.29722379722224,0.5947671700000058,29.029164430162623,83.5674399129292,137.87333378888886,49.95451842581238,68.8739599318523,0.18,0.096,0,,34.477777777777774,118.69083490833336,-46.29722379722224,17.238888888888887,6920.98333333334,38764.86157269453,3460.49166666667
2023-03-28 10:00:00,10,0,1,False,-0.07777777777777778,40.56666666666667,118.79889043611112,37.975,489.3222222222222,59.992611575000005,12.75,13.55361111111111,40.56666666666667,37.975,-0.07777777777777778,118.79889043611112,78.54166666666667,-40.33500154722223,489.3222222222222,59.992611575000005,0.0,40.33500154722223,0.591133890000006,34.12500306088414,83.64351928192009,137.87333378888886,49.955000562641224,68.87462466997164,0.18,0.096,0,,40.56666666666667,118.79889043611112,-40.33500154722223,20.283333333333335,6961.550000000007,38883.66046313064,3480.7750000000033
2023-03-28 11:00:00,11,0,1,False,-0.08555555555555555,43.986111111111114,118.79166820833335,37.986111111111114,489.78055555555557,59.99402806111111,13.326944444444443,13.903055555555557,43.986111111111114,37.986111111111114,-0.08555555555555555,118.79166820833335,81.97222222222223,-36.90500154166668,489.78055555555557,59.99402806111111,0.0,36.90500154166668,0.592833673333331,37.00129403970207,83.63843428031637,137.87333378888886,49.950500618905345,68.86842044752436,0.12,0.08,0,,43.986111111111114,118.79166820833335,-36.90500154166668,21.993055555555557,7005.536111111118,39002.45213133897,3502.768055555559
2023-03-28 12:00:00,12,0,1,False,-0.085,44.19722222222222,116.51389030555555,38.0,487.55,60.009333138888884,13.921944444444444,14.286944444444448,44.19722222222222,38.0,-0.085,116.51389030555555,82.19722222222222,-34.40166808333333,487.55,60.009333138888884,0.0,34.40166808333333,0.588800233333339,37.90535407875693,82.03470415092272,137.87333378888886,49.95082204345791,68.8688636062706,0.12,0.08,0,,44.19722222222222,116.51389030555555,-34.40166808333333,22.09861111111111,7049.73333333334,39118.966021644526,3524.86666666667
2023-03-28 13:00:00,13,0,1,False,-0.08027777777777777,41.68611111111111,116.59639036944445,38.0,487.65277777777777,60.00324976666666,14.538333333333334,14.631111111111109,41.68611111111111,38.0,-0.08027777777777777,116.59639036944445,79.6861111111111,-36.99055703611113,487.65277777777777,60.00324976666666,0.0,36.99055703611113,0.5961002800000045,35.7278895370167,82.092790515697,137.87333378888886,49.953554152154695,68.87263045561359,0.12,0.08,0,,41.68611111111111,116.59639036944445,-36.99055703611113,20.843055555555555,7091.419444444451,39235.56241201397,3545.7097222222255
2023-03-28 14:00:00,14,0,1,False,-0.08972222222222223,36.330555555555556,117.71083479444444,37.99722222222222,488.0861111111111,60.01069416666666,15.070277777777775,15.138333333333334,36.330555555555556,37.99722222222222,-0.08972222222222223,117.71083479444444,74.32777777777778,-43.472779238888876,488.0861111111111,60.01069416666666,0.0,43.472779238888876,0.587167000000008,30.84073324917762,82.87744476127891,137.87333378888886,49.94808993476113,68.86509675692761,0.12,0.08,0,,36.330555555555556,117.71083479444444,-43.472779238888876,18.165277777777778,7127.750000000006,39353.273246808414,3563.875000000003
2023-03-28 15:00:00,15,0,1,False,-0.08416666666666667,27.216666666666665,119.93361273055558,37.980555555555554,488.98055555555555,59.99930559444444,15.473888888888887,15.592222222222219,27.216666666666665,37.980555555555554,-0.08416666666666667,119.93361273055558,65.19722222222222,-54.820557175000026,488.98055555555555,59.99930559444444,0.0,54.820557175000026,0.5991667133333237,22.677195664975432,84.44245070094739,137.87333378888886,49.951304180286755,68.86952834438995,0.12,0.08,0,,27.216666666666665,119.93361273055558,-54.820557175000026,13.608333333333333,7154.966666666673,39473.20685953897,3577.4833333333363
2023-03-28 16:00:00,16,0,1,False,-0.09555555555555557,16.191666666666666,121.48194601666667,37.99444444444445,489.6694444444444,59.997666844444446,15.814722222222226,15.832500000000001,16.191666666666666,37.99444444444445,-0.09555555555555557,121.48194601666667,54.18611111111112,-67.3913904611111,489.6694444444444,59.997666844444446,0.0,67.3913904611111,0.5972002133333347,13.317979442971303,85.53259594217184,137.87333378888886,49.94471497695922,68.86044359009215,0.12,0.08,0,,16.191666666666666,121.48194601666667,-67.3913904611111,8.095833333333333,7171.158333333339,39594.68880555564,3585.5791666666696
2023-03-28 17:00:00,17,0,1,False,-0.09388888888888888,3.4305555555555554,121.52389035277778,37.99166666666667,491.275,59.98527817222222,15.795000000000002,15.768888888888887,3.4305555555555554,37.99166666666667,-0.09388888888888888,121.52389035277778,41.422222222222224,-80.19555701944445,491.275,59.98527817222222,0.0,80.19555701944445,0.5823338066666679,2.820768128596312,85.56212796787847,137.87333378888886,49.945679250616905,68.86177306633084,0.12,0.08,0,,3.4305555555555554,121.52389035277778,-80.19555701944445,1.7152777777777777,7174.588888888895,39716.21269590842,3587.2944444444474
2023-03-28 18:00:00,18,0,1,False,-0.09527777777777777,-0.18611111111111112,120.99611271111112,37.99444444444445,490.96944444444443,59.98877809166667,15.646388888888886,15.665555555555555,0.0,37.99444444444445,-0.09527777777777777,120.99611271111112,37.99444444444445,-83.09694604444446,490.96944444444443,59.98877809166667,0.0,83.09694604444446,0.5865337100000004,0.0,85.19053207851238,137.87333378888886,49.9448756892355,68.86066516946526,0.18,0.096,0,,0.0,120.99611271111112,-83.09694604444446,0.0,7174.588888888895,39837.20880861953,3587.2944444444474
2023-03-28 19:00:00,19,0,1,False,-0.10555555555555556,0.0,120.39277920833334,37.99722222222222,491.15833333333336,60.001055477777776,15.464444444444446,15.57472222222222,0.0,37.99722222222222,-0.10555555555555556,120.39277920833334,37.99722222222222,-82.50111254166667,491.15833333333336,60.001055477777776,0.0,82.50111254166667,0.5987334266666693,0.0,84.76573907507805,137.87333378888886,49.93892933501309,68.85246673265993,0.18,0.096,0,,0.0,120.39277920833334,-82.50111254166667,0.0,7174.588888888895,39957.60158782786,3587.2944444444474
2023-03-28 20:00:00,20,0,1,False,-0.11833333333333332,0.0,121.22777926944444,37.99722222222222,491.15,60.003388225,15.338333333333336,15.474166666666665,0.0,37.99722222222222,-0.11833333333333332,121.22777926944444,37.99722222222222,-83.34889038055556,491.15,60.003388225,0.0,83.34889038055556,0.5959341299999977,0.0,85.35364308205621,137.87333378888886,49.93153657030415,68.84227408149654,0.18,0.096,0,,0.0,121.22777926944444,-83.34889038055556,0.0,7174.588888888895,40078.82936709731,3587.2944444444474
2023-03-28 21:00:00,21,0,1,False,-0.10861111111111112,0.0,117.26139039444446,37.99722222222222,488.56388888888887,60.01599963333332,15.168055555555553,15.377777777777784,0.0,37.99722222222222,-0.10861111111111112,117.26139039444446,37.99722222222222,-79.37277928333336,488.56388888888887,60.01599963333332,0.0,79.37277928333336,0.580800440000013,0.0,82.56100147464934,137.87333378888886,49.937161499973996,68.85002935955565,0.18,0.096,0,,0.0,117.26139039444446,-79.37277928333336,0.0,7174.588888888895,40196.09075749175,3587.2944444444474
2023-03-28 22:00:00,22,0,1,False,-0.0975,0.0,118.42861269166666,38.0,487.7388888888889,60.0115551361111,14.954444444444446,15.245277777777776,0.0,38.0,-0.0975,118.42861269166666,38.0,-80.52611269166665,487.7388888888889,60.0115551361111,0.0,80.52611269166665,0.5861338366666814,0.0,83.38281538524724,137.87333378888886,49.94358999102525,68.85889253448033,0.18,0.096,0,,0.0,118.42861269166666,-80.52611269166665,0.0,7174.588888888895,40314.519370183414,3587.2944444444474
2023-03-28 23:00:00,23,0,1,False,-0.08888888888888889,0.0,120.20361260833334,38.0,487.68611111111113,60.001694180555546,14.582777777777777,15.028888888888888,0.0,38.0,-0.08888888888888889,120.20361260833334,38.0,-82.29250149722223,487.68611111111113,60.001694180555546,0.0,82.29250149722223,0.5979669833333446,0.0,84.63255129784788,137.87333378888886,49.94857207158997,68.86576149504695,0.12,0.08,0,,0.0,120.20361260833334,-82.29250149722223,0.0,7174.588888888895,40434.72298279175,3587.2944444444474
2023-03-29 00:00:00,0,0,2,False,-0.08472222222222223,0.0,119.86305720277778,38.0,487.7472222222222,59.99044450833334,14.256944444444445,14.736944444444443,0.0,38.0,-0.08472222222222223,119.86305720277778,38.0,-81.94777942500001,487.7472222222222,59.99044450833334,0.0,81.94777942500001,0.5885334100000079,0.0,84.39277420458902,137.87333378888886,49.95098275573419,68.86908518564371,0.12,0.08,0,,0.0,119.86305720277778,-81.94777942500001,0.0,7174.588888888895,40554.58603999452,3587.2944444444474
2023-03-29 01:00:00,1,0,2,False,-0.09083333333333334,0.0,118.11666811666667,38.0,489.5805555555556,60.00413843333334,13.873055555555556,14.47638888888889,0.0,38.0,-0.09083333333333334,118.11666811666667,38.0,-80.20750145000001,489.5805555555556,60.00413843333334,0.0,80.20750145000001,0.595033879999994,0.0,83.16318250839025,137.87333378888886,49.947447085656,68.86421043943514,0.12,0.08,0,,0.0,118.11666811666667,-80.20750145000001,0.0,7174.588888888895,40672.70270811119,3587.2944444444474
2023-03-29 02:00:00,2,0,2,False,-0.08777777777777777,0.0,116.28083480000002,38.0,490.2111111111111,60.015638200000005,13.427499999999998,14.2325,0.0,38.0,-0.08777777777777777,116.28083480000002,38.0,-78.3686125777778,490.2111111111111,60.015638200000005,0.0,78.3686125777778,0.581234159999994,0.0,81.87061522213618,137.87333378888886,49.9492149206951,68.86664781253943,0.12,0.08,0,,0.0,116.28083480000002,-78.3686125777778,0.0,7174.588888888895,40788.98354291119,3587.2944444444474
2023-03-29 03:00:00,3,0,2,False,-0.0838888888888889,0.0,118.70694602777779,38.0,489.60833333333335,60.00177779444445,12.912777777777777,13.921388888888888,0.0,38.0,-0.0838888888888889,118.70694602777779,38.0,-80.79083491666668,489.60833333333335,60.00177779444445,0.0,80.79083491666668,0.5978666466666596,0.0,83.57878337518679,137.87333378888886,49.95146489256303,68.86974992376305,0.12,0.08,0,,0.0,118.70694602777779,-80.79083491666668,0.0,7174.588888888895,40907.69048893897,3587.2944444444474
2023-03-29 04:00:00,4,0,2,False,-0.07083333333333333,0.0,120.6569459777778,37.99722222222222,488.2944444444444,59.989917091666676,12.40361111111111,13.659722222222221,0.0,37.99722222222222,-0.07083333333333333,120.6569459777778,37.99722222222222,-82.73055708888892,488.2944444444444,59.989917091666676,0.0,82.73055708888892,0.5879005100000114,0.0,84.95173271687516,137.87333378888886,49.95901836954826,68.88016415429956,0.12,0.08,0,,0.0,120.6569459777778,-82.73055708888892,0.0,7174.588888888895,41028.347434916745,3587.2944444444474
2023-03-29 05:00:00,5,0,2,False,-0.07527777777777778,0.0,120.1455572388889,37.99722222222222,486.31388888888887,59.992195002777784,11.952499999999999,13.398888888888889,0.0,37.99722222222222,-0.07527777777777778,120.1455572388889,37.99722222222222,-82.22361279444445,486.31388888888887,59.992195002777784,0.0,82.22361279444445,0.5906340033333407,0.0,84.59167587051249,137.87333378888886,49.956446973127754,68.87661888432969,0.12,0.08,0,,0.0,120.1455572388889,-82.22361279444445,0.0,7174.588888888895,41148.49299215563,3587.2944444444474
2023-03-29 06:00:00,6,0,2,False,-0.06638888888888889,1.711111111111111,119.0866682,38.0,488.1138888888889,59.99802793055556,11.528888888888888,13.127777777777778,1.711111111111111,38.0,-0.06638888888888889,119.0866682,39.71111111111111,-79.44194597777779,488.1138888888889,59.99802793055556,0.0,79.44194597777779,0.5976335166666701,1.4360614430854357,83.84613687249173,137.87333378888886,49.96158976596876,68.88370942426944,0.18,0.096,0,,1.711111111111111,119.0866682,-79.44194597777779,0.8555555555555555,7176.300000000006,41267.57966035563,3588.150000000003
2023-03-29 07:00:00,7,0,2,False,-0.058888888888888886,12.28888888888889,120.1447237388889,38.0,486.9111111111111,59.99241681666667,11.189722222222223,12.907222222222224,12.28888888888889,38.0,-0.058888888888888886,120.1447237388889,50.28888888888889,-69.9147237388889,486.9111111111111,59.99241681666667,0.0,69.9147237388889,0.5909001800000027,10.223393973143413,84.59108902266344,137.87333378888886,49.96592899742836,68.8896920673436,0.18,0.096,0,,12.28888888888889,120.1447237388889,-69.9147237388889,6.144444444444445,7188.588888888895,41387.724384094516,3594.2944444444474
2023-03-29 08:00:00,8,0,2,False,-0.06555555555555556,24.67222222222222,119.84277929166667,37.99444444444445,488.0722222222222,59.99547245833334,10.973333333333334,12.791388888888887,24.67222222222222,37.99444444444445,-0.06555555555555556,119.84277929166667,62.66666666666667,-57.24166818055556,488.0722222222222,59.99547245833334,0.0,57.24166818055556,0.5945669500000065,20.575902629002087,84.37849700180713,137.87333378888886,49.962071902797604,68.8843741623888,0.18,0.096,0,,24.67222222222222,119.84277929166667,-57.24166818055556,12.33611111111111,7213.261111111117,41507.567163386186,3606.6305555555587
2023-03-29 09:00:00,9,0,2,False,-0.07555555555555556,33.33611111111111,116.84944595277778,38.0,488.8361111111111,60.01761052777777,11.080277777777777,12.773333333333332,33.33611111111111,38.0,-0.07555555555555556,116.84944595277778,71.33611111111111,-45.58889039722223,488.8361111111111,60.01761052777777,0.0,45.58889039722223,0.5788673666666767,28.510678367393666,82.27096103131576,137.87333378888886,49.95628626085148,68.87639730495658,0.18,0.096,0,,33.33611111111111,116.84944595277778,-45.58889039722223,16.668055555555554,7246.597222222228,41624.416609338965,3623.298611111114
2023-03-29 10:00:00,10,0,2,False,-0.07777777777777778,38.327777777777776,114.22889044444445,38.0,486.89722222222224,60.033221947222216,11.677222222222223,13.114166666666668,38.327777777777776,38.0,-0.07777777777777778,114.22889044444445,76.32777777777778,-37.97889044444444,486.89722222222224,60.033221947222216,0.0,37.97889044444444,0.5601336633333404,33.53065781190053,80.42588920963489,137.87333378888886,49.955000562641224,68.87462466997164,0.18,0.096,0,,38.327777777777776,114.22889044444445,-37.97889044444444,19.163888888888888,7284.925000000006,41738.64549978341,3642.462500000003
2023-03-29 11:00:00,11,0,2,False,-0.059722222222222225,41.27777777777778,117.80527921944446,37.975,486.0361111111111,60.01777727222222,12.524722222222222,13.652222222222223,41.27777777777778,37.975,-0.059722222222222225,117.80527921944446,79.25277777777778,-38.6122236638889,486.0361111111111,60.01777727222222,0.0,38.6122236638889,0.5786672733333376,35.02123384625489,82.94394087125569,137.87333378888886,49.96544686059951,68.88902732922426,0.12,0.08,0,,41.27777777777778,117.80527921944446,-38.6122236638889,20.63888888888889,7326.202777777783,41856.45077900285,3663.1013888888915
2023-03-29 12:00:00,12,0,2,False,-0.08166666666666667,42.19722222222222,117.30139036666668,37.99444444444445,486.7527777777778,60.00711059444445,13.371111111111112,14.067499999999997,42.19722222222222,37.99444444444445,-0.08166666666666667,117.30139036666668,80.19166666666666,-37.19139036666668,486.7527777777778,60.00711059444445,0.0,37.19139036666668,0.591467286666662,35.94830743779271,82.58916451923304,137.87333378888886,49.952750590773285,68.871522558748,0.12,0.08,0,,42.19722222222222,117.30139036666668,-37.19139036666668,21.09861111111111,7368.400000000005,41973.752169369516,3684.2000000000025
2023-03-29 13:00:00,13,0,2,False,-0.08083333333333334,40.43611111111111,114.45722363333334,37.99722222222222,486.94444444444446,60.02794414166666,14.106944444444444,14.452777777777778,40.43611111111111,37.99722222222222,-0.08083333333333334,114.45722363333334,78.43333333333334,-36.104723633333336,486.94444444444446,60.02794414166666,0.0,36.104723633333336,0.5664670300000096,35.303646824460266,80.58665326574199,137.87333378888886,49.95323272760213,68.87218729686735,0.12,0.08,0,,40.43611111111111,114.45722363333334,-36.104723633333336,20.218055555555555,7408.836111111116,42088.20939300285,3704.418055555558
2023-03-29 14:00:00,14,0,2,False,-0.08055555555555556,35.227777777777774,117.66194594166667,37.94166666666667,486.7583333333333,59.99905563333333,14.736666666666666,14.9925,35.227777777777774,37.94166666666667,-0.08055555555555556,117.66194594166667,73.16944444444445,-44.57305705277778,486.7583333333333,59.99905563333333,0.0,44.57305705277778,0.5988667599999928,29.91933866685248,82.84302326386445,137.87333378888886,49.95339343987841,68.87240887624047,0.12,0.08,0,,35.227777777777774,117.66194594166667,-44.57305705277778,17.613888888888887,7444.063888888894,42205.87133894452,3722.031944444447
2023-03-29 15:00:00,15,0,2,False,-0.0875,27.119444444444444,120.99694616666669,37.922222222222224,486.50555555555553,59.98477833333333,15.280277777777776,15.482222222222223,27.119444444444444,37.922222222222224,-0.0875,120.99694616666669,65.04166666666667,-56.042779500000016,486.50555555555553,59.98477833333333,0.0,56.042779500000016,0.5817339999999973,22.39713299519567,85.19111889506912,137.87333378888886,49.949375632971375,68.86686939191254,0.12,0.08,0,,27.119444444444444,120.99694616666669,-56.042779500000016,13.559722222222222,7471.183333333339,42326.86828511119,3735.5916666666694
2023-03-29 16:00:00,16,0,2,False,-0.09777777777777778,16.233333333333334,122.23666815833336,37.87222222222222,486.09444444444443,59.979111775,15.794166666666666,15.803055555555556,16.233333333333334,37.87222222222222,-0.09777777777777778,122.23666815833336,54.105555555555554,-68.22889038055558,486.09444444444443,59.979111775,0.0,68.22889038055558,0.5749341299999997,13.26963408311928,86.06397814428878,137.87333378888886,49.943429278748965,68.8586709551072,0.12,0.08,0,,16.233333333333334,122.23666815833336,-68.22889038055558,8.116666666666667,7487.416666666672,42449.10495326952,3743.708333333336
2023-03-29 17:00:00,17,0,2,False,-0.09944444444444443,4.141666666666667,122.01000151666669,37.86666666666667,484.89444444444445,59.97708377500001,15.965555555555557,15.852222222222226,4.141666666666667,37.86666666666667,-0.09944444444444443,122.01000151666669,42.00833333333333,-80.1011126277778,484.89444444444445,59.97708377500001,0.0,80.1011126277778,0.5725005300000134,3.3917659965353426,85.90438746508954,137.87333378888886,49.94246500509128,68.8573414788685,0.12,0.08,0,,4.141666666666667,122.01000151666669,-80.1011126277778,2.0708333333333333,7491.558333333339,42571.114954786186,3745.7791666666694
2023-03-29 18:00:00,18,0,2,False,-0.11611111111111111,-0.08888888888888889,119.44139041388888,37.99444444444445,485.05555555555554,60.00386075833333,16.006944444444443,15.893888888888892,0.0,37.99444444444445,-0.11611111111111111,119.44139041388888,37.99444444444445,-81.56305708055555,485.05555555555554,60.00386075833333,0.0,81.56305708055555,0.595367090000002,0.0,84.09588848404483,137.87333378888886,49.9328222685144,68.84404671648149,0.18,0.096,0,,0.0,119.44139041388888,-81.56305708055555,0.0,7491.558333333339,42690.55634520007,3745.7791666666694
2023-03-29 19:00:00,19,0,2,False,-0.11611111111111111,0.0,121.08166816944446,37.99444444444445,486.2861111111111,59.98758391388889,15.902500000000002,15.837777777777779,0.0,37.99444444444445,-0.11611111111111111,121.08166816944446,37.99444444444445,-83.20333483611111,486.2861111111111,59.98758391388889,0.0,83.20333483611111,0.5851006966666688,0.0,85.25076967502953,137.87333378888886,49.9328222685144,68.84404671648149,0.18,0.096,0,,0.0,121.08166816944446,-83.20333483611111,0.0,7491.558333333339,42811.63801336951,3745.7791666666694
2023-03-29 20:00:00,20,0,2,False,-0.11416666666666667,0.0,117.8025014611111,37.99166666666667,487.2055555555556,59.99891673611111,15.709999999999999,15.7,0.0,37.99166666666667,-0.11416666666666667,117.8025014611111,37.99166666666667,-79.92500146111111,487.2055555555556,59.99891673611111,0.0,79.92500146111111,0.5987000833333355,0.0,82.94198511660291,137.87333378888886,49.93394725444837,68.8455977720933,0.18,0.096,0,,0.0,117.8025014611111,-79.92500146111111,0.0,7491.558333333339,42929.440514830625,3745.7791666666694
2023-03-29 21:00:00,21,0,2,False,-0.11916666666666668,0.0,120.83805711944446,37.99444444444445,486.56388888888887,60.00552758055555,15.410833333333338,15.48111111111111,0.0,37.99444444444445,-0.11916666666666668,120.83805711944446,37.99444444444445,-82.96277934166667,486.56388888888887,60.00552758055555,0.0,82.96277934166667,0.5933669033333387,0.0,85.07924883436208,137.87333378888886,49.9310544334753,68.84160934337719,0.18,0.096,0,,0.0,120.83805711944446,-82.96277934166667,0.0,7491.558333333339,43050.27857195007,3745.7791666666694
2023-03-29 22:00:00,22,0,2,False,-0.11361111111111112,0.0,120.58777925277779,38.0,487.6,60.004277527777774,15.292499999999999,15.40888888888889,0.0,38.0,-0.11361111111111112,120.58777925277779,38.0,-82.7013903638889,487.6,60.004277527777774,0.0,82.7013903638889,0.5948669666666717,0.0,84.90303404405955,137.87333378888886,49.93426867900093,68.84604093083954,0.18,0.096,0,,0.0,120.58777925277779,-82.7013903638889,0.0,7491.558333333339,43170.86635120284,3745.7791666666694
2023-03-29 23:00:00,23,0,2,False,-0.11527777777777778,0.0,119.66722370555557,37.99722222222222,488.9277777777778,60.003972211111105,15.195277777777775,15.358611111111113,0.0,37.99722222222222,-0.11527777777777778,119.66722370555557,37.99722222222222,-81.78527926111113,488.9277777777778,60.003972211111105,0.0,81.78527926111113,0.5952333466666744,0.0,84.25489242100652,137.87333378888886,49.93330440534324,68.84471145460083,0.12,0.08,0,,0.0,119.66722370555557,-81.78527926111113,0.0,7491.558333333339,43290.5335749084,3745.7791666666694
2023-03-30 00:00:00,0,0,3,False,-0.10416666666666667,0.0,118.93111264444447,37.99722222222222,490.5027777777778,60.00441637777777,15.034999999999998,15.189444444444442,0.0,37.99722222222222,-0.10416666666666667,118.93111264444447,37.99722222222222,-81.03805708888892,490.5027777777778,60.00441637777777,0.0,81.03805708888892,0.5947003466666728,0.0,83.73661384527527,137.87333378888886,49.939732896394496,68.85357462952551,0.12,0.08,0,,0.0,118.93111264444447,-81.03805708888892,0.0,7491.558333333339,43409.46468755284,3745.7791666666694
2023-03-30 01:00:00,1,0,3,False,-0.10444444444444442,0.0,119.38361271111113,37.99444444444445,490.81388888888887,59.998694500000006,14.7625,15.016944444444446,0.0,37.99444444444445,-0.10444444444444442,119.38361271111113,37.99444444444445,-81.49361271111111,490.81388888888887,59.998694500000006,0.0,81.49361271111111,0.5984334000000074,0.0,84.05520855531306,137.87333378888886,49.93957218411821,68.85335305015239,0.12,0.08,0,,0.0,119.38361271111113,-81.49361271111111,0.0,7491.558333333339,43528.848300263955,3745.7791666666694
2023-03-30 02:00:00,2,0,3,False,-0.10305555555555555,0.0,116.66722369166669,37.99444444444445,490.3027777777778,60.002833013888896,14.438611111111113,14.797500000000001,0.0,37.99444444444445,-0.10305555555555555,116.66722369166669,37.99444444444445,-78.77583480277781,490.3027777777778,60.002833013888896,0.0,78.77583480277781,0.5966003833333247,0.0,82.14266260062429,137.87333378888886,49.94037574549962,68.85446094701798,0.12,0.08,0,,0.0,116.66722369166669,-78.77583480277781,0.0,7491.558333333339,43645.51552395562,3745.7791666666694
2023-03-30 03:00:00,3,0,3,False,-0.0975,0.0,117.49916803333335,37.99722222222222,490.8638888888889,60.006166141666675,14.089166666666667,14.611111111111109,0.0,37.99722222222222,-0.0975,117.49916803333335,37.99722222222222,-79.59944581111112,490.8638888888889,60.006166141666675,0.0,79.59944581111112,0.5926006299999897,0.0,82.72841514703467,137.87333378888886,49.94358999102525,68.85889253448033,0.12,0.08,0,,0.0,117.49916803333335,-79.59944581111112,0.0,7491.558333333339,43763.01469198895,3745.7791666666694
2023-03-30 04:00:00,4,0,3,False,-0.09694444444444444,0.0,120.3794460638889,38.0,489.69166666666666,59.99855574444446,13.732499999999996,14.409722222222221,0.0,38.0,-0.09694444444444444,120.3794460638889,38.0,-82.47639050833335,489.69166666666666,59.99855574444446,0.0,82.47639050833335,0.5982668933333514,0.0,84.75635152002316,137.87333378888886,49.94391141557781,68.85933569322656,0.12,0.08,0,,0.0,120.3794460638889,-82.47639050833335,0.0,7491.558333333339,43883.39413805284,3745.7791666666694
2023-03-30 05:00:00,5,0,3,False,-0.085,0.0,118.7255570388889,38.0,488.4472222222222,60.00177762222223,13.365277777777777,14.179999999999998,0.0,38.0,-0.085,118.7255570388889,38.0,-80.81055703888889,488.4472222222222,60.00177762222223,0.0,80.81055703888889,0.5978668533333262,0.0,83.59188695267822,137.87333378888886,49.95082204345791,68.8688636062706,0.12,0.08,0,,0.0,118.7255570388889,-80.81055703888889,0.0,7491.558333333339,44002.11969509173,3745.7791666666694
2023-03-30 06:00:00,6,0,3,False,-0.07944444444444444,2.5166666666666666,118.18055703611111,37.99722222222222,488.4861111111111,59.993972630555554,12.978055555555555,13.970000000000002,2.5166666666666666,37.99722222222222,-0.07944444444444444,118.18055703611111,40.513888888888886,-77.74611259166667,488.4861111111111,59.993972630555554,0.0,77.74611259166667,0.5927671566666646,2.1280793464901655,83.20816520179618,137.87333378888886,49.95403628898354,68.87329519373294,0.18,0.096,0,,2.5166666666666666,118.18055703611111,-77.74611259166667,1.2583333333333333,7494.075000000005,44120.30025212784,3747.0375000000026
2023-03-30 07:00:00,7,0,3,False,-0.07777777777777779,10.383333333333333,118.50694598611113,37.98888888888889,488.40833333333336,59.99463931388889,12.697777777777777,13.804722222222225,10.383333333333333,37.98888888888889,-0.07777777777777779,118.50694598611113,48.37222222222222,-70.2125015416667,488.40833333333336,59.99463931388889,0.0,70.2125015416667,0.5935671766666673,8.756046313357636,83.43796802514338,137.87333378888886,49.955000562641224,68.87462466997164,0.18,0.096,0,,10.383333333333333,118.50694598611113,-70.2125015416667,5.191666666666666,7504.4583333333385,44238.80719811395,3752.2291666666692
2023-03-30 08:00:00,8,0,3,False,-0.08333333333333333,17.191666666666666,118.79444585000003,37.99722222222222,488.3638888888889,59.99566704722221,12.64916666666667,13.804722222222225,17.191666666666666,37.99722222222222,-0.08333333333333333,118.79444585000003,55.18888888888888,-63.688890294444484,488.3638888888889,59.99566704722221,0.0,63.688890294444484,0.5948004566666555,14.461631757229979,83.6403899528269,137.87333378888886,49.9517863171156,68.8701930825093,0.18,0.096,0,,17.191666666666666,118.79444585000003,-63.688890294444484,8.595833333333333,7521.650000000005,44357.60164396395,3760.8250000000025
2023-03-30 09:00:00,9,0,3,False,-0.07944444444444444,24.630555555555556,115.17305685555556,38.0,486.7916666666667,60.01886045277777,12.788611111111111,13.876388888888888,24.630555555555556,38.0,-0.07944444444444444,115.17305685555556,62.63055555555556,-52.621945744444446,486.7916666666667,60.01886045277777,0.0,52.621945744444446,0.5773674566666728,21.37095097957371,81.09065468954132,137.87333378888886,49.95403628898354,68.87329519373294,0.18,0.096,0,,24.630555555555556,115.17305685555556,-52.621945744444446,12.315277777777778,7546.280555555561,44472.77470081951,3773.1402777777803
2023-03-30 10:00:00,10,0,3,False,-0.07555555555555557,30.783333333333335,116.2733348888889,37.94722222222222,486.9583333333333,60.01241614444443,13.15222222222222,14.1275,30.783333333333335,37.94722222222222,-0.07555555555555557,116.2733348888889,68.73055555555555,-47.618334888888896,486.9583333333333,60.01241614444443,0.0,47.618334888888896,0.5851006266666843,26.45777988577562,81.86533471019425,137.87333378888886,49.95628626085148,68.87639730495658,0.18,0.096,0,,30.783333333333335,116.2733348888889,-47.618334888888896,15.391666666666667,7577.063888888894,44589.048035708394,3788.531944444447
2023-03-30 11:00:00,11,0,3,False,-0.08416666666666665,29.494444444444444,121.05277931944445,37.94444444444444,486.10833333333335,60.011499755555555,13.668055555555558,14.445555555555554,29.494444444444444,37.94444444444444,-0.08416666666666665,121.05277931944445,67.43888888888888,-53.69805709722224,486.10833333333335,60.011499755555555,0.0,53.69805709722224,0.5862002933333343,24.348017200158,85.23042971164152,137.87333378888886,49.951304180286755,68.86952834438995,0.12,0.08,0,,29.494444444444444,121.05277931944445,-53.69805709722224,14.747222222222222,7606.558333333339,44710.100815027836,3803.2791666666694
2023-03-30 12:00:00,12,0,3,False,-0.07805555555555556,30.575,122.95361266111112,37.90277777777778,485.9638888888889,60.00399979444444,14.273055555555556,14.791944444444445,30.575,37.90277777777778,-0.07805555555555556,122.95361266111112,68.47777777777777,-54.55389043888891,485.9638888888889,60.00399979444444,0.0,54.55389043888891,0.5952002466666727,24.85132522640875,86.56876199472727,137.87333378888886,49.95483985036494,68.87440309059852,0.12,0.08,0,,30.575,122.95361266111112,-54.55389043888891,15.2875,7637.133333333339,44833.05442768895,3818.5666666666693
2023-03-30 13:00:00,13,0,3,False,-0.08555555555555555,20.70277777777778,123.70750160833335,37.57222222222222,487.2388888888889,59.98711193888889,14.81611111111111,15.104999999999999,20.70277777777778,37.57222222222222,-0.08555555555555555,123.70750160833335,58.275000000000006,-65.5180571638889,487.2388888888889,59.98711193888889,0.0,65.5180571638889,0.5845343266666646,16.723698608048345,87.09955756412965,137.87333378888886,49.950500618905345,68.86842044752436,0.12,0.08,0,,20.70277777777778,123.70750160833335,-65.5180571638889,10.35138888888889,7657.836111111116,44956.76192929728,3828.918055555558
2023-03-30 14:00:00,14,0,3,False,-0.10527777777777778,16.06388888888889,120.10305703888888,37.65277777777778,487.1138888888889,59.997111419444444,15.235555555555557,15.375833333333336,16.06388888888889,37.65277777777778,-0.10527777777777778,120.10305703888888,53.71666666666667,-66.49166814999998,487.1138888888889,59.997111419444444,0.0,66.49166814999998,0.5965337033333327,13.363373607486045,84.56175247404694,137.87333378888886,49.93909004728937,68.85268831203305,0.12,0.08,0,,16.06388888888889,120.10305703888888,-66.49166814999998,8.031944444444445,7673.900000000005,45076.86498633617,3836.9500000000025
2023-03-30 15:00:00,15,0,3,False,-0.10638888888888888,13.463888888888889,121.25277944444446,37.63333333333333,486.4638888888889,59.983445027777776,15.595833333333333,15.625277777777777,13.463888888888889,37.63333333333333,-0.10638888888888888,121.25277944444446,51.09722222222222,-70.26194611111111,486.4638888888889,59.983445027777776,0.0,70.26194611111111,0.5801340333333315,11.094249469399836,85.371245120358,137.87333378888886,49.93844719818424,68.85180199454058,0.12,0.08,0,,13.463888888888889,121.25277944444446,-70.26194611111111,6.731944444444444,7687.363888888894,45198.11776578062,3843.681944444447
2023-03-30 16:00:00,16,0,3,False,-0.10805555555555556,13.38888888888889,122.62389031388888,37.68611111111111,485.39166666666665,59.98563933055556,16.000555688888884,15.907777777777778,13.38888888888889,37.68611111111111,-0.10805555555555556,122.62389031388888,51.075,-71.65694586944443,485.39166666666665,59.98563933055556,0.0,71.65694586944443,0.5827671966666684,10.909049631732607,86.33661220438562,137.87333378888886,49.937482924526556,68.85047251830187,0.12,0.08,0,,13.38888888888889,122.62389031388888,-71.65694586944443,6.694444444444445,7700.752777777782,45320.741656094506,3850.376388888891
2023-03-30 17:00:00,17,0,3,False,-0.1141666666666667,1.7305555555555556,122.99139037222223,37.96111111111111,486.0527777777778,59.98608386944445,16.276388469444445,16.060277777777774,1.7305555555555556,37.96111111111111,-0.1141666666666667,122.99139037222223,39.69166666666666,-83.41389037222223,486.0527777777778,59.98608386944445,0.0,83.41389037222223,0.5833006433333395,1.405749339982171,86.59536039725567,137.87333378888886,49.93394725444837,68.8455977720933,0.12,0.08,0,,1.7305555555555556,122.99139037222223,-83.41389037222223,0.8652777777777778,7702.483333333338,45443.733046466725,3851.241666666669
2023-03-30 18:00:00,18,0,3,False,-0.11083333333333335,-0.5277777777777778,118.15194581111112,37.99722222222222,485.25,60.0102219388889,16.388055436111113,16.111389002777777,0.0,37.99722222222222,-0.11083333333333335,118.15194581111112,37.99722222222222,-80.26555692222223,485.25,60.0102219388889,0.0,80.26555692222223,0.5877336733333237,0.0,83.18802070767522,137.87333378888886,49.93587580176374,68.8482567245707,0.18,0.096,0,,0.0,118.15194581111112,-80.26555692222223,0.0,7702.483333333338,45561.88499227784,3851.241666666669
2023-03-30 19:00:00,19,0,3,False,-0.12361111111111112,-0.03333333333333333,120.83972365555556,37.986111111111114,485.27777777777777,59.98586153888889,16.42027777777778,16.149444938888887,0.0,37.986111111111114,-0.12361111111111112,120.83972365555556,37.986111111111114,-82.97722365555556,485.27777777777777,59.98586153888889,0.0,82.97722365555556,0.5830338466666688,0.0,85.08042220344684,137.87333378888886,49.928483037054804,68.83806407340732,0.18,0.096,0,,0.0,120.83972365555556,-82.97722365555556,0.0,7702.483333333338,45682.72471593339,3851.241666666669
2023-03-30 20:00:00,20,0,3,False,-0.11944444444444445,0.0,122.35694590277781,37.99722222222222,488.13055555555553,60.013971930555556,16.414722222222224,16.162222844444443,0.0,37.99722222222222,-0.11944444444444445,122.35694590277781,37.99722222222222,-84.47916812500003,488.13055555555553,60.013971930555556,0.0,84.47916812500003,0.5832336833333329,0.0,86.14866289007801,137.87333378888886,49.93089372119902,68.84138776400407,0.18,0.096,0,,0.0,122.35694590277781,-84.47916812500003,0.0,7702.483333333338,45805.08166183617,3851.241666666669
2023-03-30 21:00:00,21,0,3,False,-0.11722222222222223,0.0,123.64833480555555,38.0,490.725,60.02086084166666,16.393888822222223,16.13055586111111,0.0,38.0,-0.11722222222222223,123.64833480555555,38.0,-85.76555702777777,490.725,60.02086084166666,0.0,85.76555702777777,0.5749669900000072,0.0,87.05789960258787,137.87333378888886,49.93217941940927,68.84316039898901,0.18,0.096,0,,0.0,123.64833480555555,-85.76555702777777,0.0,7702.483333333338,45928.72999664173,3851.241666666669
2023-03-30 22:00:00,22,0,3,False,-0.11333333333333334,0.0,124.64222367222222,37.99722222222222,491.575,60.014110636111106,16.275832991666668,16.09138889444444,0.0,37.99722222222222,-0.11333333333333334,124.64222367222222,37.99722222222222,-86.75833478333332,491.575,60.014110636111106,0.0,86.75833478333332,0.5830672366666733,0.0,87.75767350012124,137.87333378888886,49.93442939127721,68.84626251021265,0.18,0.096,0,,0.0,124.64222367222222,-86.75833478333332,0.0,7702.483333333338,46053.37222031395,3851.241666666669
2023-03-30 23:00:00,23,0,3,False,-0.11277777777777778,0.0,121.92027936944447,38.0,490.0861111111111,60.017860799999994,16.117778074999997,15.971944444444446,0.0,38.0,-0.11277777777777778,121.92027936944447,38.0,-84.03305714722225,490.0861111111111,60.017860799999994,0.0,84.03305714722225,0.5785670400000071,0.0,85.84121620041151,137.87333378888886,49.93475081582977,68.84670566895888,0.12,0.08,0,,0.0,121.92027936944447,-84.03305714722225,0.0,7702.483333333338,46175.29249968339,3851.241666666669
2023-03-31 00:00:00,0,0,4,False,-0.11083333333333333,0.0,119.29639032777779,38.0,489.31388888888887,60.00166646388889,15.881944444444446,15.839166666666667,0.0,38.0,-0.11083333333333333,119.29639032777779,38.0,-81.40722366111112,489.31388888888887,60.00166646388889,0.0,81.40722366111112,0.5980002433333339,0.0,83.99379731590354,137.87333378888886,49.93587580176374,68.8482567245707,0.12,0.08,0,,0.0,119.29639032777779,-81.40722366111112,0.0,7702.483333333338,46294.58889001117,3851.241666666669
2023-03-31 01:00:00,1,0,4,False,-0.09555555555555557,0.0,121.66139039722225,37.983333333333334,490.09722222222223,59.997555705555556,15.706111111111111,15.665277777777776,0.0,37.983333333333334,-0.09555555555555557,121.66139039722225,37.983333333333334,-83.77361261944446,490.09722222222223,59.997555705555556,0.0,83.77361261944446,0.5970668466666665,0.0,85.65893853215675,137.87333378888886,49.94471497695922,68.86044359009215,0.12,0.08,0,,0.0,121.66139039722225,-83.77361261944446,0.0,7702.483333333338,46416.25028040839,3851.241666666669
2023-03-31 02:00:00,2,0,4,False,-0.09888888888888889,0.0,121.18444584444445,37.96388888888889,490.30833333333334,59.99150020833334,15.33666666666667,15.398333333333335,0.0,37.96388888888889,-0.09888888888888889,121.18444584444445,37.96388888888889,-83.31944584444446,490.30833333333334,59.99150020833334,0.0,83.31944584444446,0.5898002500000104,0.0,85.3231330313627,137.87333378888886,49.94278642964384,68.85778463761474,0.12,0.08,0,,0.0,121.18444584444445,-83.31944584444446,0.0,7702.483333333338,46537.43472625284,3851.241666666669
2023-03-31 03:00:00,3,0,4,False,-0.08722222222222221,0.0,120.18833483055556,37.986111111111114,489.6611111111111,59.99208347222222,14.968333333333334,15.216666666666667,0.0,37.986111111111114,-0.08722222222222221,120.18833483055556,37.986111111111114,-82.28944594166667,489.6611111111111,59.99208347222222,0.0,82.28944594166667,0.5905001666666635,0.0,84.62179457196054,137.87333378888886,49.94953634524766,68.86709097128566,0.12,0.08,0,,0.0,120.18833483055556,-82.28944594166667,0.0,7702.483333333338,46657.623061083395,3851.241666666669
2023-03-31 04:00:00,4,0,4,False,-0.09805555555555555,0.0,119.89166816666669,37.977777777777774,486.8611111111111,59.9946947,14.579999999999998,15.026666666666667,0.0,37.977777777777774,-0.09805555555555555,119.89166816666669,37.977777777777774,-82.01194594444448,486.8611111111111,59.9946947,0.0,82.01194594444448,0.5936336399999959,0.0,84.41291851486777,137.87333378888886,49.94326856647269,68.8584493757341,0.12,0.08,0,,0.0,119.89166816666669,-82.01194594444448,0.0,7702.483333333338,46777.51472925006,3851.241666666669
2023-03-31 05:00:00,5,0,4,False,-0.08777777777777779,0.0,120.14611253611115,37.955555555555556,486.4111111111111,59.98630589166667,14.150277777777779,14.794444444444444,0.0,37.955555555555556,-0.08777777777777779,120.14611253611115,37.955555555555556,-82.27833475833336,486.4111111111111,59.98630589166667,0.0,82.27833475833336,0.5835670700000009,0.0,84.59206684229468,137.87333378888886,49.9492149206951,68.86664781253943,0.12,0.08,0,,0.0,120.14611253611115,-82.27833475833336,0.0,7702.483333333338,46897.66084178617,3851.241666666669
2023-03-31 06:00:00,6,0,4,False,-0.08083333333333334,1.9861111111111112,121.32527916944447,37.93055555555556,490.06666666666666,59.97888906388889,13.735277777777778,14.543055555555556,1.9861111111111112,37.93055555555556,-0.08083333333333334,121.32527916944447,39.91666666666667,-81.48944583611113,490.06666666666666,59.97888906388889,0.0,81.48944583611113,0.5746668766666715,1.6359234886675647,85.42229048049317,137.87333378888886,49.95323272760213,68.87218729686735,0.18,0.096,0,,1.9861111111111112,121.32527916944447,-81.48944583611113,0.9930555555555556,7704.469444444449,47018.98612095562,3852.2347222222247
2023-03-31 07:00:00,7,0,4,False,-0.0875,13.15,121.99694595000001,37.97222222222222,488.6666666666667,59.98397286111111,13.395833333333334,14.348888888888892,13.15,37.97222222222222,-0.0875,121.99694595000001,51.12222222222222,-70.9622237277778,488.6666666666667,59.98397286111111,0.0,70.9622237277778,0.5807674333333352,10.771232893488836,85.89519534605365,137.87333378888886,49.949375632971375,68.86686939191254,0.18,0.096,0,,13.15,121.99694595000001,-70.9622237277778,6.575,7717.619444444449,47140.98306690562,3858.8097222222245
2023-03-31 08:00:00,8,0,4,False,-0.08194444444444444,25.708333333333332,121.79139031944445,37.97222222222222,486.11944444444447,59.997499983333334,13.13722222222222,14.198055555555555,25.708333333333332,37.97222222222222,-0.08194444444444444,121.79139031944445,63.68055555555556,-58.192779208333334,486.11944444444447,59.997499983333334,0.0,58.192779208333334,0.5969999800000011,21.09430531554694,85.75046843585471,137.87333378888886,49.952589878497,68.87130097937488,0.18,0.096,0,,25.708333333333332,121.79139031944445,-58.192779208333334,12.854166666666666,7743.327777777782,47262.77445722506,3871.663888888891
2023-03-31 09:00:00,9,0,4,False,-0.07388888888888889,34.88055555555555,119.67000152222225,38.0,483.46666666666664,59.99744422777777,13.161944444444442,14.110277777777775,34.88055555555555,38.0,-0.07388888888888889,119.67000152222225,72.88055555555556,-46.86333485555558,483.46666666666664,59.99744422777777,0.0,46.86333485555558,0.5969330733333237,29.129298735661386,84.25684821673045,137.87333378888886,49.957250534509164,68.87772678119528,0.18,0.096,0,,34.88055555555555,119.67000152222225,-46.86333485555558,17.440277777777776,7778.208333333338,47382.44445874728,3889.104166666669
2023-03-31 10:00:00,10,0,4,False,-0.08027777777777778,39.31666666666667,115.65500144444445,38.0,483.8,60.03005535833333,13.63361111111111,14.401111111111113,39.31666666666667,38.0,-0.08027777777777778,115.65500144444445,77.31666666666666,-38.41861255555557,483.8,60.03005535833333,0.0,38.41861255555557,0.563933570000006,33.97120301682178,81.42998059877804,137.87333378888886,49.953554152154695,68.87263045561359,0.18,0.096,0,,39.31666666666667,115.65500144444445,-38.41861255555557,19.658333333333335,7817.525000000004,47498.09946019173,3908.762500000002
2023-03-31 11:00:00,11,0,4,False,-0.07166666666666667,43.03333333333333,116.04250149722223,38.0,483.6694444444444,60.032360844444426,14.218055555555555,14.818888888888889,43.03333333333333,38.0,-0.07166666666666667,116.04250149722223,81.03333333333333,-35.08083483055557,483.6694444444444,60.032360844444426,0.0,35.08083483055557,0.5611669866666886,37.06122518364347,81.70281031980726,137.87333378888886,49.95853623271941,68.87949941618021,0.12,0.08,0,,43.03333333333333,116.04250149722223,-35.08083483055557,21.516666666666666,7860.558333333338,47614.14196168895,3930.279166666669
2023-03-31 12:00:00,12,0,4,False,-0.07583333333333334,42.94444444444444,119.4858347,38.0,482.56944444444446,60.02333291666666,14.952222222222222,15.229166666666666,42.94444444444444,38.0,-0.07583333333333334,119.4858347,80.94444444444444,-38.61722358888889,482.56944444444446,60.02333291666666,0.0,38.61722358888889,0.5720005000000071,35.91823796943992,84.12718066605646,137.87333378888886,49.956125548575194,68.87617572558347,0.12,0.08,0,,42.94444444444444,119.4858347,-38.61722358888889,21.47222222222222,7903.502777777782,47733.627796388944,3951.751388888891
2023-03-31 13:00:00,13,0,4,False,-0.06444444444444446,40.169444444444444,122.5772236388889,37.99444444444445,485.43888888888887,60.02294447777778,15.70111111111111,15.631944444444445,40.169444444444444,37.99444444444445,-0.06444444444444446,122.5772236388889,78.16388888888889,-44.47777919444445,485.43888888888887,60.02294447777778,0.0,44.47777919444445,0.5724666266666674,32.75350463852942,86.30375529035337,137.87333378888886,49.96271475190273,68.88526047988127,0.12,0.08,0,,40.169444444444444,122.5772236388889,-44.47777919444445,20.084722222222222,7943.672222222227,47856.20502002783,3971.8361111111135
2023-03-31 14:00:00,14,0,4,False,-0.08277777777777778,35.397222222222226,124.74805702222224,37.891666666666666,484.8777777777778,60.00711102777778,16.275555594444445,16.216388880555556,35.397222222222226,37.891666666666666,-0.08277777777777778,124.74805702222224,73.28888888888889,-51.54194591111113,484.8777777777778,60.00711102777778,0.0,51.54194591111113,0.5914667666666616,28.356152771816777,87.83218828572994,137.87333378888886,49.95210774166816,68.87063624125553,0.12,0.08,0,,35.397222222222226,124.74805702222224,-51.54194591111113,17.698611111111113,7979.069444444449,47980.95307705006,3989.5347222222244
2023-03-31 15:00:00,15,0,4,False,-0.08027777777777778,13.308333333333334,118.79389039722224,37.93055555555556,484.65555555555557,60.01724946944444,16.658333705555556,16.591111169444442,13.308333333333334,37.93055555555556,-0.08027777777777778,118.79389039722224,51.238888888888894,-67.63527928611113,484.65555555555557,60.01724946944444,0.0,67.63527928611113,0.5793006366666759,11.195311426904402,83.63999887152168,137.87333378888886,49.953554152154695,68.87263045561359,0.12,0.08,0,,13.308333333333334,118.79389039722224,-67.63527928611113,6.654166666666667,7992.377777777782,48099.74696744728,3996.188888888891
2023-03-31 16:00:00,16,0,4,False,-0.09944444444444443,12.66388888888889,121.83139034444446,37.96111111111111,485.96944444444443,60.00744401944444,16.815555019444446,16.676944588888887,12.66388888888889,37.96111111111111,-0.09944444444444443,121.83139034444446,50.625,-71.3058347888889,485.96944444444443,60.00744401944444,0.0,71.3058347888889,0.5910671766666695,10.386124978817008,85.77863151759801,137.87333378888886,49.94246500509128,68.8573414788685,0.12,0.08,0,,12.66388888888889,121.83139034444446,-71.3058347888889,6.331944444444445,8005.0416666666715,48221.578357791725,4002.5208333333358
2023-03-31 17:00:00,17,0,4,False,-0.10583333333333332,4.780555555555556,124.01639036111115,37.98888888888889,487.55,59.99255572777778,16.900277772222225,16.77333286666667,4.780555555555556,37.98888888888889,-0.10583333333333332,124.01639036111115,42.769444444444446,-81.35277925000004,487.55,59.99255572777778,0.0,81.35277925000004,0.5910668733333324,3.851490420703384,87.31703890805545,137.87333378888886,49.93876862273681,68.85224515328682,0.12,0.08,0,,4.780555555555556,124.01639036111115,-81.35277925000004,2.390277777777778,8009.822222222227,48345.594748152835,4004.9111111111133
2023-03-31 18:00:00,18,0,4,False,-0.11361111111111112,-0.5972222222222222,123.13277915000003,37.99444444444445,486.7388888888889,59.987667191666674,16.856110669444448,16.723889236111113,0.0,37.99444444444445,-0.11361111111111112,123.13277915000003,37.99444444444445,-85.2519458166667,486.7388888888889,59.987667191666674,0.0,85.2519458166667,0.5852006300000084,0.0,86.69490892769136,137.87333378888886,49.93426867900093,68.84604093083954,0.18,0.096,0,,0.0,123.13277915000003,-85.2519458166667,0.0,8009.822222222227,48468.727527302835,4004.9111111111133
2023-03-31 19:00:00,19,0,4,False,-0.10805555555555557,0.0,120.88500142222223,38.0,486.14166666666665,59.9863338888889,16.703333511111108,16.593055691666663,0.0,38.0,-0.10805555555555557,120.88500142222223,38.0,-82.99305697777778,486.14166666666665,59.9863338888889,0.0,82.99305697777778,0.5836006666666804,0.0,85.11230121961715,137.87333378888886,49.937482924526556,68.85047251830187,0.18,0.096,0,,0.0,120.88500142222223,-82.99305697777778,0.0,8009.822222222227,48589.612528725054,4004.9111111111133
2023-03-31 20:00:00,20,0,4,False,-0.1213888888888889,0.0,118.19583484444445,37.99722222222222,487.3361111111111,59.9969446388889,16.476388888888888,16.442777755555557,0.0,37.99722222222222,-0.1213888888888889,118.19583484444445,37.99722222222222,-80.32000151111112,487.3361111111111,59.9969446388889,0.0,80.32000151111112,0.5963335666666779,0.0,83.21892194919697,137.87333378888886,49.92976873526505,68.83983670839226,0.18,0.096,0,,0.0,118.19583484444445,-80.32000151111112,0.0,8009.822222222227,48707.8083635695,4004.9111111111133
2023-03-31 21:00:00,21,0,4,False,-0.11500000000000002,0.0,118.84972386111113,37.975,488.4555555555556,59.99386132777777,16.121111013888893,16.219999958333332,0.0,37.975,-0.11500000000000002,118.84972386111113,37.975,-80.98972386111113,488.4555555555556,59.99386132777777,0.0,80.98972386111113,0.5926335933333263,0.0,83.67930990714014,137.87333378888886,49.93346511761953,68.84493303397394,0.18,0.096,0,,0.0,118.84972386111113,-80.98972386111113,0.0,8009.822222222227,48826.65808743061,4004.9111111111133
2023-03-31 22:00:00,22,0,4,False,-0.10833333333333334,0.0,114.55389037222223,38.0,489.2861111111111,60.00719418611111,15.754722222222224,15.952499999999999,0.0,38.0,-0.10833333333333334,114.55389037222223,38.0,-76.66222370555556,489.2861111111111,60.00719418611111,0.0,76.66222370555556,0.5913669766666715,0.0,80.65471405493363,137.87333378888886,49.93732221225028,68.85025093892877,0.18,0.096,0,,0.0,114.55389037222223,-76.66222370555556,0.0,8009.822222222227,48941.21197780283,4004.9111111111133
2023-03-31 23:00:00,23,0,4,False,-0.10416666666666669,0.0,111.86527938194445,38.0,488.97222222222223,60.02437449305555,15.469444444444447,15.740277777777777,0.0,38.0,-0.10416666666666669,111.86527938194445,38.0,-73.96944604861112,488.97222222222223,60.02437449305555,0.0,73.96944604861112,0.5707506083333441,0.0,78.76172596067342,137.87333378888886,49.939732896394496,68.85357462952551,0.12,0.08,0,,0.0,111.86527938194445,-73.96944604861112,0.0,8009.822222222227,49053.07725718477,4004.9111111111133
