timestamp,user_id,hour,minute,day_of_week,is_weekend,solar_generation_kw,solar_generation_kwh,consumption_kw,consumption_kwh,battery_capacity_kwh,battery_charge_kw,battery_discharge_kw,battery_power_kw,battery_soc_pct,battery_available_kwh,net_balance_kw,net_balance_kwh,grid_export_kw,grid_export_kwh,grid_import_kw,grid_import_kwh,carbon_offset_kg,cumulative_solar_kwh,cumulative_consumption_kwh,cumulative_carbon_offset_kg,user_type
2023-02-01 00:00:00,user_001,0,0,2,False,0.0,0.0,12.487080405518292,12.486964289836633,5.0,0.0,1.419,1.419,10.0,0.5,-11.068080405518291,-11.068080405518291,0.0,0.0,11.068080405518291,11.068080405518291,0.0,0.0,12.486964289836633,0.0,Prosumer
2023-02-01 01:00:00,user_001,1,0,2,False,0.0,0.0,14.075542930601891,14.075891277646864,5.0,0.0,0.0,0.0,10.0,0.5,-14.075542930601891,-14.075542930601891,0.0,0.0,14.075542930601891,14.075542930601891,0.0,0.0,26.562855567483496,0.0,Prosumer
2023-02-01 02:00:00,user_001,2,0,2,False,0.0,0.0,15.669811239768396,15.670275702495031,5.0,0.0,0.0,0.0,10.0,0.5,-15.669811239768396,-15.669811239768396,0.0,0.0,15.669811239768396,15.669811239768396,0.0,0.0,42.23313126997853,0.0,Prosumer
2023-02-01 03:00:00,user_001,3,0,2,False,0.0,0.0,15.61988149665539,15.620345959382023,5.0,0.0,0.0,0.0,10.0,0.5,-15.61988149665539,-15.61988149665539,0.0,0.0,15.61988149665539,15.61988149665539,0.0,0.0,57.85347722936055,0.0,Prosumer
2023-02-01 04:00:00,user_001,4,0,2,False,0.0,0.0,13.314985215740958,13.315449678467589,5.0,0.0,0.0,0.0,10.0,0.5,-13.314985215740958,-13.314985215740958,0.0,0.0,13.314985215740958,13.314985215740958,0.0,0.0,71.16892690782814,0.0,Prosumer
2023-02-01 05:00:00,user_001,5,0,2,False,0.0,0.0,15.839340134989309,15.839804597715942,5.0,0.0,0.0,0.0,10.0,0.5,-15.839340134989309,-15.839340134989309,0.0,0.0,15.839340134989309,15.839340134989309,0.0,0.0,87.00873150554408,0.0,Prosumer
2023-02-01 06:00:00,user_001,6,0,2,False,0.0,0.0,14.641026300277119,14.640794068913804,5.0,0.0,0.0,0.0,10.0,0.5,-14.641026300277119,-14.641026300277119,0.0,0.0,14.641026300277119,14.641026300277119,0.0,0.0,101.64952557445788,0.0,Prosumer
2023-02-01 07:00:00,user_001,7,0,2,False,0.02207781827381781,0.02228808320975893,13.381171154286106,13.381403385649424,5.0,0.0,0.0,0.0,10.0,0.5,-13.359093336012288,-13.359093336012288,0.0,0.0,13.359093336012288,13.359093336012288,0.011144041604879465,0.02228808320975893,115.0309289601073,0.011144041604879465,Prosumer
2023-02-01 08:00:00,user_001,8,0,2,False,0.3732202612954915,0.3735356586994032,30.791556462110293,30.790975883701996,5.0,0.0,0.0,0.0,10.0,0.5,-30.418336200814803,-30.418336200814803,0.0,0.0,30.418336200814803,30.418336200814803,0.1867678293497016,0.39582374190916214,145.8219048438093,0.19791187095458107,Prosumer
2023-02-01 09:00:00,user_001,9,0,2,False,0.4110679497648935,0.41064741989301123,29.321531932318013,29.321764163681326,5.0,0.0,0.0,0.0,10.0,0.5,-28.910463982553118,-28.910463982553118,0.0,0.0,28.910463982553118,28.910463982553118,0.20532370994650562,0.8064711618021734,175.14366900749064,0.4032355809010867,Prosumer
2023-02-01 10:00:00,user_001,10,0,2,False,0.9892965236029789,0.9889811261990673,34.84283259516342,34.84248424811844,5.0,0.0,0.0,0.0,10.0,0.5,-33.85353607156044,-33.85353607156044,0.0,0.0,33.85353607156044,33.85353607156044,0.49449056309953365,1.7954522880012407,209.98615325560908,0.8977261440006203,Prosumer
2023-02-01 11:00:00,user_001,11,0,2,False,3.36949559845648,3.3690750685845976,28.003618945497923,28.003154482771286,5.0,0.0,0.0,0.0,10.0,0.5,-24.63412334704144,-24.63412334704144,0.0,0.0,24.63412334704144,24.63412334704144,1.6845375342922988,5.164527356585838,237.98930773838038,2.582263678292919,Prosumer
2023-02-01 12:00:00,user_001,12,0,2,False,3.6670204828131676,3.6668102178772264,32.207006621523234,32.20689050584158,5.0,0.0,0.0,0.0,10.0,0.5,-28.539986138710066,-28.539986138710066,0.0,0.0,28.539986138710066,28.539986138710066,1.8334051089386132,8.831337574463063,270.19619824422193,4.415668787231532,Prosumer
2023-02-01 13:00:00,user_001,13,0,2,False,2.4706129973081836,2.4708232622441244,27.44278020308902,27.442547971725705,5.0,0.0,0.0,0.0,10.0,0.5,-24.972167205780835,-24.972167205780835,0.0,0.0,24.972167205780835,24.972167205780835,1.2354116311220622,11.302160836707188,297.63874621594766,5.651080418353594,Prosumer
2023-02-01 14:00:00,user_001,14,0,2,False,1.1154554851676521,1.1154554851676521,23.074508259109123,23.074276027745807,5.0,0.0,0.0,0.0,10.0,0.5,-21.959052773941472,-21.959052773941472,0.0,0.0,21.959052773941472,21.959052773941472,0.5577277425838261,12.41761632187484,320.71302224369344,6.20880816093742,Prosumer
2023-02-01 15:00:00,user_001,15,0,2,False,1.8250996439689389,1.8249945115009683,24.97067734058684,24.97056122490518,5.0,0.0,0.0,0.0,10.0,0.5,-23.1455776966179,-23.1455776966179,0.0,0.0,23.1455776966179,23.1455776966179,0.9124972557504841,14.242610833375808,345.6835834685986,7.121305416687904,Prosumer
2023-02-01 16:00:00,user_001,16,0,2,False,0.5046358462586927,0.5043204488547811,32.73997760033418,32.7402098316975,5.0,0.0,0.0,0.0,10.0,0.5,-32.235341754075485,-32.235341754075485,0.0,0.0,32.235341754075485,32.235341754075485,0.25216022442739056,14.74693128223059,378.4237933002961,7.373465641115295,Prosumer
2023-02-01 17:00:00,user_001,17,0,2,False,0.0,0.0,29.862631008845028,29.862282661800055,5.0,0.0,0.0,0.0,10.0,0.5,-29.862631008845028,-29.862631008845028,0.0,0.0,29.862631008845028,29.862631008845028,0.0,14.74693128223059,408.28607596209616,7.373465641115295,Prosumer
2023-02-01 18:00:00,user_001,18,0,2,False,0.0,0.0,47.17780145770953,47.177336994982895,5.0,0.0,0.0,0.0,10.0,0.5,-47.17780145770953,-47.17780145770953,0.0,0.0,47.17780145770953,47.17780145770953,0.0,14.74693128223059,455.4634129570791,7.373465641115295,Prosumer
2023-02-01 19:00:00,user_001,19,0,2,False,0.0,0.0,44.205240007260684,44.205240007260684,5.0,0.0,0.0,0.0,10.0,0.5,-44.205240007260684,-44.205240007260684,0.0,0.0,44.205240007260684,44.205240007260684,0.0,14.74693128223059,499.66865296433974,7.373465641115295,Prosumer
2023-02-01 20:00:00,user_001,20,0,2,False,0.0,0.0,48.6164747534541,48.61624252209078,5.0,0.0,0.0,0.0,10.0,0.5,-48.6164747534541,-48.6164747534541,0.0,0.0,48.6164747534541,48.6164747534541,0.0,14.74693128223059,548.2848954864305,7.373465641115295,Prosumer
2023-02-01 21:00:00,user_001,21,0,2,False,0.0,0.0,42.91403362722197,42.914381974266945,5.0,0.0,0.0,0.0,10.0,0.5,-42.91403362722197,-42.91403362722197,0.0,0.0,42.91403362722197,42.91403362722197,0.0,14.74693128223059,591.1992774606974,7.373465641115295,Prosumer
2023-02-01 22:00:00,user_001,22,0,2,False,0.0,0.0,25.797420993992922,25.797188762629606,5.0,0.0,0.0,0.0,10.0,0.5,-25.797420993992922,-25.797420993992922,0.0,0.0,25.797420993992922,25.797420993992922,0.0,14.74693128223059,616.996466223327,7.373465641115295,Prosumer
2023-02-01 23:00:00,user_001,23,0,2,False,0.0,0.0,27.844540461626245,27.844540461626245,5.0,0.0,0.0,0.0,10.0,0.5,-27.844540461626245,-27.844540461626245,0.0,0.0,27.844540461626245,27.844540461626245,0.0,14.74693128223059,644.8410066849533,7.373465641115295,Prosumer
2023-02-02 00:00:00,user_001,0,0,3,False,0.0,0.0,11.812448295084396,11.811867716676103,5.0,0.0,0.0,0.0,10.0,0.5,-11.812448295084396,-11.812448295084396,0.0,0.0,11.812448295084396,11.812448295084396,0.0,14.74693128223059,656.6528744016294,7.373465641115295,Prosumer
2023-02-02 01:00:00,user_001,1,0,3,False,0.0,0.0,11.566283049969101,11.566631397014074,5.0,0.0,0.0,0.0,10.0,0.5,-11.566283049969101,-11.566283049969101,0.0,0.0,11.566283049969101,11.566283049969101,0.0,14.74693128223059,668.2195057986435,7.373465641115295,Prosumer
2023-02-02 02:00:00,user_001,2,0,3,False,0.0,0.0,13.191902593183311,13.192250940228284,5.0,0.0,0.0,0.0,10.0,0.5,-13.191902593183311,-13.191902593183311,0.0,0.0,13.191902593183311,13.191902593183311,0.0,14.74693128223059,681.4117567388718,7.373465641115295,Prosumer
2023-02-02 03:00:00,user_001,3,0,3,False,0.0,0.0,15.48750961956509,15.487857966610065,5.0,0.0,0.0,0.0,10.0,0.5,-15.48750961956509,-15.48750961956509,0.0,0.0,15.48750961956509,15.48750961956509,0.0,14.74693128223059,696.8996147054818,7.373465641115295,Prosumer
2023-02-02 04:00:00,user_001,4,0,3,False,0.0,0.0,12.44179528967161,12.44179528967161,5.0,0.0,0.0,0.0,10.0,0.5,-12.44179528967161,-12.44179528967161,0.0,0.0,12.44179528967161,12.44179528967161,0.0,14.74693128223059,709.3414099951534,7.373465641115295,Prosumer
2023-02-02 05:00:00,user_001,5,0,3,False,0.0,0.0,15.708129414715591,15.708477761760564,5.0,0.0,0.0,0.0,10.0,0.5,-15.708129414715591,-15.708129414715591,0.0,0.0,15.708129414715591,15.708129414715591,0.0,14.74693128223059,725.049887756914,7.373465641115295,Prosumer
2023-02-02 06:00:00,user_001,6,0,3,False,0.0,0.0,13.224414984047593,13.224298868365935,5.0,0.0,0.0,0.0,10.0,0.5,-13.224414984047593,-13.224414984047593,0.0,0.0,13.224414984047593,13.224414984047593,0.0,14.74693128223059,738.27418662528,7.373465641115295,Prosumer
2023-02-02 07:00:00,user_001,7,0,3,False,0.032591065070873906,0.032696197538844465,15.112455967809241,15.112688199172556,5.0,0.0,0.0,0.0,10.0,0.5,-15.079864902738368,-15.079864902738368,0.0,0.0,15.079864902738368,15.079864902738368,0.016348098769422233,14.779627479769434,753.3868748244525,7.389813739884717,Prosumer
2023-02-02 08:00:00,user_001,8,0,3,False,1.3814406291331716,1.38112523172926,24.090520473618003,24.09075270498132,5.0,0.0,0.0,0.0,10.0,0.5,-22.709079844484833,-22.709079844484833,0.0,0.0,22.709079844484833,22.709079844484833,0.69056261586463,16.160752711498695,777.4776275294339,8.080376355749348,Prosumer
2023-02-02 09:00:00,user_001,9,0,3,False,3.2727737279235636,3.272983992859505,26.283945700140602,26.283829584458946,5.0,0.0,0.0,0.0,10.0,0.5,-23.01117197221704,-23.01117197221704,0.0,0.0,23.01117197221704,23.01117197221704,1.6364919964297524,19.4337367043582,803.7614571138929,9.7168683521791,Prosumer
2023-02-02 10:00:00,user_001,10,0,3,False,3.8436430290037102,3.8436430290037102,26.705445624559715,26.70591008728635,5.0,0.0,0.0,0.0,10.0,0.5,-22.861802595556004,-22.861802595556004,0.0,0.0,22.861802595556004,22.861802595556004,1.9218215145018551,23.27737973336191,830.4673672011793,11.638689866680956,Prosumer
2023-02-02 11:00:00,user_001,11,0,3,False,4.303071914035061,4.303282178971003,28.670122958215746,28.669774611170773,5.0,0.0,0.0,0.0,10.0,0.5,-24.367051044180684,-24.367051044180684,0.0,0.0,24.367051044180684,24.367051044180684,2.1516410894855014,27.580661912332914,859.13714181235,13.790330956166457,Prosumer
2023-02-02 12:00:00,user_001,12,0,3,False,4.518593473374712,4.518803738310652,31.329172068187564,31.3290559525059,5.0,0.0,0.0,0.0,10.0,0.5,-26.810578594812853,-26.810578594812853,0.0,0.0,26.810578594812853,26.810578594812853,2.259401869155326,32.099465650643566,890.4661977648559,16.049732825321783,Prosumer
2023-02-02 13:00:00,user_001,13,0,3,False,4.314636485511823,4.314846750447764,27.857313186608643,27.85696483956367,5.0,0.0,0.0,0.0,10.0,0.5,-23.54267670109682,-23.54267670109682,0.0,0.0,23.54267670109682,23.54267670109682,2.157423375223882,36.41431240109133,918.3231626044196,18.207156200545665,Prosumer
2023-02-02 14:00:00,user_001,14,0,3,False,3.522989001693499,3.522778736757558,29.920688849674107,29.921269428082397,5.0,0.0,0.0,0.0,10.0,0.5,-26.397699847980608,-26.397699847980608,0.0,0.0,26.397699847980608,26.397699847980608,1.761389368378779,39.93709113784889,948.244432032502,19.968545568924444,Prosumer
2023-02-02 15:00:00,user_001,15,0,3,False,2.4190980880026087,2.4195186178744907,31.706548033576574,31.70631580221326,5.0,0.0,0.0,0.0,10.0,0.5,-29.287449945573965,-29.287449945573965,0.0,0.0,29.287449945573965,29.287449945573965,1.2097593089372454,42.356609755723376,979.9507478347152,21.178304877861688,Prosumer
2023-02-02 16:00:00,user_001,16,0,3,False,0.7443378732315719,0.7448635355714247,31.141064663901346,31.140600201174713,5.0,0.0,0.0,0.0,10.0,0.5,-30.396726790669774,-30.396726790669774,0.0,0.0,30.396726790669774,30.396726790669774,0.37243176778571235,43.1014732912948,1011.09134803589,21.5507366456474,Prosumer
2023-02-02 17:00:00,user_001,17,0,3,False,0.0,0.0,24.571239395682777,24.57112328000112,5.0,0.0,0.0,0.0,10.0,0.5,-24.571239395682777,-24.571239395682777,0.0,0.0,24.571239395682777,24.571239395682777,0.0,43.1014732912948,1035.662471315891,21.5507366456474,Prosumer
2023-02-02 18:00:00,user_001,18,0,3,False,0.0,0.0,60.144439628476,60.14432351279435,5.0,0.0,0.0,0.0,10.0,0.5,-60.144439628476,-60.144439628476,0.0,0.0,60.144439628476,60.144439628476,0.0,43.1014732912948,1095.8067948286853,21.5507366456474,Prosumer
2023-02-02 19:00:00,user_001,19,0,3,False,0.0,0.0,46.340607392954205,46.34083962431752,5.0,0.0,0.0,0.0,10.0,0.5,-46.340607392954205,-46.340607392954205,0.0,0.0,46.340607392954205,46.340607392954205,0.0,43.1014732912948,1142.1476344530029,21.5507366456474,Prosumer
2023-02-02 20:00:00,user_001,20,0,3,False,0.0,0.0,46.489235465476646,46.48946769683996,5.0,0.0,0.0,0.0,10.0,0.5,-46.489235465476646,-46.489235465476646,0.0,0.0,46.489235465476646,46.489235465476646,0.0,43.1014732912948,1188.6371021498428,21.5507366456474,Prosumer
2023-02-02 21:00:00,user_001,21,0,3,False,0.0,0.0,44.9855373880035,44.98530515664019,5.0,0.0,0.0,0.0,10.0,0.5,-44.9855373880035,-44.9855373880035,0.0,0.0,44.9855373880035,44.9855373880035,0.0,43.1014732912948,1233.622407306483,21.5507366456474,Prosumer
2023-02-02 22:00:00,user_001,22,0,3,False,0.0,0.0,27.13971827396123,27.139834389642886,5.0,0.0,0.0,0.0,10.0,0.5,-27.13971827396123,-27.13971827396123,0.0,0.0,27.13971827396123,27.13971827396123,0.0,43.1014732912948,1260.7622416961258,21.5507366456474,Prosumer
2023-02-02 23:00:00,user_001,23,0,3,False,0.0,0.0,22.194351392140288,22.194235276458627,5.0,0.0,0.0,0.0,10.0,0.5,-22.194351392140288,-22.194351392140288,0.0,0.0,22.194351392140288,22.194351392140288,0.0,43.1014732912948,1282.9564769725844,21.5507366456474,Prosumer
2023-02-03 00:00:00,user_001,0,0,4,False,0.0,0.0,13.84679503773532,13.846911153416979,5.0,0.0,0.0,0.0,10.0,0.5,-13.84679503773532,-13.84679503773532,0.0,0.0,13.84679503773532,13.84679503773532,0.0,43.1014732912948,1296.8033881260014,21.5507366456474,Prosumer
2023-02-03 01:00:00,user_001,1,0,4,False,0.0,0.0,13.709778533378694,13.709778533378694,5.0,0.0,0.0,0.0,10.0,0.5,-13.709778533378694,-13.709778533378694,0.0,0.0,13.709778533378694,13.709778533378694,0.0,43.1014732912948,1310.5131666593802,21.5507366456474,Prosumer
2023-02-03 02:00:00,user_001,2,0,4,False,0.0,0.0,16.172592141348222,16.172243794303245,5.0,0.0,0.0,0.0,10.0,0.5,-16.172592141348222,-16.172592141348222,0.0,0.0,16.172592141348222,16.172592141348222,0.0,43.1014732912948,1326.6854104536835,21.5507366456474,Prosumer
2023-02-03 03:00:00,user_001,3,0,4,False,0.0,0.0,12.963154700316739,12.96257412190845,5.0,0.0,0.0,0.0,10.0,0.5,-12.963154700316739,-12.963154700316739,0.0,0.0,12.963154700316739,12.963154700316739,0.0,43.1014732912948,1339.6479845755919,21.5507366456474,Prosumer
2023-02-03 04:00:00,user_001,4,0,4,False,0.0,0.0,15.180964219987553,15.180964219987553,5.0,0.0,0.0,0.0,10.0,0.5,-15.180964219987553,-15.180964219987553,0.0,0.0,15.180964219987553,15.180964219987553,0.0,43.1014732912948,1354.8289487955794,21.5507366456474,Prosumer
2023-02-03 05:00:00,user_001,5,0,4,False,0.0,0.0,13.792220667355986,13.791988435992671,5.0,0.0,0.0,0.0,10.0,0.5,-13.792220667355986,-13.792220667355986,0.0,0.0,13.792220667355986,13.792220667355986,0.0,43.1014732912948,1368.620937231572,21.5507366456474,Prosumer
2023-02-03 06:00:00,user_001,6,0,4,False,0.0,0.0,13.907175192197563,13.906942960834247,5.0,0.0,0.0,0.0,10.0,0.5,-13.907175192197563,-13.907175192197563,0.0,0.0,13.907175192197563,13.907175192197563,0.0,43.1014732912948,1382.5278801924062,21.5507366456474,Prosumer
2023-02-03 07:00:00,user_001,7,0,4,False,0.06413080546204221,0.06413080546204221,12.693766318869814,12.693417971824838,5.0,0.0,0.0,0.0,10.0,0.5,-12.629635513407772,-12.629635513407772,0.0,0.0,12.629635513407772,12.629635513407772,0.032065402731021105,43.165604096756844,1395.221298164231,21.582802048378422,Prosumer
2023-02-03 08:00:00,user_001,8,0,4,False,0.35534774174049616,0.35482207940064336,26.107449864020207,26.10698540129357,5.0,0.0,0.0,0.0,10.0,0.5,-25.752102122279712,-25.752102122279712,0.0,0.0,25.752102122279712,25.752102122279712,0.17741103970032168,43.520426176157486,1421.3282835655245,21.760213088078743,Prosumer
2023-02-03 09:00:00,user_001,9,0,4,False,0.0,0.0,0.08708676124361836,0.08731899260693468,5.0,0.0,0.0,0.0,10.0,0.5,-0.08708676124361836,-0.08708676124361836,0.0,0.0,0.08708676124361836,0.08708676124361836,0.0,43.520426176157486,1421.4156025581315,21.760213088078743,Prosumer
2023-02-03 10:00:00,user_001,10,0,4,False,0.0,0.0,0.08708676124361836,0.08708676124361836,5.0,0.0,0.0,0.0,10.0,0.5,-0.08708676124361836,-0.08708676124361836,0.0,0.0,0.08708676124361836,0.08708676124361836,0.0,43.520426176157486,1421.5026893193751,21.760213088078743,Prosumer
2023-02-03 11:00:00,user_001,11,0,4,False,0.0,0.0,0.08708676124361836,0.08708676124361836,5.0,0.0,0.0,0.0,10.0,0.5,-0.08708676124361836,-0.08708676124361836,0.0,0.0,0.08708676124361836,0.08708676124361836,0.0,43.520426176157486,1421.5897760806188,21.760213088078743,Prosumer
2023-02-03 12:00:00,user_001,12,0,4,False,1.633758552262518,1.6336534197945474,0.08708676124361836,0.08708676124361836,5.0,1.479,0.0,-1.479,39.58,1.979,0.06767179101889953,0.06767179101889953,0.06767179101889953,0.06767179101889953,0.0,0.0,0.8168267098972737,45.154079595952034,1421.6768628418624,22.577039797976017,Prosumer
2023-02-03 13:00:00,user_001,13,0,4,False,2.687185881327539,2.686660218987686,0.08940907487678153,0.08917684351346519,5.0,2.479,0.0,-2.479,89.15,4.458,0.11877680645075728,0.11877680645075728,0.11877680645075728,0.11877680645075728,0.0,0.0,1.343330109493843,47.84073981493972,1421.766039685376,23.92036990746986,Prosumer
2023-02-03 14:00:00,user_001,14,0,4,False,3.19707835098476,3.197393748388672,11.531448345471652,11.53168057683497,5.0,0.0,3.958,3.958,10.0,0.5,-4.3763699944868915,-4.3763699944868915,0.0,0.0,4.3763699944868915,4.3763699944868915,1.598696874194336,51.03813356332839,1433.297720262211,25.519066781664193,Prosumer
2023-02-03 15:00:00,user_001,15,0,4,False,2.359172581259389,2.3590674487914183,29.525895532036373,29.526359994763002,5.0,0.0,0.0,0.0,10.0,0.5,-27.166722950776983,-27.166722950776983,0.0,0.0,27.166722950776983,27.166722950776983,1.1795337243957091,53.39720101211981,1462.824080256974,26.698600506059904,Prosumer
2023-02-03 16:00:00,user_001,16,0,4,False,0.5456375087672116,0.5452169788953293,28.270685013311684,28.27103336035666,5.0,0.0,0.0,0.0,10.0,0.5,-27.725047504544474,-27.725047504544474,0.0,0.0,27.725047504544474,27.725047504544474,0.27260848944766464,53.94241799101514,1491.0951136173305,26.97120899550757,Prosumer
2023-02-03 17:00:00,user_001,17,0,4,False,0.0,0.0,27.625081823292327,27.625197938973987,5.0,0.0,0.0,0.0,10.0,0.5,-27.625081823292327,-27.625081823292327,0.0,0.0,27.625081823292327,27.625081823292327,0.0,53.94241799101514,1518.7203115563045,26.97120899550757,Prosumer
2023-02-03 18:00:00,user_001,18,0,4,False,0.0,0.0,54.840275290331356,54.840159174649706,5.0,0.0,0.0,0.0,10.0,0.5,-54.840275290331356,-54.840275290331356,0.0,0.0,54.840275290331356,54.840275290331356,0.0,53.94241799101514,1573.5604707309542,26.97120899550757,Prosumer
2023-02-03 19:00:00,user_001,19,0,4,False,0.0,0.0,42.55523617089826,42.555700633624895,5.0,0.0,0.0,0.0,10.0,0.5,-42.55523617089826,-42.55523617089826,0.0,0.0,42.55523617089826,42.55523617089826,0.0,53.94241799101514,1616.116171364579,26.97120899550757,Prosumer
2023-02-03 20:00:00,user_001,20,0,4,False,0.0,0.0,39.82071186784864,39.820131289440354,5.0,0.0,0.0,0.0,10.0,0.5,-39.82071186784864,-39.82071186784864,0.0,0.0,39.82071186784864,39.82071186784864,0.0,53.94241799101514,1655.9363026540193,26.97120899550757,Prosumer
2023-02-03 21:00:00,user_001,21,0,4,False,0.0,0.0,36.5834066632192,36.583522778900864,5.0,0.0,0.0,0.0,10.0,0.5,-36.5834066632192,-36.5834066632192,0.0,0.0,36.5834066632192,36.5834066632192,0.0,53.94241799101514,1692.5198254329202,26.97120899550757,Prosumer
2023-02-03 22:00:00,user_001,22,0,4,False,0.0,0.0,25.732396212264355,25.732860674990988,5.0,0.0,0.0,0.0,10.0,0.5,-25.732396212264355,-25.732396212264355,0.0,0.0,25.732396212264355,25.732396212264355,0.0,53.94241799101514,1718.2526861079111,26.97120899550757,Prosumer
2023-02-03 23:00:00,user_001,23,0,4,False,0.0,0.0,25.03105749504908,25.03105749504908,5.0,0.0,0.0,0.0,10.0,0.5,-25.03105749504908,-25.03105749504908,0.0,0.0,25.03105749504908,25.03105749504908,0.0,53.94241799101514,1743.2837436029602,26.97120899550757,Prosumer
2023-02-04 00:00:00,user_001,0,0,5,True,0.0,0.0,10.873072430469898,10.873072430469898,5.0,0.0,0.0,0.0,10.0,0.5,-10.873072430469898,-10.873072430469898,0.0,0.0,10.873072430469898,10.873072430469898,0.0,53.94241799101514,1754.15681603343,26.97120899550757,Prosumer
2023-02-04 01:00:00,user_001,1,0,5,True,0.0,0.0,10.1670890859883,10.166740738943323,5.0,0.0,0.0,0.0,10.0,0.5,-10.1670890859883,-10.1670890859883,0.0,0.0,10.1670890859883,10.1670890859883,0.0,53.94241799101514,1764.3235567723734,26.97120899550757,Prosumer
2023-02-04 02:00:00,user_001,2,0,5,True,0.0,0.0,11.583700402217826,11.583816517899484,5.0,0.0,0.0,0.0,10.0,0.5,-11.583700402217826,-11.583700402217826,0.0,0.0,11.583700402217826,11.583700402217826,0.0,53.94241799101514,1775.907373290273,26.97120899550757,Prosumer
2023-02-04 03:00:00,user_001,3,0,5,True,0.0,0.0,10.798758394208678,10.798526162845361,5.0,0.0,0.0,0.0,10.0,0.5,-10.798758394208678,-10.798758394208678,0.0,0.0,10.798758394208678,10.798758394208678,0.0,53.94241799101514,1786.7058994531183,26.97120899550757,Prosumer
2023-02-04 04:00:00,user_001,4,0,5,True,0.0,0.0,9.875638725026324,9.875870956389639,5.0,0.0,0.0,0.0,10.0,0.5,-9.875638725026324,-9.875638725026324,0.0,0.0,9.875638725026324,9.875638725026324,0.0,53.94241799101514,1796.581770409508,26.97120899550757,Prosumer
2023-02-04 05:00:00,user_001,5,0,5,True,0.0,0.0,10.229791554083704,10.22932709135707,5.0,0.0,0.0,0.0,10.0,0.5,-10.229791554083704,-10.229791554083704,0.0,0.0,10.229791554083704,10.229791554083704,0.0,53.94241799101514,1806.8110975008651,26.97120899550757,Prosumer
2023-02-04 06:00:00,user_001,6,0,5,True,0.0,0.0,9.383308234795733,9.38295988775076,5.0,0.0,0.0,0.0,10.0,0.5,-9.383308234795733,-9.383308234795733,0.0,0.0,9.383308234795733,9.383308234795733,0.0,53.94241799101514,1816.1940573886159,26.97120899550757,Prosumer
2023-02-04 07:00:00,user_001,7,0,5,True,0.0,0.0,10.364485744807167,10.36425351344385,5.0,0.0,0.0,0.0,10.0,0.5,-10.364485744807167,-10.364485744807167,0.0,0.0,10.364485744807167,10.364485744807167,0.0,53.94241799101514,1826.5583109020597,26.97120899550757,Prosumer
2023-02-04 08:00:00,user_001,8,0,5,True,0.1471854551587854,0.1473957200947265,22.433549696356092,22.43378192771941,5.0,0.0,0.0,0.0,10.0,0.5,-22.286364241197308,-22.286364241197308,0.0,0.0,22.286364241197308,22.286364241197308,0.07369786004736326,54.08981371110987,1848.992092829779,27.044906855554935,Prosumer
2023-02-04 09:00:00,user_001,9,0,5,True,0.08936259777497685,0.08946773024294741,26.60442498151712,26.60442498151712,5.0,0.0,0.0,0.0,10.0,0.5,-26.515062383742144,-26.515062383742144,0.0,0.0,26.515062383742144,26.515062383742144,0.044733865121473704,54.17928144135281,1875.596517811296,27.089640720676407,Prosumer
2023-02-04 10:00:00,user_001,10,0,5,True,0.45942888503135154,0.45942888503135154,28.39144532223617,28.391909784962802,5.0,0.0,0.0,0.0,10.0,0.5,-27.93201643720482,-27.93201643720482,0.0,0.0,27.93201643720482,27.93201643720482,0.22971444251567577,54.638710326384164,1903.9884275962588,27.319355163192082,Prosumer
2023-02-04 11:00:00,user_001,11,0,5,True,2.876424323674549,2.8766345886104903,25.223809526601624,25.224157873646597,5.0,0.0,0.0,0.0,10.0,0.5,-22.347385202927075,-22.347385202927075,0.0,0.0,22.347385202927075,22.347385202927075,1.4383172943052451,57.51534491499466,1929.2125854699054,28.75767245749733,Prosumer
2023-02-04 12:00:00,user_001,12,0,5,True,2.487434192183473,2.487434192183473,24.604912943363644,24.60514517472696,5.0,0.0,0.0,0.0,10.0,0.5,-22.117478751180172,-22.117478751180172,0.0,0.0,22.117478751180172,22.117478751180172,1.2437170960917365,60.00277910717813,1953.8177306446323,30.001389553589064,Prosumer
2023-02-04 13:00:00,user_001,13,0,5,True,1.2437170960917365,1.2438222285597071,24.10909898268331,24.108634519956674,5.0,0.0,0.0,0.0,10.0,0.5,-22.865381886591575,-22.865381886591575,0.0,0.0,22.865381886591575,22.865381886591575,0.6219111142798536,61.246601335737836,1977.926365164589,30.623300667868918,Prosumer
2023-02-04 14:00:00,user_001,14,0,5,True,1.0681458745808998,1.0680407421129292,25.139045078991167,25.13881284762785,5.0,0.0,0.0,0.0,10.0,0.5,-24.070899204410267,-24.070899204410267,0.0,0.0,24.070899204410267,24.070899204410267,0.5340203710564646,62.31464207785076,2003.0651780122168,31.15732103892538,Prosumer
2023-02-04 15:00:00,user_001,15,0,5,True,2.588361361435212,2.587835699095359,29.327337716400923,29.326873253674286,5.0,0.0,0.0,0.0,10.0,0.5,-26.73897635496571,-26.73897635496571,0.0,0.0,26.73897635496571,26.73897635496571,1.2939178495476795,64.90247777694613,2032.392051265891,32.451238888473064,Prosumer
2023-02-04 16:00:00,user_001,16,0,5,True,0.4762500799066413,0.476565477310553,25.460685517184263,25.46091774854758,5.0,0.0,0.0,0.0,10.0,0.5,-24.98443543727762,-24.98443543727762,0.0,0.0,24.98443543727762,24.98443543727762,0.2382827386552765,65.37904325425669,2057.8529690144387,32.68952162712834,Prosumer
2023-02-04 17:00:00,user_001,17,0,5,True,0.0,0.0,27.17803644890842,27.178268680271735,5.0,0.0,0.0,0.0,10.0,0.5,-27.17803644890842,-27.17803644890842,0.0,0.0,27.17803644890842,27.17803644890842,0.0,65.37904325425669,2085.0312376947104,32.68952162712834,Prosumer
2023-02-04 18:00:00,user_001,18,0,5,True,0.0,0.0,49.87516874262853,49.8755170896735,5.0,0.0,0.0,0.0,10.0,0.5,-49.87516874262853,-49.87516874262853,0.0,0.0,49.87516874262853,49.87516874262853,0.0,65.37904325425669,2134.906754784384,32.68952162712834,Prosumer
2023-02-04 19:00:00,user_001,19,0,5,True,0.0,0.0,40.90058770726951,40.90081993863283,5.0,0.0,0.0,0.0,10.0,0.5,-40.90058770726951,-40.90058770726951,0.0,0.0,40.90058770726951,40.90058770726951,0.0,65.37904325425669,2175.807574723017,32.68952162712834,Prosumer
2023-02-04 20:00:00,user_001,20,0,5,True,0.0,0.0,47.790892256864595,47.79042779413797,5.0,0.0,0.0,0.0,10.0,0.5,-47.790892256864595,-47.790892256864595,0.0,0.0,47.790892256864595,47.790892256864595,0.0,65.37904325425669,2223.598002517155,32.68952162712834,Prosumer
2023-02-04 21:00:00,user_001,21,0,5,True,0.0,0.0,35.33284077176084,35.33318911880582,5.0,0.0,0.0,0.0,10.0,0.5,-35.33284077176084,-35.33284077176084,0.0,0.0,35.33284077176084,35.33284077176084,0.0,65.37904325425669,2258.9311916359607,32.68952162712834,Prosumer
2023-02-04 22:00:00,user_001,22,0,5,True,0.0,0.0,28.26139575877903,28.26162799014235,5.0,0.0,0.0,0.0,10.0,0.5,-28.26139575877903,-28.26139575877903,0.0,0.0,28.26139575877903,28.26139575877903,0.0,65.37904325425669,2287.192819626103,32.68952162712834,Prosumer
2023-02-04 23:00:00,user_001,23,0,5,True,0.0,0.0,25.379404540023554,25.37894007729692,5.0,0.0,0.0,0.0,10.0,0.5,-25.379404540023554,-25.379404540023554,0.0,0.0,25.379404540023554,25.379404540023554,0.0,65.37904325425669,2312.5717597034,32.68952162712834,Prosumer
2023-02-05 00:00:00,user_001,0,0,6,True,0.0,0.0,9.404209057494203,9.404673520220834,5.0,0.0,0.0,0.0,10.0,0.5,-9.404209057494203,-9.404209057494203,0.0,0.0,9.404209057494203,9.404209057494203,0.0,65.37904325425669,2321.976433223621,32.68952162712834,Prosumer
2023-02-05 01:00:00,user_001,1,0,6,True,0.0,0.0,11.21909716181121,11.21898104612955,5.0,0.0,0.0,0.0,10.0,0.5,-11.21909716181121,-11.21909716181121,0.0,0.0,11.21909716181121,11.21909716181121,0.0,65.37904325425669,2333.1954142697505,32.68952162712834,Prosumer
2023-02-05 02:00:00,user_001,2,0,6,True,0.0,0.0,10.1543163610059,10.154084129642584,5.0,0.0,0.0,0.0,10.0,0.5,-10.1543163610059,-10.1543163610059,0.0,0.0,10.1543163610059,10.1543163610059,0.0,65.37904325425669,2343.3494983993933,32.68952162712834,Prosumer
2023-02-05 03:00:00,user_001,3,0,6,True,0.0,0.0,11.028667443891829,11.028783559573489,5.0,0.0,0.0,0.0,10.0,0.5,-11.028667443891829,-11.028667443891829,0.0,0.0,11.028667443891829,11.028667443891829,0.0,65.37904325425669,2354.378281958967,32.68952162712834,Prosumer
2023-02-05 04:00:00,user_001,4,0,6,True,0.0,0.0,11.880956547262707,11.881188778626026,5.0,0.0,0.0,0.0,10.0,0.5,-11.880956547262707,-11.880956547262707,0.0,0.0,11.880956547262707,11.880956547262707,0.0,65.37904325425669,2366.259470737593,32.68952162712834,Prosumer
2023-02-05 05:00:00,user_001,5,0,6,True,0.0,0.0,9.818742041013826,9.819206503740459,5.0,0.0,0.0,0.0,10.0,0.5,-9.818742041013826,-9.818742041013826,0.0,0.0,9.818742041013826,9.818742041013826,0.0,65.37904325425669,2376.0786772413335,32.68952162712834,Prosumer
2023-02-05 06:00:00,user_001,6,0,6,True,0.0,0.0,10.723283201130874,10.723050969767558,5.0,0.0,0.0,0.0,10.0,0.5,-10.723283201130874,-10.723283201130874,0.0,0.0,10.723283201130874,10.723283201130874,0.0,65.37904325425669,2386.801728211101,32.68952162712834,Prosumer
2023-02-05 07:00:00,user_001,7,0,6,True,0.028385766352051468,0.02859603128799259,9.56560985499904,9.565958202044017,5.0,0.0,0.0,0.0,10.0,0.5,-9.537224088646989,-9.537224088646989,0.0,0.0,9.537224088646989,9.537224088646989,0.014298015643996295,65.40763928554468,2396.367686413145,32.70381964277234,Prosumer
2023-02-05 08:00:00,user_001,8,0,6,True,0.41422192380401035,0.41411679133603974,17.91548852303717,17.915140175992196,5.0,0.0,0.0,0.0,10.0,0.5,-17.50126659923316,-17.50126659923316,0.0,0.0,17.50126659923316,17.50126659923316,0.20705839566801987,65.82175607688072,2414.282826589137,32.91087803844036,Prosumer
2023-02-05 09:00:00,user_001,9,0,6,True,0.8095200033733196,0.809204605969408,23.5296817312091,23.529565615527442,5.0,0.0,0.0,0.0,10.0,0.5,-22.72016172783578,-22.72016172783578,0.0,0.0,22.72016172783578,22.72016172783578,0.404602302984704,66.63096068285013,2437.812392204665,33.315480341425065,Prosumer
2023-02-05 10:00:00,user_001,10,0,6,True,0.8242385488891982,0.8239231514852865,30.10763509714374,30.107518981462082,5.0,0.0,0.0,0.0,10.0,0.5,-29.28339654825454,-29.28339654825454,0.0,0.0,29.28339654825454,29.28339654825454,0.41196157574264325,67.45488383433542,2467.9199111861267,33.72744191716771,Prosumer
2023-02-05 11:00:00,user_001,11,0,6,True,0.7159521068795204,0.7161623718154615,25.86709040298782,25.86709040298782,5.0,0.0,0.0,0.0,10.0,0.5,-25.1511382961083,-25.1511382961083,0.0,0.0,25.1511382961083,25.1511382961083,0.35808118590773075,68.17104620615088,2493.7870015891144,34.08552310307544,Prosumer
2023-02-05 12:00:00,user_001,12,0,6,True,0.6991309120042306,0.6986052496643778,27.250028171536478,27.249563708809845,5.0,0.0,0.0,0.0,10.0,0.5,-26.55089725953225,-26.55089725953225,0.0,0.0,26.55089725953225,26.55089725953225,0.3493026248321889,68.86965145581526,2521.0365652979244,34.43482572790763,Prosumer
2023-02-05 13:00:00,user_001,13,0,6,True,0.7212087302780484,0.7211035978100778,27.262800896518876,27.26338147492717,5.0,0.0,0.0,0.0,10.0,0.5,-26.54159216624083,-26.54159216624083,0.0,0.0,26.54159216624083,26.54159216624083,0.3605517989050389,69.59075505362533,2548.2999467728514,34.795377526812665,Prosumer
2023-02-05 14:00:00,user_001,14,0,6,True,0.7432865485518662,0.7437070784237485,28.446019692615504,28.44625192397882,5.0,0.0,0.0,0.0,10.0,0.5,-27.70273314406364,-27.70273314406364,0.0,0.0,27.70273314406364,27.70273314406364,0.37185353921187425,70.33446213204908,2576.74619869683,35.16723106602454,Prosumer
2023-02-05 15:00:00,user_001,15,0,6,True,0.21131626062082762,0.2116316580247393,23.95466512607796,23.954897357441272,5.0,0.0,0.0,0.0,10.0,0.5,-23.743348865457133,-23.743348865457133,0.0,0.0,23.743348865457133,23.743348865457133,0.10581582901236965,70.54609379007383,2600.7010960542716,35.27304689503691,Prosumer
2023-02-05 16:00:00,user_001,16,0,6,True,0.06623345482145343,0.06665398469333567,27.22796619202143,27.227501729294794,5.0,0.0,0.0,0.0,10.0,0.5,-27.161732737199976,-27.161732737199976,0.0,0.0,27.161732737199976,27.161732737199976,0.03332699234666783,70.61274777476716,2627.9285977835666,35.30637388738358,Prosumer
2023-02-05 17:00:00,user_001,17,0,6,True,0.0,0.0,31.780862069837795,31.780978185519455,5.0,0.0,0.0,0.0,10.0,0.5,-31.780862069837795,-31.780862069837795,0.0,0.0,31.780862069837795,31.780862069837795,0.0,70.61274777476716,2659.709575969086,35.30637388738358,Prosumer
2023-02-05 18:00:00,user_001,18,0,6,True,0.0,0.0,61.40893940173335,61.40893940173335,5.0,0.0,0.0,0.0,10.0,0.5,-61.40893940173335,-61.40893940173335,0.0,0.0,61.40893940173335,61.40893940173335,0.0,70.61274777476716,2721.1185153708193,35.30637388738358,Prosumer
2023-02-05 19:00:00,user_001,19,0,6,True,0.0,0.0,45.02617787658386,45.026293992265515,5.0,0.0,0.0,0.0,10.0,0.5,-45.02617787658386,-45.02617787658386,0.0,0.0,45.02617787658386,45.02617787658386,0.0,70.61274777476716,2766.1448093630847,35.30637388738358,Prosumer
2023-02-05 20:00:00,user_001,20,0,6,True,0.0,0.0,46.60999577440113,46.609415195992845,5.0,0.0,0.0,0.0,10.0,0.5,-46.60999577440113,-46.60999577440113,0.0,0.0,46.60999577440113,46.60999577440113,0.0,70.61274777476716,2812.7542245590776,35.30637388738358,Prosumer
2023-02-05 21:00:00,user_001,21,0,6,True,0.0,0.0,36.586890133668945,36.586541786623975,5.0,0.0,0.0,0.0,10.0,0.5,-36.586890133668945,-36.586890133668945,0.0,0.0,36.586890133668945,36.586890133668945,0.0,70.61274777476716,2849.3407663457015,35.30637388738358,Prosumer
2023-02-05 22:00:00,user_001,22,0,6,True,0.0,0.0,23.974404791959845,23.97417256059653,5.0,0.0,0.0,0.0,10.0,0.5,-23.974404791959845,-23.974404791959845,0.0,0.0,23.974404791959845,23.974404791959845,0.0,70.61274777476716,2873.314938906298,35.30637388738358,Prosumer
2023-02-05 23:00:00,user_001,23,0,6,True,0.0,0.0,29.806895481649114,29.806547134604138,5.0,0.0,0.0,0.0,10.0,0.5,-29.806895481649114,-29.806895481649114,0.0,0.0,29.806895481649114,29.806895481649114,0.0,70.61274777476716,2903.121486040902,35.30637388738358,Prosumer
2023-02-06 00:00:00,user_001,0,0,0,False,0.0,0.0,16.285224352556636,16.284759889830003,5.0,0.0,0.0,0.0,10.0,0.5,-16.285224352556636,-16.285224352556636,0.0,0.0,16.285224352556636,16.285224352556636,0.0,70.61274777476716,2919.406245930732,35.30637388738358,Prosumer
2023-02-06 01:00:00,user_001,1,0,0,False,0.0,0.0,13.467096758713145,13.46663229598651,5.0,0.0,0.0,0.0,10.0,0.5,-13.467096758713145,-13.467096758713145,0.0,0.0,13.467096758713145,13.467096758713145,0.0,70.61274777476716,2932.8728782267185,35.30637388738358,Prosumer
2023-02-06 02:00:00,user_001,2,0,0,False,0.0,0.0,12.9341257799022,12.93470635831049,5.0,0.0,0.0,0.0,10.0,0.5,-12.9341257799022,-12.9341257799022,0.0,0.0,12.9341257799022,12.9341257799022,0.0,70.61274777476716,2945.807584585029,35.30637388738358,Prosumer
2023-02-06 03:00:00,user_001,3,0,0,False,0.0,0.0,16.353732604734947,16.354313183143237,5.0,0.0,0.0,0.0,10.0,0.5,-16.353732604734947,-16.353732604734947,0.0,0.0,16.353732604734947,16.353732604734947,0.0,70.61274777476716,2962.1618977681724,35.30637388738358,Prosumer
2023-02-06 04:00:00,user_001,4,0,0,False,0.0,0.0,16.726463942857634,16.72669617422095,5.0,0.0,0.0,0.0,10.0,0.5,-16.726463942857634,-16.726463942857634,0.0,0.0,16.726463942857634,16.726463942857634,0.0,70.61274777476716,2978.8885939423935,35.30637388738358,Prosumer
2023-02-06 05:00:00,user_001,5,0,0,False,0.0,0.0,15.423645994653103,15.42318153192647,5.0,0.0,0.0,0.0,10.0,0.5,-15.423645994653103,-15.423645994653103,0.0,0.0,15.423645994653103,15.423645994653103,0.0,70.61274777476716,2994.31177547432,35.30637388738358,Prosumer
2023-02-06 06:00:00,user_001,6,0,0,False,0.0,0.0,14.40531146651106,14.404730888102769,5.0,0.0,0.0,0.0,10.0,0.5,-14.40531146651106,-14.40531146651106,0.0,0.0,14.40531146651106,14.40531146651106,0.0,70.61274777476716,3008.7165063624225,35.30637388738358,Prosumer
2023-02-06 07:00:00,user_001,7,0,0,False,0.0,0.0,13.226737297680758,13.227201760407391,5.0,0.0,0.0,0.0,10.0,0.5,-13.226737297680758,-13.226737297680758,0.0,0.0,13.226737297680758,13.226737297680758,0.0,70.61274777476716,3021.94370812283,35.30637388738358,Prosumer
2023-02-06 08:00:00,user_001,8,0,0,False,0.04100166250851879,0.04110679497648935,30.276002835548073,30.276002835548073,5.0,0.0,0.0,0.0,10.0,0.5,-30.235001173039553,-30.235001173039553,0.0,0.0,30.235001173039553,30.235001173039553,0.020553397488244675,70.65385456974364,3052.219710958378,35.32692728487182,Prosumer
2023-02-06 09:00:00,user_001,9,0,0,False,0.20500831254259394,0.20500831254259394,29.9148830655912,29.91546364399949,5.0,0.0,0.0,0.0,10.0,0.5,-29.709874753048606,-29.709874753048606,0.0,0.0,29.709874753048606,29.709874753048606,0.10250415627129697,70.85886288228623,3082.1351746023774,35.429431441143116,Prosumer
2023-02-06 10:00:00,user_001,10,0,0,False,0.3364238975057952,0.3364238975057952,30.97501923913018,30.974554776403547,5.0,0.0,0.0,0.0,10.0,0.5,-30.638595341624384,-30.638595341624384,0.0,0.0,30.638595341624384,30.638595341624384,0.1682119487528976,71.19528677979203,3113.109729378781,35.597643389896014,Prosumer
2023-02-06 11:00:00,user_001,11,0,0,False,1.215331329739685,1.215646727143597,33.4447997879992,33.44456755663588,5.0,0.0,0.0,0.0,10.0,0.5,-32.22946845825952,-32.22946845825952,0.0,0.0,32.22946845825952,32.22946845825952,0.6078233635717984,72.41093350693562,3146.554296935417,36.20546675346781,Prosumer
2023-02-06 12:00:00,user_001,12,0,0,False,2.4968961143008235,2.4967909818328526,25.386371480923042,25.38660371228636,5.0,0.0,0.0,0.0,10.0,0.5,-22.889475366622218,-22.889475366622218,0.0,0.0,22.889475366622218,22.889475366622218,1.2483954909164263,74.90772448876848,3171.940900647703,37.45386224438424,Prosumer
2023-02-06 13:00:00,user_001,13,0,0,False,1.5075995906978445,1.507284193293933,26.97018937874032,26.97042161010363,5.0,0.0,0.0,0.0,10.0,0.5,-25.462589788042475,-25.462589788042475,0.0,0.0,25.462589788042475,25.462589788042475,0.7536420966469665,76.4150086820624,3198.9113222578067,38.2075043410312,Prosumer
2023-02-06 14:00:00,user_001,14,0,0,False,1.2794621352017275,1.2794621352017275,28.92906092831344,28.928596465586807,5.0,0.0,0.0,0.0,10.0,0.5,-27.649598793111714,-27.649598793111714,0.0,0.0,27.649598793111714,27.649598793111714,0.6397310676008637,77.69447081726413,3227.8399187233936,38.847235408632066,Prosumer
2023-02-06 15:00:00,user_001,15,0,0,False,0.8831127309527124,0.8833229958886534,31.013337414077373,31.013569645440686,5.0,0.0,0.0,0.0,10.0,0.5,-30.13022468312466,-30.13022468312466,0.0,0.0,30.13022468312466,30.13022468312466,0.4416614979443267,78.57779381315278,3258.8534883688344,39.28889690657639,Prosumer
2023-02-06 16:00:00,user_001,16,0,0,False,0.3385265468652064,0.33810601699332415,28.87100308748436,28.871351434529334,5.0,0.0,0.0,0.0,10.0,0.5,-28.532476540619154,-28.532476540619154,0.0,0.0,28.532476540619154,28.532476540619154,0.16905300849666208,78.9158998301461,3287.724839803364,39.45794991507305,Prosumer
2023-02-06 17:00:00,user_001,17,0,0,False,0.0,0.0,31.548630706521482,31.5488629378848,5.0,0.0,0.0,0.0,10.0,0.5,-31.548630706521482,-31.548630706521482,0.0,0.0,31.548630706521482,31.548630706521482,0.0,78.9158998301461,3319.2737027412486,39.45794991507305,Prosumer
2023-02-06 18:00:00,user_001,18,0,0,False,0.0,0.0,58.57803908290746,58.577922967225796,5.0,0.0,0.0,0.0,10.0,0.5,-58.57803908290746,-58.57803908290746,0.0,0.0,58.57803908290746,58.57803908290746,0.0,78.9158998301461,3377.8516257084743,39.45794991507305,Prosumer
2023-02-06 19:00:00,user_001,19,0,0,False,0.0,0.0,57.30076658466772,57.301114931712696,5.0,0.0,0.0,0.0,10.0,0.5,-57.30076658466772,-57.30076658466772,0.0,0.0,57.30076658466772,57.30076658466772,0.0,78.9158998301461,3435.152740640187,39.45794991507305,Prosumer
2023-02-06 20:00:00,user_001,20,0,0,False,0.0,0.0,43.383140981120924,43.38302486543927,5.0,0.0,0.0,0.0,10.0,0.5,-43.383140981120924,-43.383140981120924,0.0,0.0,43.383140981120924,43.383140981120924,0.0,78.9158998301461,3478.5357655056264,39.45794991507305,Prosumer
2023-02-06 21:00:00,user_001,21,0,0,False,0.0,0.0,39.19833181416092,39.19821569847926,5.0,0.0,0.0,0.0,10.0,0.5,-39.19833181416092,-39.19833181416092,0.0,0.0,39.19833181416092,39.19833181416092,0.0,78.9158998301461,3517.7339812041055,39.45794991507305,Prosumer
2023-02-06 22:00:00,user_001,22,0,0,False,0.0,0.0,25.96578873239725,25.965672616715594,5.0,0.0,0.0,0.0,10.0,0.5,-25.96578873239725,-25.96578873239725,0.0,0.0,25.96578873239725,25.96578873239725,0.0,78.9158998301461,3543.699653820821,39.45794991507305,Prosumer
2023-02-06 23:00:00,user_001,23,0,0,False,0.0,0.0,29.284374914187403,29.284607145550716,5.0,0.0,0.0,0.0,10.0,0.5,-29.284374914187403,-29.284374914187403,0.0,0.0,29.284374914187403,29.284374914187403,0.0,78.9158998301461,3572.9842609663715,39.45794991507305,Prosumer
2023-02-07 00:00:00,user_001,0,0,1,False,0.0,0.0,14.92783203397277,14.92783203397277,5.0,0.0,0.0,0.0,10.0,0.5,-14.92783203397277,-14.92783203397277,0.0,0.0,14.92783203397277,14.92783203397277,0.0,78.9158998301461,3587.912093000344,39.45794991507305,Prosumer
2023-02-07 01:00:00,user_001,1,0,1,False,0.0,0.0,14.10457185101643,14.104223503971456,5.0,0.0,0.0,0.0,10.0,0.5,-14.10457185101643,-14.10457185101643,0.0,0.0,14.10457185101643,14.10457185101643,0.0,78.9158998301461,3602.0163165043155,39.45794991507305,Prosumer
2023-02-07 02:00:00,user_001,2,0,1,False,0.0,0.0,16.270129313941073,16.26966485121444,5.0,0.0,0.0,0.0,10.0,0.5,-16.270129313941073,-16.270129313941073,0.0,0.0,16.270129313941073,16.270129313941073,0.0,78.9158998301461,3618.28598135553,39.45794991507305,Prosumer
2023-02-07 03:00:00,user_001,3,0,1,False,0.0,0.0,12.984055523015208,12.983707175970233,5.0,0.0,0.0,0.0,10.0,0.5,-12.984055523015208,-12.984055523015208,0.0,0.0,12.984055523015208,12.984055523015208,0.0,78.9158998301461,3631.2696885315004,39.45794991507305,Prosumer
2023-02-07 04:00:00,user_001,4,0,1,False,0.0,0.0,17.32678201703031,17.326898132711968,5.0,0.0,0.0,0.0,10.0,0.5,-17.32678201703031,-17.32678201703031,0.0,0.0,17.32678201703031,17.32678201703031,0.0,78.9158998301461,3648.5965866642123,39.45794991507305,Prosumer
2023-02-07 05:00:00,user_001,5,0,1,False,0.0,0.0,13.628497556217983,13.6287297875813,5.0,0.0,0.0,0.0,10.0,0.5,-13.628497556217983,-13.628497556217983,0.0,0.0,13.628497556217983,13.628497556217983,0.0,78.9158998301461,3662.225316451794,39.45794991507305,Prosumer
2023-02-07 06:00:00,user_001,6,0,1,False,0.0,0.0,15.013757638399806,15.013293175673175,5.0,0.0,0.0,0.0,10.0,0.5,-15.013757638399806,-15.013757638399806,0.0,0.0,15.013757638399806,15.013757638399806,0.0,78.9158998301461,3677.2386096274668,39.45794991507305,Prosumer
2023-02-07 07:00:00,user_001,7,0,1,False,0.15980135131525272,0.15938082144337049,14.810555195498031,14.810439079816371,5.0,0.0,0.0,0.0,10.0,0.5,-14.650753844182779,-14.650753844182779,0.0,0.0,14.650753844182779,14.650753844182779,0.07969041072168524,79.07528065158947,3692.049048707283,39.53764032579473,Prosumer
2023-02-07 08:00:00,user_001,8,0,1,False,0.7727236395836233,0.7725133746476822,26.343164697786268,26.342816350741288,5.0,0.0,0.0,0.0,10.0,0.5,-25.570441058202643,-25.570441058202643,0.0,0.0,25.570441058202643,25.570441058202643,0.3862566873238411,79.84779402623715,3718.3918650580245,39.92389701311858,Prosumer
2023-02-07 09:00:00,user_001,9,0,1,False,1.0576326277838437,1.0574223628479025,25.331797110543707,25.331216532135418,5.0,0.0,0.0,0.0,10.0,0.5,-24.274164482759865,-24.274164482759865,0.0,0.0,24.274164482759865,24.274164482759865,0.5287111814239512,80.90521638908506,3743.72308159016,40.45260819454253,Prosumer
2023-02-07 10:00:00,user_001,10,0,1,False,1.4056210967664005,1.4060416266382827,30.913477927851357,30.91312958080638,5.0,0.0,0.0,0.0,10.0,0.5,-29.507856831084958,-29.507856831084958,0.0,0.0,29.507856831084958,29.507856831084958,0.7030208133191413,82.31125801572334,3774.6362111709664,41.15562900786167,Prosumer
2023-02-07 11:00:00,user_001,11,0,1,False,3.6081463007496533,3.607620638409801,34.870700358761376,34.87104870580635,5.0,0.0,0.0,0.0,10.0,0.5,-31.262554058011723,-31.262554058011723,0.0,0.0,31.262554058011723,31.262554058011723,1.8038103192049004,85.91887865413314,3809.507259876773,42.95943932706657,Prosumer
2023-02-07 12:00:00,user_001,12,0,1,False,2.2056791780223697,2.205153515682517,27.70171817318671,27.701602057505053,5.0,0.0,0.0,0.0,10.0,0.5,-25.49603899516434,-25.49603899516434,0.0,0.0,25.49603899516434,25.49603899516434,1.1025767578412584,88.12403216981565,3837.208861934278,44.062016084907825,Prosumer
2023-02-07 13:00:00,user_001,13,0,1,False,1.5549092012845973,1.5553297311564793,24.339008032366458,24.33854356963983,5.0,0.0,0.0,0.0,10.0,0.5,-22.78409883108186,-22.78409883108186,0.0,0.0,22.78409883108186,22.78409883108186,0.7776648655782397,89.67936190097213,3861.547405503918,44.83968095048606,Prosumer
2023-02-07 14:00:00,user_001,14,0,1,False,0.8778561075541843,0.8782766374260665,30.546552373811576,30.547016836538212,5.0,0.0,0.0,0.0,10.0,0.5,-29.668696266257392,-29.668696266257392,0.0,0.0,29.668696266257392,29.668696266257392,0.43913831871303327,90.5576385383982,3892.0944223404563,45.2788192691991,Prosumer
2023-02-07 15:00:00,user_001,15,0,1,False,2.4853315428240617,2.485121277888121,25.064731042729946,25.065079389774922,5.0,0.0,0.0,0.0,10.0,0.5,-22.579399499905882,-22.579399499905882,0.0,0.0,22.579399499905882,22.579399499905882,1.2425606389440604,93.04275981628632,3917.159501730231,46.52137990814316,Prosumer
2023-02-07 16:00:00,user_001,16,0,1,False,0.913601146664175,0.9131806167922928,29.406296379928467,29.40664472697344,5.0,0.0,0.0,0.0,10.0,0.5,-28.492695233264293,-28.492695233264293,0.0,0.0,28.492695233264293,28.492695233264293,0.4565903083961464,93.95594043307861,3946.5661464572045,46.977970216539305,Prosumer
2023-02-07 17:00:00,user_001,17,0,1,False,0.0,0.0,30.080928490362364,30.08046402763573,5.0,0.0,0.0,0.0,10.0,0.5,-30.080928490362364,-30.080928490362364,0.0,0.0,30.080928490362364,30.080928490362364,0.0,93.95594043307861,3976.64661048484,46.977970216539305,Prosumer
2023-02-07 18:00:00,user_001,18,0,1,False,0.0,0.0,57.330956661898846,57.33049219917221,5.0,0.0,0.0,0.0,10.0,0.5,-57.330956661898846,-57.330956661898846,0.0,0.0,57.330956661898846,57.330956661898846,0.0,93.95594043307861,4033.977102684012,46.977970216539305,Prosumer
2023-02-07 19:00:00,user_001,19,0,1,False,0.0,0.0,47.191735339508504,47.19196757087182,5.0,0.0,0.0,0.0,10.0,0.5,-47.191735339508504,-47.191735339508504,0.0,0.0,47.191735339508504,47.191735339508504,0.0,93.95594043307861,4081.169070254884,46.977970216539305,Prosumer
2023-02-07 20:00:00,user_001,20,0,1,False,0.0,0.0,54.31427125241991,54.31473571514654,5.0,0.0,0.0,0.0,10.0,0.5,-54.31427125241991,-54.31427125241991,0.0,0.0,54.31427125241991,54.31427125241991,0.0,93.95594043307861,4135.4838059700305,46.977970216539305,Prosumer
2023-02-07 21:00:00,user_001,21,0,1,False,0.0,0.0,37.442662707489575,37.44254659180791,5.0,0.0,0.0,0.0,10.0,0.5,-37.442662707489575,-37.442662707489575,0.0,0.0,37.442662707489575,37.442662707489575,0.0,93.95594043307861,4172.926352561838,46.977970216539305,Prosumer
2023-02-07 22:00:00,user_001,22,0,1,False,0.0,0.0,31.863304203815087,31.863304203815087,5.0,0.0,0.0,0.0,10.0,0.5,-31.863304203815087,-31.863304203815087,0.0,0.0,31.863304203815087,31.863304203815087,0.0,93.95594043307861,4204.7896567656535,46.977970216539305,Prosumer
2023-02-07 23:00:00,user_001,23,0,1,False,0.0,0.0,27.51709423935024,27.516978123668583,5.0,0.0,0.0,0.0,10.0,0.5,-27.51709423935024,-27.51709423935024,0.0,0.0,27.51709423935024,27.51709423935024,0.0,93.95594043307861,4232.306634889322,46.977970216539305,Prosumer
2023-02-08 00:00:00,user_001,0,0,2,False,0.0,0.0,14.551617225400339,14.551152762673704,5.0,0.0,0.0,0.0,10.0,0.5,-14.551617225400339,-14.551617225400339,0.0,0.0,14.551617225400339,14.551617225400339,0.0,93.95594043307861,4246.857787651996,46.977970216539305,Prosumer
2023-02-08 01:00:00,user_001,1,0,2,False,0.0,0.0,13.857245449084553,13.857709911811186,5.0,0.0,0.0,0.0,10.0,0.5,-13.857245449084553,-13.857245449084553,0.0,0.0,13.857245449084553,13.857245449084553,0.0,93.95594043307861,4260.715497563807,46.977970216539305,Prosumer
2023-02-08 02:00:00,user_001,2,0,2,False,0.0,0.0,16.484943325008665,16.48447886228203,5.0,0.0,0.0,0.0,10.0,0.5,-16.484943325008665,-16.484943325008665,0.0,0.0,16.484943325008665,16.484943325008665,0.0,93.95594043307861,4277.199976426089,46.977970216539305,Prosumer
2023-02-08 03:00:00,user_001,3,0,2,False,0.0,0.0,17.028364715168845,17.027900252442212,5.0,0.0,0.0,0.0,10.0,0.5,-17.028364715168845,-17.028364715168845,0.0,0.0,17.028364715168845,17.028364715168845,0.0,93.95594043307861,4294.227876678531,46.977970216539305,Prosumer
2023-02-08 04:00:00,user_001,4,0,2,False,0.0,0.0,14.576001518548551,14.575885402866893,5.0,0.0,0.0,0.0,10.0,0.5,-14.576001518548551,-14.576001518548551,0.0,0.0,14.576001518548551,14.576001518548551,0.0,93.95594043307861,4308.803762081398,46.977970216539305,Prosumer
2023-02-08 05:00:00,user_001,5,0,2,False,0.0,0.0,14.277584216687085,14.278048679413718,5.0,0.0,0.0,0.0,10.0,0.5,-14.277584216687085,-14.277584216687085,0.0,0.0,14.277584216687085,14.277584216687085,0.0,93.95594043307861,4323.081810760812,46.977970216539305,Prosumer
2023-02-08 06:00:00,user_001,6,0,2,False,0.0,0.0,16.241100393526533,16.241680971934827,5.0,0.0,0.0,0.0,10.0,0.5,-16.241100393526533,-16.241100393526533,0.0,0.0,16.241100393526533,16.241100393526533,0.0,93.95594043307861,4339.323491732747,46.977970216539305,Prosumer
2023-02-08 07:00:00,user_001,7,0,2,False,0.15769870195584149,0.1579089668917826,13.594824008537119,13.595172355582092,5.0,0.0,0.0,0.0,10.0,0.5,-13.437125306581278,-13.437125306581278,0.0,0.0,13.437125306581278,13.437125306581278,0.0789544834458913,94.11384939997039,4352.918664088329,47.056924699985196,Prosumer
2023-02-08 08:00:00,user_001,8,0,2,False,1.9092056183453878,1.9092056183453878,30.507073042047804,30.507189157729464,5.0,0.0,0.0,0.0,10.0,0.5,-28.597867423702414,-28.597867423702414,0.0,0.0,28.597867423702414,28.597867423702414,0.9546028091726939,96.02305501831577,4383.425853246058,48.01152750915789,Prosumer
2023-02-08 09:00:00,user_001,9,0,2,False,2.309760321313225,2.3093397914413427,33.73973361941091,33.73996585077423,5.0,0.0,0.0,0.0,10.0,0.5,-31.42997329809769,-31.42997329809769,0.0,0.0,31.42997329809769,31.42997329809769,1.1546698957206714,98.33239480975712,4417.165819096832,49.16619740487856,Prosumer
2023-02-08 10:00:00,user_001,10,0,2,False,2.38755834761144,2.38745321514347,29.07885015765246,29.07885015765246,5.0,0.0,0.0,0.0,10.0,0.5,-26.691291810041022,-26.691291810041022,0.0,0.0,26.691291810041022,26.691291810041022,1.193726607571735,100.71984802490059,4446.2446692544845,50.35992401245029,Prosumer
2023-02-08 11:00:00,user_001,11,0,2,False,3.6428400151799383,3.6430502801158795,29.099750980350933,29.099983211714246,5.0,0.0,0.0,0.0,10.0,0.5,-25.456910965170994,-25.456910965170994,0.0,0.0,25.456910965170994,25.456910965170994,1.8215251400579398,104.36289830501647,4475.344652466199,52.181449152508236,Prosumer
2023-02-08 12:00:00,user_001,12,0,2,False,4.2137093162600845,4.2137093162600845,31.23047373877813,31.230241507414814,5.0,0.0,0.0,0.0,10.0,0.5,-27.016764422518044,-27.016764422518044,0.0,0.0,27.016764422518044,27.016764422518044,2.1068546581300422,108.57660762127655,4506.574893973613,54.288303810638276,Prosumer
2023-02-08 13:00:00,user_001,13,0,2,False,3.9130304578642803,3.912609927992398,27.197776114790305,27.19731165206367,5.0,0.0,0.0,0.0,10.0,0.5,-23.284745656926024,-23.284745656926024,0.0,0.0,23.284745656926024,23.284745656926024,1.956304963996199,112.48921754926894,4533.772205625677,56.24460877463447,Prosumer
2023-02-08 14:00:00,user_001,14,0,2,False,3.8289244834878313,3.8286090860839197,28.159213958919853,28.15863338051156,5.0,0.0,0.0,0.0,10.0,0.5,-24.33028947543202,-24.33028947543202,0.0,0.0,24.33028947543202,24.33028947543202,1.9143045430419598,116.31782663535286,4561.930839006189,58.15891331767643,Prosumer
2023-02-08 15:00:00,user_001,15,0,2,False,2.855397830080437,2.855923492420289,32.602961095977555,32.60284498029589,5.0,0.0,0.0,0.0,10.0,0.5,-29.747563265897117,-29.747563265897117,0.0,0.0,29.747563265897117,29.747563265897117,1.4279617462101446,119.17375012777315,4594.533683986485,59.58687506388657,Prosumer
2023-02-08 16:00:00,user_001,16,0,2,False,1.0439654069476707,1.0439654069476707,28.054709845427514,28.055058192472487,5.0,0.0,0.0,0.0,10.0,0.5,-27.010744438479843,-27.010744438479843,0.0,0.0,27.010744438479843,27.010744438479843,0.5219827034738354,120.21771553472082,4622.588742178958,60.10885776736041,Prosumer
2023-02-08 17:00:00,user_001,17,0,2,False,0.0,0.0,31.23976299331078,31.240111340355753,5.0,0.0,0.0,0.0,10.0,0.5,-31.23976299331078,-31.23976299331078,0.0,0.0,31.23976299331078,31.23976299331078,0.0,120.21771553472082,4653.828853519313,60.10885776736041,Prosumer
2023-02-08 18:00:00,user_001,18,0,2,False,0.0,0.0,71.1626566610186,71.16230831397363,5.0,0.0,0.0,0.0,10.0,0.5,-71.1626566610186,-71.1626566610186,0.0,0.0,71.1626566610186,71.1626566610186,0.0,120.21771553472082,4724.991161833287,60.10885776736041,Prosumer
2023-02-08 19:00:00,user_001,19,0,2,False,0.0,0.0,61.09774937488948,61.097633259207825,5.0,0.0,0.0,0.0,10.0,0.5,-61.09774937488948,-61.09774937488948,0.0,0.0,61.09774937488948,61.09774937488948,0.0,120.21771553472082,4786.088795092495,60.10885776736041,Prosumer
2023-02-08 20:00:00,user_001,20,0,2,False,0.0,0.0,43.25193026084721,43.25204637652887,5.0,0.0,0.0,0.0,10.0,0.5,-43.25193026084721,-43.25193026084721,0.0,0.0,43.25193026084721,43.25193026084721,0.0,120.21771553472082,4829.340841469024,60.10885776736041,Prosumer
2023-02-08 21:00:00,user_001,21,0,2,False,0.0,0.0,41.07592238657333,41.07627073361831,5.0,0.0,0.0,0.0,10.0,0.5,-41.07592238657333,-41.07592238657333,0.0,0.0,41.07592238657333,41.07592238657333,0.0,120.21771553472082,4870.417112202642,60.10885776736041,Prosumer
2023-02-08 22:00:00,user_001,22,0,2,False,0.0,0.0,28.140635449854546,28.140867681217863,5.0,0.0,0.0,0.0,10.0,0.5,-28.140635449854546,-28.140635449854546,0.0,0.0,28.140635449854546,28.140635449854546,0.0,120.21771553472082,4898.55797988386,60.10885776736041,Prosumer
2023-02-08 23:00:00,user_001,23,0,2,False,0.0,0.0,28.320614756424693,28.32026640937972,5.0,0.0,0.0,0.0,10.0,0.5,-28.320614756424693,-28.320614756424693,0.0,0.0,28.320614756424693,28.320614756424693,0.0,120.21771553472082,4926.8782462932395,60.10885776736041,Prosumer
2023-02-09 00:00:00,user_001,0,0,3,False,0.0,0.0,15.530472421778608,15.530936884505243,5.0,0.0,0.0,0.0,10.0,0.5,-15.530472421778608,-15.530472421778608,0.0,0.0,15.530472421778608,15.530472421778608,0.0,120.21771553472082,4942.409183177745,60.10885776736041,Prosumer
2023-02-09 01:00:00,user_001,1,0,3,False,0.0,0.0,16.371149956983672,16.37056937857538,5.0,0.0,0.0,0.0,10.0,0.5,-16.371149956983672,-16.371149956983672,0.0,0.0,16.371149956983672,16.371149956983672,0.0,120.21771553472082,4958.77975255632,60.10885776736041,Prosumer
2023-02-09 02:00:00,user_001,2,0,3,False,0.0,0.0,17.778472018680542,17.77893648140718,5.0,0.0,0.0,0.0,10.0,0.5,-17.778472018680542,-17.778472018680542,0.0,0.0,17.778472018680542,17.778472018680542,0.0,120.21771553472082,4976.558689037727,60.10885776736041,Prosumer
2023-02-09 03:00:00,user_001,3,0,3,False,0.0,0.0,14.581807302631459,14.582155649676432,5.0,0.0,0.0,0.0,10.0,0.5,-14.581807302631459,-14.581807302631459,0.0,0.0,14.581807302631459,14.581807302631459,0.0,120.21771553472082,4991.140844687404,60.10885776736041,Prosumer
2023-02-09 04:00:00,user_001,4,0,3,False,0.0,0.0,16.057637616506646,16.05798596355162,5.0,0.0,0.0,0.0,10.0,0.5,-16.057637616506646,-16.057637616506646,0.0,0.0,16.057637616506646,16.057637616506646,0.0,120.21771553472082,5007.198830650956,60.10885776736041,Prosumer
2023-02-09 05:00:00,user_001,5,0,3,False,0.0,0.0,16.16330288681557,16.163535118178885,5.0,0.0,0.0,0.0,10.0,0.5,-16.16330288681557,-16.16330288681557,0.0,0.0,16.16330288681557,16.16330288681557,0.0,120.21771553472082,5023.362365769134,60.10885776736041,Prosumer
2023-02-09 06:00:00,user_001,6,0,3,False,0.0,0.0,12.858650586824396,12.858882818187713,5.0,0.0,0.0,0.0,10.0,0.5,-12.858650586824396,-12.858650586824396,0.0,0.0,12.858650586824396,12.858650586824396,0.0,120.21771553472082,5036.2212485873215,60.10885776736041,Prosumer
2023-02-09 07:00:00,user_001,7,0,3,False,0.14087750708055174,0.14056210967664007,16.769426745071154,16.769310629389494,5.0,0.0,0.0,0.0,10.0,0.5,-16.6285492379906,-16.6285492379906,0.0,0.0,16.6285492379906,16.6285492379906,0.07028105483832003,120.35827764439746,5052.990559216711,60.17913882219873,Prosumer
2023-02-09 08:00:00,user_001,8,0,3,False,1.5286260842919568,1.5287312167599274,31.641523251848007,31.64129102048469,5.0,0.0,0.0,0.0,10.0,0.5,-30.11289716755605,-30.11289716755605,0.0,0.0,30.11289716755605,30.11289716755605,0.7643656083799637,121.88700886115738,5084.631850237195,60.94350443057869,Prosumer
2023-02-09 09:00:00,user_001,9,0,3,False,3.0604061426230307,3.0598804802831774,24.438867518592478,24.439448097000767,5.0,0.0,0.0,0.0,10.0,0.5,-21.378461375969447,-21.378461375969447,0.0,0.0,21.378461375969447,21.378461375969447,1.5299402401415887,124.94688934144057,5109.0712983341955,62.47344467072028,Prosumer
2023-02-09 10:00:00,user_001,10,0,3,False,3.4756793911067465,3.4756793911067465,27.261639739702296,27.262104202428926,5.0,0.0,0.0,0.0,10.0,0.5,-23.78596034859555,-23.78596034859555,0.0,0.0,23.78596034859555,23.78596034859555,1.7378396955533733,128.42256873254732,5136.333402536625,64.21128436627366,Prosumer
2023-02-09 11:00:00,user_001,11,0,3,False,3.959288743771327,3.9587630814314743,33.04884531354488,33.04919366058985,5.0,0.0,0.0,0.0,10.0,0.5,-29.089556569773553,-29.089556569773553,0.0,0.0,29.089556569773553,29.089556569773553,1.9793815407157371,132.3813318139788,5169.382596197214,66.1906659069894,Prosumer
2023-02-09 12:00:00,user_001,12,0,3,False,4.716242513159366,4.716032248223425,27.460197555337743,27.460197555337743,5.0,0.0,0.0,0.0,10.0,0.5,-22.743955042178378,-22.743955042178378,0.0,0.0,22.743955042178378,22.743955042178378,2.3580161241117126,137.09736406220222,5196.842793752552,68.54868203110111,Prosumer
2023-02-09 13:00:00,user_001,13,0,3,False,4.560646460562936,4.560961857966848,33.26365932461247,33.264239903020766,5.0,0.0,0.0,0.0,10.0,0.5,-28.703012864049533,-28.703012864049533,0.0,0.0,28.703012864049533,28.703012864049533,2.280480928983424,141.65832592016906,5230.107033655573,70.82916296008453,Prosumer
2023-02-09 14:00:00,user_001,14,0,3,False,3.9508781463336824,3.9507730138657116,27.87705285249053,27.876936736808872,5.0,0.0,0.0,0.0,10.0,0.5,-23.926174706156846,-23.926174706156846,0.0,0.0,23.926174706156846,23.926174706156846,1.9753865069328558,145.60909893403476,5257.983970392382,72.80454946701738,Prosumer
2023-02-09 15:00:00,user_001,15,0,3,False,1.7714820853039528,1.7711666879000412,27.03985878773521,27.039626556371896,5.0,0.0,0.0,0.0,10.0,0.5,-25.268376702431258,-25.268376702431258,0.0,0.0,25.268376702431258,25.268376702431258,0.8855833439500206,147.3802656219348,5285.023596948754,73.6901328109674,Prosumer
2023-02-09 16:00:00,user_001,16,0,3,False,0.8442137178036049,0.8444239827395459,30.704469700866674,30.704934163593308,5.0,0.0,0.0,0.0,10.0,0.5,-29.86025598306307,-29.86025598306307,0.0,0.0,29.86025598306307,29.86025598306307,0.42221199136977294,148.22468960467435,5315.728531112347,74.11234480233718,Prosumer
2023-02-09 17:00:00,user_001,17,0,3,False,0.0,0.0,27.571668609729574,27.57143637836626,5.0,0.0,0.0,0.0,10.0,0.5,-27.571668609729574,-27.571668609729574,0.0,0.0,27.571668609729574,27.571668609729574,0.0,148.22468960467435,5343.299967490713,74.11234480233718,Prosumer
2023-02-09 18:00:00,user_001,18,0,3,False,0.0,0.0,66.18129391788364,66.18117780220197,5.0,0.0,0.0,0.0,10.0,0.5,-66.18129391788364,-66.18129391788364,0.0,0.0,66.18129391788364,66.18129391788364,0.0,148.22468960467435,5409.481145292915,74.11234480233718,Prosumer
2023-02-09 19:00:00,user_001,19,0,3,False,0.0,0.0,59.39897695223063,59.39862860518566,5.0,0.0,0.0,0.0,10.0,0.5,-59.39897695223063,-59.39897695223063,0.0,0.0,59.39897695223063,59.39897695223063,0.0,148.22468960467435,5468.879773898101,74.11234480233718,Prosumer
2023-02-09 20:00:00,user_001,20,0,3,False,0.0,0.0,51.818945253586094,51.819525831994376,5.0,0.0,0.0,0.0,10.0,0.5,-51.818945253586094,-51.818945253586094,0.0,0.0,51.818945253586094,51.818945253586094,0.0,148.22468960467435,5520.699299730096,74.11234480233718,Prosumer
2023-02-09 21:00:00,user_001,21,0,3,False,0.0,0.0,46.05147934562539,46.051014882898755,5.0,0.0,0.0,0.0,10.0,0.5,-46.05147934562539,-46.05147934562539,0.0,0.0,46.05147934562539,46.05147934562539,0.0,148.22468960467435,5566.750314612995,74.11234480233718,Prosumer
2023-02-09 22:00:00,user_001,22,0,3,False,0.0,0.0,31.624105899599282,31.623525321190993,5.0,0.0,0.0,0.0,10.0,0.5,-31.624105899599282,-31.624105899599282,0.0,0.0,31.624105899599282,31.624105899599282,0.0,148.22468960467435,5598.3738399341855,74.11234480233718,Prosumer
2023-02-09 23:00:00,user_001,23,0,3,False,0.0,0.0,32.90137839783902,32.90161062920234,5.0,0.0,0.0,0.0,10.0,0.5,-32.90137839783902,-32.90137839783902,0.0,0.0,32.90137839783902,32.90137839783902,0.0,148.22468960467435,5631.2754505633875,74.11234480233718,Prosumer
2023-02-10 00:00:00,user_001,0,0,4,False,0.0,0.0,15.431774092369173,15.431309629642541,5.0,0.0,0.0,0.0,10.0,0.5,-15.431774092369173,-15.431774092369173,0.0,0.0,15.431774092369173,15.431774092369173,0.0,148.22468960467435,5646.70676019303,74.11234480233718,Prosumer
2023-02-10 01:00:00,user_001,1,0,4,False,0.0,0.0,15.01607995203297,15.015499373624678,5.0,0.0,0.0,0.0,10.0,0.5,-15.01607995203297,-15.01607995203297,0.0,0.0,15.01607995203297,15.01607995203297,0.0,148.22468960467435,5661.722259566655,74.11234480233718,Prosumer
2023-02-10 02:00:00,user_001,2,0,4,False,0.0,0.0,14.946410543038075,14.946294427356417,5.0,0.0,0.0,0.0,10.0,0.5,-14.946410543038075,-14.946410543038075,0.0,0.0,14.946410543038075,14.946410543038075,0.0,148.22468960467435,5676.668553994012,74.11234480233718,Prosumer
2023-02-10 03:00:00,user_001,3,0,4,False,0.0,0.0,14.701406454739361,14.701290339057703,5.0,0.0,0.0,0.0,10.0,0.5,-14.701406454739361,-14.701406454739361,0.0,0.0,14.701406454739361,14.701406454739361,0.0,148.22468960467435,5691.3698443330695,74.11234480233718,Prosumer
2023-02-10 04:00:00,user_001,4,0,4,False,0.0,0.0,14.146373496413368,14.146025149368393,5.0,0.0,0.0,0.0,10.0,0.5,-14.146373496413368,-14.146373496413368,0.0,0.0,14.146373496413368,14.146373496413368,0.0,148.22468960467435,5705.515869482438,74.11234480233718,Prosumer
2023-02-10 05:00:00,user_001,5,0,4,False,0.0,0.0,14.205592494059028,14.20547637837737,5.0,0.0,0.0,0.0,10.0,0.5,-14.205592494059028,-14.205592494059028,0.0,0.0,14.205592494059028,14.205592494059028,0.0,148.22468960467435,5719.721345860815,74.11234480233718,Prosumer
2023-02-10 06:00:00,user_001,6,0,4,False,0.0,0.0,13.788737196906242,13.788737196906242,5.0,0.0,0.0,0.0,10.0,0.5,-13.788737196906242,-13.788737196906242,0.0,0.0,13.788737196906242,13.788737196906242,0.0,148.22468960467435,5733.510083057721,74.11234480233718,Prosumer
2023-02-10 07:00:00,user_001,7,0,4,False,0.17136592279201443,0.17126079032404384,16.1992987481296,16.199530979492913,5.0,0.0,0.0,0.0,10.0,0.5,-16.027932825337587,-16.027932825337587,0.0,0.0,16.027932825337587,16.027932825337587,0.08563039516202192,148.3959503949984,5749.709614037214,74.1979751974992,Prosumer
2023-02-10 08:00:00,user_001,8,0,4,False,1.5748843701990036,1.5746741052630626,24.824371581697562,24.824952160105852,5.0,0.0,0.0,0.0,10.0,0.5,-23.249487211498558,-23.249487211498558,0.0,0.0,23.249487211498558,23.249487211498558,0.7873370526315313,149.97062450026147,5774.53456619732,74.98531225013073,Prosumer
2023-02-10 09:00:00,user_001,9,0,4,False,2.8070368948139786,2.8068266298780373,27.342920716863002,27.342804601181342,5.0,0.0,0.0,0.0,10.0,0.5,-24.535883822049023,-24.535883822049023,0.0,0.0,24.535883822049023,24.535883822049023,1.4034133149390187,152.7774511301395,5801.877370798501,76.38872556506975,Prosumer
2023-02-10 10:00:00,user_001,10,0,4,False,3.976109938646617,3.9756894087747345,27.217515780672194,27.21774801203551,5.0,0.0,0.0,0.0,10.0,0.5,-23.24140584202558,-23.24140584202558,0.0,0.0,23.24140584202558,23.24140584202558,1.9878447043873673,156.75314053891424,5829.095118810536,78.37657026945712,Prosumer
2023-02-10 11:00:00,user_001,11,0,4,False,4.033932796030426,4.033932796030426,30.3305772059274,30.33011274320077,5.0,0.0,0.0,0.0,10.0,0.5,-26.296644409896977,-26.296644409896977,0.0,0.0,26.296644409896977,26.296644409896977,2.016966398015213,160.78707333494467,5859.425231553737,80.39353666747233,Prosumer
2023-02-10 12:00:00,user_001,12,0,4,False,4.09280697809394,4.092386448222057,27.835251207093595,27.835135091411935,5.0,0.0,0.0,0.0,10.0,0.5,-23.742444228999656,-23.742444228999656,0.0,0.0,23.742444228999656,23.742444228999656,2.0461932241110286,164.8794597831667,5887.260366645149,82.43972989158335,Prosumer
2023-02-10 13:00:00,user_001,13,0,4,False,4.423974252201207,4.4238691197332365,27.08862737403164,27.08816291130501,5.0,0.0,0.0,0.0,10.0,0.5,-22.664653121830433,-22.664653121830433,0.0,0.0,22.664653121830433,22.664653121830433,2.2119345598666182,169.30332890289995,5914.348529556453,84.65166445144997,Prosumer
2023-02-10 14:00:00,user_001,14,0,4,False,3.3968300401288256,3.3969351725967964,32.98498168863289,32.984865572951236,5.0,0.0,0.0,0.0,10.0,0.5,-29.588151648504066,-29.588151648504066,0.0,0.0,29.588151648504066,29.588151648504066,1.6984675862983982,172.70026407549673,5947.333395129404,86.35013203774837,Prosumer
2023-02-10 15:00:00,user_001,15,0,4,False,0.39634940424901494,0.3967699341208972,28.78856095350707,28.788212606462093,5.0,0.0,0.0,0.0,10.0,0.5,-28.392211549258054,-28.392211549258054,0.0,0.0,28.392211549258054,28.392211549258054,0.1983849670604486,173.09703400961763,5976.121607735867,86.54851700480882,Prosumer
2023-02-10 16:00:00,user_001,16,0,4,False,0.04415563654763562,0.04384023914372394,34.94269208138943,34.94269208138943,5.0,0.0,0.0,0.0,10.0,0.5,-34.898536444841795,-34.898536444841795,0.0,0.0,34.898536444841795,34.898536444841795,0.02192011957186197,173.14087424876135,6011.064299817256,86.57043712438067,Prosumer
2023-02-10 17:00:00,user_001,17,0,4,False,0.0,0.0,28.583036196972127,28.583036196972127,5.0,0.0,0.0,0.0,10.0,0.5,-28.583036196972127,-28.583036196972127,0.0,0.0,28.583036196972127,28.583036196972127,0.0,173.14087424876135,6039.647336014228,86.57043712438067,Prosumer
2023-02-10 18:00:00,user_001,18,0,4,False,0.0,0.0,57.11149802356493,57.11114967651995,5.0,0.0,0.0,0.0,10.0,0.5,-57.11149802356493,-57.11149802356493,0.0,0.0,57.11149802356493,57.11149802356493,0.0,173.14087424876135,6096.758485690748,86.57043712438067,Prosumer
2023-02-10 19:00:00,user_001,19,0,4,False,0.0,0.0,58.637258080553124,58.63679361782649,5.0,0.0,0.0,0.0,10.0,0.5,-58.637258080553124,-58.637258080553124,0.0,0.0,58.637258080553124,58.637258080553124,0.0,173.14087424876135,6155.395279308575,86.57043712438067,Prosumer
2023-02-10 20:00:00,user_001,20,0,4,False,0.0,0.0,49.34335892063417,49.34347503631582,5.0,0.0,0.0,0.0,10.0,0.5,-49.34335892063417,-49.34335892063417,0.0,0.0,49.34335892063417,49.34335892063417,0.0,173.14087424876135,6204.73875434489,86.57043712438067,Prosumer
2023-02-10 21:00:00,user_001,21,0,4,False,0.0,0.0,48.6919499465319,48.692298293576876,5.0,0.0,0.0,0.0,10.0,0.5,-48.6919499465319,-48.6919499465319,0.0,0.0,48.6919499465319,48.6919499465319,0.0,173.14087424876135,6253.431052638467,86.57043712438067,Prosumer
2023-02-10 22:00:00,user_001,22,0,4,False,0.0,0.0,29.327337716400923,29.32756994776424,5.0,0.0,0.0,0.0,10.0,0.5,-29.327337716400923,-29.327337716400923,0.0,0.0,29.327337716400923,29.327337716400923,0.0,173.14087424876135,6282.7586225862315,86.57043712438067,Prosumer
2023-02-10 23:00:00,user_001,23,0,4,False,0.0,0.0,32.775973461648206,32.77585734596655,5.0,0.0,0.0,0.0,10.0,0.5,-32.775973461648206,-32.775973461648206,0.0,0.0,32.775973461648206,32.775973461648206,0.0,173.14087424876135,6315.534479932198,86.57043712438067,Prosumer
2023-02-11 00:00:00,user_001,0,0,5,True,0.0,0.0,10.645485694419909,10.645717925783226,5.0,0.0,0.0,0.0,10.0,0.5,-10.645485694419909,-10.645485694419909,0.0,0.0,10.645485694419909,10.645485694419909,0.0,173.14087424876135,6326.1801978579815,86.57043712438067,Prosumer
2023-02-11 01:00:00,user_001,1,0,5,True,0.0,0.0,12.292006060332588,12.291657713287611,5.0,0.0,0.0,0.0,10.0,0.5,-12.292006060332588,-12.292006060332588,0.0,0.0,12.292006060332588,12.292006060332588,0.0,173.14087424876135,6338.471855571269,86.57043712438067,Prosumer
2023-02-11 02:00:00,user_001,2,0,5,True,0.0,0.0,11.597634284016802,11.597634284016802,5.0,0.0,0.0,0.0,10.0,0.5,-11.597634284016802,-11.597634284016802,0.0,0.0,11.597634284016802,11.597634284016802,0.0,173.14087424876135,6350.069489855286,86.57043712438067,Prosumer
2023-02-11 03:00:00,user_001,3,0,5,True,0.0,0.0,10.722122044314293,10.72177369726932,5.0,0.0,0.0,0.0,10.0,0.5,-10.722122044314293,-10.722122044314293,0.0,0.0,10.722122044314293,10.722122044314293,0.0,173.14087424876135,6360.7912635525545,86.57043712438067,Prosumer
2023-02-11 04:00:00,user_001,4,0,5,True,0.0,0.0,9.90931227270719,9.90919615702553,5.0,0.0,0.0,0.0,10.0,0.5,-9.90931227270719,-9.90931227270719,0.0,0.0,9.90931227270719,9.90931227270719,0.0,173.14087424876135,6370.70045970958,86.57043712438067,Prosumer
2023-02-11 05:00:00,user_001,5,0,5,True,0.0,0.0,11.121559989218355,11.12132775785504,5.0,0.0,0.0,0.0,10.0,0.5,-11.121559989218355,-11.121559989218355,0.0,0.0,11.121559989218355,11.121559989218355,0.0,173.14087424876135,6381.821787467436,86.57043712438067,Prosumer
2023-02-11 06:00:00,user_001,6,0,5,True,0.0,0.0,10.511952660513028,10.51172042914971,5.0,0.0,0.0,0.0,10.0,0.5,-10.511952660513028,-10.511952660513028,0.0,0.0,10.511952660513028,10.511952660513028,0.0,173.14087424876135,6392.333507896586,86.57043712438067,Prosumer
2023-02-11 07:00:00,user_001,7,0,5,True,0.1766225461905425,0.17714820853039528,12.72860102336726,12.729065486093894,5.0,0.0,0.0,0.0,10.0,0.5,-12.551978477176718,-12.551978477176718,0.0,0.0,12.551978477176718,12.551978477176718,0.08857410426519764,173.31802245729173,6405.062573382679,86.65901122864587,Prosumer
2023-02-11 08:00:00,user_001,8,0,5,True,1.5896029157148823,1.5900234455867643,21.57197133845256,21.57243580117919,5.0,0.0,0.0,0.0,10.0,0.5,-19.98236842273768,-19.98236842273768,0.0,0.0,19.98236842273768,19.98236842273768,0.7950117227933822,174.90804590287848,6426.6350091838585,87.45402295143924,Prosumer
2023-02-11 09:00:00,user_001,9,0,5,True,2.7534193361489927,2.753209071213051,19.735021254620502,19.734905138938842,5.0,0.0,0.0,0.0,10.0,0.5,-16.981601918471508,-16.981601918471508,0.0,0.0,16.981601918471508,16.981601918471508,1.3766045356065255,177.66125497409155,6446.369914322798,88.83062748704577,Prosumer
2023-02-11 10:00:00,user_001,10,0,5,True,4.095960952133057,4.095540422261174,31.588110038285254,31.588690616693544,5.0,0.0,0.0,0.0,10.0,0.5,-27.492149086152196,-27.492149086152196,0.0,0.0,27.492149086152196,27.492149086152196,2.047770211130587,181.75679539635271,6477.958604939491,90.87839769817636,Prosumer
2023-02-11 11:00:00,user_001,11,0,5,True,4.391383187130332,4.391803717002214,29.780188874867736,29.78076945327603,5.0,0.0,0.0,0.0,10.0,0.5,-25.388805687737403,-25.388805687737403,0.0,0.0,25.388805687737403,25.388805687737403,2.195901858501107,186.14859911335492,6507.739374392767,93.07429955667746,Prosumer
2023-02-11 12:00:00,user_001,12,0,5,True,4.341970927184169,4.34218119212011,23.383375972319826,23.383375972319826,5.0,0.0,0.0,0.0,10.0,0.5,-19.041405045135654,-19.041405045135654,0.0,0.0,19.041405045135654,19.041405045135654,2.171090596060055,190.49078030547503,6531.122750365087,95.24539015273751,Prosumer
2023-02-11 13:00:00,user_001,13,0,5,True,3.3400585074247227,3.340584169764576,28.65270560596702,28.653170068693658,5.0,0.0,0.0,0.0,10.0,0.5,-25.3126470985423,-25.3126470985423,0.0,0.0,25.3126470985423,25.3126470985423,1.670292084882288,193.8313644752396,6559.775920433781,96.9156822376198,Prosumer
2023-02-11 14:00:00,user_001,14,0,5,True,3.468320118348807,3.468320118348807,23.383375972319826,23.383143740956505,5.0,0.0,0.0,0.0,10.0,0.5,-19.91505585397102,-19.91505585397102,0.0,0.0,19.91505585397102,19.91505585397102,1.7341600591744035,197.2996845935884,6583.159064174737,98.6498422967942,Prosumer
2023-02-11 15:00:00,user_001,15,0,5,True,2.339197412344982,2.3393025448129525,23.9140246374976,23.914605215905894,5.0,0.0,0.0,0.0,10.0,0.5,-21.574827225152617,-21.574827225152617,0.0,0.0,21.574827225152617,21.574827225152617,1.1696512724064763,199.63898713840138,6607.073669390643,99.81949356920069,Prosumer
2023-02-11 16:00:00,user_001,16,0,5,True,1.1385846281211756,1.1387948930571166,26.78324313127068,26.782894784225707,5.0,0.0,0.0,0.0,10.0,0.5,-25.644658503149504,-25.644658503149504,0.0,0.0,25.644658503149504,25.644658503149504,0.5693974465285583,200.7777820314585,6633.856564174868,100.38889101572924,Prosumer
2023-02-11 17:00:00,user_001,17,0,5,True,0.0,0.00031539740391168294,26.64158199964773,26.641349768284414,5.0,0.0,0.0,0.0,10.0,0.5,-26.64158199964773,-26.64158199964773,0.0,0.0,26.64158199964773,26.64158199964773,0.00015769870195584147,200.7780974288624,6660.4979139431525,100.3890487144312,Prosumer
2023-02-11 18:00:00,user_001,18,0,5,True,0.0,0.0,59.36530340454976,59.36530340454976,5.0,0.0,0.0,0.0,10.0,0.5,-59.36530340454976,-59.36530340454976,0.0,0.0,59.36530340454976,59.36530340454976,0.0,200.7780974288624,6719.863217347703,100.3890487144312,Prosumer
2023-02-11 19:00:00,user_001,19,0,5,True,0.0,0.0,59.07385304358779,59.07373692790613,5.0,0.0,0.0,0.0,10.0,0.5,-59.07385304358779,-59.07385304358779,0.0,0.0,59.07385304358779,59.07385304358779,0.0,200.7780974288624,6778.9369542756085,100.3890487144312,Prosumer
2023-02-11 20:00:00,user_001,20,0,5,True,0.0,0.0,39.54667885913539,39.5469110904987,5.0,0.0,0.0,0.0,10.0,0.5,-39.54667885913539,-39.54667885913539,0.0,0.0,39.54667885913539,39.54667885913539,0.0,200.7780974288624,6818.483865366107,100.3890487144312,Prosumer
2023-02-11 21:00:00,user_001,21,0,5,True,0.0,0.0,41.235000870445006,41.23488475476334,5.0,0.0,0.0,0.0,10.0,0.5,-41.235000870445006,-41.235000870445006,0.0,0.0,41.235000870445006,41.235000870445006,0.0,200.7780974288624,6859.718750120871,100.3890487144312,Prosumer
2023-02-11 22:00:00,user_001,22,0,5,True,0.0,0.0,26.387288656816366,26.387404772498023,5.0,0.0,0.0,0.0,10.0,0.5,-26.387288656816366,-26.387288656816366,0.0,0.0,26.387288656816366,26.387288656816366,0.0,200.7780974288624,6886.1061548933685,100.3890487144312,Prosumer
2023-02-11 23:00:00,user_001,23,0,5,True,0.0,0.0,25.41075577407126,25.411220236797888,5.0,0.0,0.0,0.0,10.0,0.5,-25.41075577407126,-25.41075577407126,0.0,0.0,25.41075577407126,25.41075577407126,0.0,200.7780974288624,6911.517375130166,100.3890487144312,Prosumer
2023-02-12 00:00:00,user_001,0,0,6,True,0.0,0.0,9.657341243508986,9.657921821917277,5.0,0.0,0.0,0.0,10.0,0.5,-9.657341243508986,-9.657341243508986,0.0,0.0,9.657341243508986,9.657341243508986,0.0,200.7780974288624,6921.175296952084,100.3890487144312,Prosumer
2023-02-12 01:00:00,user_001,1,0,6,True,0.0,0.0,11.524481404572164,11.524481404572164,5.0,0.0,0.0,0.0,10.0,0.5,-11.524481404572164,-11.524481404572164,0.0,0.0,11.524481404572164,11.524481404572164,0.0,200.7780974288624,6932.699778356656,100.3890487144312,Prosumer
2023-02-12 02:00:00,user_001,2,0,6,True,0.0,0.0,9.788551963782703,9.788435848101047,5.0,0.0,0.0,0.0,10.0,0.5,-9.788551963782703,-9.788551963782703,0.0,0.0,9.788551963782703,9.788551963782703,0.0,200.7780974288624,6942.488214204757,100.3890487144312,Prosumer
2023-02-12 03:00:00,user_001,3,0,6,True,0.0,0.0,10.381903097055892,10.382251444100865,5.0,0.0,0.0,0.0,10.0,0.5,-10.381903097055892,-10.381903097055892,0.0,0.0,10.381903097055892,10.381903097055892,0.0,200.7780974288624,6952.870465648858,100.3890487144312,Prosumer
2023-02-12 04:00:00,user_001,4,0,6,True,0.0,0.0,11.284121943539777,11.284121943539777,5.0,0.0,0.0,0.0,10.0,0.5,-11.284121943539777,-11.284121943539777,0.0,0.0,11.284121943539777,11.284121943539777,0.0,200.7780974288624,6964.154587592398,100.3890487144312,Prosumer
2023-02-12 05:00:00,user_001,5,0,6,True,0.0,0.0,8.889816587748562,8.88935212502193,5.0,0.0,0.0,0.0,10.0,0.5,-8.889816587748562,-8.889816587748562,0.0,0.0,8.889816587748562,8.889816587748562,0.0,200.7780974288624,6973.04393971742,100.3890487144312,Prosumer
2023-02-12 06:00:00,user_001,6,0,6,True,0.0,0.0,9.685209007106943,9.684976775743626,5.0,0.0,0.0,0.0,10.0,0.5,-9.685209007106943,-9.685209007106943,0.0,0.0,9.685209007106943,9.685209007106943,0.0,200.7780974288624,6982.7289164931635,100.3890487144312,Prosumer
2023-02-12 07:00:00,user_001,7,0,6,True,0.19764903978465467,0.1972285099127724,10.024266797548764,10.024499028912082,5.0,0.0,0.0,0.0,10.0,0.5,-9.82661775776411,-9.82661775776411,0.0,0.0,9.82661775776411,9.82661775776411,0.0986142549563862,200.97532593877517,6992.753415522076,100.48766296938759,Prosumer
2023-02-12 08:00:00,user_001,8,0,6,True,1.3898512265708165,1.3895358291669047,24.498086516238136,24.498318747601452,5.0,0.0,0.0,0.0,10.0,0.5,-23.10823528966732,-23.10823528966732,0.0,0.0,23.10823528966732,23.10823528966732,0.6947679145834523,202.36486176794207,7017.251734269677,101.18243088397104,Prosumer
2023-02-12 09:00:00,user_001,9,0,6,True,2.736598141273703,2.736808406209644,20.98442598926228,20.984077642217308,5.0,0.0,0.0,0.0,10.0,0.5,-18.247827847988578,-18.247827847988578,0.0,0.0,18.247827847988578,18.247827847988578,1.368404203104822,205.1016701741517,7038.235811911894,102.55083508707585,Prosumer
2023-02-12 10:00:00,user_001,10,0,6,True,3.668071807492873,3.6684923373647553,24.761669113602153,24.761552997920496,5.0,0.0,0.0,0.0,10.0,0.5,-21.09359730610928,-21.09359730610928,0.0,0.0,21.09359730610928,21.09359730610928,1.8342461686823777,208.77016251151647,7062.997364909815,104.38508125575824,Prosumer
2023-02-12 11:00:00,user_001,11,0,6,True,3.964545367169855,3.9646504996378256,24.873140167993988,24.873140167993988,5.0,0.0,0.0,0.0,10.0,0.5,-20.908594800824133,-20.908594800824133,0.0,0.0,20.908594800824133,20.908594800824133,1.9823252498189128,212.7348130111543,7087.870505077809,106.36740650557715,Prosumer
2023-02-12 12:00:00,user_001,12,0,6,True,3.9582374190916214,3.9580271541556806,29.74535417037029,29.745121939006975,5.0,0.0,0.0,0.0,10.0,0.5,-25.78711675127867,-25.78711675127867,0.0,0.0,25.78711675127867,25.78711675127867,1.9790135770778403,216.69284016530997,7117.615627016816,108.34642008265499,Prosumer
2023-02-12 13:00:00,user_001,13,0,6,True,4.332509005066819,4.333034667406672,28.50988331752749,28.50988331752749,5.0,0.0,0.0,0.0,10.0,0.5,-24.17737431246067,-24.17737431246067,0.0,0.0,24.17737431246067,24.17737431246067,2.166517333703336,221.02587483271665,7146.125510334343,110.51293741635833,Prosumer
2023-02-12 14:00:00,user_001,14,0,6,True,2.9121693627845398,2.9118539653806277,28.7107634467961,28.711344025204394,5.0,0.0,0.0,0.0,10.0,0.5,-25.79859408401156,-25.79859408401156,0.0,0.0,25.79859408401156,25.79859408401156,1.4559269826903138,223.93772879809728,7174.836854359547,111.96886439904864,Prosumer
2023-02-12 15:00:00,user_001,15,0,6,True,2.192011957186197,2.1919068247182265,27.821317325294615,27.82120120961296,5.0,0.0,0.0,0.0,10.0,0.5,-25.62930536810842,-25.62930536810842,0.0,0.0,25.62930536810842,25.62930536810842,1.0959534123591133,226.1296356228155,7202.65805556916,113.06481781140775,Prosumer
2023-02-12 16:00:00,user_001,16,0,6,True,1.0544786537447266,1.054899183616609,25.331797110543707,25.331332647817078,5.0,0.0,0.0,0.0,10.0,0.5,-24.27731845679898,-24.27731845679898,0.0,0.0,24.27731845679898,24.27731845679898,0.5274495918083045,227.1845348064321,7227.989388216977,113.59226740321606,Prosumer
2023-02-12 17:00:00,user_001,17,0,6,True,0.0,0.0,27.98736275006578,27.987478865747438,5.0,0.0,0.0,0.0,10.0,0.5,-27.98736275006578,-27.98736275006578,0.0,0.0,27.98736275006578,27.98736275006578,0.0,227.1845348064321,7255.976867082724,113.59226740321606,Prosumer
2023-02-12 18:00:00,user_001,18,0,6,True,0.0,0.0,52.670073200140386,52.67065377854868,5.0,0.0,0.0,0.0,10.0,0.5,-52.670073200140386,-52.670073200140386,0.0,0.0,52.670073200140386,52.670073200140386,0.0,227.1845348064321,7308.647520861273,113.59226740321606,Prosumer
2023-02-12 19:00:00,user_001,19,0,6,True,0.0,0.0,54.03211014599058,54.031994030308915,5.0,0.0,0.0,0.0,10.0,0.5,-54.03211014599058,-54.03211014599058,0.0,0.0,54.03211014599058,54.03211014599058,0.0,227.1845348064321,7362.679514891582,113.59226740321606,Prosumer
2023-02-12 20:00:00,user_001,20,0,6,True,0.0,0.0,47.87217323402531,47.87217323402531,5.0,0.0,0.0,0.0,10.0,0.5,-47.87217323402531,-47.87217323402531,0.0,0.0,47.87217323402531,47.87217323402531,0.0,227.1845348064321,7410.551688125607,113.59226740321606,Prosumer
2023-02-12 21:00:00,user_001,21,0,6,True,0.0,0.0,38.34023692670713,38.340004695343815,5.0,0.0,0.0,0.0,10.0,0.5,-38.34023692670713,-38.34023692670713,0.0,0.0,38.34023692670713,38.34023692670713,0.0,227.1845348064321,7448.891692820951,113.59226740321606,Prosumer
2023-02-12 22:00:00,user_001,22,0,6,True,0.0,0.0,27.133912489878316,27.13333191147003,5.0,0.0,0.0,0.0,10.0,0.5,-27.133912489878316,-27.133912489878316,0.0,0.0,27.133912489878316,27.133912489878316,0.0,227.1845348064321,7476.025024732421,113.59226740321606,Prosumer
2023-02-12 23:00:00,user_001,23,0,6,True,0.0,0.0,25.39217726500595,25.392641727732585,5.0,0.0,0.0,0.0,10.0,0.5,-25.39217726500595,-25.39217726500595,0.0,0.0,25.39217726500595,25.39217726500595,0.0,227.1845348064321,7501.417666460154,113.59226740321606,Prosumer
2023-02-13 00:00:00,user_001,0,0,0,False,0.0,0.0,14.209075964508772,14.209075964508772,5.0,0.0,0.0,0.0,10.0,0.5,-14.209075964508772,-14.209075964508772,0.0,0.0,14.209075964508772,14.209075964508772,0.0,227.1845348064321,7515.626742424663,113.59226740321606,Prosumer
2023-02-13 01:00:00,user_001,1,0,0,False,0.0,0.0,11.950625956257603,11.950277609212629,5.0,0.0,0.0,0.0,10.0,0.5,-11.950625956257603,-11.950625956257603,0.0,0.0,11.950625956257603,11.950625956257603,0.0,227.1845348064321,7527.577020033875,113.59226740321606,Prosumer
2023-02-13 02:00:00,user_001,2,0,0,False,0.0,0.0,16.33399293885306,16.334225170216378,5.0,0.0,0.0,0.0,10.0,0.5,-16.33399293885306,-16.33399293885306,0.0,0.0,16.33399293885306,16.33399293885306,0.0,227.1845348064321,7543.911245204091,113.59226740321606,Prosumer
2023-02-13 03:00:00,user_001,3,0,0,False,0.0,0.0,14.504009795920494,14.504242027283809,5.0,0.0,0.0,0.0,10.0,0.5,-14.504009795920494,-14.504009795920494,0.0,0.0,14.504009795920494,14.504009795920494,0.0,227.1845348064321,7558.415487231375,113.59226740321606,Prosumer
2023-02-13 04:00:00,user_001,4,0,0,False,0.0,0.0,14.284551157586575,14.284318926223259,5.0,0.0,0.0,0.0,10.0,0.5,-14.284551157586575,-14.284551157586575,0.0,0.0,14.284551157586575,14.284551157586575,0.0,227.1845348064321,7572.699806157598,113.59226740321606,Prosumer
2023-02-13 05:00:00,user_001,5,0,0,False,0.0,0.0,15.284307176663313,15.284655523708288,5.0,0.0,0.0,0.0,10.0,0.5,-15.284307176663313,-15.284307176663313,0.0,0.0,15.284307176663313,15.284307176663313,0.0,227.1845348064321,7587.984461681306,113.59226740321606,Prosumer
2023-02-13 06:00:00,user_001,6,0,0,False,0.0,0.0,14.276423059870504,14.276539175552163,5.0,0.0,0.0,0.0,10.0,0.5,-14.276423059870504,-14.276423059870504,0.0,0.0,14.276423059870504,14.276423059870504,0.0,227.1845348064321,7602.261000856858,113.59226740321606,Prosumer
2023-02-13 07:00:00,user_001,7,0,0,False,0.22813745549611736,0.22792719056017624,15.006790697500316,15.006558466137001,5.0,0.0,0.0,0.0,10.0,0.5,-14.778653242004198,-14.778653242004198,0.0,0.0,14.778653242004198,14.778653242004198,0.11396359528008812,227.41246199699228,7617.267559322995,113.70623099849614,Prosumer
2023-02-13 08:00:00,user_001,8,0,0,False,1.9176162157830325,1.9175110833150621,28.22307758383184,28.22296146815018,5.0,0.0,0.0,0.0,10.0,0.5,-26.30546136804881,-26.30546136804881,0.0,0.0,26.30546136804881,26.30546136804881,0.9587555416575311,229.32997308030733,7645.490520791145,114.66498654015366,Prosumer
2023-02-13 09:00:00,user_001,9,0,0,False,3.2980055202364986,3.2980055202364986,1.3910658662647306,1.3907175192197563,5.0,1.939,0.0,-1.939,48.79,2.439,-0.032060346028232045,-0.032060346028232045,0.0,0.0,0.032060346028232045,0.032060346028232045,1.6490027601182493,232.62797860054383,7646.881238310365,116.31398930027191,Prosumer
2023-02-13 10:00:00,user_001,10,0,0,False,3.961391393130738,3.961181128194797,0.08708676124361836,0.08708676124361836,5.0,2.311,0.0,-2.311,95.0,4.75,1.56330463188712,1.56330463188712,1.56330463188712,1.56330463188712,0.0,0.0,1.9805905640973984,236.58915972873862,7646.968325071609,118.29457986436931,Prosumer
2023-02-13 11:00:00,user_001,11,0,0,False,3.88674734087164,3.8868524733396104,0.08708676124361836,0.08708676124361836,5.0,0.0,0.0,0.0,95.0,4.75,3.7996605796280214,3.7996605796280214,3.7996605796280214,3.7996605796280214,0.0,0.0,1.9434262366698052,240.47601220207824,7647.055411832853,120.23800610103912,Prosumer
2023-02-13 12:00:00,user_001,12,0,0,False,4.426076901560617,4.426287166496559,0.09173138850994468,0.09138304146497021,5.0,0.0,0.0,0.0,95.0,4.75,4.334345513050673,4.334345513050673,4.334345513050673,4.334345513050673,0.0,0.0,2.2131435832482795,244.9022993685748,7647.1467948743175,122.4511496842874,Prosumer
2023-02-13 13:00:00,user_001,13,0,0,False,4.548030564406468,4.5476100345345865,0.08940907487678153,0.08998965328507232,5.0,0.0,0.0,0.0,95.0,4.75,4.458621489529686,4.458621489529686,4.458621489529686,4.458621489529686,0.0,0.0,2.2738050172672932,249.4499094031094,7647.236784527602,124.7249547015547,Prosumer
2023-02-13 14:00:00,user_001,14,0,0,False,3.536656222529672,3.5369716199335834,0.08708676124361836,0.08708676124361836,5.0,0.0,0.0,0.0,95.0,4.75,3.4495694612860532,3.4495694612860532,3.4495694612860532,3.4495694612860532,0.0,0.0,1.7684858099667917,252.98688102304297,7647.323871288846,126.49344051152148,Prosumer
2023-02-13 15:00:00,user_001,15,0,0,False,2.5778481146381553,2.5778481146381553,0.08708676124361836,0.08708676124361836,5.0,0.0,0.0,0.0,95.0,4.75,2.4907613533945367,2.4907613533945367,2.4907613533945367,2.4907613533945367,0.0,0.0,1.2889240573190777,255.56472913768113,7647.41095805009,127.78236456884056,Prosumer
2023-02-13 16:00:00,user_001,16,0,0,False,1.0755051473388388,1.0752948824028978,5.4702097629158155,5.469629184507524,5.0,0.0,3.688,3.688,21.25,1.062,-0.7067046155769767,-0.7067046155769767,0.0,0.0,0.7067046155769767,0.7067046155769767,0.5376474412014489,256.640024020084,7652.880587234597,128.320012010042,Prosumer
2023-02-13 17:00:00,user_001,17,0,0,False,0.0,0.0,17.838852173142786,17.838736057461126,5.0,0.0,0.562,0.562,10.0,0.5,-17.276852173142785,-17.276852173142785,0.0,0.0,17.276852173142785,17.276852173142785,0.0,256.640024020084,7670.719323292059,128.320012010042,Prosumer
2023-02-13 18:00:00,user_001,18,0,0,False,0.0,0.0,48.85218958722016,48.85184124017518,5.0,0.0,0.0,0.0,10.0,0.5,-48.85218958722016,-48.85218958722016,0.0,0.0,48.85218958722016,48.85218958722016,0.0,256.640024020084,7719.571164532234,128.320012010042,Prosumer
2023-02-13 19:00:00,user_001,19,0,0,False,0.0,0.0,58.10196478810901,58.10208090379067,5.0,0.0,0.0,0.0,10.0,0.5,-58.10196478810901,-58.10196478810901,0.0,0.0,58.10196478810901,58.10196478810901,0.0,256.640024020084,7777.673245436025,128.320012010042,Prosumer
2023-02-13 20:00:00,user_001,20,0,0,False,0.0,0.0,48.91489205531556,48.915356518042195,5.0,0.0,0.0,0.0,10.0,0.5,-48.91489205531556,-48.91489205531556,0.0,0.0,48.91489205531556,48.91489205531556,0.0,256.640024020084,7826.588601954068,128.320012010042,Prosumer
2023-02-13 21:00:00,user_001,21,0,0,False,0.0,0.0,39.900831688192774,39.90071557251112,5.0,0.0,0.0,0.0,10.0,0.5,-39.900831688192774,-39.900831688192774,0.0,0.0,39.900831688192774,39.900831688192774,0.0,256.640024020084,7866.489317526579,128.320012010042,Prosumer
2023-02-13 22:00:00,user_001,22,0,0,False,0.0,0.0,32.79919659797984,32.799777176388126,5.0,0.0,0.0,0.0,10.0,0.5,-32.79919659797984,-32.79919659797984,0.0,0.0,32.79919659797984,32.79919659797984,0.0,256.640024020084,7899.289094702967,128.320012010042,Prosumer
2023-02-13 23:00:00,user_001,23,0,0,False,0.0,0.0,26.239821741110504,26.24028620383714,5.0,0.0,0.0,0.0,10.0,0.5,-26.239821741110504,-26.239821741110504,0.0,0.0,26.239821741110504,26.239821741110504,0.0,256.640024020084,7925.529380906804,128.320012010042,Prosumer
2023-02-14 00:00:00,user_001,0,0,1,False,0.0,0.0,14.709534552455432,14.709302321092116,5.0,0.0,0.0,0.0,10.0,0.5,-14.709534552455432,-14.709534552455432,0.0,0.0,14.709534552455432,14.709534552455432,0.0,256.640024020084,7940.238683227896,128.320012010042,Prosumer
2023-02-14 01:00:00,user_001,1,0,1,False,0.0,0.0,12.723956396100935,12.72360804905596,5.0,0.0,0.0,0.0,10.0,0.5,-12.723956396100935,-12.723956396100935,0.0,0.0,12.723956396100935,12.723956396100935,0.0,256.640024020084,7952.962291276952,128.320012010042,Prosumer
2023-02-14 02:00:00,user_001,2,0,1,False,0.0,0.0,15.88346409401941,15.882999631292774,5.0,0.0,0.0,0.0,10.0,0.5,-15.88346409401941,-15.88346409401941,0.0,0.0,15.88346409401941,15.88346409401941,0.0,256.640024020084,7968.845290908244,128.320012010042,Prosumer
2023-02-14 03:00:00,user_001,3,0,1,False,0.0,0.0,14.868613036327108,14.868961383372085,5.0,0.0,0.0,0.0,10.0,0.5,-14.868613036327108,-14.868613036327108,0.0,0.0,14.868613036327108,14.868613036327108,0.0,256.640024020084,7983.7142522916165,128.320012010042,Prosumer
2023-02-14 04:00:00,user_001,4,0,1,False,0.0,0.0,13.229059611313922,13.228943495632262,5.0,0.0,0.0,0.0,10.0,0.5,-13.229059611313922,-13.229059611313922,0.0,0.0,13.229059611313922,13.229059611313922,0.0,256.640024020084,7996.943195787248,128.320012010042,Prosumer
2023-02-14 05:00:00,user_001,5,0,1,False,0.0,0.0,15.165869181371994,15.16598529705365,5.0,0.0,0.0,0.0,10.0,0.5,-15.165869181371994,-15.165869181371994,0.0,0.0,15.165869181371994,15.165869181371994,0.0,256.640024020084,8012.109181084302,128.320012010042,Prosumer
2023-02-14 06:00:00,user_001,6,0,1,False,0.0,0.0,15.194898101786533,15.194317523378242,5.0,0.0,0.0,0.0,10.0,0.5,-15.194898101786533,-15.194898101786533,0.0,0.0,15.194898101786533,15.194898101786533,0.0,256.640024020084,8027.30349860768,128.320012010042,Prosumer
2023-02-14 07:00:00,user_001,7,0,1,False,0.2575745465278744,0.2571540166559922,15.896236819001805,15.896817397410096,5.0,0.0,0.0,0.0,10.0,0.5,-15.638662272473931,-15.638662272473931,0.0,0.0,15.638662272473931,15.638662272473931,0.1285770083279961,256.89717803674,8043.20031600509,128.44858901837,Prosumer
2023-02-14 08:00:00,user_001,8,0,1,False,1.7725334099836583,1.77284880738757,32.182622328375025,32.18308679110165,5.0,0.0,0.0,0.0,10.0,0.5,-30.410088918391367,-30.410088918391367,0.0,0.0,30.410088918391367,30.410088918391367,0.886424403693785,258.67002684412756,8075.383402796191,129.33501342206378,Prosumer
2023-02-14 09:00:00,user_001,9,0,1,False,3.1918217275862317,3.191926860054202,26.717057192725534,26.717637771133823,5.0,0.0,0.0,0.0,10.0,0.5,-23.525235465139303,-23.525235465139303,0.0,0.0,23.525235465139303,23.525235465139303,1.595963430027101,261.86195370418176,8102.101040567325,130.93097685209088,Prosumer
2023-02-14 10:00:00,user_001,10,0,1,False,4.1222440691256965,4.121718406785844,30.385151576306736,30.38503546062508,5.0,0.0,0.0,0.0,10.0,0.5,-26.26290750718104,-26.26290750718104,0.0,0.0,26.26290750718104,26.26290750718104,2.060859203392922,265.9836721109676,8132.48607602795,132.9918360554838,Prosumer
2023-02-14 11:00:00,user_001,11,0,1,False,4.568005733320875,4.567690335916963,27.448585987171928,27.4489343342169,5.0,0.0,0.0,0.0,10.0,0.5,-22.880580253851054,-22.880580253851054,0.0,0.0,22.880580253851054,22.880580253851054,2.2838451679584817,270.5513624468845,8159.935010362166,135.27568122344226,Prosumer
2023-02-14 12:00:00,user_001,12,0,1,False,4.299917939995945,4.299707675060004,26.6497100973638,26.649477866000485,5.0,0.0,0.0,0.0,10.0,0.5,-22.349792157367858,-22.349792157367858,0.0,0.0,22.349792157367858,22.349792157367858,2.149853837530002,274.85107012194453,8186.584488228167,137.42553506097227,Prosumer
2023-02-14 13:00:00,user_001,13,0,1,False,3.8941066136295794,3.8941066136295794,34.261093030056045,34.261325261419366,5.0,0.0,0.0,0.0,10.0,0.5,-30.366986416426467,-30.366986416426467,0.0,0.0,30.366986416426467,30.366986416426467,1.9470533068147897,278.7451767355741,8220.845813489586,139.37258836778705,Prosumer
2023-02-14 14:00:00,user_001,14,0,1,False,3.3074674423538486,3.30767770728979,30.951796102798546,30.952144449843527,5.0,0.0,0.0,0.0,10.0,0.5,-27.6443286604447,-27.6443286604447,0.0,0.0,27.6443286604447,27.6443286604447,1.653838853644895,282.05285444286386,8251.79795793943,141.02642722143193,Prosumer
2023-02-14 15:00:00,user_001,15,0,1,False,2.0206460343941823,2.021066564266065,33.95338647366193,33.9537348207069,5.0,0.0,0.0,0.0,10.0,0.5,-31.932740439267747,-31.932740439267747,0.0,0.0,31.932740439267747,31.932740439267747,1.0105332821330324,284.0739210071299,8285.751692760137,142.03696050356496,Prosumer
2023-02-14 16:00:00,user_001,16,0,1,False,1.1911508621064562,1.1914662595103678,30.608093685090402,30.60820980077206,5.0,0.0,0.0,0.0,10.0,0.5,-29.416942822983945,-29.416942822983945,0.0,0.0,29.416942822983945,29.416942822983945,0.5957331297551839,285.2653872666403,8316.35990256091,142.63269363332014,Prosumer
2023-02-14 17:00:00,user_001,17,0,1,False,0.027334441672345857,0.027544706608286982,26.683383645044668,26.68326752936301,5.0,0.0,0.0,0.0,10.0,0.5,-26.656049203372323,-26.656049203372323,0.0,0.0,26.656049203372323,26.656049203372323,0.013772353304143491,285.2929319732486,8343.043170090272,142.6464659866243,Prosumer
2023-02-14 18:00:00,user_001,18,0,1,False,0.0,0.0,56.74921709679147,56.7496815595181,5.0,0.0,0.0,0.0,10.0,0.5,-56.74921709679147,-56.74921709679147,0.0,0.0,56.74921709679147,56.74921709679147,0.0,285.2929319732486,8399.79285164979,142.6464659866243,Prosumer
2023-02-14 19:00:00,user_001,19,0,1,False,0.0,0.0,62.096344237149644,62.096692584194614,5.0,0.0,0.0,0.0,10.0,0.5,-62.096344237149644,-62.096344237149644,0.0,0.0,62.096344237149644,62.096344237149644,0.0,285.2929319732486,8461.889544233985,142.6464659866243,Prosumer
2023-02-14 20:00:00,user_001,20,0,1,False,0.0,0.0,44.58145481583311,44.58180316287809,5.0,0.0,0.0,0.0,10.0,0.5,-44.58145481583311,-44.58145481583311,0.0,0.0,44.58145481583311,44.58145481583311,0.0,285.2929319732486,8506.471347396864,142.6464659866243,Prosumer
2023-02-14 21:00:00,user_001,21,0,1,False,0.0,0.0,45.68223147795245,45.68234759363411,5.0,0.0,0.0,0.0,10.0,0.5,-45.68223147795245,-45.68223147795245,0.0,0.0,45.68223147795245,45.68223147795245,0.0,285.2929319732486,8552.153694990498,142.6464659866243,Prosumer
2023-02-14 22:00:00,user_001,22,0,1,False,0.0,0.0,32.63663464365842,32.636402412295105,5.0,0.0,0.0,0.0,10.0,0.5,-32.63663464365842,-32.63663464365842,0.0,0.0,32.63663464365842,32.63663464365842,0.0,285.2929319732486,8584.790097402794,142.6464659866243,Prosumer
2023-02-14 23:00:00,user_001,23,0,1,False,0.0,0.0,30.469916023917193,30.46956767687222,5.0,0.0,0.0,0.0,10.0,0.5,-30.469916023917193,-30.469916023917193,0.0,0.0,30.469916023917193,30.469916023917193,0.0,285.2929319732486,8615.259665079666,142.6464659866243,Prosumer
2023-02-15 00:00:00,user_001,0,0,2,False,0.0,0.0,15.439902190085245,15.439669958721929,5.0,0.0,0.0,0.0,10.0,0.5,-15.439902190085245,-15.439902190085245,0.0,0.0,15.439902190085245,15.439902190085245,0.0,285.2929319732486,8630.699335038387,142.6464659866243,Prosumer
2023-02-15 01:00:00,user_001,1,0,2,False,0.0,0.0,13.518187658642733,13.51783931159776,5.0,0.0,0.0,0.0,10.0,0.5,-13.518187658642733,-13.518187658642733,0.0,0.0,13.518187658642733,13.518187658642733,0.0,285.2929319732486,8644.217174349986,142.6464659866243,Prosumer
2023-02-15 02:00:00,user_001,2,0,2,False,0.0,0.0,13.342852979338915,13.342969095020573,5.0,0.0,0.0,0.0,10.0,0.5,-13.342852979338915,-13.342852979338915,0.0,0.0,13.342852979338915,13.342852979338915,0.0,285.2929319732486,8657.560143445005,142.6464659866243,Prosumer
2023-02-15 03:00:00,user_001,3,0,2,False,0.0,0.0,15.827728566823493,15.827496335460177,5.0,0.0,0.0,0.0,10.0,0.5,-15.827728566823493,-15.827728566823493,0.0,0.0,15.827728566823493,15.827728566823493,0.0,285.2929319732486,8673.387639780465,142.6464659866243,Prosumer
2023-02-15 04:00:00,user_001,4,0,2,False,0.0,0.0,15.526988951328864,15.526756719965547,5.0,0.0,0.0,0.0,10.0,0.5,-15.526988951328864,-15.526988951328864,0.0,0.0,15.526988951328864,15.526988951328864,0.0,285.2929319732486,8688.914396500431,142.6464659866243,Prosumer
2023-02-15 05:00:00,user_001,5,0,2,False,0.0,0.0,13.579728969921558,13.579380622876581,5.0,0.0,0.0,0.0,10.0,0.5,-13.579728969921558,-13.579728969921558,0.0,0.0,13.579728969921558,13.579728969921558,0.0,285.2929319732486,8702.493777123307,142.6464659866243,Prosumer
2023-02-15 06:00:00,user_001,6,0,2,False,0.0,0.0,15.629170751188044,15.628822404143069,5.0,0.0,0.0,0.0,10.0,0.5,-15.629170751188044,-15.629170751188044,0.0,0.0,15.629170751188044,15.629170751188044,0.0,285.2929319732486,8718.12259952745,142.6464659866243,Prosumer
2023-02-15 07:00:00,user_001,7,0,2,False,0.2901656115987484,0.28974508172686614,14.312418921184534,14.312418921184534,5.0,0.0,0.0,0.0,10.0,0.5,-14.022253309585786,-14.022253309585786,0.0,0.0,14.022253309585786,14.022253309585786,0.14487254086343307,285.5826770549755,8732.435018448636,142.79133852748774,Prosumer
2023-02-15 08:00:00,user_001,8,0,2,False,1.8419208388442285,1.8418157063762581,28.700313035446868,28.700661382491845,5.0,0.0,0.0,0.0,10.0,0.5,-26.85839219660264,-26.85839219660264,0.0,0.0,26.85839219660264,26.85839219660264,0.9209078531881291,287.42449276135176,8761.135679831128,143.71224638067588,Prosumer
2023-02-15 09:00:00,user_001,9,0,2,False,3.1928730522659374,3.1932935821378194,27.19080917389082,27.19127363661745,5.0,0.0,0.0,0.0,10.0,0.5,-23.997936121624882,-23.997936121624882,0.0,0.0,23.997936121624882,23.997936121624882,1.5966467910689097,290.61778634348957,8788.326953467746,145.30889317174478,Prosumer
2023-02-15 10:00:00,user_001,10,0,2,False,3.9687506658886775,3.9685404009527363,33.339134517690276,33.339482864735245,5.0,0.0,0.0,0.0,10.0,0.5,-29.3703838518016,-29.3703838518016,0.0,0.0,29.3703838518016,29.3703838518016,1.9842702004763682,294.5863267444423,8821.666436332482,147.29316337222116,Prosumer
2023-02-15 11:00:00,user_001,11,0,2,False,4.103320224890996,4.102899695019113,29.176387330245316,29.17696790865361,5.0,0.0,0.0,0.0,10.0,0.5,-25.07306710535432,-25.07306710535432,0.0,0.0,25.07306710535432,25.07306710535432,2.0514498475095566,298.68922643946144,8850.843404241135,149.34461321973072,Prosumer
2023-02-15 12:00:00,user_001,12,0,2,False,4.302020589355355,4.301810324419415,27.20242074205663,27.202885204783264,5.0,0.0,0.0,0.0,10.0,0.5,-22.900400152701277,-22.900400152701277,0.0,0.0,22.900400152701277,22.900400152701277,2.1509051622097073,302.99103676388086,8878.046289445918,151.49551838194043,Prosumer
2023-02-15 13:00:00,user_001,13,0,2,False,3.097202506412727,3.097623036284609,28.815267560288444,28.815035328925127,5.0,0.0,0.0,0.0,10.0,0.5,-25.718065053875716,-25.718065053875716,0.0,0.0,25.718065053875716,25.718065053875716,1.5488115181423046,306.0886598001655,8906.861324774844,153.04432990008274,Prosumer
2023-02-15 14:00:00,user_001,14,0,2,False,2.2729639575235288,2.2725434276516463,26.40354485224851,26.403777083611825,5.0,0.0,0.0,0.0,10.0,0.5,-24.13058089472498,-24.13058089472498,0.0,0.0,24.13058089472498,24.13058089472498,1.1362717138258231,308.36120322781716,8933.265101858455,154.18060161390858,Prosumer
2023-02-15 15:00:00,user_001,15,0,2,False,1.6358612016219292,1.6361765990258408,28.54820149247468,28.547969261111366,5.0,0.0,0.0,0.0,10.0,0.5,-26.91234029085275,-26.91234029085275,0.0,0.0,26.91234029085275,26.91234029085275,0.8180882995129204,309.997379826843,8961.813071119566,154.9986899134215,Prosumer
2023-02-15 16:00:00,user_001,16,0,2,False,0.8431623931238992,0.8433726580598403,28.1499247043872,28.149576357342227,5.0,0.0,0.0,0.0,10.0,0.5,-27.3067623112633,-27.3067623112633,0.0,0.0,27.3067623112633,27.3067623112633,0.42168632902992015,310.8407524849028,8989.962647476908,155.4203762424514,Prosumer
2023-02-15 17:00:00,user_001,17,0,2,False,0.01682119487528976,0.01703145981123088,31.38722990901664,31.387578256061616,5.0,0.0,0.0,0.0,10.0,0.5,-31.370408714141348,-31.370408714141348,0.0,0.0,31.370408714141348,31.370408714141348,0.00851572990561544,310.857783944714,9021.35022573297,155.428891972357,Prosumer
2023-02-15 18:00:00,user_001,18,0,2,False,0.0,0.0,65.14438088067628,65.14426476499462,5.0,0.0,0.0,0.0,10.0,0.5,-65.14438088067628,-65.14438088067628,0.0,0.0,65.14438088067628,65.14438088067628,0.0,310.857783944714,9086.494490497964,155.428891972357,Prosumer
2023-02-15 19:00:00,user_001,19,0,2,False,0.0,0.0,58.36903085592277,58.368450277514484,5.0,0.0,0.0,0.0,10.0,0.5,-58.36903085592277,-58.36903085592277,0.0,0.0,58.36903085592277,58.36903085592277,0.0,310.857783944714,9144.862940775478,155.428891972357,Prosumer
2023-02-15 20:00:00,user_001,20,0,2,False,0.0,0.0,46.893318037647035,46.89320192196538,5.0,0.0,0.0,0.0,10.0,0.5,-46.893318037647035,-46.893318037647035,0.0,0.0,46.893318037647035,46.893318037647035,0.0,310.857783944714,9191.756142697443,155.428891972357,Prosumer
2023-02-15 21:00:00,user_001,21,0,2,False,0.0,0.0,46.27093798395931,46.27058963691434,5.0,0.0,0.0,0.0,10.0,0.5,-46.27093798395931,-46.27093798395931,0.0,0.0,46.27093798395931,46.27093798395931,0.0,310.857783944714,9238.026732334358,155.428891972357,Prosumer
2023-02-15 22:00:00,user_001,22,0,2,False,0.0,0.0,34.80799789066597,34.80753342793934,5.0,0.0,0.0,0.0,10.0,0.5,-34.80799789066597,-34.80799789066597,0.0,0.0,34.80799789066597,34.80799789066597,0.0,310.857783944714,9272.834265762298,155.428891972357,Prosumer
2023-02-15 23:00:00,user_001,23,0,2,False,0.0,0.0,26.17247464574877,26.172358530067115,5.0,0.0,0.0,0.0,10.0,0.5,-26.17247464574877,-26.17247464574877,0.0,0.0,26.17247464574877,26.17247464574877,0.0,310.857783944714,9299.006624292366,155.428891972357,Prosumer
2023-02-16 00:00:00,user_001,0,0,3,False,0.0,0.0,13.791059510539405,13.791407857584378,5.0,0.0,0.0,0.0,10.0,0.5,-13.791059510539405,-13.791059510539405,0.0,0.0,13.791059510539405,13.791059510539405,0.0,310.857783944714,9312.79803214995,155.428891972357,Prosumer
2023-02-16 01:00:00,user_001,1,0,3,False,0.0,0.0,14.356542880214635,14.356194533169658,5.0,0.0,0.0,0.0,10.0,0.5,-14.356542880214635,-14.356542880214635,0.0,0.0,14.356542880214635,14.356542880214635,0.0,310.857783944714,9327.15422668312,155.428891972357,Prosumer
2023-02-16 02:00:00,user_001,2,0,3,False,0.0,0.0,16.173753298164804,16.173637182483144,5.0,0.0,0.0,0.0,10.0,0.5,-16.173753298164804,-16.173753298164804,0.0,0.0,16.173753298164804,16.173753298164804,0.0,310.857783944714,9343.327863865603,155.428891972357,Prosumer
2023-02-16 03:00:00,user_001,3,0,3,False,0.0,0.0,15.153096456389596,15.153328687752913,5.0,0.0,0.0,0.0,10.0,0.5,-15.153096456389596,-15.153096456389596,0.0,0.0,15.153096456389596,15.153096456389596,0.0,310.857783944714,9358.481192553356,155.428891972357,Prosumer
2023-02-16 04:00:00,user_001,4,0,3,False,0.0,0.0,16.109889673252816,16.109309094844527,5.0,0.0,0.0,0.0,10.0,0.5,-16.109889673252816,-16.109889673252816,0.0,0.0,16.109889673252816,16.109889673252816,0.0,310.857783944714,9374.590501648201,155.428891972357,Prosumer
2023-02-16 05:00:00,user_001,5,0,3,False,0.0,0.0,15.59781951714034,15.59781951714034,5.0,0.0,0.0,0.0,10.0,0.5,-15.59781951714034,-15.59781951714034,0.0,0.0,15.59781951714034,15.59781951714034,0.0,310.857783944714,9390.188321165342,155.428891972357,Prosumer
2023-02-16 06:00:00,user_001,6,0,3,False,0.0,0.0,13.064175343359336,13.06463980608597,5.0,0.0,0.0,0.0,10.0,0.5,-13.064175343359336,-13.064175343359336,0.0,0.0,13.064175343359336,13.064175343359336,0.0,310.857783944714,9403.252960971427,155.428891972357,Prosumer
2023-02-16 07:00:00,user_001,7,0,3,False,0.5025331968992816,0.5021126670273993,14.032580128388373,14.033044591115004,5.0,0.0,0.0,0.0,10.0,0.5,-13.53004693148909,-13.53004693148909,0.0,0.0,13.53004693148909,13.53004693148909,0.25105633351369966,311.3598966117414,9417.286005562542,155.6799483058707,Prosumer
2023-02-16 08:00:00,user_001,8,0,3,False,2.40437954248673,2.4038538801468774,30.382829262673575,30.3824809156286,5.0,0.0,0.0,0.0,10.0,0.5,-27.978449720186845,-27.978449720186845,0.0,0.0,27.978449720186845,27.978449720186845,1.2019269400734387,313.7637504918883,9447.668486478171,156.88187524594414,Prosumer
2023-02-16 09:00:00,user_001,9,0,3,False,2.350761983821744,2.3511825136936264,26.461602693077587,26.461834924440904,5.0,0.0,0.0,0.0,10.0,0.5,-24.110840709255843,-24.110840709255843,0.0,0.0,24.110840709255843,24.110840709255843,1.1755912568468132,316.1149330055819,9474.130321402612,158.05746650279096,Prosumer
2023-02-16 10:00:00,user_001,10,0,3,False,1.9659771510494908,1.966397680921373,31.79015132437045,31.79015132437045,5.0,0.0,0.0,0.0,10.0,0.5,-29.82417417332096,-29.82417417332096,0.0,0.0,29.82417417332096,29.82417417332096,0.9831988404606865,318.0813306865033,9505.920472726983,159.04066534325165,Prosumer
2023-02-16 11:00:00,user_001,11,0,3,False,2.0143380863159486,2.01465348371986,32.154754564777065,32.15463844909541,5.0,0.0,0.0,0.0,10.0,0.5,-30.140416478461116,-30.140416478461116,0.0,0.0,30.140416478461116,30.140416478461116,1.00732674185993,320.0959841702232,9538.075111176078,160.0479920851116,Prosumer
2023-02-16 12:00:00,user_001,12,0,3,False,2.6672107124131323,2.6674209773490736,34.543254136485366,34.543254136485366,5.0,0.0,0.0,0.0,10.0,0.5,-31.876043424072233,-31.876043424072233,0.0,0.0,31.876043424072233,31.876043424072233,1.3337104886745368,322.76340514757226,9572.618365312564,161.38170257378613,Prosumer
2023-02-16 13:00:00,user_001,13,0,3,False,2.628311699264025,2.6277860369241717,34.25180377552339,34.251919891205056,5.0,0.0,0.0,0.0,10.0,0.5,-31.623492076259367,-31.623492076259367,0.0,0.0,31.623492076259367,31.623492076259367,1.3138930184620858,325.39119118449645,9606.87028520377,162.69559559224822,Prosumer
2023-02-16 14:00:00,user_001,14,0,3,False,0.8358031203659599,0.8353825904940776,32.35911816449542,32.3594665115404,5.0,0.0,0.0,0.0,10.0,0.5,-31.52331504412946,-31.52331504412946,0.0,0.0,31.52331504412946,31.52331504412946,0.4176912952470388,326.2265737749905,9639.22975171531,163.11328688749526,Prosumer
2023-02-16 15:00:00,user_001,15,0,3,False,1.1364819787617644,1.137007641101617,28.89306506699941,28.89306506699941,5.0,0.0,0.0,0.0,10.0,0.5,-27.756583088237644,-27.756583088237644,0.0,0.0,27.756583088237644,27.756583088237644,0.5685038205508085,327.36358141609213,9668.122816782308,163.68179070804607,Prosumer
2023-02-16 16:00:00,user_001,16,0,3,False,0.44365901483576736,0.44313335249591457,31.848209165199528,31.84797693383621,5.0,0.0,0.0,0.0,10.0,0.5,-31.40455015036376,-31.40455015036376,0.0,0.0,31.40455015036376,31.40455015036376,0.22156667624795728,327.80671476858805,9699.970793716144,163.90335738429403,Prosumer
2023-02-16 17:00:00,user_001,17,0,3,False,0.00525662339852805,0.004836093526645806,27.054953826350772,27.054837710669116,5.0,0.0,0.0,0.0,10.0,0.5,-27.049697202952245,-27.049697202952245,0.0,0.0,27.049697202952245,27.049697202952245,0.002418046763322903,327.8115508621147,9727.025631426814,163.90577543105735,Prosumer
2023-02-16 18:00:00,user_001,18,0,3,False,0.0,0.0,58.443344892183994,58.44288042945736,5.0,0.0,0.0,0.0,10.0,0.5,-58.443344892183994,-58.443344892183994,0.0,0.0,58.443344892183994,58.443344892183994,0.0,327.8115508621147,9785.46851185627,163.90577543105735,Prosumer
2023-02-16 19:00:00,user_001,19,0,3,False,0.0,0.0,56.34048989735476,56.340025434628124,5.0,0.0,0.0,0.0,10.0,0.5,-56.34048989735476,-56.34048989735476,0.0,0.0,56.34048989735476,56.34048989735476,0.0,327.8115508621147,9841.808537290899,163.90577543105735,Prosumer
2023-02-16 20:00:00,user_001,20,0,3,False,0.0,0.0,47.78276415914853,47.78241581210355,5.0,0.0,0.0,0.0,10.0,0.5,-47.78276415914853,-47.78276415914853,0.0,0.0,47.78276415914853,47.78276415914853,0.0,327.8115508621147,9889.590953103003,163.90577543105735,Prosumer
2023-02-16 21:00:00,user_001,21,0,3,False,0.0,0.0,40.60565387585779,40.60518941313116,5.0,0.0,0.0,0.0,10.0,0.5,-40.60565387585779,-40.60565387585779,0.0,0.0,40.60565387585779,40.60565387585779,0.0,327.8115508621147,9930.196142516133,163.90577543105735,Prosumer
2023-02-16 22:00:00,user_001,22,0,3,False,0.0,0.0,30.58719286239193,30.58661228398364,5.0,0.0,0.0,0.0,10.0,0.5,-30.58719286239193,-30.58719286239193,0.0,0.0,30.58719286239193,30.58719286239193,0.0,327.8115508621147,9960.782754800117,163.90577543105735,Prosumer
2023-02-16 23:00:00,user_001,23,0,3,False,0.0,0.0,29.38423440041342,29.384582747458392,5.0,0.0,0.0,0.0,10.0,0.5,-29.38423440041342,-29.38423440041342,0.0,0.0,29.38423440041342,29.38423440041342,0.0,327.8115508621147,9990.167337547575,163.90577543105735,Prosumer
2023-02-17 00:00:00,user_001,0,0,4,False,0.0,0.0,16.050670675607154,16.050670675607154,5.0,0.0,0.0,0.0,10.0,0.5,-16.050670675607154,-16.050670675607154,0.0,0.0,16.050670675607154,16.050670675607154,0.0,327.8115508621147,10006.218008223183,163.90577543105735,Prosumer
2023-02-17 01:00:00,user_001,1,0,4,False,0.0,0.0,15.05439812698016,15.054862589706795,5.0,0.0,0.0,0.0,10.0,0.5,-15.05439812698016,-15.05439812698016,0.0,0.0,15.05439812698016,15.05439812698016,0.0,327.8115508621147,10021.272870812889,163.90577543105735,Prosumer
2023-02-17 02:00:00,user_001,2,0,4,False,0.0,0.0,15.559501342193148,15.559501342193148,5.0,0.0,0.0,0.0,10.0,0.5,-15.559501342193148,-15.559501342193148,0.0,0.0,15.559501342193148,15.559501342193148,0.0,327.8115508621147,10036.832372155082,163.90577543105735,Prosumer
2023-02-17 03:00:00,user_001,3,0,4,False,0.0,0.0,15.910170700800785,15.90982235375581,5.0,0.0,0.0,0.0,10.0,0.5,-15.910170700800785,-15.910170700800785,0.0,0.0,15.910170700800785,15.910170700800785,0.0,327.8115508621147,10052.742194508839,163.90577543105735,Prosumer
2023-02-17 04:00:00,user_001,4,0,4,False,0.0,0.0,13.75854711967512,13.759011582401753,5.0,0.0,0.0,0.0,10.0,0.5,-13.75854711967512,-13.75854711967512,0.0,0.0,13.75854711967512,13.75854711967512,0.0,327.8115508621147,10066.501206091241,163.90577543105735,Prosumer
2023-02-17 05:00:00,user_001,5,0,4,False,0.0,0.0,14.277584216687085,14.27723586964211,5.0,0.0,0.0,0.0,10.0,0.5,-14.277584216687085,-14.277584216687085,0.0,0.0,14.277584216687085,14.277584216687085,0.0,327.8115508621147,10080.778441960883,163.90577543105735,Prosumer
2023-02-17 06:00:00,user_001,6,0,4,False,0.0,0.0,17.37671176014332,17.376247297416686,5.0,0.0,0.0,0.0,10.0,0.5,-17.37671176014332,-17.37671176014332,0.0,0.0,17.37671176014332,17.37671176014332,0.0,327.8115508621147,10098.1546892583,163.90577543105735,Prosumer
2023-02-17 07:00:00,user_001,7,0,4,False,0.3858361574519588,0.3860464223879,17.721575334668046,17.721575334668046,5.0,0.0,0.0,0.0,10.0,0.5,-17.335739177216087,-17.335739177216087,0.0,0.0,17.335739177216087,17.335739177216087,0.19302321119395,328.1975972845026,10115.876264592967,164.0987986422513,Prosumer
2023-02-17 08:00:00,user_001,8,0,4,False,2.0774175670982853,2.0775226995662557,28.00245778868134,28.00292225140797,5.0,0.0,0.0,0.0,10.0,0.5,-25.925040221583053,-25.925040221583053,0.0,0.0,25.925040221583053,25.925040221583053,1.0387613497831278,330.27511998406885,10143.879186844375,165.13755999203443,Prosumer
2023-02-17 09:00:00,user_001,9,0,4,False,3.2138995458600497,3.2138995458600497,0.09173138850994468,0.09126692578331205,5.0,2.978,0.0,-2.978,69.57,3.478,0.14416815735010458,0.14416815735010458,0.14416815735010458,0.14416815735010458,0.0,0.0,1.6069497729300248,333.4890195299289,10143.970453770158,166.74450976496445,Prosumer
2023-02-17 10:00:00,user_001,10,0,4,False,4.078088432578061,4.078193565046032,0.08708676124361836,0.08708676124361836,5.0,1.272,0.0,-1.272,95.0,4.75,2.719001671334442,2.719001671334442,2.719001671334442,2.719001671334442,0.0,0.0,2.039096782523016,337.56721309497493,10144.057540531401,168.78360654748747,Prosumer
2023-02-17 11:00:00,user_001,11,0,4,False,4.668932902572614,4.668617505168702,0.08940907487678153,0.08894461215014889,5.0,0.0,0.0,0.0,95.0,4.75,4.579523827695832,4.579523827695832,4.579523827695832,4.579523827695832,0.0,0.0,2.334308752584351,342.23583060014363,10144.146485143552,171.11791530007181,Prosumer
2023-02-17 12:00:00,user_001,12,0,4,False,4.504926252538539,4.505346782410421,0.08708676124361836,0.08708676124361836,5.0,0.0,0.0,0.0,95.0,4.75,4.41783949129492,4.41783949129492,4.41783949129492,4.41783949129492,0.0,0.0,2.2526733912052106,346.74117738255404,10144.233571904795,173.37058869127702,Prosumer
2023-02-17 13:00:00,user_001,13,0,4,False,3.976109938646617,3.976109938646617,6.194771616462719,6.19535219487101,5.0,0.0,1.554,1.554,63.93,3.196,-0.6646616778161023,-0.6646616778161023,0.0,0.0,0.6646616778161023,0.6646616778161023,1.9880549693233085,350.7172873212007,10150.428924099666,175.35864366060034,Prosumer
2023-02-17 14:00:00,user_001,14,0,4,False,3.9960851075610235,3.9957697101571115,25.833416855306954,25.83353297098861,5.0,0.0,2.696,2.696,10.0,0.5,-19.14133174774593,-19.14133174774593,0.0,0.0,19.14133174774593,19.14133174774593,1.9978848550785557,354.7130570313578,10176.262457070654,177.3565285156789,Prosumer
2023-02-17 15:00:00,user_001,15,0,4,False,2.695596478765184,2.6951759488933016,28.989441082775684,28.989789429820657,5.0,0.0,0.0,0.0,10.0,0.5,-26.293844604010502,-26.293844604010502,0.0,0.0,26.293844604010502,26.293844604010502,1.3475879744466508,357.40823298025106,10205.252246500475,178.70411649012553,Prosumer
2023-02-17 16:00:00,user_001,16,0,4,False,1.2731541871234937,1.273049054655523,31.26066381600925,31.260315468964276,5.0,0.0,0.0,0.0,10.0,0.5,-29.987509628885753,-29.987509628885753,0.0,0.0,29.987509628885753,29.987509628885753,0.6365245273277615,358.6812820349066,10236.512561969439,179.3406410174533,Prosumer
2023-02-17 17:00:00,user_001,17,0,4,False,0.014718545515878539,0.015033942919790223,33.52840307879307,33.52840307879307,5.0,0.0,0.0,0.0,10.0,0.5,-33.51368453327719,-33.51368453327719,0.0,0.0,33.51368453327719,33.51368453327719,0.0075169714598951115,358.6963159778264,10270.040965048232,179.3481579889132,Prosumer
2023-02-17 18:00:00,user_001,18,0,4,False,0.0,0.0,58.11705982672457,58.11764040513286,5.0,0.0,0.0,0.0,10.0,0.5,-58.11705982672457,-58.11705982672457,0.0,0.0,58.11705982672457,58.11705982672457,0.0,358.6963159778264,10328.158605453365,179.3481579889132,Prosumer
2023-02-17 19:00:00,user_001,19,0,4,False,0.0,0.0,48.27045002211278,48.27045002211278,5.0,0.0,0.0,0.0,10.0,0.5,-48.27045002211278,-48.27045002211278,0.0,0.0,48.27045002211278,48.27045002211278,0.0,358.6963159778264,10376.429055475479,179.3481579889132,Prosumer
2023-02-17 20:00:00,user_001,20,0,4,False,0.0,0.0,44.833425845031314,44.833077497986345,5.0,0.0,0.0,0.0,10.0,0.5,-44.833425845031314,-44.833425845031314,0.0,0.0,44.833425845031314,44.833425845031314,0.0,358.6963159778264,10421.262132973465,179.3481579889132,Prosumer
2023-02-17 21:00:00,user_001,21,0,4,False,0.0,0.0,43.85805411910279,43.857821887739476,5.0,0.0,0.0,0.0,10.0,0.5,-43.85805411910279,-43.85805411910279,0.0,0.0,43.85805411910279,43.85805411910279,0.0,358.6963159778264,10465.119954861204,179.3481579889132,Prosumer
2023-02-17 22:00:00,user_001,22,0,4,False,0.0,0.0,30.200527642470266,30.200179295425293,5.0,0.0,0.0,0.0,10.0,0.5,-30.200527642470266,-30.200527642470266,0.0,0.0,30.200527642470266,30.200527642470266,0.0,358.6963159778264,10495.32013415663,179.3481579889132,Prosumer
2023-02-17 23:00:00,user_001,23,0,4,False,0.0,0.0,30.534940805645764,30.535289152690737,5.0,0.0,0.0,0.0,10.0,0.5,-30.534940805645764,-30.534940805645764,0.0,0.0,30.534940805645764,30.534940805645764,0.0,358.6963159778264,10525.85542330932,179.3481579889132,Prosumer
2023-02-18 00:00:00,user_001,0,0,5,True,0.0,0.0,11.857733410931077,11.857617295249419,5.0,0.0,0.0,0.0,10.0,0.5,-11.857733410931077,-11.857733410931077,0.0,0.0,11.857733410931077,11.857733410931077,0.0,358.6963159778264,10537.713040604569,179.3481579889132,Prosumer
2023-02-18 01:00:00,user_001,1,0,5,True,0.0,0.0,11.81012598145123,11.809893750087916,5.0,0.0,0.0,0.0,10.0,0.5,-11.81012598145123,-11.81012598145123,0.0,0.0,11.81012598145123,11.81012598145123,0.0,358.6963159778264,10549.522934354656,179.3481579889132,Prosumer
2023-02-18 02:00:00,user_001,2,0,5,True,0.0,0.0,9.983626308968411,9.983742424650067,5.0,0.0,0.0,0.0,10.0,0.5,-9.983626308968411,-9.983626308968411,0.0,0.0,9.983626308968411,9.983626308968411,0.0,358.6963159778264,10559.506676779307,179.3481579889132,Prosumer
2023-02-18 03:00:00,user_001,3,0,5,True,0.0,0.0,10.974093073512496,10.974557536239129,5.0,0.0,0.0,0.0,10.0,0.5,-10.974093073512496,-10.974093073512496,0.0,0.0,10.974093073512496,10.974093073512496,0.0,358.6963159778264,10570.481234315546,179.3481579889132,Prosumer
2023-02-18 04:00:00,user_001,4,0,5,True,0.0,0.0,11.395592997931608,11.395244650886635,5.0,0.0,0.0,0.0,10.0,0.5,-11.395592997931608,-11.395592997931608,0.0,0.0,11.395592997931608,11.395592997931608,0.0,358.6963159778264,10581.876478966433,179.3481579889132,Prosumer
2023-02-18 05:00:00,user_001,5,0,5,True,0.0,0.0,11.942497858541532,11.942962321268164,5.0,0.0,0.0,0.0,10.0,0.5,-11.942497858541532,-11.942497858541532,0.0,0.0,11.942497858541532,11.942497858541532,0.0,358.6963159778264,10593.8194412877,179.3481579889132,Prosumer
2023-02-18 06:00:00,user_001,6,0,5,True,0.0,0.0,9.916279213606677,9.916279213606677,5.0,0.0,0.0,0.0,10.0,0.5,-9.916279213606677,-9.916279213606677,0.0,0.0,9.916279213606677,9.916279213606677,0.0,358.6963159778264,10603.735720501307,179.3481579889132,Prosumer
2023-02-18 07:00:00,user_001,7,0,5,True,0.35955304045931863,0.35934277552337746,12.33845233299585,12.338684564359168,5.0,0.0,0.0,0.0,10.0,0.5,-11.97889929253653,-11.97889929253653,0.0,0.0,11.97889929253653,11.97889929253653,0.17967138776168873,359.05565875334975,10616.074405065667,179.52782937667487,Prosumer
2023-02-18 08:00:00,user_001,8,0,5,True,1.9764903978465467,1.976700662782488,20.900822698468406,20.901054929831723,5.0,0.0,0.0,0.0,10.0,0.5,-18.92433230062186,-18.92433230062186,0.0,0.0,18.92433230062186,18.92433230062186,0.988350331391244,361.03235941613224,10636.975459995498,180.51617970806612,Prosumer
2023-02-18 09:00:00,user_001,9,0,5,True,2.9037587653468946,2.9032331030070417,22.217574528471918,22.217806759835234,5.0,0.0,0.0,0.0,10.0,0.5,-19.313815763125024,-19.313815763125024,0.0,0.0,19.313815763125024,19.313815763125024,1.4516165515035209,363.9355925191393,10659.193266755334,181.96779625956964,Prosumer
2023-02-18 10:00:00,user_001,10,0,5,True,4.25786495280772,4.257549555403808,25.36198718777483,25.3615227250482,5.0,0.0,0.0,0.0,10.0,0.5,-21.104122234967107,-21.104122234967107,0.0,0.0,21.104122234967107,21.104122234967107,2.128774777701904,368.19314207454306,10684.554789480382,184.09657103727153,Prosumer
2023-02-18 11:00:00,user_001,11,0,5,True,4.614264019227923,4.61384348935604,23.51342553577696,23.513773882821933,5.0,0.0,0.0,0.0,10.0,0.5,-18.899161516549036,-18.899161516549036,0.0,0.0,18.899161516549036,18.899161516549036,2.30692174467802,372.8069855638991,10708.068563363204,186.40349278194955,Prosumer
2023-02-18 12:00:00,user_001,12,0,5,True,4.61952064262645,4.61952064262645,29.80573432483253,29.805618209150875,5.0,0.0,0.0,0.0,10.0,0.5,-25.18621368220608,-25.18621368220608,0.0,0.0,25.18621368220608,25.18621368220608,2.309760321313225,377.4265062065256,10737.874181572355,188.7132531032628,Prosumer
2023-02-18 13:00:00,user_001,13,0,5,True,4.361946096098576,4.362261493502488,25.370115285490904,25.370115285490904,5.0,0.0,0.0,0.0,10.0,0.5,-21.008169189392326,-21.008169189392326,0.0,0.0,21.008169189392326,21.008169189392326,2.181130746751244,381.7887677000281,10763.244296857845,190.89438385001404,Prosumer
2023-02-18 14:00:00,user_001,14,0,5,True,3.4756793911067465,3.4758896560426877,28.260234601962452,28.25965402355416,5.0,0.0,0.0,0.0,10.0,0.5,-24.784555210855707,-24.784555210855707,0.0,0.0,24.784555210855707,24.784555210855707,1.7379448280213439,385.26465735607076,10791.503950881399,192.63232867803538,Prosumer
2023-02-18 15:00:00,user_001,15,0,5,True,1.6085267599495832,1.6085267599495832,29.70355252497335,29.703320293610037,5.0,0.0,0.0,0.0,10.0,0.5,-28.095025765023767,-28.095025765023767,0.0,0.0,28.095025765023767,28.095025765023767,0.8042633799747916,386.87318411602035,10821.20727117501,193.43659205801018,Prosumer
2023-02-18 16:00:00,user_001,16,0,5,True,1.0555299784244323,1.0560556407642852,26.210792820695964,26.211257283422597,5.0,0.0,0.0,0.0,10.0,0.5,-25.155262842271533,-25.155262842271533,0.0,0.0,25.155262842271533,25.155262842271533,0.5280278203821426,387.9292397567846,10847.418528458433,193.9646198783923,Prosumer
2023-02-18 17:00:00,user_001,17,0,5,True,0.1272102862443788,0.12752568364829048,26.00875153461077,26.008635418929114,5.0,0.0,0.0,0.0,10.0,0.5,-25.881541248366393,-25.881541248366393,0.0,0.0,25.881541248366393,25.881541248366393,0.06376284182414524,388.0567654404329,10873.427163877363,194.02838272021646,Prosumer
2023-02-18 18:00:00,user_001,18,0,5,True,0.0,0.0,49.006623443825504,49.00697179087049,5.0,0.0,0.0,0.0,10.0,0.5,-49.006623443825504,-49.006623443825504,0.0,0.0,49.006623443825504,49.006623443825504,0.0,388.0567654404329,10922.434135668233,194.02838272021646,Prosumer
2023-02-18 19:00:00,user_001,19,0,5,True,0.0,0.0,56.883911287514934,56.88449186592322,5.0,0.0,0.0,0.0,10.0,0.5,-56.883911287514934,-56.883911287514934,0.0,0.0,56.883911287514934,56.883911287514934,0.0,388.0567654404329,10979.318627534156,194.02838272021646,Prosumer
2023-02-18 20:00:00,user_001,20,0,5,True,0.0,0.0,41.990913958039606,41.991378420766246,5.0,0.0,0.0,0.0,10.0,0.5,-41.990913958039606,-41.990913958039606,0.0,0.0,41.990913958039606,41.990913958039606,0.0,388.0567654404329,11021.310005954922,194.02838272021646,Prosumer
2023-02-18 21:00:00,user_001,21,0,5,True,0.0,0.0,41.03412074117639,41.03365627844976,5.0,0.0,0.0,0.0,10.0,0.5,-41.03412074117639,-41.03412074117639,0.0,0.0,41.03412074117639,41.03412074117639,0.0,388.0567654404329,11062.343662233372,194.02838272021646,Prosumer
2023-02-18 22:00:00,user_001,22,0,5,True,0.0,0.0,27.219838094305356,27.220070325668672,5.0,0.0,0.0,0.0,10.0,0.5,-27.219838094305356,-27.219838094305356,0.0,0.0,27.219838094305356,27.219838094305356,0.0,388.0567654404329,11089.563732559041,194.02838272021646,Prosumer
2023-02-18 23:00:00,user_001,23,0,5,True,0.0,0.0,27.815511541211706,27.815859888256682,5.0,0.0,0.0,0.0,10.0,0.5,-27.815511541211706,-27.815511541211706,0.0,0.0,27.815511541211706,27.815511541211706,0.0,388.0567654404329,11117.379592447298,194.02838272021646,Prosumer
2023-02-19 00:00:00,user_001,0,0,6,True,0.0,0.0,11.185423614130341,11.185307498448683,5.0,0.0,0.0,0.0,10.0,0.5,-11.185423614130341,-11.185423614130341,0.0,0.0,11.185423614130341,11.185423614130341,0.0,388.0567654404329,11128.564899945746,194.02838272021646,Prosumer
2023-02-19 01:00:00,user_001,1,0,6,True,0.0,0.0,9.686370163923526,9.686137932560209,5.0,0.0,0.0,0.0,10.0,0.5,-9.686370163923526,-9.686370163923526,0.0,0.0,9.686370163923526,9.686370163923526,0.0,388.0567654404329,11138.251037878306,194.02838272021646,Prosumer
2023-02-19 02:00:00,user_001,2,0,6,True,0.0,0.0,10.174056026887788,10.174636605296078,5.0,0.0,0.0,0.0,10.0,0.5,-10.174056026887788,-10.174056026887788,0.0,0.0,10.174056026887788,10.174056026887788,0.0,388.0567654404329,11148.425674483602,194.02838272021646,Prosumer
2023-02-19 03:00:00,user_001,3,0,6,True,0.0,0.0,11.299216982155338,11.299681444881971,5.0,0.0,0.0,0.0,10.0,0.5,-11.299216982155338,-11.299216982155338,0.0,0.0,11.299216982155338,11.299216982155338,0.0,388.0567654404329,11159.725355928484,194.02838272021646,Prosumer
2023-02-19 04:00:00,user_001,4,0,6,True,0.0,0.0,11.841477215498935,11.8410127527723,5.0,0.0,0.0,0.0,10.0,0.5,-11.841477215498935,-11.841477215498935,0.0,0.0,11.841477215498935,11.841477215498935,0.0,388.0567654404329,11171.566368681257,194.02838272021646,Prosumer
2023-02-19 05:00:00,user_001,5,0,6,True,0.0,0.0,10.724444357947457,10.724676589310773,5.0,0.0,0.0,0.0,10.0,0.5,-10.724444357947457,-10.724444357947457,0.0,0.0,10.724444357947457,10.724444357947457,0.0,388.0567654404329,11182.291045270567,194.02838272021646,Prosumer
2023-02-19 06:00:00,user_001,6,0,6,True,0.0,0.0,11.850766470031587,11.850302007304956,5.0,0.0,0.0,0.0,10.0,0.5,-11.850766470031587,-11.850766470031587,0.0,0.0,11.850766470031587,11.850766470031587,0.0,388.0567654404329,11194.141347277873,194.02838272021646,Prosumer
2023-02-19 07:00:00,user_001,7,0,6,True,0.49412259946163667,0.4935969371217838,9.53425862095134,9.534606967996313,5.0,0.0,0.0,0.0,10.0,0.5,-9.040136021489703,-9.040136021489703,0.0,0.0,9.040136021489703,9.040136021489703,0.2467984685608919,388.5503623775547,11203.67595424587,194.27518118877734,Prosumer
2023-02-19 08:00:00,user_001,8,0,6,True,1.374081356375232,1.3737659589713205,21.840198563082907,21.840314678764564,5.0,0.0,0.0,0.0,10.0,0.5,-20.466117206707676,-20.466117206707676,0.0,0.0,20.466117206707676,20.466117206707676,0.6868829794856602,389.924128336526,11225.516268924634,194.962064168263,Prosumer
2023-02-19 09:00:00,user_001,9,0,6,True,2.3171195940711646,2.3168041966672526,19.29262050750292,19.29203992909463,5.0,0.0,0.0,0.0,10.0,0.5,-16.975500913431755,-16.975500913431755,0.0,0.0,16.975500913431755,16.975500913431755,1.1584020983336263,392.24093253319325,11244.808308853728,196.12046626659662,Prosumer
2023-02-19 10:00:00,user_001,10,0,6,True,3.9529807956930934,3.953401325564976,30.007775610917726,30.007775610917726,5.0,0.0,0.0,0.0,10.0,0.5,-26.054794815224632,-26.054794815224632,0.0,0.0,26.054794815224632,26.054794815224632,1.976700662782488,396.1943338587582,11274.816084464646,198.0971669293791,Prosumer
2023-02-19 11:00:00,user_001,11,0,6,True,4.063369887062183,4.0630544896582705,28.763015503542274,28.7626671564973,5.0,0.0,0.0,0.0,10.0,0.5,-24.69964561648009,-24.69964561648009,0.0,0.0,24.69964561648009,24.69964561648009,2.0315272448291353,400.2573883484165,11303.578751621144,200.12869417420825,Prosumer
2023-02-19 12:00:00,user_001,12,0,6,True,4.0970122768127615,4.09659174694088,26.59049109971814,26.59072333108146,5.0,0.0,0.0,0.0,10.0,0.5,-22.493478822905377,-22.493478822905377,0.0,0.0,22.493478822905377,22.493478822905377,2.04829587347044,404.3539800953574,11330.169474952225,202.1769900476787,Prosumer
2023-02-19 13:00:00,user_001,13,0,6,True,3.1739492080312366,3.1735286781593546,28.5156891016104,28.5156891016104,5.0,0.0,0.0,0.0,10.0,0.5,-25.341739893579163,-25.341739893579163,0.0,0.0,25.341739893579163,25.341739893579163,1.5867643390796773,407.52750877351673,11358.685164053835,203.76375438675836,Prosumer
2023-02-19 14:00:00,user_001,14,0,6,True,3.404189312886765,3.404189312886765,28.44485853579892,28.444974651480578,5.0,0.0,0.0,0.0,10.0,0.5,-25.040669222912157,-25.040669222912157,0.0,0.0,25.040669222912157,25.040669222912157,1.7020946564433825,410.9316980864035,11387.130138705315,205.46584904320176,Prosumer
2023-02-19 15:00:00,user_001,15,0,6,True,2.341300061704393,2.3415103266403343,29.306436893702454,29.306785240747427,5.0,0.0,0.0,0.0,10.0,0.5,-26.96513683199806,-26.96513683199806,0.0,0.0,26.96513683199806,26.96513683199806,1.1707551633201672,413.27320841304385,11416.436923946063,206.63660420652192,Prosumer
2023-02-19 16:00:00,user_001,16,0,6,True,1.1858942387079279,1.1859993711758987,30.803168030276105,30.803051914594448,5.0,0.0,0.0,0.0,10.0,0.5,-29.617273791568177,-29.617273791568177,0.0,0.0,29.617273791568177,29.617273791568177,0.5929996855879494,414.45920778421976,11447.239975860657,207.22960389210988,Prosumer
2023-02-19 17:00:00,user_001,17,0,6,True,0.053617558664986104,0.05393295606889779,32.05257276491788,32.05292111196286,5.0,0.0,0.0,0.0,10.0,0.5,-31.998955206252898,-31.998955206252898,0.0,0.0,31.998955206252898,31.998955206252898,0.026966478034448894,414.51314074028863,11479.29289697262,207.25657037014432,Prosumer
2023-02-19 18:00:00,user_001,18,0,6,True,0.0,0.0,54.792667860851516,54.7932484392598,5.0,0.0,0.0,0.0,10.0,0.5,-54.792667860851516,-54.792667860851516,0.0,0.0,54.792667860851516,54.792667860851516,0.0,414.51314074028863,11534.08614541188,207.25657037014432,Prosumer
2023-02-19 19:00:00,user_001,19,0,6,True,0.0,0.0,55.55670904616219,55.55647681479887,5.0,0.0,0.0,0.0,10.0,0.5,-55.55670904616219,-55.55670904616219,0.0,0.0,55.55670904616219,55.55670904616219,0.0,414.51314074028863,11589.64262222668,207.25657037014432,Prosumer
2023-02-19 20:00:00,user_001,20,0,6,True,0.0,0.0,38.553889780958144,38.553425318231504,5.0,0.0,0.0,0.0,10.0,0.5,-38.553889780958144,-38.553889780958144,0.0,0.0,38.553889780958144,38.553889780958144,0.0,414.51314074028863,11628.196047544912,207.25657037014432,Prosumer
2023-02-19 21:00:00,user_001,21,0,6,True,0.0,0.0,39.67556726577594,39.67545115009429,5.0,0.0,0.0,0.0,10.0,0.5,-39.67556726577594,-39.67556726577594,0.0,0.0,39.67556726577594,39.67556726577594,0.0,414.51314074028863,11667.871498695007,207.25657037014432,Prosumer
2023-02-19 22:00:00,user_001,22,0,6,True,0.0,0.0,25.469974771716917,25.470323118761893,5.0,0.0,0.0,0.0,10.0,0.5,-25.469974771716917,-25.469974771716917,0.0,0.0,25.469974771716917,25.469974771716917,0.0,414.51314074028863,11693.341821813769,207.25657037014432,Prosumer
2023-02-19 23:00:00,user_001,23,0,6,True,0.0,0.0,30.10066815624425,30.100319809199277,5.0,0.0,0.0,0.0,10.0,0.5,-30.10066815624425,-30.10066815624425,0.0,0.0,30.10066815624425,30.10066815624425,0.0,414.51314074028863,11723.442141622967,207.25657037014432,Prosumer
2023-02-20 00:00:00,user_001,0,0,0,False,0.0,0.0,14.413439564227131,14.413091217182155,5.0,0.0,0.0,0.0,10.0,0.5,-14.413439564227131,-14.413439564227131,0.0,0.0,14.413439564227131,14.413439564227131,0.0,414.51314074028863,11737.85523284015,207.25657037014432,Prosumer
2023-02-20 01:00:00,user_001,1,0,0,False,0.0,0.0,14.088315655584287,14.088547886947605,5.0,0.0,0.0,0.0,10.0,0.5,-14.088315655584287,-14.088315655584287,0.0,0.0,14.088315655584287,14.088315655584287,0.0,414.51314074028863,11751.943780727097,207.25657037014432,Prosumer
2023-02-20 02:00:00,user_001,2,0,0,False,0.0,0.0,14.888352702208994,14.88812047084568,5.0,0.0,0.0,0.0,10.0,0.5,-14.888352702208994,-14.888352702208994,0.0,0.0,14.888352702208994,14.888352702208994,0.0,414.51314074028863,11766.831901197942,207.25657037014432,Prosumer
2023-02-20 03:00:00,user_001,3,0,0,False,0.0,0.0,17.49398859861806,17.494220829981373,5.0,0.0,0.0,0.0,10.0,0.5,-17.49398859861806,-17.49398859861806,0.0,0.0,17.49398859861806,17.49398859861806,0.0,414.51314074028863,11784.326122027924,207.25657037014432,Prosumer
2023-02-20 04:00:00,user_001,4,0,0,False,0.0,0.0,13.384654624735852,13.384306277690877,5.0,0.0,0.0,0.0,10.0,0.5,-13.384654624735852,-13.384654624735852,0.0,0.0,13.384654624735852,13.384654624735852,0.0,414.51314074028863,11797.710428305614,207.25657037014432,Prosumer
2023-02-20 05:00:00,user_001,5,0,0,False,0.0,0.0,14.89183617265874,14.891603941295424,5.0,0.0,0.0,0.0,10.0,0.5,-14.89183617265874,-14.89183617265874,0.0,0.0,14.89183617265874,14.89183617265874,0.0,414.51314074028863,11812.60203224691,207.25657037014432,Prosumer
2023-02-20 06:00:00,user_001,6,0,0,False,0.0,0.0,15.683745121567377,15.683861237249035,5.0,0.0,0.0,0.0,10.0,0.5,-15.683745121567377,-15.683745121567377,0.0,0.0,15.683745121567377,15.683745121567377,0.0,414.51314074028863,11828.285893484159,207.25657037014432,Prosumer
2023-02-20 07:00:00,user_001,7,0,0,False,0.4384023914372393,0.4384023914372393,15.284307176663313,15.284191060981657,5.0,0.0,0.0,0.0,10.0,0.5,-14.845904785226073,-14.845904785226073,0.0,0.0,14.845904785226073,14.845904785226073,0.21920119571861965,414.9515431317259,11843.570084545141,207.47577156586294,Prosumer
2023-02-20 08:00:00,user_001,8,0,0,False,1.9071029689859764,1.907418366389888,29.475965788923364,29.476546367331654,5.0,0.0,0.0,0.0,10.0,0.5,-27.568862819937387,-27.568862819937387,0.0,0.0,27.568862819937387,27.568862819937387,0.953709183194944,416.8589614981158,11873.046630912473,208.4294807490579,Prosumer
2023-02-20 09:00:00,user_001,9,0,0,False,3.2275667666962224,3.2277770316321637,28.50988331752749,28.510115548890806,5.0,0.0,0.0,0.0,10.0,0.5,-25.28231655083127,-25.28231655083127,0.0,0.0,25.28231655083127,25.28231655083127,1.6138885158160818,420.08673852974795,11901.556746461363,210.04336926487397,Prosumer
2023-02-20 10:00:00,user_001,10,0,0,False,4.049702666226009,4.049597533758039,26.70892909500946,26.708580747964486,5.0,0.0,0.0,0.0,10.0,0.5,-22.659226428783448,-22.659226428783448,0.0,0.0,22.659226428783448,22.659226428783448,2.0247987668790195,424.136336063506,11928.265327209328,212.068168031753,Prosumer
2023-02-20 11:00:00,user_001,11,0,0,False,4.978022358406063,4.978442888277946,32.62850654594235,32.62885489298732,5.0,0.0,0.0,0.0,10.0,0.5,-27.650484187536286,-27.650484187536286,0.0,0.0,27.650484187536286,27.650484187536286,2.489221444138973,429.11477895178393,11960.894182102316,214.55738947589197,Prosumer
2023-02-20 12:00:00,user_001,12,0,0,False,5.476350256586522,5.476139991650581,31.458060474828116,31.458408821873093,5.0,0.0,0.0,0.0,10.0,0.5,-25.981710218241595,-25.981710218241595,0.0,0.0,25.981710218241595,25.981710218241595,2.7380699958252905,434.59091894343453,11992.352590924189,217.29545947171727,Prosumer
2023-02-20 13:00:00,user_001,13,0,0,False,4.929661423139605,4.929871688075545,31.119002684386295,31.11923491574961,5.0,0.0,0.0,0.0,10.0,0.5,-26.18934126124669,-26.18934126124669,0.0,0.0,26.18934126124669,26.18934126124669,2.4649358440377727,439.52079063151007,12023.471825839939,219.76039531575503,Prosumer
2023-02-20 14:00:00,user_001,14,0,0,False,4.599545473712044,4.599650606180014,33.520274981077,33.51981051835037,5.0,0.0,0.0,0.0,10.0,0.5,-28.920729507364957,-28.920729507364957,0.0,0.0,28.920729507364957,28.920729507364957,2.299825303090007,444.1204412376901,12056.991636358289,222.06022061884505,Prosumer
2023-02-20 15:00:00,user_001,15,0,0,False,2.9321445316989463,2.9316188693590934,31.27459769780823,31.274365466444912,5.0,0.0,0.0,0.0,10.0,0.5,-28.342453166109284,-28.342453166109284,0.0,0.0,28.342453166109284,28.342453166109284,1.4658094346795467,447.0520601070492,12088.266001824733,223.5260300535246,Prosumer
2023-02-20 16:00:00,user_001,16,0,0,False,1.644271799059574,1.6438512691876919,27.39865624405892,27.398540128377263,5.0,0.0,0.0,0.0,10.0,0.5,-25.754384444999346,-25.754384444999346,0.0,0.0,25.754384444999346,25.754384444999346,0.8219256345938459,448.6959113762369,12115.66454195311,224.34795568811845,Prosumer
2023-02-20 17:00:00,user_001,17,0,0,False,0.08200332501703758,0.0822135899529787,29.07885015765246,29.07885015765246,5.0,0.0,0.0,0.0,10.0,0.5,-28.996846832635423,-28.996846832635423,0.0,0.0,28.996846832635423,28.996846832635423,0.04110679497648935,448.77812496618986,12144.743392110762,224.38906248309493,Prosumer
2023-02-20 18:00:00,user_001,18,0,0,False,0.0,0.0,57.101047612215694,57.101163727897344,5.0,0.0,0.0,0.0,10.0,0.5,-57.101047612215694,-57.101047612215694,0.0,0.0,57.101047612215694,57.101047612215694,0.0,448.77812496618986,12201.84455583866,224.38906248309493,Prosumer
2023-02-20 19:00:00,user_001,19,0,0,False,0.0,0.0,46.74468996512459,46.74527054353288,5.0,0.0,0.0,0.0,10.0,0.5,-46.74468996512459,-46.74468996512459,0.0,0.0,46.74468996512459,46.74468996512459,0.0,448.77812496618986,12248.589826382193,224.38906248309493,Prosumer
2023-02-20 20:00:00,user_001,20,0,0,False,0.0,0.0,45.523152994080775,45.523152994080775,5.0,0.0,0.0,0.0,10.0,0.5,-45.523152994080775,-45.523152994080775,0.0,0.0,45.523152994080775,45.523152994080775,0.0,448.77812496618986,12294.112979376274,224.38906248309493,Prosumer
2023-02-20 21:00:00,user_001,21,0,0,False,0.0,0.0,41.82022390600212,41.8205722530471,5.0,0.0,0.0,0.0,10.0,0.5,-41.82022390600212,-41.82022390600212,0.0,0.0,41.82022390600212,41.82022390600212,0.0,448.77812496618986,12335.933551629321,224.38906248309493,Prosumer
2023-02-20 22:00:00,user_001,22,0,0,False,0.0,0.0,26.311813463738563,26.31192957942022,5.0,0.0,0.0,0.0,10.0,0.5,-26.311813463738563,-26.311813463738563,0.0,0.0,26.311813463738563,26.311813463738563,0.0,448.77812496618986,12362.245481208742,224.38906248309493,Prosumer
2023-02-20 23:00:00,user_001,23,0,0,False,0.0,0.0,33.823336910204794,33.82345302588645,5.0,0.0,0.0,0.0,10.0,0.5,-33.823336910204794,-33.823336910204794,0.0,0.0,33.823336910204794,33.823336910204794,0.0,448.77812496618986,12396.068934234629,224.38906248309493,Prosumer
2023-02-21 00:00:00,user_001,0,0,1,False,0.0,0.0,14.933637818055677,14.933637818055677,5.0,0.0,0.0,0.0,10.0,0.5,-14.933637818055677,-14.933637818055677,0.0,0.0,14.933637818055677,14.933637818055677,0.0,448.77812496618986,12411.002572052685,224.38906248309493,Prosumer
2023-02-21 01:00:00,user_001,1,0,1,False,0.0,0.0,13.96407187621006,13.963955760528401,5.0,0.0,0.0,0.0,10.0,0.5,-13.96407187621006,-13.96407187621006,0.0,0.0,13.96407187621006,13.96407187621006,0.0,448.77812496618986,12424.966527813212,224.38906248309493,Prosumer
2023-02-21 02:00:00,user_001,2,0,1,False,0.0,0.0,12.719311768834608,12.719195653152951,5.0,0.0,0.0,0.0,10.0,0.5,-12.719311768834608,-12.719311768834608,0.0,0.0,12.719311768834608,12.719311768834608,0.0,448.77812496618986,12437.685723466366,224.38906248309493,Prosumer
2023-02-21 03:00:00,user_001,3,0,1,False,0.0,0.0,16.109889673252816,16.110005788934476,5.0,0.0,0.0,0.0,10.0,0.5,-16.109889673252816,-16.109889673252816,0.0,0.0,16.109889673252816,16.109889673252816,0.0,448.77812496618986,12453.7957292553,224.38906248309493,Prosumer
2023-02-21 04:00:00,user_001,4,0,1,False,0.0,0.0,14.134761928247551,14.13487804392921,5.0,0.0,0.0,0.0,10.0,0.5,-14.134761928247551,-14.134761928247551,0.0,0.0,14.134761928247551,14.134761928247551,0.0,448.77812496618986,12467.93060729923,224.38906248309493,Prosumer
2023-02-21 05:00:00,user_001,5,0,1,False,0.0,0.0,13.04443567747745,13.043971214750815,5.0,0.0,0.0,0.0,10.0,0.5,-13.04443567747745,-13.04443567747745,0.0,0.0,13.04443567747745,13.04443567747745,0.0,448.77812496618986,12480.97457851398,224.38906248309493,Prosumer
2023-02-21 06:00:00,user_001,6,0,1,False,0.0,0.0,15.401584015138052,15.40170013081971,5.0,0.0,0.0,0.0,10.0,0.5,-15.401584015138052,-15.401584015138052,0.0,0.0,15.401584015138052,15.401584015138052,0.0,448.77812496618986,12496.3762786448,224.38906248309493,Prosumer
2023-02-21 07:00:00,user_001,7,0,1,False,0.5698179764004406,0.5695025789965289,14.60503043896309,14.60503043896309,5.0,0.0,0.0,0.0,10.0,0.5,-14.035212462562649,-14.035212462562649,0.0,0.0,14.035212462562649,14.035212462562649,0.28475128949826445,449.3476275451864,12510.981309083763,224.6738137725932,Prosumer
2023-02-21 08:00:00,user_001,8,0,1,False,2.193063281865902,2.1929581493979318,32.24648595328701,32.24625372192369,5.0,0.0,0.0,0.0,10.0,0.5,-30.053422671421103,-30.053422671421103,0.0,0.0,30.053422671421103,30.053422671421103,1.0964790746989659,451.54058569458437,12543.227562805687,225.77029284729218,Prosumer
2023-02-21 09:00:00,user_001,9,0,1,False,3.7395618857128543,3.7398772831167664,32.420659475774244,32.420311128729274,5.0,0.0,0.0,0.0,10.0,0.5,-28.68109759006139,-28.68109759006139,0.0,0.0,28.68109759006139,28.68109759006139,1.8699386415583832,455.2804629777011,12575.647873934417,227.64023148885056,Prosumer
2023-02-21 10:00:00,user_001,10,0,1,False,4.384023914372394,4.384339311776305,27.56818513927983,27.568417370643147,5.0,0.0,0.0,0.0,10.0,0.5,-23.184161224907434,-23.184161224907434,0.0,0.0,23.184161224907434,23.184161224907434,2.1921696558881525,459.66480228947745,12603.21629130506,229.83240114473872,Prosumer
2023-02-21 11:00:00,user_001,11,0,1,False,4.8234776304893385,4.823793027893251,31.127130782102366,31.127246897784023,5.0,0.0,0.0,0.0,10.0,0.5,-26.303653151613027,-26.303653151613027,0.0,0.0,26.303653151613027,26.303653151613027,2.4118965139466253,464.4885953173707,12634.343538202844,232.24429765868535,Prosumer
2023-02-21 12:00:00,user_001,12,0,1,False,5.224032333457176,5.224452863329058,28.76185434672569,28.76197046240735,5.0,0.0,0.0,0.0,10.0,0.5,-23.537822013268517,-23.537822013268517,0.0,0.0,23.537822013268517,23.537822013268517,2.612226431664529,469.7130481806998,12663.10550866525,234.8565240903499,Prosumer
2023-02-21 13:00:00,user_001,13,0,1,False,4.1790156018298,4.179225866765741,26.545205983871462,26.544857636826485,5.0,0.0,0.0,0.0,10.0,0.5,-22.366190382041662,-22.366190382041662,0.0,0.0,22.366190382041662,22.366190382041662,2.0896129333828704,473.89227404746555,12689.650366302078,236.94613702373277,Prosumer
2023-02-21 14:00:00,user_001,14,0,1,False,3.6081463007496533,3.6077257708777712,26.422123361313812,26.421542782905522,5.0,0.0,0.0,0.0,10.0,0.5,-22.81397706056416,-22.81397706056416,0.0,0.0,22.81397706056416,22.81397706056416,1.8038628854388856,477.4999998183433,12716.071909084983,238.74999990917166,Prosumer
2023-02-21 15:00:00,user_001,15,0,1,False,2.957376324011881,2.9576917214157925,26.912131537911236,26.912131537911236,5.0,0.0,0.0,0.0,10.0,0.5,-23.954755213899354,-23.954755213899354,0.0,0.0,23.954755213899354,23.954755213899354,1.4788458607078963,480.45769153975914,12742.984040622894,240.22884576987957,Prosumer
2023-02-21 16:00:00,user_001,16,0,1,False,1.6179886820669336,1.617673284663022,27.143201744410973,27.143085628729317,5.0,0.0,0.0,0.0,10.0,0.5,-25.52521306234404,-25.52521306234404,0.0,0.0,25.52521306234404,25.52521306234404,0.808836642331511,482.07536482442214,12770.127126251624,241.03768241221107,Prosumer
2023-02-21 17:00:00,user_001,17,0,1,False,0.10408114329085538,0.10397601082288482,29.747676484003453,29.747560368321793,5.0,0.0,0.0,0.0,10.0,0.5,-29.643595340712597,-29.643595340712597,0.0,0.0,29.643595340712597,29.643595340712597,0.05198800541144241,482.179340835245,12799.874686619945,241.0896704176225,Prosumer
2023-02-21 18:00:00,user_001,18,0,1,False,0.0,0.0,59.284022427389054,59.28344184898077,5.0,0.0,0.0,0.0,10.0,0.5,-59.284022427389054,-59.284022427389054,0.0,0.0,59.284022427389054,59.284022427389054,0.0,482.179340835245,12859.158128468925,241.0896704176225,Prosumer
2023-02-21 19:00:00,user_001,19,0,1,False,0.0,0.0,45.73332237788204,45.73297403083706,5.0,0.0,0.0,0.0,10.0,0.5,-45.73332237788204,-45.73332237788204,0.0,0.0,45.73332237788204,45.73332237788204,0.0,482.179340835245,12904.891102499763,241.0896704176225,Prosumer
2023-02-21 20:00:00,user_001,20,0,1,False,0.0,0.0,45.863371941339174,45.86360417270249,5.0,0.0,0.0,0.0,10.0,0.5,-45.863371941339174,-45.863371941339174,0.0,0.0,45.863371941339174,45.863371941339174,0.0,482.179340835245,12950.754706672466,241.0896704176225,Prosumer
2023-02-21 21:00:00,user_001,21,0,1,False,0.0,0.0,40.921488529967974,40.92206910837627,5.0,0.0,0.0,0.0,10.0,0.5,-40.921488529967974,-40.921488529967974,0.0,0.0,40.921488529967974,40.921488529967974,0.0,482.179340835245,12991.676775780841,241.0896704176225,Prosumer
2023-02-21 22:00:00,user_001,22,0,1,False,0.0,0.0,27.064243080883426,27.0645914279284,5.0,0.0,0.0,0.0,10.0,0.5,-27.064243080883426,-27.064243080883426,0.0,0.0,27.064243080883426,27.064243080883426,0.0,482.179340835245,13018.74136720877,241.0896704176225,Prosumer
2023-02-21 23:00:00,user_001,23,0,1,False,0.0,0.0,29.647816997777436,29.647352535050803,5.0,0.0,0.0,0.0,10.0,0.5,-29.647816997777436,-29.647816997777436,0.0,0.0,29.647816997777436,29.647816997777436,0.0,482.179340835245,13048.38871974382,241.0896704176225,Prosumer
2023-02-22 00:00:00,user_001,0,0,2,False,0.0,0.0,16.1865260231472,16.186293791783886,5.0,0.0,0.0,0.0,10.0,0.5,-16.1865260231472,-16.1865260231472,0.0,0.0,16.1865260231472,16.1865260231472,0.0,482.179340835245,13064.575013535603,241.0896704176225,Prosumer
2023-02-22 01:00:00,user_001,1,0,2,False,0.0,0.0,14.441307327825088,14.440842865098457,5.0,0.0,0.0,0.0,10.0,0.5,-14.441307327825088,-14.441307327825088,0.0,0.0,14.441307327825088,14.441307327825088,0.0,482.179340835245,13079.015856400702,241.0896704176225,Prosumer
2023-02-22 02:00:00,user_001,2,0,2,False,0.0,0.0,16.021641755192615,16.02152563951096,5.0,0.0,0.0,0.0,10.0,0.5,-16.021641755192615,-16.021641755192615,0.0,0.0,16.021641755192615,16.021641755192615,0.0,482.179340835245,13095.037382040213,241.0896704176225,Prosumer
2023-02-22 03:00:00,user_001,3,0,2,False,0.0,0.0,15.767348412361251,15.767116180997933,5.0,0.0,0.0,0.0,10.0,0.5,-15.767348412361251,-15.767348412361251,0.0,0.0,15.767348412361251,15.767348412361251,0.0,482.179340835245,13110.80449822121,241.0896704176225,Prosumer
2023-02-22 04:00:00,user_001,4,0,2,False,0.0,0.0,15.438741033268663,15.438741033268663,5.0,0.0,0.0,0.0,10.0,0.5,-15.438741033268663,-15.438741033268663,0.0,0.0,15.438741033268663,15.438741033268663,0.0,482.179340835245,13126.24323925448,241.0896704176225,Prosumer
2023-02-22 05:00:00,user_001,5,0,2,False,0.0,0.0,17.61474890754254,17.614516676179225,5.0,0.0,0.0,0.0,10.0,0.5,-17.61474890754254,-17.61474890754254,0.0,0.0,17.61474890754254,17.61474890754254,0.0,482.179340835245,13143.85775593066,241.0896704176225,Prosumer
2023-02-22 06:00:00,user_001,6,0,2,False,0.0,0.0,15.912493014433949,15.912841361478922,5.0,0.0,0.0,0.0,10.0,0.5,-15.912493014433949,-15.912493014433949,0.0,0.0,15.912493014433949,15.912493014433949,0.0,482.179340835245,13159.770597292138,241.0896704176225,Prosumer
2023-02-22 07:00:00,user_001,7,0,2,False,0.5267136645325106,0.5268187970004812,16.079699596021698,16.07935124897672,5.0,0.0,0.0,0.0,10.0,0.5,-15.552985931489188,-15.552985931489188,0.0,0.0,15.552985931489188,15.552985931489188,0.2634093985002406,482.7061596322455,13175.849948541114,241.35307981612274,Prosumer
2023-02-22 08:00:00,user_001,8,0,2,False,2.094238761973575,2.094028497037634,26.15854076394979,26.15865687963145,5.0,0.0,0.0,0.0,10.0,0.5,-24.064302001976216,-24.064302001976216,0.0,0.0,24.064302001976216,24.064302001976216,1.047014248518817,484.80018812928313,13202.008605420746,242.40009406464156,Prosumer
2023-02-22 09:00:00,user_001,9,0,2,False,3.721689366157859,3.722004763561771,29.759288052169268,29.75893970512429,5.0,0.0,0.0,0.0,10.0,0.5,-26.037598686011407,-26.037598686011407,0.0,0.0,26.037598686011407,26.037598686011407,1.8610023817808854,488.5221928928449,13231.767545125871,244.26109644642244,Prosumer
2023-02-22 10:00:00,user_001,10,0,2,False,4.589032226914988,4.5893476243189,33.98938233497596,33.98984679770259,5.0,0.0,0.0,0.0,10.0,0.5,-29.40035010806097,-29.40035010806097,0.0,0.0,29.40035010806097,29.40035010806097,2.29467381215945,493.1115405171638,13265.757391923573,246.5557702585819,Prosumer
2023-02-22 11:00:00,user_001,11,0,2,False,4.409255706685328,4.40957110408924,26.322263875087796,26.322612222132772,5.0,0.0,0.0,0.0,10.0,0.5,-21.913008168402467,-21.913008168402467,0.0,0.0,21.913008168402467,21.913008168402467,2.20478555204462,497.52111162125306,13292.080004145706,248.76055581062653,Prosumer
2023-02-22 12:00:00,user_001,12,0,2,False,5.083154826376624,5.082629164036772,26.564945649753348,26.56459730270837,5.0,0.0,0.0,0.0,10.0,0.5,-21.481790823376723,-21.481790823376723,0.0,0.0,21.481790823376723,21.481790823376723,2.541314582018386,502.6037407852898,13318.644601448414,251.3018703926449,Prosumer
2023-02-22 13:00:00,user_001,13,0,2,False,4.217914614978906,4.217704350042966,32.72023793445229,32.72058628149727,5.0,0.0,0.0,0.0,10.0,0.5,-28.502323319473387,-28.502323319473387,0.0,0.0,28.502323319473387,28.502323319473387,2.108852175021483,506.8214451353328,13351.36518772991,253.4107225676664,Prosumer
2023-02-22 14:00:00,user_001,14,0,2,False,3.9224923799816307,3.9225975124496015,27.9734288682668,27.972964405540168,5.0,0.0,0.0,0.0,10.0,0.5,-24.05093648828517,-24.05093648828517,0.0,0.0,24.05093648828517,24.05093648828517,1.9612987562248008,510.7440426477824,13379.338152135451,255.3720213238912,Prosumer
2023-02-22 15:00:00,user_001,15,0,2,False,3.3053647929944376,3.305049395590526,33.73044436487827,33.730792711923236,5.0,0.0,0.0,0.0,10.0,0.5,-30.425079571883828,-30.425079571883828,0.0,0.0,30.425079571883828,30.425079571883828,1.652524697795263,514.049092043373,13413.068944847375,257.0245460216865,Prosumer
2023-02-22 16:00:00,user_001,16,0,2,False,1.3425416159840637,1.3422262185801521,27.629726450558657,27.629494219195337,5.0,0.0,0.0,0.0,10.0,0.5,-26.287184834574592,-26.287184834574592,0.0,0.0,26.287184834574592,26.287184834574592,0.6711131092900761,515.3913182619532,13440.698439066571,257.6956591309766,Prosumer
2023-02-22 17:00:00,user_001,17,0,2,False,0.11038909136908905,0.11017882643314793,27.468325653053814,27.468906231462107,5.0,0.0,0.0,0.0,10.0,0.5,-27.357936561684724,-27.357936561684724,0.0,0.0,27.357936561684724,27.357936561684724,0.055089413216573964,515.5014970883864,13468.167345298034,257.7507485441932,Prosumer
2023-02-22 18:00:00,user_001,18,0,2,False,0.0,0.0,65.14205856704312,65.14171021999815,5.0,0.0,0.0,0.0,10.0,0.5,-65.14205856704312,-65.14205856704312,0.0,0.0,65.14205856704312,65.14205856704312,0.0,515.5014970883864,13533.309055518032,257.7507485441932,Prosumer
2023-02-22 19:00:00,user_001,19,0,2,False,0.0,0.0,44.24239702539129,44.24193256266466,5.0,0.0,0.0,0.0,10.0,0.5,-44.24239702539129,-44.24239702539129,0.0,0.0,44.24239702539129,44.24239702539129,0.0,515.5014970883864,13577.550988080697,257.7507485441932,Prosumer
2023-02-22 20:00:00,user_001,20,0,2,False,0.0,0.0,42.2753973781021,42.27528126242044,5.0,0.0,0.0,0.0,10.0,0.5,-42.2753973781021,-42.2753973781021,0.0,0.0,42.2753973781021,42.2753973781021,0.0,515.5014970883864,13619.826269343117,257.7507485441932,Prosumer
2023-02-22 21:00:00,user_001,21,0,2,False,0.0,0.0,39.56525736820069,39.564792905474064,5.0,0.0,0.0,0.0,10.0,0.5,-39.56525736820069,-39.56525736820069,0.0,0.0,39.56525736820069,39.56525736820069,0.0,515.5014970883864,13659.391062248591,257.7507485441932,Prosumer
2023-02-22 22:00:00,user_001,22,0,2,False,0.0,0.0,31.1062299594039,31.106462190767218,5.0,0.0,0.0,0.0,10.0,0.5,-31.1062299594039,-31.1062299594039,0.0,0.0,31.1062299594039,31.1062299594039,0.0,515.5014970883864,13690.497524439359,257.7507485441932,Prosumer
2023-02-22 23:00:00,user_001,23,0,2,False,0.0,0.0,33.53769233332572,33.537576217644066,5.0,0.0,0.0,0.0,10.0,0.5,-33.53769233332572,-33.53769233332572,0.0,0.0,33.53769233332572,33.53769233332572,0.0,515.5014970883864,13724.035100657004,257.7507485441932,Prosumer
2023-02-23 00:00:00,user_001,0,0,3,False,0.0,0.0,15.088071674661027,15.088652253069318,5.0,0.0,0.0,0.0,10.0,0.5,-15.088071674661027,-15.088071674661027,0.0,0.0,15.088071674661027,15.088071674661027,0.0,515.5014970883864,13739.123752910073,257.7507485441932,Prosumer
2023-02-23 01:00:00,user_001,1,0,3,False,0.0,0.0,16.923860601676502,16.92409283303982,5.0,0.0,0.0,0.0,10.0,0.5,-16.923860601676502,-16.923860601676502,0.0,0.0,16.923860601676502,16.923860601676502,0.0,515.5014970883864,13756.047845743113,257.7507485441932,Prosumer
2023-02-23 02:00:00,user_001,2,0,3,False,0.0,0.0,14.26597264852127,14.265624301476295,5.0,0.0,0.0,0.0,10.0,0.5,-14.26597264852127,-14.26597264852127,0.0,0.0,14.26597264852127,14.26597264852127,0.0,515.5014970883864,13770.31347004459,257.7507485441932,Prosumer
2023-02-23 03:00:00,user_001,3,0,3,False,0.0,0.0,13.888596683132258,13.888945030177231,5.0,0.0,0.0,0.0,10.0,0.5,-13.888596683132258,-13.888596683132258,0.0,0.0,13.888596683132258,13.888596683132258,0.0,515.5014970883864,13784.202415074767,257.7507485441932,Prosumer
2023-02-23 04:00:00,user_001,4,0,3,False,0.0,0.0,17.36393903516092,17.363590688115945,5.0,0.0,0.0,0.0,10.0,0.5,-17.36393903516092,-17.36393903516092,0.0,0.0,17.36393903516092,17.36393903516092,0.0,515.5014970883864,13801.566005762883,257.7507485441932,Prosumer
2023-02-23 05:00:00,user_001,5,0,3,False,0.0,0.0,13.42877858376595,13.428546352402636,5.0,0.0,0.0,0.0,10.0,0.5,-13.42877858376595,-13.42877858376595,0.0,0.0,13.42877858376595,13.42877858376595,0.0,515.5014970883864,13814.994552115286,257.7507485441932,Prosumer
2023-02-23 06:00:00,user_001,6,0,3,False,0.0,0.0,13.499609149577427,13.499028571169138,5.0,0.0,0.0,0.0,10.0,0.5,-13.499609149577427,-13.499609149577427,0.0,0.0,13.499609149577427,13.499609149577427,0.0,515.5014970883864,13828.493580686454,257.7507485441932,Prosumer
2023-02-23 07:00:00,user_001,7,0,3,False,0.4730961058675245,0.47320123833549504,14.88370807494267,14.88370807494267,5.0,0.0,0.0,0.0,10.0,0.5,-14.410611969075145,-14.410611969075145,0.0,0.0,14.410611969075145,14.410611969075145,0.23660061916774752,515.9746983267219,13843.377288761398,257.98734916336093,Prosumer
2023-02-23 08:00:00,user_001,8,0,3,False,1.7262751240766114,1.726380256544582,33.702576601280306,33.70234436991699,5.0,0.0,0.0,0.0,10.0,0.5,-31.976301477203695,-31.976301477203695,0.0,0.0,31.976301477203695,31.976301477203695,0.863190128272291,517.7010785832664,13877.079633131314,258.8505392916332,Prosumer
2023-02-23 09:00:00,user_001,9,0,3,False,3.245439286251218,3.245439286251218,31.980581042289828,31.98104550501646,5.0,0.0,0.0,0.0,10.0,0.5,-28.735141756038608,-28.735141756038608,0.0,0.0,28.735141756038608,28.735141756038608,1.622719643125609,520.9465178695176,13909.06067863633,260.4732589347588,Prosumer
2023-02-23 10:00:00,user_001,10,0,3,False,4.618469317946745,4.618259053010804,27.462519868970904,27.46217152192593,5.0,0.0,0.0,0.0,10.0,0.5,-22.84405055102416,-22.84405055102416,0.0,0.0,22.84405055102416,22.84405055102416,2.309129526505402,525.5647769225284,13936.522850158255,262.7823884612642,Prosumer
2023-02-23 11:00:00,user_001,11,0,3,False,5.198800541144242,5.199221071016123,32.972208963650495,32.971860616605525,5.0,0.0,0.0,0.0,10.0,0.5,-27.773408422506254,-27.773408422506254,0.0,0.0,27.773408422506254,27.773408422506254,2.5996105355080616,530.7639979935445,13969.494710774861,265.38199899677227,Prosumer
2023-02-23 12:00:00,user_001,12,0,3,False,3.787922820979313,3.787922820979313,30.676601937268714,30.676718052950374,5.0,0.0,0.0,0.0,10.0,0.5,-26.888679116289403,-26.888679116289403,0.0,0.0,26.888679116289403,26.888679116289403,1.8939614104896565,534.5519208145239,14000.17142882781,267.27596040726195,Prosumer
2023-02-23 13:00:00,user_001,13,0,3,False,3.6260188203046484,3.6258085553687076,26.004106907344443,26.004571370071076,5.0,0.0,0.0,0.0,10.0,0.5,-22.378088087039796,-22.378088087039796,0.0,0.0,22.378088087039796,22.378088087039796,1.8129042776843538,538.1777293698926,14026.176000197882,269.0888646849463,Prosumer
2023-02-23 14:00:00,user_001,14,0,3,False,3.811051963932836,3.810526301592983,26.38264402955004,26.382760145231696,5.0,0.0,0.0,0.0,10.0,0.5,-22.571592065617203,-22.571592065617203,0.0,0.0,22.571592065617203,22.571592065617203,1.9052631507964914,541.9882556714856,14052.558760343114,270.9941278357428,Prosumer
2023-02-23 15:00:00,user_001,15,0,3,False,2.7187256217187072,2.718620489250737,27.534511591598964,27.53474382296228,5.0,0.0,0.0,0.0,10.0,0.5,-24.815785969880256,-24.815785969880256,0.0,0.0,24.815785969880256,24.815785969880256,1.3593102446253684,544.7068761607363,14080.093504166076,272.35343808036816,Prosumer
2023-02-23 16:00:00,user_001,16,0,3,False,0.8852153803121235,0.8848999829082119,28.505238690261162,28.505238690261162,5.0,0.0,0.0,0.0,10.0,0.5,-27.62002330994904,-27.62002330994904,0.0,0.0,27.62002330994904,27.62002330994904,0.44244999145410596,545.5917761436446,14108.598742856337,272.7958880718223,Prosumer
2023-02-23 17:00:00,user_001,17,0,3,False,0.07779802629821513,0.07811342370212683,28.66431717413284,28.66489775254113,5.0,0.0,0.0,0.0,10.0,0.5,-28.586519147834625,-28.586519147834625,0.0,0.0,28.586519147834625,28.586519147834625,0.039056711851063415,545.6698895673467,14137.263640608879,272.83494478367334,Prosumer
2023-02-23 18:00:00,user_001,18,0,3,False,0.0,0.0,69.58464454728424,69.5841800845576,5.0,0.0,0.0,0.0,10.0,0.5,-69.58464454728424,-69.58464454728424,0.0,0.0,69.58464454728424,69.58464454728424,0.0,545.6698895673467,14206.847820693436,272.83494478367334,Prosumer
2023-02-23 19:00:00,user_001,19,0,3,False,0.0,0.0,64.48368265204137,64.48321818931473,5.0,0.0,0.0,0.0,10.0,0.5,-64.48368265204137,-64.48368265204137,0.0,0.0,64.48368265204137,64.48368265204137,0.0,545.6698895673467,14271.33103888275,272.83494478367334,Prosumer
2023-02-23 20:00:00,user_001,20,0,3,False,0.0,0.0,43.95443013487906,43.95419790351575,5.0,0.0,0.0,0.0,10.0,0.5,-43.95443013487906,-43.95443013487906,0.0,0.0,43.95443013487906,43.95443013487906,0.0,545.6698895673467,14315.285236786267,272.83494478367334,Prosumer
2023-02-23 21:00:00,user_001,21,0,3,False,0.0,0.0,40.69157948028482,40.691463364603166,5.0,0.0,0.0,0.0,10.0,0.5,-40.69157948028482,-40.69157948028482,0.0,0.0,40.69157948028482,40.69157948028482,0.0,545.6698895673467,14355.97670015087,272.83494478367334,Prosumer
2023-02-23 22:00:00,user_001,22,0,3,False,0.0,0.0,30.00196982683482,30.001737595471504,5.0,0.0,0.0,0.0,10.0,0.5,-30.00196982683482,-30.00196982683482,0.0,0.0,30.00196982683482,30.00196982683482,0.0,545.6698895673467,14385.978437746342,272.83494478367334,Prosumer
2023-02-23 23:00:00,user_001,23,0,3,False,0.0,0.0,29.84985828386263,29.849626052499318,5.0,0.0,0.0,0.0,10.0,0.5,-29.84985828386263,-29.84985828386263,0.0,0.0,29.84985828386263,29.84985828386263,0.0,545.6698895673467,14415.828063798841,272.83494478367334,Prosumer
2023-02-24 00:00:00,user_001,0,0,4,False,0.0,0.0,17.08293908554818,17.08293908554818,5.0,0.0,0.0,0.0,10.0,0.5,-17.08293908554818,-17.08293908554818,0.0,0.0,17.08293908554818,17.08293908554818,0.0,545.6698895673467,14432.91100288439,272.83494478367334,Prosumer
2023-02-24 01:00:00,user_001,1,0,4,False,0.0,0.0,15.364426997007442,15.364775344052418,5.0,0.0,0.0,0.0,10.0,0.5,-15.364426997007442,-15.364426997007442,0.0,0.0,15.364426997007442,15.364426997007442,0.0,545.6698895673467,14448.275778228443,272.83494478367334,Prosumer
2023-02-24 02:00:00,user_001,2,0,4,False,0.0,0.0,13.777125628740425,13.776545050332134,5.0,0.0,0.0,0.0,10.0,0.5,-13.777125628740425,-13.777125628740425,0.0,0.0,13.777125628740425,13.777125628740425,0.0,545.6698895673467,14462.052323278775,272.83494478367334,Prosumer
2023-02-24 03:00:00,user_001,3,0,4,False,0.0,0.0,13.542571951790947,13.54233972042763,5.0,0.0,0.0,0.0,10.0,0.5,-13.542571951790947,-13.542571951790947,0.0,0.0,13.542571951790947,13.542571951790947,0.0,545.6698895673467,14475.594662999201,272.83494478367334,Prosumer
2023-02-24 04:00:00,user_001,4,0,4,False,0.0,0.0,18.374145465586892,18.373681002860263,5.0,0.0,0.0,0.0,10.0,0.5,-18.374145465586892,-18.374145465586892,0.0,0.0,18.374145465586892,18.374145465586892,0.0,545.6698895673467,14493.968344002062,272.83494478367334,Prosumer
2023-02-24 05:00:00,user_001,5,0,4,False,0.0,0.0,15.219282394934744,15.219398510616404,5.0,0.0,0.0,0.0,10.0,0.5,-15.219282394934744,-15.219282394934744,0.0,0.0,15.219282394934744,15.219282394934744,0.0,545.6698895673467,14509.187742512679,272.83494478367334,Prosumer
2023-02-24 06:00:00,user_001,6,0,4,False,0.0,0.0,13.697005808396296,13.696889692714638,5.0,0.0,0.0,0.0,10.0,0.5,-13.697005808396296,-13.697005808396296,0.0,0.0,13.697005808396296,13.697005808396296,0.0,545.6698895673467,14522.884632205392,272.83494478367334,Prosumer
2023-02-24 07:00:00,user_001,7,0,4,False,0.5162004177354544,0.5165158151393662,15.864885584954104,15.864305006545813,5.0,0.0,0.0,0.0,10.0,0.5,-15.34868516721865,-15.34868516721865,0.0,0.0,15.34868516721865,15.34868516721865,0.2582579075696831,546.186405382486,14538.748937211938,273.093202691243,Prosumer
2023-02-24 08:00:00,user_001,8,0,4,False,1.949155956174201,1.9487354263023184,32.67611397542219,32.676230091103854,5.0,0.0,0.0,0.0,10.0,0.5,-30.726958019247988,-30.726958019247988,0.0,0.0,30.726958019247988,30.726958019247988,0.9743677131511592,548.1351408087883,14571.425167303041,274.06757040439413,Prosumer
2023-02-24 09:00:00,user_001,9,0,4,False,3.4746280664270413,3.474838331362982,24.78605340675037,24.78663398515866,5.0,0.0,0.0,0.0,10.0,0.5,-21.31142534032333,-21.31142534032333,0.0,0.0,21.31142534032333,21.31142534032333,1.737419165681491,551.6099791401513,14596.2118012882,275.80498957007563,Prosumer
2023-02-24 10:00:00,user_001,10,0,4,False,3.919338405942514,3.9195486708784553,29.213544348375926,29.21377657973924,5.0,0.0,0.0,0.0,10.0,0.5,-25.29420594243341,-25.29420594243341,0.0,0.0,25.29420594243341,25.29420594243341,1.9597743354392276,555.5295278110298,14625.42557786794,277.7647639055149,Prosumer
2023-02-24 11:00:00,user_001,11,0,4,False,4.802451136895225,4.802871666767108,31.102746488954157,31.10228202622752,5.0,0.0,0.0,0.0,10.0,0.5,-26.30029535205893,-26.30029535205893,0.0,0.0,26.30029535205893,26.30029535205893,2.401435833383554,560.3323994777969,14656.527859894168,280.16619973889846,Prosumer
2023-02-24 12:00:00,user_001,12,0,4,False,5.099976021251914,5.100291418655826,26.225887859311523,26.225887859311523,5.0,0.0,0.0,0.0,10.0,0.5,-21.125911838059608,-21.125911838059608,0.0,0.0,21.125911838059608,21.125911838059608,2.550145709327913,565.4326908964528,14682.753747753479,282.7163454482264,Prosumer
2023-02-24 13:00:00,user_001,13,0,4,False,4.787732591379348,4.787627458911377,33.915068298714736,33.9151844143964,5.0,0.0,0.0,0.0,10.0,0.5,-29.127335707335387,-29.127335707335387,0.0,0.0,29.127335707335387,29.127335707335387,2.3938137294556885,570.2203183553642,14716.668932167875,285.1101591776821,Prosumer
2023-02-24 14:00:00,user_001,14,0,4,False,4.139065264000986,4.138749866597075,30.396763144472555,30.3966470287909,5.0,0.0,0.0,0.0,10.0,0.5,-26.257697880471568,-26.257697880471568,0.0,0.0,26.257697880471568,26.257697880471568,2.0693749332985374,574.3590682219613,14747.065579196666,287.1795341109806,Prosumer
2023-02-24 15:00:00,user_001,15,0,4,False,2.9552736746524695,2.9556942045243515,31.1817051524817,31.182053499526674,5.0,0.0,0.0,0.0,10.0,0.5,-28.22643147782923,-28.22643147782923,0.0,0.0,28.22643147782923,28.22643147782923,1.4778471022621757,577.3147624264856,14778.247632696191,288.6573812132428,Prosumer
2023-02-24 16:00:00,user_001,16,0,4,False,1.501291642619611,1.501501907555552,32.97685359091682,32.97650524387185,5.0,0.0,0.0,0.0,10.0,0.5,-31.475561948297205,-31.475561948297205,0.0,0.0,31.475561948297205,31.475561948297205,0.750750953777776,578.8162643340411,14811.224137940064,289.40813216702054,Prosumer
2023-02-24 17:00:00,user_001,17,0,4,False,0.16505797471378075,0.1652682396497219,31.56140343150388,31.561751778548853,5.0,0.0,0.0,0.0,10.0,0.5,-31.3963454567901,-31.3963454567901,0.0,0.0,31.3963454567901,31.3963454567901,0.08263411982486095,578.9815325736909,14842.785889718612,289.4907662868454,Prosumer
2023-02-24 18:00:00,user_001,18,0,4,False,0.0,0.0,64.065666198072,64.06578231375366,5.0,0.0,0.0,0.0,10.0,0.5,-64.065666198072,-64.065666198072,0.0,0.0,64.065666198072,64.065666198072,0.0,578.9815325736909,14906.851672032366,289.4907662868454,Prosumer
2023-02-24 19:00:00,user_001,19,0,4,False,0.0,0.0,55.76920074359662,55.768852396551644,5.0,0.0,0.0,0.0,10.0,0.5,-55.76920074359662,-55.76920074359662,0.0,0.0,55.76920074359662,55.76920074359662,0.0,578.9815325736909,14962.620524428918,289.4907662868454,Prosumer
2023-02-24 20:00:00,user_001,20,0,4,False,0.0,0.0,43.377335197038015,43.37687073431138,5.0,0.0,0.0,0.0,10.0,0.5,-43.377335197038015,-43.377335197038015,0.0,0.0,43.377335197038015,43.377335197038015,0.0,578.9815325736909,15005.99739516323,289.4907662868454,Prosumer
2023-02-24 21:00:00,user_001,21,0,4,False,0.0,0.0,47.70612780925414,47.705547230845845,5.0,0.0,0.0,0.0,10.0,0.5,-47.70612780925414,-47.70612780925414,0.0,0.0,47.70612780925414,47.70612780925414,0.0,578.9815325736909,15053.702942394075,289.4907662868454,Prosumer
2023-02-24 22:00:00,user_001,22,0,4,False,0.0,0.0,27.38936698952627,27.389715336571243,5.0,0.0,0.0,0.0,10.0,0.5,-27.38936698952627,-27.38936698952627,0.0,0.0,27.38936698952627,27.38936698952627,0.0,578.9815325736909,15081.092657730645,289.4907662868454,Prosumer
2023-02-24 23:00:00,user_001,23,0,4,False,0.0,0.0,33.29849402910992,33.29872626047323,5.0,0.0,0.0,0.0,10.0,0.5,-33.29849402910992,-33.29849402910992,0.0,0.0,33.29849402910992,33.29849402910992,0.0,578.9815325736909,15114.391383991118,289.4907662868454,Prosumer
2023-02-25 00:00:00,user_001,0,0,5,True,0.0,0.0,11.375853332049722,11.375504985004747,5.0,0.0,0.0,0.0,10.0,0.5,-11.375853332049722,-11.375853332049722,0.0,0.0,11.375853332049722,11.375853332049722,0.0,578.9815325736909,15125.766888976123,289.4907662868454,Prosumer
2023-02-25 01:00:00,user_001,1,0,5,True,0.0,0.0,11.661497908928789,11.661033446202158,5.0,0.0,0.0,0.0,10.0,0.5,-11.661497908928789,-11.661497908928789,0.0,0.0,11.661497908928789,11.661497908928789,0.0,578.9815325736909,15137.427922422325,289.4907662868454,Prosumer
2023-02-25 02:00:00,user_001,2,0,5,True,0.0,0.0,9.386791705245479,9.387023936608793,5.0,0.0,0.0,0.0,10.0,0.5,-9.386791705245479,-9.386791705245479,0.0,0.0,9.386791705245479,9.386791705245479,0.0,578.9815325736909,15146.814946358934,289.4907662868454,Prosumer
2023-02-25 03:00:00,user_001,3,0,5,True,0.0,0.0,12.135249890094075,12.135598237139048,5.0,0.0,0.0,0.0,10.0,0.5,-12.135249890094075,-12.135249890094075,0.0,0.0,12.135249890094075,12.135249890094075,0.0,578.9815325736909,15158.950544596073,289.4907662868454,Prosumer
2023-02-25 04:00:00,user_001,4,0,5,True,0.0,0.0,10.590911324040576,10.591375786767207,5.0,0.0,0.0,0.0,10.0,0.5,-10.590911324040576,-10.590911324040576,0.0,0.0,10.590911324040576,10.590911324040576,0.0,578.9815325736909,15169.54192038284,289.4907662868454,Prosumer
2023-02-25 05:00:00,user_001,5,0,5,True,0.0,0.0,10.795274923758933,10.795274923758933,5.0,0.0,0.0,0.0,10.0,0.5,-10.795274923758933,-10.795274923758933,0.0,0.0,10.795274923758933,10.795274923758933,0.0,578.9815325736909,15180.3371953066,289.4907662868454,Prosumer
2023-02-25 06:00:00,user_001,6,0,5,True,0.0,0.0,11.155233536899221,11.154652958490932,5.0,0.0,0.0,0.0,10.0,0.5,-11.155233536899221,-11.155233536899221,0.0,0.0,11.155233536899221,11.155233536899221,0.0,578.9815325736909,15191.49184826509,289.4907662868454,Prosumer
2023-02-25 07:00:00,user_001,7,0,5,True,0.3616556898187298,0.3614454248827887,10.403965076570941,10.4040811922526,5.0,0.0,0.0,0.0,10.0,0.5,-10.042309386752212,-10.042309386752212,0.0,0.0,10.042309386752212,10.042309386752212,0.18072271244139435,579.3429779985737,15201.895929457343,289.67148899928685,Prosumer
2023-02-25 08:00:00,user_001,8,0,5,True,1.5759356948787093,1.575515165006827,19.090579221417727,19.09115979982602,5.0,0.0,0.0,0.0,10.0,0.5,-17.514643526539018,-17.514643526539018,0.0,0.0,17.514643526539018,17.514643526539018,0.7877575825034135,580.9184931635805,15220.987089257169,290.45924658179024,Prosumer
2023-02-25 09:00:00,user_001,9,0,5,True,2.680877933249305,2.680457403377423,23.27190491792799,23.271556570883014,5.0,0.0,0.0,0.0,10.0,0.5,-20.591026984678685,-20.591026984678685,0.0,0.0,20.591026984678685,20.591026984678685,1.3402287016887116,583.5989505669579,15244.258645828051,291.79947528347896,Prosumer
2023-02-25 10:00:00,user_001,10,0,5,True,3.387368118011475,3.387262985543505,26.47902004532631,26.47925227668963,5.0,0.0,0.0,0.0,10.0,0.5,-23.09165192731483,-23.09165192731483,0.0,0.0,23.09165192731483,23.09165192731483,1.6936314927717524,586.9862135525015,15270.73789810474,293.4931067762507,Prosumer
2023-02-25 11:00:00,user_001,11,0,5,True,3.700662872563747,3.7004526076278057,27.48690416211912,27.487136393482437,5.0,0.0,0.0,0.0,10.0,0.5,-23.786241289555374,-23.786241289555374,0.0,0.0,23.786241289555374,23.786241289555374,1.8502263038139029,590.6866661601292,15298.225034498222,295.3433330800646,Prosumer
2023-02-25 12:00:00,user_001,12,0,5,True,3.1918217275862317,3.1914011977143497,23.432144558616248,23.432260674297908,5.0,0.0,0.0,0.0,10.0,0.5,-20.240322831030017,-20.240322831030017,0.0,0.0,20.240322831030017,20.240322831030017,1.5957005988571749,593.8780673578435,15321.65729517252,296.93903367892176,Prosumer
2023-02-25 13:00:00,user_001,13,0,5,True,2.44748385435466,2.4471684569507484,30.569775510143213,30.570123857188186,5.0,0.0,0.0,0.0,10.0,0.5,-28.12229165578855,-28.12229165578855,0.0,0.0,28.12229165578855,28.12229165578855,1.2235842284753742,596.3252358147943,15352.227419029707,298.16261790739713,Prosumer
2023-02-25 14:00:00,user_001,14,0,5,True,2.5967719588728566,2.596982223808798,28.99292455322543,28.992460090498792,5.0,0.0,0.0,0.0,10.0,0.5,-26.39615259435257,-26.39615259435257,0.0,0.0,26.39615259435257,26.39615259435257,1.298491111904399,598.9222180386031,15381.219879120206,299.46110901930155,Prosumer
2023-02-25 15:00:00,user_001,15,0,5,True,2.3160682693914585,2.3158580044555173,25.38172685365672,25.382191316383352,5.0,0.0,0.0,0.0,10.0,0.5,-23.06565858426526,-23.06565858426526,0.0,0.0,23.06565858426526,23.06565858426526,1.1579290022277586,601.2380760430586,15406.60207043659,300.6190380215293,Prosumer
2023-02-25 16:00:00,user_001,16,0,5,True,0.5929471193539639,0.5925265894820817,31.984064512739575,31.983716165694595,5.0,0.0,0.0,0.0,10.0,0.5,-31.39111739338561,-31.39111739338561,0.0,0.0,31.39111739338561,31.39111739338561,0.29626329474104085,601.8306026325407,15438.585786602283,300.91530131627036,Prosumer
2023-02-25 17:00:00,user_001,17,0,5,True,0.053617558664986104,0.05330216126107443,29.911399595141457,29.911515710823114,5.0,0.0,0.0,0.0,10.0,0.5,-29.857782036476472,-29.857782036476472,0.0,0.0,29.857782036476472,29.857782036476472,0.026651080630537213,601.8839047938018,15468.497302313106,300.9419523969009,Prosumer
2023-02-25 18:00:00,user_001,18,0,5,True,0.0,0.0,49.06700359828775,49.06711971396941,5.0,0.0,0.0,0.0,10.0,0.5,-49.06700359828775,-49.06700359828775,0.0,0.0,49.06700359828775,49.06700359828775,0.0,601.8839047938018,15517.564422027075,300.9419523969009,Prosumer
2023-02-25 19:00:00,user_001,19,0,5,True,0.0,0.0,51.91764358299553,51.91752746731387,5.0,0.0,0.0,0.0,10.0,0.5,-51.91764358299553,-51.91764358299553,0.0,0.0,51.91764358299553,51.91764358299553,0.0,601.8839047938018,15569.48194949439,300.9419523969009,Prosumer
2023-02-25 20:00:00,user_001,20,0,5,True,0.0,0.0,42.95815758625207,42.95850593329704,5.0,0.0,0.0,0.0,10.0,0.5,-42.95815758625207,-42.95815758625207,0.0,0.0,42.95815758625207,42.95815758625207,0.0,601.8839047938018,15612.440455427686,300.9419523969009,Prosumer
2023-02-25 21:00:00,user_001,21,0,5,True,0.0,0.0,35.46637380566773,35.4667221527127,5.0,0.0,0.0,0.0,10.0,0.5,-35.46637380566773,-35.46637380566773,0.0,0.0,35.46637380566773,35.46637380566773,0.0,601.8839047938018,15647.907177580399,300.9419523969009,Prosumer
2023-02-25 22:00:00,user_001,22,0,5,True,0.0,0.0,24.001111398741223,24.000879167377903,5.0,0.0,0.0,0.0,10.0,0.5,-24.001111398741223,-24.001111398741223,0.0,0.0,24.001111398741223,24.001111398741223,0.0,601.8839047938018,15671.908056747776,300.9419523969009,Prosumer
2023-02-25 23:00:00,user_001,23,0,5,True,0.0,0.0,27.356854598661982,27.35720294570696,5.0,0.0,0.0,0.0,10.0,0.5,-27.356854598661982,-27.356854598661982,0.0,0.0,27.356854598661982,27.356854598661982,0.0,601.8839047938018,15699.265259693482,300.9419523969009,Prosumer
2023-02-26 00:00:00,user_001,0,0,6,True,0.0,0.0,11.335212843469368,11.33556119051434,5.0,0.0,0.0,0.0,10.0,0.5,-11.335212843469368,-11.335212843469368,0.0,0.0,11.335212843469368,11.335212843469368,0.0,601.8839047938018,15710.600820883996,300.9419523969009,Prosumer
2023-02-26 01:00:00,user_001,1,0,6,True,0.0,0.0,11.028667443891829,11.028319096846856,5.0,0.0,0.0,0.0,10.0,0.5,-11.028667443891829,-11.028667443891829,0.0,0.0,11.028667443891829,11.028667443891829,0.0,601.8839047938018,15721.629139980843,300.9419523969009,Prosumer
2023-02-26 02:00:00,user_001,2,0,6,True,0.0,0.0,12.416249839706815,12.416598186751791,5.0,0.0,0.0,0.0,10.0,0.5,-12.416249839706815,-12.416249839706815,0.0,0.0,12.416249839706815,12.416249839706815,0.0,601.8839047938018,15734.045738167595,300.9419523969009,Prosumer
2023-02-26 03:00:00,user_001,3,0,6,True,0.0,0.0,9.841965177345458,9.842081293027116,5.0,0.0,0.0,0.0,10.0,0.5,-9.841965177345458,-9.841965177345458,0.0,0.0,9.841965177345458,9.841965177345458,0.0,601.8839047938018,15743.887819460622,300.9419523969009,Prosumer
2023-02-26 04:00:00,user_001,4,0,6,True,0.0,0.0,12.33148539209636,12.331369276414701,5.0,0.0,0.0,0.0,10.0,0.5,-12.33148539209636,-12.33148539209636,0.0,0.0,12.33148539209636,12.33148539209636,0.0,601.8839047938018,15756.219188737037,300.9419523969009,Prosumer
2023-02-26 05:00:00,user_001,5,0,6,True,0.0,0.0,9.27067602358732,9.270792139268979,5.0,0.0,0.0,0.0,10.0,0.5,-9.27067602358732,-9.27067602358732,0.0,0.0,9.27067602358732,9.27067602358732,0.0,601.8839047938018,15765.489980876306,300.9419523969009,Prosumer
2023-02-26 06:00:00,user_001,6,0,6,True,0.0,0.0,12.352386214794828,12.352850677521463,5.0,0.0,0.0,0.0,10.0,0.5,-12.352386214794828,-12.352386214794828,0.0,0.0,12.352386214794828,12.352386214794828,0.0,601.8839047938018,15777.842831553828,300.9419523969009,Prosumer
2023-02-26 07:00:00,user_001,7,0,6,True,0.5508941321657397,0.5512095295696513,10.707027005698732,10.706910890017076,5.0,0.0,0.0,0.0,10.0,0.5,-10.156132873532993,-10.156132873532993,0.0,0.0,10.156132873532993,10.156132873532993,0.27560476478482565,602.4351143233714,15788.549742443845,301.2175571616857,Prosumer
2023-02-26 08:00:00,user_001,8,0,6,True,2.304503697914697,2.3049242277865796,23.5738056902392,23.5738056902392,5.0,0.0,0.0,0.0,10.0,0.5,-21.269301992324504,-21.269301992324504,0.0,0.0,21.269301992324504,21.269301992324504,1.1524621138932898,604.740038551158,15812.123548134085,302.370019275579,Prosumer
2023-02-26 09:00:00,user_001,9,0,6,True,3.3001081695959096,3.300423566999821,24.94745420425521,24.947105857210232,5.0,0.0,0.0,0.0,10.0,0.5,-21.6473460346593,-21.6473460346593,0.0,0.0,21.6473460346593,21.6473460346593,1.6502117834999106,608.0404621181578,15837.070653991295,304.0202310590789,Prosumer
2023-02-26 10:00:00,user_001,10,0,6,True,4.470232538108253,4.4697068757684,30.486172219349335,30.485823872304362,5.0,0.0,0.0,0.0,10.0,0.5,-26.015939681241083,-26.015939681241083,0.0,0.0,26.015939681241083,26.015939681241083,2.2348534378842,612.5101689939263,15867.5564778636,306.25508449696315,Prosumer
2023-02-26 11:00:00,user_001,11,0,6,True,4.262070251526543,4.262280516462484,24.87546248162715,24.87557859730881,5.0,0.0,0.0,0.0,10.0,0.5,-20.613392230100608,-20.613392230100608,0.0,0.0,20.613392230100608,20.613392230100608,2.131140258231242,616.7724495103888,15892.432056460908,308.3862247551944,Prosumer
2023-02-26 12:00:00,user_001,12,0,6,True,4.452360018553258,4.4524651510212285,27.834090050277013,27.83420616595867,5.0,0.0,0.0,0.0,10.0,0.5,-23.381730031723755,-23.381730031723755,0.0,0.0,23.381730031723755,23.381730031723755,2.2262325755106143,621.22491466141,15920.266262626867,310.612457330705,Prosumer
2023-02-26 13:00:00,user_001,13,0,6,True,4.2830967451206545,4.282676215248773,29.329660030034084,29.330240608442374,5.0,0.0,0.0,0.0,10.0,0.5,-25.04656328491343,-25.04656328491343,0.0,0.0,25.04656328491343,25.04656328491343,2.1413381076243865,625.5075908766588,15949.596503235309,312.7537954383294,Prosumer
2023-02-26 14:00:00,user_001,14,0,6,True,3.9004145617078128,3.9000991643039016,24.31694605285141,24.317410515578043,5.0,0.0,0.0,0.0,10.0,0.5,-20.416531491143598,-20.416531491143598,0.0,0.0,20.416531491143598,20.416531491143598,1.9500495821519508,629.4076900409627,15973.913913750886,314.70384502048137,Prosumer
2023-02-26 15:00:00,user_001,15,0,6,True,2.954222349972764,2.9538018201008818,23.4542065381313,23.45409042244964,5.0,0.0,0.0,0.0,10.0,0.5,-20.499984188158535,-20.499984188158535,0.0,0.0,20.499984188158535,20.499984188158535,1.4769009100504409,632.3614918610637,15997.368004173337,316.1807459305318,Prosumer
2023-02-26 16:00:00,user_001,16,0,6,True,1.5822436429569429,1.5819282455530312,31.1817051524817,31.181821268163358,5.0,0.0,0.0,0.0,10.0,0.5,-29.599461509524758,-29.599461509524758,0.0,0.0,29.599461509524758,29.599461509524758,0.7909641227765156,633.9434201066167,16028.5498254415,316.97171005330836,Prosumer
2023-02-26 17:00:00,user_001,17,0,6,True,0.1513907538776078,0.15118048894166672,27.159457939843115,27.159806286888088,5.0,0.0,0.0,0.0,10.0,0.5,-27.00806718596551,-27.00806718596551,0.0,0.0,27.00806718596551,27.00806718596551,0.07559024447083336,634.0946005955584,16055.709631728389,317.0473002977792,Prosumer
2023-02-26 18:00:00,user_001,18,0,6,True,0.0,0.0,66.08375674529078,66.08387286097243,5.0,0.0,0.0,0.0,10.0,0.5,-66.08375674529078,-66.08375674529078,0.0,0.0,66.08375674529078,66.08375674529078,0.0,634.0946005955584,16121.793504589361,317.0473002977792,Prosumer
2023-02-26 19:00:00,user_001,19,0,6,True,0.0,0.0,44.68595892932546,44.68642339205209,5.0,0.0,0.0,0.0,10.0,0.5,-44.68595892932546,-44.68595892932546,0.0,0.0,44.68595892932546,44.68595892932546,0.0,634.0946005955584,16166.479927981412,317.0473002977792,Prosumer
2023-02-26 20:00:00,user_001,20,0,6,True,0.0,0.0,41.56825287680392,41.567788414077285,5.0,0.0,0.0,0.0,10.0,0.5,-41.56825287680392,-41.56825287680392,0.0,0.0,41.56825287680392,41.56825287680392,0.0,634.0946005955584,16208.04771639549,317.0473002977792,Prosumer
2023-02-26 21:00:00,user_001,21,0,6,True,0.0,0.0,42.081484189732976,42.081135842688,5.0,0.0,0.0,0.0,10.0,0.5,-42.081484189732976,-42.081484189732976,0.0,0.0,42.081484189732976,42.081484189732976,0.0,634.0946005955584,16250.128852238176,317.0473002977792,Prosumer
2023-02-26 22:00:00,user_001,22,0,6,True,0.0,0.0,22.94213638201882,22.942484729063796,5.0,0.0,0.0,0.0,10.0,0.5,-22.94213638201882,-22.94213638201882,0.0,0.0,22.94213638201882,22.94213638201882,0.0,634.0946005955584,16273.07133696724,317.0473002977792,Prosumer
2023-02-26 23:00:00,user_001,23,0,6,True,0.0,0.0,27.90492061608849,27.9043400376802,5.0,0.0,0.0,0.0,10.0,0.5,-27.90492061608849,-27.90492061608849,0.0,0.0,27.90492061608849,27.90492061608849,0.0,634.0946005955584,16300.975677004919,317.0473002977792,Prosumer
2023-02-27 00:00:00,user_001,0,0,0,False,0.0,0.0,14.776881647817165,14.776765532135505,5.0,0.0,0.0,0.0,10.0,0.5,-14.776881647817165,-14.776881647817165,0.0,0.0,14.776881647817165,14.776881647817165,0.0,634.0946005955584,16315.752442537054,317.0473002977792,Prosumer
2023-02-27 01:00:00,user_001,1,0,0,False,0.0,0.0,15.110133654176078,15.109669191449445,5.0,0.0,0.0,0.0,10.0,0.5,-15.110133654176078,-15.110133654176078,0.0,0.0,15.110133654176078,15.110133654176078,0.0,634.0946005955584,16330.862111728504,317.0473002977792,Prosumer
2023-02-27 02:00:00,user_001,2,0,0,False,0.0,0.0,17.438253071422142,17.438601418467115,5.0,0.0,0.0,0.0,10.0,0.5,-17.438253071422142,-17.438253071422142,0.0,0.0,17.438253071422142,17.438253071422142,0.0,634.0946005955584,16348.300713146971,317.0473002977792,Prosumer
2023-02-27 03:00:00,user_001,3,0,0,False,0.0,0.0,13.13268359553765,13.132915826900966,5.0,0.0,0.0,0.0,10.0,0.5,-13.13268359553765,-13.13268359553765,0.0,0.0,13.13268359553765,13.13268359553765,0.0,634.0946005955584,16361.433628973873,317.0473002977792,Prosumer
2023-02-27 04:00:00,user_001,4,0,0,False,0.0,0.0,14.922026249889862,14.921910134208202,5.0,0.0,0.0,0.0,10.0,0.5,-14.922026249889862,-14.922026249889862,0.0,0.0,14.922026249889862,14.922026249889862,0.0,634.0946005955584,16376.35553910808,317.0473002977792,Prosumer
2023-02-27 05:00:00,user_001,5,0,0,False,0.0,0.0,15.566468283092638,15.566003820366005,5.0,0.0,0.0,0.0,10.0,0.5,-15.566468283092638,-15.566468283092638,0.0,0.0,15.566468283092638,15.566468283092638,0.0,634.0946005955584,16391.92154292845,317.0473002977792,Prosumer
2023-02-27 06:00:00,user_001,6,0,0,False,0.0,0.0,15.970550855263026,15.970550855263026,5.0,0.0,0.0,0.0,10.0,0.5,-15.970550855263026,-15.970550855263026,0.0,0.0,15.970550855263026,15.970550855263026,0.0,634.0946005955584,16407.89209378371,317.0473002977792,Prosumer
2023-02-27 07:00:00,user_001,7,0,0,False,0.4215811965619496,0.42116066669006735,16.30960864570485,16.309724761386505,5.0,0.0,0.0,0.0,10.0,0.5,-15.8880274491429,-15.8880274491429,0.0,0.0,15.8880274491429,15.8880274491429,0.21058033334503368,634.5157612622485,16424.201818545098,317.25788063112424,Prosumer
2023-02-27 08:00:00,user_001,8,0,0,False,2.0027735148391868,2.002983779775128,26.173635802565354,26.173519686883697,5.0,0.0,0.0,0.0,10.0,0.5,-24.170862287726166,-24.170862287726166,0.0,0.0,24.170862287726166,24.170862287726166,1.001491889887564,636.5187450420236,16450.37533823198,318.2593725210118,Prosumer
2023-02-27 09:00:00,user_001,9,0,0,False,3.587119807155541,3.586699277283659,29.027759257722874,29.027643142041214,5.0,0.0,0.0,0.0,10.0,0.5,-25.440639450567332,-25.440639450567332,0.0,0.0,25.440639450567332,25.440639450567332,1.7933496386418295,640.1054443193073,16479.402981374024,320.0527221596536,Prosumer
2023-02-27 10:00:00,user_001,10,0,0,False,3.9771612633263222,3.977056130858352,27.334792619146935,27.335024850510248,5.0,0.0,0.0,0.0,10.0,0.5,-23.35763135582061,-23.35763135582061,0.0,0.0,23.35763135582061,23.35763135582061,1.988528065429176,644.0825004501656,16506.738006224532,322.0412502250828,Prosumer
2023-02-27 11:00:00,user_001,11,0,0,False,4.614264019227923,4.614264019227923,27.181519919358163,27.181636035039823,5.0,0.0,0.0,0.0,10.0,0.5,-22.56725590013024,-22.56725590013024,0.0,0.0,22.56725590013024,22.56725590013024,2.3071320096139614,648.6967644693935,16533.91964225957,324.34838223469677,Prosumer
2023-02-27 12:00:00,user_001,12,0,0,False,2.5179226078949357,2.5175020780230537,34.51306405925425,34.513412406299224,5.0,0.0,0.0,0.0,10.0,0.5,-31.995141451359313,-31.995141451359313,0.0,0.0,31.995141451359313,31.995141451359313,1.2587510390115269,651.2142665474166,16568.43305466587,325.6071332737083,Prosumer
2023-02-27 13:00:00,user_001,13,0,0,False,1.5265234349325456,1.526208037528634,27.44278020308902,27.44231574036239,5.0,0.0,0.0,0.0,10.0,0.5,-25.916256768156472,-25.916256768156472,0.0,0.0,25.916256768156472,25.916256768156472,0.763104018764317,652.7404745849452,16595.875370406233,326.3702372924726,Prosumer
2023-02-27 14:00:00,user_001,14,0,0,False,3.873080120035467,3.8732903849714084,29.676845918191976,29.676845918191976,5.0,0.0,0.0,0.0,10.0,0.5,-25.80376579815651,-25.80376579815651,0.0,0.0,25.80376579815651,25.80376579815651,1.9366451924857042,656.6137649699166,16625.552216324424,328.3068824849583,Prosumer
2023-02-27 15:00:00,user_001,15,0,0,False,1.816689046531294,1.8168993114672352,35.008878019934585,35.0091102512979,5.0,0.0,0.0,0.0,10.0,0.5,-33.19218897340329,-33.19218897340329,0.0,0.0,33.19218897340329,33.19218897340329,0.9084496557336176,658.4306642813838,16660.56132657572,329.2153321406919,Prosumer
2023-02-27 16:00:00,user_001,16,0,0,False,1.41298036952434,1.4127701045883987,26.78324313127068,26.783010899907367,5.0,0.0,0.0,0.0,10.0,0.5,-25.37026276174634,-25.37026276174634,0.0,0.0,25.37026276174634,25.37026276174634,0.7063850522941993,659.8434343859722,16687.344337475628,329.9217171929861,Prosumer
2023-02-27 17:00:00,user_001,17,0,0,False,0.14192883176025736,0.14213909669619845,33.62942372183567,33.629655953198984,5.0,0.0,0.0,0.0,10.0,0.5,-33.48749489007541,-33.48749489007541,0.0,0.0,33.48749489007541,33.48749489007541,0.07106954834809923,659.9855734826683,16720.973993428826,329.99278674133416,Prosumer
2023-02-27 18:00:00,user_001,18,0,0,False,0.0,0.0,60.18275780342319,60.18229334069657,5.0,0.0,0.0,0.0,10.0,0.5,-60.18275780342319,-60.18275780342319,0.0,0.0,60.18275780342319,60.18275780342319,0.0,659.9855734826683,16781.156286769525,329.99278674133416,Prosumer
2023-02-27 19:00:00,user_001,19,0,0,False,0.0,0.0,58.907807618816626,58.907575387453306,5.0,0.0,0.0,0.0,10.0,0.5,-58.907807618816626,-58.907807618816626,0.0,0.0,58.907807618816626,58.907807618816626,0.0,659.9855734826683,16840.063862156978,329.99278674133416,Prosumer
2023-02-27 20:00:00,user_001,20,0,0,False,0.0,0.0,40.89129845273686,40.89176291546349,5.0,0.0,0.0,0.0,10.0,0.5,-40.89129845273686,-40.89129845273686,0.0,0.0,40.89129845273686,40.89129845273686,0.0,659.9855734826683,16880.95562507244,329.99278674133416,Prosumer
2023-02-27 21:00:00,user_001,21,0,0,False,0.0,0.0,49.42115642734513,49.42092419598181,5.0,0.0,0.0,0.0,10.0,0.5,-49.42115642734513,-49.42115642734513,0.0,0.0,49.42115642734513,49.42115642734513,0.0,659.9855734826683,16930.376549268425,329.99278674133416,Prosumer
2023-02-27 22:00:00,user_001,22,0,0,False,0.0,0.0,32.57044870511327,32.570332589431615,5.0,0.0,0.0,0.0,10.0,0.5,-32.57044870511327,-32.57044870511327,0.0,0.0,32.57044870511327,32.57044870511327,0.0,659.9855734826683,16962.946881857857,329.99278674133416,Prosumer
2023-02-27 23:00:00,user_001,23,0,0,False,0.0,0.0,25.907730891568175,25.907614775886515,5.0,0.0,0.0,0.0,10.0,0.5,-25.907730891568175,-25.907730891568175,0.0,0.0,25.907730891568175,25.907730891568175,0.0,659.9855734826683,16988.854496633743,329.99278674133416,Prosumer
2023-02-28 00:00:00,user_001,0,0,1,False,0.0,0.0,14.718823806988086,14.71859157562477,5.0,0.0,0.0,0.0,10.0,0.5,-14.718823806988086,-14.718823806988086,0.0,0.0,14.718823806988086,14.718823806988086,0.0,659.9855734826683,17003.573088209367,329.99278674133416,Prosumer
2023-02-28 01:00:00,user_001,1,0,1,False,0.0,0.0,15.075298949678631,15.074950602633654,5.0,0.0,0.0,0.0,10.0,0.5,-15.075298949678631,-15.075298949678631,0.0,0.0,15.075298949678631,15.075298949678631,0.0,659.9855734826683,17018.648038812,329.99278674133416,Prosumer
2023-02-28 02:00:00,user_001,2,0,1,False,0.0,0.0,15.337720390226066,15.3381848529527,5.0,0.0,0.0,0.0,10.0,0.5,-15.337720390226066,-15.337720390226066,0.0,0.0,15.337720390226066,15.337720390226066,0.0,659.9855734826683,17033.986223664953,329.99278674133416,Prosumer
2023-02-28 03:00:00,user_001,3,0,1,False,0.0,0.0,12.617129968975428,12.616665506248797,5.0,0.0,0.0,0.0,10.0,0.5,-12.617129968975428,-12.617129968975428,0.0,0.0,12.617129968975428,12.617129968975428,0.0,659.9855734826683,17046.6028891712,329.99278674133416,Prosumer
2023-02-28 04:00:00,user_001,4,0,1,False,0.0,0.0,12.88303487997261,12.882802648609292,5.0,0.0,0.0,0.0,10.0,0.5,-12.88303487997261,-12.88303487997261,0.0,0.0,12.88303487997261,12.88303487997261,0.0,659.9855734826683,17059.48569181981,329.99278674133416,Prosumer
2023-02-28 05:00:00,user_001,5,0,1,False,0.0,0.0,16.035575636991595,16.03534340562828,5.0,0.0,0.0,0.0,10.0,0.5,-16.035575636991595,-16.035575636991595,0.0,0.0,16.035575636991595,16.035575636991595,0.0,659.9855734826683,17075.521035225436,329.99278674133416,Prosumer
2023-02-28 06:00:00,user_001,6,0,1,False,0.0,0.0,14.17772473046107,14.177840846142729,5.0,0.0,0.0,0.0,10.0,0.5,-14.17772473046107,-14.17772473046107,0.0,0.0,14.17772473046107,14.17772473046107,0.0,659.9855734826683,17089.69887607158,329.99278674133416,Prosumer
2023-02-28 07:00:00,user_001,7,0,1,False,0.6486673273783613,0.6486673273783613,14.533038716335033,14.532806484971717,5.0,0.0,0.0,0.0,10.0,0.5,-13.884371388956673,-13.884371388956673,0.0,0.0,13.884371388956673,13.884371388956673,0.32433366368918065,660.6342408100467,17104.23168255655,330.31712040502333,Prosumer
2023-02-28 08:00:00,user_001,8,0,1,False,2.358121256579683,2.358436653983595,32.522841275633425,32.52307350699674,5.0,0.0,0.0,0.0,10.0,0.5,-30.164720019053743,-30.164720019053743,0.0,0.0,30.164720019053743,30.164720019053743,1.1792183269917975,662.9926774640303,17136.754756063547,331.49633873201515,Prosumer
2023-02-28 09:00:00,user_001,9,0,1,False,3.5135270795761486,3.51384247698006,29.3981682822124,29.3981682822124,5.0,0.0,0.0,0.0,10.0,0.5,-25.88464120263625,-25.88464120263625,0.0,0.0,25.88464120263625,25.88464120263625,1.75692123849003,666.5065199410103,17166.15292434576,333.25325997050516,Prosumer
2023-02-28 10:00:00,user_001,10,0,1,False,3.971904639927794,3.9715892425238826,25.19942523345341,25.199657464816728,5.0,0.0,0.0,0.0,10.0,0.5,-21.227520593525618,-21.227520593525618,0.0,0.0,21.227520593525618,21.227520593525618,1.9857946212619413,670.4781091835342,17191.352581810577,335.2390545917671,Prosumer
2023-02-28 11:00:00,user_001,11,0,1,False,4.610058720509099,4.6104792503809815,31.583465411018928,31.58311706397395,5.0,0.0,0.0,0.0,10.0,0.5,-26.97340669050983,-26.97340669050983,0.0,0.0,26.97340669050983,26.97340669050983,2.3052396251904907,675.0885884339152,17222.93569887455,337.5442942169576,Prosumer
2023-02-28 12:00:00,user_001,12,0,1,False,4.514388174655888,4.51459843959183,26.542883670238297,26.543232017283273,5.0,0.0,0.0,0.0,10.0,0.5,-22.02849549558241,-22.02849549558241,0.0,0.0,22.02849549558241,22.02849549558241,2.257299219795915,679.6031868735071,17249.478930891833,339.80159343675354,Prosumer
2023-02-28 13:00:00,user_001,13,0,1,False,4.368254044176809,4.368043779240868,25.185491351654434,25.18560746733609,5.0,0.0,0.0,0.0,10.0,0.5,-20.817237307477626,-20.817237307477626,0.0,0.0,20.817237307477626,20.817237307477626,2.184021889620434,683.971230652748,17274.66453835917,341.985615326374,Prosumer
2023-02-28 14:00:00,user_001,14,0,1,False,2.101598034731514,2.101177504859632,33.2241799928487,33.22464445557533,5.0,0.0,0.0,0.0,10.0,0.5,-31.122581958117184,-31.122581958117184,0.0,0.0,31.122581958117184,31.122581958117184,1.050588752429816,686.0724081576076,17307.889182814746,343.0362040788038,Prosumer
2023-02-28 15:00:00,user_001,15,0,1,False,1.1175581345270633,1.117873531930975,29.033565041805783,29.034029504532416,5.0,0.0,0.0,0.0,10.0,0.5,-27.91600690727872,-27.91600690727872,0.0,0.0,27.91600690727872,27.91600690727872,0.5589367659654875,687.1902816895386,17336.923212319278,343.5951408447693,Prosumer
2023-02-28 16:00:00,user_001,16,0,1,False,0.7443378732315719,0.7448635355714247,34.036989764455804,34.03745422718244,5.0,0.0,0.0,0.0,10.0,0.5,-33.29265189122423,-33.29265189122423,0.0,0.0,33.29265189122423,33.29265189122423,0.37243176778571235,687.93514522511,17370.96066654646,343.967572612555,Prosumer
2023-02-28 17:00:00,user_001,17,0,1,False,0.23970202697287907,0.23991229190882019,31.685647210878106,31.68541497951479,5.0,0.0,0.0,0.0,10.0,0.5,-31.445945183905227,-31.445945183905227,0.0,0.0,31.445945183905227,31.445945183905227,0.11995614595441009,688.1750575170188,17402.646081525974,344.0875287585094,Prosumer
2023-02-28 18:00:00,user_001,18,0,1,False,0.0,0.0,72.33890851621574,72.33856016917076,5.0,0.0,0.0,0.0,10.0,0.5,-72.33890851621574,-72.33890851621574,0.0,0.0,72.33890851621574,72.33890851621574,0.0,688.1750575170188,17474.984641695144,344.0875287585094,Prosumer
2023-02-28 19:00:00,user_001,19,0,1,False,0.0,0.0,59.489547183923996,59.490127762332285,5.0,0.0,0.0,0.0,10.0,0.5,-59.489547183923996,-59.489547183923996,0.0,0.0,59.489547183923996,59.489547183923996,0.0,688.1750575170188,17534.474769457476,344.0875287585094,Prosumer
2023-02-28 20:00:00,user_001,20,0,1,False,0.0,0.0,47.45299562323935,47.452647276194384,5.0,0.0,0.0,0.0,10.0,0.5,-47.45299562323935,-47.45299562323935,0.0,0.0,47.45299562323935,47.45299562323935,0.0,688.1750575170188,17581.92741673367,344.0875287585094,Prosumer
2023-02-28 21:00:00,user_001,21,0,1,False,0.0,0.0,45.39310343062364,45.39368400903193,5.0,0.0,0.0,0.0,10.0,0.5,-45.39310343062364,-45.39310343062364,0.0,0.0,45.39310343062364,45.39310343062364,0.0,688.1750575170188,17627.3211007427,344.0875287585094,Prosumer
2023-02-28 22:00:00,user_001,22,0,1,False,0.0,0.0,28.084899922658632,28.085016038340292,5.0,0.0,0.0,0.0,10.0,0.5,-28.084899922658632,-28.084899922658632,0.0,0.0,28.084899922658632,28.084899922658632,0.0,688.1750575170188,17655.406116781043,344.0875287585094,Prosumer
2023-02-28 23:00:00,user_001,23,0,1,False,0.0,0.0,27.174552978458674,27.17490132550365,5.0,0.0,0.0,0.0,10.0,0.5,-27.174552978458674,-27.174552978458674,0.0,0.0,27.174552978458674,27.174552978458674,0.0,688.1750575170188,17682.581018106546,344.0875287585094,Prosumer
2023-02-01 00:00:00,user_002,0,0,2,False,0.0,0.0,12.10389865604637,12.10331807763808,12.0,0.0,3.974,3.974,10.0,1.2,-8.12989865604637,-8.12989865604637,0.0,0.0,8.12989865604637,8.12989865604637,0.0,0.0,12.10331807763808,0.0,Prosumer
2023-02-01 01:00:00,user_002,1,0,2,False,0.0,0.0,13.175646397751168,13.17553028206951,12.0,0.0,0.0,0.0,10.0,1.2,-13.175646397751168,-13.175646397751168,0.0,0.0,13.175646397751168,13.175646397751168,0.0,0.0,25.278848359707588,0.0,Prosumer
2023-02-01 02:00:00,user_002,2,0,2,False,0.0,0.0,10.228630397267121,10.22816593454049,12.0,0.0,0.0,0.0,10.0,1.2,-10.228630397267121,-10.228630397267121,0.0,0.0,10.228630397267121,10.228630397267121,0.0,0.0,35.50701429424808,0.0,Prosumer
2023-02-01 03:00:00,user_002,3,0,2,False,0.0,0.0,12.04351850158413,12.043054038857498,12.0,0.0,0.0,0.0,10.0,1.2,-12.04351850158413,-12.04351850158413,0.0,0.0,12.04351850158413,12.04351850158413,0.0,0.0,47.55006833310558,0.0,Prosumer
2023-02-01 04:00:00,user_002,4,0,2,False,0.0,0.0,10.52937001276175,10.529021665716778,12.0,0.0,0.0,0.0,10.0,1.2,-10.52937001276175,-10.52937001276175,0.0,0.0,10.52937001276175,10.52937001276175,0.0,0.0,58.079089998822354,0.0,Prosumer
2023-02-01 05:00:00,user_002,5,0,2,False,0.0,0.0,11.415332663813494,11.415216548131838,12.0,0.0,0.0,0.0,10.0,1.2,-11.415332663813494,-11.415332663813494,0.0,0.0,11.415332663813494,11.415332663813494,0.0,0.0,69.49430654695419,0.0,Prosumer
2023-02-01 06:00:00,user_002,6,0,2,False,0.0,0.0,38.370427003938254,38.37065923530157,12.0,0.0,0.0,0.0,10.0,1.2,-38.370427003938254,-38.370427003938254,0.0,0.0,38.370427003938254,38.370427003938254,0.0,0.0,107.86496578225575,0.0,Prosumer
2023-02-01 07:00:00,user_002,7,0,2,False,0.028385766352051468,0.02828063388408091,45.40935962605578,45.409243510374125,12.0,0.0,0.0,0.0,10.0,1.2,-45.38097385970373,-45.38097385970373,0.0,0.0,45.38097385970373,45.38097385970373,0.014140316942040454,0.02828063388408091,153.27420929262988,0.014140316942040454,Prosumer
2023-02-01 08:00:00,user_002,8,0,2,False,0.47730140458634696,0.4776168019902586,47.81527655001281,47.814928202967835,12.0,0.0,0.0,0.0,10.0,1.2,-47.33797514542646,-47.33797514542646,0.0,0.0,47.33797514542646,47.33797514542646,0.2388084009951293,0.5058974358743394,201.0891374955977,0.2529487179371697,Prosumer
2023-02-01 09:00:00,user_002,9,0,2,False,0.5119951190166321,0.5123105164205437,38.206703892800256,38.20658777711859,12.0,0.0,0.0,0.0,10.0,1.2,-37.694708773783624,-37.694708773783624,0.0,0.0,37.694708773783624,37.694708773783624,0.25615525821027185,1.0182079522948833,239.29572527271628,0.5091039761474416,Prosumer
2023-02-01 10:00:00,user_002,10,0,2,False,1.0502733550259042,1.0503784874938749,30.872837439271002,30.87306967063432,12.0,0.0,0.0,0.0,10.0,1.2,-29.822564084245098,-29.822564084245098,0.0,0.0,29.822564084245098,29.822564084245098,0.5251892437469374,2.068586439788758,270.1687949433506,1.034293219894379,Prosumer
2023-02-01 11:00:00,user_002,11,0,2,False,4.160091757595098,4.1601968900630695,23.912863480681022,23.913211827726,12.0,0.0,0.0,0.0,10.0,1.2,-19.752771723085925,-19.752771723085925,0.0,0.0,19.752771723085925,19.752771723085925,2.0800984450315347,6.228783329851828,294.0820067710766,3.114391664925914,Prosumer
2023-02-01 12:00:00,user_002,12,0,2,False,4.136962614641575,4.137383144513457,19.32164942791746,19.321301080872487,12.0,0.0,0.0,0.0,10.0,1.2,-15.184686813275885,-15.184686813275885,0.0,0.0,15.184686813275885,15.184686813275885,2.0686915722567285,10.366166474365285,313.4033078519491,5.183083237182642,Prosumer
2023-02-01 13:00:00,user_002,13,0,2,False,2.626209049904614,2.6259987849686723,24.452801400391458,24.453265863118087,12.0,0.0,0.0,0.0,10.0,1.2,-21.826592350486845,-21.826592350486845,0.0,0.0,21.826592350486845,21.826592350486845,1.3129993924843362,12.992165259333957,337.85657371506716,6.4960826296669785,Prosumer
2023-02-01 14:00:00,user_002,14,0,2,False,1.2847187586002553,1.284298228728373,25.66969374416895,25.670042091213922,12.0,0.0,0.0,0.0,10.0,1.2,-24.384974985568693,-24.384974985568693,0.0,0.0,24.384974985568693,24.384974985568693,0.6421491143641865,14.27646348806233,363.5266158062811,7.138231744031165,Prosumer
2023-02-01 15:00:00,user_002,15,0,2,False,1.8219456699298222,1.8218405374618516,23.883834560266482,23.88395067594814,12.0,0.0,0.0,0.0,10.0,1.2,-22.06188889033666,-22.06188889033666,0.0,0.0,22.06188889033666,22.06188889033666,0.9109202687309258,16.098304025524182,387.4105664822292,8.049152012762091,Prosumer
2023-02-01 16:00:00,user_002,16,0,2,False,0.5035845215789871,0.5036896540469578,18.966335442043498,18.966451557725154,12.0,0.0,0.0,0.0,10.0,1.2,-18.46275092046451,-18.46275092046451,0.0,0.0,18.46275092046451,18.46275092046451,0.2518448270234789,16.60199367957114,406.3770180399544,8.30099683978557,Prosumer
2023-02-01 17:00:00,user_002,17,0,2,False,0.0,0.0,19.20088911899298,19.200424656266343,12.0,0.0,0.0,0.0,10.0,1.2,-19.20088911899298,-19.20088911899298,0.0,0.0,19.20088911899298,19.20088911899298,0.0,16.60199367957114,425.57744269622077,8.30099683978557,Prosumer
2023-02-01 18:00:00,user_002,18,0,2,False,0.0,0.0,18.18139343403435,18.181509549716008,12.0,0.0,0.0,0.0,10.0,1.2,-18.18139343403435,-18.18139343403435,0.0,0.0,18.18139343403435,18.18139343403435,0.0,16.60199367957114,443.75895224593677,8.30099683978557,Prosumer
2023-02-01 19:00:00,user_002,19,0,2,False,0.0,0.0,17.829562918610133,17.829214571565156,12.0,0.0,0.0,0.0,10.0,1.2,-17.829562918610133,-17.829562918610133,0.0,0.0,17.829562918610133,17.829562918610133,0.0,16.60199367957114,461.58816681750193,8.30099683978557,Prosumer
2023-02-01 20:00:00,user_002,20,0,2,False,0.0,0.0,24.24727664385652,24.247624990901492,12.0,0.0,0.0,0.0,10.0,1.2,-24.24727664385652,-24.24727664385652,0.0,0.0,24.24727664385652,24.24727664385652,0.0,16.60199367957114,485.8357918084034,8.30099683978557,Prosumer
2023-02-01 21:00:00,user_002,21,0,2,False,0.0,0.0,21.131892904968144,21.13177678928648,12.0,0.0,0.0,0.0,10.0,1.2,-21.131892904968144,-21.131892904968144,0.0,0.0,21.131892904968144,21.131892904968144,0.0,16.60199367957114,506.96756859768993,8.30099683978557,Prosumer
2023-02-01 22:00:00,user_002,22,0,2,False,0.0,0.0,11.584861559034406,11.585442137442696,12.0,0.0,0.0,0.0,10.0,1.2,-11.584861559034406,-11.584861559034406,0.0,0.0,11.584861559034406,11.584861559034406,0.0,16.60199367957114,518.5530107351326,8.30099683978557,Prosumer
2023-02-01 23:00:00,user_002,23,0,2,False,0.0,0.0,9.655018929875823,9.654554467149191,12.0,0.0,0.0,0.0,10.0,1.2,-9.655018929875823,-9.655018929875823,0.0,0.0,9.655018929875823,9.655018929875823,0.0,16.60199367957114,528.2075652022818,8.30099683978557,Prosumer
2023-02-02 00:00:00,user_002,0,0,3,False,0.0,0.0,10.637357596703838,10.636777018295549,12.0,0.0,0.0,0.0,10.0,1.2,-10.637357596703838,-10.637357596703838,0.0,0.0,10.637357596703838,10.637357596703838,0.0,16.60199367957114,538.8443422205773,8.30099683978557,Prosumer
2023-02-02 01:00:00,user_002,1,0,3,False,0.0,0.0,9.303188414451606,9.302607836043313,12.0,0.0,0.0,0.0,10.0,1.2,-9.303188414451606,-9.303188414451606,0.0,0.0,9.303188414451606,9.303188414451606,0.0,16.60199367957114,548.1469500566207,8.30099683978557,Prosumer
2023-02-02 02:00:00,user_002,2,0,3,False,0.0,0.0,10.333134510759464,10.333250626441123,12.0,0.0,0.0,0.0,10.0,1.2,-10.333134510759464,-10.333134510759464,0.0,0.0,10.333134510759464,10.333134510759464,0.0,16.60199367957114,558.4802006830618,8.30099683978557,Prosumer
2023-02-02 03:00:00,user_002,3,0,3,False,0.0,0.0,10.088130422460752,10.088478769505725,12.0,0.0,0.0,0.0,10.0,1.2,-10.088130422460752,-10.088130422460752,0.0,0.0,10.088130422460752,10.088130422460752,0.0,16.60199367957114,568.5686794525675,8.30099683978557,Prosumer
2023-02-02 04:00:00,user_002,4,0,3,False,0.0,0.0,10.979898857595403,10.979898857595403,12.0,0.0,0.0,0.0,10.0,1.2,-10.979898857595403,-10.979898857595403,0.0,0.0,10.979898857595403,10.979898857595403,0.0,16.60199367957114,579.548578310163,8.30099683978557,Prosumer
2023-02-02 05:00:00,user_002,5,0,3,False,0.0,0.0,11.467584720559666,11.468049183286299,12.0,0.0,0.0,0.0,10.0,1.2,-11.467584720559666,-11.467584720559666,0.0,0.0,11.467584720559666,11.467584720559666,0.0,16.60199367957114,591.0166274934493,8.30099683978557,Prosumer
2023-02-02 06:00:00,user_002,6,0,3,False,0.0,0.0,39.99720770396904,39.997556051014016,12.0,0.0,0.0,0.0,10.0,1.2,-39.99720770396904,-39.99720770396904,0.0,0.0,39.99720770396904,39.99720770396904,0.0,16.60199367957114,631.0141835444633,8.30099683978557,Prosumer
2023-02-02 07:00:00,user_002,7,0,3,False,0.03784768846940195,0.037427158597519716,40.87852572775446,40.87840961207281,12.0,0.0,0.0,0.0,10.0,1.2,-40.84067803928505,-40.84067803928505,0.0,0.0,40.84067803928505,40.84067803928505,0.018713579298759858,16.63942083816866,671.8925931565361,8.31971041908433,Prosumer
2023-02-02 08:00:00,user_002,8,0,3,False,1.5559605259643028,1.5561707909002438,39.41430698204509,39.41430698204509,12.0,0.0,0.0,0.0,10.0,1.2,-37.85834645608079,-37.85834645608079,0.0,0.0,37.85834645608079,37.85834645608079,0.7780853954501219,18.195591629068904,711.3069001385812,9.097795814534452,Prosumer
2023-02-02 09:00:00,user_002,9,0,3,False,3.320083338510316,3.320398735914228,33.973126139543815,33.97324225522547,12.0,0.0,0.0,0.0,10.0,1.2,-30.6530428010335,-30.6530428010335,0.0,0.0,30.6530428010335,30.6530428010335,1.660199367957114,21.515990364983132,745.2801423938067,10.757995182491566,Prosumer
2023-02-02 10:00:00,user_002,10,0,3,False,4.289404693198889,4.289089295794977,20.70226488283296,20.7021487671513,12.0,0.0,0.0,0.0,10.0,1.2,-16.41286018963407,-16.41286018963407,0.0,0.0,16.41286018963407,16.41286018963407,2.1445446478974883,25.80507966077811,765.9822911609581,12.902539830389054,Prosumer
2023-02-02 11:00:00,user_002,11,0,3,False,4.679446149369669,4.679235884433729,20.870632621237288,20.871097083963917,12.0,0.0,0.0,0.0,10.0,1.2,-16.191186471867617,-16.191186471867617,0.0,0.0,16.191186471867617,16.191186471867617,2.3396179422168646,30.48431554521184,786.853388244922,15.24215777260592,Prosumer
2023-02-02 12:00:00,user_002,12,0,3,False,5.015870046875465,5.015554649471553,19.8046906636154,19.804226200888763,12.0,0.0,0.0,0.0,10.0,1.2,-14.788820616739935,-14.788820616739935,0.0,0.0,14.788820616739935,14.788820616739935,2.5077773247357764,35.49987019468339,806.6576144458109,17.749935097341695,Prosumer
2023-02-02 13:00:00,user_002,13,0,3,False,4.860273994279035,4.859958596875123,18.108240554589713,18.108821132998003,12.0,0.0,0.0,0.0,10.0,1.2,-13.247966560310678,-13.247966560310678,0.0,0.0,13.247966560310678,13.247966560310678,2.4299792984375617,40.35982879155851,824.7664355788088,20.179914395779257,Prosumer
2023-02-02 14:00:00,user_002,14,0,3,False,4.146424536758926,4.1463194042909555,20.706909510099283,20.707141741462603,12.0,0.0,0.0,0.0,10.0,1.2,-16.56048497334036,-16.56048497334036,0.0,0.0,16.56048497334036,16.56048497334036,2.0731597021454777,44.50614819584947,845.4735773202714,22.253074097924735,Prosumer
2023-02-02 15:00:00,user_002,15,0,3,False,3.0751246881389087,3.075650350478762,22.488124066735427,22.488007951053767,12.0,0.0,0.0,0.0,10.0,1.2,-19.412999378596517,-19.412999378596517,0.0,0.0,19.412999378596517,19.412999378596517,1.537825175239381,47.58179854632823,867.9615852713251,23.790899273164115,Prosumer
2023-02-02 16:00:00,user_002,16,0,3,False,0.8768047828744786,0.8763842530025965,24.402871657278446,24.402523310233473,12.0,0.0,0.0,0.0,10.0,1.2,-23.526066874403966,-23.526066874403966,0.0,0.0,23.526066874403966,23.526066874403966,0.43819212650129824,48.45818279933083,892.3641085815586,24.229091399665414,Prosumer
2023-02-02 17:00:00,user_002,17,0,3,False,0.0,0.0,21.742661390490053,21.74219692776342,12.0,0.0,0.0,0.0,10.0,1.2,-21.742661390490053,-21.742661390490053,0.0,0.0,21.742661390490053,21.742661390490053,0.0,48.45818279933083,914.106305509322,24.229091399665414,Prosumer
2023-02-02 18:00:00,user_002,18,0,3,False,0.0,0.0,19.132380866814664,19.132380866814664,12.0,0.0,0.0,0.0,10.0,1.2,-19.132380866814664,-19.132380866814664,0.0,0.0,19.132380866814664,19.132380866814664,0.0,48.45818279933083,933.2386863761367,24.229091399665414,Prosumer
2023-02-02 19:00:00,user_002,19,0,3,False,0.0,0.0,20.370174033290624,20.3705223803356,12.0,0.0,0.0,0.0,10.0,1.2,-20.370174033290624,-20.370174033290624,0.0,0.0,20.370174033290624,20.370174033290624,0.0,48.45818279933083,953.6092087564723,24.229091399665414,Prosumer
2023-02-02 20:00:00,user_002,20,0,3,False,0.0,0.0,23.93492546019607,23.935273807241046,12.0,0.0,0.0,0.0,10.0,1.2,-23.93492546019607,-23.93492546019607,0.0,0.0,23.93492546019607,23.93492546019607,0.0,48.45818279933083,977.5444825637134,24.229091399665414,Prosumer
2023-02-02 21:00:00,user_002,21,0,3,False,0.0,0.0,17.45102579640454,17.45090968072288,12.0,0.0,0.0,0.0,10.0,1.2,-17.45102579640454,-17.45102579640454,0.0,0.0,17.45102579640454,17.45102579640454,0.0,48.45818279933083,994.9953922444363,24.229091399665414,Prosumer
2023-02-02 22:00:00,user_002,22,0,3,False,0.0,0.0,11.042601325690809,11.042020747282518,12.0,0.0,0.0,0.0,10.0,1.2,-11.042601325690809,-11.042601325690809,0.0,0.0,11.042601325690809,11.042601325690809,0.0,48.45818279933083,1006.0374129917188,24.229091399665414,Prosumer
2023-02-02 23:00:00,user_002,23,0,3,False,0.0,0.0,10.151994047372739,10.151994047372739,12.0,0.0,0.0,0.0,10.0,1.2,-10.151994047372739,-10.151994047372739,0.0,0.0,10.151994047372739,10.151994047372739,0.0,48.45818279933083,1016.1894070390915,24.229091399665414,Prosumer
2023-02-03 00:00:00,user_002,0,0,4,False,0.0,0.0,9.832675922812804,9.833024269857779,12.0,0.0,0.0,0.0,10.0,1.2,-9.832675922812804,-9.832675922812804,0.0,0.0,9.832675922812804,9.832675922812804,0.0,48.45818279933083,1026.0224313089493,24.229091399665414,Prosumer
2023-02-03 01:00:00,user_002,1,0,4,False,0.0,0.0,9.817580884197245,9.81781311556056,12.0,0.0,0.0,0.0,10.0,1.2,-9.817580884197245,-9.817580884197245,0.0,0.0,9.817580884197245,9.817580884197245,0.0,48.45818279933083,1035.8402444245098,24.229091399665414,Prosumer
2023-02-03 02:00:00,user_002,2,0,4,False,0.0,0.0,11.873989606363219,11.874105722044877,12.0,0.0,0.0,0.0,10.0,1.2,-11.873989606363219,-11.873989606363219,0.0,0.0,11.873989606363219,11.873989606363219,0.0,48.45818279933083,1047.7143501465548,24.229091399665414,Prosumer
2023-02-03 03:00:00,user_002,3,0,4,False,0.0,0.0,10.573493971791851,10.573145624746877,12.0,0.0,0.0,0.0,10.0,1.2,-10.573493971791851,-10.573493971791851,0.0,0.0,10.573493971791851,10.573493971791851,0.0,48.45818279933083,1058.2874957713018,24.229091399665414,Prosumer
2023-02-03 04:00:00,user_002,4,0,4,False,0.0,0.0,11.057696364306368,11.058160827033003,12.0,0.0,0.0,0.0,10.0,1.2,-11.057696364306368,-11.057696364306368,0.0,0.0,11.057696364306368,11.057696364306368,0.0,48.45818279933083,1069.3456565983347,24.229091399665414,Prosumer
2023-02-03 05:00:00,user_002,5,0,4,False,0.0,0.0,10.592072480857157,10.591724133812182,12.0,0.0,0.0,0.0,10.0,1.2,-10.592072480857157,-10.592072480857157,0.0,0.0,10.592072480857157,10.592072480857157,0.0,48.45818279933083,1079.937380732147,24.229091399665414,Prosumer
2023-02-03 06:00:00,user_002,6,0,4,False,0.0,0.0,39.99140191988614,39.99186638261277,12.0,0.0,0.0,0.0,10.0,1.2,-39.99140191988614,-39.99140191988614,0.0,0.0,39.99140191988614,39.99140191988614,0.0,48.45818279933083,1119.9292471147596,24.229091399665414,Prosumer
2023-02-03 07:00:00,user_002,7,0,4,False,0.0735927275793927,0.0735927275793927,40.736864596131504,40.73721294317649,12.0,0.0,0.0,0.0,10.0,1.2,-40.66327186855211,-40.66327186855211,0.0,0.0,40.66327186855211,40.66327186855211,0.03679636378969635,48.531775526910224,1160.666460057936,24.265887763455112,Prosumer
2023-02-03 08:00:00,user_002,8,0,4,False,0.4089653004054823,0.40907043287345285,37.58548499592911,37.58525276456579,12.0,0.0,0.0,0.0,10.0,1.2,-37.17651969552362,-37.17651969552362,0.0,0.0,37.17651969552362,37.17651969552362,0.20453521643672642,48.94084595978368,1198.251712822502,24.47042297989184,Prosumer
2023-02-03 09:00:00,user_002,9,0,4,False,0.0,0.0,0.09405370214310783,0.09347312373481705,12.0,0.0,0.0,0.0,10.0,1.2,-0.09405370214310783,-0.09405370214310783,0.0,0.0,0.09405370214310783,0.09405370214310783,0.0,48.94084595978368,1198.3451859462368,24.47042297989184,Prosumer
2023-02-03 10:00:00,user_002,10,0,4,False,0.0,0.0,0.059218997645660486,0.059218997645660486,12.0,0.0,0.0,0.0,10.0,1.2,-0.059218997645660486,-0.059218997645660486,0.0,0.0,0.059218997645660486,0.059218997645660486,0.0,48.94084595978368,1198.4044049438826,24.47042297989184,Prosumer
2023-02-03 11:00:00,user_002,11,0,4,False,0.0,0.0,0.058057840829078916,0.058057840829078916,12.0,0.0,0.0,0.0,10.0,1.2,-0.058057840829078916,-0.058057840829078916,0.0,0.0,0.058057840829078916,0.058057840829078916,0.0,48.94084595978368,1198.4624627847118,24.47042297989184,Prosumer
2023-02-03 12:00:00,user_002,12,0,4,False,1.6915814096463264,1.6914762771783558,0.058057840829078916,0.058057840829078916,12.0,1.559,0.0,-1.559,22.99,2.759,0.07452356881724764,0.07452356881724764,0.07452356881724764,0.07452356881724764,0.0,0.0,0.8457381385891779,50.63232223696203,1198.520520625541,25.316161118481016,Prosumer
2023-02-03 13:00:00,user_002,13,0,4,False,2.640927595420492,2.64050706554861,0.058057840829078916,0.058057840829078916,12.0,2.462,0.0,-2.462,43.5,5.221,0.1208697545914128,0.1208697545914128,0.1208697545914128,0.1208697545914128,0.0,0.0,1.320253532774305,53.272829302510644,1198.5785784663701,26.636414651255322,Prosumer
2023-02-03 14:00:00,user_002,14,0,4,False,3.7542804312287332,3.7543855636967036,10.064907286129118,10.065255633174095,12.0,0.0,4.021,4.021,10.0,1.2,-2.2896268549003853,-2.2896268549003853,0.0,0.0,2.2896268549003853,2.2896268549003853,1.8771927818483518,57.027214866207345,1208.6438340995442,28.513607433103672,Prosumer
2023-02-03 15:00:00,user_002,15,0,4,False,2.827012063728385,2.826591533856503,18.83280240813662,18.833034639499935,12.0,0.0,0.0,0.0,10.0,1.2,-16.005790344408233,-16.005790344408233,0.0,0.0,16.005790344408233,16.005790344408233,1.4132957669282515,59.853806400063846,1227.476868739044,29.926903200031923,Prosumer
2023-02-03 16:00:00,user_002,16,0,4,False,0.5246110151730994,0.5248212801090405,20.87295493487045,20.87295493487045,12.0,0.0,0.0,0.0,10.0,1.2,-20.34834391969735,-20.34834391969735,0.0,0.0,20.34834391969735,20.34834391969735,0.26241064005452025,60.37862768017288,1248.3498236739144,30.18931384008644,Prosumer
2023-02-03 17:00:00,user_002,17,0,4,False,0.0,0.0,20.81489709404137,20.815245441086347,12.0,0.0,0.0,0.0,10.0,1.2,-20.81489709404137,-20.81489709404137,0.0,0.0,20.81489709404137,20.81489709404137,0.0,60.37862768017288,1269.1650691150007,30.18931384008644,Prosumer
2023-02-03 18:00:00,user_002,18,0,4,False,0.0,0.0,22.62514057109205,22.62514057109205,12.0,0.0,0.0,0.0,10.0,1.2,-22.62514057109205,-22.62514057109205,0.0,0.0,22.62514057109205,22.62514057109205,0.0,60.37862768017288,1291.7902096860928,30.18931384008644,Prosumer
2023-02-03 19:00:00,user_002,19,0,4,False,0.0,0.0,19.03136022377207,19.03124410809041,12.0,0.0,0.0,0.0,10.0,1.2,-19.03136022377207,-19.03136022377207,0.0,0.0,19.03136022377207,19.03136022377207,0.0,60.37862768017288,1310.8214537941833,30.18931384008644,Prosumer
2023-02-03 20:00:00,user_002,20,0,4,False,0.0,0.0,20.790512800893158,20.790745032256474,12.0,0.0,0.0,0.0,10.0,1.2,-20.790512800893158,-20.790512800893158,0.0,0.0,20.790512800893158,20.790512800893158,0.0,60.37862768017288,1331.6121988264397,30.18931384008644,Prosumer
2023-02-03 21:00:00,user_002,21,0,4,False,0.0,0.0,19.314682487017972,19.314450255654656,12.0,0.0,0.0,0.0,10.0,1.2,-19.314682487017972,-19.314682487017972,0.0,0.0,19.314682487017972,19.314682487017972,0.0,60.37862768017288,1350.9266490820944,30.18931384008644,Prosumer
2023-02-03 22:00:00,user_002,22,0,4,False,0.0,0.0,8.967614094459528,8.967730210141186,12.0,0.0,0.0,0.0,10.0,1.2,-8.967614094459528,-8.967614094459528,0.0,0.0,8.967614094459528,8.967614094459528,0.0,60.37862768017288,1359.8943792922355,30.18931384008644,Prosumer
2023-02-03 23:00:00,user_002,23,0,4,False,0.0,0.0,9.115081010165389,9.114848778802072,12.0,0.0,0.0,0.0,10.0,1.2,-9.115081010165389,-9.115081010165389,0.0,0.0,9.115081010165389,9.115081010165389,0.0,60.37862768017288,1369.0092280710376,30.18931384008644,Prosumer
2023-02-04 00:00:00,user_002,0,0,5,True,0.0,0.0,7.919089489086364,7.919670067494654,12.0,0.0,0.0,0.0,10.0,1.2,-7.919089489086364,-7.919089489086364,0.0,0.0,7.919089489086364,7.919089489086364,0.0,60.37862768017288,1376.9288981385323,30.18931384008644,Prosumer
2023-02-04 01:00:00,user_002,1,0,5,True,0.0,0.0,7.15156483332594,7.151913180370915,12.0,0.0,0.0,0.0,10.0,1.2,-7.15156483332594,-7.15156483332594,0.0,0.0,7.15156483332594,7.15156483332594,0.0,60.37862768017288,1384.0808113189032,30.18931384008644,Prosumer
2023-02-04 02:00:00,user_002,2,0,5,True,0.0,0.0,6.9564904881402345,6.9564904881402345,12.0,0.0,0.0,0.0,10.0,1.2,-6.9564904881402345,-6.9564904881402345,0.0,0.0,6.9564904881402345,6.9564904881402345,0.0,60.37862768017288,1391.0373018070434,30.18931384008644,Prosumer
2023-02-04 03:00:00,user_002,3,0,5,True,0.0,0.0,8.809696767404434,8.80934842035946,12.0,0.0,0.0,0.0,10.0,1.2,-8.809696767404434,-8.809696767404434,0.0,0.0,8.809696767404434,8.809696767404434,0.0,60.37862768017288,1399.8466502274027,30.18931384008644,Prosumer
2023-02-04 04:00:00,user_002,4,0,5,True,0.0,0.0,8.656424067615665,8.65607572057069,12.0,0.0,0.0,0.0,10.0,1.2,-8.656424067615665,-8.656424067615665,0.0,0.0,8.656424067615665,8.656424067615665,0.0,60.37862768017288,1408.5027259479734,30.18931384008644,Prosumer
2023-02-04 05:00:00,user_002,5,0,5,True,0.0,0.0,6.429325293412198,6.429325293412198,12.0,0.0,0.0,0.0,10.0,1.2,-6.429325293412198,-6.429325293412198,0.0,0.0,6.429325293412198,6.429325293412198,0.0,60.37862768017288,1414.9320512413856,30.18931384008644,Prosumer
2023-02-04 06:00:00,user_002,6,0,5,True,0.0,0.0,26.92954889015996,26.92966500584162,12.0,0.0,0.0,0.0,10.0,1.2,-26.92954889015996,-26.92954889015996,0.0,0.0,26.92954889015996,26.92954889015996,0.0,60.37862768017288,1441.8617162472272,30.18931384008644,Prosumer
2023-02-04 07:00:00,user_002,7,0,5,True,0.0,0.0,32.38698592809338,32.38652146536675,12.0,0.0,0.0,0.0,10.0,1.2,-32.38698592809338,-32.38698592809338,0.0,0.0,32.38698592809338,32.38698592809338,0.0,60.37862768017288,1474.248237712594,30.18931384008644,Prosumer
2023-02-04 08:00:00,user_002,8,0,5,True,0.16400665003407516,0.1644271799059574,32.339378498613534,32.339378498613534,12.0,0.0,0.0,0.0,10.0,1.2,-32.17537184857946,-32.17537184857946,0.0,0.0,32.17537184857946,32.17537184857946,0.0822135899529787,60.54305486007884,1506.5876162112074,30.27152743003942,Prosumer
2023-02-04 09:00:00,user_002,9,0,5,True,0.09777319521262172,0.09745779780871004,33.4134485539515,33.41310020690652,12.0,0.0,0.0,0.0,10.0,1.2,-33.31567535873887,-33.31567535873887,0.0,0.0,33.31567535873887,33.31567535873887,0.04872889890435502,60.64051265788755,1540.000716418114,30.320256328943774,Prosumer
2023-02-04 10:00:00,user_002,10,0,5,True,0.5046358462586927,0.5044255813227516,19.388996523279193,19.389344870324166,12.0,0.0,0.0,0.0,10.0,1.2,-18.8843606770205,-18.8843606770205,0.0,0.0,18.8843606770205,18.8843606770205,0.2522127906613758,61.1449382392103,1559.3900612884381,30.57246911960515,Prosumer
2023-02-04 11:00:00,user_002,11,0,5,True,3.520886352334088,3.5214120146739405,24.694322018240424,24.69455424960374,12.0,0.0,0.0,0.0,10.0,1.2,-21.173435665906336,-21.173435665906336,0.0,0.0,21.173435665906336,21.173435665906336,1.7607060073369702,64.66635025388423,1584.0846155380418,32.333175126942116,Prosumer
2023-02-04 12:00:00,user_002,12,0,5,True,3.0236097788333343,3.0236097788333343,20.552475653493932,20.55224342213062,12.0,0.0,0.0,0.0,10.0,1.2,-17.528865874660596,-17.528865874660596,0.0,0.0,17.528865874660596,17.528865874660596,1.5118048894166671,67.68996003271756,1604.6368589601725,33.84498001635878,Prosumer
2023-02-04 13:00:00,user_002,13,0,5,True,1.3414902913043583,1.3412800263684173,16.20162106176276,16.201853293126078,12.0,0.0,0.0,0.0,10.0,1.2,-14.860130770458403,-14.860130770458403,0.0,0.0,14.860130770458403,14.860130770458403,0.6706400131842086,69.03124005908599,1620.8387122532986,34.515620029542994,Prosumer
2023-02-04 14:00:00,user_002,14,0,5,True,1.1764323165905775,1.1764323165905775,17.956129011617527,17.95636124298084,12.0,0.0,0.0,0.0,10.0,1.2,-16.77969669502695,-16.77969669502695,0.0,0.0,16.77969669502695,16.77969669502695,0.5882161582952887,70.20767237567657,1638.7950734962794,35.10383618783828,Prosumer
2023-02-04 15:00:00,user_002,15,0,5,True,3.393676066089709,3.3940965959615914,21.907545658444636,21.907197311399663,12.0,0.0,0.0,0.0,10.0,1.2,-18.51386959235493,-18.51386959235493,0.0,0.0,18.51386959235493,18.51386959235493,1.6970482979807957,73.60176897163815,1660.702270807679,36.800884485819076,Prosumer
2023-02-04 16:00:00,user_002,16,0,5,True,0.5319702879310386,0.5315497580591564,17.646100141590242,17.646216257271902,12.0,0.0,0.0,0.0,10.0,1.2,-17.114129853659204,-17.114129853659204,0.0,0.0,17.114129853659204,17.114129853659204,0.2657748790295782,74.13331872969731,1678.3484870649509,37.066659364848654,Prosumer
2023-02-04 17:00:00,user_002,17,0,5,True,0.0,0.0,21.347868072852318,21.347287494444025,12.0,0.0,0.0,0.0,10.0,1.2,-21.347868072852318,-21.347868072852318,0.0,0.0,21.347868072852318,21.347868072852318,0.0,74.13331872969731,1699.695774559395,37.066659364848654,Prosumer
2023-02-04 18:00:00,user_002,18,0,5,True,0.0,0.0,21.633512649731383,21.633396534049727,12.0,0.0,0.0,0.0,10.0,1.2,-21.633512649731383,-21.633512649731383,0.0,0.0,21.633512649731383,21.633512649731383,0.0,74.13331872969731,1721.3291710934448,37.066659364848654,Prosumer
2023-02-04 19:00:00,user_002,19,0,5,True,0.0,0.0,17.412707621457347,17.412939852820664,12.0,0.0,0.0,0.0,10.0,1.2,-17.412707621457347,-17.412707621457347,0.0,0.0,17.412707621457347,17.412707621457347,0.0,74.13331872969731,1738.7421109462655,37.066659364848654,Prosumer
2023-02-04 20:00:00,user_002,20,0,5,True,0.0,0.0,18.1279802204716,18.1279802204716,12.0,0.0,0.0,0.0,10.0,1.2,-18.1279802204716,-18.1279802204716,0.0,0.0,18.1279802204716,18.1279802204716,0.0,74.13331872969731,1756.870091166737,37.066659364848654,Prosumer
2023-02-04 21:00:00,user_002,21,0,5,True,0.0,0.0,22.266343114768343,22.26669146181332,12.0,0.0,0.0,0.0,10.0,1.2,-22.266343114768343,-22.266343114768343,0.0,0.0,22.266343114768343,22.266343114768343,0.0,74.13331872969731,1779.1367826285502,37.066659364848654,Prosumer
2023-02-04 22:00:00,user_002,22,0,5,True,0.0,0.0,11.495452484157624,11.494871905749333,12.0,0.0,0.0,0.0,10.0,1.2,-11.495452484157624,-11.495452484157624,0.0,0.0,11.495452484157624,11.495452484157624,0.0,74.13331872969731,1790.6316545342995,37.066659364848654,Prosumer
2023-02-04 23:00:00,user_002,23,0,5,True,0.0,0.0,11.007766621193362,11.007534389830044,12.0,0.0,0.0,0.0,10.0,1.2,-11.007766621193362,-11.007766621193362,0.0,0.0,11.007766621193362,11.007766621193362,0.0,74.13331872969731,1801.6391889241295,37.066659364848654,Prosumer
2023-02-05 00:00:00,user_002,0,0,6,True,0.0,0.0,8.188477870533289,8.188129523488316,12.0,0.0,0.0,0.0,10.0,1.2,-8.188477870533289,-8.188477870533289,0.0,0.0,8.188477870533289,8.188477870533289,0.0,74.13331872969731,1809.8273184476177,37.066659364848654,Prosumer
2023-02-05 01:00:00,user_002,1,0,6,True,0.0,0.0,6.946040076791001,6.946156192472659,12.0,0.0,0.0,0.0,10.0,1.2,-6.946040076791001,-6.946040076791001,0.0,0.0,6.946040076791001,6.946040076791001,0.0,74.13331872969731,1816.7734746400904,37.066659364848654,Prosumer
2023-02-05 02:00:00,user_002,2,0,6,True,0.0,0.0,8.070039875241969,8.070155990923627,12.0,0.0,0.0,0.0,10.0,1.2,-8.070039875241969,-8.070039875241969,0.0,0.0,8.070039875241969,8.070039875241969,0.0,74.13331872969731,1824.843630631014,37.066659364848654,Prosumer
2023-02-05 03:00:00,user_002,3,0,6,True,0.0,0.0,9.407692527943947,9.40734418089897,12.0,0.0,0.0,0.0,10.0,1.2,-9.407692527943947,-9.407692527943947,0.0,0.0,9.407692527943947,9.407692527943947,0.0,74.13331872969731,1834.250974811913,37.066659364848654,Prosumer
2023-02-05 04:00:00,user_002,4,0,6,True,0.0,0.0,8.554242267756488,8.554474499119804,12.0,0.0,0.0,0.0,10.0,1.2,-8.554242267756488,-8.554242267756488,0.0,0.0,8.554242267756488,8.554242267756488,0.0,74.13331872969731,1842.8054493110328,37.066659364848654,Prosumer
2023-02-05 05:00:00,user_002,5,0,6,True,0.0,0.0,9.059345482969473,9.05957771433279,12.0,0.0,0.0,0.0,10.0,1.2,-9.059345482969473,-9.059345482969473,0.0,0.0,9.059345482969473,9.059345482969473,0.0,74.13331872969731,1851.8650270253656,37.066659364848654,Prosumer
2023-02-05 06:00:00,user_002,6,0,6,True,0.0,0.0,32.02934962858625,32.02888516585962,12.0,0.0,0.0,0.0,10.0,1.2,-32.02934962858625,-32.02934962858625,0.0,0.0,32.02934962858625,32.02934962858625,0.0,74.13331872969731,1883.8939121912254,37.066659364848654,Prosumer
2023-02-05 07:00:00,user_002,7,0,6,True,0.03574503910999074,0.03563990664202018,31.7994405789031,31.799324463221442,12.0,0.0,0.0,0.0,10.0,1.2,-31.76369553979311,-31.76369553979311,0.0,0.0,31.76369553979311,31.76369553979311,0.01781995332101009,74.16895863633933,1915.6932366544468,37.08447931816966,Prosumer
2023-02-05 08:00:00,user_002,8,0,6,True,0.4993792228601647,0.4991689579242236,26.75769768130589,26.75769768130589,12.0,0.0,0.0,0.0,10.0,1.2,-26.258318458445725,-26.258318458445725,0.0,0.0,26.258318458445725,26.258318458445725,0.2495844789621118,74.66812759426355,1942.4509343357527,37.334063797131776,Prosumer
2023-02-05 09:00:00,user_002,9,0,6,True,0.9125498219844694,0.9121292921125872,26.029652357309242,26.029420125945922,12.0,0.0,0.0,0.0,10.0,1.2,-25.117102535324772,-25.117102535324772,0.0,0.0,25.117102535324772,25.117102535324772,0.4560646460562936,75.58025688637613,1968.4803544616987,37.79012844318807,Prosumer
2023-02-05 10:00:00,user_002,10,0,6,True,0.908344523265647,0.9081342583297058,20.436359971835778,20.43670831888075,12.0,0.0,0.0,0.0,10.0,1.2,-19.52801544857013,-19.52801544857013,0.0,0.0,19.52801544857013,19.52801544857013,0.4540671291648529,76.48839114470584,1988.9170627805795,38.24419557235292,Prosumer
2023-02-05 11:00:00,user_002,11,0,6,True,0.8179306008109646,0.8180357332789351,21.996954733321417,21.996606386276444,12.0,0.0,0.0,0.0,10.0,1.2,-21.179024132510452,-21.179024132510452,0.0,0.0,21.179024132510452,21.179024132510452,0.40901786663946754,77.30642687798478,2010.913669166856,38.65321343899239,Prosumer
2023-02-05 12:00:00,user_002,12,0,6,True,0.6833610418086465,0.6833610418086465,18.536707419908314,18.537171882634947,12.0,0.0,0.0,0.0,10.0,1.2,-17.85334637809967,-17.85334637809967,0.0,0.0,17.85334637809967,17.85334637809967,0.34168052090432327,77.98978791979343,2029.450841049491,38.994893959896714,Prosumer
2023-02-05 13:00:00,user_002,13,0,6,True,0.7422352238721606,0.7421300914041901,20.451455010451337,20.451571126132993,12.0,0.0,0.0,0.0,10.0,1.2,-19.709219786579176,-19.709219786579176,0.0,0.0,19.709219786579176,19.709219786579176,0.37106504570209503,78.73191801119762,2049.902412175624,39.36595900559881,Prosumer
2023-02-05 14:00:00,user_002,14,0,6,True,0.9072931985859414,0.9075034635218825,18.634244592501165,18.633780129774532,12.0,0.0,0.0,0.0,10.0,1.2,-17.726951393915225,-17.726951393915225,0.0,0.0,17.726951393915225,17.726951393915225,0.45375173176094125,79.6394214747195,2068.5361923053983,39.81971073735975,Prosumer
2023-02-05 15:00:00,user_002,15,0,6,True,0.2439073256917015,0.2436970607557604,20.531574830795464,20.53122648375049,12.0,0.0,0.0,0.0,10.0,1.2,-20.287667505103762,-20.287667505103762,0.0,0.0,20.287667505103762,20.287667505103762,0.1218485303778802,79.88311853547526,2089.0674187891486,39.94155926773763,Prosumer
2023-02-05 16:00:00,user_002,16,0,6,True,0.0756953769388039,0.07601077434271561,19.536463438985052,19.53657955466671,12.0,0.0,0.0,0.0,10.0,1.2,-19.46076806204625,-19.46076806204625,0.0,0.0,19.46076806204625,19.46076806204625,0.038005387171357805,79.95912930981798,2108.6039983438154,39.97956465490899,Prosumer
2023-02-05 17:00:00,user_002,17,0,6,True,0.0,0.0,18.06179428192645,18.061329819199816,12.0,0.0,0.0,0.0,10.0,1.2,-18.06179428192645,-18.06179428192645,0.0,0.0,18.06179428192645,18.06179428192645,0.0,79.95912930981798,2126.665328163015,39.97956465490899,Prosumer
2023-02-05 18:00:00,user_002,18,0,6,True,0.0,0.0,22.532248025765526,22.53189967872055,12.0,0.0,0.0,0.0,10.0,1.2,-22.532248025765526,-22.532248025765526,0.0,0.0,22.532248025765526,22.532248025765526,0.0,79.95912930981798,2149.1972278417356,39.97956465490899,Prosumer
2023-02-05 19:00:00,user_002,19,0,6,True,0.0,0.0,21.29909948655589,21.299563949282522,12.0,0.0,0.0,0.0,10.0,1.2,-21.29909948655589,-21.29909948655589,0.0,0.0,21.29909948655589,21.29909948655589,0.0,79.95912930981798,2170.496791791018,39.97956465490899,Prosumer
2023-02-05 20:00:00,user_002,20,0,6,True,0.0,0.0,21.495334988558177,21.494754410149888,12.0,0.0,0.0,0.0,10.0,1.2,-21.495334988558177,-21.495334988558177,0.0,0.0,21.495334988558177,21.495334988558177,0.0,79.95912930981798,2191.991546201168,39.97956465490899,Prosumer
2023-02-05 21:00:00,user_002,21,0,6,True,0.0,0.0,18.658628885649378,18.658977232694355,12.0,0.0,0.0,0.0,10.0,1.2,-18.658628885649378,-18.658628885649378,0.0,0.0,18.658628885649378,18.658628885649378,0.0,79.95912930981798,2210.6505234338624,39.97956465490899,Prosumer
2023-02-05 22:00:00,user_002,22,0,6,True,0.0,0.0,9.55864291409955,9.55817845137292,12.0,0.0,0.0,0.0,10.0,1.2,-9.55864291409955,-9.55864291409955,0.0,0.0,9.55864291409955,9.55864291409955,0.0,79.95912930981798,2220.2087018852353,39.97956465490899,Prosumer
2023-02-05 23:00:00,user_002,23,0,6,True,0.0,0.0,10.744184023829343,10.744532370874317,12.0,0.0,0.0,0.0,10.0,1.2,-10.744184023829343,-10.744184023829343,0.0,0.0,10.744184023829343,10.744184023829343,0.0,79.95912930981798,2230.9532342561097,39.97956465490899,Prosumer
2023-02-06 00:00:00,user_002,0,0,0,False,0.0,0.0,12.523076266832321,12.523308498195638,12.0,0.0,0.0,0.0,10.0,1.2,-12.523076266832321,-12.523076266832321,0.0,0.0,12.523076266832321,12.523076266832321,0.0,79.95912930981798,2243.4765427543052,39.97956465490899,Prosumer
2023-02-06 01:00:00,user_002,1,0,0,False,0.0,0.0,11.618535106715273,11.618883453760246,12.0,0.0,0.0,0.0,10.0,1.2,-11.618535106715273,-11.618535106715273,0.0,0.0,11.618535106715273,11.618535106715273,0.0,79.95912930981798,2255.0954262080654,39.97956465490899,Prosumer
2023-02-06 02:00:00,user_002,2,0,0,False,0.0,0.0,9.901184174991117,9.901068059309459,12.0,0.0,0.0,0.0,10.0,1.2,-9.901184174991117,-9.901184174991117,0.0,0.0,9.901184174991117,9.901184174991117,0.0,79.95912930981798,2264.996494267375,39.97956465490899,Prosumer
2023-02-06 03:00:00,user_002,3,0,0,False,0.0,0.0,10.705865848882151,10.705749733200493,12.0,0.0,0.0,0.0,10.0,1.2,-10.705865848882151,-10.705865848882151,0.0,0.0,10.705865848882151,10.705865848882151,0.0,79.95912930981798,2275.702244000576,39.97956465490899,Prosumer
2023-02-06 04:00:00,user_002,4,0,0,False,0.0,0.0,11.480357445542065,11.480009098497089,12.0,0.0,0.0,0.0,10.0,1.2,-11.480357445542065,-11.480357445542065,0.0,0.0,11.480357445542065,11.480357445542065,0.0,79.95912930981798,2287.182253099073,39.97956465490899,Prosumer
2023-02-06 05:00:00,user_002,5,0,0,False,0.0,0.0,13.533282697258294,13.533166581576635,12.0,0.0,0.0,0.0,10.0,1.2,-13.533282697258294,-13.533282697258294,0.0,0.0,13.533282697258294,13.533282697258294,0.0,79.95912930981798,2300.7154196806496,39.97956465490899,Prosumer
2023-02-06 06:00:00,user_002,6,0,0,False,0.0,0.0,47.53776007084981,47.53810841789479,12.0,0.0,0.0,0.0,10.0,1.2,-47.53776007084981,-47.53776007084981,0.0,0.0,47.53776007084981,47.53776007084981,0.0,79.95912930981798,2348.2535280985444,39.97956465490899,Prosumer
2023-02-06 07:00:00,user_002,7,0,0,False,0.0,0.0,48.99617303247627,48.99594080111296,12.0,0.0,0.0,0.0,10.0,1.2,-48.99617303247627,-48.99617303247627,0.0,0.0,48.99617303247627,48.99617303247627,0.0,79.95912930981798,2397.249468899657,39.97956465490899,Prosumer
2023-02-06 08:00:00,user_002,8,0,0,False,0.045206961227341226,0.04541722616328235,47.35661960746308,47.356967954508065,12.0,0.0,0.0,0.0,10.0,1.2,-47.31141264623574,-47.31141264623574,0.0,0.0,47.31141264623574,47.31141264623574,0.022708613081641175,80.00454653598126,2444.606436854165,40.00227326799063,Prosumer
2023-02-06 09:00:00,user_002,9,0,0,False,0.21657288401935565,0.21657288401935565,40.33045971032795,40.330575826009614,12.0,0.0,0.0,0.0,10.0,1.2,-40.113886826308594,-40.113886826308594,0.0,0.0,40.113886826308594,40.113886826308594,0.10828644200967782,80.22111942000062,2484.9370126801746,40.11055971000031,Prosumer
2023-02-06 10:00:00,user_002,10,0,0,False,0.37216893661578593,0.3717484067439037,20.34346742650925,20.343931889235883,12.0,0.0,0.0,0.0,10.0,1.2,-19.971298489893464,-19.971298489893464,0.0,0.0,19.971298489893464,19.971298489893464,0.18587420337195185,80.59286782674452,2505.2809445694106,40.29643391337226,Prosumer
2023-02-06 11:00:00,user_002,11,0,0,False,1.3215151223899515,1.3210945925180695,21.159760668566097,21.159296205839468,12.0,0.0,0.0,0.0,10.0,1.2,-19.838245546176147,-19.838245546176147,0.0,0.0,19.838245546176147,19.838245546176147,0.6605472962590347,81.91396241926259,2526.44024077525,40.956981209631294,Prosumer
2023-02-06 12:00:00,user_002,12,0,0,False,2.491639490902296,2.4914292259663546,24.78140877948404,24.78175712652902,12.0,0.0,0.0,0.0,10.0,1.2,-22.289769288581745,-22.289769288581745,0.0,0.0,22.289769288581745,22.289769288581745,1.2457146129831773,84.40539164522895,2551.221997901779,42.20269582261447,Prosumer
2023-02-06 13:00:00,user_002,13,0,0,False,1.6453231237392796,1.6449025938673973,20.677880589684744,20.67753224263977,12.0,0.0,0.0,0.0,10.0,1.2,-19.032557465945466,-19.032557465945466,0.0,0.0,19.032557465945466,19.032557465945466,0.8224512969336987,86.05029423909635,2571.899530144419,43.02514711954817,Prosumer
2023-02-06 14:00:00,user_002,14,0,0,False,1.2363578233337973,1.236147558397856,19.560847732133265,19.561312194859898,12.0,0.0,0.0,0.0,10.0,1.2,-18.324489908799467,-18.324489908799467,0.0,0.0,18.324489908799467,18.324489908799467,0.618073779198928,87.2864417974942,2591.4608423392788,43.6432208987471,Prosumer
2023-02-06 15:00:00,user_002,15,0,0,False,0.9535514844929882,0.9532360870890765,20.643045885187295,20.64327811655061,12.0,0.0,0.0,0.0,10.0,1.2,-19.689494400694308,-19.689494400694308,0.0,0.0,19.689494400694308,19.689494400694308,0.47661804354453824,88.23967788458329,2612.104120455829,44.11983894229164,Prosumer
2023-02-06 16:00:00,user_002,16,0,0,False,0.3847848327722532,0.3849950977081944,24.525954279836096,24.52618651119941,12.0,0.0,0.0,0.0,10.0,1.2,-24.14116944706384,-24.14116944706384,0.0,0.0,24.14116944706384,24.14116944706384,0.1924975488540972,88.62467298229149,2636.6303069670284,44.31233649114574,Prosumer
2023-02-06 17:00:00,user_002,17,0,0,False,0.0,0.0,19.164893257678948,19.164312679270658,12.0,0.0,0.0,0.0,10.0,1.2,-19.164893257678948,-19.164893257678948,0.0,0.0,19.164893257678948,19.164893257678948,0.0,88.62467298229149,2655.794619646299,44.31233649114574,Prosumer
2023-02-06 18:00:00,user_002,18,0,0,False,0.0,0.0,22.208285273939268,22.207936926894288,12.0,0.0,0.0,0.0,10.0,1.2,-22.208285273939268,-22.208285273939268,0.0,0.0,22.208285273939268,22.208285273939268,0.0,88.62467298229149,2678.0025565731935,44.31233649114574,Prosumer
2023-02-06 19:00:00,user_002,19,0,0,False,0.0,0.0,24.518987338936604,24.51921957029992,12.0,0.0,0.0,0.0,10.0,1.2,-24.518987338936604,-24.518987338936604,0.0,0.0,24.518987338936604,24.518987338936604,0.0,88.62467298229149,2702.5217761434933,44.31233649114574,Prosumer
2023-02-06 20:00:00,user_002,20,0,0,False,0.0,0.0,20.972814421096466,20.972814421096466,12.0,0.0,0.0,0.0,10.0,1.2,-20.972814421096466,-20.972814421096466,0.0,0.0,20.972814421096466,20.972814421096466,0.0,88.62467298229149,2723.4945905645895,44.31233649114574,Prosumer
2023-02-06 21:00:00,user_002,21,0,0,False,0.0,0.0,21.003004498327588,21.003585076735877,12.0,0.0,0.0,0.0,10.0,1.2,-21.003004498327588,-21.003004498327588,0.0,0.0,21.003004498327588,21.003004498327588,0.0,88.62467298229149,2744.4981756413254,44.31233649114574,Prosumer
2023-02-06 22:00:00,user_002,22,0,0,False,0.0,0.0,11.674270633911188,11.674270633911188,12.0,0.0,0.0,0.0,10.0,1.2,-11.674270633911188,-11.674270633911188,0.0,0.0,11.674270633911188,11.674270633911188,0.0,88.62467298229149,2756.1724462752363,44.31233649114574,Prosumer
2023-02-06 23:00:00,user_002,23,0,0,False,0.0,0.0,9.810613943297755,9.810149480571123,12.0,0.0,0.0,0.0,10.0,1.2,-9.810613943297755,-9.810613943297755,0.0,0.0,9.810613943297755,9.810613943297755,0.0,88.62467298229149,2765.9825957558073,44.31233649114574,Prosumer
2023-02-07 00:00:00,user_002,0,0,1,False,0.0,0.0,9.526130523235269,9.526711101643558,12.0,0.0,0.0,0.0,10.0,1.2,-9.526130523235269,-9.526130523235269,0.0,0.0,9.526130523235269,9.526130523235269,0.0,88.62467298229149,2775.509306857451,44.31233649114574,Prosumer
2023-02-07 01:00:00,user_002,1,0,1,False,0.0,0.0,11.475712818275737,11.476293396684028,12.0,0.0,0.0,0.0,10.0,1.2,-11.475712818275737,-11.475712818275737,0.0,0.0,11.475712818275737,11.475712818275737,0.0,88.62467298229149,2786.985600254135,44.31233649114574,Prosumer
2023-02-07 02:00:00,user_002,2,0,1,False,0.0,0.0,11.461778936476758,11.461314473750125,12.0,0.0,0.0,0.0,10.0,1.2,-11.461778936476758,-11.461778936476758,0.0,0.0,11.461778936476758,11.461778936476758,0.0,88.62467298229149,2798.446914727885,44.31233649114574,Prosumer
2023-02-07 03:00:00,user_002,3,0,1,False,0.0,0.0,10.313394844877577,10.313394844877577,12.0,0.0,0.0,0.0,10.0,1.2,-10.313394844877577,-10.313394844877577,0.0,0.0,10.313394844877577,10.313394844877577,0.0,88.62467298229149,2808.7603095727627,44.31233649114574,Prosumer
2023-02-07 04:00:00,user_002,4,0,1,False,0.0,0.0,11.612729322632363,11.612148744224074,12.0,0.0,0.0,0.0,10.0,1.2,-11.612729322632363,-11.612729322632363,0.0,0.0,11.612729322632363,11.612729322632363,0.0,88.62467298229149,2820.372458316987,44.31233649114574,Prosumer
2023-02-07 05:00:00,user_002,5,0,1,False,0.0,0.0,11.716072279308124,11.716536742034757,12.0,0.0,0.0,0.0,10.0,1.2,-11.716072279308124,-11.716072279308124,0.0,0.0,11.716072279308124,11.716072279308124,0.0,88.62467298229149,2832.0889950590217,44.31233649114574,Prosumer
2023-02-07 06:00:00,user_002,6,0,1,False,0.0,0.0,49.97967285612087,49.98002120316585,12.0,0.0,0.0,0.0,10.0,1.2,-49.97967285612087,-49.97967285612087,0.0,0.0,49.97967285612087,49.97967285612087,0.0,88.62467298229149,2882.0690162621877,44.31233649114574,Prosumer
2023-02-07 07:00:00,user_002,7,0,1,False,0.1703145981123088,0.17020946564433823,44.728921731538975,44.72915396290229,12.0,0.0,0.0,0.0,10.0,1.2,-44.55860713342667,-44.55860713342667,0.0,0.0,44.55860713342667,44.55860713342667,0.08510473282216911,88.79488244793582,2926.79817022509,44.39744122396791,Prosumer
2023-02-07 08:00:00,user_002,8,0,1,False,0.9472435364147546,0.9470332714788134,46.702888319727656,46.703352782454296,12.0,0.0,0.0,0.0,10.0,1.2,-45.7556447833129,-45.7556447833129,0.0,0.0,45.7556447833129,45.7556447833129,0.4735166357394067,89.74191571941464,2973.501523007544,44.87095785970732,Prosumer
2023-02-07 09:00:00,user_002,9,0,1,False,1.1165068098473578,1.1165068098473578,41.27448020220878,41.27389962380048,12.0,0.0,0.0,0.0,10.0,1.2,-40.15797339236142,-40.15797339236142,0.0,0.0,40.15797339236142,40.15797339236142,0.5582534049236789,90.85842252926199,3014.7754226313446,45.42921126463099,Prosumer
2023-02-07 10:00:00,user_002,10,0,1,False,1.5464986038469524,1.5463934713789818,25.91121436201792,25.911098246336262,12.0,0.0,0.0,0.0,10.0,1.2,-24.364715758170966,-24.364715758170966,0.0,0.0,24.364715758170966,24.364715758170966,0.7731967356894909,92.40481600064096,3040.686520877681,46.20240800032048,Prosumer
2023-02-07 11:00:00,user_002,11,0,1,False,3.674379755571107,3.673854093231254,22.4265827554566,22.427047218183233,12.0,0.0,0.0,0.0,10.0,1.2,-18.752202999885494,-18.752202999885494,0.0,0.0,18.752202999885494,18.752202999885494,1.836927046615627,96.07867009387222,3063.113568095864,48.03933504693611,Prosumer
2023-02-07 12:00:00,user_002,12,0,1,False,2.7492140374301703,2.7495294348340815,24.18225186212795,24.181903515082976,12.0,0.0,0.0,0.0,10.0,1.2,-21.433037824697777,-21.433037824697777,0.0,0.0,21.433037824697777,21.433037824697777,1.3747647174170408,98.8281995287063,3087.295471610947,49.41409976435315,Prosumer
2023-02-07 13:00:00,user_002,13,0,1,False,1.8829225013527473,1.8826071039488357,25.114660785842958,25.114544670161298,12.0,0.0,0.0,0.0,10.0,1.2,-23.23173828449021,-23.23173828449021,0.0,0.0,23.23173828449021,23.23173828449021,0.9413035519744178,100.71080663265515,3112.4100162811083,50.355403316327575,Prosumer
2023-02-07 14:00:00,user_002,14,0,1,False,1.0302981861114977,1.0298776562396155,20.463066578617155,20.46329880998047,12.0,0.0,0.0,0.0,10.0,1.2,-19.432768392505658,-19.432768392505658,0.0,0.0,19.432768392505658,19.432768392505658,0.5149388281198077,101.74068428889477,3132.873315091089,50.870342144447385,Prosumer
2023-02-07 15:00:00,user_002,15,0,1,False,2.8038829207748615,2.8041983181787735,21.223624293478085,21.223159830751452,12.0,0.0,0.0,0.0,10.0,1.2,-18.419741372703225,-18.419741372703225,0.0,0.0,18.419741372703225,18.419741372703225,1.4020991590893868,104.54488260707355,3154.09647492184,52.27244130353677,Prosumer
2023-02-07 16:00:00,user_002,16,0,1,False,0.9787832768059229,0.9783627469340406,22.83763226852648,22.837283921481507,12.0,0.0,0.0,0.0,10.0,1.2,-21.858848991720556,-21.858848991720556,0.0,0.0,21.858848991720556,21.858848991720556,0.4891813734670203,105.52324535400759,3176.933758843322,52.76162267700379,Prosumer
2023-02-07 17:00:00,user_002,17,0,1,False,0.0,0.0,23.112826434056316,23.112478087011336,12.0,0.0,0.0,0.0,10.0,1.2,-23.112826434056316,-23.112826434056316,0.0,0.0,23.112826434056316,23.112826434056316,0.0,105.52324535400759,3200.046236930333,52.76162267700379,Prosumer
2023-02-07 18:00:00,user_002,18,0,1,False,0.0,0.0,24.092842787251165,24.092494440206192,12.0,0.0,0.0,0.0,10.0,1.2,-24.092842787251165,-24.092842787251165,0.0,0.0,24.092842787251165,24.092842787251165,0.0,105.52324535400759,3224.1387313705395,52.76162267700379,Prosumer
2023-02-07 19:00:00,user_002,19,0,1,False,0.0,0.0,24.18341301894453,24.183064671899555,12.0,0.0,0.0,0.0,10.0,1.2,-24.18341301894453,-24.18341301894453,0.0,0.0,24.18341301894453,24.18341301894453,0.0,105.52324535400759,3248.321796042439,52.76162267700379,Prosumer
2023-02-07 20:00:00,user_002,20,0,1,False,0.0,0.0,24.582850963848593,24.583199310893566,12.0,0.0,0.0,0.0,10.0,1.2,-24.582850963848593,-24.582850963848593,0.0,0.0,24.582850963848593,24.582850963848593,0.0,105.52324535400759,3272.9049953533327,52.76162267700379,Prosumer
2023-02-07 21:00:00,user_002,21,0,1,False,0.0,0.0,23.663214765115985,23.6634469964793,12.0,0.0,0.0,0.0,10.0,1.2,-23.663214765115985,-23.663214765115985,0.0,0.0,23.663214765115985,23.663214765115985,0.0,105.52324535400759,3296.568442349812,52.76162267700379,Prosumer
2023-02-07 22:00:00,user_002,22,0,1,False,0.0,0.0,11.800836726918579,11.800372264191946,12.0,0.0,0.0,0.0,10.0,1.2,-11.800836726918579,-11.800836726918579,0.0,0.0,11.800836726918579,11.800836726918579,0.0,105.52324535400759,3308.368814614004,52.76162267700379,Prosumer
2023-02-07 23:00:00,user_002,23,0,1,False,0.0,0.0,13.094365420590456,13.09482988331709,12.0,0.0,0.0,0.0,10.0,1.2,-13.094365420590456,-13.094365420590456,0.0,0.0,13.094365420590456,13.094365420590456,0.0,105.52324535400759,3321.463644497321,52.76162267700379,Prosumer
2023-02-08 00:00:00,user_002,0,0,2,False,0.0,0.0,10.114837029242128,10.114488682197152,12.0,0.0,0.0,0.0,10.0,1.2,-10.114837029242128,-10.114837029242128,0.0,0.0,10.114837029242128,10.114837029242128,0.0,105.52324535400759,3331.5781331795183,52.76162267700379,Prosumer
2023-02-08 01:00:00,user_002,1,0,2,False,0.0,0.0,11.957592897157092,11.958057359883727,12.0,0.0,0.0,0.0,10.0,1.2,-11.957592897157092,-11.957592897157092,0.0,0.0,11.957592897157092,11.957592897157092,0.0,105.52324535400759,3343.536190539402,52.76162267700379,Prosumer
2023-02-08 02:00:00,user_002,2,0,2,False,0.0,0.0,10.686126183000264,10.686358414363582,12.0,0.0,0.0,0.0,10.0,1.2,-10.686126183000264,-10.686126183000264,0.0,0.0,10.686126183000264,10.686126183000264,0.0,105.52324535400759,3354.2225489537655,52.76162267700379,Prosumer
2023-02-08 03:00:00,user_002,3,0,2,False,0.0,0.0,10.406287390204104,10.405706811795811,12.0,0.0,0.0,0.0,10.0,1.2,-10.406287390204104,-10.406287390204104,0.0,0.0,10.406287390204104,10.406287390204104,0.0,105.52324535400759,3364.6282557655613,52.76162267700379,Prosumer
2023-02-08 04:00:00,user_002,4,0,2,False,0.0,0.0,12.315229196664218,12.315461428027534,12.0,0.0,0.0,0.0,10.0,1.2,-12.315229196664218,-12.315229196664218,0.0,0.0,12.315229196664218,12.315229196664218,0.0,105.52324535400759,3376.943717193589,52.76162267700379,Prosumer
2023-02-08 05:00:00,user_002,5,0,2,False,0.0,0.0,10.84520466687194,10.845436898235256,12.0,0.0,0.0,0.0,10.0,1.2,-10.84520466687194,-10.84520466687194,0.0,0.0,10.84520466687194,10.84520466687194,0.0,105.52324535400759,3387.789154091824,52.76162267700379,Prosumer
2023-02-08 06:00:00,user_002,6,0,2,False,0.0,0.0,43.09749640424186,43.097612519923516,12.0,0.0,0.0,0.0,10.0,1.2,-43.09749640424186,-43.09749640424186,0.0,0.0,43.09749640424186,43.09749640424186,0.0,105.52324535400759,3430.8867666117476,52.76162267700379,Prosumer
2023-02-08 07:00:00,user_002,7,0,2,False,0.1987003644643603,0.19859523199638973,42.615616325360506,42.61584855672382,12.0,0.0,0.0,0.0,10.0,1.2,-42.41691596089615,-42.41691596089615,0.0,0.0,42.41691596089615,42.41691596089615,0.09929761599819487,105.72184058600398,3473.5026151684715,52.86092029300199,Prosumer
2023-02-08 08:00:00,user_002,8,0,2,False,2.097392736012692,2.097392736012692,41.03412074117639,41.03377239413142,12.0,0.0,0.0,0.0,10.0,1.2,-38.936728005163694,-38.936728005163694,0.0,0.0,38.936728005163694,38.936728005163694,1.048696368006346,107.81923332201667,3514.536387562603,53.909616661008336,Prosumer
2023-02-08 09:00:00,user_002,9,0,2,False,2.2361675937338323,2.235957328797891,32.68075860268852,32.68087471837018,12.0,0.0,0.0,0.0,10.0,1.2,-30.44459100895469,-30.44459100895469,0.0,0.0,30.44459100895469,30.44459100895469,1.1179786643989456,110.05519065081457,3547.217262280973,55.02759532540728,Prosumer
2023-02-08 10:00:00,user_002,10,0,2,False,3.1182290000068393,3.1178084701349564,26.63461505874824,26.6347311744299,12.0,0.0,0.0,0.0,10.0,1.2,-23.5163860587414,-23.5163860587414,0.0,0.0,23.5163860587414,23.5163860587414,1.5589042350674782,113.17299912094953,3573.851993455403,56.58649956047476,Prosumer
2023-02-08 11:00:00,user_002,11,0,2,False,4.587980902235282,4.58766550483137,21.078479691405388,21.078595807087044,12.0,0.0,0.0,0.0,10.0,1.2,-16.490498789170104,-16.490498789170104,0.0,0.0,16.490498789170104,16.490498789170104,2.293832752415685,117.76066462578089,3594.93058926249,58.880332312890445,Prosumer
2023-02-08 12:00:00,user_002,12,0,2,False,4.80875908497346,4.808653952505489,24.94977651788837,24.94966040220671,12.0,0.0,0.0,0.0,10.0,1.2,-20.14101743291491,-20.14101743291491,0.0,0.0,20.14101743291491,20.14101743291491,2.4043269762527446,122.56931857828638,3619.8802496646963,61.28465928914319,Prosumer
2023-02-08 13:00:00,user_002,13,0,2,False,4.687856746807315,4.687436216935432,25.299284719679427,25.298936372634454,12.0,0.0,0.0,0.0,10.0,1.2,-20.611427972872114,-20.611427972872114,0.0,0.0,20.611427972872114,20.611427972872114,2.343718108467716,127.25675479522182,3645.179186037331,63.62837739761091,Prosumer
2023-02-08 14:00:00,user_002,14,0,2,False,3.9466728476148596,3.946462582678919,26.778598504004357,26.7784823883227,12.0,0.0,0.0,0.0,10.0,1.2,-22.831925656389497,-22.831925656389497,0.0,0.0,22.831925656389497,22.831925656389497,1.9732312913394594,131.20321737790073,3671.9576684256535,65.60160868895036,Prosumer
2023-02-08 15:00:00,user_002,15,0,2,False,3.221258818617989,3.220943421214077,25.223809526601624,25.223693410919964,12.0,0.0,0.0,0.0,10.0,1.2,-22.002550707983634,-22.002550707983634,0.0,0.0,22.002550707983634,22.002550707983634,1.6104717106070385,134.42416079911482,3697.1813618365736,67.21208039955741,Prosumer
2023-02-08 16:00:00,user_002,16,0,2,False,1.1154554851676521,1.1158760150395344,21.267748252508184,21.26739990546321,12.0,0.0,0.0,0.0,10.0,1.2,-20.152292767340533,-20.152292767340533,0.0,0.0,20.152292767340533,20.152292767340533,0.5579380075197672,135.54003681415435,3718.448761742037,67.77001840707717,Prosumer
2023-02-08 17:00:00,user_002,17,0,2,False,0.0,0.0,24.449317929941714,24.449317929941714,12.0,0.0,0.0,0.0,10.0,1.2,-24.449317929941714,-24.449317929941714,0.0,0.0,24.449317929941714,24.449317929941714,0.0,135.54003681415435,3742.8980796719784,67.77001840707717,Prosumer
2023-02-08 18:00:00,user_002,18,0,2,False,0.0,0.0,20.632595473838062,20.632711589519722,12.0,0.0,0.0,0.0,10.0,1.2,-20.632595473838062,-20.632595473838062,0.0,0.0,20.632595473838062,20.632595473838062,0.0,135.54003681415435,3763.530791261498,67.77001840707717,Prosumer
2023-02-08 19:00:00,user_002,19,0,2,False,0.0,0.0,20.847409484905654,20.84764171626897,12.0,0.0,0.0,0.0,10.0,1.2,-20.847409484905654,-20.847409484905654,0.0,0.0,20.847409484905654,20.847409484905654,0.0,135.54003681415435,3784.378432977767,67.77001840707717,Prosumer
2023-02-08 20:00:00,user_002,20,0,2,False,0.0,0.0,23.022256202362954,23.022836780771243,12.0,0.0,0.0,0.0,10.0,1.2,-23.022256202362954,-23.022256202362954,0.0,0.0,23.022256202362954,23.022256202362954,0.0,135.54003681415435,3807.401269758538,67.77001840707717,Prosumer
2023-02-08 21:00:00,user_002,21,0,2,False,0.0,0.0,18.983752794292222,18.98398502565554,12.0,0.0,0.0,0.0,10.0,1.2,-18.983752794292222,-18.983752794292222,0.0,0.0,18.983752794292222,18.983752794292222,0.0,135.54003681415435,3826.3852547841934,67.77001840707717,Prosumer
2023-02-08 22:00:00,user_002,22,0,2,False,0.0,0.0,10.140382479206924,10.14049859488858,12.0,0.0,0.0,0.0,10.0,1.2,-10.140382479206924,-10.140382479206924,0.0,0.0,10.140382479206924,10.140382479206924,0.0,135.54003681415435,3836.525753379082,67.77001840707717,Prosumer
2023-02-08 23:00:00,user_002,23,0,2,False,0.0,0.0,9.913956899973515,9.913608552928538,12.0,0.0,0.0,0.0,10.0,1.2,-9.913956899973515,-9.913956899973515,0.0,0.0,9.913956899973515,9.913956899973515,0.0,135.54003681415435,3846.4393619320103,67.77001840707717,Prosumer
2023-02-09 00:00:00,user_002,0,0,3,False,0.0,0.0,9.574899109531694,9.574782993850036,12.0,0.0,0.0,0.0,10.0,1.2,-9.574899109531694,-9.574899109531694,0.0,0.0,9.574899109531694,9.574899109531694,0.0,135.54003681415435,3856.0141449258604,67.77001840707717,Prosumer
2023-02-09 01:00:00,user_002,1,0,3,False,0.0,0.0,10.22050229955105,10.22050229955105,12.0,0.0,0.0,0.0,10.0,1.2,-10.22050229955105,-10.22050229955105,0.0,0.0,10.22050229955105,10.22050229955105,0.0,135.54003681415435,3866.234647225411,67.77001840707717,Prosumer
2023-02-09 02:00:00,user_002,2,0,3,False,0.0,0.0,10.19147337913651,10.191125032091538,12.0,0.0,0.0,0.0,10.0,1.2,-10.19147337913651,-10.19147337913651,0.0,0.0,10.19147337913651,10.19147337913651,0.0,135.54003681415435,3876.4257722575026,67.77001840707717,Prosumer
2023-02-09 03:00:00,user_002,3,0,3,False,0.0,0.0,11.494291327341042,11.494639674386017,12.0,0.0,0.0,0.0,10.0,1.2,-11.494291327341042,-11.494291327341042,0.0,0.0,11.494291327341042,11.494291327341042,0.0,135.54003681415435,3887.920411931889,67.77001840707717,Prosumer
2023-02-09 04:00:00,user_002,4,0,3,False,0.0,0.0,9.389114018878642,9.389462365923615,12.0,0.0,0.0,0.0,10.0,1.2,-9.389114018878642,-9.389114018878642,0.0,0.0,9.389114018878642,9.389114018878642,0.0,135.54003681415435,3897.3098742978123,67.77001840707717,Prosumer
2023-02-09 05:00:00,user_002,5,0,3,False,0.0,0.0,12.159634183242286,12.159285836197313,12.0,0.0,0.0,0.0,10.0,1.2,-12.159634183242286,-12.159634183242286,0.0,0.0,12.159634183242286,12.159634183242286,0.0,135.54003681415435,3909.4691601340096,67.77001840707717,Prosumer
2023-02-09 06:00:00,user_002,6,0,3,False,0.0,0.0,45.19338445817161,45.19338445817161,12.0,0.0,0.0,0.0,10.0,1.2,-45.19338445817161,-45.19338445817161,0.0,0.0,45.19338445817161,45.19338445817161,0.0,135.54003681415435,3954.6625445921813,67.77001840707717,Prosumer
2023-02-09 07:00:00,user_002,7,0,3,False,0.14823677983849098,0.14771111749863822,49.642937379312215,49.64247291658558,12.0,0.0,0.0,0.0,10.0,1.2,-49.494700599473724,-49.494700599473724,0.0,0.0,49.494700599473724,49.494700599473724,0.07385555874931911,135.68774793165298,4004.305017508767,67.84387396582649,Prosumer
2023-02-09 08:00:00,user_002,8,0,3,False,1.8566393843601072,1.8569547817640188,47.71309475015363,47.7134430971986,12.0,0.0,0.0,0.0,10.0,1.2,-45.85645536579352,-45.85645536579352,0.0,0.0,45.85645536579352,45.85645536579352,0.9284773908820094,137.544702713417,4052.0184606059656,68.7723513567085,Prosumer
2023-02-09 09:00:00,user_002,9,0,3,False,3.430472429879405,3.430051900007523,38.17186918830281,38.17128860989451,12.0,0.0,0.0,0.0,10.0,1.2,-34.741396758423406,-34.741396758423406,0.0,0.0,34.741396758423406,34.741396758423406,1.7150259500037615,140.97475461342452,4090.18974921586,70.48737730671226,Prosumer
2023-02-09 10:00:00,user_002,10,0,3,False,4.304123238714768,4.304333503650708,19.942868324788606,19.94275220910695,12.0,0.0,0.0,0.0,10.0,1.2,-15.638745086073838,-15.638745086073838,0.0,0.0,15.638745086073838,15.638745086073838,2.152166751825354,145.27908811707522,4110.132501424967,72.63954405853761,Prosumer
2023-02-09 11:00:00,user_002,11,0,3,False,5.004305475398703,5.003884945526821,19.66767415925877,19.66767415925877,12.0,0.0,0.0,0.0,10.0,1.2,-14.663368683860067,-14.663368683860067,0.0,0.0,14.663368683860067,14.663368683860067,2.5019424727634103,150.28297306260203,4129.800175584226,75.14148653130101,Prosumer
2023-02-09 12:00:00,user_002,12,0,3,False,5.36911513925655,5.3692202717245205,19.318165957467716,19.317817610422743,12.0,0.0,0.0,0.0,10.0,1.2,-13.949050818211166,-13.949050818211166,0.0,0.0,13.949050818211166,13.949050818211166,2.6846101358622603,155.65219333432654,4149.117993194649,77.82609666716327,Prosumer
2023-02-09 13:00:00,user_002,13,0,3,False,4.6226746166655674,4.622254086793685,24.664131941009302,24.66471251941759,12.0,0.0,0.0,0.0,10.0,1.2,-20.041457324343735,-20.041457324343735,0.0,0.0,20.041457324343735,20.041457324343735,2.3111270433968425,160.27444742112021,4173.782705714067,80.13722371056011,Prosumer
2023-02-09 14:00:00,user_002,14,0,3,False,4.278891446401833,4.2785760489979205,23.05128512277749,23.0507045443692,12.0,0.0,0.0,0.0,10.0,1.2,-18.772393676375657,-18.772393676375657,0.0,0.0,18.772393676375657,18.772393676375657,2.1392880244989603,164.55302347011815,4196.833410258436,82.27651173505907,Prosumer
2023-02-09 15:00:00,user_002,15,0,3,False,2.2960931004770524,2.296303365412993,20.47816161723271,20.478626079959344,12.0,0.0,0.0,0.0,10.0,1.2,-18.18206851675566,-18.18206851675566,0.0,0.0,18.18206851675566,18.18206851675566,1.1481516827064966,166.84932683553114,4217.312036338395,83.42466341776557,Prosumer
2023-02-09 16:00:00,user_002,16,0,3,False,1.018733614634736,1.0186284821667655,19.636322925211072,19.6367873879377,12.0,0.0,0.0,0.0,10.0,1.2,-18.617589310576335,-18.617589310576335,0.0,0.0,18.617589310576335,18.617589310576335,0.5093142410833827,167.86795531769792,4236.948823726333,83.93397765884896,Prosumer
2023-02-09 17:00:00,user_002,17,0,3,False,0.0,0.0,23.88847918753281,23.888014724806176,12.0,0.0,0.0,0.0,10.0,1.2,-23.88847918753281,-23.88847918753281,0.0,0.0,23.88847918753281,23.88847918753281,0.0,167.86795531769792,4260.83683845114,83.93397765884896,Prosumer
2023-02-09 18:00:00,user_002,18,0,3,False,0.0,0.0,24.114904766766216,24.114904766766216,12.0,0.0,0.0,0.0,10.0,1.2,-24.114904766766216,-24.114904766766216,0.0,0.0,24.114904766766216,24.114904766766216,0.0,167.86795531769792,4284.9517432179055,83.93397765884896,Prosumer
2023-02-09 19:00:00,user_002,19,0,3,False,0.0,0.0,19.833719584029936,19.833719584029936,12.0,0.0,0.0,0.0,10.0,1.2,-19.833719584029936,-19.833719584029936,0.0,0.0,19.833719584029936,19.833719584029936,0.0,167.86795531769792,4304.785462801935,83.93397765884896,Prosumer
2023-02-09 20:00:00,user_002,20,0,3,False,0.0,0.0,18.357889270154754,18.358353732881383,12.0,0.0,0.0,0.0,10.0,1.2,-18.357889270154754,-18.357889270154754,0.0,0.0,18.357889270154754,18.357889270154754,0.0,167.86795531769792,4323.143816534816,83.93397765884896,Prosumer
2023-02-09 21:00:00,user_002,21,0,3,False,0.0,0.0,18.571542124405763,18.571542124405763,12.0,0.0,0.0,0.0,10.0,1.2,-18.571542124405763,-18.571542124405763,0.0,0.0,18.571542124405763,18.571542124405763,0.0,167.86795531769792,4341.715358659222,83.93397765884896,Prosumer
2023-02-09 22:00:00,user_002,22,0,3,False,0.0,0.0,11.762518551971388,11.762750783334704,12.0,0.0,0.0,0.0,10.0,1.2,-11.762518551971388,-11.762518551971388,0.0,0.0,11.762518551971388,11.762518551971388,0.0,167.86795531769792,4353.478109442557,83.93397765884896,Prosumer
2023-02-09 23:00:00,user_002,23,0,3,False,0.0,0.0,11.651047497579556,11.651511960306188,12.0,0.0,0.0,0.0,10.0,1.2,-11.651047497579556,-11.651047497579556,0.0,0.0,11.651047497579556,11.651047497579556,0.0,167.86795531769792,4365.129621402863,83.93397765884896,Prosumer
2023-02-10 00:00:00,user_002,0,0,4,False,0.0,0.0,10.753473278361994,10.753821625406971,12.0,0.0,0.0,0.0,10.0,1.2,-10.753473278361994,-10.753473278361994,0.0,0.0,10.753473278361994,10.753473278361994,0.0,167.86795531769792,4375.88344302827,83.93397765884896,Prosumer
2023-02-10 01:00:00,user_002,1,0,4,False,0.0,0.0,9.666630498041638,9.666049919633348,12.0,0.0,0.0,0.0,10.0,1.2,-9.666630498041638,-9.666630498041638,0.0,0.0,9.666630498041638,9.666630498041638,0.0,167.86795531769792,4385.549492947904,83.93397765884896,Prosumer
2023-02-10 02:00:00,user_002,2,0,4,False,0.0,0.0,10.401642762937778,10.402107225664409,12.0,0.0,0.0,0.0,10.0,1.2,-10.401642762937778,-10.401642762937778,0.0,0.0,10.401642762937778,10.401642762937778,0.0,167.86795531769792,4395.951600173568,83.93397765884896,Prosumer
2023-02-10 03:00:00,user_002,3,0,4,False,0.0,0.0,13.30221249075856,13.301864143713585,12.0,0.0,0.0,0.0,10.0,1.2,-13.30221249075856,-13.30221249075856,0.0,0.0,13.30221249075856,13.30221249075856,0.0,167.86795531769792,4409.253464317282,83.93397765884896,Prosumer
2023-02-10 04:00:00,user_002,4,0,4,False,0.0,0.0,12.305939942131566,12.30628828917654,12.0,0.0,0.0,0.0,10.0,1.2,-12.305939942131566,-12.305939942131566,0.0,0.0,12.305939942131566,12.305939942131566,0.0,167.86795531769792,4421.5597526064585,83.93397765884896,Prosumer
2023-02-10 05:00:00,user_002,5,0,4,False,0.0,0.0,11.716072279308124,11.716420626353097,12.0,0.0,0.0,0.0,10.0,1.2,-11.716072279308124,-11.716072279308124,0.0,0.0,11.716072279308124,11.716072279308124,0.0,167.86795531769792,4433.276173232812,83.93397765884896,Prosumer
2023-02-10 06:00:00,user_002,6,0,4,False,0.0,0.0,45.0552067969984,45.05497456563508,12.0,0.0,0.0,0.0,10.0,1.2,-45.0552067969984,-45.0552067969984,0.0,0.0,45.0552067969984,45.0552067969984,0.0,167.86795531769792,4478.331147798447,83.93397765884896,Prosumer
2023-02-10 07:00:00,user_002,7,0,4,False,0.16610929939348637,0.1657939019895747,42.594715502662034,42.5948316183437,12.0,0.0,0.0,0.0,10.0,1.2,-42.42860620326855,-42.42860620326855,0.0,0.0,42.42860620326855,42.42860620326855,0.08289695099478735,168.0337492196875,4520.925979416791,84.01687460984375,Prosumer
2023-02-10 08:00:00,user_002,8,0,4,False,2.0605963722229954,2.0605963722229954,40.614943130390444,40.614362551982154,12.0,0.0,0.0,0.0,10.0,1.2,-38.55434675816745,-38.55434675816745,0.0,0.0,38.55434675816745,38.55434675816745,1.0302981861114977,170.0943455919105,4561.540341968774,85.04717279595525,Prosumer
2023-02-10 09:00:00,user_002,9,0,4,False,3.1445121169994796,3.145037779339332,39.30515824128642,39.30539047264974,12.0,0.0,0.0,0.0,10.0,1.2,-36.16064612428694,-36.16064612428694,0.0,0.0,36.16064612428694,36.16064612428694,1.572518889669666,173.23938337124983,4600.845732441423,86.61969168562491,Prosumer
2023-02-10 10:00:00,user_002,10,0,4,False,4.0602159130230655,4.060741575362918,22.931685970669587,22.932150433396224,12.0,0.0,0.0,0.0,10.0,1.2,-18.871470057646523,-18.871470057646523,0.0,0.0,18.871470057646523,18.871470057646523,2.030370787681459,177.30012494661275,4623.77788287482,88.65006247330638,Prosumer
2023-02-10 11:00:00,user_002,11,0,4,False,4.733063708034655,4.7328534430987155,22.626301727908633,22.626766190635266,12.0,0.0,0.0,0.0,10.0,1.2,-17.893238019873976,-17.893238019873976,0.0,0.0,17.893238019873976,17.893238019873976,2.3664267215493577,182.03297838971147,4646.404649065455,91.01648919485574,Prosumer
2023-02-10 12:00:00,user_002,12,0,4,False,4.264172900885954,4.263962635950012,22.62514057109205,22.625024455410394,12.0,0.0,0.0,0.0,10.0,1.2,-18.360967670206097,-18.360967670206097,0.0,0.0,18.360967670206097,18.360967670206097,2.131981317975006,186.29694102566148,4669.029673520865,93.14847051283074,Prosumer
2023-02-10 13:00:00,user_002,13,0,4,False,5.124156488885142,5.124051356417172,20.629112003388318,20.629344234751635,12.0,0.0,0.0,0.0,10.0,1.2,-15.504955514503177,-15.504955514503177,0.0,0.0,15.504955514503177,15.504955514503177,2.562025678208586,191.42099238207865,4689.659017755616,95.71049619103933,Prosumer
2023-02-10 14:00:00,user_002,14,0,4,False,3.8268218341284204,3.8268218341284204,25.070536826812855,25.069956248404562,12.0,0.0,0.0,0.0,10.0,1.2,-21.243714992684435,-21.243714992684435,0.0,0.0,21.243714992684435,21.243714992684435,1.9134109170642102,195.24781421620708,4714.7289740040205,97.62390710810354,Prosumer
2023-02-10 15:00:00,user_002,15,0,4,False,0.4552235863125291,0.45480305644064684,20.038083183748295,20.03773483670332,12.0,0.0,0.0,0.0,10.0,1.2,-19.582859597435768,-19.582859597435768,0.0,0.0,19.582859597435768,19.582859597435768,0.22740152822032342,195.70261727264773,4734.766708840724,97.85130863632386,Prosumer
2023-02-10 16:00:00,user_002,16,0,4,False,0.04625828590704684,0.04625828590704684,24.514342711670277,24.514807174396914,12.0,0.0,0.0,0.0,10.0,1.2,-24.46808442576323,-24.46808442576323,0.0,0.0,24.46808442576323,24.46808442576323,0.02312914295352342,195.74887555855477,4759.281516015121,97.87443777927739,Prosumer
2023-02-10 17:00:00,user_002,17,0,4,False,0.0,0.0,24.59678484564757,24.59678484564757,12.0,0.0,0.0,0.0,10.0,1.2,-24.59678484564757,-24.59678484564757,0.0,0.0,24.59678484564757,24.59678484564757,0.0,195.74887555855477,4783.878300860769,97.87443777927739,Prosumer
2023-02-10 18:00:00,user_002,18,0,4,False,0.0,0.0,22.7482231936497,22.748687656376333,12.0,0.0,0.0,0.0,10.0,1.2,-22.7482231936497,-22.7482231936497,0.0,0.0,22.7482231936497,22.7482231936497,0.0,195.74887555855477,4806.626988517145,97.87443777927739,Prosumer
2023-02-10 19:00:00,user_002,19,0,4,False,0.0,0.0,21.210851568495688,21.210851568495688,12.0,0.0,0.0,0.0,10.0,1.2,-21.210851568495688,-21.210851568495688,0.0,0.0,21.210851568495688,21.210851568495688,0.0,195.74887555855477,4827.837840085641,97.87443777927739,Prosumer
2023-02-10 20:00:00,user_002,20,0,4,False,0.0,0.0,25.847350737105934,25.847002390060954,12.0,0.0,0.0,0.0,10.0,1.2,-25.847350737105934,-25.847350737105934,0.0,0.0,25.847350737105934,25.847350737105934,0.0,195.74887555855477,4853.684842475702,97.87443777927739,Prosumer
2023-02-10 21:00:00,user_002,21,0,4,False,0.0,0.0,20.856698739438308,20.85646650807499,12.0,0.0,0.0,0.0,10.0,1.2,-20.856698739438308,-20.856698739438308,0.0,0.0,20.856698739438308,20.856698739438308,0.0,195.74887555855477,4874.541308983777,97.87443777927739,Prosumer
2023-02-10 22:00:00,user_002,22,0,4,False,0.0,0.0,10.48408489691507,10.483736549870097,12.0,0.0,0.0,0.0,10.0,1.2,-10.48408489691507,-10.48408489691507,0.0,0.0,10.48408489691507,10.48408489691507,0.0,195.74887555855477,4885.025045533646,97.87443777927739,Prosumer
2023-02-10 23:00:00,user_002,23,0,4,False,0.0,0.0,10.331973353942882,10.332437816669517,12.0,0.0,0.0,0.0,10.0,1.2,-10.331973353942882,-10.331973353942882,0.0,0.0,10.331973353942882,10.331973353942882,0.0,195.74887555855477,4895.357483350316,97.87443777927739,Prosumer
2023-02-11 00:00:00,user_002,0,0,5,True,0.0,0.0,6.640655834030047,6.640539718348387,12.0,0.0,0.0,0.0,10.0,1.2,-6.640655834030047,-6.640655834030047,0.0,0.0,6.640655834030047,6.640655834030047,0.0,195.74887555855477,4901.998023068664,97.87443777927739,Prosumer
2023-02-11 01:00:00,user_002,1,0,5,True,0.0,0.0,7.29787059221522,7.2982189392601935,12.0,0.0,0.0,0.0,10.0,1.2,-7.29787059221522,-7.29787059221522,0.0,0.0,7.29787059221522,7.29787059221522,0.0,195.74887555855477,4909.296242007925,97.87443777927739,Prosumer
2023-02-11 02:00:00,user_002,2,0,5,True,0.0,0.0,8.281370415859815,8.281486531541475,12.0,0.0,0.0,0.0,10.0,1.2,-8.281370415859815,-8.281370415859815,0.0,0.0,8.281370415859815,8.281370415859815,0.0,195.74887555855477,4917.577728539466,97.87443777927739,Prosumer
2023-02-11 03:00:00,user_002,3,0,5,True,0.0,0.0,8.728415790243723,8.727835211835432,12.0,0.0,0.0,0.0,10.0,1.2,-8.728415790243723,-8.728415790243723,0.0,0.0,8.728415790243723,8.728415790243723,0.0,195.74887555855477,4926.305563751302,97.87443777927739,Prosumer
2023-02-11 04:00:00,user_002,4,0,5,True,0.0,0.0,7.524296171448627,7.5238317087219935,12.0,0.0,0.0,0.0,10.0,1.2,-7.524296171448627,-7.524296171448627,0.0,0.0,7.524296171448627,7.524296171448627,0.0,195.74887555855477,4933.829395460024,97.87443777927739,Prosumer
2023-02-11 05:00:00,user_002,5,0,5,True,0.0,0.0,7.919089489086364,7.918625026359731,12.0,0.0,0.0,0.0,10.0,1.2,-7.919089489086364,-7.919089489086364,0.0,0.0,7.919089489086364,7.919089489086364,0.0,195.74887555855477,4941.748020486384,97.87443777927739,Prosumer
2023-02-11 06:00:00,user_002,6,0,5,True,0.0,0.0,35.791497714310566,35.791265482947246,12.0,0.0,0.0,0.0,10.0,1.2,-35.791497714310566,-35.791497714310566,0.0,0.0,35.791497714310566,35.791497714310566,0.0,195.74887555855477,4977.539285969331,97.87443777927739,Prosumer
2023-02-11 07:00:00,user_002,7,0,5,True,0.17346857215142564,0.1730480422795434,29.6060153523805,29.606479815107132,12.0,0.0,0.0,0.0,10.0,1.2,-29.432546780229075,-29.432546780229075,0.0,0.0,29.432546780229075,29.432546780229075,0.0865240211397717,195.9219236008343,5007.1457657844385,97.96096180041715,Prosumer
2023-02-11 08:00:00,user_002,8,0,5,True,1.851382760961579,1.8512776284936086,27.122300921712505,27.122184806030848,12.0,0.0,0.0,0.0,10.0,1.2,-25.270918160750927,-25.270918160750927,0.0,0.0,25.270918160750927,25.270918160750927,0.9256388142468043,197.77320122932792,5034.267950590469,98.88660061466396,Prosumer
2023-02-11 09:00:00,user_002,9,0,5,True,3.4872439625835083,3.4876644924553903,23.933764303379487,23.933415956334514,12.0,0.0,0.0,0.0,10.0,1.2,-20.446520340795978,-20.446520340795978,0.0,0.0,20.446520340795978,20.446520340795978,1.7438322462276952,201.26086572178332,5058.201366546803,100.63043286089166,Prosumer
2023-02-11 10:00:00,user_002,10,0,5,True,4.396639810528861,4.397060340400744,20.612855807956176,20.613204155001153,12.0,0.0,0.0,0.0,10.0,1.2,-16.216215997427316,-16.216215997427316,0.0,0.0,16.216215997427316,16.216215997427316,2.198530170200372,205.65792606218406,5078.814570701804,102.82896303109203,Prosumer
2023-02-11 11:00:00,user_002,11,0,5,True,4.537517317609412,4.537832715013324,19.032521380588648,19.03228914922533,12.0,0.0,0.0,0.0,10.0,1.2,-14.495004062979236,-14.495004062979236,0.0,0.0,14.495004062979236,14.495004062979236,2.268916357506662,210.1957587771974,5097.846859851029,105.0978793885987,Prosumer
2023-02-11 12:00:00,user_002,12,0,5,True,5.052666410665162,5.052771543133132,19.522529557186072,19.52299401991271,12.0,0.0,0.0,0.0,10.0,1.2,-14.469863146520911,-14.469863146520911,0.0,0.0,14.469863146520911,14.469863146520911,2.526385771566566,215.24853032033053,5117.369853870941,107.62426516016527,Prosumer
2023-02-11 13:00:00,user_002,13,0,5,True,4.319893108910351,4.319577711506439,20.6999425691998,20.69971033783648,12.0,0.0,0.0,0.0,10.0,1.2,-16.38004946028945,-16.38004946028945,0.0,0.0,16.38004946028945,16.38004946028945,2.1597888557532197,219.56810803183697,5138.069564208778,109.78405401591849,Prosumer
2023-02-11 14:00:00,user_002,14,0,5,True,4.072831809179533,4.072516411775621,23.21500823391549,23.21535658096047,12.0,0.0,0.0,0.0,10.0,1.2,-19.142176424735958,-19.142176424735958,0.0,0.0,19.142176424735958,19.142176424735958,2.0362582058878105,223.64062444361258,5161.284920789738,111.82031222180629,Prosumer
2023-02-11 15:00:00,user_002,15,0,5,True,2.730290193195469,2.7305004581314103,20.551314496677353,20.551314496677353,12.0,0.0,0.0,0.0,10.0,1.2,-17.821024303481884,-17.821024303481884,0.0,0.0,17.821024303481884,17.821024303481884,1.3652502290657051,226.371124901744,5181.836235286415,113.185562450872,Prosumer
2023-02-11 16:00:00,user_002,16,0,5,True,1.1123015111285355,1.1117758487886826,22.760995918632098,22.76076368726878,12.0,0.0,0.0,0.0,10.0,1.2,-21.648694407503562,-21.648694407503562,0.0,0.0,21.648694407503562,21.648694407503562,0.5558879243943413,227.48290075053268,5204.596998973684,113.74145037526634,Prosumer
2023-02-11 17:00:00,user_002,17,0,5,True,0.0,0.00042052987188224397,17.419674562356835,17.419790678038495,12.0,0.0,0.0,0.0,10.0,1.2,-17.419674562356835,-17.419674562356835,0.0,0.0,17.419674562356835,17.419674562356835,0.00021026493594112199,227.48332128040457,5222.016789651722,113.74166064020228,Prosumer
2023-02-11 18:00:00,user_002,18,0,5,True,0.0,0.0,19.48537253905546,19.485837001782098,12.0,0.0,0.0,0.0,10.0,1.2,-19.48537253905546,-19.48537253905546,0.0,0.0,19.48537253905546,19.48537253905546,0.0,227.48332128040457,5241.502626653504,113.74166064020228,Prosumer
2023-02-11 19:00:00,user_002,19,0,5,True,0.0,0.0,22.435872009989254,22.435872009989254,12.0,0.0,0.0,0.0,10.0,1.2,-22.435872009989254,-22.435872009989254,0.0,0.0,22.435872009989254,22.435872009989254,0.0,227.48332128040457,5263.938498663493,113.74166064020228,Prosumer
2023-02-11 20:00:00,user_002,20,0,5,True,0.0,0.0,20.069434417795996,20.068853839387707,12.0,0.0,0.0,0.0,10.0,1.2,-20.069434417795996,-20.069434417795996,0.0,0.0,20.069434417795996,20.069434417795996,0.0,227.48332128040457,5284.007352502881,113.74166064020228,Prosumer
2023-02-11 21:00:00,user_002,21,0,5,True,0.0,0.0,21.303744113822216,21.304324692230505,12.0,0.0,0.0,0.0,10.0,1.2,-21.303744113822216,-21.303744113822216,0.0,0.0,21.303744113822216,21.303744113822216,0.0,227.48332128040457,5305.311677195112,113.74166064020228,Prosumer
2023-02-11 22:00:00,user_002,22,0,5,True,0.0,0.0,9.09301903065034,9.092786799287023,12.0,0.0,0.0,0.0,10.0,1.2,-9.09301903065034,-9.09301903065034,0.0,0.0,9.09301903065034,9.09301903065034,0.0,227.48332128040457,5314.404463994399,113.74166064020228,Prosumer
2023-02-11 23:00:00,user_002,23,0,5,True,0.0,0.0,8.96180831037662,8.961343847649989,12.0,0.0,0.0,0.0,10.0,1.2,-8.96180831037662,-8.96180831037662,0.0,0.0,8.96180831037662,8.96180831037662,0.0,227.48332128040457,5323.3658078420485,113.74166064020228,Prosumer
2023-02-12 00:00:00,user_002,0,0,6,True,0.0,0.0,9.803647002398264,9.804111465124898,12.0,0.0,0.0,0.0,10.0,1.2,-9.803647002398264,-9.803647002398264,0.0,0.0,9.803647002398264,9.803647002398264,0.0,227.48332128040457,5333.169919307174,113.74166064020228,Prosumer
2023-02-12 01:00:00,user_002,1,0,6,True,0.0,0.0,9.015221523939374,9.015221523939374,12.0,0.0,0.0,0.0,10.0,1.2,-9.015221523939374,-9.015221523939374,0.0,0.0,9.015221523939374,9.015221523939374,0.0,227.48332128040457,5342.185140831113,113.74166064020228,Prosumer
2023-02-12 02:00:00,user_002,2,0,6,True,0.0,0.0,7.755366377948361,7.7551341465850445,12.0,0.0,0.0,0.0,10.0,1.2,-7.755366377948361,-7.755366377948361,0.0,0.0,7.755366377948361,7.755366377948361,0.0,227.48332128040457,5349.940274977698,113.74166064020228,Prosumer
2023-02-12 03:00:00,user_002,3,0,6,True,0.0,0.0,8.78415131743964,8.784499664484613,12.0,0.0,0.0,0.0,10.0,1.2,-8.78415131743964,-8.78415131743964,0.0,0.0,8.78415131743964,8.78415131743964,0.0,227.48332128040457,5358.724774642183,113.74166064020228,Prosumer
2023-02-12 04:00:00,user_002,4,0,6,True,0.0,0.0,7.439531723838171,7.439299492474855,12.0,0.0,0.0,0.0,10.0,1.2,-7.439531723838171,-7.439531723838171,0.0,0.0,7.439531723838171,7.439531723838171,0.0,227.48332128040457,5366.164074134657,113.74166064020228,Prosumer
2023-02-12 05:00:00,user_002,5,0,6,True,0.0,0.0,8.254663809078439,8.254315462033464,12.0,0.0,0.0,0.0,10.0,1.2,-8.254663809078439,-8.254663809078439,0.0,0.0,8.254663809078439,8.254663809078439,0.0,227.48332128040457,5374.418389596691,113.74166064020228,Prosumer
2023-02-12 06:00:00,user_002,6,0,6,True,0.0,0.0,25.44791279220187,25.44779667652021,12.0,0.0,0.0,0.0,10.0,1.2,-25.44791279220187,-25.44791279220187,0.0,0.0,25.44791279220187,25.44791279220187,0.0,227.48332128040457,5399.866186273211,113.74166064020228,Prosumer
2023-02-12 07:00:00,user_002,7,0,6,True,0.20711096190200518,0.20690069696606403,30.685891191801367,30.686471770209657,12.0,0.0,0.0,0.0,10.0,1.2,-30.478780229899364,-30.478780229899364,0.0,0.0,30.478780229899364,30.478780229899364,0.10345034848303201,227.69022197737064,5430.55265804342,113.84511098868532,Prosumer
2023-02-12 08:00:00,user_002,8,0,6,True,1.5401906557687186,1.5399803908327776,24.907974872491433,24.907394294083144,12.0,0.0,0.0,0.0,10.0,1.2,-23.367784216722715,-23.367784216722715,0.0,0.0,23.367784216722715,23.367784216722715,0.7699901954163888,229.2302023682034,5455.460052337503,114.6151011841017,Prosumer
2023-02-12 09:00:00,user_002,9,0,6,True,3.4925005859820364,3.4927108509179776,22.680876098287968,22.68075998260631,12.0,0.0,0.0,0.0,10.0,1.2,-19.18837551230593,-19.18837551230593,0.0,0.0,19.18837551230593,19.18837551230593,1.7463554254589888,232.72291321912138,5478.140812320109,116.36145660956069,Prosumer
2023-02-12 10:00:00,user_002,10,0,6,True,4.083345055976589,4.083029658572677,19.314682487017972,19.315146949744605,12.0,0.0,0.0,0.0,10.0,1.2,-15.231337431041382,-15.231337431041382,0.0,0.0,15.231337431041382,15.231337431041382,2.0415148292863385,236.80594287769406,5497.455959269853,118.40297143884703,Prosumer
2023-02-12 11:00:00,user_002,11,0,6,True,5.318651554630681,5.318125892290828,20.54783102622761,20.548295488954242,12.0,0.0,0.0,0.0,10.0,1.2,-15.229179471596929,-15.229179471596929,0.0,0.0,15.229179471596929,15.229179471596929,2.659062946145414,242.1240687699849,5518.004254758807,121.06203438499244,Prosumer
2023-02-12 12:00:00,user_002,12,0,6,True,4.803502461574932,4.803502461574932,20.052017065547272,20.05236541259225,12.0,0.0,0.0,0.0,10.0,1.2,-15.248514603972339,-15.248514603972339,0.0,0.0,15.248514603972339,15.248514603972339,2.401751230787466,246.92757123155982,5538.056620171399,123.46378561577991,Prosumer
2023-02-12 13:00:00,user_002,13,0,6,True,4.430282200279441,4.430597597683351,19.712959275105455,19.712843159423795,12.0,0.0,0.0,0.0,10.0,1.2,-15.282677074826013,-15.282677074826013,0.0,0.0,15.282677074826013,15.282677074826013,2.2152987988416757,251.35816882924317,5557.769463330823,125.67908441462158,Prosumer
2023-02-12 14:00:00,user_002,14,0,6,True,3.5051164821385035,3.505431879542415,20.77193429182785,20.771585944782878,12.0,0.0,0.0,0.0,10.0,1.2,-17.266817809689346,-17.266817809689346,0.0,0.0,17.266817809689346,17.266817809689346,1.7527159397712075,254.86360070878558,5578.5410492756055,127.43180035439279,Prosumer
2023-02-12 15:00:00,user_002,15,0,6,True,2.8890402198310166,2.8889350873630457,22.286082780650233,22.28631501201355,12.0,0.0,0.0,0.0,10.0,1.2,-19.397042560819216,-19.397042560819216,0.0,0.0,19.397042560819216,19.397042560819216,1.4444675436815229,257.7525357961486,5600.827364287619,128.8762678980743,Prosumer
2023-02-12 16:00:00,user_002,16,0,6,True,1.3215151223899515,1.3211997249860399,22.15951668764284,22.159284456279522,12.0,0.0,0.0,0.0,10.0,1.2,-20.83800156525289,-20.83800156525289,0.0,0.0,20.83800156525289,20.83800156525289,0.6605998624930199,259.07373552113467,5622.9866487438985,129.53686776056733,Prosumer
2023-02-12 17:00:00,user_002,17,0,6,True,0.0,0.0,22.470706714486703,22.47093894585002,12.0,0.0,0.0,0.0,10.0,1.2,-22.470706714486703,-22.470706714486703,0.0,0.0,22.470706714486703,22.470706714486703,0.0,259.07373552113467,5645.457587689749,129.53686776056733,Prosumer
2023-02-12 18:00:00,user_002,18,0,6,True,0.0,0.0,20.596599612524034,20.596019034115745,12.0,0.0,0.0,0.0,10.0,1.2,-20.596599612524034,-20.596599612524034,0.0,0.0,20.596599612524034,20.596599612524034,0.0,259.07373552113467,5666.0536067238645,129.53686776056733,Prosumer
2023-02-12 19:00:00,user_002,19,0,6,True,0.0,0.0,23.033867770528765,23.03375165484711,12.0,0.0,0.0,0.0,10.0,1.2,-23.033867770528765,-23.033867770528765,0.0,0.0,23.033867770528765,23.033867770528765,0.0,259.07373552113467,5689.0873583787115,129.53686776056733,Prosumer
2023-02-12 20:00:00,user_002,20,0,6,True,0.0,0.0,18.388079347385872,18.388195463067532,12.0,0.0,0.0,0.0,10.0,1.2,-18.388079347385872,-18.388079347385872,0.0,0.0,18.388079347385872,18.388079347385872,0.0,259.07373552113467,5707.475553841779,129.53686776056733,Prosumer
2023-02-12 21:00:00,user_002,21,0,6,True,0.0,0.0,17.938711659368803,17.938711659368803,12.0,0.0,0.0,0.0,10.0,1.2,-17.938711659368803,-17.938711659368803,0.0,0.0,17.938711659368803,17.938711659368803,0.0,259.07373552113467,5725.414265501148,129.53686776056733,Prosumer
2023-02-12 22:00:00,user_002,22,0,6,True,0.0,0.0,10.430671683352317,10.430903914715634,12.0,0.0,0.0,0.0,10.0,1.2,-10.430671683352317,-10.430671683352317,0.0,0.0,10.430671683352317,10.430671683352317,0.0,259.07373552113467,5735.845169415864,129.53686776056733,Prosumer
2023-02-12 23:00:00,user_002,23,0,6,True,0.0,0.0,10.74186171019618,10.742326172922812,12.0,0.0,0.0,0.0,10.0,1.2,-10.74186171019618,-10.74186171019618,0.0,0.0,10.74186171019618,10.74186171019618,0.0,259.07373552113467,5746.587495588787,129.53686776056733,Prosumer
2023-02-13 00:00:00,user_002,0,0,0,False,0.0,0.0,12.151506085526217,12.151738316889531,12.0,0.0,0.0,0.0,10.0,1.2,-12.151506085526217,-12.151506085526217,0.0,0.0,12.151506085526217,12.151506085526217,0.0,259.07373552113467,5758.739233905676,129.53686776056733,Prosumer
2023-02-13 01:00:00,user_002,1,0,0,False,0.0,0.0,12.20608045590555,12.205499877497259,12.0,0.0,0.0,0.0,10.0,1.2,-12.20608045590555,-12.20608045590555,0.0,0.0,12.20608045590555,12.20608045590555,0.0,259.07373552113467,5770.944733783173,129.53686776056733,Prosumer
2023-02-13 02:00:00,user_002,2,0,0,False,0.0,0.0,10.378419626606147,10.379000205014437,12.0,0.0,0.0,0.0,10.0,1.2,-10.378419626606147,-10.378419626606147,0.0,0.0,10.378419626606147,10.378419626606147,0.0,259.07373552113467,5781.323733988188,129.53686776056733,Prosumer
2023-02-13 03:00:00,user_002,3,0,0,False,0.0,0.0,12.538171305447882,12.537706842721247,12.0,0.0,0.0,0.0,10.0,1.2,-12.538171305447882,-12.538171305447882,0.0,0.0,12.538171305447882,12.538171305447882,0.0,259.07373552113467,5793.8614408309095,129.53686776056733,Prosumer
2023-02-13 04:00:00,user_002,4,0,0,False,0.0,0.0,12.775047296030523,12.774815064667207,12.0,0.0,0.0,0.0,10.0,1.2,-12.775047296030523,-12.775047296030523,0.0,0.0,12.775047296030523,12.775047296030523,0.0,259.07373552113467,5806.636255895577,129.53686776056733,Prosumer
2023-02-13 05:00:00,user_002,5,0,0,False,0.0,0.0,10.406287390204104,10.40593904315913,12.0,0.0,0.0,0.0,10.0,1.2,-10.406287390204104,-10.406287390204104,0.0,0.0,10.406287390204104,10.406287390204104,0.0,259.07373552113467,5817.042194938736,129.53686776056733,Prosumer
2023-02-13 06:00:00,user_002,6,0,0,False,0.0,0.0,49.48037542499079,49.48049154067245,12.0,0.0,0.0,0.0,10.0,1.2,-49.48037542499079,-49.48037542499079,0.0,0.0,49.48037542499079,49.48037542499079,0.0,259.07373552113467,5866.522686479409,129.53686776056733,Prosumer
2023-02-13 07:00:00,user_002,7,0,0,False,0.25862587120758,0.25873100367555063,42.63883946169213,42.638374998965496,12.0,0.0,0.0,0.0,10.0,1.2,-42.38021359048455,-42.38021359048455,0.0,0.0,42.38021359048455,42.38021359048455,0.12936550183777532,259.33246652481023,5909.161061478374,129.66623326240511,Prosumer
2023-02-13 08:00:00,user_002,8,0,0,False,2.0637503462621125,2.0642760086019654,43.733810339728564,43.73404257109188,12.0,0.0,0.0,0.0,10.0,1.2,-41.67005999346645,-41.67005999346645,0.0,0.0,41.67005999346645,41.67005999346645,1.0321380043009827,261.3967425334122,5952.895104049466,130.6983712667061,Prosumer
2023-02-13 09:00:00,user_002,9,0,0,False,3.5808118590773077,3.581127256481219,1.4526071775435543,1.452374946180238,12.0,2.155,0.0,-2.155,27.96,3.355,-0.02679531846624661,-0.02679531846624661,0.0,0.0,0.02679531846624661,0.02679531846624661,1.7905636282406094,264.9778697898934,5954.347478995646,132.4889348949467,Prosumer
2023-02-13 10:00:00,user_002,10,0,0,False,4.6994213182840765,4.699841848155958,0.06038015446224206,0.06049627014390022,12.0,4.418,0.0,-4.418,64.78,7.774,0.22104116382183392,0.22104116382183392,0.22104116382183392,0.22104116382183392,0.0,0.0,2.349920924077979,269.6777116380494,5954.40797526579,134.8388558190247,Prosumer
2023-02-13 11:00:00,user_002,11,0,0,False,4.988535605203119,4.98874587013906,0.06038015446224206,0.06014792309892575,12.0,3.626,0.0,-3.626,95.0,11.4,1.302155450740877,1.302155450740877,1.302155450740877,1.302155450740877,0.0,0.0,2.49437293506953,274.66645750818844,5954.468123188889,137.33322875409422,Prosumer
2023-02-13 12:00:00,user_002,12,0,0,False,4.958047189491657,4.957626659619774,0.06038015446224206,0.06014792309892575,12.0,0.0,0.0,0.0,95.0,11.4,4.897667035029414,4.897667035029414,4.897667035029414,4.897667035029414,0.0,0.0,2.478813329809887,279.62408416780823,5954.528271111988,139.81204208390412,Prosumer
2023-02-13 13:00:00,user_002,13,0,0,False,5.019024020914582,5.0194445507864645,0.058057840829078916,0.058057840829078916,12.0,0.0,0.0,0.0,95.0,11.4,4.960966180085503,4.960966180085503,4.960966180085503,4.960966180085503,0.0,0.0,2.5097222753932322,284.6435287185947,5954.586328952817,142.32176435929736,Prosumer
2023-02-13 14:00:00,user_002,14,0,0,False,4.115936121047463,4.115620723643551,0.06038015446224206,0.0608446171888747,12.0,0.0,0.0,0.0,95.0,11.4,4.055555966585221,4.055555966585221,4.055555966585221,4.055555966585221,0.0,0.0,2.0578103618217756,288.75914944223825,5954.647173570006,144.37957472111913,Prosumer
2023-02-13 15:00:00,user_002,15,0,0,False,3.117177675327133,3.1173879402630744,0.06038015446224206,0.06026403878058391,12.0,0.0,0.0,0.0,95.0,11.4,3.056797520864891,3.056797520864891,3.056797520864891,3.056797520864891,0.0,0.0,1.5586939701315372,291.87653738250134,5954.707437608787,145.93826869125067,Prosumer
2023-02-13 16:00:00,user_002,16,0,0,False,1.2216392778179186,1.2212187479460366,3.915420785513082,3.9151885541497653,12.0,0.0,2.21,2.21,76.58,9.19,-0.48378150769516326,-0.48378150769516326,0.0,0.0,0.48378150769516326,0.48378150769516326,0.6106093739730183,293.09775613044735,5958.622626162936,146.54887806522368,Prosumer
2023-02-13 17:00:00,user_002,17,0,0,False,0.0,0.0,16.215554943561738,16.215322712198425,12.0,0.0,7.99,7.99,10.0,1.2,-8.225554943561738,-8.225554943561738,0.0,0.0,8.225554943561738,8.225554943561738,0.0,293.09775613044735,5974.837948875134,146.54887806522368,Prosumer
2023-02-13 18:00:00,user_002,18,0,0,False,0.0,0.0,20.348112053775576,20.347647591048943,12.0,0.0,0.0,0.0,10.0,1.2,-20.348112053775576,-20.348112053775576,0.0,0.0,20.348112053775576,20.348112053775576,0.0,293.09775613044735,5995.185596466184,146.54887806522368,Prosumer
2023-02-13 19:00:00,user_002,19,0,0,False,0.0,0.0,20.27844264478068,20.278326529099022,12.0,0.0,0.0,0.0,10.0,1.2,-20.27844264478068,-20.27844264478068,0.0,0.0,20.27844264478068,20.27844264478068,0.0,293.09775613044735,6015.463922995283,146.54887806522368,Prosumer
2023-02-13 20:00:00,user_002,20,0,0,False,0.0,0.0,25.783487112193942,25.783719343557262,12.0,0.0,0.0,0.0,10.0,1.2,-25.783487112193942,-25.783487112193942,0.0,0.0,25.783487112193942,25.783487112193942,0.0,293.09775613044735,6041.24764233884,146.54887806522368,Prosumer
2023-02-13 21:00:00,user_002,21,0,0,False,0.0,0.0,25.834578012123533,25.833997433715243,12.0,0.0,0.0,0.0,10.0,1.2,-25.834578012123533,-25.834578012123533,0.0,0.0,25.834578012123533,25.834578012123533,0.0,293.09775613044735,6067.081639772555,146.54887806522368,Prosumer
2023-02-13 22:00:00,user_002,22,0,0,False,0.0,0.0,11.659175595295627,11.659407826658944,12.0,0.0,0.0,0.0,10.0,1.2,-11.659175595295627,-11.659175595295627,0.0,0.0,11.659175595295627,11.659175595295627,0.0,293.09775613044735,6078.741047599214,146.54887806522368,Prosumer
2023-02-13 23:00:00,user_002,23,0,0,False,0.0,0.0,8.994320701240905,8.994320701240905,12.0,0.0,0.0,0.0,10.0,1.2,-8.994320701240905,-8.994320701240905,0.0,0.0,8.994320701240905,8.994320701240905,0.0,293.09775613044735,6087.735368300455,146.54887806522368,Prosumer
2023-02-14 00:00:00,user_002,0,0,1,False,0.0,0.0,10.716316260231384,10.716780722958019,12.0,0.0,0.0,0.0,10.0,1.2,-10.716316260231384,-10.716316260231384,0.0,0.0,10.716316260231384,10.716316260231384,0.0,293.09775613044735,6098.452149023413,146.54887806522368,Prosumer
2023-02-14 01:00:00,user_002,1,0,1,False,0.0,0.0,10.608328676289297,10.608677023334273,12.0,0.0,0.0,0.0,10.0,1.2,-10.608328676289297,-10.608328676289297,0.0,0.0,10.608328676289297,10.608328676289297,0.0,293.09775613044735,6109.060826046747,146.54887806522368,Prosumer
2023-02-14 02:00:00,user_002,2,0,1,False,0.0,0.0,10.525886542312007,10.526002657993663,12.0,0.0,0.0,0.0,10.0,1.2,-10.525886542312007,-10.525886542312007,0.0,0.0,10.525886542312007,10.525886542312007,0.0,293.09775613044735,6119.586828704741,146.54887806522368,Prosumer
2023-02-14 03:00:00,user_002,3,0,1,False,0.0,0.0,12.47082421008615,12.47082421008615,12.0,0.0,0.0,0.0,10.0,1.2,-12.47082421008615,-12.47082421008615,0.0,0.0,12.47082421008615,12.47082421008615,0.0,293.09775613044735,6132.057652914827,146.54887806522368,Prosumer
2023-02-14 04:00:00,user_002,4,0,1,False,0.0,0.0,10.071874227028609,10.071525879983636,12.0,0.0,0.0,0.0,10.0,1.2,-10.071874227028609,-10.071874227028609,0.0,0.0,10.071874227028609,10.071874227028609,0.0,293.09775613044735,6142.12917879481,146.54887806522368,Prosumer
2023-02-14 05:00:00,user_002,5,0,1,False,0.0,0.0,10.398159292488034,10.398623755214665,12.0,0.0,0.0,0.0,10.0,1.2,-10.398159292488034,-10.398159292488034,0.0,0.0,10.398159292488034,10.398159292488034,0.0,293.09775613044735,6152.527802550025,146.54887806522368,Prosumer
2023-02-14 06:00:00,user_002,6,0,1,False,0.0,0.0,48.83825570542118,48.837907358376206,12.0,0.0,0.0,0.0,10.0,1.2,-48.83825570542118,-48.83825570542118,0.0,0.0,48.83825570542118,48.83825570542118,0.0,293.09775613044735,6201.365709908401,146.54887806522368,Prosumer
2023-02-14 07:00:00,user_002,7,0,1,False,0.29647355967698197,0.29626329474104085,49.013590384725,49.01382261608831,12.0,0.0,0.0,0.0,10.0,1.2,-48.717116825048016,-48.717116825048016,0.0,0.0,48.717116825048016,48.717116825048016,0.14813164737052043,293.3940194251884,6250.379532524489,146.6970097125942,Prosumer
2023-02-14 08:00:00,user_002,8,0,1,False,2.154164268716795,2.154374533652736,40.81698441647564,40.81698441647564,12.0,0.0,0.0,0.0,10.0,1.2,-38.66282014775884,-38.66282014775884,0.0,0.0,38.66282014775884,38.66282014775884,1.077187266826368,295.54839395884113,6291.196516940965,147.77419697942057,Prosumer
2023-02-14 09:00:00,user_002,9,0,1,False,3.4115485856447045,3.4114434531767337,34.531642568319555,34.532223146727844,12.0,0.0,0.0,0.0,10.0,1.2,-31.12009398267485,-31.12009398267485,0.0,0.0,31.12009398267485,31.12009398267485,1.7057217265883668,298.95983741201786,6325.728740087693,149.47991870600893,Prosumer
2023-02-14 10:00:00,user_002,10,0,1,False,5.159901527995134,5.160006660463104,22.502057948534407,22.502057948534407,12.0,0.0,0.0,0.0,10.0,1.2,-17.342156420539272,-17.342156420539272,0.0,0.0,17.342156420539272,17.342156420539272,2.580003330231552,304.119844072481,6348.2307980362275,152.0599220362405,Prosumer
2023-02-14 11:00:00,user_002,11,0,1,False,5.606714516870018,5.60702991427393,22.988582654682084,22.988466539000427,12.0,0.0,0.0,0.0,10.0,1.2,-17.381868137812067,-17.381868137812067,0.0,0.0,17.381868137812067,17.381868137812067,2.803514957136965,309.7268739867549,6371.2192645752275,154.86343699337746,Prosumer
2023-02-14 12:00:00,user_002,12,0,1,False,4.964355137569891,4.964355137569891,20.24825256754956,20.248368683231217,12.0,0.0,0.0,0.0,10.0,1.2,-15.28389742997967,-15.28389742997967,0.0,0.0,15.28389742997967,15.28389742997967,2.4821775687849454,314.6912291243248,6391.467633258459,157.3456145621624,Prosumer
2023-02-14 13:00:00,user_002,13,0,1,False,4.4986183044603045,4.499143966800157,22.51599183033338,22.516107946015044,12.0,0.0,0.0,0.0,10.0,1.2,-18.017373525873076,-18.017373525873076,0.0,0.0,18.017373525873076,18.017373525873076,2.2495719834000787,319.19037309112497,6413.9837412044735,159.59518654556248,Prosumer
2023-02-14 14:00:00,user_002,14,0,1,False,3.252798559009157,3.253219088881039,18.602893358453464,18.60324170549844,12.0,0.0,0.0,0.0,10.0,1.2,-15.350094799444307,-15.350094799444307,0.0,0.0,15.350094799444307,15.350094799444307,1.6266095444405195,322.443592180006,6432.586982909972,161.221796090003,Prosumer
2023-02-14 15:00:00,user_002,15,0,1,False,2.3108116459929304,2.311232175864813,24.58052865021543,24.58041253453377,12.0,0.0,0.0,0.0,10.0,1.2,-22.2697170042225,-22.2697170042225,0.0,0.0,22.2697170042225,22.2697170042225,1.1556160879324064,324.7548243558708,6457.167395444506,162.3774121779354,Prosumer
2023-02-14 16:00:00,user_002,16,0,1,False,1.2784108105220218,1.2783056780540512,22.46141745995405,22.461069112909072,12.0,0.0,0.0,0.0,10.0,1.2,-21.183006649432027,-21.183006649432027,0.0,0.0,21.183006649432027,21.183006649432027,0.6391528390270256,326.03313003392486,6479.628464557415,163.01656501696243,Prosumer
2023-02-14 17:00:00,user_002,17,0,1,False,0.029437091031757078,0.029016561159874835,22.52063645759971,22.520288110554734,12.0,0.0,0.0,0.0,10.0,1.2,-22.491199366567955,-22.491199366567955,0.0,0.0,22.491199366567955,22.491199366567955,0.014508280579937418,326.06214659508476,6502.14875266797,163.03107329754238,Prosumer
2023-02-14 18:00:00,user_002,18,0,1,False,0.0,0.0,21.052934241440596,21.053050357122252,12.0,0.0,0.0,0.0,10.0,1.2,-21.052934241440596,-21.052934241440596,0.0,0.0,21.052934241440596,21.052934241440596,0.0,326.06214659508476,6523.201803025093,163.03107329754238,Prosumer
2023-02-14 19:00:00,user_002,19,0,1,False,0.0,0.0,19.31236017338481,19.311895710658174,12.0,0.0,0.0,0.0,10.0,1.2,-19.31236017338481,-19.31236017338481,0.0,0.0,19.31236017338481,19.31236017338481,0.0,326.06214659508476,6542.513698735751,163.03107329754238,Prosumer
2023-02-14 20:00:00,user_002,20,0,1,False,0.0,0.0,23.01877273191321,23.019121078958182,12.0,0.0,0.0,0.0,10.0,1.2,-23.01877273191321,-23.01877273191321,0.0,0.0,23.01877273191321,23.01877273191321,0.0,326.06214659508476,6565.532819814709,163.03107329754238,Prosumer
2023-02-14 21:00:00,user_002,21,0,1,False,0.0,0.0,21.501140772641083,21.501605235367716,12.0,0.0,0.0,0.0,10.0,1.2,-21.501140772641083,-21.501140772641083,0.0,0.0,21.501140772641083,21.501140772641083,0.0,326.06214659508476,6587.034425050077,163.03107329754238,Prosumer
2023-02-14 22:00:00,user_002,22,0,1,False,0.0,0.0,10.407448547020685,10.407913009747318,12.0,0.0,0.0,0.0,10.0,1.2,-10.407448547020685,-10.407448547020685,0.0,0.0,10.407448547020685,10.407448547020685,0.0,326.06214659508476,6597.442338059824,163.03107329754238,Prosumer
2023-02-14 23:00:00,user_002,23,0,1,False,0.0,0.0,11.52796487502191,11.527732643658592,12.0,0.0,0.0,0.0,10.0,1.2,-11.52796487502191,-11.52796487502191,0.0,0.0,11.52796487502191,11.52796487502191,0.0,326.06214659508476,6608.970070703483,163.03107329754238,Prosumer
2023-02-15 00:00:00,user_002,0,0,2,False,0.0,0.0,10.390031194771963,10.390263426135277,12.0,0.0,0.0,0.0,10.0,1.2,-10.390031194771963,-10.390031194771963,0.0,0.0,10.390031194771963,10.390031194771963,0.0,326.06214659508476,6619.3603341296175,163.03107329754238,Prosumer
2023-02-15 01:00:00,user_002,1,0,2,False,0.0,0.0,10.229791554083704,10.22944320703873,12.0,0.0,0.0,0.0,10.0,1.2,-10.229791554083704,-10.229791554083704,0.0,0.0,10.229791554083704,10.229791554083704,0.0,326.06214659508476,6629.589777336656,163.03107329754238,Prosumer
2023-02-15 02:00:00,user_002,2,0,2,False,0.0,0.0,9.877961038659485,9.877728807296169,12.0,0.0,0.0,0.0,10.0,1.2,-9.877961038659485,-9.877961038659485,0.0,0.0,9.877961038659485,9.877961038659485,0.0,326.06214659508476,6639.467506143952,163.03107329754238,Prosumer
2023-02-15 03:00:00,user_002,3,0,2,False,0.0,0.0,9.657341243508986,9.657341243508986,12.0,0.0,0.0,0.0,10.0,1.2,-9.657341243508986,-9.657341243508986,0.0,0.0,9.657341243508986,9.657341243508986,0.0,326.06214659508476,6649.124847387461,163.03107329754238,Prosumer
2023-02-15 04:00:00,user_002,4,0,2,False,0.0,0.0,10.518919601412517,10.518455138685885,12.0,0.0,0.0,0.0,10.0,1.2,-10.518919601412517,-10.518919601412517,0.0,0.0,10.518919601412517,10.518919601412517,0.0,326.06214659508476,6659.643302526147,163.03107329754238,Prosumer
2023-02-15 05:00:00,user_002,5,0,2,False,0.0,0.0,9.217262810024568,9.217378925706226,12.0,0.0,0.0,0.0,10.0,1.2,-9.217262810024568,-9.217262810024568,0.0,0.0,9.217262810024568,9.217262810024568,0.0,326.06214659508476,6668.8606814518525,163.03107329754238,Prosumer
2023-02-15 06:00:00,user_002,6,0,2,False,0.0,0.0,38.2159931473329,38.21564480028793,12.0,0.0,0.0,0.0,10.0,1.2,-38.2159931473329,-38.2159931473329,0.0,0.0,38.2159931473329,38.2159931473329,0.0,326.06214659508476,6707.0763262521405,163.03107329754238,Prosumer
2023-02-15 07:00:00,user_002,7,0,2,False,0.32275667666962227,0.32307207407353394,43.996231780276,43.996812358684295,12.0,0.0,0.0,0.0,10.0,1.2,-43.67347510360638,-43.67347510360638,0.0,0.0,43.67347510360638,43.67347510360638,0.16153603703676697,326.3852186691583,6751.073138610825,163.19260933457915,Prosumer
2023-02-15 08:00:00,user_002,8,0,2,False,2.2466808405308885,2.2464705755949472,42.08496766018272,42.08461931313774,12.0,0.0,0.0,0.0,10.0,1.2,-39.838286819651834,-39.838286819651834,0.0,0.0,39.838286819651834,39.838286819651834,1.1232352877974736,328.63168924475326,6793.157757923962,164.31584462237663,Prosumer
2023-02-15 09:00:00,user_002,9,0,2,False,3.9351082761380978,3.9346877462662158,37.18836936465821,37.18813713329489,12.0,0.0,0.0,0.0,10.0,1.2,-33.25326108852011,-33.25326108852011,0.0,0.0,33.25326108852011,33.25326108852011,1.9673438731331079,332.56637699101947,6830.345895057257,166.28318849550973,Prosumer
2023-02-15 10:00:00,user_002,10,0,2,False,4.043394718147776,4.042869055807923,23.799070112656025,23.799070112656025,12.0,0.0,0.0,0.0,10.0,1.2,-19.75567539450825,-19.75567539450825,0.0,0.0,19.75567539450825,19.75567539450825,2.0214345279039616,336.60924604682737,6854.144965169913,168.30462302341368,Prosumer
2023-02-15 11:00:00,user_002,11,0,2,False,4.299917939995945,4.299602542592033,20.516479792179904,20.51613144513493,12.0,0.0,0.0,0.0,10.0,1.2,-16.216561852183958,-16.216561852183958,0.0,0.0,16.216561852183958,16.216561852183958,2.1498012712960164,340.9088485894194,6874.661096615048,170.4544242947097,Prosumer
2023-02-15 12:00:00,user_002,12,0,2,False,4.952790566093129,4.9528956985610995,21.465144911327055,21.46537714269037,12.0,0.0,0.0,0.0,10.0,1.2,-16.512354345233927,-16.512354345233927,0.0,0.0,16.512354345233927,16.512354345233927,2.4764478492805497,345.8617442879805,6896.1264737577385,172.93087214399026,Prosumer
2023-02-15 13:00:00,user_002,13,0,2,False,3.4483449494344005,3.447924419562518,19.20088911899298,19.201353581719612,12.0,0.0,0.0,0.0,10.0,1.2,-15.752544169558579,-15.752544169558579,0.0,0.0,15.752544169558579,15.752544169558579,1.723962209781259,349.30966870754304,6915.327827339458,174.65483435377152,Prosumer
2023-02-15 14:00:00,user_002,14,0,2,False,2.5746941405990387,2.5750095380029503,20.464227735433735,20.464227735433735,12.0,0.0,0.0,0.0,10.0,1.2,-17.889533594834695,-17.889533594834695,0.0,0.0,17.889533594834695,17.889533594834695,1.2875047690014751,351.884678245546,6935.792055074892,175.942339122773,Prosumer
2023-02-15 15:00:00,user_002,15,0,2,False,1.584346292316354,1.5848719546562071,19.211339530342215,19.211339530342215,12.0,0.0,0.0,0.0,10.0,1.2,-17.62699323802586,-17.62699323802586,0.0,0.0,17.62699323802586,17.62699323802586,0.7924359773281036,353.4695502002022,6955.0033946052345,176.7347751001011,Prosumer
2023-02-15 16:00:00,user_002,16,0,2,False,0.8778561075541843,0.8782766374260665,19.245013078023078,19.245361425068054,12.0,0.0,0.0,0.0,10.0,1.2,-18.367156970468894,-18.367156970468894,0.0,0.0,18.367156970468894,18.367156970468894,0.43913831871303327,354.34782683762825,6974.2487560303025,177.17391341881412,Prosumer
2023-02-15 17:00:00,user_002,17,0,2,False,0.01682119487528976,0.016610929939348637,19.342550250615933,19.34266636629759,12.0,0.0,0.0,0.0,10.0,1.2,-19.32572905574064,-19.32572905574064,0.0,0.0,19.32572905574064,19.32572905574064,0.008305464969674319,354.3644377675676,6993.5914223966,177.1822188837838,Prosumer
2023-02-15 18:00:00,user_002,18,0,2,False,0.0,0.0,23.22661980208131,23.22603922367302,12.0,0.0,0.0,0.0,10.0,1.2,-23.22661980208131,-23.22661980208131,0.0,0.0,23.22661980208131,23.22661980208131,0.0,354.3644377675676,7016.817461620273,177.1822188837838,Prosumer
2023-02-15 19:00:00,user_002,19,0,2,False,0.0,0.0,26.314135777371725,26.31460024009836,12.0,0.0,0.0,0.0,10.0,1.2,-26.314135777371725,-26.314135777371725,0.0,0.0,26.314135777371725,26.314135777371725,0.0,354.3644377675676,7043.132061860371,177.1822188837838,Prosumer
2023-02-15 20:00:00,user_002,20,0,2,False,0.0,0.0,23.530842888025685,23.531075119388998,12.0,0.0,0.0,0.0,10.0,1.2,-23.530842888025685,-23.530842888025685,0.0,0.0,23.530842888025685,23.530842888025685,0.0,354.3644377675676,7066.663136979761,177.1822188837838,Prosumer
2023-02-15 21:00:00,user_002,21,0,2,False,0.0,0.0,19.168376728128692,19.168260612447035,12.0,0.0,0.0,0.0,10.0,1.2,-19.168376728128692,-19.168376728128692,0.0,0.0,19.168376728128692,19.168376728128692,0.0,354.3644377675676,7085.831397592207,177.1822188837838,Prosumer
2023-02-15 22:00:00,user_002,22,0,2,False,0.0,0.0,10.895134409984948,10.894786062939973,12.0,0.0,0.0,0.0,10.0,1.2,-10.895134409984948,-10.895134409984948,0.0,0.0,10.895134409984948,10.895134409984948,0.0,354.3644377675676,7096.726183655147,177.1822188837838,Prosumer
2023-02-15 23:00:00,user_002,23,0,2,False,0.0,0.0,11.221419475444371,11.220838897036082,12.0,0.0,0.0,0.0,10.0,1.2,-11.221419475444371,-11.221419475444371,0.0,0.0,11.221419475444371,11.221419475444371,0.0,354.3644377675676,7107.947022552183,177.1822188837838,Prosumer
2023-02-16 00:00:00,user_002,0,0,3,False,0.0,0.0,10.954353407630608,10.954701754675584,12.0,0.0,0.0,0.0,10.0,1.2,-10.954353407630608,-10.954353407630608,0.0,0.0,10.954353407630608,10.954353407630608,0.0,354.3644377675676,7118.901724306858,177.1822188837838,Prosumer
2023-02-16 01:00:00,user_002,1,0,3,False,0.0,0.0,10.36680805844033,10.36669194275867,12.0,0.0,0.0,0.0,10.0,1.2,-10.36680805844033,-10.36680805844033,0.0,0.0,10.36680805844033,10.36680805844033,0.0,354.3644377675676,7129.268416249617,177.1822188837838,Prosumer
2023-02-16 02:00:00,user_002,2,0,3,False,0.0,0.0,12.930642309452454,12.930410078089139,12.0,0.0,0.0,0.0,10.0,1.2,-12.930642309452454,-12.930642309452454,0.0,0.0,12.930642309452454,12.930642309452454,0.0,354.3644377675676,7142.198826327706,177.1822188837838,Prosumer
2023-02-16 03:00:00,user_002,3,0,3,False,0.0,0.0,9.137142989680438,9.137491336725413,12.0,0.0,0.0,0.0,10.0,1.2,-9.137142989680438,-9.137142989680438,0.0,0.0,9.137142989680438,9.137142989680438,0.0,354.3644377675676,7151.336317664432,177.1822188837838,Prosumer
2023-02-16 04:00:00,user_002,4,0,3,False,0.0,0.0,11.637113615780578,11.637113615780578,12.0,0.0,0.0,0.0,10.0,1.2,-11.637113615780578,-11.637113615780578,0.0,0.0,11.637113615780578,11.637113615780578,0.0,354.3644377675676,7162.973431280212,177.1822188837838,Prosumer
2023-02-16 05:00:00,user_002,5,0,3,False,0.0,0.0,9.834998236445967,9.834649889400993,12.0,0.0,0.0,0.0,10.0,1.2,-9.834998236445967,-9.834998236445967,0.0,0.0,9.834998236445967,9.834998236445967,0.0,354.3644377675676,7172.808081169613,177.1822188837838,Prosumer
2023-02-16 06:00:00,user_002,6,0,3,False,0.0,0.0,37.30796851676611,37.308084632447766,12.0,0.0,0.0,0.0,10.0,1.2,-37.30796851676611,-37.30796851676611,0.0,0.0,37.30796851676611,37.30796851676611,0.0,354.3644377675676,7210.11616580206,177.1822188837838,Prosumer
2023-02-16 07:00:00,user_002,7,0,3,False,0.6160762623074874,0.6164967921793697,42.18018251914241,42.17995028777909,12.0,0.0,0.0,0.0,10.0,1.2,-41.564106256834926,-41.564106256834926,0.0,0.0,41.564106256834926,41.564106256834926,0.30824839608968485,354.98093455974697,7252.296116089839,177.49046727987349,Prosumer
2023-02-16 08:00:00,user_002,8,0,3,False,2.339197412344982,2.3388820149410705,42.817657611445696,42.81754149576403,12.0,0.0,0.0,0.0,10.0,1.2,-40.47846019910072,-40.47846019910072,0.0,0.0,40.47846019910072,40.47846019910072,1.1694410074705353,357.31981657468805,7295.1136575856035,178.65990828734402,Prosumer
2023-02-16 09:00:00,user_002,9,0,3,False,2.8396279598848526,2.8394176949489114,35.56391097826058,35.5635626312156,12.0,0.0,0.0,0.0,10.0,1.2,-32.72428301837573,-32.72428301837573,0.0,0.0,32.72428301837573,32.72428301837573,1.4197088474744557,360.15923426963695,7330.6772202168195,180.07961713481848,Prosumer
2023-02-16 10:00:00,user_002,10,0,3,False,2.3970202697287903,2.3968100047928496,24.333202248283552,24.332970016920235,12.0,0.0,0.0,0.0,10.0,1.2,-21.93618197855476,-21.93618197855476,0.0,0.0,21.93618197855476,21.93618197855476,1.1984050023964248,362.5560442744298,7355.01019023374,181.2780221372149,Prosumer
2023-02-16 11:00:00,user_002,11,0,3,False,2.5526163223252207,2.553141984665074,26.962061281024244,26.962409628069224,12.0,0.0,0.0,0.0,10.0,1.2,-24.409444958699023,-24.409444958699023,0.0,0.0,24.409444958699023,24.409444958699023,1.276570992332537,365.1091862590948,7381.97259986181,182.5545931295474,Prosumer
2023-02-16 12:00:00,user_002,12,0,3,False,3.0225584541536286,3.0223481892176873,19.897583208941924,19.89711874621529,12.0,0.0,0.0,0.0,10.0,1.2,-16.875024754788296,-16.875024754788296,0.0,0.0,16.875024754788296,16.875024754788296,1.5111740946088437,368.1315344483125,7401.869718608025,184.06576722415625,Prosumer
2023-02-16 13:00:00,user_002,13,0,3,False,3.2223101432976944,3.222415275765665,21.414054011397464,21.414402358442437,12.0,0.0,0.0,0.0,10.0,1.2,-18.19174386809977,-18.19174386809977,0.0,0.0,18.19174386809977,18.19174386809977,1.6112076378828326,371.3539497240782,7423.2841209664675,185.6769748620391,Prosumer
2023-02-16 14:00:00,user_002,14,0,3,False,1.0197849393144416,1.0199952042503828,24.45047908675829,24.451059665166586,12.0,0.0,0.0,0.0,10.0,1.2,-23.430694147443848,-23.430694147443848,0.0,0.0,23.430694147443848,23.430694147443848,0.5099976021251914,372.37394492832857,7447.735180631634,186.18697246416428,Prosumer
2023-02-16 15:00:00,user_002,15,0,3,False,1.4161343435634566,1.4163446084993976,21.5127523408069,21.51240399376193,12.0,0.0,0.0,0.0,10.0,1.2,-20.096617997243445,-20.096617997243445,0.0,0.0,20.096617997243445,20.096617997243445,0.7081723042496988,373.79028953682797,7469.247584625396,186.89514476841399,Prosumer
2023-02-16 16:00:00,user_002,16,0,3,False,0.46678815778929084,0.4666830253213203,20.79283511452632,20.792718998844663,12.0,0.0,0.0,0.0,10.0,1.2,-20.326046956737027,-20.326046956737027,0.0,0.0,20.326046956737027,20.326046956737027,0.23334151266066014,374.2569725621493,7490.040303624241,187.12848628107466,Prosumer
2023-02-16 17:00:00,user_002,17,0,3,False,0.00525662339852805,0.005361755866498611,22.706421548252763,22.706421548252763,12.0,0.0,0.0,0.0,10.0,1.2,-22.701164924854236,-22.701164924854236,0.0,0.0,22.701164924854236,22.701164924854236,0.0026808779332493054,374.2623343180158,7512.746725172493,187.1311671590079,Prosumer
2023-02-16 18:00:00,user_002,18,0,3,False,0.0,0.0,19.523690714002655,19.52345848263934,12.0,0.0,0.0,0.0,10.0,1.2,-19.523690714002655,-19.523690714002655,0.0,0.0,19.523690714002655,19.523690714002655,0.0,374.2623343180158,7532.270183655132,187.1311671590079,Prosumer
2023-02-16 19:00:00,user_002,19,0,3,False,0.0,0.0,22.824859543544083,22.82439508081745,12.0,0.0,0.0,0.0,10.0,1.2,-22.824859543544083,-22.824859543544083,0.0,0.0,22.824859543544083,22.824859543544083,0.0,374.2623343180158,7555.09457873595,187.1311671590079,Prosumer
2023-02-16 20:00:00,user_002,20,0,3,False,0.0,0.0,25.732396212264355,25.73204786521938,12.0,0.0,0.0,0.0,10.0,1.2,-25.732396212264355,-25.732396212264355,0.0,0.0,25.732396212264355,25.732396212264355,0.0,374.2623343180158,7580.826626601169,187.1311671590079,Prosumer
2023-02-16 21:00:00,user_002,21,0,3,False,0.0,0.0,23.900090755698624,23.900671334106917,12.0,0.0,0.0,0.0,10.0,1.2,-23.900090755698624,-23.900090755698624,0.0,0.0,23.900090755698624,23.900090755698624,0.0,374.2623343180158,7604.727297935276,187.1311671590079,Prosumer
2023-02-16 22:00:00,user_002,22,0,3,False,0.0,0.0,10.299460963078598,10.299577078760258,12.0,0.0,0.0,0.0,10.0,1.2,-10.299460963078598,-10.299460963078598,0.0,0.0,10.299460963078598,10.299460963078598,0.0,374.2623343180158,7615.026875014036,187.1311671590079,Prosumer
2023-02-16 23:00:00,user_002,23,0,3,False,0.0,0.0,12.233948219503507,12.233599872458534,12.0,0.0,0.0,0.0,10.0,1.2,-12.233948219503507,-12.233948219503507,0.0,0.0,12.233948219503507,12.233948219503507,0.0,374.2623343180158,7627.260474886494,187.1311671590079,Prosumer
2023-02-17 00:00:00,user_002,0,0,4,False,0.0,0.0,9.775779238800308,9.77566312311865,12.0,0.0,0.0,0.0,10.0,1.2,-9.775779238800308,-9.775779238800308,0.0,0.0,9.775779238800308,9.775779238800308,0.0,374.2623343180158,7637.036138009613,187.1311671590079,Prosumer
2023-02-17 01:00:00,user_002,1,0,4,False,0.0,0.0,12.517270482749412,12.51680602002278,12.0,0.0,0.0,0.0,10.0,1.2,-12.517270482749412,-12.517270482749412,0.0,0.0,12.517270482749412,12.517270482749412,0.0,374.2623343180158,7649.552944029636,187.1311671590079,Prosumer
2023-02-17 02:00:00,user_002,2,0,4,False,0.0,0.0,10.849849294138266,10.849965409819925,12.0,0.0,0.0,0.0,10.0,1.2,-10.849849294138266,-10.849849294138266,0.0,0.0,10.849849294138266,10.849849294138266,0.0,374.2623343180158,7660.4029094394555,187.1311671590079,Prosumer
2023-02-17 03:00:00,user_002,3,0,4,False,0.0,0.0,9.34382890303196,9.344177250076934,12.0,0.0,0.0,0.0,10.0,1.2,-9.34382890303196,-9.34382890303196,0.0,0.0,9.34382890303196,9.34382890303196,0.0,374.2623343180158,7669.747086689533,187.1311671590079,Prosumer
2023-02-17 04:00:00,user_002,4,0,4,False,0.0,0.0,11.759035081521644,11.759615659929933,12.0,0.0,0.0,0.0,10.0,1.2,-11.759035081521644,-11.759035081521644,0.0,0.0,11.759035081521644,11.759035081521644,0.0,374.2623343180158,7681.506702349463,187.1311671590079,Prosumer
2023-02-17 05:00:00,user_002,5,0,4,False,0.0,0.0,12.089964774247393,12.090429236974025,12.0,0.0,0.0,0.0,10.0,1.2,-12.089964774247393,-12.089964774247393,0.0,0.0,12.089964774247393,12.089964774247393,0.0,374.2623343180158,7693.597131586437,187.1311671590079,Prosumer
2023-02-17 06:00:00,user_002,6,0,4,False,0.0,0.0,43.98926483937651,43.9890326080132,12.0,0.0,0.0,0.0,10.0,1.2,-43.98926483937651,-43.98926483937651,0.0,0.0,43.98926483937651,43.98926483937651,0.0,374.2623343180158,7737.58616419445,187.1311671590079,Prosumer
2023-02-17 07:00:00,user_002,7,0,4,False,0.37952820937372517,0.37921281196981355,51.58323041982003,51.58334653550169,12.0,0.0,0.0,0.0,10.0,1.2,-51.20370221044631,-51.20370221044631,0.0,0.0,51.20370221044631,51.20370221044631,0.18960640598490677,374.6415471299856,7789.169510729952,187.3207735649928,Prosumer
2023-02-17 08:00:00,user_002,8,0,4,False,2.2382702430932437,2.2379548456893317,37.225526382788814,37.22575861415213,12.0,0.0,0.0,0.0,10.0,1.2,-34.98725613969557,-34.98725613969557,0.0,0.0,34.98725613969557,34.98725613969557,1.1189774228446658,376.87950197567494,7826.395269344104,188.43975098783747,Prosumer
2023-02-17 09:00:00,user_002,9,0,4,False,3.941416224216332,3.94110082681242,0.096376015776271,0.09672436282124547,12.0,3.665,0.0,-3.665,40.54,4.865,0.18004020844006074,0.18004020844006074,0.18004020844006074,0.18004020844006074,0.0,0.0,1.97055041340621,380.8206028024874,7826.491993706925,190.4103014012437,Prosumer
2023-02-17 10:00:00,user_002,10,0,4,False,5.2545207491686385,5.254310484232697,0.059218997645660486,0.059218997645660486,12.0,4.947,0.0,-4.947,81.77,9.812,0.24830175152297773,0.24830175152297773,0.24830175152297773,0.24830175152297773,0.0,0.0,2.6271552421163484,386.07491328672006,7826.551212704571,193.03745664336003,Prosumer
2023-02-17 11:00:00,user_002,11,0,4,False,5.608817166229429,5.608501768825517,0.059218997645660486,0.05887065060068602,12.0,1.588,0.0,-1.588,95.0,11.4,3.961598168583768,3.961598168583768,3.961598168583768,3.961598168583768,0.0,0.0,2.8042508844127587,391.6834150555456,7826.610083355172,195.8417075277728,Prosumer
2023-02-17 12:00:00,user_002,12,0,4,False,5.628792335143836,5.628266672803983,0.058057840829078916,0.058057840829078916,12.0,0.0,0.0,0.0,95.0,11.4,5.570734494314757,5.570734494314757,5.570734494314757,5.570734494314757,0.0,0.0,2.8141333364019916,397.3116817283496,7826.668141196001,198.6558408641748,Prosumer
2023-02-17 13:00:00,user_002,13,0,4,False,4.855017370880507,4.854912238412536,5.024325545348489,5.024093313985173,12.0,0.0,0.0,0.0,95.0,11.4,-0.1693081744679823,-0.1693081744679823,0.0,0.0,0.1693081744679823,0.1693081744679823,2.427456119206268,402.1665939667621,7831.692234509986,201.08329698338105,Prosumer
2023-02-17 14:00:00,user_002,14,0,4,False,4.100166250851879,4.099850853447967,22.548504221197668,22.548736452560984,12.0,0.0,9.6,9.6,15.0,1.8,-8.84833797034579,-8.84833797034579,0.0,0.0,8.84833797034579,8.84833797034579,2.0499254267239837,406.26644482021004,7854.240970962546,203.13322241010502,Prosumer
2023-02-17 15:00:00,user_002,15,0,4,False,3.0109938826768667,3.0107836177409255,22.52992571213236,22.530157943495677,12.0,0.0,0.6,0.6,10.0,1.2,-18.91893182945549,-18.91893182945549,0.0,0.0,18.91893182945549,18.91893182945549,1.5053918088704628,409.27722843795095,7876.771128906042,204.63861421897548,Prosumer
2023-02-17 16:00:00,user_002,16,0,4,False,1.6747602147710365,1.6750756121749482,26.30832999328882,26.308097761925502,12.0,0.0,0.0,0.0,10.0,1.2,-24.63356977851778,-24.63356977851778,0.0,0.0,24.63356977851778,24.63356977851778,0.8375378060874741,410.9523040501259,7903.079226667967,205.47615202506296,Prosumer
2023-02-17 17:00:00,user_002,17,0,4,False,0.018923844234700976,0.0191341091706421,23.16623964761907,23.166355763300725,12.0,0.0,0.0,0.0,10.0,1.2,-23.147315803384366,-23.147315803384366,0.0,0.0,23.147315803384366,23.147315803384366,0.00956705458532105,410.97143815929655,7926.245582431268,205.48571907964828,Prosumer
2023-02-17 18:00:00,user_002,18,0,4,False,0.0,0.0,27.25118932835306,27.25118932835306,12.0,0.0,0.0,0.0,10.0,1.2,-27.25118932835306,-27.25118932835306,0.0,0.0,27.25118932835306,27.25118932835306,0.0,410.97143815929655,7953.496771759621,205.48571907964828,Prosumer
2023-02-17 19:00:00,user_002,19,0,4,False,0.0,0.0,21.676475451944903,21.676475451944903,12.0,0.0,0.0,0.0,10.0,1.2,-21.676475451944903,-21.676475451944903,0.0,0.0,21.676475451944903,21.676475451944903,0.0,410.97143815929655,7975.1732472115655,205.48571907964828,Prosumer
2023-02-17 20:00:00,user_002,20,0,4,False,0.0,0.0,25.011317829167194,25.01178229189383,12.0,0.0,0.0,0.0,10.0,1.2,-25.011317829167194,-25.011317829167194,0.0,0.0,25.011317829167194,25.011317829167194,0.0,410.97143815929655,8000.185029503459,205.48571907964828,Prosumer
2023-02-17 21:00:00,user_002,21,0,4,False,0.0,0.0,20.265669919798285,20.266018266843258,12.0,0.0,0.0,0.0,10.0,1.2,-20.265669919798285,-20.265669919798285,0.0,0.0,20.265669919798285,20.265669919798285,0.0,410.97143815929655,8020.4510477703025,205.48571907964828,Prosumer
2023-02-17 22:00:00,user_002,22,0,4,False,0.0,0.0,11.019378189359177,11.019726536404152,12.0,0.0,0.0,0.0,10.0,1.2,-11.019378189359177,-11.019378189359177,0.0,0.0,11.019378189359177,11.019378189359177,0.0,410.97143815929655,8031.4707743067065,205.48571907964828,Prosumer
2023-02-17 23:00:00,user_002,23,0,4,False,0.0,0.0,12.584617578111144,12.584501462429486,12.0,0.0,0.0,0.0,10.0,1.2,-12.584617578111144,-12.584617578111144,0.0,0.0,12.584617578111144,12.584617578111144,0.0,410.97143815929655,8044.055275769136,205.48571907964828,Prosumer
2023-02-18 00:00:00,user_002,0,0,5,True,0.0,0.0,8.933940546778663,8.934288893823638,12.0,0.0,0.0,0.0,10.0,1.2,-8.933940546778663,-8.933940546778663,0.0,0.0,8.933940546778663,8.933940546778663,0.0,410.97143815929655,8052.989564662959,205.48571907964828,Prosumer
2023-02-18 01:00:00,user_002,1,0,5,True,0.0,0.0,9.05005622843682,9.050520691163454,12.0,0.0,0.0,0.0,10.0,1.2,-9.05005622843682,-9.05005622843682,0.0,0.0,9.05005622843682,9.05005622843682,0.0,410.97143815929655,8062.040085354122,205.48571907964828,Prosumer
2023-02-18 02:00:00,user_002,2,0,5,True,0.0,0.0,8.810857924221015,8.811438502629306,12.0,0.0,0.0,0.0,10.0,1.2,-8.810857924221015,-8.810857924221015,0.0,0.0,8.810857924221015,8.810857924221015,0.0,410.97143815929655,8070.851523856752,205.48571907964828,Prosumer
2023-02-18 03:00:00,user_002,3,0,5,True,0.0,0.0,7.132986324260635,7.132521861534002,12.0,0.0,0.0,0.0,10.0,1.2,-7.132986324260635,-7.132986324260635,0.0,0.0,7.132986324260635,7.132986324260635,0.0,410.97143815929655,8077.984045718285,205.48571907964828,Prosumer
2023-02-18 04:00:00,user_002,4,0,5,True,0.0,0.0,7.527779641898372,7.527663526216713,12.0,0.0,0.0,0.0,10.0,1.2,-7.527779641898372,-7.527779641898372,0.0,0.0,7.527779641898372,7.527779641898372,0.0,410.97143815929655,8085.5117092445025,205.48571907964828,Prosumer
2023-02-18 05:00:00,user_002,5,0,5,True,0.0,0.0,8.916523194529939,8.916987657256572,12.0,0.0,0.0,0.0,10.0,1.2,-8.916523194529939,-8.916523194529939,0.0,0.0,8.916523194529939,8.916523194529939,0.0,410.97143815929655,8094.428696901759,205.48571907964828,Prosumer
2023-02-18 06:00:00,user_002,6,0,5,True,0.0,0.0,33.346101458589764,33.346682036998054,12.0,0.0,0.0,0.0,10.0,1.2,-33.346101458589764,-33.346101458589764,0.0,0.0,33.346101458589764,33.346101458589764,0.0,410.97143815929655,8127.775378938757,205.48571907964828,Prosumer
2023-02-18 07:00:00,user_002,7,0,5,True,0.4362997420778281,0.43672027194971036,33.09529158620814,33.09563993325312,12.0,0.0,0.0,0.0,10.0,1.2,-32.65899184413031,-32.65899184413031,0.0,0.0,32.65899184413031,32.65899184413031,0.21836013597485518,411.40815843124625,8160.871018872011,205.70407921562312,Prosumer
2023-02-18 08:00:00,user_002,8,0,5,True,1.9754390731668412,1.9749134108269883,34.70697724762337,34.70697724762337,12.0,0.0,0.0,0.0,10.0,1.2,-32.73153817445653,-32.73153817445653,0.0,0.0,32.73153817445653,32.73153817445653,0.9874567054134942,413.38307184207326,8195.577996119633,206.69153592103663,Prosumer
2023-02-18 09:00:00,user_002,9,0,5,True,3.4136512350041155,3.413966632408027,26.45695806581126,26.457306412856234,12.0,0.0,0.0,0.0,10.0,1.2,-23.043306830807147,-23.043306830807147,0.0,0.0,23.043306830807147,23.043306830807147,1.7069833162040136,416.79703847448127,8222.03530253249,208.39851923724063,Prosumer
2023-02-18 10:00:00,user_002,10,0,5,True,4.482848434264721,4.482848434264721,17.98864140248181,17.988989749526784,12.0,0.0,0.0,0.0,10.0,1.2,-13.50579296821709,-13.50579296821709,0.0,0.0,13.50579296821709,13.50579296821709,2.2414242171323604,421.279886908746,8240.024292282016,210.639943454373,Prosumer
2023-02-18 11:00:00,user_002,11,0,5,True,4.7225504612376,4.723076123577452,22.039917535534936,22.039801419853276,12.0,0.0,0.0,0.0,10.0,1.2,-17.317367074297337,-17.317367074297337,0.0,0.0,17.317367074297337,17.317367074297337,2.361538061788726,426.00296303232346,8262.064093701869,213.00148151616173,Prosumer
2023-02-18 12:00:00,user_002,12,0,5,True,5.357550567779788,5.357760832715729,23.118632218139222,23.11886444950254,12.0,0.0,0.0,0.0,10.0,1.2,-17.761081650359433,-17.761081650359433,0.0,0.0,17.761081650359433,17.761081650359433,2.6788804163578646,431.3607238650392,8285.182958151372,215.6803619325196,Prosumer
2023-02-18 13:00:00,user_002,13,0,5,True,4.475489161506781,4.475804558910693,18.90131066031493,18.901542891678243,12.0,0.0,0.0,0.0,10.0,1.2,-14.42582149880815,-14.42582149880815,0.0,0.0,14.42582149880815,14.42582149880815,2.2379022794553465,435.83652842394986,8304.084501043051,217.91826421197493,Prosumer
2023-02-18 14:00:00,user_002,14,0,5,True,3.674379755571107,3.674800285442989,18.175587649951446,18.175355418588126,12.0,0.0,0.0,0.0,10.0,1.2,-14.50120789438034,-14.50120789438034,0.0,0.0,14.50120789438034,14.50120789438034,1.8374001427214945,439.51132870939284,8322.25985646164,219.75566435469642,Prosumer
2023-02-18 15:00:00,user_002,15,0,5,True,2.045877826707117,2.045457296835235,18.097790143240477,18.097906258922137,12.0,0.0,0.0,0.0,10.0,1.2,-16.05191231653336,-16.05191231653336,0.0,0.0,16.05191231653336,16.05191231653336,1.0227286484176175,441.5567860062281,8340.357762720561,220.77839300311405,Prosumer
2023-02-18 16:00:00,user_002,16,0,5,True,1.2195366284585074,1.2197468933944486,20.74058305778015,20.74069917346181,12.0,0.0,0.0,0.0,10.0,1.2,-19.521046429321643,-19.521046429321643,0.0,0.0,19.521046429321643,19.521046429321643,0.6098734466972243,442.77653289962257,8361.098461894024,221.38826644981128,Prosumer
2023-02-18 17:00:00,user_002,17,0,5,True,0.16505797471378075,0.16463744484189852,21.880839051663262,21.881187398708235,12.0,0.0,0.0,0.0,10.0,1.2,-21.715781076949483,-21.715781076949483,0.0,0.0,21.715781076949483,21.715781076949483,0.08231872242094926,442.94117034446447,8382.979649292733,221.47058517223223,Prosumer
2023-02-18 18:00:00,user_002,18,0,5,True,0.0,0.0,19.092901535050892,19.0923209566426,12.0,0.0,0.0,0.0,10.0,1.2,-19.092901535050892,-19.092901535050892,0.0,0.0,19.092901535050892,19.092901535050892,0.0,442.94117034446447,8402.071970249375,221.47058517223223,Prosumer
2023-02-18 19:00:00,user_002,19,0,5,True,0.0,0.0,19.318165957467716,19.31851430451269,12.0,0.0,0.0,0.0,10.0,1.2,-19.318165957467716,-19.318165957467716,0.0,0.0,19.318165957467716,19.318165957467716,0.0,442.94117034446447,8421.390484553887,221.47058517223223,Prosumer
2023-02-18 20:00:00,user_002,20,0,5,True,0.0,0.0,22.470706714486703,22.47024225176007,12.0,0.0,0.0,0.0,10.0,1.2,-22.470706714486703,-22.470706714486703,0.0,0.0,22.470706714486703,22.470706714486703,0.0,442.94117034446447,8443.860726805648,221.47058517223223,Prosumer
2023-02-18 21:00:00,user_002,21,0,5,True,0.0,0.0,20.532735987612046,20.532968218975363,12.0,0.0,0.0,0.0,10.0,1.2,-20.532735987612046,-20.532735987612046,0.0,0.0,20.532735987612046,20.532735987612046,0.0,442.94117034446447,8464.393695024623,221.47058517223223,Prosumer
2023-02-18 22:00:00,user_002,22,0,5,True,0.0,0.0,11.007766621193362,11.008114968238335,12.0,0.0,0.0,0.0,10.0,1.2,-11.007766621193362,-11.007766621193362,0.0,0.0,11.007766621193362,11.007766621193362,0.0,442.94117034446447,8475.401809992862,221.47058517223223,Prosumer
2023-02-18 23:00:00,user_002,23,0,5,True,0.0,0.0,10.08696926564417,10.086853149962511,12.0,0.0,0.0,0.0,10.0,1.2,-10.08696926564417,-10.08696926564417,0.0,0.0,10.08696926564417,10.08696926564417,0.0,442.94117034446447,8485.488663142823,221.47058517223223,Prosumer
2023-02-19 00:00:00,user_002,0,0,6,True,0.0,0.0,8.050300209360081,8.050764672086714,12.0,0.0,0.0,0.0,10.0,1.2,-8.050300209360081,-8.050300209360081,0.0,0.0,8.050300209360081,8.050300209360081,0.0,442.94117034446447,8493.53942781491,221.47058517223223,Prosumer
2023-02-19 01:00:00,user_002,1,0,6,True,0.0,0.0,8.061911777525896,8.06237624025253,12.0,0.0,0.0,0.0,10.0,1.2,-8.061911777525896,-8.061911777525896,0.0,0.0,8.061911777525896,8.061911777525896,0.0,442.94117034446447,8501.601804055163,221.47058517223223,Prosumer
2023-02-19 02:00:00,user_002,2,0,6,True,0.0,0.0,8.937424017228407,8.937540132910065,12.0,0.0,0.0,0.0,10.0,1.2,-8.937424017228407,-8.937424017228407,0.0,0.0,8.937424017228407,8.937424017228407,0.0,442.94117034446447,8510.539344188073,221.47058517223223,Prosumer
2023-02-19 03:00:00,user_002,3,0,6,True,0.0,0.0,8.436965429281747,8.436849313600089,12.0,0.0,0.0,0.0,10.0,1.2,-8.436965429281747,-8.436965429281747,0.0,0.0,8.436965429281747,8.436965429281747,0.0,442.94117034446447,8518.976193501674,221.47058517223223,Prosumer
2023-02-19 04:00:00,user_002,4,0,6,True,0.0,0.0,7.409341646607051,7.4091094152437345,12.0,0.0,0.0,0.0,10.0,1.2,-7.409341646607051,-7.409341646607051,0.0,0.0,7.409341646607051,7.409341646607051,0.0,442.94117034446447,8526.385302916919,221.47058517223223,Prosumer
2023-02-19 05:00:00,user_002,5,0,6,True,0.0,0.0,8.043333268460591,8.042984921415618,12.0,0.0,0.0,0.0,10.0,1.2,-8.043333268460591,-8.043333268460591,0.0,0.0,8.043333268460591,8.043333268460591,0.0,442.94117034446447,8534.428287838335,221.47058517223223,Prosumer
2023-02-19 06:00:00,user_002,6,0,6,True,0.0,0.0,27.910726400171395,27.91119086289803,12.0,0.0,0.0,0.0,10.0,1.2,-27.910726400171395,-27.910726400171395,0.0,0.0,27.910726400171395,27.910726400171395,0.0,442.94117034446447,8562.339478701233,221.47058517223223,Prosumer
2023-02-19 07:00:00,user_002,7,0,6,True,0.5414322100483892,0.5418527399202714,28.729341955861408,28.729574187224724,12.0,0.0,0.0,0.0,10.0,1.2,-28.18790974581302,-28.18790974581302,0.0,0.0,28.18790974581302,28.18790974581302,0.2709263699601357,443.48302308438474,8591.069052888457,221.74151154219237,Prosumer
2023-02-19 08:00:00,user_002,8,0,6,True,1.377235330414349,1.3775507278182608,30.18891607430445,30.188335495896162,12.0,0.0,0.0,0.0,10.0,1.2,-28.8116807438901,-28.8116807438901,0.0,0.0,28.8116807438901,28.8116807438901,0.6887753639091304,444.86057381220303,8621.257388384352,222.43028690610151,Prosumer
2023-02-19 09:00:00,user_002,9,0,6,True,3.116126350647428,3.1163366155833687,31.640362095031424,31.640129863668108,12.0,0.0,0.0,0.0,10.0,1.2,-28.524235744383997,-28.524235744383997,0.0,0.0,28.524235744383997,28.524235744383997,1.5581683077916844,447.9769104277864,8652.89751824802,223.9884552138932,Prosumer
2023-02-19 10:00:00,user_002,10,0,6,True,4.228427861775963,4.228217596840022,23.535487515292008,23.53525528392869,12.0,0.0,0.0,0.0,10.0,1.2,-19.307059653516045,-19.307059653516045,0.0,0.0,19.307059653516045,19.307059653516045,2.114108798420011,452.2051280246264,8676.43277353195,226.1025640123132,Prosumer
2023-02-19 11:00:00,user_002,11,0,6,True,4.548030564406468,4.548030564406468,22.361557973728033,22.360977395319743,12.0,0.0,0.0,0.0,10.0,1.2,-17.813527409321566,-17.813527409321566,0.0,0.0,17.813527409321566,17.813527409321566,2.274015282203234,456.75315858903286,8698.793750927269,228.37657929451643,Prosumer
2023-02-19 12:00:00,user_002,12,0,6,True,4.580621629477343,4.580621629477343,18.17442649313486,18.174890955861496,12.0,0.0,0.0,0.0,10.0,1.2,-13.593804863657518,-13.593804863657518,0.0,0.0,13.593804863657518,13.593804863657518,2.2903108147386715,461.3337802185102,8716.96864188313,230.6668901092551,Prosumer
2023-02-19 13:00:00,user_002,13,0,6,True,3.598684378632303,3.598579246164332,18.801451174088914,18.801451174088914,12.0,0.0,0.0,0.0,10.0,1.2,-15.202766795456611,-15.202766795456611,0.0,0.0,15.202766795456611,15.202766795456611,1.799289623082166,464.9323594646745,8735.77009305722,232.46617973233725,Prosumer
2023-02-19 14:00:00,user_002,14,0,6,True,4.177964277150094,4.177754012214153,18.05366618421038,18.053550068528722,12.0,0.0,0.0,0.0,10.0,1.2,-13.875701907060284,-13.875701907060284,0.0,0.0,13.875701907060284,13.875701907060284,2.0888770061070767,469.11011347688867,8753.823643125748,234.55505673844434,Prosumer
2023-02-19 15:00:00,user_002,15,0,6,True,2.643030244779903,2.643450774651786,19.073161869169002,19.073742447577295,12.0,0.0,0.0,0.0,10.0,1.2,-16.430131624389098,-16.430131624389098,0.0,0.0,16.430131624389098,16.430131624389098,1.321725387325893,471.75356425154047,8772.897385573326,235.87678212577023,Prosumer
2023-02-19 16:00:00,user_002,16,0,6,True,1.3614654602187648,1.3610449303468826,21.626545708831895,21.62619736178692,12.0,0.0,0.0,0.0,10.0,1.2,-20.26508024861313,-20.26508024861313,0.0,0.0,20.26508024861313,20.26508024861313,0.6805224651734413,473.1146091818874,8794.523582935113,236.5573045909437,Prosumer
2023-02-19 17:00:00,user_002,17,0,6,True,0.056771532704102935,0.05635100283222069,19.53414112535189,19.534257241033547,12.0,0.0,0.0,0.0,10.0,1.2,-19.477369592647786,-19.477369592647786,0.0,0.0,19.477369592647786,19.477369592647786,0.028175501416110346,473.1709601847196,8814.057840176147,236.5854800923598,Prosumer
2023-02-19 18:00:00,user_002,18,0,6,True,0.0,0.0,20.143748454057217,20.143400107012244,12.0,0.0,0.0,0.0,10.0,1.2,-20.143748454057217,-20.143748454057217,0.0,0.0,20.143748454057217,20.143748454057217,0.0,473.1709601847196,8834.201240283159,236.5854800923598,Prosumer
2023-02-19 19:00:00,user_002,19,0,6,True,0.0,0.0,21.833231622183416,21.83369608491005,12.0,0.0,0.0,0.0,10.0,1.2,-21.833231622183416,-21.833231622183416,0.0,0.0,21.833231622183416,21.833231622183416,0.0,473.1709601847196,8856.034936368069,236.5854800923598,Prosumer
2023-02-19 20:00:00,user_002,20,0,6,True,0.0,0.0,22.678553784654802,22.678553784654802,12.0,0.0,0.0,0.0,10.0,1.2,-22.678553784654802,-22.678553784654802,0.0,0.0,22.678553784654802,22.678553784654802,0.0,473.1709601847196,8878.713490152724,236.5854800923598,Prosumer
2023-02-19 21:00:00,user_002,21,0,6,True,0.0,0.0,22.07010761276606,22.069643150039422,12.0,0.0,0.0,0.0,10.0,1.2,-22.07010761276606,-22.07010761276606,0.0,0.0,22.07010761276606,22.07010761276606,0.0,473.1709601847196,8900.783133302764,236.5854800923598,Prosumer
2023-02-19 22:00:00,user_002,22,0,6,True,0.0,0.0,8.767895122007497,8.76835958473413,12.0,0.0,0.0,0.0,10.0,1.2,-8.767895122007497,-8.767895122007497,0.0,0.0,8.767895122007497,8.767895122007497,0.0,473.1709601847196,8909.551492887498,236.5854800923598,Prosumer
2023-02-19 23:00:00,user_002,23,0,6,True,0.0,0.0,8.41722576339986,8.417574110444836,12.0,0.0,0.0,0.0,10.0,1.2,-8.41722576339986,-8.41722576339986,0.0,0.0,8.41722576339986,8.41722576339986,0.0,473.1709601847196,8917.969066997943,236.5854800923598,Prosumer
2023-02-20 00:00:00,user_002,0,0,0,False,0.0,0.0,11.784580531486437,11.784928878531412,12.0,0.0,0.0,0.0,10.0,1.2,-11.784580531486437,-11.784580531486437,0.0,0.0,11.784580531486437,11.784580531486437,0.0,473.1709601847196,8929.753995876474,236.5854800923598,Prosumer
2023-02-20 01:00:00,user_002,1,0,0,False,0.0,0.0,11.11691536195203,11.117379824678663,12.0,0.0,0.0,0.0,10.0,1.2,-11.11691536195203,-11.11691536195203,0.0,0.0,11.11691536195203,11.11691536195203,0.0,473.1709601847196,8940.871375701152,236.5854800923598,Prosumer
2023-02-20 02:00:00,user_002,2,0,0,False,0.0,0.0,13.856084292267973,13.855735945223,12.0,0.0,0.0,0.0,10.0,1.2,-13.856084292267973,-13.856084292267973,0.0,0.0,13.856084292267973,13.856084292267973,0.0,473.1709601847196,8954.727111646374,236.5854800923598,Prosumer
2023-02-20 03:00:00,user_002,3,0,0,False,0.0,0.0,10.517758444595936,10.517874560277592,12.0,0.0,0.0,0.0,10.0,1.2,-10.517758444595936,-10.517758444595936,0.0,0.0,10.517758444595936,10.517758444595936,0.0,473.1709601847196,8965.244986206651,236.5854800923598,Prosumer
2023-02-20 04:00:00,user_002,4,0,0,False,0.0,0.0,12.365158939777226,12.364578361368936,12.0,0.0,0.0,0.0,10.0,1.2,-12.365158939777226,-12.365158939777226,0.0,0.0,12.365158939777226,12.365158939777226,0.0,473.1709601847196,8977.60956456802,236.5854800923598,Prosumer
2023-02-20 05:00:00,user_002,5,0,0,False,0.0,0.0,11.216774848178046,11.216890963859704,12.0,0.0,0.0,0.0,10.0,1.2,-11.216774848178046,-11.216774848178046,0.0,0.0,11.216774848178046,11.216774848178046,0.0,473.1709601847196,8988.82645553188,236.5854800923598,Prosumer
2023-02-20 06:00:00,user_002,6,0,0,False,0.0,0.0,45.87033888223866,45.86999053519369,12.0,0.0,0.0,0.0,10.0,1.2,-45.87033888223866,-45.87033888223866,0.0,0.0,45.87033888223866,45.87033888223866,0.0,473.1709601847196,9034.696446067073,236.5854800923598,Prosumer
2023-02-20 07:00:00,user_002,7,0,0,False,0.4993792228601647,0.4994843553281353,46.33596276568788,46.335614418642905,12.0,0.0,0.0,0.0,10.0,1.2,-45.83658354282772,-45.83658354282772,0.0,0.0,45.83658354282772,45.83658354282772,0.24974217766406764,473.67044454004775,9081.032060485717,236.83522227002388,Prosumer
2023-02-20 08:00:00,user_002,8,0,0,False,2.2435268664917714,2.2433166015558306,42.71779812521968,42.717449778174704,12.0,0.0,0.0,0.0,10.0,1.2,-40.47427125872791,-40.47427125872791,0.0,0.0,40.47427125872791,40.47427125872791,1.1216583007779153,475.9137611416036,9123.749510263891,237.9568805708018,Prosumer
2023-02-20 09:00:00,user_002,9,0,0,False,4.031830146671014,4.031409616799132,35.746212598463885,35.745864251418915,12.0,0.0,0.0,0.0,10.0,1.2,-31.714382451792872,-31.714382451792872,0.0,0.0,31.714382451792872,31.714382451792872,2.015704808399566,479.9451707584027,9159.49537451531,239.97258537920135,Prosumer
2023-02-20 10:00:00,user_002,10,0,0,False,4.8161183577313995,4.815908092795458,21.765884526821683,21.76553617977671,12.0,0.0,0.0,0.0,10.0,1.2,-16.94976616909028,-16.94976616909028,0.0,0.0,16.94976616909028,16.94976616909028,2.407954046397729,484.76107885119814,9181.260910695088,242.38053942559907,Prosumer
2023-02-20 11:00:00,user_002,11,0,0,False,5.666640023613237,5.6663246262093265,25.453718576284775,25.454299154693068,12.0,0.0,0.0,0.0,10.0,1.2,-19.787078552671538,-19.787078552671538,0.0,0.0,19.787078552671538,19.787078552671538,2.8331623131046633,490.42740347740744,9206.71520984978,245.21370173870372,Prosumer
2023-02-20 12:00:00,user_002,12,0,0,False,5.55099430884562,5.550573778973739,23.555227181173898,23.55487883412892,12.0,0.0,0.0,0.0,10.0,1.2,-18.004232872328277,-18.004232872328277,0.0,0.0,18.004232872328277,18.004232872328277,2.7752868894868694,495.97797725638117,9230.27008868391,247.98898862819058,Prosumer
2023-02-20 13:00:00,user_002,13,0,0,False,6.004115245798738,6.003694715926857,20.463066578617155,20.463066578617155,12.0,0.0,0.0,0.0,10.0,1.2,-14.458951332818417,-14.458951332818417,0.0,0.0,14.458951332818417,14.458951332818417,3.0018473579634284,501.98167197230805,9250.733155262527,250.99083598615402,Prosumer
2023-02-20 14:00:00,user_002,14,0,0,False,5.308138307833625,5.307717777961742,22.088686121831362,22.088686121831362,12.0,0.0,0.0,0.0,10.0,1.2,-16.780547813997735,-16.780547813997735,0.0,0.0,16.780547813997735,16.780547813997735,2.653858888980871,507.2893897502698,9272.821841384359,253.6446948751349,Prosumer
2023-02-20 15:00:00,user_002,15,0,0,False,3.676482404930518,3.676272139994577,26.50804896574085,26.507700618695875,12.0,0.0,0.0,0.0,10.0,1.2,-22.831566560810334,-22.831566560810334,0.0,0.0,22.831566560810334,22.831566560810334,1.8381360699972884,510.96566189026436,9299.329542003055,255.48283094513218,Prosumer
2023-02-20 16:00:00,user_002,16,0,0,False,1.6526823964972188,1.653102926369101,26.17247464574877,26.172358530067115,12.0,0.0,0.0,0.0,10.0,1.2,-24.51979224925155,-24.51979224925155,0.0,0.0,24.51979224925155,24.51979224925155,0.8265514631845505,512.6187648166334,9325.501900533123,256.3093824083167,Prosumer
2023-02-20 17:00:00,user_002,17,0,0,False,0.09672187053291612,0.09640647312900444,23.141855354470852,23.141390891744223,12.0,0.0,0.0,0.0,10.0,1.2,-23.045133483937935,-23.045133483937935,0.0,0.0,23.045133483937935,23.045133483937935,0.04820323656450222,512.7151712897625,9348.643291424867,256.3575856448812,Prosumer
2023-02-20 18:00:00,user_002,18,0,0,False,0.0,0.0,19.214823000791956,19.214823000791956,12.0,0.0,0.0,0.0,10.0,1.2,-19.214823000791956,-19.214823000791956,0.0,0.0,19.214823000791956,19.214823000791956,0.0,512.7151712897625,9367.858114425659,256.3575856448812,Prosumer
2023-02-20 19:00:00,user_002,19,0,0,False,0.0,0.0,21.339739975136244,21.339856090817904,12.0,0.0,0.0,0.0,10.0,1.2,-21.339739975136244,-21.339739975136244,0.0,0.0,21.339739975136244,21.339739975136244,0.0,512.7151712897625,9389.197970516476,256.3575856448812,Prosumer
2023-02-20 20:00:00,user_002,20,0,0,False,0.0,0.0,22.272148898851253,22.27226501453291,12.0,0.0,0.0,0.0,10.0,1.2,-22.272148898851253,-22.272148898851253,0.0,0.0,22.272148898851253,22.272148898851253,0.0,512.7151712897625,9411.47023553101,256.3575856448812,Prosumer
2023-02-20 21:00:00,user_002,21,0,0,False,0.0,0.0,26.182925057098007,26.182808941416347,12.0,0.0,0.0,0.0,10.0,1.2,-26.182925057098007,-26.182925057098007,0.0,0.0,26.182925057098007,26.182925057098007,0.0,512.7151712897625,9437.653044472425,256.3575856448812,Prosumer
2023-02-20 22:00:00,user_002,22,0,0,False,0.0,0.0,10.151994047372739,10.152342394417712,12.0,0.0,0.0,0.0,10.0,1.2,-10.151994047372739,-10.151994047372739,0.0,0.0,10.151994047372739,10.151994047372739,0.0,512.7151712897625,9447.805386866843,256.3575856448812,Prosumer
2023-02-20 23:00:00,user_002,23,0,0,False,0.0,0.0,12.950381975334343,12.949917512607708,12.0,0.0,0.0,0.0,10.0,1.2,-12.950381975334343,-12.950381975334343,0.0,0.0,12.950381975334343,12.950381975334343,0.0,512.7151712897625,9460.75530437945,256.3575856448812,Prosumer
2023-02-21 00:00:00,user_002,0,0,1,False,0.0,0.0,12.751824159698891,12.752172506743866,12.0,0.0,0.0,0.0,10.0,1.2,-12.751824159698891,-12.751824159698891,0.0,0.0,12.751824159698891,12.751824159698891,0.0,512.7151712897625,9473.507476886194,256.3575856448812,Prosumer
2023-02-21 01:00:00,user_002,1,0,1,False,0.0,0.0,11.768324336054295,11.768324336054295,12.0,0.0,0.0,0.0,10.0,1.2,-11.768324336054295,-11.768324336054295,0.0,0.0,11.768324336054295,11.768324336054295,0.0,512.7151712897625,9485.275801222248,256.3575856448812,Prosumer
2023-02-21 02:00:00,user_002,2,0,1,False,0.0,0.0,10.11715934287529,10.117623805601923,12.0,0.0,0.0,0.0,10.0,1.2,-10.11715934287529,-10.11715934287529,0.0,0.0,10.11715934287529,10.11715934287529,0.0,512.7151712897625,9495.393425027849,256.3575856448812,Prosumer
2023-02-21 03:00:00,user_002,3,0,1,False,0.0,0.0,11.334051686652783,11.334167802334443,12.0,0.0,0.0,0.0,10.0,1.2,-11.334051686652783,-11.334051686652783,0.0,0.0,11.334051686652783,11.334051686652783,0.0,512.7151712897625,9506.727592830184,256.3575856448812,Prosumer
2023-02-21 04:00:00,user_002,4,0,1,False,0.0,0.0,10.27739898356355,10.27728286788189,12.0,0.0,0.0,0.0,10.0,1.2,-10.27739898356355,-10.27739898356355,0.0,0.0,10.27739898356355,10.27739898356355,0.0,512.7151712897625,9517.004875698067,256.3575856448812,Prosumer
2023-02-21 05:00:00,user_002,5,0,1,False,0.0,0.0,12.201435828639223,12.200855250230934,12.0,0.0,0.0,0.0,10.0,1.2,-12.201435828639223,-12.201435828639223,0.0,0.0,12.201435828639223,12.201435828639223,0.0,512.7151712897625,9529.205730948297,256.3575856448812,Prosumer
2023-02-21 06:00:00,user_002,6,0,1,False,0.0,0.0,37.42060072797452,37.420020149566234,12.0,0.0,0.0,0.0,10.0,1.2,-37.42060072797452,-37.42060072797452,0.0,0.0,37.42060072797452,37.42060072797452,0.0,512.7151712897625,9566.625751097863,256.3575856448812,Prosumer
2023-02-21 07:00:00,user_002,7,0,1,False,0.587690495955436,0.5875853634874654,38.610786464970644,38.610554233607324,12.0,0.0,0.0,0.0,10.0,1.2,-38.02309596901521,-38.02309596901521,0.0,0.0,38.02309596901521,38.02309596901521,0.2937926817437327,513.30275665325,9605.236305331471,256.651378326625,Prosumer
2023-02-21 08:00:00,user_002,8,0,1,False,2.2361675937338323,2.2362727262018027,35.901807611885815,35.90169149620416,12.0,0.0,0.0,0.0,10.0,1.2,-33.66564001815198,-33.66564001815198,0.0,0.0,33.66564001815198,33.66564001815198,1.1181363631009014,515.5390293794518,9641.137996827676,257.7695146897259,Prosumer
2023-02-21 09:00:00,user_002,9,0,1,False,3.9288003280598645,3.9283797981879824,39.04970374163848,39.0493553945935,12.0,0.0,0.0,0.0,10.0,1.2,-35.12090341357862,-35.12090341357862,0.0,0.0,35.12090341357862,35.12090341357862,1.9641898990939912,519.4674091776398,9680.18735222227,259.7337045888199,Prosumer
2023-02-21 10:00:00,user_002,10,0,1,False,4.911788903584609,4.9121043009885215,22.640235609707613,22.640816188115902,12.0,0.0,0.0,0.0,10.0,1.2,-17.728446706123,-17.728446706123,0.0,0.0,17.728446706123,17.728446706123,2.4560521504942607,524.3795134786283,9702.828168410386,262.18975673931413,Prosumer
2023-02-21 11:00:00,user_002,11,0,1,False,5.871648336155832,5.871858601091773,20.985587146078863,20.986167724487153,12.0,0.0,0.0,0.0,10.0,1.2,-15.113938809923031,-15.113938809923031,0.0,0.0,15.113938809923031,15.113938809923031,2.9359293005458866,530.25137207972,9723.814336134874,265.12568603986,Prosumer
2023-02-21 12:00:00,user_002,12,0,1,False,5.496325425500928,5.496745955372811,26.410511793147997,26.410511793147997,12.0,0.0,0.0,0.0,10.0,1.2,-20.91418636764707,-20.91418636764707,0.0,0.0,20.91418636764707,20.91418636764707,2.7483729776864054,535.7481180350928,9750.224847928022,267.8740590175464,Prosumer
2023-02-21 13:00:00,user_002,13,0,1,False,4.77511669522288,4.775432092626792,19.53181881171873,19.531702696037073,12.0,0.0,0.0,0.0,10.0,1.2,-14.756702116495848,-14.756702116495848,0.0,0.0,14.756702116495848,14.756702116495848,2.387716046313396,540.5235501277197,9769.756550624059,270.26177506385983,Prosumer
2023-02-21 14:00:00,user_002,14,0,1,False,4.742525630152007,4.742946160023889,26.143445725334235,26.142981262607602,12.0,0.0,0.0,0.0,10.0,1.2,-21.40092009518223,-21.40092009518223,0.0,0.0,21.40092009518223,21.40092009518223,2.3714730800119446,545.2664962877435,9795.899531886667,272.63324814387175,Prosumer
2023-02-21 15:00:00,user_002,15,0,1,False,3.6964575738449246,3.6968781037168066,22.323239798780843,22.322775336054207,12.0,0.0,0.0,0.0,10.0,1.2,-18.62678222493592,-18.62678222493592,0.0,0.0,18.62678222493592,18.62678222493592,1.8484390518584033,548.9633743914603,9818.22230722272,274.48168719573016,Prosumer
2023-02-21 16:00:00,user_002,16,0,1,False,1.6316559029031066,1.6319713003070184,19.985831127002125,19.98559889563881,12.0,0.0,0.0,0.0,10.0,1.2,-18.35417522409902,-18.35417522409902,0.0,0.0,18.35417522409902,18.35417522409902,0.8159856501535092,550.5953456917673,9838.20790611836,275.29767284588365,Prosumer
2023-02-21 17:00:00,user_002,17,0,1,False,0.12405631220526196,0.12437170960917365,19.87900469987662,19.878656352831648,12.0,0.0,0.0,0.0,10.0,1.2,-19.75494838767136,-19.75494838767136,0.0,0.0,19.75494838767136,19.75494838767136,0.062185854804586826,550.7197174013764,9858.086562471191,275.3598587006882,Prosumer
2023-02-21 18:00:00,user_002,18,0,1,False,0.0,0.0,21.540620104404855,21.540620104404855,12.0,0.0,0.0,0.0,10.0,1.2,-21.540620104404855,-21.540620104404855,0.0,0.0,21.540620104404855,21.540620104404855,0.0,550.7197174013764,9879.627182575596,275.3598587006882,Prosumer
2023-02-21 19:00:00,user_002,19,0,1,False,0.0,0.0,18.88737677851595,18.88749289419761,12.0,0.0,0.0,0.0,10.0,1.2,-18.88737677851595,-18.88737677851595,0.0,0.0,18.88737677851595,18.88737677851595,0.0,550.7197174013764,9898.514675469793,275.3598587006882,Prosumer
2023-02-21 20:00:00,user_002,20,0,1,False,0.0,0.0,22.72732237095123,22.72732237095123,12.0,0.0,0.0,0.0,10.0,1.2,-22.72732237095123,-22.72732237095123,0.0,0.0,22.72732237095123,22.72732237095123,0.0,550.7197174013764,9921.241997840743,275.3598587006882,Prosumer
2023-02-21 21:00:00,user_002,21,0,1,False,0.0,0.0,23.68295443099787,23.682489968271238,12.0,0.0,0.0,0.0,10.0,1.2,-23.68295443099787,-23.68295443099787,0.0,0.0,23.68295443099787,23.68295443099787,0.0,550.7197174013764,9944.924487809014,275.3598587006882,Prosumer
2023-02-21 22:00:00,user_002,22,0,1,False,0.0,0.0,9.89653954772479,9.896655663406449,12.0,0.0,0.0,0.0,10.0,1.2,-9.89653954772479,-9.89653954772479,0.0,0.0,9.89653954772479,9.89653954772479,0.0,550.7197174013764,9954.82114347242,275.3598587006882,Prosumer
2023-02-21 23:00:00,user_002,23,0,1,False,0.0,0.0,11.408365722914006,11.408481838595666,12.0,0.0,0.0,0.0,10.0,1.2,-11.408365722914006,-11.408365722914006,0.0,0.0,11.408365722914006,11.408365722914006,0.0,550.7197174013764,9966.229625311016,275.3598587006882,Prosumer
2023-02-22 00:00:00,user_002,0,0,2,False,0.0,0.0,10.917196389499997,10.917544736544974,12.0,0.0,0.0,0.0,10.0,1.2,-10.917196389499997,-10.917196389499997,0.0,0.0,10.917196389499997,10.917196389499997,0.0,550.7197174013764,9977.147170047561,275.3598587006882,Prosumer
2023-02-22 01:00:00,user_002,1,0,2,False,0.0,0.0,11.202840966379066,11.202492619334093,12.0,0.0,0.0,0.0,10.0,1.2,-11.202840966379066,-11.202840966379066,0.0,0.0,11.202840966379066,11.202840966379066,0.0,550.7197174013764,9988.349662666895,275.3598587006882,Prosumer
2023-02-22 02:00:00,user_002,2,0,2,False,0.0,0.0,12.835427450492766,12.834962987766133,12.0,0.0,0.0,0.0,10.0,1.2,-12.835427450492766,-12.835427450492766,0.0,0.0,12.835427450492766,12.835427450492766,0.0,550.7197174013764,10001.184625654661,275.3598587006882,Prosumer
2023-02-22 03:00:00,user_002,3,0,2,False,0.0,0.0,11.570927677235426,11.571276024280401,12.0,0.0,0.0,0.0,10.0,1.2,-11.570927677235426,-11.570927677235426,0.0,0.0,11.570927677235426,11.570927677235426,0.0,550.7197174013764,10012.755901678942,275.3598587006882,Prosumer
2023-02-22 04:00:00,user_002,4,0,2,False,0.0,0.0,11.119237675585193,11.11877321285856,12.0,0.0,0.0,0.0,10.0,1.2,-11.119237675585193,-11.119237675585193,0.0,0.0,11.119237675585193,11.119237675585193,0.0,550.7197174013764,10023.8746748918,275.3598587006882,Prosumer
2023-02-22 05:00:00,user_002,5,0,2,False,0.0,0.0,9.745589161569187,9.745473045887527,12.0,0.0,0.0,0.0,10.0,1.2,-9.745589161569187,-9.745589161569187,0.0,0.0,9.745589161569187,9.745589161569187,0.0,550.7197174013764,10033.620147937687,275.3598587006882,Prosumer
2023-02-22 06:00:00,user_002,6,0,2,False,0.0,0.0,45.90633474355269,45.906218627871034,12.0,0.0,0.0,0.0,10.0,1.2,-45.90633474355269,-45.90633474355269,0.0,0.0,45.90633474355269,45.90633474355269,0.0,550.7197174013764,10079.526366565558,275.3598587006882,Prosumer
2023-02-22 07:00:00,user_002,7,0,2,False,0.5077898202978096,0.5081052177017213,42.490211389169694,42.48986304212472,12.0,0.0,0.0,0.0,10.0,1.2,-41.982421568871885,-41.982421568871885,0.0,0.0,41.982421568871885,41.982421568871885,0.2540526088508607,551.2278226190782,10122.016229607683,275.6139113095391,Prosumer
2023-02-22 08:00:00,user_002,8,0,2,False,2.4947934649414125,2.495319127281265,35.2538821082333,35.25411433959661,12.0,0.0,0.0,0.0,10.0,1.2,-32.75908864329189,-32.75908864329189,0.0,0.0,32.75908864329189,32.75908864329189,1.2476595636406325,553.7231417463595,10157.27034394728,276.86157087317974,Prosumer
2023-02-22 09:00:00,user_002,9,0,2,False,4.046548692186893,4.04612816231501,38.173030345119386,38.1726819980744,12.0,0.0,0.0,0.0,10.0,1.2,-34.12648165293249,-34.12648165293249,0.0,0.0,34.12648165293249,34.12648165293249,2.023064081157505,557.7692699086745,10195.443025945355,278.88463495433723,Prosumer
2023-02-22 10:00:00,user_002,10,0,2,False,5.2072111385818864,5.207316271049857,22.121198512695646,22.12096628133233,12.0,0.0,0.0,0.0,10.0,1.2,-16.91398737411376,-16.91398737411376,0.0,0.0,16.91398737411376,16.91398737411376,2.6036581355249284,562.9765861797243,10217.563992226687,281.48829308986217,Prosumer
2023-02-22 11:00:00,user_002,11,0,2,False,5.5615075556426765,5.5615075556426765,22.365041444177777,22.365273675541093,12.0,0.0,0.0,0.0,10.0,1.2,-16.8035338885351,-16.8035338885351,0.0,0.0,16.8035338885351,16.8035338885351,2.7807537778213383,568.538093735367,10239.929265902229,284.2690468676835,Prosumer
2023-02-22 12:00:00,user_002,12,0,2,False,5.314446255911858,5.31486678578374,20.76961197819469,20.769379746831373,12.0,0.0,0.0,0.0,10.0,1.2,-15.455165722282832,-15.455165722282832,0.0,0.0,15.455165722282832,15.455165722282832,2.65743339289187,573.8529605211507,10260.69864564906,286.9264802605754,Prosumer
2023-02-22 13:00:00,user_002,13,0,2,False,5.323908178029209,5.323908178029209,23.180173529418045,23.180521876463022,12.0,0.0,0.0,0.0,10.0,1.2,-17.856265351388835,-17.856265351388835,0.0,0.0,17.856265351388835,17.856265351388835,2.6619540890146043,579.17686869918,10283.879167525523,289.58843434959,Prosumer
2023-02-22 14:00:00,user_002,14,0,2,False,4.343022251863875,4.3434427817357575,22.045723319617846,22.045607203936186,12.0,0.0,0.0,0.0,10.0,1.2,-17.70270106775397,-17.70270106775397,0.0,0.0,17.70270106775397,17.70270106775397,2.1717213908678787,583.5203114809158,10305.92477472946,291.7601557404579,Prosumer
2023-02-22 15:00:00,user_002,15,0,2,False,4.034984120710131,4.03487898824216,22.76912401634817,22.768659553621532,12.0,0.0,0.0,0.0,10.0,1.2,-18.734139895638037,-18.734139895638037,0.0,0.0,18.734139895638037,18.734139895638037,2.01743949412108,587.555190469158,10328.693434283081,293.777595234579,Prosumer
2023-02-22 16:00:00,user_002,16,0,2,False,1.660041669255158,1.660251934191099,24.753541015886086,24.75319266884111,12.0,0.0,0.0,0.0,10.0,1.2,-23.093499346630928,-23.093499346630928,0.0,0.0,23.093499346630928,23.093499346630928,0.8301259670955495,589.2154424033491,10353.446626951922,294.60772120167456,Prosumer
2023-02-22 17:00:00,user_002,17,0,2,False,0.12826161092408442,0.12815647845611386,24.493441888971812,24.493790236016785,12.0,0.0,0.0,0.0,10.0,1.2,-24.365180278047728,-24.365180278047728,0.0,0.0,24.365180278047728,24.365180278047728,0.06407823922805693,589.3435988818053,10377.940417187938,294.67179944090265,Prosumer
2023-02-22 18:00:00,user_002,18,0,2,False,0.0,0.0,22.261698487502017,22.261234024775387,12.0,0.0,0.0,0.0,10.0,1.2,-22.261698487502017,-22.261698487502017,0.0,0.0,22.261698487502017,22.261698487502017,0.0,589.3435988818053,10400.201651212714,294.67179944090265,Prosumer
2023-02-22 19:00:00,user_002,19,0,2,False,0.0,0.0,23.64579741286726,23.645449065822287,12.0,0.0,0.0,0.0,10.0,1.2,-23.64579741286726,-23.64579741286726,0.0,0.0,23.64579741286726,23.64579741286726,0.0,589.3435988818053,10423.847100278535,294.67179944090265,Prosumer
2023-02-22 20:00:00,user_002,20,0,2,False,0.0,0.0,24.01388412372362,24.013303545315328,12.0,0.0,0.0,0.0,10.0,1.2,-24.01388412372362,-24.01388412372362,0.0,0.0,24.01388412372362,24.01388412372362,0.0,589.3435988818053,10447.86040382385,294.67179944090265,Prosumer
2023-02-22 21:00:00,user_002,21,0,2,False,0.0,0.0,24.63974764786109,24.640212110587726,12.0,0.0,0.0,0.0,10.0,1.2,-24.63974764786109,-24.63974764786109,0.0,0.0,24.63974764786109,24.63974764786109,0.0,589.3435988818053,10472.500615934438,294.67179944090265,Prosumer
2023-02-22 22:00:00,user_002,22,0,2,False,0.0,0.0,12.87606793907312,12.876532401799754,12.0,0.0,0.0,0.0,10.0,1.2,-12.87606793907312,-12.87606793907312,0.0,0.0,12.87606793907312,12.87606793907312,0.0,589.3435988818053,10485.377148336238,294.67179944090265,Prosumer
2023-02-22 23:00:00,user_002,23,0,2,False,0.0,0.0,10.90326250770102,10.903378623382679,12.0,0.0,0.0,0.0,10.0,1.2,-10.90326250770102,-10.90326250770102,0.0,0.0,10.90326250770102,10.90326250770102,0.0,589.3435988818053,10496.280526959621,294.67179944090265,Prosumer
2023-02-23 00:00:00,user_002,0,0,3,False,0.0,0.0,12.822654725510366,12.822422494147052,12.0,0.0,0.0,0.0,10.0,1.2,-12.822654725510366,-12.822654725510366,0.0,0.0,12.822654725510366,12.822654725510366,0.0,589.3435988818053,10509.102949453769,294.67179944090265,Prosumer
2023-02-23 01:00:00,user_002,1,0,3,False,0.0,0.0,12.196791201372896,12.197255664099531,12.0,0.0,0.0,0.0,10.0,1.2,-12.196791201372896,-12.196791201372896,0.0,0.0,12.196791201372896,12.196791201372896,0.0,589.3435988818053,10521.300205117868,294.67179944090265,Prosumer
2023-02-23 02:00:00,user_002,2,0,3,False,0.0,0.0,12.67634896662109,12.676116735257773,12.0,0.0,0.0,0.0,10.0,1.2,-12.67634896662109,-12.67634896662109,0.0,0.0,12.67634896662109,12.67634896662109,0.0,589.3435988818053,10533.976321853126,294.67179944090265,Prosumer
2023-02-23 03:00:00,user_002,3,0,3,False,0.0,0.0,10.927646800849232,10.927879032212548,12.0,0.0,0.0,0.0,10.0,1.2,-10.927646800849232,-10.927646800849232,0.0,0.0,10.927646800849232,10.927646800849232,0.0,589.3435988818053,10544.90420088534,294.67179944090265,Prosumer
2023-02-23 04:00:00,user_002,4,0,3,False,0.0,0.0,12.837749764125927,12.83763364844427,12.0,0.0,0.0,0.0,10.0,1.2,-12.837749764125927,-12.837749764125927,0.0,0.0,12.837749764125927,12.837749764125927,0.0,589.3435988818053,10557.741834533783,294.67179944090265,Prosumer
2023-02-23 05:00:00,user_002,5,0,3,False,0.0,0.0,11.416493820630079,11.416493820630079,12.0,0.0,0.0,0.0,10.0,1.2,-11.416493820630079,-11.416493820630079,0.0,0.0,11.416493820630079,11.416493820630079,0.0,589.3435988818053,10569.158328354413,294.67179944090265,Prosumer
2023-02-23 06:00:00,user_002,6,0,3,False,0.0,0.0,41.70062475389422,41.70027640684925,12.0,0.0,0.0,0.0,10.0,1.2,-41.70062475389422,-41.70062475389422,0.0,0.0,41.70062475389422,41.70062475389422,0.0,589.3435988818053,10610.858604761263,294.67179944090265,Prosumer
2023-02-23 07:00:00,user_002,7,0,3,False,0.5803312231974967,0.5808568855373495,47.2927559825511,47.29240763550613,12.0,0.0,0.0,0.0,10.0,1.2,-46.7124247593536,-46.7124247593536,0.0,0.0,46.7124247593536,46.7124247593536,0.29042844276867474,589.9244557673427,10658.15101239677,294.96222788367135,Prosumer
2023-02-23 08:00:00,user_002,8,0,3,False,2.154164268716795,2.153848871312883,36.748290931173784,36.74805869981047,12.0,0.0,0.0,0.0,10.0,1.2,-34.594126662456986,-34.594126662456986,0.0,0.0,34.594126662456986,34.594126662456986,1.0769244356564416,592.0783046386556,10694.899071096579,296.0391523193278,Prosumer
2023-02-23 09:00:00,user_002,9,0,3,False,3.6102489501090647,3.610459215045006,37.23829910777121,37.23818299208955,12.0,0.0,0.0,0.0,10.0,1.2,-33.628050157662145,-33.628050157662145,0.0,0.0,33.628050157662145,33.628050157662145,1.805229607522503,595.6887638537006,10732.137254088668,297.8443819268503,Prosumer
2023-02-23 10:00:00,user_002,10,0,3,False,5.011664748156643,5.012085278028525,20.317921976544458,20.317921976544458,12.0,0.0,0.0,0.0,10.0,1.2,-15.306257228387814,-15.306257228387814,0.0,0.0,15.306257228387814,15.306257228387814,2.5060426390142627,600.7008491317291,10752.455176065212,300.35042456586456,Prosumer
2023-02-23 11:00:00,user_002,11,0,3,False,4.989586929882825,4.989271532478913,21.927285324326522,21.927749787053155,12.0,0.0,0.0,0.0,10.0,1.2,-16.937698394443697,-16.937698394443697,0.0,0.0,16.937698394443697,16.937698394443697,2.4946357662394565,605.690120664208,10774.382925852266,302.845060332104,Prosumer
2023-02-23 12:00:00,user_002,12,0,3,False,4.479694460225604,4.479484195289663,20.38759138553935,20.387823616902665,12.0,0.0,0.0,0.0,10.0,1.2,-15.907896925313745,-15.907896925313745,0.0,0.0,15.907896925313745,15.907896925313745,2.2397420976448315,610.1696048594977,10794.770749469168,305.08480242974883,Prosumer
2023-02-23 13:00:00,user_002,13,0,3,False,4.887608435951381,4.8880289658232625,21.71943825415842,21.719206022795102,12.0,0.0,0.0,0.0,10.0,1.2,-16.831829818207037,-16.831829818207037,0.0,0.0,16.831829818207037,16.831829818207037,2.4440144829116313,615.057633825321,10816.489955491963,307.5288169126605,Prosumer
2023-02-23 14:00:00,user_002,14,0,3,False,4.044446042827482,4.04423577789154,24.232181605240957,24.231601026832667,12.0,0.0,0.0,0.0,10.0,1.2,-20.187735562413476,-20.187735562413476,0.0,0.0,20.187735562413476,20.187735562413476,2.02211788894577,619.1018696032125,10840.721556518796,309.5509348016063,Prosumer
2023-02-23 15:00:00,user_002,15,0,3,False,2.6188497771466746,2.619060042082616,27.027086062752815,27.026969947071155,12.0,0.0,0.0,0.0,10.0,1.2,-24.40823628560614,-24.40823628560614,0.0,0.0,24.40823628560614,24.40823628560614,1.309530021041308,621.7209296452952,10867.748526465868,310.8604648226476,Prosumer
2023-02-23 16:00:00,user_002,16,0,3,False,0.9556541338523995,0.9552336039805172,24.22173119389172,24.221847309573377,12.0,0.0,0.0,0.0,10.0,1.2,-23.266077060039322,-23.266077060039322,0.0,0.0,23.266077060039322,23.266077060039322,0.4776168019902586,622.6761632492758,10891.97037377544,311.3380816246379,Prosumer
2023-02-23 17:00:00,user_002,17,0,3,False,0.0841059743764488,0.08368544450456655,27.71797436861885,27.71820659998217,12.0,0.0,0.0,0.0,10.0,1.2,-27.633868394242402,-27.633868394242402,0.0,0.0,27.633868394242402,27.633868394242402,0.041842722252283276,622.7598486937803,10919.688580375423,311.37992434689016,Prosumer
2023-02-23 18:00:00,user_002,18,0,3,False,0.0,0.0,24.25772705520575,24.25830763361404,12.0,0.0,0.0,0.0,10.0,1.2,-24.25772705520575,-24.25772705520575,0.0,0.0,24.25772705520575,24.25772705520575,0.0,622.7598486937803,10943.946888009037,311.37992434689016,Prosumer
2023-02-23 19:00:00,user_002,19,0,3,False,0.0,0.0,27.219838094305356,27.220070325668672,12.0,0.0,0.0,0.0,10.0,1.2,-27.219838094305356,-27.219838094305356,0.0,0.0,27.219838094305356,27.219838094305356,0.0,622.7598486937803,10971.166958334707,311.37992434689016,Prosumer
2023-02-23 20:00:00,user_002,20,0,3,False,0.0,0.0,20.73361611688066,20.733151654154028,12.0,0.0,0.0,0.0,10.0,1.2,-20.73361611688066,-20.73361611688066,0.0,0.0,20.73361611688066,20.73361611688066,0.0,622.7598486937803,10991.900109988861,311.37992434689016,Prosumer
2023-02-23 21:00:00,user_002,21,0,3,False,0.0,0.0,20.867149150787544,20.866916919424227,12.0,0.0,0.0,0.0,10.0,1.2,-20.867149150787544,-20.867149150787544,0.0,0.0,20.867149150787544,20.867149150787544,0.0,622.7598486937803,11012.767026908285,311.37992434689016,Prosumer
2023-02-23 22:00:00,user_002,22,0,3,False,0.0,0.0,11.58137808858466,11.581145857221346,12.0,0.0,0.0,0.0,10.0,1.2,-11.58137808858466,-11.58137808858466,0.0,0.0,11.58137808858466,11.58137808858466,0.0,622.7598486937803,11024.348172765505,311.37992434689016,Prosumer
2023-02-23 23:00:00,user_002,23,0,3,False,0.0,0.0,11.653369811212718,11.653602042576034,12.0,0.0,0.0,0.0,10.0,1.2,-11.653369811212718,-11.653369811212718,0.0,0.0,11.653369811212718,11.653369811212718,0.0,622.7598486937803,11036.00177480808,311.37992434689016,Prosumer
2023-02-24 00:00:00,user_002,0,0,4,False,0.0,0.0,11.82289870643363,11.822666475070314,12.0,0.0,0.0,0.0,10.0,1.2,-11.82289870643363,-11.82289870643363,0.0,0.0,11.82289870643363,11.82289870643363,0.0,622.7598486937803,11047.824441283152,311.37992434689016,Prosumer
2023-02-24 01:00:00,user_002,1,0,4,False,0.0,0.0,13.484514110961868,13.484165763916893,12.0,0.0,0.0,0.0,10.0,1.2,-13.484514110961868,-13.484514110961868,0.0,0.0,13.484514110961868,13.484514110961868,0.0,622.7598486937803,11061.308607047069,311.37992434689016,Prosumer
2023-02-24 02:00:00,user_002,2,0,4,False,0.0,0.0,9.449494173340883,9.449378057659226,12.0,0.0,0.0,0.0,10.0,1.2,-9.449494173340883,-9.449494173340883,0.0,0.0,9.449494173340883,9.449494173340883,0.0,622.7598486937803,11070.757985104729,311.37992434689016,Prosumer
2023-02-24 03:00:00,user_002,3,0,4,False,0.0,0.0,11.783419374669855,11.783535490351513,12.0,0.0,0.0,0.0,10.0,1.2,-11.783419374669855,-11.783419374669855,0.0,0.0,11.783419374669855,11.783419374669855,0.0,622.7598486937803,11082.54152059508,311.37992434689016,Prosumer
2023-02-24 04:00:00,user_002,4,0,4,False,0.0,0.0,13.109460459206018,13.108995996479386,12.0,0.0,0.0,0.0,10.0,1.2,-13.109460459206018,-13.109460459206018,0.0,0.0,13.109460459206018,13.109460459206018,0.0,622.7598486937803,11095.650516591559,311.37992434689016,Prosumer
2023-02-24 05:00:00,user_002,5,0,4,False,0.0,0.0,10.612973303555625,10.613437766282257,12.0,0.0,0.0,0.0,10.0,1.2,-10.612973303555625,-10.612973303555625,0.0,0.0,10.612973303555625,10.612973303555625,0.0,622.7598486937803,11106.26395435784,311.37992434689016,Prosumer
2023-02-24 06:00:00,user_002,6,0,4,False,0.0,0.0,43.1195583837569,43.1201389621652,12.0,0.0,0.0,0.0,10.0,1.2,-43.1195583837569,-43.1195583837569,0.0,0.0,43.1195583837569,43.1195583837569,0.0,622.7598486937803,11149.384093320006,311.37992434689016,Prosumer
2023-02-24 07:00:00,user_002,7,0,4,False,0.6486673273783613,0.6487724598463319,41.528773545040146,41.52842519799517,12.0,0.0,0.0,0.0,10.0,1.2,-40.88010621766178,-40.88010621766178,0.0,0.0,40.88010621766178,40.88010621766178,0.32438622992316596,623.4086211536267,11190.912518518002,311.7043105768133,Prosumer
2023-02-24 08:00:00,user_002,8,0,4,False,2.5032040623790572,2.5028886649751456,34.530481411502976,34.530133064458,12.0,0.0,0.0,0.0,10.0,1.2,-32.02727734912392,-32.02727734912392,0.0,0.0,32.02727734912392,32.02727734912392,1.2514443324875728,625.9115098186018,11225.44265158246,312.9557549093009,Prosumer
2023-02-24 09:00:00,user_002,9,0,4,False,3.5103731055370315,3.5098474431971787,43.06266169974441,43.06242946838109,12.0,0.0,0.0,0.0,10.0,1.2,-39.552288594207376,-39.552288594207376,0.0,0.0,39.552288594207376,39.552288594207376,1.7549237215985893,629.4213572617989,11268.50508105084,314.71067863089945,Prosumer
2023-02-24 10:00:00,user_002,10,0,4,False,4.440795447076496,4.440480049672585,26.53823904297197,26.538471274335286,12.0,0.0,0.0,0.0,10.0,1.2,-22.097443595895474,-22.097443595895474,0.0,0.0,22.097443595895474,22.097443595895474,2.2202400248362926,633.8618373114715,11295.043552325176,316.93091865573575,Prosumer
2023-02-24 11:00:00,user_002,11,0,4,False,5.031639917071049,5.031639917071049,22.190867921690543,22.1909840373722,12.0,0.0,0.0,0.0,10.0,1.2,-17.159228004619493,-17.159228004619493,0.0,0.0,17.159228004619493,17.159228004619493,2.5158199585355243,638.8934772285426,11317.234536362548,319.4467386142713,Prosumer
2023-02-24 12:00:00,user_002,12,0,4,False,5.626689685784425,5.626689685784425,22.397553835042064,22.398018297768694,12.0,0.0,0.0,0.0,10.0,1.2,-16.77086414925764,-16.77086414925764,0.0,0.0,16.77086414925764,16.77086414925764,2.8133448428922123,644.520166914327,11339.632554660317,322.2600834571635,Prosumer
2023-02-24 13:00:00,user_002,13,0,4,False,5.056871709383984,5.056976841851955,18.81190158543815,18.812249932483123,12.0,0.0,0.0,0.0,10.0,1.2,-13.755029876054166,-13.755029876054166,0.0,0.0,13.755029876054166,13.755029876054166,2.5284884209259775,649.5771437561789,11358.4448045928,324.78857187808944,Prosumer
2023-02-24 14:00:00,user_002,14,0,4,False,4.784578617340231,4.784158087468349,26.375677088650548,26.37509651024226,12.0,0.0,0.0,0.0,10.0,1.2,-21.591098471310318,-21.591098471310318,0.0,0.0,21.591098471310318,21.591098471310318,2.3920790437341743,654.3613018436472,11384.819901103043,327.1806509218236,Prosumer
2023-02-24 15:00:00,user_002,15,0,4,False,2.967889570808937,2.9677844383409666,20.189033569903902,20.189033569903902,12.0,0.0,0.0,0.0,10.0,1.2,-17.221143999094966,-17.221143999094966,0.0,0.0,17.221143999094966,17.221143999094966,1.4838922191704833,657.3290862819881,11405.008934672947,328.66454314099406,Prosumer
2023-02-24 16:00:00,user_002,16,0,4,False,1.7525582410692517,1.752978770941134,21.62073992474899,21.620507693385672,12.0,0.0,0.0,0.0,10.0,1.2,-19.868181683679737,-19.868181683679737,0.0,0.0,19.868181683679737,19.868181683679737,0.876489385470567,659.0820650529292,11426.629442366333,329.5410325264646,Prosumer
2023-02-24 17:00:00,user_002,17,0,4,False,0.19554639042524344,0.195651522893214,22.877111600290256,22.87757606301689,12.0,0.0,0.0,0.0,10.0,1.2,-22.681565209865013,-22.681565209865013,0.0,0.0,22.681565209865013,22.681565209865013,0.097825761446607,659.2777165758224,11449.507018429349,329.6388582879112,Prosumer
2023-02-24 18:00:00,user_002,18,0,4,False,0.0,0.0,23.549421397090985,23.549421397090985,12.0,0.0,0.0,0.0,10.0,1.2,-23.549421397090985,-23.549421397090985,0.0,0.0,23.549421397090985,23.549421397090985,0.0,659.2777165758224,11473.05643982644,329.6388582879112,Prosumer
2023-02-24 19:00:00,user_002,19,0,4,False,0.0,0.0,19.02787675332232,19.028108984685637,12.0,0.0,0.0,0.0,10.0,1.2,-19.02787675332232,-19.02787675332232,0.0,0.0,19.02787675332232,19.02787675332232,0.0,659.2777165758224,11492.084548811124,329.6388582879112,Prosumer
2023-02-24 20:00:00,user_002,20,0,4,False,0.0,0.0,19.927773286173043,19.92823774889968,12.0,0.0,0.0,0.0,10.0,1.2,-19.927773286173043,-19.927773286173043,0.0,0.0,19.927773286173043,19.927773286173043,0.0,659.2777165758224,11512.012786560024,329.6388582879112,Prosumer
2023-02-24 21:00:00,user_002,21,0,4,False,0.0,0.0,19.69321960922357,19.69310349354191,12.0,0.0,0.0,0.0,10.0,1.2,-19.69321960922357,-19.69321960922357,0.0,0.0,19.69321960922357,19.69321960922357,0.0,659.2777165758224,11531.705890053567,329.6388582879112,Prosumer
2023-02-24 22:00:00,user_002,22,0,4,False,0.0,0.0,10.18334528142044,10.183113050057125,12.0,0.0,0.0,0.0,10.0,1.2,-10.18334528142044,-10.18334528142044,0.0,0.0,10.18334528142044,10.18334528142044,0.0,659.2777165758224,11541.889003103624,329.6388582879112,Prosumer
2023-02-24 23:00:00,user_002,23,0,4,False,0.0,0.0,10.911390605417091,10.911738952462064,12.0,0.0,0.0,0.0,10.0,1.2,-10.911390605417091,-10.911390605417091,0.0,0.0,10.911390605417091,10.911390605417091,0.0,659.2777165758224,11552.800742056086,329.6388582879112,Prosumer
2023-02-25 00:00:00,user_002,0,0,5,True,0.0,0.0,7.949279566317484,7.9489312192725095,12.0,0.0,0.0,0.0,10.0,1.2,-7.949279566317484,-7.949279566317484,0.0,0.0,7.949279566317484,7.949279566317484,0.0,659.2777165758224,11560.749673275359,329.6388582879112,Prosumer
2023-02-25 01:00:00,user_002,1,0,5,True,0.0,0.0,8.750477769758772,8.7501294227138,12.0,0.0,0.0,0.0,10.0,1.2,-8.750477769758772,-8.750477769758772,0.0,0.0,8.750477769758772,8.750477769758772,0.0,659.2777165758224,11569.499802698072,329.6388582879112,Prosumer
2023-02-25 02:00:00,user_002,2,0,5,True,0.0,0.0,8.619267049485055,8.618802586758422,12.0,0.0,0.0,0.0,10.0,1.2,-8.619267049485055,-8.619267049485055,0.0,0.0,8.619267049485055,8.619267049485055,0.0,659.2777165758224,11578.11860528483,329.6388582879112,Prosumer
2023-02-25 03:00:00,user_002,3,0,5,True,0.0,0.0,9.478523093755424,9.478406978073766,12.0,0.0,0.0,0.0,10.0,1.2,-9.478523093755424,-9.478523093755424,0.0,0.0,9.478523093755424,9.478523093755424,0.0,659.2777165758224,11587.597012262904,329.6388582879112,Prosumer
2023-02-25 04:00:00,user_002,4,0,5,True,0.0,0.0,9.589994148147255,9.589413569738964,12.0,0.0,0.0,0.0,10.0,1.2,-9.589994148147255,-9.589994148147255,0.0,0.0,9.589994148147255,9.589994148147255,0.0,659.2777165758224,11597.186425832642,329.6388582879112,Prosumer
2023-02-25 05:00:00,user_002,5,0,5,True,0.0,0.0,10.199601476852584,10.199717592534242,12.0,0.0,0.0,0.0,10.0,1.2,-10.199601476852584,-10.199601476852584,0.0,0.0,10.199601476852584,10.199601476852584,0.0,659.2777165758224,11607.386143425176,329.6388582879112,Prosumer
2023-02-25 06:00:00,user_002,6,0,5,True,0.0,0.0,28.59929239240427,28.59940850808593,12.0,0.0,0.0,0.0,10.0,1.2,-28.59929239240427,-28.59929239240427,0.0,0.0,28.59929239240427,28.59929239240427,0.0,659.2777165758224,11635.985551933261,329.6388582879112,Prosumer
2023-02-25 07:00:00,user_002,7,0,5,True,0.420529871882244,0.42021447447833227,29.610659979646826,29.61054386396517,12.0,0.0,0.0,0.0,10.0,1.2,-29.19013010776458,-29.19013010776458,0.0,0.0,29.19013010776458,29.19013010776458,0.21010723723916613,659.6979310503008,11665.596095797226,329.8489655251504,Prosumer
2023-02-25 08:00:00,user_002,8,0,5,True,1.927078137900383,1.9266576080285007,29.504994709337904,29.50511082501956,12.0,0.0,0.0,0.0,10.0,1.2,-27.57791657143752,-27.57791657143752,0.0,0.0,27.57791657143752,27.57791657143752,0.9633288040142504,661.6245886583292,11695.101206622245,330.8122943291646,Prosumer
2023-02-25 09:00:00,user_002,9,0,5,True,2.7586759595475208,2.7588862244834615,23.105859493156824,23.1062078402018,12.0,0.0,0.0,0.0,10.0,1.2,-20.347183533609304,-20.347183533609304,0.0,0.0,20.347183533609304,20.347183533609304,1.3794431122417308,664.3834748828127,11718.207414462446,332.19173744140636,Prosumer
2023-02-25 10:00:00,user_002,10,0,5,True,3.6239161709452374,3.624021303413208,20.645368198820464,20.645716545865437,12.0,0.0,0.0,0.0,10.0,1.2,-17.021452027875227,-17.021452027875227,0.0,0.0,17.021452027875227,17.021452027875227,1.812010651706604,668.0074961862259,11738.85313100831,334.00374809311296,Prosumer
2023-02-25 11:00:00,user_002,11,0,5,True,3.7826661975807845,3.7830867274526665,20.42474840366996,20.424516172306646,12.0,0.0,0.0,0.0,10.0,1.2,-16.642082206089174,-16.642082206089174,0.0,0.0,16.642082206089174,16.642082206089174,1.8915433637263332,671.7905829136786,11759.277647180617,335.8952914568393,Prosumer
2023-02-25 12:00:00,user_002,12,0,5,True,3.259106507087391,3.2595270369592733,20.068273260979417,20.0680410296161,12.0,0.0,0.0,0.0,10.0,1.2,-16.809166753892026,-16.809166753892026,0.0,0.0,16.809166753892026,16.809166753892026,1.6297635184796366,675.0501099506379,11779.345688210233,337.52505497531894,Prosumer
2023-02-25 13:00:00,user_002,13,0,5,True,3.0562008439042083,3.0560957114362375,21.71827709734184,21.718393213023496,12.0,0.0,0.0,0.0,10.0,1.2,-18.662076253437633,-18.662076253437633,0.0,0.0,18.662076253437633,18.662076253437633,1.5280478557181187,678.1062056620741,11801.064081423256,339.05310283103705,Prosumer
2023-02-25 14:00:00,user_002,14,0,5,True,2.918477310862773,2.9186875757987143,23.302094995159113,23.302211110840773,12.0,0.0,0.0,0.0,10.0,1.2,-20.38361768429634,-20.38361768429634,0.0,0.0,20.38361768429634,20.38361768429634,1.4593437878993571,681.0248932378728,11824.366292534096,340.5124466189364,Prosumer
2023-02-25 15:00:00,user_002,15,0,5,True,2.7860104012198663,2.785589871347984,20.17277737447176,20.17242902742678,12.0,0.0,0.0,0.0,10.0,1.2,-17.386766973251895,-17.386766973251895,0.0,0.0,17.386766973251895,17.386766973251895,1.392794935673992,683.8104831092207,11844.538721561523,341.90524155461037,Prosumer
2023-02-25 16:00:00,user_002,16,0,5,True,0.6570779248160062,0.6567625274120946,23.26377682021192,23.263312357485287,12.0,0.0,0.0,0.0,10.0,1.2,-22.606698895395912,-22.606698895395912,0.0,0.0,22.606698895395912,22.606698895395912,0.3283812637060473,684.4672456366328,11867.802033919008,342.2336228183164,Prosumer
2023-02-25 17:00:00,user_002,17,0,5,True,0.057822857383808546,0.0574023275119263,24.031301475972345,24.030953128927365,12.0,0.0,0.0,0.0,10.0,1.2,-23.973478618588537,-23.973478618588537,0.0,0.0,23.973478618588537,23.973478618588537,0.02870116375596315,684.5246479641447,11891.832987047936,342.26232398207236,Prosumer
2023-02-25 18:00:00,user_002,18,0,5,True,0.0,0.0,22.39407036459232,22.393838133229,12.0,0.0,0.0,0.0,10.0,1.2,-22.39407036459232,-22.39407036459232,0.0,0.0,22.39407036459232,22.39407036459232,0.0,684.5246479641447,11914.226825181164,342.26232398207236,Prosumer
2023-02-25 19:00:00,user_002,19,0,5,True,0.0,0.0,22.337173680579816,22.336593102171527,12.0,0.0,0.0,0.0,10.0,1.2,-22.337173680579816,-22.337173680579816,0.0,0.0,22.337173680579816,22.337173680579816,0.0,684.5246479641447,11936.563418283335,342.26232398207236,Prosumer
2023-02-25 20:00:00,user_002,20,0,5,True,0.0,0.0,19.110318887299613,19.110202771617953,12.0,0.0,0.0,0.0,10.0,1.2,-19.110318887299613,-19.110318887299613,0.0,0.0,19.110318887299613,19.110318887299613,0.0,684.5246479641447,11955.673621054953,342.26232398207236,Prosumer
2023-02-25 21:00:00,user_002,21,0,5,True,0.0,0.0,22.402198462308387,22.40254680935336,12.0,0.0,0.0,0.0,10.0,1.2,-22.402198462308387,-22.402198462308387,0.0,0.0,22.402198462308387,22.402198462308387,0.0,684.5246479641447,11978.076167864307,342.26232398207236,Prosumer
2023-02-25 22:00:00,user_002,22,0,5,True,0.0,0.0,12.004039169820354,12.003923054138697,12.0,0.0,0.0,0.0,10.0,1.2,-12.004039169820354,-12.004039169820354,0.0,0.0,12.004039169820354,12.004039169820354,0.0,684.5246479641447,11990.080090918445,342.26232398207236,Prosumer
2023-02-25 23:00:00,user_002,23,0,5,True,0.0,0.0,12.047001972033874,12.046885856352215,12.0,0.0,0.0,0.0,10.0,1.2,-12.047001972033874,-12.047001972033874,0.0,0.0,12.047001972033874,12.047001972033874,0.0,684.5246479641447,12002.126976774798,342.26232398207236,Prosumer
2023-02-26 00:00:00,user_002,0,0,6,True,0.0,0.0,9.390275175695223,9.390159060013564,12.0,0.0,0.0,0.0,10.0,1.2,-9.390275175695223,-9.390275175695223,0.0,0.0,9.390275175695223,9.390275175695223,0.0,684.5246479641447,12011.517135834813,342.26232398207236,Prosumer
2023-02-26 01:00:00,user_002,1,0,6,True,0.0,0.0,9.617861911745212,9.617861911745212,12.0,0.0,0.0,0.0,10.0,1.2,-9.617861911745212,-9.617861911745212,0.0,0.0,9.617861911745212,9.617861911745212,0.0,684.5246479641447,12021.134997746558,342.26232398207236,Prosumer
2023-02-26 02:00:00,user_002,2,0,6,True,0.0,0.0,8.636684401733778,8.636684401733778,12.0,0.0,0.0,0.0,10.0,1.2,-8.636684401733778,-8.636684401733778,0.0,0.0,8.636684401733778,8.636684401733778,0.0,684.5246479641447,12029.771682148292,342.26232398207236,Prosumer
2023-02-26 03:00:00,user_002,3,0,6,True,0.0,0.0,8.488056329211336,8.488056329211336,12.0,0.0,0.0,0.0,10.0,1.2,-8.488056329211336,-8.488056329211336,0.0,0.0,8.488056329211336,8.488056329211336,0.0,684.5246479641447,12038.259738477504,342.26232398207236,Prosumer
2023-02-26 04:00:00,user_002,4,0,6,True,0.0,0.0,8.567014992738883,8.566666645693909,12.0,0.0,0.0,0.0,10.0,1.2,-8.567014992738883,-8.567014992738883,0.0,0.0,8.567014992738883,8.567014992738883,0.0,684.5246479641447,12046.826405123198,342.26232398207236,Prosumer
2023-02-26 05:00:00,user_002,5,0,6,True,0.0,0.0,8.519407563259039,8.51882698485075,12.0,0.0,0.0,0.0,10.0,1.2,-8.519407563259039,-8.519407563259039,0.0,0.0,8.519407563259039,8.519407563259039,0.0,684.5246479641447,12055.34523210805,342.26232398207236,Prosumer
2023-02-26 06:00:00,user_002,6,0,6,True,0.0,0.0,29.88701530199324,29.8871314176749,12.0,0.0,0.0,0.0,10.0,1.2,-29.88701530199324,-29.88701530199324,0.0,0.0,29.88701530199324,29.88701530199324,0.0,684.5246479641447,12085.232363525723,342.26232398207236,Prosumer
2023-02-26 07:00:00,user_002,7,0,6,True,0.6455133533392445,0.6450928234673623,34.68259295447516,34.68317353288345,12.0,0.0,0.0,0.0,10.0,1.2,-34.037079601135915,-34.037079601135915,0.0,0.0,34.037079601135915,34.037079601135915,0.32254641173368115,685.1697407876121,12119.915537058607,342.58487039380606,Prosumer
2023-02-26 08:00:00,user_002,8,0,6,True,2.201473879303547,2.2018944091754293,30.346833401359547,30.347413979767836,12.0,0.0,0.0,0.0,10.0,1.2,-28.145359522056,-28.145359522056,0.0,0.0,28.145359522056,28.145359522056,1.1009472045877147,687.3716351967876,12150.262951038374,343.6858175983938,Prosumer
2023-02-26 09:00:00,user_002,9,0,6,True,4.182169575868916,4.181854178465005,30.36773422405801,30.3675019926947,12.0,0.0,0.0,0.0,10.0,1.2,-26.185564648189096,-26.185564648189096,0.0,0.0,26.185564648189096,26.185564648189096,2.0909270892325025,691.5534893752525,12180.630453031068,345.77674468762626,Prosumer
2023-02-26 10:00:00,user_002,10,0,6,True,4.5827242788367535,4.583144808708636,19.294942821136086,19.295175052499403,12.0,0.0,0.0,0.0,10.0,1.2,-14.712218542299333,-14.712218542299333,0.0,0.0,14.712218542299333,14.712218542299333,2.291572404354318,696.1366341839612,12199.925628083567,348.0683170919806,Prosumer
2023-02-26 11:00:00,user_002,11,0,6,True,4.616366668587333,4.615946138715451,18.01070338199686,18.011051729041835,12.0,0.0,0.0,0.0,10.0,1.2,-13.394336713409526,-13.394336713409526,0.0,0.0,13.394336713409526,13.394336713409526,2.3079730693577254,700.7525803226766,12217.936679812608,350.3762901613383,Prosumer
2023-02-26 12:00:00,user_002,12,0,6,True,5.374371762655078,5.3745820275910186,19.32164942791746,19.321533312235804,12.0,0.0,0.0,0.0,10.0,1.2,-13.947277665262384,-13.947277665262384,0.0,0.0,13.947277665262384,13.947277665262384,2.6872910137955093,706.1271623502677,12237.258213124844,353.06358117513383,Prosumer
2023-02-26 13:00:00,user_002,13,0,6,True,4.759346825027296,4.759662222431208,23.515747849410122,23.515515618046805,12.0,0.0,0.0,0.0,10.0,1.2,-18.756401024382825,-18.756401024382825,0.0,0.0,18.756401024382825,18.756401024382825,2.379831111215604,710.8868245726989,12260.77372874289,355.4434122863494,Prosumer
2023-02-26 14:00:00,user_002,14,0,6,True,4.606904746469983,4.606589349066072,20.51880210581307,20.518918221494726,12.0,0.0,0.0,0.0,10.0,1.2,-15.911897359343087,-15.911897359343087,0.0,0.0,15.911897359343087,15.911897359343087,2.303294674533036,715.493413921765,12281.292646964384,357.7467069608825,Prosumer
2023-02-26 15:00:00,user_002,15,0,6,True,3.048841571146269,3.0485261737423572,19.67464110015826,19.674757215839918,12.0,0.0,0.0,0.0,10.0,1.2,-16.625799529011992,-16.625799529011992,0.0,0.0,16.625799529011992,16.625799529011992,1.5242630868711786,718.5419400955074,12300.967404180225,359.2709700477537,Prosumer
2023-02-26 16:00:00,user_002,16,0,6,True,1.7893546048589482,1.7895648697948892,17.806339782278503,17.806920360686792,12.0,0.0,0.0,0.0,10.0,1.2,-16.016985177419556,-16.016985177419556,0.0,0.0,16.016985177419556,16.016985177419556,0.8947824348974446,720.3315049653022,12318.774324540911,360.1657524826511,Prosumer
2023-02-26 17:00:00,user_002,17,0,6,True,0.1902897670267154,0.19018463455874485,23.143016511287435,23.142784279924122,12.0,0.0,0.0,0.0,10.0,1.2,-22.95272674426072,-22.95272674426072,0.0,0.0,22.95272674426072,22.95272674426072,0.09509231727937242,720.5216895998609,12341.917108820835,360.26084479993045,Prosumer
2023-02-26 18:00:00,user_002,18,0,6,True,0.0,0.0,20.442165755918683,20.442281871600343,12.0,0.0,0.0,0.0,10.0,1.2,-20.442165755918683,-20.442165755918683,0.0,0.0,20.442165755918683,20.442165755918683,0.0,720.5216895998609,12362.359390692436,360.26084479993045,Prosumer
2023-02-26 19:00:00,user_002,19,0,6,True,0.0,0.0,19.90106667939167,19.900718332346695,12.0,0.0,0.0,0.0,10.0,1.2,-19.90106667939167,-19.90106667939167,0.0,0.0,19.90106667939167,19.90106667939167,0.0,720.5216895998609,12382.260109024783,360.26084479993045,Prosumer
2023-02-26 20:00:00,user_002,20,0,6,True,0.0,0.0,24.51782618212002,24.518406760528315,12.0,0.0,0.0,0.0,10.0,1.2,-24.51782618212002,-24.51782618212002,0.0,0.0,24.51782618212002,24.51782618212002,0.0,720.5216895998609,12406.77851578531,360.26084479993045,Prosumer
2023-02-26 21:00:00,user_002,21,0,6,True,0.0,0.0,22.353429876011962,22.353545991693622,12.0,0.0,0.0,0.0,10.0,1.2,-22.353429876011962,-22.353429876011962,0.0,0.0,22.353429876011962,22.353429876011962,0.0,720.5216895998609,12429.132061777003,360.26084479993045,Prosumer
2023-02-26 22:00:00,user_002,22,0,6,True,0.0,0.0,8.978064505808764,8.978296737172078,12.0,0.0,0.0,0.0,10.0,1.2,-8.978064505808764,-8.978064505808764,0.0,0.0,8.978064505808764,8.978064505808764,0.0,720.5216895998609,12438.110358514175,360.26084479993045,Prosumer
2023-02-26 23:00:00,user_002,23,0,6,True,0.0,0.0,9.869832940943414,9.870413519351706,12.0,0.0,0.0,0.0,10.0,1.2,-9.869832940943414,-9.869832940943414,0.0,0.0,9.869832940943414,9.869832940943414,0.0,720.5216895998609,12447.980772033527,360.26084479993045,Prosumer
2023-02-27 00:00:00,user_002,0,0,0,False,0.0,0.0,11.358435979800998,11.358668211164314,12.0,0.0,0.0,0.0,10.0,1.2,-11.358435979800998,-11.358435979800998,0.0,0.0,11.358435979800998,11.358435979800998,0.0,720.5216895998609,12459.33944024469,360.26084479993045,Prosumer
2023-02-27 01:00:00,user_002,1,0,0,False,0.0,0.0,12.547460559980534,12.54711221293556,12.0,0.0,0.0,0.0,10.0,1.2,-12.547460559980534,-12.547460559980534,0.0,0.0,12.547460559980534,12.547460559980534,0.0,720.5216895998609,12471.886552457625,360.26084479993045,Prosumer
2023-02-27 02:00:00,user_002,2,0,0,False,0.0,0.0,10.21934114273447,10.219573374097786,12.0,0.0,0.0,0.0,10.0,1.2,-10.21934114273447,-10.21934114273447,0.0,0.0,10.21934114273447,10.21934114273447,0.0,720.5216895998609,12482.106125831722,360.26084479993045,Prosumer
2023-02-27 03:00:00,user_002,3,0,0,False,0.0,0.0,11.255093023125237,11.255209138806896,12.0,0.0,0.0,0.0,10.0,1.2,-11.255093023125237,-11.255093023125237,0.0,0.0,11.255093023125237,11.255093023125237,0.0,720.5216895998609,12493.361334970528,360.26084479993045,Prosumer
2023-02-27 04:00:00,user_002,4,0,0,False,0.0,0.0,9.870994097759995,9.870994097759995,12.0,0.0,0.0,0.0,10.0,1.2,-9.870994097759995,-9.870994097759995,0.0,0.0,9.870994097759995,9.870994097759995,0.0,720.5216895998609,12503.232329068289,360.26084479993045,Prosumer
2023-02-27 05:00:00,user_002,5,0,0,False,0.0,0.0,11.195874025479576,11.195525678434603,12.0,0.0,0.0,0.0,10.0,1.2,-11.195874025479576,-11.195874025479576,0.0,0.0,11.195874025479576,11.195874025479576,0.0,720.5216895998609,12514.427854746724,360.26084479993045,Prosumer
2023-02-27 06:00:00,user_002,6,0,0,False,0.0,0.0,38.49583194012906,38.49606417149238,12.0,0.0,0.0,0.0,10.0,1.2,-38.49583194012906,-38.49583194012906,0.0,0.0,38.49583194012906,38.49583194012906,0.0,720.5216895998609,12552.923918918215,360.26084479993045,Prosumer
2023-02-27 07:00:00,user_002,7,0,0,False,0.4993792228601647,0.4991689579242236,47.20799153494064,47.20845599766727,12.0,0.0,0.0,0.0,10.0,1.2,-46.708612312080476,-46.708612312080476,0.0,0.0,46.708612312080476,46.708612312080476,0.2495844789621118,721.0208585577851,12600.132374915882,360.51042927889256,Prosumer
2023-02-27 08:00:00,user_002,8,0,0,False,2.2698099834844117,2.2697048510164413,38.84998476918644,38.85033311623142,12.0,0.0,0.0,0.0,10.0,1.2,-36.58017478570203,-36.58017478570203,0.0,0.0,36.58017478570203,36.58017478570203,1.1348524255082206,723.2905634088015,12638.982708032114,361.64528170440076,Prosumer
2023-02-27 09:00:00,user_002,9,0,0,False,3.56819596292084,3.5683010953888106,31.898138908312536,31.897558329904246,12.0,0.0,0.0,0.0,10.0,1.2,-28.329942945391696,-28.329942945391696,0.0,0.0,28.329942945391696,28.329942945391696,1.7841505476944053,726.8588645041904,12670.880266362017,363.4294322520952,Prosumer
2023-02-27 10:00:00,user_002,10,0,0,False,4.572211032039698,4.572211032039698,19.000008989724364,19.000357336769337,12.0,0.0,0.0,0.0,10.0,1.2,-14.427797957684666,-14.427797957684666,0.0,0.0,14.427797957684666,14.427797957684666,2.286105516019849,731.4310755362301,12689.880623698786,365.71553776811504,Prosumer
2023-02-27 11:00:00,user_002,11,0,0,False,5.18723596966748,5.187551367071391,22.756351291365768,22.756351291365768,12.0,0.0,0.0,0.0,10.0,1.2,-17.569115321698288,-17.569115321698288,0.0,0.0,17.569115321698288,17.569115321698288,2.5937756835356955,736.6186269033014,12712.636974990151,368.3093134516507,Prosumer
2023-02-27 12:00:00,user_002,12,0,0,False,2.980505466965404,2.980084937093522,24.160189882612897,24.160189882612897,12.0,0.0,0.0,0.0,10.0,1.2,-21.179684415647493,-21.179684415647493,0.0,0.0,21.179684415647493,21.179684415647493,1.490042468546761,739.5987118403949,12736.797164872763,369.79935592019746,Prosumer
2023-02-27 13:00:00,user_002,13,0,0,False,1.816689046531294,1.8168993114672352,20.295859997029403,20.295976112711063,12.0,0.0,0.0,0.0,10.0,1.2,-18.47917095049811,-18.47917095049811,0.0,0.0,18.47917095049811,18.47917095049811,0.9084496557336176,741.4156111518621,12757.093140985475,370.70780557593105,Prosumer
2023-02-27 14:00:00,user_002,14,0,0,False,4.486002408303838,4.486002408303838,23.945375871545306,23.94572421859028,12.0,0.0,0.0,0.0,10.0,1.2,-19.45937346324147,-19.45937346324147,0.0,0.0,19.45937346324147,19.45937346324147,2.243001204151919,745.901613560166,12781.038865204066,372.950806780083,Prosumer
2023-02-27 15:00:00,user_002,15,0,0,False,2.2067305027020754,2.206309972830193,19.2310791962241,19.231311427587414,12.0,0.0,0.0,0.0,10.0,1.2,-17.024348693522025,-17.024348693522025,0.0,0.0,17.024348693522025,17.024348693522025,1.1031549864150965,748.1079235329962,12800.270176631653,374.0539617664981,Prosumer
2023-02-27 16:00:00,user_002,16,0,0,False,1.835612890765995,1.8355077582980244,24.70012780232333,24.699895570960013,12.0,0.0,0.0,0.0,10.0,1.2,-22.864514911557336,-22.864514911557336,0.0,0.0,22.864514911557336,22.864514911557336,0.9177538791490122,749.9434312912942,12824.970072202614,374.9717156456471,Prosumer
2023-02-27 17:00:00,user_002,17,0,0,False,0.1808278449093649,0.18040731503748267,24.197346900743508,24.196998553698535,12.0,0.0,0.0,0.0,10.0,1.2,-24.01651905583414,-24.01651905583414,0.0,0.0,24.01651905583414,24.01651905583414,0.09020365751874133,750.1238386063317,12849.167070756312,375.06191930316584,Prosumer
2023-02-27 18:00:00,user_002,18,0,0,False,0.0,0.0,22.964198361533875,22.964546708578848,12.0,0.0,0.0,0.0,10.0,1.2,-22.964198361533875,-22.964198361533875,0.0,0.0,22.964198361533875,22.964198361533875,0.0,750.1238386063317,12872.131617464891,375.06191930316584,Prosumer
2023-02-27 19:00:00,user_002,19,0,0,False,0.0,0.0,21.55803745665358,21.557689109608607,12.0,0.0,0.0,0.0,10.0,1.2,-21.55803745665358,-21.55803745665358,0.0,0.0,21.55803745665358,21.55803745665358,0.0,750.1238386063317,12893.689306574499,375.06191930316584,Prosumer
2023-02-27 20:00:00,user_002,20,0,0,False,0.0,0.0,23.842032914869545,23.842497377596178,12.0,0.0,0.0,0.0,10.0,1.2,-23.842032914869545,-23.842032914869545,0.0,0.0,23.842032914869545,23.842032914869545,0.0,750.1238386063317,12917.531803952095,375.06191930316584,Prosumer
2023-02-27 21:00:00,user_002,21,0,0,False,0.0,0.0,22.910785147971122,22.910320685244486,12.0,0.0,0.0,0.0,10.0,1.2,-22.910785147971122,-22.910785147971122,0.0,0.0,22.910785147971122,22.910785147971122,0.0,750.1238386063317,12940.44212463734,375.06191930316584,Prosumer
2023-02-27 22:00:00,user_002,22,0,0,False,0.0,0.0,12.037712717501222,12.037364370456247,12.0,0.0,0.0,0.0,10.0,1.2,-12.037712717501222,-12.037712717501222,0.0,0.0,12.037712717501222,12.037712717501222,0.0,750.1238386063317,12952.479489007797,375.06191930316584,Prosumer
2023-02-27 23:00:00,user_002,23,0,0,False,0.0,0.0,10.989188112128057,10.989304227809715,12.0,0.0,0.0,0.0,10.0,1.2,-10.989188112128057,-10.989188112128057,0.0,0.0,10.989188112128057,10.989188112128057,0.0,750.1238386063317,12963.468793235606,375.06191930316584,Prosumer
2023-02-28 00:00:00,user_002,0,0,1,False,0.0,0.0,11.054212893856624,11.053632315448334,12.0,0.0,0.0,0.0,10.0,1.2,-11.054212893856624,-11.054212893856624,0.0,0.0,11.054212893856624,11.054212893856624,0.0,750.1238386063317,12974.522425551055,375.06191930316584,Prosumer
2023-02-28 01:00:00,user_002,1,0,1,False,0.0,0.0,12.189824260473408,12.190288723200041,12.0,0.0,0.0,0.0,10.0,1.2,-12.189824260473408,-12.189824260473408,0.0,0.0,12.189824260473408,12.189824260473408,0.0,750.1238386063317,12986.712714274256,375.06191930316584,Prosumer
2023-02-28 02:00:00,user_002,2,0,1,False,0.0,0.0,11.694010299793074,11.693545837066443,12.0,0.0,0.0,0.0,10.0,1.2,-11.694010299793074,-11.694010299793074,0.0,0.0,11.694010299793074,11.694010299793074,0.0,750.1238386063317,12998.406260111322,375.06191930316584,Prosumer
2023-02-28 03:00:00,user_002,3,0,1,False,0.0,0.0,10.68264271255052,10.68322329095881,12.0,0.0,0.0,0.0,10.0,1.2,-10.68264271255052,-10.68264271255052,0.0,0.0,10.68264271255052,10.68264271255052,0.0,750.1238386063317,13009.08948340228,375.06191930316584,Prosumer
2023-02-28 04:00:00,user_002,4,0,1,False,0.0,0.0,12.77853076648027,12.778879113525242,12.0,0.0,0.0,0.0,10.0,1.2,-12.77853076648027,-12.77853076648027,0.0,0.0,12.77853076648027,12.77853076648027,0.0,750.1238386063317,13021.868362515805,375.06191930316584,Prosumer
2023-02-28 05:00:00,user_002,5,0,1,False,0.0,0.0,11.640597086230322,11.641061548956953,12.0,0.0,0.0,0.0,10.0,1.2,-11.640597086230322,-11.640597086230322,0.0,0.0,11.640597086230322,11.640597086230322,0.0,750.1238386063317,13033.509424064761,375.06191930316584,Prosumer
2023-02-28 06:00:00,user_002,6,0,1,False,0.0,0.0,39.22387726412571,39.22410949548903,12.0,0.0,0.0,0.0,10.0,1.2,-39.22387726412571,-39.22387726412571,0.0,0.0,39.22387726412571,39.22387726412571,0.0,750.1238386063317,13072.733533560251,375.06191930316584,Prosumer
2023-02-28 07:00:00,user_002,7,0,1,False,0.7222600549577541,0.7218395250858718,40.949356293565934,40.94877571515765,12.0,0.0,0.0,0.0,10.0,1.2,-40.22709623860818,-40.22709623860818,0.0,0.0,40.22709623860818,40.22709623860818,0.3609197625429359,750.8456781314176,13113.68230927541,375.4228390657088,Prosumer
2023-02-28 08:00:00,user_002,8,0,1,False,2.320273568110281,2.3197479057704284,42.81649645462912,42.8170770330374,12.0,0.0,0.0,0.0,10.0,1.2,-40.49622288651884,-40.49622288651884,0.0,0.0,40.49622288651884,40.49622288651884,1.1598739528852142,753.165426037188,13156.499386308447,376.582713018594,Prosumer
2023-02-28 09:00:00,user_002,9,0,1,False,4.190580173306562,4.1904750408385905,35.34096886947692,35.34120110084023,12.0,0.0,0.0,0.0,10.0,1.2,-31.150388696170356,-31.150388696170356,0.0,0.0,31.150388696170356,31.150388696170356,2.0952375204192952,757.3559010780266,13191.840587409288,378.6779505390133,Prosumer
2023-02-28 10:00:00,user_002,10,0,1,False,4.568005733320875,4.568426263192757,20.129814572258237,20.129814572258237,12.0,0.0,0.0,0.0,10.0,1.2,-15.561808838937363,-15.561808838937363,0.0,0.0,15.561808838937363,15.561808838937363,2.2842131315963785,761.9243273412194,13211.970401981545,380.9621636706097,Prosumer
2023-02-28 11:00:00,user_002,11,0,1,False,4.869735916396385,4.869841048864356,24.856883972561846,24.856767856880186,12.0,0.0,0.0,0.0,10.0,1.2,-19.98714805616546,-19.98714805616546,0.0,0.0,19.98714805616546,19.98714805616546,2.434920524432178,766.7941683900838,13236.827169838425,383.3970841950419,Prosumer
2023-02-28 12:00:00,user_002,12,0,1,False,5.107335294009853,5.107440426477824,20.314438506094714,20.313974043368077,12.0,0.0,0.0,0.0,10.0,1.2,-15.20710321208486,-15.20710321208486,0.0,0.0,15.20710321208486,15.20710321208486,2.553720213238912,771.9016088165616,13257.141143881794,385.9508044082808,Prosumer
2023-02-28 13:00:00,user_002,13,0,1,False,5.1304644369633765,5.130569569431347,25.293478935596518,25.29336281991486,12.0,0.0,0.0,0.0,10.0,1.2,-20.163014498633142,-20.163014498633142,0.0,0.0,20.163014498633142,20.163014498633142,2.5652847847156734,777.032178385993,13282.43450670171,388.5160891929965,Prosumer
2023-02-28 14:00:00,user_002,14,0,1,False,2.521076581934053,2.5208663169981116,22.94678100928515,22.947129356330123,12.0,0.0,0.0,0.0,10.0,1.2,-20.425704427351096,-20.425704427351096,0.0,0.0,20.425704427351096,20.425704427351096,1.2604331584990558,779.5530447029911,13305.381636058039,389.77652235149554,Prosumer
2023-02-28 15:00:00,user_002,15,0,1,False,1.2174339790990962,1.217749376503008,19.74431050915316,19.74477497187979,12.0,0.0,0.0,0.0,10.0,1.2,-18.526876530054064,-18.526876530054064,0.0,0.0,18.526876530054064,18.526876530054064,0.608874688251504,780.7707940794941,13325.126411029918,390.38539703974703,Prosumer
2023-02-28 16:00:00,user_002,16,0,1,False,0.8747021335150674,0.8742816036431852,22.975809929699686,22.97557769833637,12.0,0.0,0.0,0.0,10.0,1.2,-22.101107796184618,-22.101107796184618,0.0,0.0,22.101107796184618,22.101107796184618,0.4371408018215926,781.6450756831373,13348.101988728255,390.82253784156865,Prosumer
2023-02-28 17:00:00,user_002,17,0,1,False,0.2439073256917015,0.2435919282877898,21.221301979844924,21.221069748481607,12.0,0.0,0.0,0.0,10.0,1.2,-20.977394654153223,-20.977394654153223,0.0,0.0,20.977394654153223,20.977394654153223,0.1217959641438949,781.888667611425,13369.323058476737,390.9443338057125,Prosumer
2023-02-28 18:00:00,user_002,18,0,1,False,0.0,0.0,24.36571463914784,24.365366292102863,12.0,0.0,0.0,0.0,10.0,1.2,-24.36571463914784,-24.36571463914784,0.0,0.0,24.36571463914784,24.36571463914784,0.0,781.888667611425,13393.68842476884,390.9443338057125,Prosumer
2023-02-28 19:00:00,user_002,19,0,1,False,0.0,0.0,24.19850805756009,24.198275826196774,12.0,0.0,0.0,0.0,10.0,1.2,-24.19850805756009,-24.19850805756009,0.0,0.0,24.19850805756009,24.19850805756009,0.0,781.888667611425,13417.886700595036,390.9443338057125,Prosumer
2023-02-28 20:00:00,user_002,20,0,1,False,0.0,0.0,23.35202473827212,23.351560275545488,12.0,0.0,0.0,0.0,10.0,1.2,-23.35202473827212,-23.35202473827212,0.0,0.0,23.35202473827212,23.35202473827212,0.0,781.888667611425,13441.238260870581,390.9443338057125,Prosumer
2023-02-28 21:00:00,user_002,21,0,1,False,0.0,0.0,23.246359467963195,23.245778889554906,12.0,0.0,0.0,0.0,10.0,1.2,-23.246359467963195,-23.246359467963195,0.0,0.0,23.246359467963195,23.246359467963195,0.0,781.888667611425,13464.484039760137,390.9443338057125,Prosumer
2023-02-28 22:00:00,user_002,22,0,1,False,0.0,0.0,11.949464799441023,11.949464799441023,12.0,0.0,0.0,0.0,10.0,1.2,-11.949464799441023,-11.949464799441023,0.0,0.0,11.949464799441023,11.949464799441023,0.0,781.888667611425,13476.433504559578,390.9443338057125,Prosumer
2023-02-28 23:00:00,user_002,23,0,1,False,0.0,0.0,9.457622271056954,9.45727392401198,12.0,0.0,0.0,0.0,10.0,1.2,-9.457622271056954,-9.457622271056954,0.0,0.0,9.457622271056954,9.457622271056954,0.0,781.888667611425,13485.89077848359,390.9443338057125,Prosumer
2023-02-01 00:00:00,user_003,0,0,2,False,0.0,0.0,12.684477064337159,12.684244832973844,0.0,0.0,0.0,0.0,55.17,0.0,-12.684477064337159,-12.684477064337159,0.0,0.0,12.684477064337159,12.684477064337159,0.0,0.0,12.684244832973844,0.0,Consumer
2023-02-01 01:00:00,user_003,1,0,2,False,0.0,0.0,15.676778180667887,15.676662064986228,0.0,0.0,0.0,0.0,55.17,0.0,-15.676778180667887,-15.676778180667887,0.0,0.0,15.676778180667887,15.676778180667887,0.0,0.0,28.36090689796007,0.0,Consumer
2023-02-01 02:00:00,user_003,2,0,2,False,0.0,0.0,12.439472976038447,12.439124628993472,0.0,0.0,0.0,0.0,55.17,0.0,-12.439472976038447,-12.439472976038447,0.0,0.0,12.439472976038447,12.439472976038447,0.0,0.0,40.800031526953546,0.0,Consumer
2023-02-01 03:00:00,user_003,3,0,2,False,0.0,0.0,14.299646196202135,14.299646196202135,0.0,0.0,0.0,0.0,55.17,0.0,-14.299646196202135,-14.299646196202135,0.0,0.0,14.299646196202135,14.299646196202135,0.0,0.0,55.09967772315568,0.0,Consumer
2023-02-01 04:00:00,user_003,4,0,2,False,0.0,0.0,14.124311516898317,14.123847054171685,0.0,0.0,0.0,0.0,55.17,0.0,-14.124311516898317,-14.124311516898317,0.0,0.0,14.124311516898317,14.124311516898317,0.0,0.0,69.22352477732737,0.0,Consumer
2023-02-01 05:00:00,user_003,5,0,2,False,0.0,0.0,14.791976686432726,14.792441149159357,0.0,0.0,0.0,0.0,55.17,0.0,-14.791976686432726,-14.791976686432726,0.0,0.0,14.791976686432726,14.791976686432726,0.0,0.0,84.01596592648673,0.0,Consumer
2023-02-01 06:00:00,user_003,6,0,2,False,0.0,0.0,49.07513169600382,49.074783348958846,0.0,0.0,0.0,0.0,55.17,0.0,-49.07513169600382,-49.07513169600382,0.0,0.0,49.07513169600382,49.07513169600382,0.0,0.0,133.09074927544557,0.0,Consumer
2023-02-01 07:00:00,user_003,7,0,2,False,0.0,0.0,42.22895110543884,42.228834989757175,0.0,0.0,0.0,0.0,55.17,0.0,-42.22895110543884,-42.22895110543884,0.0,0.0,42.22895110543884,42.22895110543884,0.0,0.0,175.31958426520276,0.0,Consumer
2023-02-01 08:00:00,user_003,8,0,2,False,0.0,0.0,54.28524233200536,54.28559067905034,0.0,0.0,0.0,0.0,55.17,0.0,-54.28524233200536,-54.28524233200536,0.0,0.0,54.28524233200536,54.28524233200536,0.0,0.0,229.6051749442531,0.0,Consumer
2023-02-01 09:00:00,user_003,9,0,2,False,0.0,0.0,61.7015509195119,61.70131868814858,0.0,0.0,0.0,0.0,55.17,0.0,-61.7015509195119,-61.7015509195119,0.0,0.0,61.7015509195119,61.7015509195119,0.0,0.0,291.30649363240167,0.0,Consumer
2023-02-01 10:00:00,user_003,10,0,2,False,0.0,0.0,28.005941259131085,28.005709027767768,0.0,0.0,0.0,0.0,55.17,0.0,-28.005941259131085,-28.005941259131085,0.0,0.0,28.005941259131085,28.005941259131085,0.0,0.0,319.3122026601694,0.0,Consumer
2023-02-01 11:00:00,user_003,11,0,2,False,0.0,0.0,31.539341451988825,31.538760873580536,0.0,0.0,0.0,0.0,55.17,0.0,-31.539341451988825,-31.539341451988825,0.0,0.0,31.539341451988825,31.539341451988825,0.0,0.0,350.85096353374996,0.0,Consumer
2023-02-01 12:00:00,user_003,12,0,2,False,0.0,0.0,24.985772379202402,24.98623684192903,0.0,0.0,0.0,0.0,55.17,0.0,-24.985772379202402,-24.985772379202402,0.0,0.0,24.985772379202402,24.985772379202402,0.0,0.0,375.837200375679,0.0,Consumer
2023-02-01 13:00:00,user_003,13,0,2,False,0.0,0.0,26.936515831059452,26.936515831059452,0.0,0.0,0.0,0.0,55.17,0.0,-26.936515831059452,-26.936515831059452,0.0,0.0,26.936515831059452,26.936515831059452,0.0,0.0,402.77371620673847,0.0,Consumer
2023-02-01 14:00:00,user_003,14,0,2,False,0.0,0.0,25.836900325756698,25.83678421007504,0.0,0.0,0.0,0.0,55.17,0.0,-25.836900325756698,-25.836900325756698,0.0,0.0,25.836900325756698,25.836900325756698,0.0,0.0,428.6105004168135,0.0,Consumer
2023-02-01 15:00:00,user_003,15,0,2,False,0.0,0.0,23.451884224498134,23.452232571543107,0.0,0.0,0.0,0.0,55.17,0.0,-23.451884224498134,-23.451884224498134,0.0,0.0,23.451884224498134,23.451884224498134,0.0,0.0,452.06273298835663,0.0,Consumer
2023-02-01 16:00:00,user_003,16,0,2,False,0.0,0.0,29.25418483695628,29.25418483695628,0.0,0.0,0.0,0.0,55.17,0.0,-29.25418483695628,-29.25418483695628,0.0,0.0,29.25418483695628,29.25418483695628,0.0,0.0,481.3169178253129,0.0,Consumer
2023-02-01 17:00:00,user_003,17,0,2,False,0.0,0.0,29.773221933968244,29.772989702604928,0.0,0.0,0.0,0.0,55.17,0.0,-29.773221933968244,-29.773221933968244,0.0,0.0,29.773221933968244,29.773221933968244,0.0,0.0,511.08990752791783,0.0,Consumer
2023-02-01 18:00:00,user_003,18,0,2,False,0.0,0.0,27.565862825646665,27.56621117269164,0.0,0.0,0.0,0.0,55.17,0.0,-27.565862825646665,-27.565862825646665,0.0,0.0,27.565862825646665,27.565862825646665,0.0,0.0,538.6561187006095,0.0,Consumer
2023-02-01 19:00:00,user_003,19,0,2,False,0.0,0.0,22.97697108651627,22.976622739471296,0.0,0.0,0.0,0.0,55.17,0.0,-22.97697108651627,-22.97697108651627,0.0,0.0,22.97697108651627,22.97697108651627,0.0,0.0,561.6327414400807,0.0,Consumer
2023-02-01 20:00:00,user_003,20,0,2,False,0.0,0.0,25.78813173946027,25.78813173946027,0.0,0.0,0.0,0.0,55.17,0.0,-25.78813173946027,-25.78813173946027,0.0,0.0,25.78813173946027,25.78813173946027,0.0,0.0,587.420873179541,0.0,Consumer
2023-02-01 21:00:00,user_003,21,0,2,False,0.0,0.0,29.024275787273126,29.024624134318106,0.0,0.0,0.0,0.0,55.17,0.0,-29.024275787273126,-29.024275787273126,0.0,0.0,29.024275787273126,29.024275787273126,0.0,0.0,616.445497313859,0.0,Consumer
2023-02-01 22:00:00,user_003,22,0,2,False,0.0,0.0,11.981977190305306,11.981512727578673,0.0,0.0,0.0,0.0,55.17,0.0,-11.981977190305306,-11.981977190305306,0.0,0.0,11.981977190305306,11.981977190305306,0.0,0.0,628.4270100414377,0.0,Consumer
2023-02-01 23:00:00,user_003,23,0,2,False,0.0,0.0,12.062097010649435,12.061516432241143,0.0,0.0,0.0,0.0,55.17,0.0,-12.062097010649435,-12.062097010649435,0.0,0.0,12.062097010649435,12.062097010649435,0.0,0.0,640.4885264736788,0.0,Consumer
2023-02-02 00:00:00,user_003,0,0,3,False,0.0,0.0,11.104142636969634,11.104723215377923,0.0,0.0,0.0,0.0,55.17,0.0,-11.104142636969634,-11.104142636969634,0.0,0.0,11.104142636969634,11.104142636969634,0.0,0.0,651.5932496890567,0.0,Consumer
2023-02-02 01:00:00,user_003,1,0,3,False,0.0,0.0,12.444117603304774,12.443769256259799,0.0,0.0,0.0,0.0,55.17,0.0,-12.444117603304774,-12.444117603304774,0.0,0.0,12.444117603304774,12.444117603304774,0.0,0.0,664.0370189453165,0.0,Consumer
2023-02-02 02:00:00,user_003,2,0,3,False,0.0,0.0,14.128956144164643,14.128607797119669,0.0,0.0,0.0,0.0,55.17,0.0,-14.128956144164643,-14.128956144164643,0.0,0.0,14.128956144164643,14.128956144164643,0.0,0.0,678.1656267424362,0.0,Consumer
2023-02-02 03:00:00,user_003,3,0,3,False,0.0,0.0,12.505658914583597,12.505194451856966,0.0,0.0,0.0,0.0,55.17,0.0,-12.505658914583597,-12.505658914583597,0.0,0.0,12.505658914583597,12.505658914583597,0.0,0.0,690.6708211942931,0.0,Consumer
2023-02-02 04:00:00,user_003,4,0,3,False,0.0,0.0,12.04467965840071,12.044911889764029,0.0,0.0,0.0,0.0,55.17,0.0,-12.04467965840071,-12.04467965840071,0.0,0.0,12.04467965840071,12.04467965840071,0.0,0.0,702.7157330840572,0.0,Consumer
2023-02-02 05:00:00,user_003,5,0,3,False,0.0,0.0,12.70537788703563,12.704913424308995,0.0,0.0,0.0,0.0,55.17,0.0,-12.70537788703563,-12.70537788703563,0.0,0.0,12.70537788703563,12.70537788703563,0.0,0.0,715.4206465083662,0.0,Consumer
2023-02-02 06:00:00,user_003,6,0,3,False,0.0,0.0,45.16783900820681,45.16772289252515,0.0,0.0,0.0,0.0,55.17,0.0,-45.16783900820681,-45.16783900820681,0.0,0.0,45.16783900820681,45.16783900820681,0.0,0.0,760.5883694008913,0.0,Consumer
2023-02-02 07:00:00,user_003,7,0,3,False,0.0,0.0,42.91983941130488,42.92030387403151,0.0,0.0,0.0,0.0,55.17,0.0,-42.91983941130488,-42.91983941130488,0.0,0.0,42.91983941130488,42.91983941130488,0.0,0.0,803.5086732749229,0.0,Consumer
2023-02-02 08:00:00,user_003,8,0,3,False,0.0,0.0,48.66408218293394,48.664662761342235,0.0,0.0,0.0,0.0,55.17,0.0,-48.66408218293394,-48.66408218293394,0.0,0.0,48.66408218293394,48.66408218293394,0.0,0.0,852.1733360362651,0.0,Consumer
2023-02-02 09:00:00,user_003,9,0,3,False,0.0,0.0,51.474081679061364,51.47384944769804,0.0,0.0,0.0,0.0,55.17,0.0,-51.474081679061364,-51.474081679061364,0.0,0.0,51.474081679061364,51.474081679061364,0.0,0.0,903.6471854839632,0.0,Consumer
2023-02-02 10:00:00,user_003,10,0,3,False,0.0,0.0,24.753541015886086,24.753773247249402,0.0,0.0,0.0,0.0,55.17,0.0,-24.753541015886086,-24.753541015886086,0.0,0.0,24.753541015886086,24.753541015886086,0.0,0.0,928.4009587312127,0.0,Consumer
2023-02-02 11:00:00,user_003,11,0,3,False,0.0,0.0,23.43330571543283,23.43342183111449,0.0,0.0,0.0,0.0,55.17,0.0,-23.43330571543283,-23.43330571543283,0.0,0.0,23.43330571543283,23.43330571543283,0.0,0.0,951.8343805623272,0.0,Consumer
2023-02-02 12:00:00,user_003,12,0,3,False,0.0,0.0,21.893611776645656,21.893727892327316,0.0,0.0,0.0,0.0,55.17,0.0,-21.893611776645656,-21.893611776645656,0.0,0.0,21.893611776645656,21.893611776645656,0.0,0.0,973.7281084546545,0.0,Consumer
2023-02-02 13:00:00,user_003,13,0,3,False,0.0,0.0,22.338334837396403,22.338915415804692,0.0,0.0,0.0,0.0,55.17,0.0,-22.338334837396403,-22.338334837396403,0.0,0.0,22.338334837396403,22.338334837396403,0.0,0.0,996.0670238704591,0.0,Consumer
2023-02-02 14:00:00,user_003,14,0,3,False,0.0,0.0,25.08795417906158,25.08783806337992,0.0,0.0,0.0,0.0,55.17,0.0,-25.08795417906158,-25.08795417906158,0.0,0.0,25.08795417906158,25.08795417906158,0.0,0.0,1021.154861933839,0.0,Consumer
2023-02-02 15:00:00,user_003,15,0,3,False,0.0,0.0,23.64579741286726,23.646145759912233,0.0,0.0,0.0,0.0,55.17,0.0,-23.64579741286726,-23.64579741286726,0.0,0.0,23.64579741286726,23.64579741286726,0.0,0.0,1044.8010076937512,0.0,Consumer
2023-02-02 16:00:00,user_003,16,0,3,False,0.0,0.0,27.83873467754334,27.838966908906656,0.0,0.0,0.0,0.0,55.17,0.0,-27.83873467754334,-27.83873467754334,0.0,0.0,27.83873467754334,27.83873467754334,0.0,0.0,1072.639974602658,0.0,Consumer
2023-02-02 17:00:00,user_003,17,0,3,False,0.0,0.0,5.635094030870399,5.635326262233716,0.0,0.0,0.0,0.0,55.17,0.0,-5.635094030870399,-5.635094030870399,0.0,0.0,5.635094030870399,5.635094030870399,0.0,0.0,1078.2753008648917,0.0,Consumer
2023-02-02 18:00:00,user_003,18,0,3,False,0.0,0.0,26.215437447962294,26.215437447962294,0.0,0.0,0.0,0.0,55.17,0.0,-26.215437447962294,-26.215437447962294,0.0,0.0,26.215437447962294,26.215437447962294,0.0,0.0,1104.490738312854,0.0,Consumer
2023-02-02 19:00:00,user_003,19,0,3,False,0.0,0.0,25.57331772839268,25.57331772839268,0.0,0.0,0.0,0.0,55.17,0.0,-25.57331772839268,-25.57331772839268,0.0,0.0,25.57331772839268,25.57331772839268,0.0,0.0,1130.0640560412467,0.0,Consumer
2023-02-02 20:00:00,user_003,20,0,3,False,0.0,0.0,27.40794549859157,27.408526076999866,0.0,0.0,0.0,0.0,55.17,0.0,-27.40794549859157,-27.40794549859157,0.0,0.0,27.40794549859157,27.40794549859157,0.0,0.0,1157.4725821182465,0.0,Consumer
2023-02-02 21:00:00,user_003,21,0,3,False,0.0,0.0,22.951425636551473,22.9510772895065,0.0,0.0,0.0,0.0,55.17,0.0,-22.951425636551473,-22.951425636551473,0.0,0.0,22.951425636551473,22.951425636551473,0.0,0.0,1180.423659407753,0.0,Consumer
2023-02-02 22:00:00,user_003,22,0,3,False,0.0,0.0,12.578811794028237,12.57857956266492,0.0,0.0,0.0,0.0,55.17,0.0,-12.578811794028237,-12.578811794028237,0.0,0.0,12.578811794028237,12.578811794028237,0.0,0.0,1193.002238970418,0.0,Consumer
2023-02-02 23:00:00,user_003,23,0,3,False,0.0,0.0,12.225820121787438,12.225587890424121,0.0,0.0,0.0,0.0,55.17,0.0,-12.225820121787438,-12.225820121787438,0.0,0.0,12.225820121787438,12.225820121787438,0.0,0.0,1205.227826860842,0.0,Consumer
2023-02-03 00:00:00,user_003,0,0,4,False,0.0,0.0,11.480357445542065,11.48058967690538,0.0,0.0,0.0,0.0,55.17,0.0,-11.480357445542065,-11.480357445542065,0.0,0.0,11.480357445542065,11.480357445542065,0.0,0.0,1216.7084165377473,0.0,Consumer
2023-02-03 01:00:00,user_003,1,0,4,False,0.0,0.0,14.137084241880716,14.13731647324403,0.0,0.0,0.0,0.0,55.17,0.0,-14.137084241880716,-14.137084241880716,0.0,0.0,14.137084241880716,14.137084241880716,0.0,0.0,1230.8457330109914,0.0,Consumer
2023-02-03 02:00:00,user_003,2,0,4,False,0.0,0.0,15.228571649467398,15.228455533785741,0.0,0.0,0.0,0.0,55.17,0.0,-15.228571649467398,-15.228571649467398,0.0,0.0,15.228571649467398,15.228571649467398,0.0,0.0,1246.0741885447771,0.0,Consumer
2023-02-03 03:00:00,user_003,3,0,4,False,0.0,0.0,13.204675318165707,13.204907549529024,0.0,0.0,0.0,0.0,55.17,0.0,-13.204675318165707,-13.204675318165707,0.0,0.0,13.204675318165707,13.204675318165707,0.0,0.0,1259.2790960943062,0.0,Consumer
2023-02-03 04:00:00,user_003,4,0,4,False,0.0,0.0,11.840316058682353,11.840664405727328,0.0,0.0,0.0,0.0,55.17,0.0,-11.840316058682353,-11.840316058682353,0.0,0.0,11.840316058682353,11.840316058682353,0.0,0.0,1271.1197605000334,0.0,Consumer
2023-02-03 05:00:00,user_003,5,0,4,False,0.0,0.0,14.151018123679693,14.15136647072467,0.0,0.0,0.0,0.0,55.17,0.0,-14.151018123679693,-14.151018123679693,0.0,0.0,14.151018123679693,14.151018123679693,0.0,0.0,1285.2711269707581,0.0,Consumer
2023-02-03 06:00:00,user_003,6,0,4,False,0.0,0.0,42.865265040925536,42.864916693880566,0.0,0.0,0.0,0.0,55.17,0.0,-42.865265040925536,-42.865265040925536,0.0,0.0,42.865265040925536,42.865265040925536,0.0,0.0,1328.1360436646387,0.0,Consumer
2023-02-03 07:00:00,user_003,7,0,4,False,0.0,0.0,49.41186717281248,49.41233163553911,0.0,0.0,0.0,0.0,55.17,0.0,-49.41186717281248,-49.41186717281248,0.0,0.0,49.41186717281248,49.41186717281248,0.0,0.0,1377.548375300178,0.0,Consumer
2023-02-03 08:00:00,user_003,8,0,4,False,0.0,0.0,42.36132298252914,42.360858519802505,0.0,0.0,0.0,0.0,55.17,0.0,-42.36132298252914,-42.36132298252914,0.0,0.0,42.36132298252914,42.36132298252914,0.0,0.0,1419.9092338199805,0.0,Consumer
2023-02-03 09:00:00,user_003,9,0,4,False,0.0,0.0,0.14282228843953412,0.14282228843953412,0.0,0.0,0.0,0.0,55.17,0.0,-0.14282228843953412,-0.14282228843953412,0.0,0.0,0.14282228843953412,0.14282228843953412,0.0,0.0,1420.05205610842,0.0,Consumer
2023-02-03 10:00:00,user_003,10,0,4,False,0.0,0.0,0.07199172262805785,0.07257230103634864,0.0,0.0,0.0,0.0,55.17,0.0,-0.07199172262805785,-0.07199172262805785,0.0,0.0,0.07199172262805785,0.07199172262805785,0.0,0.0,1420.1246284094564,0.0,Consumer
2023-02-03 11:00:00,user_003,11,0,4,False,0.0,0.0,0.07199172262805785,0.07257230103634864,0.0,0.0,0.0,0.0,55.17,0.0,-0.07199172262805785,-0.07199172262805785,0.0,0.0,0.07199172262805785,0.07199172262805785,0.0,0.0,1420.1972007104928,0.0,Consumer
2023-02-03 12:00:00,user_003,12,0,4,False,0.0,0.0,0.07199172262805785,0.07257230103634864,0.0,0.0,0.0,0.0,55.17,0.0,-0.07199172262805785,-0.07199172262805785,0.0,0.0,0.07199172262805785,0.07199172262805785,0.0,0.0,1420.2697730115292,0.0,Consumer
2023-02-03 13:00:00,user_003,13,0,4,False,0.0,0.0,0.07315287944463943,0.0729206480813231,0.0,0.0,0.0,0.0,55.17,0.0,-0.07315287944463943,-0.07315287944463943,0.0,0.0,0.07315287944463943,0.07315287944463943,0.0,0.0,1420.3426936596106,0.0,Consumer
2023-02-03 14:00:00,user_003,14,0,4,False,0.0,0.0,13.93504295579552,13.934578493068887,0.0,0.0,0.0,0.0,55.17,0.0,-13.93504295579552,-13.93504295579552,0.0,0.0,13.93504295579552,13.93504295579552,0.0,0.0,1434.2772721526794,0.0,Consumer
2023-02-03 15:00:00,user_003,15,0,4,False,0.0,0.0,21.74150023367347,21.74208081208176,0.0,0.0,0.0,0.0,55.17,0.0,-21.74150023367347,-21.74150023367347,0.0,0.0,21.74150023367347,21.74150023367347,0.0,0.0,1456.019352964761,0.0,Consumer
2023-02-03 16:00:00,user_003,16,0,4,False,0.0,0.0,28.66431717413284,28.66489775254113,0.0,0.0,0.0,0.0,55.17,0.0,-28.66431717413284,-28.66431717413284,0.0,0.0,28.66431717413284,28.66431717413284,0.0,0.0,1484.6842507173021,0.0,Consumer
2023-02-03 17:00:00,user_003,17,0,4,False,0.0,0.0,25.10421037449372,25.104674837220355,0.0,0.0,0.0,0.0,55.17,0.0,-25.10421037449372,-25.10421037449372,0.0,0.0,25.10421037449372,25.10421037449372,0.0,0.0,1509.7889255545224,0.0,Consumer
2023-02-03 18:00:00,user_003,18,0,4,False,0.0,0.0,22.86666118894102,22.866893420304336,0.0,0.0,0.0,0.0,55.17,0.0,-22.86666118894102,-22.86666118894102,0.0,0.0,22.86666118894102,22.86666118894102,0.0,0.0,1532.6558189748266,0.0,Consumer
2023-02-03 19:00:00,user_003,19,0,4,False,0.0,0.0,24.530598907102423,24.530598907102423,0.0,0.0,0.0,0.0,55.17,0.0,-24.530598907102423,-24.530598907102423,0.0,0.0,24.530598907102423,24.530598907102423,0.0,0.0,1557.186417881929,0.0,Consumer
2023-02-03 20:00:00,user_003,20,0,4,False,0.0,0.0,24.312301425585083,24.31195307854011,0.0,0.0,0.0,0.0,55.17,0.0,-24.312301425585083,-24.312301425585083,0.0,0.0,24.312301425585083,24.312301425585083,0.0,0.0,1581.498370960469,0.0,Consumer
2023-02-03 21:00:00,user_003,21,0,4,False,0.0,0.0,22.619334787009144,22.619334787009144,0.0,0.0,0.0,0.0,55.17,0.0,-22.619334787009144,-22.619334787009144,0.0,0.0,22.619334787009144,22.619334787009144,0.0,0.0,1604.117705747478,0.0,Consumer
2023-02-03 22:00:00,user_003,22,0,4,False,0.0,0.0,13.880468585416187,13.880004122689552,0.0,0.0,0.0,0.0,55.17,0.0,-13.880468585416187,-13.880468585416187,0.0,0.0,13.880468585416187,13.880468585416187,0.0,0.0,1617.9977098701677,0.0,Consumer
2023-02-03 23:00:00,user_003,23,0,4,False,0.0,0.0,12.019134208435917,12.018901977072598,0.0,0.0,0.0,0.0,55.17,0.0,-12.019134208435917,-12.019134208435917,0.0,0.0,12.019134208435917,12.019134208435917,0.0,0.0,1630.0166118472403,0.0,Consumer
2023-02-04 00:00:00,user_003,0,0,5,True,0.0,0.0,9.868671784126834,9.868787899808492,0.0,0.0,0.0,0.0,55.17,0.0,-9.868671784126834,-9.868671784126834,0.0,0.0,9.868671784126834,9.868671784126834,0.0,0.0,1639.8853997470487,0.0,Consumer
2023-02-04 01:00:00,user_003,1,0,5,True,0.0,0.0,9.346151216665122,9.346499563710099,0.0,0.0,0.0,0.0,55.17,0.0,-9.346151216665122,-9.346151216665122,0.0,0.0,9.346151216665122,9.346151216665122,0.0,0.0,1649.2318993107588,0.0,Consumer
2023-02-04 02:00:00,user_003,2,0,5,True,0.0,0.0,10.640841067153582,10.641189414198559,0.0,0.0,0.0,0.0,55.17,0.0,-10.640841067153582,-10.640841067153582,0.0,0.0,10.640841067153582,10.640841067153582,0.0,0.0,1659.8730887249574,0.0,Consumer
2023-02-04 03:00:00,user_003,3,0,5,True,0.0,0.0,9.3287338644164,9.328153286008108,0.0,0.0,0.0,0.0,55.17,0.0,-9.3287338644164,-9.3287338644164,0.0,0.0,9.3287338644164,9.3287338644164,0.0,0.0,1669.2012420109654,0.0,Consumer
2023-02-04 04:00:00,user_003,4,0,5,True,0.0,0.0,10.948547623547702,10.948083160821067,0.0,0.0,0.0,0.0,55.17,0.0,-10.948547623547702,-10.948547623547702,0.0,0.0,10.948547623547702,10.948547623547702,0.0,0.0,1680.1493251717866,0.0,Consumer
2023-02-04 05:00:00,user_003,5,0,5,True,0.0,0.0,8.609977794952403,8.61009391063406,0.0,0.0,0.0,0.0,55.17,0.0,-8.609977794952403,-8.609977794952403,0.0,0.0,8.609977794952403,8.609977794952403,0.0,0.0,1688.7594190824207,0.0,Consumer
2023-02-04 06:00:00,user_003,6,0,5,True,0.0,0.0,25.894958166585774,25.894725935222457,0.0,0.0,0.0,0.0,55.17,0.0,-25.894958166585774,-25.894958166585774,0.0,0.0,25.894958166585774,25.894958166585774,0.0,0.0,1714.654145017643,0.0,Consumer
2023-02-04 07:00:00,user_003,7,0,5,True,0.0,0.0,28.677089899115238,28.67743824616021,0.0,0.0,0.0,0.0,55.17,0.0,-28.677089899115238,-28.677089899115238,0.0,0.0,28.677089899115238,28.677089899115238,0.0,0.0,1743.3315832638032,0.0,Consumer
2023-02-04 08:00:00,user_003,8,0,5,True,0.0,0.0,40.8820091982042,40.88142861979592,0.0,0.0,0.0,0.0,55.17,0.0,-40.8820091982042,-40.8820091982042,0.0,0.0,40.8820091982042,40.8820091982042,0.0,0.0,1784.2130118835992,0.0,Consumer
2023-02-04 09:00:00,user_003,9,0,5,True,0.0,0.0,49.1331895368329,49.132841189787925,0.0,0.0,0.0,0.0,55.17,0.0,-49.1331895368329,-49.1331895368329,0.0,0.0,49.1331895368329,49.1331895368329,0.0,0.0,1833.3458530733872,0.0,Consumer
2023-02-04 10:00:00,user_003,10,0,5,True,0.0,0.0,32.45084955300536,32.45050120596039,0.0,0.0,0.0,0.0,55.17,0.0,-32.45084955300536,-32.45084955300536,0.0,0.0,32.45084955300536,32.45084955300536,0.0,0.0,1865.7963542793475,0.0,Consumer
2023-02-04 11:00:00,user_003,11,0,5,True,0.0,0.0,26.012235005060518,26.01165442665222,0.0,0.0,0.0,0.0,55.17,0.0,-26.012235005060518,-26.012235005060518,0.0,0.0,26.012235005060518,26.012235005060518,0.0,0.0,1891.8080087059998,0.0,Consumer
2023-02-04 12:00:00,user_003,12,0,5,True,0.0,0.0,25.884507755236545,25.884972217963174,0.0,0.0,0.0,0.0,55.17,0.0,-25.884507755236545,-25.884507755236545,0.0,0.0,25.884507755236545,25.884507755236545,0.0,0.0,1917.692980923963,0.0,Consumer
2023-02-04 13:00:00,user_003,13,0,5,True,0.0,0.0,23.67598749009838,23.675871374416722,0.0,0.0,0.0,0.0,55.17,0.0,-23.67598749009838,-23.67598749009838,0.0,0.0,23.67598749009838,23.67598749009838,0.0,0.0,1941.3688522983798,0.0,Consumer
2023-02-04 14:00:00,user_003,14,0,5,True,0.0,0.0,19.580587398015155,19.580471282333495,0.0,0.0,0.0,0.0,55.17,0.0,-19.580587398015155,-19.580587398015155,0.0,0.0,19.580587398015155,19.580587398015155,0.0,0.0,1960.9493235807133,0.0,Consumer
2023-02-04 15:00:00,user_003,15,0,5,True,0.0,0.0,22.35807450327829,22.357726156233312,0.0,0.0,0.0,0.0,55.17,0.0,-22.35807450327829,-22.35807450327829,0.0,0.0,22.35807450327829,22.35807450327829,0.0,0.0,1983.3070497369467,0.0,Consumer
2023-02-04 16:00:00,user_003,16,0,5,True,0.0,0.0,23.65508666739991,23.654738320354937,0.0,0.0,0.0,0.0,55.17,0.0,-23.65508666739991,-23.65508666739991,0.0,0.0,23.65508666739991,23.65508666739991,0.0,0.0,2006.9617880573016,0.0,Consumer
2023-02-04 17:00:00,user_003,17,0,5,True,0.0,0.0,22.156033217193094,22.15614933287475,0.0,0.0,0.0,0.0,55.17,0.0,-22.156033217193094,-22.156033217193094,0.0,0.0,22.156033217193094,22.156033217193094,0.0,0.0,2029.1179373901764,0.0,Consumer
2023-02-04 18:00:00,user_003,18,0,5,True,0.0,0.0,25.502487162581204,25.50190658417291,0.0,0.0,0.0,0.0,55.17,0.0,-25.502487162581204,-25.502487162581204,0.0,0.0,25.502487162581204,25.502487162581204,0.0,0.0,2054.6198439743494,0.0,Consumer
2023-02-04 19:00:00,user_003,19,0,5,True,0.0,0.0,26.151573823050303,26.15203828577694,0.0,0.0,0.0,0.0,55.17,0.0,-26.151573823050303,-26.151573823050303,0.0,0.0,26.151573823050303,26.151573823050303,0.0,0.0,2080.7718822601264,0.0,Consumer
2023-02-04 20:00:00,user_003,20,0,5,True,0.0,0.0,26.837817501650015,26.837469154605042,0.0,0.0,0.0,0.0,55.17,0.0,-26.837817501650015,-26.837817501650015,0.0,0.0,26.837817501650015,26.837817501650015,0.0,0.0,2107.6093514147315,0.0,Consumer
2023-02-04 21:00:00,user_003,21,0,5,True,0.0,0.0,25.40611114680493,25.405762799759955,0.0,0.0,0.0,0.0,55.17,0.0,-25.40611114680493,-25.40611114680493,0.0,0.0,25.40611114680493,25.40611114680493,0.0,0.0,2133.0151142144914,0.0,Consumer
2023-02-04 22:00:00,user_003,22,0,5,True,0.0,0.0,13.131522438721067,13.131522438721067,0.0,0.0,0.0,0.0,55.17,0.0,-13.131522438721067,-13.131522438721067,0.0,0.0,13.131522438721067,13.131522438721067,0.0,0.0,2146.1466366532127,0.0,Consumer
2023-02-04 23:00:00,user_003,23,0,5,True,0.0,0.0,10.840560039605615,10.840560039605615,0.0,0.0,0.0,0.0,55.17,0.0,-10.840560039605615,-10.840560039605615,0.0,0.0,10.840560039605615,10.840560039605615,0.0,0.0,2156.987196692818,0.0,Consumer
2023-02-05 00:00:00,user_003,0,0,6,True,0.0,0.0,8.976903348992181,8.976438886265548,0.0,0.0,0.0,0.0,55.17,0.0,-8.976903348992181,-8.976903348992181,0.0,0.0,8.976903348992181,8.976903348992181,0.0,0.0,2165.9636355790835,0.0,Consumer
2023-02-05 01:00:00,user_003,1,0,6,True,0.0,0.0,8.324333218073333,8.323752639665043,0.0,0.0,0.0,0.0,55.17,0.0,-8.324333218073333,-8.324333218073333,0.0,0.0,8.324333218073333,8.324333218073333,0.0,0.0,2174.2873882187487,0.0,Consumer
2023-02-05 02:00:00,user_003,2,0,6,True,0.0,0.0,9.432076821092158,9.431960705410502,0.0,0.0,0.0,0.0,55.17,0.0,-9.432076821092158,-9.432076821092158,0.0,0.0,9.432076821092158,9.432076821092158,0.0,0.0,2183.719348924159,0.0,Consumer
2023-02-05 03:00:00,user_003,3,0,6,True,0.0,0.0,11.069307932472185,11.069424048153842,0.0,0.0,0.0,0.0,55.17,0.0,-11.069307932472185,-11.069307932472185,0.0,0.0,11.069307932472185,11.069307932472185,0.0,0.0,2194.788772972313,0.0,Consumer
2023-02-05 04:00:00,user_003,4,0,6,True,0.0,0.0,9.731655279770207,9.731771395451865,0.0,0.0,0.0,0.0,55.17,0.0,-9.731655279770207,-9.731655279770207,0.0,0.0,9.731655279770207,9.731655279770207,0.0,0.0,2204.5205443677646,0.0,Consumer
2023-02-05 05:00:00,user_003,5,0,6,True,0.0,0.0,9.86518831367709,9.86518831367709,0.0,0.0,0.0,0.0,55.17,0.0,-9.86518831367709,-9.86518831367709,0.0,0.0,9.86518831367709,9.86518831367709,0.0,0.0,2214.385732681442,0.0,Consumer
2023-02-05 06:00:00,user_003,6,0,6,True,0.0,0.0,29.92997810420676,29.92997810420676,0.0,0.0,0.0,0.0,55.17,0.0,-29.92997810420676,-29.92997810420676,0.0,0.0,29.92997810420676,29.92997810420676,0.0,0.0,2244.3157107856487,0.0,Consumer
2023-02-05 07:00:00,user_003,7,0,6,True,0.0,0.0,33.74437824667724,33.744029899632274,0.0,0.0,0.0,0.0,55.17,0.0,-33.74437824667724,-33.74437824667724,0.0,0.0,33.74437824667724,33.74437824667724,0.0,0.0,2278.0597406852808,0.0,Consumer
2023-02-05 08:00:00,user_003,8,0,6,True,0.0,0.0,35.78801424386082,35.78859482226911,0.0,0.0,0.0,0.0,55.17,0.0,-35.78801424386082,-35.78801424386082,0.0,0.0,35.78801424386082,35.78801424386082,0.0,0.0,2313.84833550755,0.0,Consumer
2023-02-05 09:00:00,user_003,9,0,6,True,0.0,0.0,32.786423872997446,32.78607552595247,0.0,0.0,0.0,0.0,55.17,0.0,-32.786423872997446,-32.786423872997446,0.0,0.0,32.786423872997446,32.786423872997446,0.0,0.0,2346.6344110335026,0.0,Consumer
2023-02-05 10:00:00,user_003,10,0,6,True,0.0,0.0,26.458119222627843,26.45835145399116,0.0,0.0,0.0,0.0,55.17,0.0,-26.458119222627843,-26.458119222627843,0.0,0.0,26.458119222627843,26.458119222627843,0.0,0.0,2373.092762487494,0.0,Consumer
2023-02-05 11:00:00,user_003,11,0,6,True,0.0,0.0,26.631131588298494,26.631131588298494,0.0,0.0,0.0,0.0,55.17,0.0,-26.631131588298494,-26.631131588298494,0.0,0.0,26.631131588298494,26.631131588298494,0.0,0.0,2399.7238940757925,0.0,Consumer
2023-02-05 12:00:00,user_003,12,0,6,True,0.0,0.0,27.466003339420652,27.466351686465625,0.0,0.0,0.0,0.0,55.17,0.0,-27.466003339420652,-27.466003339420652,0.0,0.0,27.466003339420652,27.466003339420652,0.0,0.0,2427.190245762258,0.0,Consumer
2023-02-05 13:00:00,user_003,13,0,6,True,0.0,0.0,22.922396716136934,22.92216448477362,0.0,0.0,0.0,0.0,55.17,0.0,-22.922396716136934,-22.922396716136934,0.0,0.0,22.922396716136934,22.922396716136934,0.0,0.0,2450.1124102470317,0.0,Consumer
2023-02-05 14:00:00,user_003,14,0,6,True,0.0,0.0,28.507561003894324,28.507677119575987,0.0,0.0,0.0,0.0,55.17,0.0,-28.507561003894324,-28.507561003894324,0.0,0.0,28.507561003894324,28.507561003894324,0.0,0.0,2478.6200873666075,0.0,Consumer
2023-02-05 15:00:00,user_003,15,0,6,True,0.0,0.0,26.933032360609708,26.932916244928048,0.0,0.0,0.0,0.0,55.17,0.0,-26.933032360609708,-26.933032360609708,0.0,0.0,26.933032360609708,26.933032360609708,0.0,0.0,2505.5530036115356,0.0,Consumer
2023-02-05 16:00:00,user_003,16,0,6,True,0.0,0.0,28.43092465399994,28.430460191273312,0.0,0.0,0.0,0.0,55.17,0.0,-28.43092465399994,-28.43092465399994,0.0,0.0,28.43092465399994,28.43092465399994,0.0,0.0,2533.9834638028087,0.0,Consumer
2023-02-05 17:00:00,user_003,17,0,6,True,0.0,0.0,21.90522334481147,21.90545557617479,0.0,0.0,0.0,0.0,55.17,0.0,-21.90522334481147,-21.90522334481147,0.0,0.0,21.90522334481147,21.90522334481147,0.0,0.0,2555.8889193789837,0.0,Consumer
2023-02-05 18:00:00,user_003,18,0,6,True,0.0,0.0,28.815267560288444,28.815848138696737,0.0,0.0,0.0,0.0,55.17,0.0,-28.815267560288444,-28.815267560288444,0.0,0.0,28.815267560288444,28.815267560288444,0.0,0.0,2584.7047675176805,0.0,Consumer
2023-02-05 19:00:00,user_003,19,0,6,True,0.0,0.0,26.912131537911236,26.911783190866263,0.0,0.0,0.0,0.0,55.17,0.0,-26.912131537911236,-26.912131537911236,0.0,0.0,26.912131537911236,26.912131537911236,0.0,0.0,2611.6165507085466,0.0,Consumer
2023-02-05 20:00:00,user_003,20,0,6,True,0.0,0.0,27.42652400765688,27.426872354701853,0.0,0.0,0.0,0.0,55.17,0.0,-27.42652400765688,-27.42652400765688,0.0,0.0,27.42652400765688,27.42652400765688,0.0,0.0,2639.0434230632486,0.0,Consumer
2023-02-05 21:00:00,user_003,21,0,6,True,0.0,0.0,22.038756378718354,22.03852414735504,0.0,0.0,0.0,0.0,55.17,0.0,-22.038756378718354,-22.038756378718354,0.0,0.0,22.038756378718354,22.038756378718354,0.0,0.0,2661.0819472106036,0.0,Consumer
2023-02-05 22:00:00,user_003,22,0,6,True,0.0,0.0,13.241832336296318,13.241948451977976,0.0,0.0,0.0,0.0,55.17,0.0,-13.241832336296318,-13.241832336296318,0.0,0.0,13.241832336296318,13.241832336296318,0.0,0.0,2674.3238956625814,0.0,Consumer
2023-02-05 23:00:00,user_003,23,0,6,True,0.0,0.0,12.804076216445061,12.804192332126721,0.0,0.0,0.0,0.0,55.17,0.0,-12.804076216445061,-12.804076216445061,0.0,0.0,12.804076216445061,12.804076216445061,0.0,0.0,2687.128087994708,0.0,Consumer
2023-02-06 00:00:00,user_003,0,0,0,False,0.0,0.0,13.703972749295785,13.703972749295785,0.0,0.0,0.0,0.0,55.17,0.0,-13.703972749295785,-13.703972749295785,0.0,0.0,13.703972749295785,13.703972749295785,0.0,0.0,2700.8320607440037,0.0,Consumer
2023-02-06 01:00:00,user_003,1,0,0,False,0.0,0.0,13.676104985697828,13.675872754334511,0.0,0.0,0.0,0.0,55.17,0.0,-13.676104985697828,-13.676104985697828,0.0,0.0,13.676104985697828,13.676104985697828,0.0,0.0,2714.5079334983384,0.0,Consumer
2023-02-06 02:00:00,user_003,2,0,0,False,0.0,0.0,15.36907162427377,15.36907162427377,0.0,0.0,0.0,0.0,55.17,0.0,-15.36907162427377,-15.36907162427377,0.0,0.0,15.36907162427377,15.36907162427377,0.0,0.0,2729.877005122612,0.0,Consumer
2023-02-06 03:00:00,user_003,3,0,0,False,0.0,0.0,11.935530917642042,11.935066454915411,0.0,0.0,0.0,0.0,55.17,0.0,-11.935530917642042,-11.935530917642042,0.0,0.0,11.935530917642042,11.935530917642042,0.0,0.0,2741.8120715775276,0.0,Consumer
2023-02-06 04:00:00,user_003,4,0,0,False,0.0,0.0,12.452245701020844,12.452477932384161,0.0,0.0,0.0,0.0,55.17,0.0,-12.452245701020844,-12.452245701020844,0.0,0.0,12.452245701020844,12.452245701020844,0.0,0.0,2754.264549509912,0.0,Consumer
2023-02-06 05:00:00,user_003,5,0,0,False,0.0,0.0,15.400422858321472,15.400887321048105,0.0,0.0,0.0,0.0,55.17,0.0,-15.400422858321472,-15.400422858321472,0.0,0.0,15.400422858321472,15.400422858321472,0.0,0.0,2769.66543683096,0.0,Consumer
2023-02-06 06:00:00,user_003,6,0,0,False,0.0,0.0,42.237079203154906,42.23661474042827,0.0,0.0,0.0,0.0,55.17,0.0,-42.237079203154906,-42.237079203154906,0.0,0.0,42.237079203154906,42.237079203154906,0.0,0.0,2811.9020515713883,0.0,Consumer
2023-02-06 07:00:00,user_003,7,0,0,False,0.0,0.0,53.5014614808128,53.50157759649445,0.0,0.0,0.0,0.0,55.17,0.0,-53.5014614808128,-53.5014614808128,0.0,0.0,53.5014614808128,53.5014614808128,0.0,0.0,2865.4036291678826,0.0,Consumer
2023-02-06 08:00:00,user_003,8,0,0,False,0.0,0.0,46.3220288838889,46.322144999570554,0.0,0.0,0.0,0.0,55.17,0.0,-46.3220288838889,-46.3220288838889,0.0,0.0,46.3220288838889,46.3220288838889,0.0,0.0,2911.725774167453,0.0,Consumer
2023-02-06 09:00:00,user_003,9,0,0,False,0.0,0.0,59.5336711429541,59.5336711429541,0.0,0.0,0.0,0.0,55.17,0.0,-59.5336711429541,-59.5336711429541,0.0,0.0,59.5336711429541,59.5336711429541,0.0,0.0,2971.259445310407,0.0,Consumer
2023-02-06 10:00:00,user_003,10,0,0,False,0.0,0.0,31.072556411723035,31.0720919489964,0.0,0.0,0.0,0.0,55.17,0.0,-31.072556411723035,-31.072556411723035,0.0,0.0,31.072556411723035,31.072556411723035,0.0,0.0,3002.3315372594034,0.0,Consumer
2023-02-06 11:00:00,user_003,11,0,0,False,0.0,0.0,25.719623487281957,25.719507371600297,0.0,0.0,0.0,0.0,55.17,0.0,-25.719623487281957,-25.719623487281957,0.0,0.0,25.719623487281957,25.719623487281957,0.0,0.0,3028.0510446310036,0.0,Consumer
2023-02-06 12:00:00,user_003,12,0,0,False,0.0,0.0,25.415400401337585,25.41586486406422,0.0,0.0,0.0,0.0,55.17,0.0,-25.415400401337585,-25.415400401337585,0.0,0.0,25.415400401337585,25.415400401337585,0.0,0.0,3053.4669094950677,0.0,Consumer
2023-02-06 13:00:00,user_003,13,0,0,False,0.0,0.0,27.466003339420652,27.465654992375676,0.0,0.0,0.0,0.0,55.17,0.0,-27.466003339420652,-27.466003339420652,0.0,0.0,27.466003339420652,27.466003339420652,0.0,0.0,3080.9325644874434,0.0,Consumer
2023-02-06 14:00:00,user_003,14,0,0,False,0.0,0.0,28.776949385341254,28.776601038296278,0.0,0.0,0.0,0.0,55.17,0.0,-28.776949385341254,-28.776949385341254,0.0,0.0,28.776949385341254,28.776949385341254,0.0,0.0,3109.7091655257395,0.0,Consumer
2023-02-06 15:00:00,user_003,15,0,0,False,0.0,0.0,24.51782618212002,24.517245603711732,0.0,0.0,0.0,0.0,55.17,0.0,-24.51782618212002,-24.51782618212002,0.0,0.0,24.51782618212002,24.51782618212002,0.0,0.0,3134.226411129451,0.0,Consumer
2023-02-06 16:00:00,user_003,16,0,0,False,0.0,0.0,32.08856862623192,32.088220279186935,0.0,0.0,0.0,0.0,55.17,0.0,-32.08856862623192,-32.08856862623192,0.0,0.0,32.08856862623192,32.08856862623192,0.0,0.0,3166.314631408638,0.0,Consumer
2023-02-06 17:00:00,user_003,17,0,0,False,0.0,0.0,26.099321766304133,26.09897341925916,0.0,0.0,0.0,0.0,55.17,0.0,-26.099321766304133,-26.099321766304133,0.0,0.0,26.099321766304133,26.099321766304133,0.0,0.0,3192.413604827897,0.0,Consumer
2023-02-06 18:00:00,user_003,18,0,0,False,0.0,0.0,28.45414779033157,28.454380021694888,0.0,0.0,0.0,0.0,55.17,0.0,-28.45414779033157,-28.45414779033157,0.0,0.0,28.45414779033157,28.45414779033157,0.0,0.0,3220.8679848495917,0.0,Consumer
2023-02-06 19:00:00,user_003,19,0,0,False,0.0,0.0,24.123032864482287,24.12268451743731,0.0,0.0,0.0,0.0,55.17,0.0,-24.123032864482287,-24.123032864482287,0.0,0.0,24.123032864482287,24.123032864482287,0.0,0.0,3244.990669367029,0.0,Consumer
2023-02-06 20:00:00,user_003,20,0,0,False,0.0,0.0,27.992007377332104,27.991542914605475,0.0,0.0,0.0,0.0,55.17,0.0,-27.992007377332104,-27.992007377332104,0.0,0.0,27.992007377332104,27.992007377332104,0.0,0.0,3272.9822122816345,0.0,Consumer
2023-02-06 21:00:00,user_003,21,0,0,False,0.0,0.0,24.239148546140445,24.238684083413812,0.0,0.0,0.0,0.0,55.17,0.0,-24.239148546140445,-24.239148546140445,0.0,0.0,24.239148546140445,24.239148546140445,0.0,0.0,3297.2208963650482,0.0,Consumer
2023-02-06 22:00:00,user_003,22,0,0,False,0.0,0.0,13.172162927301423,13.17169846457479,0.0,0.0,0.0,0.0,55.17,0.0,-13.172162927301423,-13.172162927301423,0.0,0.0,13.172162927301423,13.172162927301423,0.0,0.0,3310.3925948296232,0.0,Consumer
2023-02-06 23:00:00,user_003,23,0,0,False,0.0,0.0,11.378175645682884,11.378407877046202,0.0,0.0,0.0,0.0,55.17,0.0,-11.378175645682884,-11.378175645682884,0.0,0.0,11.378175645682884,11.378175645682884,0.0,0.0,3321.7710027066696,0.0,Consumer
2023-02-07 00:00:00,user_003,0,0,1,False,0.0,0.0,14.384410643812592,14.383946181085959,0.0,0.0,0.0,0.0,55.17,0.0,-14.384410643812592,-14.384410643812592,0.0,0.0,14.384410643812592,14.384410643812592,0.0,0.0,3336.1549488877554,0.0,Consumer
2023-02-07 01:00:00,user_003,1,0,1,False,0.0,0.0,11.663820222561952,11.66347187551698,0.0,0.0,0.0,0.0,55.17,0.0,-11.663820222561952,-11.663820222561952,0.0,0.0,11.663820222561952,11.663820222561952,0.0,0.0,3347.8184207632726,0.0,Consumer
2023-02-07 02:00:00,user_003,2,0,1,False,0.0,0.0,14.73624115923681,14.736705621963441,0.0,0.0,0.0,0.0,55.17,0.0,-14.73624115923681,-14.73624115923681,0.0,0.0,14.73624115923681,14.73624115923681,0.0,0.0,3362.5551263852362,0.0,Consumer
2023-02-07 03:00:00,user_003,3,0,1,False,0.0,0.0,13.152423261419536,13.153003839827829,0.0,0.0,0.0,0.0,55.17,0.0,-13.152423261419536,-13.152423261419536,0.0,0.0,13.152423261419536,13.152423261419536,0.0,0.0,3375.708130225064,0.0,Consumer
2023-02-07 04:00:00,user_003,4,0,1,False,0.0,0.0,12.54397708953079,12.544209320894106,0.0,0.0,0.0,0.0,55.17,0.0,-12.54397708953079,-12.54397708953079,0.0,0.0,12.54397708953079,12.54397708953079,0.0,0.0,3388.252339545958,0.0,Consumer
2023-02-07 05:00:00,user_003,5,0,1,False,0.0,0.0,13.564633931305996,13.564750046987655,0.0,0.0,0.0,0.0,55.17,0.0,-13.564633931305996,-13.564633931305996,0.0,0.0,13.564633931305996,13.564633931305996,0.0,0.0,3401.8170895929456,0.0,Consumer
2023-02-07 06:00:00,user_003,6,0,1,False,0.0,0.0,38.11032787702398,38.11009564566066,0.0,0.0,0.0,0.0,55.17,0.0,-38.11032787702398,-38.11032787702398,0.0,0.0,38.11032787702398,38.11032787702398,0.0,0.0,3439.9271852386064,0.0,Consumer
2023-02-07 07:00:00,user_003,7,0,1,False,0.0,0.0,49.72886298373925,49.72874686805759,0.0,0.0,0.0,0.0,55.17,0.0,-49.72886298373925,-49.72886298373925,0.0,0.0,49.72886298373925,49.72886298373925,0.0,0.0,3489.655932106664,0.0,Consumer
2023-02-07 08:00:00,user_003,8,0,1,False,0.0,0.0,54.80195711538416,54.80172488402085,0.0,0.0,0.0,0.0,55.17,0.0,-54.80195711538416,-54.80195711538416,0.0,0.0,54.80195711538416,54.80195711538416,0.0,0.0,3544.457656990685,0.0,Consumer
2023-02-07 09:00:00,user_003,9,0,1,False,0.0,0.0,52.498221991286314,52.49775752855968,0.0,0.0,0.0,0.0,55.17,0.0,-52.498221991286314,-52.498221991286314,0.0,0.0,52.498221991286314,52.498221991286314,0.0,0.0,3596.9554145192446,0.0,Consumer
2023-02-07 10:00:00,user_003,10,0,1,False,0.0,0.0,28.146441233937455,28.145976771210822,0.0,0.0,0.0,0.0,55.17,0.0,-28.146441233937455,-28.146441233937455,0.0,0.0,28.146441233937455,28.146441233937455,0.0,0.0,3625.1013912904555,0.0,Consumer
2023-02-07 11:00:00,user_003,11,0,1,False,0.0,0.0,28.096511490824447,28.09685983786942,0.0,0.0,0.0,0.0,55.17,0.0,-28.096511490824447,-28.096511490824447,0.0,0.0,28.096511490824447,28.096511490824447,0.0,0.0,3653.198251128325,0.0,Consumer
2023-02-07 12:00:00,user_003,12,0,1,False,0.0,0.0,25.112338472209792,25.112570703573105,0.0,0.0,0.0,0.0,55.17,0.0,-25.112338472209792,-25.112338472209792,0.0,0.0,25.112338472209792,25.112338472209792,0.0,0.0,3678.310821831898,0.0,Consumer
2023-02-07 13:00:00,user_003,13,0,1,False,0.0,0.0,25.320185542377896,25.31972107965126,0.0,0.0,0.0,0.0,55.17,0.0,-25.320185542377896,-25.320185542377896,0.0,0.0,25.320185542377896,25.320185542377896,0.0,0.0,3703.630542911549,0.0,Consumer
2023-02-07 14:00:00,user_003,14,0,1,False,0.0,0.0,27.65643305734003,27.656897520066664,0.0,0.0,0.0,0.0,55.17,0.0,-27.65643305734003,-27.65643305734003,0.0,0.0,27.65643305734003,27.65643305734003,0.0,0.0,3731.287440431616,0.0,Consumer
2023-02-07 15:00:00,user_003,15,0,1,False,0.0,0.0,30.419986280804185,30.420566859212474,0.0,0.0,0.0,0.0,55.17,0.0,-30.419986280804185,-30.419986280804185,0.0,0.0,30.419986280804185,30.419986280804185,0.0,0.0,3761.7080072908284,0.0,Consumer
2023-02-07 16:00:00,user_003,16,0,1,False,0.0,0.0,30.259746640115928,30.259630524434268,0.0,0.0,0.0,0.0,55.17,0.0,-30.259746640115928,-30.259746640115928,0.0,0.0,30.259746640115928,30.259746640115928,0.0,0.0,3791.9676378152626,0.0,Consumer
2023-02-07 17:00:00,user_003,17,0,1,False,0.0,0.0,27.62624298010891,27.62624298010891,0.0,0.0,0.0,0.0,55.17,0.0,-27.62624298010891,-27.62624298010891,0.0,0.0,27.62624298010891,27.62624298010891,0.0,0.0,3819.5938807953717,0.0,Consumer
2023-02-07 18:00:00,user_003,18,0,1,False,0.0,0.0,28.284618895110665,28.284502779429005,0.0,0.0,0.0,0.0,55.17,0.0,-28.284618895110665,-28.284618895110665,0.0,0.0,28.284618895110665,28.284618895110665,0.0,0.0,3847.878383574801,0.0,Consumer
2023-02-07 19:00:00,user_003,19,0,1,False,0.0,0.0,27.13971827396123,27.140066621006202,0.0,0.0,0.0,0.0,55.17,0.0,-27.13971827396123,-27.13971827396123,0.0,0.0,27.13971827396123,27.13971827396123,0.0,0.0,3875.018450195807,0.0,Consumer
2023-02-07 20:00:00,user_003,20,0,1,False,0.0,0.0,31.517279472473778,31.517279472473778,0.0,0.0,0.0,0.0,55.17,0.0,-31.517279472473778,-31.517279472473778,0.0,0.0,31.517279472473778,31.517279472473778,0.0,0.0,3906.535729668281,0.0,Consumer
2023-02-07 21:00:00,user_003,21,0,1,False,0.0,0.0,25.166912842589127,25.167028958270784,0.0,0.0,0.0,0.0,55.17,0.0,-25.166912842589127,-25.166912842589127,0.0,0.0,25.166912842589127,25.166912842589127,0.0,0.0,3931.7027586265517,0.0,Consumer
2023-02-07 22:00:00,user_003,22,0,1,False,0.0,0.0,12.232787062686926,12.233019294050242,0.0,0.0,0.0,0.0,55.17,0.0,-12.232787062686926,-12.232787062686926,0.0,0.0,12.232787062686926,12.232787062686926,0.0,0.0,3943.935777920602,0.0,Consumer
2023-02-07 23:00:00,user_003,23,0,1,False,0.0,0.0,15.063687381512816,15.063106803104523,0.0,0.0,0.0,0.0,55.17,0.0,-15.063687381512816,-15.063687381512816,0.0,0.0,15.063687381512816,15.063687381512816,0.0,0.0,3958.9988847237064,0.0,Consumer
2023-02-08 00:00:00,user_003,0,0,2,False,0.0,0.0,15.878819466753082,15.878703351071422,0.0,0.0,0.0,0.0,55.17,0.0,-15.878819466753082,-15.878819466753082,0.0,0.0,15.878819466753082,15.878819466753082,0.0,0.0,3974.877588074778,0.0,Consumer
2023-02-08 01:00:00,user_003,1,0,2,False,0.0,0.0,14.870935349960273,14.871399812686905,0.0,0.0,0.0,0.0,55.17,0.0,-14.870935349960273,-14.870935349960273,0.0,0.0,14.870935349960273,14.870935349960273,0.0,0.0,3989.748987887465,0.0,Consumer
2023-02-08 02:00:00,user_003,2,0,2,False,0.0,0.0,13.822410744587106,13.822526860268765,0.0,0.0,0.0,0.0,55.17,0.0,-13.822410744587106,-13.822410744587106,0.0,0.0,13.822410744587106,13.822410744587106,0.0,0.0,4003.5715147477335,0.0,Consumer
2023-02-08 03:00:00,user_003,3,0,2,False,0.0,0.0,13.013084443429747,13.012619980703114,0.0,0.0,0.0,0.0,55.17,0.0,-13.013084443429747,-13.013084443429747,0.0,0.0,13.013084443429747,13.013084443429747,0.0,0.0,4016.5841347284368,0.0,Consumer
2023-02-08 04:00:00,user_003,4,0,2,False,0.0,0.0,15.09039398829419,15.090277872612534,0.0,0.0,0.0,0.0,55.17,0.0,-15.09039398829419,-15.09039398829419,0.0,0.0,15.09039398829419,15.09039398829419,0.0,0.0,4031.6744126010494,0.0,Consumer
2023-02-08 05:00:00,user_003,5,0,2,False,0.0,0.0,12.847039018658581,12.846806787295266,0.0,0.0,0.0,0.0,55.17,0.0,-12.847039018658581,-12.847039018658581,0.0,0.0,12.847039018658581,12.847039018658581,0.0,0.0,4044.521219388345,0.0,Consumer
2023-02-08 06:00:00,user_003,6,0,2,False,0.0,0.0,43.00112038846559,43.00146873551056,0.0,0.0,0.0,0.0,55.17,0.0,-43.00112038846559,-43.00112038846559,0.0,0.0,43.00112038846559,43.00112038846559,0.0,0.0,4087.5226881238555,0.0,Consumer
2023-02-08 07:00:00,user_003,7,0,2,False,0.0,0.0,46.97808248525749,46.97831471662081,0.0,0.0,0.0,0.0,55.17,0.0,-46.97808248525749,-46.97808248525749,0.0,0.0,46.97808248525749,46.97808248525749,0.0,0.0,4134.501002840476,0.0,Consumer
2023-02-08 08:00:00,user_003,8,0,2,False,0.0,0.0,57.59453925926286,57.59453925926286,0.0,0.0,0.0,0.0,55.17,0.0,-57.59453925926286,-57.59453925926286,0.0,0.0,57.59453925926286,57.59453925926286,0.0,0.0,4192.095542099739,0.0,Consumer
2023-02-08 09:00:00,user_003,9,0,2,False,0.0,0.0,64.31067028637071,64.31055417068906,0.0,0.0,0.0,0.0,55.17,0.0,-64.31067028637071,-64.31067028637071,0.0,0.0,64.31067028637071,64.31067028637071,0.0,0.0,4256.406096270428,0.0,Consumer
2023-02-08 10:00:00,user_003,10,0,2,False,0.0,0.0,24.477185693539667,24.477650156266304,0.0,0.0,0.0,0.0,55.17,0.0,-24.477185693539667,-24.477185693539667,0.0,0.0,24.477185693539667,24.477185693539667,0.0,0.0,4280.883746426694,0.0,Consumer
2023-02-08 11:00:00,user_003,11,0,2,False,0.0,0.0,28.371705656354283,28.3719378877176,0.0,0.0,0.0,0.0,55.17,0.0,-28.371705656354283,-28.371705656354283,0.0,0.0,28.371705656354283,28.371705656354283,0.0,0.0,4309.255684314412,0.0,Consumer
2023-02-08 12:00:00,user_003,12,0,2,False,0.0,0.0,26.06100359135694,26.0611197070386,0.0,0.0,0.0,0.0,55.17,0.0,-26.06100359135694,-26.06100359135694,0.0,0.0,26.06100359135694,26.06100359135694,0.0,0.0,4335.3168040214505,0.0,Consumer
2023-02-08 13:00:00,user_003,13,0,2,False,0.0,0.0,29.13458568484838,29.135166263256668,0.0,0.0,0.0,0.0,55.17,0.0,-29.13458568484838,-29.13458568484838,0.0,0.0,29.13458568484838,29.13458568484838,0.0,0.0,4364.451970284707,0.0,Consumer
2023-02-08 14:00:00,user_003,14,0,2,False,0.0,0.0,31.310593559122257,31.310477443440597,0.0,0.0,0.0,0.0,55.17,0.0,-31.310593559122257,-31.310593559122257,0.0,0.0,31.310593559122257,31.310593559122257,0.0,0.0,4395.762447728148,0.0,Consumer
2023-02-08 15:00:00,user_003,15,0,2,False,0.0,0.0,26.93535467424287,26.9358191369695,0.0,0.0,0.0,0.0,55.17,0.0,-26.93535467424287,-26.93535467424287,0.0,0.0,26.93535467424287,26.93535467424287,0.0,0.0,4422.698266865117,0.0,Consumer
2023-02-08 16:00:00,user_003,16,0,2,False,0.0,0.0,26.35477626595208,26.355124612997052,0.0,0.0,0.0,0.0,55.17,0.0,-26.35477626595208,-26.35477626595208,0.0,0.0,26.35477626595208,26.35477626595208,0.0,0.0,4449.0533914781145,0.0,Consumer
2023-02-08 17:00:00,user_003,17,0,2,False,0.0,0.0,28.809461776205538,28.809345660523878,0.0,0.0,0.0,0.0,55.17,0.0,-28.809461776205538,-28.809461776205538,0.0,0.0,28.809461776205538,28.809461776205538,0.0,0.0,4477.862737138638,0.0,Consumer
2023-02-08 18:00:00,user_003,18,0,2,False,0.0,0.0,25.561706160226862,25.56135781318189,0.0,0.0,0.0,0.0,55.17,0.0,-25.561706160226862,-25.561706160226862,0.0,0.0,25.561706160226862,25.561706160226862,0.0,0.0,4503.42409495182,0.0,Consumer
2023-02-08 19:00:00,user_003,19,0,2,False,0.0,0.0,25.490875594415385,25.49122394146036,0.0,0.0,0.0,0.0,55.17,0.0,-25.490875594415385,-25.490875594415385,0.0,0.0,25.490875594415385,25.490875594415385,0.0,0.0,4528.9153188932805,0.0,Consumer
2023-02-08 20:00:00,user_003,20,0,2,False,0.0,0.0,28.08954454992496,28.089660665606615,0.0,0.0,0.0,0.0,55.17,0.0,-28.08954454992496,-28.08954454992496,0.0,0.0,28.08954454992496,28.08954454992496,0.0,0.0,4557.0049795588875,0.0,Consumer
2023-02-08 21:00:00,user_003,21,0,2,False,0.0,0.0,30.810134971175597,30.80978662413062,0.0,0.0,0.0,0.0,55.17,0.0,-30.810134971175597,-30.810134971175597,0.0,0.0,30.810134971175597,30.810134971175597,0.0,0.0,4587.814766183018,0.0,Consumer
2023-02-08 22:00:00,user_003,22,0,2,False,0.0,0.0,12.814526627794297,12.814410512112639,0.0,0.0,0.0,0.0,55.17,0.0,-12.814526627794297,-12.814526627794297,0.0,0.0,12.814526627794297,12.814526627794297,0.0,0.0,4600.629176695131,0.0,Consumer
2023-02-08 23:00:00,user_003,23,0,2,False,0.0,0.0,12.44179528967161,12.442143636716583,0.0,0.0,0.0,0.0,55.17,0.0,-12.44179528967161,-12.44179528967161,0.0,0.0,12.44179528967161,12.44179528967161,0.0,0.0,4613.071320331847,0.0,Consumer
2023-02-09 00:00:00,user_003,0,0,3,False,0.0,0.0,12.71234482793512,12.712925406343409,0.0,0.0,0.0,0.0,55.17,0.0,-12.71234482793512,-12.71234482793512,0.0,0.0,12.71234482793512,12.71234482793512,0.0,0.0,4625.784245738191,0.0,Consumer
2023-02-09 01:00:00,user_003,1,0,3,False,0.0,0.0,12.657770457555785,12.65742211051081,0.0,0.0,0.0,0.0,55.17,0.0,-12.657770457555785,-12.657770457555785,0.0,0.0,12.657770457555785,12.657770457555785,0.0,0.0,4638.441667848702,0.0,Consumer
2023-02-09 02:00:00,user_003,2,0,3,False,0.0,0.0,15.190253474520206,15.19002124315689,0.0,0.0,0.0,0.0,55.17,0.0,-15.190253474520206,-15.190253474520206,0.0,0.0,15.190253474520206,15.190253474520206,0.0,0.0,4653.631689091859,0.0,Consumer
2023-02-09 03:00:00,user_003,3,0,3,False,0.0,0.0,11.791547472385925,11.79201193511256,0.0,0.0,0.0,0.0,55.17,0.0,-11.791547472385925,-11.791547472385925,0.0,0.0,11.791547472385925,11.791547472385925,0.0,0.0,4665.423701026972,0.0,Consumer
2023-02-09 04:00:00,user_003,4,0,3,False,0.0,0.0,15.653555044336256,15.65332281297294,0.0,0.0,0.0,0.0,55.17,0.0,-15.653555044336256,-15.653555044336256,0.0,0.0,15.653555044336256,15.653555044336256,0.0,0.0,4681.077023839945,0.0,Consumer
2023-02-09 05:00:00,user_003,5,0,3,False,0.0,0.0,13.759708276491702,13.759359929446727,0.0,0.0,0.0,0.0,55.17,0.0,-13.759708276491702,-13.759708276491702,0.0,0.0,13.759708276491702,13.759708276491702,0.0,0.0,4694.836383769391,0.0,Consumer
2023-02-09 06:00:00,user_003,6,0,3,False,0.0,0.0,41.943306528559766,41.9431904128781,0.0,0.0,0.0,0.0,55.17,0.0,-41.943306528559766,-41.943306528559766,0.0,0.0,41.943306528559766,41.943306528559766,0.0,0.0,4736.779574182269,0.0,Consumer
2023-02-09 07:00:00,user_003,7,0,3,False,0.0,0.0,41.23848434089475,41.23906491930305,0.0,0.0,0.0,0.0,55.17,0.0,-41.23848434089475,-41.23848434089475,0.0,0.0,41.23848434089475,41.23848434089475,0.0,0.0,4778.018639101572,0.0,Consumer
2023-02-09 08:00:00,user_003,8,0,3,False,0.0,0.0,57.701365686388364,57.701830149115,0.0,0.0,0.0,0.0,55.17,0.0,-57.701365686388364,-57.701365686388364,0.0,0.0,57.701365686388364,57.701365686388364,0.0,0.0,4835.7204692506875,0.0,Consumer
2023-02-09 09:00:00,user_003,9,0,3,False,0.0,0.0,50.04121416739969,50.04086582035472,0.0,0.0,0.0,0.0,55.17,0.0,-50.04121416739969,-50.04121416739969,0.0,0.0,50.04121416739969,50.04121416739969,0.0,0.0,4885.761335071043,0.0,Consumer
2023-02-09 10:00:00,user_003,10,0,3,False,0.0,0.0,28.985957612325937,28.985609265280964,0.0,0.0,0.0,0.0,55.17,0.0,-28.985957612325937,-28.985957612325937,0.0,0.0,28.985957612325937,28.985957612325937,0.0,0.0,4914.746944336323,0.0,Consumer
2023-02-09 11:00:00,user_003,11,0,3,False,0.0,0.0,27.022441435486485,27.022557551168145,0.0,0.0,0.0,0.0,55.17,0.0,-27.022441435486485,-27.022441435486485,0.0,0.0,27.022441435486485,27.022441435486485,0.0,0.0,4941.769501887492,0.0,Consumer
2023-02-09 12:00:00,user_003,12,0,3,False,0.0,0.0,27.543800846131617,27.544265308858247,0.0,0.0,0.0,0.0,55.17,0.0,-27.543800846131617,-27.543800846131617,0.0,0.0,27.543800846131617,27.543800846131617,0.0,0.0,4969.31376719635,0.0,Consumer
2023-02-09 13:00:00,user_003,13,0,3,False,0.0,0.0,27.542639689315035,27.542407457951718,0.0,0.0,0.0,0.0,55.17,0.0,-27.542639689315035,-27.542639689315035,0.0,0.0,27.542639689315035,27.542639689315035,0.0,0.0,4996.856174654302,0.0,Consumer
2023-02-09 14:00:00,user_003,14,0,3,False,0.0,0.0,29.52473437521979,29.5241537968115,0.0,0.0,0.0,0.0,55.17,0.0,-29.52473437521979,-29.52473437521979,0.0,0.0,29.52473437521979,29.52473437521979,0.0,0.0,5026.380328451113,0.0,Consumer
2023-02-09 15:00:00,user_003,15,0,3,False,0.0,0.0,25.726590428181446,25.726822659544762,0.0,0.0,0.0,0.0,55.17,0.0,-25.726590428181446,-25.726590428181446,0.0,0.0,25.726590428181446,25.726590428181446,0.0,0.0,5052.107151110658,0.0,Consumer
2023-02-09 16:00:00,user_003,16,0,3,False,0.0,0.0,30.382829262673575,30.38317760971855,0.0,0.0,0.0,0.0,55.17,0.0,-30.382829262673575,-30.382829262673575,0.0,0.0,30.382829262673575,30.382829262673575,0.0,0.0,5082.490328720377,0.0,Consumer
2023-02-09 17:00:00,user_003,17,0,3,False,0.0,0.0,25.257483074282487,25.257831421327467,0.0,0.0,0.0,0.0,55.17,0.0,-25.257483074282487,-25.257483074282487,0.0,0.0,25.257483074282487,25.257483074282487,0.0,0.0,5107.748160141705,0.0,Consumer
2023-02-09 18:00:00,user_003,18,0,3,False,0.0,0.0,30.891415948336306,30.891415948336306,0.0,0.0,0.0,0.0,55.17,0.0,-30.891415948336306,-30.891415948336306,0.0,0.0,30.891415948336306,30.891415948336306,0.0,0.0,5138.639576090041,0.0,Consumer
2023-02-09 19:00:00,user_003,19,0,3,False,0.0,0.0,23.49136355626191,23.491015209216933,0.0,0.0,0.0,0.0,55.17,0.0,-23.49136355626191,-23.49136355626191,0.0,0.0,23.49136355626191,23.49136355626191,0.0,0.0,5162.130591299258,0.0,Consumer
2023-02-09 20:00:00,user_003,20,0,3,False,0.0,0.0,24.568917082049612,24.568684850686296,0.0,0.0,0.0,0.0,55.17,0.0,-24.568917082049612,-24.568917082049612,0.0,0.0,24.568917082049612,24.568917082049612,0.0,0.0,5186.699276149945,0.0,Consumer
2023-02-09 21:00:00,user_003,21,0,3,False,0.0,0.0,31.710031504026322,31.709683156981345,0.0,0.0,0.0,0.0,55.17,0.0,-31.710031504026322,-31.710031504026322,0.0,0.0,31.710031504026322,31.710031504026322,0.0,0.0,5218.408959306927,0.0,Consumer
2023-02-09 22:00:00,user_003,22,0,3,False,0.0,0.0,11.856572254114495,11.85634002275118,0.0,0.0,0.0,0.0,55.17,0.0,-11.856572254114495,-11.856572254114495,0.0,0.0,11.856572254114495,11.856572254114495,0.0,0.0,5230.265299329678,0.0,Consumer
2023-02-09 23:00:00,user_003,23,0,3,False,0.0,0.0,14.92086509307328,14.920981208754938,0.0,0.0,0.0,0.0,55.17,0.0,-14.92086509307328,-14.92086509307328,0.0,0.0,14.92086509307328,14.92086509307328,0.0,0.0,5245.186280538433,0.0,Consumer
2023-02-10 00:00:00,user_003,0,0,4,False,0.0,0.0,15.604786458039829,15.604670342358173,0.0,0.0,0.0,0.0,55.17,0.0,-15.604786458039829,-15.604786458039829,0.0,0.0,15.604786458039829,15.604786458039829,0.0,0.0,5260.790950880791,0.0,Consumer
2023-02-10 01:00:00,user_003,1,0,4,False,0.0,0.0,15.502604658180651,15.502604658180651,0.0,0.0,0.0,0.0,55.17,0.0,-15.502604658180651,-15.502604658180651,0.0,0.0,15.502604658180651,15.502604658180651,0.0,0.0,5276.293555538971,0.0,Consumer
2023-02-10 02:00:00,user_003,2,0,4,False,0.0,0.0,13.061853029726175,13.062201376771148,0.0,0.0,0.0,0.0,55.17,0.0,-13.061853029726175,-13.061853029726175,0.0,0.0,13.061853029726175,13.061853029726175,0.0,0.0,5289.355756915743,0.0,Consumer
2023-02-10 03:00:00,user_003,3,0,4,False,0.0,0.0,13.341691822522334,13.3412273597957,0.0,0.0,0.0,0.0,55.17,0.0,-13.341691822522334,-13.341691822522334,0.0,0.0,13.341691822522334,13.341691822522334,0.0,0.0,5302.696984275539,0.0,Consumer
2023-02-10 04:00:00,user_003,4,0,4,False,0.0,0.0,12.842394391392256,12.842510507073914,0.0,0.0,0.0,0.0,55.17,0.0,-12.842394391392256,-12.842394391392256,0.0,0.0,12.842394391392256,12.842394391392256,0.0,0.0,5315.539494782613,0.0,Consumer
2023-02-10 05:00:00,user_003,5,0,4,False,0.0,0.0,11.603440068099712,11.603440068099712,0.0,0.0,0.0,0.0,55.17,0.0,-11.603440068099712,-11.603440068099712,0.0,0.0,11.603440068099712,11.603440068099712,0.0,0.0,5327.142934850713,0.0,Consumer
2023-02-10 06:00:00,user_003,6,0,4,False,0.0,0.0,43.0696286406439,43.06904806223561,0.0,0.0,0.0,0.0,55.17,0.0,-43.0696286406439,-43.0696286406439,0.0,0.0,43.0696286406439,43.0696286406439,0.0,0.0,5370.211982912948,0.0,Consumer
2023-02-10 07:00:00,user_003,7,0,4,False,0.0,0.0,44.29348792532088,44.29383627236585,0.0,0.0,0.0,0.0,55.17,0.0,-44.29348792532088,-44.29348792532088,0.0,0.0,44.29348792532088,44.29348792532088,0.0,0.0,5414.505819185314,0.0,Consumer
2023-02-10 08:00:00,user_003,8,0,4,False,0.0,0.0,50.92485450481828,50.92427392640998,0.0,0.0,0.0,0.0,55.17,0.0,-50.92485450481828,-50.92485450481828,0.0,0.0,50.92485450481828,50.92485450481828,0.0,0.0,5465.430093111724,0.0,Consumer
2023-02-10 09:00:00,user_003,9,0,4,False,0.0,0.0,58.604745689688826,58.60521015241547,0.0,0.0,0.0,0.0,55.17,0.0,-58.604745689688826,-58.604745689688826,0.0,0.0,58.604745689688826,58.604745689688826,0.0,0.0,5524.03530326414,0.0,Consumer
2023-02-10 10:00:00,user_003,10,0,4,False,0.0,0.0,24.305334484685595,24.305218369003935,0.0,0.0,0.0,0.0,55.17,0.0,-24.305334484685595,-24.305334484685595,0.0,0.0,24.305334484685595,24.305334484685595,0.0,0.0,5548.340521633144,0.0,Consumer
2023-02-10 11:00:00,user_003,11,0,4,False,0.0,0.0,25.769553230394965,25.769901577439942,0.0,0.0,0.0,0.0,55.17,0.0,-25.769553230394965,-25.769553230394965,0.0,0.0,25.769553230394965,25.769553230394965,0.0,0.0,5574.110423210584,0.0,Consumer
2023-02-10 12:00:00,user_003,12,0,4,False,0.0,0.0,27.014313337770417,27.013848875043784,0.0,0.0,0.0,0.0,55.17,0.0,-27.014313337770417,-27.014313337770417,0.0,0.0,27.014313337770417,27.014313337770417,0.0,0.0,5601.124272085627,0.0,Consumer
2023-02-10 13:00:00,user_003,13,0,4,False,0.0,0.0,31.310593559122257,31.310012980713967,0.0,0.0,0.0,0.0,55.17,0.0,-31.310593559122257,-31.310593559122257,0.0,0.0,31.310593559122257,31.310593559122257,0.0,0.0,5632.4342850663415,0.0,Consumer
2023-02-10 14:00:00,user_003,14,0,4,False,0.0,0.0,29.492221984355506,29.49210586867385,0.0,0.0,0.0,0.0,55.17,0.0,-29.492221984355506,-29.492221984355506,0.0,0.0,29.492221984355506,29.492221984355506,0.0,0.0,5661.926390935016,0.0,Consumer
2023-02-10 15:00:00,user_003,15,0,4,False,0.0,0.0,24.29488407333636,24.295232420381335,0.0,0.0,0.0,0.0,55.17,0.0,-24.29488407333636,-24.29488407333636,0.0,0.0,24.29488407333636,24.29488407333636,0.0,0.0,5686.221623355397,0.0,Consumer
2023-02-10 16:00:00,user_003,16,0,4,False,0.0,0.0,25.797420993992922,25.79765322535624,0.0,0.0,0.0,0.0,55.17,0.0,-25.797420993992922,-25.797420993992922,0.0,0.0,25.797420993992922,25.797420993992922,0.0,0.0,5712.019276580753,0.0,Consumer
2023-02-10 17:00:00,user_003,17,0,4,False,0.0,0.0,24.544532788901403,24.544300557538083,0.0,0.0,0.0,0.0,55.17,0.0,-24.544532788901403,-24.544532788901403,0.0,0.0,24.544532788901403,24.544532788901403,0.0,0.0,5736.563577138291,0.0,Consumer
2023-02-10 18:00:00,user_003,18,0,4,False,0.0,0.0,28.250945347429795,28.25140981015643,0.0,0.0,0.0,0.0,55.17,0.0,-28.250945347429795,-28.250945347429795,0.0,0.0,28.250945347429795,28.250945347429795,0.0,0.0,5764.814986948448,0.0,Consumer
2023-02-10 19:00:00,user_003,19,0,4,False,0.0,0.0,23.858289110301687,23.858521341665003,0.0,0.0,0.0,0.0,55.17,0.0,-23.858289110301687,-23.858289110301687,0.0,0.0,23.858289110301687,23.858289110301687,0.0,0.0,5788.673508290113,0.0,Consumer
2023-02-10 20:00:00,user_003,20,0,4,False,0.0,0.0,23.185979313500955,23.18609542918261,0.0,0.0,0.0,0.0,55.17,0.0,-23.185979313500955,-23.185979313500955,0.0,0.0,23.185979313500955,23.185979313500955,0.0,0.0,5811.859603719296,0.0,Consumer
2023-02-10 21:00:00,user_003,21,0,4,False,0.0,0.0,25.96462757558067,25.964743691262328,0.0,0.0,0.0,0.0,55.17,0.0,-25.96462757558067,-25.96462757558067,0.0,0.0,25.96462757558067,25.96462757558067,0.0,0.0,5837.8243474105575,0.0,Consumer
2023-02-10 22:00:00,user_003,22,0,4,False,0.0,0.0,12.855167116374652,12.855051000692994,0.0,0.0,0.0,0.0,55.17,0.0,-12.855167116374652,-12.855167116374652,0.0,0.0,12.855167116374652,12.855167116374652,0.0,0.0,5850.67939841125,0.0,Consumer
2023-02-10 23:00:00,user_003,23,0,4,False,0.0,0.0,12.427861407872632,12.427861407872632,0.0,0.0,0.0,0.0,55.17,0.0,-12.427861407872632,-12.427861407872632,0.0,0.0,12.427861407872632,12.427861407872632,0.0,0.0,5863.107259819123,0.0,Consumer
2023-02-11 00:00:00,user_003,0,0,5,True,0.0,0.0,11.018217032542596,11.017752569815963,0.0,0.0,0.0,0.0,55.17,0.0,-11.018217032542596,-11.018217032542596,0.0,0.0,11.018217032542596,11.018217032542596,0.0,0.0,5874.1250123889395,0.0,Consumer
2023-02-11 01:00:00,user_003,1,0,5,True,0.0,0.0,9.804808159214847,9.804575927851529,0.0,0.0,0.0,0.0,55.17,0.0,-9.804808159214847,-9.804808159214847,0.0,0.0,9.804808159214847,9.804808159214847,0.0,0.0,5883.929588316791,0.0,Consumer
2023-02-11 02:00:00,user_003,2,0,5,True,0.0,0.0,8.908395096813868,8.908743443858842,0.0,0.0,0.0,0.0,55.17,0.0,-8.908395096813868,-8.908395096813868,0.0,0.0,8.908395096813868,8.908395096813868,0.0,0.0,5892.838331760649,0.0,Consumer
2023-02-11 03:00:00,user_003,3,0,5,True,0.0,0.0,9.443688389257975,9.444268967666266,0.0,0.0,0.0,0.0,55.17,0.0,-9.443688389257975,-9.443688389257975,0.0,0.0,9.443688389257975,9.443688389257975,0.0,0.0,5902.282600728316,0.0,Consumer
2023-02-11 04:00:00,user_003,4,0,5,True,0.0,0.0,9.332217334866145,9.331985103502827,0.0,0.0,0.0,0.0,55.17,0.0,-9.332217334866145,-9.332217334866145,0.0,0.0,9.332217334866145,9.332217334866145,0.0,0.0,5911.614585831819,0.0,Consumer
2023-02-11 05:00:00,user_003,5,0,5,True,0.0,0.0,10.434155153802063,10.434039038120405,0.0,0.0,0.0,0.0,55.17,0.0,-10.434155153802063,-10.434155153802063,0.0,0.0,10.434155153802063,10.434155153802063,0.0,0.0,5922.048624869939,0.0,Consumer
2023-02-11 06:00:00,user_003,6,0,5,True,0.0,0.0,29.58279221604887,29.58221163764058,0.0,0.0,0.0,0.0,55.17,0.0,-29.58279221604887,-29.58279221604887,0.0,0.0,29.58279221604887,29.58279221604887,0.0,0.0,5951.630836507579,0.0,Consumer
2023-02-11 07:00:00,user_003,7,0,5,True,0.0,0.0,32.844481713826525,32.84436559814486,0.0,0.0,0.0,0.0,55.17,0.0,-32.844481713826525,-32.844481713826525,0.0,0.0,32.844481713826525,32.844481713826525,0.0,0.0,5984.475202105724,0.0,Consumer
2023-02-11 08:00:00,user_003,8,0,5,True,0.0,0.0,39.8485796314466,39.848115168719964,0.0,0.0,0.0,0.0,55.17,0.0,-39.8485796314466,-39.8485796314466,0.0,0.0,39.8485796314466,39.8485796314466,0.0,0.0,6024.323317274444,0.0,Consumer
2023-02-11 09:00:00,user_003,9,0,5,True,0.0,0.0,36.42897280661386,36.4288566909322,0.0,0.0,0.0,0.0,55.17,0.0,-36.42897280661386,-36.42897280661386,0.0,0.0,36.42897280661386,36.42897280661386,0.0,0.0,6060.752173965376,0.0,Consumer
2023-02-11 10:00:00,user_003,10,0,5,True,0.0,0.0,22.053851417333913,22.05419976437889,0.0,0.0,0.0,0.0,55.17,0.0,-22.053851417333913,-22.053851417333913,0.0,0.0,22.053851417333913,22.053851417333913,0.0,0.0,6082.806373729754,0.0,Consumer
2023-02-11 11:00:00,user_003,11,0,5,True,0.0,0.0,22.521797614416293,22.522262077142923,0.0,0.0,0.0,0.0,55.17,0.0,-22.521797614416293,-22.521797614416293,0.0,0.0,22.521797614416293,22.521797614416293,0.0,0.0,6105.328635806897,0.0,Consumer
2023-02-11 12:00:00,user_003,12,0,5,True,0.0,0.0,28.36822218590454,28.368454417267856,0.0,0.0,0.0,0.0,55.17,0.0,-28.36822218590454,-28.36822218590454,0.0,0.0,28.36822218590454,28.36822218590454,0.0,0.0,6133.697090224165,0.0,Consumer
2023-02-11 13:00:00,user_003,13,0,5,True,0.0,0.0,23.857127953485104,23.856895722121788,0.0,0.0,0.0,0.0,55.17,0.0,-23.857127953485104,-23.857127953485104,0.0,0.0,23.857127953485104,23.857127953485104,0.0,0.0,6157.553985946286,0.0,Consumer
2023-02-11 14:00:00,user_003,14,0,5,True,0.0,0.0,22.7040992346196,22.703867003256285,0.0,0.0,0.0,0.0,55.17,0.0,-22.7040992346196,-22.7040992346196,0.0,0.0,22.7040992346196,22.7040992346196,0.0,0.0,6180.257852949542,0.0,Consumer
2023-02-11 15:00:00,user_003,15,0,5,True,0.0,0.0,24.649036902393743,24.64938524943872,0.0,0.0,0.0,0.0,55.17,0.0,-24.649036902393743,-24.649036902393743,0.0,0.0,24.649036902393743,24.649036902393743,0.0,0.0,6204.907238198981,0.0,Consumer
2023-02-11 16:00:00,user_003,16,0,5,True,0.0,0.0,25.6476317646539,25.64751564897224,0.0,0.0,0.0,0.0,55.17,0.0,-25.6476317646539,-25.6476317646539,0.0,0.0,25.6476317646539,25.6476317646539,0.0,0.0,6230.554753847953,0.0,Consumer
2023-02-11 17:00:00,user_003,17,0,5,True,0.0,0.0,21.872710953947188,21.872246491220558,0.0,0.0,0.0,0.0,55.17,0.0,-21.872710953947188,-21.872710953947188,0.0,0.0,21.872710953947188,21.872710953947188,0.0,0.0,6252.427000339174,0.0,Consumer
2023-02-11 18:00:00,user_003,18,0,5,True,0.0,0.0,21.121442493618908,21.121674724982224,0.0,0.0,0.0,0.0,55.17,0.0,-21.121442493618908,-21.121442493618908,0.0,0.0,21.121442493618908,21.121442493618908,0.0,0.0,6273.548675064156,0.0,Consumer
2023-02-11 19:00:00,user_003,19,0,5,True,0.0,0.0,26.974834006006645,26.974601774643325,0.0,0.0,0.0,0.0,55.17,0.0,-26.974834006006645,-26.974834006006645,0.0,0.0,26.974834006006645,26.974834006006645,0.0,0.0,6300.523276838799,0.0,Consumer
2023-02-11 20:00:00,user_003,20,0,5,True,0.0,0.0,21.589388690701284,21.58904034365631,0.0,0.0,0.0,0.0,55.17,0.0,-21.589388690701284,-21.589388690701284,0.0,0.0,21.589388690701284,21.589388690701284,0.0,0.0,6322.112317182455,0.0,Consumer
2023-02-11 21:00:00,user_003,21,0,5,True,0.0,0.0,27.01663565140358,27.016867882766896,0.0,0.0,0.0,0.0,55.17,0.0,-27.01663565140358,-27.01663565140358,0.0,0.0,27.01663565140358,27.01663565140358,0.0,0.0,6349.1291850652215,0.0,Consumer
2023-02-11 22:00:00,user_003,22,0,5,True,0.0,0.0,13.889757839948839,13.889525608585522,0.0,0.0,0.0,0.0,55.17,0.0,-13.889757839948839,-13.889757839948839,0.0,0.0,13.889757839948839,13.889757839948839,0.0,0.0,6363.018710673807,0.0,Consumer
2023-02-11 23:00:00,user_003,23,0,5,True,0.0,0.0,12.573006009945328,12.573470472671962,0.0,0.0,0.0,0.0,55.17,0.0,-12.573006009945328,-12.573006009945328,0.0,0.0,12.573006009945328,12.573006009945328,0.0,0.0,6375.592181146479,0.0,Consumer
2023-02-12 00:00:00,user_003,0,0,6,True,0.0,0.0,10.777857571510209,10.77774145582855,0.0,0.0,0.0,0.0,55.17,0.0,-10.777857571510209,-10.777857571510209,0.0,0.0,10.777857571510209,10.777857571510209,0.0,0.0,6386.369922602307,0.0,Consumer
2023-02-12 01:00:00,user_003,1,0,6,True,0.0,0.0,9.237002475906454,9.23665412886148,0.0,0.0,0.0,0.0,55.17,0.0,-9.237002475906454,-9.237002475906454,0.0,0.0,9.237002475906454,9.237002475906454,0.0,0.0,6395.606576731168,0.0,Consumer
2023-02-12 02:00:00,user_003,2,0,6,True,0.0,0.0,10.887006312268877,10.887238543632195,0.0,0.0,0.0,0.0,55.17,0.0,-10.887006312268877,-10.887006312268877,0.0,0.0,10.887006312268877,10.887006312268877,0.0,0.0,6406.493815274801,0.0,Consumer
2023-02-12 03:00:00,user_003,3,0,6,True,0.0,0.0,11.480357445542065,11.480241329860407,0.0,0.0,0.0,0.0,55.17,0.0,-11.480357445542065,-11.480357445542065,0.0,0.0,11.480357445542065,11.480357445542065,0.0,0.0,6417.974056604661,0.0,Consumer
2023-02-12 04:00:00,user_003,4,0,6,True,0.0,0.0,9.725849495687298,9.72643007409559,0.0,0.0,0.0,0.0,55.17,0.0,-9.725849495687298,-9.725849495687298,0.0,0.0,9.725849495687298,9.725849495687298,0.0,0.0,6427.7004866787565,0.0,Consumer
2023-02-12 05:00:00,user_003,5,0,6,True,0.0,0.0,10.403965076570941,10.403965076570941,0.0,0.0,0.0,0.0,55.17,0.0,-10.403965076570941,-10.403965076570941,0.0,0.0,10.403965076570941,10.403965076570941,0.0,0.0,6438.104451755327,0.0,Consumer
2023-02-12 06:00:00,user_003,6,0,6,True,0.0,0.0,27.81783385484487,27.817253276436578,0.0,0.0,0.0,0.0,55.17,0.0,-27.81783385484487,-27.81783385484487,0.0,0.0,27.81783385484487,27.81783385484487,0.0,0.0,6465.921705031764,0.0,Consumer
2023-02-12 07:00:00,user_003,7,0,6,True,0.0,0.0,34.34469632084992,34.34516078357655,0.0,0.0,0.0,0.0,55.17,0.0,-34.34469632084992,-34.34469632084992,0.0,0.0,34.34469632084992,34.34469632084992,0.0,0.0,6500.266865815341,0.0,Consumer
2023-02-12 08:00:00,user_003,8,0,6,True,0.0,0.0,43.5166740150278,43.51690624639113,0.0,0.0,0.0,0.0,55.17,0.0,-43.5166740150278,-43.5166740150278,0.0,0.0,43.5166740150278,43.5166740150278,0.0,0.0,6543.783772061732,0.0,Consumer
2023-02-12 09:00:00,user_003,9,0,6,True,0.0,0.0,41.00160835031211,41.00149223463045,0.0,0.0,0.0,0.0,55.17,0.0,-41.00160835031211,-41.00160835031211,0.0,0.0,41.00160835031211,41.00160835031211,0.0,0.0,6584.785264296363,0.0,Consumer
2023-02-12 10:00:00,user_003,10,0,6,True,0.0,0.0,28.594647765137946,28.59429941809297,0.0,0.0,0.0,0.0,55.17,0.0,-28.594647765137946,-28.594647765137946,0.0,0.0,28.594647765137946,28.594647765137946,0.0,0.0,6613.379563714456,0.0,Consumer
2023-02-12 11:00:00,user_003,11,0,6,True,0.0,0.0,25.32483016964422,25.325294632370856,0.0,0.0,0.0,0.0,55.17,0.0,-25.32483016964422,-25.32483016964422,0.0,0.0,25.32483016964422,25.32483016964422,0.0,0.0,6638.704858346827,0.0,Consumer
2023-02-12 12:00:00,user_003,12,0,6,True,0.0,0.0,29.405135223111888,29.40548357015686,0.0,0.0,0.0,0.0,55.17,0.0,-29.405135223111888,-29.405135223111888,0.0,0.0,29.405135223111888,29.405135223111888,0.0,0.0,6668.110341916984,0.0,Consumer
2023-02-12 13:00:00,user_003,13,0,6,True,0.0,0.0,26.064487061806684,26.064603177488344,0.0,0.0,0.0,0.0,55.17,0.0,-26.064487061806684,-26.064487061806684,0.0,0.0,26.064487061806684,26.064487061806684,0.0,0.0,6694.174945094473,0.0,Consumer
2023-02-12 14:00:00,user_003,14,0,6,True,0.0,0.0,25.507131789847527,25.506551211439238,0.0,0.0,0.0,0.0,55.17,0.0,-25.507131789847527,-25.507131789847527,0.0,0.0,25.507131789847527,25.507131789847527,0.0,0.0,6719.681496305911,0.0,Consumer
2023-02-12 15:00:00,user_003,15,0,6,True,0.0,0.0,22.570566200712715,22.571030663439352,0.0,0.0,0.0,0.0,55.17,0.0,-22.570566200712715,-22.570566200712715,0.0,0.0,22.570566200712715,22.570566200712715,0.0,0.0,6742.252526969351,0.0,Consumer
2023-02-12 16:00:00,user_003,16,0,6,True,0.0,0.0,27.673850409588752,27.674082640952072,0.0,0.0,0.0,0.0,55.17,0.0,-27.673850409588752,-27.673850409588752,0.0,0.0,27.673850409588752,27.673850409588752,0.0,0.0,6769.926609610303,0.0,Consumer
2023-02-12 17:00:00,user_003,17,0,6,True,0.0,0.0,26.64854894054722,26.648316709183902,0.0,0.0,0.0,0.0,55.17,0.0,-26.64854894054722,-26.64854894054722,0.0,0.0,26.64854894054722,26.64854894054722,0.0,0.0,6796.574926319487,0.0,Consumer
2023-02-12 18:00:00,user_003,18,0,6,True,0.0,0.0,25.840383796206442,25.840499911888102,0.0,0.0,0.0,0.0,55.17,0.0,-25.840383796206442,-25.840383796206442,0.0,0.0,25.840383796206442,25.840383796206442,0.0,0.0,6822.415426231375,0.0,Consumer
2023-02-12 19:00:00,user_003,19,0,6,True,0.0,0.0,27.26628436696862,27.265819904241987,0.0,0.0,0.0,0.0,55.17,0.0,-27.26628436696862,-27.26628436696862,0.0,0.0,27.26628436696862,27.26628436696862,0.0,0.0,6849.681246135617,0.0,Consumer
2023-02-12 20:00:00,user_003,20,0,6,True,0.0,0.0,28.131346195321896,28.131346195321896,0.0,0.0,0.0,0.0,55.17,0.0,-28.131346195321896,-28.131346195321896,0.0,0.0,28.131346195321896,28.131346195321896,0.0,0.0,6877.812592330939,0.0,Consumer
2023-02-12 21:00:00,user_003,21,0,6,True,0.0,0.0,27.08862737403164,27.0887434897133,0.0,0.0,0.0,0.0,55.17,0.0,-27.08862737403164,-27.08862737403164,0.0,0.0,27.08862737403164,27.08862737403164,0.0,0.0,6904.901335820652,0.0,Consumer
2023-02-12 22:00:00,user_003,22,0,6,True,0.0,0.0,12.512625855483087,12.512741971164745,0.0,0.0,0.0,0.0,55.17,0.0,-12.512625855483087,-12.512625855483087,0.0,0.0,12.512625855483087,12.512625855483087,0.0,0.0,6917.414077791816,0.0,Consumer
2023-02-12 23:00:00,user_003,23,0,6,True,0.0,0.0,12.967799327583064,12.967334864856433,0.0,0.0,0.0,0.0,55.17,0.0,-12.967799327583064,-12.967799327583064,0.0,0.0,12.967799327583064,12.967799327583064,0.0,0.0,6930.381412656673,0.0,Consumer
2023-02-13 00:00:00,user_003,0,0,0,False,0.0,0.0,13.792220667355986,13.792452898719302,0.0,0.0,0.0,0.0,55.17,0.0,-13.792220667355986,-13.792220667355986,0.0,0.0,13.792220667355986,13.792220667355986,0.0,0.0,6944.173865555393,0.0,Consumer
2023-02-13 01:00:00,user_003,1,0,0,False,0.0,0.0,13.395105036085086,13.395105036085086,0.0,0.0,0.0,0.0,55.17,0.0,-13.395105036085086,-13.395105036085086,0.0,0.0,13.395105036085086,13.395105036085086,0.0,0.0,6957.568970591477,0.0,Consumer
2023-02-13 02:00:00,user_003,2,0,0,False,0.0,0.0,13.165195986401933,13.164963755038617,0.0,0.0,0.0,0.0,55.17,0.0,-13.165195986401933,-13.165195986401933,0.0,0.0,13.165195986401933,13.165195986401933,0.0,0.0,6970.733934346516,0.0,Consumer
2023-02-13 03:00:00,user_003,3,0,0,False,0.0,0.0,14.11850573281541,14.11838961713375,0.0,0.0,0.0,0.0,55.17,0.0,-14.11850573281541,-14.11850573281541,0.0,0.0,14.11850573281541,14.11850573281541,0.0,0.0,6984.852323963651,0.0,Consumer
2023-02-13 04:00:00,user_003,4,0,0,False,0.0,0.0,13.266216629444532,13.266216629444532,0.0,0.0,0.0,0.0,55.17,0.0,-13.266216629444532,-13.266216629444532,0.0,0.0,13.266216629444532,13.266216629444532,0.0,0.0,6998.1185405930955,0.0,Consumer
2023-02-13 05:00:00,user_003,5,0,0,False,0.0,0.0,12.828460509593276,12.828576625274934,0.0,0.0,0.0,0.0,55.17,0.0,-12.828460509593276,-12.828460509593276,0.0,0.0,12.828460509593276,12.828460509593276,0.0,0.0,7010.94711721837,0.0,Consumer
2023-02-13 06:00:00,user_003,6,0,0,False,0.0,0.0,42.0803230329164,42.07997468587142,0.0,0.0,0.0,0.0,55.17,0.0,-42.0803230329164,-42.0803230329164,0.0,0.0,42.0803230329164,42.0803230329164,0.0,0.0,7053.027091904241,0.0,Consumer
2023-02-13 07:00:00,user_003,7,0,0,False,0.0,0.0,43.92307890083136,43.92354336355799,0.0,0.0,0.0,0.0,55.17,0.0,-43.92307890083136,-43.92307890083136,0.0,0.0,43.92307890083136,43.92307890083136,0.0,0.0,7096.950635267799,0.0,Consumer
2023-02-13 08:00:00,user_003,8,0,0,False,0.0,0.0,43.79535165100739,43.794887188280754,0.0,0.0,0.0,0.0,55.17,0.0,-43.79535165100739,-43.79535165100739,0.0,0.0,43.79535165100739,43.79535165100739,0.0,0.0,7140.74552245608,0.0,Consumer
2023-02-13 09:00:00,user_003,9,0,0,False,0.0,0.0,2.610280523675388,2.6101644079937296,0.0,0.0,0.0,0.0,55.17,0.0,-2.610280523675388,-2.610280523675388,0.0,0.0,2.610280523675388,2.610280523675388,0.0,0.0,7143.3556868640735,0.0,Consumer
2023-02-13 10:00:00,user_003,10,0,0,False,0.0,0.0,0.074314036261221,0.07454626762453731,0.0,0.0,0.0,0.0,55.17,0.0,-0.074314036261221,-0.074314036261221,0.0,0.0,0.074314036261221,0.074314036261221,0.0,0.0,7143.430233131698,0.0,Consumer
2023-02-13 11:00:00,user_003,11,0,0,False,0.0,0.0,0.07199172262805785,0.07257230103634864,0.0,0.0,0.0,0.0,55.17,0.0,-0.07199172262805785,-0.07199172262805785,0.0,0.0,0.07199172262805785,0.07199172262805785,0.0,0.0,7143.502805432734,0.0,Consumer
2023-02-13 12:00:00,user_003,12,0,0,False,0.0,0.0,0.07199172262805785,0.07257230103634864,0.0,0.0,0.0,0.0,55.17,0.0,-0.07199172262805785,-0.07199172262805785,0.0,0.0,0.07199172262805785,0.07199172262805785,0.0,0.0,7143.57537773377,0.0,Consumer
2023-02-13 13:00:00,user_003,13,0,0,False,0.0,0.0,0.07199172262805785,0.07257230103634864,0.0,0.0,0.0,0.0,55.17,0.0,-0.07199172262805785,-0.07199172262805785,0.0,0.0,0.07199172262805785,0.07199172262805785,0.0,0.0,7143.647950034807,0.0,Consumer
2023-02-13 14:00:00,user_003,14,0,0,False,0.0,0.0,0.07315287944463943,0.07257230103634864,0.0,0.0,0.0,0.0,55.17,0.0,-0.07315287944463943,-0.07315287944463943,0.0,0.0,0.07315287944463943,0.07315287944463943,0.0,0.0,7143.720522335843,0.0,Consumer
2023-02-13 15:00:00,user_003,15,0,0,False,0.0,0.0,0.07547519307780258,0.07489461466951179,0.0,0.0,0.0,0.0,55.17,0.0,-0.07547519307780258,-0.07547519307780258,0.0,0.0,0.07547519307780258,0.07547519307780258,0.0,0.0,7143.795416950513,0.0,Consumer
2023-02-13 16:00:00,user_003,16,0,0,False,0.0,0.0,4.347371121281429,4.3470227742364544,0.0,0.0,0.0,0.0,55.17,0.0,-4.347371121281429,-4.347371121281429,0.0,0.0,4.347371121281429,4.347371121281429,0.0,0.0,7148.142439724749,0.0,Consumer
2023-02-13 17:00:00,user_003,17,0,0,False,0.0,0.0,18.23364549078052,18.23376160646218,0.0,0.0,0.0,0.0,55.17,0.0,-18.23364549078052,-18.23364549078052,0.0,0.0,18.23364549078052,18.23364549078052,0.0,0.0,7166.376201331212,0.0,Consumer
2023-02-13 18:00:00,user_003,18,0,0,False,0.0,0.0,29.111362548516748,29.11147866419841,0.0,0.0,0.0,0.0,55.17,0.0,-29.111362548516748,-29.111362548516748,0.0,0.0,29.111362548516748,29.111362548516748,0.0,0.0,7195.48767999541,0.0,Consumer
2023-02-13 19:00:00,user_003,19,0,0,False,0.0,0.0,29.09162288263486,29.09185511399818,0.0,0.0,0.0,0.0,55.17,0.0,-29.09162288263486,-29.09162288263486,0.0,0.0,29.09162288263486,29.09162288263486,0.0,0.0,7224.579535109408,0.0,Consumer
2023-02-13 20:00:00,user_003,20,0,0,False,0.0,0.0,25.995978809628376,25.99632715667335,0.0,0.0,0.0,0.0,55.17,0.0,-25.995978809628376,-25.995978809628376,0.0,0.0,25.995978809628376,25.995978809628376,0.0,0.0,7250.5758622660815,0.0,Consumer
2023-02-13 21:00:00,user_003,21,0,0,False,0.0,0.0,25.445590478568707,25.445242131523727,0.0,0.0,0.0,0.0,55.17,0.0,-25.445590478568707,-25.445590478568707,0.0,0.0,25.445590478568707,25.445590478568707,0.0,0.0,7276.021104397605,0.0,Consumer
2023-02-13 22:00:00,user_003,22,0,0,False,0.0,0.0,12.61829112579201,12.6188717042003,0.0,0.0,0.0,0.0,55.17,0.0,-12.61829112579201,-12.61829112579201,0.0,0.0,12.61829112579201,12.61829112579201,0.0,0.0,7288.639976101806,0.0,Consumer
2023-02-13 23:00:00,user_003,23,0,0,False,0.0,0.0,14.768753550101092,14.768637434419436,0.0,0.0,0.0,0.0,55.17,0.0,-14.768753550101092,-14.768753550101092,0.0,0.0,14.768753550101092,14.768753550101092,0.0,0.0,7303.408613536225,0.0,Consumer
2023-02-14 00:00:00,user_003,0,0,1,False,0.0,0.0,12.719311768834608,12.719660115879583,0.0,0.0,0.0,0.0,55.17,0.0,-12.719311768834608,-12.719311768834608,0.0,0.0,12.719311768834608,12.719311768834608,0.0,0.0,7316.128273652104,0.0,Consumer
2023-02-14 01:00:00,user_003,1,0,1,False,0.0,0.0,12.410444055623909,12.410444055623909,0.0,0.0,0.0,0.0,55.17,0.0,-12.410444055623909,-12.410444055623909,0.0,0.0,12.410444055623909,12.410444055623909,0.0,0.0,7328.538717707728,0.0,Consumer
2023-02-14 02:00:00,user_003,2,0,1,False,0.0,0.0,12.42670025105605,12.426584135374393,0.0,0.0,0.0,0.0,55.17,0.0,-12.42670025105605,-12.42670025105605,0.0,0.0,12.42670025105605,12.42670025105605,0.0,0.0,7340.965301843103,0.0,Consumer
2023-02-14 03:00:00,user_003,3,0,1,False,0.0,0.0,14.004712364790414,14.0044801334271,0.0,0.0,0.0,0.0,55.17,0.0,-14.004712364790414,-14.004712364790414,0.0,0.0,14.004712364790414,14.004712364790414,0.0,0.0,7354.96978197653,0.0,Consumer
2023-02-14 04:00:00,user_003,4,0,1,False,0.0,0.0,12.47895230780222,12.478836192120562,0.0,0.0,0.0,0.0,55.17,0.0,-12.47895230780222,-12.47895230780222,0.0,0.0,12.47895230780222,12.47895230780222,0.0,0.0,7367.448618168651,0.0,Consumer
2023-02-14 05:00:00,user_003,5,0,1,False,0.0,0.0,14.00122889434067,14.001461125703985,0.0,0.0,0.0,0.0,55.17,0.0,-14.00122889434067,-14.00122889434067,0.0,0.0,14.00122889434067,14.00122889434067,0.0,0.0,7381.4500792943545,0.0,Consumer
2023-02-14 06:00:00,user_003,6,0,1,False,0.0,0.0,43.48300046734694,43.48346493007357,0.0,0.0,0.0,0.0,55.17,0.0,-43.48300046734694,-43.48300046734694,0.0,0.0,43.48300046734694,43.48300046734694,0.0,0.0,7424.933544224428,0.0,Consumer
2023-02-14 07:00:00,user_003,7,0,1,False,0.0,0.0,51.020069363777964,51.0199532480963,0.0,0.0,0.0,0.0,55.17,0.0,-51.020069363777964,-51.020069363777964,0.0,0.0,51.020069363777964,51.020069363777964,0.0,0.0,7475.953497472525,0.0,Consumer
2023-02-14 08:00:00,user_003,8,0,1,False,0.0,0.0,56.07806845680732,56.077836225444,0.0,0.0,0.0,0.0,55.17,0.0,-56.07806845680732,-56.07806845680732,0.0,0.0,56.07806845680732,56.07806845680732,0.0,0.0,7532.031333697969,0.0,Consumer
2023-02-14 09:00:00,user_003,9,0,1,False,0.0,0.0,57.113820337198085,57.11428479992472,0.0,0.0,0.0,0.0,55.17,0.0,-57.113820337198085,-57.113820337198085,0.0,0.0,57.113820337198085,57.113820337198085,0.0,0.0,7589.145618497893,0.0,Consumer
2023-02-14 10:00:00,user_003,10,0,1,False,0.0,0.0,28.241656092897145,28.24188832426046,0.0,0.0,0.0,0.0,55.17,0.0,-28.241656092897145,-28.241656092897145,0.0,0.0,28.241656092897145,28.241656092897145,0.0,0.0,7617.387506822154,0.0,Consumer
2023-02-14 11:00:00,user_003,11,0,1,False,0.0,0.0,29.286697227820568,29.28623276509393,0.0,0.0,0.0,0.0,55.17,0.0,-29.286697227820568,-29.286697227820568,0.0,0.0,29.286697227820568,29.286697227820568,0.0,0.0,7646.673739587248,0.0,Consumer
2023-02-14 12:00:00,user_003,12,0,1,False,0.0,0.0,31.74138273807402,31.741963316482313,0.0,0.0,0.0,0.0,55.17,0.0,-31.74138273807402,-31.74138273807402,0.0,0.0,31.74138273807402,31.74138273807402,0.0,0.0,7678.415702903731,0.0,Consumer
2023-02-14 13:00:00,user_003,13,0,1,False,0.0,0.0,28.09535033400787,28.09511810264455,0.0,0.0,0.0,0.0,55.17,0.0,-28.09535033400787,-28.09535033400787,0.0,0.0,28.09535033400787,28.09535033400787,0.0,0.0,7706.510821006375,0.0,Consumer
2023-02-14 14:00:00,user_003,14,0,1,False,0.0,0.0,24.877784795260315,24.877784795260315,0.0,0.0,0.0,0.0,55.17,0.0,-24.877784795260315,-24.877784795260315,0.0,0.0,24.877784795260315,24.877784795260315,0.0,0.0,7731.388605801636,0.0,Consumer
2023-02-14 15:00:00,user_003,15,0,1,False,0.0,0.0,29.910238438324875,29.909890091279898,0.0,0.0,0.0,0.0,55.17,0.0,-29.910238438324875,-29.910238438324875,0.0,0.0,29.910238438324875,29.910238438324875,0.0,0.0,7761.2984958929155,0.0,Consumer
2023-02-14 16:00:00,user_003,16,0,1,False,0.0,0.0,31.4592216316447,31.458757168918066,0.0,0.0,0.0,0.0,55.17,0.0,-31.4592216316447,-31.4592216316447,0.0,0.0,31.4592216316447,31.4592216316447,0.0,0.0,7792.757253061834,0.0,Consumer
2023-02-14 17:00:00,user_003,17,0,1,False,0.0,0.0,32.7573949525829,32.75762718394622,0.0,0.0,0.0,0.0,55.17,0.0,-32.7573949525829,-32.7573949525829,0.0,0.0,32.7573949525829,32.7573949525829,0.0,0.0,7825.51488024578,0.0,Consumer
2023-02-14 18:00:00,user_003,18,0,1,False,0.0,0.0,23.505297438060886,23.504949091015913,0.0,0.0,0.0,0.0,55.17,0.0,-23.505297438060886,-23.505297438060886,0.0,0.0,23.505297438060886,23.505297438060886,0.0,0.0,7849.019829336796,0.0,Consumer
2023-02-14 19:00:00,user_003,19,0,1,False,0.0,0.0,23.982532889675916,23.982184542630943,0.0,0.0,0.0,0.0,55.17,0.0,-23.982532889675916,-23.982532889675916,0.0,0.0,23.982532889675916,23.982532889675916,0.0,0.0,7873.002013879427,0.0,Consumer
2023-02-14 20:00:00,user_003,20,0,1,False,0.0,0.0,29.44693686850882,29.446472405782192,0.0,0.0,0.0,0.0,55.17,0.0,-29.44693686850882,-29.44693686850882,0.0,0.0,29.44693686850882,29.44693686850882,0.0,0.0,7902.44848628521,0.0,Consumer
2023-02-14 21:00:00,user_003,21,0,1,False,0.0,0.0,29.219350132458835,29.2188856697322,0.0,0.0,0.0,0.0,55.17,0.0,-29.219350132458835,-29.219350132458835,0.0,0.0,29.219350132458835,29.219350132458835,0.0,0.0,7931.667371954942,0.0,Consumer
2023-02-14 22:00:00,user_003,22,0,1,False,0.0,0.0,12.819171255060622,12.819055139378964,0.0,0.0,0.0,0.0,55.17,0.0,-12.819171255060622,-12.819171255060622,0.0,0.0,12.819171255060622,12.819171255060622,0.0,0.0,7944.486427094321,0.0,Consumer
2023-02-14 23:00:00,user_003,23,0,1,False,0.0,0.0,14.401827996061314,14.401827996061314,0.0,0.0,0.0,0.0,55.17,0.0,-14.401827996061314,-14.401827996061314,0.0,0.0,14.401827996061314,14.401827996061314,0.0,0.0,7958.888255090382,0.0,Consumer
2023-02-15 00:00:00,user_003,0,0,2,False,0.0,0.0,14.311257764367951,14.311141648686293,0.0,0.0,0.0,0.0,55.17,0.0,-14.311257764367951,-14.311257764367951,0.0,0.0,14.311257764367951,14.311257764367951,0.0,0.0,7973.199396739068,0.0,Consumer
2023-02-15 01:00:00,user_003,1,0,2,False,0.0,0.0,12.586939891744308,12.587056007425966,0.0,0.0,0.0,0.0,55.17,0.0,-12.586939891744308,-12.586939891744308,0.0,0.0,12.586939891744308,12.586939891744308,0.0,0.0,7985.786452746494,0.0,Consumer
2023-02-15 02:00:00,user_003,2,0,2,False,0.0,0.0,13.590179381270792,13.590411612634108,0.0,0.0,0.0,0.0,55.17,0.0,-13.590179381270792,-13.590179381270792,0.0,0.0,13.590179381270792,13.590179381270792,0.0,0.0,7999.376864359128,0.0,Consumer
2023-02-15 03:00:00,user_003,3,0,2,False,0.0,0.0,14.409956093777385,14.410188325140702,0.0,0.0,0.0,0.0,55.17,0.0,-14.409956093777385,-14.409956093777385,0.0,0.0,14.409956093777385,14.409956093777385,0.0,0.0,8013.787052684269,0.0,Consumer
2023-02-15 04:00:00,user_003,4,0,2,False,0.0,0.0,12.207241612722132,12.207357728403789,0.0,0.0,0.0,0.0,55.17,0.0,-12.207241612722132,-12.207241612722132,0.0,0.0,12.207241612722132,12.207241612722132,0.0,0.0,8025.994410412673,0.0,Consumer
2023-02-15 05:00:00,user_003,5,0,2,False,0.0,0.0,13.554183519956762,13.55371905723013,0.0,0.0,0.0,0.0,55.17,0.0,-13.554183519956762,-13.554183519956762,0.0,0.0,13.554183519956762,13.554183519956762,0.0,0.0,8039.548129469903,0.0,Consumer
2023-02-15 06:00:00,user_003,6,0,2,False,0.0,0.0,41.39524051113326,41.39535662681492,0.0,0.0,0.0,0.0,55.17,0.0,-41.39524051113326,-41.39524051113326,0.0,0.0,41.39524051113326,41.39524051113326,0.0,0.0,8080.943486096718,0.0,Consumer
2023-02-15 07:00:00,user_003,7,0,2,False,0.0,0.0,44.01248797570815,44.0126040913898,0.0,0.0,0.0,0.0,55.17,0.0,-44.01248797570815,-44.01248797570815,0.0,0.0,44.01248797570815,44.01248797570815,0.0,0.0,8124.956090188108,0.0,Consumer
2023-02-15 08:00:00,user_003,8,0,2,False,0.0,0.0,49.11344987095101,49.11333375526936,0.0,0.0,0.0,0.0,55.17,0.0,-49.11344987095101,-49.11344987095101,0.0,0.0,49.11344987095101,49.11344987095101,0.0,0.0,8174.069423943377,0.0,Consumer
2023-02-15 09:00:00,user_003,9,0,2,False,0.0,0.0,52.24160633482178,52.242070797548415,0.0,0.0,0.0,0.0,55.17,0.0,-52.24160633482178,-52.24160633482178,0.0,0.0,52.24160633482178,52.24160633482178,0.0,0.0,8226.311494740925,0.0,Consumer
2023-02-15 10:00:00,user_003,10,0,2,False,0.0,0.0,25.173879783488616,25.174112014851932,0.0,0.0,0.0,0.0,55.17,0.0,-25.173879783488616,-25.173879783488616,0.0,0.0,25.173879783488616,25.173879783488616,0.0,0.0,8251.485606755778,0.0,Consumer
2023-02-15 11:00:00,user_003,11,0,2,False,0.0,0.0,23.980210576042754,23.980094460361098,0.0,0.0,0.0,0.0,55.17,0.0,-23.980210576042754,-23.980210576042754,0.0,0.0,23.980210576042754,23.980210576042754,0.0,0.0,8275.465701216139,0.0,Consumer
2023-02-15 12:00:00,user_003,12,0,2,False,0.0,0.0,31.49753980659189,31.497655922273548,0.0,0.0,0.0,0.0,55.17,0.0,-31.49753980659189,-31.49753980659189,0.0,0.0,31.49753980659189,31.49753980659189,0.0,0.0,8306.963357138413,0.0,Consumer
2023-02-15 13:00:00,user_003,13,0,2,False,0.0,0.0,29.019631160006803,29.019166697280166,0.0,0.0,0.0,0.0,55.17,0.0,-29.019631160006803,-29.019631160006803,0.0,0.0,29.019631160006803,29.019631160006803,0.0,0.0,8335.982523835693,0.0,Consumer
2023-02-15 14:00:00,user_003,14,0,2,False,0.0,0.0,22.68319841192113,22.682850064876156,0.0,0.0,0.0,0.0,55.17,0.0,-22.68319841192113,-22.68319841192113,0.0,0.0,22.68319841192113,22.68319841192113,0.0,0.0,8358.665373900569,0.0,Consumer
2023-02-15 15:00:00,user_003,15,0,2,False,0.0,0.0,31.07023409808987,31.070350213771526,0.0,0.0,0.0,0.0,55.17,0.0,-31.07023409808987,-31.07023409808987,0.0,0.0,31.07023409808987,31.07023409808987,0.0,0.0,8389.73572411434,0.0,Consumer
2023-02-15 16:00:00,user_003,16,0,2,False,0.0,0.0,28.65038329233386,28.650034945288887,0.0,0.0,0.0,0.0,55.17,0.0,-28.65038329233386,-28.65038329233386,0.0,0.0,28.65038329233386,28.65038329233386,0.0,0.0,8418.385759059629,0.0,Consumer
2023-02-15 17:00:00,user_003,17,0,2,False,0.0,0.0,31.034238236775842,31.034586583820815,0.0,0.0,0.0,0.0,55.17,0.0,-31.034238236775842,-31.034238236775842,0.0,0.0,31.034238236775842,31.034238236775842,0.0,0.0,8449.42034564345,0.0,Consumer
2023-02-15 18:00:00,user_003,18,0,2,False,0.0,0.0,28.948800594195326,28.949148941240303,0.0,0.0,0.0,0.0,55.17,0.0,-28.948800594195326,-28.948800594195326,0.0,0.0,28.948800594195326,28.948800594195326,0.0,0.0,8478.36949458469,0.0,Consumer
2023-02-15 19:00:00,user_003,19,0,2,False,0.0,0.0,24.17064029396213,24.170872525325446,0.0,0.0,0.0,0.0,55.17,0.0,-24.17064029396213,-24.17064029396213,0.0,0.0,24.17064029396213,24.17064029396213,0.0,0.0,8502.540367110014,0.0,Consumer
2023-02-15 20:00:00,user_003,20,0,2,False,0.0,0.0,29.41558563446112,29.416166212869413,0.0,0.0,0.0,0.0,55.17,0.0,-29.41558563446112,-29.41558563446112,0.0,0.0,29.41558563446112,29.41558563446112,0.0,0.0,8531.956533322884,0.0,Consumer
2023-02-15 21:00:00,user_003,21,0,2,False,0.0,0.0,28.349643676839232,28.350108139565865,0.0,0.0,0.0,0.0,55.17,0.0,-28.349643676839232,-28.349643676839232,0.0,0.0,28.349643676839232,28.349643676839232,0.0,0.0,8560.30664146245,0.0,Consumer
2023-02-15 22:00:00,user_003,22,0,2,False,0.0,0.0,13.05953071609301,13.058950137684718,0.0,0.0,0.0,0.0,55.17,0.0,-13.05953071609301,-13.05953071609301,0.0,0.0,13.05953071609301,13.05953071609301,0.0,0.0,8573.365591600135,0.0,Consumer
2023-02-15 23:00:00,user_003,23,0,2,False,0.0,0.0,12.996828247997604,12.99706047936092,0.0,0.0,0.0,0.0,55.17,0.0,-12.996828247997604,-12.996828247997604,0.0,0.0,12.996828247997604,12.996828247997604,0.0,0.0,8586.362652079497,0.0,Consumer
2023-02-16 00:00:00,user_003,0,0,3,False,0.0,0.0,14.117344575998827,14.117112344635512,0.0,0.0,0.0,0.0,55.17,0.0,-14.117344575998827,-14.117344575998827,0.0,0.0,14.117344575998827,14.117344575998827,0.0,0.0,8600.479764424132,0.0,Consumer
2023-02-16 01:00:00,user_003,1,0,3,False,0.0,0.0,13.832861155936342,13.832745040254684,0.0,0.0,0.0,0.0,55.17,0.0,-13.832861155936342,-13.832861155936342,0.0,0.0,13.832861155936342,13.832861155936342,0.0,0.0,8614.312509464386,0.0,Consumer
2023-02-16 02:00:00,user_003,2,0,3,False,0.0,0.0,13.30221249075856,13.302328606440216,0.0,0.0,0.0,0.0,55.17,0.0,-13.30221249075856,-13.30221249075856,0.0,0.0,13.30221249075856,13.30221249075856,0.0,0.0,8627.614838070825,0.0,Consumer
2023-02-16 03:00:00,user_003,3,0,3,False,0.0,0.0,14.847712213628641,14.847944444991958,0.0,0.0,0.0,0.0,55.17,0.0,-14.847712213628641,-14.847712213628641,0.0,0.0,14.847712213628641,14.847712213628641,0.0,0.0,8642.462782515817,0.0,Consumer
2023-02-16 04:00:00,user_003,4,0,3,False,0.0,0.0,13.915303289913632,13.915767752640267,0.0,0.0,0.0,0.0,55.17,0.0,-13.915303289913632,-13.915303289913632,0.0,0.0,13.915303289913632,13.915303289913632,0.0,0.0,8656.378550268457,0.0,Consumer
2023-02-16 05:00:00,user_003,5,0,3,False,0.0,0.0,12.532365521364973,12.531901058638342,0.0,0.0,0.0,0.0,55.17,0.0,-12.532365521364973,-12.532365521364973,0.0,0.0,12.532365521364973,12.532365521364973,0.0,0.0,8668.910451327096,0.0,Consumer
2023-02-16 06:00:00,user_003,6,0,3,False,0.0,0.0,43.49461203551275,43.494147572786126,0.0,0.0,0.0,0.0,55.17,0.0,-43.49461203551275,-43.49461203551275,0.0,0.0,43.49461203551275,43.49461203551275,0.0,0.0,8712.404598899882,0.0,Consumer
2023-02-16 07:00:00,user_003,7,0,3,False,0.0,0.0,46.76675194463965,46.766519713276324,0.0,0.0,0.0,0.0,55.17,0.0,-46.76675194463965,-46.76675194463965,0.0,0.0,46.76675194463965,46.76675194463965,0.0,0.0,8759.171118613158,0.0,Consumer
2023-02-16 08:00:00,user_003,8,0,3,False,0.0,0.0,46.829454412735046,46.82910606569008,0.0,0.0,0.0,0.0,55.17,0.0,-46.829454412735046,-46.829454412735046,0.0,0.0,46.829454412735046,46.829454412735046,0.0,0.0,8806.000224678848,0.0,Consumer
2023-02-16 09:00:00,user_003,9,0,3,False,0.0,0.0,57.434299618574606,57.43371904016631,0.0,0.0,0.0,0.0,55.17,0.0,-57.434299618574606,-57.434299618574606,0.0,0.0,57.434299618574606,57.434299618574606,0.0,0.0,8863.433943719014,0.0,Consumer
2023-02-16 10:00:00,user_003,10,0,3,False,0.0,0.0,25.074020297262603,25.07413641294426,0.0,0.0,0.0,0.0,55.17,0.0,-25.074020297262603,-25.074020297262603,0.0,0.0,25.074020297262603,25.074020297262603,0.0,0.0,8888.508080131958,0.0,Consumer
2023-02-16 11:00:00,user_003,11,0,3,False,0.0,0.0,26.61139192241661,26.61139192241661,0.0,0.0,0.0,0.0,55.17,0.0,-26.61139192241661,-26.61139192241661,0.0,0.0,26.61139192241661,26.61139192241661,0.0,0.0,8915.119472054375,0.0,Consumer
2023-02-16 12:00:00,user_003,12,0,3,False,0.0,0.0,29.15896997799659,29.15920220935991,0.0,0.0,0.0,0.0,55.17,0.0,-29.15896997799659,-29.15896997799659,0.0,0.0,29.15896997799659,29.15896997799659,0.0,0.0,8944.278674263735,0.0,Consumer
2023-02-16 13:00:00,user_003,13,0,3,False,0.0,0.0,31.029593609509515,31.029941956554488,0.0,0.0,0.0,0.0,55.17,0.0,-31.029593609509515,-31.029593609509515,0.0,0.0,31.029593609509515,31.029593609509515,0.0,0.0,8975.308616220289,0.0,Consumer
2023-02-16 14:00:00,user_003,14,0,3,False,0.0,0.0,31.939940553709473,31.940521132117762,0.0,0.0,0.0,0.0,55.17,0.0,-31.939940553709473,-31.939940553709473,0.0,0.0,31.939940553709473,31.939940553709473,0.0,0.0,9007.249137352406,0.0,Consumer
2023-02-16 15:00:00,user_003,15,0,3,False,0.0,0.0,33.53653117650914,33.53711175491743,0.0,0.0,0.0,0.0,55.17,0.0,-33.53653117650914,-33.53653117650914,0.0,0.0,33.53653117650914,33.53653117650914,0.0,0.0,9040.786249107323,0.0,Consumer
2023-02-16 16:00:00,user_003,16,0,3,False,0.0,0.0,24.927714538373323,24.927133959965033,0.0,0.0,0.0,0.0,55.17,0.0,-24.927714538373323,-24.927714538373323,0.0,0.0,24.927714538373323,24.927714538373323,0.0,0.0,9065.713383067288,0.0,Consumer
2023-02-16 17:00:00,user_003,17,0,3,False,0.0,0.0,27.119978608079343,27.119630261034366,0.0,0.0,0.0,0.0,55.17,0.0,-27.119978608079343,-27.119978608079343,0.0,0.0,27.119978608079343,27.119978608079343,0.0,0.0,9092.833013328323,0.0,Consumer
2023-02-16 18:00:00,user_003,18,0,3,False,0.0,0.0,29.799928540749626,29.800044656431282,0.0,0.0,0.0,0.0,55.17,0.0,-29.799928540749626,-29.799928540749626,0.0,0.0,29.799928540749626,29.799928540749626,0.0,0.0,9122.633057984754,0.0,Consumer
2023-02-16 19:00:00,user_003,19,0,3,False,0.0,0.0,25.444429321752125,25.444661553115438,0.0,0.0,0.0,0.0,55.17,0.0,-25.444429321752125,-25.444429321752125,0.0,0.0,25.444429321752125,25.444429321752125,0.0,0.0,9148.07771953787,0.0,Consumer
2023-02-16 20:00:00,user_003,20,0,3,False,0.0,0.0,25.840383796206442,25.840848258933075,0.0,0.0,0.0,0.0,55.17,0.0,-25.840383796206442,-25.840383796206442,0.0,0.0,25.840383796206442,25.840383796206442,0.0,0.0,9173.918567796803,0.0,Consumer
2023-02-16 21:00:00,user_003,21,0,3,False,0.0,0.0,28.21727179974893,28.21762014679391,0.0,0.0,0.0,0.0,55.17,0.0,-28.21727179974893,-28.21727179974893,0.0,0.0,28.21727179974893,28.21727179974893,0.0,0.0,9202.136187943597,0.0,Consumer
2023-02-16 22:00:00,user_003,22,0,3,False,0.0,0.0,14.680505632040894,14.680389516359234,0.0,0.0,0.0,0.0,55.17,0.0,-14.680505632040894,-14.680505632040894,0.0,0.0,14.680505632040894,14.680505632040894,0.0,0.0,9216.816577459957,0.0,Consumer
2023-02-16 23:00:00,user_003,23,0,3,False,0.0,0.0,12.208402769538713,12.208867232265346,0.0,0.0,0.0,0.0,55.17,0.0,-12.208402769538713,-12.208402769538713,0.0,0.0,12.208402769538713,12.208402769538713,0.0,0.0,9229.025444692223,0.0,Consumer
2023-02-17 00:00:00,user_003,0,0,4,False,0.0,0.0,15.3922947606054,15.3922947606054,0.0,0.0,0.0,0.0,55.17,0.0,-15.3922947606054,-15.3922947606054,0.0,0.0,15.3922947606054,15.3922947606054,0.0,0.0,9244.417739452829,0.0,Consumer
2023-02-17 01:00:00,user_003,1,0,4,False,0.0,0.0,15.220443551751329,15.220095204706352,0.0,0.0,0.0,0.0,55.17,0.0,-15.220443551751329,-15.220443551751329,0.0,0.0,15.220443551751329,15.220443551751329,0.0,0.0,9259.637834657535,0.0,Consumer
2023-02-17 02:00:00,user_003,2,0,4,False,0.0,0.0,13.851439665001648,13.851555780683304,0.0,0.0,0.0,0.0,55.17,0.0,-13.851439665001648,-13.851439665001648,0.0,0.0,13.851439665001648,13.851439665001648,0.0,0.0,9273.489390438219,0.0,Consumer
2023-02-17 03:00:00,user_003,3,0,4,False,0.0,0.0,14.43550154374218,14.435037081015547,0.0,0.0,0.0,0.0,55.17,0.0,-14.43550154374218,-14.43550154374218,0.0,0.0,14.43550154374218,14.43550154374218,0.0,0.0,9287.924427519234,0.0,Consumer
2023-02-17 04:00:00,user_003,4,0,4,False,0.0,0.0,11.916952408576737,11.917184639940054,0.0,0.0,0.0,0.0,55.17,0.0,-11.916952408576737,-11.916952408576737,0.0,0.0,11.916952408576737,11.916952408576737,0.0,0.0,9299.841612159174,0.0,Consumer
2023-02-17 05:00:00,user_003,5,0,4,False,0.0,0.0,12.869100998173632,12.869565460900263,0.0,0.0,0.0,0.0,55.17,0.0,-12.869100998173632,-12.869100998173632,0.0,0.0,12.869100998173632,12.869100998173632,0.0,0.0,9312.711177620075,0.0,Consumer
2023-02-17 06:00:00,user_003,6,0,4,False,0.0,0.0,46.611156931217714,46.610692468491074,0.0,0.0,0.0,0.0,55.17,0.0,-46.611156931217714,-46.611156931217714,0.0,0.0,46.611156931217714,46.611156931217714,0.0,0.0,9359.321870088566,0.0,Consumer
2023-02-17 07:00:00,user_003,7,0,4,False,0.0,0.0,39.52810035007009,39.52868092847837,0.0,0.0,0.0,0.0,55.17,0.0,-39.52810035007009,-39.52810035007009,0.0,0.0,39.52810035007009,39.52810035007009,0.0,0.0,9398.850551017045,0.0,Consumer
2023-02-17 08:00:00,user_003,8,0,4,False,0.0,0.0,47.91629719305541,47.91664554010038,0.0,0.0,0.0,0.0,55.17,0.0,-47.91629719305541,-47.91629719305541,0.0,0.0,47.91629719305541,47.91629719305541,0.0,0.0,9446.767196557146,0.0,Consumer
2023-02-17 09:00:00,user_003,9,0,4,False,0.0,0.0,0.148628072522442,0.14909253524907462,0.0,0.0,0.0,0.0,55.17,0.0,-0.148628072522442,-0.148628072522442,0.0,0.0,0.148628072522442,0.148628072522442,0.0,0.0,9446.916289092394,0.0,Consumer
2023-02-17 10:00:00,user_003,10,0,4,False,0.0,0.0,0.07547519307780258,0.0751268460328281,0.0,0.0,0.0,0.0,55.17,0.0,-0.07547519307780258,-0.07547519307780258,0.0,0.0,0.07547519307780258,0.07547519307780258,0.0,0.0,9446.991415938428,0.0,Consumer
2023-02-17 11:00:00,user_003,11,0,4,False,0.0,0.0,0.07315287944463943,0.07280453239966496,0.0,0.0,0.0,0.0,55.17,0.0,-0.07315287944463943,-0.07315287944463943,0.0,0.0,0.07315287944463943,0.07315287944463943,0.0,0.0,9447.064220470827,0.0,Consumer
2023-02-17 12:00:00,user_003,12,0,4,False,0.0,0.0,0.074314036261221,0.07466238330619547,0.0,0.0,0.0,0.0,55.17,0.0,-0.074314036261221,-0.074314036261221,0.0,0.0,0.074314036261221,0.074314036261221,0.0,0.0,9447.138882854133,0.0,Consumer
2023-02-17 13:00:00,user_003,13,0,4,False,0.0,0.0,4.828090043346203,4.828206159027861,0.0,0.0,0.0,0.0,55.17,0.0,-4.828090043346203,-4.828090043346203,0.0,0.0,4.828090043346203,4.828090043346203,0.0,0.0,9451.96708901316,0.0,Consumer
2023-02-17 14:00:00,user_003,14,0,4,False,0.0,0.0,25.74168546679701,25.742149929523638,0.0,0.0,0.0,0.0,55.17,0.0,-25.74168546679701,-25.74168546679701,0.0,0.0,25.74168546679701,25.74168546679701,0.0,0.0,9477.709238942683,0.0,Consumer
2023-02-17 15:00:00,user_003,15,0,4,False,0.0,0.0,27.860796657058387,27.860448310013414,0.0,0.0,0.0,0.0,55.17,0.0,-27.860796657058387,-27.860796657058387,0.0,0.0,27.860796657058387,27.860796657058387,0.0,0.0,9505.569687252697,0.0,Consumer
2023-02-17 16:00:00,user_003,16,0,4,False,0.0,0.0,28.464598201680808,28.464133738954175,0.0,0.0,0.0,0.0,55.17,0.0,-28.464598201680808,-28.464598201680808,0.0,0.0,28.464598201680808,28.464598201680808,0.0,0.0,9534.033820991652,0.0,Consumer
2023-02-17 17:00:00,user_003,17,0,4,False,0.0,0.0,27.88634210702318,27.886458222704842,0.0,0.0,0.0,0.0,55.17,0.0,-27.88634210702318,-27.88634210702318,0.0,0.0,27.88634210702318,27.88634210702318,0.0,0.0,9561.920279214357,0.0,Consumer
2023-02-17 18:00:00,user_003,18,0,4,False,0.0,0.0,26.042425082291636,26.04230896660998,0.0,0.0,0.0,0.0,55.17,0.0,-26.042425082291636,-26.042425082291636,0.0,0.0,26.042425082291636,26.042425082291636,0.0,0.0,9587.962588180966,0.0,Consumer
2023-02-17 19:00:00,user_003,19,0,4,False,0.0,0.0,26.33968122733652,26.339448995973207,0.0,0.0,0.0,0.0,55.17,0.0,-26.33968122733652,-26.33968122733652,0.0,0.0,26.33968122733652,26.33968122733652,0.0,0.0,9614.30203717694,0.0,Consumer
2023-02-17 20:00:00,user_003,20,0,4,False,0.0,0.0,24.99390047691847,24.993552129873496,0.0,0.0,0.0,0.0,55.17,0.0,-24.99390047691847,-24.99390047691847,0.0,0.0,24.99390047691847,24.99390047691847,0.0,0.0,9639.295589306814,0.0,Consumer
2023-02-17 21:00:00,user_003,21,0,4,False,0.0,0.0,29.170581546162406,29.170929893207383,0.0,0.0,0.0,0.0,55.17,0.0,-29.170581546162406,-29.170581546162406,0.0,0.0,29.170581546162406,29.170581546162406,0.0,0.0,9668.466519200021,0.0,Consumer
2023-02-17 22:00:00,user_003,22,0,4,False,0.0,0.0,13.308018274841467,13.307786043478153,0.0,0.0,0.0,0.0,55.17,0.0,-13.308018274841467,-13.308018274841467,0.0,0.0,13.308018274841467,13.308018274841467,0.0,0.0,9681.7743052435,0.0,Consumer
2023-02-17 23:00:00,user_003,23,0,4,False,0.0,0.0,12.121316008295095,12.121199892613436,0.0,0.0,0.0,0.0,55.17,0.0,-12.121316008295095,-12.121316008295095,0.0,0.0,12.121316008295095,12.121316008295095,0.0,0.0,9693.895505136114,0.0,Consumer
2023-02-18 00:00:00,user_003,0,0,5,True,0.0,0.0,10.138060165573759,10.138176281255417,0.0,0.0,0.0,0.0,55.17,0.0,-10.138060165573759,-10.138060165573759,0.0,0.0,10.138060165573759,10.138060165573759,0.0,0.0,9704.03368141737,0.0,Consumer
2023-02-18 01:00:00,user_003,1,0,5,True,0.0,0.0,10.314556001694159,10.314323770330843,0.0,0.0,0.0,0.0,55.17,0.0,-10.314556001694159,-10.314556001694159,0.0,0.0,10.314556001694159,10.314556001694159,0.0,0.0,9714.348005187701,0.0,Consumer
2023-02-18 02:00:00,user_003,2,0,5,True,0.0,0.0,8.729576947060306,8.730157525468597,0.0,0.0,0.0,0.0,55.17,0.0,-8.729576947060306,-8.729576947060306,0.0,0.0,8.729576947060306,8.729576947060306,0.0,0.0,9723.07816271317,0.0,Consumer
2023-02-18 03:00:00,user_003,3,0,5,True,0.0,0.0,10.953192250814027,10.953772829222318,0.0,0.0,0.0,0.0,55.17,0.0,-10.953192250814027,-10.953192250814027,0.0,0.0,10.953192250814027,10.953192250814027,0.0,0.0,9734.03193554239,0.0,Consumer
2023-02-18 04:00:00,user_003,4,0,5,True,0.0,0.0,11.522159090939,11.521694628212368,0.0,0.0,0.0,0.0,55.17,0.0,-11.522159090939,-11.522159090939,0.0,0.0,11.522159090939,11.522159090939,0.0,0.0,9745.553630170603,0.0,Consumer
2023-02-18 05:00:00,user_003,5,0,5,True,0.0,0.0,11.199357495929322,11.198776917521032,0.0,0.0,0.0,0.0,55.17,0.0,-11.199357495929322,-11.199357495929322,0.0,0.0,11.199357495929322,11.199357495929322,0.0,0.0,9756.752407088125,0.0,Consumer
2023-02-18 06:00:00,user_003,6,0,5,True,0.0,0.0,33.104580840740795,33.10469695642245,0.0,0.0,0.0,0.0,55.17,0.0,-33.104580840740795,-33.104580840740795,0.0,0.0,33.104580840740795,33.104580840740795,0.0,0.0,9789.857104044548,0.0,Consumer
2023-02-18 07:00:00,user_003,7,0,5,True,0.0,0.0,34.135688093865234,34.1352236311386,0.0,0.0,0.0,0.0,55.17,0.0,-34.135688093865234,-34.135688093865234,0.0,0.0,34.135688093865234,34.135688093865234,0.0,0.0,9823.992327675685,0.0,Consumer
2023-02-18 08:00:00,user_003,8,0,5,True,0.0,0.0,37.9640221181347,37.96425434949801,0.0,0.0,0.0,0.0,55.17,0.0,-37.9640221181347,-37.9640221181347,0.0,0.0,37.9640221181347,37.9640221181347,0.0,0.0,9861.956582025183,0.0,Consumer
2023-02-18 09:00:00,user_003,9,0,5,True,0.0,0.0,43.09749640424186,43.097031941515226,0.0,0.0,0.0,0.0,55.17,0.0,-43.09749640424186,-43.09749640424186,0.0,0.0,43.09749640424186,43.09749640424186,0.0,0.0,9905.053613966698,0.0,Consumer
2023-02-18 10:00:00,user_003,10,0,5,True,0.0,0.0,29.491060827538924,29.49117694322058,0.0,0.0,0.0,0.0,55.17,0.0,-29.491060827538924,-29.491060827538924,0.0,0.0,29.491060827538924,29.491060827538924,0.0,0.0,9934.544790909918,0.0,Consumer
2023-02-18 11:00:00,user_003,11,0,5,True,0.0,0.0,25.356181403691924,25.356645866418553,0.0,0.0,0.0,0.0,55.17,0.0,-25.356181403691924,-25.356181403691924,0.0,0.0,25.356181403691924,25.356181403691924,0.0,0.0,9959.901436776338,0.0,Consumer
2023-02-18 12:00:00,user_003,12,0,5,True,0.0,0.0,23.074508259109123,23.074972721835753,0.0,0.0,0.0,0.0,55.17,0.0,-23.074508259109123,-23.074508259109123,0.0,0.0,23.074508259109123,23.074508259109123,0.0,0.0,9982.976409498173,0.0,Consumer
2023-02-18 13:00:00,user_003,13,0,5,True,0.0,0.0,29.462031907124384,29.462148022806044,0.0,0.0,0.0,0.0,55.17,0.0,-29.462031907124384,-29.462031907124384,0.0,0.0,29.462031907124384,29.462031907124384,0.0,0.0,10012.438557520978,0.0,Consumer
2023-02-18 14:00:00,user_003,14,0,5,True,0.0,0.0,27.90027598882216,27.899927641777186,0.0,0.0,0.0,0.0,55.17,0.0,-27.90027598882216,-27.90027598882216,0.0,0.0,27.90027598882216,27.90027598882216,0.0,0.0,10040.338485162756,0.0,Consumer
2023-02-18 15:00:00,user_003,15,0,5,True,0.0,0.0,22.7795744276974,22.77899384928911,0.0,0.0,0.0,0.0,55.17,0.0,-22.7795744276974,-22.7795744276974,0.0,0.0,22.7795744276974,22.7795744276974,0.0,0.0,10063.117479012046,0.0,Consumer
2023-02-18 16:00:00,user_003,16,0,5,True,0.0,0.0,24.472541066273344,24.473121644681633,0.0,0.0,0.0,0.0,55.17,0.0,-24.472541066273344,-24.472541066273344,0.0,0.0,24.472541066273344,24.472541066273344,0.0,0.0,10087.590600656727,0.0,Consumer
2023-02-18 17:00:00,user_003,17,0,5,True,0.0,0.0,22.561276946180065,22.561857524588355,0.0,0.0,0.0,0.0,55.17,0.0,-22.561276946180065,-22.561276946180065,0.0,0.0,22.561276946180065,22.561276946180065,0.0,0.0,10110.152458181316,0.0,Consumer
2023-02-18 18:00:00,user_003,18,0,5,True,0.0,0.0,25.57331772839268,25.57378219111931,0.0,0.0,0.0,0.0,55.17,0.0,-25.57331772839268,-25.57331772839268,0.0,0.0,25.57331772839268,25.57331772839268,0.0,0.0,10135.726240372434,0.0,Consumer
2023-02-18 19:00:00,user_003,19,0,5,True,0.0,0.0,21.922640697060196,21.923105159786832,0.0,0.0,0.0,0.0,55.17,0.0,-21.922640697060196,-21.922640697060196,0.0,0.0,21.922640697060196,21.922640697060196,0.0,0.0,10157.649345532222,0.0,Consumer
2023-02-18 20:00:00,user_003,20,0,5,True,0.0,0.0,29.530540159302696,29.530075696576063,0.0,0.0,0.0,0.0,55.17,0.0,-29.530540159302696,-29.530540159302696,0.0,0.0,29.530540159302696,29.530540159302696,0.0,0.0,10187.179421228797,0.0,Consumer
2023-02-18 21:00:00,user_003,21,0,5,True,0.0,0.0,27.69242891865406,27.69300949706235,0.0,0.0,0.0,0.0,55.17,0.0,-27.69242891865406,-27.69242891865406,0.0,0.0,27.69242891865406,27.69242891865406,0.0,0.0,10214.87243072586,0.0,Consumer
2023-02-18 22:00:00,user_003,22,0,5,True,0.0,0.0,12.763435727864708,12.76390019059134,0.0,0.0,0.0,0.0,55.17,0.0,-12.763435727864708,-12.763435727864708,0.0,0.0,12.763435727864708,12.763435727864708,0.0,0.0,10227.636330916452,0.0,Consumer
2023-02-18 23:00:00,user_003,23,0,5,True,0.0,0.0,10.932291428115558,10.932523659478875,0.0,0.0,0.0,0.0,55.17,0.0,-10.932291428115558,-10.932291428115558,0.0,0.0,10.932291428115558,10.932291428115558,0.0,0.0,10238.568854575931,0.0,Consumer
2023-02-19 00:00:00,user_003,0,0,6,True,0.0,0.0,10.327328726676557,10.327328726676557,0.0,0.0,0.0,0.0,55.17,0.0,-10.327328726676557,-10.327328726676557,0.0,0.0,10.327328726676557,10.327328726676557,0.0,0.0,10248.896183302608,0.0,Consumer
2023-02-19 01:00:00,user_003,1,0,6,True,0.0,0.0,9.814097413747499,9.81467799215579,0.0,0.0,0.0,0.0,55.17,0.0,-9.814097413747499,-9.814097413747499,0.0,0.0,9.814097413747499,9.814097413747499,0.0,0.0,10258.710861294763,0.0,Consumer
2023-02-19 02:00:00,user_003,2,0,6,True,0.0,0.0,10.21934114273447,10.219225027052811,0.0,0.0,0.0,0.0,55.17,0.0,-10.21934114273447,-10.21934114273447,0.0,0.0,10.21934114273447,10.21934114273447,0.0,0.0,10268.930086321816,0.0,Consumer
2023-02-19 03:00:00,user_003,3,0,6,True,0.0,0.0,9.940663506754891,9.941011853799864,0.0,0.0,0.0,0.0,55.17,0.0,-9.940663506754891,-9.940663506754891,0.0,0.0,9.940663506754891,9.940663506754891,0.0,0.0,10278.871098175616,0.0,Consumer
2023-02-19 04:00:00,user_003,4,0,6,True,0.0,0.0,10.811531119191075,10.811647234872732,0.0,0.0,0.0,0.0,55.17,0.0,-10.811531119191075,-10.811531119191075,0.0,0.0,10.811531119191075,10.811531119191075,0.0,0.0,10289.682745410488,0.0,Consumer
2023-02-19 05:00:00,user_003,5,0,6,True,0.0,0.0,9.944146977204635,9.944379208567952,0.0,0.0,0.0,0.0,55.17,0.0,-9.944146977204635,-9.944146977204635,0.0,0.0,9.944146977204635,9.944146977204635,0.0,0.0,10299.627124619055,0.0,Consumer
2023-02-19 06:00:00,user_003,6,0,6,True,0.0,0.0,27.78764377761375,27.787295430568776,0.0,0.0,0.0,0.0,55.17,0.0,-27.78764377761375,-27.78764377761375,0.0,0.0,27.78764377761375,27.78764377761375,0.0,0.0,10327.414420049625,0.0,Consumer
2023-02-19 07:00:00,user_003,7,0,6,True,0.0,0.0,36.95033221725898,36.95033221725898,0.0,0.0,0.0,0.0,55.17,0.0,-36.95033221725898,-36.95033221725898,0.0,0.0,36.95033221725898,36.95033221725898,0.0,0.0,10364.364752266883,0.0,Consumer
2023-02-19 08:00:00,user_003,8,0,6,True,0.0,0.0,39.69646808847441,39.69600362574778,0.0,0.0,0.0,0.0,55.17,0.0,-39.69646808847441,-39.69646808847441,0.0,0.0,39.69646808847441,39.69646808847441,0.0,0.0,10404.060755892631,0.0,Consumer
2023-02-19 09:00:00,user_003,9,0,6,True,0.0,0.0,45.03662828793309,45.03720886634138,0.0,0.0,0.0,0.0,55.17,0.0,-45.03662828793309,-45.03662828793309,0.0,0.0,45.03662828793309,45.03662828793309,0.0,0.0,10449.097964758972,0.0,Consumer
2023-02-19 10:00:00,user_003,10,0,6,True,0.0,0.0,25.807871405342155,25.807290826933865,0.0,0.0,0.0,0.0,55.17,0.0,-25.807871405342155,-25.807871405342155,0.0,0.0,25.807871405342155,25.807871405342155,0.0,0.0,10474.905255585905,0.0,Consumer
2023-02-19 11:00:00,user_003,11,0,6,True,0.0,0.0,26.484825829409218,26.484361366682585,0.0,0.0,0.0,0.0,55.17,0.0,-26.484825829409218,-26.484825829409218,0.0,0.0,26.484825829409218,26.484825829409218,0.0,0.0,10501.389616952587,0.0,Consumer
2023-02-19 12:00:00,user_003,12,0,6,True,0.0,0.0,28.24397840653031,28.243630059485334,0.0,0.0,0.0,0.0,55.17,0.0,-28.24397840653031,-28.24397840653031,0.0,0.0,28.24397840653031,28.24397840653031,0.0,0.0,10529.633247012072,0.0,Consumer
2023-02-19 13:00:00,user_003,13,0,6,True,0.0,0.0,28.11160652944001,28.11160652944001,0.0,0.0,0.0,0.0,55.17,0.0,-28.11160652944001,-28.11160652944001,0.0,0.0,28.11160652944001,28.11160652944001,0.0,0.0,10557.744853541513,0.0,Consumer
2023-02-19 14:00:00,user_003,14,0,6,True,0.0,0.0,22.378975325976757,22.37874309461344,0.0,0.0,0.0,0.0,55.17,0.0,-22.378975325976757,-22.378975325976757,0.0,0.0,22.378975325976757,22.378975325976757,0.0,0.0,10580.123596636127,0.0,Consumer
2023-02-19 15:00:00,user_003,15,0,6,True,0.0,0.0,29.448098025325407,29.44774967828043,0.0,0.0,0.0,0.0,55.17,0.0,-29.448098025325407,-29.448098025325407,0.0,0.0,29.448098025325407,29.448098025325407,0.0,0.0,10609.571346314407,0.0,Consumer
2023-02-19 16:00:00,user_003,16,0,6,True,0.0,0.0,25.747491250879914,25.747839597924887,0.0,0.0,0.0,0.0,55.17,0.0,-25.747491250879914,-25.747491250879914,0.0,0.0,25.747491250879914,25.747491250879914,0.0,0.0,10635.319185912333,0.0,Consumer
2023-02-19 17:00:00,user_003,17,0,6,True,0.0,0.0,25.845028423472765,25.844680076427792,0.0,0.0,0.0,0.0,55.17,0.0,-25.845028423472765,-25.845028423472765,0.0,0.0,25.845028423472765,25.845028423472765,0.0,0.0,10661.163865988761,0.0,Consumer
2023-02-19 18:00:00,user_003,18,0,6,True,0.0,0.0,26.066809375439853,26.06692549112151,0.0,0.0,0.0,0.0,55.17,0.0,-26.066809375439853,-26.066809375439853,0.0,0.0,26.066809375439853,26.066809375439853,0.0,0.0,10687.230791479882,0.0,Consumer
2023-02-19 19:00:00,user_003,19,0,6,True,0.0,0.0,25.41307808770442,25.413194203386077,0.0,0.0,0.0,0.0,55.17,0.0,-25.41307808770442,-25.41307808770442,0.0,0.0,25.41307808770442,25.41307808770442,0.0,0.0,10712.643985683268,0.0,Consumer
2023-02-19 20:00:00,user_003,20,0,6,True,0.0,0.0,25.577962355659004,25.57819458702232,0.0,0.0,0.0,0.0,55.17,0.0,-25.577962355659004,-25.577962355659004,0.0,0.0,25.577962355659004,25.577962355659004,0.0,0.0,10738.22218027029,0.0,Consumer
2023-02-19 21:00:00,user_003,21,0,6,True,0.0,0.0,23.70385525369634,23.70443583210463,0.0,0.0,0.0,0.0,55.17,0.0,-23.70385525369634,-23.70385525369634,0.0,0.0,23.70385525369634,23.70385525369634,0.0,0.0,10761.926616102395,0.0,Consumer
2023-02-19 22:00:00,user_003,22,0,6,True,0.0,0.0,13.363753802037383,13.363753802037383,0.0,0.0,0.0,0.0,55.17,0.0,-13.363753802037383,-13.363753802037383,0.0,0.0,13.363753802037383,13.363753802037383,0.0,0.0,10775.290369904433,0.0,Consumer
2023-02-19 23:00:00,user_003,23,0,6,True,0.0,0.0,12.113187910579024,12.113536257623998,0.0,0.0,0.0,0.0,55.17,0.0,-12.113187910579024,-12.113187910579024,0.0,0.0,12.113187910579024,12.113187910579024,0.0,0.0,10787.403906162057,0.0,Consumer
2023-02-20 00:00:00,user_003,0,0,0,False,0.0,0.0,12.880712566339447,12.880944797702762,0.0,0.0,0.0,0.0,55.17,0.0,-12.880712566339447,-12.880712566339447,0.0,0.0,12.880712566339447,12.880712566339447,0.0,0.0,10800.284850959759,0.0,Consumer
2023-02-20 01:00:00,user_003,1,0,0,False,0.0,0.0,14.834939488646244,14.835287835691219,0.0,0.0,0.0,0.0,55.17,0.0,-14.834939488646244,-14.834939488646244,0.0,0.0,14.834939488646244,14.834939488646244,0.0,0.0,10815.12013879545,0.0,Consumer
2023-02-20 02:00:00,user_003,2,0,0,False,0.0,0.0,14.328675116616674,14.32844288525336,0.0,0.0,0.0,0.0,55.17,0.0,-14.328675116616674,-14.328675116616674,0.0,0.0,14.328675116616674,14.328675116616674,0.0,0.0,10829.448581680703,0.0,Consumer
2023-02-20 03:00:00,user_003,3,0,0,False,0.0,0.0,15.249472472165866,15.249588587847526,0.0,0.0,0.0,0.0,55.17,0.0,-15.249472472165866,-15.249472472165866,0.0,0.0,15.249472472165866,15.249472472165866,0.0,0.0,10844.69817026855,0.0,Consumer
2023-02-20 04:00:00,user_003,4,0,0,False,0.0,0.0,14.66424943660875,14.66424943660875,0.0,0.0,0.0,0.0,55.17,0.0,-14.66424943660875,-14.66424943660875,0.0,0.0,14.66424943660875,14.66424943660875,0.0,0.0,10859.362419705158,0.0,Consumer
2023-02-20 05:00:00,user_003,5,0,0,False,0.0,0.0,14.775720491000582,14.776184953727215,0.0,0.0,0.0,0.0,55.17,0.0,-14.775720491000582,-14.775720491000582,0.0,0.0,14.775720491000582,14.775720491000582,0.0,0.0,10874.138604658885,0.0,Consumer
2023-02-20 06:00:00,user_003,6,0,0,False,0.0,0.0,50.725135532366245,50.725367763729565,0.0,0.0,0.0,0.0,55.17,0.0,-50.725135532366245,-50.725135532366245,0.0,0.0,50.725135532366245,50.725135532366245,0.0,0.0,10924.863972422614,0.0,Consumer
2023-02-20 07:00:00,user_003,7,0,0,False,0.0,0.0,48.84057801905434,48.84022967200937,0.0,0.0,0.0,0.0,55.17,0.0,-48.84057801905434,-48.84057801905434,0.0,0.0,48.84057801905434,48.84057801905434,0.0,0.0,10973.704202094623,0.0,Consumer
2023-02-20 08:00:00,user_003,8,0,0,False,0.0,0.0,50.15965216269102,50.159536047009354,0.0,0.0,0.0,0.0,55.17,0.0,-50.15965216269102,-50.15965216269102,0.0,0.0,50.15965216269102,50.15965216269102,0.0,0.0,11023.863738141632,0.0,Consumer
2023-02-20 09:00:00,user_003,9,0,0,False,0.0,0.0,66.1708435065344,66.17061127517108,0.0,0.0,0.0,0.0,55.17,0.0,-66.1708435065344,-66.1708435065344,0.0,0.0,66.1708435065344,66.1708435065344,0.0,0.0,11090.034349416803,0.0,Consumer
2023-02-20 10:00:00,user_003,10,0,0,False,0.0,0.0,24.797664974916188,24.79708439650789,0.0,0.0,0.0,0.0,55.17,0.0,-24.797664974916188,-24.797664974916188,0.0,0.0,24.797664974916188,24.797664974916188,0.0,0.0,11114.831433813311,0.0,Consumer
2023-02-20 11:00:00,user_003,11,0,0,False,0.0,0.0,31.243246463760524,31.243130348078868,0.0,0.0,0.0,0.0,55.17,0.0,-31.243246463760524,-31.243246463760524,0.0,0.0,31.243246463760524,31.243246463760524,0.0,0.0,11146.07456416139,0.0,Consumer
2023-02-20 12:00:00,user_003,12,0,0,False,0.0,0.0,28.888420439733085,28.88807209268811,0.0,0.0,0.0,0.0,55.17,0.0,-28.888420439733085,-28.888420439733085,0.0,0.0,28.888420439733085,28.888420439733085,0.0,0.0,11174.962636254078,0.0,Consumer
2023-02-20 13:00:00,user_003,13,0,0,False,0.0,0.0,30.020548335900124,30.020316104536807,0.0,0.0,0.0,0.0,55.17,0.0,-30.020548335900124,-30.020548335900124,0.0,0.0,30.020548335900124,30.020548335900124,0.0,0.0,11204.982952358616,0.0,Consumer
2023-02-20 14:00:00,user_003,14,0,0,False,0.0,0.0,25.763747446312056,25.763863561993713,0.0,0.0,0.0,0.0,55.17,0.0,-25.763747446312056,-25.763747446312056,0.0,0.0,25.763747446312056,25.763747446312056,0.0,0.0,11230.74681592061,0.0,Consumer
2023-02-20 15:00:00,user_003,15,0,0,False,0.0,0.0,31.184027466114866,31.1844919288415,0.0,0.0,0.0,0.0,55.17,0.0,-31.184027466114866,-31.184027466114866,0.0,0.0,31.184027466114866,31.184027466114866,0.0,0.0,11261.93130784945,0.0,Consumer
2023-02-20 16:00:00,user_003,16,0,0,False,0.0,0.0,30.645250703221013,30.645482934584326,0.0,0.0,0.0,0.0,55.17,0.0,-30.645250703221013,-30.645250703221013,0.0,0.0,30.645250703221013,30.645250703221013,0.0,0.0,11292.576790784035,0.0,Consumer
2023-02-20 17:00:00,user_003,17,0,0,False,0.0,0.0,27.97226771145022,27.9720354800869,0.0,0.0,0.0,0.0,55.17,0.0,-27.97226771145022,-27.97226771145022,0.0,0.0,27.97226771145022,27.97226771145022,0.0,0.0,11320.548826264121,0.0,Consumer
2023-02-20 18:00:00,user_003,18,0,0,False,0.0,0.0,23.83738828760322,23.83738828760322,0.0,0.0,0.0,0.0,55.17,0.0,-23.83738828760322,-23.83738828760322,0.0,0.0,23.83738828760322,23.83738828760322,0.0,0.0,11344.386214551725,0.0,Consumer
2023-02-20 19:00:00,user_003,19,0,0,False,0.0,0.0,24.440028675409057,24.43979644404574,0.0,0.0,0.0,0.0,55.17,0.0,-24.440028675409057,-24.440028675409057,0.0,0.0,24.440028675409057,24.440028675409057,0.0,0.0,11368.82601099577,0.0,Consumer
2023-02-20 20:00:00,user_003,20,0,0,False,0.0,0.0,27.434652105372948,27.43441987400963,0.0,0.0,0.0,0.0,55.17,0.0,-27.434652105372948,-27.434652105372948,0.0,0.0,27.434652105372948,27.434652105372948,0.0,0.0,11396.26043086978,0.0,Consumer
2023-02-20 21:00:00,user_003,21,0,0,False,0.0,0.0,24.004594869190964,24.0050593319176,0.0,0.0,0.0,0.0,55.17,0.0,-24.004594869190964,-24.004594869190964,0.0,0.0,24.004594869190964,24.004594869190964,0.0,0.0,11420.265490201697,0.0,Consumer
2023-02-20 22:00:00,user_003,22,0,0,False,0.0,0.0,13.193063749999892,13.192947634318234,0.0,0.0,0.0,0.0,55.17,0.0,-13.193063749999892,-13.193063749999892,0.0,0.0,13.193063749999892,13.193063749999892,0.0,0.0,11433.458437836014,0.0,Consumer
2023-02-20 23:00:00,user_003,23,0,0,False,0.0,0.0,13.563472774489414,13.563472774489414,0.0,0.0,0.0,0.0,55.17,0.0,-13.563472774489414,-13.563472774489414,0.0,0.0,13.563472774489414,13.563472774489414,0.0,0.0,11447.021910610503,0.0,Consumer
2023-02-21 00:00:00,user_003,0,0,1,False,0.0,0.0,15.220443551751329,15.220443551751329,0.0,0.0,0.0,0.0,55.17,0.0,-15.220443551751329,-15.220443551751329,0.0,0.0,15.220443551751329,15.220443551751329,0.0,0.0,11462.242354162254,0.0,Consumer
2023-02-21 01:00:00,user_003,1,0,1,False,0.0,0.0,13.686555397047064,13.687019859773695,0.0,0.0,0.0,0.0,55.17,0.0,-13.686555397047064,-13.686555397047064,0.0,0.0,13.686555397047064,13.686555397047064,0.0,0.0,11475.929374022027,0.0,Consumer
2023-02-21 02:00:00,user_003,2,0,1,False,0.0,0.0,12.824977039143532,12.824977039143532,0.0,0.0,0.0,0.0,55.17,0.0,-12.824977039143532,-12.824977039143532,0.0,0.0,12.824977039143532,12.824977039143532,0.0,0.0,11488.75435106117,0.0,Consumer
2023-02-21 03:00:00,user_003,3,0,1,False,0.0,0.0,14.384410643812592,14.384294528130933,0.0,0.0,0.0,0.0,55.17,0.0,-14.384410643812592,-14.384410643812592,0.0,0.0,14.384410643812592,14.384410643812592,0.0,0.0,11503.1386455893,0.0,Consumer
2023-02-21 04:00:00,user_003,4,0,1,False,0.0,0.0,14.98008409071894,14.98008409071894,0.0,0.0,0.0,0.0,55.17,0.0,-14.98008409071894,-14.98008409071894,0.0,0.0,14.98008409071894,14.98008409071894,0.0,0.0,11518.11872968002,0.0,Consumer
2023-02-21 05:00:00,user_003,5,0,1,False,0.0,0.0,14.458724680073813,14.458956911437127,0.0,0.0,0.0,0.0,55.17,0.0,-14.458724680073813,-14.458724680073813,0.0,0.0,14.458724680073813,14.458724680073813,0.0,0.0,11532.577686591458,0.0,Consumer
2023-02-21 06:00:00,user_003,6,0,1,False,0.0,0.0,45.53592571906317,45.53569348769986,0.0,0.0,0.0,0.0,55.17,0.0,-45.53592571906317,-45.53592571906317,0.0,0.0,45.53592571906317,45.53592571906317,0.0,0.0,11578.113380079158,0.0,Consumer
2023-02-21 07:00:00,user_003,7,0,1,False,0.0,0.0,51.93854440569399,51.93854440569399,0.0,0.0,0.0,0.0,55.17,0.0,-51.93854440569399,-51.93854440569399,0.0,0.0,51.93854440569399,51.93854440569399,0.0,0.0,11630.051924484851,0.0,Consumer
2023-02-21 08:00:00,user_003,8,0,1,False,0.0,0.0,52.527250911700854,52.52771537442749,0.0,0.0,0.0,0.0,55.17,0.0,-52.527250911700854,-52.527250911700854,0.0,0.0,52.527250911700854,52.527250911700854,0.0,0.0,11682.57963985928,0.0,Consumer
2023-02-21 09:00:00,user_003,9,0,1,False,0.0,0.0,53.41669703320234,53.41716149592897,0.0,0.0,0.0,0.0,55.17,0.0,-53.41669703320234,-53.41669703320234,0.0,0.0,53.41669703320234,53.41669703320234,0.0,0.0,11735.996801355208,0.0,Consumer
2023-02-21 10:00:00,user_003,10,0,1,False,0.0,0.0,31.352395204519194,31.352162973155878,0.0,0.0,0.0,0.0,55.17,0.0,-31.352395204519194,-31.352395204519194,0.0,0.0,31.352395204519194,31.352395204519194,0.0,0.0,11767.348964328365,0.0,Consumer
2023-02-21 11:00:00,user_003,11,0,1,False,0.0,0.0,30.35844496952536,30.35867720088868,0.0,0.0,0.0,0.0,55.17,0.0,-30.35844496952536,-30.35844496952536,0.0,0.0,30.35844496952536,30.35844496952536,0.0,0.0,11797.707641529254,0.0,Consumer
2023-02-21 12:00:00,user_003,12,0,1,False,0.0,0.0,28.470403985763713,28.470403985763713,0.0,0.0,0.0,0.0,55.17,0.0,-28.470403985763713,-28.470403985763713,0.0,0.0,28.470403985763713,28.470403985763713,0.0,0.0,11826.178045515018,0.0,Consumer
2023-02-21 13:00:00,user_003,13,0,1,False,0.0,0.0,30.962246514147783,30.96178205142115,0.0,0.0,0.0,0.0,55.17,0.0,-30.962246514147783,-30.962246514147783,0.0,0.0,30.962246514147783,30.962246514147783,0.0,0.0,11857.13982756644,0.0,Consumer
2023-02-21 14:00:00,user_003,14,0,1,False,0.0,0.0,32.38234130082706,32.382805763553684,0.0,0.0,0.0,0.0,55.17,0.0,-32.38234130082706,-32.38234130082706,0.0,0.0,32.38234130082706,32.38234130082706,0.0,0.0,11889.522633329992,0.0,Consumer
2023-02-21 15:00:00,user_003,15,0,1,False,0.0,0.0,30.126213606209046,30.12609749052739,0.0,0.0,0.0,0.0,55.17,0.0,-30.126213606209046,-30.126213606209046,0.0,0.0,30.126213606209046,30.126213606209046,0.0,0.0,11919.64873082052,0.0,Consumer
2023-02-21 16:00:00,user_003,16,0,1,False,0.0,0.0,29.896304556525894,29.896885134934184,0.0,0.0,0.0,0.0,55.17,0.0,-29.896304556525894,-29.896304556525894,0.0,0.0,29.896304556525894,29.896304556525894,0.0,0.0,11949.545615955454,0.0,Consumer
2023-02-21 17:00:00,user_003,17,0,1,False,0.0,0.0,26.733313388157676,26.733429503839332,0.0,0.0,0.0,0.0,55.17,0.0,-26.733313388157676,-26.733313388157676,0.0,0.0,26.733313388157676,26.733313388157676,0.0,0.0,11976.279045459294,0.0,Consumer
2023-02-21 18:00:00,user_003,18,0,1,False,0.0,0.0,29.44461455487566,29.444266207830687,0.0,0.0,0.0,0.0,55.17,0.0,-29.44461455487566,-29.44461455487566,0.0,0.0,29.44461455487566,29.44461455487566,0.0,0.0,12005.723311667125,0.0,Consumer
2023-02-21 19:00:00,user_003,19,0,1,False,0.0,0.0,25.332958267360294,25.332726035996977,0.0,0.0,0.0,0.0,55.17,0.0,-25.332958267360294,-25.332958267360294,0.0,0.0,25.332958267360294,25.332958267360294,0.0,0.0,12031.056037703122,0.0,Consumer
2023-02-21 20:00:00,user_003,20,0,1,False,0.0,0.0,24.329718777833808,24.329370430788835,0.0,0.0,0.0,0.0,55.17,0.0,-24.329718777833808,-24.329718777833808,0.0,0.0,24.329718777833808,24.329718777833808,0.0,0.0,12055.38540813391,0.0,Consumer
2023-02-21 21:00:00,user_003,21,0,1,False,0.0,0.0,26.805305110785735,26.8048406480591,0.0,0.0,0.0,0.0,55.17,0.0,-26.805305110785735,-26.805305110785735,0.0,0.0,26.805305110785735,26.805305110785735,0.0,0.0,12082.19024878197,0.0,Consumer
2023-02-21 22:00:00,user_003,22,0,1,False,0.0,0.0,12.171245751408103,12.17147798277142,0.0,0.0,0.0,0.0,55.17,0.0,-12.171245751408103,-12.171245751408103,0.0,0.0,12.171245751408103,12.171245751408103,0.0,0.0,12094.36172676474,0.0,Consumer
2023-02-21 23:00:00,user_003,23,0,1,False,0.0,0.0,14.869774193143689,14.869774193143689,0.0,0.0,0.0,0.0,55.17,0.0,-14.869774193143689,-14.869774193143689,0.0,0.0,14.869774193143689,14.869774193143689,0.0,0.0,12109.231500957883,0.0,Consumer
2023-02-22 00:00:00,user_003,0,0,2,False,0.0,0.0,13.03746873657796,13.037584852259618,0.0,0.0,0.0,0.0,55.17,0.0,-13.03746873657796,-13.03746873657796,0.0,0.0,13.03746873657796,13.03746873657796,0.0,0.0,12122.269085810143,0.0,Consumer
2023-02-22 01:00:00,user_003,1,0,2,False,0.0,0.0,15.226249335834234,15.226597682879211,0.0,0.0,0.0,0.0,55.17,0.0,-15.226249335834234,-15.226249335834234,0.0,0.0,15.226249335834234,15.226249335834234,0.0,0.0,12137.495683493022,0.0,Consumer
2023-02-22 02:00:00,user_003,2,0,2,False,0.0,0.0,12.060935853832854,12.060935853832854,0.0,0.0,0.0,0.0,55.17,0.0,-12.060935853832854,-12.060935853832854,0.0,0.0,12.060935853832854,12.060935853832854,0.0,0.0,12149.556619346855,0.0,Consumer
2023-02-22 03:00:00,user_003,3,0,2,False,0.0,0.0,15.861402114504358,15.861285998822702,0.0,0.0,0.0,0.0,55.17,0.0,-15.861402114504358,-15.861402114504358,0.0,0.0,15.861402114504358,15.861402114504358,0.0,0.0,12165.417905345677,0.0,Consumer
2023-02-22 04:00:00,user_003,4,0,2,False,0.0,0.0,16.15749710273266,16.157264871369343,0.0,0.0,0.0,0.0,55.17,0.0,-16.15749710273266,-16.15749710273266,0.0,0.0,16.15749710273266,16.15749710273266,0.0,0.0,12181.575170217047,0.0,Consumer
2023-02-22 05:00:00,user_003,5,0,2,False,0.0,0.0,12.442956446488191,12.443304793533168,0.0,0.0,0.0,0.0,55.17,0.0,-12.442956446488191,-12.442956446488191,0.0,0.0,12.442956446488191,12.442956446488191,0.0,0.0,12194.01847501058,0.0,Consumer
2023-02-22 06:00:00,user_003,6,0,2,False,0.0,0.0,39.60357554314789,39.6038077745112,0.0,0.0,0.0,0.0,55.17,0.0,-39.60357554314789,-39.60357554314789,0.0,0.0,39.60357554314789,39.60357554314789,0.0,0.0,12233.62228278509,0.0,Consumer
2023-02-22 07:00:00,user_003,7,0,2,False,0.0,0.0,46.359185902019505,46.358837554974535,0.0,0.0,0.0,0.0,55.17,0.0,-46.359185902019505,-46.359185902019505,0.0,0.0,46.359185902019505,46.359185902019505,0.0,0.0,12279.981120340066,0.0,Consumer
2023-02-22 08:00:00,user_003,8,0,2,False,0.0,0.0,53.21465574711715,53.21430740007217,0.0,0.0,0.0,0.0,55.17,0.0,-53.21465574711715,-53.21465574711715,0.0,0.0,53.21465574711715,53.21465574711715,0.0,0.0,12333.195427740138,0.0,Consumer
2023-02-22 09:00:00,user_003,9,0,2,False,0.0,0.0,56.54020886980678,56.53974440708016,0.0,0.0,0.0,0.0,55.17,0.0,-56.54020886980678,-56.54020886980678,0.0,0.0,56.54020886980678,56.54020886980678,0.0,0.0,12389.735172147219,0.0,Consumer
2023-02-22 10:00:00,user_003,10,0,2,False,0.0,0.0,26.61139192241661,26.611624153779925,0.0,0.0,0.0,0.0,55.17,0.0,-26.61139192241661,-26.61139192241661,0.0,0.0,26.61139192241661,26.61139192241661,0.0,0.0,12416.346796300999,0.0,Consumer
2023-02-22 11:00:00,user_003,11,0,2,False,0.0,0.0,28.27532964057801,28.27532964057801,0.0,0.0,0.0,0.0,55.17,0.0,-28.27532964057801,-28.27532964057801,0.0,0.0,28.27532964057801,28.27532964057801,0.0,0.0,12444.622125941576,0.0,Consumer
2023-02-22 12:00:00,user_003,12,0,2,False,0.0,0.0,24.961388086054185,24.961504201735845,0.0,0.0,0.0,0.0,55.17,0.0,-24.961388086054185,-24.961388086054185,0.0,0.0,24.961388086054185,24.961388086054185,0.0,0.0,12469.583630143312,0.0,Consumer
2023-02-22 13:00:00,user_003,13,0,2,False,0.0,0.0,29.20193278021011,29.201468317483474,0.0,0.0,0.0,0.0,55.17,0.0,-29.20193278021011,-29.20193278021011,0.0,0.0,29.20193278021011,29.20193278021011,0.0,0.0,12498.785098460796,0.0,Consumer
2023-02-22 14:00:00,user_003,14,0,2,False,0.0,0.0,27.475292593953302,27.47494424690833,0.0,0.0,0.0,0.0,55.17,0.0,-27.475292593953302,-27.475292593953302,0.0,0.0,27.475292593953302,27.475292593953302,0.0,0.0,12526.260042707705,0.0,Consumer
2023-02-22 15:00:00,user_003,15,0,2,False,0.0,0.0,31.701903406310247,31.70178729062859,0.0,0.0,0.0,0.0,55.17,0.0,-31.701903406310247,-31.701903406310247,0.0,0.0,31.701903406310247,31.701903406310247,0.0,0.0,12557.961829998334,0.0,Consumer
2023-02-22 16:00:00,user_003,16,0,2,False,0.0,0.0,30.366573067241436,30.36622472019646,0.0,0.0,0.0,0.0,55.17,0.0,-30.366573067241436,-30.366573067241436,0.0,0.0,30.366573067241436,30.366573067241436,0.0,0.0,12588.328054718531,0.0,Consumer
2023-02-22 17:00:00,user_003,17,0,2,False,0.0,0.0,30.726531680381722,30.726880027426695,0.0,0.0,0.0,0.0,55.17,0.0,-30.726531680381722,-30.726531680381722,0.0,0.0,30.726531680381722,30.726531680381722,0.0,0.0,12619.054934745958,0.0,Consumer
2023-02-22 18:00:00,user_003,18,0,2,False,0.0,0.0,26.393094440899272,26.393442787944245,0.0,0.0,0.0,0.0,55.17,0.0,-26.393094440899272,-26.393094440899272,0.0,0.0,26.393094440899272,26.393094440899272,0.0,0.0,12645.448377533903,0.0,Consumer
2023-02-22 19:00:00,user_003,19,0,2,False,0.0,0.0,30.02287064953329,30.022986765214945,0.0,0.0,0.0,0.0,55.17,0.0,-30.02287064953329,-30.02287064953329,0.0,0.0,30.02287064953329,30.02287064953329,0.0,0.0,12675.471364299117,0.0,Consumer
2023-02-22 20:00:00,user_003,20,0,2,False,0.0,0.0,29.12877990076547,29.128315438038836,0.0,0.0,0.0,0.0,55.17,0.0,-29.12877990076547,-29.12877990076547,0.0,0.0,29.12877990076547,29.12877990076547,0.0,0.0,12704.599679737155,0.0,Consumer
2023-02-22 21:00:00,user_003,21,0,2,False,0.0,0.0,23.99066098739199,23.991009334436963,0.0,0.0,0.0,0.0,55.17,0.0,-23.99066098739199,-23.99066098739199,0.0,0.0,23.99066098739199,23.99066098739199,0.0,0.0,12728.590689071592,0.0,Consumer
2023-02-22 22:00:00,user_003,22,0,2,False,0.0,0.0,15.064848538329397,15.065313001056028,0.0,0.0,0.0,0.0,55.17,0.0,-15.064848538329397,-15.064848538329397,0.0,0.0,15.064848538329397,15.064848538329397,0.0,0.0,12743.656002072648,0.0,Consumer
2023-02-22 23:00:00,user_003,23,0,2,False,0.0,0.0,16.476815227292594,16.476350764565964,0.0,0.0,0.0,0.0,55.17,0.0,-16.476815227292594,-16.476815227292594,0.0,0.0,16.476815227292594,16.476815227292594,0.0,0.0,12760.132352837214,0.0,Consumer
2023-02-23 00:00:00,user_003,0,0,3,False,0.0,0.0,14.31822470526744,14.318689167994075,0.0,0.0,0.0,0.0,55.17,0.0,-14.31822470526744,-14.31822470526744,0.0,0.0,14.31822470526744,14.31822470526744,0.0,0.0,12774.451042005208,0.0,Consumer
2023-02-23 01:00:00,user_003,1,0,3,False,0.0,0.0,13.798026451438894,13.798490914165527,0.0,0.0,0.0,0.0,55.17,0.0,-13.798026451438894,-13.798026451438894,0.0,0.0,13.798026451438894,13.798026451438894,0.0,0.0,12788.249532919373,0.0,Consumer
2023-02-23 02:00:00,user_003,2,0,3,False,0.0,0.0,13.947815680777918,13.947235102369627,0.0,0.0,0.0,0.0,55.17,0.0,-13.947815680777918,-13.947815680777918,0.0,0.0,13.947815680777918,13.947815680777918,0.0,0.0,12802.196768021742,0.0,Consumer
2023-02-23 03:00:00,user_003,3,0,3,False,0.0,0.0,15.262245197148264,15.262825775556555,0.0,0.0,0.0,0.0,55.17,0.0,-15.262245197148264,-15.262245197148264,0.0,0.0,15.262245197148264,15.262245197148264,0.0,0.0,12817.459593797299,0.0,Consumer
2023-02-23 04:00:00,user_003,4,0,3,False,0.0,0.0,13.39742734971825,13.397543465399908,0.0,0.0,0.0,0.0,55.17,0.0,-13.39742734971825,-13.39742734971825,0.0,0.0,13.39742734971825,13.39742734971825,0.0,0.0,12830.8571372627,0.0,Consumer
2023-02-23 05:00:00,user_003,5,0,3,False,0.0,0.0,12.164278810508614,12.164627157553587,0.0,0.0,0.0,0.0,55.17,0.0,-12.164278810508614,-12.164278810508614,0.0,0.0,12.164278810508614,12.164278810508614,0.0,0.0,12843.021764420253,0.0,Consumer
2023-02-23 06:00:00,user_003,6,0,3,False,0.0,0.0,44.653446538461175,44.65367876982449,0.0,0.0,0.0,0.0,55.17,0.0,-44.653446538461175,-44.653446538461175,0.0,0.0,44.653446538461175,44.653446538461175,0.0,0.0,12887.675443190077,0.0,Consumer
2023-02-23 07:00:00,user_003,7,0,3,False,0.0,0.0,45.54405381677924,45.54382158541593,0.0,0.0,0.0,0.0,55.17,0.0,-45.54405381677924,-45.54405381677924,0.0,0.0,45.54405381677924,45.54405381677924,0.0,0.0,12933.219264775493,0.0,Consumer
2023-02-23 08:00:00,user_003,8,0,3,False,0.0,0.0,43.117236070123745,43.11700383876043,0.0,0.0,0.0,0.0,55.17,0.0,-43.117236070123745,-43.117236070123745,0.0,0.0,43.117236070123745,43.117236070123745,0.0,0.0,12976.336268614254,0.0,Consumer
2023-02-23 09:00:00,user_003,9,0,3,False,0.0,0.0,54.67771333600994,54.67771333600994,0.0,0.0,0.0,0.0,55.17,0.0,-54.67771333600994,-54.67771333600994,0.0,0.0,54.67771333600994,54.67771333600994,0.0,0.0,13031.013981950264,0.0,Consumer
2023-02-23 10:00:00,user_003,10,0,3,False,0.0,0.0,25.526871455729417,25.527103687092733,0.0,0.0,0.0,0.0,55.17,0.0,-25.526871455729417,-25.526871455729417,0.0,0.0,25.526871455729417,25.526871455729417,0.0,0.0,13056.541085637356,0.0,Consumer
2023-02-23 11:00:00,user_003,11,0,3,False,0.0,0.0,32.6946924844875,32.69434413744252,0.0,0.0,0.0,0.0,55.17,0.0,-32.6946924844875,-32.6946924844875,0.0,0.0,32.6946924844875,32.6946924844875,0.0,0.0,13089.235429774799,0.0,Consumer
2023-02-23 12:00:00,user_003,12,0,3,False,0.0,0.0,28.805978305755794,28.806442768482423,0.0,0.0,0.0,0.0,55.17,0.0,-28.805978305755794,-28.805978305755794,0.0,0.0,28.805978305755794,28.805978305755794,0.0,0.0,13118.041872543281,0.0,Consumer
2023-02-23 13:00:00,user_003,13,0,3,False,0.0,0.0,29.93926735873941,29.939151243057754,0.0,0.0,0.0,0.0,55.17,0.0,-29.93926735873941,-29.93926735873941,0.0,0.0,29.93926735873941,29.93926735873941,0.0,0.0,13147.981023786338,0.0,Consumer
2023-02-23 14:00:00,user_003,14,0,3,False,0.0,0.0,23.747979212726438,23.747979212726438,0.0,0.0,0.0,0.0,55.17,0.0,-23.747979212726438,-23.747979212726438,0.0,0.0,23.747979212726438,23.747979212726438,0.0,0.0,13171.729002999065,0.0,Consumer
2023-02-23 15:00:00,user_003,15,0,3,False,0.0,0.0,32.35911816449542,32.3594665115404,0.0,0.0,0.0,0.0,55.17,0.0,-32.35911816449542,-32.35911816449542,0.0,0.0,32.35911816449542,32.35911816449542,0.0,0.0,13204.088469510605,0.0,Consumer
2023-02-23 16:00:00,user_003,16,0,3,False,0.0,0.0,26.153896136683468,26.154012252365128,0.0,0.0,0.0,0.0,55.17,0.0,-26.153896136683468,-26.153896136683468,0.0,0.0,26.153896136683468,26.153896136683468,0.0,0.0,13230.24248176297,0.0,Consumer
2023-02-23 17:00:00,user_003,17,0,3,False,0.0,0.0,32.385824771276795,32.385244192868505,0.0,0.0,0.0,0.0,55.17,0.0,-32.385824771276795,-32.385824771276795,0.0,0.0,32.385824771276795,32.385824771276795,0.0,0.0,13262.62772595584,0.0,Consumer
2023-02-23 18:00:00,user_003,18,0,3,False,0.0,0.0,30.118085508492975,30.11831773985629,0.0,0.0,0.0,0.0,55.17,0.0,-30.118085508492975,-30.118085508492975,0.0,0.0,30.118085508492975,30.118085508492975,0.0,0.0,13292.746043695695,0.0,Consumer
2023-02-23 19:00:00,user_003,19,0,3,False,0.0,0.0,28.203337917949955,28.203570149313272,0.0,0.0,0.0,0.0,55.17,0.0,-28.203337917949955,-28.203337917949955,0.0,0.0,28.203337917949955,28.203337917949955,0.0,0.0,13320.949613845009,0.0,Consumer
2023-02-23 20:00:00,user_003,20,0,3,False,0.0,0.0,28.055871002244093,28.056219349289066,0.0,0.0,0.0,0.0,55.17,0.0,-28.055871002244093,-28.055871002244093,0.0,0.0,28.055871002244093,28.055871002244093,0.0,0.0,13349.005833194298,0.0,Consumer
2023-02-23 21:00:00,user_003,21,0,3,False,0.0,0.0,24.95558230197128,24.955001723562987,0.0,0.0,0.0,0.0,55.17,0.0,-24.95558230197128,-24.95558230197128,0.0,0.0,24.95558230197128,24.95558230197128,0.0,0.0,13373.960834917862,0.0,Consumer
2023-02-23 22:00:00,user_003,22,0,3,False,0.0,0.0,14.027935501122046,14.027819385440388,0.0,0.0,0.0,0.0,55.17,0.0,-14.027935501122046,-14.027935501122046,0.0,0.0,14.027935501122046,14.027935501122046,0.0,0.0,13387.988654303303,0.0,Consumer
2023-02-23 23:00:00,user_003,23,0,3,False,0.0,0.0,14.798943627332214,14.798711395968898,0.0,0.0,0.0,0.0,55.17,0.0,-14.798943627332214,-14.798943627332214,0.0,0.0,14.798943627332214,14.798943627332214,0.0,0.0,13402.787365699272,0.0,Consumer
2023-02-24 00:00:00,user_003,0,0,4,False,0.0,0.0,12.96431585713332,12.96431585713332,0.0,0.0,0.0,0.0,55.17,0.0,-12.96431585713332,-12.96431585713332,0.0,0.0,12.96431585713332,12.96431585713332,0.0,0.0,13415.751681556405,0.0,Consumer
2023-02-24 01:00:00,user_003,1,0,4,False,0.0,0.0,12.633386164407572,12.633850627134203,0.0,0.0,0.0,0.0,55.17,0.0,-12.633386164407572,-12.633386164407572,0.0,0.0,12.633386164407572,12.633386164407572,0.0,0.0,13428.38553218354,0.0,Consumer
2023-02-24 02:00:00,user_003,2,0,4,False,0.0,0.0,16.073893811938788,16.073893811938788,0.0,0.0,0.0,0.0,55.17,0.0,-16.073893811938788,-16.073893811938788,0.0,0.0,16.073893811938788,16.073893811938788,0.0,0.0,13444.45942599548,0.0,Consumer
2023-02-24 03:00:00,user_003,3,0,4,False,0.0,0.0,16.462881345493617,16.46253299844864,0.0,0.0,0.0,0.0,55.17,0.0,-16.462881345493617,-16.462881345493617,0.0,0.0,16.462881345493617,16.462881345493617,0.0,0.0,13460.921958993928,0.0,Consumer
2023-02-24 04:00:00,user_003,4,0,4,False,0.0,0.0,15.525827794512283,15.526060025875598,0.0,0.0,0.0,0.0,55.17,0.0,-15.525827794512283,-15.525827794512283,0.0,0.0,15.525827794512283,15.525827794512283,0.0,0.0,13476.448019019803,0.0,Consumer
2023-02-24 05:00:00,user_003,5,0,4,False,0.0,0.0,12.686799377970324,12.68645103092535,0.0,0.0,0.0,0.0,55.17,0.0,-12.686799377970324,-12.686799377970324,0.0,0.0,12.686799377970324,12.686799377970324,0.0,0.0,13489.134470050729,0.0,Consumer
2023-02-24 06:00:00,user_003,6,0,4,False,0.0,0.0,38.411067492518605,38.41141583956358,0.0,0.0,0.0,0.0,55.17,0.0,-38.411067492518605,-38.411067492518605,0.0,0.0,38.411067492518605,38.411067492518605,0.0,0.0,13527.545885890293,0.0,Consumer
2023-02-24 07:00:00,user_003,7,0,4,False,0.0,0.0,41.18158765688226,41.18216823529055,0.0,0.0,0.0,0.0,55.17,0.0,-41.18158765688226,-41.18158765688226,0.0,0.0,41.18158765688226,41.18158765688226,0.0,0.0,13568.728054125584,0.0,Consumer
2023-02-24 08:00:00,user_003,8,0,4,False,0.0,0.0,47.520342718601086,47.52069106564606,0.0,0.0,0.0,0.0,55.17,0.0,-47.520342718601086,-47.520342718601086,0.0,0.0,47.520342718601086,47.520342718601086,0.0,0.0,13616.24874519123,0.0,Consumer
2023-02-24 09:00:00,user_003,9,0,4,False,0.0,0.0,53.40856893548627,53.40880116684959,0.0,0.0,0.0,0.0,55.17,0.0,-53.40856893548627,-53.40856893548627,0.0,0.0,53.40856893548627,53.40856893548627,0.0,0.0,13669.65754635808,0.0,Consumer
2023-02-24 10:00:00,user_003,10,0,4,False,0.0,0.0,28.904676635165227,28.904328288120254,0.0,0.0,0.0,0.0,55.17,0.0,-28.904676635165227,-28.904676635165227,0.0,0.0,28.904676635165227,28.904676635165227,0.0,0.0,13698.561874646199,0.0,Consumer
2023-02-24 11:00:00,user_003,11,0,4,False,0.0,0.0,24.61536335471288,24.615247239031216,0.0,0.0,0.0,0.0,55.17,0.0,-24.61536335471288,-24.61536335471288,0.0,0.0,24.61536335471288,24.61536335471288,0.0,0.0,13723.17712188523,0.0,Consumer
2023-02-24 12:00:00,user_003,12,0,4,False,0.0,0.0,25.35269793324218,25.352814048923836,0.0,0.0,0.0,0.0,55.17,0.0,-25.35269793324218,-25.35269793324218,0.0,0.0,25.35269793324218,25.35269793324218,0.0,0.0,13748.529935934153,0.0,Consumer
2023-02-24 13:00:00,user_003,13,0,4,False,0.0,0.0,28.781594012607577,28.781129549880948,0.0,0.0,0.0,0.0,55.17,0.0,-28.781594012607577,-28.781594012607577,0.0,0.0,28.781594012607577,28.781594012607577,0.0,0.0,13777.311065484035,0.0,Consumer
2023-02-24 14:00:00,user_003,14,0,4,False,0.0,0.0,29.132263371215213,29.132379486896873,0.0,0.0,0.0,0.0,55.17,0.0,-29.132263371215213,-29.132263371215213,0.0,0.0,29.132263371215213,29.132263371215213,0.0,0.0,13806.443444970932,0.0,Consumer
2023-02-24 15:00:00,user_003,15,0,4,False,0.0,0.0,27.889825577472926,27.889825577472926,0.0,0.0,0.0,0.0,55.17,0.0,-27.889825577472926,-27.889825577472926,0.0,0.0,27.889825577472926,27.889825577472926,0.0,0.0,13834.333270548404,0.0,Consumer
2023-02-24 16:00:00,user_003,16,0,4,False,0.0,0.0,31.18867209338119,31.188439862017873,0.0,0.0,0.0,0.0,55.17,0.0,-31.18867209338119,-31.18867209338119,0.0,0.0,31.18867209338119,31.18867209338119,0.0,0.0,13865.521710410423,0.0,Consumer
2023-02-24 17:00:00,user_003,17,0,4,False,0.0,0.0,28.10696190217368,28.107426364900313,0.0,0.0,0.0,0.0,55.17,0.0,-28.10696190217368,-28.10696190217368,0.0,0.0,28.10696190217368,28.10696190217368,0.0,0.0,13893.629136775324,0.0,Consumer
2023-02-24 18:00:00,user_003,18,0,4,False,0.0,0.0,25.33063595372713,25.331216532135418,0.0,0.0,0.0,0.0,55.17,0.0,-25.33063595372713,-25.33063595372713,0.0,0.0,25.33063595372713,25.33063595372713,0.0,0.0,13918.960353307459,0.0,Consumer
2023-02-24 19:00:00,user_003,19,0,4,False,0.0,0.0,28.248623033796633,28.248390802433317,0.0,0.0,0.0,0.0,55.17,0.0,-28.248623033796633,-28.248623033796633,0.0,0.0,28.248623033796633,28.248623033796633,0.0,0.0,13947.208744109892,0.0,Consumer
2023-02-24 20:00:00,user_003,20,0,4,False,0.0,0.0,30.67311846681897,30.673002351137313,0.0,0.0,0.0,0.0,55.17,0.0,-30.67311846681897,-30.67311846681897,0.0,0.0,30.67311846681897,30.67311846681897,0.0,0.0,13977.88174646103,0.0,Consumer
2023-02-24 21:00:00,user_003,21,0,4,False,0.0,0.0,29.402812909478723,29.40292902516038,0.0,0.0,0.0,0.0,55.17,0.0,-29.402812909478723,-29.402812909478723,0.0,0.0,29.402812909478723,29.402812909478723,0.0,0.0,14007.28467548619,0.0,Consumer
2023-02-24 22:00:00,user_003,22,0,4,False,0.0,0.0,14.61199737986258,14.611532917135948,0.0,0.0,0.0,0.0,55.17,0.0,-14.61199737986258,-14.61199737986258,0.0,0.0,14.61199737986258,14.61199737986258,0.0,0.0,14021.896208403325,0.0,Consumer
2023-02-24 23:00:00,user_003,23,0,4,False,0.0,0.0,13.781770256006752,13.781421908961779,0.0,0.0,0.0,0.0,55.17,0.0,-13.781770256006752,-13.781770256006752,0.0,0.0,13.781770256006752,13.781770256006752,0.0,0.0,14035.677630312286,0.0,Consumer
2023-02-25 00:00:00,user_003,0,0,5,True,0.0,0.0,11.736973102006592,11.73708921768825,0.0,0.0,0.0,0.0,55.17,0.0,-11.736973102006592,-11.736973102006592,0.0,0.0,11.736973102006592,11.736973102006592,0.0,0.0,14047.414719529974,0.0,Consumer
2023-02-25 01:00:00,user_003,1,0,5,True,0.0,0.0,8.731899260693467,8.731899260693467,0.0,0.0,0.0,0.0,55.17,0.0,-8.731899260693467,-8.731899260693467,0.0,0.0,8.731899260693467,8.731899260693467,0.0,0.0,14056.146618790668,0.0,Consumer
2023-02-25 02:00:00,user_003,2,0,5,True,0.0,0.0,10.487568367364814,10.48780059872813,0.0,0.0,0.0,0.0,55.17,0.0,-10.487568367364814,-10.487568367364814,0.0,0.0,10.487568367364814,10.487568367364814,0.0,0.0,14066.634419389396,0.0,Consumer
2023-02-25 03:00:00,user_003,3,0,5,True,0.0,0.0,11.725361533840777,11.725942112249067,0.0,0.0,0.0,0.0,55.17,0.0,-11.725361533840777,-11.725361533840777,0.0,0.0,11.725361533840777,11.725361533840777,0.0,0.0,14078.360361501645,0.0,Consumer
2023-02-25 04:00:00,user_003,4,0,5,True,0.0,0.0,9.500585073270473,9.500352841907157,0.0,0.0,0.0,0.0,55.17,0.0,-9.500585073270473,-9.500585073270473,0.0,0.0,9.500585073270473,9.500585073270473,0.0,0.0,14087.860714343553,0.0,Consumer
2023-02-25 05:00:00,user_003,5,0,5,True,0.0,0.0,8.728415790243723,8.727951327517092,0.0,0.0,0.0,0.0,55.17,0.0,-8.728415790243723,-8.728415790243723,0.0,0.0,8.728415790243723,8.728415790243723,0.0,0.0,14096.58866567107,0.0,Consumer
2023-02-25 06:00:00,user_003,6,0,5,True,0.0,0.0,26.656677038263293,26.65679315394495,0.0,0.0,0.0,0.0,55.17,0.0,-26.656677038263293,-26.656677038263293,0.0,0.0,26.656677038263293,26.656677038263293,0.0,0.0,14123.245458825015,0.0,Consumer
2023-02-25 07:00:00,user_003,7,0,5,True,0.0,0.0,30.877482066537326,30.877133719492353,0.0,0.0,0.0,0.0,55.17,0.0,-30.877482066537326,-30.877482066537326,0.0,0.0,30.877482066537326,30.877482066537326,0.0,0.0,14154.122592544507,0.0,Consumer
2023-02-25 08:00:00,user_003,8,0,5,True,0.0,0.0,37.840939495577054,37.840939495577054,0.0,0.0,0.0,0.0,55.17,0.0,-37.840939495577054,-37.840939495577054,0.0,0.0,37.840939495577054,37.840939495577054,0.0,0.0,14191.963532040085,0.0,Consumer
2023-02-25 09:00:00,user_003,9,0,5,True,0.0,0.0,35.92038612095112,35.920618352314435,0.0,0.0,0.0,0.0,55.17,0.0,-35.92038612095112,-35.92038612095112,0.0,0.0,35.92038612095112,35.92038612095112,0.0,0.0,14227.8841503924,0.0,Consumer
2023-02-25 10:00:00,user_003,10,0,5,True,0.0,0.0,27.556573571114015,27.55668968679567,0.0,0.0,0.0,0.0,55.17,0.0,-27.556573571114015,-27.556573571114015,0.0,0.0,27.556573571114015,27.556573571114015,0.0,0.0,14255.440840079194,0.0,Consumer
2023-02-25 11:00:00,user_003,11,0,5,True,0.0,0.0,23.394987540485637,23.39545200321227,0.0,0.0,0.0,0.0,55.17,0.0,-23.394987540485637,-23.394987540485637,0.0,0.0,23.394987540485637,23.394987540485637,0.0,0.0,14278.836292082407,0.0,Consumer
2023-02-25 12:00:00,user_003,12,0,5,True,0.0,0.0,28.67128411503233,28.6716324620773,0.0,0.0,0.0,0.0,55.17,0.0,-28.67128411503233,-28.67128411503233,0.0,0.0,28.67128411503233,28.67128411503233,0.0,0.0,14307.507924544485,0.0,Consumer
2023-02-25 13:00:00,user_003,13,0,5,True,0.0,0.0,26.027330043676074,26.02709781231276,0.0,0.0,0.0,0.0,55.17,0.0,-26.027330043676074,-26.027330043676074,0.0,0.0,26.027330043676074,26.027330043676074,0.0,0.0,14333.535022356798,0.0,Consumer
2023-02-25 14:00:00,user_003,14,0,5,True,0.0,0.0,24.07310312136928,24.07345146841425,0.0,0.0,0.0,0.0,55.17,0.0,-24.07310312136928,-24.07310312136928,0.0,0.0,24.07310312136928,24.07310312136928,0.0,0.0,14357.608473825212,0.0,Consumer
2023-02-25 15:00:00,user_003,15,0,5,True,0.0,0.0,22.442838950888742,22.442374488162113,0.0,0.0,0.0,0.0,55.17,0.0,-22.442838950888742,-22.442838950888742,0.0,0.0,22.442838950888742,22.442838950888742,0.0,0.0,14380.050848313374,0.0,Consumer
2023-02-25 16:00:00,user_003,16,0,5,True,0.0,0.0,24.27166093700473,24.27154482132307,0.0,0.0,0.0,0.0,55.17,0.0,-24.27166093700473,-24.27166093700473,0.0,0.0,24.27166093700473,24.27166093700473,0.0,0.0,14404.322393134698,0.0,Consumer
2023-02-25 17:00:00,user_003,17,0,5,True,0.0,0.0,28.181275938434904,28.181043707071588,0.0,0.0,0.0,0.0,55.17,0.0,-28.181275938434904,-28.181275938434904,0.0,0.0,28.181275938434904,28.181275938434904,0.0,0.0,14432.50343684177,0.0,Consumer
2023-02-25 18:00:00,user_003,18,0,5,True,0.0,0.0,23.959309753344286,23.959774216070915,0.0,0.0,0.0,0.0,55.17,0.0,-23.959309753344286,-23.959309753344286,0.0,0.0,23.959309753344286,23.959309753344286,0.0,0.0,14456.46321105784,0.0,Consumer
2023-02-25 19:00:00,user_003,19,0,5,True,0.0,0.0,23.08147520000861,23.08147520000861,0.0,0.0,0.0,0.0,55.17,0.0,-23.08147520000861,-23.08147520000861,0.0,0.0,23.08147520000861,23.08147520000861,0.0,0.0,14479.544686257848,0.0,Consumer
2023-02-25 20:00:00,user_003,20,0,5,True,0.0,0.0,21.008810282410494,21.008345819683864,0.0,0.0,0.0,0.0,55.17,0.0,-21.008810282410494,-21.008810282410494,0.0,0.0,21.008810282410494,21.008810282410494,0.0,0.0,14500.553032077532,0.0,Consumer
2023-02-25 21:00:00,user_003,21,0,5,True,0.0,0.0,29.49686661162183,29.496982727303486,0.0,0.0,0.0,0.0,55.17,0.0,-29.49686661162183,-29.49686661162183,0.0,0.0,29.49686661162183,29.49686661162183,0.0,0.0,14530.050014804836,0.0,Consumer
2023-02-25 22:00:00,user_003,22,0,5,True,0.0,0.0,12.21420855362162,12.214324669303279,0.0,0.0,0.0,0.0,55.17,0.0,-12.21420855362162,-12.21420855362162,0.0,0.0,12.21420855362162,12.21420855362162,0.0,0.0,14542.264339474139,0.0,Consumer
2023-02-25 23:00:00,user_003,23,0,5,True,0.0,0.0,14.88370807494267,14.884172537669302,0.0,0.0,0.0,0.0,55.17,0.0,-14.88370807494267,-14.88370807494267,0.0,0.0,14.88370807494267,14.88370807494267,0.0,0.0,14557.148512011809,0.0,Consumer
2023-02-26 00:00:00,user_003,0,0,6,True,0.0,0.0,8.789957101522548,8.790305448567521,0.0,0.0,0.0,0.0,55.17,0.0,-8.789957101522548,-8.789957101522548,0.0,0.0,8.789957101522548,8.789957101522548,0.0,0.0,14565.938817460376,0.0,Consumer
2023-02-26 01:00:00,user_003,1,0,6,True,0.0,0.0,9.990593249867898,9.990941596912874,0.0,0.0,0.0,0.0,55.17,0.0,-9.990593249867898,-9.990593249867898,0.0,0.0,9.990593249867898,9.990593249867898,0.0,0.0,14575.929759057288,0.0,Consumer
2023-02-26 02:00:00,user_003,2,0,6,True,0.0,0.0,11.777613590586949,11.777149127860316,0.0,0.0,0.0,0.0,55.17,0.0,-11.777613590586949,-11.777613590586949,0.0,0.0,11.777613590586949,11.777613590586949,0.0,0.0,14587.706908185148,0.0,Consumer
2023-02-26 03:00:00,user_003,3,0,6,True,0.0,0.0,11.011250091643106,11.011482323006422,0.0,0.0,0.0,0.0,55.17,0.0,-11.011250091643106,-11.011250091643106,0.0,0.0,11.011250091643106,11.011250091643106,0.0,0.0,14598.718390508155,0.0,Consumer
2023-02-26 04:00:00,user_003,4,0,6,True,0.0,0.0,9.795518904682194,9.79517055763722,0.0,0.0,0.0,0.0,55.17,0.0,-9.795518904682194,-9.795518904682194,0.0,0.0,9.795518904682194,9.795518904682194,0.0,0.0,14608.513561065793,0.0,Consumer
2023-02-26 05:00:00,user_003,5,0,6,True,0.0,0.0,8.868915765050094,8.869031880731752,0.0,0.0,0.0,0.0,55.17,0.0,-8.868915765050094,-8.868915765050094,0.0,0.0,8.868915765050094,8.868915765050094,0.0,0.0,14617.382592946524,0.0,Consumer
2023-02-26 06:00:00,user_003,6,0,6,True,0.0,0.0,31.074878725356196,31.074994841037853,0.0,0.0,0.0,0.0,55.17,0.0,-31.074878725356196,-31.074878725356196,0.0,0.0,31.074878725356196,31.074878725356196,0.0,0.0,14648.457587787561,0.0,Consumer
2023-02-26 07:00:00,user_003,7,0,6,True,0.0,0.0,36.73900167664114,36.73842109823285,0.0,0.0,0.0,0.0,55.17,0.0,-36.73900167664114,-36.73900167664114,0.0,0.0,36.73900167664114,36.73900167664114,0.0,0.0,14685.196008885794,0.0,Consumer
2023-02-26 08:00:00,user_003,8,0,6,True,0.0,0.0,41.36040580663581,41.36040580663581,0.0,0.0,0.0,0.0,55.17,0.0,-41.36040580663581,-41.36040580663581,0.0,0.0,41.36040580663581,41.36040580663581,0.0,0.0,14726.55641469243,0.0,Consumer
2023-02-26 09:00:00,user_003,9,0,6,True,0.0,0.0,44.676669674792805,44.67690190615612,0.0,0.0,0.0,0.0,55.17,0.0,-44.676669674792805,-44.676669674792805,0.0,0.0,44.676669674792805,44.676669674792805,0.0,0.0,14771.233316598586,0.0,Consumer
2023-02-26 10:00:00,user_003,10,0,6,True,0.0,0.0,25.70568960548298,25.705805721164637,0.0,0.0,0.0,0.0,55.17,0.0,-25.70568960548298,-25.70568960548298,0.0,0.0,25.70568960548298,25.70568960548298,0.0,0.0,14796.93912231975,0.0,Consumer
2023-02-26 11:00:00,user_003,11,0,6,True,0.0,0.0,21.535975477138532,21.535743245775215,0.0,0.0,0.0,0.0,55.17,0.0,-21.535975477138532,-21.535975477138532,0.0,0.0,21.535975477138532,21.535975477138532,0.0,0.0,14818.474865565526,0.0,Consumer
2023-02-26 12:00:00,user_003,12,0,6,True,0.0,0.0,23.343896640556046,23.343548293511073,0.0,0.0,0.0,0.0,55.17,0.0,-23.343896640556046,-23.343896640556046,0.0,0.0,23.343896640556046,23.343896640556046,0.0,0.0,14841.818413859037,0.0,Consumer
2023-02-26 13:00:00,user_003,13,0,6,True,0.0,0.0,29.43648645715959,29.436950919886225,0.0,0.0,0.0,0.0,55.17,0.0,-29.43648645715959,-29.43648645715959,0.0,0.0,29.43648645715959,29.43648645715959,0.0,0.0,14871.255364778923,0.0,Consumer
2023-02-26 14:00:00,user_003,14,0,6,True,0.0,0.0,23.826937876253986,23.826473413527353,0.0,0.0,0.0,0.0,55.17,0.0,-23.826937876253986,-23.826937876253986,0.0,0.0,23.826937876253986,23.826937876253986,0.0,0.0,14895.081838192451,0.0,Consumer
2023-02-26 15:00:00,user_003,15,0,6,True,0.0,0.0,26.509210122557427,26.508745659830797,0.0,0.0,0.0,0.0,55.17,0.0,-26.509210122557427,-26.509210122557427,0.0,0.0,26.509210122557427,26.509210122557427,0.0,0.0,14921.590583852281,0.0,Consumer
2023-02-26 16:00:00,user_003,16,0,6,True,0.0,0.0,28.24397840653031,28.243630059485334,0.0,0.0,0.0,0.0,55.17,0.0,-28.24397840653031,-28.24397840653031,0.0,0.0,28.24397840653031,28.24397840653031,0.0,0.0,14949.834213911767,0.0,Consumer
2023-02-26 17:00:00,user_003,17,0,6,True,0.0,0.0,27.956011516018076,27.956592094426366,0.0,0.0,0.0,0.0,55.17,0.0,-27.956011516018076,-27.956011516018076,0.0,0.0,27.956011516018076,27.956011516018076,0.0,0.0,14977.790806006193,0.0,Consumer
2023-02-26 18:00:00,user_003,18,0,6,True,0.0,0.0,24.415644382260847,24.415296035215874,0.0,0.0,0.0,0.0,55.17,0.0,-24.415644382260847,-24.415644382260847,0.0,0.0,24.415644382260847,24.415644382260847,0.0,0.0,15002.20610204141,0.0,Consumer
2023-02-26 19:00:00,user_003,19,0,6,True,0.0,0.0,26.97251169237348,26.972279461010164,0.0,0.0,0.0,0.0,55.17,0.0,-26.97251169237348,-26.97251169237348,0.0,0.0,26.97251169237348,26.97251169237348,0.0,0.0,15029.17838150242,0.0,Consumer
2023-02-26 20:00:00,user_003,20,0,6,True,0.0,0.0,26.959738967391083,26.959158388982793,0.0,0.0,0.0,0.0,55.17,0.0,-26.959738967391083,-26.959738967391083,0.0,0.0,26.959738967391083,26.959738967391083,0.0,0.0,15056.137539891402,0.0,Consumer
2023-02-26 21:00:00,user_003,21,0,6,True,0.0,0.0,26.15854076394979,26.158424648268134,0.0,0.0,0.0,0.0,55.17,0.0,-26.15854076394979,-26.15854076394979,0.0,0.0,26.15854076394979,26.15854076394979,0.0,0.0,15082.295964539671,0.0,Consumer
2023-02-26 22:00:00,user_003,22,0,6,True,0.0,0.0,10.887006312268877,10.886657965223902,0.0,0.0,0.0,0.0,55.17,0.0,-10.887006312268877,-10.887006312268877,0.0,0.0,10.887006312268877,10.887006312268877,0.0,0.0,15093.182622504895,0.0,Consumer
2023-02-26 23:00:00,user_003,23,0,6,True,0.0,0.0,13.922270230813123,13.921689652404831,0.0,0.0,0.0,0.0,55.17,0.0,-13.922270230813123,-13.922270230813123,0.0,0.0,13.922270230813123,13.922270230813123,0.0,0.0,15107.1043121573,0.0,Consumer
2023-02-27 00:00:00,user_003,0,0,0,False,0.0,0.0,14.982406404352105,14.98194194162547,0.0,0.0,0.0,0.0,55.17,0.0,-14.982406404352105,-14.982406404352105,0.0,0.0,14.982406404352105,14.982406404352105,0.0,0.0,15122.086254098926,0.0,Consumer
2023-02-27 01:00:00,user_003,1,0,0,False,0.0,0.0,14.798943627332214,14.79917585869553,0.0,0.0,0.0,0.0,55.17,0.0,-14.798943627332214,-14.798943627332214,0.0,0.0,14.798943627332214,14.798943627332214,0.0,0.0,15136.885429957621,0.0,Consumer
2023-02-27 02:00:00,user_003,2,0,0,False,0.0,0.0,15.126389849608218,15.126157618244903,0.0,0.0,0.0,0.0,55.17,0.0,-15.126389849608218,-15.126389849608218,0.0,0.0,15.126389849608218,15.126389849608218,0.0,0.0,15152.011587575866,0.0,Consumer
2023-02-27 03:00:00,user_003,3,0,0,False,0.0,0.0,15.039303088364601,15.039070857001285,0.0,0.0,0.0,0.0,55.17,0.0,-15.039303088364601,-15.039303088364601,0.0,0.0,15.039303088364601,15.039303088364601,0.0,0.0,15167.050658432867,0.0,Consumer
2023-02-27 04:00:00,user_003,4,0,0,False,0.0,0.0,13.835183469569504,13.83483512252453,0.0,0.0,0.0,0.0,55.17,0.0,-13.835183469569504,-13.835183469569504,0.0,0.0,13.835183469569504,13.835183469569504,0.0,0.0,15180.885493555392,0.0,Consumer
2023-02-27 05:00:00,user_003,5,0,0,False,0.0,0.0,14.983567561168686,14.983799792532,0.0,0.0,0.0,0.0,55.17,0.0,-14.983567561168686,-14.983567561168686,0.0,0.0,14.983567561168686,14.983567561168686,0.0,0.0,15195.869293347923,0.0,Consumer
2023-02-27 06:00:00,user_003,6,0,0,False,0.0,0.0,45.55218191449531,45.55171745176868,0.0,0.0,0.0,0.0,55.17,0.0,-45.55218191449531,-45.55218191449531,0.0,0.0,45.55218191449531,45.55218191449531,0.0,0.0,15241.421010799691,0.0,Consumer
2023-02-27 07:00:00,user_003,7,0,0,False,0.0,0.0,55.012126499185435,55.01177815214046,0.0,0.0,0.0,0.0,55.17,0.0,-55.012126499185435,-55.012126499185435,0.0,0.0,55.012126499185435,55.012126499185435,0.0,0.0,15296.432788951832,0.0,Consumer
2023-02-27 08:00:00,user_003,8,0,0,False,0.0,0.0,58.24362591973196,58.24327757268699,0.0,0.0,0.0,0.0,55.17,0.0,-58.24362591973196,-58.24362591973196,0.0,0.0,58.24362591973196,58.24362591973196,0.0,0.0,15354.676066524518,0.0,Consumer
2023-02-27 09:00:00,user_003,9,0,0,False,0.0,0.0,61.30791875869075,61.30815099005407,0.0,0.0,0.0,0.0,55.17,0.0,-61.30791875869075,-61.30791875869075,0.0,0.0,61.30791875869075,61.30791875869075,0.0,0.0,15415.984217514573,0.0,Consumer
2023-02-27 10:00:00,user_003,10,0,0,False,0.0,0.0,25.652276391920225,25.65204416055691,0.0,0.0,0.0,0.0,55.17,0.0,-25.652276391920225,-25.652276391920225,0.0,0.0,25.652276391920225,25.652276391920225,0.0,0.0,15441.63626167513,0.0,Consumer
2023-02-27 11:00:00,user_003,11,0,0,False,0.0,0.0,24.913780656574342,24.913548425211026,0.0,0.0,0.0,0.0,55.17,0.0,-24.913780656574342,-24.913780656574342,0.0,0.0,24.913780656574342,24.913780656574342,0.0,0.0,15466.549810100341,0.0,Consumer
2023-02-27 12:00:00,user_003,12,0,0,False,0.0,0.0,29.212383191559347,29.212499307241004,0.0,0.0,0.0,0.0,55.17,0.0,-29.212383191559347,-29.212383191559347,0.0,0.0,29.212383191559347,29.212383191559347,0.0,0.0,15495.762309407583,0.0,Consumer
2023-02-27 13:00:00,user_003,13,0,0,False,0.0,0.0,31.04120517767533,31.041437409038647,0.0,0.0,0.0,0.0,55.17,0.0,-31.04120517767533,-31.04120517767533,0.0,0.0,31.04120517767533,31.04120517767533,0.0,0.0,15526.80374681662,0.0,Consumer
2023-02-27 14:00:00,user_003,14,0,0,False,0.0,0.0,26.343164697786268,26.343745276194557,0.0,0.0,0.0,0.0,55.17,0.0,-26.343164697786268,-26.343164697786268,0.0,0.0,26.343164697786268,26.343164697786268,0.0,0.0,15553.147492092814,0.0,Consumer
2023-02-27 15:00:00,user_003,15,0,0,False,0.0,0.0,28.165019743002762,28.164671395957786,0.0,0.0,0.0,0.0,55.17,0.0,-28.165019743002762,-28.165019743002762,0.0,0.0,28.165019743002762,28.165019743002762,0.0,0.0,15581.312163488772,0.0,Consumer
2023-02-27 16:00:00,user_003,16,0,0,False,0.0,0.0,24.485313791255738,24.484965444210765,0.0,0.0,0.0,0.0,55.17,0.0,-24.485313791255738,-24.485313791255738,0.0,0.0,24.485313791255738,24.485313791255738,0.0,0.0,15605.797128932983,0.0,Consumer
2023-02-27 17:00:00,user_003,17,0,0,False,0.0,0.0,24.409838598177934,24.410070829541255,0.0,0.0,0.0,0.0,55.17,0.0,-24.409838598177934,-24.409838598177934,0.0,0.0,24.409838598177934,24.409838598177934,0.0,0.0,15630.207199762524,0.0,Consumer
2023-02-27 18:00:00,user_003,18,0,0,False,0.0,0.0,28.768821287625183,28.769169634670156,0.0,0.0,0.0,0.0,55.17,0.0,-28.768821287625183,-28.768821287625183,0.0,0.0,28.768821287625183,28.768821287625183,0.0,0.0,15658.976369397195,0.0,Consumer
2023-02-27 19:00:00,user_003,19,0,0,False,0.0,0.0,28.889581596549665,28.889581596549665,0.0,0.0,0.0,0.0,55.17,0.0,-28.889581596549665,-28.889581596549665,0.0,0.0,28.889581596549665,28.889581596549665,0.0,0.0,15687.865950993744,0.0,Consumer
2023-02-27 20:00:00,user_003,20,0,0,False,0.0,0.0,25.171557469855454,25.171441354173794,0.0,0.0,0.0,0.0,55.17,0.0,-25.171557469855454,-25.171557469855454,0.0,0.0,25.171557469855454,25.171557469855454,0.0,0.0,15713.037392347918,0.0,Consumer
2023-02-27 21:00:00,user_003,21,0,0,False,0.0,0.0,28.005941259131085,28.006521837539374,0.0,0.0,0.0,0.0,55.17,0.0,-28.005941259131085,-28.005941259131085,0.0,0.0,28.005941259131085,28.005941259131085,0.0,0.0,15741.043914185459,0.0,Consumer
2023-02-27 22:00:00,user_003,22,0,0,False,0.0,0.0,13.373043056570035,13.37281082520672,0.0,0.0,0.0,0.0,55.17,0.0,-13.373043056570035,-13.373043056570035,0.0,0.0,13.373043056570035,13.373043056570035,0.0,0.0,15754.416725010666,0.0,Consumer
2023-02-27 23:00:00,user_003,23,0,0,False,0.0,0.0,11.71258880885838,11.712472693176721,0.0,0.0,0.0,0.0,55.17,0.0,-11.71258880885838,-11.71258880885838,0.0,0.0,11.71258880885838,11.71258880885838,0.0,0.0,15766.129197703842,0.0,Consumer
2023-02-28 00:00:00,user_003,0,0,1,False,0.0,0.0,14.340286684782491,14.340286684782491,0.0,0.0,0.0,0.0,55.17,0.0,-14.340286684782491,-14.340286684782491,0.0,0.0,14.340286684782491,14.340286684782491,0.0,0.0,15780.469484388625,0.0,Consumer
2023-02-28 01:00:00,user_003,1,0,1,False,0.0,0.0,13.274344727160603,13.274809189887234,0.0,0.0,0.0,0.0,55.17,0.0,-13.274344727160603,-13.274344727160603,0.0,0.0,13.274344727160603,13.274344727160603,0.0,0.0,15793.744293578511,0.0,Consumer
2023-02-28 02:00:00,user_003,2,0,1,False,0.0,0.0,13.933881798978938,13.933417336252305,0.0,0.0,0.0,0.0,55.17,0.0,-13.933881798978938,-13.933881798978938,0.0,0.0,13.933881798978938,13.933881798978938,0.0,0.0,15807.677710914764,0.0,Consumer
2023-02-28 03:00:00,user_003,3,0,1,False,0.0,0.0,12.704216730219049,12.703868383174072,0.0,0.0,0.0,0.0,55.17,0.0,-12.704216730219049,-12.704216730219049,0.0,0.0,12.704216730219049,12.704216730219049,0.0,0.0,15820.381579297939,0.0,Consumer
2023-02-28 04:00:00,user_003,4,0,1,False,0.0,0.0,13.541410794974366,13.541294679292706,0.0,0.0,0.0,0.0,55.17,0.0,-13.541410794974366,-13.541410794974366,0.0,0.0,13.541410794974366,13.541410794974366,0.0,0.0,15833.922873977232,0.0,Consumer
2023-02-28 05:00:00,user_003,5,0,1,False,0.0,0.0,13.759708276491702,13.760056623536677,0.0,0.0,0.0,0.0,55.17,0.0,-13.759708276491702,-13.759708276491702,0.0,0.0,13.759708276491702,13.759708276491702,0.0,0.0,15847.682930600768,0.0,Consumer
2023-02-28 06:00:00,user_003,6,0,1,False,0.0,0.0,108.38702188699082,108.3865574242642,0.0,0.0,0.0,0.0,55.17,0.0,-108.38702188699082,-108.38702188699082,0.0,0.0,108.38702188699082,108.38702188699082,0.0,0.0,15956.069488025032,0.0,Consumer
2023-02-28 07:00:00,user_003,7,0,1,False,0.0,0.0,40.948195136749355,40.94877571515765,0.0,0.0,0.0,0.0,55.17,0.0,-40.948195136749355,-40.948195136749355,0.0,0.0,40.948195136749355,40.948195136749355,0.0,0.0,15997.01826374019,0.0,Consumer
2023-02-28 08:00:00,user_003,8,0,1,False,0.0,0.0,43.66297977391709,43.66263142687211,0.0,0.0,0.0,0.0,55.17,0.0,-43.66297977391709,-43.66297977391709,0.0,0.0,43.66297977391709,43.66297977391709,0.0,0.0,16040.680895167063,0.0,Consumer
2023-02-28 09:00:00,user_003,9,0,1,False,0.0,0.0,57.80122517261439,57.80076070988775,0.0,0.0,0.0,0.0,55.17,0.0,-57.80122517261439,-57.80122517261439,0.0,0.0,57.80122517261439,57.80122517261439,0.0,0.0,16098.48165587695,0.0,Consumer
2023-02-28 10:00:00,user_003,10,0,1,False,0.0,0.0,23.41937183363385,23.419255717952193,0.0,0.0,0.0,0.0,55.17,0.0,-23.41937183363385,-23.41937183363385,0.0,0.0,23.41937183363385,23.41937183363385,0.0,0.0,16121.900911594903,0.0,Consumer
2023-02-28 11:00:00,user_003,11,0,1,False,0.0,0.0,25.083309551795253,25.082728973386963,0.0,0.0,0.0,0.0,55.17,0.0,-25.083309551795253,-25.083309551795253,0.0,0.0,25.083309551795253,25.083309551795253,0.0,0.0,16146.983640568289,0.0,Consumer
2023-02-28 12:00:00,user_003,12,0,1,False,0.0,0.0,31.33730016590363,31.33788074431192,0.0,0.0,0.0,0.0,55.17,0.0,-31.33730016590363,-31.33730016590363,0.0,0.0,31.33730016590363,31.33730016590363,0.0,0.0,16178.3215213126,0.0,Consumer
2023-02-28 13:00:00,user_003,13,0,1,False,0.0,0.0,28.42047424265071,28.421054821059002,0.0,0.0,0.0,0.0,55.17,0.0,-28.42047424265071,-28.42047424265071,0.0,0.0,28.42047424265071,28.42047424265071,0.0,0.0,16206.74257613366,0.0,Consumer
2023-02-28 14:00:00,user_003,14,0,1,False,0.0,0.0,26.132995313985,26.132995313985,0.0,0.0,0.0,0.0,55.17,0.0,-26.132995313985,-26.132995313985,0.0,0.0,26.132995313985,26.132995313985,0.0,0.0,16232.875571447645,0.0,Consumer
2023-02-28 15:00:00,user_003,15,0,1,False,0.0,0.0,33.079035390776,33.07949985350263,0.0,0.0,0.0,0.0,55.17,0.0,-33.079035390776,-33.079035390776,0.0,0.0,33.079035390776,33.079035390776,0.0,0.0,16265.955071301147,0.0,Consumer
2023-02-28 16:00:00,user_003,16,0,1,False,0.0,0.0,25.773036700844713,25.773617279253003,0.0,0.0,0.0,0.0,55.17,0.0,-25.773036700844713,-25.773036700844713,0.0,0.0,25.773036700844713,25.773036700844713,0.0,0.0,16291.7286885804,0.0,Consumer
2023-02-28 17:00:00,user_003,17,0,1,False,0.0,0.0,23.47626851764635,23.476500749009663,0.0,0.0,0.0,0.0,55.17,0.0,-23.47626851764635,-23.47626851764635,0.0,0.0,23.47626851764635,23.47626851764635,0.0,0.0,16315.20518932941,0.0,Consumer
2023-02-28 18:00:00,user_003,18,0,1,False,0.0,0.0,27.21635462385561,27.216702970900585,0.0,0.0,0.0,0.0,55.17,0.0,-27.21635462385561,-27.21635462385561,0.0,0.0,27.21635462385561,27.21635462385561,0.0,0.0,16342.42189230031,0.0,Consumer
2023-02-28 19:00:00,user_003,19,0,1,False,0.0,0.0,30.343349930909802,30.343001583864826,0.0,0.0,0.0,0.0,55.17,0.0,-30.343349930909802,-30.343349930909802,0.0,0.0,30.343349930909802,30.343349930909802,0.0,0.0,16372.764893884174,0.0,Consumer
2023-02-28 20:00:00,user_003,20,0,1,False,0.0,0.0,27.25815626925255,27.25827238493421,0.0,0.0,0.0,0.0,55.17,0.0,-27.25815626925255,-27.25815626925255,0.0,0.0,27.25815626925255,27.25815626925255,0.0,0.0,16400.023166269108,0.0,Consumer
2023-02-28 21:00:00,user_003,21,0,1,False,0.0,0.0,25.437462380852633,25.43711403380766,0.0,0.0,0.0,0.0,55.17,0.0,-25.437462380852633,-25.437462380852633,0.0,0.0,25.437462380852633,25.437462380852633,0.0,0.0,16425.460280302916,0.0,Consumer
2023-02-28 22:00:00,user_003,22,0,1,False,0.0,0.0,12.262977139918048,12.262512677191415,0.0,0.0,0.0,0.0,55.17,0.0,-12.262977139918048,-12.262977139918048,0.0,0.0,12.262977139918048,12.262977139918048,0.0,0.0,16437.72279298011,0.0,Consumer
2023-02-28 23:00:00,user_003,23,0,1,False,0.0,0.0,12.821493568693786,12.821029105967154,0.0,0.0,0.0,0.0,55.17,0.0,-12.821493568693786,-12.821493568693786,0.0,0.0,12.821493568693786,12.821493568693786,0.0,0.0,16450.543822086074,0.0,Consumer
2023-02-01 00:00:00,user_004,0,0,2,False,0.0,0.0,14.754819668302115,14.754239089893824,20.0,0.0,8.083,8.083,10.0,2.0,-6.671819668302115,-6.671819668302115,0.0,0.0,6.671819668302115,6.671819668302115,0.0,0.0,14.754239089893824,0.0,Prosumer
2023-02-01 01:00:00,user_004,1,0,2,False,0.0,0.0,17.778472018680542,17.778472018680542,20.0,0.0,0.0,0.0,10.0,2.0,-17.778472018680542,-17.778472018680542,0.0,0.0,17.778472018680542,17.778472018680542,0.0,0.0,32.53271110857437,0.0,Prosumer
2023-02-01 02:00:00,user_004,2,0,2,False,0.0,0.0,18.110562868222875,18.111027330949508,20.0,0.0,0.0,0.0,10.0,2.0,-18.110562868222875,-18.110562868222875,0.0,0.0,18.110562868222875,18.110562868222875,0.0,0.0,50.64373843952387,0.0,Prosumer
2023-02-01 03:00:00,user_004,3,0,2,False,0.0,0.0,16.304964018438522,16.30449955571189,20.0,0.0,0.0,0.0,10.0,2.0,-16.304964018438522,-16.304964018438522,0.0,0.0,16.304964018438522,16.304964018438522,0.0,0.0,66.94823799523576,0.0,Prosumer
2023-02-01 04:00:00,user_004,4,0,2,False,0.0,0.0,14.822166763663846,14.822398995027163,20.0,0.0,0.0,0.0,10.0,2.0,-14.822166763663846,-14.822166763663846,0.0,0.0,14.822166763663846,14.822166763663846,0.0,0.0,81.77063699026291,0.0,Prosumer
2023-02-01 05:00:00,user_004,5,0,2,False,0.0,0.0,14.72927421833732,14.729390334018978,20.0,0.0,0.0,0.0,10.0,2.0,-14.72927421833732,-14.72927421833732,0.0,0.0,14.72927421833732,14.72927421833732,0.0,0.0,96.50002732428189,0.0,Prosumer
2023-02-01 06:00:00,user_004,6,0,2,False,0.0,0.0,56.85836583755014,56.858714184595115,20.0,0.0,0.0,0.0,10.0,2.0,-56.85836583755014,-56.85836583755014,0.0,0.0,56.85836583755014,56.85836583755014,0.0,0.0,153.35874150887702,0.0,Prosumer
2023-02-01 07:00:00,user_004,7,0,2,False,0.053617558664986104,0.053512426197015545,74.9631229216901,74.96265845896347,20.0,0.0,0.0,0.0,10.0,2.0,-74.90950536302512,-74.90950536302512,0.0,0.0,74.90950536302512,74.90950536302512,0.026756213098507772,0.053512426197015545,228.32139996784048,0.026756213098507772,Prosumer
2023-02-01 08:00:00,user_004,8,0,2,False,1.1091475370894184,1.1096731994292715,64.33969920678524,64.33911862837697,20.0,0.0,0.0,0.0,10.0,2.0,-63.23055166969582,-63.23055166969582,0.0,0.0,63.23055166969582,63.23055166969582,0.5548365997146357,1.163185625626287,292.66051859621746,0.5815928128131435,Prosumer
2023-02-01 09:00:00,user_004,9,0,2,False,1.0302981861114977,1.029772523771645,55.10966367177828,55.109431440414966,20.0,0.0,0.0,0.0,10.0,2.0,-54.079365485666784,-54.079365485666784,0.0,0.0,54.079365485666784,54.079365485666784,0.5148862618858225,2.192958149397932,347.7699500366324,1.096479074698966,Prosumer
2023-02-01 10:00:00,user_004,10,0,2,False,2.159420892115323,2.159420892115323,36.45219594294549,36.452776521353776,20.0,0.0,0.0,0.0,10.0,2.0,-34.292775050830166,-34.292775050830166,0.0,0.0,34.292775050830166,34.292775050830166,1.0797104460576614,4.352379041513255,384.22272655798616,2.1761895207566275,Prosumer
2023-02-01 11:00:00,user_004,11,0,2,False,8.682890529688633,8.68246999981675,31.578820783752604,31.579285246479234,20.0,0.0,0.0,0.0,10.0,2.0,-22.89593025406397,-22.89593025406397,0.0,0.0,22.89593025406397,22.89593025406397,4.341234999908375,13.034849041330006,415.8020118044654,6.517424520665003,Prosumer
2023-02-01 12:00:00,user_004,12,0,2,False,10.053817912024748,10.054028176960689,35.08783668346213,35.08783668346213,20.0,0.0,0.0,0.0,10.0,2.0,-25.03401877143738,-25.03401877143738,0.0,0.0,25.03401877143738,25.03401877143738,5.027014088480344,23.088877218290694,450.8898484879275,11.544438609145347,Prosumer
2023-02-01 13:00:00,user_004,13,0,2,False,6.651731248497394,6.6521517783692765,34.43062192527696,34.43015746255032,20.0,0.0,0.0,0.0,10.0,2.0,-27.778890676779564,-27.778890676779564,0.0,0.0,27.778890676779564,27.778890676779564,3.3260758891846383,29.74102899665997,485.3200059504778,14.870514498329985,Prosumer
2023-02-01 14:00:00,user_004,14,0,2,False,2.9773514929262874,2.977246360458317,34.08459719393564,34.08448107825399,20.0,0.0,0.0,0.0,10.0,2.0,-31.107245701009354,-31.107245701009354,0.0,0.0,31.107245701009354,31.107245701009354,1.4886231802291585,32.71827535711829,519.4044870287319,16.359137678559144,Prosumer
2023-02-01 15:00:00,user_004,15,0,2,False,4.4838997589444265,4.484215156348338,31.1817051524817,31.1817051524817,20.0,0.0,0.0,0.0,10.0,2.0,-26.697805393537273,-26.697805393537273,0.0,0.0,26.697805393537273,26.697805393537273,2.242107578174169,37.20249051346663,550.5861921812136,18.601245256733314,Prosumer
2023-02-01 16:00:00,user_004,16,0,2,False,1.2731541871234937,1.2727336572516113,36.88762974916358,36.887745864845236,20.0,0.0,0.0,0.0,10.0,2.0,-35.614475562040084,-35.614475562040084,0.0,0.0,35.614475562040084,35.614475562040084,0.6363668286258056,38.47522417071824,587.4739380460588,19.23761208535912,Prosumer
2023-02-01 17:00:00,user_004,17,0,2,False,0.0,0.0,35.62196881908966,35.62162047204468,20.0,0.0,0.0,0.0,10.0,2.0,-35.62196881908966,-35.62196881908966,0.0,0.0,35.62196881908966,35.62196881908966,0.0,38.47522417071824,623.0955585181035,19.23761208535912,Prosumer
2023-02-01 18:00:00,user_004,18,0,2,False,0.0,0.0,32.631990016392095,32.63222224775541,20.0,0.0,0.0,0.0,10.0,2.0,-32.631990016392095,-32.631990016392095,0.0,0.0,32.631990016392095,32.631990016392095,0.0,38.47522417071824,655.7277807658589,19.23761208535912,Prosumer
2023-02-01 19:00:00,user_004,19,0,2,False,0.0,0.0,33.606200585504034,33.60666504823067,20.0,0.0,0.0,0.0,10.0,2.0,-33.606200585504034,-33.606200585504034,0.0,0.0,33.606200585504034,33.606200585504034,0.0,38.47522417071824,689.3344458140896,19.23761208535912,Prosumer
2023-02-01 20:00:00,user_004,20,0,2,False,0.0,0.0,28.66431717413284,28.664084942769524,20.0,0.0,0.0,0.0,10.0,2.0,-28.66431717413284,-28.66431717413284,0.0,0.0,28.66431717413284,28.66431717413284,0.0,38.47522417071824,717.998530756859,19.23761208535912,Prosumer
2023-02-01 21:00:00,user_004,21,0,2,False,0.0,0.0,26.894714185662515,26.89483030134417,20.0,0.0,0.0,0.0,10.0,2.0,-26.894714185662515,-26.894714185662515,0.0,0.0,26.894714185662515,26.894714185662515,0.0,38.47522417071824,744.8933610582033,19.23761208535912,Prosumer
2023-02-01 22:00:00,user_004,22,0,2,False,0.0,0.0,15.241344374449795,15.241228258768137,20.0,0.0,0.0,0.0,10.0,2.0,-15.241344374449795,-15.241344374449795,0.0,0.0,15.241344374449795,15.241344374449795,0.0,38.47522417071824,760.1345893169714,19.23761208535912,Prosumer
2023-02-01 23:00:00,user_004,23,0,2,False,0.0,0.0,17.066682890116038,17.066799005797694,20.0,0.0,0.0,0.0,10.0,2.0,-17.066682890116038,-17.066682890116038,0.0,0.0,17.066682890116038,17.066682890116038,0.0,38.47522417071824,777.2013883227692,19.23761208535912,Prosumer
2023-02-02 00:00:00,user_004,0,0,3,False,0.0,0.0,13.659848790265686,13.660081021629003,20.0,0.0,0.0,0.0,10.0,2.0,-13.659848790265686,-13.659848790265686,0.0,0.0,13.659848790265686,13.659848790265686,0.0,38.47522417071824,790.8614693443982,19.23761208535912,Prosumer
2023-02-02 01:00:00,user_004,1,0,3,False,0.0,0.0,13.241832336296318,13.241948451977976,20.0,0.0,0.0,0.0,10.0,2.0,-13.241832336296318,-13.241832336296318,0.0,0.0,13.241832336296318,13.241832336296318,0.0,38.47522417071824,804.1034177963761,19.23761208535912,Prosumer
2023-02-02 02:00:00,user_004,2,0,3,False,0.0,0.0,13.966394189843223,13.966510305524881,20.0,0.0,0.0,0.0,10.0,2.0,-13.966394189843223,-13.966394189843223,0.0,0.0,13.966394189843223,13.966394189843223,0.0,38.47522417071824,818.069928101901,19.23761208535912,Prosumer
2023-02-02 03:00:00,user_004,3,0,3,False,0.0,0.0,14.940604758955168,14.940140296228535,20.0,0.0,0.0,0.0,10.0,2.0,-14.940604758955168,-14.940604758955168,0.0,0.0,14.940604758955168,14.940604758955168,0.0,38.47522417071824,833.0100683981295,19.23761208535912,Prosumer
2023-02-02 04:00:00,user_004,4,0,3,False,0.0,0.0,13.455485190547327,13.455949653273962,20.0,0.0,0.0,0.0,10.0,2.0,-13.455485190547327,-13.455485190547327,0.0,0.0,13.455485190547327,13.455485190547327,0.0,38.47522417071824,846.4660180514035,19.23761208535912,Prosumer
2023-02-02 05:00:00,user_004,5,0,3,False,0.0,0.0,13.246476963562644,13.246012500836011,20.0,0.0,0.0,0.0,10.0,2.0,-13.246476963562644,-13.246476963562644,0.0,0.0,13.246476963562644,13.246476963562644,0.0,38.47522417071824,859.7120305522395,19.23761208535912,Prosumer
2023-02-02 06:00:00,user_004,6,0,3,False,0.0,0.0,52.03375926465368,52.03352703329036,20.0,0.0,0.0,0.0,10.0,2.0,-52.03375926465368,-52.03375926465368,0.0,0.0,52.03375926465368,52.03375926465368,0.0,38.47522417071824,911.7455575855299,19.23761208535912,Prosumer
2023-02-02 07:00:00,user_004,7,0,3,False,0.0735927275793927,0.07338246264345158,60.08057600356402,60.08080823492733,20.0,0.0,0.0,0.0,10.0,2.0,-60.006983275984624,-60.006983275984624,0.0,0.0,60.006983275984624,60.006983275984624,0.03669123132172579,38.54860663336169,971.8263658204572,19.274303316680847,Prosumer
2023-02-02 08:00:00,user_004,8,0,3,False,3.583965833116424,3.583545303244542,50.18171414220606,50.18229472061436,20.0,0.0,0.0,0.0,10.0,2.0,-46.59774830908964,-46.59774830908964,0.0,0.0,46.59774830908964,46.59774830908964,1.791772651622271,42.132151936606235,1022.0086605410715,21.066075968303117,Prosumer
2023-02-02 09:00:00,user_004,9,0,3,False,8.188767930226996,8.189188460098878,51.98615183517384,51.98568737244721,20.0,0.0,0.0,0.0,10.0,2.0,-43.79738390494685,-43.79738390494685,0.0,0.0,43.79738390494685,43.79738390494685,4.094594230049439,50.32134039670511,1073.9943479135188,25.160670198352555,Prosumer
2023-02-02 10:00:00,user_004,10,0,3,False,10.820233603530138,10.820443868466079,33.881394751033866,33.88127863535221,20.0,0.0,0.0,0.0,10.0,2.0,-23.06116114750373,-23.06116114750373,0.0,0.0,23.06116114750373,23.06116114750373,5.410221934233039,61.14178426517119,1107.875626548871,30.570892132585595,Prosumer
2023-02-02 11:00:00,user_004,11,0,3,False,10.481707056664932,10.481812189132903,28.226561054281586,28.225980475873293,20.0,0.0,0.0,0.0,10.0,2.0,-17.74485399761665,-17.74485399761665,0.0,0.0,17.74485399761665,17.74485399761665,5.240906094566451,71.62359645430409,1136.1016070247442,35.811798227152046,Prosumer
2023-02-02 12:00:00,user_004,12,0,3,False,10.80972035673308,10.809299826861198,30.986630807295995,30.98651469161434,20.0,0.0,0.0,0.0,10.0,2.0,-20.176910450562914,-20.176910450562914,0.0,0.0,20.176910450562914,20.176910450562914,5.404649913430599,82.43289628116528,1167.0881217163585,41.21644814058264,Prosumer
2023-02-02 13:00:00,user_004,13,0,3,False,11.48572212578379,11.485406728379877,33.48544027657955,33.48578862362453,20.0,0.0,0.0,0.0,10.0,2.0,-21.999718150795765,-21.999718150795765,0.0,0.0,21.999718150795765,21.999718150795765,5.742703364189938,93.91830300954516,1200.573910339983,46.95915150477258,Prosumer
2023-02-02 14:00:00,user_004,14,0,3,False,8.858461751199469,8.85888228107135,30.141308644824605,30.14142476050627,20.0,0.0,0.0,0.0,10.0,2.0,-21.282846893625134,-21.282846893625134,0.0,0.0,21.282846893625134,21.282846893625134,4.429441140535675,102.7771852906165,1230.7153351004893,51.38859264530825,Prosumer
2023-02-02 15:00:00,user_004,15,0,3,False,6.855688236360282,6.855898501296224,29.956684710988135,29.95656859530648,20.0,0.0,0.0,0.0,10.0,2.0,-23.100996474627852,-23.100996474627852,0.0,0.0,23.100996474627852,23.100996474627852,3.427949250648112,109.63308379191272,1260.6719036957957,54.81654189595636,Prosumer
2023-02-02 16:00:00,user_004,16,0,3,False,1.8650499817977522,1.864839716861811,33.11503125209003,33.114566789363394,20.0,0.0,0.0,0.0,10.0,2.0,-31.249981270292274,-31.249981270292274,0.0,0.0,31.249981270292274,31.249981270292274,0.9324198584309055,111.49792350877453,1293.786470485159,55.74896175438727,Prosumer
2023-02-02 17:00:00,user_004,17,0,3,False,0.0,0.0,33.24624197236375,33.24647420372707,20.0,0.0,0.0,0.0,10.0,2.0,-33.24624197236375,-33.24624197236375,0.0,0.0,33.24624197236375,33.24624197236375,0.0,111.49792350877453,1327.0329446888861,55.74896175438727,Prosumer
2023-02-02 18:00:00,user_004,18,0,3,False,0.0,0.0,27.620437196026,27.620204964662683,20.0,0.0,0.0,0.0,10.0,2.0,-27.620437196026,-27.620437196026,0.0,0.0,27.620437196026,27.620437196026,0.0,111.49792350877453,1354.6531496535488,55.74896175438727,Prosumer
2023-02-02 19:00:00,user_004,19,0,3,False,0.0,0.0,35.00191107903509,35.00179496335343,20.0,0.0,0.0,0.0,10.0,2.0,-35.00191107903509,-35.00191107903509,0.0,0.0,35.00191107903509,35.00191107903509,0.0,111.49792350877453,1389.6549446169022,55.74896175438727,Prosumer
2023-02-02 20:00:00,user_004,20,0,3,False,0.0,0.0,34.846316065613166,34.8461999499315,20.0,0.0,0.0,0.0,10.0,2.0,-34.846316065613166,-34.846316065613166,0.0,0.0,34.846316065613166,34.846316065613166,0.0,111.49792350877453,1424.5011445668338,55.74896175438727,Prosumer
2023-02-02 21:00:00,user_004,21,0,3,False,0.0,0.0,28.896548537449153,28.896084074722523,20.0,0.0,0.0,0.0,10.0,2.0,-28.896548537449153,-28.896548537449153,0.0,0.0,28.896548537449153,28.896548537449153,0.0,111.49792350877453,1453.3972286415562,55.74896175438727,Prosumer
2023-02-02 22:00:00,user_004,22,0,3,False,0.0,0.0,12.602034930359869,12.601686583314894,20.0,0.0,0.0,0.0,10.0,2.0,-12.602034930359869,-12.602034930359869,0.0,0.0,12.602034930359869,12.602034930359869,0.0,111.49792350877453,1465.998915224871,55.74896175438727,Prosumer
2023-02-02 23:00:00,user_004,23,0,3,False,0.0,0.0,15.551373244477078,15.550792666068785,20.0,0.0,0.0,0.0,10.0,2.0,-15.551373244477078,-15.551373244477078,0.0,0.0,15.551373244477078,15.551373244477078,0.0,111.49792350877453,1481.5497078909398,55.74896175438727,Prosumer
2023-02-03 00:00:00,user_004,0,0,4,False,0.0,0.0,16.123823555051793,16.12428801777843,20.0,0.0,0.0,0.0,10.0,2.0,-16.123823555051793,-16.123823555051793,0.0,0.0,16.123823555051793,16.123823555051793,0.0,111.49792350877453,1497.673995908718,55.74896175438727,Prosumer
2023-02-03 01:00:00,user_004,1,0,4,False,0.0,0.0,17.228083687620877,17.228199803302534,20.0,0.0,0.0,0.0,10.0,2.0,-17.228083687620877,-17.228083687620877,0.0,0.0,17.228083687620877,17.228083687620877,0.0,111.49792350877453,1514.9021957120206,55.74896175438727,Prosumer
2023-02-03 02:00:00,user_004,2,0,4,False,0.0,0.0,17.586881143944584,17.586300565536295,20.0,0.0,0.0,0.0,10.0,2.0,-17.586881143944584,-17.586881143944584,0.0,0.0,17.586881143944584,17.586881143944584,0.0,111.49792350877453,1532.4884962775568,55.74896175438727,Prosumer
2023-02-03 03:00:00,user_004,3,0,4,False,0.0,0.0,13.572762029022067,13.572297566295434,20.0,0.0,0.0,0.0,10.0,2.0,-13.572762029022067,-13.572762029022067,0.0,0.0,13.572762029022067,13.572762029022067,0.0,111.49792350877453,1546.0607938438523,55.74896175438727,Prosumer
2023-02-03 04:00:00,user_004,4,0,4,False,0.0,0.0,16.745042451922938,16.74481022055962,20.0,0.0,0.0,0.0,10.0,2.0,-16.745042451922938,-16.745042451922938,0.0,0.0,16.745042451922938,16.745042451922938,0.0,111.49792350877453,1562.805604064412,55.74896175438727,Prosumer
2023-02-03 05:00:00,user_004,5,0,4,False,0.0,0.0,18.12914137728818,18.128560798879892,20.0,0.0,0.0,0.0,10.0,2.0,-18.12914137728818,-18.12914137728818,0.0,0.0,18.12914137728818,18.12914137728818,0.0,111.49792350877453,1580.9341648632917,55.74896175438727,Prosumer
2023-02-03 06:00:00,user_004,6,0,4,False,0.0,0.0,58.575716769274294,58.575368422229324,20.0,0.0,0.0,0.0,10.0,2.0,-58.575716769274294,-58.575716769274294,0.0,0.0,58.575716769274294,58.575716769274294,0.0,111.49792350877453,1639.509533285521,55.74896175438727,Prosumer
2023-02-03 07:00:00,user_004,7,0,4,False,0.15664737727613587,0.15685764221207701,58.71041095999775,58.710759307042736,20.0,0.0,0.0,0.0,10.0,2.0,-58.553763582721615,-58.553763582721615,0.0,0.0,58.553763582721615,58.553763582721615,0.07842882110603851,111.65478115098661,1698.2202925925637,55.827390575493304,Prosumer
2023-02-03 08:00:00,user_004,8,0,4,False,0.8252898735689038,0.8248693436970215,54.48147783400765,54.48112948696267,20.0,0.0,0.0,0.0,10.0,2.0,-53.65618796043874,-53.65618796043874,0.0,0.0,53.65618796043874,53.65618796043874,0.41243467184851074,112.47965049468363,1752.7014220795263,56.23982524734181,Prosumer
2023-02-03 09:00:00,user_004,9,0,4,False,0.0,0.0,0.16488426795458408,0.16534873068121675,20.0,0.0,0.0,0.0,10.0,2.0,-0.16488426795458408,-0.16488426795458408,0.0,0.0,0.16488426795458408,0.16488426795458408,0.0,112.47965049468363,1752.8667708102075,56.23982524734181,Prosumer
2023-02-03 10:00:00,user_004,10,0,4,False,0.0,0.0,0.09985948622601572,0.09939502349938309,20.0,0.0,0.0,0.0,10.0,2.0,-0.09985948622601572,-0.09985948622601572,0.0,0.0,0.09985948622601572,0.09985948622601572,0.0,112.47965049468363,1752.966165833707,56.23982524734181,Prosumer
2023-02-03 11:00:00,user_004,11,0,4,False,0.0,0.0,0.09869832940943415,0.09916279213606678,20.0,0.0,0.0,0.0,10.0,2.0,-0.09869832940943415,-0.09869832940943415,0.0,0.0,0.09869832940943415,0.09869832940943415,0.0,112.47965049468363,1753.065328625843,56.23982524734181,Prosumer
2023-02-03 12:00:00,user_004,12,0,4,False,3.7069708206419802,3.7069708206419802,0.096376015776271,0.09672436282124547,20.0,3.443,0.0,-3.443,27.21,5.443,0.167594804865709,0.167594804865709,0.167594804865709,0.167594804865709,0.0,0.0,1.8534854103209901,116.18662131532561,1753.1620529886643,58.093310657662805,Prosumer
2023-02-03 13:00:00,user_004,13,0,4,False,5.882161582952888,5.881741053081005,0.096376015776271,0.09672436282124547,20.0,5.511,0.0,-5.511,54.77,10.954,0.2747855671766164,0.2747855671766164,0.2747855671766164,0.2747855671766164,0.0,0.0,2.9408705265405026,122.06836236840661,1753.2587773514856,61.034181184203305,Prosumer
2023-02-03 14:00:00,user_004,14,0,4,False,7.511714836496583,7.511925101432524,15.874174839486756,15.874407070850072,20.0,0.0,6.526,6.526,22.14,4.428,-1.8364600029901723,-1.8364600029901723,0.0,0.0,1.8364600029901723,1.8364600029901723,3.755962550716262,129.58028746983913,1769.1331844223357,64.79014373491957,Prosumer
2023-02-03 15:00:00,user_004,15,0,4,False,5.83380064768643,5.833695515218459,25.530354926179157,25.529890463452528,20.0,0.0,2.428,2.428,10.0,2.0,-17.268554278492726,-17.268554278492726,0.0,0.0,17.268554278492726,17.268554278492726,2.9168477576092293,135.4139829850576,1794.6630748857883,67.7069914925288,Prosumer
2023-02-03 16:00:00,user_004,16,0,4,False,1.344644265343475,1.3443288679395633,31.455738161194954,31.45527369846832,20.0,0.0,0.0,0.0,10.0,2.0,-30.11109389585148,-30.11109389585148,0.0,0.0,30.11109389585148,30.11109389585148,0.6721644339697816,136.75831185299717,1826.1183485842566,68.37915592649858,Prosumer
2023-02-03 17:00:00,user_004,17,0,4,False,0.0,0.0,28.792044423956813,28.79169607691184,20.0,0.0,0.0,0.0,10.0,2.0,-28.792044423956813,-28.792044423956813,0.0,0.0,28.792044423956813,28.792044423956813,0.0,136.75831185299717,1854.9100446611685,68.37915592649858,Prosumer
2023-02-03 18:00:00,user_004,18,0,4,False,0.0,0.0,31.24905224784343,31.248936132161774,20.0,0.0,0.0,0.0,10.0,2.0,-31.24905224784343,-31.24905224784343,0.0,0.0,31.24905224784343,31.24905224784343,0.0,136.75831185299717,1886.1589807933303,68.37915592649858,Prosumer
2023-02-03 19:00:00,user_004,19,0,4,False,0.0,0.0,27.145524058044135,27.145059595317505,20.0,0.0,0.0,0.0,10.0,2.0,-27.145524058044135,-27.145524058044135,0.0,0.0,27.145524058044135,27.145524058044135,0.0,136.75831185299717,1913.3040403886478,68.37915592649858,Prosumer
2023-02-03 20:00:00,user_004,20,0,4,False,0.0,0.0,31.957357905958194,31.95747402163985,20.0,0.0,0.0,0.0,10.0,2.0,-31.957357905958194,-31.957357905958194,0.0,0.0,31.957357905958194,31.957357905958194,0.0,136.75831185299717,1945.2615144102876,68.37915592649858,Prosumer
2023-02-03 21:00:00,user_004,21,0,4,False,0.0,0.0,27.376594264543872,27.3770587272705,20.0,0.0,0.0,0.0,10.0,2.0,-27.376594264543872,-27.376594264543872,0.0,0.0,27.376594264543872,27.376594264543872,0.0,136.75831185299717,1972.638573137558,68.37915592649858,Prosumer
2023-02-03 22:00:00,user_004,22,0,4,False,0.0,0.0,13.719067787911346,13.718603325184715,20.0,0.0,0.0,0.0,10.0,2.0,-13.719067787911346,-13.719067787911346,0.0,0.0,13.719067787911346,13.719067787911346,0.0,136.75831185299717,1986.3571764627427,68.37915592649858,Prosumer
2023-02-03 23:00:00,user_004,23,0,4,False,0.0,0.0,13.89788593766491,13.898234284709885,20.0,0.0,0.0,0.0,10.0,2.0,-13.89788593766491,-13.89788593766491,0.0,0.0,13.89788593766491,13.89788593766491,0.0,136.75831185299717,2000.2554107474525,68.37915592649858,Prosumer
2023-02-04 00:00:00,user_004,0,0,5,True,0.0,0.0,12.76459688468129,12.76459688468129,20.0,0.0,0.0,0.0,10.0,2.0,-12.76459688468129,-12.76459688468129,0.0,0.0,12.76459688468129,12.76459688468129,0.0,136.75831185299717,2013.020007632134,68.37915592649858,Prosumer
2023-02-04 01:00:00,user_004,1,0,5,True,0.0,0.0,9.940663506754891,9.940315159709918,20.0,0.0,0.0,0.0,10.0,2.0,-9.940663506754891,-9.940663506754891,0.0,0.0,9.940663506754891,9.940663506754891,0.0,136.75831185299717,2022.9603227918437,68.37915592649858,Prosumer
2023-02-04 02:00:00,user_004,2,0,5,True,0.0,0.0,10.84520466687194,10.844624088463648,20.0,0.0,0.0,0.0,10.0,2.0,-10.84520466687194,-10.84520466687194,0.0,0.0,10.84520466687194,10.84520466687194,0.0,136.75831185299717,2033.8049468803074,68.37915592649858,Prosumer
2023-02-04 03:00:00,user_004,3,0,5,True,0.0,0.0,10.138060165573759,10.138408512618733,20.0,0.0,0.0,0.0,10.0,2.0,-10.138060165573759,-10.138060165573759,0.0,0.0,10.138060165573759,10.138060165573759,0.0,136.75831185299717,2043.9433553929262,68.37915592649858,Prosumer
2023-02-04 04:00:00,user_004,4,0,5,True,0.0,0.0,11.208646750461975,11.208878981825292,20.0,0.0,0.0,0.0,10.0,2.0,-11.208646750461975,-11.208646750461975,0.0,0.0,11.208646750461975,11.208646750461975,0.0,136.75831185299717,2055.1522343747515,68.37915592649858,Prosumer
2023-02-04 05:00:00,user_004,5,0,5,True,0.0,0.0,12.4174109965234,12.41787545925003,20.0,0.0,0.0,0.0,10.0,2.0,-12.4174109965234,-12.4174109965234,0.0,0.0,12.4174109965234,12.4174109965234,0.0,136.75831185299717,2067.5701098340014,68.37915592649858,Prosumer
2023-02-04 06:00:00,user_004,6,0,5,True,0.0,0.0,48.256516140313806,48.2570967187221,20.0,0.0,0.0,0.0,10.0,2.0,-48.256516140313806,-48.256516140313806,0.0,0.0,48.256516140313806,48.256516140313806,0.0,136.75831185299717,2115.8272065527235,68.37915592649858,Prosumer
2023-02-04 07:00:00,user_004,7,0,5,True,0.0,0.0,39.69414577484125,39.69449412188622,20.0,0.0,0.0,0.0,10.0,2.0,-39.69414577484125,-39.69414577484125,0.0,0.0,39.69414577484125,39.69414577484125,0.0,136.75831185299717,2155.5217006746097,68.37915592649858,Prosumer
2023-02-04 08:00:00,user_004,8,0,5,True,0.3490397936622625,0.3485141313224097,45.85988847088943,45.85988847088943,20.0,0.0,0.0,0.0,10.0,2.0,-45.510848677227166,-45.510848677227166,0.0,0.0,45.510848677227166,45.510848677227166,0.17425706566120486,137.10682598431958,2201.381589145499,68.55341299215979,Prosumer
2023-02-04 09:00:00,user_004,9,0,5,True,0.22182950741788368,0.221514110013972,45.01224399478488,45.012708457511515,20.0,0.0,0.0,0.0,10.0,2.0,-44.790414487366995,-44.790414487366995,0.0,0.0,44.790414487366995,44.790414487366995,0.110757055006986,137.32834009433356,2246.3942976030107,68.66417004716678,Prosumer
2023-02-04 10:00:00,user_004,10,0,5,True,1.3456955900231808,1.3462212523630335,31.585787724652093,31.586136071697066,20.0,0.0,0.0,0.0,10.0,2.0,-30.240092134628913,-30.240092134628913,0.0,0.0,30.240092134628913,30.240092134628913,0.6731106261815167,138.67456134669658,2277.980433674708,69.33728067334829,Prosumer
2023-02-04 11:00:00,user_004,11,0,5,True,8.545166996647199,8.544746466775315,30.259746640115928,30.25997887147924,20.0,0.0,0.0,0.0,10.0,2.0,-21.71457964346873,-21.71457964346873,0.0,0.0,21.71457964346873,21.71457964346873,4.272373233387658,147.2193078134719,2308.240412546187,73.60965390673594,Prosumer
2023-02-04 12:00:00,user_004,12,0,5,True,6.7652743139056,6.765484578841541,33.91971292598106,33.9195968102994,20.0,0.0,0.0,0.0,10.0,2.0,-27.15443861207546,-27.15443861207546,0.0,0.0,27.15443861207546,27.15443861207546,3.3827422894207704,153.98479239231344,2342.1600093564866,76.99239619615672,Prosumer
2023-02-04 13:00:00,user_004,13,0,5,True,2.838576635205147,2.838366370269206,31.317560500021745,31.317212152976772,20.0,0.0,0.0,0.0,10.0,2.0,-28.4789838648166,-28.4789838648166,0.0,0.0,28.4789838648166,28.4789838648166,1.419183185134603,156.82315876258264,2373.4772215094636,78.41157938129132,Prosumer
2023-02-04 14:00:00,user_004,14,0,5,True,2.8007289467357452,2.800518681799804,27.894470204739253,27.89458632042091,20.0,0.0,0.0,0.0,10.0,2.0,-25.093741258003508,-25.093741258003508,0.0,0.0,25.093741258003508,25.093741258003508,1.400259340899902,159.62367744438245,2401.3718078298843,79.81183872219123,Prosumer
2023-02-04 15:00:00,user_004,15,0,5,True,6.573933222199179,6.573512692327297,25.64879292147048,25.648444574425504,20.0,0.0,0.0,0.0,10.0,2.0,-19.0748596992713,-19.0748596992713,0.0,0.0,19.0748596992713,19.0748596992713,3.2867563461636484,166.19719013670974,2427.0202524043098,83.09859506835487,Prosumer
2023-02-04 16:00:00,user_004,16,0,5,True,1.1480465502385262,1.1476260203666437,32.540258627882146,32.54037474356381,20.0,0.0,0.0,0.0,10.0,2.0,-31.39221207764362,-31.39221207764362,0.0,0.0,31.39221207764362,31.39221207764362,0.5738130101833219,167.34481615707637,2459.5606271478737,83.67240807853818,Prosumer
2023-02-04 17:00:00,user_004,17,0,5,True,0.0,0.0,32.52051896200026,32.52005449927363,20.0,0.0,0.0,0.0,10.0,2.0,-32.52051896200026,-32.52051896200026,0.0,0.0,32.52051896200026,32.52051896200026,0.0,167.34481615707637,2492.0806816471472,83.67240807853818,Prosumer
2023-02-04 18:00:00,user_004,18,0,5,True,0.0,0.0,32.43343220075664,32.4335483164383,20.0,0.0,0.0,0.0,10.0,2.0,-32.43343220075664,-32.43343220075664,0.0,0.0,32.43343220075664,32.43343220075664,0.0,167.34481615707637,2524.5142299635854,83.67240807853818,Prosumer
2023-02-04 19:00:00,user_004,19,0,5,True,0.0,0.0,31.707709190393153,31.707244727666524,20.0,0.0,0.0,0.0,10.0,2.0,-31.707709190393153,-31.707709190393153,0.0,0.0,31.707709190393153,31.707709190393153,0.0,167.34481615707637,2556.221474691252,83.67240807853818,Prosumer
2023-02-04 20:00:00,user_004,20,0,5,True,0.0,0.0,28.945317123745582,28.94589770215387,20.0,0.0,0.0,0.0,10.0,2.0,-28.945317123745582,-28.945317123745582,0.0,0.0,28.945317123745582,28.945317123745582,0.0,167.34481615707637,2585.167372393406,83.67240807853818,Prosumer
2023-02-04 21:00:00,user_004,21,0,5,True,0.0,0.0,25.64647060783732,25.64705118624561,20.0,0.0,0.0,0.0,10.0,2.0,-25.64647060783732,-25.64647060783732,0.0,0.0,25.64647060783732,25.64647060783732,0.0,167.34481615707637,2610.8144235796517,83.67240807853818,Prosumer
2023-02-04 22:00:00,user_004,22,0,5,True,0.0,0.0,13.119910870555252,13.11944640782862,20.0,0.0,0.0,0.0,10.0,2.0,-13.119910870555252,-13.119910870555252,0.0,0.0,13.119910870555252,13.119910870555252,0.0,167.34481615707637,2623.93386998748,83.67240807853818,Prosumer
2023-02-04 23:00:00,user_004,23,0,5,True,0.0,0.0,15.790571548692883,15.790571548692883,20.0,0.0,0.0,0.0,10.0,2.0,-15.790571548692883,-15.790571548692883,0.0,0.0,15.790571548692883,15.790571548692883,0.0,167.34481615707637,2639.724441536173,83.67240807853818,Prosumer
2023-02-05 00:00:00,user_004,0,0,6,True,0.0,0.0,10.85797739185434,10.85797739185434,20.0,0.0,0.0,0.0,10.0,2.0,-10.85797739185434,-10.85797739185434,0.0,0.0,10.85797739185434,10.85797739185434,0.0,167.34481615707637,2650.5824189280274,83.67240807853818,Prosumer
2023-02-05 01:00:00,user_004,1,0,6,True,0.0,0.0,10.20424610411891,10.204710566845542,20.0,0.0,0.0,0.0,10.0,2.0,-10.20424610411891,-10.20424610411891,0.0,0.0,10.20424610411891,10.20424610411891,0.0,167.34481615707637,2660.787129494873,83.67240807853818,Prosumer
2023-02-05 02:00:00,user_004,2,0,6,True,0.0,0.0,12.20608045590555,12.206196571587208,20.0,0.0,0.0,0.0,10.0,2.0,-12.20608045590555,-12.20608045590555,0.0,0.0,12.20608045590555,12.20608045590555,0.0,167.34481615707637,2672.99332606646,83.67240807853818,Prosumer
2023-02-05 03:00:00,user_004,3,0,6,True,0.0,0.0,13.223253827231012,13.223486058594329,20.0,0.0,0.0,0.0,10.0,2.0,-13.223253827231012,-13.223253827231012,0.0,0.0,13.223253827231012,13.223253827231012,0.0,167.34481615707637,2686.2168121250547,83.67240807853818,Prosumer
2023-02-05 04:00:00,user_004,4,0,6,True,0.0,0.0,14.437823857375342,14.438288320101977,20.0,0.0,0.0,0.0,10.0,2.0,-14.437823857375342,-14.437823857375342,0.0,0.0,14.437823857375342,14.437823857375342,0.0,167.34481615707637,2700.6551004451567,83.67240807853818,Prosumer
2023-02-05 05:00:00,user_004,5,0,6,True,0.0,0.0,11.030989757524994,11.031454220251627,20.0,0.0,0.0,0.0,10.0,2.0,-11.030989757524994,-11.030989757524994,0.0,0.0,11.030989757524994,11.030989757524994,0.0,167.34481615707637,2711.6865546654085,83.67240807853818,Prosumer
2023-02-05 06:00:00,user_004,6,0,6,True,0.0,0.0,48.693111103348485,48.69369168175677,20.0,0.0,0.0,0.0,10.0,2.0,-48.693111103348485,-48.693111103348485,0.0,0.0,48.693111103348485,48.693111103348485,0.0,167.34481615707637,2760.380246347165,83.67240807853818,Prosumer
2023-02-05 07:00:00,user_004,7,0,6,True,0.0725414028996871,0.0722260054957754,51.74811468777462,51.74776634072964,20.0,0.0,0.0,0.0,10.0,2.0,-51.67557328487493,-51.67557328487493,0.0,0.0,51.67557328487493,51.67557328487493,0.0361130027478877,167.41704216257213,2812.1280126878946,83.70852108128607,Prosumer
2023-02-05 08:00:00,user_004,8,0,6,True,0.9356789649379929,0.9360994948098751,49.31084652976988,49.31142710817817,20.0,0.0,0.0,0.0,10.0,2.0,-48.37516756483189,-48.37516756483189,0.0,0.0,48.37516756483189,48.37516756483189,0.46804974740493754,168.353141657382,2861.4394397960727,84.176570828691,Prosumer
2023-02-05 09:00:00,user_004,9,0,6,True,2.0637503462621125,2.063855478730083,35.405993651205485,35.40645811393212,20.0,0.0,0.0,0.0,10.0,2.0,-33.34224330494337,-33.34224330494337,0.0,0.0,33.34224330494337,33.34224330494337,1.0319277393650415,170.4169971361121,2896.845897910005,85.20849856805604,Prosumer
2023-02-05 10:00:00,user_004,10,0,6,True,2.3139656200320475,2.314070752500018,32.14662646706099,32.14720704546929,20.0,0.0,0.0,0.0,10.0,2.0,-29.832660847028944,-29.832660847028944,0.0,0.0,29.832660847028944,29.832660847028944,1.157035376250009,172.7310678886121,2928.9931049554743,86.36553394430605,Prosumer
2023-02-05 11:00:00,user_004,11,0,6,True,1.6295532535436954,1.6295532535436954,26.103966393570463,26.104430856297093,20.0,0.0,0.0,0.0,10.0,2.0,-24.47441314002677,-24.47441314002677,0.0,0.0,24.47441314002677,24.47441314002677,0.8147766267718477,174.3606211421558,2955.0975358117716,87.1803105710779,Prosumer
2023-02-05 12:00:00,user_004,12,0,6,True,1.587500266355471,1.587500266355471,33.264820481429055,33.264820481429055,20.0,0.0,0.0,0.0,10.0,2.0,-31.677320215073586,-31.677320215073586,0.0,0.0,31.677320215073586,31.677320215073586,0.7937501331777355,175.94812140851127,2988.3623562932007,87.97406070425563,Prosumer
2023-02-05 13:00:00,user_004,13,0,6,True,1.6453231237392796,1.6449025938673973,33.450605572082104,33.45014110935547,20.0,0.0,0.0,0.0,10.0,2.0,-31.805282448342822,-31.805282448342822,0.0,0.0,31.805282448342822,31.805282448342822,0.8224512969336987,177.59302400237866,3021.8124974025563,88.79651200118933,Prosumer
2023-02-05 14:00:00,user_004,14,0,6,True,1.9628231770103737,1.963033441946315,29.38655671404658,29.387021176773214,20.0,0.0,0.0,0.0,10.0,2.0,-27.423733537036206,-27.423733537036206,0.0,0.0,27.423733537036206,27.423733537036206,0.9815167209731575,179.55605744432498,3051.1995185793294,89.77802872216249,Prosumer
2023-02-05 15:00:00,user_004,15,0,6,True,0.5656126776816182,0.5657178101495888,30.154081369807006,30.154661948215296,20.0,0.0,0.0,0.0,10.0,2.0,-29.58846869212539,-29.58846869212539,0.0,0.0,29.58846869212539,29.58846869212539,0.2828589050747944,180.12177525447456,3081.3541805275445,90.06088762723728,Prosumer
2023-02-05 16:00:00,user_004,16,0,6,True,0.17767387087024808,0.17756873840227752,34.03815092127238,34.03768645854575,20.0,0.0,0.0,0.0,10.0,2.0,-33.86047705040213,-33.86047705040213,0.0,0.0,33.86047705040213,33.86047705040213,0.08878436920113876,180.29934399287683,3115.3918669860905,90.14967199643841,Prosumer
2023-02-05 17:00:00,user_004,17,0,6,True,0.0,0.0,27.03056953320256,27.03056953320256,20.0,0.0,0.0,0.0,10.0,2.0,-27.03056953320256,-27.03056953320256,0.0,0.0,27.03056953320256,27.03056953320256,0.0,180.29934399287683,3142.422436519293,90.14967199643841,Prosumer
2023-02-05 18:00:00,user_004,18,0,6,True,0.0,0.0,33.55510968557444,33.55464522284782,20.0,0.0,0.0,0.0,10.0,2.0,-33.55510968557444,-33.55510968557444,0.0,0.0,33.55510968557444,33.55510968557444,0.0,180.29934399287683,3175.977081742141,90.14967199643841,Prosumer
2023-02-05 19:00:00,user_004,19,0,6,True,0.0,0.0,26.513854749823757,26.514086981187074,20.0,0.0,0.0,0.0,10.0,2.0,-26.513854749823757,-26.513854749823757,0.0,0.0,26.513854749823757,26.513854749823757,0.0,180.29934399287683,3202.491168723328,90.14967199643841,Prosumer
2023-02-05 20:00:00,user_004,20,0,6,True,0.0,0.0,33.414609710768076,33.41449359508642,20.0,0.0,0.0,0.0,10.0,2.0,-33.414609710768076,-33.414609710768076,0.0,0.0,33.414609710768076,33.414609710768076,0.0,180.29934399287683,3235.905662318414,90.14967199643841,Prosumer
2023-02-05 21:00:00,user_004,21,0,6,True,0.0,0.0,26.94116045832578,26.941624921052412,20.0,0.0,0.0,0.0,10.0,2.0,-26.94116045832578,-26.94116045832578,0.0,0.0,26.94116045832578,26.94116045832578,0.0,180.29934399287683,3262.847287239467,90.14967199643841,Prosumer
2023-02-05 22:00:00,user_004,22,0,6,True,0.0,0.0,12.819171255060622,12.818706792333991,20.0,0.0,0.0,0.0,10.0,2.0,-12.819171255060622,-12.819171255060622,0.0,0.0,12.819171255060622,12.819171255060622,0.0,180.29934399287683,3275.665994031801,90.14967199643841,Prosumer
2023-02-05 23:00:00,user_004,23,0,6,True,0.0,0.0,15.976356639345935,15.9758921766193,20.0,0.0,0.0,0.0,10.0,2.0,-15.976356639345935,-15.976356639345935,0.0,0.0,15.976356639345935,15.976356639345935,0.0,180.29934399287683,3291.64188620842,90.14967199643841,Prosumer
2023-02-06 00:00:00,user_004,0,0,0,False,0.0,0.0,17.527662146298923,17.52789437766224,20.0,0.0,0.0,0.0,10.0,2.0,-17.527662146298923,-17.527662146298923,0.0,0.0,17.527662146298923,17.527662146298923,0.0,180.29934399287683,3309.169780586082,90.14967199643841,Prosumer
2023-02-06 01:00:00,user_004,1,0,0,False,0.0,0.0,18.53206279264199,18.531714445597014,20.0,0.0,0.0,0.0,10.0,2.0,-18.53206279264199,-18.53206279264199,0.0,0.0,18.53206279264199,18.53206279264199,0.0,180.29934399287683,3327.7014950316793,90.14967199643841,Prosumer
2023-02-06 02:00:00,user_004,2,0,0,False,0.0,0.0,17.928261248019567,17.928609595064543,20.0,0.0,0.0,0.0,10.0,2.0,-17.928261248019567,-17.928261248019567,0.0,0.0,17.928261248019567,17.928261248019567,0.0,180.29934399287683,3345.630104626744,90.14967199643841,Prosumer
2023-02-06 03:00:00,user_004,3,0,0,False,0.0,0.0,20.004409636067432,20.00452575174909,20.0,0.0,0.0,0.0,10.0,2.0,-20.004409636067432,-20.004409636067432,0.0,0.0,20.004409636067432,20.004409636067432,0.0,180.29934399287683,3365.634630378493,90.14967199643841,Prosumer
2023-02-06 04:00:00,user_004,4,0,0,False,0.0,0.0,18.623794181151936,18.62402641251525,20.0,0.0,0.0,0.0,10.0,2.0,-18.623794181151936,-18.623794181151936,0.0,0.0,18.623794181151936,18.623794181151936,0.0,180.29934399287683,3384.2586567910084,90.14967199643841,Prosumer
2023-02-06 05:00:00,user_004,5,0,0,False,0.0,0.0,15.341203860675812,15.34062328226752,20.0,0.0,0.0,0.0,10.0,2.0,-15.341203860675812,-15.341203860675812,0.0,0.0,15.341203860675812,15.341203860675812,0.0,180.29934399287683,3399.599280073276,90.14967199643841,Prosumer
2023-02-06 06:00:00,user_004,6,0,0,False,0.0,0.0,62.539906141083804,62.54025448812878,20.0,0.0,0.0,0.0,10.0,2.0,-62.539906141083804,-62.539906141083804,0.0,0.0,62.539906141083804,62.539906141083804,0.0,180.29934399287683,3462.139534561405,90.14967199643841,Prosumer
2023-02-06 07:00:00,user_004,7,0,0,False,0.0,0.0,70.70748318891862,70.70759930460028,20.0,0.0,0.0,0.0,10.0,2.0,-70.70748318891862,-70.70748318891862,0.0,0.0,70.70748318891862,70.70748318891862,0.0,180.29934399287683,3532.847133866005,90.14967199643841,Prosumer
2023-02-06 08:00:00,user_004,8,0,0,False,0.10933776668938343,0.10902236928547175,60.62748086417395,60.62724863281063,20.0,0.0,0.0,0.0,10.0,2.0,-60.51814309748456,-60.51814309748456,0.0,0.0,60.51814309748456,60.51814309748456,0.054511184642735876,180.4083663621623,3593.474382498816,90.20418318108115,Prosumer
2023-02-06 09:00:00,user_004,9,0,0,False,0.5288163138919219,0.5286060489559807,64.02618686630822,64.0265352133532,20.0,0.0,0.0,0.0,10.0,2.0,-63.4973705524163,-63.4973705524163,0.0,0.0,63.4973705524163,63.4973705524163,0.26430302447799037,180.9369724111183,3657.500917712169,90.46848620555915,Prosumer
2023-02-06 10:00:00,user_004,10,0,0,False,0.9293710168597592,0.9292658843917887,35.31077879224579,35.31101102360911,20.0,0.0,0.0,0.0,10.0,2.0,-34.38140777538603,-34.38140777538603,0.0,0.0,34.38140777538603,34.38140777538603,0.46463294219589435,181.86623829551007,3692.811928735778,90.93311914775504,Prosumer
2023-02-06 11:00:00,user_004,11,0,0,False,2.6588001149754876,2.6593257773153405,31.109713429853645,31.10924896712701,20.0,0.0,0.0,0.0,10.0,2.0,-28.450913314878157,-28.450913314878157,0.0,0.0,28.450913314878157,28.450913314878157,1.3296628886576702,184.5255640728254,3723.921177702905,92.2627820364127,Prosumer
2023-02-06 12:00:00,user_004,12,0,0,False,5.934727816938167,5.934727816938167,32.92808500462039,32.92808500462039,20.0,0.0,0.0,0.0,10.0,2.0,-26.993357187682225,-26.993357187682225,0.0,0.0,26.993357187682225,26.993357187682225,2.9673639084690837,190.46029188976357,3756.849262707525,95.23014594488178,Prosumer
2023-02-06 13:00:00,user_004,13,0,0,False,3.7994873924560744,3.7991719950521627,32.3289280872643,32.329392549990935,20.0,0.0,0.0,0.0,10.0,2.0,-28.529440694808226,-28.529440694808226,0.0,0.0,28.529440694808226,28.529440694808226,1.8995859975260814,194.25946388481572,3789.1786552575163,97.12973194240786,Prosumer
2023-02-06 14:00:00,user_004,14,0,0,False,3.235977364133867,3.2362927615377792,30.248135071950113,30.24755449354182,20.0,0.0,0.0,0.0,10.0,2.0,-27.012157707816247,-27.012157707816247,0.0,0.0,27.012157707816247,27.012157707816247,1.6181463807688896,197.4957566463535,3819.426209751058,98.74787832317675,Prosumer
2023-02-06 15:00:00,user_004,15,0,0,False,2.005927488878304,2.0061377538142446,34.79174169523383,34.79162557955217,20.0,0.0,0.0,0.0,10.0,2.0,-32.785814206355525,-32.785814206355525,0.0,0.0,32.785814206355525,32.785814206355525,1.0030688769071223,199.50189440016774,3854.2178353306103,99.75094720008387,Prosumer
2023-02-06 16:00:00,user_004,16,0,0,False,0.9093958479453526,0.9089753180734704,37.166307385143156,37.16595903809818,20.0,0.0,0.0,0.0,10.0,2.0,-36.2569115371978,-36.2569115371978,0.0,0.0,36.2569115371978,36.2569115371978,0.4544876590367352,200.4108697182412,3891.3837943687085,100.2054348591206,Prosumer
2023-02-06 17:00:00,user_004,17,0,0,False,0.0,0.0,36.0980431138881,36.09815922956976,20.0,0.0,0.0,0.0,10.0,2.0,-36.0980431138881,-36.0980431138881,0.0,0.0,36.0980431138881,36.0980431138881,0.0,200.4108697182412,3927.4819535982783,100.2054348591206,Prosumer
2023-02-06 18:00:00,user_004,18,0,0,False,0.0,0.0,35.88206794600393,35.88171959895896,20.0,0.0,0.0,0.0,10.0,2.0,-35.88206794600393,-35.88206794600393,0.0,0.0,35.88206794600393,35.88206794600393,0.0,200.4108697182412,3963.3636731972374,100.2054348591206,Prosumer
2023-02-06 19:00:00,user_004,19,0,0,False,0.0,0.0,38.990484743992816,38.99060085967447,20.0,0.0,0.0,0.0,10.0,2.0,-38.990484743992816,-38.990484743992816,0.0,0.0,38.990484743992816,38.990484743992816,0.0,200.4108697182412,4002.354274056912,100.2054348591206,Prosumer
2023-02-06 20:00:00,user_004,20,0,0,False,0.0,0.0,28.12554041123899,28.125888758283963,20.0,0.0,0.0,0.0,10.0,2.0,-28.12554041123899,-28.12554041123899,0.0,0.0,28.12554041123899,28.12554041123899,0.0,200.4108697182412,4030.480162815196,100.2054348591206,Prosumer
2023-02-06 21:00:00,user_004,21,0,0,False,0.0,0.0,35.99237784357918,35.99249395926084,20.0,0.0,0.0,0.0,10.0,2.0,-35.99237784357918,-35.99237784357918,0.0,0.0,35.99237784357918,35.99237784357918,0.0,200.4108697182412,4066.4726567744565,100.2054348591206,Prosumer
2023-02-06 22:00:00,user_004,22,0,0,False,0.0,0.0,14.112699948732502,14.11281606441416,20.0,0.0,0.0,0.0,10.0,2.0,-14.112699948732502,-14.112699948732502,0.0,0.0,14.112699948732502,14.112699948732502,0.0,200.4108697182412,4080.585472838871,100.2054348591206,Prosumer
2023-02-06 23:00:00,user_004,23,0,0,False,0.0,0.0,14.483108973222025,14.482992857540365,20.0,0.0,0.0,0.0,10.0,2.0,-14.483108973222025,-14.483108973222025,0.0,0.0,14.483108973222025,14.483108973222025,0.0,200.4108697182412,4095.0684656964113,100.2054348591206,Prosumer
2023-02-07 00:00:00,user_004,0,0,1,False,0.0,0.0,17.372067132876992,17.372067132876992,20.0,0.0,0.0,0.0,10.0,2.0,-17.372067132876992,-17.372067132876992,0.0,0.0,17.372067132876992,17.372067132876992,0.0,200.4108697182412,4112.440532829289,100.2054348591206,Prosumer
2023-02-07 01:00:00,user_004,1,0,1,False,0.0,0.0,17.534629087198415,17.534629087198415,20.0,0.0,0.0,0.0,10.0,2.0,-17.534629087198415,-17.534629087198415,0.0,0.0,17.534629087198415,17.534629087198415,0.0,200.4108697182412,4129.975161916487,100.2054348591206,Prosumer
2023-02-07 02:00:00,user_004,2,0,1,False,0.0,0.0,15.758059157828598,15.758291389191914,20.0,0.0,0.0,0.0,10.0,2.0,-15.758059157828598,-15.758059157828598,0.0,0.0,15.758059157828598,15.758059157828598,0.0,200.4108697182412,4145.733453305679,100.2054348591206,Prosumer
2023-02-07 03:00:00,user_004,3,0,1,False,0.0,0.0,15.50957159908014,15.509107136353508,20.0,0.0,0.0,0.0,10.0,2.0,-15.50957159908014,-15.50957159908014,0.0,0.0,15.50957159908014,15.50957159908014,0.0,200.4108697182412,4161.242560442032,100.2054348591206,Prosumer
2023-02-07 04:00:00,user_004,4,0,1,False,0.0,0.0,14.311257764367951,14.31137388004961,20.0,0.0,0.0,0.0,10.0,2.0,-14.311257764367951,-14.311257764367951,0.0,0.0,14.311257764367951,14.311257764367951,0.0,200.4108697182412,4175.553934322082,100.2054348591206,Prosumer
2023-02-07 05:00:00,user_004,5,0,1,False,0.0,0.0,19.572459300299084,19.572227068935764,20.0,0.0,0.0,0.0,10.0,2.0,-19.572459300299084,-19.572459300299084,0.0,0.0,19.572459300299084,19.572459300299084,0.0,200.4108697182412,4195.126161391017,100.2054348591206,Prosumer
2023-02-07 06:00:00,user_004,6,0,1,False,0.0,0.0,67.55958705916596,67.55935482780265,20.0,0.0,0.0,0.0,10.0,2.0,-67.55958705916596,-67.55958705916596,0.0,0.0,67.55958705916596,67.55958705916596,0.0,200.4108697182412,4262.68551621882,100.2054348591206,Prosumer
2023-02-07 07:00:00,user_004,7,0,1,False,0.4215811965619496,0.4217914614978907,74.53001142910519,74.53035977615016,20.0,0.0,0.0,0.0,10.0,2.0,-74.10843023254324,-74.10843023254324,0.0,0.0,74.10843023254324,74.10843023254324,0.21089573074894535,200.8326611797391,4337.215875994971,100.41633058986955,Prosumer
2023-02-07 08:00:00,user_004,8,0,1,False,2.1121112815285703,2.1116907516566883,62.21362107562438,62.21373719130603,20.0,0.0,0.0,0.0,10.0,2.0,-60.10150979409581,-60.10150979409581,0.0,0.0,60.10150979409581,60.10150979409581,1.0558453758283441,202.94435193139577,4399.429613186277,101.47217596569789,Prosumer
2023-02-07 09:00:00,user_004,9,0,1,False,2.5694375172005106,2.5699631795403635,55.54161400754663,55.541962354591604,20.0,0.0,0.0,0.0,10.0,2.0,-52.972176490346115,-52.972176490346115,0.0,0.0,52.972176490346115,52.972176490346115,1.2849815897701817,205.51431511093614,4454.971575540868,102.75715755546807,Prosumer
2023-02-07 10:00:00,user_004,10,0,1,False,3.990828484162495,3.9903028218226426,37.276617282718405,37.27708174544504,20.0,0.0,0.0,0.0,10.0,2.0,-33.28578879855591,-33.28578879855591,0.0,0.0,33.28578879855591,33.28578879855591,1.9951514109113213,209.50461793275878,4492.248657286313,104.75230896637939,Prosumer
2023-02-07 11:00:00,user_004,11,0,1,False,8.645042841219231,8.644727443815318,39.23432767547495,39.23386321274832,20.0,0.0,0.0,0.0,10.0,2.0,-30.58928483425572,-30.58928483425572,0.0,0.0,30.58928483425572,30.58928483425572,4.322363721907659,218.1493453765741,4531.482520499061,109.07467268828705,Prosumer
2023-02-07 12:00:00,user_004,12,0,1,False,6.08506724613607,6.08506724613607,32.21977934650563,32.220243809232265,20.0,0.0,0.0,0.0,10.0,2.0,-26.134712100369562,-26.134712100369562,0.0,0.0,26.134712100369562,26.134712100369562,3.042533623068035,224.23441262271018,4563.702764308294,112.11720631135509,Prosumer
2023-02-07 13:00:00,user_004,13,0,1,False,3.6501992879378777,3.6498838905339657,35.947092727732496,35.94744107477747,20.0,0.0,0.0,0.0,10.0,2.0,-32.296893439794616,-32.296893439794616,0.0,0.0,32.296893439794616,32.296893439794616,1.8249419452669828,227.88429651324415,4599.650205383071,113.94214825662208,Prosumer
2023-02-07 14:00:00,user_004,14,0,1,False,2.0469291513868226,2.0473496812587046,38.812827751055835,38.812827751055835,20.0,0.0,0.0,0.0,10.0,2.0,-36.765898599669015,-36.765898599669015,0.0,0.0,36.765898599669015,36.765898599669015,1.0236748406293523,229.93164619450286,4638.463033134127,114.96582309725143,Prosumer
2023-02-07 15:00:00,user_004,15,0,1,False,6.4782626763459685,6.47847294128191,31.888849653779882,31.888965769461542,20.0,0.0,0.0,0.0,10.0,2.0,-25.410586977433915,-25.410586977433915,0.0,0.0,25.410586977433915,25.410586977433915,3.239236470640955,236.41011913578478,4670.3519989035885,118.20505956789239,Prosumer
2023-02-07 16:00:00,user_004,16,0,1,False,2.2645533600858836,2.2645533600858836,34.818448302015206,34.818796649060175,20.0,0.0,0.0,0.0,10.0,2.0,-32.55389494192932,-32.55389494192932,0.0,0.0,32.55389494192932,32.55389494192932,1.1322766800429418,238.67467249587065,4705.170795552649,119.33733624793533,Prosumer
2023-02-07 17:00:00,user_004,17,0,1,False,0.0,0.0,37.98376178401659,37.984342362424876,20.0,0.0,0.0,0.0,10.0,2.0,-37.98376178401659,-37.98376178401659,0.0,0.0,37.98376178401659,37.98376178401659,0.0,238.67467249587065,4743.155137915074,119.33733624793533,Prosumer
2023-02-07 18:00:00,user_004,18,0,1,False,0.0,0.0,36.01443982309423,36.014788170139205,20.0,0.0,0.0,0.0,10.0,2.0,-36.01443982309423,-36.01443982309423,0.0,0.0,36.01443982309423,36.01443982309423,0.0,238.67467249587065,4779.169926085214,119.33733624793533,Prosumer
2023-02-07 19:00:00,user_004,19,0,1,False,0.0,0.0,31.812213303885496,31.812561650930473,20.0,0.0,0.0,0.0,10.0,2.0,-31.812213303885496,-31.812213303885496,0.0,0.0,31.812213303885496,31.812213303885496,0.0,238.67467249587065,4810.982487736144,119.33733624793533,Prosumer
2023-02-07 20:00:00,user_004,20,0,1,False,0.0,0.0,37.8444229660268,37.844887428753424,20.0,0.0,0.0,0.0,10.0,2.0,-37.8444229660268,-37.8444229660268,0.0,0.0,37.8444229660268,37.8444229660268,0.0,238.67467249587065,4848.827375164898,119.33733624793533,Prosumer
2023-02-07 21:00:00,user_004,21,0,1,False,0.0,0.0,35.45360108068533,35.45371719636699,20.0,0.0,0.0,0.0,10.0,2.0,-35.45360108068533,-35.45360108068533,0.0,0.0,35.45360108068533,35.45360108068533,0.0,238.67467249587065,4884.281092361264,119.33733624793533,Prosumer
2023-02-07 22:00:00,user_004,22,0,1,False,0.0,0.0,18.964013128410336,18.964129244091993,20.0,0.0,0.0,0.0,10.0,2.0,-18.964013128410336,-18.964013128410336,0.0,0.0,18.964013128410336,18.964013128410336,0.0,238.67467249587065,4903.245221605356,119.33733624793533,Prosumer
2023-02-07 23:00:00,user_004,23,0,1,False,0.0,0.0,19.066194928269518,19.06654327531449,20.0,0.0,0.0,0.0,10.0,2.0,-19.066194928269518,-19.066194928269518,0.0,0.0,19.066194928269518,19.066194928269518,0.0,238.67467249587065,4922.311764880671,119.33733624793533,Prosumer
2023-02-08 00:00:00,user_004,0,0,2,False,0.0,0.0,19.722248529638104,19.722016298274788,20.0,0.0,0.0,0.0,10.0,2.0,-19.722248529638104,-19.722248529638104,0.0,0.0,19.722248529638104,19.722248529638104,0.0,238.67467249587065,4942.033781178946,119.33733624793533,Prosumer
2023-02-08 01:00:00,user_004,1,0,2,False,0.0,0.0,14.128956144164643,14.129420606891276,20.0,0.0,0.0,0.0,10.0,2.0,-14.128956144164643,-14.128956144164643,0.0,0.0,14.128956144164643,14.128956144164643,0.0,238.67467249587065,4956.163201785837,119.33733624793533,Prosumer
2023-02-08 02:00:00,user_004,2,0,2,False,0.0,0.0,20.418942619587053,20.418826503905397,20.0,0.0,0.0,0.0,10.0,2.0,-20.418942619587053,-20.418942619587053,0.0,0.0,20.418942619587053,20.418942619587053,0.0,238.67467249587065,4976.582028289743,119.33733624793533,Prosumer
2023-02-08 03:00:00,user_004,3,0,2,False,0.0,0.0,15.286629490296477,15.286513374614819,20.0,0.0,0.0,0.0,10.0,2.0,-15.286629490296477,-15.286629490296477,0.0,0.0,15.286629490296477,15.286629490296477,0.0,238.67467249587065,4991.8685416643575,119.33733624793533,Prosumer
2023-02-08 04:00:00,user_004,4,0,2,False,0.0,0.0,19.294942821136086,19.29540728386272,20.0,0.0,0.0,0.0,10.0,2.0,-19.294942821136086,-19.294942821136086,0.0,0.0,19.294942821136086,19.294942821136086,0.0,238.67467249587065,5011.16394894822,119.33733624793533,Prosumer
2023-02-08 05:00:00,user_004,5,0,2,False,0.0,0.0,14.03838591247128,14.03838591247128,20.0,0.0,0.0,0.0,10.0,2.0,-14.03838591247128,-14.03838591247128,0.0,0.0,14.03838591247128,14.03838591247128,0.0,238.67467249587065,5025.202334860692,119.33733624793533,Prosumer
2023-02-08 06:00:00,user_004,6,0,2,False,0.0,0.0,54.08203988910359,54.08180765774027,20.0,0.0,0.0,0.0,10.0,2.0,-54.08203988910359,-54.08203988910359,0.0,0.0,54.08203988910359,54.08203988910359,0.0,238.67467249587065,5079.284142518432,119.33733624793533,Prosumer
2023-02-08 07:00:00,user_004,7,0,2,False,0.4121192744445991,0.41253980431648135,64.64740576317936,64.64717353181605,20.0,0.0,0.0,0.0,10.0,2.0,-64.23528648873477,-64.23528648873477,0.0,0.0,64.23528648873477,64.23528648873477,0.20626990215824068,239.08721230018713,5143.931316050249,119.54360615009357,Prosumer
2023-02-08 08:00:00,user_004,8,0,2,False,4.433436174318556,4.433646439254498,58.64770849190236,58.64817295462899,20.0,0.0,0.0,0.0,10.0,2.0,-54.2142723175838,-54.2142723175838,0.0,0.0,54.2142723175838,54.2142723175838,2.216823219627249,243.52085873944162,5202.579489004878,121.76042936972081,Prosumer
2023-02-08 09:00:00,user_004,9,0,2,False,5.54153238672827,5.5414272542603,60.69482795953567,60.694363496809046,20.0,0.0,0.0,0.0,10.0,2.0,-55.1532955728074,-55.1532955728074,0.0,0.0,55.1532955728074,55.1532955728074,2.77071362713015,249.06228599370192,5263.2738525016875,124.53114299685096,Prosumer
2023-02-08 10:00:00,user_004,10,0,2,False,7.048080652746409,7.047870387810468,32.443882612105874,32.444347074832514,20.0,0.0,0.0,0.0,10.0,2.0,-25.395801959359467,-25.395801959359467,0.0,0.0,25.395801959359467,25.395801959359467,3.523935193905234,256.1101563815124,5295.71819957652,128.0550781907562,Prosumer
2023-02-08 11:00:00,user_004,11,0,2,False,10.110589444728852,10.110168914856969,31.36516792950159,31.36540016086491,20.0,0.0,0.0,0.0,10.0,2.0,-21.25457848477274,-21.25457848477274,0.0,0.0,21.25457848477274,21.25457848477274,5.055084457428484,266.22032529636937,5327.083599737385,133.11016264818468,Prosumer
2023-02-08 12:00:00,user_004,12,0,2,False,12.320473921470043,12.320368789002073,31.072556411723035,31.071975833314742,20.0,0.0,0.0,0.0,10.0,2.0,-18.75208249025299,-18.75208249025299,0.0,0.0,18.75208249025299,18.75208249025299,6.160184394501036,278.54069408537146,5358.1555755706995,139.27034704268573,Prosumer
2023-02-08 13:00:00,user_004,13,0,2,False,10.143180509799725,10.143390774735664,31.854014949282433,31.85436329632741,20.0,0.0,0.0,0.0,10.0,2.0,-21.71083443948271,-21.71083443948271,0.0,0.0,21.71083443948271,21.71083443948271,5.071695387367832,288.68408486010713,5390.009938867027,144.34204243005357,Prosumer
2023-02-08 14:00:00,user_004,14,0,2,False,8.588271308515129,8.58848157345107,28.52381719932647,28.52381719932647,20.0,0.0,0.0,0.0,10.0,2.0,-19.93554589081134,-19.93554589081134,0.0,0.0,19.93554589081134,19.93554589081134,4.294240786725535,297.2725664335582,5418.533756066354,148.6362832167791,Prosumer
2023-02-08 15:00:00,user_004,15,0,2,False,6.567625274120945,6.5677304065889155,30.347994558176126,30.348110673857786,20.0,0.0,0.0,0.0,10.0,2.0,-23.78036928405518,-23.78036928405518,0.0,0.0,23.78036928405518,23.78036928405518,3.2838652032944577,303.8402968401471,5448.881866740212,151.92014842007356,Prosumer
2023-02-08 16:00:00,user_004,16,0,2,False,2.4275086854402534,2.4277189503761947,39.50719952737162,39.50685118032664,20.0,0.0,0.0,0.0,10.0,2.0,-37.07969084193137,-37.07969084193137,0.0,0.0,37.07969084193137,37.07969084193137,1.2138594751880973,306.2680157905233,5488.3887179205385,153.13400789526165,Prosumer
2023-02-08 17:00:00,user_004,17,0,2,False,0.0,0.0,37.26616687136917,37.266631334095806,20.0,0.0,0.0,0.0,10.0,2.0,-37.26616687136917,-37.26616687136917,0.0,0.0,37.26616687136917,37.26616687136917,0.0,306.2680157905233,5525.6553492546345,153.13400789526165,Prosumer
2023-02-08 18:00:00,user_004,18,0,2,False,0.0,0.0,31.17473821158221,31.17427374885558,20.0,0.0,0.0,0.0,10.0,2.0,-31.17473821158221,-31.17473821158221,0.0,0.0,31.17473821158221,31.17473821158221,0.0,306.2680157905233,5556.82962300349,153.13400789526165,Prosumer
2023-02-08 19:00:00,user_004,19,0,2,False,0.0,0.0,31.943424024159217,31.943424024159217,20.0,0.0,0.0,0.0,10.0,2.0,-31.943424024159217,-31.943424024159217,0.0,0.0,31.943424024159217,31.943424024159217,0.0,306.2680157905233,5588.773047027649,153.13400789526165,Prosumer
2023-02-08 20:00:00,user_004,20,0,2,False,0.0,0.0,29.37842861633051,29.377964153603877,20.0,0.0,0.0,0.0,10.0,2.0,-29.37842861633051,-29.37842861633051,0.0,0.0,29.37842861633051,29.37842861633051,0.0,306.2680157905233,5618.151011181253,153.13400789526165,Prosumer
2023-02-08 21:00:00,user_004,21,0,2,False,0.0,0.0,30.682407721351623,30.682756068396596,20.0,0.0,0.0,0.0,10.0,2.0,-30.682407721351623,-30.682407721351623,0.0,0.0,30.682407721351623,30.682407721351623,0.0,306.2680157905233,5648.83376724965,153.13400789526165,Prosumer
2023-02-08 22:00:00,user_004,22,0,2,False,0.0,0.0,16.09015000737093,16.089917776007614,20.0,0.0,0.0,0.0,10.0,2.0,-16.09015000737093,-16.09015000737093,0.0,0.0,16.09015000737093,16.09015000737093,0.0,306.2680157905233,5664.9236850256575,153.13400789526165,Prosumer
2023-02-08 23:00:00,user_004,23,0,2,False,0.0,0.0,15.183286533620718,15.182822070894083,20.0,0.0,0.0,0.0,10.0,2.0,-15.183286533620718,-15.183286533620718,0.0,0.0,15.183286533620718,15.183286533620718,0.0,306.2680157905233,5680.1065070965515,153.13400789526165,Prosumer
2023-02-09 00:00:00,user_004,0,0,3,False,0.0,0.0,14.005873521606995,14.006105752970313,20.0,0.0,0.0,0.0,10.0,2.0,-14.005873521606995,-14.005873521606995,0.0,0.0,14.005873521606995,14.005873521606995,0.0,306.2680157905233,5694.112612849522,153.13400789526165,Prosumer
2023-02-09 01:00:00,user_004,1,0,3,False,0.0,0.0,14.450596582357742,14.450480466676083,20.0,0.0,0.0,0.0,10.0,2.0,-14.450596582357742,-14.450596582357742,0.0,0.0,14.450596582357742,14.450596582357742,0.0,306.2680157905233,5708.563093316197,153.13400789526165,Prosumer
2023-02-09 02:00:00,user_004,2,0,3,False,0.0,0.0,18.300992586142254,18.30052812341562,20.0,0.0,0.0,0.0,10.0,2.0,-18.300992586142254,-18.300992586142254,0.0,0.0,18.300992586142254,18.300992586142254,0.0,306.2680157905233,5726.863621439613,153.13400789526165,Prosumer
2023-02-09 03:00:00,user_004,3,0,3,False,0.0,0.0,19.686252668324077,19.686020436960764,20.0,0.0,0.0,0.0,10.0,2.0,-19.686252668324077,-19.686252668324077,0.0,0.0,19.686252668324077,19.686252668324077,0.0,306.2680157905233,5746.549641876573,153.13400789526165,Prosumer
2023-02-09 04:00:00,user_004,4,0,3,False,0.0,0.0,15.713935198798497,15.713354620390207,20.0,0.0,0.0,0.0,10.0,2.0,-15.713935198798497,-15.713935198798497,0.0,0.0,15.713935198798497,15.713935198798497,0.0,306.2680157905233,5762.262996496964,153.13400789526165,Prosumer
2023-02-09 05:00:00,user_004,5,0,3,False,0.0,0.0,16.09247232100409,16.092356205322435,20.0,0.0,0.0,0.0,10.0,2.0,-16.09247232100409,-16.09247232100409,0.0,0.0,16.09247232100409,16.09247232100409,0.0,306.2680157905233,5778.355352702286,153.13400789526165,Prosumer
2023-02-09 06:00:00,user_004,6,0,3,False,0.0,0.0,68.17848364240395,68.17848364240395,20.0,0.0,0.0,0.0,10.0,2.0,-68.17848364240395,-68.17848364240395,0.0,0.0,68.17848364240395,68.17848364240395,0.0,306.2680157905233,5846.53383634469,153.13400789526165,Prosumer
2023-02-09 07:00:00,user_004,7,0,3,False,0.35955304045931863,0.35934277552337746,66.36824016535326,66.36765958694498,20.0,0.0,0.0,0.0,10.0,2.0,-66.00868712489394,-66.00868712489394,0.0,0.0,66.00868712489394,66.00868712489394,0.17967138776168873,306.62735856604667,5912.901495931635,153.31367928302333,Prosumer
2023-02-09 08:00:00,user_004,8,0,3,False,4.541722616328236,4.541196953988382,68.92510747546591,68.92499135978424,20.0,0.0,0.0,0.0,10.0,2.0,-64.38338485913768,-64.38338485913768,0.0,0.0,64.38338485913768,64.38338485913768,2.270598476994191,311.16855552003506,5981.826487291419,155.58427776001753,Prosumer
2023-02-09 09:00:00,user_004,9,0,3,False,8.010042734677041,8.010042734677041,56.93384103062794,56.93430549335458,20.0,0.0,0.0,0.0,10.0,2.0,-48.923798295950895,-48.923798295950895,0.0,0.0,48.923798295950895,48.923798295950895,4.005021367338521,319.1785982547121,6038.760792784773,159.58929912735604,Prosumer
2023-02-09 10:00:00,user_004,10,0,3,False,10.566864355721085,10.566443825849202,30.962246514147783,30.962014282784466,20.0,0.0,0.0,0.0,10.0,2.0,-20.3953821584267,-20.3953821584267,0.0,0.0,20.3953821584267,20.3953821584267,5.283221912924601,329.7450420805613,6069.722807067557,164.87252104028065,Prosumer
2023-02-09 11:00:00,user_004,11,0,3,False,10.58053157655726,10.580741841493198,36.95613800134189,36.955789654296915,20.0,0.0,0.0,0.0,10.0,2.0,-26.375606424784632,-26.375606424784632,0.0,0.0,26.375606424784632,26.375606424784632,5.290370920746599,340.3257839220545,6106.678596721854,170.16289196102724,Prosumer
2023-02-09 12:00:00,user_004,12,0,3,False,12.371988830775619,12.371673433371706,32.92227922053749,32.92285979894578,20.0,0.0,0.0,0.0,10.0,2.0,-20.55029038976187,-20.55029038976187,0.0,0.0,20.55029038976187,20.55029038976187,6.185836716685853,352.6974573554262,6139.6014565208,176.3487286777131,Prosumer
2023-02-09 13:00:00,user_004,13,0,3,False,10.671996823691646,10.67231222109556,34.75806814755296,34.75818426323462,20.0,0.0,0.0,0.0,10.0,2.0,-24.086071323861315,-24.086071323861315,0.0,0.0,24.086071323861315,24.086071323861315,5.33615611054778,363.3697695765218,6174.359640784034,181.6848847882609,Prosumer
2023-02-09 14:00:00,user_004,14,0,3,False,9.329455207707584,9.329244942771641,34.44803927752568,34.447923161844024,20.0,0.0,0.0,0.0,10.0,2.0,-25.118584069818098,-25.118584069818098,0.0,0.0,25.118584069818098,25.118584069818098,4.664622471385821,372.6990145192934,6208.807563945878,186.3495072596467,Prosumer
2023-02-09 15:00:00,user_004,15,0,3,False,4.974868384366946,4.974552986963035,35.033262313082794,35.03372677580943,20.0,0.0,0.0,0.0,10.0,2.0,-30.058393928715848,-30.058393928715848,0.0,0.0,30.058393928715848,30.058393928715848,2.4872764934815175,377.67356750625646,6243.841290721688,188.83678375312823,Prosumer
2023-02-09 16:00:00,user_004,16,0,3,False,2.352864633181155,2.352444103309273,30.576742451042698,30.576974682406018,20.0,0.0,0.0,0.0,10.0,2.0,-28.223877817861542,-28.223877817861542,0.0,0.0,28.223877817861542,28.223877817861542,1.1762220516546364,380.0260116095657,6274.418265404094,190.01300580478286,Prosumer
2023-02-09 17:00:00,user_004,17,0,3,False,0.0,0.0,33.23230809056477,33.23288866897306,20.0,0.0,0.0,0.0,10.0,2.0,-33.23230809056477,-33.23230809056477,0.0,0.0,33.23230809056477,33.23230809056477,0.0,380.0260116095657,6307.651154073067,190.01300580478286,Prosumer
2023-02-09 18:00:00,user_004,18,0,3,False,0.0,0.0,32.448527239372204,32.44899170209884,20.0,0.0,0.0,0.0,10.0,2.0,-32.448527239372204,-32.448527239372204,0.0,0.0,32.448527239372204,32.448527239372204,0.0,380.0260116095657,6340.100145775166,190.01300580478286,Prosumer
2023-02-09 19:00:00,user_004,19,0,3,False,0.0,0.0,31.862143046998508,31.86260750972514,20.0,0.0,0.0,0.0,10.0,2.0,-31.862143046998508,-31.862143046998508,0.0,0.0,31.862143046998508,31.862143046998508,0.0,380.0260116095657,6371.962753284892,190.01300580478286,Prosumer
2023-02-09 20:00:00,user_004,20,0,3,False,0.0,0.0,32.758556109399485,32.7587883407628,20.0,0.0,0.0,0.0,10.0,2.0,-32.758556109399485,-32.758556109399485,0.0,0.0,32.758556109399485,32.758556109399485,0.0,380.0260116095657,6404.721541625655,190.01300580478286,Prosumer
2023-02-09 21:00:00,user_004,21,0,3,False,0.0,0.0,33.869783182868055,33.86943483582308,20.0,0.0,0.0,0.0,10.0,2.0,-33.869783182868055,-33.869783182868055,0.0,0.0,33.869783182868055,33.869783182868055,0.0,380.0260116095657,6438.590976461478,190.01300580478286,Prosumer
2023-02-09 22:00:00,user_004,22,0,3,False,0.0,0.0,16.09247232100409,16.092240089640775,20.0,0.0,0.0,0.0,10.0,2.0,-16.09247232100409,-16.09247232100409,0.0,0.0,16.09247232100409,16.09247232100409,0.0,380.0260116095657,6454.683216551119,190.01300580478286,Prosumer
2023-02-09 23:00:00,user_004,23,0,3,False,0.0,0.0,16.92153828804334,16.921654403724997,20.0,0.0,0.0,0.0,10.0,2.0,-16.92153828804334,-16.92153828804334,0.0,0.0,16.92153828804334,16.92153828804334,0.0,380.0260116095657,6471.604870954844,190.01300580478286,Prosumer
2023-02-10 00:00:00,user_004,0,0,4,False,0.0,0.0,17.125901887761696,17.126250234806673,20.0,0.0,0.0,0.0,10.0,2.0,-17.125901887761696,-17.125901887761696,0.0,0.0,17.125901887761696,17.125901887761696,0.0,380.0260116095657,6488.73112118965,190.01300580478286,Prosumer
2023-02-10 01:00:00,user_004,1,0,4,False,0.0,0.0,15.242505531266378,15.242041068539745,20.0,0.0,0.0,0.0,10.0,2.0,-15.242505531266378,-15.242505531266378,0.0,0.0,15.242505531266378,15.242505531266378,0.0,380.0260116095657,6503.97316225819,190.01300580478286,Prosumer
2023-02-10 02:00:00,user_004,2,0,4,False,0.0,0.0,17.884137288989468,17.884137288989468,20.0,0.0,0.0,0.0,10.0,2.0,-17.884137288989468,-17.884137288989468,0.0,0.0,17.884137288989468,17.884137288989468,0.0,380.0260116095657,6521.8572995471795,190.01300580478286,Prosumer
2023-02-10 03:00:00,user_004,3,0,4,False,0.0,0.0,17.4661208350201,17.466236950701756,20.0,0.0,0.0,0.0,10.0,2.0,-17.4661208350201,-17.4661208350201,0.0,0.0,17.4661208350201,17.4661208350201,0.0,380.0260116095657,6539.323536497881,190.01300580478286,Prosumer
2023-02-10 04:00:00,user_004,4,0,4,False,0.0,0.0,16.894831681261962,16.894947796943622,20.0,0.0,0.0,0.0,10.0,2.0,-16.894831681261962,-16.894831681261962,0.0,0.0,16.894831681261962,16.894831681261962,0.0,380.0260116095657,6556.2184842948245,190.01300580478286,Prosumer
2023-02-10 05:00:00,user_004,5,0,4,False,0.0,0.0,15.753414530562273,15.753066183517298,20.0,0.0,0.0,0.0,10.0,2.0,-15.753414530562273,-15.753414530562273,0.0,0.0,15.753414530562273,15.753414530562273,0.0,380.0260116095657,6571.971550478342,190.01300580478286,Prosumer
2023-02-10 06:00:00,user_004,6,0,4,False,0.0,0.0,60.99905104548005,60.998702698435075,20.0,0.0,0.0,0.0,10.0,2.0,-60.99905104548005,-60.99905104548005,0.0,0.0,60.99905104548005,60.99905104548005,0.0,380.0260116095657,6632.970253176777,190.01300580478286,Prosumer
2023-02-10 07:00:00,user_004,7,0,4,False,0.41527324848371594,0.41506298354777477,66.88031032146574,66.87972974305745,20.0,0.0,0.0,0.0,10.0,2.0,-66.46503707298203,-66.46503707298203,0.0,0.0,66.46503707298203,66.46503707298203,0.20753149177388738,380.4410745931135,6699.8499829198345,190.22053729655676,Prosumer
2023-02-10 08:00:00,user_004,8,0,4,False,4.4838997589444265,4.4838997589444265,65.51827337561555,65.51873783834219,20.0,0.0,0.0,0.0,10.0,2.0,-61.034373616671125,-61.034373616671125,0.0,0.0,61.034373616671125,61.034373616671125,2.2419498794722132,384.9249743520579,6765.368720758177,192.46248717602896,Prosumer
2023-02-10 09:00:00,user_004,9,0,4,False,8.027915254232038,8.027599856828125,49.447863034126506,49.44751468708153,20.0,0.0,0.0,0.0,10.0,2.0,-41.41994777989447,-41.41994777989447,0.0,0.0,41.41994777989447,41.41994777989447,4.013799928414063,392.95257420888606,6814.816235445259,196.47628710444303,Prosumer
2023-02-10 10:00:00,user_004,10,0,4,False,9.22957936313555,9.22978962807149,30.604610214640655,30.60437798327734,20.0,0.0,0.0,0.0,10.0,2.0,-21.375030851505105,-21.375030851505105,0.0,0.0,21.375030851505105,21.375030851505105,4.614894814035745,402.18236383695756,6845.420613428536,201.09118191847878,Prosumer
2023-02-10 11:00:00,user_004,11,0,4,False,11.088321396855068,11.088426529323039,35.39089861258992,35.39066638122661,20.0,0.0,0.0,0.0,10.0,2.0,-24.302577215734853,-24.302577215734853,0.0,0.0,24.302577215734853,24.302577215734853,5.544213264661519,413.2707903662806,6880.811279809763,206.6353951831403,Prosumer
2023-02-10 12:00:00,user_004,12,0,4,False,10.285109341559982,10.285109341559982,32.919956906904325,32.91949244417769,20.0,0.0,0.0,0.0,10.0,2.0,-22.634847565344344,-22.634847565344344,0.0,0.0,22.634847565344344,22.634847565344344,5.142554670779991,423.5558997078406,6913.730772253941,211.7779498539203,Prosumer
2023-02-10 13:00:00,user_004,13,0,4,False,10.702485239403108,10.702800636807021,35.04835735169836,35.0482412360167,20.0,0.0,0.0,0.0,10.0,2.0,-24.345872112295247,-24.345872112295247,0.0,0.0,24.345872112295247,24.345872112295247,5.351400318403511,434.2587003446476,6948.779013489958,217.1293501723238,Prosumer
2023-02-10 14:00:00,user_004,14,0,4,False,7.802931772775037,7.802616375371126,34.96475406090448,34.964405713859506,20.0,0.0,0.0,0.0,10.0,2.0,-27.161822288129446,-27.161822288129446,0.0,0.0,27.161822288129446,27.161822288129446,3.901308187685563,442.06131672001874,6983.743419203817,221.03065836000937,Prosumer
2023-02-10 15:00:00,user_004,15,0,4,False,1.061837926502666,1.0622584563745483,35.448956453419,35.44837587501071,20.0,0.0,0.0,0.0,10.0,2.0,-34.38711852691633,-34.38711852691633,0.0,0.0,34.38711852691633,34.38711852691633,0.5311292281872741,443.1235751763933,7019.191795078828,221.56178758819664,Prosumer
2023-02-10 16:00:00,user_004,16,0,4,False,0.10092716925173856,0.100822036783768,37.95705517723521,37.957519639961845,20.0,0.0,0.0,0.0,10.0,2.0,-37.85612800798347,-37.85612800798347,0.0,0.0,37.85612800798347,37.85612800798347,0.050411018391884,443.22439721317704,7057.14931471879,221.61219860658852,Prosumer
2023-02-10 17:00:00,user_004,17,0,4,False,0.0,0.0,30.890254791519727,30.890022560156407,20.0,0.0,0.0,0.0,10.0,2.0,-30.890254791519727,-30.890254791519727,0.0,0.0,30.890254791519727,30.890254791519727,0.0,443.22439721317704,7088.039337278947,221.61219860658852,Prosumer
2023-02-10 18:00:00,user_004,18,0,4,False,0.0,0.0,32.965242022751006,32.96547425411432,20.0,0.0,0.0,0.0,10.0,2.0,-32.965242022751006,-32.965242022751006,0.0,0.0,32.965242022751006,32.965242022751006,0.0,443.22439721317704,7121.004811533061,221.61219860658852,Prosumer
2023-02-10 19:00:00,user_004,19,0,4,False,0.0,0.0,32.287126441867365,32.28654586345907,20.0,0.0,0.0,0.0,10.0,2.0,-32.287126441867365,-32.287126441867365,0.0,0.0,32.287126441867365,32.287126441867365,0.0,443.22439721317704,7153.29135739652,221.61219860658852,Prosumer
2023-02-10 20:00:00,user_004,20,0,4,False,0.0,0.0,28.491304808462182,28.49095646141721,20.0,0.0,0.0,0.0,10.0,2.0,-28.491304808462182,-28.491304808462182,0.0,0.0,28.491304808462182,28.491304808462182,0.0,443.22439721317704,7181.782313857937,221.61219860658852,Prosumer
2023-02-10 21:00:00,user_004,21,0,4,False,0.0,0.0,37.51349327330105,37.51337715761939,20.0,0.0,0.0,0.0,10.0,2.0,-37.51349327330105,-37.51349327330105,0.0,0.0,37.51349327330105,37.51349327330105,0.0,443.22439721317704,7219.295691015556,221.61219860658852,Prosumer
2023-02-10 22:00:00,user_004,22,0,4,False,0.0,0.0,14.513299050453147,14.513763513179779,20.0,0.0,0.0,0.0,10.0,2.0,-14.513299050453147,-14.513299050453147,0.0,0.0,14.513299050453147,14.513299050453147,0.0,443.22439721317704,7233.809454528736,221.61219860658852,Prosumer
2023-02-10 23:00:00,user_004,23,0,4,False,0.0,0.0,15.215798924485,15.216031155848318,20.0,0.0,0.0,0.0,10.0,2.0,-15.215798924485,-15.215798924485,0.0,0.0,15.215798924485,15.215798924485,0.0,443.22439721317704,7249.025485684584,221.61219860658852,Prosumer
2023-02-11 00:00:00,user_004,0,0,5,True,0.0,0.0,10.91951870313316,10.919402587451504,20.0,0.0,0.0,0.0,10.0,2.0,-10.91951870313316,-10.91951870313316,0.0,0.0,10.91951870313316,10.91951870313316,0.0,443.22439721317704,7259.944888272035,221.61219860658852,Prosumer
2023-02-11 01:00:00,user_004,1,0,5,True,0.0,0.0,13.738807453793234,13.7383429910666,20.0,0.0,0.0,0.0,10.0,2.0,-13.738807453793234,-13.738807453793234,0.0,0.0,13.738807453793234,13.738807453793234,0.0,443.22439721317704,7273.683231263102,221.61219860658852,Prosumer
2023-02-11 02:00:00,user_004,2,0,5,True,0.0,0.0,12.54513824634737,12.545254362029029,20.0,0.0,0.0,0.0,10.0,2.0,-12.54513824634737,-12.54513824634737,0.0,0.0,12.54513824634737,12.54513824634737,0.0,443.22439721317704,7286.228485625132,221.61219860658852,Prosumer
2023-02-11 03:00:00,user_004,3,0,5,True,0.0,0.0,10.618779087638533,10.619359666046824,20.0,0.0,0.0,0.0,10.0,2.0,-10.618779087638533,-10.618779087638533,0.0,0.0,10.618779087638533,10.618779087638533,0.0,443.22439721317704,7296.847845291179,221.61219860658852,Prosumer
2023-02-11 04:00:00,user_004,4,0,5,True,0.0,0.0,12.5811341076614,12.580785760616426,20.0,0.0,0.0,0.0,10.0,2.0,-12.5811341076614,-12.5811341076614,0.0,0.0,12.5811341076614,12.5811341076614,0.0,443.22439721317704,7309.428631051795,221.61219860658852,Prosumer
2023-02-11 05:00:00,user_004,5,0,5,True,0.0,0.0,12.720472925651189,12.720008462924556,20.0,0.0,0.0,0.0,10.0,2.0,-12.720472925651189,-12.720472925651189,0.0,0.0,12.720472925651189,12.720472925651189,0.0,443.22439721317704,7322.148639514719,221.61219860658852,Prosumer
2023-02-11 06:00:00,user_004,6,0,5,True,0.0,0.0,52.147552632678675,52.146972054270385,20.0,0.0,0.0,0.0,10.0,2.0,-52.147552632678675,-52.147552632678675,0.0,0.0,52.147552632678675,52.147552632678675,0.0,443.22439721317704,7374.295611568989,221.61219860658852,Prosumer
2023-02-11 07:00:00,user_004,7,0,5,True,0.37216893661578593,0.3722740690837565,41.41265786338199,41.41277397906365,20.0,0.0,0.0,0.0,10.0,2.0,-41.0404889267662,-41.0404889267662,0.0,0.0,41.0404889267662,41.0404889267662,0.18613703454187824,443.5966712822608,7415.708385548053,221.7983356411304,Prosumer
2023-02-11 08:00:00,user_004,8,0,5,True,4.310431186793,4.310431186793,47.014078346571516,47.014078346571516,20.0,0.0,0.0,0.0,10.0,2.0,-42.70364715977851,-42.70364715977851,0.0,0.0,42.70364715977851,42.70364715977851,2.1552155933965,447.90710246905377,7462.7224638946245,223.95355123452688,Prosumer
2023-02-11 09:00:00,user_004,9,0,5,True,6.896689898868801,6.897005296272713,40.292141535380765,40.292722113789054,20.0,0.0,0.0,0.0,10.0,2.0,-33.395451636511964,-33.395451636511964,0.0,0.0,33.395451636511964,33.395451636511964,3.4485026481363565,454.8041077653265,7503.015186008413,227.40205388266324,Prosumer
2023-02-11 10:00:00,user_004,10,0,5,True,10.675150797730764,10.675466195134675,28.124379254422404,28.12472760146738,20.0,0.0,0.0,0.0,10.0,2.0,-17.449228456691642,-17.449228456691642,0.0,0.0,17.449228456691642,17.449228456691642,5.337733097567337,465.47957396046115,7531.139913609881,232.73978698023058,Prosumer
2023-02-11 11:00:00,user_004,11,0,5,True,10.3071871598338,10.30729229230177,28.16966437026909,28.169316023224113,20.0,0.0,0.0,0.0,10.0,2.0,-17.862477210435287,-17.862477210435287,0.0,0.0,17.862477210435287,17.862477210435287,5.153646146150885,475.78686625276293,7559.309229633105,237.89343312638147,Prosumer
2023-02-11 12:00:00,user_004,12,0,5,True,10.685664044527819,10.68587430946376,29.467837691207293,29.468302153933923,20.0,0.0,0.0,0.0,10.0,2.0,-18.782173646679475,-18.782173646679475,0.0,0.0,18.782173646679475,18.782173646679475,5.34293715473188,486.4727405622267,7588.777531787039,243.23637028111335,Prosumer
2023-02-11 13:00:00,user_004,13,0,5,True,8.274976553962857,8.275502216302709,32.805002382062746,32.80453791933611,20.0,0.0,0.0,0.0,10.0,2.0,-24.530025828099888,-24.530025828099888,0.0,0.0,24.530025828099888,24.530025828099888,4.137751108151354,494.7482427785294,7621.5820697063755,247.3741213892647,Prosumer
2023-02-11 14:00:00,user_004,14,0,5,True,8.93520845281798,8.93541871775392,32.50310160975154,32.50344995679651,20.0,0.0,0.0,0.0,10.0,2.0,-23.567893156933557,-23.567893156933557,0.0,0.0,23.567893156933557,23.567893156933557,4.46770935887696,503.6836614962833,7654.085519663172,251.84183074814166,Prosumer
2023-02-11 15:00:00,user_004,15,0,5,True,6.073502674659308,6.073607807127279,25.615119373789614,25.614887142426298,20.0,0.0,0.0,0.0,10.0,2.0,-19.541616699130305,-19.541616699130305,0.0,0.0,19.541616699130305,19.541616699130305,3.0368039035636394,509.7572693034106,7679.7004068055985,254.8786346517053,Prosumer
2023-02-11 16:00:00,user_004,16,0,5,True,2.910066713425128,2.909646183553246,26.732152231341093,26.732384462704413,20.0,0.0,0.0,0.0,10.0,2.0,-23.822085517915966,-23.822085517915966,0.0,0.0,23.822085517915966,23.822085517915966,1.454823091776623,512.6669154869638,7706.432791268303,256.3334577434819,Prosumer
2023-02-11 17:00:00,user_004,17,0,5,True,0.00105132467970561,0.0008410597437644879,32.08160168533242,32.08102110692413,20.0,0.0,0.0,0.0,10.0,2.0,-32.080550360652715,-32.080550360652715,0.0,0.0,32.080550360652715,32.080550360652715,0.00042052987188224397,512.6677565467076,7738.513812375227,256.3338782733538,Prosumer
2023-02-11 18:00:00,user_004,18,0,5,True,0.0,0.0,27.954850359201494,27.954850359201494,20.0,0.0,0.0,0.0,10.0,2.0,-27.954850359201494,-27.954850359201494,0.0,0.0,27.954850359201494,27.954850359201494,0.0,512.6677565467076,7766.468662734428,256.3338782733538,Prosumer
2023-02-11 19:00:00,user_004,19,0,5,True,0.0,0.0,29.12181295986598,29.122161306910957,20.0,0.0,0.0,0.0,10.0,2.0,-29.12181295986598,-29.12181295986598,0.0,0.0,29.12181295986598,29.12181295986598,0.0,512.6677565467076,7795.590824041339,256.3338782733538,Prosumer
2023-02-11 20:00:00,user_004,20,0,5,True,0.0,0.0,32.63547348684184,32.635821833886816,20.0,0.0,0.0,0.0,10.0,2.0,-32.63547348684184,-32.63547348684184,0.0,0.0,32.63547348684184,32.63547348684184,0.0,512.6677565467076,7828.226645875226,256.3338782733538,Prosumer
2023-02-11 21:00:00,user_004,21,0,5,True,0.0,0.0,25.97391683011332,25.973800714431665,20.0,0.0,0.0,0.0,10.0,2.0,-25.97391683011332,-25.97391683011332,0.0,0.0,25.97391683011332,25.97391683011332,0.0,512.6677565467076,7854.200446589657,256.3338782733538,Prosumer
2023-02-11 22:00:00,user_004,22,0,5,True,0.0,0.0,15.761542628278342,15.762007091004977,20.0,0.0,0.0,0.0,10.0,2.0,-15.761542628278342,-15.761542628278342,0.0,0.0,15.761542628278342,15.761542628278342,0.0,512.6677565467076,7869.962453680662,256.3338782733538,Prosumer
2023-02-11 23:00:00,user_004,23,0,5,True,0.0,0.0,15.293596431195965,15.293596431195965,20.0,0.0,0.0,0.0,10.0,2.0,-15.293596431195965,-15.293596431195965,0.0,0.0,15.293596431195965,15.293596431195965,0.0,512.6677565467076,7885.256050111859,256.3338782733538,Prosumer
2023-02-12 00:00:00,user_004,0,0,6,True,0.0,0.0,13.087398479690968,13.087282364009308,20.0,0.0,0.0,0.0,10.0,2.0,-13.087398479690968,-13.087398479690968,0.0,0.0,13.087398479690968,13.087398479690968,0.0,512.6677565467076,7898.343332475868,256.3338782733538,Prosumer
2023-02-12 01:00:00,user_004,1,0,6,True,0.0,0.0,12.01448958116959,12.014141234124615,20.0,0.0,0.0,0.0,10.0,2.0,-12.01448958116959,-12.01448958116959,0.0,0.0,12.01448958116959,12.01448958116959,0.0,512.6677565467076,7910.3574737099925,256.3338782733538,Prosumer
2023-02-12 02:00:00,user_004,2,0,6,True,0.0,0.0,13.042113363844285,13.042113363844285,20.0,0.0,0.0,0.0,10.0,2.0,-13.042113363844285,-13.042113363844285,0.0,0.0,13.042113363844285,13.042113363844285,0.0,512.6677565467076,7923.399587073837,256.3338782733538,Prosumer
2023-02-12 03:00:00,user_004,3,0,6,True,0.0,0.0,12.799431589178736,12.799663820542053,20.0,0.0,0.0,0.0,10.0,2.0,-12.799431589178736,-12.799431589178736,0.0,0.0,12.799431589178736,12.799431589178736,0.0,512.6677565467076,7936.1992508943795,256.3338782733538,Prosumer
2023-02-12 04:00:00,user_004,4,0,6,True,0.0,0.0,11.033312071158157,11.032847608431524,20.0,0.0,0.0,0.0,10.0,2.0,-11.033312071158157,-11.033312071158157,0.0,0.0,11.033312071158157,11.033312071158157,0.0,512.6677565467076,7947.232098502811,256.3338782733538,Prosumer
2023-02-12 05:00:00,user_004,5,0,6,True,0.0,0.0,12.14105567417698,12.140475095768691,20.0,0.0,0.0,0.0,10.0,2.0,-12.14105567417698,-12.14105567417698,0.0,0.0,12.14105567417698,12.14105567417698,0.0,512.6677565467076,7959.37257359858,256.3338782733538,Prosumer
2023-02-12 06:00:00,user_004,6,0,6,True,0.0,0.0,48.982239150677295,48.982819729085584,20.0,0.0,0.0,0.0,10.0,2.0,-48.982239150677295,-48.982239150677295,0.0,0.0,48.982239150677295,48.982239150677295,0.0,512.6677565467076,8008.355393327665,256.3338782733538,Prosumer
2023-02-12 07:00:00,user_004,7,0,6,True,0.4741474305472301,0.47393716561128896,45.51734720999787,45.5178116727245,20.0,0.0,0.0,0.0,10.0,2.0,-45.043199779450646,-45.043199779450646,0.0,0.0,45.043199779450646,45.043199779450646,0.23696858280564448,513.1416937123188,8053.87320500039,256.5708468561594,Prosumer
2023-02-12 08:00:00,user_004,8,0,6,True,3.4315237545591106,3.431208357155199,40.35136053302642,40.3517088800714,20.0,0.0,0.0,0.0,10.0,2.0,-36.919836778467314,-36.919836778467314,0.0,0.0,36.919836778467314,36.919836778467314,1.7156041785775995,516.572902069474,8094.224913880462,258.286451034737,Prosumer
2023-02-12 09:00:00,user_004,9,0,6,True,7.992170215122047,7.9926958774619,44.84271509956397,44.84213452115568,20.0,0.0,0.0,0.0,10.0,2.0,-36.85054488444192,-36.85054488444192,0.0,0.0,36.85054488444192,36.85054488444192,3.99634793873095,524.5655979469359,8139.067048401617,262.28279897346795,Prosumer
2023-02-12 10:00:00,user_004,10,0,6,True,10.114794743447673,10.114899875915643,29.799928540749626,29.799696309386306,20.0,0.0,0.0,0.0,10.0,2.0,-19.68513379730195,-19.68513379730195,0.0,0.0,19.68513379730195,19.68513379730195,5.057449937957822,534.6804978228515,8168.866744711004,267.34024891142576,Prosumer
2023-02-12 11:00:00,user_004,11,0,6,True,11.01577999395538,11.01588512642335,28.660833703683096,28.661414282091386,20.0,0.0,0.0,0.0,10.0,2.0,-17.645053709727716,-17.645053709727716,0.0,0.0,17.645053709727716,17.645053709727716,5.507942563211675,545.6963829492748,8197.528158993095,272.8481914746374,Prosumer
2023-02-12 12:00:00,user_004,12,0,6,True,10.591044823354315,10.591149955822285,35.61616303500675,35.616511382051726,20.0,0.0,0.0,0.0,10.0,2.0,-25.025118211652433,-25.025118211652433,0.0,0.0,25.025118211652433,25.025118211652433,5.2955749779111425,556.2875329050971,8233.144670375146,278.14376645254856,Prosumer
2023-02-12 13:00:00,user_004,13,0,6,True,10.124256665565024,10.123941268161111,35.417605219371296,35.41795356641627,20.0,0.0,0.0,0.0,10.0,2.0,-25.293348553806272,-25.293348553806272,0.0,0.0,25.293348553806272,25.293348553806272,5.061970634080556,566.4114741732583,8268.562623941563,283.20573708662914,Prosumer
2023-02-12 14:00:00,user_004,14,0,6,True,7.854446682080612,7.854656947016553,32.280159500967876,32.2798111539229,20.0,0.0,0.0,0.0,10.0,2.0,-24.425712818887263,-24.425712818887263,0.0,0.0,24.425712818887263,24.425712818887263,3.9273284735082763,574.2661311202748,8300.842435095487,287.1330655601374,Prosumer
2023-02-12 15:00:00,user_004,15,0,6,True,5.614073789627957,5.614073789627957,27.38936698952627,27.389134758162953,20.0,0.0,0.0,0.0,10.0,2.0,-21.775293199898314,-21.775293199898314,0.0,0.0,21.775293199898314,21.775293199898314,2.8070368948139786,579.8802049099028,8328.23156985365,289.9401024549514,Prosumer
2023-02-12 16:00:00,user_004,16,0,6,True,2.8659110768774925,2.8660162093454633,30.251618542399857,30.251850773763174,20.0,0.0,0.0,0.0,10.0,2.0,-27.385707465522366,-27.385707465522366,0.0,0.0,27.385707465522366,27.385707465522366,1.4330081046727317,582.7462211192483,8358.483420627412,291.37311055962414,Prosumer
2023-02-12 17:00:00,user_004,17,0,6,True,0.0,0.0,28.74559815129355,28.746062614020182,20.0,0.0,0.0,0.0,10.0,2.0,-28.74559815129355,-28.74559815129355,0.0,0.0,28.74559815129355,28.74559815129355,0.0,582.7462211192483,8387.229483241432,291.37311055962414,Prosumer
2023-02-12 18:00:00,user_004,18,0,6,True,0.0,0.0,33.85468814425249,33.85468814425249,20.0,0.0,0.0,0.0,10.0,2.0,-33.85468814425249,-33.85468814425249,0.0,0.0,33.85468814425249,33.85468814425249,0.0,582.7462211192483,8421.084171385684,291.37311055962414,Prosumer
2023-02-12 19:00:00,user_004,19,0,6,True,0.0,0.0,26.436057243112792,26.436289474476105,20.0,0.0,0.0,0.0,10.0,2.0,-26.436057243112792,-26.436057243112792,0.0,0.0,26.436057243112792,26.436057243112792,0.0,582.7462211192483,8447.52046086016,291.37311055962414,Prosumer
2023-02-12 20:00:00,user_004,20,0,6,True,0.0,0.0,26.813433208501802,26.81378155554678,20.0,0.0,0.0,0.0,10.0,2.0,-26.813433208501802,-26.813433208501802,0.0,0.0,26.813433208501802,26.813433208501802,0.0,582.7462211192483,8474.334242415707,291.37311055962414,Prosumer
2023-02-12 21:00:00,user_004,21,0,6,True,0.0,0.0,31.009853943627625,31.009970059309286,20.0,0.0,0.0,0.0,10.0,2.0,-31.009853943627625,-31.009853943627625,0.0,0.0,31.009853943627625,31.009853943627625,0.0,582.7462211192483,8505.344212475016,291.37311055962414,Prosumer
2023-02-12 22:00:00,user_004,22,0,6,True,0.0,0.0,13.914142133097052,13.914606595823685,20.0,0.0,0.0,0.0,10.0,2.0,-13.914142133097052,-13.914142133097052,0.0,0.0,13.914142133097052,13.914142133097052,0.0,582.7462211192483,8519.25881907084,291.37311055962414,Prosumer
2023-02-12 23:00:00,user_004,23,0,6,True,0.0,0.0,15.069493165595722,15.069144818550749,20.0,0.0,0.0,0.0,10.0,2.0,-15.069493165595722,-15.069493165595722,0.0,0.0,15.069493165595722,15.069493165595722,0.0,582.7462211192483,8534.327963889391,291.37311055962414,Prosumer
2023-02-13 00:00:00,user_004,0,0,0,False,0.0,0.0,14.6990841411062,14.698735794061223,20.0,0.0,0.0,0.0,10.0,2.0,-14.6990841411062,-14.6990841411062,0.0,0.0,14.6990841411062,14.6990841411062,0.0,582.7462211192483,8549.026699683453,291.37311055962414,Prosumer
2023-02-13 01:00:00,user_004,1,0,0,False,0.0,0.0,17.821434820894062,17.821318705212402,20.0,0.0,0.0,0.0,10.0,2.0,-17.821434820894062,-17.821434820894062,0.0,0.0,17.821434820894062,17.821434820894062,0.0,582.7462211192483,8566.848018388664,291.37311055962414,Prosumer
2023-02-13 02:00:00,user_004,2,0,0,False,0.0,0.0,15.014918795216387,15.014570448171414,20.0,0.0,0.0,0.0,10.0,2.0,-15.014918795216387,-15.014918795216387,0.0,0.0,15.014918795216387,15.014918795216387,0.0,582.7462211192483,8581.862588836835,291.37311055962414,Prosumer
2023-02-13 03:00:00,user_004,3,0,0,False,0.0,0.0,16.45243093414438,16.452895396871014,20.0,0.0,0.0,0.0,10.0,2.0,-16.45243093414438,-16.45243093414438,0.0,0.0,16.45243093414438,16.45243093414438,0.0,582.7462211192483,8598.315484233706,291.37311055962414,Prosumer
2023-02-13 04:00:00,user_004,4,0,0,False,0.0,0.0,17.185120885407358,17.18488865404404,20.0,0.0,0.0,0.0,10.0,2.0,-17.185120885407358,-17.185120885407358,0.0,0.0,17.185120885407358,17.185120885407358,0.0,582.7462211192483,8615.500372887751,291.37311055962414,Prosumer
2023-02-13 05:00:00,user_004,5,0,0,False,0.0,0.0,16.8042614495686,16.80368087116031,20.0,0.0,0.0,0.0,10.0,2.0,-16.8042614495686,-16.8042614495686,0.0,0.0,16.8042614495686,16.8042614495686,0.0,582.7462211192483,8632.304053758911,291.37311055962414,Prosumer
2023-02-13 06:00:00,user_004,6,0,0,False,0.0,0.0,68.33523981264246,68.33547204400577,20.0,0.0,0.0,0.0,10.0,2.0,-68.33523981264246,-68.33523981264246,0.0,0.0,68.33523981264246,68.33523981264246,0.0,582.7462211192483,8700.639525802917,291.37311055962414,Prosumer
2023-02-13 07:00:00,user_004,7,0,0,False,0.6108196389089593,0.6111350363128711,75.13265181691102,75.13288404827433,20.0,0.0,0.0,0.0,10.0,2.0,-74.52183217800206,-74.52183217800206,0.0,0.0,74.52183217800206,74.52183217800206,0.30556751815643557,583.3573561555611,8775.772409851192,291.67867807778055,Prosumer
2023-02-13 08:00:00,user_004,8,0,0,False,4.6079560711496885,4.607850938681718,55.22345703980328,55.223805386848255,20.0,0.0,0.0,0.0,10.0,2.0,-50.61550096865359,-50.61550096865359,0.0,0.0,50.61550096865359,50.61550096865359,2.303925469340859,587.9652070942428,8830.99621523804,293.9826035471214,Prosumer
2023-02-13 09:00:00,user_004,9,0,0,False,7.455994628472185,7.455574098600303,2.072664917598117,2.0724326862348006,20.0,5.307,0.0,-5.307,36.53,7.307,0.07632971087406748,0.07632971087406748,0.07632971087406748,0.07632971087406748,0.0,0.0,3.7277870493001517,595.4207811928432,8833.068647924274,297.7103905964216,Prosumer
2023-02-13 10:00:00,user_004,10,0,0,False,9.535514844929882,9.535094315058,0.096376015776271,0.09672436282124547,20.0,8.986,0.0,-8.986,81.47,16.293,0.4531388291536107,0.4531388291536107,0.4531388291536107,0.4531388291536107,0.0,0.0,4.767547157529,604.9558755079012,8833.165372287096,302.4779377539506,Prosumer
2023-02-13 11:00:00,user_004,11,0,0,False,11.20501843630239,11.205438966174274,0.09985948622601572,0.1002078332709902,20.0,2.707,0.0,-2.707,95.0,19.0,8.398158950076375,8.398158950076375,8.398158950076375,8.398158950076375,0.0,0.0,5.602719483087137,616.1613144740754,8833.265580120367,308.0806572370377,Prosumer
2023-02-13 12:00:00,user_004,12,0,0,False,11.078859474737717,11.078438944865836,0.09869832940943415,0.09904667645440862,20.0,0.0,0.0,0.0,95.0,19.0,10.980161145328283,10.980161145328283,10.980161145328283,10.980161145328283,0.0,0.0,5.539219472432918,627.2397534189413,8833.364626796822,313.61987670947065,Prosumer
2023-02-13 13:00:00,user_004,13,0,0,False,10.976880980806275,10.977301510678155,0.09985948622601572,0.10032394895264836,20.0,0.0,0.0,0.0,95.0,19.0,10.877021494580259,10.877021494580259,10.877021494580259,10.877021494580259,0.0,0.0,5.488650755339077,638.2170549296194,8833.464950745774,319.1085274648097,Prosumer
2023-02-13 14:00:00,user_004,14,0,0,False,10.173668925511187,10.173353528107276,0.096376015776271,0.09672436282124547,20.0,0.0,0.0,0.0,95.0,19.0,10.077292909734917,10.077292909734917,10.077292909734917,10.077292909734917,0.0,0.0,5.086676764053638,648.3904084577267,8833.561675108596,324.19520422886336,Prosumer
2023-02-13 15:00:00,user_004,15,0,0,False,6.19755898686457,6.197138456992688,0.096376015776271,0.09672436282124547,20.0,0.0,0.0,0.0,95.0,19.0,6.101182971088299,6.101182971088299,6.101182971088299,6.101182971088299,0.0,0.0,3.098569228496344,654.5875469147194,8833.658399471418,327.2937734573597,Prosumer
2023-02-13 16:00:00,user_004,16,0,0,False,2.911118038104834,2.9112231705728044,5.110251149775525,5.1103672654571834,20.0,0.0,1.632,1.632,86.84,17.368,-0.5671331116706912,-0.5671331116706912,0.0,0.0,0.5671331116706912,0.5671331116706912,1.4556115852864022,657.4987700852922,8838.768766736875,328.7493850426461,Prosumer
2023-02-13 17:00:00,user_004,17,0,0,False,0.0,0.0,21.32812840697043,21.32836063833375,20.0,0.0,15.368,15.368,10.0,2.0,-5.960128406970428,-5.960128406970428,0.0,0.0,5.960128406970428,5.960128406970428,0.0,657.4987700852922,8860.09712737521,328.7493850426461,Prosumer
2023-02-13 18:00:00,user_004,18,0,0,False,0.0,0.0,35.73111755984832,35.73158202257496,20.0,0.0,0.0,0.0,10.0,2.0,-35.73111755984832,-35.73111755984832,0.0,0.0,35.73111755984832,35.73111755984832,0.0,657.4987700852922,8895.828709397785,328.7493850426461,Prosumer
2023-02-13 19:00:00,user_004,19,0,0,False,0.0,0.0,36.488191804259515,36.48865626698615,20.0,0.0,0.0,0.0,10.0,2.0,-36.488191804259515,-36.488191804259515,0.0,0.0,36.488191804259515,36.488191804259515,0.0,657.4987700852922,8932.31736566477,328.7493850426461,Prosumer
2023-02-13 20:00:00,user_004,20,0,0,False,0.0,0.0,30.058866510847317,30.058982626528973,20.0,0.0,0.0,0.0,10.0,2.0,-30.058866510847317,-30.058866510847317,0.0,0.0,30.058866510847317,30.058866510847317,0.0,657.4987700852922,8962.3763482913,328.7493850426461,Prosumer
2023-02-13 21:00:00,user_004,21,0,0,False,0.0,0.0,31.514957158840613,31.51542162156725,20.0,0.0,0.0,0.0,10.0,2.0,-31.514957158840613,-31.514957158840613,0.0,0.0,31.514957158840613,31.514957158840613,0.0,657.4987700852922,8993.891769912867,328.7493850426461,Prosumer
2023-02-13 22:00:00,user_004,22,0,0,False,0.0,0.0,14.869774193143689,14.869541961780374,20.0,0.0,0.0,0.0,10.0,2.0,-14.869774193143689,-14.869774193143689,0.0,0.0,14.869774193143689,14.869774193143689,0.0,657.4987700852922,9008.761311874647,328.7493850426461,Prosumer
2023-02-13 23:00:00,user_004,23,0,0,False,0.0,0.0,16.728786256490796,16.729134603535773,20.0,0.0,0.0,0.0,10.0,2.0,-16.728786256490796,-16.728786256490796,0.0,0.0,16.728786256490796,16.728786256490796,0.0,657.4987700852922,9025.490446478183,328.7493850426461,Prosumer
2023-02-14 00:00:00,user_004,0,0,1,False,0.0,0.0,16.394373093315302,16.394140861951985,20.0,0.0,0.0,0.0,10.0,2.0,-16.394373093315302,-16.394373093315302,0.0,0.0,16.394373093315302,16.394373093315302,0.0,657.4987700852922,9041.884587340135,328.7493850426461,Prosumer
2023-02-14 01:00:00,user_004,1,0,1,False,0.0,0.0,15.31914188116076,15.31914188116076,20.0,0.0,0.0,0.0,10.0,2.0,-15.31914188116076,-15.31914188116076,0.0,0.0,15.31914188116076,15.31914188116076,0.0,657.4987700852922,9057.203729221295,328.7493850426461,Prosumer
2023-02-14 02:00:00,user_004,2,0,1,False,0.0,0.0,18.34279423153919,18.34337480994748,20.0,0.0,0.0,0.0,10.0,2.0,-18.34279423153919,-18.34279423153919,0.0,0.0,18.34279423153919,18.34279423153919,0.0,657.4987700852922,9075.547104031242,328.7493850426461,Prosumer
2023-02-14 03:00:00,user_004,3,0,1,False,0.0,0.0,17.56830263487928,17.567838172152644,20.0,0.0,0.0,0.0,10.0,2.0,-17.56830263487928,-17.56830263487928,0.0,0.0,17.56830263487928,17.56830263487928,0.0,657.4987700852922,9093.114942203394,328.7493850426461,Prosumer
2023-02-14 04:00:00,user_004,4,0,1,False,0.0,0.0,17.653067082489734,17.652718735444758,20.0,0.0,0.0,0.0,10.0,2.0,-17.653067082489734,-17.653067082489734,0.0,0.0,17.653067082489734,17.653067082489734,0.0,657.4987700852922,9110.767660938838,328.7493850426461,Prosumer
2023-02-14 05:00:00,user_004,5,0,1,False,0.0,0.0,17.93987281618538,17.939640584822065,20.0,0.0,0.0,0.0,10.0,2.0,-17.93987281618538,-17.93987281618538,0.0,0.0,17.93987281618538,17.93987281618538,0.0,657.4987700852922,9128.70730152366,328.7493850426461,Prosumer
2023-02-14 06:00:00,user_004,6,0,1,False,0.0,0.0,66.16155425200175,66.16155425200175,20.0,0.0,0.0,0.0,10.0,2.0,-66.16155425200175,-66.16155425200175,0.0,0.0,66.16155425200175,66.16155425200175,0.0,657.4987700852922,9194.868855775661,328.7493850426461,Prosumer
2023-02-14 07:00:00,user_004,7,0,1,False,0.6381540805813052,0.6385746104531875,69.18636775919676,69.1868322219234,20.0,0.0,0.0,0.0,10.0,2.0,-68.54821367861545,-68.54821367861545,0.0,0.0,68.54821367861545,68.54821367861545,0.31928730522659377,658.1373446957454,9264.055687997585,329.0686723478727,Prosumer
2023-02-14 08:00:00,user_004,8,0,1,False,4.666830253213202,4.667250783085085,61.35552618817059,61.35564230385225,20.0,0.0,0.0,0.0,10.0,2.0,-56.688695934957394,-56.688695934957394,0.0,0.0,56.688695934957394,56.688695934957394,2.3336253915425424,662.8045954788305,9325.411330301436,331.40229773941525,Prosumer
2023-02-14 09:00:00,user_004,9,0,1,False,7.785059253220042,7.785584915559895,57.545770672966434,57.54565455728478,20.0,0.0,0.0,0.0,10.0,2.0,-49.76071141974639,-49.76071141974639,0.0,0.0,49.76071141974639,49.76071141974639,3.8927924577799473,670.5901803943904,9382.956984858722,335.2950901971952,Prosumer
2023-02-14 10:00:00,user_004,10,0,1,False,9.513437026656064,9.513016496784182,35.435022571620024,35.43490645593836,20.0,0.0,0.0,0.0,10.0,2.0,-25.92158554496396,-25.92158554496396,0.0,0.0,25.92158554496396,25.92158554496396,4.756508248392091,680.1031968911745,9418.39189131466,340.0515984455873,Prosumer
2023-02-14 11:00:00,user_004,11,0,1,False,11.477311528346144,11.476890998474262,32.420659475774244,32.42019501304761,20.0,0.0,0.0,0.0,10.0,2.0,-20.9433479474281,-20.9433479474281,0.0,0.0,20.9433479474281,20.9433479474281,5.738445499237131,691.5800878896488,9450.812086327709,345.7900439448244,Prosumer
2023-02-14 12:00:00,user_004,12,0,1,False,11.366922436977054,11.366501907105173,32.79919659797984,32.79942882934316,20.0,0.0,0.0,0.0,10.0,2.0,-21.43227416100278,-21.43227416100278,0.0,0.0,21.43227416100278,21.43227416100278,5.683250953552586,702.946589796754,9483.611515157052,351.473294898377,Prosumer
2023-02-14 13:00:00,user_004,13,0,1,False,11.657088048575803,11.65656238623595,39.43172433429382,39.43218879702045,20.0,0.0,0.0,0.0,10.0,2.0,-27.774636285718017,-27.774636285718017,0.0,0.0,27.774636285718017,27.774636285718017,5.828281193117975,714.6031521829899,9523.043703954072,357.30157609149495,Prosumer
2023-02-14 14:00:00,user_004,14,0,1,False,8.67868523096981,8.678369833565899,31.514957158840613,31.515073274522273,20.0,0.0,0.0,0.0,10.0,2.0,-22.836271927870804,-22.836271927870804,0.0,0.0,22.836271927870804,22.836271927870804,4.3391849167829495,723.2815220165558,9554.558777228594,361.6407610082779,Prosumer
2023-02-14 15:00:00,user_004,15,0,1,False,5.814876803451728,5.81519220085564,28.84661879433615,28.84638656297283,20.0,0.0,0.0,0.0,10.0,2.0,-23.03174199088442,-23.03174199088442,0.0,0.0,23.03174199088442,23.03174199088442,2.90759610042782,729.0967142174114,9583.405163791567,364.5483571087057,Prosumer
2023-02-14 16:00:00,user_004,16,0,1,False,2.855397830080437,2.855397830080437,35.17260113107259,35.17236889970927,20.0,0.0,0.0,0.0,10.0,2.0,-32.317203300992155,-32.317203300992155,0.0,0.0,32.317203300992155,32.317203300992155,1.4276989150402184,731.9521120474918,9618.577532691277,365.9760560237459,Prosumer
2023-02-14 17:00:00,user_004,17,0,1,False,0.0735927275793927,0.07369786004736326,31.103907645770736,31.10367541440742,20.0,0.0,0.0,0.0,10.0,2.0,-31.030314918191344,-31.030314918191344,0.0,0.0,31.030314918191344,31.030314918191344,0.03684893002368163,732.0258099075392,9649.681208105685,366.0129049537696,Prosumer
2023-02-14 18:00:00,user_004,18,0,1,False,0.0,0.0,32.08160168533242,32.082066148059056,20.0,0.0,0.0,0.0,10.0,2.0,-32.08160168533242,-32.08160168533242,0.0,0.0,32.08160168533242,32.08160168533242,0.0,732.0258099075392,9681.763274253744,366.0129049537696,Prosumer
2023-02-14 19:00:00,user_004,19,0,1,False,0.0,0.0,33.31358906772548,33.31393741477046,20.0,0.0,0.0,0.0,10.0,2.0,-33.31358906772548,-33.31358906772548,0.0,0.0,33.31358906772548,33.31358906772548,0.0,732.0258099075392,9715.077211668515,366.0129049537696,Prosumer
2023-02-14 20:00:00,user_004,20,0,1,False,0.0,0.0,35.606873780474096,35.607222127519066,20.0,0.0,0.0,0.0,10.0,2.0,-35.606873780474096,-35.606873780474096,0.0,0.0,35.606873780474096,35.606873780474096,0.0,732.0258099075392,9750.684433796034,366.0129049537696,Prosumer
2023-02-14 21:00:00,user_004,21,0,1,False,0.0,0.0,36.20951416827994,36.2090497055533,20.0,0.0,0.0,0.0,10.0,2.0,-36.20951416827994,-36.20951416827994,0.0,0.0,36.20951416827994,36.20951416827994,0.0,732.0258099075392,9786.893483501586,366.0129049537696,Prosumer
2023-02-14 22:00:00,user_004,22,0,1,False,0.0,0.0,18.8467362899356,18.84650405857228,20.0,0.0,0.0,0.0,10.0,2.0,-18.8467362899356,-18.8467362899356,0.0,0.0,18.8467362899356,18.8467362899356,0.0,732.0258099075392,9805.739987560159,366.0129049537696,Prosumer
2023-02-14 23:00:00,user_004,23,0,1,False,0.0,0.0,17.996769500197882,17.9970017315612,20.0,0.0,0.0,0.0,10.0,2.0,-17.996769500197882,-17.996769500197882,0.0,0.0,17.996769500197882,17.996769500197882,0.0,732.0258099075392,9823.73698929172,366.0129049537696,Prosumer
2023-02-15 00:00:00,user_004,0,0,2,False,0.0,0.0,17.838852173142786,17.838852173142786,20.0,0.0,0.0,0.0,10.0,2.0,-17.838852173142786,-17.838852173142786,0.0,0.0,17.838852173142786,17.838852173142786,0.0,732.0258099075392,9841.575841464863,366.0129049537696,Prosumer
2023-02-15 01:00:00,user_004,1,0,2,False,0.0,0.0,15.488670776381673,15.488322429336696,20.0,0.0,0.0,0.0,10.0,2.0,-15.488670776381673,-15.488670776381673,0.0,0.0,15.488670776381673,15.488670776381673,0.0,732.0258099075392,9857.0641638942,366.0129049537696,Prosumer
2023-02-15 02:00:00,user_004,2,0,2,False,0.0,0.0,13.969877660292967,13.969877660292967,20.0,0.0,0.0,0.0,10.0,2.0,-13.969877660292967,-13.969877660292967,0.0,0.0,13.969877660292967,13.969877660292967,0.0,732.0258099075392,9871.034041554492,366.0129049537696,Prosumer
2023-02-15 03:00:00,user_004,3,0,2,False,0.0,0.0,14.785009745533236,14.785241976896552,20.0,0.0,0.0,0.0,10.0,2.0,-14.785009745533236,-14.785009745533236,0.0,0.0,14.785009745533236,14.785009745533236,0.0,732.0258099075392,9885.81928353139,366.0129049537696,Prosumer
2023-02-15 04:00:00,user_004,4,0,2,False,0.0,0.0,14.989373345251593,14.989721692296568,20.0,0.0,0.0,0.0,10.0,2.0,-14.989373345251593,-14.989373345251593,0.0,0.0,14.989373345251593,14.989373345251593,0.0,732.0258099075392,9900.809005223686,366.0129049537696,Prosumer
2023-02-15 05:00:00,user_004,5,0,2,False,0.0,0.0,15.675617023851306,15.675036445443014,20.0,0.0,0.0,0.0,10.0,2.0,-15.675617023851306,-15.675617023851306,0.0,0.0,15.675617023851306,15.675617023851306,0.0,732.0258099075392,9916.48404166913,366.0129049537696,Prosumer
2023-02-15 06:00:00,user_004,6,0,2,False,0.0,0.0,58.437539108101085,58.43788745514606,20.0,0.0,0.0,0.0,10.0,2.0,-58.437539108101085,-58.437539108101085,0.0,0.0,58.437539108101085,58.437539108101085,0.0,732.0258099075392,9974.921929124275,366.0129049537696,Prosumer
2023-02-15 07:00:00,user_004,7,0,2,False,0.7527484706692167,0.7529587356051578,61.41242287218309,61.412887334909726,20.0,0.0,0.0,0.0,10.0,2.0,-60.659674401513875,-60.659674401513875,0.0,0.0,60.659674401513875,60.659674401513875,0.3764793678025789,732.7787686431443,10036.334816459184,366.38938432157215,Prosumer
2023-02-15 08:00:00,user_004,8,0,2,False,4.919148176342549,4.918727646470667,55.34421734872776,55.3446818114544,20.0,0.0,0.0,0.0,10.0,2.0,-50.42506917238521,-50.42506917238521,0.0,0.0,50.42506917238521,50.42506917238521,2.4593638232353334,737.697496289615,10091.67949827064,368.8487481448075,Prosumer
2023-02-15 09:00:00,user_004,9,0,2,False,8.579860711077483,8.580281240949365,62.78026560211619,62.780613949161165,20.0,0.0,0.0,0.0,10.0,2.0,-54.2004048910387,-54.2004048910387,0.0,0.0,54.2004048910387,54.2004048910387,4.290140620474682,746.2777775305643,10154.4601122198,373.13888876528216,Prosumer
2023-02-15 10:00:00,user_004,10,0,2,False,9.201193596783499,9.201088464315527,30.210978053819503,30.211326400864476,20.0,0.0,0.0,0.0,10.0,2.0,-21.009784457036005,-21.009784457036005,0.0,0.0,21.009784457036005,21.009784457036005,4.600544232157763,755.4788659948798,10184.671438620664,377.7394329974399,Prosumer
2023-02-15 11:00:00,user_004,11,0,2,False,10.008610950797406,10.008821215733349,31.005209316361302,31.004977084997982,20.0,0.0,0.0,0.0,10.0,2.0,-20.996598365563898,-20.996598365563898,0.0,0.0,20.996598365563898,20.996598365563898,5.004410607866674,765.4876872106131,10215.676415705662,382.74384360530655,Prosumer
2023-02-15 12:00:00,user_004,12,0,2,False,9.367302896176986,9.366882366305102,30.399085458105716,30.398620995379087,20.0,0.0,0.0,0.0,10.0,2.0,-21.03178256192873,-21.03178256192873,0.0,0.0,21.03178256192873,21.03178256192873,4.683441183152551,774.8545695769182,10246.07503670104,387.4272847884591,Prosumer
2023-02-15 13:00:00,user_004,13,0,2,False,7.982708293004697,7.982392895600785,37.65399324810741,37.6537610167441,20.0,0.0,0.0,0.0,10.0,2.0,-29.671284955102713,-29.671284955102713,0.0,0.0,29.671284955102713,29.671284955102713,3.9911964478003923,782.836962472519,10283.728797717784,391.4184812362595,Prosumer
2023-02-15 14:00:00,user_004,14,0,2,False,6.2553818442483795,6.254856181908526,35.820526634725105,35.820758866088426,20.0,0.0,0.0,0.0,10.0,2.0,-29.565144790476726,-29.565144790476726,0.0,0.0,29.565144790476726,29.565144790476726,3.127428090954263,789.0918186544275,10319.549556583872,394.54590932721374,Prosumer
2023-02-15 15:00:00,user_004,15,0,2,False,4.1769129524703885,4.176492422598506,36.44406784522941,36.444532307956045,20.0,0.0,0.0,0.0,10.0,2.0,-32.267154892759024,-32.267154892759024,0.0,0.0,32.267154892759024,32.267154892759024,2.088246211299253,793.2683110770259,10355.994088891828,396.63415553851297,Prosumer
2023-02-15 16:00:00,user_004,16,0,2,False,2.224603022257071,2.2241824923851885,35.2724606172986,35.272228385935286,20.0,0.0,0.0,0.0,10.0,2.0,-33.04785759504153,-33.04785759504153,0.0,0.0,33.04785759504153,33.04785759504153,1.1120912461925943,795.4924935694112,10391.266317277763,397.7462467847056,Prosumer
2023-02-15 17:00:00,user_004,17,0,2,False,0.04415563654763562,0.04394537161169449,37.183724737391884,37.1839569687552,20.0,0.0,0.0,0.0,10.0,2.0,-37.13956910084425,-37.13956910084425,0.0,0.0,37.13956910084425,37.13956910084425,0.021972685805847245,795.5364389410229,10428.450274246517,397.76821947051144,Prosumer
2023-02-15 18:00:00,user_004,18,0,2,False,0.0,0.0,35.923869591400866,35.92421793844584,20.0,0.0,0.0,0.0,10.0,2.0,-35.923869591400866,-35.923869591400866,0.0,0.0,35.923869591400866,35.923869591400866,0.0,795.5364389410229,10464.374492184963,397.76821947051144,Prosumer
2023-02-15 19:00:00,user_004,19,0,2,False,0.0,0.0,37.02232393988704,37.02278840261367,20.0,0.0,0.0,0.0,10.0,2.0,-37.02232393988704,-37.02232393988704,0.0,0.0,37.02232393988704,37.02232393988704,0.0,795.5364389410229,10501.397280587576,397.76821947051144,Prosumer
2023-02-15 20:00:00,user_004,20,0,2,False,0.0,0.0,32.16984960339262,32.169965719074284,20.0,0.0,0.0,0.0,10.0,2.0,-32.16984960339262,-32.16984960339262,0.0,0.0,32.16984960339262,32.16984960339262,0.0,795.5364389410229,10533.567246306651,397.76821947051144,Prosumer
2023-02-15 21:00:00,user_004,21,0,2,False,0.0,0.0,36.907369415045466,36.90760164640878,20.0,0.0,0.0,0.0,10.0,2.0,-36.907369415045466,-36.907369415045466,0.0,0.0,36.907369415045466,36.907369415045466,0.0,795.5364389410229,10570.47484795306,397.76821947051144,Prosumer
2023-02-15 22:00:00,user_004,22,0,2,False,0.0,0.0,16.750848236005847,16.75073212032419,20.0,0.0,0.0,0.0,10.0,2.0,-16.750848236005847,-16.750848236005847,0.0,0.0,16.750848236005847,16.750848236005847,0.0,795.5364389410229,10587.225580073386,397.76821947051144,Prosumer
2023-02-15 23:00:00,user_004,23,0,2,False,0.0,0.0,14.668894063875076,14.669242410920052,20.0,0.0,0.0,0.0,10.0,2.0,-14.668894063875076,-14.668894063875076,0.0,0.0,14.668894063875076,14.668894063875076,0.0,795.5364389410229,10601.894822484306,397.76821947051144,Prosumer
2023-02-16 00:00:00,user_004,0,0,3,False,0.0,0.0,14.462208150523557,14.46255649756853,20.0,0.0,0.0,0.0,10.0,2.0,-14.462208150523557,-14.462208150523557,0.0,0.0,14.462208150523557,14.462208150523557,0.0,795.5364389410229,10616.357378981875,397.76821947051144,Prosumer
2023-02-16 01:00:00,user_004,1,0,3,False,0.0,0.0,18.756166058242233,18.756398289605546,20.0,0.0,0.0,0.0,10.0,2.0,-18.756166058242233,-18.756166058242233,0.0,0.0,18.756166058242233,18.756166058242233,0.0,795.5364389410229,10635.113777271481,397.76821947051144,Prosumer
2023-02-16 02:00:00,user_004,2,0,3,False,0.0,0.0,17.095711810530577,17.095827926212234,20.0,0.0,0.0,0.0,10.0,2.0,-17.095711810530577,-17.095711810530577,0.0,0.0,17.095711810530577,17.095711810530577,0.0,795.5364389410229,10652.209605197693,397.76821947051144,Prosumer
2023-02-16 03:00:00,user_004,3,0,3,False,0.0,0.0,14.283390000769995,14.283157769406678,20.0,0.0,0.0,0.0,10.0,2.0,-14.283390000769995,-14.283390000769995,0.0,0.0,14.283390000769995,14.283390000769995,0.0,795.5364389410229,10666.4927629671,397.76821947051144,Prosumer
2023-02-16 04:00:00,user_004,4,0,3,False,0.0,0.0,14.476142032322537,14.476025916640879,20.0,0.0,0.0,0.0,10.0,2.0,-14.476142032322537,-14.476142032322537,0.0,0.0,14.476142032322537,14.476142032322537,0.0,795.5364389410229,10680.968788883742,397.76821947051144,Prosumer
2023-02-16 05:00:00,user_004,5,0,3,False,0.0,0.0,19.323971741550626,19.32420397291394,20.0,0.0,0.0,0.0,10.0,2.0,-19.323971741550626,-19.323971741550626,0.0,0.0,19.323971741550626,19.323971741550626,0.0,795.5364389410229,10700.292992856655,397.76821947051144,Prosumer
2023-02-16 06:00:00,user_004,6,0,3,False,0.0,0.0,60.456790812136454,60.45655858077314,20.0,0.0,0.0,0.0,10.0,2.0,-60.456790812136454,-60.456790812136454,0.0,0.0,60.456790812136454,60.456790812136454,0.0,795.5364389410229,10760.749551437428,397.76821947051144,Prosumer
2023-02-16 07:00:00,user_004,7,0,3,False,1.473957200947265,1.4743777308191475,58.752212605394696,58.752212605394696,20.0,0.0,0.0,0.0,10.0,2.0,-57.27825540444743,-57.27825540444743,0.0,0.0,57.27825540444743,57.27825540444743,0.7371888654095737,797.010816671842,10819.501764042823,398.505408335921,Prosumer
2023-02-16 08:00:00,user_004,8,0,3,False,5.491068802102401,5.490753404698489,54.46173816812576,54.461622052444106,20.0,0.0,0.0,0.0,10.0,2.0,-48.97066936602336,-48.97066936602336,0.0,0.0,48.97066936602336,48.97066936602336,2.7453767023492444,802.5015700765405,10873.963386095267,401.25078503827024,Prosumer
2023-02-16 09:00:00,user_004,9,0,3,False,6.335282519906006,6.335387652373976,64.13069097980056,64.13127155820885,20.0,0.0,0.0,0.0,10.0,2.0,-57.79540845989456,-57.79540845989456,0.0,0.0,57.79540845989456,57.79540845989456,3.167693826186988,808.8369577289144,10938.094657653475,404.4184788644572,Prosumer
2023-02-16 10:00:00,user_004,10,0,3,False,4.996946202640764,4.997261600044676,30.95760188688146,30.957137424154823,20.0,0.0,0.0,0.0,10.0,2.0,-25.960655684240695,-25.960655684240695,0.0,0.0,25.960655684240695,25.960655684240695,2.498630800022338,813.8342193289591,10969.05179507763,406.91710966447954,Prosumer
2023-02-16 11:00:00,user_004,11,0,3,False,6.202815610263099,6.202710477795128,32.46362227798776,32.46327393094279,20.0,0.0,0.0,0.0,10.0,2.0,-26.260806667724662,-26.260806667724662,0.0,0.0,26.260806667724662,26.260806667724662,3.101355238897564,820.0369298067542,11001.515069008574,410.0184649033771,Prosumer
2023-02-16 12:00:00,user_004,12,0,3,False,6.531880235010955,6.531775102542984,31.478961297526585,31.47907741320824,20.0,0.0,0.0,0.0,10.0,2.0,-24.94708106251563,-24.94708106251563,0.0,0.0,24.94708106251563,24.94708106251563,3.265887551271492,826.5687049092971,11032.994146421783,413.28435245464857,Prosumer
2023-02-16 13:00:00,user_004,13,0,3,False,7.058593899543466,7.058593899543466,32.948985827318864,32.949566405727154,20.0,0.0,0.0,0.0,10.0,2.0,-25.890391927775397,-25.890391927775397,0.0,0.0,25.890391927775397,25.890391927775397,3.529296949771733,833.6272988088406,11065.94371282751,416.8136494044203,Prosumer
2023-02-16 14:00:00,user_004,14,0,3,False,2.3087089966335195,2.309024394037431,32.494973512035465,32.494973512035465,20.0,0.0,0.0,0.0,10.0,2.0,-30.186264515401945,-30.186264515401945,0.0,0.0,30.186264515401945,30.186264515401945,1.1545121970187155,835.936323202878,11098.438686339545,417.968161601439,Prosumer
2023-02-16 15:00:00,user_004,15,0,3,False,2.9741975188871708,2.9741975188871708,32.72836603216837,32.72848214785002,20.0,0.0,0.0,0.0,10.0,2.0,-29.754168513281197,-29.754168513281197,0.0,0.0,29.754168513281197,29.754168513281197,1.4870987594435854,838.9105207217652,11131.167168487395,419.4552603608826,Prosumer
2023-02-16 16:00:00,user_004,16,0,3,False,1.09442899157354,1.094639256509481,32.81313047977882,32.81336271114213,20.0,0.0,0.0,0.0,10.0,2.0,-31.71870148820528,-31.71870148820528,0.0,0.0,31.71870148820528,31.71870148820528,0.5473196282547405,840.0051599782747,11163.980531198536,420.00257998913736,Prosumer
2023-02-16 17:00:00,user_004,17,0,3,False,0.01156457147676171,0.011249174072850025,36.87253471054802,36.87265082622967,20.0,0.0,0.0,0.0,10.0,2.0,-36.860970139071256,-36.860970139071256,0.0,0.0,36.860970139071256,36.860970139071256,0.005624587036425013,840.0164091523476,11200.853182024766,420.0082045761738,Prosumer
2023-02-16 18:00:00,user_004,18,0,3,False,0.0,0.0,37.76662545931583,37.76708992204246,20.0,0.0,0.0,0.0,10.0,2.0,-37.76662545931583,-37.76662545931583,0.0,0.0,37.76662545931583,37.76662545931583,0.0,840.0164091523476,11238.62027194681,420.0082045761738,Prosumer
2023-02-16 19:00:00,user_004,19,0,3,False,0.0,0.0,38.466803019714526,38.4671513667595,20.0,0.0,0.0,0.0,10.0,2.0,-38.466803019714526,-38.466803019714526,0.0,0.0,38.466803019714526,38.466803019714526,0.0,840.0164091523476,11277.08742331357,420.0082045761738,Prosumer
2023-02-16 20:00:00,user_004,20,0,3,False,0.0,0.0,29.41442447764454,29.413843899236248,20.0,0.0,0.0,0.0,10.0,2.0,-29.41442447764454,-29.41442447764454,0.0,0.0,29.41442447764454,29.41442447764454,0.0,840.0164091523476,11306.501267212805,420.0082045761738,Prosumer
2023-02-16 21:00:00,user_004,21,0,3,False,0.0,0.0,36.303567870423045,36.302987292014755,20.0,0.0,0.0,0.0,10.0,2.0,-36.303567870423045,-36.303567870423045,0.0,0.0,36.303567870423045,36.303567870423045,0.0,840.0164091523476,11342.80425450482,420.0082045761738,Prosumer
2023-02-16 22:00:00,user_004,22,0,3,False,0.0,0.0,14.75830313875186,14.7581870230702,20.0,0.0,0.0,0.0,10.0,2.0,-14.75830313875186,-14.75830313875186,0.0,0.0,14.75830313875186,14.75830313875186,0.0,840.0164091523476,11357.562441527889,420.0082045761738,Prosumer
2023-02-16 23:00:00,user_004,23,0,3,False,0.0,0.0,16.61383173164922,16.614063963012537,20.0,0.0,0.0,0.0,10.0,2.0,-16.61383173164922,-16.61383173164922,0.0,0.0,16.61383173164922,16.61383173164922,0.0,840.0164091523476,11374.176505490901,420.0082045761738,Prosumer
2023-02-17 00:00:00,user_004,0,0,4,False,0.0,0.0,15.168191495005157,15.16784314796018,20.0,0.0,0.0,0.0,10.0,2.0,-15.168191495005157,-15.168191495005157,0.0,0.0,15.168191495005157,15.168191495005157,0.0,840.0164091523476,11389.34434863886,420.0082045761738,Prosumer
2023-02-17 01:00:00,user_004,1,0,4,False,0.0,0.0,19.06271145781977,19.06329203622806,20.0,0.0,0.0,0.0,10.0,2.0,-19.06271145781977,-19.06271145781977,0.0,0.0,19.06271145781977,19.06271145781977,0.0,840.0164091523476,11408.407640675088,420.0082045761738,Prosumer
2023-02-17 02:00:00,user_004,2,0,4,False,0.0,0.0,15.640782319353859,15.640782319353859,20.0,0.0,0.0,0.0,10.0,2.0,-15.640782319353859,-15.640782319353859,0.0,0.0,15.640782319353859,15.640782319353859,0.0,840.0164091523476,11424.048422994441,420.0082045761738,Prosumer
2023-02-17 03:00:00,user_004,3,0,4,False,0.0,0.0,19.921967502090137,19.921967502090137,20.0,0.0,0.0,0.0,10.0,2.0,-19.921967502090137,-19.921967502090137,0.0,0.0,19.921967502090137,19.921967502090137,0.0,840.0164091523476,11443.970390496532,420.0082045761738,Prosumer
2023-02-17 04:00:00,user_004,4,0,4,False,0.0,0.0,16.426885484179586,16.427233831224562,20.0,0.0,0.0,0.0,10.0,2.0,-16.426885484179586,-16.426885484179586,0.0,0.0,16.426885484179586,16.426885484179586,0.0,840.0164091523476,11460.397624327756,420.0082045761738,Prosumer
2023-02-17 05:00:00,user_004,5,0,4,False,0.0,0.0,17.04578206741757,17.046130414462542,20.0,0.0,0.0,0.0,10.0,2.0,-17.04578206741757,-17.04578206741757,0.0,0.0,17.04578206741757,17.04578206741757,0.0,840.0164091523476,11477.443754742219,420.0082045761738,Prosumer
2023-02-17 06:00:00,user_004,6,0,4,False,0.0,0.0,66.15226499746909,66.15272946019573,20.0,0.0,0.0,0.0,10.0,2.0,-66.15226499746909,-66.15226499746909,0.0,0.0,66.15226499746909,66.15226499746909,0.0,840.0164091523476,11543.596484202415,420.0082045761738,Prosumer
2023-02-17 07:00:00,user_004,7,0,4,False,0.9451408870553434,0.945456284459255,61.309079915507326,61.309544378233966,20.0,0.0,0.0,0.0,10.0,2.0,-60.36393902845198,-60.36393902845198,0.0,0.0,60.36393902845198,60.36393902845198,0.4727281422296275,840.9618654368069,11604.906028580648,420.48093271840344,Prosumer
2023-02-17 08:00:00,user_004,8,0,4,False,5.23980220365276,5.239486806248848,61.34507577682136,61.34484354545805,20.0,0.0,0.0,0.0,10.0,2.0,-56.1052735731686,-56.1052735731686,0.0,0.0,56.1052735731686,56.1052735731686,2.619743403124424,846.2013522430557,11666.250872126106,423.10067612152784,Prosumer
2023-02-17 09:00:00,user_004,9,0,4,False,7.942757955175883,7.943178485047765,0.16488426795458408,0.16465203659126781,20.0,7.414,0.0,-7.414,47.07,9.414,0.3638736872212993,0.3638736872212993,0.3638736872212993,0.3638736872212993,0.0,0.0,3.9715892425238826,854.1445307281034,11666.415524162698,427.0722653640517,Prosumer
2023-02-17 10:00:00,user_004,10,0,4,False,11.233404202654443,11.23298367278256,0.096376015776271,0.09684047850290363,20.0,9.586,0.0,-9.586,95.0,19.0,1.5510281868781721,1.5510281868781721,1.5510281868781721,1.5510281868781721,0.0,0.0,5.61649183639128,865.377514400886,11666.512364641201,432.688757200443,Prosumer
2023-02-17 11:00:00,user_004,11,0,4,False,10.576326277838437,10.576746807710318,0.1010206430425973,0.10113675872425545,20.0,0.0,0.0,0.0,95.0,19.0,10.47530563479584,10.47530563479584,10.47530563479584,10.47530563479584,0.0,0.0,5.288373403855159,875.9542612085962,11666.613501399925,437.9771306042981,Prosumer
2023-02-17 12:00:00,user_004,12,0,4,False,12.467659376628829,12.467659376628829,0.096376015776271,0.09672436282124547,20.0,0.0,0.0,0.0,95.0,19.0,12.371283360852559,12.371283360852559,12.371283360852559,12.371283360852559,0.0,0.0,6.233829688314414,888.421920585225,11666.710225762747,444.2109602926125,Prosumer
2023-02-17 13:00:00,user_004,13,0,4,False,12.189058336506841,12.189373733910754,5.589808915023718,5.590157262068693,20.0,0.0,0.0,0.0,95.0,19.0,6.599249421483123,6.599249421483123,6.599249421483123,6.599249421483123,0.0,0.0,6.094686866955377,900.6112943191358,11672.300383024814,450.3056471595679,Prosumer
2023-02-17 14:00:00,user_004,14,0,4,False,10.614173966307838,10.614068833839868,31.646167879114333,31.646167879114333,20.0,0.0,16.0,16.0,15.0,3.0,-5.031993912806495,-5.031993912806495,0.0,0.0,5.031993912806495,5.031993912806495,5.307034416919934,911.2253631529757,11703.94655090393,455.61268157648783,Prosumer
2023-02-17 15:00:00,user_004,15,0,4,False,7.0007710421596565,7.000981307095598,37.253394146386775,37.25351026206843,20.0,0.0,1.0,1.0,10.0,2.0,-29.25262310422712,-29.25262310422712,0.0,0.0,29.25262310422712,29.25262310422712,3.500490653547799,918.2263444600712,11741.200061165997,459.1131722300356,Prosumer
2023-02-17 16:00:00,user_004,16,0,4,False,3.5261429757326157,3.526353240668557,38.48770384241299,38.48793607377631,20.0,0.0,0.0,0.0,10.0,2.0,-34.96156086668037,-34.96156086668037,0.0,0.0,34.96156086668037,34.96156086668037,1.7631766203342785,921.7526977007398,11779.687997239773,460.8763488503699,Prosumer
2023-02-17 17:00:00,user_004,17,0,4,False,0.04415563654763562,0.04405050407966506,37.40202221890922,37.40225445027253,20.0,0.0,0.0,0.0,10.0,2.0,-37.35786658236158,-37.35786658236158,0.0,0.0,37.35786658236158,37.35786658236158,0.02202525203983253,921.7967482048194,11817.090251690046,460.8983741024097,Prosumer
2023-02-17 18:00:00,user_004,18,0,4,False,0.0,0.0,33.318233694991804,33.3188142734001,20.0,0.0,0.0,0.0,10.0,2.0,-33.318233694991804,-33.318233694991804,0.0,0.0,33.318233694991804,33.318233694991804,0.0,921.7967482048194,11850.409065963446,460.8983741024097,Prosumer
2023-02-17 19:00:00,user_004,19,0,4,False,0.0,0.0,32.93969657278621,32.93992880414953,20.0,0.0,0.0,0.0,10.0,2.0,-32.93969657278621,-32.93969657278621,0.0,0.0,32.93969657278621,32.93969657278621,0.0,921.7967482048194,11883.348994767595,460.8983741024097,Prosumer
2023-02-17 20:00:00,user_004,20,0,4,False,0.0,0.0,33.8035972443229,33.80394559136788,20.0,0.0,0.0,0.0,10.0,2.0,-33.8035972443229,-33.8035972443229,0.0,0.0,33.8035972443229,33.8035972443229,0.0,921.7967482048194,11917.152940358963,460.8983741024097,Prosumer
2023-02-17 21:00:00,user_004,21,0,4,False,0.0,0.0,33.27643204959487,33.276199818231554,20.0,0.0,0.0,0.0,10.0,2.0,-33.27643204959487,-33.27643204959487,0.0,0.0,33.27643204959487,33.27643204959487,0.0,921.7967482048194,11950.429140177195,460.8983741024097,Prosumer
2023-02-17 22:00:00,user_004,22,0,4,False,0.0,0.0,16.519778029506114,16.51989414518777,20.0,0.0,0.0,0.0,10.0,2.0,-16.519778029506114,-16.519778029506114,0.0,0.0,16.519778029506114,16.519778029506114,0.0,921.7967482048194,11966.949034322382,460.8983741024097,Prosumer
2023-02-17 23:00:00,user_004,23,0,4,False,0.0,0.0,15.970550855263026,15.970783086626344,20.0,0.0,0.0,0.0,10.0,2.0,-15.970550855263026,-15.970550855263026,0.0,0.0,15.970550855263026,15.970550855263026,0.0,921.7967482048194,11982.919817409009,460.8983741024097,Prosumer
2023-02-18 00:00:00,user_004,0,0,5,True,0.0,0.0,13.484514110961868,13.484746342325185,20.0,0.0,0.0,0.0,10.0,2.0,-13.484514110961868,-13.484514110961868,0.0,0.0,13.484514110961868,13.484514110961868,0.0,921.7967482048194,11996.404563751334,460.8983741024097,Prosumer
2023-02-18 01:00:00,user_004,1,0,5,True,0.0,0.0,13.01540675706291,13.015174525699594,20.0,0.0,0.0,0.0,10.0,2.0,-13.01540675706291,-13.01540675706291,0.0,0.0,13.01540675706291,13.01540675706291,0.0,921.7967482048194,12009.419738277033,460.8983741024097,Prosumer
2023-02-18 02:00:00,user_004,2,0,5,True,0.0,0.0,10.2553370040485,10.255685351093474,20.0,0.0,0.0,0.0,10.0,2.0,-10.2553370040485,-10.2553370040485,0.0,0.0,10.2553370040485,10.2553370040485,0.0,921.7967482048194,12019.675423628127,460.8983741024097,Prosumer
2023-02-18 03:00:00,user_004,3,0,5,True,0.0,0.0,11.277155002640287,11.276806655595314,20.0,0.0,0.0,0.0,10.0,2.0,-11.277155002640287,-11.277155002640287,0.0,0.0,11.277155002640287,11.277155002640287,0.0,921.7967482048194,12030.952230283721,460.8983741024097,Prosumer
2023-02-18 04:00:00,user_004,4,0,5,True,0.0,0.0,10.813853432824239,10.814201779869212,20.0,0.0,0.0,0.0,10.0,2.0,-10.813853432824239,-10.813853432824239,0.0,0.0,10.813853432824239,10.813853432824239,0.0,921.7967482048194,12041.76643206359,460.8983741024097,Prosumer
2023-02-18 05:00:00,user_004,5,0,5,True,0.0,0.0,13.400910820167995,13.401026935849652,20.0,0.0,0.0,0.0,10.0,2.0,-13.400910820167995,-13.400910820167995,0.0,0.0,13.400910820167995,13.400910820167995,0.0,921.7967482048194,12055.16745899944,460.8983741024097,Prosumer
2023-02-18 06:00:00,user_004,6,0,5,True,0.0,0.0,39.963534156288176,39.963882503333146,20.0,0.0,0.0,0.0,10.0,2.0,-39.963534156288176,-39.963534156288176,0.0,0.0,39.963534156288176,39.963534156288176,0.0,921.7967482048194,12095.131341502773,460.8983741024097,Prosumer
2023-02-18 07:00:00,user_004,7,0,5,True,0.8810100815933011,0.8809049491253306,51.37886682010167,51.37921516714665,20.0,0.0,0.0,0.0,10.0,2.0,-50.49785673850837,-50.49785673850837,0.0,0.0,50.49785673850837,50.49785673850837,0.4404524745626653,922.6776531539448,12146.510556669919,461.3388265769724,Prosumer
2023-02-18 08:00:00,user_004,8,0,5,True,4.410307031365034,4.410727561236916,46.9838882693404,46.98330769093211,20.0,0.0,0.0,0.0,10.0,2.0,-42.57358123797536,-42.57358123797536,0.0,0.0,42.57358123797536,42.57358123797536,2.205363780618458,927.0883807151818,12193.493864360851,463.5441903575909,Prosumer
2023-02-18 09:00:00,user_004,9,0,5,True,7.602128758951265,7.602549288823147,41.5694140336205,41.56953014930216,20.0,0.0,0.0,0.0,10.0,2.0,-33.96728527466923,-33.96728527466923,0.0,0.0,33.96728527466923,33.96728527466923,3.8012746444115737,934.6909300040049,12235.063394510153,467.34546500200247,Prosumer
2023-02-18 10:00:00,user_004,10,0,5,True,9.278991623081714,9.278886490613743,33.79895261705658,33.79860427001161,20.0,0.0,0.0,0.0,10.0,2.0,-24.519960993974863,-24.519960993974863,0.0,0.0,24.519960993974863,24.519960993974863,4.639443245306872,943.9698164946187,12268.861998780165,471.98490824730936,Prosumer
2023-02-18 11:00:00,user_004,11,0,5,True,10.934827993618049,10.934617728682108,29.52705668885295,29.52670834180798,20.0,0.0,0.0,0.0,10.0,2.0,-18.5922286952349,-18.5922286952349,0.0,0.0,18.5922286952349,18.5922286952349,5.467308864341054,954.9044342233009,12298.388707121972,477.45221711165044,Prosumer
2023-02-18 12:00:00,user_004,12,0,5,True,11.878917555993686,11.879127820929629,27.90724292972165,27.907010698358334,20.0,0.0,0.0,0.0,10.0,2.0,-16.028325373727967,-16.028325373727967,0.0,0.0,16.028325373727967,16.028325373727967,5.939563910464814,966.7835620442305,12326.29571782033,483.39178102211525,Prosumer
2023-02-18 13:00:00,user_004,13,0,5,True,10.013867574195935,10.013972706663905,29.821990520264674,29.822454982991303,20.0,0.0,0.0,0.0,10.0,2.0,-19.80812294606874,-19.80812294606874,0.0,0.0,19.80812294606874,19.80812294606874,5.0069863533319525,976.7975347508944,12356.118172803323,488.3987673754472,Prosumer
2023-02-18 14:00:00,user_004,14,0,5,True,8.825870686128596,8.826291216000477,31.90394469239544,31.903712461032125,20.0,0.0,0.0,0.0,10.0,2.0,-23.078074006266846,-23.078074006266846,0.0,0.0,23.078074006266846,23.078074006266846,4.413145608000239,985.623825966895,12388.021885264354,492.8119129834475,Prosumer
2023-02-18 15:00:00,user_004,15,0,5,True,4.685754097447903,4.685648964979933,31.389552222649804,31.389552222649804,20.0,0.0,0.0,0.0,10.0,2.0,-26.7037981252019,-26.7037981252019,0.0,0.0,26.7037981252019,26.7037981252019,2.3428244824899664,990.3094749318749,12419.411437487004,495.15473746593744,Prosumer
2023-02-18 16:00:00,user_004,16,0,5,True,2.7586759595475208,2.7583605621436087,29.91372190877462,29.913257446047986,20.0,0.0,0.0,0.0,10.0,2.0,-27.155045949227098,-27.155045949227098,0.0,0.0,27.155045949227098,27.155045949227098,1.3791802810718043,993.0678354940185,12449.324694933051,496.53391774700924,Prosumer
2023-02-18 17:00:00,user_004,17,0,5,True,0.3101407805131549,0.3098253831092433,35.51630354878073,35.51676801150737,20.0,0.0,0.0,0.0,10.0,2.0,-35.20616276826758,-35.20616276826758,0.0,0.0,35.20616276826758,35.20616276826758,0.15491269155462165,993.3776608771277,12484.84146294456,496.68883043856385,Prosumer
2023-02-18 18:00:00,user_004,18,0,5,True,0.0,0.0,28.490143651645603,28.489795304600626,20.0,0.0,0.0,0.0,10.0,2.0,-28.490143651645603,-28.490143651645603,0.0,0.0,28.490143651645603,28.490143651645603,0.0,993.3776608771277,12513.33125824916,496.68883043856385,Prosumer
2023-02-18 19:00:00,user_004,19,0,5,True,0.0,0.0,30.88328785062024,30.88293950357526,20.0,0.0,0.0,0.0,10.0,2.0,-30.88328785062024,-30.88328785062024,0.0,0.0,30.88328785062024,30.88328785062024,0.0,993.3776608771277,12544.214197752735,496.68883043856385,Prosumer
2023-02-18 20:00:00,user_004,20,0,5,True,0.0,0.0,31.823824872051315,31.823592640688,20.0,0.0,0.0,0.0,10.0,2.0,-31.823824872051315,-31.823824872051315,0.0,0.0,31.823824872051315,31.823824872051315,0.0,993.3776608771277,12576.037790393424,496.68883043856385,Prosumer
2023-02-18 21:00:00,user_004,21,0,5,True,0.0,0.0,29.45970959349122,29.460174056217856,20.0,0.0,0.0,0.0,10.0,2.0,-29.45970959349122,-29.45970959349122,0.0,0.0,29.45970959349122,29.45970959349122,0.0,993.3776608771277,12605.497964449642,496.68883043856385,Prosumer
2023-02-18 22:00:00,user_004,22,0,5,True,0.0,0.0,12.694927475686395,12.695391938413028,20.0,0.0,0.0,0.0,10.0,2.0,-12.694927475686395,-12.694927475686395,0.0,0.0,12.694927475686395,12.694927475686395,0.0,993.3776608771277,12618.193356388054,496.68883043856385,Prosumer
2023-02-18 23:00:00,user_004,23,0,5,True,0.0,0.0,15.993773991594658,15.993541760231341,20.0,0.0,0.0,0.0,10.0,2.0,-15.993773991594658,-15.993773991594658,0.0,0.0,15.993773991594658,15.993773991594658,0.0,993.3776608771277,12634.186898148286,496.68883043856385,Prosumer
2023-02-19 00:00:00,user_004,0,0,6,True,0.0,0.0,10.068390756578864,10.068506872260523,20.0,0.0,0.0,0.0,10.0,2.0,-10.068390756578864,-10.068390756578864,0.0,0.0,10.068390756578864,10.068390756578864,0.0,993.3776608771277,12644.255405020547,496.68883043856385,Prosumer
2023-02-19 01:00:00,user_004,1,0,6,True,0.0,0.0,13.445034779198094,13.444454200789803,20.0,0.0,0.0,0.0,10.0,2.0,-13.445034779198094,-13.445034779198094,0.0,0.0,13.445034779198094,13.445034779198094,0.0,993.3776608771277,12657.699859221337,496.68883043856385,Prosumer
2023-02-19 02:00:00,user_004,2,0,6,True,0.0,0.0,14.056964421536586,14.057312768581559,20.0,0.0,0.0,0.0,10.0,2.0,-14.056964421536586,-14.056964421536586,0.0,0.0,14.056964421536586,14.056964421536586,0.0,993.3776608771277,12671.757171989919,496.68883043856385,Prosumer
2023-02-19 03:00:00,user_004,3,0,6,True,0.0,0.0,13.222092670414431,13.222557133141063,20.0,0.0,0.0,0.0,10.0,2.0,-13.222092670414431,-13.222092670414431,0.0,0.0,13.222092670414431,13.222092670414431,0.0,993.3776608771277,12684.97972912306,496.68883043856385,Prosumer
2023-02-19 04:00:00,user_004,4,0,6,True,0.0,0.0,10.738378239746435,10.738146008383119,20.0,0.0,0.0,0.0,10.0,2.0,-10.738378239746435,-10.738378239746435,0.0,0.0,10.738378239746435,10.738378239746435,0.0,993.3776608771277,12695.717875131444,496.68883043856385,Prosumer
2023-02-19 05:00:00,user_004,5,0,6,True,0.0,0.0,14.134761928247551,14.134413581202578,20.0,0.0,0.0,0.0,10.0,2.0,-14.134761928247551,-14.134761928247551,0.0,0.0,14.134761928247551,14.134761928247551,0.0,993.3776608771277,12709.852288712647,496.68883043856385,Prosumer
2023-02-19 06:00:00,user_004,6,0,6,True,0.0,0.0,43.67807481253264,43.67784258116933,20.0,0.0,0.0,0.0,10.0,2.0,-43.67807481253264,-43.67807481253264,0.0,0.0,43.67807481253264,43.67807481253264,0.0,993.3776608771277,12753.530131293817,496.68883043856385,Prosumer
2023-02-19 07:00:00,user_004,7,0,6,True,1.315207174311718,1.3156277041836004,49.48502005225711,49.4847878208938,20.0,0.0,0.0,0.0,10.0,2.0,-48.1698128779454,-48.1698128779454,0.0,0.0,48.1698128779454,48.1698128779454,0.6578138520918002,994.6932885813113,12803.01491911471,497.34664429065566,Prosumer
2023-02-19 08:00:00,user_004,8,0,6,True,3.536656222529672,3.536656222529672,50.03192491286704,50.03169268150373,20.0,0.0,0.0,0.0,10.0,2.0,-46.49526869033737,-46.49526869033737,0.0,0.0,46.49526869033737,46.49526869033737,1.768328111264836,998.229944803841,12853.046611796213,499.1149724019205,Prosumer
2023-02-19 09:00:00,user_004,9,0,6,True,6.066143401901369,6.065933136965429,42.359000668895966,42.359000668895966,20.0,0.0,0.0,0.0,10.0,2.0,-36.292857266994595,-36.292857266994595,0.0,0.0,36.292857266994595,36.292857266994595,3.0329665684827143,1004.2958779408065,12895.405612465109,502.14793897040323,Prosumer
2023-02-19 10:00:00,user_004,10,0,6,True,8.8079981665736,8.80789303410563,30.802006873459526,30.80177464209621,20.0,0.0,0.0,0.0,10.0,2.0,-21.994008706885925,-21.994008706885925,0.0,0.0,21.994008706885925,21.994008706885925,4.403946517052815,1013.1037709749121,12926.207387107204,506.55188548745605,Prosumer
2023-02-19 11:00:00,user_004,11,0,6,True,11.33643402126559,11.33643402126559,33.43551053346655,33.43597499619318,20.0,0.0,0.0,0.0,10.0,2.0,-22.09907651220096,-22.09907651220096,0.0,0.0,22.09907651220096,22.09907651220096,5.668217010632795,1024.4402049961777,12959.643362103398,512.2201024980889,Prosumer
2023-02-19 12:00:00,user_004,12,0,6,True,10.35975339381908,10.359437996415169,29.05330470768767,29.052956360642696,20.0,0.0,0.0,0.0,10.0,2.0,-18.69355131386859,-18.69355131386859,0.0,0.0,18.69355131386859,18.69355131386859,5.179718998207584,1034.799642992593,12988.69631846404,517.3998214962965,Prosumer
2023-02-19 13:00:00,user_004,13,0,6,True,9.322095934949644,9.322201067417614,28.054709845427514,28.055290423835803,20.0,0.0,0.0,0.0,10.0,2.0,-18.73261391047787,-18.73261391047787,0.0,0.0,18.73261391047787,18.73261391047787,4.661100533708807,1044.1218440600105,13016.751608887877,522.0609220300053,Prosumer
2023-02-19 14:00:00,user_004,14,0,6,True,8.825870686128596,8.825555288724685,28.057032159060675,28.057032159060675,20.0,0.0,0.0,0.0,10.0,2.0,-19.23116147293208,-19.23116147293208,0.0,0.0,19.23116147293208,19.23116147293208,4.412777644362342,1052.9473993487352,13044.808641046937,526.4736996743676,Prosumer
2023-02-19 15:00:00,user_004,15,0,6,True,5.986242726243743,5.986558123647655,30.658023428203407,30.658139543885067,20.0,0.0,0.0,0.0,10.0,2.0,-24.671780701959662,-24.671780701959662,0.0,0.0,24.671780701959662,24.671780701959662,2.9932790618238276,1058.9339574723829,13075.466780590821,529.4669787361914,Prosumer
2023-02-19 16:00:00,user_004,16,0,6,True,3.58501715779613,3.584806892860189,33.63755181955174,33.637319588188426,20.0,0.0,0.0,0.0,10.0,2.0,-30.052534661755608,-30.052534661755608,0.0,0.0,30.052534661755608,30.052534661755608,1.7924034464300944,1062.518764365243,13109.104100179009,531.2593821826215,Prosumer
2023-02-19 17:00:00,user_004,17,0,6,True,0.13141558496320124,0.13110018755928957,28.455308947148154,28.454728368739868,20.0,0.0,0.0,0.0,10.0,2.0,-28.323893362184954,-28.323893362184954,0.0,0.0,28.323893362184954,28.323893362184954,0.06555009377964478,1062.6498645528022,13137.55882854775,531.3249322764011,Prosumer
2023-02-19 18:00:00,user_004,18,0,6,True,0.0,0.0,35.331679614944264,35.3321440776709,20.0,0.0,0.0,0.0,10.0,2.0,-35.331679614944264,-35.331679614944264,0.0,0.0,35.331679614944264,35.331679614944264,0.0,1062.6498645528022,13172.89097262542,531.3249322764011,Prosumer
2023-02-19 19:00:00,user_004,19,0,6,True,0.0,0.0,26.698478683660227,26.698014220933594,20.0,0.0,0.0,0.0,10.0,2.0,-26.698478683660227,-26.698478683660227,0.0,0.0,26.698478683660227,26.698478683660227,0.0,1062.6498645528022,13199.588986846355,531.3249322764011,Prosumer
2023-02-19 20:00:00,user_004,20,0,6,True,0.0,0.0,27.69359007547064,27.69300949706235,20.0,0.0,0.0,0.0,10.0,2.0,-27.69359007547064,-27.69359007547064,0.0,0.0,27.69359007547064,27.69359007547064,0.0,1062.6498645528022,13227.281996343418,531.3249322764011,Prosumer
2023-02-19 21:00:00,user_004,21,0,6,True,0.0,0.0,25.884507755236545,25.884159408191564,20.0,0.0,0.0,0.0,10.0,2.0,-25.884507755236545,-25.884507755236545,0.0,0.0,25.884507755236545,25.884507755236545,0.0,1062.6498645528022,13253.166155751609,531.3249322764011,Prosumer
2023-02-19 22:00:00,user_004,22,0,6,True,0.0,0.0,13.30221249075856,13.302096375076902,20.0,0.0,0.0,0.0,10.0,2.0,-13.30221249075856,-13.30221249075856,0.0,0.0,13.30221249075856,13.30221249075856,0.0,1062.6498645528022,13266.468252126686,531.3249322764011,Prosumer
2023-02-19 23:00:00,user_004,23,0,6,True,0.0,0.0,12.638030791673897,12.63849525440053,20.0,0.0,0.0,0.0,10.0,2.0,-12.638030791673897,-12.638030791673897,0.0,0.0,12.638030791673897,12.638030791673897,0.0,1062.6498645528022,13279.106747381087,531.3249322764011,Prosumer
2023-02-20 00:00:00,user_004,0,0,0,False,0.0,0.0,19.48072791178914,19.480495680425822,20.0,0.0,0.0,0.0,10.0,2.0,-19.48072791178914,-19.48072791178914,0.0,0.0,19.48072791178914,19.48072791178914,0.0,1062.6498645528022,13298.587243061513,531.3249322764011,Prosumer
2023-02-20 01:00:00,user_004,1,0,0,False,0.0,0.0,17.87717034808998,17.876705885363346,20.0,0.0,0.0,0.0,10.0,2.0,-17.87717034808998,-17.87717034808998,0.0,0.0,17.87717034808998,17.87717034808998,0.0,1062.6498645528022,13316.463948946875,531.3249322764011,Prosumer
2023-02-20 02:00:00,user_004,2,0,0,False,0.0,0.0,18.088500888707824,18.088036425981194,20.0,0.0,0.0,0.0,10.0,2.0,-18.088500888707824,-18.088500888707824,0.0,0.0,18.088500888707824,18.088500888707824,0.0,1062.6498645528022,13334.551985372857,531.3249322764011,Prosumer
2023-02-20 03:00:00,user_004,3,0,0,False,0.0,0.0,16.31193095933801,16.31193095933801,20.0,0.0,0.0,0.0,10.0,2.0,-16.31193095933801,-16.31193095933801,0.0,0.0,16.31193095933801,16.31193095933801,0.0,1062.6498645528022,13350.863916332195,531.3249322764011,Prosumer
2023-02-20 04:00:00,user_004,4,0,0,False,0.0,0.0,16.79613335185253,16.796017236170872,20.0,0.0,0.0,0.0,10.0,2.0,-16.79613335185253,-16.79613335185253,0.0,0.0,16.79613335185253,16.79613335185253,0.0,1062.6498645528022,13367.659933568366,531.3249322764011,Prosumer
2023-02-20 05:00:00,user_004,5,0,0,False,0.0,0.0,18.748037960526162,18.747573497799532,20.0,0.0,0.0,0.0,10.0,2.0,-18.748037960526162,-18.748037960526162,0.0,0.0,18.748037960526162,18.748037960526162,0.0,1062.6498645528022,13386.407507066166,531.3249322764011,Prosumer
2023-02-20 06:00:00,user_004,6,0,0,False,0.0,0.0,57.05227902591926,57.052743488645895,20.0,0.0,0.0,0.0,10.0,2.0,-57.05227902591926,-57.05227902591926,0.0,0.0,57.05227902591926,57.05227902591926,0.0,1062.6498645528022,13443.460250554812,531.3249322764011,Prosumer
2023-02-20 07:00:00,user_004,7,0,0,False,1.2332038492946804,1.2328884518907688,77.32956051388335,77.32967662956501,20.0,0.0,0.0,0.0,10.0,2.0,-76.09635666458867,-76.09635666458867,0.0,0.0,76.09635666458867,76.09635666458867,0.6164442259453844,1063.882753004693,13520.789927184376,531.9413765023465,Prosumer
2023-02-20 08:00:00,user_004,8,0,0,False,5.831697998327018,5.831277468455136,54.99935377420303,54.99981823692966,20.0,0.0,0.0,0.0,10.0,2.0,-49.167655775876014,-49.167655775876014,0.0,0.0,49.167655775876014,49.167655775876014,2.915638734227568,1069.7140304731481,13575.789745421305,534.8570152365741,Prosumer
2023-02-20 09:00:00,user_004,9,0,0,False,9.807807936973635,9.807492539569724,66.63066160590071,66.63089383726403,20.0,0.0,0.0,0.0,10.0,2.0,-56.82285366892708,-56.82285366892708,0.0,0.0,56.82285366892708,56.82285366892708,4.903746269784862,1079.5215230127178,13642.42063925857,539.7607615063589,Prosumer
2023-02-20 10:00:00,user_004,10,0,0,False,12.347808363142388,12.347492965738477,33.40183698578568,33.40195310146734,20.0,0.0,0.0,0.0,10.0,2.0,-21.05402862264329,-21.05402862264329,0.0,0.0,21.05402862264329,21.05402862264329,6.173746482869238,1091.8690159784562,13675.822592360037,545.9345079892281,Prosumer
2023-02-20 11:00:00,user_004,11,0,0,False,11.998768569480127,11.999083966884038,31.80408520616943,31.803620743442796,20.0,0.0,0.0,0.0,10.0,2.0,-19.8053166366893,-19.8053166366893,0.0,0.0,19.8053166366893,19.8053166366893,5.999541983442019,1103.8680999453402,13707.62621310348,551.9340499726701,Prosumer
2023-02-20 12:00:00,user_004,12,0,0,False,12.866111430237254,12.866637092577108,35.268977146848854,35.26920937821217,20.0,0.0,0.0,0.0,10.0,2.0,-22.4028657166116,-22.4028657166116,0.0,0.0,22.4028657166116,22.4028657166116,6.433318546288554,1116.7347370379173,13742.895422481692,558.3673685189586,Prosumer
2023-02-20 13:00:00,user_004,13,0,0,False,12.388810025650908,12.388494628246995,33.95570878729509,33.9551282088868,20.0,0.0,0.0,0.0,10.0,2.0,-21.56689876164418,-21.56689876164418,0.0,0.0,21.56689876164418,21.56689876164418,6.194247314123498,1129.1232316661642,13776.850550690579,564.5616158330821,Prosumer
2023-02-20 14:00:00,user_004,14,0,0,False,9.995995054640938,9.99620531957688,39.871802767778235,39.87191888345989,20.0,0.0,0.0,0.0,10.0,2.0,-29.8758077131373,-29.8758077131373,0.0,0.0,29.8758077131373,29.8758077131373,4.99810265978844,1139.119436985741,13816.722469574039,569.5597184928705,Prosumer
2023-02-20 15:00:00,user_004,15,0,0,False,8.277079203322268,8.276763805918355,29.139230312114705,29.139694774841338,20.0,0.0,0.0,0.0,10.0,2.0,-20.86215110879244,-20.86215110879244,0.0,0.0,20.86215110879244,20.86215110879244,4.1383819029591775,1147.3962007916593,13845.86216434888,573.6981003958297,Prosumer
2023-02-20 16:00:00,user_004,16,0,0,False,3.9477241722945653,3.9479344372305065,36.690233090344705,36.690465321708025,20.0,0.0,0.0,0.0,10.0,2.0,-32.74250891805014,-32.74250891805014,0.0,0.0,32.74250891805014,32.74250891805014,1.9739672186152533,1151.3441352288899,13882.552629670588,575.6720676144449,Prosumer
2023-02-20 17:00:00,user_004,17,0,0,False,0.21762420869906124,0.21772934116703183,28.56329653109024,28.563644878135218,20.0,0.0,0.0,0.0,10.0,2.0,-28.34567232239118,-28.34567232239118,0.0,0.0,28.34567232239118,28.34567232239118,0.10886467058351591,1151.561864570057,13911.116274548724,575.7809322850285,Prosumer
2023-02-20 18:00:00,user_004,18,0,0,False,0.0,0.0,39.2877408890377,39.288321467445996,20.0,0.0,0.0,0.0,10.0,2.0,-39.2877408890377,-39.2877408890377,0.0,0.0,39.2877408890377,39.2877408890377,0.0,1151.561864570057,13950.40459601617,575.7809322850285,Prosumer
2023-02-20 19:00:00,user_004,19,0,0,False,0.0,0.0,30.313159853678684,30.312695390952047,20.0,0.0,0.0,0.0,10.0,2.0,-30.313159853678684,-30.313159853678684,0.0,0.0,30.313159853678684,30.313159853678684,0.0,1151.561864570057,13980.717291407122,575.7809322850285,Prosumer
2023-02-20 20:00:00,user_004,20,0,0,False,0.0,0.0,36.0980431138881,36.09792699820645,20.0,0.0,0.0,0.0,10.0,2.0,-36.0980431138881,-36.0980431138881,0.0,0.0,36.0980431138881,36.0980431138881,0.0,1151.561864570057,14016.815218405329,575.7809322850285,Prosumer
2023-02-20 21:00:00,user_004,21,0,0,False,0.0,0.0,30.010097924550887,30.009749577505914,20.0,0.0,0.0,0.0,10.0,2.0,-30.010097924550887,-30.010097924550887,0.0,0.0,30.010097924550887,30.010097924550887,0.0,1151.561864570057,14046.824967982835,575.7809322850285,Prosumer
2023-02-20 22:00:00,user_004,22,0,0,False,0.0,0.0,16.596414379400496,16.596646610763813,20.0,0.0,0.0,0.0,10.0,2.0,-16.596414379400496,-16.596414379400496,0.0,0.0,16.596414379400496,16.596414379400496,0.0,1151.561864570057,14063.421614593599,575.7809322850285,Prosumer
2023-02-20 23:00:00,user_004,23,0,0,False,0.0,0.0,18.026959577429004,18.027424040155633,20.0,0.0,0.0,0.0,10.0,2.0,-18.026959577429004,-18.026959577429004,0.0,0.0,18.026959577429004,18.026959577429004,0.0,1151.561864570057,14081.449038633755,575.7809322850285,Prosumer
2023-02-21 00:00:00,user_004,0,0,1,False,0.0,0.0,15.31798072434418,15.318329071389154,20.0,0.0,0.0,0.0,10.0,2.0,-15.31798072434418,-15.31798072434418,0.0,0.0,15.31798072434418,15.31798072434418,0.0,1151.561864570057,14096.767367705144,575.7809322850285,Prosumer
2023-02-21 01:00:00,user_004,1,0,1,False,0.0,0.0,17.15144733772649,17.15144733772649,20.0,0.0,0.0,0.0,10.0,2.0,-17.15144733772649,-17.15144733772649,0.0,0.0,17.15144733772649,17.15144733772649,0.0,1151.561864570057,14113.91881504287,575.7809322850285,Prosumer
2023-02-21 02:00:00,user_004,2,0,1,False,0.0,0.0,16.443141679611728,16.44302556393007,20.0,0.0,0.0,0.0,10.0,2.0,-16.443141679611728,-16.443141679611728,0.0,0.0,16.443141679611728,16.443141679611728,0.0,1151.561864570057,14130.361840606802,575.7809322850285,Prosumer
2023-02-21 03:00:00,user_004,3,0,1,False,0.0,0.0,16.631249083897945,16.6313651995796,20.0,0.0,0.0,0.0,10.0,2.0,-16.631249083897945,-16.631249083897945,0.0,0.0,16.631249083897945,16.631249083897945,0.0,1151.561864570057,14146.99320580638,575.7809322850285,Prosumer
2023-02-21 04:00:00,user_004,4,0,1,False,0.0,0.0,18.442653717765207,18.44242148640189,20.0,0.0,0.0,0.0,10.0,2.0,-18.442653717765207,-18.442653717765207,0.0,0.0,18.442653717765207,18.442653717765207,0.0,1151.561864570057,14165.435627292782,575.7809322850285,Prosumer
2023-02-21 05:00:00,user_004,5,0,1,False,0.0,0.0,14.304290823468463,14.304639170513436,20.0,0.0,0.0,0.0,10.0,2.0,-14.304290823468463,-14.304290823468463,0.0,0.0,14.304290823468463,14.304290823468463,0.0,1151.561864570057,14179.740266463295,575.7809322850285,Prosumer
2023-02-21 06:00:00,user_004,6,0,1,False,0.0,0.0,74.38602798384906,74.38556352112244,20.0,0.0,0.0,0.0,10.0,2.0,-74.38602798384906,-74.38602798384906,0.0,0.0,74.38602798384906,74.38602798384906,0.0,1151.561864570057,14254.125829984418,575.7809322850285,Prosumer
2023-02-21 07:00:00,user_004,7,0,1,False,1.3751326810549378,1.375342945990879,59.52554304523803,59.52600750796466,20.0,0.0,0.0,0.0,10.0,2.0,-58.150410364183095,-58.150410364183095,0.0,0.0,58.150410364183095,58.150410364183095,0.6876714729954395,1152.937207516048,14313.651837492382,576.468603758024,Prosumer
2023-02-21 08:00:00,user_004,8,0,1,False,5.173568748831307,5.1737790137672475,67.12066978249813,67.12090201386144,20.0,0.0,0.0,0.0,10.0,2.0,-61.94710103366682,-61.94710103366682,0.0,0.0,61.94710103366682,61.94710103366682,2.5868895068836237,1158.1109865298151,14380.772739506243,579.0554932649076,Prosumer
2023-02-21 09:00:00,user_004,9,0,1,False,8.680787880329222,8.68036735045734,58.49559694893017,58.49571306461182,20.0,0.0,0.0,0.0,10.0,2.0,-49.81480906860095,-49.81480906860095,0.0,0.0,49.81480906860095,49.81480906860095,4.34018367522867,1166.7913538802725,14439.268452570856,583.3956769401362,Prosumer
2023-02-21 10:00:00,user_004,10,0,1,False,11.405821450126162,11.406241979998043,35.262010205949366,35.26154574322273,20.0,0.0,0.0,0.0,10.0,2.0,-23.856188755823204,-23.856188755823204,0.0,0.0,23.856188755823204,23.856188755823204,5.703120989999022,1178.1975958602704,14474.529998314078,589.0987979301352,Prosumer
2023-02-21 11:00:00,user_004,11,0,1,False,12.985962443723695,12.985752178787754,33.64335760363465,33.64393818204294,20.0,0.0,0.0,0.0,10.0,2.0,-20.657395159910955,-20.657395159910955,0.0,0.0,20.657395159910955,20.657395159910955,6.492876089393877,1191.1833480390583,14508.173936496121,595.5916740195291,Prosumer
2023-02-21 12:00:00,user_004,12,0,1,False,12.42876036347972,12.428865495947692,33.90113441691576,33.901250532597416,20.0,0.0,0.0,0.0,10.0,2.0,-21.47237405343604,-21.47237405343604,0.0,0.0,21.47237405343604,21.47237405343604,6.214432747973846,1203.612213535006,14542.075187028719,601.806106767503,Prosumer
2023-02-21 13:00:00,user_004,13,0,1,False,11.439463839876742,11.439253574940802,29.737226072654217,29.736877725609244,20.0,0.0,0.0,0.0,10.0,2.0,-18.297762232777472,-18.297762232777472,0.0,0.0,18.297762232777472,18.297762232777472,5.719626787470401,1215.0514671099468,14571.812064754327,607.5257335549734,Prosumer
2023-02-21 14:00:00,user_004,14,0,1,False,9.628031416743974,9.628031416743974,40.59984809177489,40.59949974472991,20.0,0.0,0.0,0.0,10.0,2.0,-30.971816675030915,-30.971816675030915,0.0,0.0,30.971816675030915,30.971816675030915,4.814015708371987,1224.6794985266908,14612.411564499058,612.3397492633454,Prosumer
2023-02-21 15:00:00,user_004,15,0,1,False,6.848328963602343,6.848013566198431,28.262556915595614,28.26220856855064,20.0,0.0,0.0,0.0,10.0,2.0,-21.41422795199327,-21.41422795199327,0.0,0.0,21.41422795199327,21.41422795199327,3.4240067830992156,1231.5275120928893,14640.673773067609,615.7637560464447,Prosumer
2023-02-21 16:00:00,user_004,16,0,1,False,4.141167913360397,4.141378178296339,28.838490696620074,28.838490696620074,20.0,0.0,0.0,0.0,10.0,2.0,-24.697322783259676,-24.697322783259676,0.0,0.0,24.697322783259676,24.697322783259676,2.0706890891481695,1235.6688902711855,14669.512263764229,617.8344451355928,Prosumer
2023-02-21 17:00:00,user_004,17,0,1,False,0.26703646864522496,0.26756213098507775,32.627345389125765,32.62746150480742,20.0,0.0,0.0,0.0,10.0,2.0,-32.36030892048054,-32.36030892048054,0.0,0.0,32.36030892048054,32.36030892048054,0.13378106549253888,1235.9364524021705,14702.139725269037,617.9682262010853,Prosumer
2023-02-21 18:00:00,user_004,18,0,1,False,0.0,0.0,31.968969474124012,31.969201705487325,20.0,0.0,0.0,0.0,10.0,2.0,-31.968969474124012,-31.968969474124012,0.0,0.0,31.968969474124012,31.968969474124012,0.0,1235.9364524021705,14734.108926974524,617.9682262010853,Prosumer
2023-02-21 19:00:00,user_004,19,0,1,False,0.0,0.0,37.61915854360998,37.61904242792831,20.0,0.0,0.0,0.0,10.0,2.0,-37.61915854360998,-37.61915854360998,0.0,0.0,37.61915854360998,37.61915854360998,0.0,1235.9364524021705,14771.727969402453,617.9682262010853,Prosumer
2023-02-21 20:00:00,user_004,20,0,1,False,0.0,0.0,37.70624530485359,37.7064775362169,20.0,0.0,0.0,0.0,10.0,2.0,-37.70624530485359,-37.70624530485359,0.0,0.0,37.70624530485359,37.70624530485359,0.0,1235.9364524021705,14809.43444693867,617.9682262010853,Prosumer
2023-02-21 21:00:00,user_004,21,0,1,False,0.0,0.0,30.055383040397572,30.05549915607923,20.0,0.0,0.0,0.0,10.0,2.0,-30.055383040397572,-30.055383040397572,0.0,0.0,30.055383040397572,30.055383040397572,0.0,1235.9364524021705,14839.489946094749,617.9682262010853,Prosumer
2023-02-21 22:00:00,user_004,22,0,1,False,0.0,0.0,13.924592544446288,13.924128081719653,20.0,0.0,0.0,0.0,10.0,2.0,-13.924592544446288,-13.924592544446288,0.0,0.0,13.924592544446288,13.924592544446288,0.0,1235.9364524021705,14853.41407417647,617.9682262010853,Prosumer
2023-02-21 23:00:00,user_004,23,0,1,False,0.0,0.0,15.819600469107423,15.819600469107423,20.0,0.0,0.0,0.0,10.0,2.0,-15.819600469107423,-15.819600469107423,0.0,0.0,15.819600469107423,15.819600469107423,0.0,1235.9364524021705,14869.233674645577,617.9682262010853,Prosumer
2023-02-22 00:00:00,user_004,0,0,2,False,0.0,0.0,15.977517796162516,15.97786614320749,20.0,0.0,0.0,0.0,10.0,2.0,-15.977517796162516,-15.977517796162516,0.0,0.0,15.977517796162516,15.977517796162516,0.0,1235.9364524021705,14885.211540788785,617.9682262010853,Prosumer
2023-02-22 01:00:00,user_004,1,0,2,False,0.0,0.0,19.104513103216707,19.104629218898364,20.0,0.0,0.0,0.0,10.0,2.0,-19.104513103216707,-19.104513103216707,0.0,0.0,19.104513103216707,19.104513103216707,0.0,1235.9364524021705,14904.316170007683,617.9682262010853,Prosumer
2023-02-22 02:00:00,user_004,2,0,2,False,0.0,0.0,18.06760006600936,18.067832297372675,20.0,0.0,0.0,0.0,10.0,2.0,-18.06760006600936,-18.06760006600936,0.0,0.0,18.06760006600936,18.06760006600936,0.0,1235.9364524021705,14922.384002305056,617.9682262010853,Prosumer
2023-02-22 03:00:00,user_004,3,0,2,False,0.0,0.0,16.65098874977983,16.651337096824804,20.0,0.0,0.0,0.0,10.0,2.0,-16.65098874977983,-16.65098874977983,0.0,0.0,16.65098874977983,16.65098874977983,0.0,1235.9364524021705,14939.03533940188,617.9682262010853,Prosumer
2023-02-22 04:00:00,user_004,4,0,2,False,0.0,0.0,17.20718286492241,17.20764732764904,20.0,0.0,0.0,0.0,10.0,2.0,-17.20718286492241,-17.20718286492241,0.0,0.0,17.20718286492241,17.20718286492241,0.0,1235.9364524021705,14956.242986729529,617.9682262010853,Prosumer
2023-02-22 05:00:00,user_004,5,0,2,False,0.0,0.0,17.030687028802006,17.03103537584698,20.0,0.0,0.0,0.0,10.0,2.0,-17.030687028802006,-17.030687028802006,0.0,0.0,17.030687028802006,17.030687028802006,0.0,1235.9364524021705,14973.274022105375,617.9682262010853,Prosumer
2023-02-22 06:00:00,user_004,6,0,2,False,0.0,0.0,65.09793460801302,65.09793460801302,20.0,0.0,0.0,0.0,10.0,2.0,-65.09793460801302,-65.09793460801302,0.0,0.0,65.09793460801302,65.09793460801302,0.0,1235.9364524021705,15038.371956713388,617.9682262010853,Prosumer
2023-02-22 07:00:00,user_004,7,0,2,False,1.2279472258961524,1.228262623300064,58.69299360774903,58.69345807047567,20.0,0.0,0.0,0.0,10.0,2.0,-57.46504638185288,-57.46504638185288,0.0,0.0,57.46504638185288,57.46504638185288,0.614131311650032,1237.1647150254705,15097.065414783865,618.5823575127353,Prosumer
2023-02-22 08:00:00,user_004,8,0,2,False,4.842401474724039,4.842716872127951,65.75166589574845,65.75131754870347,20.0,0.0,0.0,0.0,10.0,2.0,-60.9092644210244,-60.9092644210244,0.0,0.0,60.9092644210244,60.9092644210244,2.4213584360639757,1242.0074318975985,15162.816732332569,621.0037159487993,Prosumer
2023-02-22 09:00:00,user_004,9,0,2,False,7.967989747488818,7.968200012424759,60.019034692285196,60.01857022955856,20.0,0.0,0.0,0.0,10.0,2.0,-52.05104494479638,-52.05104494479638,0.0,0.0,52.05104494479638,52.05104494479638,3.9841000062123797,1249.9756319100234,15222.835302562127,624.9878159550117,Prosumer
2023-02-22 10:00:00,user_004,10,0,2,False,10.819182278850432,10.819602808722314,35.01816727446724,35.0177028117406,20.0,0.0,0.0,0.0,10.0,2.0,-24.198984995616804,-24.198984995616804,0.0,0.0,24.198984995616804,24.198984995616804,5.409801404361157,1260.7952347187456,15257.853005373869,630.3976173593728,Prosumer
2023-02-22 11:00:00,user_004,11,0,2,False,12.188007011827136,12.188427541699019,33.99402696224228,33.99367861519731,20.0,0.0,0.0,0.0,10.0,2.0,-21.806019950415145,-21.806019950415145,0.0,0.0,21.806019950415145,21.806019950415145,6.094213770849509,1272.9836622604446,15291.846683989066,636.4918311302223,Prosumer
2023-02-22 12:00:00,user_004,12,0,2,False,12.45294083111295,12.452520301241067,6.358494727600722,6.358726958964039,20.0,6.368,0.0,-6.368,41.84,8.368,-0.27355389648777173,-0.27355389648777173,0.0,0.0,0.27355389648777173,0.27355389648777173,6.226260150620534,1285.4361825616857,15298.20541094803,642.7180912808428,Prosumer
2023-02-22 13:00:00,user_004,13,0,2,False,12.24688119389065,12.247196591294562,29.25418483695628,29.253952605592964,20.0,0.0,6.368,6.368,10.0,2.0,-10.639303643065633,-10.639303643065633,0.0,0.0,10.639303643065633,10.639303643065633,6.123598295647281,1297.6833791529803,15327.459363553624,648.8416895764901,Prosumer
2023-02-22 14:00:00,user_004,14,0,2,False,10.277750068802042,10.277539803866102,38.6073029945209,38.607767457247526,20.0,0.0,0.0,0.0,10.0,2.0,-28.329552925718858,-28.329552925718858,0.0,0.0,28.329552925718858,28.329552925718858,5.138769901933051,1307.9609189568464,15366.067131010872,653.9804594784232,Prosumer
2023-02-22 15:00:00,user_004,15,0,2,False,9.459819467991078,9.460134865394991,35.878584475554185,35.87846835987253,20.0,0.0,0.0,0.0,10.0,2.0,-26.418765007563106,-26.418765007563106,0.0,0.0,26.418765007563106,26.418765007563106,4.730067432697496,1317.4210538222414,15401.945599370745,658.7105269111207,Prosumer
2023-02-22 16:00:00,user_004,16,0,2,False,3.624967495624943,3.6252828930288548,31.02030435497686,31.020768817703495,20.0,0.0,0.0,0.0,10.0,2.0,-27.395336859351918,-27.395336859351918,0.0,0.0,27.395336859351918,27.395336859351918,1.8126414465144274,1321.0463367152704,15432.966368188449,660.5231683576352,Prosumer
2023-02-22 17:00:00,user_004,17,0,2,False,0.2859603128799259,0.2854346505400731,38.31236916310917,38.31248527879083,20.0,0.0,0.0,0.0,10.0,2.0,-38.02640885022924,-38.02640885022924,0.0,0.0,38.02640885022924,38.02640885022924,0.14271732527003655,1321.3317713658105,15471.27885346724,660.6658856829052,Prosumer
2023-02-22 18:00:00,user_004,18,0,2,False,0.0,0.0,32.63431233002525,32.634196214343596,20.0,0.0,0.0,0.0,10.0,2.0,-32.63431233002525,-32.63431233002525,0.0,0.0,32.63431233002525,32.63431233002525,0.0,1321.3317713658105,15503.913049681583,660.6658856829052,Prosumer
2023-02-22 19:00:00,user_004,19,0,2,False,0.0,0.0,30.079767333545785,30.080115680590758,20.0,0.0,0.0,0.0,10.0,2.0,-30.079767333545785,-30.079767333545785,0.0,0.0,30.079767333545785,30.079767333545785,0.0,1321.3317713658105,15533.993165362173,660.6658856829052,Prosumer
2023-02-22 20:00:00,user_004,20,0,2,False,0.0,0.0,29.92417232012385,29.924056204442195,20.0,0.0,0.0,0.0,10.0,2.0,-29.92417232012385,-29.92417232012385,0.0,0.0,29.92417232012385,29.92417232012385,0.0,1321.3317713658105,15563.917221566615,660.6658856829052,Prosumer
2023-02-22 21:00:00,user_004,21,0,2,False,0.0,0.0,38.457513765181865,38.457513765181865,20.0,0.0,0.0,0.0,10.0,2.0,-38.457513765181865,-38.457513765181865,0.0,0.0,38.457513765181865,38.457513765181865,0.0,1321.3317713658105,15602.374735331798,660.6658856829052,Prosumer
2023-02-22 22:00:00,user_004,22,0,2,False,0.0,0.0,14.211398278141937,14.211166046778619,20.0,0.0,0.0,0.0,10.0,2.0,-14.211398278141937,-14.211398278141937,0.0,0.0,14.211398278141937,14.211398278141937,0.0,1321.3317713658105,15616.585901378576,660.6658856829052,Prosumer
2023-02-22 23:00:00,user_004,23,0,2,False,0.0,0.0,19.852298093095243,19.85264644014022,20.0,0.0,0.0,0.0,10.0,2.0,-19.852298093095243,-19.852298093095243,0.0,0.0,19.852298093095243,19.852298093095243,0.0,1321.3317713658105,15636.438547818716,660.6658856829052,Prosumer
2023-02-23 00:00:00,user_004,0,0,3,False,0.0,0.0,15.209993140402092,15.21010925608375,20.0,0.0,0.0,0.0,10.0,2.0,-15.209993140402092,-15.209993140402092,0.0,0.0,15.209993140402092,15.209993140402092,0.0,1321.3317713658105,15651.6486570748,660.6658856829052,Prosumer
2023-02-23 01:00:00,user_004,1,0,3,False,0.0,0.0,17.36858366242725,17.369048125153878,20.0,0.0,0.0,0.0,10.0,2.0,-17.36858366242725,-17.36858366242725,0.0,0.0,17.36858366242725,17.36858366242725,0.0,1321.3317713658105,15669.017705199954,660.6658856829052,Prosumer
2023-02-23 02:00:00,user_004,2,0,3,False,0.0,0.0,15.226249335834234,15.226481567197553,20.0,0.0,0.0,0.0,10.0,2.0,-15.226249335834234,-15.226249335834234,0.0,0.0,15.226249335834234,15.226249335834234,0.0,1321.3317713658105,15684.244186767151,660.6658856829052,Prosumer
2023-02-23 03:00:00,user_004,3,0,3,False,0.0,0.0,18.660951199282547,18.661415662009176,20.0,0.0,0.0,0.0,10.0,2.0,-18.660951199282547,-18.660951199282547,0.0,0.0,18.660951199282547,18.660951199282547,0.0,1321.3317713658105,15702.90560242916,660.6658856829052,Prosumer
2023-02-23 04:00:00,user_004,4,0,3,False,0.0,0.0,14.70024529792278,14.699780835196147,20.0,0.0,0.0,0.0,10.0,2.0,-14.70024529792278,-14.70024529792278,0.0,0.0,14.70024529792278,14.70024529792278,0.0,1321.3317713658105,15717.605383264356,660.6658856829052,Prosumer
2023-02-23 05:00:00,user_004,5,0,3,False,0.0,0.0,18.126819063655017,18.127051295018333,20.0,0.0,0.0,0.0,10.0,2.0,-18.126819063655017,-18.126819063655017,0.0,0.0,18.126819063655017,18.126819063655017,0.0,1321.3317713658105,15735.732434559373,660.6658856829052,Prosumer
2023-02-23 06:00:00,user_004,6,0,3,False,0.0,0.0,72.39464404341166,72.39441181204835,20.0,0.0,0.0,0.0,10.0,2.0,-72.39464404341166,-72.39464404341166,0.0,0.0,72.39464404341166,72.39464404341166,0.0,1321.3317713658105,15808.126846371422,660.6658856829052,Prosumer
2023-02-23 07:00:00,user_004,7,0,3,False,1.2878727326393722,1.2880829975753134,71.19284673824973,71.19296285393138,20.0,0.0,0.0,0.0,10.0,2.0,-69.90497400561036,-69.90497400561036,0.0,0.0,69.90497400561036,69.90497400561036,0.6440414987876567,1322.6198543633857,15879.319809225353,661.3099271816928,Prosumer
2023-02-23 08:00:00,user_004,8,0,3,False,4.681548798729081,4.681128268857199,64.30602565910438,64.30614177478604,20.0,0.0,0.0,0.0,10.0,2.0,-59.624476860375296,-59.624476860375296,0.0,0.0,59.624476860375296,59.624476860375296,2.3405641344285995,1327.300982632243,15943.62595100014,663.6504913161215,Prosumer
2023-02-23 09:00:00,user_004,9,0,3,False,8.554628918764548,8.554208388892665,60.70643952770149,60.706323412019835,20.0,0.0,0.0,0.0,10.0,2.0,-52.15181060893694,-52.15181060893694,0.0,0.0,52.15181060893694,52.15181060893694,4.277104194446332,1335.8551910211356,16004.33227441216,667.9275955105678,Prosumer
2023-02-23 10:00:00,user_004,10,0,3,False,10.702485239403108,10.701959577063258,36.5207041951238,36.52047196376048,20.0,0.0,0.0,0.0,10.0,2.0,-25.81821895572069,-25.81821895572069,0.0,0.0,25.81821895572069,25.81821895572069,5.350979788531629,1346.5571505981989,16040.85274637592,673.2785752990994,Prosumer
2023-02-23 11:00:00,user_004,11,0,3,False,11.698089711084323,11.698299976020262,33.282237833677776,33.28212171799612,20.0,0.0,0.0,0.0,10.0,2.0,-21.584148122593454,-21.584148122593454,0.0,0.0,21.584148122593454,21.584148122593454,5.849149988010131,1358.2554505742191,16074.134868093915,679.1277252871096,Prosumer
2023-02-23 12:00:00,user_004,12,0,3,False,10.593147472713726,10.592621810373872,38.181158442835454,38.18127455851712,20.0,0.0,0.0,0.0,10.0,2.0,-27.58801097012173,-27.58801097012173,0.0,0.0,27.58801097012173,27.58801097012173,5.296310905186936,1368.848072384593,16112.316142652433,684.4240361922965,Prosumer
2023-02-23 13:00:00,user_004,13,0,3,False,9.078188609257941,9.077978344322,36.80867108563603,36.808787201317685,20.0,0.0,0.0,0.0,10.0,2.0,-27.730482476378086,-27.730482476378086,0.0,0.0,27.730482476378086,27.730482476378086,4.538989172161,1377.926050728915,16149.124929853751,688.9630253644575,Prosumer
2023-02-23 14:00:00,user_004,14,0,3,False,8.948875673654152,8.948980806122123,36.77035291068884,36.770585142052155,20.0,0.0,0.0,0.0,10.0,2.0,-27.821477237034692,-27.821477237034692,0.0,0.0,27.821477237034692,27.821477237034692,4.474490403061061,1386.8750315350371,16185.895514995804,693.4375157675186,Prosumer
2023-02-23 15:00:00,user_004,15,0,3,False,6.561317326042711,6.561527590978653,38.66187736490023,38.66176124921857,20.0,0.0,0.0,0.0,10.0,2.0,-32.100560038857516,-32.100560038857516,0.0,0.0,32.100560038857516,32.100560038857516,3.2807637954893263,1393.4365591260157,16224.557276245023,696.7182795630079,Prosumer
2023-02-23 16:00:00,user_004,16,0,3,False,2.1825500350688465,2.1824449026008756,39.625637522662934,39.62621810107123,20.0,0.0,0.0,0.0,10.0,2.0,-37.443087487594084,-37.443087487594084,0.0,0.0,37.443087487594084,37.443087487594084,1.0912224513004378,1395.6190040286165,16264.183494346094,697.8095020143082,Prosumer
2023-02-23 17:00:00,user_004,17,0,3,False,0.18608446830789296,0.18661013064774576,36.15029517063427,36.15006293927096,20.0,0.0,0.0,0.0,10.0,2.0,-35.96421070232638,-35.96421070232638,0.0,0.0,35.96421070232638,35.96421070232638,0.09330506532387288,1395.8056141592642,16300.333557285365,697.9028070796321,Prosumer
2023-02-23 18:00:00,user_004,18,0,3,False,0.0,0.0,37.050191703485,37.050540050529975,20.0,0.0,0.0,0.0,10.0,2.0,-37.050191703485,-37.050191703485,0.0,0.0,37.050191703485,37.050191703485,0.0,1395.8056141592642,16337.384097335895,697.9028070796321,Prosumer
2023-02-23 19:00:00,user_004,19,0,3,False,0.0,0.0,30.449015201218725,30.449363548263698,20.0,0.0,0.0,0.0,10.0,2.0,-30.449015201218725,-30.449015201218725,0.0,0.0,30.449015201218725,30.449015201218725,0.0,1395.8056141592642,16367.833460884158,697.9028070796321,Prosumer
2023-02-23 20:00:00,user_004,20,0,3,False,0.0,0.0,34.21929138465911,34.21975584738574,20.0,0.0,0.0,0.0,10.0,2.0,-34.21929138465911,-34.21929138465911,0.0,0.0,34.21929138465911,34.21929138465911,0.0,1395.8056141592642,16402.053216731543,697.9028070796321,Prosumer
2023-02-23 21:00:00,user_004,21,0,3,False,0.0,0.0,38.60846415133747,38.60846415133747,20.0,0.0,0.0,0.0,10.0,2.0,-38.60846415133747,-38.60846415133747,0.0,0.0,38.60846415133747,38.60846415133747,0.0,1395.8056141592642,16440.66168088288,697.9028070796321,Prosumer
2023-02-23 22:00:00,user_004,22,0,3,False,0.0,0.0,18.140752945453997,18.140288482727364,20.0,0.0,0.0,0.0,10.0,2.0,-18.140752945453997,-18.140752945453997,0.0,0.0,18.140752945453997,18.140752945453997,0.0,1395.8056141592642,16458.801969365606,697.9028070796321,Prosumer
2023-02-23 23:00:00,user_004,23,0,3,False,0.0,0.0,18.606376828903212,18.606725175948185,20.0,0.0,0.0,0.0,10.0,2.0,-18.606376828903212,-18.606376828903212,0.0,0.0,18.606376828903212,18.606376828903212,0.0,1395.8056141592642,16477.408694541555,697.9028070796321,Prosumer
2023-02-24 00:00:00,user_004,0,0,4,False,0.0,0.0,19.57826508438199,19.57884566279028,20.0,0.0,0.0,0.0,10.0,2.0,-19.57826508438199,-19.57826508438199,0.0,0.0,19.57826508438199,19.57826508438199,0.0,1395.8056141592642,16496.987540204344,697.9028070796321,Prosumer
2023-02-24 01:00:00,user_004,1,0,4,False,0.0,0.0,16.779877156420387,16.77976104073873,20.0,0.0,0.0,0.0,10.0,2.0,-16.779877156420387,-16.779877156420387,0.0,0.0,16.779877156420387,16.779877156420387,0.0,1395.8056141592642,16513.767301245083,697.9028070796321,Prosumer
2023-02-24 02:00:00,user_004,2,0,4,False,0.0,0.0,19.07780649643533,19.0773420337087,20.0,0.0,0.0,0.0,10.0,2.0,-19.07780649643533,-19.07780649643533,0.0,0.0,19.07780649643533,19.07780649643533,0.0,1395.8056141592642,16532.844643278793,697.9028070796321,Prosumer
2023-02-24 03:00:00,user_004,3,0,4,False,0.0,0.0,14.533038716335033,14.532690369290059,20.0,0.0,0.0,0.0,10.0,2.0,-14.533038716335033,-14.533038716335033,0.0,0.0,14.533038716335033,14.533038716335033,0.0,1395.8056141592642,16547.377333648084,697.9028070796321,Prosumer
2023-02-24 04:00:00,user_004,4,0,4,False,0.0,0.0,20.258702978898793,20.258586863217136,20.0,0.0,0.0,0.0,10.0,2.0,-20.258702978898793,-20.258702978898793,0.0,0.0,20.258702978898793,20.258702978898793,0.0,1395.8056141592642,16567.6359205113,697.9028070796321,Prosumer
2023-02-24 05:00:00,user_004,5,0,4,False,0.0,0.0,18.426397522333065,18.426397522333065,20.0,0.0,0.0,0.0,10.0,2.0,-18.426397522333065,-18.426397522333065,0.0,0.0,18.426397522333065,18.426397522333065,0.0,1395.8056141592642,16586.062318033633,697.9028070796321,Prosumer
2023-02-24 06:00:00,user_004,6,0,4,False,0.0,0.0,67.154343330179,67.15387886745236,20.0,0.0,0.0,0.0,10.0,2.0,-67.154343330179,-67.154343330179,0.0,0.0,67.154343330179,67.154343330179,0.0,1395.8056141592642,16653.216196901085,697.9028070796321,Prosumer
2023-02-24 07:00:00,user_004,7,0,4,False,1.4350581877981576,1.4355838501380103,71.70723920799537,71.70712309231371,20.0,0.0,0.0,0.0,10.0,2.0,-70.27218102019721,-70.27218102019721,0.0,0.0,70.27218102019721,70.27218102019721,0.7177919250690051,1397.2411980094023,16724.9233199934,698.6205990047011,Prosumer
2023-02-24 08:00:00,user_004,8,0,4,False,5.4479644902344715,5.448174755170411,54.14358120038241,54.14323285333744,20.0,0.0,0.0,0.0,10.0,2.0,-48.69561671014794,-48.69561671014794,0.0,0.0,48.69561671014794,48.69561671014794,2.7240873775852057,1402.6893727645727,16779.066552846736,701.3446863822863,Prosumer
2023-02-24 09:00:00,user_004,9,0,4,False,8.071019566099967,8.070493903760115,60.318613150963245,60.318961498008214,20.0,0.0,0.0,0.0,10.0,2.0,-52.24759358486328,-52.24759358486328,0.0,0.0,52.24759358486328,52.24759358486328,4.035246951880057,1410.7598666683327,16839.385514344744,705.3799333341664,Prosumer
2023-02-24 10:00:00,user_004,10,0,4,False,9.840399002044508,9.840399002044508,36.079464604822796,36.07981295186777,20.0,0.0,0.0,0.0,10.0,2.0,-26.23906560277829,-26.23906560277829,0.0,0.0,26.23906560277829,26.23906560277829,4.920199501022254,1420.6002656703772,16875.46532729661,710.3001328351886,Prosumer
2023-02-24 11:00:00,user_004,11,0,4,False,12.059745400903052,12.059535135967112,31.43715965212965,31.437391883492968,20.0,0.0,0.0,0.0,10.0,2.0,-19.377414251226597,-19.377414251226597,0.0,0.0,19.377414251226597,19.377414251226597,6.029767567983556,1432.6598008063443,16906.902719180103,716.3299004031721,Prosumer
2023-02-24 12:00:00,user_004,12,0,4,False,12.318371272110632,12.318896934450484,31.059783686740634,31.05943533969566,20.0,0.0,0.0,0.0,10.0,2.0,-18.741412414630002,-18.741412414630002,0.0,0.0,18.741412414630002,18.741412414630002,6.159448467225242,1444.9786977407948,16937.9621545198,722.4893488703974,Prosumer
2023-02-24 13:00:00,user_004,13,0,4,False,10.701433914723404,10.701959577063258,32.48452310068623,32.48394252227794,20.0,0.0,0.0,0.0,10.0,2.0,-21.78308918596283,-21.78308918596283,0.0,0.0,21.78308918596283,21.78308918596283,5.350979788531629,1455.680657317858,16970.446097042077,727.840328658929,Prosumer
2023-02-24 14:00:00,user_004,14,0,4,False,10.251466951809402,10.251361819341431,35.12847717204249,35.12894163476912,20.0,0.0,0.0,0.0,10.0,2.0,-24.877010220233085,-24.877010220233085,0.0,0.0,24.877010220233085,24.877010220233085,5.125680909670716,1465.9320191371994,17005.575038676845,732.9660095685997,Prosumer
2023-02-24 15:00:00,user_004,15,0,4,False,7.648387044858313,7.648912707198165,31.044688648125074,31.044688648125074,20.0,0.0,0.0,0.0,10.0,2.0,-23.39630160326676,-23.39630160326676,0.0,0.0,23.39630160326676,23.39630160326676,3.8244563535990825,1473.5809318443976,17036.61972732497,736.7904659221988,Prosumer
2023-02-24 16:00:00,user_004,16,0,4,False,3.6912009504463965,3.691306082914367,32.15707687841022,32.1574252254552,20.0,0.0,0.0,0.0,10.0,2.0,-28.465875927963825,-28.465875927963825,0.0,0.0,28.465875927963825,28.465875927963825,1.8456530414571835,1477.272237927312,17068.777152550425,738.636118963656,Prosumer
2023-02-24 17:00:00,user_004,17,0,4,False,0.401606027647543,0.4012906302436313,37.22784869642198,37.228197043466956,20.0,0.0,0.0,0.0,10.0,2.0,-36.826242668774434,-36.826242668774434,0.0,0.0,36.826242668774434,36.826242668774434,0.20064531512181566,1477.6735285575558,17106.005349593892,738.8367642787779,Prosumer
2023-02-24 18:00:00,user_004,18,0,4,False,0.0,0.0,39.78355484971803,39.783090386991404,20.0,0.0,0.0,0.0,10.0,2.0,-39.78355484971803,-39.78355484971803,0.0,0.0,39.78355484971803,39.78355484971803,0.0,1477.6735285575558,17145.788439980883,738.8367642787779,Prosumer
2023-02-24 19:00:00,user_004,19,0,4,False,0.0,0.0,33.41112624031833,33.41112624031833,20.0,0.0,0.0,0.0,10.0,2.0,-33.41112624031833,-33.41112624031833,0.0,0.0,33.41112624031833,33.41112624031833,0.0,1477.6735285575558,17179.1995662212,738.8367642787779,Prosumer
2023-02-24 20:00:00,user_004,20,0,4,False,0.0,0.0,31.273436540991646,31.273901003718276,20.0,0.0,0.0,0.0,10.0,2.0,-31.273436540991646,-31.273436540991646,0.0,0.0,31.273436540991646,31.273436540991646,0.0,1477.6735285575558,17210.473467224918,738.8367642787779,Prosumer
2023-02-24 21:00:00,user_004,21,0,4,False,0.0,0.0,30.25858548329935,30.25904994602598,20.0,0.0,0.0,0.0,10.0,2.0,-30.25858548329935,-30.25858548329935,0.0,0.0,30.25858548329935,30.25858548329935,0.0,1477.6735285575558,17240.732517170945,738.8367642787779,Prosumer
2023-02-24 22:00:00,user_004,22,0,4,False,0.0,0.0,17.51953404858285,17.519766279946168,20.0,0.0,0.0,0.0,10.0,2.0,-17.51953404858285,-17.51953404858285,0.0,0.0,17.51953404858285,17.51953404858285,0.0,1477.6735285575558,17258.252283450893,738.8367642787779,Prosumer
2023-02-24 23:00:00,user_004,23,0,4,False,0.0,0.0,18.493744617694794,18.493860733376454,20.0,0.0,0.0,0.0,10.0,2.0,-18.493744617694794,-18.493744617694794,0.0,0.0,18.493744617694794,18.493744617694794,0.0,1477.6735285575558,17276.746144184268,738.8367642787779,Prosumer
2023-02-25 00:00:00,user_004,0,0,5,True,0.0,0.0,13.3625926452208,13.36212818249417,20.0,0.0,0.0,0.0,10.0,2.0,-13.3625926452208,-13.3625926452208,0.0,0.0,13.3625926452208,13.3625926452208,0.0,1477.6735285575558,17290.10827236676,738.8367642787779,Prosumer
2023-02-25 01:00:00,user_004,1,0,5,True,0.0,0.0,14.450596582357742,14.4507126980394,20.0,0.0,0.0,0.0,10.0,2.0,-14.450596582357742,-14.450596582357742,0.0,0.0,14.450596582357742,14.450596582357742,0.0,1477.6735285575558,17304.5589850648,738.8367642787779,Prosumer
2023-02-25 02:00:00,user_004,2,0,5,True,0.0,0.0,11.803159040551742,11.80269457782511,20.0,0.0,0.0,0.0,10.0,2.0,-11.803159040551742,-11.803159040551742,0.0,0.0,11.803159040551742,11.803159040551742,0.0,1477.6735285575558,17316.361679642625,738.8367642787779,Prosumer
2023-02-25 03:00:00,user_004,3,0,5,True,0.0,0.0,13.585534754004465,13.585070291277832,20.0,0.0,0.0,0.0,10.0,2.0,-13.585534754004465,-13.585534754004465,0.0,0.0,13.585534754004465,13.585534754004465,0.0,1477.6735285575558,17329.946749933904,738.8367642787779,Prosumer
2023-02-25 04:00:00,user_004,4,0,5,True,0.0,0.0,11.408365722914006,11.408830185640639,20.0,0.0,0.0,0.0,10.0,2.0,-11.408365722914006,-11.408365722914006,0.0,0.0,11.408365722914006,11.408365722914006,0.0,1477.6735285575558,17341.355580119543,738.8367642787779,Prosumer
2023-02-25 05:00:00,user_004,5,0,5,True,0.0,0.0,13.151262104602955,13.151029873239638,20.0,0.0,0.0,0.0,10.0,2.0,-13.151262104602955,-13.151262104602955,0.0,0.0,13.151262104602955,13.151262104602955,0.0,1477.6735285575558,17354.506609992783,738.8367642787779,Prosumer
2023-02-25 06:00:00,user_004,6,0,5,True,0.0,0.0,51.5600072834884,51.56035563053337,20.0,0.0,0.0,0.0,10.0,2.0,-51.5600072834884,-51.5600072834884,0.0,0.0,51.5600072834884,51.5600072834884,0.0,1477.6735285575558,17406.066965623315,738.8367642787779,Prosumer
2023-02-25 07:00:00,user_004,7,0,5,True,0.8904720037106516,0.8899463413707989,45.3513017852267,45.35083732250007,20.0,0.0,0.0,0.0,10.0,2.0,-44.460829781516054,-44.460829781516054,0.0,0.0,44.460829781516054,44.460829781516054,0.44497317068539943,1478.5634748989266,17451.417802945816,739.2817374494633,Prosumer
2023-02-25 08:00:00,user_004,8,0,5,True,4.269429524284482,4.269219259348541,51.17682553401647,51.17705776537979,20.0,0.0,0.0,0.0,10.0,2.0,-46.90739600973199,-46.90739600973199,0.0,0.0,46.90739600973199,46.90739600973199,2.1346096296742707,1482.8326941582752,17502.594860711197,741.4163470791376,Prosumer
2023-02-25 09:00:00,user_004,9,0,5,True,5.748643348630275,5.748643348630275,42.97557493850079,42.97534270713748,20.0,0.0,0.0,0.0,10.0,2.0,-37.22693158987052,-37.22693158987052,0.0,0.0,37.22693158987052,37.22693158987052,2.8743216743151376,1488.5813375069056,17545.570203418334,744.2906687534528,Prosumer
2023-02-25 10:00:00,user_004,10,0,5,True,8.48208751586486,8.48219264833283,26.642743156464313,26.642743156464313,20.0,0.0,0.0,0.0,10.0,2.0,-18.16065564059945,-18.16065564059945,0.0,0.0,18.16065564059945,18.16065564059945,4.241096324166415,1497.0635301552384,17572.212946574797,748.5317650776192,Prosumer
2023-02-25 11:00:00,user_004,11,0,5,True,9.332609181746701,9.332609181746701,29.535184786569022,29.535300902250682,20.0,0.0,0.0,0.0,10.0,2.0,-20.20257560482232,-20.20257560482232,0.0,0.0,20.20257560482232,20.20257560482232,4.6663045908733505,1506.396139336985,17601.748247477048,753.1980696684925,Prosumer
2023-02-25 12:00:00,user_004,12,0,5,True,7.754570837508579,7.75478110244452,27.36382153956147,27.364053770924787,20.0,0.0,0.0,0.0,10.0,2.0,-19.60925070205289,-19.60925070205289,0.0,0.0,19.60925070205289,19.60925070205289,3.87739055122226,1514.1509204394295,17629.112301247973,757.0754602197147,Prosumer
2023-02-25 13:00:00,user_004,13,0,5,True,6.874612080594983,6.874612080594983,32.06650664671686,32.06685499376184,20.0,0.0,0.0,0.0,10.0,2.0,-25.191894566121878,-25.191894566121878,0.0,0.0,25.191894566121878,25.191894566121878,3.4373060402974915,1521.0255325200244,17661.179156241735,760.5127662600122,Prosumer
2023-02-25 14:00:00,user_004,14,0,5,True,7.095390263333162,7.095390263333162,33.72579973761194,33.72521915920365,20.0,0.0,0.0,0.0,10.0,2.0,-26.630409474278782,-26.630409474278782,0.0,0.0,26.630409474278782,26.630409474278782,3.547695131666581,1528.1209227833576,17694.90437540094,764.0604613916788,Prosumer
2023-02-25 15:00:00,user_004,15,0,5,True,6.259587142967201,6.259587142967201,33.13941554523824,33.1395316609199,20.0,0.0,0.0,0.0,10.0,2.0,-26.87982840227104,-26.87982840227104,0.0,0.0,26.87982840227104,26.87982840227104,3.1297935714836007,1534.3805099263247,17728.04390706186,767.1902549631624,Prosumer
2023-02-25 16:00:00,user_004,16,0,5,True,1.4497767333140361,1.4501972631859184,29.172903859795568,29.172903859795568,20.0,0.0,0.0,0.0,10.0,2.0,-27.723127126481533,-27.723127126481533,0.0,0.0,27.723127126481533,27.723127126481533,0.7250986315929592,1535.8307071895106,17757.216810921655,767.9153535947553,Prosumer
2023-02-25 17:00:00,user_004,17,0,5,True,0.12510763688496757,0.12542303428887927,30.791556462110293,30.791208115065317,20.0,0.0,0.0,0.0,10.0,2.0,-30.666448825225327,-30.666448825225327,0.0,0.0,30.666448825225327,30.666448825225327,0.06271151714443964,1535.9561302237994,17788.00801903672,767.9780651118997,Prosumer
2023-02-25 18:00:00,user_004,18,0,5,True,0.0,0.0,30.4002466149223,30.400130499240642,20.0,0.0,0.0,0.0,10.0,2.0,-30.4002466149223,-30.4002466149223,0.0,0.0,30.4002466149223,30.4002466149223,0.0,1535.9561302237994,17818.40814953596,767.9780651118997,Prosumer
2023-02-25 19:00:00,user_004,19,0,5,True,0.0,0.0,28.18475940888465,28.184527177521332,20.0,0.0,0.0,0.0,10.0,2.0,-28.18475940888465,-28.18475940888465,0.0,0.0,28.18475940888465,28.18475940888465,0.0,1535.9561302237994,17846.59267671348,767.9780651118997,Prosumer
2023-02-25 20:00:00,user_004,20,0,5,True,0.0,0.0,31.37794065448399,31.3773600760757,20.0,0.0,0.0,0.0,10.0,2.0,-31.37794065448399,-31.37794065448399,0.0,0.0,31.37794065448399,31.37794065448399,0.0,1535.9561302237994,17877.970036789557,767.9780651118997,Prosumer
2023-02-25 21:00:00,user_004,21,0,5,True,0.0,0.0,28.202176761133373,28.201596182725083,20.0,0.0,0.0,0.0,10.0,2.0,-28.202176761133373,-28.202176761133373,0.0,0.0,28.202176761133373,28.202176761133373,0.0,1535.9561302237994,17906.17163297228,767.9780651118997,Prosumer
2023-02-25 22:00:00,user_004,22,0,5,True,0.0,0.0,14.063931362436076,14.063815246754418,20.0,0.0,0.0,0.0,10.0,2.0,-14.063931362436076,-14.063931362436076,0.0,0.0,14.063931362436076,14.063931362436076,0.0,1535.9561302237994,17920.235448219035,767.9780651118997,Prosumer
2023-02-25 23:00:00,user_004,23,0,5,True,0.0,0.0,15.209993140402092,15.21010925608375,20.0,0.0,0.0,0.0,10.0,2.0,-15.209993140402092,-15.209993140402092,0.0,0.0,15.209993140402092,15.209993140402092,0.0,1535.9561302237994,17935.44555747512,767.9780651118997,Prosumer
2023-02-26 00:00:00,user_004,0,0,6,True,0.0,0.0,11.928563976742552,11.928796208105869,20.0,0.0,0.0,0.0,10.0,2.0,-11.928563976742552,-11.928563976742552,0.0,0.0,11.928563976742552,11.928563976742552,0.0,1535.9561302237994,17947.374353683226,767.9780651118997,Prosumer
2023-02-26 01:00:00,user_004,1,0,6,True,0.0,0.0,13.83982809683583,13.83982809683583,20.0,0.0,0.0,0.0,10.0,2.0,-13.83982809683583,-13.83982809683583,0.0,0.0,13.83982809683583,13.83982809683583,0.0,1535.9561302237994,17961.214181780062,767.9780651118997,Prosumer
2023-02-26 02:00:00,user_004,2,0,6,True,0.0,0.0,13.150100947786372,13.150681526194663,20.0,0.0,0.0,0.0,10.0,2.0,-13.150100947786372,-13.150100947786372,0.0,0.0,13.150100947786372,13.150100947786372,0.0,1535.9561302237994,17974.36486330626,767.9780651118997,Prosumer
2023-02-26 03:00:00,user_004,3,0,6,True,0.0,0.0,10.333134510759464,10.333598973486097,20.0,0.0,0.0,0.0,10.0,2.0,-10.333134510759464,-10.333134510759464,0.0,0.0,10.333134510759464,10.333134510759464,0.0,1535.9561302237994,17984.698462279746,767.9780651118997,Prosumer
2023-02-26 04:00:00,user_004,4,0,6,True,0.0,0.0,12.87606793907312,12.875719592028146,20.0,0.0,0.0,0.0,10.0,2.0,-12.87606793907312,-12.87606793907312,0.0,0.0,12.87606793907312,12.87606793907312,0.0,1535.9561302237994,17997.574181871776,767.9780651118997,Prosumer
2023-02-26 05:00:00,user_004,5,0,6,True,0.0,0.0,13.529799226808548,13.529566995445233,20.0,0.0,0.0,0.0,10.0,2.0,-13.529799226808548,-13.529799226808548,0.0,0.0,13.529799226808548,13.529799226808548,0.0,1535.9561302237994,18011.103748867223,767.9780651118997,Prosumer
2023-02-26 06:00:00,user_004,6,0,6,True,0.0,0.0,40.630038169006,40.63038651605098,20.0,0.0,0.0,0.0,10.0,2.0,-40.630038169006,-40.630038169006,0.0,0.0,40.630038169006,40.630038169006,0.0,1535.9561302237994,18051.734135383274,767.9780651118997,Prosumer
2023-02-26 07:00:00,user_004,7,0,6,True,1.4529307073531528,1.4529307073531528,42.24520730087097,42.24532341655264,20.0,0.0,0.0,0.0,10.0,2.0,-40.79227659351782,-40.79227659351782,0.0,0.0,40.79227659351782,40.79227659351782,0.7264653536765764,1537.4090609311525,18093.979458799826,768.7045304655762,Prosumer
2023-02-26 08:00:00,user_004,8,0,6,True,4.967509111609006,4.9676142440769775,42.950029488535996,42.95014560421765,20.0,0.0,0.0,0.0,10.0,2.0,-37.98252037692699,-37.98252037692699,0.0,0.0,37.98252037692699,37.98252037692699,2.4838071220384887,1542.3766751752294,18136.929604404042,771.1883375876147,Prosumer
2023-02-26 09:00:00,user_004,9,0,6,True,9.242195259292018,9.241879861888105,42.880360079541106,42.880476195222755,20.0,0.0,0.0,0.0,10.0,2.0,-33.63816482024909,-33.63816482024909,0.0,0.0,33.63816482024909,33.63816482024909,4.620939930944052,1551.6185550371174,18179.810080599265,775.8092775185587,Prosumer
2023-02-26 10:00:00,user_004,10,0,6,True,9.453511519912846,9.453406387444874,34.40043184804584,34.40031573236418,20.0,0.0,0.0,0.0,10.0,2.0,-24.946920328132997,-24.946920328132997,0.0,0.0,24.946920328132997,24.946920328132997,4.726703193722437,1561.0719614245622,18214.21039633163,780.5359807122811,Prosumer
2023-02-26 11:00:00,user_004,11,0,6,True,12.215341453499482,12.215236321031512,33.79895261705658,33.79837203864829,20.0,0.0,0.0,0.0,10.0,2.0,-21.583611163557094,-21.583611163557094,0.0,0.0,21.583611163557094,21.583611163557094,6.107618160515756,1573.2871977455939,18248.008768370277,786.6435988727969,Prosumer
2023-02-26 12:00:00,user_004,12,0,6,True,12.467659376628829,12.467449111692888,30.208655740186337,30.208655740186337,20.0,0.0,0.0,0.0,10.0,2.0,-17.740996363557507,-17.740996363557507,0.0,0.0,17.740996363557507,17.740996363557507,6.233724555846444,1585.7546468572868,18278.217424110462,792.8773234286434,Prosumer
2023-02-26 13:00:00,user_004,13,0,6,True,11.170324721872106,11.170534986808047,27.86195781387497,27.862190045238286,20.0,0.0,0.0,0.0,10.0,2.0,-16.691633092002863,-16.691633092002863,0.0,0.0,16.691633092002863,16.691633092002863,5.585267493404023,1596.9251818440948,18306.0796141557,798.4625909220474,Prosumer
2023-02-26 14:00:00,user_004,14,0,6,True,10.22097853609794,10.220663138694029,29.103234450800677,29.10358279784565,20.0,0.0,0.0,0.0,10.0,2.0,-18.88225591470274,-18.88225591470274,0.0,0.0,18.88225591470274,18.88225591470274,5.110331569347014,1607.145844982789,18335.183196953545,803.5729224913945,Prosumer
2023-02-26 15:00:00,user_004,15,0,6,True,7.622103927865672,7.622629590205524,31.203767131996752,31.204231594723385,20.0,0.0,0.0,0.0,10.0,2.0,-23.58166320413108,-23.58166320413108,0.0,0.0,23.58166320413108,23.58166320413108,3.811314795102762,1614.7684745729946,18366.387428548267,807.3842372864973,Prosumer
2023-02-26 16:00:00,user_004,16,0,6,True,3.4052406375664703,3.404714975226618,31.157320859333485,31.157320859333485,20.0,0.0,0.0,0.0,10.0,2.0,-27.752080221767013,-27.752080221767013,0.0,0.0,27.752080221767013,27.752080221767013,1.702357487613309,1618.1731895482212,18397.5447494076,809.0865947741106,Prosumer
2023-02-26 17:00:00,user_004,17,0,6,True,0.3889901314910757,0.38867473408716396,34.59898966368129,34.598757432317974,20.0,0.0,0.0,0.0,10.0,2.0,-34.20999953219021,-34.20999953219021,0.0,0.0,34.20999953219021,34.20999953219021,0.19433736704358198,1618.5618642823083,18432.14350683992,809.2809321411542,Prosumer
2023-02-26 18:00:00,user_004,18,0,6,True,0.0,0.0,26.727507604074766,26.727623719756426,20.0,0.0,0.0,0.0,10.0,2.0,-26.727507604074766,-26.727507604074766,0.0,0.0,26.727507604074766,26.727507604074766,0.0,1618.5618642823083,18458.871130559673,809.2809321411542,Prosumer
2023-02-26 19:00:00,user_004,19,0,6,True,0.0,0.0,25.5338383966289,25.53407062799222,20.0,0.0,0.0,0.0,10.0,2.0,-25.5338383966289,-25.5338383966289,0.0,0.0,25.5338383966289,25.5338383966289,0.0,1618.5618642823083,18484.405201187667,809.2809321411542,Prosumer
2023-02-26 20:00:00,user_004,20,0,6,True,0.0,0.0,28.549362649291265,28.549827112017894,20.0,0.0,0.0,0.0,10.0,2.0,-28.549362649291265,-28.549362649291265,0.0,0.0,28.549362649291265,28.549362649291265,0.0,1618.5618642823083,18512.955028299686,809.2809321411542,Prosumer
2023-02-26 21:00:00,user_004,21,0,6,True,0.0,0.0,30.359606126341944,30.360070589068577,20.0,0.0,0.0,0.0,10.0,2.0,-30.359606126341944,-30.359606126341944,0.0,0.0,30.359606126341944,30.359606126341944,0.0,1618.5618642823083,18543.315098888754,809.2809321411542,Prosumer
2023-02-26 22:00:00,user_004,22,0,6,True,0.0,0.0,15.8335343509064,15.833998813633034,20.0,0.0,0.0,0.0,10.0,2.0,-15.8335343509064,-15.8335343509064,0.0,0.0,15.8335343509064,15.8335343509064,0.0,1618.5618642823083,18559.149097702386,809.2809321411542,Prosumer
2023-02-26 23:00:00,user_004,23,0,6,True,0.0,0.0,13.741129767426395,13.74159423015303,20.0,0.0,0.0,0.0,10.0,2.0,-13.741129767426395,-13.741129767426395,0.0,0.0,13.741129767426395,13.741129767426395,0.0,1618.5618642823083,18572.890691932538,809.2809321411542,Prosumer
2023-02-27 00:00:00,user_004,0,0,0,False,0.0,0.0,15.283146019846733,15.283610482573366,20.0,0.0,0.0,0.0,10.0,2.0,-15.283146019846733,-15.283146019846733,0.0,0.0,15.283146019846733,15.283146019846733,0.0,1618.5618642823083,18588.17430241511,809.2809321411542,Prosumer
2023-02-27 01:00:00,user_004,1,0,0,False,0.0,0.0,16.617315202098965,16.61696685505399,20.0,0.0,0.0,0.0,10.0,2.0,-16.617315202098965,-16.617315202098965,0.0,0.0,16.617315202098965,16.617315202098965,0.0,1618.5618642823083,18604.791269270165,809.2809321411542,Prosumer
2023-02-27 02:00:00,user_004,2,0,0,False,0.0,0.0,14.25203876672229,14.252270998085608,20.0,0.0,0.0,0.0,10.0,2.0,-14.25203876672229,-14.25203876672229,0.0,0.0,14.25203876672229,14.25203876672229,0.0,1618.5618642823083,18619.04354026825,809.2809321411542,Prosumer
2023-02-27 03:00:00,user_004,3,0,0,False,0.0,0.0,18.550641301707294,18.550641301707294,20.0,0.0,0.0,0.0,10.0,2.0,-18.550641301707294,-18.550641301707294,0.0,0.0,18.550641301707294,18.550641301707294,0.0,1618.5618642823083,18637.594181569955,809.2809321411542,Prosumer
2023-02-27 04:00:00,user_004,4,0,0,False,0.0,0.0,18.773583410490957,18.77381564185427,20.0,0.0,0.0,0.0,10.0,2.0,-18.773583410490957,-18.773583410490957,0.0,0.0,18.773583410490957,18.773583410490957,0.0,1618.5618642823083,18656.367997211808,809.2809321411542,Prosumer
2023-02-27 05:00:00,user_004,5,0,0,False,0.0,0.0,16.801939135935438,16.80228748298041,20.0,0.0,0.0,0.0,10.0,2.0,-16.801939135935438,-16.801939135935438,0.0,0.0,16.801939135935438,16.801939135935438,0.0,1618.5618642823083,18673.17028469479,809.2809321411542,Prosumer
2023-02-27 06:00:00,user_004,6,0,0,False,0.0,0.0,58.94496463694724,58.94484852126558,20.0,0.0,0.0,0.0,10.0,2.0,-58.94496463694724,-58.94496463694724,0.0,0.0,58.94496463694724,58.94496463694724,0.0,1618.5618642823083,18732.115133216055,809.2809321411542,Prosumer
2023-02-27 07:00:00,user_004,7,0,0,False,0.937781614297404,0.9380970117013158,60.88061305018872,60.88119362859702,20.0,0.0,0.0,0.0,10.0,2.0,-59.942831435891314,-59.942831435891314,0.0,0.0,59.942831435891314,59.942831435891314,0.4690485058506579,1619.4999612940096,18792.99632684465,809.7499806470048,Prosumer
2023-02-27 08:00:00,user_004,8,0,0,False,4.633187863462623,4.6333981283985635,63.156480410688616,63.15659652637028,20.0,0.0,0.0,0.0,10.0,2.0,-58.52329254722599,-58.52329254722599,0.0,0.0,58.52329254722599,58.52329254722599,2.3166990641992817,1624.1333594224081,18856.15292337102,812.0666797112041,Prosumer
2023-02-27 09:00:00,user_004,9,0,0,False,9.659571157135145,9.659781422071086,49.84265635176424,49.84323693017254,20.0,0.0,0.0,0.0,10.0,2.0,-40.18308519462909,-40.18308519462909,0.0,0.0,40.18308519462909,40.18308519462909,4.829890711035543,1633.7931408444792,18905.996160301194,816.8965704222396,Prosumer
2023-02-27 10:00:00,user_004,10,0,0,False,11.886276828751624,11.886802491091478,27.90492061608849,27.90480450040683,20.0,0.0,0.0,0.0,10.0,2.0,-16.018643787336863,-16.018643787336863,0.0,0.0,16.018643787336863,16.018643787336863,5.943401245545739,1645.6799433355707,18933.9009648016,822.8399716677853,Prosumer
2023-02-27 11:00:00,user_004,11,0,0,False,12.229008674335654,12.229113806803625,33.13709323160508,33.13697711592342,20.0,0.0,0.0,0.0,10.0,2.0,-20.908084557269426,-20.908084557269426,0.0,0.0,20.908084557269426,20.908084557269426,6.114556903401812,1657.9090571423742,18967.037941917522,828.9545285711871,Prosumer
2023-02-27 12:00:00,user_004,12,0,0,False,7.029156808511708,7.02947220591562,36.23854308869448,36.238426973012814,20.0,0.0,0.0,0.0,10.0,2.0,-29.20938628018277,-29.20938628018277,0.0,0.0,29.20938628018277,29.20938628018277,3.51473610295781,1664.9385293482899,19003.276368890536,832.4692646741449,Prosumer
2023-02-27 13:00:00,user_004,13,0,0,False,3.651250612617583,3.651566010021495,31.618300115516377,31.618300115516377,20.0,0.0,0.0,0.0,10.0,2.0,-27.967049502898792,-27.967049502898792,0.0,0.0,27.967049502898792,27.967049502898792,1.8257830050107475,1668.5900953583114,19034.89466900605,834.2950476791557,Prosumer
2023-02-27 14:00:00,user_004,14,0,0,False,9.249554532049956,9.249449399581986,35.36419200580855,35.36361142740026,20.0,0.0,0.0,0.0,10.0,2.0,-26.11463747375859,-26.11463747375859,0.0,0.0,26.11463747375859,26.11463747375859,4.624724699790993,1677.8395447578935,19070.258280433452,838.9197723789467,Prosumer
2023-02-27 15:00:00,user_004,15,0,0,False,4.929661423139605,4.930081953011487,38.0522700361949,38.05192168914992,20.0,0.0,0.0,0.0,10.0,2.0,-33.12260861305529,-33.12260861305529,0.0,0.0,33.12260861305529,33.12260861305529,2.4650409765057435,1682.769626710905,19108.310202122604,841.3848133554525,Prosumer
2023-02-27 16:00:00,user_004,16,0,0,False,3.971904639927794,3.9721149048637354,37.46704700063779,37.46669865359281,20.0,0.0,0.0,0.0,10.0,2.0,-33.49514236071,-33.49514236071,0.0,0.0,33.49514236071,33.49514236071,1.9860574524318677,1686.7417416157687,19145.776900776196,843.3708708078843,Prosumer
2023-02-27 17:00:00,user_004,17,0,0,False,0.3606043651390242,0.36028896773511254,38.433129472033656,38.433013356352,20.0,0.0,0.0,0.0,10.0,2.0,-38.07252510689463,-38.07252510689463,0.0,0.0,38.07252510689463,38.07252510689463,0.18014448386755627,1687.1020305835038,19184.20991413255,843.5510152917519,Prosumer
2023-02-27 18:00:00,user_004,18,0,0,False,0.0,0.0,34.307539302719306,34.30800376544594,20.0,0.0,0.0,0.0,10.0,2.0,-34.307539302719306,-34.307539302719306,0.0,0.0,34.307539302719306,34.307539302719306,0.0,1687.1020305835038,19218.517917897996,843.5510152917519,Prosumer
2023-02-27 19:00:00,user_004,19,0,0,False,0.0,0.0,29.172903859795568,29.173019975477228,20.0,0.0,0.0,0.0,10.0,2.0,-29.172903859795568,-29.172903859795568,0.0,0.0,29.172903859795568,29.172903859795568,0.0,1687.1020305835038,19247.690937873474,843.5510152917519,Prosumer
2023-02-27 20:00:00,user_004,20,0,0,False,0.0,0.0,32.49845698248521,32.49787640407692,20.0,0.0,0.0,0.0,10.0,2.0,-32.49845698248521,-32.49845698248521,0.0,0.0,32.49845698248521,32.49845698248521,0.0,1687.1020305835038,19280.18881427755,843.5510152917519,Prosumer
2023-02-27 21:00:00,user_004,21,0,0,False,0.0,0.0,29.893982242892733,29.893982242892733,20.0,0.0,0.0,0.0,10.0,2.0,-29.893982242892733,-29.893982242892733,0.0,0.0,29.893982242892733,29.893982242892733,0.0,1687.1020305835038,19310.08279652044,843.5510152917519,Prosumer
2023-02-27 22:00:00,user_004,22,0,0,False,0.0,0.0,15.628009594371461,15.628357941416436,20.0,0.0,0.0,0.0,10.0,2.0,-15.628009594371461,-15.628009594371461,0.0,0.0,15.628009594371461,15.628009594371461,0.0,1687.1020305835038,19325.711154461856,843.5510152917519,Prosumer
2023-02-27 23:00:00,user_004,23,0,0,False,0.0,0.0,16.213232629928577,16.213464861291893,20.0,0.0,0.0,0.0,10.0,2.0,-16.213232629928577,-16.213232629928577,0.0,0.0,16.213232629928577,16.213232629928577,0.0,1687.1020305835038,19341.92461932315,843.5510152917519,Prosumer
2023-02-28 00:00:00,user_004,0,0,1,False,0.0,0.0,15.052075813346997,15.051727466302024,20.0,0.0,0.0,0.0,10.0,2.0,-15.052075813346997,-15.052075813346997,0.0,0.0,15.052075813346997,15.052075813346997,0.0,1687.1020305835038,19356.97634678945,843.5510152917519,Prosumer
2023-02-28 01:00:00,user_004,1,0,1,False,0.0,0.0,16.927344072126246,16.927692419171223,20.0,0.0,0.0,0.0,10.0,2.0,-16.927344072126246,-16.927344072126246,0.0,0.0,16.927344072126246,16.927344072126246,0.0,1687.1020305835038,19373.904039208624,843.5510152917519,Prosumer
2023-02-28 02:00:00,user_004,2,0,1,False,0.0,0.0,14.826811390930173,14.827275853656804,20.0,0.0,0.0,0.0,10.0,2.0,-14.826811390930173,-14.826811390930173,0.0,0.0,14.826811390930173,14.826811390930173,0.0,1687.1020305835038,19388.73131506228,843.5510152917519,Prosumer
2023-02-28 03:00:00,user_004,3,0,1,False,0.0,0.0,18.793323076372843,18.793555307736156,20.0,0.0,0.0,0.0,10.0,2.0,-18.793323076372843,-18.793323076372843,0.0,0.0,18.793323076372843,18.793323076372843,0.0,1687.1020305835038,19407.524870370016,843.5510152917519,Prosumer
2023-02-28 04:00:00,user_004,4,0,1,False,0.0,0.0,14.594580027613857,14.594463911932198,20.0,0.0,0.0,0.0,10.0,2.0,-14.594580027613857,-14.594580027613857,0.0,0.0,14.594580027613857,14.594580027613857,0.0,1687.1020305835038,19422.11933428195,843.5510152917519,Prosumer
2023-02-28 05:00:00,user_004,5,0,1,False,0.0,0.0,16.559257361269886,16.558792898543253,20.0,0.0,0.0,0.0,10.0,2.0,-16.559257361269886,-16.559257361269886,0.0,0.0,16.559257361269886,16.559257361269886,0.0,1687.1020305835038,19438.678127180494,843.5510152917519,Prosumer
2023-02-28 06:00:00,user_004,6,0,1,False,0.0,0.0,57.79077476126515,57.79100699262847,20.0,0.0,0.0,0.0,10.0,2.0,-57.79077476126515,-57.79077476126515,0.0,0.0,57.79077476126515,57.79077476126515,0.0,1687.1020305835038,19496.469134173123,843.5510152917519,Prosumer
2023-02-28 07:00:00,user_004,7,0,1,False,1.6579390198957469,1.6583595497676291,62.50158796613661,62.50205242886324,20.0,0.0,0.0,0.0,10.0,2.0,-60.84364894624086,-60.84364894624086,0.0,0.0,60.84364894624086,60.84364894624086,0.8291797748838146,1688.7603901332716,19558.971186601986,844.3801950666358,Prosumer
2023-02-28 08:00:00,user_004,8,0,1,False,5.986242726243743,5.986663256115625,64.3803396953656,64.38022357968394,20.0,0.0,0.0,0.0,10.0,2.0,-58.39409696912186,-58.39409696912186,0.0,0.0,58.39409696912186,58.39409696912186,2.9933316280578124,1694.7470533893872,19623.35141018167,847.3735266946936,Prosumer
2023-02-28 09:00:00,user_004,9,0,1,False,8.475779567786626,8.476094965190539,47.64342534115873,47.64319310979542,20.0,0.0,0.0,0.0,10.0,2.0,-39.16764577337211,-39.16764577337211,0.0,0.0,39.16764577337211,39.16764577337211,4.238047482595269,1703.2231483545777,19670.994603291463,851.6115741772888,Prosumer
2023-02-28 10:00:00,user_004,10,0,1,False,10.39549843292907,10.395813830332981,32.6192172914097,32.618752828683064,20.0,0.0,0.0,0.0,10.0,2.0,-22.223718858480627,-22.223718858480627,0.0,0.0,22.223718858480627,22.223718858480627,5.197906915166491,1713.6189621849107,19703.613356120146,856.8094810924554,Prosumer
2023-02-28 11:00:00,user_004,11,0,1,False,11.106193916410064,11.105983651474123,31.420903456697506,31.42067122533419,20.0,0.0,0.0,0.0,10.0,2.0,-20.314709540287442,-20.314709540287442,0.0,0.0,20.314709540287442,20.314709540287442,5.552991825737061,1724.724945836385,19735.03402734548,862.3624729181925,Prosumer
2023-02-28 12:00:00,user_004,12,0,1,False,13.532651277170611,13.532651277170611,36.12126625021973,36.12149848158305,20.0,0.0,0.0,0.0,10.0,2.0,-22.588614973049122,-22.588614973049122,0.0,0.0,22.588614973049122,22.588614973049122,6.766325638585306,1738.2575971135554,19771.15552582706,869.1287985567777,Prosumer
2023-02-28 13:00:00,user_004,13,0,1,False,12.898702495308129,12.898176832968275,29.30527573688587,29.304695158477582,20.0,0.0,0.0,0.0,10.0,2.0,-16.406573241577743,-16.406573241577743,0.0,0.0,16.406573241577743,16.406573241577743,6.4490884164841376,1751.1557739465238,19800.460220985537,875.5778869732619,Prosumer
2023-02-28 14:00:00,user_004,14,0,1,False,5.642459555980008,5.642354423512038,34.76503508845245,34.76491897277079,20.0,0.0,0.0,0.0,10.0,2.0,-29.122575532472442,-29.122575532472442,0.0,0.0,29.122575532472442,29.122575532472442,2.821177211756019,1756.7981283700358,19835.225139958307,878.3990641850179,Prosumer
2023-02-28 15:00:00,user_004,15,0,1,False,3.245439286251218,3.2451238888473064,34.41436572984482,34.41436572984482,20.0,0.0,0.0,0.0,10.0,2.0,-31.168926443593598,-31.168926443593598,0.0,0.0,31.168926443593598,31.168926443593598,1.6225619444236532,1760.043252258883,19869.639505688152,880.0216261294415,Prosumer
2023-02-28 16:00:00,user_004,16,0,1,False,2.268758658804706,2.268758658804706,37.30332388949978,37.30297554245481,20.0,0.0,0.0,0.0,10.0,2.0,-35.03456523069507,-35.03456523069507,0.0,0.0,35.03456523069507,35.03456523069507,1.134379329402353,1762.3120109176878,19906.942481230606,881.1560054588439,Prosumer
2023-02-28 17:00:00,user_004,17,0,1,False,0.5740232751192631,0.5741284075872336,35.69047707126797,35.690128724222994,20.0,0.0,0.0,0.0,10.0,2.0,-35.116453796148704,-35.116453796148704,0.0,0.0,35.116453796148704,35.116453796148704,0.2870642037936168,1762.886139325275,19942.632609954828,881.4430696626375,Prosumer
2023-02-28 18:00:00,user_004,18,0,1,False,0.0,0.0,39.72665816570554,39.72689039706885,20.0,0.0,0.0,0.0,10.0,2.0,-39.72665816570554,-39.72665816570554,0.0,0.0,39.72665816570554,39.72665816570554,0.0,1762.886139325275,19982.359500351897,881.4430696626375,Prosumer
2023-02-28 19:00:00,user_004,19,0,1,False,0.0,0.0,31.021465511793444,31.021233280430128,20.0,0.0,0.0,0.0,10.0,2.0,-31.021465511793444,-31.021465511793444,0.0,0.0,31.021465511793444,31.021465511793444,0.0,1762.886139325275,20013.380733632326,881.4430696626375,Prosumer
2023-02-28 20:00:00,user_004,20,0,1,False,0.0,0.0,30.228395406068227,30.2287437531132,20.0,0.0,0.0,0.0,10.0,2.0,-30.228395406068227,-30.228395406068227,0.0,0.0,30.228395406068227,30.228395406068227,0.0,1762.886139325275,20043.60947738544,881.4430696626375,Prosumer
2023-02-28 21:00:00,user_004,21,0,1,False,0.0,0.0,31.071395254906452,31.07093079217982,20.0,0.0,0.0,0.0,10.0,2.0,-31.071395254906452,-31.071395254906452,0.0,0.0,31.071395254906452,31.071395254906452,0.0,1762.886139325275,20074.680408177617,881.4430696626375,Prosumer
2023-02-28 22:00:00,user_004,22,0,1,False,0.0,0.0,17.056232478766802,17.056000247403485,20.0,0.0,0.0,0.0,10.0,2.0,-17.056232478766802,-17.056232478766802,0.0,0.0,17.056232478766802,17.056232478766802,0.0,1762.886139325275,20091.736408425022,881.4430696626375,Prosumer
2023-02-28 23:00:00,user_004,23,0,1,False,0.0,0.0,15.027691520198786,15.027575404517128,20.0,0.0,0.0,0.0,10.0,2.0,-15.027691520198786,-15.027691520198786,0.0,0.0,15.027691520198786,15.027691520198786,0.0,1762.886139325275,20106.76398382954,881.4430696626375,Prosumer
2023-02-01 00:00:00,user_005,0,0,2,False,0.0,0.0,6.452548429743831,6.4527806611071465,5.0,0.0,3.542,3.542,10.0,0.5,-2.910548429743831,-2.910548429743831,0.0,0.0,2.910548429743831,2.910548429743831,0.0,0.0,6.4527806611071465,0.0,Prosumer
2023-02-01 01:00:00,user_005,1,0,2,False,0.0,0.0,8.087457227490692,8.087689458854008,5.0,0.0,0.0,0.0,10.0,0.5,-8.087457227490692,-8.087457227490692,0.0,0.0,8.087457227490692,8.087457227490692,0.0,0.0,14.540470119961155,0.0,Prosumer
2023-02-01 02:00:00,user_005,2,0,2,False,0.0,0.0,8.00617625032998,8.00571178760335,5.0,0.0,0.0,0.0,10.0,0.5,-8.00617625032998,-8.00617625032998,0.0,0.0,8.00617625032998,8.00617625032998,0.0,0.0,22.546181907564502,0.0,Prosumer
2023-02-01 03:00:00,user_005,3,0,2,False,0.0,0.0,8.368457177103434,8.368341061421775,5.0,0.0,0.0,0.0,10.0,0.5,-8.368457177103434,-8.368457177103434,0.0,0.0,8.368457177103434,8.368457177103434,0.0,0.0,30.914522968986276,0.0,Prosumer
2023-02-01 04:00:00,user_005,4,0,2,False,0.0,0.0,8.21053985004834,8.211004312774971,5.0,0.0,0.0,0.0,10.0,0.5,-8.21053985004834,-8.21053985004834,0.0,0.0,8.21053985004834,8.21053985004834,0.0,0.0,39.12552728176125,0.0,Prosumer
2023-02-01 05:00:00,user_005,5,0,2,False,0.0,0.0,7.567258973662145,7.567607320707119,5.0,0.0,0.0,0.0,10.0,0.5,-7.567258973662145,-7.567258973662145,0.0,0.0,7.567258973662145,7.567258973662145,0.0,0.0,46.69313460246837,0.0,Prosumer
2023-02-01 06:00:00,user_005,6,0,2,False,0.0,0.0,6.986680565371357,6.987145028097989,5.0,0.0,0.0,0.0,10.0,0.5,-6.986680565371357,-6.986680565371357,0.0,0.0,6.986680565371357,6.986680565371357,0.0,0.0,53.68027963056636,0.0,Prosumer
2023-02-01 07:00:00,user_005,7,0,2,False,0.07884935097792074,0.07937501331777355,7.783234141546319,7.783698604272952,5.0,0.0,0.0,0.0,10.0,0.5,-7.704384790568398,-7.704384790568398,0.0,0.0,7.704384790568398,7.704384790568398,0.039687506658886776,0.07937501331777355,61.46397823483931,0.039687506658886776,Prosumer
2023-02-01 08:00:00,user_005,8,0,2,False,1.263692265006143,1.2640076624100547,16.262001216225002,16.262001216225002,5.0,0.0,0.0,0.0,10.0,0.5,-14.99830895121886,-14.99830895121886,0.0,0.0,14.99830895121886,14.99830895121886,0.6320038312050273,1.3433826757278282,77.72597945106432,0.6716913378639141,Prosumer
2023-02-01 09:00:00,user_005,9,0,2,False,1.3898512265708165,1.3902717564426985,17.271046489834394,17.27069814278942,5.0,0.0,0.0,0.0,10.0,0.5,-15.881195263263578,-15.881195263263578,0.0,0.0,15.881195263263578,15.881195263263578,0.6951358782213493,2.7336544321705265,94.99667759385375,1.3668272160852633,Prosumer
2023-02-01 10:00:00,user_005,10,0,2,False,3.435729053277933,3.435308523406051,16.742720138289776,16.7423717912448,5.0,0.0,0.0,0.0,10.0,0.5,-13.306991085011843,-13.306991085011843,0.0,0.0,13.306991085011843,13.306991085011843,1.7176542617030255,6.1689629555765775,111.73904938509855,3.0844814777882887,Prosumer
2023-02-01 11:00:00,user_005,11,0,2,False,12.278420934281819,12.278526066749789,15.573435223992128,15.573319108310468,5.0,0.0,0.0,0.0,10.0,0.5,-3.295014289710309,-3.295014289710309,0.0,0.0,3.295014289710309,3.295014289710309,6.1392630333748945,18.447489022326366,127.31236849340902,9.223744511163183,Prosumer
2023-02-01 12:00:00,user_005,12,0,2,False,13.208843275821284,13.208843275821284,13.209319945432034,13.209087714068717,5.0,1.188,0.0,-1.188,33.76,1.688,-1.1884766696107498,-1.1884766696107498,0.0,0.0,1.1884766696107498,1.1884766696107498,6.604421637910642,31.65633229814765,140.52145620747774,15.828166149073825,Prosumer
2023-02-01 13:00:00,user_005,13,0,2,False,8.375903723214593,8.376429385554447,14.89183617265874,14.892068404022057,5.0,0.0,1.188,1.188,10.0,0.5,-5.327932449444147,-5.327932449444147,0.0,0.0,5.327932449444147,5.327932449444147,4.1882146927772235,40.0327616837021,155.4135246114998,20.01638084185105,Prosumer
2023-02-01 14:00:00,user_005,14,0,2,False,4.6079560711496885,4.6076406737457765,12.519592796382577,12.51936056501926,5.0,0.0,0.0,0.0,10.0,0.5,-7.9116367252328885,-7.9116367252328885,0.0,0.0,7.9116367252328885,7.9116367252328885,2.3038203368728882,44.640402357447876,167.93288517651908,22.320201178723938,Prosumer
2023-02-01 15:00:00,user_005,15,0,2,False,5.874802310194949,5.874697177726978,15.84862938952196,15.849209967930252,5.0,0.0,0.0,0.0,10.0,0.5,-9.973827079327013,-9.973827079327013,0.0,0.0,9.973827079327013,9.973827079327013,2.937348588863489,50.515099535174855,183.78209514444933,25.257549767587427,Prosumer
2023-02-01 16:00:00,user_005,16,0,2,False,1.501291642619611,1.5007659802797582,13.294084393042489,13.294084393042489,5.0,0.0,0.0,0.0,10.0,0.5,-11.792792750422878,-11.792792750422878,0.0,0.0,11.792792750422878,11.792792750422878,0.7503829901398791,52.015865515454614,197.0761795374918,26.007932757727307,Prosumer
2023-02-01 17:00:00,user_005,17,0,2,False,0.0,0.0,15.025369206565621,15.02560143792894,5.0,0.0,0.0,0.0,10.0,0.5,-15.025369206565621,-15.025369206565621,0.0,0.0,15.025369206565621,15.025369206565621,0.0,52.015865515454614,212.10178097542075,26.007932757727307,Prosumer
2023-02-01 18:00:00,user_005,18,0,2,False,0.0,0.0,26.260722563808972,26.26025810108234,5.0,0.0,0.0,0.0,10.0,0.5,-26.260722563808972,-26.260722563808972,0.0,0.0,26.260722563808972,26.260722563808972,0.0,52.015865515454614,238.3620390765031,26.007932757727307,Prosumer
2023-02-01 19:00:00,user_005,19,0,2,False,0.0,0.0,24.925392224740158,24.925624456103474,5.0,0.0,0.0,0.0,10.0,0.5,-24.925392224740158,-24.925392224740158,0.0,0.0,24.925392224740158,24.925392224740158,0.0,52.015865515454614,263.2876635326066,26.007932757727307,Prosumer
2023-02-01 20:00:00,user_005,20,0,2,False,0.0,0.0,21.566165554369654,21.566049438687994,5.0,0.0,0.0,0.0,10.0,0.5,-21.566165554369654,-21.566165554369654,0.0,0.0,21.566165554369654,21.566165554369654,0.0,52.015865515454614,284.85371297129456,26.007932757727307,Prosumer
2023-02-01 21:00:00,user_005,21,0,2,False,0.0,0.0,21.006487968777332,21.006604084458992,5.0,0.0,0.0,0.0,10.0,0.5,-21.006487968777332,-21.006487968777332,0.0,0.0,21.006487968777332,21.006487968777332,0.0,52.015865515454614,305.86031705575357,26.007932757727307,Prosumer
2023-02-01 22:00:00,user_005,22,0,2,False,0.0,0.0,12.438311819221866,12.438776281948499,5.0,0.0,0.0,0.0,10.0,0.5,-12.438311819221866,-12.438311819221866,0.0,0.0,12.438311819221866,12.438311819221866,0.0,52.015865515454614,318.29909333770206,26.007932757727307,Prosumer
2023-02-01 23:00:00,user_005,23,0,2,False,0.0,0.0,13.525154599542223,13.524922368178906,5.0,0.0,0.0,0.0,10.0,0.5,-13.525154599542223,-13.525154599542223,0.0,0.0,13.525154599542223,13.525154599542223,0.0,52.015865515454614,331.824015705881,26.007932757727307,Prosumer
2023-02-02 00:00:00,user_005,0,0,3,False,0.0,0.0,5.9567344690634965,5.956270006336863,5.0,0.0,0.0,0.0,10.0,0.5,-5.9567344690634965,-5.9567344690634965,0.0,0.0,5.9567344690634965,5.9567344690634965,0.0,52.015865515454614,337.78028571221785,26.007932757727307,Prosumer
2023-02-02 01:00:00,user_005,1,0,3,False,0.0,0.0,7.264197044534353,7.264545391579328,5.0,0.0,0.0,0.0,10.0,0.5,-7.264197044534353,-7.264197044534353,0.0,0.0,7.264197044534353,7.264197044534353,0.0,52.015865515454614,345.04483110379715,26.007932757727307,Prosumer
2023-02-02 02:00:00,user_005,2,0,3,False,0.0,0.0,6.588403777283875,6.588868240010508,5.0,0.0,0.0,0.0,10.0,0.5,-6.588403777283875,-6.588403777283875,0.0,0.0,6.588403777283875,6.588403777283875,0.0,52.015865515454614,351.6336993438077,26.007932757727307,Prosumer
2023-02-02 03:00:00,user_005,3,0,3,False,0.0,0.0,7.951601879950648,7.951601879950648,5.0,0.0,0.0,0.0,10.0,0.5,-7.951601879950648,-7.951601879950648,0.0,0.0,7.951601879950648,7.951601879950648,0.0,52.015865515454614,359.58530122375834,26.007932757727307,Prosumer
2023-02-02 04:00:00,user_005,4,0,3,False,0.0,0.0,6.86475909963029,6.8653396780385805,5.0,0.0,0.0,0.0,10.0,0.5,-6.86475909963029,-6.86475909963029,0.0,0.0,6.86475909963029,6.86475909963029,0.0,52.015865515454614,366.45064090179693,26.007932757727307,Prosumer
2023-02-02 05:00:00,user_005,5,0,3,False,0.0,0.0,6.711486399841522,6.711254168478206,5.0,0.0,0.0,0.0,10.0,0.5,-6.711486399841522,-6.711486399841522,0.0,0.0,6.711486399841522,6.711486399841522,0.0,52.015865515454614,373.16189507027514,26.007932757727307,Prosumer
2023-02-02 06:00:00,user_005,6,0,3,False,0.0,0.0,7.8041349642447875,7.80390273288147,5.0,0.0,0.0,0.0,10.0,0.5,-7.8041349642447875,-7.8041349642447875,0.0,0.0,7.8041349642447875,7.8041349642447875,0.0,52.015865515454614,380.9657978031566,26.007932757727307,Prosumer
2023-02-02 07:00:00,user_005,7,0,3,False,0.12090233816614515,0.12090233816614515,6.875209510979525,6.875325626661183,5.0,0.0,0.0,0.0,10.0,0.5,-6.75430717281338,-6.75430717281338,0.0,0.0,6.75430717281338,6.75430717281338,0.060451169083072576,52.13676785362076,387.8411234298178,26.06838392681038,Prosumer
2023-02-02 08:00:00,user_005,8,0,3,False,4.86868459171668,4.868474326780738,13.828216528670016,13.827752065943383,5.0,0.0,0.0,0.0,10.0,0.5,-8.959531936953336,-8.959531936953336,0.0,0.0,8.959531936953336,8.959531936953336,2.434237163390369,57.005242180401495,401.6688754957612,28.502621090200748,Prosumer
2023-02-02 09:00:00,user_005,9,0,3,False,9.815167209731575,9.815167209731575,12.775047296030523,12.775047296030523,5.0,0.0,0.0,0.0,10.0,0.5,-2.9598800862989485,-2.9598800862989485,0.0,0.0,2.9598800862989485,2.9598800862989485,4.9075836048657875,66.82040939013307,414.44392279179175,33.41020469506653,Prosumer
2023-02-02 10:00:00,user_005,10,0,3,False,13.768148005424669,13.767727475552785,13.125716654638161,13.125252191911526,5.0,1.792,0.0,-1.792,45.84,2.292,-1.1495686492134924,-1.1495686492134924,0.0,0.0,1.1495686492134924,1.1495686492134924,6.883863737776393,80.58813686568585,427.56917498370325,40.29406843284293,Prosumer
2023-02-02 11:00:00,user_005,11,0,3,False,16.43325606847839,16.433361200946358,14.782687431900072,14.782687431900072,5.0,2.458,0.0,-2.458,95.0,4.75,-0.8074313634216832,-0.8074313634216832,0.0,0.0,0.8074313634216832,0.8074313634216832,8.216680600473179,97.0214980666322,442.3518624156033,48.5107490333161,Prosumer
2023-02-02 12:00:00,user_005,12,0,3,False,16.09262687225377,16.09220634238189,12.989861307098115,12.989280728689826,5.0,0.0,0.0,0.0,95.0,4.75,3.1027655651556554,3.1027655651556554,3.1027655651556554,3.1027655651556554,0.0,0.0,8.046103171190945,113.11370440901409,455.34114314429314,56.556852204507045,Prosumer
2023-02-02 13:00:00,user_005,13,0,3,False,16.00957222255703,16.009887619960942,14.711856866088596,14.711740750406937,5.0,0.0,0.0,0.0,95.0,4.75,1.2977153564684336,1.2977153564684336,1.2977153564684336,1.2977153564684336,0.0,0.0,8.004943809980471,129.12359202897503,470.0528838947001,64.56179601448751,Prosumer
2023-02-02 14:00:00,user_005,14,0,3,False,12.804083274134625,12.804188406602593,14.46453046415672,14.464994926883351,5.0,0.0,0.278,0.278,89.43,4.472,-1.3824471900220954,-1.3824471900220954,0.0,0.0,1.3824471900220954,1.3824471900220954,6.402094203301297,141.92778043557763,484.51787882158345,70.96389021778882,Prosumer
2023-02-02 15:00:00,user_005,15,0,3,False,9.465076091389607,9.465181223857577,13.998906580707507,13.998906580707507,5.0,0.0,3.053,3.053,28.38,1.419,-1.4808304893179,-1.4808304893179,0.0,0.0,1.4808304893179,1.4808304893179,4.732590611928789,151.3929616594352,498.51678540229096,75.6964808297176,Prosumer
2023-02-02 16:00:00,user_005,16,0,3,False,2.6356709720219644,2.635460707086023,15.02420804974904,15.024324165430698,5.0,0.0,0.919,0.919,10.0,0.5,-11.469537077727075,-11.469537077727075,0.0,0.0,11.469537077727075,11.469537077727075,1.3177303535430116,154.02842236652123,513.5411095677216,77.01421118326061,Prosumer
2023-02-02 17:00:00,user_005,17,0,3,False,0.0,0.0,14.510976736819982,14.510512274093351,5.0,0.0,0.0,0.0,10.0,0.5,-14.510976736819982,-14.510976736819982,0.0,0.0,14.510976736819982,14.510976736819982,0.0,154.02842236652123,528.051621841815,77.01421118326061,Prosumer
2023-02-02 18:00:00,user_005,18,0,3,False,0.0,0.0,31.109713429853645,31.109945661216962,5.0,0.0,0.0,0.0,10.0,0.5,-31.109713429853645,-31.109713429853645,0.0,0.0,31.109713429853645,31.109713429853645,0.0,154.02842236652123,559.161567503032,77.01421118326061,Prosumer
2023-02-02 19:00:00,user_005,19,0,3,False,0.0,0.0,30.02287064953329,30.022406186806652,5.0,0.0,0.0,0.0,10.0,0.5,-30.02287064953329,-30.02287064953329,0.0,0.0,30.02287064953329,30.02287064953329,0.0,154.02842236652123,589.1839736898386,77.01421118326061,Prosumer
2023-02-02 20:00:00,user_005,20,0,3,False,0.0,0.0,26.668288606429105,26.668288606429105,5.0,0.0,0.0,0.0,10.0,0.5,-26.668288606429105,-26.668288606429105,0.0,0.0,26.668288606429105,26.668288606429105,0.0,154.02842236652123,615.8522622962677,77.01421118326061,Prosumer
2023-02-02 21:00:00,user_005,21,0,3,False,0.0,0.0,20.84160370082275,20.841255353777772,5.0,0.0,0.0,0.0,10.0,0.5,-20.84160370082275,-20.84160370082275,0.0,0.0,20.84160370082275,20.84160370082275,0.0,154.02842236652123,636.6935176500455,77.01421118326061,Prosumer
2023-02-02 22:00:00,user_005,22,0,3,False,0.0,0.0,12.939931563985107,12.94039602671174,5.0,0.0,0.0,0.0,10.0,0.5,-12.939931563985107,-12.939931563985107,0.0,0.0,12.939931563985107,12.939931563985107,0.0,154.02842236652123,649.6339136767572,77.01421118326061,Prosumer
2023-02-02 23:00:00,user_005,23,0,3,False,0.0,0.0,15.179803063170972,15.180151410215947,5.0,0.0,0.0,0.0,10.0,0.5,-15.179803063170972,-15.179803063170972,0.0,0.0,15.179803063170972,15.179803063170972,0.0,154.02842236652123,664.8140650869731,77.01421118326061,Prosumer
2023-02-03 00:00:00,user_005,0,0,4,False,0.0,0.0,7.733304398433311,7.733188282751653,5.0,0.0,0.0,0.0,10.0,0.5,-7.733304398433311,-7.733304398433311,0.0,0.0,7.733304398433311,7.733304398433311,0.0,154.02842236652123,672.5472533697247,77.01421118326061,Prosumer
2023-02-03 01:00:00,user_005,1,0,4,False,0.0,0.0,6.002019584910177,6.001787353546861,5.0,0.0,0.0,0.0,10.0,0.5,-6.002019584910177,-6.002019584910177,0.0,0.0,6.002019584910177,6.002019584910177,0.0,154.02842236652123,678.5490407232716,77.01421118326061,Prosumer
2023-02-03 02:00:00,user_005,2,0,4,False,0.0,0.0,7.809940748327695,7.809824632646037,5.0,0.0,0.0,0.0,10.0,0.5,-7.809940748327695,-7.809940748327695,0.0,0.0,7.809940748327695,7.809940748327695,0.0,154.02842236652123,686.3588653559176,77.01421118326061,Prosumer
2023-02-03 03:00:00,user_005,3,0,4,False,0.0,0.0,6.865920256446873,6.866268603491846,5.0,0.0,0.0,0.0,10.0,0.5,-6.865920256446873,-6.865920256446873,0.0,0.0,6.865920256446873,6.865920256446873,0.0,154.02842236652123,693.2251339594094,77.01421118326061,Prosumer
2023-02-03 04:00:00,user_005,4,0,4,False,0.0,0.0,6.16574269604818,6.166323274456471,5.0,0.0,0.0,0.0,10.0,0.5,-6.16574269604818,-6.16574269604818,0.0,0.0,6.16574269604818,6.16574269604818,0.0,154.02842236652123,699.3914572338658,77.01421118326061,Prosumer
2023-02-03 05:00:00,user_005,5,0,4,False,0.0,0.0,6.756771515688204,6.75700374705152,5.0,0.0,0.0,0.0,10.0,0.5,-6.756771515688204,-6.756771515688204,0.0,0.0,6.756771515688204,6.756771515688204,0.0,154.02842236652123,706.1484609809173,77.01421118326061,Prosumer
2023-02-03 06:00:00,user_005,6,0,4,False,0.0,0.0,7.067961542532066,7.0673809641237755,5.0,0.0,0.0,0.0,10.0,0.5,-7.067961542532066,-7.067961542532066,0.0,0.0,7.067961542532066,7.067961542532066,0.0,154.02842236652123,713.2158419450411,77.01421118326061,Prosumer
2023-02-03 07:00:00,user_005,7,0,4,False,0.234445403574351,0.23402487370246877,6.590726090917038,6.591074437962013,5.0,0.0,0.0,0.0,10.0,0.5,-6.356280687342688,-6.356280687342688,0.0,0.0,6.356280687342688,6.356280687342688,0.11701243685123439,154.2624472402237,719.8069163830031,77.13122362011185,Prosumer
2023-02-03 08:00:00,user_005,8,0,4,False,1.3761840057346433,1.3758686083307317,13.094365420590456,13.094249304908798,5.0,0.0,0.0,0.0,10.0,0.5,-11.718181414855813,-11.718181414855813,0.0,0.0,11.718181414855813,11.718181414855813,0.6879343041653658,155.63831584855444,732.9011656879119,77.81915792427722,Prosumer
2023-02-03 09:00:00,user_005,9,0,4,False,0.0,0.0,0.038318174947192085,0.03866652199216656,5.0,0.0,0.0,0.0,10.0,0.5,-0.038318174947192085,-0.038318174947192085,0.0,0.0,0.038318174947192085,0.038318174947192085,0.0,155.63831584855444,732.939832209904,77.81915792427722,Prosumer
2023-02-03 10:00:00,user_005,10,0,4,False,0.0,0.0,0.038318174947192085,0.038898753355482873,5.0,0.0,0.0,0.0,10.0,0.5,-0.038318174947192085,-0.038318174947192085,0.0,0.0,0.038318174947192085,0.038318174947192085,0.0,155.63831584855444,732.9787309632595,77.81915792427722,Prosumer
2023-02-03 11:00:00,user_005,11,0,4,False,0.0,0.0,0.03947933176377366,0.03913098471879919,5.0,0.0,0.0,0.0,10.0,0.5,-0.03947933176377366,-0.03947933176377366,0.0,0.0,0.03947933176377366,0.03947933176377366,0.0,155.63831584855444,733.0178619479783,77.81915792427722,Prosumer
2023-02-03 12:00:00,user_005,12,0,4,False,5.528916490571803,5.528916490571803,0.038318174947192085,0.03866652199216656,5.0,4.0,0.0,-4.0,90.0,4.5,1.4905983156246112,1.4905983156246112,1.4905983156246112,1.4905983156246112,0.0,0.0,2.7644582452859017,161.16723233912626,733.0565284699704,80.58361616956313,Prosumer
2023-02-03 13:00:00,user_005,13,0,4,False,8.66186403609452,8.662284565966402,0.038318174947192085,0.03866652199216656,5.0,0.25,0.0,-0.25,95.0,4.75,8.37354586114733,8.37354586114733,8.37354586114733,8.37354586114733,0.0,0.0,4.331142282983201,169.82951690509265,733.0951949919626,84.91475845254632,Prosumer
2023-02-03 14:00:00,user_005,14,0,4,False,11.827402646688112,11.827507779156083,5.810428710174217,5.810428710174217,5.0,0.0,0.0,0.0,95.0,4.75,6.016973936513895,6.016973936513895,6.016973936513895,6.016973936513895,0.0,0.0,5.913753889578041,181.65702468424874,738.9056237021367,90.82851234212437,Prosumer
2023-02-03 15:00:00,user_005,15,0,4,False,8.655556088016287,8.655766352952227,14.33099743024984,14.33099743024984,5.0,0.0,4.0,4.0,15.0,0.75,-1.6754413422335528,-1.6754413422335528,0.0,0.0,1.6754413422335528,1.6754413422335528,4.327883176476114,190.31279103720095,753.2366211323865,95.15639551860048,Prosumer
2023-02-03 16:00:00,user_005,16,0,4,False,1.6568876952160414,1.6569928276840118,15.65007157388651,15.650187689568169,5.0,0.0,0.25,0.25,10.0,0.5,-13.743183878670468,-13.743183878670468,0.0,0.0,13.743183878670468,13.743183878670468,0.8284964138420059,191.96978386488496,768.8868088219547,95.98489193244248,Prosumer
2023-02-03 17:00:00,user_005,17,0,4,False,0.0,0.0,14.821005606847264,14.820889491165605,5.0,0.0,0.0,0.0,10.0,0.5,-14.821005606847264,-14.821005606847264,0.0,0.0,14.821005606847264,14.821005606847264,0.0,191.96978386488496,783.7076983131203,95.98489193244248,Prosumer
2023-02-03 18:00:00,user_005,18,0,4,False,0.0,0.0,30.835680421140392,30.835215958413755,5.0,0.0,0.0,0.0,10.0,0.5,-30.835680421140392,-30.835680421140392,0.0,0.0,30.835680421140392,30.835680421140392,0.0,191.96978386488496,814.5429142715341,95.98489193244248,Prosumer
2023-02-03 19:00:00,user_005,19,0,4,False,0.0,0.0,23.777008133140978,23.777472595867607,5.0,0.0,0.0,0.0,10.0,0.5,-23.777008133140978,-23.777008133140978,0.0,0.0,23.777008133140978,23.777008133140978,0.0,191.96978386488496,838.3203868674017,95.98489193244248,Prosumer
2023-02-03 20:00:00,user_005,20,0,4,False,0.0,0.0,24.777925309034295,24.77838977176093,5.0,0.0,0.0,0.0,10.0,0.5,-24.777925309034295,-24.777925309034295,0.0,0.0,24.777925309034295,24.777925309034295,0.0,191.96978386488496,863.0987766391626,95.98489193244248,Prosumer
2023-02-03 21:00:00,user_005,21,0,4,False,0.0,0.0,18.212744668082056,18.21297689944537,5.0,0.0,0.0,0.0,10.0,0.5,-18.212744668082056,-18.212744668082056,0.0,0.0,18.212744668082056,18.212744668082056,0.0,191.96978386488496,881.311753538608,95.98489193244248,Prosumer
2023-02-03 22:00:00,user_005,22,0,4,False,0.0,0.0,13.032824109311633,13.033172456356608,5.0,0.0,0.0,0.0,10.0,0.5,-13.032824109311633,-13.032824109311633,0.0,0.0,13.032824109311633,13.032824109311633,0.0,191.96978386488496,894.3449259949646,95.98489193244248,Prosumer
2023-02-03 23:00:00,user_005,23,0,4,False,0.0,0.0,12.674026652987925,12.674375000032901,5.0,0.0,0.0,0.0,10.0,0.5,-12.674026652987925,-12.674026652987925,0.0,0.0,12.674026652987925,12.674026652987925,0.0,191.96978386488496,907.0193009949975,95.98489193244248,Prosumer
2023-02-04 00:00:00,user_005,0,0,5,True,0.0,0.0,5.793011357925494,5.79324358928881,5.0,0.0,0.0,0.0,10.0,0.5,-5.793011357925494,-5.793011357925494,0.0,0.0,5.793011357925494,5.793011357925494,0.0,191.96978386488496,912.8125445842863,95.98489193244248,Prosumer
2023-02-04 01:00:00,user_005,1,0,5,True,0.0,0.0,5.810428710174217,5.810777057219192,5.0,0.0,0.0,0.0,10.0,0.5,-5.810428710174217,-5.810428710174217,0.0,0.0,5.810428710174217,5.810428710174217,0.0,191.96978386488496,918.6233216415055,95.98489193244248,Prosumer
2023-02-04 02:00:00,user_005,2,0,5,True,0.0,0.0,5.762821280694372,5.762821280694372,5.0,0.0,0.0,0.0,10.0,0.5,-5.762821280694372,-5.762821280694372,0.0,0.0,5.762821280694372,5.762821280694372,0.0,191.96978386488496,924.3861429222,95.98489193244248,Prosumer
2023-02-04 03:00:00,user_005,3,0,5,True,0.0,0.0,5.498077526513773,5.497845295150457,5.0,0.0,0.0,0.0,10.0,0.5,-5.498077526513773,-5.498077526513773,0.0,0.0,5.498077526513773,5.498077526513773,0.0,191.96978386488496,929.8839882173504,95.98489193244248,Prosumer
2023-02-04 04:00:00,user_005,4,0,5,True,0.0,0.0,4.6968793230724835,4.696995438754142,5.0,0.0,0.0,0.0,10.0,0.5,-4.6968793230724835,-4.6968793230724835,0.0,0.0,4.6968793230724835,4.6968793230724835,0.0,191.96978386488496,934.5809836561045,95.98489193244248,Prosumer
2023-02-04 05:00:00,user_005,5,0,5,True,0.0,0.0,5.235656085966337,5.235307738921362,5.0,0.0,0.0,0.0,10.0,0.5,-5.235656085966337,-5.235656085966337,0.0,0.0,5.235656085966337,5.235656085966337,0.0,191.96978386488496,939.8162913950259,95.98489193244248,Prosumer
2023-02-04 06:00:00,user_005,6,0,5,True,0.0,0.0,4.840862768328599,4.840746652646941,5.0,0.0,0.0,0.0,10.0,0.5,-4.840862768328599,-4.840862768328599,0.0,0.0,4.840862768328599,4.840862768328599,0.0,191.96978386488496,944.6570380476728,95.98489193244248,Prosumer
2023-02-04 07:00:00,user_005,7,0,5,True,0.0,0.0,5.88590390325202,5.88648448166031,5.0,0.0,0.0,0.0,10.0,0.5,-5.88590390325202,-5.88590390325202,0.0,0.0,5.88590390325202,5.88590390325202,0.0,191.96978386488496,950.5435225293331,95.98489193244248,Prosumer
2023-02-04 08:00:00,user_005,8,0,5,True,0.5130464436963377,0.5127310462924259,10.939258369015048,10.938910021970074,5.0,0.0,0.0,0.0,10.0,0.5,-10.42621192531871,-10.42621192531871,0.0,0.0,10.42621192531871,10.42621192531871,0.25636552314621297,192.4825149111774,961.4824325513032,96.2412574555887,Prosumer
2023-02-04 09:00:00,user_005,9,0,5,True,0.35219376770137933,0.35187837029746766,12.245559787669324,12.245908134714298,5.0,0.0,0.0,0.0,10.0,0.5,-11.893366019967944,-11.893366019967944,0.0,0.0,11.893366019967944,11.893366019967944,0.17593918514873383,192.83439328147486,973.7283406860175,96.41719664073743,Prosumer
2023-02-04 10:00:00,user_005,10,0,5,True,1.6537337211769243,1.653838853644895,14.550456068583758,14.551036646992047,5.0,0.0,0.0,0.0,10.0,0.5,-12.896722347406833,-12.896722347406833,0.0,0.0,12.896722347406833,12.896722347406833,0.8269194268224475,194.48823213511974,988.2793773330096,97.24411606755987,Prosumer
2023-02-04 11:00:00,user_005,11,0,5,True,10.851773343921305,10.851563078985365,13.53792732452462,13.538275671569595,5.0,0.0,0.0,0.0,10.0,0.5,-2.686153980603315,-2.686153980603315,0.0,0.0,2.686153980603315,2.686153980603315,5.425781539492682,205.3397952141051,1001.8176530045793,102.66989760705255,Prosumer
2023-02-04 12:00:00,user_005,12,0,5,True,9.848809599482154,9.849124996886065,15.690712062466867,15.690247599740236,5.0,0.0,0.0,0.0,10.0,0.5,-5.841902462984713,-5.841902462984713,0.0,0.0,5.841902462984713,5.841902462984713,4.9245624984430325,215.18892021099117,1017.5079006043195,107.59446010549559,Prosumer
2023-02-04 13:00:00,user_005,13,0,5,True,4.043394718147776,4.043604983083717,13.989617326174855,13.989385094811539,5.0,0.0,0.0,0.0,10.0,0.5,-9.946222608027078,-9.946222608027078,0.0,0.0,9.946222608027078,9.946222608027078,2.0218024915418584,219.2325251940749,1031.497285699131,109.61626259703745,Prosumer
2023-02-04 14:00:00,user_005,14,0,5,True,4.0602159130230655,4.059690250683213,14.06044789198633,14.059867313578039,5.0,0.0,0.0,0.0,10.0,0.5,-10.000231978963264,-10.000231978963264,0.0,0.0,10.000231978963264,10.000231978963264,2.0298451253416063,223.2922154447581,1045.557153012709,111.64610772237906,Prosumer
2023-02-04 15:00:00,user_005,15,0,5,True,9.853014898200977,9.852909765733006,12.042357344767549,12.042705691812522,5.0,0.0,0.0,0.0,10.0,0.5,-2.189342446566572,-2.189342446566572,0.0,0.0,2.189342446566572,2.189342446566572,4.926454882866503,233.14512521049113,1057.5998587045215,116.57256260524557,Prosumer
2023-02-04 16:00:00,user_005,16,0,5,True,1.7588661891474855,1.7590764540834265,14.204431337242447,14.204895799969078,5.0,0.0,0.0,0.0,10.0,0.5,-12.44556514809496,-12.44556514809496,0.0,0.0,12.44556514809496,12.44556514809496,0.8795382270417132,234.90420166457454,1071.8047545044906,117.45210083228727,Prosumer
2023-02-04 17:00:00,user_005,17,0,5,True,0.0,0.0,14.56090647993299,14.560442017206357,5.0,0.0,0.0,0.0,10.0,0.5,-14.56090647993299,-14.56090647993299,0.0,0.0,14.56090647993299,14.56090647993299,0.0,234.90420166457454,1086.365196521697,117.45210083228727,Prosumer
2023-02-04 18:00:00,user_005,18,0,5,True,0.0,0.0,31.537019138355664,31.536438559947374,5.0,0.0,0.0,0.0,10.0,0.5,-31.537019138355664,-31.537019138355664,0.0,0.0,31.537019138355664,31.537019138355664,0.0,234.90420166457454,1117.9016350816444,117.45210083228727,Prosumer
2023-02-04 19:00:00,user_005,19,0,5,True,0.0,0.0,27.194292644340564,27.1941765286589,5.0,0.0,0.0,0.0,10.0,0.5,-27.194292644340564,-27.194292644340564,0.0,0.0,27.194292644340564,27.194292644340564,0.0,234.90420166457454,1145.0958116103034,117.45210083228727,Prosumer
2023-02-04 20:00:00,user_005,20,0,5,True,0.0,0.0,22.312789387431607,22.31325385015824,5.0,0.0,0.0,0.0,10.0,0.5,-22.312789387431607,-22.312789387431607,0.0,0.0,22.312789387431607,22.312789387431607,0.0,234.90420166457454,1167.4090654604615,117.45210083228727,Prosumer
2023-02-04 21:00:00,user_005,21,0,5,True,0.0,0.0,23.83274366033689,23.832511428973575,5.0,0.0,0.0,0.0,10.0,0.5,-23.83274366033689,-23.83274366033689,0.0,0.0,23.83274366033689,23.83274366033689,0.0,234.90420166457454,1191.241576889435,117.45210083228727,Prosumer
2023-02-04 22:00:00,user_005,22,0,5,True,0.0,0.0,15.33191460614316,15.331798490461502,5.0,0.0,0.0,0.0,10.0,0.5,-15.33191460614316,-15.33191460614316,0.0,0.0,15.33191460614316,15.33191460614316,0.0,234.90420166457454,1206.5733753798966,117.45210083228727,Prosumer
2023-02-04 23:00:00,user_005,23,0,5,True,0.0,0.0,13.188419122733565,13.188303007051909,5.0,0.0,0.0,0.0,10.0,0.5,-13.188419122733565,-13.188419122733565,0.0,0.0,13.188419122733565,13.188419122733565,0.0,234.90420166457454,1219.7616783869485,117.45210083228727,Prosumer
2023-02-05 00:00:00,user_005,0,0,6,True,0.0,0.0,5.998536114460434,5.999000577187066,5.0,0.0,0.0,0.0,10.0,0.5,-5.998536114460434,-5.998536114460434,0.0,0.0,5.998536114460434,5.998536114460434,0.0,234.90420166457454,1225.7606789641354,117.45210083228727,Prosumer
2023-02-05 01:00:00,user_005,1,0,6,True,0.0,0.0,4.876858629642629,4.877323092369261,5.0,0.0,0.0,0.0,10.0,0.5,-4.876858629642629,-4.876858629642629,0.0,0.0,4.876858629642629,4.876858629642629,0.0,234.90420166457454,1230.6380020565048,117.45210083228727,Prosumer
2023-02-05 02:00:00,user_005,2,0,6,True,0.0,0.0,6.20289971417879,6.202551367133816,5.0,0.0,0.0,0.0,10.0,0.5,-6.20289971417879,-6.20289971417879,0.0,0.0,6.20289971417879,6.20289971417879,0.0,234.90420166457454,1236.8405534236385,117.45210083228727,Prosumer
2023-02-05 03:00:00,user_005,3,0,6,True,0.0,0.0,5.772110535227025,5.772226650908683,5.0,0.0,0.0,0.0,10.0,0.5,-5.772110535227025,-5.772110535227025,0.0,0.0,5.772110535227025,5.772110535227025,0.0,234.90420166457454,1242.6127800745471,117.45210083228727,Prosumer
2023-02-05 04:00:00,user_005,4,0,6,True,0.0,0.0,4.64230495269315,4.642072721329833,5.0,0.0,0.0,0.0,10.0,0.5,-4.64230495269315,-4.64230495269315,0.0,0.0,4.64230495269315,4.64230495269315,0.0,234.90420166457454,1247.254852795877,117.45210083228727,Prosumer
2023-02-05 05:00:00,user_005,5,0,6,True,0.0,0.0,4.705007420788554,4.7046590737435805,5.0,0.0,0.0,0.0,10.0,0.5,-4.705007420788554,-4.705007420788554,0.0,0.0,4.705007420788554,4.705007420788554,0.0,234.90420166457454,1251.9595118696207,117.45210083228727,Prosumer
2023-02-05 06:00:00,user_005,6,0,6,True,0.0,0.0,5.064966033928845,5.06461768688387,5.0,0.0,0.0,0.0,10.0,0.5,-5.064966033928845,-5.064966033928845,0.0,0.0,5.064966033928845,5.064966033928845,0.0,234.90420166457454,1257.0241295565045,117.45210083228727,Prosumer
2023-02-05 07:00:00,user_005,7,0,6,True,0.11249174072850027,0.11280713813241196,5.299519710878323,5.2999841736049556,5.0,0.0,0.0,0.0,10.0,0.5,-5.187027970149823,-5.187027970149823,0.0,0.0,5.187027970149823,5.187027970149823,0.05640356906620598,235.01700880270695,1262.3241137301095,117.50850440135348,Prosumer
2023-02-05 08:00:00,user_005,8,0,6,True,1.3845946031722882,1.3850151330441705,10.976415387145659,10.976067040100684,5.0,0.0,0.0,0.0,10.0,0.5,-9.59182078397337,-9.59182078397337,0.0,0.0,9.59182078397337,9.59182078397337,0.6925075665220852,236.40202393575112,1273.30018077021,118.20101196787556,Prosumer
2023-02-05 09:00:00,user_005,9,0,6,True,2.4338166335184868,2.4333961036466047,9.636440420810517,9.636440420810517,5.0,0.0,0.0,0.0,10.0,0.5,-7.202623787292031,-7.202623787292031,0.0,0.0,7.202623787292031,7.202623787292031,1.2166980518233024,238.83542003939772,1282.9366211910205,119.41771001969886,Prosumer
2023-02-05 10:00:00,user_005,10,0,6,True,3.135050194882129,3.134734797478217,15.175158435904647,15.175622898631278,5.0,0.0,0.0,0.0,10.0,0.5,-12.040108241022518,-12.040108241022518,0.0,0.0,12.040108241022518,12.040108241022518,1.5673673987391086,241.97015483687593,1298.1122440896518,120.98507741843797,Prosumer
2023-02-05 11:00:00,user_005,11,0,6,True,2.431713984159076,2.431713984159076,15.761542628278342,15.76165874396,5.0,0.0,0.0,0.0,10.0,0.5,-13.329828644119265,-13.329828644119265,0.0,0.0,13.329828644119265,13.329828644119265,1.215856992079538,244.401868821035,1313.8739028336117,122.2009344105175,Prosumer
2023-02-05 12:00:00,user_005,12,0,6,True,2.1678314895529676,2.167726357084997,14.242749512189638,14.242517280826323,5.0,0.0,0.0,0.0,10.0,0.5,-12.07491802263667,-12.07491802263667,0.0,0.0,12.07491802263667,12.07491802263667,1.0838631785424986,246.56959517812,1328.1164201144381,123.28479758906,Prosumer
2023-02-05 13:00:00,user_005,13,0,6,True,2.2729639575235288,2.2730690899914996,16.19117065041353,16.19163511314016,5.0,0.0,0.0,0.0,10.0,0.5,-13.91820669289,-13.91820669289,0.0,0.0,13.91820669289,13.91820669289,1.1365345449957498,248.84266426811152,1344.3080552275783,124.42133213405576,Prosumer
2023-02-05 14:00:00,user_005,14,0,6,True,2.6693133617725437,2.6688928319006617,13.004956345713675,13.00472411435036,5.0,0.0,0.0,0.0,10.0,0.5,-10.335642983941131,-10.335642983941131,0.0,0.0,10.335642983941131,10.335642983941131,1.3344464159503309,251.51155710001217,1357.3127793419287,125.75577855000608,Prosumer
2023-02-05 15:00:00,user_005,15,0,6,True,0.7422352238721606,0.7420249589362194,13.71326200382844,13.713029772465122,5.0,0.0,0.0,0.0,10.0,0.5,-12.97102677995628,-12.97102677995628,0.0,0.0,12.97102677995628,12.97102677995628,0.3710124794681097,252.25358205894838,1371.025809114394,126.12679102947419,Prosumer
2023-02-05 16:00:00,user_005,16,0,6,True,0.22393215677729492,0.22414242171323603,16.685823454277276,16.685591222913963,5.0,0.0,0.0,0.0,10.0,0.5,-16.46189129749998,-16.46189129749998,0.0,0.0,16.46189129749998,16.46189129749998,0.11207121085661802,252.4777244806616,1387.7114003373079,126.2388622403308,Prosumer
2023-02-05 17:00:00,user_005,17,0,6,True,0.0,0.0,14.938282445322004,14.937934098277028,5.0,0.0,0.0,0.0,10.0,0.5,-14.938282445322004,-14.938282445322004,0.0,0.0,14.938282445322004,14.938282445322004,0.0,252.4777244806616,1402.649334435585,126.2388622403308,Prosumer
2023-02-05 18:00:00,user_005,18,0,6,True,0.0,0.0,27.9862015932492,27.986085477567542,5.0,0.0,0.0,0.0,10.0,0.5,-27.9862015932492,-27.9862015932492,0.0,0.0,27.9862015932492,27.9862015932492,0.0,252.4777244806616,1430.6354199131524,126.2388622403308,Prosumer
2023-02-05 19:00:00,user_005,19,0,6,True,0.0,0.0,28.211466015666023,28.21111766862105,5.0,0.0,0.0,0.0,10.0,0.5,-28.211466015666023,-28.211466015666023,0.0,0.0,28.211466015666023,28.211466015666023,0.0,252.4777244806616,1458.8465375817734,126.2388622403308,Prosumer
2023-02-05 20:00:00,user_005,20,0,6,True,0.0,0.0,20.57918226027531,20.578717797548677,5.0,0.0,0.0,0.0,10.0,0.5,-20.57918226027531,-20.57918226027531,0.0,0.0,20.57918226027531,20.57918226027531,0.0,252.4777244806616,1479.4252553793222,126.2388622403308,Prosumer
2023-02-05 21:00:00,user_005,21,0,6,True,0.0,0.0,21.785624192703573,21.785856424066885,5.0,0.0,0.0,0.0,10.0,0.5,-21.785624192703573,-21.785624192703573,0.0,0.0,21.785624192703573,21.785624192703573,0.0,252.4777244806616,1501.211111803389,126.2388622403308,Prosumer
2023-02-05 22:00:00,user_005,22,0,6,True,0.0,0.0,12.979410895748883,12.978830317340591,5.0,0.0,0.0,0.0,10.0,0.5,-12.979410895748883,-12.979410895748883,0.0,0.0,12.979410895748883,12.979410895748883,0.0,252.4777244806616,1514.1899421207297,126.2388622403308,Prosumer
2023-02-05 23:00:00,user_005,23,0,6,True,0.0,0.0,13.353303390688149,13.353535622051465,5.0,0.0,0.0,0.0,10.0,0.5,-13.353303390688149,-13.353303390688149,0.0,0.0,13.353303390688149,13.353303390688149,0.0,252.4777244806616,1527.543477742781,126.2388622403308,Prosumer
2023-02-06 00:00:00,user_005,0,0,0,False,0.0,0.0,8.24653571136237,8.246071248635737,5.0,0.0,0.0,0.0,10.0,0.5,-8.24653571136237,-8.24653571136237,0.0,0.0,8.24653571136237,8.24653571136237,0.0,252.4777244806616,1535.7895489914167,126.2388622403308,Prosumer
2023-02-06 01:00:00,user_005,1,0,0,False,0.0,0.0,7.764655632481014,7.764075054072722,5.0,0.0,0.0,0.0,10.0,0.5,-7.764655632481014,-7.764655632481014,0.0,0.0,7.764655632481014,7.764655632481014,0.0,252.4777244806616,1543.5536240454894,126.2388622403308,Prosumer
2023-02-06 02:00:00,user_005,2,0,0,False,0.0,0.0,7.4232755284060294,7.423623875451004,5.0,0.0,0.0,0.0,10.0,0.5,-7.4232755284060294,-7.4232755284060294,0.0,0.0,7.4232755284060294,7.4232755284060294,0.0,252.4777244806616,1550.9772479209405,126.2388622403308,Prosumer
2023-02-06 03:00:00,user_005,3,0,0,False,0.0,0.0,7.748399437048872,7.748399437048872,5.0,0.0,0.0,0.0,10.0,0.5,-7.748399437048872,-7.748399437048872,0.0,0.0,7.748399437048872,7.748399437048872,0.0,252.4777244806616,1558.7256473579894,126.2388622403308,Prosumer
2023-02-06 04:00:00,user_005,4,0,0,False,0.0,0.0,6.84269712011524,6.842581004433582,5.0,0.0,0.0,0.0,10.0,0.5,-6.84269712011524,-6.84269712011524,0.0,0.0,6.84269712011524,6.84269712011524,0.0,252.4777244806616,1565.568228362423,126.2388622403308,Prosumer
2023-02-06 05:00:00,user_005,5,0,0,False,0.0,0.0,8.86543229460035,8.865548410282008,5.0,0.0,0.0,0.0,10.0,0.5,-8.86543229460035,-8.86543229460035,0.0,0.0,8.86543229460035,8.86543229460035,0.0,252.4777244806616,1574.433776772705,126.2388622403308,Prosumer
2023-02-06 06:00:00,user_005,6,0,0,False,0.0,0.0,7.682213498503721,7.6816329200954305,5.0,0.0,0.0,0.0,10.0,0.5,-7.682213498503721,-7.682213498503721,0.0,0.0,7.682213498503721,7.682213498503721,0.0,252.4777244806616,1582.1154096928003,126.2388622403308,Prosumer
2023-02-06 07:00:00,user_005,7,0,0,False,0.0,0.0,7.3338664535292475,7.334214800574222,5.0,0.0,0.0,0.0,10.0,0.5,-7.3338664535292475,-7.3338664535292475,0.0,0.0,7.3338664535292475,7.3338664535292475,0.0,252.4777244806616,1589.4496244933746,126.2388622403308,Prosumer
2023-02-06 08:00:00,user_005,8,0,0,False,0.1450828057993742,0.14529307073531528,13.410200074700645,13.409735611974014,5.0,0.0,0.0,0.0,10.0,0.5,-13.265117268901271,-13.265117268901271,0.0,0.0,13.265117268901271,13.265117268901271,0.07264653536765764,252.6230175513969,1602.8593601053485,126.31150877569846,Prosumer
2023-02-06 09:00:00,user_005,9,0,0,False,0.7474918472706886,0.7477021122066299,16.337476409302806,16.337708640666122,5.0,0.0,0.0,0.0,10.0,0.5,-15.589984562032116,-15.589984562032116,0.0,0.0,15.589984562032116,15.589984562032116,0.3738510561033149,253.37071966360355,1619.1970687460146,126.68535983180178,Prosumer
2023-02-06 10:00:00,user_005,10,0,0,False,1.2700002130843768,1.2698950806164062,13.43458436784886,13.434700483530518,5.0,0.0,0.0,0.0,10.0,0.5,-12.164584154764484,-12.164584154764484,0.0,0.0,12.164584154764484,12.164584154764484,0.6349475403082031,254.64061474421996,1632.6317692295452,127.32030737210998,Prosumer
2023-02-06 11:00:00,user_005,11,0,0,False,3.7458698337910885,3.7460800987270293,17.257112608035417,17.257693186443706,5.0,0.0,0.0,0.0,10.0,0.5,-13.511242774244328,-13.511242774244328,0.0,0.0,13.511242774244328,13.511242774244328,1.8730400493635146,258.386694842947,1649.8894624159889,129.1933474214735,Prosumer
2023-02-06 12:00:00,user_005,12,0,0,False,8.166690111953178,8.16700550935709,18.386918190569293,18.387266537614266,5.0,0.0,0.0,0.0,10.0,0.5,-10.220228078616115,-10.220228078616115,0.0,0.0,10.220228078616115,10.220228078616115,4.083502754678545,266.5537003523041,1668.2767289536032,133.27685017615204,Prosumer
2023-02-06 13:00:00,user_005,13,0,0,False,5.427989321320064,5.427673923916153,14.567873420832479,14.567641189469164,5.0,0.0,0.0,0.0,10.0,0.5,-9.139884099512415,-9.139884099512415,0.0,0.0,9.139884099512415,9.139884099512415,2.7138369619580764,271.9813742762202,1682.8443701430724,135.9906871381101,Prosumer
2023-02-06 14:00:00,user_005,14,0,0,False,4.336714303785641,4.33660917131767,15.28895180392964,15.289067919611298,5.0,0.0,0.0,0.0,10.0,0.5,-10.952237500144,-10.952237500144,0.0,0.0,10.952237500144,10.952237500144,2.168304585658835,276.31798344753787,1698.1334380626838,138.15899172376893,Prosumer
2023-02-06 15:00:00,user_005,15,0,0,False,3.1897190782268203,3.1900344756307324,13.995423110257763,13.99495864753113,5.0,0.0,0.0,0.0,10.0,0.5,-10.805704032030942,-10.805704032030942,0.0,0.0,10.805704032030942,10.805704032030942,1.5950172378153662,279.5080179231686,1712.128396710215,139.7540089615843,Prosumer
2023-02-06 16:00:00,user_005,16,0,0,False,1.1680217191529327,1.1676011892810505,17.18047625814103,17.180127911096058,5.0,0.0,0.0,0.0,10.0,0.5,-16.0124545389881,-16.0124545389881,0.0,0.0,16.0124545389881,16.0124545389881,0.5838005946405252,280.6756191124497,1729.3085246213109,140.33780955622484,Prosumer
2023-02-06 17:00:00,user_005,17,0,0,False,0.0,0.0,14.160307378212346,14.160887956620636,5.0,0.0,0.0,0.0,10.0,0.5,-14.160307378212346,-14.160307378212346,0.0,0.0,14.160307378212346,14.160307378212346,0.0,280.6756191124497,1743.4694125779315,140.33780955622484,Prosumer
2023-02-06 18:00:00,user_005,18,0,0,False,0.0,0.0,27.446263673538766,27.44603144217545,5.0,0.0,0.0,0.0,10.0,0.5,-27.446263673538766,-27.446263673538766,0.0,0.0,27.446263673538766,27.446263673538766,0.0,280.6756191124497,1770.9154440201069,140.33780955622484,Prosumer
2023-02-06 19:00:00,user_005,19,0,0,False,0.0,0.0,27.492709946202027,27.492709946202027,5.0,0.0,0.0,0.0,10.0,0.5,-27.492709946202027,-27.492709946202027,0.0,0.0,27.492709946202027,27.492709946202027,0.0,280.6756191124497,1798.4081539663089,140.33780955622484,Prosumer
2023-02-06 20:00:00,user_005,20,0,0,False,0.0,0.0,29.787155815767225,29.78738804713054,5.0,0.0,0.0,0.0,10.0,0.5,-29.787155815767225,-29.787155815767225,0.0,0.0,29.787155815767225,29.787155815767225,0.0,280.6756191124497,1828.1955420134393,140.33780955622484,Prosumer
2023-02-06 21:00:00,user_005,21,0,0,False,0.0,0.0,21.904062187994892,21.90464276640318,5.0,0.0,0.0,0.0,10.0,0.5,-21.904062187994892,-21.904062187994892,0.0,0.0,21.904062187994892,21.904062187994892,0.0,280.6756191124497,1850.1001847798425,140.33780955622484,Prosumer
2023-02-06 22:00:00,user_005,22,0,0,False,0.0,0.0,13.622691772135076,13.622575656453417,5.0,0.0,0.0,0.0,10.0,0.5,-13.622691772135076,-13.622691772135076,0.0,0.0,13.622691772135076,13.622691772135076,0.0,280.6756191124497,1863.7227604362959,140.33780955622484,Prosumer
2023-02-06 23:00:00,user_005,23,0,0,False,0.0,0.0,14.714179179721759,14.713946948358442,5.0,0.0,0.0,0.0,10.0,0.5,-14.714179179721759,-14.714179179721759,0.0,0.0,14.714179179721759,14.714179179721759,0.0,280.6756191124497,1878.4367073846543,140.33780955622484,Prosumer
2023-02-07 00:00:00,user_005,0,0,1,False,0.0,0.0,8.029399386661613,8.029515502343271,5.0,0.0,0.0,0.0,10.0,0.5,-8.029399386661613,-8.029399386661613,0.0,0.0,8.029399386661613,8.029399386661613,0.0,280.6756191124497,1886.4662228869975,140.33780955622484,Prosumer
2023-02-07 01:00:00,user_005,1,0,1,False,0.0,0.0,6.778833495203254,6.77906572656657,5.0,0.0,0.0,0.0,10.0,0.5,-6.778833495203254,-6.778833495203254,0.0,0.0,6.778833495203254,6.778833495203254,0.0,280.6756191124497,1893.245288613564,140.33780955622484,Prosumer
2023-02-07 02:00:00,user_005,2,0,1,False,0.0,0.0,6.639494677213464,6.640075255621754,5.0,0.0,0.0,0.0,10.0,0.5,-6.639494677213464,-6.639494677213464,0.0,0.0,6.639494677213464,6.639494677213464,0.0,280.6756191124497,1899.8853638691858,140.33780955622484,Prosumer
2023-02-07 03:00:00,user_005,3,0,1,False,0.0,0.0,6.4618376842764835,6.4621860313214565,5.0,0.0,0.0,0.0,10.0,0.5,-6.4618376842764835,-6.4618376842764835,0.0,0.0,6.4618376842764835,6.4618376842764835,0.0,280.6756191124497,1906.3475499005071,140.33780955622484,Prosumer
2023-02-07 04:00:00,user_005,4,0,1,False,0.0,0.0,7.589320953177195,7.589088721813879,5.0,0.0,0.0,0.0,10.0,0.5,-7.589320953177195,-7.589320953177195,0.0,0.0,7.589320953177195,7.589320953177195,0.0,280.6756191124497,1913.936638622321,140.33780955622484,Prosumer
2023-02-07 05:00:00,user_005,5,0,1,False,0.0,0.0,7.288581337682567,7.288000759274276,5.0,0.0,0.0,0.0,10.0,0.5,-7.288581337682567,-7.288581337682567,0.0,0.0,7.288581337682567,7.288581337682567,0.0,280.6756191124497,1921.2246393815954,140.33780955622484,Prosumer
2023-02-07 06:00:00,user_005,6,0,1,False,0.0,0.0,8.850337255984789,8.850569487348105,5.0,0.0,0.0,0.0,10.0,0.5,-8.850337255984789,-8.850337255984789,0.0,0.0,8.850337255984789,8.850337255984789,0.0,280.6756191124497,1930.0752088689435,140.33780955622484,Prosumer
2023-02-07 07:00:00,user_005,7,0,1,False,0.5939984440336695,0.5944189739055519,7.2096226741550185,7.209042095746728,5.0,0.0,0.0,0.0,10.0,0.5,-6.615624230121349,-6.615624230121349,0.0,0.0,6.615624230121349,6.615624230121349,0.29720948695277594,281.2700380863552,1937.2842509646903,140.6350190431776,Prosumer
2023-02-07 08:00:00,user_005,8,0,1,False,2.7839077518604554,2.7833820895206025,14.419245348310037,14.419361463991697,5.0,0.0,0.0,0.0,10.0,0.5,-11.635337596449581,-11.635337596449581,0.0,0.0,11.635337596449581,11.635337596449581,1.3916910447603013,284.05342017587583,1951.703612428682,142.02671008793791,Prosumer
2023-02-07 09:00:00,user_005,9,0,1,False,3.3242886372291385,3.3244989021650797,13.77364215829068,13.773526042609022,5.0,0.0,0.0,0.0,10.0,0.5,-10.449353521061543,-10.449353521061543,0.0,0.0,10.449353521061543,10.449353521061543,1.6622494510825399,287.3779190780409,1965.477138471291,143.68895953902046,Prosumer
2023-02-07 10:00:00,user_005,10,0,1,False,5.269239294684517,5.269029029748576,13.44851824964784,13.448750481011155,5.0,0.0,0.0,0.0,10.0,0.5,-8.179278954963323,-8.179278954963323,0.0,0.0,8.179278954963323,8.179278954963323,2.634514514874288,292.6469481077895,1978.925888952302,146.32347405389476,Prosumer
2023-02-07 11:00:00,user_005,11,0,1,False,12.887137923831366,12.887453321235279,17.938711659368803,17.939292237777092,5.0,0.0,0.0,0.0,10.0,0.5,-5.051573735537437,-5.051573735537437,0.0,0.0,5.051573735537437,5.051573735537437,6.4437266606176395,305.5344014290248,1996.8651811900793,152.7672007145124,Prosumer
2023-02-07 12:00:00,user_005,12,0,1,False,8.284438476080206,8.284017946208325,17.71693070740172,17.716814591720063,5.0,0.0,0.0,0.0,10.0,0.5,-9.432492231321513,-9.432492231321513,0.0,0.0,9.432492231321513,9.432492231321513,4.142008973104162,313.81841937523313,2014.5819957817994,156.90920968761657,Prosumer
2023-02-07 13:00:00,user_005,13,0,1,False,5.269239294684517,5.268818764812634,13.680749612964155,13.680865728645813,5.0,0.0,0.0,0.0,10.0,0.5,-8.411510318279639,-8.411510318279639,0.0,0.0,8.411510318279639,8.411510318279639,2.634409382406317,319.08723814004577,2028.2628615104452,159.54361907002288,Prosumer
2023-02-07 14:00:00,user_005,14,0,1,False,3.3558283776203073,3.3559335100882772,15.34933195839188,15.349215842710224,5.0,0.0,0.0,0.0,10.0,0.5,-11.993503580771574,-11.993503580771574,0.0,0.0,11.993503580771574,11.993503580771574,1.6779667550441386,322.44317165013405,2043.6120773531554,161.22158582506702,Prosumer
2023-02-07 15:00:00,user_005,15,0,1,False,8.954132297052679,8.954657959392533,13.03862989339454,13.038978240439517,5.0,0.0,0.0,0.0,10.0,0.5,-4.084497596341862,-4.084497596341862,0.0,0.0,4.084497596341862,4.084497596341862,4.477328979696266,331.3978296095266,2056.6510555935947,165.6989148047633,Prosumer
2023-02-07 16:00:00,user_005,16,0,1,False,3.336904533385606,3.337430195725459,12.842394391392256,12.84204604434728,5.0,0.0,0.0,0.0,10.0,0.5,-9.50548985800665,-9.50548985800665,0.0,0.0,9.50548985800665,9.50548985800665,1.6687150978627294,334.73525980525204,2069.493101637942,167.36762990262602,Prosumer
2023-02-07 17:00:00,user_005,17,0,1,False,0.0,0.0,14.161468535028927,14.161236303665612,5.0,0.0,0.0,0.0,10.0,0.5,-14.161468535028927,-14.161468535028927,0.0,0.0,14.161468535028927,14.161468535028927,0.0,334.73525980525204,2083.6543379416075,167.36762990262602,Prosumer
2023-02-07 18:00:00,user_005,18,0,1,False,0.0,0.0,34.61756817274659,34.61745205706493,5.0,0.0,0.0,0.0,10.0,0.5,-34.61756817274659,-34.61756817274659,0.0,0.0,34.61756817274659,34.61756817274659,0.0,334.73525980525204,2118.2717899986724,167.36762990262602,Prosumer
2023-02-07 19:00:00,user_005,19,0,1,False,0.0,0.0,27.28254056240076,27.2824244467191,5.0,0.0,0.0,0.0,10.0,0.5,-27.28254056240076,-27.28254056240076,0.0,0.0,27.28254056240076,27.28254056240076,0.0,334.73525980525204,2145.5542144453916,167.36762990262602,Prosumer
2023-02-07 20:00:00,user_005,20,0,1,False,0.0,0.0,23.201074352116517,23.201538814843147,5.0,0.0,0.0,0.0,10.0,0.5,-23.201074352116517,-23.201074352116517,0.0,0.0,23.201074352116517,23.201074352116517,0.0,334.73525980525204,2168.7557532602345,167.36762990262602,Prosumer
2023-02-07 21:00:00,user_005,21,0,1,False,0.0,0.0,26.14925150941714,26.148787046690508,5.0,0.0,0.0,0.0,10.0,0.5,-26.14925150941714,-26.14925150941714,0.0,0.0,26.14925150941714,26.14925150941714,0.0,334.73525980525204,2194.904540306925,167.36762990262602,Prosumer
2023-02-07 22:00:00,user_005,22,0,1,False,0.0,0.0,14.212559434958518,14.212211087913541,5.0,0.0,0.0,0.0,10.0,0.5,-14.212559434958518,-14.212559434958518,0.0,0.0,14.212559434958518,14.212559434958518,0.0,334.73525980525204,2209.1167513948385,167.36762990262602,Prosumer
2023-02-07 23:00:00,user_005,23,0,1,False,0.0,0.0,15.771993039627578,15.772225270990893,5.0,0.0,0.0,0.0,10.0,0.5,-15.771993039627578,-15.771993039627578,0.0,0.0,15.771993039627578,15.771993039627578,0.0,334.73525980525204,2224.8889766658294,167.36762990262602,Prosumer
2023-02-08 00:00:00,user_005,0,0,2,False,0.0,0.0,7.6961473803027,7.696495727347675,5.0,0.0,0.0,0.0,10.0,0.5,-7.6961473803027,-7.6961473803027,0.0,0.0,7.6961473803027,7.6961473803027,0.0,334.73525980525204,2232.585472393177,167.36762990262602,Prosumer
2023-02-08 01:00:00,user_005,1,0,2,False,0.0,0.0,7.895866352754732,7.895982468436389,5.0,0.0,0.0,0.0,10.0,0.5,-7.895866352754732,-7.895866352754732,0.0,0.0,7.895866352754732,7.895866352754732,0.0,334.73525980525204,2240.4814548616137,167.36762990262602,Prosumer
2023-02-08 02:00:00,user_005,2,0,2,False,0.0,0.0,8.802729826504946,8.80296205786826,5.0,0.0,0.0,0.0,10.0,0.5,-8.802729826504946,-8.802729826504946,0.0,0.0,8.802729826504946,8.802729826504946,0.0,334.73525980525204,2249.284416919482,167.36762990262602,Prosumer
2023-02-08 03:00:00,user_005,3,0,2,False,0.0,0.0,8.169899361467984,8.16943489874135,5.0,0.0,0.0,0.0,10.0,0.5,-8.169899361467984,-8.169899361467984,0.0,0.0,8.169899361467984,8.169899361467984,0.0,334.73525980525204,2257.453851818223,167.36762990262602,Prosumer
2023-02-08 04:00:00,user_005,4,0,2,False,0.0,0.0,8.296465454475376,8.296000991748743,5.0,0.0,0.0,0.0,10.0,0.5,-8.296465454475376,-8.296465454475376,0.0,0.0,8.296465454475376,8.296465454475376,0.0,334.73525980525204,2265.749852809972,167.36762990262602,Prosumer
2023-02-08 05:00:00,user_005,5,0,2,False,0.0,0.0,7.809940748327695,7.809940748327695,5.0,0.0,0.0,0.0,10.0,0.5,-7.809940748327695,-7.809940748327695,0.0,0.0,7.809940748327695,7.809940748327695,0.0,334.73525980525204,2273.5597935582996,167.36762990262602,Prosumer
2023-02-08 06:00:00,user_005,6,0,2,False,0.0,0.0,7.7495605938654535,7.749444478183794,5.0,0.0,0.0,0.0,10.0,0.5,-7.7495605938654535,-7.7495605938654535,0.0,0.0,7.7495605938654535,7.7495605938654535,0.0,334.73525980525204,2281.3092380364833,167.36762990262602,Prosumer
2023-02-08 07:00:00,user_005,7,0,2,False,0.6003063921119032,0.6004115245798739,6.696391361225962,6.6960430141809875,5.0,0.0,0.0,0.0,10.0,0.5,-6.0960849691140595,-6.0960849691140595,0.0,0.0,6.0960849691140595,6.0960849691140595,0.30020576228993695,335.33567132983194,2288.0052810506645,167.66783566491597,Prosumer
2023-02-08 08:00:00,user_005,8,0,2,False,6.36787358497688,6.368294114848762,14.113861105549082,14.113628874185766,5.0,0.0,0.0,0.0,10.0,0.5,-7.745987520572203,-7.745987520572203,0.0,0.0,7.745987520572203,7.745987520572203,3.184147057424381,341.7039654446807,2302.1189099248504,170.85198272234035,Prosumer
2023-02-08 09:00:00,user_005,9,0,2,False,7.622103927865672,7.62168339799379,16.595253222583917,16.5950209912206,5.0,0.0,0.0,0.0,10.0,0.5,-8.973149294718244,-8.973149294718244,0.0,0.0,8.973149294718244,8.973149294718244,3.810841698996895,349.32564884267447,2318.713930916071,174.66282442133723,Prosumer
2023-02-08 10:00:00,user_005,10,0,2,False,9.994943729961234,9.994628332557323,13.871179330883534,13.87129544656519,5.0,0.0,0.0,0.0,10.0,0.5,-3.8762356009223,-3.8762356009223,0.0,0.0,3.8762356009223,3.8762356009223,4.997314166278661,359.3202771752318,2332.585226362636,179.6601385876159,Prosumer
2023-02-08 11:00:00,user_005,11,0,2,False,12.583305091396445,12.583410223864416,13.932720642162357,13.932952873525673,5.0,0.0,0.0,0.0,10.0,0.5,-1.3494155507659116,-1.3494155507659116,0.0,0.0,1.3494155507659116,1.3494155507659116,6.291705111932208,371.9036873990962,2346.518179236162,185.9518436995481,Prosumer
2023-02-08 12:00:00,user_005,12,0,2,False,17.41729596868284,17.41687543881096,16.178397925431128,16.178514041112788,5.0,2.634,0.0,-2.634,62.67,3.134,-1.3951019567482876,-1.3951019567482876,0.0,0.0,1.3951019567482876,1.3951019567482876,8.70843771940548,389.3205628379072,2362.696693277275,194.6602814189536,Prosumer
2023-02-08 13:00:00,user_005,13,0,2,False,13.88274239551258,13.882321865640696,13.92691485807945,13.927147089442764,5.0,1.21,0.0,-1.21,86.88,4.344,-1.2541724625668698,-1.2541724625668698,0.0,0.0,1.2541724625668698,1.2541724625668698,6.941160932820348,403.20288470354785,2376.6238403667176,201.60144235177393,Prosumer
2023-02-08 14:00:00,user_005,14,0,2,False,13.986823538803435,13.987033803739376,14.348414782498562,14.348414782498562,5.0,0.406,0.0,-0.406,95.0,4.75,-0.767591243695127,-0.767591243695127,0.0,0.0,0.767591243695127,0.767591243695127,6.993516901869688,417.18991850728725,2390.972255149216,208.59495925364362,Prosumer
2023-02-08 15:00:00,user_005,15,0,2,False,8.85320512780094,8.85320512780094,17.255951451218834,17.255835335537178,5.0,0.0,4.0,4.0,15.0,0.75,-4.402746323417894,-4.402746323417894,0.0,0.0,4.402746323417894,4.402746323417894,4.42660256390047,426.0431236350882,2408.228090484753,213.0215618175441,Prosumer
2023-02-08 16:00:00,user_005,16,0,2,False,3.807897989893719,3.8075825924898075,14.919703936256699,14.92016839898333,5.0,0.0,0.25,0.25,10.0,0.5,-10.86180594636298,-10.86180594636298,0.0,0.0,10.86180594636298,10.86180594636298,1.9037912962449037,429.850706227578,2423.148258883736,214.925353113789,Prosumer
2023-02-08 17:00:00,user_005,17,0,2,False,0.0,0.0,14.356542880214635,14.35677511157795,5.0,0.0,0.0,0.0,10.0,0.5,-14.356542880214635,-14.356542880214635,0.0,0.0,14.356542880214635,14.356542880214635,0.0,429.850706227578,2437.505033995314,214.925353113789,Prosumer
2023-02-08 18:00:00,user_005,18,0,2,False,0.0,0.0,32.98730400226606,32.98753623362937,5.0,0.0,0.0,0.0,10.0,0.5,-32.98730400226606,-32.98730400226606,0.0,0.0,32.98730400226606,32.98730400226606,0.0,429.850706227578,2470.4925702289434,214.925353113789,Prosumer
2023-02-08 19:00:00,user_005,19,0,2,False,0.0,0.0,29.085817098551953,29.085584867188636,5.0,0.0,0.0,0.0,10.0,0.5,-29.085817098551953,-29.085817098551953,0.0,0.0,29.085817098551953,29.085817098551953,0.0,429.850706227578,2499.578155096132,214.925353113789,Prosumer
2023-02-08 20:00:00,user_005,20,0,2,False,0.0,0.0,22.891045482089233,22.890697135044256,5.0,0.0,0.0,0.0,10.0,0.5,-22.891045482089233,-22.891045482089233,0.0,0.0,22.891045482089233,22.891045482089233,0.0,429.850706227578,2522.4688522311762,214.925353113789,Prosumer
2023-02-08 21:00:00,user_005,21,0,2,False,0.0,0.0,24.770958368134806,24.7715389465431,5.0,0.0,0.0,0.0,10.0,0.5,-24.770958368134806,-24.770958368134806,0.0,0.0,24.770958368134806,24.770958368134806,0.0,429.850706227578,2547.240391177719,214.925353113789,Prosumer
2023-02-08 22:00:00,user_005,22,0,2,False,0.0,0.0,17.367422505610666,17.36777085265564,5.0,0.0,0.0,0.0,10.0,0.5,-17.367422505610666,-17.367422505610666,0.0,0.0,17.367422505610666,17.367422505610666,0.0,429.850706227578,2564.608162030375,214.925353113789,Prosumer
2023-02-08 23:00:00,user_005,23,0,2,False,0.0,0.0,14.350737096131725,14.350504864768409,5.0,0.0,0.0,0.0,10.0,0.5,-14.350737096131725,-14.350737096131725,0.0,0.0,14.350737096131725,14.350737096131725,0.0,429.850706227578,2578.9586668951433,214.925353113789,Prosumer
2023-02-09 00:00:00,user_005,0,0,3,False,0.0,0.0,8.564692679105722,8.564460447742405,5.0,0.0,0.0,0.0,10.0,0.5,-8.564692679105722,-8.564692679105722,0.0,0.0,8.564692679105722,8.564692679105722,0.0,429.850706227578,2587.523127342886,214.925353113789,Prosumer
2023-02-09 01:00:00,user_005,1,0,3,False,0.0,0.0,7.433725939755264,7.4340742868002385,5.0,0.0,0.0,0.0,10.0,0.5,-7.433725939755264,-7.433725939755264,0.0,0.0,7.433725939755264,7.433725939755264,0.0,429.850706227578,2594.957201629686,214.925353113789,Prosumer
2023-02-09 02:00:00,user_005,2,0,3,False,0.0,0.0,7.042416092567272,7.042299976885613,5.0,0.0,0.0,0.0,10.0,0.5,-7.042416092567272,-7.042416092567272,0.0,0.0,7.042416092567272,7.042416092567272,0.0,429.850706227578,2601.999501606572,214.925353113789,Prosumer
2023-02-09 03:00:00,user_005,3,0,3,False,0.0,0.0,7.286259024049404,7.286375139731062,5.0,0.0,0.0,0.0,10.0,0.5,-7.286259024049404,-7.286259024049404,0.0,0.0,7.286259024049404,7.286259024049404,0.0,429.850706227578,2609.285876746303,214.925353113789,Prosumer
2023-02-09 04:00:00,user_005,4,0,3,False,0.0,0.0,7.181754910557061,7.181638794875403,5.0,0.0,0.0,0.0,10.0,0.5,-7.181754910557061,-7.181754910557061,0.0,0.0,7.181754910557061,7.181754910557061,0.0,429.850706227578,2616.4675155411783,214.925353113789,Prosumer
2023-02-09 05:00:00,user_005,5,0,3,False,0.0,0.0,8.305754709008028,8.305754709008028,5.0,0.0,0.0,0.0,10.0,0.5,-8.305754709008028,-8.305754709008028,0.0,0.0,8.305754709008028,8.305754709008028,0.0,429.850706227578,2624.773270250186,214.925353113789,Prosumer
2023-02-09 06:00:00,user_005,6,0,3,False,0.0,0.0,6.838052492848914,6.838052492848914,5.0,0.0,0.0,0.0,10.0,0.5,-6.838052492848914,-6.838052492848914,0.0,0.0,6.838052492848914,6.838052492848914,0.0,429.850706227578,2631.611322743035,214.925353113789,Prosumer
2023-02-09 07:00:00,user_005,7,0,3,False,0.4531209369531179,0.45354146682500013,7.321093728546851,7.321558191273483,5.0,0.0,0.0,0.0,10.0,0.5,-6.867972791593733,-6.867972791593733,0.0,0.0,6.867972791593733,6.867972791593733,0.22677073341250006,430.304247694403,2638.9328809343087,215.1521238472015,Prosumer
2023-02-09 08:00:00,user_005,8,0,3,False,6.331077221187184,6.331392618591095,13.77364215829068,13.773177695564048,5.0,0.0,0.0,0.0,10.0,0.5,-7.442564937103497,-7.442564937103497,0.0,0.0,7.442564937103497,7.442564937103497,3.1656963092955475,436.6356403129941,2652.7060586298726,218.31782015649705,Prosumer
2023-02-09 09:00:00,user_005,9,0,3,False,10.4007550563276,10.400860188795571,14.276423059870504,14.27607471282553,5.0,0.0,0.0,0.0,10.0,0.5,-3.875668003542904,-3.875668003542904,0.0,0.0,3.875668003542904,3.875668003542904,5.2004300943977855,447.03650050178965,2666.982133342698,223.51825025089482,Prosumer
2023-02-09 10:00:00,user_005,10,0,3,False,14.571360060719753,14.571780590591636,17.634488573424427,17.634140226379454,5.0,0.0,0.0,0.0,10.0,0.5,-3.063128512704674,-3.063128512704674,0.0,0.0,3.063128512704674,3.063128512704674,7.285890295295818,461.6082810923813,2684.6162735690773,230.80414054619064,Prosumer
2023-02-09 11:00:00,user_005,11,0,3,False,16.575184900238646,16.574974635302706,16.908765563060943,16.908417216015966,5.0,1.204,0.0,-1.204,34.08,1.704,-1.537580662822296,-1.537580662822296,0.0,0.0,1.537580662822296,1.537580662822296,8.287487317651353,478.18325572768396,2701.5246907850933,239.09162786384198,Prosumer
2023-02-09 12:00:00,user_005,12,0,3,False,14.60605377515004,14.605738377746126,14.080187557868216,14.079955326504901,5.0,1.767,0.0,-1.767,69.42,3.471,-1.2411337827181765,-1.2411337827181765,0.0,0.0,1.2411337827181765,1.2411337827181765,7.302869188873063,492.7889941054301,2715.6046461115984,246.39449705271505,Prosumer
2023-02-09 13:00:00,user_005,13,0,3,False,16.09262687225377,16.09283713718971,18.23945127486343,18.23945127486343,5.0,0.0,0.401,0.401,61.41,3.07,-1.7458244026096599,-1.7458244026096599,0.0,0.0,1.7458244026096599,1.7458244026096599,8.046418568594856,508.8818312426198,2733.8440973864617,254.4409156213099,Prosumer
2023-02-09 14:00:00,user_005,14,0,3,False,12.381450752892967,12.38166101782891,16.301480547988778,16.301480547988778,5.0,0.0,2.262,2.262,16.17,0.808,-1.658029795095811,-1.658029795095811,0.0,0.0,1.658029795095811,1.658029795095811,6.190830508914455,521.2634922604487,2750.1455779344506,260.63174613022437,Prosumer
2023-02-09 15:00:00,user_005,15,0,3,False,6.42990174107951,6.429481211207628,15.129873320057964,15.130337782784597,5.0,0.0,0.308,0.308,10.0,0.5,-8.391971578978454,-8.391971578978454,0.0,0.0,8.391971578978454,8.391971578978454,3.214740605603814,527.6929734716564,2765.275915717235,263.8464867358282,Prosumer
2023-02-09 16:00:00,user_005,16,0,3,False,2.778651128461927,2.778230598590045,15.420162524203358,15.420510871248334,5.0,0.0,0.0,0.0,10.0,0.5,-12.64151139574143,-12.64151139574143,0.0,0.0,12.64151139574143,12.64151139574143,1.3891152992950224,530.4712040702465,2780.6964265884835,265.23560203512324,Prosumer
2023-02-09 17:00:00,user_005,17,0,3,False,0.0,0.0,15.566468283092638,15.566003820366005,5.0,0.0,0.0,0.0,10.0,0.5,-15.566468283092638,-15.566468283092638,0.0,0.0,15.566468283092638,15.566468283092638,0.0,530.4712040702465,2796.2624304088495,265.23560203512324,Prosumer
2023-02-09 18:00:00,user_005,18,0,3,False,0.0,0.0,36.81912149698526,36.81888926562195,5.0,0.0,0.0,0.0,10.0,0.5,-36.81912149698526,-36.81912149698526,0.0,0.0,36.81912149698526,36.81912149698526,0.0,530.4712040702465,2833.0813196744716,265.23560203512324,Prosumer
2023-02-09 19:00:00,user_005,19,0,3,False,0.0,0.0,30.361928439975106,30.36181232429345,5.0,0.0,0.0,0.0,10.0,0.5,-30.361928439975106,-30.361928439975106,0.0,0.0,30.361928439975106,30.361928439975106,0.0,530.4712040702465,2863.4431319987652,265.23560203512324,Prosumer
2023-02-09 20:00:00,user_005,20,0,3,False,0.0,0.0,24.217086566625397,24.21662210389876,5.0,0.0,0.0,0.0,10.0,0.5,-24.217086566625397,-24.217086566625397,0.0,0.0,24.217086566625397,24.217086566625397,0.0,530.4712040702465,2887.659754102664,265.23560203512324,Prosumer
2023-02-09 21:00:00,user_005,21,0,3,False,0.0,0.0,21.026227634659218,21.026227634659218,5.0,0.0,0.0,0.0,10.0,0.5,-21.026227634659218,-21.026227634659218,0.0,0.0,21.026227634659218,21.026227634659218,0.0,530.4712040702465,2908.6859817373233,265.23560203512324,Prosumer
2023-02-09 22:00:00,user_005,22,0,3,False,0.0,0.0,14.304290823468463,14.304871401876753,5.0,0.0,0.0,0.0,10.0,0.5,-14.304290823468463,-14.304290823468463,0.0,0.0,14.304290823468463,14.304290823468463,0.0,530.4712040702465,2922.9908531392,265.23560203512324,Prosumer
2023-02-09 23:00:00,user_005,23,0,3,False,0.0,0.0,13.025857168412145,13.026321631138778,5.0,0.0,0.0,0.0,10.0,0.5,-13.025857168412145,-13.025857168412145,0.0,0.0,13.025857168412145,13.025857168412145,0.0,530.4712040702465,2936.017174770339,265.23560203512324,Prosumer
2023-02-10 00:00:00,user_005,0,0,4,False,0.0,0.0,8.6668744789649,8.666990594646558,5.0,0.0,0.0,0.0,10.0,0.5,-8.6668744789649,-8.6668744789649,0.0,0.0,8.6668744789649,8.6668744789649,0.0,530.4712040702465,2944.6841653649853,265.23560203512324,Prosumer
2023-02-10 01:00:00,user_005,1,0,4,False,0.0,0.0,6.930945038175441,6.930596691130466,5.0,0.0,0.0,0.0,10.0,0.5,-6.930945038175441,-6.930945038175441,0.0,0.0,6.930945038175441,6.930945038175441,0.0,530.4712040702465,2951.614762056116,265.23560203512324,Prosumer
2023-02-10 02:00:00,user_005,2,0,4,False,0.0,0.0,6.597693031816528,6.598157494543161,5.0,0.0,0.0,0.0,10.0,0.5,-6.597693031816528,-6.597693031816528,0.0,0.0,6.597693031816528,6.597693031816528,0.0,530.4712040702465,2958.212919550659,265.23560203512324,Prosumer
2023-02-10 03:00:00,user_005,3,0,4,False,0.0,0.0,8.471800133779196,8.471567902415877,5.0,0.0,0.0,0.0,10.0,0.5,-8.471800133779196,-8.471800133779196,0.0,0.0,8.471800133779196,8.471800133779196,0.0,530.4712040702465,2966.684487453075,265.23560203512324,Prosumer
2023-02-10 04:00:00,user_005,4,0,4,False,0.0,0.0,6.933267351808603,6.933383467490262,5.0,0.0,0.0,0.0,10.0,0.5,-6.933267351808603,-6.933267351808603,0.0,0.0,6.933267351808603,6.933267351808603,0.0,530.4712040702465,2973.617870920565,265.23560203512324,Prosumer
2023-02-10 05:00:00,user_005,5,0,4,False,0.0,0.0,7.599771364526429,7.600235827253062,5.0,0.0,0.0,0.0,10.0,0.5,-7.599771364526429,-7.599771364526429,0.0,0.0,7.599771364526429,7.599771364526429,0.0,530.4712040702465,2981.218106747818,265.23560203512324,Prosumer
2023-02-10 06:00:00,user_005,6,0,4,False,0.0,0.0,7.621833344041479,7.621833344041479,5.0,0.0,0.0,0.0,10.0,0.5,-7.621833344041479,-7.621833344041479,0.0,0.0,7.621833344041479,7.621833344041479,0.0,530.4712040702465,2988.8399400918597,265.23560203512324,Prosumer
2023-02-10 07:00:00,user_005,7,0,4,False,0.5645613530019126,0.5645613530019126,7.84361429600856,7.843265948963586,5.0,0.0,0.0,0.0,10.0,0.5,-7.279052943006648,-7.279052943006648,0.0,0.0,7.279052943006648,7.279052943006648,0.2822806765009563,531.0357654232483,2996.6832060408233,265.51788271162417,Prosumer
2023-02-10 08:00:00,user_005,8,0,4,False,6.3174100003510105,6.317830530222893,13.67726614251441,13.677730605241043,5.0,0.0,0.0,0.0,10.0,0.5,-7.3598561421634,-7.3598561421634,0.0,0.0,7.3598561421634,7.3598561421634,3.1589152651114465,537.3535959534712,3010.360936646064,268.6767979767356,Prosumer
2023-02-10 09:00:00,user_005,9,0,4,False,11.723321503397257,11.723111238461316,17.822595977710645,17.82201539930235,5.0,0.0,0.0,0.0,10.0,0.5,-6.099274474313388,-6.099274474313388,0.0,0.0,6.099274474313388,6.099274474313388,5.861555619230658,549.0767071919325,3028.1829520453666,274.53835359596627,Prosumer
2023-02-10 10:00:00,user_005,10,0,4,False,12.336243791665627,12.33666432153751,15.14845182912327,15.14845182912327,5.0,0.0,0.0,0.0,10.0,0.5,-2.8122080374576424,-2.8122080374576424,0.0,0.0,2.8122080374576424,2.8122080374576424,6.168332160768755,561.41337151347,3043.3314038744898,280.706685756735,Prosumer
2023-02-10 11:00:00,user_005,11,0,4,False,14.602899801110922,14.603215198514834,14.036063598838117,14.035947483156459,5.0,1.802,0.0,-1.802,46.05,2.302,-1.235163797727195,-1.235163797727195,0.0,0.0,1.235163797727195,1.235163797727195,7.301607599257417,576.0165867119848,3057.3673513576464,288.0082933559924,Prosumer
2023-02-10 12:00:00,user_005,12,0,4,False,14.587129930915339,14.587024798447368,12.624096909874918,12.624329141238235,5.0,2.448,0.0,-2.448,95.0,4.75,-0.48496697895957963,-0.48496697895957963,0.0,0.0,0.48496697895957963,0.48496697895957963,7.293512399223684,590.6036115104322,3069.9916804988848,295.3018057552161,Prosumer
2023-02-10 13:00:00,user_005,13,0,4,False,15.855027494640304,15.854606964768422,15.520022010429374,15.52025424179269,5.0,0.0,0.0,0.0,95.0,4.75,0.3350054842109298,0.3350054842109298,0.3350054842109298,0.3350054842109298,0.0,0.0,7.927303482384211,606.4582184752006,3085.5119347406776,303.2291092376003,Prosumer
2023-02-10 14:00:00,user_005,14,0,4,False,11.53092908701113,11.53092908701113,13.65636531981594,13.656133088452625,5.0,0.0,0.793,0.793,79.14,3.957,-1.3324362328048105,-1.3324362328048105,0.0,0.0,1.3324362328048105,1.3324362328048105,5.765464543505565,617.9891475622118,3099.16806782913,308.9945737811059,Prosumer
2023-02-10 15:00:00,user_005,15,0,4,False,1.504445616658728,1.504445616658728,17.48934397135173,17.48957620271505,5.0,0.0,3.457,3.457,10.0,0.5,-12.527898354693,-12.527898354693,0.0,0.0,12.527898354693,12.527898354693,0.752222808329364,619.4935931788705,3116.657644031845,309.74679658943523,Prosumer
2023-02-10 16:00:00,user_005,16,0,4,False,0.16400665003407516,0.1636912526301635,16.490749109091574,16.49028464636494,5.0,0.0,0.0,0.0,10.0,0.5,-16.3267424590575,-16.3267424590575,0.0,0.0,16.3267424590575,16.3267424590575,0.08184562631508174,619.6572844315007,3133.14792867821,309.82864221575034,Prosumer
2023-02-10 17:00:00,user_005,17,0,4,False,0.0,0.0,14.31822470526744,14.318456936630758,5.0,0.0,0.0,0.0,10.0,0.5,-14.31822470526744,-14.31822470526744,0.0,0.0,14.31822470526744,14.31822470526744,0.0,619.6572844315007,3147.466385614841,309.82864221575034,Prosumer
2023-02-10 18:00:00,user_005,18,0,4,False,0.0,0.0,27.621598352842582,27.621946699887555,5.0,0.0,0.0,0.0,10.0,0.5,-27.621598352842582,-27.621598352842582,0.0,0.0,27.621598352842582,27.621598352842582,0.0,619.6572844315007,3175.0883323147286,309.82864221575034,Prosumer
2023-02-10 19:00:00,user_005,19,0,4,False,0.0,0.0,26.19918125253015,26.19906513684849,5.0,0.0,0.0,0.0,10.0,0.5,-26.19918125253015,-26.19918125253015,0.0,0.0,26.19918125253015,26.19918125253015,0.0,619.6572844315007,3201.287397451577,309.82864221575034,Prosumer
2023-02-10 20:00:00,user_005,20,0,4,False,0.0,0.0,26.87613567659721,26.876251792278868,5.0,0.0,0.0,0.0,10.0,0.5,-26.87613567659721,-26.87613567659721,0.0,0.0,26.87613567659721,26.87613567659721,0.0,619.6572844315007,3228.1636492438556,309.82864221575034,Prosumer
2023-02-10 21:00:00,user_005,21,0,4,False,0.0,0.0,18.5123231267601,18.512787589486734,5.0,0.0,0.0,0.0,10.0,0.5,-18.5123231267601,-18.5123231267601,0.0,0.0,18.5123231267601,18.5123231267601,0.0,619.6572844315007,3246.6764368333424,309.82864221575034,Prosumer
2023-02-10 22:00:00,user_005,22,0,4,False,0.0,0.0,15.797538489592371,15.797770720955688,5.0,0.0,0.0,0.0,10.0,0.5,-15.797538489592371,-15.797538489592371,0.0,0.0,15.797538489592371,15.797538489592371,0.0,619.6572844315007,3262.474207554298,309.82864221575034,Prosumer
2023-02-10 23:00:00,user_005,23,0,4,False,0.0,0.0,14.192819769076632,14.19223919066834,5.0,0.0,0.0,0.0,10.0,0.5,-14.192819769076632,-14.192819769076632,0.0,0.0,14.192819769076632,14.192819769076632,0.0,619.6572844315007,3276.6664467449664,309.82864221575034,Prosumer
2023-02-11 00:00:00,user_005,0,0,5,True,0.0,0.0,6.437453391128269,6.437221159764953,5.0,0.0,0.0,0.0,10.0,0.5,-6.437453391128269,-6.437453391128269,0.0,0.0,6.437453391128269,6.437453391128269,0.0,619.6572844315007,3283.1036679047315,309.82864221575034,Prosumer
2023-02-11 01:00:00,user_005,1,0,5,True,0.0,0.0,4.998780095383694,4.998315632657062,5.0,0.0,0.0,0.0,10.0,0.5,-4.998780095383694,-4.998780095383694,0.0,0.0,4.998780095383694,4.998780095383694,0.0,619.6572844315007,3288.1019835373886,309.82864221575034,Prosumer
2023-02-11 02:00:00,user_005,2,0,5,True,0.0,0.0,5.947445214530844,5.947096867485869,5.0,0.0,0.0,0.0,10.0,0.5,-5.947445214530844,-5.947445214530844,0.0,0.0,5.947445214530844,5.947445214530844,0.0,619.6572844315007,3294.0490804048745,309.82864221575034,Prosumer
2023-02-11 03:00:00,user_005,3,0,5,True,0.0,0.0,6.20986665507828,6.209634423714965,5.0,0.0,0.0,0.0,10.0,0.5,-6.20986665507828,-6.20986665507828,0.0,0.0,6.20986665507828,6.20986665507828,0.0,619.6572844315007,3300.2587148285893,309.82864221575034,Prosumer
2023-02-11 04:00:00,user_005,4,0,5,True,0.0,0.0,6.417713725246383,6.418178187973015,5.0,0.0,0.0,0.0,10.0,0.5,-6.417713725246383,-6.417713725246383,0.0,0.0,6.417713725246383,6.417713725246383,0.0,619.6572844315007,3306.676893016562,309.82864221575034,Prosumer
2023-02-11 05:00:00,user_005,5,0,5,True,0.0,0.0,5.791850201108913,5.792314663835545,5.0,0.0,0.0,0.0,10.0,0.5,-5.791850201108913,-5.791850201108913,0.0,0.0,5.791850201108913,5.791850201108913,0.0,619.6572844315007,3312.4692076803976,309.82864221575034,Prosumer
2023-02-11 06:00:00,user_005,6,0,5,True,0.0,0.0,6.411907941163475,6.412488519571766,5.0,0.0,0.0,0.0,10.0,0.5,-6.411907941163475,-6.411907941163475,0.0,0.0,6.411907941163475,6.411907941163475,0.0,619.6572844315007,3318.8816961999696,309.82864221575034,Prosumer
2023-02-11 07:00:00,user_005,7,0,5,True,0.5719206257598518,0.5718154932918813,5.7001188125989675,5.699654349872334,5.0,0.0,0.0,0.0,10.0,0.5,-5.128198186839116,-5.128198186839116,0.0,0.0,5.128198186839116,5.128198186839116,0.28590774664594065,620.2290999247925,3324.5813505498418,310.11454996239627,Prosumer
2023-02-11 08:00:00,user_005,8,0,5,True,5.401706204327424,5.401495939391483,12.617129968975428,12.616897737612113,5.0,0.0,0.0,0.0,10.0,0.5,-7.215423764648004,-7.215423764648004,0.0,0.0,7.215423764648004,7.215423764648004,2.7007479696957417,625.630595864184,3337.1982482874537,312.815297932092,Prosumer
2023-02-11 09:00:00,user_005,9,0,5,True,11.137733656801231,11.13752339186529,11.299216982155338,11.298752519428707,5.0,0.863,0.0,-0.863,27.26,1.363,-1.0244833253541068,-1.0244833253541068,0.0,0.0,1.0244833253541068,1.0244833253541068,5.568761695932645,636.7681192560493,3348.497000806882,318.38405962802466,Prosumer
2023-02-11 10:00:00,user_005,10,0,5,True,13.906922863145809,13.906397200805955,14.178885887277652,14.178421424551019,5.0,1.017,0.0,-1.017,47.6,2.38,-1.2889630241318426,-1.2889630241318426,0.0,0.0,1.2889630241318426,1.2889630241318426,6.9531986004029775,650.6745164568553,3362.675422231433,325.33725822842763,Prosumer
2023-02-11 11:00:00,user_005,11,0,5,True,13.857510603199644,13.857300338263704,14.135923085064132,14.135806969382475,5.0,1.007,0.0,-1.007,67.74,3.387,-1.2854124818644872,-1.2854124818644872,0.0,0.0,1.2854124818644872,1.2854124818644872,6.928650169131852,664.531816795119,3376.8112292008154,332.2659083975595,Prosumer
2023-02-11 12:00:00,user_005,12,0,5,True,16.183040794708454,16.183356192112367,13.099010047856785,13.099010047856785,5.0,1.363,0.0,-1.363,95.0,4.75,1.7210307468516688,1.7210307468516688,1.7210307468516688,1.7210307468516688,0.0,0.0,8.091678096056183,680.7151729872313,3389.910239248672,340.35758649361566,Prosumer
2023-02-11 13:00:00,user_005,13,0,5,True,12.683180935968478,12.683180935968478,12.422055623789724,12.422055623789724,5.0,0.0,0.0,0.0,95.0,4.75,0.2611253121787538,0.2611253121787538,0.2611253121787538,0.2611253121787538,0.0,0.0,6.341590467984239,693.3983539231998,3402.3322948724617,346.6991769615999,Prosumer
2023-02-11 14:00:00,user_005,14,0,5,True,11.213429033740036,11.213639298675977,14.872096506776854,14.872444853821827,5.0,0.0,2.142,2.142,52.16,2.608,-1.5166674730368181,-1.5166674730368181,0.0,0.0,1.5166674730368181,1.5166674730368181,5.6068196493379885,704.6119932218758,3417.2047397262836,352.3059966109379,Prosumer
2023-02-11 15:00:00,user_005,15,0,5,True,8.65450476333658,8.655030425676435,16.440819365978566,16.441051597341882,5.0,0.0,2.108,2.108,10.0,0.5,-5.678314602641985,-5.678314602641985,0.0,0.0,5.678314602641985,5.678314602641985,4.327515212838217,713.2670236475522,3433.6457913236254,356.6335118237761,Prosumer
2023-02-11 16:00:00,user_005,16,0,5,True,3.7279973142360925,3.7284178441079754,13.326596783906773,13.326248436861798,5.0,0.0,0.0,0.0,10.0,0.5,-9.598599469670681,-9.598599469670681,0.0,0.0,9.598599469670681,9.598599469670681,1.8642089220539877,716.9954414916601,3446.9720397604874,358.49772074583007,Prosumer
2023-02-11 17:00:00,user_005,17,0,5,True,0.00105132467970561,0.001156457147676171,12.099254028780045,12.099602375825018,5.0,0.0,0.0,0.0,10.0,0.5,-12.09820270410034,-12.09820270410034,0.0,0.0,12.09820270410034,12.09820270410034,0.0005782285738380855,716.9965979488078,3459.071642136312,358.4982989744039,Prosumer
2023-02-11 18:00:00,user_005,18,0,5,True,0.0,0.0,27.57399092336274,27.57387480768108,5.0,0.0,0.0,0.0,10.0,0.5,-27.57399092336274,-27.57399092336274,0.0,0.0,27.57399092336274,27.57399092336274,0.0,716.9965979488078,3486.6455169439932,358.4982989744039,Prosumer
2023-02-11 19:00:00,user_005,19,0,5,True,0.0,0.0,27.40794549859157,27.407829382909913,5.0,0.0,0.0,0.0,10.0,0.5,-27.40794549859157,-27.40794549859157,0.0,0.0,27.40794549859157,27.40794549859157,0.0,716.9965979488078,3514.053346326903,358.4982989744039,Prosumer
2023-02-11 20:00:00,user_005,20,0,5,True,0.0,0.0,25.923987087000317,25.92433543404529,5.0,0.0,0.0,0.0,10.0,0.5,-25.923987087000317,-25.923987087000317,0.0,0.0,25.923987087000317,25.923987087000317,0.0,716.9965979488078,3539.977681760948,358.4982989744039,Prosumer
2023-02-11 21:00:00,user_005,21,0,5,True,0.0,0.0,18.722492510561366,18.722028047834733,5.0,0.0,0.0,0.0,10.0,0.5,-18.722492510561366,-18.722492510561366,0.0,0.0,18.722492510561366,18.722492510561366,0.0,716.9965979488078,3558.6997098087827,358.4982989744039,Prosumer
2023-02-11 22:00:00,user_005,22,0,5,True,0.0,0.0,13.72139010154451,13.720925638817876,5.0,0.0,0.0,0.0,10.0,0.5,-13.72139010154451,-13.72139010154451,0.0,0.0,13.72139010154451,13.72139010154451,0.0,716.9965979488078,3572.4206354476005,358.4982989744039,Prosumer
2023-02-11 23:00:00,user_005,23,0,5,True,0.0,0.0,12.009844953903263,12.010309416629896,5.0,0.0,0.0,0.0,10.0,0.5,-12.009844953903263,-12.009844953903263,0.0,0.0,12.009844953903263,12.009844953903263,0.0,716.9965979488078,3584.4309448642302,358.4982989744039,Prosumer
2023-02-12 00:00:00,user_005,0,0,6,True,0.0,0.0,5.942800587264518,5.942452240219543,5.0,0.0,0.0,0.0,10.0,0.5,-5.942800587264518,-5.942800587264518,0.0,0.0,5.942800587264518,5.942800587264518,0.0,716.9965979488078,3590.37339710445,358.4982989744039,Prosumer
2023-02-12 01:00:00,user_005,1,0,6,True,0.0,0.0,5.420280019802807,5.420512251166123,5.0,0.0,0.0,0.0,10.0,0.5,-5.420280019802807,-5.420280019802807,0.0,0.0,5.420280019802807,5.420280019802807,0.0,716.9965979488078,3595.793909355616,358.4982989744039,Prosumer
2023-02-12 02:00:00,user_005,2,0,6,True,0.0,0.0,5.794172514742075,5.794056399060417,5.0,0.0,0.0,0.0,10.0,0.5,-5.794172514742075,-5.794172514742075,0.0,0.0,5.794172514742075,5.794172514742075,0.0,716.9965979488078,3601.5879657546766,358.4982989744039,Prosumer
2023-02-12 03:00:00,user_005,3,0,6,True,0.0,0.0,5.364544492606892,5.3648928396518665,5.0,0.0,0.0,0.0,10.0,0.5,-5.364544492606892,-5.364544492606892,0.0,0.0,5.364544492606892,5.364544492606892,0.0,716.9965979488078,3606.9528585943285,358.4982989744039,Prosumer
2023-02-12 04:00:00,user_005,4,0,6,True,0.0,0.0,6.092589816603541,6.092589816603541,5.0,0.0,0.0,0.0,10.0,0.5,-6.092589816603541,-6.092589816603541,0.0,0.0,6.092589816603541,6.092589816603541,0.0,716.9965979488078,3613.045448410932,358.4982989744039,Prosumer
2023-02-12 05:00:00,user_005,5,0,6,True,0.0,0.0,6.013631153075994,6.0138633844393095,5.0,0.0,0.0,0.0,10.0,0.5,-6.013631153075994,-6.013631153075994,0.0,0.0,6.013631153075994,6.013631153075994,0.0,716.9965979488078,3619.0593117953713,358.4982989744039,Prosumer
2023-02-12 06:00:00,user_005,6,0,6,True,0.0,0.0,6.352688943517815,6.352805059199472,5.0,0.0,0.0,0.0,10.0,0.5,-6.352688943517815,-6.352688943517815,0.0,0.0,6.352688943517815,6.352688943517815,0.0,716.9965979488078,3625.4121168545707,358.4982989744039,Prosumer
2023-02-12 07:00:00,user_005,7,0,6,True,0.6854636911680577,0.685148293764146,6.328304650369602,6.327840187642969,5.0,0.0,0.0,0.0,10.0,0.5,-5.6428409592015445,-5.6428409592015445,0.0,0.0,5.6428409592015445,5.6428409592015445,0.342574146882073,717.681746242572,3631.7399570422135,358.840873121286,Prosumer
2023-02-12 08:00:00,user_005,8,0,6,True,5.615125114307663,5.615650776647516,12.546299403163951,12.546531634527268,5.0,0.0,0.0,0.0,10.0,0.5,-6.931174288856289,-6.931174288856289,0.0,0.0,6.931174288856289,6.931174288856289,2.807825388323758,723.2973970192195,3644.2864886767406,361.64869850960974,Prosumer
2023-02-12 09:00:00,user_005,9,0,6,True,9.751036404269533,9.751456934141414,13.018890227512655,13.019470805920946,5.0,0.0,0.0,0.0,10.0,0.5,-3.2678538232431222,-3.2678538232431222,0.0,0.0,3.2678538232431222,3.2678538232431222,4.875728467070707,733.0488539533609,3657.305959482662,366.52442697668045,Prosumer
2023-02-12 10:00:00,user_005,10,0,6,True,14.062518915742238,14.062203518338327,15.474736894582692,15.474736894582692,5.0,0.049,0.0,-0.049,10.98,0.549,-1.461217978840454,-1.461217978840454,0.0,0.0,1.461217978840454,1.461217978840454,7.031101759169164,747.1110574716993,3672.7806963772446,373.55552873584963,Prosumer
2023-02-12 11:00:00,user_005,11,0,6,True,15.119100218846377,15.118784821442464,12.797109275545575,12.796644812818942,5.0,3.36,0.0,-3.36,78.18,3.909,-1.0380090566991975,-1.0380090566991975,0.0,0.0,1.0380090566991975,1.0380090566991975,7.559392410721232,762.2298422931417,3685.5773411900636,381.11492114657085,Prosumer
2023-02-12 12:00:00,user_005,12,0,6,True,15.517552272454802,15.517972802326685,14.459885836890393,14.460466415298685,5.0,0.841,0.0,-0.841,95.0,4.75,0.2166664355644088,0.2166664355644088,0.2166664355644088,0.2166664355644088,0.0,0.0,7.758986401163343,777.7478150954684,3700.037807605362,388.8739075477342,Prosumer
2023-02-12 13:00:00,user_005,13,0,6,True,12.962833300770171,12.962412770898288,16.92269944485992,16.923280023268212,5.0,0.0,2.245,2.245,50.1,2.505,-1.714866144089748,-1.714866144089748,0.0,0.0,1.714866144089748,1.714866144089748,6.481206385449144,790.7102278663666,3716.96108762863,395.3551139331833,Prosumer
2023-02-12 14:00:00,user_005,14,0,6,True,9.59859432571222,9.598909723116131,13.694683494763135,13.694683494763135,5.0,0.0,2.005,2.005,10.0,0.5,-2.091089169050915,-2.091089169050915,0.0,0.0,2.091089169050915,2.091089169050915,4.799454861558066,800.3091375894827,3730.655771123393,400.15456879474135,Prosumer
2023-02-12 15:00:00,user_005,15,0,6,True,9.011955154436487,9.01237568430837,12.76575804149787,12.765409694452897,5.0,0.0,0.0,0.0,10.0,0.5,-3.753802887061383,-3.753802887061383,0.0,0.0,3.753802887061383,3.753802887061383,4.506187842154185,809.3215132737911,3743.421180817846,404.66075663689554,Prosumer
2023-02-12 16:00:00,user_005,16,0,6,True,3.7973847430966634,3.7977001405005746,15.117100595075566,15.117216710757225,5.0,0.0,0.0,0.0,10.0,0.5,-11.319715851978902,-11.319715851978902,0.0,0.0,11.319715851978902,11.319715851978902,1.8988500702502873,813.1192134142916,3758.538397528603,406.5596067071458,Prosumer
2023-02-12 17:00:00,user_005,17,0,6,True,0.0,0.0,14.853517997711549,14.853634113393205,5.0,0.0,0.0,0.0,10.0,0.5,-14.853517997711549,-14.853517997711549,0.0,0.0,14.853517997711549,14.853517997711549,0.0,813.1192134142916,3773.3920316419963,406.5596067071458,Prosumer
2023-02-12 18:00:00,user_005,18,0,6,True,0.0,0.0,24.0719419645527,24.072174195916016,5.0,0.0,0.0,0.0,10.0,0.5,-24.0719419645527,-24.0719419645527,0.0,0.0,24.0719419645527,24.0719419645527,0.0,813.1192134142916,3797.4642058379122,406.5596067071458,Prosumer
2023-02-12 19:00:00,user_005,19,0,6,True,0.0,0.0,24.927714538373323,24.92783065405498,5.0,0.0,0.0,0.0,10.0,0.5,-24.927714538373323,-24.927714538373323,0.0,0.0,24.927714538373323,24.927714538373323,0.0,813.1192134142916,3822.3920364919672,406.5596067071458,Prosumer
2023-02-12 20:00:00,user_005,20,0,6,True,0.0,0.0,20.094979867760795,20.095212099124108,5.0,0.0,0.0,0.0,10.0,0.5,-20.094979867760795,-20.094979867760795,0.0,0.0,20.094979867760795,20.094979867760795,0.0,813.1192134142916,3842.4872485910914,406.5596067071458,Prosumer
2023-02-12 21:00:00,user_005,21,0,6,True,0.0,0.0,21.734533292773982,21.7347655241373,5.0,0.0,0.0,0.0,10.0,0.5,-21.734533292773982,-21.734533292773982,0.0,0.0,21.734533292773982,21.734533292773982,0.0,813.1192134142916,3864.222014115229,406.5596067071458,Prosumer
2023-02-12 22:00:00,user_005,22,0,6,True,0.0,0.0,13.08043153879148,13.079967076064845,5.0,0.0,0.0,0.0,10.0,0.5,-13.08043153879148,-13.08043153879148,0.0,0.0,13.08043153879148,13.08043153879148,0.0,813.1192134142916,3877.3019811912936,406.5596067071458,Prosumer
2023-02-12 23:00:00,user_005,23,0,6,True,0.0,0.0,13.671460358431501,13.671112011386526,5.0,0.0,0.0,0.0,10.0,0.5,-13.671460358431501,-13.671460358431501,0.0,0.0,13.671460358431501,13.671460358431501,0.0,813.1192134142916,3890.97309320268,406.5596067071458,Prosumer
2023-02-13 00:00:00,user_005,0,0,0,False,0.0,0.0,7.6485399508228555,7.647959372414565,5.0,0.0,0.0,0.0,10.0,0.5,-7.6485399508228555,-7.6485399508228555,0.0,0.0,7.6485399508228555,7.6485399508228555,0.0,813.1192134142916,3898.621052575095,406.5596067071458,Prosumer
2023-02-13 01:00:00,user_005,1,0,0,False,0.0,0.0,7.2479408491022115,7.247360270693921,5.0,0.0,0.0,0.0,10.0,0.5,-7.2479408491022115,-7.2479408491022115,0.0,0.0,7.2479408491022115,7.2479408491022115,0.0,813.1192134142916,3905.868412845789,406.5596067071458,Prosumer
2023-02-13 02:00:00,user_005,2,0,0,False,0.0,0.0,7.897027509571314,7.896795278207997,5.0,0.0,0.0,0.0,10.0,0.5,-7.897027509571314,-7.897027509571314,0.0,0.0,7.897027509571314,7.897027509571314,0.0,813.1192134142916,3913.765208123997,406.5596067071458,Prosumer
2023-02-13 03:00:00,user_005,3,0,0,False,0.0,0.0,6.943717763157839,6.9436016474761795,5.0,0.0,0.0,0.0,10.0,0.5,-6.943717763157839,-6.943717763157839,0.0,0.0,6.943717763157839,6.943717763157839,0.0,813.1192134142916,3920.708809771473,406.5596067071458,Prosumer
2023-02-13 04:00:00,user_005,4,0,0,False,0.0,0.0,7.376829255742766,7.376597024379451,5.0,0.0,0.0,0.0,10.0,0.5,-7.376829255742766,-7.376829255742766,0.0,0.0,7.376829255742766,7.376829255742766,0.0,813.1192134142916,3928.0854067958526,406.5596067071458,Prosumer
2023-02-13 05:00:00,user_005,5,0,0,False,0.0,0.0,6.710325243024941,6.710905821433231,5.0,0.0,0.0,0.0,10.0,0.5,-6.710325243024941,-6.710325243024941,0.0,0.0,6.710325243024941,6.710325243024941,0.0,813.1192134142916,3934.796312617286,406.5596067071458,Prosumer
2023-02-13 06:00:00,user_005,6,0,0,False,0.0,0.0,8.848014942351625,8.848479405078258,5.0,0.0,0.0,0.0,10.0,0.5,-8.848014942351625,-8.848014942351625,0.0,0.0,8.848014942351625,8.848014942351625,0.0,813.1192134142916,3943.644792022364,406.5596067071458,Prosumer
2023-02-13 07:00:00,user_005,7,0,0,False,0.8189819254906702,0.8186665280867584,7.108602031112421,7.10871814679408,5.0,0.0,0.0,0.0,10.0,0.5,-6.2896201056217516,-6.2896201056217516,0.0,0.0,6.2896201056217516,6.2896201056217516,0.4093332640433792,813.9378799423783,3950.7535101691583,406.9689399711892,Prosumer
2023-02-13 08:00:00,user_005,8,0,0,False,6.320563974390127,6.320879371794039,16.196976434496435,16.19639585608814,5.0,0.0,0.0,0.0,10.0,0.5,-9.876412460106309,-9.876412460106309,0.0,0.0,9.876412460106309,9.876412460106309,3.1604396858970194,820.2587593141724,3966.9499060252465,410.1293796570862,Prosumer
2023-02-13 09:00:00,user_005,9,0,0,False,10.19259276974589,10.192277372341977,0.5469048606099233,0.547369323336556,5.0,4.0,0.0,-4.0,90.0,4.5,5.645687909135967,5.645687909135967,5.645687909135967,5.645687909135967,0.0,0.0,5.096138686170988,830.4510366865144,3967.497275348583,415.2255183432572,Prosumer
2023-02-13 10:00:00,user_005,10,0,0,False,13.596782082632654,13.596466685228743,0.03947933176377366,0.039595447445431815,5.0,0.25,0.0,-0.25,95.0,4.75,13.30730275086888,13.30730275086888,13.30730275086888,13.30730275086888,0.0,0.0,6.798233342614371,844.0475033717431,3967.5368707960283,422.02375168587156,Prosumer
2023-02-13 11:00:00,user_005,11,0,0,False,15.663686402933882,15.663581270465912,0.03947933176377366,0.039711563127089976,5.0,0.0,0.0,0.0,95.0,4.75,15.624207071170108,15.624207071170108,15.624207071170108,15.624207071170108,0.0,0.0,7.831790635232956,859.711084642209,3967.5765823591555,429.8555423211045,Prosumer
2023-02-13 12:00:00,user_005,12,0,0,False,16.390151756610457,16.390151756610457,0.038318174947192085,0.03866652199216656,5.0,0.0,0.0,0.0,95.0,4.75,16.351833581663264,16.351833581663264,16.351833581663264,16.351833581663264,0.0,0.0,8.195075878305229,876.1012363988194,3967.6152488811476,438.0506181994097,Prosumer
2023-02-13 13:00:00,user_005,13,0,0,False,16.436410042517505,16.436620307453445,0.04064048858035524,0.040176025853722604,5.0,0.0,0.0,0.0,95.0,4.75,16.39576955393715,16.39576955393715,16.39576955393715,16.39576955393715,0.0,0.0,8.218310153726723,892.5378567062729,3967.6554249070014,446.26892835313646,Prosumer
2023-02-13 14:00:00,user_005,14,0,0,False,11.828453971367816,11.8288745012397,0.038318174947192085,0.03866652199216656,5.0,0.0,0.0,0.0,95.0,4.75,11.790135796420625,11.790135796420625,11.790135796420625,11.790135796420625,0.0,0.0,5.91443725061985,904.3667312075127,3967.6940914289935,452.18336560375633,Prosumer
2023-02-13 15:00:00,user_005,15,0,0,False,8.451599100153398,8.451809365089339,0.038318174947192085,0.03866652199216656,5.0,0.0,0.0,0.0,95.0,4.75,8.413280925206207,8.413280925206207,8.413280925206207,8.413280925206207,0.0,0.0,4.2259046825446696,912.818540572602,3967.7327579509856,456.409270286301,Prosumer
2023-02-13 16:00:00,user_005,16,0,0,False,3.967699341208972,3.9681198710808543,2.9655945095493506,2.9654783938676927,5.0,0.0,0.0,0.0,95.0,4.75,1.0021048316596213,1.0021048316596213,1.0021048316596213,1.0021048316596213,0.0,0.0,1.9840599355404271,916.7866604436829,3970.6982363448533,458.39333022184144,Prosumer
2023-02-13 17:00:00,user_005,17,0,0,False,0.0,0.0,9.598122245863326,9.598238361544983,5.0,0.0,4.0,4.0,15.0,0.75,-5.598122245863326,-5.598122245863326,0.0,0.0,5.598122245863326,5.598122245863326,0.0,916.7866604436829,3980.2964747063984,458.39333022184144,Prosumer
2023-02-13 18:00:00,user_005,18,0,0,False,0.0,0.0,34.47590704112364,34.47579092544198,5.0,0.0,0.25,0.25,10.0,0.5,-34.22590704112364,-34.22590704112364,0.0,0.0,34.22590704112364,34.22590704112364,0.0,916.7866604436829,4014.7722656318406,458.39333022184144,Prosumer
2023-02-13 19:00:00,user_005,19,0,0,False,0.0,0.0,24.855722815745263,24.85583893142692,5.0,0.0,0.0,0.0,10.0,0.5,-24.855722815745263,-24.855722815745263,0.0,0.0,24.855722815745263,24.855722815745263,0.0,916.7866604436829,4039.6281045632677,458.39333022184144,Prosumer
2023-02-13 20:00:00,user_005,20,0,0,False,0.0,0.0,26.36871014775106,26.368361800706086,5.0,0.0,0.0,0.0,10.0,0.5,-26.36871014775106,-26.36871014775106,0.0,0.0,26.36871014775106,26.36871014775106,0.0,916.7866604436829,4065.996466363974,458.39333022184144,Prosumer
2023-02-13 21:00:00,user_005,21,0,0,False,0.0,0.0,20.143748454057217,20.144212916783854,5.0,0.0,0.0,0.0,10.0,0.5,-20.143748454057217,-20.143748454057217,0.0,0.0,20.143748454057217,20.143748454057217,0.0,916.7866604436829,4086.140679280758,458.39333022184144,Prosumer
2023-02-13 22:00:00,user_005,22,0,0,False,0.0,0.0,12.319873823930545,12.32022217097552,5.0,0.0,0.0,0.0,10.0,0.5,-12.319873823930545,-12.319873823930545,0.0,0.0,12.319873823930545,12.319873823930545,0.0,916.7866604436829,4098.460901451734,458.39333022184144,Prosumer
2023-02-13 23:00:00,user_005,23,0,0,False,0.0,0.0,15.35513774247479,15.35513774247479,5.0,0.0,0.0,0.0,10.0,0.5,-15.35513774247479,-15.35513774247479,0.0,0.0,15.35513774247479,15.35513774247479,0.0,916.7866604436829,4113.816039194208,458.39333022184144,Prosumer
2023-02-14 00:00:00,user_005,0,0,1,False,0.0,0.0,7.719370516634331,7.718789938226041,5.0,0.0,0.0,0.0,10.0,0.5,-7.719370516634331,-7.719370516634331,0.0,0.0,7.719370516634331,7.719370516634331,0.0,916.7866604436829,4121.534829132434,458.39333022184144,Prosumer
2023-02-14 01:00:00,user_005,1,0,1,False,0.0,0.0,6.3259823367364385,6.3264467994630715,5.0,0.0,0.0,0.0,10.0,0.5,-6.3259823367364385,-6.3259823367364385,0.0,0.0,6.3259823367364385,6.3259823367364385,0.0,916.7866604436829,4127.861275931898,458.39333022184144,Prosumer
2023-02-14 02:00:00,user_005,2,0,1,False,0.0,0.0,8.470638976962613,8.470522861280955,5.0,0.0,0.0,0.0,10.0,0.5,-8.470638976962613,-8.470638976962613,0.0,0.0,8.470638976962613,8.470638976962613,0.0,916.7866604436829,4136.331798793179,458.39333022184144,Prosumer
2023-02-14 03:00:00,user_005,3,0,1,False,0.0,0.0,8.205895222782013,8.205546875737038,5.0,0.0,0.0,0.0,10.0,0.5,-8.205895222782013,-8.205895222782013,0.0,0.0,8.205895222782013,8.205895222782013,0.0,916.7866604436829,4144.537345668916,458.39333022184144,Prosumer
2023-02-14 04:00:00,user_005,4,0,1,False,0.0,0.0,7.863353961890448,7.863237846208789,5.0,0.0,0.0,0.0,10.0,0.5,-7.863353961890448,-7.863353961890448,0.0,0.0,7.863353961890448,7.863353961890448,0.0,916.7866604436829,4152.400583515125,458.39333022184144,Prosumer
2023-02-14 05:00:00,user_005,5,0,1,False,0.0,0.0,8.580948874537862,8.581064990219522,5.0,0.0,0.0,0.0,10.0,0.5,-8.580948874537862,-8.580948874537862,0.0,0.0,8.580948874537862,8.580948874537862,0.0,916.7866604436829,4160.981648505344,458.39333022184144,Prosumer
2023-02-14 06:00:00,user_005,6,0,1,False,0.0,0.0,8.551919954123324,8.551687722760008,5.0,0.0,0.0,0.0,10.0,0.5,-8.551919954123324,-8.551919954123324,0.0,0.0,8.551919954123324,8.551919954123324,0.0,916.7866604436829,4169.533336228104,458.39333022184144,Prosumer
2023-02-14 07:00:00,user_005,7,0,1,False,0.8789074322338899,0.8791176971698311,7.311804474014198,7.311804474014198,5.0,0.0,0.0,0.0,10.0,0.5,-6.432897041780308,-6.432897041780308,0.0,0.0,6.432897041780308,6.432897041780308,0.43955884858491556,917.6657781408527,4176.845140702118,458.83288907042635,Prosumer
2023-02-14 08:00:00,user_005,8,0,1,False,6.649628599137983,6.649838864073923,15.074137792862048,15.073789445817074,5.0,0.0,0.0,0.0,10.0,0.5,-8.424509193724067,-8.424509193724067,0.0,0.0,8.424509193724067,8.424509193724067,3.3249194320369617,924.3156170049266,4191.9189301479355,462.1578085024633,Prosumer
2023-02-14 09:00:00,user_005,9,0,1,False,10.95585448721216,10.956275017084044,17.725058805117794,17.725058805117794,5.0,0.0,0.0,0.0,10.0,0.5,-6.769204317905633,-6.769204317905633,0.0,0.0,6.769204317905633,6.769204317905633,5.478137508542022,935.2718920220107,4209.643988953053,467.63594601100533,Prosumer
2023-02-14 10:00:00,user_005,10,0,1,False,15.4797045839854,15.480125113857282,13.887435526315677,13.88778387336065,5.0,2.764,0.0,-2.764,65.28,3.264,-1.1717309423302766,-1.1717309423302766,0.0,0.0,1.1717309423302766,1.1717309423302766,7.740062556928641,950.752017135868,4223.5317728264135,475.376008567934,Prosumer
2023-02-14 11:00:00,user_005,11,0,1,False,15.710996013520635,15.710890881052663,16.196976434496435,16.197324781541408,5.0,0.995,0.0,-0.995,85.18,4.259,-1.4809804209757997,-1.4809804209757997,0.0,0.0,1.4809804209757997,1.4809804209757997,7.855445440526331,966.4629080169207,4239.729097607955,483.23145400846033,Prosumer
2023-02-14 12:00:00,user_005,12,0,1,False,14.997146556000526,14.996726026128643,13.087398479690968,13.087862942417601,5.0,0.491,0.0,-0.491,95.0,4.75,1.4187480763095581,1.4187480763095581,1.4187480763095581,1.4187480763095581,0.0,0.0,7.4983630130643215,981.4596340430493,4252.816960550373,490.72981702152464,Prosumer
2023-02-14 13:00:00,user_005,13,0,1,False,16.111550716488473,16.11123531908456,17.927100091202988,17.9273323225663,5.0,0.0,0.114,0.114,92.71,4.636,-1.7015493747145143,-1.7015493747145143,0.0,0.0,1.7015493747145143,1.7015493747145143,8.05561765954228,997.5708693621339,4270.744292872939,498.78543468106693,Prosumer
2023-02-14 14:00:00,user_005,14,0,1,False,11.39951350204793,11.399303237111988,15.307530312994945,15.307530312994945,5.0,0.0,2.34,2.34,45.91,2.295,-1.5680168109470163,-1.5680168109470163,0.0,0.0,1.5680168109470163,1.5680168109470163,5.699651618555994,1008.9701725992459,4286.051823185934,504.48508629962294,Prosumer
2023-02-14 15:00:00,user_005,15,0,1,False,7.25624293932812,7.256032674392179,13.708617376562112,13.70815291383548,5.0,0.0,1.795,1.795,10.0,0.5,-4.657374437233992,-4.657374437233992,0.0,0.0,4.657374437233992,4.657374437233992,3.6280163371960894,1016.226205273638,4299.75997609977,508.113102636819,Prosumer
2023-02-14 16:00:00,user_005,16,0,1,False,3.926697678700453,3.9270130761043647,15.67097239658498,15.671204627948295,5.0,0.0,0.0,0.0,10.0,0.5,-11.744274717884528,-11.744274717884528,0.0,0.0,11.744274717884528,11.744274717884528,1.9635065380521823,1020.1532183497424,4315.431180727718,510.0766091748712,Prosumer
2023-02-14 17:00:00,user_005,17,0,1,False,0.105132467970561,0.10523760043853154,15.531633578595189,15.531981925640165,5.0,0.0,0.0,0.0,10.0,0.5,-15.426501110624628,-15.426501110624628,0.0,0.0,15.426501110624628,15.426501110624628,0.05261880021926577,1020.2584559501809,4330.963162653358,510.12922797509043,Prosumer
2023-02-14 18:00:00,user_005,18,0,1,False,0.0,0.0,29.449259182141983,29.449259182141983,5.0,0.0,0.0,0.0,10.0,0.5,-29.449259182141983,-29.449259182141983,0.0,0.0,29.449259182141983,29.449259182141983,0.0,1020.2584559501809,4360.4124218355,510.12922797509043,Prosumer
2023-02-14 19:00:00,user_005,19,0,1,False,0.0,0.0,30.141308644824605,30.140844182097975,5.0,0.0,0.0,0.0,10.0,0.5,-30.141308644824605,-30.141308644824605,0.0,0.0,30.141308644824605,30.141308644824605,0.0,1020.2584559501809,4390.553266017598,510.12922797509043,Prosumer
2023-02-14 20:00:00,user_005,20,0,1,False,0.0,0.0,24.467896439007013,24.467431976280384,5.0,0.0,0.0,0.0,10.0,0.5,-24.467896439007013,-24.467896439007013,0.0,0.0,24.467896439007013,24.467896439007013,0.0,1020.2584559501809,4415.0206979938785,510.12922797509043,Prosumer
2023-02-14 21:00:00,user_005,21,0,1,False,0.0,0.0,19.02671559650574,19.027063943550715,5.0,0.0,0.0,0.0,10.0,0.5,-19.02671559650574,-19.02671559650574,0.0,0.0,19.02671559650574,19.02671559650574,0.0,1020.2584559501809,4434.047761937429,510.12922797509043,Prosumer
2023-02-14 22:00:00,user_005,22,0,1,False,0.0,0.0,14.126633830531482,14.126866061894797,5.0,0.0,0.0,0.0,10.0,0.5,-14.126633830531482,-14.126633830531482,0.0,0.0,14.126633830531482,14.126633830531482,0.0,1020.2584559501809,4448.174627999323,510.12922797509043,Prosumer
2023-02-14 23:00:00,user_005,23,0,1,False,0.0,0.0,17.2327283148872,17.233192777613834,5.0,0.0,0.0,0.0,10.0,0.5,-17.2327283148872,-17.2327283148872,0.0,0.0,17.2327283148872,17.2327283148872,0.0,1020.2584559501809,4465.407820776937,510.12922797509043,Prosumer
2023-02-15 00:00:00,user_005,0,0,2,False,0.0,0.0,7.856387020990958,7.856503136672616,5.0,0.0,0.0,0.0,10.0,0.5,-7.856387020990958,-7.856387020990958,0.0,0.0,7.856387020990958,7.856387020990958,0.0,1020.2584559501809,4473.26432391361,510.12922797509043,Prosumer
2023-02-15 01:00:00,user_005,1,0,2,False,0.0,0.0,6.343399688985162,6.343399688985162,5.0,0.0,0.0,0.0,10.0,0.5,-6.343399688985162,-6.343399688985162,0.0,0.0,6.343399688985162,6.343399688985162,0.0,1020.2584559501809,4479.607723602595,510.12922797509043,Prosumer
2023-02-15 02:00:00,user_005,2,0,2,False,0.0,0.0,7.207300360521856,7.206719782113566,5.0,0.0,0.0,0.0,10.0,0.5,-7.207300360521856,-7.207300360521856,0.0,0.0,7.207300360521856,7.207300360521856,0.0,1020.2584559501809,4486.814443384708,510.12922797509043,Prosumer
2023-02-15 03:00:00,user_005,3,0,2,False,0.0,0.0,7.799490336978461,7.799490336978461,5.0,0.0,0.0,0.0,10.0,0.5,-7.799490336978461,-7.799490336978461,0.0,0.0,7.799490336978461,7.799490336978461,0.0,1020.2584559501809,4494.613933721686,510.12922797509043,Prosumer
2023-02-15 04:00:00,user_005,4,0,2,False,0.0,0.0,6.8937880200448305,6.893439672999856,5.0,0.0,0.0,0.0,10.0,0.5,-6.8937880200448305,-6.8937880200448305,0.0,0.0,6.8937880200448305,6.8937880200448305,0.0,1020.2584559501809,4501.5073733946865,510.12922797509043,Prosumer
2023-02-15 05:00:00,user_005,5,0,2,False,0.0,0.0,7.487139153318017,7.487255268999674,5.0,0.0,0.0,0.0,10.0,0.5,-7.487139153318017,-7.487139153318017,0.0,0.0,7.487139153318017,7.487139153318017,0.0,1020.2584559501809,4508.994628663686,510.12922797509043,Prosumer
2023-02-15 06:00:00,user_005,6,0,2,False,0.0,0.0,7.235168124119814,7.235748702528104,5.0,0.0,0.0,0.0,10.0,0.5,-7.235168124119814,-7.235168124119814,0.0,0.0,7.235168124119814,7.235168124119814,0.0,1020.2584559501809,4516.230377366214,510.12922797509043,Prosumer
2023-02-15 07:00:00,user_005,7,0,2,False,1.0902236928547173,1.0906442227265998,7.580031698644542,7.580147814326201,5.0,0.0,0.0,0.0,10.0,0.5,-6.489808005789825,-6.489808005789825,0.0,0.0,6.489808005789825,6.489808005789825,0.5453221113632999,1021.3491001729075,4523.81052518054,510.67455008645373,Prosumer
2023-02-15 08:00:00,user_005,8,0,2,False,6.476160026986557,6.47668568932641,16.46636481594336,16.466597047306678,5.0,0.0,0.0,0.0,10.0,0.5,-9.990204788956804,-9.990204788956804,0.0,0.0,9.990204788956804,9.990204788956804,3.238342844663205,1027.825785862234,4540.277122227847,513.912892931117,Prosumer
2023-02-15 09:00:00,user_005,9,0,2,False,11.305945605554129,11.305419943214277,17.330265487480055,17.330149371798395,5.0,0.0,0.0,0.0,10.0,0.5,-6.024319881925926,-6.024319881925926,0.0,0.0,6.024319881925926,6.024319881925926,5.6527099716071385,1039.1312058054482,4557.607271599645,519.5656029027241,Prosumer
2023-02-15 10:00:00,user_005,10,0,2,False,13.917436109942864,13.917751507346777,16.430368954629333,16.430136723266017,5.0,0.0,0.0,0.0,10.0,0.5,-2.5129328446864694,-2.5129328446864694,0.0,0.0,2.5129328446864694,2.5129328446864694,6.9588757536733885,1053.048957312795,4574.037408322911,526.5244786563975,Prosumer
2023-02-15 11:00:00,user_005,11,0,2,False,13.006988937317805,13.007094069785776,14.635220516194211,14.635104400512553,5.0,0.0,0.0,0.0,10.0,0.5,-1.628231578876406,-1.628231578876406,0.0,0.0,1.628231578876406,1.628231578876406,6.503547034892888,1066.0560513825808,4588.672512723423,533.0280256912904,Prosumer
2023-02-15 12:00:00,user_005,12,0,2,False,14.741674658832062,14.742095188703944,13.593662851720538,13.593314504675561,5.0,2.316,0.0,-2.316,56.31,2.816,-1.1679881928884752,-1.1679881928884752,0.0,0.0,1.1679881928884752,1.1679881928884752,7.371047594351972,1080.7981465712846,4602.265827228099,540.3990732856423,Prosumer
2023-02-15 13:00:00,user_005,13,0,2,False,11.428950593079685,11.428530063207804,14.344931312048816,14.344466849322185,5.0,0.0,1.483,1.483,26.65,1.333,-1.4329807189691306,-1.4329807189691306,0.0,0.0,1.4329807189691306,1.4329807189691306,5.714265031603902,1092.2266766344924,4616.610294077421,546.1133383172462,Prosumer
2023-02-15 14:00:00,user_005,14,0,2,False,7.930142059019416,7.929721529147534,13.609919047152678,13.61038350987931,5.0,0.0,0.833,0.833,10.0,0.5,-4.846776988133262,-4.846776988133262,0.0,0.0,4.846776988133262,4.846776988133262,3.964860764573767,1100.15639816364,4630.2206775873,550.07819908182,Prosumer
2023-02-15 15:00:00,user_005,15,0,2,False,5.9378817909772845,5.937461261105402,14.688633729756965,14.688633729756965,5.0,0.0,0.0,0.0,10.0,0.5,-8.75075193877968,-8.75075193877968,0.0,0.0,8.75075193877968,8.75075193877968,2.968730630552701,1106.0938594247455,4644.9093113170575,553.0469297123727,Prosumer
2023-02-15 16:00:00,user_005,16,0,2,False,2.714520322999885,2.7147305879358257,16.543001165837744,16.542420587429454,5.0,0.0,0.0,0.0,10.0,0.5,-13.828480842837859,-13.828480842837859,0.0,0.0,13.828480842837859,13.828480842837859,1.3573652939679128,1108.8085900126812,4661.451731904487,554.4042950063406,Prosumer
2023-02-15 17:00:00,user_005,17,0,2,False,0.054668883344691714,0.05519454568454452,16.710207747425493,16.7096271690172,5.0,0.0,0.0,0.0,10.0,0.5,-16.6555388640808,-16.6555388640808,0.0,0.0,16.6555388640808,16.6555388640808,0.02759727284227226,1108.8637845583658,4678.161359073504,554.4318922791829,Prosumer
2023-02-15 18:00:00,user_005,18,0,2,False,0.0,0.0,29.306436893702454,29.306320778020794,5.0,0.0,0.0,0.0,10.0,0.5,-29.306436893702454,-29.306436893702454,0.0,0.0,29.306436893702454,29.306436893702454,0.0,1108.8637845583658,4707.467679851525,554.4318922791829,Prosumer
2023-02-15 19:00:00,user_005,19,0,2,False,0.0,0.0,26.37103246138422,26.371496924110858,5.0,0.0,0.0,0.0,10.0,0.5,-26.37103246138422,-26.37103246138422,0.0,0.0,26.37103246138422,26.37103246138422,0.0,1108.8637845583658,4733.839176775636,554.4318922791829,Prosumer
2023-02-15 20:00:00,user_005,20,0,2,False,0.0,0.0,24.482991477622576,24.483223708985893,5.0,0.0,0.0,0.0,10.0,0.5,-24.482991477622576,-24.482991477622576,0.0,0.0,24.482991477622576,24.482991477622576,0.0,1108.8637845583658,4758.3224004846215,554.4318922791829,Prosumer
2023-02-15 21:00:00,user_005,21,0,2,False,0.0,0.0,20.473516989966388,20.47386533701136,5.0,0.0,0.0,0.0,10.0,0.5,-20.473516989966388,-20.473516989966388,0.0,0.0,20.473516989966388,20.473516989966388,0.0,1108.8637845583658,4778.796265821633,554.4318922791829,Prosumer
2023-02-15 22:00:00,user_005,22,0,2,False,0.0,0.0,16.405984661481117,16.40644912420775,5.0,0.0,0.0,0.0,10.0,0.5,-16.405984661481117,-16.405984661481117,0.0,0.0,16.405984661481117,16.405984661481117,0.0,1108.8637845583658,4795.202714945841,554.4318922791829,Prosumer
2023-02-15 23:00:00,user_005,23,0,2,False,0.0,0.0,16.764782117804828,16.764317655078194,5.0,0.0,0.0,0.0,10.0,0.5,-16.764782117804828,-16.764782117804828,0.0,0.0,16.764782117804828,16.764782117804828,0.0,1108.8637845583658,4811.967032600919,554.4318922791829,Prosumer
2023-02-16 00:00:00,user_005,0,0,3,False,0.0,0.0,8.064234091159062,8.064698553885693,5.0,0.0,0.0,0.0,10.0,0.5,-8.064234091159062,-8.064234091159062,0.0,0.0,8.064234091159062,8.064234091159062,0.0,1108.8637845583658,4820.031731154805,554.4318922791829,Prosumer
2023-02-16 01:00:00,user_005,1,0,3,False,0.0,0.0,7.7147258893680055,7.714261426641373,5.0,0.0,0.0,0.0,10.0,0.5,-7.7147258893680055,-7.7147258893680055,0.0,0.0,7.7147258893680055,7.7147258893680055,0.0,1108.8637845583658,4827.745992581446,554.4318922791829,Prosumer
2023-02-16 02:00:00,user_005,2,0,3,False,0.0,0.0,7.106279717479259,7.106395833160916,5.0,0.0,0.0,0.0,10.0,0.5,-7.106279717479259,-7.106279717479259,0.0,0.0,7.106279717479259,7.106279717479259,0.0,1108.8637845583658,4834.852388414607,554.4318922791829,Prosumer
2023-02-16 03:00:00,user_005,3,0,3,False,0.0,0.0,7.758849848398106,7.758269269989815,5.0,0.0,0.0,0.0,10.0,0.5,-7.758849848398106,-7.758849848398106,0.0,0.0,7.758849848398106,7.758849848398106,0.0,1108.8637845583658,4842.610657684597,554.4318922791829,Prosumer
2023-02-16 04:00:00,user_005,4,0,3,False,0.0,0.0,7.08537889478079,7.08537889478079,5.0,0.0,0.0,0.0,10.0,0.5,-7.08537889478079,-7.08537889478079,0.0,0.0,7.08537889478079,7.08537889478079,0.0,1108.8637845583658,4849.6960365793775,554.4318922791829,Prosumer
2023-02-16 05:00:00,user_005,5,0,3,False,0.0,0.0,9.054700855703146,9.05516531842978,5.0,0.0,0.0,0.0,10.0,0.5,-9.054700855703146,-9.054700855703146,0.0,0.0,9.054700855703146,9.054700855703146,0.0,1108.8637845583658,4858.751201897808,554.4318922791829,Prosumer
2023-02-16 06:00:00,user_005,6,0,3,False,0.0,0.0,8.557725738206232,8.557609622524573,5.0,0.0,0.0,0.0,10.0,0.5,-8.557725738206232,-8.557725738206232,0.0,0.0,8.557725738206232,8.557725738206232,0.0,1108.8637845583658,4867.308811520333,554.4318922791829,Prosumer
2023-02-16 07:00:00,user_005,7,0,3,False,2.1299838010835654,2.1299838010835654,7.498750721483832,7.498634605802175,5.0,0.0,0.0,0.0,10.0,0.5,-5.368766920400267,-5.368766920400267,0.0,0.0,5.368766920400267,5.368766920400267,1.0649919005417827,1110.9937683594494,4874.807446126135,555.4968841797247,Prosumer
2023-02-16 08:00:00,user_005,8,0,3,False,8.346466632182837,8.346676897118778,18.611021456169535,18.610905340487875,5.0,0.0,0.0,0.0,10.0,0.5,-10.264554823986698,-10.264554823986698,0.0,0.0,10.264554823986698,10.264554823986698,4.173338448559389,1119.3404452565683,4893.418351466623,559.6702226282841,Prosumer
2023-02-16 09:00:00,user_005,9,0,3,False,8.380109021933418,8.380003889465447,18.680690865164433,18.680458633801116,5.0,0.0,0.0,0.0,10.0,0.5,-10.300581843231015,-10.300581843231015,0.0,0.0,10.300581843231015,10.300581843231015,4.190001944732724,1127.7204491460336,4912.098810100424,563.8602245730168,Prosumer
2023-02-16 10:00:00,user_005,10,0,3,False,6.878817379313806,6.879343041653659,14.127794987348063,14.128027218711377,5.0,0.0,0.0,0.0,10.0,0.5,-7.248977608034257,-7.248977608034257,0.0,0.0,7.248977608034257,7.248977608034257,3.4396715208268294,1134.5997921876872,4926.2268373191355,567.2998960938436,Prosumer
2023-02-16 11:00:00,user_005,11,0,3,False,7.985862267043813,7.986177664447725,13.46477444507998,13.464426098035007,5.0,0.0,0.0,0.0,10.0,0.5,-5.478912178036167,-5.478912178036167,0.0,0.0,5.478912178036167,5.478912178036167,3.9930888322238625,1142.585969852135,4939.69126341717,571.2929849260674,Prosumer
2023-02-16 12:00:00,user_005,12,0,3,False,9.414612506763737,9.414717639231707,13.37420421338662,13.373971982023301,5.0,0.0,0.0,0.0,10.0,0.5,-3.9595917066228825,-3.9595917066228825,0.0,0.0,3.9595917066228825,3.9595917066228825,4.707358819615854,1152.0006874913665,4953.065235399194,576.0003437456833,Prosumer
2023-02-16 13:00:00,user_005,13,0,3,False,10.156847730635898,10.15716312803981,17.29891425343235,17.298682022069038,5.0,0.0,0.0,0.0,10.0,0.5,-7.142066522796453,-7.142066522796453,0.0,0.0,7.142066522796453,7.142066522796453,5.078581564019905,1162.1578506194064,4970.363917421263,581.0789253097032,Prosumer
2023-02-16 14:00:00,user_005,14,0,3,False,3.1571280131559467,3.157022880687976,15.056720440613326,15.056836556294984,5.0,0.0,0.0,0.0,10.0,0.5,-11.899592427457378,-11.899592427457378,0.0,0.0,11.899592427457378,11.899592427457378,1.578511440343988,1165.3148735000943,4985.420753977558,582.6574367500472,Prosumer
2023-02-16 15:00:00,user_005,15,0,3,False,4.193734147345678,4.1933136174737955,15.8335343509064,15.833766582269718,5.0,0.0,0.0,0.0,10.0,0.5,-11.639800203560721,-11.639800203560721,0.0,0.0,11.639800203560721,11.639800203560721,2.0966568087368977,1169.5081871175682,5001.254520559828,584.7540935587841,Prosumer
2023-02-16 16:00:00,user_005,16,0,3,False,1.6200913314263448,1.6206169937661978,14.889513859025579,14.889513859025579,5.0,0.0,0.0,0.0,10.0,0.5,-13.269422527599234,-13.269422527599234,0.0,0.0,13.269422527599234,13.269422527599234,0.8103084968830989,1171.1288041113344,5016.144034418854,585.5644020556672,Prosumer
2023-02-16 17:00:00,user_005,17,0,3,False,0.01787251955499537,0.018293049426877612,18.79100076273968,18.79100076273968,5.0,0.0,0.0,0.0,10.0,0.5,-18.773128243184686,-18.773128243184686,0.0,0.0,18.773128243184686,18.773128243184686,0.009146524713438806,1171.1470971607612,5034.935035181594,585.5735485803806,Prosumer
2023-02-16 18:00:00,user_005,18,0,3,False,0.0,0.0,27.50199920073468,27.502579779142973,5.0,0.0,0.0,0.0,10.0,0.5,-27.50199920073468,-27.50199920073468,0.0,0.0,27.50199920073468,27.50199920073468,0.0,1171.1470971607612,5062.437614960737,585.5735485803806,Prosumer
2023-02-16 19:00:00,user_005,19,0,3,False,0.0,0.0,25.091437649511324,25.09166988087464,5.0,0.0,0.0,0.0,10.0,0.5,-25.091437649511324,-25.091437649511324,0.0,0.0,25.091437649511324,25.091437649511324,0.0,1171.1470971607612,5087.529284841612,585.5735485803806,Prosumer
2023-02-16 20:00:00,user_005,20,0,3,False,0.0,0.0,28.22423874064842,28.224703203375057,5.0,0.0,0.0,0.0,10.0,0.5,-28.22423874064842,-28.22423874064842,0.0,0.0,28.22423874064842,28.22423874064842,0.0,1171.1470971607612,5115.753988044987,585.5735485803806,Prosumer
2023-02-16 21:00:00,user_005,21,0,3,False,0.0,0.0,23.089603297724686,23.089835529088,5.0,0.0,0.0,0.0,10.0,0.5,-23.089603297724686,-23.089603297724686,0.0,0.0,23.089603297724686,23.089603297724686,0.0,1171.1470971607612,5138.843823574075,585.5735485803806,Prosumer
2023-02-16 22:00:00,user_005,22,0,3,False,0.0,0.0,15.193736944969952,15.193853060651609,5.0,0.0,0.0,0.0,10.0,0.5,-15.193736944969952,-15.193736944969952,0.0,0.0,15.193736944969952,15.193736944969952,0.0,1171.1470971607612,5154.037676634726,585.5735485803806,Prosumer
2023-02-16 23:00:00,user_005,23,0,3,False,0.0,0.0,15.077621263311793,15.077621263311793,5.0,0.0,0.0,0.0,10.0,0.5,-15.077621263311793,-15.077621263311793,0.0,0.0,15.077621263311793,15.077621263311793,0.0,1171.1470971607612,5169.115297898038,585.5735485803806,Prosumer
2023-02-17 00:00:00,user_005,0,0,4,False,0.0,0.0,7.569581287295309,7.569232940250334,5.0,0.0,0.0,0.0,10.0,0.5,-7.569581287295309,-7.569581287295309,0.0,0.0,7.569581287295309,7.569581287295309,0.0,1171.1470971607612,5176.684530838288,585.5735485803806,Prosumer
2023-02-17 01:00:00,user_005,1,0,4,False,0.0,0.0,7.227040026403743,7.226807795040426,5.0,0.0,0.0,0.0,10.0,0.5,-7.227040026403743,-7.227040026403743,0.0,0.0,7.227040026403743,7.227040026403743,0.0,1171.1470971607612,5183.911338633328,585.5735485803806,Prosumer
2023-02-17 02:00:00,user_005,2,0,4,False,0.0,0.0,7.7263374575338215,7.7263374575338215,5.0,0.0,0.0,0.0,10.0,0.5,-7.7263374575338215,-7.7263374575338215,0.0,0.0,7.7263374575338215,7.7263374575338215,0.0,1171.1470971607612,5191.637676090862,585.5735485803806,Prosumer
2023-02-17 03:00:00,user_005,3,0,4,False,0.0,0.0,8.273242318143744,8.273358433825402,5.0,0.0,0.0,0.0,10.0,0.5,-8.273242318143744,-8.273242318143744,0.0,0.0,8.273242318143744,8.273242318143744,0.0,1171.1470971607612,5199.911034524688,585.5735485803806,Prosumer
2023-02-17 04:00:00,user_005,4,0,4,False,0.0,0.0,8.441610056548074,8.441610056548074,5.0,0.0,0.0,0.0,10.0,0.5,-8.441610056548074,-8.441610056548074,0.0,0.0,8.441610056548074,8.441610056548074,0.0,1171.1470971607612,5208.352644581236,585.5735485803806,Prosumer
2023-02-17 05:00:00,user_005,5,0,4,False,0.0,0.0,7.175949126474153,7.176065242155812,5.0,0.0,0.0,0.0,10.0,0.5,-7.175949126474153,-7.175949126474153,0.0,0.0,7.175949126474153,7.175949126474153,0.0,1171.1470971607612,5215.528709823392,585.5735485803806,Prosumer
2023-02-17 06:00:00,user_005,6,0,4,False,0.0,0.0,8.569337306372047,8.568988959327072,5.0,0.0,0.0,0.0,10.0,0.5,-8.569337306372047,-8.569337306372047,0.0,0.0,8.569337306372047,8.569337306372047,0.0,1171.1470971607612,5224.097698782719,585.5735485803806,Prosumer
2023-02-17 07:00:00,user_005,7,0,4,False,1.1900995374267505,1.1903098023626917,8.672680263047807,8.672680263047807,5.0,0.0,0.0,0.0,10.0,0.5,-7.482580725621057,-7.482580725621057,0.0,0.0,7.482580725621057,7.482580725621057,0.5951549011813458,1172.3374069631238,5232.770379045766,586.1687034815619,Prosumer
2023-02-17 08:00:00,user_005,8,0,4,False,6.9166650677832076,6.917190730123061,16.356054918368113,16.356519381094742,5.0,0.0,0.0,0.0,10.0,0.5,-9.439389850584906,-9.439389850584906,0.0,0.0,9.439389850584906,9.439389850584906,3.4585953650615306,1179.254597693247,5249.126898426861,589.6272988466235,Prosumer
2023-02-17 09:00:00,user_005,9,0,4,False,12.94601210589488,12.946432635766762,0.038318174947192085,0.03866652199216656,5.0,4.0,0.0,-4.0,90.0,4.5,8.907693930947689,8.907693930947689,8.907693930947689,8.907693930947689,0.0,0.0,6.473216317883381,1192.2010303290137,5249.165564948853,596.1005151645069,Prosumer
2023-02-17 10:00:00,user_005,10,0,4,False,14.796343542176754,14.796133277240813,0.04064048858035524,0.040176025853722604,5.0,0.25,0.0,-0.25,95.0,4.75,14.505703053596399,14.505703053596399,14.505703053596399,14.505703053596399,0.0,0.0,7.398066638620406,1206.9971636062546,5249.205740974707,603.4985818031273,Prosumer
2023-02-17 11:00:00,user_005,11,0,4,False,16.49318157522161,16.493496972625522,0.038318174947192085,0.03866652199216656,5.0,0.0,0.0,0.0,95.0,4.75,16.454863400274416,16.454863400274416,16.454863400274416,16.454863400274416,0.0,0.0,8.246748486312761,1223.4906605788801,5249.244407496699,611.7453302894401,Prosumer
2023-02-17 12:00:00,user_005,12,0,4,False,15.377726090053958,15.377410692650045,0.038318174947192085,0.03866652199216656,5.0,0.0,0.0,0.0,95.0,4.75,15.339407915106767,15.339407915106767,15.339407915106767,15.339407915106767,0.0,0.0,7.688705346325023,1238.8680712715302,5249.283074018691,619.4340356357651,Prosumer
2023-02-17 13:00:00,user_005,13,0,4,False,16.962072382370312,16.9617569849664,3.049197800343224,3.048965568979908,5.0,0.0,0.0,0.0,95.0,4.75,13.912874582027088,13.912874582027088,13.912874582027088,13.912874582027088,0.0,0.0,8.4808784924832,1255.8298282564965,5252.332039587671,627.9149141282483,Prosumer
2023-02-17 14:00:00,user_005,14,0,4,False,12.161723894834495,12.161934159770436,15.488670776381673,15.488670776381673,5.0,0.0,1.771,1.771,59.58,2.979,-1.555946881547178,-1.555946881547178,0.0,0.0,1.555946881547178,1.555946881547178,6.080967079885218,1267.991762416267,5267.8207103640525,633.9958812081335,Prosumer
2023-02-17 15:00:00,user_005,15,0,4,False,9.398842636568153,9.398737504100183,12.519592796382577,12.519476680700919,5.0,0.0,1.842,1.842,22.75,1.137,-1.278750159814424,-1.278750159814424,0.0,0.0,1.278750159814424,1.278750159814424,4.699368752050091,1277.3904999203671,5280.340187044753,638.6952499601836,Prosumer
2023-02-17 16:00:00,user_005,16,0,4,False,5.048461111946339,5.04877650935025,14.39253874152866,14.392887088573637,5.0,0.0,0.637,0.637,10.0,0.5,-8.707077629582322,-8.707077629582322,0.0,0.0,8.707077629582322,8.707077629582322,2.524388254675125,1282.4392764297174,5294.733074133327,641.2196382148587,Prosumer
2023-02-17 17:00:00,user_005,17,0,4,False,0.0525662339852805,0.052250836581368816,15.204187356319185,15.203955124955868,5.0,0.0,0.0,0.0,10.0,0.5,-15.151621122333905,-15.151621122333905,0.0,0.0,15.151621122333905,15.151621122333905,0.026125418290684408,1282.4915272662988,5309.937029258283,641.2457636331494,Prosumer
2023-02-17 18:00:00,user_005,18,0,4,False,0.0,0.0,26.679900174594923,26.68013240595824,5.0,0.0,0.0,0.0,10.0,0.5,-26.679900174594923,-26.679900174594923,0.0,0.0,26.679900174594923,26.679900174594923,0.0,1282.4915272662988,5336.6171616642405,641.2457636331494,Prosumer
2023-02-17 19:00:00,user_005,19,0,4,False,0.0,0.0,26.306007679655657,26.305891563973997,5.0,0.0,0.0,0.0,10.0,0.5,-26.306007679655657,-26.306007679655657,0.0,0.0,26.306007679655657,26.306007679655657,0.0,1282.4915272662988,5362.9230532282145,641.2457636331494,Prosumer
2023-02-17 20:00:00,user_005,20,0,4,False,0.0,0.0,30.4443705739524,30.44495115236069,5.0,0.0,0.0,0.0,10.0,0.5,-30.4443705739524,-30.4443705739524,0.0,0.0,30.4443705739524,30.4443705739524,0.0,1282.4915272662988,5393.368004380575,641.2457636331494,Prosumer
2023-02-17 21:00:00,user_005,21,0,4,False,0.0,0.0,21.789107663153317,21.788643200426684,5.0,0.0,0.0,0.0,10.0,0.5,-21.789107663153317,-21.789107663153317,0.0,0.0,21.789107663153317,21.789107663153317,0.0,1282.4915272662988,5415.156647581002,641.2457636331494,Prosumer
2023-02-17 22:00:00,user_005,22,0,4,False,0.0,0.0,13.303373647575143,13.303605878938459,5.0,0.0,0.0,0.0,10.0,0.5,-13.303373647575143,-13.303373647575143,0.0,0.0,13.303373647575143,13.303373647575143,0.0,1282.4915272662988,5428.460253459941,641.2457636331494,Prosumer
2023-02-17 23:00:00,user_005,23,0,4,False,0.0,0.0,14.135923085064132,14.135342506655842,5.0,0.0,0.0,0.0,10.0,0.5,-14.135923085064132,-14.135923085064132,0.0,0.0,14.135923085064132,14.135923085064132,0.0,1282.4915272662988,5442.595595966596,641.2457636331494,Prosumer
2023-02-18 00:00:00,user_005,0,0,5,True,0.0,0.0,5.794172514742075,5.793591936333784,5.0,0.0,0.0,0.0,10.0,0.5,-5.794172514742075,-5.794172514742075,0.0,0.0,5.794172514742075,5.794172514742075,0.0,1282.4915272662988,5448.38918790293,641.2457636331494,Prosumer
2023-02-18 01:00:00,user_005,1,0,5,True,0.0,0.0,5.862680766920389,5.863145229647022,5.0,0.0,0.0,0.0,10.0,0.5,-5.862680766920389,-5.862680766920389,0.0,0.0,5.862680766920389,5.862680766920389,0.0,1282.4915272662988,5454.2523331325765,641.2457636331494,Prosumer
2023-02-18 02:00:00,user_005,2,0,5,True,0.0,0.0,4.7978999661150805,4.798248313160055,5.0,0.0,0.0,0.0,10.0,0.5,-4.7978999661150805,-4.7978999661150805,0.0,0.0,4.7978999661150805,4.7978999661150805,0.0,1282.4915272662988,5459.0505814457365,641.2457636331494,Prosumer
2023-02-18 03:00:00,user_005,3,0,5,True,0.0,0.0,5.313453592677302,5.312873014269011,5.0,0.0,0.0,0.0,10.0,0.5,-5.313453592677302,-5.313453592677302,0.0,0.0,5.313453592677302,5.313453592677302,0.0,1282.4915272662988,5464.363454460005,641.2457636331494,Prosumer
2023-02-18 04:00:00,user_005,4,0,5,True,0.0,0.0,4.846668552411508,4.846087974003217,5.0,0.0,0.0,0.0,10.0,0.5,-4.846668552411508,-4.846668552411508,0.0,0.0,4.846668552411508,4.846668552411508,0.0,1282.4915272662988,5469.209542434009,641.2457636331494,Prosumer
2023-02-18 05:00:00,user_005,5,0,5,True,0.0,0.0,5.452792410667091,5.453140757712066,5.0,0.0,0.0,0.0,10.0,0.5,-5.452792410667091,-5.452792410667091,0.0,0.0,5.452792410667091,5.452792410667091,0.0,1282.4915272662988,5474.662683191721,641.2457636331494,Prosumer
2023-02-18 06:00:00,user_005,6,0,5,True,0.0,0.0,5.715213851214528,5.715446082577844,5.0,0.0,0.0,0.0,10.0,0.5,-5.715213851214528,-5.715213851214528,0.0,0.0,5.715213851214528,5.715213851214528,0.0,1282.4915272662988,5480.378129274299,641.2457636331494,Prosumer
2023-02-18 07:00:00,user_005,7,0,5,True,1.3025912781552509,1.3029066755591625,5.581680817307647,5.581564701625988,5.0,0.0,0.0,0.0,10.0,0.5,-4.279089539152396,-4.279089539152396,0.0,0.0,4.279089539152396,4.279089539152396,0.6514533377795813,1283.794433941858,5485.959693975925,641.897216970929,Prosumer
2023-02-18 08:00:00,user_005,8,0,5,True,6.985001171964073,6.985526834303925,11.835671431416026,11.836252009824317,5.0,0.0,0.0,0.0,10.0,0.5,-4.850670259451953,-4.850670259451953,0.0,0.0,4.850670259451953,4.850670259451953,3.4927634171519624,1290.779960776162,5497.795945985749,645.389980388081,Prosumer
2023-02-18 09:00:00,user_005,9,0,5,True,11.134579682762114,11.134579682762114,9.689853634373272,9.690318097099903,5.0,2.246,0.0,-2.246,54.91,2.746,-0.8012739516111576,-0.8012739516111576,0.0,0.0,0.8012739516111576,0.8012739516111576,5.567289841381057,1301.914540458924,5507.48626408285,650.957270229462,Prosumer
2023-02-18 10:00:00,user_005,10,0,5,True,12.62746072794408,12.627776125347992,15.257600569881939,15.257948916926912,5.0,0.0,1.129,1.129,32.33,1.617,-1.5011398419378597,-1.5011398419378597,0.0,0.0,1.5011398419378597,1.5011398419378597,6.313888062673996,1314.542316584272,5522.744212999776,657.271158292136,Prosumer
2023-02-18 11:00:00,user_005,11,0,5,True,15.786691390459438,15.786165728119585,14.115022262365665,14.115254493728981,5.0,2.859,0.0,-2.859,89.52,4.476,-1.1873308719062265,-1.1873308719062265,0.0,0.0,1.1873308719062265,1.1873308719062265,7.893082864059792,1330.3284823123915,5536.859467493505,665.1642411561958,Prosumer
2023-02-18 12:00:00,user_005,12,0,5,True,15.414522453843654,15.414627586311624,14.769914706917676,14.769334128509383,5.0,0.274,0.0,-0.274,95.0,4.75,0.37060774692597764,0.37060774692597764,0.37060774692597764,0.37060774692597764,0.0,0.0,7.707313793155812,1345.743109898703,5551.628801622014,672.8715549493515,Prosumer
2023-02-18 13:00:00,user_005,13,0,5,True,14.858371698279385,14.858056300875473,12.20608045590555,12.206312687268866,5.0,0.0,0.0,0.0,95.0,4.75,2.6522912423738347,2.6522912423738347,2.6522912423738347,2.6522912423738347,0.0,0.0,7.429028150437737,1360.6011661995785,5563.835114309283,680.3005830997893,Prosumer
2023-02-18 14:00:00,user_005,14,0,5,True,12.990167742442516,12.989852345038605,13.674943828881245,13.675176060244564,5.0,0.0,0.0,0.0,95.0,4.75,-0.6847760864387293,-0.6847760864387293,0.0,0.0,0.6847760864387293,0.6847760864387293,6.494926172519302,1373.591018544617,5577.510290369528,686.7955092723085,Prosumer
2023-02-18 15:00:00,user_005,15,0,5,True,6.707451456521792,6.707451456521792,12.586939891744308,12.586475429017677,5.0,0.0,4.0,4.0,15.0,0.75,-1.879488435222516,-1.879488435222516,0.0,0.0,1.879488435222516,1.879488435222516,3.353725728260896,1380.2984700011389,5590.096765798546,690.1492350005694,Prosumer
2023-02-18 16:00:00,user_005,16,0,5,True,3.837335080925476,3.837440213393447,14.631737045744469,14.631620930062809,5.0,0.0,0.25,0.25,10.0,0.5,-10.544401964818993,-10.544401964818993,0.0,0.0,10.544401964818993,10.544401964818993,1.9187201066967234,1384.1359102145323,5604.728386728609,692.0679551072661,Prosumer
2023-02-18 17:00:00,user_005,17,0,5,True,0.44365901483576736,0.4432384849638851,11.991266444837958,11.990685866429667,5.0,0.0,0.0,0.0,10.0,0.5,-11.547607430002191,-11.547607430002191,0.0,0.0,11.547607430002191,11.547607430002191,0.22161924248194256,1384.579148699496,5616.719072595039,692.289574349748,Prosumer
2023-02-18 18:00:00,user_005,18,0,5,True,0.0,0.0,28.951122907828488,28.95100679214683,5.0,0.0,0.0,0.0,10.0,0.5,-28.951122907828488,-28.951122907828488,0.0,0.0,28.951122907828488,28.951122907828488,0.0,1384.579148699496,5645.670079387185,692.289574349748,Prosumer
2023-02-18 19:00:00,user_005,19,0,5,True,0.0,0.0,27.1919703307074,27.19220256207071,5.0,0.0,0.0,0.0,10.0,0.5,-27.1919703307074,-27.1919703307074,0.0,0.0,27.1919703307074,27.1919703307074,0.0,1384.579148699496,5672.862281949256,692.289574349748,Prosumer
2023-02-18 20:00:00,user_005,20,0,5,True,0.0,0.0,25.65692101918655,25.65750159759484,5.0,0.0,0.0,0.0,10.0,0.5,-25.65692101918655,-25.65692101918655,0.0,0.0,25.65692101918655,25.65692101918655,0.0,1384.579148699496,5698.519783546851,692.289574349748,Prosumer
2023-02-18 21:00:00,user_005,21,0,5,True,0.0,0.0,19.14515359179706,19.145501938842035,5.0,0.0,0.0,0.0,10.0,0.5,-19.14515359179706,-19.14515359179706,0.0,0.0,19.14515359179706,19.14515359179706,0.0,1384.579148699496,5717.665285485693,692.289574349748,Prosumer
2023-02-18 22:00:00,user_005,22,0,5,True,0.0,0.0,13.166357143218516,13.166241027536858,5.0,0.0,0.0,0.0,10.0,0.5,-13.166357143218516,-13.166357143218516,0.0,0.0,13.166357143218516,13.166357143218516,0.0,1384.579148699496,5730.83152651323,692.289574349748,Prosumer
2023-02-18 23:00:00,user_005,23,0,5,True,0.0,0.0,12.02958461978515,12.030049082511784,5.0,0.0,0.0,0.0,10.0,0.5,-12.02958461978515,-12.02958461978515,0.0,0.0,12.02958461978515,12.02958461978515,0.0,1384.579148699496,5742.861575595742,692.289574349748,Prosumer
2023-02-19 00:00:00,user_005,0,0,6,True,0.0,0.0,5.825523748789778,5.825988211516411,5.0,0.0,0.0,0.0,10.0,0.5,-5.825523748789778,-5.825523748789778,0.0,0.0,5.825523748789778,5.825523748789778,0.0,1384.579148699496,5748.687563807258,692.289574349748,Prosumer
2023-02-19 01:00:00,user_005,1,0,6,True,0.0,0.0,5.205466008735215,5.205349893053556,5.0,0.0,0.0,0.0,10.0,0.5,-5.205466008735215,-5.205466008735215,0.0,0.0,5.205466008735215,5.205466008735215,0.0,1384.579148699496,5753.8929137003115,692.289574349748,Prosumer
2023-02-19 02:00:00,user_005,2,0,6,True,0.0,0.0,5.557296524159433,5.557644871204407,5.0,0.0,0.0,0.0,10.0,0.5,-5.557296524159433,-5.557296524159433,0.0,0.0,5.557296524159433,5.557296524159433,0.0,1384.579148699496,5759.450558571516,692.289574349748,Prosumer
2023-02-19 03:00:00,user_005,3,0,6,True,0.0,0.0,4.637660325426824,4.637311978381849,5.0,0.0,0.0,0.0,10.0,0.5,-4.637660325426824,-4.637660325426824,0.0,0.0,4.637660325426824,4.637660325426824,0.0,1384.579148699496,5764.087870549898,692.289574349748,Prosumer
2023-02-19 04:00:00,user_005,4,0,6,True,0.0,0.0,6.416552568429801,6.416436452748143,5.0,0.0,0.0,0.0,10.0,0.5,-6.416552568429801,-6.416552568429801,0.0,0.0,6.416552568429801,6.416552568429801,0.0,1384.579148699496,5770.504307002646,692.289574349748,Prosumer
2023-02-19 05:00:00,user_005,5,0,6,True,0.0,0.0,5.624643619521165,5.62429527247619,5.0,0.0,0.0,0.0,10.0,0.5,-5.624643619521165,-5.624643619521165,0.0,0.0,5.624643619521165,5.624643619521165,0.0,1384.579148699496,5776.128602275122,692.289574349748,Prosumer
2023-02-19 06:00:00,user_005,6,0,6,True,0.0,0.0,6.130907991550734,6.130675760187416,5.0,0.0,0.0,0.0,10.0,0.5,-6.130907991550734,-6.130907991550734,0.0,0.0,6.130907991550734,6.130907991550734,0.0,1384.579148699496,5782.25927803531,692.289574349748,Prosumer
2023-02-19 07:00:00,user_005,7,0,6,True,1.708402604521616,1.7080872071177045,6.129746834734151,6.1299790660974685,5.0,0.0,0.0,0.0,10.0,0.5,-4.421344230212535,-4.421344230212535,0.0,0.0,4.421344230212535,4.421344230212535,0.8540436035588522,1386.2872359066137,5788.389257101408,693.1436179533068,Prosumer
2023-02-19 08:00:00,user_005,8,0,6,True,4.562749109922347,4.562854242390317,10.518919601412517,10.518919601412517,5.0,0.0,0.0,0.0,10.0,0.5,-5.95617049149017,-5.95617049149017,0.0,0.0,5.95617049149017,5.95617049149017,2.2814271211951587,1390.850090149004,5798.90817670282,695.425045074502,Prosumer
2023-02-19 09:00:00,user_005,9,0,6,True,8.233974891454338,8.233764626518397,12.129444106011166,12.128863527602874,5.0,0.0,0.0,0.0,10.0,0.5,-3.8954692145568277,-3.8954692145568277,0.0,0.0,3.8954692145568277,3.8954692145568277,4.1168823132591985,1399.0838547755225,5811.037040230423,699.5419273877612,Prosumer
2023-02-19 10:00:00,user_005,10,0,6,True,12.595920987552912,12.595605590149002,13.724873571994255,13.724525224949279,5.0,0.161,0.0,-0.161,13.22,0.661,-1.2899525844413433,-1.2899525844413433,0.0,0.0,1.2899525844413433,1.2899525844413433,6.297802795074501,1411.6794603656715,5824.761565455373,705.8397301828358,Prosumer
2023-02-19 11:00:00,user_005,11,0,6,True,14.45991964467096,14.46023504207487,13.536766167708038,13.536417820663065,5.0,2.097,0.0,-2.097,55.15,2.758,-1.1738465230370783,-1.1738465230370783,0.0,0.0,1.1738465230370783,1.1738465230370783,7.230117521037435,1426.1396954077463,5838.297983276036,713.0698477038732,Prosumer
2023-02-19 12:00:00,user_005,12,0,6,True,12.695796832124946,12.695376302253063,13.00031171844735,13.000079487084033,5.0,0.88,0.0,-0.88,72.75,3.637,-1.184514886322403,-1.184514886322403,0.0,0.0,1.184514886322403,1.184514886322403,6.3476881511265315,1438.8350717099993,5851.29806276312,719.4175358549996,Prosumer
2023-02-19 13:00:00,user_005,13,0,6,True,12.284728882360053,12.284939147295994,13.990778482991436,13.990894598673092,5.0,0.0,0.364,0.364,65.47,3.273,-1.3420496006313831,-1.3420496006313831,0.0,0.0,1.3420496006313831,1.3420496006313831,6.142469573647997,1451.1200108572953,5865.288957361792,725.5600054286476,Prosumer
2023-02-19 14:00:00,user_005,14,0,6,True,11.070448877300072,11.07023861236413,13.77944794237359,13.77944794237359,5.0,0.0,1.337,1.337,38.73,1.936,-1.3719990650735185,-1.3719990650735185,0.0,0.0,1.3719990650735185,1.3719990650735185,5.535119306182065,1462.1902494696594,5879.068405304166,731.0951247348297,Prosumer
2023-02-19 15:00:00,user_005,15,0,6,True,8.62611899698453,8.625593334644677,14.22184868949117,14.221500342446195,5.0,0.0,1.436,1.436,10.0,0.5,-4.159729692506639,-4.159729692506639,0.0,0.0,4.159729692506639,4.159729692506639,4.312796667322338,1470.815842804304,5893.289905646612,735.407921402152,Prosumer
2023-02-19 16:00:00,user_005,16,0,6,True,4.627931240064095,4.627510710192213,12.174729221857847,12.17519368458448,5.0,0.0,0.0,0.0,10.0,0.5,-7.546797981793752,-7.546797981793752,0.0,0.0,7.546797981793752,7.546797981793752,2.3137553550961063,1475.4433535144963,5905.465099331197,737.7216767572481,Prosumer
2023-02-19 17:00:00,user_005,17,0,6,True,0.17767387087024808,0.17756873840227752,13.116427400105506,13.115962937378875,5.0,0.0,0.0,0.0,10.0,0.5,-12.938753529235258,-12.938753529235258,0.0,0.0,12.938753529235258,12.938753529235258,0.08878436920113876,1475.6209222528985,5918.581062268576,737.8104611264492,Prosumer
2023-02-19 18:00:00,user_005,18,0,6,True,0.0,0.0,25.828772228040627,25.829352806448917,5.0,0.0,0.0,0.0,10.0,0.5,-25.828772228040627,-25.828772228040627,0.0,0.0,25.828772228040627,25.828772228040627,0.0,1475.6209222528985,5944.4104150750245,737.8104611264492,Prosumer
2023-02-19 19:00:00,user_005,19,0,6,True,0.0,0.0,24.636264177411345,24.63603194604803,5.0,0.0,0.0,0.0,10.0,0.5,-24.636264177411345,-24.636264177411345,0.0,0.0,24.636264177411345,24.636264177411345,0.0,1475.6209222528985,5969.046447021073,737.8104611264492,Prosumer
2023-02-19 20:00:00,user_005,20,0,6,True,0.0,0.0,23.30093383834253,23.30093383834253,5.0,0.0,0.0,0.0,10.0,0.5,-23.30093383834253,-23.30093383834253,0.0,0.0,23.30093383834253,23.30093383834253,0.0,1475.6209222528985,5992.347380859415,737.8104611264492,Prosumer
2023-02-19 21:00:00,user_005,21,0,6,True,0.0,0.0,19.665351845625608,19.66581630835224,5.0,0.0,0.0,0.0,10.0,0.5,-19.665351845625608,-19.665351845625608,0.0,0.0,19.665351845625608,19.665351845625608,0.0,1475.6209222528985,6012.013197167767,737.8104611264492,Prosumer
2023-02-19 22:00:00,user_005,22,0,6,True,0.0,0.0,15.443385660534991,15.443385660534991,5.0,0.0,0.0,0.0,10.0,0.5,-15.443385660534991,-15.443385660534991,0.0,0.0,15.443385660534991,15.443385660534991,0.0,1475.6209222528985,6027.456582828302,737.8104611264492,Prosumer
2023-02-19 23:00:00,user_005,23,0,6,True,0.0,0.0,14.036063598838117,14.035947483156459,5.0,0.0,0.0,0.0,10.0,0.5,-14.036063598838117,-14.036063598838117,0.0,0.0,14.036063598838117,14.036063598838117,0.0,1475.6209222528985,6041.492530311459,737.8104611264492,Prosumer
2023-02-20 00:00:00,user_005,0,0,0,False,0.0,0.0,6.914688842743298,6.915037189788273,5.0,0.0,0.0,0.0,10.0,0.5,-6.914688842743298,-6.914688842743298,0.0,0.0,6.914688842743298,6.914688842743298,0.0,1475.6209222528985,6048.407567501247,737.8104611264492,Prosumer
2023-02-20 01:00:00,user_005,1,0,0,False,0.0,0.0,6.677812852160657,6.678045083523973,5.0,0.0,0.0,0.0,10.0,0.5,-6.677812852160657,-6.677812852160657,0.0,0.0,6.677812852160657,6.677812852160657,0.0,1475.6209222528985,6055.085612584771,737.8104611264492,Prosumer
2023-02-20 02:00:00,user_005,2,0,0,False,0.0,0.0,6.564019484135661,6.5636711370906875,5.0,0.0,0.0,0.0,10.0,0.5,-6.564019484135661,-6.564019484135661,0.0,0.0,6.564019484135661,6.564019484135661,0.0,1475.6209222528985,6061.649283721862,737.8104611264492,Prosumer
2023-02-20 03:00:00,user_005,3,0,0,False,0.0,0.0,8.021271288945544,8.021271288945544,5.0,0.0,0.0,0.0,10.0,0.5,-8.021271288945544,-8.021271288945544,0.0,0.0,8.021271288945544,8.021271288945544,0.0,1475.6209222528985,6069.670555010807,737.8104611264492,Prosumer
2023-02-20 04:00:00,user_005,4,0,0,False,0.0,0.0,8.367296020286853,8.367063788923536,5.0,0.0,0.0,0.0,10.0,0.5,-8.367296020286853,-8.367296020286853,0.0,0.0,8.367296020286853,8.367296020286853,0.0,1475.6209222528985,6078.037618799731,737.8104611264492,Prosumer
2023-02-20 05:00:00,user_005,5,0,0,False,0.0,0.0,8.972258721725856,8.972374837407513,5.0,0.0,0.0,0.0,10.0,0.5,-8.972258721725856,-8.972258721725856,0.0,0.0,8.972258721725856,8.972258721725856,0.0,1475.6209222528985,6087.009993637138,737.8104611264492,Prosumer
2023-02-20 06:00:00,user_005,6,0,0,False,0.0,0.0,8.56353152228914,8.56411210069743,5.0,0.0,0.0,0.0,10.0,0.5,-8.56353152228914,-8.56353152228914,0.0,0.0,8.56353152228914,8.56353152228914,0.0,1475.6209222528985,6095.574105737835,737.8104611264492,Prosumer
2023-02-20 07:00:00,user_005,7,0,0,False,1.6484770977783965,1.648792495182308,7.977147329915442,7.977147329915442,5.0,0.0,0.0,0.0,10.0,0.5,-6.328670232137045,-6.328670232137045,0.0,0.0,6.328670232137045,6.328670232137045,0.824396247591154,1477.2697147480808,6103.551253067751,738.6348573740404,Prosumer
2023-02-20 08:00:00,user_005,8,0,0,False,7.753519512828873,7.753624645296844,16.58480281123468,16.585383389642974,5.0,0.0,0.0,0.0,10.0,0.5,-8.831283298405808,-8.831283298405808,0.0,0.0,8.831283298405808,8.831283298405808,3.876812322648422,1485.0233393933777,6120.136636457393,742.5116696966888,Prosumer
2023-02-20 09:00:00,user_005,9,0,0,False,11.670755269411977,11.671070666815888,16.20162106176276,16.20162106176276,5.0,0.0,0.0,0.0,10.0,0.5,-4.5308657923507845,-4.5308657923507845,0.0,0.0,4.5308657923507845,4.5308657923507845,5.835535333407944,1496.6944100601936,6136.338257519156,748.3472050300968,Prosumer
2023-02-20 10:00:00,user_005,10,0,0,False,15.45342146699276,15.45352659946073,16.277096254840565,16.276631792113932,5.0,0.682,0.0,-0.682,23.63,1.182,-1.5056747878478052,-1.5056747878478052,0.0,0.0,1.5056747878478052,1.5056747878478052,7.726763299730365,1512.1479366596543,6152.61488931127,756.0739683298272,Prosumer
2023-02-20 11:00:00,user_005,11,0,0,False,16.526823964972188,16.52734962731204,18.09895130005706,18.09895130005706,5.0,0.134,0.0,-0.134,26.3,1.315,-1.7061273350848718,-1.7061273350848718,0.0,0.0,1.7061273350848718,1.7061273350848718,8.26367481365602,1528.6752862869664,6170.713840611327,764.3376431434832,Prosumer
2023-02-20 12:00:00,user_005,12,0,0,False,18.74406771447132,18.74459337681117,16.536034224938255,16.536266456301572,5.0,3.435,0.0,-3.435,95.0,4.75,-1.226966510466935,-1.226966510466935,0.0,0.0,1.226966510466935,1.226966510466935,9.372296688405585,1547.4198796637777,6187.250107067629,773.7099398318888,Prosumer
2023-02-20 13:00:00,user_005,13,0,0,False,17.30690687731375,17.30690687731375,18.022314950162677,18.022082718799357,5.0,0.0,0.0,0.0,95.0,4.75,-0.7154080728489269,-0.7154080728489269,0.0,0.0,0.7154080728489269,0.7154080728489269,8.653453438656875,1564.7267865410915,6205.2721897864285,782.3633932705458,Prosumer
2023-02-20 14:00:00,user_005,14,0,0,False,15.545938038806854,15.545517508934973,14.401827996061314,14.402292458787947,5.0,0.0,0.0,0.0,95.0,4.75,1.14411004274554,1.14411004274554,1.14411004274554,1.14411004274554,0.0,0.0,7.772758754467486,1580.2723040500266,6219.6744822452165,790.1361520250133,Prosumer
2023-02-20 15:00:00,user_005,15,0,0,False,11.994563270761304,11.995088933101156,18.066438909192776,18.0660905621478,5.0,0.0,4.0,4.0,15.0,0.75,-2.0718756384314716,-2.0718756384314716,0.0,0.0,2.0718756384314716,2.0718756384314716,5.997544466550578,1592.2673929831278,6237.7405728073645,796.1336964915639,Prosumer
2023-02-20 16:00:00,user_005,16,0,0,False,5.376474412014489,5.376894941886372,15.34004270385923,15.340274935222546,5.0,0.0,0.25,0.25,10.0,0.5,-9.71356829184474,-9.71356829184474,0.0,0.0,9.71356829184474,9.71356829184474,2.688447470943186,1597.6442879250142,6253.080847742587,798.8221439625071,Prosumer
2023-02-20 17:00:00,user_005,17,0,0,False,0.27124176736404737,0.2709263699601357,16.91457134714385,16.914106884417215,5.0,0.0,0.0,0.0,10.0,0.5,-16.643329579779802,-16.643329579779802,0.0,0.0,16.643329579779802,16.643329579779802,0.13546318498006785,1597.9152142949742,6269.9949546270045,798.9576071474871,Prosumer
2023-02-20 18:00:00,user_005,18,0,0,False,0.0,0.0,27.86892475477446,27.869040870456118,5.0,0.0,0.0,0.0,10.0,0.5,-27.86892475477446,-27.86892475477446,0.0,0.0,27.86892475477446,27.86892475477446,0.0,1597.9152142949742,6297.863995497461,798.9576071474871,Prosumer
2023-02-20 19:00:00,user_005,19,0,0,False,0.0,0.0,26.886586087946444,26.887050550673077,5.0,0.0,0.0,0.0,10.0,0.5,-26.886586087946444,-26.886586087946444,0.0,0.0,26.886586087946444,26.886586087946444,0.0,1597.9152142949742,6324.7510460481335,798.9576071474871,Prosumer
2023-02-20 20:00:00,user_005,20,0,0,False,0.0,0.0,22.125843139961972,22.126191487006945,5.0,0.0,0.0,0.0,10.0,0.5,-22.125843139961972,-22.125843139961972,0.0,0.0,22.125843139961972,22.125843139961972,0.0,1597.9152142949742,6346.87723753514,798.9576071474871,Prosumer
2023-02-20 21:00:00,user_005,21,0,0,False,0.0,0.0,22.01204977193698,22.011469193528686,5.0,0.0,0.0,0.0,10.0,0.5,-22.01204977193698,-22.01204977193698,0.0,0.0,22.01204977193698,22.01204977193698,0.0,1597.9152142949742,6368.888706728669,798.9576071474871,Prosumer
2023-02-20 22:00:00,user_005,22,0,0,False,0.0,0.0,13.667976887981759,13.668325235026732,5.0,0.0,0.0,0.0,10.0,0.5,-13.667976887981759,-13.667976887981759,0.0,0.0,13.667976887981759,13.667976887981759,0.0,1597.9152142949742,6382.557031963695,798.9576071474871,Prosumer
2023-02-20 23:00:00,user_005,23,0,0,False,0.0,0.0,15.918298798516854,15.917718220108565,5.0,0.0,0.0,0.0,10.0,0.5,-15.918298798516854,-15.918298798516854,0.0,0.0,15.918298798516854,15.918298798516854,0.0,1597.9152142949742,6398.474750183804,798.9576071474871,Prosumer
2023-02-21 00:00:00,user_005,0,0,1,False,0.0,0.0,7.244457378652466,7.244921841379099,5.0,0.0,0.0,0.0,10.0,0.5,-7.244457378652466,-7.244457378652466,0.0,0.0,7.244457378652466,7.244457378652466,0.0,1597.9152142949742,6405.719672025183,798.9576071474871,Prosumer
2023-02-21 01:00:00,user_005,1,0,1,False,0.0,0.0,7.200333419622366,7.20010118825905,5.0,0.0,0.0,0.0,10.0,0.5,-7.200333419622366,-7.200333419622366,0.0,0.0,7.200333419622366,7.200333419622366,0.0,1597.9152142949742,6412.919773213443,798.9576071474871,Prosumer
2023-02-21 02:00:00,user_005,2,0,1,False,0.0,0.0,8.202411752332269,8.202063405287294,5.0,0.0,0.0,0.0,10.0,0.5,-8.202411752332269,-8.202411752332269,0.0,0.0,8.202411752332269,8.202411752332269,0.0,1597.9152142949742,6421.1218366187295,798.9576071474871,Prosumer
2023-02-21 03:00:00,user_005,3,0,1,False,0.0,0.0,6.971585526755795,6.971817758119112,5.0,0.0,0.0,0.0,10.0,0.5,-6.971585526755795,-6.971585526755795,0.0,0.0,6.971585526755795,6.971585526755795,0.0,1597.9152142949742,6428.0936543768485,798.9576071474871,Prosumer
2023-02-21 04:00:00,user_005,4,0,1,False,0.0,0.0,8.749316612942192,8.749897191350483,5.0,0.0,0.0,0.0,10.0,0.5,-8.749316612942192,-8.749316612942192,0.0,0.0,8.749316612942192,8.749316612942192,0.0,1597.9152142949742,6436.843551568199,798.9576071474871,Prosumer
2023-02-21 05:00:00,user_005,5,0,1,False,0.0,0.0,7.174787969657572,7.174555738294255,5.0,0.0,0.0,0.0,10.0,0.5,-7.174787969657572,-7.174787969657572,0.0,0.0,7.174787969657572,7.174787969657572,0.0,1597.9152142949742,6444.018107306493,798.9576071474871,Prosumer
2023-02-21 06:00:00,user_005,6,0,1,False,0.0,0.0,8.234924143196553,8.234924143196553,5.0,0.0,0.0,0.0,10.0,0.5,-8.234924143196553,-8.234924143196553,0.0,0.0,8.234924143196553,8.234924143196553,0.0,1597.9152142949742,6452.25303144969,798.9576071474871,Prosumer
2023-02-21 07:00:00,user_005,7,0,1,False,1.8566393843601072,1.8566393843601072,6.632527736313975,6.632295504950658,5.0,0.0,0.0,0.0,10.0,0.5,-4.775888351953867,-4.775888351953867,0.0,0.0,4.775888351953867,4.775888351953867,0.9283196921800536,1599.7718536793343,6458.885326954641,799.8859268396671,Prosumer
2023-02-21 08:00:00,user_005,8,0,1,False,7.564281070481864,7.564491335417804,17.300075410248933,17.299959294567273,5.0,0.0,0.0,0.0,10.0,0.5,-9.735794339767068,-9.735794339767068,0.0,0.0,9.735794339767068,9.735794339767068,3.782245667708902,1607.3363450147522,6476.185286249208,803.6681725073761,Prosumer
2023-02-21 09:00:00,user_005,9,0,1,False,12.906061768066067,12.905956635598097,16.669567258845138,16.669683374526794,5.0,0.0,0.0,0.0,10.0,0.5,-3.763505490779071,-3.763505490779071,0.0,0.0,3.763505490779071,3.763505490779071,6.452978317799048,1620.2423016503503,6492.854969623734,810.1211508251752,Prosumer
2023-02-21 10:00:00,user_005,10,0,1,False,16.39435705532928,16.394777585201165,17.89342654352212,17.89307819647715,5.0,0.185,0.0,-0.185,13.69,0.685,-1.6840694881928413,-1.6840694881928413,0.0,0.0,1.6840694881928413,1.6840694881928413,8.197388792600583,1636.6370792355515,6510.7480478202115,818.3185396177757,Prosumer
2023-02-21 11:00:00,user_005,11,0,1,False,17.000971395519418,17.000550865647536,17.314009292047913,17.313893176366253,5.0,1.26,0.0,-1.26,38.89,1.944,-1.5730378965284955,-1.5730378965284955,0.0,0.0,1.5730378965284955,1.5730378965284955,8.500275432823768,1653.637630101199,6528.0619409965775,826.8188150505995,Prosumer
2023-02-21 12:00:00,user_005,12,0,1,False,18.173198413391177,18.173198413391177,15.523505480879118,15.523389365197461,5.0,2.806,0.0,-2.806,95.0,4.75,-0.15630706748794143,-0.15630706748794143,0.0,0.0,0.15630706748794143,0.15630706748794143,9.086599206695588,1671.8108285145902,6543.585330361775,835.9054142572951,Prosumer
2023-02-21 13:00:00,user_005,13,0,1,False,17.654895346296307,17.655210743700216,14.470336248239628,14.47022013255797,5.0,0.0,0.0,0.0,95.0,4.75,3.1845590980566794,3.1845590980566794,3.1845590980566794,3.1845590980566794,0.0,0.0,8.827605371850108,1689.4660392582905,6558.055550494333,844.7330196291452,Prosumer
2023-02-21 14:00:00,user_005,14,0,1,False,15.13487008904196,15.134975221509931,13.018890227512655,13.018657996149338,5.0,0.0,0.0,0.0,95.0,4.75,2.115979861529306,2.115979861529306,2.115979861529306,2.115979861529306,0.0,0.0,7.567487610754966,1704.6010144798004,6571.074208490482,852.3005072399002,Prosumer
2023-02-21 15:00:00,user_005,15,0,1,False,10.54163256340815,10.54142229847221,15.177480749537809,15.177132402492834,5.0,0.0,3.044,3.044,34.12,1.706,-1.5918481861296585,-1.5918481861296585,0.0,0.0,1.5918481861296585,1.5918481861296585,5.270711149236105,1715.1424367782727,6586.251340892975,857.5712183891363,Prosumer
2023-02-21 16:00:00,user_005,16,0,1,False,5.898982777828177,5.898772512892236,18.12217443638869,18.12240666775201,5.0,0.0,1.206,1.206,10.0,0.5,-11.017191658560513,-11.017191658560513,0.0,0.0,11.017191658560513,11.017191658560513,2.949386256446118,1721.041209291165,6604.373747560728,860.5206046455825,Prosumer
2023-02-21 17:00:00,user_005,17,0,1,False,0.4131705991243047,0.4131705991243047,13.820088430953943,13.820204546635603,5.0,0.0,0.0,0.0,10.0,0.5,-13.406917831829638,-13.406917831829638,0.0,0.0,13.406917831829638,13.406917831829638,0.20658529956215235,1721.4543798902891,6618.193952107364,860.7271899451446,Prosumer
2023-02-21 18:00:00,user_005,18,0,1,False,0.0,0.0,30.939023377816152,30.938675030771176,5.0,0.0,0.0,0.0,10.0,0.5,-30.939023377816152,-30.939023377816152,0.0,0.0,30.939023377816152,30.939023377816152,0.0,1721.4543798902891,6649.132627138135,860.7271899451446,Prosumer
2023-02-21 19:00:00,user_005,19,0,1,False,0.0,0.0,25.544288807978138,25.544288807978138,5.0,0.0,0.0,0.0,10.0,0.5,-25.544288807978138,-25.544288807978138,0.0,0.0,25.544288807978138,25.544288807978138,0.0,1721.4543798902891,6674.676915946113,860.7271899451446,Prosumer
2023-02-21 20:00:00,user_005,20,0,1,False,0.0,0.0,21.744983704123214,21.744983704123214,5.0,0.0,0.0,0.0,10.0,0.5,-21.744983704123214,-21.744983704123214,0.0,0.0,21.744983704123214,21.744983704123214,0.0,1721.4543798902891,6696.421899650236,860.7271899451446,Prosumer
2023-02-21 21:00:00,user_005,21,0,1,False,0.0,0.0,25.845028423472765,25.844447845064476,5.0,0.0,0.0,0.0,10.0,0.5,-25.845028423472765,-25.845028423472765,0.0,0.0,25.845028423472765,25.845028423472765,0.0,1721.4543798902891,6722.266347495301,860.7271899451446,Prosumer
2023-02-21 22:00:00,user_005,22,0,1,False,0.0,0.0,13.672621515248084,13.6728537466114,5.0,0.0,0.0,0.0,10.0,0.5,-13.672621515248084,-13.672621515248084,0.0,0.0,13.672621515248084,13.672621515248084,0.0,1721.4543798902891,6735.939201241912,860.7271899451446,Prosumer
2023-02-21 23:00:00,user_005,23,0,1,False,0.0,0.0,15.359782369741117,15.3595501383778,5.0,0.0,0.0,0.0,10.0,0.5,-15.359782369741117,-15.359782369741117,0.0,0.0,15.359782369741117,15.359782369741117,0.0,1721.4543798902891,6751.29875138029,860.7271899451446,Prosumer
2023-02-22 00:00:00,user_005,0,0,2,False,0.0,0.0,7.346639178511645,7.34698752555662,5.0,0.0,0.0,0.0,10.0,0.5,-7.346639178511645,-7.346639178511645,0.0,0.0,7.346639178511645,7.346639178511645,0.0,1721.4543798902891,6758.645738905847,860.7271899451446,Prosumer
2023-02-22 01:00:00,user_005,1,0,2,False,0.0,0.0,7.754205221131779,7.754321336813437,5.0,0.0,0.0,0.0,10.0,0.5,-7.754205221131779,-7.754205221131779,0.0,0.0,7.754205221131779,7.754205221131779,0.0,1721.4543798902891,6766.40006024266,860.7271899451446,Prosumer
2023-02-22 02:00:00,user_005,2,0,2,False,0.0,0.0,8.325494374889916,8.3252621435266,5.0,0.0,0.0,0.0,10.0,0.5,-8.325494374889916,-8.325494374889916,0.0,0.0,8.325494374889916,8.325494374889916,0.0,1721.4543798902891,6774.725322386187,860.7271899451446,Prosumer
2023-02-22 03:00:00,user_005,3,0,2,False,0.0,0.0,8.730738103876886,8.730970335240203,5.0,0.0,0.0,0.0,10.0,0.5,-8.730738103876886,-8.730738103876886,0.0,0.0,8.730738103876886,8.730738103876886,0.0,1721.4543798902891,6783.456292721427,860.7271899451446,Prosumer
2023-02-22 04:00:00,user_005,4,0,2,False,0.0,0.0,8.008498563963146,8.007917985554855,5.0,0.0,0.0,0.0,10.0,0.5,-8.008498563963146,-8.008498563963146,0.0,0.0,8.008498563963146,8.008498563963146,0.0,1721.4543798902891,6791.464210706982,860.7271899451446,Prosumer
2023-02-22 05:00:00,user_005,5,0,2,False,0.0,0.0,8.442771213364654,8.44253898200134,5.0,0.0,0.0,0.0,10.0,0.5,-8.442771213364654,-8.442771213364654,0.0,0.0,8.442771213364654,8.442771213364654,0.0,1721.4543798902891,6799.906749688984,860.7271899451446,Prosumer
2023-02-22 06:00:00,user_005,6,0,2,False,0.0,0.0,8.676163733497553,8.676279849179211,5.0,0.0,0.0,0.0,10.0,0.5,-8.676163733497553,-8.676163733497553,0.0,0.0,8.676163733497553,8.676163733497553,0.0,1721.4543798902891,6808.583029538163,860.7271899451446,Prosumer
2023-02-22 07:00:00,user_005,7,0,2,False,1.8398181894848173,1.8392925271449647,7.864515118707029,7.864399003025371,5.0,0.0,0.0,0.0,10.0,0.5,-6.024696929222212,-6.024696929222212,0.0,0.0,6.024696929222212,6.024696929222212,0.9196462635724824,1723.2936724174342,6816.447428541188,861.6468362087171,Prosumer
2023-02-22 08:00:00,user_005,8,0,2,False,7.433916810198368,7.433706545262427,13.40555544743432,13.40555544743432,5.0,0.0,0.0,0.0,10.0,0.5,-5.9716386372359525,-5.9716386372359525,0.0,0.0,5.9716386372359525,5.9716386372359525,3.7168532726312136,1730.7273789626965,6829.852983988622,865.3636894813483,Prosumer
2023-02-22 09:00:00,user_005,9,0,2,False,11.722270178717551,11.72205991378161,16.59060859531759,16.59060859531759,5.0,0.0,0.0,0.0,10.0,0.5,-4.868338416600039,-4.868338416600039,0.0,0.0,4.868338416600039,4.868338416600039,5.861029956890805,1742.449438876478,6846.44359258394,871.224719438239,Prosumer
2023-02-22 10:00:00,user_005,10,0,2,False,14.027825201311954,14.027720068843983,15.272695608497498,15.27316007122413,5.0,0.189,0.0,-0.189,13.79,0.689,-1.4338704071855446,-1.4338704071855446,0.0,0.0,1.4338704071855446,1.4338704071855446,7.013860034421992,1756.4771589453221,6861.716752655164,878.2385794726611,Prosumer
2023-02-22 11:00:00,user_005,11,0,2,False,15.59745294811243,15.59724268317649,16.15633594591608,16.156568177279393,5.0,0.922,0.0,-0.922,32.22,1.611,-1.4808829978036502,-1.4808829978036502,0.0,0.0,1.4808829978036502,1.4808829978036502,7.798621341588245,1772.0744016284987,6877.873320832443,886.0372008142493,Prosumer
2023-02-22 12:00:00,user_005,12,0,2,False,16.865350511837395,16.86482484949754,13.340530665705753,13.340298434342435,5.0,3.139,0.0,-3.139,95.0,4.75,0.3858198461316422,0.3858198461316422,0.3858198461316422,0.3858198461316422,0.0,0.0,8.43241242474877,1788.9392264779963,6891.213619266785,894.4696132389981,Prosumer
2023-02-22 13:00:00,user_005,13,0,2,False,15.514398298415685,15.514398298415685,14.44246848464167,14.44246848464167,5.0,0.0,0.0,0.0,95.0,4.75,1.0719298137740143,1.0719298137740143,1.0719298137740143,1.0719298137740143,0.0,0.0,7.7571991492078425,1804.453624776412,6905.656087751427,902.226812388206,Prosumer
2023-02-22 14:00:00,user_005,14,0,2,False,14.537717670969174,14.537507406033233,15.890431034918898,15.890082687873923,5.0,0.0,0.0,0.0,95.0,4.75,-1.3527133639497233,-1.3527133639497233,0.0,0.0,1.3527133639497233,1.3527133639497233,7.268753703016617,1818.9911321824452,6921.5461704393,909.4955660912226,Prosumer
2023-02-22 15:00:00,user_005,15,0,2,False,11.580341346957294,11.580551611893235,16.284063195740053,16.284527658466686,5.0,0.0,3.009,3.009,34.82,1.741,-1.6947218487827596,-1.6947218487827596,0.0,0.0,1.6947218487827596,1.6947218487827596,5.790275805946617,1830.5716837943385,6937.830698097767,915.2858418971692,Prosumer
2023-02-22 16:00:00,user_005,16,0,2,False,4.82558027984875,4.8260008097206315,13.051402618376938,13.051170387013624,5.0,0.0,1.241,1.241,10.0,0.5,-6.98482233852819,-6.98482233852819,0.0,0.0,6.98482233852819,6.98482233852819,2.4130004048603158,1835.3976846040591,6950.88186848478,917.6988423020296,Prosumer
2023-02-22 17:00:00,user_005,17,0,2,False,0.3910927808504869,0.3914081782543986,16.226005354910974,16.226469817637607,5.0,0.0,0.0,0.0,10.0,0.5,-15.834912574060487,-15.834912574060487,0.0,0.0,15.834912574060487,15.834912574060487,0.1957040891271993,1835.7890927823134,6967.108338302418,917.8945463911567,Prosumer
2023-02-22 18:00:00,user_005,18,0,2,False,0.0,0.0,33.77340716709178,33.773291051410126,5.0,0.0,0.0,0.0,10.0,0.5,-33.77340716709178,-33.77340716709178,0.0,0.0,33.77340716709178,33.77340716709178,0.0,1835.7890927823134,7000.881629353828,917.8945463911567,Prosumer
2023-02-22 19:00:00,user_005,19,0,2,False,0.0,0.0,23.613285022002973,23.61340113768463,5.0,0.0,0.0,0.0,10.0,0.5,-23.613285022002973,-23.613285022002973,0.0,0.0,23.613285022002973,23.613285022002973,0.0,1835.7890927823134,7024.495030491513,917.8945463911567,Prosumer
2023-02-22 20:00:00,user_005,20,0,2,False,0.0,0.0,23.944214714728723,23.944214714728723,5.0,0.0,0.0,0.0,10.0,0.5,-23.944214714728723,-23.944214714728723,0.0,0.0,23.944214714728723,23.944214714728723,0.0,1835.7890927823134,7048.439245206241,917.8945463911567,Prosumer
2023-02-22 21:00:00,user_005,21,0,2,False,0.0,0.0,19.808174134065144,19.80840636542846,5.0,0.0,0.0,0.0,10.0,0.5,-19.808174134065144,-19.808174134065144,0.0,0.0,19.808174134065144,19.808174134065144,0.0,1835.7890927823134,7068.24765157167,917.8945463911567,Prosumer
2023-02-22 22:00:00,user_005,22,0,2,False,0.0,0.0,13.904852878564398,13.904504531519425,5.0,0.0,0.0,0.0,10.0,0.5,-13.904852878564398,-13.904852878564398,0.0,0.0,13.904852878564398,13.904852878564398,0.0,1835.7890927823134,7082.15215610319,917.8945463911567,Prosumer
2023-02-22 23:00:00,user_005,23,0,2,False,0.0,0.0,14.297323882568973,14.296975535523998,5.0,0.0,0.0,0.0,10.0,0.5,-14.297323882568973,-14.297323882568973,0.0,0.0,14.297323882568973,14.297323882568973,0.0,1835.7890927823134,7096.449131638714,917.8945463911567,Prosumer
2023-02-23 00:00:00,user_005,0,0,3,False,0.0,0.0,7.264197044534353,7.264545391579328,5.0,0.0,0.0,0.0,10.0,0.5,-7.264197044534353,-7.264197044534353,0.0,0.0,7.264197044534353,7.264197044534353,0.0,1835.7890927823134,7103.713677030293,917.8945463911567,Prosumer
2023-02-23 01:00:00,user_005,1,0,3,False,0.0,0.0,7.678730028053978,7.679078375098951,5.0,0.0,0.0,0.0,10.0,0.5,-7.678730028053978,-7.678730028053978,0.0,0.0,7.678730028053978,7.678730028053978,0.0,1835.7890927823134,7111.392755405393,917.8945463911567,Prosumer
2023-02-23 02:00:00,user_005,2,0,3,False,0.0,0.0,7.362895373943788,7.363011489625445,5.0,0.0,0.0,0.0,10.0,0.5,-7.362895373943788,-7.362895373943788,0.0,0.0,7.362895373943788,7.362895373943788,0.0,1835.7890927823134,7118.755766895018,917.8945463911567,Prosumer
2023-02-23 03:00:00,user_005,3,0,3,False,0.0,0.0,7.456949076086895,7.456716844723579,5.0,0.0,0.0,0.0,10.0,0.5,-7.456949076086895,-7.456949076086895,0.0,0.0,7.456949076086895,7.456949076086895,0.0,1835.7890927823134,7126.212483739741,917.8945463911567,Prosumer
2023-02-23 04:00:00,user_005,4,0,3,False,0.0,0.0,7.215428458237928,7.21519622687461,5.0,0.0,0.0,0.0,10.0,0.5,-7.215428458237928,-7.215428458237928,0.0,0.0,7.215428458237928,7.215428458237928,0.0,1835.7890927823134,7133.427679966616,917.8945463911567,Prosumer
2023-02-23 05:00:00,user_005,5,0,3,False,0.0,0.0,7.761172162031269,7.761636624757902,5.0,0.0,0.0,0.0,10.0,0.5,-7.761172162031269,-7.761172162031269,0.0,0.0,7.761172162031269,7.761172162031269,0.0,1835.7890927823134,7141.189316591373,917.8945463911567,Prosumer
2023-02-23 06:00:00,user_005,6,0,3,False,0.0,0.0,8.394002627068229,8.39388651138657,5.0,0.0,0.0,0.0,10.0,0.5,-8.394002627068229,-8.394002627068229,0.0,0.0,8.394002627068229,8.394002627068229,0.0,1835.7890927823134,7149.58320310276,917.8945463911567,Prosumer
2023-02-23 07:00:00,user_005,7,0,3,False,1.7746360593430694,1.7750565892149517,7.664796146254997,7.66526060898163,5.0,0.0,0.0,0.0,10.0,0.5,-5.890160086911928,-5.890160086911928,0.0,0.0,5.890160086911928,5.890160086911928,0.8875282946074758,1837.5641493715284,7157.248463711742,918.7820746857642,Prosumer
2023-02-23 08:00:00,user_005,8,0,3,False,5.71394963419999,5.713634236796079,38.5747906036566,38.57455837229329,5.0,0.0,0.0,0.0,10.0,0.5,-32.86084096945661,-32.86084096945661,0.0,0.0,32.86084096945661,32.86084096945661,2.8568171183980393,1843.2777836083244,7195.823022084036,921.6388918041622,Prosumer
2023-02-23 09:00:00,user_005,9,0,3,False,10.35765074445967,10.357335347055757,16.540678852204582,16.540678852204582,5.0,0.0,0.0,0.0,10.0,0.5,-6.183028107744912,-6.183028107744912,0.0,0.0,6.183028107744912,6.183028107744912,5.178667673527879,1853.6351189553802,7212.363700936241,926.8175594776901,Prosumer
2023-02-23 10:00:00,user_005,10,0,3,False,14.807908113653516,14.807697848717574,16.73110857012396,16.731340801487278,5.0,0.0,0.0,0.0,10.0,0.5,-1.923200456470445,-1.923200456470445,0.0,0.0,1.923200456470445,1.923200456470445,7.403848924358787,1868.442816804098,7229.095041737728,934.221408402049,Prosumer
2023-02-23 11:00:00,user_005,11,0,3,False,15.987494404283211,15.987389271815239,17.020236617452774,17.020701080179407,5.0,0.548,0.0,-0.548,20.97,1.048,-1.5807422131695628,-1.5807422131695628,0.0,0.0,1.5807422131695628,1.5807422131695628,7.9936946359076195,1884.4302060759132,7246.115742817908,942.2151030379566,Prosumer
2023-02-23 12:00:00,user_005,12,0,3,False,13.698760576564096,13.698655444096127,15.918298798516854,15.91876326124349,5.0,0.0,0.548,0.548,10.0,0.5,-1.6715382219527584,-1.6715382219527584,0.0,0.0,1.6715382219527584,1.6715382219527584,6.849327722048064,1898.1288615200094,7262.0345060791515,949.0644307600047,Prosumer
2023-02-23 13:00:00,user_005,13,0,3,False,13.381260523293003,13.381050258357062,15.00214607023399,15.00214607023399,5.0,0.0,0.0,0.0,10.0,0.5,-1.620885546940988,-1.620885546940988,0.0,0.0,1.620885546940988,1.620885546940988,6.690525129178531,1911.5099117783666,7277.036652149385,955.7549558891833,Prosumer
2023-02-23 14:00:00,user_005,14,0,3,False,13.107916106569546,13.107390444229692,17.067844046932617,17.06842462534091,5.0,0.0,0.0,0.0,10.0,0.5,-3.9599279403630714,-3.9599279403630714,0.0,0.0,3.9599279403630714,3.9599279403630714,6.553695222114846,1924.6173022225962,7294.1050767747265,962.3086511112981,Prosumer
2023-02-23 15:00:00,user_005,15,0,3,False,8.175100709390822,8.175626371730676,16.28986897982296,16.28940451709633,5.0,0.0,0.0,0.0,10.0,0.5,-8.114768270432137,-8.114768270432137,0.0,0.0,8.114768270432137,8.114768270432137,4.087813185865338,1932.792928594327,7310.394481291823,966.3964642971634,Prosumer
2023-02-23 16:00:00,user_005,16,0,3,False,3.059354817943325,3.0597753478152074,18.617988397069023,18.617988397069023,5.0,0.0,0.0,0.0,10.0,0.5,-15.558633579125699,-15.558633579125699,0.0,0.0,15.558633579125699,15.558633579125699,1.5298876739076037,1935.8527039421422,7329.0124696888915,967.9263519710711,Prosumer
2023-02-23 17:00:00,user_005,17,0,3,False,0.23654805293376224,0.23686345033767392,15.304046842545201,15.303814611181885,5.0,0.0,0.0,0.0,10.0,0.5,-15.067498789611438,-15.067498789611438,0.0,0.0,15.067498789611438,15.067498789611438,0.11843172516883696,1936.08956739248,7344.316284300074,968.04478369624,Prosumer
2023-02-23 18:00:00,user_005,18,0,3,False,0.0,0.0,31.02030435497686,31.01995600793189,5.0,0.0,0.0,0.0,10.0,0.5,-31.02030435497686,-31.02030435497686,0.0,0.0,31.02030435497686,31.02030435497686,0.0,1936.08956739248,7375.3362403080055,968.04478369624,Prosumer
2023-02-23 19:00:00,user_005,19,0,3,False,0.0,0.0,30.4757218080001,30.475373460955126,5.0,0.0,0.0,0.0,10.0,0.5,-30.4757218080001,-30.4757218080001,0.0,0.0,30.4757218080001,30.4757218080001,0.0,1936.08956739248,7405.81161376896,968.04478369624,Prosumer
2023-02-23 20:00:00,user_005,20,0,3,False,0.0,0.0,28.3705444995377,28.370196152492728,5.0,0.0,0.0,0.0,10.0,0.5,-28.3705444995377,-28.3705444995377,0.0,0.0,28.3705444995377,28.3705444995377,0.0,1936.08956739248,7434.181809921453,968.04478369624,Prosumer
2023-02-23 21:00:00,user_005,21,0,3,False,0.0,0.0,26.173635802565354,26.173751918247014,5.0,0.0,0.0,0.0,10.0,0.5,-26.173635802565354,-26.173635802565354,0.0,0.0,26.173635802565354,26.173635802565354,0.0,1936.08956739248,7460.3555618397,968.04478369624,Prosumer
2023-02-23 22:00:00,user_005,22,0,3,False,0.0,0.0,16.29567476390587,16.2961392266325,5.0,0.0,0.0,0.0,10.0,0.5,-16.29567476390587,-16.29567476390587,0.0,0.0,16.29567476390587,16.29567476390587,0.0,1936.08956739248,7476.651701066333,968.04478369624,Prosumer
2023-02-23 23:00:00,user_005,23,0,3,False,0.0,0.0,16.602220163483405,16.601639585075112,5.0,0.0,0.0,0.0,10.0,0.5,-16.602220163483405,-16.602220163483405,0.0,0.0,16.602220163483405,16.602220163483405,0.0,1936.08956739248,7493.253340651408,968.04478369624,Prosumer
2023-02-24 00:00:00,user_005,0,0,4,False,0.0,0.0,8.735382731143213,8.735382731143213,5.0,0.0,0.0,0.0,10.0,0.5,-8.735382731143213,-8.735382731143213,0.0,0.0,8.735382731143213,8.735382731143213,0.0,1936.08956739248,7501.988723382551,968.04478369624,Prosumer
2023-02-24 01:00:00,user_005,1,0,4,False,0.0,0.0,6.968102056306051,6.968218171987709,5.0,0.0,0.0,0.0,10.0,0.5,-6.968102056306051,-6.968102056306051,0.0,0.0,6.968102056306051,6.968102056306051,0.0,1936.08956739248,7508.956941554539,968.04478369624,Prosumer
2023-02-24 02:00:00,user_005,2,0,4,False,0.0,0.0,8.322010904440171,8.322475367166803,5.0,0.0,0.0,0.0,10.0,0.5,-8.322010904440171,-8.322010904440171,0.0,0.0,8.322010904440171,8.322010904440171,0.0,1936.08956739248,7517.279416921706,968.04478369624,Prosumer
2023-02-24 03:00:00,user_005,3,0,4,False,0.0,0.0,7.819230002860348,7.818881655815373,5.0,0.0,0.0,0.0,10.0,0.5,-7.819230002860348,-7.819230002860348,0.0,0.0,7.819230002860348,7.819230002860348,0.0,1936.08956739248,7525.098298577521,968.04478369624,Prosumer
2023-02-24 04:00:00,user_005,4,0,4,False,0.0,0.0,8.765572808374335,8.766037271100966,5.0,0.0,0.0,0.0,10.0,0.5,-8.765572808374335,-8.765572808374335,0.0,0.0,8.765572808374335,8.765572808374335,0.0,1936.08956739248,7533.8643358486215,968.04478369624,Prosumer
2023-02-24 05:00:00,user_005,5,0,4,False,0.0,0.0,7.330382983079503,7.330150751716187,5.0,0.0,0.0,0.0,10.0,0.5,-7.330382983079503,-7.330382983079503,0.0,0.0,7.330382983079503,7.330382983079503,0.0,1936.08956739248,7541.194486600338,968.04478369624,Prosumer
2023-02-24 06:00:00,user_005,6,0,4,False,0.0,0.0,9.046572757987077,9.046572757987077,5.0,0.0,0.0,0.0,10.0,0.5,-9.046572757987077,-9.046572757987077,0.0,0.0,9.046572757987077,9.046572757987077,0.0,1936.08956739248,7550.2410593583245,968.04478369624,Prosumer
2023-02-24 07:00:00,user_005,7,0,4,False,1.8534854103209901,1.8539059401928726,8.072362188875132,8.072013841830158,5.0,0.0,0.0,0.0,10.0,0.5,-6.218876778554142,-6.218876778554142,0.0,0.0,6.218876778554142,6.218876778554142,0.9269529700964363,1937.9434733326727,7558.313073200155,968.9717366663364,Prosumer
2023-02-24 08:00:00,user_005,8,0,4,False,7.482277745464826,7.482803407804679,14.256683393988618,14.257263972396908,5.0,0.0,0.0,0.0,10.0,0.5,-6.774405648523793,-6.774405648523793,0.0,0.0,6.774405648523793,6.774405648523793,3.7414017039023393,1945.4262767404773,7572.570337172551,972.7131383702387,Prosumer
2023-02-24 09:00:00,user_005,9,0,4,False,11.616086386067284,11.615876121131343,15.457319542333968,15.45720342665231,5.0,0.0,0.0,0.0,10.0,0.5,-3.841233156266684,-3.841233156266684,0.0,0.0,3.841233156266684,3.841233156266684,5.807938060565672,1957.0421528616087,7588.027540599203,978.5210764308043,Prosumer
2023-02-24 10:00:00,user_005,10,0,4,False,14.857320373599679,14.857320373599679,17.396451426025205,17.39668365738852,5.0,0.0,0.0,0.0,10.0,0.5,-2.5391310524255264,-2.5391310524255264,0.0,0.0,2.5391310524255264,2.5391310524255264,7.428660186799839,1971.8994732352082,7605.4242242565915,985.9497366176041,Prosumer
2023-02-24 11:00:00,user_005,11,0,4,False,16.379638509813404,16.379953907217313,13.820088430953943,13.81974008390897,5.0,3.679,0.0,-3.679,83.57,4.179,-1.1194499211405389,-1.1194499211405389,0.0,0.0,1.1194499211405389,1.1194499211405389,8.189976953608657,1988.2794271424254,7619.2439643405005,994.1397135712127,Prosumer
2023-02-24 12:00:00,user_005,12,0,4,False,15.890772533750294,15.89035200387841,13.739968610609814,13.740549189018108,5.0,0.571,0.0,-0.571,95.0,4.75,1.5798039231404795,1.5798039231404795,1.5798039231404795,1.5798039231404795,0.0,0.0,7.945176001939205,2004.1697791463039,7632.984513529518,1002.0848895731519,Prosumer
2023-02-24 13:00:00,user_005,13,0,4,False,16.357560691539586,16.357770956475527,15.94500540529823,15.94500540529823,5.0,0.0,0.0,0.0,95.0,4.75,0.4125552862413553,0.4125552862413553,0.4125552862413553,0.4125552862413553,0.0,0.0,8.178885478237763,2020.5275501027795,7648.929518934817,1010.2637750513898,Prosumer
2023-02-24 14:00:00,user_005,14,0,4,False,13.25720421108774,13.257519608491654,14.645670927543446,14.645787043225104,5.0,0.0,0.003,0.003,94.94,4.747,-1.3854667164557048,-1.3854667164557048,0.0,0.0,1.3854667164557048,1.3854667164557048,6.628759804245827,2033.7850697112713,7663.575305978042,1016.8925348556356,Prosumer
2023-02-24 15:00:00,user_005,15,0,4,False,10.13476991236208,10.134454514958168,14.197464396342957,14.197580512024615,5.0,0.0,2.587,2.587,43.2,2.16,-1.475694483980877,-1.475694483980877,0.0,0.0,1.475694483980877,1.475694483980877,5.067227257479084,2043.9195242262294,7677.772886490066,1021.9597621131147,Prosumer
2023-02-24 16:00:00,user_005,16,0,4,False,5.178825372229835,5.179140769633746,16.36186070245102,16.362092933814335,5.0,0.0,1.66,1.66,10.0,0.5,-9.523035330221184,-9.523035330221184,0.0,0.0,9.523035330221184,9.523035330221184,2.589570384816873,2049.098664995863,7694.13497942388,1024.5493324979316,Prosumer
2023-02-24 17:00:00,user_005,17,0,4,False,0.5361755866498611,0.5367012489897138,17.006302735653794,17.00595438860882,5.0,0.0,0.0,0.0,10.0,0.5,-16.470127149003932,-16.470127149003932,0.0,0.0,16.470127149003932,16.470127149003932,0.2683506244948569,2049.635366244853,7711.1409338124895,1024.8176831224264,Prosumer
2023-02-24 18:00:00,user_005,18,0,4,False,0.0,0.0,27.455552928071416,27.455204581026443,5.0,0.0,0.0,0.0,10.0,0.5,-27.455552928071416,-27.455552928071416,0.0,0.0,27.455552928071416,27.455552928071416,0.0,2049.635366244853,7738.5961383935155,1024.8176831224264,Prosumer
2023-02-24 19:00:00,user_005,19,0,4,False,0.0,0.0,28.804817148939208,28.804584917575895,5.0,0.0,0.0,0.0,10.0,0.5,-28.804817148939208,-28.804817148939208,0.0,0.0,28.804817148939208,28.804817148939208,0.0,2049.635366244853,7767.4007233110915,1024.8176831224264,Prosumer
2023-02-24 20:00:00,user_005,20,0,4,False,0.0,0.0,21.944702676575247,21.944702676575247,5.0,0.0,0.0,0.0,10.0,0.5,-21.944702676575247,-21.944702676575247,0.0,0.0,21.944702676575247,21.944702676575247,0.0,2049.635366244853,7789.345425987667,1024.8176831224264,Prosumer
2023-02-24 21:00:00,user_005,21,0,4,False,0.0,0.0,22.547343064381085,22.547691411426058,5.0,0.0,0.0,0.0,10.0,0.5,-22.547343064381085,-22.547343064381085,0.0,0.0,22.547343064381085,22.547343064381085,0.0,2049.635366244853,7811.893117399093,1024.8176831224264,Prosumer
2023-02-24 22:00:00,user_005,22,0,4,False,0.0,0.0,16.76710443143799,16.767452778482966,5.0,0.0,0.0,0.0,10.0,0.5,-16.76710443143799,-16.76710443143799,0.0,0.0,16.76710443143799,16.76710443143799,0.0,2049.635366244853,7828.660570177576,1024.8176831224264,Prosumer
2023-02-24 23:00:00,user_005,23,0,4,False,0.0,0.0,13.266216629444532,13.265752166717899,5.0,0.0,0.0,0.0,10.0,0.5,-13.266216629444532,-13.266216629444532,0.0,0.0,13.266216629444532,13.266216629444532,0.0,2049.635366244853,7841.926322344294,1024.8176831224264,Prosumer
2023-02-25 00:00:00,user_005,0,0,5,True,0.0,0.0,5.829007219239522,5.829007219239522,5.0,0.0,0.0,0.0,10.0,0.5,-5.829007219239522,-5.829007219239522,0.0,0.0,5.829007219239522,5.829007219239522,0.0,2049.635366244853,7847.755329563533,1024.8176831224264,Prosumer
2023-02-25 01:00:00,user_005,1,0,5,True,0.0,0.0,5.473693233365561,5.473344886320586,5.0,0.0,0.0,0.0,10.0,0.5,-5.473693233365561,-5.473693233365561,0.0,0.0,5.473693233365561,5.473693233365561,0.0,2049.635366244853,7853.228674449854,1024.8176831224264,Prosumer
2023-02-25 02:00:00,user_005,2,0,5,True,0.0,0.0,5.597937012739788,5.597937012739788,5.0,0.0,0.0,0.0,10.0,0.5,-5.597937012739788,-5.597937012739788,0.0,0.0,5.597937012739788,5.597937012739788,0.0,2049.635366244853,7858.826611462594,1024.8176831224264,Prosumer
2023-02-25 03:00:00,user_005,3,0,5,True,0.0,0.0,5.81971796470687,5.8196018490252115,5.0,0.0,0.0,0.0,10.0,0.5,-5.81971796470687,-5.81971796470687,0.0,0.0,5.81971796470687,5.81971796470687,0.0,2049.635366244853,7864.646213311619,1024.8176831224264,Prosumer
2023-02-25 04:00:00,user_005,4,0,5,True,0.0,0.0,5.1439246974563915,5.143808581774733,5.0,0.0,0.0,0.0,10.0,0.5,-5.1439246974563915,-5.1439246974563915,0.0,0.0,5.1439246974563915,5.1439246974563915,0.0,2049.635366244853,7869.790021893394,1024.8176831224264,Prosumer
2023-02-25 05:00:00,user_005,5,0,5,True,0.0,0.0,5.263523849564295,5.263291618200977,5.0,0.0,0.0,0.0,10.0,0.5,-5.263523849564295,-5.263523849564295,0.0,0.0,5.263523849564295,5.263523849564295,0.0,2049.635366244853,7875.053313511595,1024.8176831224264,Prosumer
2023-02-25 06:00:00,user_005,6,0,5,True,0.0,0.0,5.64322212858647,5.642873781541496,5.0,0.0,0.0,0.0,10.0,0.5,-5.64322212858647,-5.64322212858647,0.0,0.0,5.64322212858647,5.64322212858647,0.0,2049.635366244853,7880.696187293136,1024.8176831224264,Prosumer
2023-02-25 07:00:00,user_005,7,0,5,True,1.2311011999352692,1.2313114648712105,5.883581589618857,5.88334935825554,5.0,0.0,0.0,0.0,10.0,0.5,-4.652480389683588,-4.652480389683588,0.0,0.0,4.652480389683588,4.652480389683588,0.6156557324356052,2050.866677709724,7886.579536651391,1025.433338854862,Prosumer
2023-02-25 08:00:00,user_005,8,0,5,True,5.582534049236789,5.582218651832878,9.90350648862428,9.903854835669254,5.0,0.0,0.0,0.0,10.0,0.5,-4.320972439387492,-4.320972439387492,0.0,0.0,4.320972439387492,4.320972439387492,2.791109325916439,2056.448896361557,7896.4833914870605,1028.2244481807786,Prosumer
2023-02-25 09:00:00,user_005,9,0,5,True,8.706019672642157,8.706229937578097,12.18285731957392,12.18274120389226,5.0,0.0,0.0,0.0,10.0,0.5,-3.476837646931763,-3.476837646931763,0.0,0.0,3.476837646931763,3.476837646931763,4.353114968789049,2065.155126299135,7908.6661326909525,1032.5775631495676,Prosumer
2023-02-25 10:00:00,user_005,10,0,5,True,11.055730331784194,11.055520066848253,14.14056771233046,14.140683828012119,5.0,0.0,0.0,0.0,10.0,0.5,-3.0848373805462668,-3.0848373805462668,0.0,0.0,3.0848373805462668,3.0848373805462668,5.527760033424126,2076.2106463659834,7922.806816518964,1038.1053231829917,Prosumer
2023-02-25 11:00:00,user_005,11,0,5,True,13.644091693219405,13.643986560751435,15.263406353964845,15.263058006919872,5.0,0.0,0.0,0.0,10.0,0.5,-1.6193146607454398,-1.6193146607454398,0.0,0.0,1.6193146607454398,1.6193146607454398,6.821993280375717,2089.8546329267347,7938.069874525884,1044.9273164633673,Prosumer
2023-02-25 12:00:00,user_005,12,0,5,True,11.458387684111441,11.458703081515354,14.445951955091415,14.445951955091415,5.0,0.0,0.0,0.0,10.0,0.5,-2.9875642709799735,-2.9875642709799735,0.0,0.0,2.9875642709799735,2.9875642709799735,5.729351540757677,2101.31333600825,7952.515826480975,1050.656668004125,Prosumer
2023-02-25 13:00:00,user_005,13,0,5,True,7.941706630496178,7.941811762964148,15.00098491341741,15.000520450690775,5.0,0.0,0.0,0.0,10.0,0.5,-7.059278282921232,-7.059278282921232,0.0,0.0,7.059278282921232,7.059278282921232,3.970905881482074,2109.2551477712145,7967.516346931666,1054.6275738856073,Prosumer
2023-02-25 14:00:00,user_005,14,0,5,True,8.914181959223866,8.913656296884014,15.265728667598008,15.266077014642983,5.0,0.0,0.0,0.0,10.0,0.5,-6.351546708374142,-6.351546708374142,0.0,0.0,6.351546708374142,6.351546708374142,4.456828148442007,2118.1688040680983,7982.782423946309,1059.0844020340492,Prosumer
2023-02-25 15:00:00,user_005,15,0,5,True,8.086789436295552,8.086999701231493,13.00147287526393,13.001008412537299,5.0,0.0,0.0,0.0,10.0,0.5,-4.914683438968378,-4.914683438968378,0.0,0.0,4.914683438968378,4.914683438968378,4.0434998506157465,2126.2558037693298,7995.783432358846,1063.1279018846649,Prosumer
2023-02-25 16:00:00,user_005,16,0,5,True,2.1688828142326737,2.1690930791686145,13.782931412823332,13.782815297141674,5.0,0.0,0.0,0.0,10.0,0.5,-11.614048598590658,-11.614048598590658,0.0,0.0,11.614048598590658,11.614048598590658,1.0845465395843072,2128.4248968484985,8009.566247655987,1064.2124484242493,Prosumer
2023-02-25 17:00:00,user_005,17,0,5,True,0.19764903978465467,0.1972285099127724,14.192819769076632,14.192471422031655,5.0,0.0,0.0,0.0,10.0,0.5,-13.995170729291978,-13.995170729291978,0.0,0.0,13.995170729291978,13.995170729291978,0.0986142549563862,2128.6221253584113,8023.758719078019,1064.3110626792056,Prosumer
2023-02-25 18:00:00,user_005,18,0,5,True,0.0,0.0,25.525710298912834,25.525478067549518,5.0,0.0,0.0,0.0,10.0,0.5,-25.525710298912834,-25.525710298912834,0.0,0.0,25.525710298912834,25.525710298912834,0.0,2128.6221253584113,8049.284197145568,1064.3110626792056,Prosumer
2023-02-25 19:00:00,user_005,19,0,5,True,0.0,0.0,25.078664924528926,25.078781040210583,5.0,0.0,0.0,0.0,10.0,0.5,-25.078664924528926,-25.078664924528926,0.0,0.0,25.078664924528926,25.078664924528926,0.0,2128.6221253584113,8074.362978185779,1064.3110626792056,Prosumer
2023-02-25 20:00:00,user_005,20,0,5,True,0.0,0.0,26.75769768130589,26.7571171028976,5.0,0.0,0.0,0.0,10.0,0.5,-26.75769768130589,-26.75769768130589,0.0,0.0,26.75769768130589,26.75769768130589,0.0,2128.6221253584113,8101.120095288677,1064.3110626792056,Prosumer
2023-02-25 21:00:00,user_005,21,0,5,True,0.0,0.0,21.702020901909698,21.702020901909698,5.0,0.0,0.0,0.0,10.0,0.5,-21.702020901909698,-21.702020901909698,0.0,0.0,21.702020901909698,21.702020901909698,0.0,2128.6221253584113,8122.822116190587,1064.3110626792056,Prosumer
2023-02-25 22:00:00,user_005,22,0,5,True,0.0,0.0,14.797782470515633,14.798246933242266,5.0,0.0,0.0,0.0,10.0,0.5,-14.797782470515633,-14.797782470515633,0.0,0.0,14.797782470515633,14.797782470515633,0.0,2128.6221253584113,8137.620363123829,1064.3110626792056,Prosumer
2023-02-25 23:00:00,user_005,23,0,5,True,0.0,0.0,12.957348916233832,12.95676833782554,5.0,0.0,0.0,0.0,10.0,0.5,-12.957348916233832,-12.957348916233832,0.0,0.0,12.957348916233832,12.957348916233832,0.0,2128.6221253584113,8150.577131461654,1064.3110626792056,Prosumer
2023-02-26 00:00:00,user_005,0,0,6,True,0.0,0.0,5.718697321664273,5.719161784390905,5.0,0.0,0.0,0.0,10.0,0.5,-5.718697321664273,-5.718697321664273,0.0,0.0,5.718697321664273,5.718697321664273,0.0,2128.6221253584113,8156.296293246045,1064.3110626792056,Prosumer
2023-02-26 01:00:00,user_005,1,0,6,True,0.0,0.0,5.940478273631354,5.94012992658638,5.0,0.0,0.0,0.0,10.0,0.5,-5.940478273631354,-5.940478273631354,0.0,0.0,5.940478273631354,5.940478273631354,0.0,2128.6221253584113,8162.2364231726315,1064.3110626792056,Prosumer
2023-02-26 02:00:00,user_005,2,0,6,True,0.0,0.0,6.507122800123164,6.507587262849797,5.0,0.0,0.0,0.0,10.0,0.5,-6.507122800123164,-6.507122800123164,0.0,0.0,6.507122800123164,6.507122800123164,0.0,2128.6221253584113,8168.744010435481,1064.3110626792056,Prosumer
2023-02-26 03:00:00,user_005,3,0,6,True,0.0,0.0,5.558457680976015,5.558689912339331,5.0,0.0,0.0,0.0,10.0,0.5,-5.558457680976015,-5.558457680976015,0.0,0.0,5.558457680976015,5.558457680976015,0.0,2128.6221253584113,8174.30270034782,1064.3110626792056,Prosumer
2023-02-26 04:00:00,user_005,4,0,6,True,0.0,0.0,5.693151871699477,5.6928035246545035,5.0,0.0,0.0,0.0,10.0,0.5,-5.693151871699477,-5.693151871699477,0.0,0.0,5.693151871699477,5.693151871699477,0.0,2128.6221253584113,8179.995503872475,1064.3110626792056,Prosumer
2023-02-26 05:00:00,user_005,5,0,6,True,0.0,0.0,5.9218997645660485,5.921667533202733,5.0,0.0,0.0,0.0,10.0,0.5,-5.9218997645660485,-5.9218997645660485,0.0,0.0,5.9218997645660485,5.9218997645660485,0.0,2128.6221253584113,8185.917171405677,1064.3110626792056,Prosumer
2023-02-26 06:00:00,user_005,6,0,6,True,0.0,0.0,4.996457781750531,4.996573897432189,5.0,0.0,0.0,0.0,10.0,0.5,-4.996457781750531,-4.996457781750531,0.0,0.0,4.996457781750531,4.996457781750531,0.0,2128.6221253584113,8190.91374530311,1064.3110626792056,Prosumer
2023-02-26 07:00:00,user_005,7,0,6,True,2.026953982472416,2.027374512344298,6.096073287053286,6.096189402734944,5.0,0.0,0.0,0.0,10.0,0.5,-4.06911930458087,-4.06911930458087,0.0,0.0,4.06911930458087,4.06911930458087,1.013687256172149,2130.649499870756,8197.009934705844,1065.324749935378,Prosumer
2023-02-26 08:00:00,user_005,8,0,6,True,7.6399764474206675,7.640291844824579,10.039361836164327,10.03901348911935,5.0,0.0,0.0,0.0,10.0,0.5,-2.399385388743659,-2.399385388743659,0.0,0.0,2.399385388743659,2.399385388743659,3.8201459224122893,2138.2897917155806,8207.048948194963,1069.1448958577903,Prosumer
2023-02-26 09:00:00,user_005,9,0,6,True,12.663205767054071,12.663521164457983,10.29249402217911,10.292958484905741,5.0,3.181,0.0,-3.181,73.62,3.681,-0.8102882551250383,-0.8102882551250383,0.0,0.0,0.8102882551250383,0.8102882551250383,6.331760582228991,2150.9533128800385,8217.341906679869,1075.4766564400193,Prosumer
2023-02-26 10:00:00,user_005,10,0,6,True,14.679646502729431,14.67922597285755,15.170513808638319,15.170513808638319,5.0,0.898,0.0,-0.898,91.57,4.578,-1.3888673059088874,-1.3888673059088874,0.0,0.0,1.3888673059088874,1.3888673059088874,7.339612986428775,2165.6325388528962,8232.512420488507,1082.8162694264481,Prosumer
2023-02-26 11:00:00,user_005,11,0,6,True,16.18829741810698,16.188612815510893,13.272022413527438,13.272370760572414,5.0,0.172,0.0,-0.172,95.0,4.75,2.7442750045795425,2.7442750045795425,2.7442750045795425,2.7442750045795425,0.0,0.0,8.094306407755447,2181.8211516684073,8245.78479124908,1090.9105758342037,Prosumer
2023-02-26 12:00:00,user_005,12,0,6,True,16.40907560084516,16.40865507097328,14.46453046415672,14.464762695520037,5.0,0.0,0.0,0.0,95.0,4.75,1.9445451366884399,1.9445451366884399,1.9445451366884399,1.9445451366884399,0.0,0.0,8.20432753548664,2198.2298067393804,8260.249553944599,1099.1149033696902,Prosumer
2023-02-26 13:00:00,user_005,13,0,6,True,15.48706385674334,15.48706385674334,14.05231979427026,14.052087562906944,5.0,0.0,0.0,0.0,95.0,4.75,1.4347440624730812,1.4347440624730812,1.4347440624730812,1.4347440624730812,0.0,0.0,7.74353192837167,2213.7168705961235,8274.301641507505,1106.8584352980617,Prosumer
2023-02-26 14:00:00,user_005,14,0,6,True,13.879588421473462,13.880114083813316,14.834939488646244,14.835403951372877,5.0,0.0,0.0,0.0,95.0,4.75,-0.9553510671727814,-0.9553510671727814,0.0,0.0,0.9553510671727814,0.9553510671727814,6.940057041906658,2227.5969846799367,8289.137045458878,1113.7984923399683,Prosumer
2023-02-26 15:00:00,user_005,15,0,6,True,10.531119316611095,10.530698786739213,12.649642359839714,12.649874591203028,5.0,0.0,0.878,0.878,77.45,3.872,-1.2405230432286185,-1.2405230432286185,0.0,0.0,1.2405230432286185,1.2405230432286185,5.265349393369607,2238.127683466676,8301.78692005008,1119.063841733338,Prosumer
2023-02-26 16:00:00,user_005,16,0,6,True,5.662434724894415,5.662644989830356,14.867451879510527,14.867800226555502,5.0,0.0,3.372,3.372,10.0,0.5,-5.833017154616112,-5.833017154616112,0.0,0.0,5.833017154616112,5.833017154616112,2.831322494915178,2243.7903284565064,8316.654720276636,1121.8951642282532,Prosumer
2023-02-26 17:00:00,user_005,17,0,6,True,0.5750745997989687,0.5751797322669392,11.718394592941287,11.718975171349577,5.0,0.0,0.0,0.0,10.0,0.5,-11.143319993142319,-11.143319993142319,0.0,0.0,11.143319993142319,11.143319993142319,0.2875898661334696,2244.365508188773,8328.373695447986,1122.1827540943866,Prosumer
2023-02-26 18:00:00,user_005,18,0,6,True,0.0,0.0,25.57331772839268,25.573666075437654,5.0,0.0,0.0,0.0,10.0,0.5,-25.57331772839268,-25.57331772839268,0.0,0.0,25.57331772839268,25.57331772839268,0.0,2244.365508188773,8353.947361523424,1122.1827540943866,Prosumer
2023-02-26 19:00:00,user_005,19,0,6,True,0.0,0.0,25.900763950668686,25.900647834987026,5.0,0.0,0.0,0.0,10.0,0.5,-25.900763950668686,-25.900763950668686,0.0,0.0,25.900763950668686,25.900763950668686,0.0,2244.365508188773,8379.848009358411,1122.1827540943866,Prosumer
2023-02-26 20:00:00,user_005,20,0,6,True,0.0,0.0,27.402139714508664,27.40237194587198,5.0,0.0,0.0,0.0,10.0,0.5,-27.402139714508664,-27.402139714508664,0.0,0.0,27.402139714508664,27.402139714508664,0.0,2244.365508188773,8407.250381304284,1122.1827540943866,Prosumer
2023-02-26 21:00:00,user_005,21,0,6,True,0.0,0.0,23.58541725840502,23.585533374086676,5.0,0.0,0.0,0.0,10.0,0.5,-23.58541725840502,-23.58541725840502,0.0,0.0,23.58541725840502,23.58541725840502,0.0,2244.365508188773,8430.835914678371,1122.1827540943866,Prosumer
2023-02-26 22:00:00,user_005,22,0,6,True,0.0,0.0,12.847039018658581,12.846690671613608,5.0,0.0,0.0,0.0,10.0,0.5,-12.847039018658581,-12.847039018658581,0.0,0.0,12.847039018658581,12.847039018658581,0.0,2244.365508188773,8443.682605349984,1122.1827540943866,Prosumer
2023-02-26 23:00:00,user_005,23,0,6,True,0.0,0.0,11.789225158752764,11.789109043071106,5.0,0.0,0.0,0.0,10.0,0.5,-11.789225158752764,-11.789225158752764,0.0,0.0,11.789225158752764,11.789225158752764,0.0,2244.365508188773,8455.471714393056,1122.1827540943866,Prosumer
2023-02-27 00:00:00,user_005,0,0,0,False,0.0,0.0,6.406102157080567,6.4065666198072,5.0,0.0,0.0,0.0,10.0,0.5,-6.406102157080567,-6.406102157080567,0.0,0.0,6.406102157080567,6.406102157080567,0.0,2244.365508188773,8461.878281012863,1122.1827540943866,Prosumer
2023-02-27 01:00:00,user_005,1,0,0,False,0.0,0.0,6.763738456587693,6.763738456587693,5.0,0.0,0.0,0.0,10.0,0.5,-6.763738456587693,-6.763738456587693,0.0,0.0,6.763738456587693,6.763738456587693,0.0,2244.365508188773,8468.642019469451,1122.1827540943866,Prosumer
2023-02-27 02:00:00,user_005,2,0,0,False,0.0,0.0,7.476688741968782,7.477153204695415,5.0,0.0,0.0,0.0,10.0,0.5,-7.476688741968782,-7.476688741968782,0.0,0.0,7.476688741968782,7.476688741968782,0.0,2244.365508188773,8476.119172674147,1122.1827540943866,Prosumer
2023-02-27 03:00:00,user_005,3,0,0,False,0.0,0.0,8.002692779880238,8.003273358288528,5.0,0.0,0.0,0.0,10.0,0.5,-8.002692779880238,-8.002692779880238,0.0,0.0,8.002692779880238,8.002692779880238,0.0,2244.365508188773,8484.122446032436,1122.1827540943866,Prosumer
2023-02-27 04:00:00,user_005,4,0,0,False,0.0,0.0,9.153399185112582,9.15351530079424,5.0,0.0,0.0,0.0,10.0,0.5,-9.153399185112582,-9.153399185112582,0.0,0.0,9.153399185112582,9.153399185112582,0.0,2244.365508188773,8493.27596133323,1122.1827540943866,Prosumer
2023-02-27 05:00:00,user_005,5,0,0,False,0.0,0.0,7.646217637189692,7.646682099916325,5.0,0.0,0.0,0.0,10.0,0.5,-7.646217637189692,-7.646217637189692,0.0,0.0,7.646217637189692,7.646217637189692,0.0,2244.365508188773,8500.922643433145,1122.1827540943866,Prosumer
2023-02-27 06:00:00,user_005,6,0,0,False,0.0,0.0,8.20357290914885,8.204037371875483,5.0,0.0,0.0,0.0,10.0,0.5,-8.20357290914885,-8.20357290914885,0.0,0.0,8.20357290914885,8.20357290914885,0.0,2244.365508188773,8509.12668080502,1122.1827540943866,Prosumer
2023-02-27 07:00:00,user_005,7,0,0,False,1.366722083617293,1.366722083617293,8.472961290595777,8.472496827869143,5.0,0.0,0.0,0.0,10.0,0.5,-7.106239206978484,-7.106239206978484,0.0,0.0,7.106239206978484,7.106239206978484,0.6833610418086465,2245.7322302723906,8517.59917763289,1122.8661151361953,Prosumer
2023-02-27 08:00:00,user_005,8,0,0,False,6.690630261646501,6.690209731774619,16.4953937363579,16.495509852039557,5.0,0.0,0.0,0.0,10.0,0.5,-9.8047634747114,-9.8047634747114,0.0,0.0,9.8047634747114,9.8047634747114,3.3451048658873095,2252.4224400041653,8534.09468748493,1126.2112200020827,Prosumer
2023-02-27 09:00:00,user_005,9,0,0,False,11.81373542585194,11.81415595572382,14.459885836890393,14.459537489845419,5.0,0.0,0.0,0.0,10.0,0.5,-2.6461504110384535,-2.6461504110384535,0.0,0.0,2.6461504110384535,2.6461504110384535,5.90707797786191,2264.236595959889,8548.554224974776,1132.1182979799446,Prosumer
2023-02-27 10:00:00,user_005,10,0,0,False,14.972966088367297,14.973176353303238,14.437823857375342,14.437823857375342,5.0,1.808,0.0,-1.808,46.16,2.308,-1.2728577690080451,-1.2728577690080451,0.0,0.0,1.2728577690080451,1.2728577690080451,7.486588176651619,2279.2097723131924,8562.992048832151,1139.6048861565962,Prosumer
2023-02-27 11:00:00,user_005,11,0,0,False,14.18447257858809,14.184577711056061,12.628741537141243,12.62908988418622,5.0,2.442,0.0,-2.442,95.0,4.75,-0.8862689585531527,-0.8862689585531527,0.0,0.0,0.8862689585531527,0.8862689585531527,7.092288855528031,2293.3943500242485,8575.621138716338,1146.6971750121243,Prosumer
2023-02-27 12:00:00,user_005,12,0,0,False,9.701624144323368,9.702044674195252,15.558340185376565,15.5588046481032,5.0,0.0,4.0,4.0,15.0,0.75,-1.8567160410531969,-1.8567160410531969,0.0,0.0,1.8567160410531969,1.8567160410531969,4.851022337097626,2303.096394698444,8591.179943364441,1151.548197349222,Prosumer
2023-02-27 13:00:00,user_005,13,0,0,False,5.439553892796826,5.439659025264796,14.519104834536053,14.519104834536053,5.0,0.0,0.25,0.25,10.0,0.5,-8.829550941739228,-8.829550941739228,0.0,0.0,8.829550941739228,8.829550941739228,2.719829512632398,2308.536053723709,8605.699048198978,1154.2680268618544,Prosumer
2023-02-27 14:00:00,user_005,14,0,0,False,13.352874756940952,13.35245422706907,15.273856765314079,15.274205112359054,5.0,0.0,0.0,0.0,10.0,0.5,-1.9209820083731266,-1.9209820083731266,0.0,0.0,1.9209820083731266,1.9209820083731266,6.676227113534535,2321.8885079507777,8620.973253311337,1160.9442539753888,Prosumer
2023-02-27 15:00:00,user_005,15,0,0,False,6.717964703318847,6.718490365658701,16.83329036998314,16.832942022938166,5.0,0.0,0.0,0.0,10.0,0.5,-10.115325666664292,-10.115325666664292,0.0,0.0,10.115325666664292,10.115325666664292,3.3592451828293504,2328.6069983164366,8637.806195334275,1164.3034991582183,Prosumer
2023-02-27 16:00:00,user_005,16,0,0,False,5.1851333203080685,5.185028187840097,14.546972598134012,14.546508135407379,5.0,0.0,0.0,0.0,10.0,0.5,-9.361839277825943,-9.361839277825943,0.0,0.0,9.361839277825943,9.361839277825943,2.5925140939200486,2333.7920265042767,8652.352703469682,1166.8960132521383,Prosumer
2023-02-27 17:00:00,user_005,17,0,0,False,0.555099430884562,0.555099430884562,13.272022413527438,13.272022413527438,5.0,0.0,0.0,0.0,10.0,0.5,-12.716922982642876,-12.716922982642876,0.0,0.0,12.716922982642876,12.716922982642876,0.277549715442281,2334.3471259351613,8665.62472588321,1167.1735629675807,Prosumer
2023-02-27 18:00:00,user_005,18,0,0,False,0.0,0.0,31.21653985697915,31.21642374129749,5.0,0.0,0.0,0.0,10.0,0.5,-31.21653985697915,-31.21653985697915,0.0,0.0,31.21653985697915,31.21653985697915,0.0,2334.3471259351613,8696.841149624508,1167.1735629675807,Prosumer
2023-02-27 19:00:00,user_005,19,0,0,False,0.0,0.0,30.757882914429427,30.757534567384454,5.0,0.0,0.0,0.0,10.0,0.5,-30.757882914429427,-30.757882914429427,0.0,0.0,30.757882914429427,30.757882914429427,0.0,2334.3471259351613,8727.598684191893,1167.1735629675807,Prosumer
2023-02-27 20:00:00,user_005,20,0,0,False,0.0,0.0,29.080011314469044,29.079546851742414,5.0,0.0,0.0,0.0,10.0,0.5,-29.080011314469044,-29.080011314469044,0.0,0.0,29.080011314469044,29.080011314469044,0.0,2334.3471259351613,8756.678231043636,1167.1735629675807,Prosumer
2023-02-27 21:00:00,user_005,21,0,0,False,0.0,0.0,26.60442498151712,26.604192750153803,5.0,0.0,0.0,0.0,10.0,0.5,-26.60442498151712,-26.60442498151712,0.0,0.0,26.60442498151712,26.60442498151712,0.0,2334.3471259351613,8783.28242379379,1167.1735629675807,Prosumer
2023-02-27 22:00:00,user_005,22,0,0,False,0.0,0.0,16.920377131226758,16.920609362590074,5.0,0.0,0.0,0.0,10.0,0.5,-16.920377131226758,-16.920377131226758,0.0,0.0,16.920377131226758,16.920377131226758,0.0,2334.3471259351613,8800.20303315638,1167.1735629675807,Prosumer
2023-02-27 23:00:00,user_005,23,0,0,False,0.0,0.0,13.829377685486596,13.829958263894888,5.0,0.0,0.0,0.0,10.0,0.5,-13.829377685486596,-13.829377685486596,0.0,0.0,13.829377685486596,13.829377685486596,0.0,2334.3471259351613,8814.032991420276,1167.1735629675807,Prosumer
2023-02-28 00:00:00,user_005,0,0,1,False,0.0,0.0,7.6450564803731105,7.64447590196482,5.0,0.0,0.0,0.0,10.0,0.5,-7.6450564803731105,-7.6450564803731105,0.0,0.0,7.6450564803731105,7.6450564803731105,0.0,2334.3471259351613,8821.67746732224,1167.1735629675807,Prosumer
2023-02-28 01:00:00,user_005,1,0,1,False,0.0,0.0,6.25399061410838,6.254222845471696,5.0,0.0,0.0,0.0,10.0,0.5,-6.25399061410838,-6.25399061410838,0.0,0.0,6.25399061410838,6.25399061410838,0.0,2334.3471259351613,8827.931690167712,1167.1735629675807,Prosumer
2023-02-28 02:00:00,user_005,2,0,1,False,0.0,0.0,8.399808411151136,8.400388989559428,5.0,0.0,0.0,0.0,10.0,0.5,-8.399808411151136,-8.399808411151136,0.0,0.0,8.399808411151136,8.399808411151136,0.0,2334.3471259351613,8836.332079157271,1167.1735629675807,Prosumer
2023-02-28 03:00:00,user_005,3,0,1,False,0.0,0.0,7.008742544886406,7.008278082159773,5.0,0.0,0.0,0.0,10.0,0.5,-7.008742544886406,-7.008742544886406,0.0,0.0,7.008742544886406,7.008742544886406,0.0,2334.3471259351613,8843.34035723943,1167.1735629675807,Prosumer
2023-02-28 04:00:00,user_005,4,0,1,False,0.0,0.0,8.023593602578705,8.023709718260363,5.0,0.0,0.0,0.0,10.0,0.5,-8.023593602578705,-8.023593602578705,0.0,0.0,8.023593602578705,8.023593602578705,0.0,2334.3471259351613,8851.36406695769,1167.1735629675807,Prosumer
2023-02-28 05:00:00,user_005,5,0,1,False,0.0,0.0,9.086052089750849,9.085587627024218,5.0,0.0,0.0,0.0,10.0,0.5,-9.086052089750849,-9.086052089750849,0.0,0.0,9.086052089750849,9.086052089750849,0.0,2334.3471259351613,8860.449654584714,1167.1735629675807,Prosumer
2023-02-28 06:00:00,user_005,6,0,1,False,0.0,0.0,7.279292083149914,7.279175967468256,5.0,0.0,0.0,0.0,10.0,0.5,-7.279292083149914,-7.279292083149914,0.0,0.0,7.279292083149914,7.279292083149914,0.0,2334.3471259351613,8867.728830552182,1167.1735629675807,Prosumer
2023-02-28 07:00:00,user_005,7,0,1,False,2.6104391797090294,2.6104391797090294,6.453709586560412,6.453477355197096,5.0,0.0,0.0,0.0,10.0,0.5,-3.8432704068513823,-3.8432704068513823,0.0,0.0,3.8432704068513823,3.8432704068513823,1.3052195898545147,2336.9575651148702,8874.182307907378,1168.4787825574351,Prosumer
2023-02-28 08:00:00,user_005,8,0,1,False,7.460199927191009,7.459989662255067,14.08947681240087,14.089128465355895,5.0,0.0,0.0,0.0,10.0,0.5,-6.629276885209861,-6.629276885209861,0.0,0.0,6.629276885209861,6.629276885209861,3.7299948311275335,2344.417554777125,8888.271436372734,1172.2087773885626,Prosumer
2023-02-28 09:00:00,user_005,9,0,1,False,12.967038599488992,12.967459129360876,16.846063094965537,16.84571474792056,5.0,0.0,0.0,0.0,10.0,0.5,-3.8790244954765445,-3.8790244954765445,0.0,0.0,3.8790244954765445,3.8790244954765445,6.483729564680438,2357.385013906486,8905.117151120654,1178.692506953243,Prosumer
2023-02-28 10:00:00,user_005,10,0,1,False,14.784778970699993,14.78456870576405,14.06160904880291,14.061260701757938,5.0,1.953,0.0,-1.953,49.06,2.453,-1.2298300781029183,-1.2298300781029183,0.0,0.0,1.2298300781029183,1.2298300781029183,7.392284352882025,2372.16958261225,8919.178411822411,1186.084791306125,Prosumer
2023-02-28 11:00:00,user_005,11,0,1,False,16.42589679572045,16.425476265848566,14.793137843249307,14.792673380522674,5.0,2.297,0.0,-2.297,95.0,4.75,-0.6642410475288556,-0.6642410475288556,0.0,0.0,0.6642410475288556,0.6642410475288556,8.212738132924283,2388.5950588780984,8933.971085202935,1194.2975294390492,Prosumer
2023-02-28 12:00:00,user_005,12,0,1,False,15.416625103203064,15.416414838267123,17.632166259791266,17.63205014410961,5.0,0.0,0.521,0.521,84.58,4.229,-1.694541156588202,-1.694541156588202,0.0,0.0,1.694541156588202,1.694541156588202,7.7082074191335614,2404.0114737163653,8951.603135347044,1202.0057368581827,Prosumer
2023-02-28 13:00:00,user_005,13,0,1,False,16.5100027700969,16.51042329996878,2.904053198270527,2.903704851225553,5.0,0.521,0.0,-0.521,95.0,4.75,13.084949571826373,13.084949571826373,13.084949571826373,13.084949571826373,0.0,0.0,8.25521164998439,2420.521897016334,8954.50684019827,1210.260948508167,Prosumer
2023-02-28 14:00:00,user_005,14,0,1,False,8.280233177361385,8.280548574765294,17.153769651359653,17.153653535677996,5.0,0.0,4.0,4.0,15.0,0.75,-4.873536473998268,-4.873536473998268,0.0,0.0,4.873536473998268,4.873536473998268,4.140274287382647,2428.8024455910995,8971.660493733947,1214.4012227955498,Prosumer
2023-02-28 15:00:00,user_005,15,0,1,False,4.4765404861864875,4.476855883590399,14.307774293918206,14.307890409599866,5.0,0.0,0.25,0.25,10.0,0.5,-9.581233807731717,-9.581233807731717,0.0,0.0,9.581233807731717,9.581233807731717,2.2384279417951993,2433.27930147469,8985.968384143547,1216.639650737345,Prosumer
2023-02-28 16:00:00,user_005,16,0,1,False,2.8511925313616144,2.8516130612334964,13.469419072346307,13.46988353507294,5.0,0.0,0.0,0.0,10.0,0.5,-10.618226540984693,-10.618226540984693,0.0,0.0,10.618226540984693,10.618226540984693,1.4258065306167482,2436.1309145359232,8999.43826767862,1218.0654572679616,Prosumer
2023-02-28 17:00:00,user_005,17,0,1,False,0.8389570944050768,0.8387468294691356,13.720228944727928,13.719996713364612,5.0,0.0,0.0,0.0,10.0,0.5,-12.881271850322852,-12.881271850322852,0.0,0.0,12.881271850322852,12.881271850322852,0.4193734147345678,2436.9696613653923,9013.158264391985,1218.4848306826962,Prosumer
2023-02-28 18:00:00,user_005,18,0,1,False,0.0,0.0,31.149192761617417,31.149773340025707,5.0,0.0,0.0,0.0,10.0,0.5,-31.149192761617417,-31.149192761617417,0.0,0.0,31.149192761617417,31.149192761617417,0.0,2436.9696613653923,9044.308037732011,1218.4848306826962,Prosumer
2023-02-28 19:00:00,user_005,19,0,1,False,0.0,0.0,33.080196547592585,33.08031266327424,5.0,0.0,0.0,0.0,10.0,0.5,-33.080196547592585,-33.080196547592585,0.0,0.0,33.080196547592585,33.080196547592585,0.0,2436.9696613653923,9077.388350395286,1218.4848306826962,Prosumer
2023-02-28 20:00:00,user_005,20,0,1,False,0.0,0.0,23.392665226852476,23.39243299548916,5.0,0.0,0.0,0.0,10.0,0.5,-23.392665226852476,-23.392665226852476,0.0,0.0,23.392665226852476,23.392665226852476,0.0,2436.9696613653923,9100.780783390775,1218.4848306826962,Prosumer
2023-02-28 21:00:00,user_005,21,0,1,False,0.0,0.0,23.901251912515207,23.901716375241836,5.0,0.0,0.0,0.0,10.0,0.5,-23.901251912515207,-23.901251912515207,0.0,0.0,23.901251912515207,23.901251912515207,0.0,2436.9696613653923,9124.682499766017,1218.4848306826962,Prosumer
2023-02-28 22:00:00,user_005,22,0,1,False,0.0,0.0,16.66376147476223,16.663993706125545,5.0,0.0,0.0,0.0,10.0,0.5,-16.66376147476223,-16.66376147476223,0.0,0.0,16.66376147476223,16.66376147476223,0.0,2436.9696613653923,9141.346493472143,1218.4848306826962,Prosumer
2023-02-28 23:00:00,user_005,23,0,1,False,0.0,0.0,16.727625099674217,16.727857331037534,5.0,0.0,0.0,0.0,10.0,0.5,-16.727625099674217,-16.727625099674217,0.0,0.0,16.727625099674217,16.727625099674217,0.0,2436.9696613653923,9158.074350803181,1218.4848306826962,Prosumer
