timestamp,user_id,hour,minute,day_of_week,is_weekend,solar_generation_kw,solar_generation_kwh,consumption_kw,consumption_kwh,battery_capacity_kwh,battery_charge_kw,battery_discharge_kw,battery_power_kw,battery_soc_pct,battery_available_kwh,net_balance_kw,net_balance_kwh,grid_export_kw,grid_export_kwh,grid_import_kw,grid_import_kwh,carbon_offset_kg,cumulative_solar_kwh,cumulative_consumption_kwh,cumulative_carbon_offset_kg,user_type
2023-05-01 00:00:00,user_001,0,0,0,False,0.0,0.0,0.0,0.0,5.0,0.0,0.075,0.075,36.87,1.844,0.075,0.075,0.075,0.075,0,0.0,0.0,0.0,0.0,0.0,Prosumer
2023-05-01 01:00:00,user_001,1,0,0,False,0.0,0.0,0.0,0.0,5.0,0.0,0.075,0.075,35.37,1.769,0.075,0.075,0.075,0.075,0,0.0,0.0,0.0,0.0,0.0,Prosumer
2023-05-01 02:00:00,user_001,2,0,0,False,0.0,0.0,0.0,0.0,5.0,0.0,0.075,0.075,33.87,1.694,0.075,0.075,0.075,0.075,0,0.0,0.0,0.0,0.0,0.0,Prosumer
2023-05-01 03:00:00,user_001,3,0,0,False,0.0,0.0,0.0,0.0,5.0,0.0,0.075,0.075,32.37,1.619,0.075,0.075,0.075,0.075,0,0.0,0.0,0.0,0.0,0.0,Prosumer
2023-05-01 04:00:00,user_001,4,0,0,False,0.0,0.0,0.0,0.0,5.0,0.0,0.075,0.075,30.87,1.544,0.075,0.075,0.075,0.075,0,0.0,0.0,0.0,0.0,0.0,Prosumer
2023-05-01 05:00:00,user_001,5,0,0,False,0.016608742092510693,0.016297328178276116,0.0,0.0,5.0,0.0,0.059,0.059,29.69,1.484,0.07560874209251069,0.07560874209251069,0.07560874209251069,0.07560874209251069,0,0.0,0.008148664089138058,0.016297328178276116,0.0,0.008148664089138058,Prosumer
2023-05-01 06:00:00,user_001,6,0,0,False,0.5283656078179964,0.5284694124560746,0.0,0.0,5.0,0.434,0.0,-0.434,38.37,1.918,0.09436560781799636,0.09436560781799636,0.09436560781799636,0.09436560781799636,0,0.0,0.2642347062280373,0.5447667406343507,0.0,0.27238337031717536,Prosumer
2023-05-01 07:00:00,user_001,7,0,0,False,2.0096577931937936,2.0101768163841847,0.0,0.0,5.0,1.861,0.0,-1.861,75.6,3.78,0.14865779319379357,0.14865779319379357,0.14865779319379357,0.14865779319379357,0,0.0,1.0050884081920923,2.5549435570185355,0.0,1.2774717785092677,Prosumer
2023-05-01 08:00:00,user_001,8,0,0,False,3.516901138089139,3.516485919536826,0.0,0.0,5.0,0.97,0.0,-0.97,95.0,4.75,2.5469011380891393,2.5469011380891393,2.5469011380891393,2.5469011380891393,0,0.0,1.758242959768413,6.071429476555362,0.0,3.035714738277681,Prosumer
2023-05-01 09:00:00,user_001,9,0,0,False,4.123120224465779,4.122705005913467,0.0,0.0,5.0,0.0,0.0,0.0,95.0,4.75,4.123120224465779,4.123120224465779,4.123120224465779,4.123120224465779,0,0.0,2.0613525029567334,10.19413448246883,0.0,5.097067241234415,Prosumer
2023-05-01 10:00:00,user_001,10,0,0,False,4.627610765525792,4.627195546973479,0.0,0.0,5.0,0.0,0.0,0.0,95.0,4.75,4.627610765525792,4.627610765525792,4.627610765525792,4.627610765525792,0,0.0,2.3135977734867397,14.821330029442308,0.0,7.410665014721154,Prosumer
2023-05-01 11:00:00,user_001,11,0,0,False,5.199574321336629,5.200093344527019,0.0,0.0,5.0,0.0,0.0,0.0,95.0,4.75,5.199574321336629,5.199574321336629,5.199574321336629,5.199574321336629,0,0.0,2.6000466722635096,20.021423373969327,0.0,10.010711686984664,Prosumer
2023-05-01 12:00:00,user_001,12,0,0,False,5.3064930985571666,5.307012121747557,0.0,0.0,5.0,0.0,0.0,0.0,95.0,4.75,5.3064930985571666,5.3064930985571666,5.3064930985571666,5.3064930985571666,0,0.0,2.6535060608737786,25.328435495716885,0.0,12.664217747858443,Prosumer
2023-05-01 13:00:00,user_001,13,0,0,False,4.569480168202004,4.569480168202004,0.0,0.0,5.0,0.0,0.0,0.0,95.0,4.75,4.569480168202004,4.569480168202004,4.569480168202004,4.569480168202004,0,0.0,2.284740084101002,29.897915663918887,0.0,14.948957831959444,Prosumer
2023-05-01 14:00:00,user_001,14,0,0,False,4.045266745907135,4.044747722716744,0.0,0.0,5.0,0.0,0.0,0.0,95.0,4.75,4.045266745907135,4.045266745907135,4.045266745907135,4.045266745907135,0,0.0,2.022373861358372,33.94266338663563,0.0,16.971331693317815,Prosumer
2023-05-01 15:00:00,user_001,15,0,0,False,2.569164792435248,2.5690609877971693,0.0,0.0,5.0,0.0,0.0,0.0,95.0,4.75,2.569164792435248,2.569164792435248,2.569164792435248,2.569164792435248,0,0.0,1.2845304938985846,36.5117243744328,0.0,18.2558621872164,Prosumer
2023-05-01 16:00:00,user_001,16,0,0,False,2.0968536891794747,2.0965422752652403,0.0,0.0,5.0,0.0,0.0,0.0,95.0,4.75,2.0968536891794747,2.0968536891794747,2.0968536891794747,2.0968536891794747,0,0.0,1.0482711376326201,38.608266649698045,0.0,19.304133324849023,Prosumer
2023-05-01 17:00:00,user_001,17,0,0,False,1.1013672100096152,1.1016786239238496,0.0,0.0,5.0,0.0,0.0,0.0,95.0,4.75,1.1013672100096152,1.1013672100096152,1.1013672100096152,1.1013672100096152,0,0.0,0.5508393119619248,39.7099452736219,0.0,19.85497263681095,Prosumer
2023-05-01 18:00:00,user_001,18,0,0,False,0.055016458181441664,0.055327872095676245,0.0,0.0,5.0,0.0,0.096,0.096,93.08,4.654,0.15101645818144166,0.15101645818144166,0.15101645818144166,0.15101645818144166,0,0.0,0.027663936047838122,39.76527314571757,0.0,19.882636572858786,Prosumer
2023-05-01 19:00:00,user_001,19,0,0,False,0.0,0.0,0.0,0.0,5.0,0.0,0.14,0.14,90.28,4.514,0.14,0.14,0.14,0.14,0,0.0,0.0,39.76527314571757,0.0,19.882636572858786,Prosumer
2023-05-01 20:00:00,user_001,20,0,0,False,0.0,0.0,0.0,0.0,5.0,0.0,0.129,0.129,87.71,4.386,0.129,0.129,0.129,0.129,0,0.0,0.0,39.76527314571757,0.0,19.882636572858786,Prosumer
2023-05-01 21:00:00,user_001,21,0,0,False,0.0,0.0,0.0,0.0,5.0,0.0,0.112,0.112,85.46,4.273,0.112,0.112,0.112,0.112,0,0.0,0.0,39.76527314571757,0.0,19.882636572858786,Prosumer
2023-05-01 22:00:00,user_001,22,0,0,False,0.0,0.0,0.0,0.0,5.0,0.0,0.075,0.075,83.96,4.198,0.075,0.075,0.075,0.075,0,0.0,0.0,39.76527314571757,0.0,19.882636572858786,Prosumer
2023-05-01 23:00:00,user_001,23,0,0,False,0.0,0.0,0.0,0.0,5.0,0.0,0.075,0.075,82.46,4.123,0.075,0.075,0.075,0.075,0,0.0,0.0,39.76527314571757,0.0,19.882636572858786,Prosumer
2023-05-02 00:00:00,user_001,0,0,1,False,0.0,0.0,0.0,0.0,5.0,0.0,0.075,0.075,80.96,4.048,0.075,0.075,0.075,0.075,0,0.0,0.0,39.76527314571757,0.0,19.882636572858786,Prosumer
2023-05-02 01:00:00,user_001,1,0,1,False,0.0,0.0,0.0,0.0,5.0,0.0,0.075,0.075,79.46,3.973,0.075,0.075,0.075,0.075,0,0.0,0.0,39.76527314571757,0.0,19.882636572858786,Prosumer
2023-05-02 02:00:00,user_001,2,0,1,False,0.0,0.0,0.0,0.0,5.0,0.0,0.075,0.075,77.96,3.898,0.075,0.075,0.075,0.075,0,0.0,0.0,39.76527314571757,0.0,19.882636572858786,Prosumer
2023-05-02 03:00:00,user_001,3,0,1,False,0.0,0.0,0.0,0.0,5.0,0.0,0.075,0.075,76.46,3.823,0.075,0.075,0.075,0.075,0,0.0,0.0,39.76527314571757,0.0,19.882636572858786,Prosumer
2023-05-02 04:00:00,user_001,4,0,1,False,0.0,0.0,0.0,0.0,5.0,0.0,0.075,0.075,74.96,3.748,0.075,0.075,0.075,0.075,0,0.0,0.0,39.76527314571757,0.0,19.882636572858786,Prosumer
2023-05-02 05:00:00,user_001,5,0,1,False,0.020760927615638365,0.021176146167951132,0.0,0.0,5.0,0.0,0.055,0.055,73.87,3.693,0.07576092761563837,0.07576092761563837,0.07576092761563837,0.07576092761563837,0,0.0,0.010588073083975566,39.786449291885525,0.0,19.893224645942762,Prosumer
2023-05-02 06:00:00,user_001,6,0,1,False,0.7100237244548321,0.7103351383690667,0.0,0.0,5.0,0.609,0.0,-0.609,86.05,4.303,0.1010237244548321,0.1010237244548321,0.1010237244548321,0.1010237244548321,0,0.0,0.35516756918453335,40.49678443025459,0.0,20.248392215127296,Prosumer
2023-05-02 07:00:00,user_001,7,0,1,False,2.40826760341405,2.4086828219663627,0.0,0.0,5.0,0.447,0.0,-0.447,95.0,4.75,1.9612676034140502,1.9612676034140502,1.9612676034140502,1.9612676034140502,0,0.0,1.2043414109831814,42.90546725222096,0.0,21.45273362611048,Prosumer
2023-05-02 08:00:00,user_001,8,0,1,False,3.2376666616588032,3.2376666616588032,0.0,0.0,5.0,0.0,0.0,0.0,95.0,4.75,3.2376666616588032,3.2376666616588032,3.2376666616588032,3.2376666616588032,0,0.0,1.6188333308294016,46.143133913879765,0.0,23.071566956939883,Prosumer
2023-05-02 09:00:00,user_001,9,0,1,False,3.9694893601100554,3.9695931647481335,0.0,0.0,5.0,0.0,0.0,0.0,95.0,4.75,3.9694893601100554,3.9694893601100554,3.9694893601100554,3.9694893601100554,0,0.0,1.9847965823740668,50.1127270786279,0.0,25.05636353931395,Prosumer
2023-05-02 10:00:00,user_001,10,0,1,False,4.6172303017179726,4.617437910994129,0.0,0.0,5.0,0.0,0.0,0.0,95.0,4.75,4.6172303017179726,4.6172303017179726,4.6172303017179726,4.6172303017179726,0,0.0,2.3087189554970644,54.730164989622025,0.0,27.365082494811013,Prosumer
2023-05-02 11:00:00,user_001,11,0,1,False,5.555624229944827,5.555935643859061,0.0,0.0,5.0,0.0,0.0,0.0,95.0,4.75,5.555624229944827,5.555624229944827,5.555624229944827,5.555624229944827,0,0.0,2.7779678219295305,60.286100633481084,0.0,30.143050316740542,Prosumer
2023-05-02 12:00:00,user_001,12,0,1,False,5.0656663382157605,5.06514731502537,0.0,0.0,5.0,0.0,0.0,0.0,95.0,4.75,5.0656663382157605,5.0656663382157605,5.0656663382157605,5.0656663382157605,0,0.0,2.532573657512685,65.35124794850645,0.0,32.67562397425323,Prosumer
2023-05-02 13:00:00,user_001,13,0,1,False,5.380194391592682,5.379986782316526,0.0,0.0,5.0,0.0,0.0,0.0,95.0,4.75,5.380194391592682,5.380194391592682,5.380194391592682,5.380194391592682,0,0.0,2.689993391158263,70.73123473082298,0.0,35.36561736541149,Prosumer
2023-05-02 14:00:00,user_001,14,0,1,False,4.449066788031301,4.448755374117067,0.0,0.0,5.0,0.0,0.0,0.0,95.0,4.75,4.449066788031301,4.449066788031301,4.449066788031301,4.449066788031301,0,0.0,2.2243776870585337,75.17999010494005,0.0,37.58999505247002,Prosumer
2023-05-02 15:00:00,user_001,15,0,1,False,3.671570048825645,3.6719852673779574,0.0,0.0,5.0,0.0,0.0,0.0,95.0,4.75,3.671570048825645,3.671570048825645,3.671570048825645,3.671570048825645,0,0.0,1.8359926336889787,78.85197537231801,0.0,39.425987686159004,Prosumer
2023-05-02 16:00:00,user_001,16,0,1,False,2.0252284889055225,2.025539902819757,0.0,0.0,5.0,0.0,0.0,0.0,95.0,4.75,2.0252284889055225,2.0252284889055225,2.0252284889055225,2.0252284889055225,0,0.0,1.0127699514098785,80.87751527513777,0.0,40.438757637568884,Prosumer
2023-05-02 17:00:00,user_001,17,0,1,False,0.8325131973870985,0.8325131973870985,0.0,0.0,5.0,0.0,0.0,0.0,95.0,4.75,0.8325131973870985,0.8325131973870985,0.8325131973870985,0.8325131973870985,0,0.0,0.41625659869354925,81.71002847252487,0.0,40.855014236262434,Prosumer
2023-05-02 18:00:00,user_001,18,0,1,False,0.0,0.0,0.0,0.0,5.0,0.0,0.148,0.148,92.04,4.602,0.148,0.148,0.148,0.148,0,0.0,0.0,81.71002847252487,0.0,40.855014236262434,Prosumer
2023-05-02 19:00:00,user_001,19,0,1,False,0.0,0.0,0.0,0.0,5.0,0.0,0.132,0.132,89.4,4.47,0.132,0.132,0.132,0.132,0,0.0,0.0,81.71002847252487,0.0,40.855014236262434,Prosumer
2023-05-02 20:00:00,user_001,20,0,1,False,0.0,0.0,0.0,0.0,5.0,0.0,0.129,0.129,86.83,4.341,0.129,0.129,0.129,0.129,0,0.0,0.0,81.71002847252487,0.0,40.855014236262434,Prosumer
2023-05-02 21:00:00,user_001,21,0,1,False,0.0,0.0,0.0,0.0,5.0,0.0,0.116,0.116,84.51,4.226,0.116,0.116,0.116,0.116,0,0.0,0.0,81.71002847252487,0.0,40.855014236262434,Prosumer
2023-05-02 22:00:00,user_001,22,0,1,False,0.0,0.0,0.0,0.0,5.0,0.0,0.075,0.075,83.01,4.151,0.075,0.075,0.075,0.075,0,0.0,0.0,81.71002847252487,0.0,40.855014236262434,Prosumer
2023-05-02 23:00:00,user_001,23,0,1,False,0.0,0.0,0.0,0.0,5.0,0.0,0.075,0.075,81.51,4.076,0.075,0.075,0.075,0.075,0,0.0,0.0,81.71002847252487,0.0,40.855014236262434,Prosumer
2023-05-03 00:00:00,user_001,0,0,2,False,0.0,0.0,0.0,0.0,5.0,0.0,0.075,0.075,80.01,4.001,0.075,0.075,0.075,0.075,0,0.0,0.0,81.71002847252487,0.0,40.855014236262434,Prosumer
2023-05-03 01:00:00,user_001,1,0,2,False,0.0,0.0,0.0,0.0,5.0,0.0,0.075,0.075,78.51,3.926,0.075,0.075,0.075,0.075,0,0.0,0.0,81.71002847252487,0.0,40.855014236262434,Prosumer
2023-05-03 02:00:00,user_001,2,0,2,False,0.0,0.0,0.0,0.0,5.0,0.0,0.075,0.075,77.01,3.851,0.075,0.075,0.075,0.075,0,0.0,0.0,81.71002847252487,0.0,40.855014236262434,Prosumer
2023-05-03 03:00:00,user_001,3,0,2,False,0.0,0.0,0.0,0.0,5.0,0.0,0.075,0.075,75.51,3.776,0.075,0.075,0.075,0.075,0,0.0,0.0,81.71002847252487,0.0,40.855014236262434,Prosumer
2023-05-03 04:00:00,user_001,4,0,2,False,0.0,0.0,0.0,0.0,5.0,0.0,0.075,0.075,74.01,3.701,0.075,0.075,0.075,0.075,0,0.0,0.0,81.71002847252487,0.0,40.855014236262434,Prosumer
2023-05-03 05:00:00,user_001,5,0,2,False,0.0,0.0,0.0,0.0,5.0,0.0,0.075,0.075,72.51,3.626,0.075,0.075,0.075,0.075,0,0.0,0.0,81.71002847252487,0.0,40.855014236262434,Prosumer
2023-05-03 06:00:00,user_001,6,0,2,False,0.0,0.0,0.0,0.0,5.0,0.0,0.075,0.075,71.01,3.551,0.075,0.075,0.075,0.075,0,0.0,0.0,81.71002847252487,0.0,40.855014236262434,Prosumer
2023-05-03 07:00:00,user_001,7,0,2,False,0.0,0.0,0.0,0.0,5.0,0.0,0.075,0.075,69.51,3.476,0.075,0.075,0.075,0.075,0,0.0,0.0,81.71002847252487,0.0,40.855014236262434,Prosumer
2023-05-03 08:00:00,user_001,8,0,2,False,0.0,0.0,0.0,0.0,5.0,0.0,0.076,0.076,67.98,3.399,0.076,0.076,0.076,0.076,0,0.0,0.0,81.71002847252487,0.0,40.855014236262434,Prosumer
2023-05-03 09:00:00,user_001,9,0,2,False,0.0,0.0,0.0,0.0,5.0,0.0,0.075,0.075,66.48,3.324,0.075,0.075,0.075,0.075,0,0.0,0.0,81.71002847252487,0.0,40.855014236262434,Prosumer
2023-05-03 10:00:00,user_001,10,0,2,False,0.0,0.0,0.0,0.0,5.0,0.0,0.077,0.077,64.94,3.247,0.077,0.077,0.077,0.077,0,0.0,0.0,81.71002847252487,0.0,40.855014236262434,Prosumer
2023-05-03 11:00:00,user_001,11,0,2,False,0.0,0.0,0.0,0.0,5.0,0.0,0.076,0.076,63.42,3.171,0.076,0.076,0.076,0.076,0,0.0,0.0,81.71002847252487,0.0,40.855014236262434,Prosumer
2023-05-03 12:00:00,user_001,12,0,2,False,0.0,0.0,0.0,0.0,5.0,0.0,0.077,0.077,61.88,3.094,0.077,0.077,0.077,0.077,0,0.0,0.0,81.71002847252487,0.0,40.855014236262434,Prosumer
2023-05-03 13:00:00,user_001,13,0,2,False,0.0,0.0,0.0,0.0,5.0,0.0,0.077,0.077,60.34,3.017,0.077,0.077,0.077,0.077,0,0.0,0.0,81.71002847252487,0.0,40.855014236262434,Prosumer
2023-05-03 14:00:00,user_001,14,0,2,False,0.0,0.0,0.0,0.0,5.0,0.0,0.075,0.075,58.84,2.942,0.075,0.075,0.075,0.075,0,0.0,0.0,81.71002847252487,0.0,40.855014236262434,Prosumer
2023-05-03 15:00:00,user_001,15,0,2,False,0.0,0.0,0.0,0.0,5.0,0.0,0.076,0.076,57.31,2.866,0.076,0.076,0.076,0.076,0,0.0,0.0,81.71002847252487,0.0,40.855014236262434,Prosumer
2023-05-03 16:00:00,user_001,16,0,2,False,0.0,0.0,0.0,0.0,5.0,0.0,0.077,0.077,55.76,2.788,0.077,0.077,0.077,0.077,0,0.0,0.0,81.71002847252487,0.0,40.855014236262434,Prosumer
2023-05-03 17:00:00,user_001,17,0,2,False,0.0,0.0,0.0,0.0,5.0,0.0,0.075,0.075,54.26,2.713,0.075,0.075,0.075,0.075,0,0.0,0.0,81.71002847252487,0.0,40.855014236262434,Prosumer
2023-05-03 18:00:00,user_001,18,0,2,False,0.0,0.0,0.0,0.0,5.0,0.0,0.157,0.157,51.12,2.556,0.157,0.157,0.157,0.157,0,0.0,0.0,81.71002847252487,0.0,40.855014236262434,Prosumer
2023-05-03 19:00:00,user_001,19,0,2,False,0.0,0.0,0.0,0.0,5.0,0.0,0.134,0.134,48.45,2.422,0.134,0.134,0.134,0.134,0,0.0,0.0,81.71002847252487,0.0,40.855014236262434,Prosumer
2023-05-03 20:00:00,user_001,20,0,2,False,0.0,0.0,0.0,0.0,5.0,0.0,0.129,0.129,45.87,2.293,0.129,0.129,0.129,0.129,0,0.0,0.0,81.71002847252487,0.0,40.855014236262434,Prosumer
2023-05-03 21:00:00,user_001,21,0,2,False,0.0,0.0,0.0,0.0,5.0,0.0,0.114,0.114,43.58,2.179,0.114,0.114,0.114,0.114,0,0.0,0.0,81.71002847252487,0.0,40.855014236262434,Prosumer
2023-05-03 22:00:00,user_001,22,0,2,False,0.0,0.0,0.0,0.0,5.0,0.0,0.075,0.075,42.08,2.104,0.075,0.075,0.075,0.075,0,0.0,0.0,81.71002847252487,0.0,40.855014236262434,Prosumer
2023-05-03 23:00:00,user_001,23,0,2,False,0.0,0.0,0.0,0.0,5.0,0.0,0.075,0.075,40.58,2.029,0.075,0.075,0.075,0.075,0,0.0,0.0,81.71002847252487,0.0,40.855014236262434,Prosumer
2023-05-04 00:00:00,user_001,0,0,3,False,0.0,0.0,0.0,0.0,5.0,0.0,0.075,0.075,39.08,1.954,0.075,0.075,0.075,0.075,0,0.0,0.0,81.71002847252487,0.0,40.855014236262434,Prosumer
2023-05-04 01:00:00,user_001,1,0,3,False,0.0,0.0,0.0,0.0,5.0,0.0,0.075,0.075,37.58,1.879,0.075,0.075,0.075,0.075,0,0.0,0.0,81.71002847252487,0.0,40.855014236262434,Prosumer
2023-05-04 02:00:00,user_001,2,0,3,False,0.0,0.0,0.0,0.0,5.0,0.0,0.075,0.075,36.08,1.804,0.075,0.075,0.075,0.075,0,0.0,0.0,81.71002847252487,0.0,40.855014236262434,Prosumer
2023-05-04 03:00:00,user_001,3,0,3,False,0.0,0.0,0.0,0.0,5.0,0.0,0.075,0.075,34.58,1.729,0.075,0.075,0.075,0.075,0,0.0,0.0,81.71002847252487,0.0,40.855014236262434,Prosumer
2023-05-04 04:00:00,user_001,4,0,3,False,0.0,0.0,0.0,0.0,5.0,0.0,0.075,0.075,33.08,1.654,0.075,0.075,0.075,0.075,0,0.0,0.0,81.71002847252487,0.0,40.855014236262434,Prosumer
2023-05-04 05:00:00,user_001,5,0,3,False,0.0,0.0,0.0,0.0,5.0,0.0,0.075,0.075,31.58,1.579,0.075,0.075,0.075,0.075,0,0.0,0.0,81.71002847252487,0.0,40.855014236262434,Prosumer
2023-05-04 06:00:00,user_001,6,0,3,False,0.0,0.0,0.0,0.0,5.0,0.0,0.075,0.075,30.08,1.504,0.075,0.075,0.075,0.075,0,0.0,0.0,81.71002847252487,0.0,40.855014236262434,Prosumer
2023-05-04 07:00:00,user_001,7,0,3,False,0.0,0.0,0.0,0.0,5.0,0.0,0.075,0.075,28.58,1.429,0.075,0.075,0.075,0.075,0,0.0,0.0,81.71002847252487,0.0,40.855014236262434,Prosumer
2023-05-04 08:00:00,user_001,8,0,3,False,0.0,0.0,0.0,0.0,5.0,0.0,0.077,0.077,27.05,1.352,0.077,0.077,0.077,0.077,0,0.0,0.0,81.71002847252487,0.0,40.855014236262434,Prosumer
2023-05-04 09:00:00,user_001,9,0,3,False,0.0,0.0,0.0,0.0,5.0,0.0,0.079,0.079,25.47,1.274,0.079,0.079,0.079,0.079,0,0.0,0.0,81.71002847252487,0.0,40.855014236262434,Prosumer
2023-05-04 10:00:00,user_001,10,0,3,False,0.0,0.0,0.0,0.0,5.0,0.0,0.075,0.075,23.97,1.199,0.075,0.075,0.075,0.075,0,0.0,0.0,81.71002847252487,0.0,40.855014236262434,Prosumer
2023-05-04 11:00:00,user_001,11,0,3,False,0.0,0.0,0.0,0.0,5.0,0.0,0.076,0.076,22.46,1.123,0.076,0.076,0.076,0.076,0,0.0,0.0,81.71002847252487,0.0,40.855014236262434,Prosumer
2023-05-04 12:00:00,user_001,12,0,3,False,0.0,0.0,0.0,0.0,5.0,0.0,0.075,0.075,20.96,1.048,0.075,0.075,0.075,0.075,0,0.0,0.0,81.71002847252487,0.0,40.855014236262434,Prosumer
2023-05-04 13:00:00,user_001,13,0,3,False,0.0,0.0,0.0,0.0,5.0,0.0,0.075,0.075,19.46,0.973,0.075,0.075,0.075,0.075,0,0.0,0.0,81.71002847252487,0.0,40.855014236262434,Prosumer
2023-05-04 14:00:00,user_001,14,0,3,False,0.0,0.0,0.0,0.0,5.0,0.0,0.076,0.076,17.93,0.897,0.076,0.076,0.076,0.076,0,0.0,0.0,81.71002847252487,0.0,40.855014236262434,Prosumer
2023-05-04 15:00:00,user_001,15,0,3,False,0.0,0.0,0.0,0.0,5.0,0.0,0.078,0.078,16.38,0.819,0.078,0.078,0.078,0.078,0,0.0,0.0,81.71002847252487,0.0,40.855014236262434,Prosumer
2023-05-04 16:00:00,user_001,16,0,3,False,0.0,0.0,0.0,0.0,5.0,0.0,0.075,0.075,14.88,0.744,0.075,0.075,0.075,0.075,0,0.0,0.0,81.71002847252487,0.0,40.855014236262434,Prosumer
2023-05-04 17:00:00,user_001,17,0,3,False,0.0,0.0,0.0,0.0,5.0,0.0,0.075,0.075,13.38,0.669,0.075,0.075,0.075,0.075,0,0.0,0.0,81.71002847252487,0.0,40.855014236262434,Prosumer
2023-05-04 18:00:00,user_001,18,0,3,False,0.0,0.0,0.0,0.0,5.0,0.0,0.155,0.155,10.28,0.514,0.155,0.155,0.155,0.155,0,0.0,0.0,81.71002847252487,0.0,40.855014236262434,Prosumer
2023-05-04 19:00:00,user_001,19,0,3,False,0.0,0.0,0.0,0.0,5.0,0.0,0.014,0.014,10.0,0.5,0.014,0.014,0.014,0.014,0,0.0,0.0,81.71002847252487,0.0,40.855014236262434,Prosumer
2023-05-04 20:00:00,user_001,20,0,3,False,0.0,0.0,0.0,0.0,5.0,0.0,0.0,0.0,10.0,0.5,0.0,0.0,0.0,0.0,0,0.0,0.0,81.71002847252487,0.0,40.855014236262434,Prosumer
2023-05-04 21:00:00,user_001,21,0,3,False,0.0,0.0,0.0,0.0,5.0,0.0,0.0,0.0,10.0,0.5,0.0,0.0,0.0,0.0,0,0.0,0.0,81.71002847252487,0.0,40.855014236262434,Prosumer
2023-05-04 22:00:00,user_001,22,0,3,False,0.0,0.0,0.0,0.0,5.0,0.0,0.0,0.0,10.0,0.5,0.0,0.0,0.0,0.0,0,0.0,0.0,81.71002847252487,0.0,40.855014236262434,Prosumer
2023-05-04 23:00:00,user_001,23,0,3,False,0.0,0.0,0.0,0.0,5.0,0.0,0.0,0.0,10.0,0.5,0.0,0.0,0.0,0.0,0,0.0,0.0,81.71002847252487,0.0,40.855014236262434,Prosumer
2023-05-05 00:00:00,user_001,0,0,4,False,0.0,0.0,0.0,0.0,5.0,0.0,0.0,0.0,10.0,0.5,0.0,0.0,0.0,0.0,0,0.0,0.0,81.71002847252487,0.0,40.855014236262434,Prosumer
2023-05-05 01:00:00,user_001,1,0,4,False,0.0,0.0,0.0,0.0,5.0,0.0,0.0,0.0,10.0,0.5,0.0,0.0,0.0,0.0,0,0.0,0.0,81.71002847252487,0.0,40.855014236262434,Prosumer
2023-05-05 02:00:00,user_001,2,0,4,False,0.0,0.0,0.0,0.0,5.0,0.0,0.0,0.0,10.0,0.5,0.0,0.0,0.0,0.0,0,0.0,0.0,81.71002847252487,0.0,40.855014236262434,Prosumer
2023-05-05 03:00:00,user_001,3,0,4,False,0.0,0.0,0.0,0.0,5.0,0.0,0.0,0.0,10.0,0.5,0.0,0.0,0.0,0.0,0,0.0,0.0,81.71002847252487,0.0,40.855014236262434,Prosumer
2023-05-05 04:00:00,user_001,4,0,4,False,0.0,0.0,0.0,0.0,5.0,0.0,0.0,0.0,10.0,0.5,0.0,0.0,0.0,0.0,0,0.0,0.0,81.71002847252487,0.0,40.855014236262434,Prosumer
2023-05-05 05:00:00,user_001,5,0,4,False,0.0,0.0,0.0,0.0,5.0,0.0,0.0,0.0,10.0,0.5,0.0,0.0,0.0,0.0,0,0.0,0.0,81.71002847252487,0.0,40.855014236262434,Prosumer
2023-05-05 06:00:00,user_001,6,0,4,False,0.0,0.0,0.0,0.0,5.0,0.0,0.0,0.0,10.0,0.5,0.0,0.0,0.0,0.0,0,0.0,0.0,81.71002847252487,0.0,40.855014236262434,Prosumer
2023-05-05 07:00:00,user_001,7,0,4,False,0.0,0.0,0.0,0.0,5.0,0.0,0.0,0.0,10.0,0.5,0.0,0.0,0.0,0.0,0,0.0,0.0,81.71002847252487,0.0,40.855014236262434,Prosumer
2023-05-05 08:00:00,user_001,8,0,4,False,0.0,0.0,0.0,0.0,5.0,0.0,0.0,0.0,10.0,0.5,0.0,0.0,0.0,0.0,0,0.0,0.0,81.71002847252487,0.0,40.855014236262434,Prosumer
2023-05-05 09:00:00,user_001,9,0,4,False,0.0,0.0,0.0,0.0,5.0,0.0,0.0,0.0,10.0,0.5,0.0,0.0,0.0,0.0,0,0.0,0.0,81.71002847252487,0.0,40.855014236262434,Prosumer
2023-05-05 10:00:00,user_001,10,0,4,False,0.0,0.0,0.0,0.0,5.0,0.0,0.0,0.0,10.0,0.5,0.0,0.0,0.0,0.0,0,0.0,0.0,81.71002847252487,0.0,40.855014236262434,Prosumer
2023-05-05 11:00:00,user_001,11,0,4,False,0.0,0.0,0.0,0.0,5.0,0.0,0.0,0.0,10.0,0.5,0.0,0.0,0.0,0.0,0,0.0,0.0,81.71002847252487,0.0,40.855014236262434,Prosumer
2023-05-05 12:00:00,user_001,12,0,4,False,0.0,0.0,0.0,0.0,5.0,0.0,0.0,0.0,10.0,0.5,0.0,0.0,0.0,0.0,0,0.0,0.0,81.71002847252487,0.0,40.855014236262434,Prosumer
2023-05-05 13:00:00,user_001,13,0,4,False,0.0,0.0,0.0,0.0,5.0,0.0,0.0,0.0,10.0,0.5,0.0,0.0,0.0,0.0,0,0.0,0.0,81.71002847252487,0.0,40.855014236262434,Prosumer
2023-05-05 14:00:00,user_001,14,0,4,False,0.0,0.0,0.0,0.0,5.0,0.0,0.0,0.0,10.0,0.5,0.0,0.0,0.0,0.0,0,0.0,0.0,81.71002847252487,0.0,40.855014236262434,Prosumer
2023-05-05 15:00:00,user_001,15,0,4,False,0.0,0.0,0.0,0.0,5.0,0.0,0.0,0.0,10.0,0.5,0.0,0.0,0.0,0.0,0,0.0,0.0,81.71002847252487,0.0,40.855014236262434,Prosumer
2023-05-05 16:00:00,user_001,16,0,4,False,0.0,0.0,0.0,0.0,5.0,0.0,0.0,0.0,10.0,0.5,0.0,0.0,0.0,0.0,0,0.0,0.0,81.71002847252487,0.0,40.855014236262434,Prosumer
2023-05-05 17:00:00,user_001,17,0,4,False,0.0,0.0,0.0,0.0,5.0,0.0,0.0,0.0,10.0,0.5,0.0,0.0,0.0,0.0,0,0.0,0.0,81.71002847252487,0.0,40.855014236262434,Prosumer
2023-05-05 18:00:00,user_001,18,0,4,False,0.0,0.0,0.0,0.0,5.0,0.0,0.0,0.0,10.0,0.5,0.0,0.0,0.0,0.0,0,0.0,0.0,81.71002847252487,0.0,40.855014236262434,Prosumer
2023-05-05 19:00:00,user_001,19,0,4,False,0.0,0.0,0.0,0.0,5.0,0.0,0.0,0.0,10.0,0.5,0.0,0.0,0.0,0.0,0,0.0,0.0,81.71002847252487,0.0,40.855014236262434,Prosumer
2023-05-05 20:00:00,user_001,20,0,4,False,0.0,0.0,0.0,0.0,5.0,0.0,0.0,0.0,10.0,0.5,0.0,0.0,0.0,0.0,0,0.0,0.0,81.71002847252487,0.0,40.855014236262434,Prosumer
2023-05-05 21:00:00,user_001,21,0,4,False,0.0,0.0,0.0,0.0,5.0,0.0,0.0,0.0,10.0,0.5,0.0,0.0,0.0,0.0,0,0.0,0.0,81.71002847252487,0.0,40.855014236262434,Prosumer
2023-05-05 22:00:00,user_001,22,0,4,False,0.0,0.0,0.0,0.0,5.0,0.0,0.0,0.0,10.0,0.5,0.0,0.0,0.0,0.0,0,0.0,0.0,81.71002847252487,0.0,40.855014236262434,Prosumer
2023-05-05 23:00:00,user_001,23,0,4,False,0.0,0.0,0.0,0.0,5.0,0.0,0.0,0.0,10.0,0.5,0.0,0.0,0.0,0.0,0,0.0,0.0,81.71002847252487,0.0,40.855014236262434,Prosumer
2023-05-06 00:00:00,user_001,0,0,5,True,0.0,0.0,0.0,0.0,5.0,0.0,0.0,0.0,10.0,0.5,0.0,0.0,0.0,0.0,0,0.0,0.0,81.71002847252487,0.0,40.855014236262434,Prosumer
2023-05-06 01:00:00,user_001,1,0,5,True,0.0,0.0,0.0,0.0,5.0,0.0,0.0,0.0,10.0,0.5,0.0,0.0,0.0,0.0,0,0.0,0.0,81.71002847252487,0.0,40.855014236262434,Prosumer
2023-05-06 02:00:00,user_001,2,0,5,True,0.0,0.0,0.0,0.0,5.0,0.0,0.0,0.0,10.0,0.5,0.0,0.0,0.0,0.0,0,0.0,0.0,81.71002847252487,0.0,40.855014236262434,Prosumer
2023-05-06 03:00:00,user_001,3,0,5,True,0.0,0.0,0.0,0.0,5.0,0.0,0.0,0.0,10.0,0.5,0.0,0.0,0.0,0.0,0,0.0,0.0,81.71002847252487,0.0,40.855014236262434,Prosumer
2023-05-06 04:00:00,user_001,4,0,5,True,0.0,0.0,0.0,0.0,5.0,0.0,0.0,0.0,10.0,0.5,0.0,0.0,0.0,0.0,0,0.0,0.0,81.71002847252487,0.0,40.855014236262434,Prosumer
2023-05-06 05:00:00,user_001,5,0,5,True,0.0,0.0,0.0,0.0,5.0,0.0,0.0,0.0,10.0,0.5,0.0,0.0,0.0,0.0,0,0.0,0.0,81.71002847252487,0.0,40.855014236262434,Prosumer
2023-05-06 06:00:00,user_001,6,0,5,True,0.0,0.0,0.0,0.0,5.0,0.0,0.0,0.0,10.0,0.5,0.0,0.0,0.0,0.0,0,0.0,0.0,81.71002847252487,0.0,40.855014236262434,Prosumer
2023-05-06 07:00:00,user_001,7,0,5,True,0.0,0.0,0.0,0.0,5.0,0.0,0.0,0.0,10.0,0.5,0.0,0.0,0.0,0.0,0,0.0,0.0,81.71002847252487,0.0,40.855014236262434,Prosumer
2023-05-06 08:00:00,user_001,8,0,5,True,0.0,0.0,0.0,0.0,5.0,0.0,0.0,0.0,10.0,0.5,0.0,0.0,0.0,0.0,0,0.0,0.0,81.71002847252487,0.0,40.855014236262434,Prosumer
2023-05-06 09:00:00,user_001,9,0,5,True,0.0,0.0,0.0,0.0,5.0,0.0,0.0,0.0,10.0,0.5,0.0,0.0,0.0,0.0,0,0.0,0.0,81.71002847252487,0.0,40.855014236262434,Prosumer
2023-05-06 10:00:00,user_001,10,0,5,True,0.0,0.0,0.0,0.0,5.0,0.0,0.0,0.0,10.0,0.5,0.0,0.0,0.0,0.0,0,0.0,0.0,81.71002847252487,0.0,40.855014236262434,Prosumer
2023-05-06 11:00:00,user_001,11,0,5,True,0.0,0.0,0.0,0.0,5.0,0.0,0.0,0.0,10.0,0.5,0.0,0.0,0.0,0.0,0,0.0,0.0,81.71002847252487,0.0,40.855014236262434,Prosumer
2023-05-06 12:00:00,user_001,12,0,5,True,0.0,0.0,0.0,0.0,5.0,0.0,0.0,0.0,10.0,0.5,0.0,0.0,0.0,0.0,0,0.0,0.0,81.71002847252487,0.0,40.855014236262434,Prosumer
2023-05-06 13:00:00,user_001,13,0,5,True,0.0,0.0,0.0,0.0,5.0,0.0,0.0,0.0,10.0,0.5,0.0,0.0,0.0,0.0,0,0.0,0.0,81.71002847252487,0.0,40.855014236262434,Prosumer
2023-05-06 14:00:00,user_001,14,0,5,True,0.0,0.0,0.0,0.0,5.0,0.0,0.0,0.0,10.0,0.5,0.0,0.0,0.0,0.0,0,0.0,0.0,81.71002847252487,0.0,40.855014236262434,Prosumer
2023-05-06 15:00:00,user_001,15,0,5,True,0.0,0.0,0.0,0.0,5.0,0.0,0.0,0.0,10.0,0.5,0.0,0.0,0.0,0.0,0,0.0,0.0,81.71002847252487,0.0,40.855014236262434,Prosumer
2023-05-06 16:00:00,user_001,16,0,5,True,0.0,0.0,0.0,0.0,5.0,0.0,0.0,0.0,10.0,0.5,0.0,0.0,0.0,0.0,0,0.0,0.0,81.71002847252487,0.0,40.855014236262434,Prosumer
2023-05-06 17:00:00,user_001,17,0,5,True,0.0,0.0,0.0,0.0,5.0,0.0,0.0,0.0,10.0,0.5,0.0,0.0,0.0,0.0,0,0.0,0.0,81.71002847252487,0.0,40.855014236262434,Prosumer
2023-05-06 18:00:00,user_001,18,0,5,True,0.0,0.0,0.0,0.0,5.0,0.0,0.0,0.0,10.0,0.5,0.0,0.0,0.0,0.0,0,0.0,0.0,81.71002847252487,0.0,40.855014236262434,Prosumer
2023-05-06 19:00:00,user_001,19,0,5,True,0.0,0.0,0.0,0.0,5.0,0.0,0.0,0.0,10.0,0.5,0.0,0.0,0.0,0.0,0,0.0,0.0,81.71002847252487,0.0,40.855014236262434,Prosumer
2023-05-06 20:00:00,user_001,20,0,5,True,0.0,0.0,0.0,0.0,5.0,0.0,0.0,0.0,10.0,0.5,0.0,0.0,0.0,0.0,0,0.0,0.0,81.71002847252487,0.0,40.855014236262434,Prosumer
2023-05-06 21:00:00,user_001,21,0,5,True,0.0,0.0,0.0,0.0,5.0,0.0,0.0,0.0,10.0,0.5,0.0,0.0,0.0,0.0,0,0.0,0.0,81.71002847252487,0.0,40.855014236262434,Prosumer
2023-05-06 22:00:00,user_001,22,0,5,True,0.0,0.0,0.0,0.0,5.0,0.0,0.0,0.0,10.0,0.5,0.0,0.0,0.0,0.0,0,0.0,0.0,81.71002847252487,0.0,40.855014236262434,Prosumer
2023-05-06 23:00:00,user_001,23,0,5,True,0.0,0.0,0.0,0.0,5.0,0.0,0.0,0.0,10.0,0.5,0.0,0.0,0.0,0.0,0,0.0,0.0,81.71002847252487,0.0,40.855014236262434,Prosumer
2023-05-07 00:00:00,user_001,0,0,6,True,0.0,0.0,0.0,0.0,5.0,0.0,0.0,0.0,10.0,0.5,0.0,0.0,0.0,0.0,0,0.0,0.0,81.71002847252487,0.0,40.855014236262434,Prosumer
2023-05-07 01:00:00,user_001,1,0,6,True,0.0,0.0,0.0,0.0,5.0,0.0,0.0,0.0,10.0,0.5,0.0,0.0,0.0,0.0,0,0.0,0.0,81.71002847252487,0.0,40.855014236262434,Prosumer
2023-05-07 02:00:00,user_001,2,0,6,True,0.0,0.0,0.0,0.0,5.0,0.0,0.0,0.0,10.0,0.5,0.0,0.0,0.0,0.0,0,0.0,0.0,81.71002847252487,0.0,40.855014236262434,Prosumer
2023-05-07 03:00:00,user_001,3,0,6,True,0.0,0.0,0.0,0.0,5.0,0.0,0.0,0.0,10.0,0.5,0.0,0.0,0.0,0.0,0,0.0,0.0,81.71002847252487,0.0,40.855014236262434,Prosumer
2023-05-07 04:00:00,user_001,4,0,6,True,0.0,0.0,0.0,0.0,5.0,0.0,0.0,0.0,10.0,0.5,0.0,0.0,0.0,0.0,0,0.0,0.0,81.71002847252487,0.0,40.855014236262434,Prosumer
2023-05-07 05:00:00,user_001,5,0,6,True,0.0,0.0,0.0,0.0,5.0,0.0,0.0,0.0,10.0,0.5,0.0,0.0,0.0,0.0,0,0.0,0.0,81.71002847252487,0.0,40.855014236262434,Prosumer
2023-05-07 06:00:00,user_001,6,0,6,True,0.0,0.0,0.0,0.0,5.0,0.0,0.0,0.0,10.0,0.5,0.0,0.0,0.0,0.0,0,0.0,0.0,81.71002847252487,0.0,40.855014236262434,Prosumer
2023-05-07 07:00:00,user_001,7,0,6,True,0.0,0.0,0.0,0.0,5.0,0.0,0.0,0.0,10.0,0.5,0.0,0.0,0.0,0.0,0,0.0,0.0,81.71002847252487,0.0,40.855014236262434,Prosumer
2023-05-07 08:00:00,user_001,8,0,6,True,0.0,0.0,0.0,0.0,5.0,0.0,0.0,0.0,10.0,0.5,0.0,0.0,0.0,0.0,0,0.0,0.0,81.71002847252487,0.0,40.855014236262434,Prosumer
2023-05-07 09:00:00,user_001,9,0,6,True,0.0,0.0,0.0,0.0,5.0,0.0,0.0,0.0,10.0,0.5,0.0,0.0,0.0,0.0,0,0.0,0.0,81.71002847252487,0.0,40.855014236262434,Prosumer
2023-05-07 10:00:00,user_001,10,0,6,True,0.0,0.0,0.0,0.0,5.0,0.0,0.0,0.0,10.0,0.5,0.0,0.0,0.0,0.0,0,0.0,0.0,81.71002847252487,0.0,40.855014236262434,Prosumer
2023-05-07 11:00:00,user_001,11,0,6,True,0.0,0.0,0.0,0.0,5.0,0.0,0.0,0.0,10.0,0.5,0.0,0.0,0.0,0.0,0,0.0,0.0,81.71002847252487,0.0,40.855014236262434,Prosumer
2023-05-07 12:00:00,user_001,12,0,6,True,0.0,0.0,0.0,0.0,5.0,0.0,0.0,0.0,10.0,0.5,0.0,0.0,0.0,0.0,0,0.0,0.0,81.71002847252487,0.0,40.855014236262434,Prosumer
2023-05-07 13:00:00,user_001,13,0,6,True,0.0,0.0,0.0,0.0,5.0,0.0,0.0,0.0,10.0,0.5,0.0,0.0,0.0,0.0,0,0.0,0.0,81.71002847252487,0.0,40.855014236262434,Prosumer
2023-05-07 14:00:00,user_001,14,0,6,True,0.0,0.0,0.0,0.0,5.0,0.0,0.0,0.0,10.0,0.5,0.0,0.0,0.0,0.0,0,0.0,0.0,81.71002847252487,0.0,40.855014236262434,Prosumer
2023-05-07 15:00:00,user_001,15,0,6,True,0.0,0.0,0.0,0.0,5.0,0.0,0.0,0.0,10.0,0.5,0.0,0.0,0.0,0.0,0,0.0,0.0,81.71002847252487,0.0,40.855014236262434,Prosumer
2023-05-07 16:00:00,user_001,16,0,6,True,0.0,0.0,0.0,0.0,5.0,0.0,0.0,0.0,10.0,0.5,0.0,0.0,0.0,0.0,0,0.0,0.0,81.71002847252487,0.0,40.855014236262434,Prosumer
2023-05-07 17:00:00,user_001,17,0,6,True,0.0,0.0,0.0,0.0,5.0,0.0,0.0,0.0,10.0,0.5,0.0,0.0,0.0,0.0,0,0.0,0.0,81.71002847252487,0.0,40.855014236262434,Prosumer
2023-05-07 18:00:00,user_001,18,0,6,True,0.0,0.0,0.0,0.0,5.0,0.0,0.0,0.0,10.0,0.5,0.0,0.0,0.0,0.0,0,0.0,0.0,81.71002847252487,0.0,40.855014236262434,Prosumer
2023-05-07 19:00:00,user_001,19,0,6,True,0.0,0.0,0.0,0.0,5.0,0.0,0.0,0.0,10.0,0.5,0.0,0.0,0.0,0.0,0,0.0,0.0,81.71002847252487,0.0,40.855014236262434,Prosumer
2023-05-07 20:00:00,user_001,20,0,6,True,0.0,0.0,0.0,0.0,5.0,0.0,0.0,0.0,10.0,0.5,0.0,0.0,0.0,0.0,0,0.0,0.0,81.71002847252487,0.0,40.855014236262434,Prosumer
2023-05-07 21:00:00,user_001,21,0,6,True,0.0,0.0,0.0,0.0,5.0,0.0,0.0,0.0,10.0,0.5,0.0,0.0,0.0,0.0,0,0.0,0.0,81.71002847252487,0.0,40.855014236262434,Prosumer
2023-05-07 22:00:00,user_001,22,0,6,True,0.0,0.0,0.0,0.0,5.0,0.0,0.0,0.0,10.0,0.5,0.0,0.0,0.0,0.0,0,0.0,0.0,81.71002847252487,0.0,40.855014236262434,Prosumer
2023-05-07 23:00:00,user_001,23,0,6,True,0.0,0.0,0.0,0.0,5.0,0.0,0.0,0.0,10.0,0.5,0.0,0.0,0.0,0.0,0,0.0,0.0,81.71002847252487,0.0,40.855014236262434,Prosumer
2023-05-08 00:00:00,user_001,0,0,0,False,0.0,0.0,0.0,0.0,5.0,0.0,0.0,0.0,10.0,0.5,0.0,0.0,0.0,0.0,0,0.0,0.0,81.71002847252487,0.0,40.855014236262434,Prosumer
2023-05-08 01:00:00,user_001,1,0,0,False,0.0,0.0,0.0,0.0,5.0,0.0,0.0,0.0,10.0,0.5,0.0,0.0,0.0,0.0,0,0.0,0.0,81.71002847252487,0.0,40.855014236262434,Prosumer
2023-05-08 02:00:00,user_001,2,0,0,False,0.0,0.0,0.0,0.0,5.0,0.0,0.0,0.0,10.0,0.5,0.0,0.0,0.0,0.0,0,0.0,0.0,81.71002847252487,0.0,40.855014236262434,Prosumer
2023-05-08 03:00:00,user_001,3,0,0,False,0.0,0.0,0.0,0.0,5.0,0.0,0.0,0.0,10.0,0.5,0.0,0.0,0.0,0.0,0,0.0,0.0,81.71002847252487,0.0,40.855014236262434,Prosumer
2023-05-08 04:00:00,user_001,4,0,0,False,0.0,0.0,0.0,0.0,5.0,0.0,0.0,0.0,10.0,0.5,0.0,0.0,0.0,0.0,0,0.0,0.0,81.71002847252487,0.0,40.855014236262434,Prosumer
2023-05-08 05:00:00,user_001,5,0,0,False,0.0,0.0,0.0,0.0,5.0,0.0,0.0,0.0,10.0,0.5,0.0,0.0,0.0,0.0,0,0.0,0.0,81.71002847252487,0.0,40.855014236262434,Prosumer
2023-05-08 06:00:00,user_001,6,0,0,False,0.0,0.0,0.0,0.0,5.0,0.0,0.0,0.0,10.0,0.5,0.0,0.0,0.0,0.0,0,0.0,0.0,81.71002847252487,0.0,40.855014236262434,Prosumer
2023-05-08 07:00:00,user_001,7,0,0,False,0.0,0.0,0.0,0.0,5.0,0.0,0.0,0.0,10.0,0.5,0.0,0.0,0.0,0.0,0,0.0,0.0,81.71002847252487,0.0,40.855014236262434,Prosumer
2023-05-08 08:00:00,user_001,8,0,0,False,0.0,0.0,0.0,0.0,5.0,0.0,0.0,0.0,10.0,0.5,0.0,0.0,0.0,0.0,0,0.0,0.0,81.71002847252487,0.0,40.855014236262434,Prosumer
2023-05-08 09:00:00,user_001,9,0,0,False,0.0,0.0,0.0,0.0,5.0,0.0,0.0,0.0,10.0,0.5,0.0,0.0,0.0,0.0,0,0.0,0.0,81.71002847252487,0.0,40.855014236262434,Prosumer
2023-05-08 10:00:00,user_001,10,0,0,False,0.0,0.0,0.0,0.0,5.0,0.0,0.0,0.0,10.0,0.5,0.0,0.0,0.0,0.0,0,0.0,0.0,81.71002847252487,0.0,40.855014236262434,Prosumer
2023-05-08 11:00:00,user_001,11,0,0,False,0.0,0.0,0.0,0.0,5.0,0.0,0.0,0.0,10.0,0.5,0.0,0.0,0.0,0.0,0,0.0,0.0,81.71002847252487,0.0,40.855014236262434,Prosumer
2023-05-08 12:00:00,user_001,12,0,0,False,0.0,0.0,0.0,0.0,5.0,0.0,0.0,0.0,10.0,0.5,0.0,0.0,0.0,0.0,0,0.0,0.0,81.71002847252487,0.0,40.855014236262434,Prosumer
2023-05-08 13:00:00,user_001,13,0,0,False,0.0,0.0,0.0,0.0,5.0,0.0,0.0,0.0,10.0,0.5,0.0,0.0,0.0,0.0,0,0.0,0.0,81.71002847252487,0.0,40.855014236262434,Prosumer
2023-05-08 14:00:00,user_001,14,0,0,False,0.0,0.0,0.0,0.0,5.0,0.0,0.0,0.0,10.0,0.5,0.0,0.0,0.0,0.0,0,0.0,0.0,81.71002847252487,0.0,40.855014236262434,Prosumer
2023-05-08 15:00:00,user_001,15,0,0,False,0.0,0.0,0.0,0.0,5.0,0.0,0.0,0.0,10.0,0.5,0.0,0.0,0.0,0.0,0,0.0,0.0,81.71002847252487,0.0,40.855014236262434,Prosumer
2023-05-08 16:00:00,user_001,16,0,0,False,0.0,0.0,0.0,0.0,5.0,0.0,0.0,0.0,10.0,0.5,0.0,0.0,0.0,0.0,0,0.0,0.0,81.71002847252487,0.0,40.855014236262434,Prosumer
2023-05-08 17:00:00,user_001,17,0,0,False,0.0,0.0,0.0,0.0,5.0,0.0,0.0,0.0,10.0,0.5,0.0,0.0,0.0,0.0,0,0.0,0.0,81.71002847252487,0.0,40.855014236262434,Prosumer
2023-05-08 18:00:00,user_001,18,0,0,False,0.0,0.0,0.0,0.0,5.0,0.0,0.0,0.0,10.0,0.5,0.0,0.0,0.0,0.0,0,0.0,0.0,81.71002847252487,0.0,40.855014236262434,Prosumer
2023-05-08 19:00:00,user_001,19,0,0,False,0.0,0.0,0.0,0.0,5.0,0.0,0.0,0.0,10.0,0.5,0.0,0.0,0.0,0.0,0,0.0,0.0,81.71002847252487,0.0,40.855014236262434,Prosumer
2023-05-08 20:00:00,user_001,20,0,0,False,0.0,0.0,0.0,0.0,5.0,0.0,0.0,0.0,10.0,0.5,0.0,0.0,0.0,0.0,0,0.0,0.0,81.71002847252487,0.0,40.855014236262434,Prosumer
2023-05-08 21:00:00,user_001,21,0,0,False,0.0,0.0,0.0,0.0,5.0,0.0,0.0,0.0,10.0,0.5,0.0,0.0,0.0,0.0,0,0.0,0.0,81.71002847252487,0.0,40.855014236262434,Prosumer
2023-05-08 22:00:00,user_001,22,0,0,False,0.0,0.0,0.0,0.0,5.0,0.0,0.0,0.0,10.0,0.5,0.0,0.0,0.0,0.0,0,0.0,0.0,81.71002847252487,0.0,40.855014236262434,Prosumer
2023-05-08 23:00:00,user_001,23,0,0,False,0.0,0.0,0.0,0.0,5.0,0.0,0.0,0.0,10.0,0.5,0.0,0.0,0.0,0.0,0,0.0,0.0,81.71002847252487,0.0,40.855014236262434,Prosumer
2023-05-09 00:00:00,user_001,0,0,1,False,0.0,0.0,0.0,0.0,5.0,0.0,0.0,0.0,10.0,0.5,0.0,0.0,0.0,0.0,0,0.0,0.0,81.71002847252487,0.0,40.855014236262434,Prosumer
2023-05-09 01:00:00,user_001,1,0,1,False,0.0,0.0,0.0,0.0,5.0,0.0,0.0,0.0,10.0,0.5,0.0,0.0,0.0,0.0,0,0.0,0.0,81.71002847252487,0.0,40.855014236262434,Prosumer
2023-05-09 02:00:00,user_001,2,0,1,False,0.0,0.0,0.0,0.0,5.0,0.0,0.0,0.0,10.0,0.5,0.0,0.0,0.0,0.0,0,0.0,0.0,81.71002847252487,0.0,40.855014236262434,Prosumer
2023-05-09 03:00:00,user_001,3,0,1,False,0.0,0.0,0.0,0.0,5.0,0.0,0.0,0.0,10.0,0.5,0.0,0.0,0.0,0.0,0,0.0,0.0,81.71002847252487,0.0,40.855014236262434,Prosumer
2023-05-09 04:00:00,user_001,4,0,1,False,0.0,0.0,0.0,0.0,5.0,0.0,0.0,0.0,10.0,0.5,0.0,0.0,0.0,0.0,0,0.0,0.0,81.71002847252487,0.0,40.855014236262434,Prosumer
2023-05-09 05:00:00,user_001,5,0,1,False,0.0,0.0,0.0,0.0,5.0,0.0,0.0,0.0,10.0,0.5,0.0,0.0,0.0,0.0,0,0.0,0.0,81.71002847252487,0.0,40.855014236262434,Prosumer
2023-05-09 06:00:00,user_001,6,0,1,False,0.0,0.0,0.0,0.0,5.0,0.0,0.0,0.0,10.0,0.5,0.0,0.0,0.0,0.0,0,0.0,0.0,81.71002847252487,0.0,40.855014236262434,Prosumer
2023-05-09 07:00:00,user_001,7,0,1,False,0.0,0.0,0.0,0.0,5.0,0.0,0.0,0.0,10.0,0.5,0.0,0.0,0.0,0.0,0,0.0,0.0,81.71002847252487,0.0,40.855014236262434,Prosumer
2023-05-09 08:00:00,user_001,8,0,1,False,0.0,0.0,0.0,0.0,5.0,0.0,0.0,0.0,10.0,0.5,0.0,0.0,0.0,0.0,0,0.0,0.0,81.71002847252487,0.0,40.855014236262434,Prosumer
2023-05-09 09:00:00,user_001,9,0,1,False,0.0,0.0,0.0,0.0,5.0,0.0,0.0,0.0,10.0,0.5,0.0,0.0,0.0,0.0,0,0.0,0.0,81.71002847252487,0.0,40.855014236262434,Prosumer
2023-05-09 10:00:00,user_001,10,0,1,False,0.0,0.0,0.0,0.0,5.0,0.0,0.0,0.0,10.0,0.5,0.0,0.0,0.0,0.0,0,0.0,0.0,81.71002847252487,0.0,40.855014236262434,Prosumer
2023-05-09 11:00:00,user_001,11,0,1,False,0.0,0.0,0.0,0.0,5.0,0.0,0.0,0.0,10.0,0.5,0.0,0.0,0.0,0.0,0,0.0,0.0,81.71002847252487,0.0,40.855014236262434,Prosumer
2023-05-09 12:00:00,user_001,12,0,1,False,0.0,0.0,0.0,0.0,5.0,0.0,0.0,0.0,10.0,0.5,0.0,0.0,0.0,0.0,0,0.0,0.0,81.71002847252487,0.0,40.855014236262434,Prosumer
2023-05-09 13:00:00,user_001,13,0,1,False,0.0,0.0,0.0,0.0,5.0,0.0,0.0,0.0,10.0,0.5,0.0,0.0,0.0,0.0,0,0.0,0.0,81.71002847252487,0.0,40.855014236262434,Prosumer
2023-05-09 14:00:00,user_001,14,0,1,False,0.0,0.0,0.0,0.0,5.0,0.0,0.0,0.0,10.0,0.5,0.0,0.0,0.0,0.0,0,0.0,0.0,81.71002847252487,0.0,40.855014236262434,Prosumer
2023-05-09 15:00:00,user_001,15,0,1,False,0.0,0.0,0.0,0.0,5.0,0.0,0.0,0.0,10.0,0.5,0.0,0.0,0.0,0.0,0,0.0,0.0,81.71002847252487,0.0,40.855014236262434,Prosumer
2023-05-09 16:00:00,user_001,16,0,1,False,0.0,0.0,0.0,0.0,5.0,0.0,0.0,0.0,10.0,0.5,0.0,0.0,0.0,0.0,0,0.0,0.0,81.71002847252487,0.0,40.855014236262434,Prosumer
2023-05-09 17:00:00,user_001,17,0,1,False,0.0,0.0,0.0,0.0,5.0,0.0,0.0,0.0,10.0,0.5,0.0,0.0,0.0,0.0,0,0.0,0.0,81.71002847252487,0.0,40.855014236262434,Prosumer
2023-05-09 18:00:00,user_001,18,0,1,False,0.0,0.0,0.0,0.0,5.0,0.0,0.0,0.0,10.0,0.5,0.0,0.0,0.0,0.0,0,0.0,0.0,81.71002847252487,0.0,40.855014236262434,Prosumer
2023-05-09 19:00:00,user_001,19,0,1,False,0.0,0.0,0.0,0.0,5.0,0.0,0.0,0.0,10.0,0.5,0.0,0.0,0.0,0.0,0,0.0,0.0,81.71002847252487,0.0,40.855014236262434,Prosumer
2023-05-09 20:00:00,user_001,20,0,1,False,0.0,0.0,0.0,0.0,5.0,0.0,0.0,0.0,10.0,0.5,0.0,0.0,0.0,0.0,0,0.0,0.0,81.71002847252487,0.0,40.855014236262434,Prosumer
2023-05-09 21:00:00,user_001,21,0,1,False,0.0,0.0,0.0,0.0,5.0,0.0,0.0,0.0,10.0,0.5,0.0,0.0,0.0,0.0,0,0.0,0.0,81.71002847252487,0.0,40.855014236262434,Prosumer
2023-05-09 22:00:00,user_001,22,0,1,False,0.0,0.0,0.0,0.0,5.0,0.0,0.0,0.0,10.0,0.5,0.0,0.0,0.0,0.0,0,0.0,0.0,81.71002847252487,0.0,40.855014236262434,Prosumer
2023-05-09 23:00:00,user_001,23,0,1,False,0.0,0.0,0.0,0.0,5.0,0.0,0.0,0.0,10.0,0.5,0.0,0.0,0.0,0.0,0,0.0,0.0,81.71002847252487,0.0,40.855014236262434,Prosumer
2023-05-10 00:00:00,user_001,0,0,2,False,0.0,0.0,0.0,0.0,5.0,0.0,0.0,0.0,10.0,0.5,0.0,0.0,0.0,0.0,0,0.0,0.0,81.71002847252487,0.0,40.855014236262434,Prosumer
2023-05-10 01:00:00,user_001,1,0,2,False,0.0,0.0,0.0,0.0,5.0,0.0,0.0,0.0,10.0,0.5,0.0,0.0,0.0,0.0,0,0.0,0.0,81.71002847252487,0.0,40.855014236262434,Prosumer
2023-05-10 02:00:00,user_001,2,0,2,False,0.0,0.0,0.0,0.0,5.0,0.0,0.0,0.0,10.0,0.5,0.0,0.0,0.0,0.0,0,0.0,0.0,81.71002847252487,0.0,40.855014236262434,Prosumer
2023-05-10 03:00:00,user_001,3,0,2,False,0.0,0.0,0.0,0.0,5.0,0.0,0.0,0.0,10.0,0.5,0.0,0.0,0.0,0.0,0,0.0,0.0,81.71002847252487,0.0,40.855014236262434,Prosumer
2023-05-10 04:00:00,user_001,4,0,2,False,0.0,0.0,0.0,0.0,5.0,0.0,0.0,0.0,10.0,0.5,0.0,0.0,0.0,0.0,0,0.0,0.0,81.71002847252487,0.0,40.855014236262434,Prosumer
2023-05-10 05:00:00,user_001,5,0,2,False,0.0,0.0,0.0,0.0,5.0,0.0,0.0,0.0,10.0,0.5,0.0,0.0,0.0,0.0,0,0.0,0.0,81.71002847252487,0.0,40.855014236262434,Prosumer
2023-05-10 06:00:00,user_001,6,0,2,False,0.0,0.0,0.0,0.0,5.0,0.0,0.0,0.0,10.0,0.5,0.0,0.0,0.0,0.0,0,0.0,0.0,81.71002847252487,0.0,40.855014236262434,Prosumer
2023-05-10 07:00:00,user_001,7,0,2,False,0.0,0.0,0.0,0.0,5.0,0.0,0.0,0.0,10.0,0.5,0.0,0.0,0.0,0.0,0,0.0,0.0,81.71002847252487,0.0,40.855014236262434,Prosumer
2023-05-10 08:00:00,user_001,8,0,2,False,0.0,0.0,0.0,0.0,5.0,0.0,0.0,0.0,10.0,0.5,0.0,0.0,0.0,0.0,0,0.0,0.0,81.71002847252487,0.0,40.855014236262434,Prosumer
2023-05-10 09:00:00,user_001,9,0,2,False,0.0,0.0,0.0,0.0,5.0,0.0,0.0,0.0,10.0,0.5,0.0,0.0,0.0,0.0,0,0.0,0.0,81.71002847252487,0.0,40.855014236262434,Prosumer
2023-05-10 10:00:00,user_001,10,0,2,False,0.0,0.0,0.0,0.0,5.0,0.0,0.0,0.0,10.0,0.5,0.0,0.0,0.0,0.0,0,0.0,0.0,81.71002847252487,0.0,40.855014236262434,Prosumer
2023-05-10 11:00:00,user_001,11,0,2,False,0.0,0.0,0.0,0.0,5.0,0.0,0.0,0.0,10.0,0.5,0.0,0.0,0.0,0.0,0,0.0,0.0,81.71002847252487,0.0,40.855014236262434,Prosumer
2023-05-10 12:00:00,user_001,12,0,2,False,0.0,0.0,0.0,0.0,5.0,0.0,0.0,0.0,10.0,0.5,0.0,0.0,0.0,0.0,0,0.0,0.0,81.71002847252487,0.0,40.855014236262434,Prosumer
2023-05-10 13:00:00,user_001,13,0,2,False,0.0,0.0,0.0,0.0,5.0,0.0,0.0,0.0,10.0,0.5,0.0,0.0,0.0,0.0,0,0.0,0.0,81.71002847252487,0.0,40.855014236262434,Prosumer
2023-05-10 14:00:00,user_001,14,0,2,False,0.0,0.0,0.0,0.0,5.0,0.0,0.0,0.0,10.0,0.5,0.0,0.0,0.0,0.0,0,0.0,0.0,81.71002847252487,0.0,40.855014236262434,Prosumer
2023-05-10 15:00:00,user_001,15,0,2,False,0.0,0.0,0.0,0.0,5.0,0.0,0.0,0.0,10.0,0.5,0.0,0.0,0.0,0.0,0,0.0,0.0,81.71002847252487,0.0,40.855014236262434,Prosumer
2023-05-10 16:00:00,user_001,16,0,2,False,0.0,0.0,0.0,0.0,5.0,0.0,0.0,0.0,10.0,0.5,0.0,0.0,0.0,0.0,0,0.0,0.0,81.71002847252487,0.0,40.855014236262434,Prosumer
2023-05-10 17:00:00,user_001,17,0,2,False,0.0,0.0,0.0,0.0,5.0,0.0,0.0,0.0,10.0,0.5,0.0,0.0,0.0,0.0,0,0.0,0.0,81.71002847252487,0.0,40.855014236262434,Prosumer
2023-05-10 18:00:00,user_001,18,0,2,False,0.0,0.0,0.0,0.0,5.0,0.0,0.0,0.0,10.0,0.5,0.0,0.0,0.0,0.0,0,0.0,0.0,81.71002847252487,0.0,40.855014236262434,Prosumer
2023-05-10 19:00:00,user_001,19,0,2,False,0.0,0.0,0.0,0.0,5.0,0.0,0.0,0.0,10.0,0.5,0.0,0.0,0.0,0.0,0,0.0,0.0,81.71002847252487,0.0,40.855014236262434,Prosumer
2023-05-10 20:00:00,user_001,20,0,2,False,0.0,0.0,0.0,0.0,5.0,0.0,0.0,0.0,10.0,0.5,0.0,0.0,0.0,0.0,0,0.0,0.0,81.71002847252487,0.0,40.855014236262434,Prosumer
2023-05-10 21:00:00,user_001,21,0,2,False,0.0,0.0,0.0,0.0,5.0,0.0,0.0,0.0,10.0,0.5,0.0,0.0,0.0,0.0,0,0.0,0.0,81.71002847252487,0.0,40.855014236262434,Prosumer
2023-05-10 22:00:00,user_001,22,0,2,False,0.0,0.0,0.0,0.0,5.0,0.0,0.0,0.0,10.0,0.5,0.0,0.0,0.0,0.0,0,0.0,0.0,81.71002847252487,0.0,40.855014236262434,Prosumer
2023-05-10 23:00:00,user_001,23,0,2,False,0.0,0.0,0.0,0.0,5.0,0.0,0.0,0.0,10.0,0.5,0.0,0.0,0.0,0.0,0,0.0,0.0,81.71002847252487,0.0,40.855014236262434,Prosumer
2023-05-11 00:00:00,user_001,0,0,3,False,0.0,0.0,0.0,0.0,5.0,0.0,0.0,0.0,10.0,0.5,0.0,0.0,0.0,0.0,0,0.0,0.0,81.71002847252487,0.0,40.855014236262434,Prosumer
2023-05-11 01:00:00,user_001,1,0,3,False,0.0,0.0,0.0,0.0,5.0,0.0,0.0,0.0,10.0,0.5,0.0,0.0,0.0,0.0,0,0.0,0.0,81.71002847252487,0.0,40.855014236262434,Prosumer
2023-05-11 02:00:00,user_001,2,0,3,False,0.0,0.0,0.0,0.0,5.0,0.0,0.0,0.0,10.0,0.5,0.0,0.0,0.0,0.0,0,0.0,0.0,81.71002847252487,0.0,40.855014236262434,Prosumer
2023-05-11 03:00:00,user_001,3,0,3,False,0.0,0.0,0.0,0.0,5.0,0.0,0.0,0.0,10.0,0.5,0.0,0.0,0.0,0.0,0,0.0,0.0,81.71002847252487,0.0,40.855014236262434,Prosumer
2023-05-11 04:00:00,user_001,4,0,3,False,0.0,0.0,0.0,0.0,5.0,0.0,0.0,0.0,10.0,0.5,0.0,0.0,0.0,0.0,0,0.0,0.0,81.71002847252487,0.0,40.855014236262434,Prosumer
2023-05-11 05:00:00,user_001,5,0,3,False,0.0,0.0,0.0,0.0,5.0,0.0,0.0,0.0,10.0,0.5,0.0,0.0,0.0,0.0,0,0.0,0.0,81.71002847252487,0.0,40.855014236262434,Prosumer
2023-05-11 06:00:00,user_001,6,0,3,False,0.0,0.0,0.0,0.0,5.0,0.0,0.0,0.0,10.0,0.5,0.0,0.0,0.0,0.0,0,0.0,0.0,81.71002847252487,0.0,40.855014236262434,Prosumer
2023-05-11 07:00:00,user_001,7,0,3,False,0.0,0.0,0.0,0.0,5.0,0.0,0.0,0.0,10.0,0.5,0.0,0.0,0.0,0.0,0,0.0,0.0,81.71002847252487,0.0,40.855014236262434,Prosumer
2023-05-11 08:00:00,user_001,8,0,3,False,0.0,0.0,0.0,0.0,5.0,0.0,0.0,0.0,10.0,0.5,0.0,0.0,0.0,0.0,0,0.0,0.0,81.71002847252487,0.0,40.855014236262434,Prosumer
2023-05-11 09:00:00,user_001,9,0,3,False,0.0,0.0,0.0,0.0,5.0,0.0,0.0,0.0,10.0,0.5,0.0,0.0,0.0,0.0,0,0.0,0.0,81.71002847252487,0.0,40.855014236262434,Prosumer
2023-05-11 10:00:00,user_001,10,0,3,False,0.0,0.0,0.0,0.0,5.0,0.0,0.0,0.0,10.0,0.5,0.0,0.0,0.0,0.0,0,0.0,0.0,81.71002847252487,0.0,40.855014236262434,Prosumer
2023-05-11 11:00:00,user_001,11,0,3,False,0.0,0.0,0.0,0.0,5.0,0.0,0.0,0.0,10.0,0.5,0.0,0.0,0.0,0.0,0,0.0,0.0,81.71002847252487,0.0,40.855014236262434,Prosumer
2023-05-11 12:00:00,user_001,12,0,3,False,0.0,0.0,0.0,0.0,5.0,0.0,0.0,0.0,10.0,0.5,0.0,0.0,0.0,0.0,0,0.0,0.0,81.71002847252487,0.0,40.855014236262434,Prosumer
2023-05-11 13:00:00,user_001,13,0,3,False,0.0,0.0,0.0,0.0,5.0,0.0,0.0,0.0,10.0,0.5,0.0,0.0,0.0,0.0,0,0.0,0.0,81.71002847252487,0.0,40.855014236262434,Prosumer
2023-05-11 14:00:00,user_001,14,0,3,False,0.0,0.0,0.0,0.0,5.0,0.0,0.0,0.0,10.0,0.5,0.0,0.0,0.0,0.0,0,0.0,0.0,81.71002847252487,0.0,40.855014236262434,Prosumer
2023-05-11 15:00:00,user_001,15,0,3,False,0.0,0.0,0.0,0.0,5.0,0.0,0.0,0.0,10.0,0.5,0.0,0.0,0.0,0.0,0,0.0,0.0,81.71002847252487,0.0,40.855014236262434,Prosumer
2023-05-11 16:00:00,user_001,16,0,3,False,0.0,0.0,0.0,0.0,5.0,0.0,0.0,0.0,10.0,0.5,0.0,0.0,0.0,0.0,0,0.0,0.0,81.71002847252487,0.0,40.855014236262434,Prosumer
2023-05-11 17:00:00,user_001,17,0,3,False,0.0,0.0,0.0,0.0,5.0,0.0,0.0,0.0,10.0,0.5,0.0,0.0,0.0,0.0,0,0.0,0.0,81.71002847252487,0.0,40.855014236262434,Prosumer
2023-05-11 18:00:00,user_001,18,0,3,False,0.0,0.0,0.0,0.0,5.0,0.0,0.0,0.0,10.0,0.5,0.0,0.0,0.0,0.0,0,0.0,0.0,81.71002847252487,0.0,40.855014236262434,Prosumer
2023-05-11 19:00:00,user_001,19,0,3,False,0.0,0.0,0.0,0.0,5.0,0.0,0.0,0.0,10.0,0.5,0.0,0.0,0.0,0.0,0,0.0,0.0,81.71002847252487,0.0,40.855014236262434,Prosumer
2023-05-11 20:00:00,user_001,20,0,3,False,0.0,0.0,0.0,0.0,5.0,0.0,0.0,0.0,10.0,0.5,0.0,0.0,0.0,0.0,0,0.0,0.0,81.71002847252487,0.0,40.855014236262434,Prosumer
2023-05-11 21:00:00,user_001,21,0,3,False,0.0,0.0,0.0,0.0,5.0,0.0,0.0,0.0,10.0,0.5,0.0,0.0,0.0,0.0,0,0.0,0.0,81.71002847252487,0.0,40.855014236262434,Prosumer
2023-05-11 22:00:00,user_001,22,0,3,False,0.0,0.0,0.0,0.0,5.0,0.0,0.0,0.0,10.0,0.5,0.0,0.0,0.0,0.0,0,0.0,0.0,81.71002847252487,0.0,40.855014236262434,Prosumer
2023-05-11 23:00:00,user_001,23,0,3,False,0.0,0.0,0.0,0.0,5.0,0.0,0.0,0.0,10.0,0.5,0.0,0.0,0.0,0.0,0,0.0,0.0,81.71002847252487,0.0,40.855014236262434,Prosumer
2023-05-12 00:00:00,user_001,0,0,4,False,0.0,0.0,0.0,0.0,5.0,0.0,0.0,0.0,10.0,0.5,0.0,0.0,0.0,0.0,0,0.0,0.0,81.71002847252487,0.0,40.855014236262434,Prosumer
2023-05-12 01:00:00,user_001,1,0,4,False,0.0,0.0,0.0,0.0,5.0,0.0,0.0,0.0,10.0,0.5,0.0,0.0,0.0,0.0,0,0.0,0.0,81.71002847252487,0.0,40.855014236262434,Prosumer
2023-05-12 02:00:00,user_001,2,0,4,False,0.0,0.0,0.0,0.0,5.0,0.0,0.0,0.0,10.0,0.5,0.0,0.0,0.0,0.0,0,0.0,0.0,81.71002847252487,0.0,40.855014236262434,Prosumer
2023-05-12 03:00:00,user_001,3,0,4,False,0.0,0.0,0.0,0.0,5.0,0.0,0.0,0.0,10.0,0.5,0.0,0.0,0.0,0.0,0,0.0,0.0,81.71002847252487,0.0,40.855014236262434,Prosumer
2023-05-12 04:00:00,user_001,4,0,4,False,0.0,0.0,0.0,0.0,5.0,0.0,0.0,0.0,10.0,0.5,0.0,0.0,0.0,0.0,0,0.0,0.0,81.71002847252487,0.0,40.855014236262434,Prosumer
2023-05-12 05:00:00,user_001,5,0,4,False,0.0,0.0,0.0,0.0,5.0,0.0,0.0,0.0,10.0,0.5,0.0,0.0,0.0,0.0,0,0.0,0.0,81.71002847252487,0.0,40.855014236262434,Prosumer
2023-05-12 06:00:00,user_001,6,0,4,False,0.0,0.0,0.0,0.0,5.0,0.0,0.0,0.0,10.0,0.5,0.0,0.0,0.0,0.0,0,0.0,0.0,81.71002847252487,0.0,40.855014236262434,Prosumer
2023-05-12 07:00:00,user_001,7,0,4,False,0.0,0.0,0.0,0.0,5.0,0.0,0.0,0.0,10.0,0.5,0.0,0.0,0.0,0.0,0,0.0,0.0,81.71002847252487,0.0,40.855014236262434,Prosumer
2023-05-12 08:00:00,user_001,8,0,4,False,0.0,0.0,0.0,0.0,5.0,0.0,0.0,0.0,10.0,0.5,0.0,0.0,0.0,0.0,0,0.0,0.0,81.71002847252487,0.0,40.855014236262434,Prosumer
2023-05-12 09:00:00,user_001,9,0,4,False,0.0,0.0,0.0,0.0,5.0,0.0,0.0,0.0,10.0,0.5,0.0,0.0,0.0,0.0,0,0.0,0.0,81.71002847252487,0.0,40.855014236262434,Prosumer
2023-05-12 10:00:00,user_001,10,0,4,False,0.0,0.0,0.0,0.0,5.0,0.0,0.0,0.0,10.0,0.5,0.0,0.0,0.0,0.0,0,0.0,0.0,81.71002847252487,0.0,40.855014236262434,Prosumer
2023-05-12 11:00:00,user_001,11,0,4,False,0.0,0.0,0.0,0.0,5.0,0.0,0.0,0.0,10.0,0.5,0.0,0.0,0.0,0.0,0,0.0,0.0,81.71002847252487,0.0,40.855014236262434,Prosumer
2023-05-12 12:00:00,user_001,12,0,4,False,0.0,0.0,0.0,0.0,5.0,0.0,0.0,0.0,10.0,0.5,0.0,0.0,0.0,0.0,0,0.0,0.0,81.71002847252487,0.0,40.855014236262434,Prosumer
2023-05-12 13:00:00,user_001,13,0,4,False,0.0,0.0,0.0,0.0,5.0,0.0,0.0,0.0,10.0,0.5,0.0,0.0,0.0,0.0,0,0.0,0.0,81.71002847252487,0.0,40.855014236262434,Prosumer
2023-05-12 14:00:00,user_001,14,0,4,False,0.0,0.0,0.0,0.0,5.0,0.0,0.0,0.0,10.0,0.5,0.0,0.0,0.0,0.0,0,0.0,0.0,81.71002847252487,0.0,40.855014236262434,Prosumer
2023-05-12 15:00:00,user_001,15,0,4,False,0.0,0.0,0.0,0.0,5.0,0.0,0.0,0.0,10.0,0.5,0.0,0.0,0.0,0.0,0,0.0,0.0,81.71002847252487,0.0,40.855014236262434,Prosumer
2023-05-12 16:00:00,user_001,16,0,4,False,0.0,0.0,0.0,0.0,5.0,0.0,0.0,0.0,10.0,0.5,0.0,0.0,0.0,0.0,0,0.0,0.0,81.71002847252487,0.0,40.855014236262434,Prosumer
2023-05-12 17:00:00,user_001,17,0,4,False,0.0,0.0,0.0,0.0,5.0,0.0,0.0,0.0,10.0,0.5,0.0,0.0,0.0,0.0,0,0.0,0.0,81.71002847252487,0.0,40.855014236262434,Prosumer
2023-05-12 18:00:00,user_001,18,0,4,False,0.0,0.0,0.0,0.0,5.0,0.0,0.0,0.0,10.0,0.5,0.0,0.0,0.0,0.0,0,0.0,0.0,81.71002847252487,0.0,40.855014236262434,Prosumer
2023-05-12 19:00:00,user_001,19,0,4,False,0.0,0.0,0.0,0.0,5.0,0.0,0.0,0.0,10.0,0.5,0.0,0.0,0.0,0.0,0,0.0,0.0,81.71002847252487,0.0,40.855014236262434,Prosumer
2023-05-12 20:00:00,user_001,20,0,4,False,0.0,0.0,0.0,0.0,5.0,0.0,0.0,0.0,10.0,0.5,0.0,0.0,0.0,0.0,0,0.0,0.0,81.71002847252487,0.0,40.855014236262434,Prosumer
2023-05-12 21:00:00,user_001,21,0,4,False,0.0,0.0,0.0,0.0,5.0,0.0,0.0,0.0,10.0,0.5,0.0,0.0,0.0,0.0,0,0.0,0.0,81.71002847252487,0.0,40.855014236262434,Prosumer
2023-05-12 22:00:00,user_001,22,0,4,False,0.0,0.0,0.0,0.0,5.0,0.0,0.0,0.0,10.0,0.5,0.0,0.0,0.0,0.0,0,0.0,0.0,81.71002847252487,0.0,40.855014236262434,Prosumer
2023-05-12 23:00:00,user_001,23,0,4,False,0.0,0.0,0.0,0.0,5.0,0.0,0.0,0.0,10.0,0.5,0.0,0.0,0.0,0.0,0,0.0,0.0,81.71002847252487,0.0,40.855014236262434,Prosumer
2023-05-13 00:00:00,user_001,0,0,5,True,0.0,0.0,0.0,0.0,5.0,0.0,0.0,0.0,10.0,0.5,0.0,0.0,0.0,0.0,0,0.0,0.0,81.71002847252487,0.0,40.855014236262434,Prosumer
2023-05-13 01:00:00,user_001,1,0,5,True,0.0,0.0,0.0,0.0,5.0,0.0,0.0,0.0,10.0,0.5,0.0,0.0,0.0,0.0,0,0.0,0.0,81.71002847252487,0.0,40.855014236262434,Prosumer
2023-05-13 02:00:00,user_001,2,0,5,True,0.0,0.0,0.0,0.0,5.0,0.0,0.0,0.0,10.0,0.5,0.0,0.0,0.0,0.0,0,0.0,0.0,81.71002847252487,0.0,40.855014236262434,Prosumer
2023-05-13 03:00:00,user_001,3,0,5,True,0.0,0.0,0.0,0.0,5.0,0.0,0.0,0.0,10.0,0.5,0.0,0.0,0.0,0.0,0,0.0,0.0,81.71002847252487,0.0,40.855014236262434,Prosumer
2023-05-13 04:00:00,user_001,4,0,5,True,0.0,0.0,0.0,0.0,5.0,0.0,0.0,0.0,10.0,0.5,0.0,0.0,0.0,0.0,0,0.0,0.0,81.71002847252487,0.0,40.855014236262434,Prosumer
2023-05-13 05:00:00,user_001,5,0,5,True,0.0,0.0,0.0,0.0,5.0,0.0,0.0,0.0,10.0,0.5,0.0,0.0,0.0,0.0,0,0.0,0.0,81.71002847252487,0.0,40.855014236262434,Prosumer
2023-05-13 06:00:00,user_001,6,0,5,True,0.0,0.0,0.0,0.0,5.0,0.0,0.0,0.0,10.0,0.5,0.0,0.0,0.0,0.0,0,0.0,0.0,81.71002847252487,0.0,40.855014236262434,Prosumer
2023-05-13 07:00:00,user_001,7,0,5,True,0.0,0.0,0.0,0.0,5.0,0.0,0.0,0.0,10.0,0.5,0.0,0.0,0.0,0.0,0,0.0,0.0,81.71002847252487,0.0,40.855014236262434,Prosumer
2023-05-13 08:00:00,user_001,8,0,5,True,0.0,0.0,0.0,0.0,5.0,0.0,0.0,0.0,10.0,0.5,0.0,0.0,0.0,0.0,0,0.0,0.0,81.71002847252487,0.0,40.855014236262434,Prosumer
2023-05-13 09:00:00,user_001,9,0,5,True,0.0,0.0,0.0,0.0,5.0,0.0,0.0,0.0,10.0,0.5,0.0,0.0,0.0,0.0,0,0.0,0.0,81.71002847252487,0.0,40.855014236262434,Prosumer
2023-05-13 10:00:00,user_001,10,0,5,True,0.0,0.0,0.0,0.0,5.0,0.0,0.0,0.0,10.0,0.5,0.0,0.0,0.0,0.0,0,0.0,0.0,81.71002847252487,0.0,40.855014236262434,Prosumer
2023-05-13 11:00:00,user_001,11,0,5,True,0.0,0.0,0.0,0.0,5.0,0.0,0.0,0.0,10.0,0.5,0.0,0.0,0.0,0.0,0,0.0,0.0,81.71002847252487,0.0,40.855014236262434,Prosumer
2023-05-13 12:00:00,user_001,12,0,5,True,0.0,0.0,0.0,0.0,5.0,0.0,0.0,0.0,10.0,0.5,0.0,0.0,0.0,0.0,0,0.0,0.0,81.71002847252487,0.0,40.855014236262434,Prosumer
2023-05-13 13:00:00,user_001,13,0,5,True,0.0,0.0,0.0,0.0,5.0,0.0,0.0,0.0,10.0,0.5,0.0,0.0,0.0,0.0,0,0.0,0.0,81.71002847252487,0.0,40.855014236262434,Prosumer
2023-05-13 14:00:00,user_001,14,0,5,True,0.0,0.0,0.0,0.0,5.0,0.0,0.0,0.0,10.0,0.5,0.0,0.0,0.0,0.0,0,0.0,0.0,81.71002847252487,0.0,40.855014236262434,Prosumer
2023-05-13 15:00:00,user_001,15,0,5,True,0.0,0.0,0.0,0.0,5.0,0.0,0.0,0.0,10.0,0.5,0.0,0.0,0.0,0.0,0,0.0,0.0,81.71002847252487,0.0,40.855014236262434,Prosumer
2023-05-13 16:00:00,user_001,16,0,5,True,0.0,0.0,0.0,0.0,5.0,0.0,0.0,0.0,10.0,0.5,0.0,0.0,0.0,0.0,0,0.0,0.0,81.71002847252487,0.0,40.855014236262434,Prosumer
2023-05-13 17:00:00,user_001,17,0,5,True,0.0,0.0,0.0,0.0,5.0,0.0,0.0,0.0,10.0,0.5,0.0,0.0,0.0,0.0,0,0.0,0.0,81.71002847252487,0.0,40.855014236262434,Prosumer
2023-05-13 18:00:00,user_001,18,0,5,True,0.0,0.0,0.0,0.0,5.0,0.0,0.0,0.0,10.0,0.5,0.0,0.0,0.0,0.0,0,0.0,0.0,81.71002847252487,0.0,40.855014236262434,Prosumer
2023-05-13 19:00:00,user_001,19,0,5,True,0.0,0.0,0.0,0.0,5.0,0.0,0.0,0.0,10.0,0.5,0.0,0.0,0.0,0.0,0,0.0,0.0,81.71002847252487,0.0,40.855014236262434,Prosumer
2023-05-13 20:00:00,user_001,20,0,5,True,0.0,0.0,0.0,0.0,5.0,0.0,0.0,0.0,10.0,0.5,0.0,0.0,0.0,0.0,0,0.0,0.0,81.71002847252487,0.0,40.855014236262434,Prosumer
2023-05-13 21:00:00,user_001,21,0,5,True,0.0,0.0,0.0,0.0,5.0,0.0,0.0,0.0,10.0,0.5,0.0,0.0,0.0,0.0,0,0.0,0.0,81.71002847252487,0.0,40.855014236262434,Prosumer
2023-05-13 22:00:00,user_001,22,0,5,True,0.0,0.0,0.0,0.0,5.0,0.0,0.0,0.0,10.0,0.5,0.0,0.0,0.0,0.0,0,0.0,0.0,81.71002847252487,0.0,40.855014236262434,Prosumer
2023-05-13 23:00:00,user_001,23,0,5,True,0.0,0.0,0.0,0.0,5.0,0.0,0.0,0.0,10.0,0.5,0.0,0.0,0.0,0.0,0,0.0,0.0,81.71002847252487,0.0,40.855014236262434,Prosumer
2023-05-14 00:00:00,user_001,0,0,6,True,0.0,0.0,0.0,0.0,5.0,0.0,0.0,0.0,10.0,0.5,0.0,0.0,0.0,0.0,0,0.0,0.0,81.71002847252487,0.0,40.855014236262434,Prosumer
2023-05-14 01:00:00,user_001,1,0,6,True,0.0,0.0,0.0,0.0,5.0,0.0,0.0,0.0,10.0,0.5,0.0,0.0,0.0,0.0,0,0.0,0.0,81.71002847252487,0.0,40.855014236262434,Prosumer
2023-05-14 02:00:00,user_001,2,0,6,True,0.0,0.0,0.0,0.0,5.0,0.0,0.0,0.0,10.0,0.5,0.0,0.0,0.0,0.0,0,0.0,0.0,81.71002847252487,0.0,40.855014236262434,Prosumer
2023-05-14 03:00:00,user_001,3,0,6,True,0.0,0.0,0.0,0.0,5.0,0.0,0.0,0.0,10.0,0.5,0.0,0.0,0.0,0.0,0,0.0,0.0,81.71002847252487,0.0,40.855014236262434,Prosumer
2023-05-14 04:00:00,user_001,4,0,6,True,0.0,0.0,0.0,0.0,5.0,0.0,0.0,0.0,10.0,0.5,0.0,0.0,0.0,0.0,0,0.0,0.0,81.71002847252487,0.0,40.855014236262434,Prosumer
2023-05-14 05:00:00,user_001,5,0,6,True,0.0,0.0,0.0,0.0,5.0,0.0,0.0,0.0,10.0,0.5,0.0,0.0,0.0,0.0,0,0.0,0.0,81.71002847252487,0.0,40.855014236262434,Prosumer
2023-05-14 06:00:00,user_001,6,0,6,True,0.0,0.0,0.0,0.0,5.0,0.0,0.0,0.0,10.0,0.5,0.0,0.0,0.0,0.0,0,0.0,0.0,81.71002847252487,0.0,40.855014236262434,Prosumer
2023-05-14 07:00:00,user_001,7,0,6,True,0.0,0.0,0.0,0.0,5.0,0.0,0.0,0.0,10.0,0.5,0.0,0.0,0.0,0.0,0,0.0,0.0,81.71002847252487,0.0,40.855014236262434,Prosumer
2023-05-14 08:00:00,user_001,8,0,6,True,0.0,0.0,0.0,0.0,5.0,0.0,0.0,0.0,10.0,0.5,0.0,0.0,0.0,0.0,0,0.0,0.0,81.71002847252487,0.0,40.855014236262434,Prosumer
2023-05-14 09:00:00,user_001,9,0,6,True,0.0,0.0,0.0,0.0,5.0,0.0,0.0,0.0,10.0,0.5,0.0,0.0,0.0,0.0,0,0.0,0.0,81.71002847252487,0.0,40.855014236262434,Prosumer
2023-05-14 10:00:00,user_001,10,0,6,True,0.0,0.0,0.0,0.0,5.0,0.0,0.0,0.0,10.0,0.5,0.0,0.0,0.0,0.0,0,0.0,0.0,81.71002847252487,0.0,40.855014236262434,Prosumer
2023-05-14 11:00:00,user_001,11,0,6,True,0.0,0.0,0.0,0.0,5.0,0.0,0.0,0.0,10.0,0.5,0.0,0.0,0.0,0.0,0,0.0,0.0,81.71002847252487,0.0,40.855014236262434,Prosumer
2023-05-14 12:00:00,user_001,12,0,6,True,0.0,0.0,0.0,0.0,5.0,0.0,0.0,0.0,10.0,0.5,0.0,0.0,0.0,0.0,0,0.0,0.0,81.71002847252487,0.0,40.855014236262434,Prosumer
2023-05-14 13:00:00,user_001,13,0,6,True,0.0,0.0,0.0,0.0,5.0,0.0,0.0,0.0,10.0,0.5,0.0,0.0,0.0,0.0,0,0.0,0.0,81.71002847252487,0.0,40.855014236262434,Prosumer
2023-05-14 14:00:00,user_001,14,0,6,True,0.0,0.0,0.0,0.0,5.0,0.0,0.0,0.0,10.0,0.5,0.0,0.0,0.0,0.0,0,0.0,0.0,81.71002847252487,0.0,40.855014236262434,Prosumer
2023-05-14 15:00:00,user_001,15,0,6,True,0.0,0.0,0.0,0.0,5.0,0.0,0.0,0.0,10.0,0.5,0.0,0.0,0.0,0.0,0,0.0,0.0,81.71002847252487,0.0,40.855014236262434,Prosumer
2023-05-14 16:00:00,user_001,16,0,6,True,0.0,0.0,0.0,0.0,5.0,0.0,0.0,0.0,10.0,0.5,0.0,0.0,0.0,0.0,0,0.0,0.0,81.71002847252487,0.0,40.855014236262434,Prosumer
2023-05-14 17:00:00,user_001,17,0,6,True,0.0,0.0,0.0,0.0,5.0,0.0,0.0,0.0,10.0,0.5,0.0,0.0,0.0,0.0,0,0.0,0.0,81.71002847252487,0.0,40.855014236262434,Prosumer
2023-05-14 18:00:00,user_001,18,0,6,True,0.0,0.0,0.0,0.0,5.0,0.0,0.0,0.0,10.0,0.5,0.0,0.0,0.0,0.0,0,0.0,0.0,81.71002847252487,0.0,40.855014236262434,Prosumer
2023-05-14 19:00:00,user_001,19,0,6,True,0.0,0.0,0.0,0.0,5.0,0.0,0.0,0.0,10.0,0.5,0.0,0.0,0.0,0.0,0,0.0,0.0,81.71002847252487,0.0,40.855014236262434,Prosumer
2023-05-14 20:00:00,user_001,20,0,6,True,0.0,0.0,0.0,0.0,5.0,0.0,0.0,0.0,10.0,0.5,0.0,0.0,0.0,0.0,0,0.0,0.0,81.71002847252487,0.0,40.855014236262434,Prosumer
2023-05-14 21:00:00,user_001,21,0,6,True,0.0,0.0,0.0,0.0,5.0,0.0,0.0,0.0,10.0,0.5,0.0,0.0,0.0,0.0,0,0.0,0.0,81.71002847252487,0.0,40.855014236262434,Prosumer
2023-05-14 22:00:00,user_001,22,0,6,True,0.0,0.0,0.0,0.0,5.0,0.0,0.0,0.0,10.0,0.5,0.0,0.0,0.0,0.0,0,0.0,0.0,81.71002847252487,0.0,40.855014236262434,Prosumer
2023-05-14 23:00:00,user_001,23,0,6,True,0.0,0.0,0.0,0.0,5.0,0.0,0.0,0.0,10.0,0.5,0.0,0.0,0.0,0.0,0,0.0,0.0,81.71002847252487,0.0,40.855014236262434,Prosumer
2023-05-15 00:00:00,user_001,0,0,0,False,0.0,0.0,0.0,0.0,5.0,0.0,0.0,0.0,10.0,0.5,0.0,0.0,0.0,0.0,0,0.0,0.0,81.71002847252487,0.0,40.855014236262434,Prosumer
2023-05-15 01:00:00,user_001,1,0,0,False,0.0,0.0,0.0,0.0,5.0,0.0,0.0,0.0,10.0,0.5,0.0,0.0,0.0,0.0,0,0.0,0.0,81.71002847252487,0.0,40.855014236262434,Prosumer
2023-05-15 02:00:00,user_001,2,0,0,False,0.0,0.0,0.0,0.0,5.0,0.0,0.0,0.0,10.0,0.5,0.0,0.0,0.0,0.0,0,0.0,0.0,81.71002847252487,0.0,40.855014236262434,Prosumer
2023-05-15 03:00:00,user_001,3,0,0,False,0.0,0.0,0.0,0.0,5.0,0.0,0.0,0.0,10.0,0.5,0.0,0.0,0.0,0.0,0,0.0,0.0,81.71002847252487,0.0,40.855014236262434,Prosumer
2023-05-15 04:00:00,user_001,4,0,0,False,0.0,0.0,0.0,0.0,5.0,0.0,0.0,0.0,10.0,0.5,0.0,0.0,0.0,0.0,0,0.0,0.0,81.71002847252487,0.0,40.855014236262434,Prosumer
2023-05-15 05:00:00,user_001,5,0,0,False,0.0,0.0,0.0,0.0,5.0,0.0,0.0,0.0,10.0,0.5,0.0,0.0,0.0,0.0,0,0.0,0.0,81.71002847252487,0.0,40.855014236262434,Prosumer
2023-05-15 06:00:00,user_001,6,0,0,False,0.0,0.0,0.0,0.0,5.0,0.0,0.0,0.0,10.0,0.5,0.0,0.0,0.0,0.0,0,0.0,0.0,81.71002847252487,0.0,40.855014236262434,Prosumer
2023-05-15 07:00:00,user_001,7,0,0,False,0.0,0.0,0.0,0.0,5.0,0.0,0.0,0.0,10.0,0.5,0.0,0.0,0.0,0.0,0,0.0,0.0,81.71002847252487,0.0,40.855014236262434,Prosumer
2023-05-15 08:00:00,user_001,8,0,0,False,0.0,0.0,0.0,0.0,5.0,0.0,0.0,0.0,10.0,0.5,0.0,0.0,0.0,0.0,0,0.0,0.0,81.71002847252487,0.0,40.855014236262434,Prosumer
2023-05-15 09:00:00,user_001,9,0,0,False,0.0,0.0,0.0,0.0,5.0,0.0,0.0,0.0,10.0,0.5,0.0,0.0,0.0,0.0,0,0.0,0.0,81.71002847252487,0.0,40.855014236262434,Prosumer
2023-05-15 10:00:00,user_001,10,0,0,False,0.0,0.0,0.0,0.0,5.0,0.0,0.0,0.0,10.0,0.5,0.0,0.0,0.0,0.0,0,0.0,0.0,81.71002847252487,0.0,40.855014236262434,Prosumer
2023-05-15 11:00:00,user_001,11,0,0,False,0.0,0.0,0.0,0.0,5.0,0.0,0.0,0.0,10.0,0.5,0.0,0.0,0.0,0.0,0,0.0,0.0,81.71002847252487,0.0,40.855014236262434,Prosumer
2023-05-15 12:00:00,user_001,12,0,0,False,0.0,0.0,0.0,0.0,5.0,0.0,0.0,0.0,10.0,0.5,0.0,0.0,0.0,0.0,0,0.0,0.0,81.71002847252487,0.0,40.855014236262434,Prosumer
2023-05-15 13:00:00,user_001,13,0,0,False,0.0,0.0,0.0,0.0,5.0,0.0,0.0,0.0,10.0,0.5,0.0,0.0,0.0,0.0,0,0.0,0.0,81.71002847252487,0.0,40.855014236262434,Prosumer
2023-05-15 14:00:00,user_001,14,0,0,False,0.0,0.0,0.0,0.0,5.0,0.0,0.0,0.0,10.0,0.5,0.0,0.0,0.0,0.0,0,0.0,0.0,81.71002847252487,0.0,40.855014236262434,Prosumer
2023-05-15 15:00:00,user_001,15,0,0,False,0.0,0.0,0.0,0.0,5.0,0.0,0.0,0.0,10.0,0.5,0.0,0.0,0.0,0.0,0,0.0,0.0,81.71002847252487,0.0,40.855014236262434,Prosumer
2023-05-15 16:00:00,user_001,16,0,0,False,0.0,0.0,0.0,0.0,5.0,0.0,0.0,0.0,10.0,0.5,0.0,0.0,0.0,0.0,0,0.0,0.0,81.71002847252487,0.0,40.855014236262434,Prosumer
2023-05-15 17:00:00,user_001,17,0,0,False,0.0,0.0,0.0,0.0,5.0,0.0,0.0,0.0,10.0,0.5,0.0,0.0,0.0,0.0,0,0.0,0.0,81.71002847252487,0.0,40.855014236262434,Prosumer
2023-05-15 18:00:00,user_001,18,0,0,False,0.0,0.0,0.0,0.0,5.0,0.0,0.0,0.0,10.0,0.5,0.0,0.0,0.0,0.0,0,0.0,0.0,81.71002847252487,0.0,40.855014236262434,Prosumer
2023-05-15 19:00:00,user_001,19,0,0,False,0.0,0.0,0.0,0.0,5.0,0.0,0.0,0.0,10.0,0.5,0.0,0.0,0.0,0.0,0,0.0,0.0,81.71002847252487,0.0,40.855014236262434,Prosumer
2023-05-15 20:00:00,user_001,20,0,0,False,0.0,0.0,0.0,0.0,5.0,0.0,0.0,0.0,10.0,0.5,0.0,0.0,0.0,0.0,0,0.0,0.0,81.71002847252487,0.0,40.855014236262434,Prosumer
2023-05-15 21:00:00,user_001,21,0,0,False,0.0,0.0,0.0,0.0,5.0,0.0,0.0,0.0,10.0,0.5,0.0,0.0,0.0,0.0,0,0.0,0.0,81.71002847252487,0.0,40.855014236262434,Prosumer
2023-05-15 22:00:00,user_001,22,0,0,False,0.0,0.0,0.0,0.0,5.0,0.0,0.0,0.0,10.0,0.5,0.0,0.0,0.0,0.0,0,0.0,0.0,81.71002847252487,0.0,40.855014236262434,Prosumer
2023-05-15 23:00:00,user_001,23,0,0,False,0.0,0.0,0.0,0.0,5.0,0.0,0.0,0.0,10.0,0.5,0.0,0.0,0.0,0.0,0,0.0,0.0,81.71002847252487,0.0,40.855014236262434,Prosumer
2023-05-16 00:00:00,user_001,0,0,1,False,0.0,0.0,0.0,0.0,5.0,0.0,0.0,0.0,10.0,0.5,0.0,0.0,0.0,0.0,0,0.0,0.0,81.71002847252487,0.0,40.855014236262434,Prosumer
2023-05-16 01:00:00,user_001,1,0,1,False,0.0,0.0,0.0,0.0,5.0,0.0,0.0,0.0,10.0,0.5,0.0,0.0,0.0,0.0,0,0.0,0.0,81.71002847252487,0.0,40.855014236262434,Prosumer
2023-05-16 02:00:00,user_001,2,0,1,False,0.0,0.0,0.0,0.0,5.0,0.0,0.0,0.0,10.0,0.5,0.0,0.0,0.0,0.0,0,0.0,0.0,81.71002847252487,0.0,40.855014236262434,Prosumer
2023-05-16 03:00:00,user_001,3,0,1,False,0.0,0.0,0.0,0.0,5.0,0.0,0.0,0.0,10.0,0.5,0.0,0.0,0.0,0.0,0,0.0,0.0,81.71002847252487,0.0,40.855014236262434,Prosumer
2023-05-16 04:00:00,user_001,4,0,1,False,0.0,0.0,0.0,0.0,5.0,0.0,0.0,0.0,10.0,0.5,0.0,0.0,0.0,0.0,0,0.0,0.0,81.71002847252487,0.0,40.855014236262434,Prosumer
2023-05-16 05:00:00,user_001,5,0,1,False,0.0,0.0,0.0,0.0,5.0,0.0,0.0,0.0,10.0,0.5,0.0,0.0,0.0,0.0,0,0.0,0.0,81.71002847252487,0.0,40.855014236262434,Prosumer
2023-05-16 06:00:00,user_001,6,0,1,False,0.0,0.0,0.0,0.0,5.0,0.0,0.0,0.0,10.0,0.5,0.0,0.0,0.0,0.0,0,0.0,0.0,81.71002847252487,0.0,40.855014236262434,Prosumer
2023-05-16 07:00:00,user_001,7,0,1,False,0.0,0.0,0.0,0.0,5.0,0.0,0.0,0.0,10.0,0.5,0.0,0.0,0.0,0.0,0,0.0,0.0,81.71002847252487,0.0,40.855014236262434,Prosumer
2023-05-16 08:00:00,user_001,8,0,1,False,0.0,0.0,0.0,0.0,5.0,0.0,0.0,0.0,10.0,0.5,0.0,0.0,0.0,0.0,0,0.0,0.0,81.71002847252487,0.0,40.855014236262434,Prosumer
2023-05-16 09:00:00,user_001,9,0,1,False,0.0,0.0,0.0,0.0,5.0,0.0,0.0,0.0,10.0,0.5,0.0,0.0,0.0,0.0,0,0.0,0.0,81.71002847252487,0.0,40.855014236262434,Prosumer
2023-05-16 10:00:00,user_001,10,0,1,False,0.0,0.0,0.0,0.0,5.0,0.0,0.0,0.0,10.0,0.5,0.0,0.0,0.0,0.0,0,0.0,0.0,81.71002847252487,0.0,40.855014236262434,Prosumer
2023-05-16 11:00:00,user_001,11,0,1,False,0.0,0.0,0.0,0.0,5.0,0.0,0.0,0.0,10.0,0.5,0.0,0.0,0.0,0.0,0,0.0,0.0,81.71002847252487,0.0,40.855014236262434,Prosumer
2023-05-16 12:00:00,user_001,12,0,1,False,0.0,0.0,0.0,0.0,5.0,0.0,0.0,0.0,10.0,0.5,0.0,0.0,0.0,0.0,0,0.0,0.0,81.71002847252487,0.0,40.855014236262434,Prosumer
2023-05-16 13:00:00,user_001,13,0,1,False,0.0,0.0,0.0,0.0,5.0,0.0,0.0,0.0,10.0,0.5,0.0,0.0,0.0,0.0,0,0.0,0.0,81.71002847252487,0.0,40.855014236262434,Prosumer
2023-05-16 14:00:00,user_001,14,0,1,False,0.0,0.0,0.0,0.0,5.0,0.0,0.0,0.0,10.0,0.5,0.0,0.0,0.0,0.0,0,0.0,0.0,81.71002847252487,0.0,40.855014236262434,Prosumer
2023-05-16 15:00:00,user_001,15,0,1,False,0.0,0.0,0.0,0.0,5.0,0.0,0.0,0.0,10.0,0.5,0.0,0.0,0.0,0.0,0,0.0,0.0,81.71002847252487,0.0,40.855014236262434,Prosumer
2023-05-16 16:00:00,user_001,16,0,1,False,0.0,0.0,0.0,0.0,5.0,0.0,0.0,0.0,10.0,0.5,0.0,0.0,0.0,0.0,0,0.0,0.0,81.71002847252487,0.0,40.855014236262434,Prosumer
2023-05-16 17:00:00,user_001,17,0,1,False,0.0,0.0,0.0,0.0,5.0,0.0,0.0,0.0,10.0,0.5,0.0,0.0,0.0,0.0,0,0.0,0.0,81.71002847252487,0.0,40.855014236262434,Prosumer
2023-05-16 18:00:00,user_001,18,0,1,False,0.0,0.0,0.0,0.0,5.0,0.0,0.0,0.0,10.0,0.5,0.0,0.0,0.0,0.0,0,0.0,0.0,81.71002847252487,0.0,40.855014236262434,Prosumer
2023-05-16 19:00:00,user_001,19,0,1,False,0.0,0.0,0.0,0.0,5.0,0.0,0.0,0.0,10.0,0.5,0.0,0.0,0.0,0.0,0,0.0,0.0,81.71002847252487,0.0,40.855014236262434,Prosumer
2023-05-16 20:00:00,user_001,20,0,1,False,0.0,0.0,0.0,0.0,5.0,0.0,0.0,0.0,10.0,0.5,0.0,0.0,0.0,0.0,0,0.0,0.0,81.71002847252487,0.0,40.855014236262434,Prosumer
2023-05-16 21:00:00,user_001,21,0,1,False,0.0,0.0,0.0,0.0,5.0,0.0,0.0,0.0,10.0,0.5,0.0,0.0,0.0,0.0,0,0.0,0.0,81.71002847252487,0.0,40.855014236262434,Prosumer
2023-05-16 22:00:00,user_001,22,0,1,False,0.0,0.0,0.0,0.0,5.0,0.0,0.0,0.0,10.0,0.5,0.0,0.0,0.0,0.0,0,0.0,0.0,81.71002847252487,0.0,40.855014236262434,Prosumer
2023-05-16 23:00:00,user_001,23,0,1,False,0.0,0.0,0.0,0.0,5.0,0.0,0.0,0.0,10.0,0.5,0.0,0.0,0.0,0.0,0,0.0,0.0,81.71002847252487,0.0,40.855014236262434,Prosumer
2023-05-17 00:00:00,user_001,0,0,2,False,0.0,0.0,0.0,0.0,5.0,0.0,0.0,0.0,10.0,0.5,0.0,0.0,0.0,0.0,0,0.0,0.0,81.71002847252487,0.0,40.855014236262434,Prosumer
2023-05-17 01:00:00,user_001,1,0,2,False,0.0,0.0,0.0,0.0,5.0,0.0,0.0,0.0,10.0,0.5,0.0,0.0,0.0,0.0,0,0.0,0.0,81.71002847252487,0.0,40.855014236262434,Prosumer
2023-05-17 02:00:00,user_001,2,0,2,False,0.0,0.0,0.0,0.0,5.0,0.0,0.0,0.0,10.0,0.5,0.0,0.0,0.0,0.0,0,0.0,0.0,81.71002847252487,0.0,40.855014236262434,Prosumer
2023-05-17 03:00:00,user_001,3,0,2,False,0.0,0.0,0.0,0.0,5.0,0.0,0.0,0.0,10.0,0.5,0.0,0.0,0.0,0.0,0,0.0,0.0,81.71002847252487,0.0,40.855014236262434,Prosumer
2023-05-17 04:00:00,user_001,4,0,2,False,0.0,0.0,0.0,0.0,5.0,0.0,0.0,0.0,10.0,0.5,0.0,0.0,0.0,0.0,0,0.0,0.0,81.71002847252487,0.0,40.855014236262434,Prosumer
2023-05-17 05:00:00,user_001,5,0,2,False,0.0,0.0,0.0,0.0,5.0,0.0,0.0,0.0,10.0,0.5,0.0,0.0,0.0,0.0,0,0.0,0.0,81.71002847252487,0.0,40.855014236262434,Prosumer
2023-05-17 06:00:00,user_001,6,0,2,False,0.0,0.0,0.0,0.0,5.0,0.0,0.0,0.0,10.0,0.5,0.0,0.0,0.0,0.0,0,0.0,0.0,81.71002847252487,0.0,40.855014236262434,Prosumer
2023-05-17 07:00:00,user_001,7,0,2,False,0.0,0.0,0.0,0.0,5.0,0.0,0.0,0.0,10.0,0.5,0.0,0.0,0.0,0.0,0,0.0,0.0,81.71002847252487,0.0,40.855014236262434,Prosumer
2023-05-17 08:00:00,user_001,8,0,2,False,0.0,0.0,0.0,0.0,5.0,0.0,0.0,0.0,10.0,0.5,0.0,0.0,0.0,0.0,0,0.0,0.0,81.71002847252487,0.0,40.855014236262434,Prosumer
2023-05-17 09:00:00,user_001,9,0,2,False,0.0,0.0,0.0,0.0,5.0,0.0,0.0,0.0,10.0,0.5,0.0,0.0,0.0,0.0,0,0.0,0.0,81.71002847252487,0.0,40.855014236262434,Prosumer
2023-05-17 10:00:00,user_001,10,0,2,False,0.0,0.0,0.0,0.0,5.0,0.0,0.0,0.0,10.0,0.5,0.0,0.0,0.0,0.0,0,0.0,0.0,81.71002847252487,0.0,40.855014236262434,Prosumer
2023-05-17 11:00:00,user_001,11,0,2,False,0.0,0.0,0.0,0.0,5.0,0.0,0.0,0.0,10.0,0.5,0.0,0.0,0.0,0.0,0,0.0,0.0,81.71002847252487,0.0,40.855014236262434,Prosumer
2023-05-17 12:00:00,user_001,12,0,2,False,0.0,0.0,0.0,0.0,5.0,0.0,0.0,0.0,10.0,0.5,0.0,0.0,0.0,0.0,0,0.0,0.0,81.71002847252487,0.0,40.855014236262434,Prosumer
2023-05-17 13:00:00,user_001,13,0,2,False,0.0,0.0,0.0,0.0,5.0,0.0,0.0,0.0,10.0,0.5,0.0,0.0,0.0,0.0,0,0.0,0.0,81.71002847252487,0.0,40.855014236262434,Prosumer
2023-05-17 14:00:00,user_001,14,0,2,False,0.0,0.0,0.0,0.0,5.0,0.0,0.0,0.0,10.0,0.5,0.0,0.0,0.0,0.0,0,0.0,0.0,81.71002847252487,0.0,40.855014236262434,Prosumer
2023-05-17 15:00:00,user_001,15,0,2,False,0.0,0.0,0.0,0.0,5.0,0.0,0.0,0.0,10.0,0.5,0.0,0.0,0.0,0.0,0,0.0,0.0,81.71002847252487,0.0,40.855014236262434,Prosumer
2023-05-17 16:00:00,user_001,16,0,2,False,0.0,0.0,0.0,0.0,5.0,0.0,0.0,0.0,10.0,0.5,0.0,0.0,0.0,0.0,0,0.0,0.0,81.71002847252487,0.0,40.855014236262434,Prosumer
2023-05-17 17:00:00,user_001,17,0,2,False,0.0,0.0,0.0,0.0,5.0,0.0,0.0,0.0,10.0,0.5,0.0,0.0,0.0,0.0,0,0.0,0.0,81.71002847252487,0.0,40.855014236262434,Prosumer
2023-05-17 18:00:00,user_001,18,0,2,False,0.0,0.0,0.0,0.0,5.0,0.0,0.0,0.0,10.0,0.5,0.0,0.0,0.0,0.0,0,0.0,0.0,81.71002847252487,0.0,40.855014236262434,Prosumer
2023-05-17 19:00:00,user_001,19,0,2,False,0.0,0.0,0.0,0.0,5.0,0.0,0.0,0.0,10.0,0.5,0.0,0.0,0.0,0.0,0,0.0,0.0,81.71002847252487,0.0,40.855014236262434,Prosumer
2023-05-17 20:00:00,user_001,20,0,2,False,0.0,0.0,0.0,0.0,5.0,0.0,0.0,0.0,10.0,0.5,0.0,0.0,0.0,0.0,0,0.0,0.0,81.71002847252487,0.0,40.855014236262434,Prosumer
2023-05-17 21:00:00,user_001,21,0,2,False,0.0,0.0,0.0,0.0,5.0,0.0,0.0,0.0,10.0,0.5,0.0,0.0,0.0,0.0,0,0.0,0.0,81.71002847252487,0.0,40.855014236262434,Prosumer
2023-05-17 22:00:00,user_001,22,0,2,False,0.0,0.0,0.0,0.0,5.0,0.0,0.0,0.0,10.0,0.5,0.0,0.0,0.0,0.0,0,0.0,0.0,81.71002847252487,0.0,40.855014236262434,Prosumer
2023-05-17 23:00:00,user_001,23,0,2,False,0.0,0.0,0.0,0.0,5.0,0.0,0.0,0.0,10.0,0.5,0.0,0.0,0.0,0.0,0,0.0,0.0,81.71002847252487,0.0,40.855014236262434,Prosumer
2023-05-18 00:00:00,user_001,0,0,3,False,0.0,0.0,0.0,0.0,5.0,0.0,0.0,0.0,10.0,0.5,0.0,0.0,0.0,0.0,0,0.0,0.0,81.71002847252487,0.0,40.855014236262434,Prosumer
2023-05-18 01:00:00,user_001,1,0,3,False,0.0,0.0,0.0,0.0,5.0,0.0,0.0,0.0,10.0,0.5,0.0,0.0,0.0,0.0,0,0.0,0.0,81.71002847252487,0.0,40.855014236262434,Prosumer
2023-05-18 02:00:00,user_001,2,0,3,False,0.0,0.0,0.0,0.0,5.0,0.0,0.0,0.0,10.0,0.5,0.0,0.0,0.0,0.0,0,0.0,0.0,81.71002847252487,0.0,40.855014236262434,Prosumer
2023-05-18 03:00:00,user_001,3,0,3,False,0.0,0.0,0.0,0.0,5.0,0.0,0.0,0.0,10.0,0.5,0.0,0.0,0.0,0.0,0,0.0,0.0,81.71002847252487,0.0,40.855014236262434,Prosumer
2023-05-18 04:00:00,user_001,4,0,3,False,0.0,0.0,0.0,0.0,5.0,0.0,0.0,0.0,10.0,0.5,0.0,0.0,0.0,0.0,0,0.0,0.0,81.71002847252487,0.0,40.855014236262434,Prosumer
2023-05-18 05:00:00,user_001,5,0,3,False,0.0,0.0,0.0,0.0,5.0,0.0,0.0,0.0,10.0,0.5,0.0,0.0,0.0,0.0,0,0.0,0.0,81.71002847252487,0.0,40.855014236262434,Prosumer
2023-05-18 06:00:00,user_001,6,0,3,False,0.0,0.0,0.0,0.0,5.0,0.0,0.0,0.0,10.0,0.5,0.0,0.0,0.0,0.0,0,0.0,0.0,81.71002847252487,0.0,40.855014236262434,Prosumer
2023-05-18 07:00:00,user_001,7,0,3,False,0.0,0.0,0.0,0.0,5.0,0.0,0.0,0.0,10.0,0.5,0.0,0.0,0.0,0.0,0,0.0,0.0,81.71002847252487,0.0,40.855014236262434,Prosumer
2023-05-18 08:00:00,user_001,8,0,3,False,0.0,0.0,0.0,0.0,5.0,0.0,0.0,0.0,10.0,0.5,0.0,0.0,0.0,0.0,0,0.0,0.0,81.71002847252487,0.0,40.855014236262434,Prosumer
2023-05-18 09:00:00,user_001,9,0,3,False,0.0,0.0,0.0,0.0,5.0,0.0,0.0,0.0,10.0,0.5,0.0,0.0,0.0,0.0,0,0.0,0.0,81.71002847252487,0.0,40.855014236262434,Prosumer
2023-05-18 10:00:00,user_001,10,0,3,False,0.0,0.0,0.0,0.0,5.0,0.0,0.0,0.0,10.0,0.5,0.0,0.0,0.0,0.0,0,0.0,0.0,81.71002847252487,0.0,40.855014236262434,Prosumer
2023-05-18 11:00:00,user_001,11,0,3,False,0.0,0.0,0.0,0.0,5.0,0.0,0.0,0.0,10.0,0.5,0.0,0.0,0.0,0.0,0,0.0,0.0,81.71002847252487,0.0,40.855014236262434,Prosumer
2023-05-18 12:00:00,user_001,12,0,3,False,0.0,0.0,0.0,0.0,5.0,0.0,0.0,0.0,10.0,0.5,0.0,0.0,0.0,0.0,0,0.0,0.0,81.71002847252487,0.0,40.855014236262434,Prosumer
2023-05-18 13:00:00,user_001,13,0,3,False,0.0,0.0,0.0,0.0,5.0,0.0,0.0,0.0,10.0,0.5,0.0,0.0,0.0,0.0,0,0.0,0.0,81.71002847252487,0.0,40.855014236262434,Prosumer
2023-05-18 14:00:00,user_001,14,0,3,False,0.0,0.0,0.0,0.0,5.0,0.0,0.0,0.0,10.0,0.5,0.0,0.0,0.0,0.0,0,0.0,0.0,81.71002847252487,0.0,40.855014236262434,Prosumer
2023-05-18 15:00:00,user_001,15,0,3,False,0.0,0.0,0.0,0.0,5.0,0.0,0.0,0.0,10.0,0.5,0.0,0.0,0.0,0.0,0,0.0,0.0,81.71002847252487,0.0,40.855014236262434,Prosumer
2023-05-18 16:00:00,user_001,16,0,3,False,0.0,0.0,0.0,0.0,5.0,0.0,0.0,0.0,10.0,0.5,0.0,0.0,0.0,0.0,0,0.0,0.0,81.71002847252487,0.0,40.855014236262434,Prosumer
2023-05-18 17:00:00,user_001,17,0,3,False,0.0,0.0,0.0,0.0,5.0,0.0,0.0,0.0,10.0,0.5,0.0,0.0,0.0,0.0,0,0.0,0.0,81.71002847252487,0.0,40.855014236262434,Prosumer
2023-05-18 18:00:00,user_001,18,0,3,False,0.0,0.0,0.0,0.0,5.0,0.0,0.0,0.0,10.0,0.5,0.0,0.0,0.0,0.0,0,0.0,0.0,81.71002847252487,0.0,40.855014236262434,Prosumer
2023-05-18 19:00:00,user_001,19,0,3,False,0.0,0.0,0.0,0.0,5.0,0.0,0.0,0.0,10.0,0.5,0.0,0.0,0.0,0.0,0,0.0,0.0,81.71002847252487,0.0,40.855014236262434,Prosumer
2023-05-18 20:00:00,user_001,20,0,3,False,0.0,0.0,0.0,0.0,5.0,0.0,0.0,0.0,10.0,0.5,0.0,0.0,0.0,0.0,0,0.0,0.0,81.71002847252487,0.0,40.855014236262434,Prosumer
2023-05-18 21:00:00,user_001,21,0,3,False,0.0,0.0,0.0,0.0,5.0,0.0,0.0,0.0,10.0,0.5,0.0,0.0,0.0,0.0,0,0.0,0.0,81.71002847252487,0.0,40.855014236262434,Prosumer
2023-05-18 22:00:00,user_001,22,0,3,False,0.0,0.0,0.0,0.0,5.0,0.0,0.0,0.0,10.0,0.5,0.0,0.0,0.0,0.0,0,0.0,0.0,81.71002847252487,0.0,40.855014236262434,Prosumer
2023-05-18 23:00:00,user_001,23,0,3,False,0.0,0.0,0.0,0.0,5.0,0.0,0.0,0.0,10.0,0.5,0.0,0.0,0.0,0.0,0,0.0,0.0,81.71002847252487,0.0,40.855014236262434,Prosumer
2023-05-19 00:00:00,user_001,0,0,4,False,0.0,0.0,0.0,0.0,5.0,0.0,0.0,0.0,10.0,0.5,0.0,0.0,0.0,0.0,0,0.0,0.0,81.71002847252487,0.0,40.855014236262434,Prosumer
2023-05-19 01:00:00,user_001,1,0,4,False,0.0,0.0,0.0,0.0,5.0,0.0,0.0,0.0,10.0,0.5,0.0,0.0,0.0,0.0,0,0.0,0.0,81.71002847252487,0.0,40.855014236262434,Prosumer
2023-05-19 02:00:00,user_001,2,0,4,False,0.0,0.0,0.0,0.0,5.0,0.0,0.0,0.0,10.0,0.5,0.0,0.0,0.0,0.0,0,0.0,0.0,81.71002847252487,0.0,40.855014236262434,Prosumer
2023-05-19 03:00:00,user_001,3,0,4,False,0.0,0.0,0.0,0.0,5.0,0.0,0.0,0.0,10.0,0.5,0.0,0.0,0.0,0.0,0,0.0,0.0,81.71002847252487,0.0,40.855014236262434,Prosumer
2023-05-19 04:00:00,user_001,4,0,4,False,0.0,0.0,0.0,0.0,5.0,0.0,0.0,0.0,10.0,0.5,0.0,0.0,0.0,0.0,0,0.0,0.0,81.71002847252487,0.0,40.855014236262434,Prosumer
2023-05-19 05:00:00,user_001,5,0,4,False,0.0,0.0,0.0,0.0,5.0,0.0,0.0,0.0,10.0,0.5,0.0,0.0,0.0,0.0,0,0.0,0.0,81.71002847252487,0.0,40.855014236262434,Prosumer
2023-05-19 06:00:00,user_001,6,0,4,False,0.0,0.0,0.0,0.0,5.0,0.0,0.0,0.0,10.0,0.5,0.0,0.0,0.0,0.0,0,0.0,0.0,81.71002847252487,0.0,40.855014236262434,Prosumer
2023-05-19 07:00:00,user_001,7,0,4,False,0.0,0.0,0.0,0.0,5.0,0.0,0.0,0.0,10.0,0.5,0.0,0.0,0.0,0.0,0,0.0,0.0,81.71002847252487,0.0,40.855014236262434,Prosumer
2023-05-19 08:00:00,user_001,8,0,4,False,0.0,0.0,0.0,0.0,5.0,0.0,0.0,0.0,10.0,0.5,0.0,0.0,0.0,0.0,0,0.0,0.0,81.71002847252487,0.0,40.855014236262434,Prosumer
2023-05-19 09:00:00,user_001,9,0,4,False,0.0,0.0,0.0,0.0,5.0,0.0,0.0,0.0,10.0,0.5,0.0,0.0,0.0,0.0,0,0.0,0.0,81.71002847252487,0.0,40.855014236262434,Prosumer
2023-05-19 10:00:00,user_001,10,0,4,False,0.0,0.0,0.0,0.0,5.0,0.0,0.0,0.0,10.0,0.5,0.0,0.0,0.0,0.0,0,0.0,0.0,81.71002847252487,0.0,40.855014236262434,Prosumer
2023-05-19 11:00:00,user_001,11,0,4,False,0.0,0.0,0.0,0.0,5.0,0.0,0.0,0.0,10.0,0.5,0.0,0.0,0.0,0.0,0,0.0,0.0,81.71002847252487,0.0,40.855014236262434,Prosumer
2023-05-19 12:00:00,user_001,12,0,4,False,0.0,0.0,0.0,0.0,5.0,0.0,0.0,0.0,10.0,0.5,0.0,0.0,0.0,0.0,0,0.0,0.0,81.71002847252487,0.0,40.855014236262434,Prosumer
2023-05-19 13:00:00,user_001,13,0,4,False,0.0,0.0,0.0,0.0,5.0,0.0,0.0,0.0,10.0,0.5,0.0,0.0,0.0,0.0,0,0.0,0.0,81.71002847252487,0.0,40.855014236262434,Prosumer
2023-05-19 14:00:00,user_001,14,0,4,False,0.0,0.0,0.0,0.0,5.0,0.0,0.0,0.0,10.0,0.5,0.0,0.0,0.0,0.0,0,0.0,0.0,81.71002847252487,0.0,40.855014236262434,Prosumer
2023-05-19 15:00:00,user_001,15,0,4,False,0.0,0.0,0.0,0.0,5.0,0.0,0.0,0.0,10.0,0.5,0.0,0.0,0.0,0.0,0,0.0,0.0,81.71002847252487,0.0,40.855014236262434,Prosumer
2023-05-19 16:00:00,user_001,16,0,4,False,0.0,0.0,0.0,0.0,5.0,0.0,0.0,0.0,10.0,0.5,0.0,0.0,0.0,0.0,0,0.0,0.0,81.71002847252487,0.0,40.855014236262434,Prosumer
2023-05-19 17:00:00,user_001,17,0,4,False,0.0,0.0,0.0,0.0,5.0,0.0,0.0,0.0,10.0,0.5,0.0,0.0,0.0,0.0,0,0.0,0.0,81.71002847252487,0.0,40.855014236262434,Prosumer
2023-05-19 18:00:00,user_001,18,0,4,False,0.0,0.0,0.0,0.0,5.0,0.0,0.0,0.0,10.0,0.5,0.0,0.0,0.0,0.0,0,0.0,0.0,81.71002847252487,0.0,40.855014236262434,Prosumer
2023-05-19 19:00:00,user_001,19,0,4,False,0.0,0.0,0.0,0.0,5.0,0.0,0.0,0.0,10.0,0.5,0.0,0.0,0.0,0.0,0,0.0,0.0,81.71002847252487,0.0,40.855014236262434,Prosumer
2023-05-19 20:00:00,user_001,20,0,4,False,0.0,0.0,0.0,0.0,5.0,0.0,0.0,0.0,10.0,0.5,0.0,0.0,0.0,0.0,0,0.0,0.0,81.71002847252487,0.0,40.855014236262434,Prosumer
2023-05-19 21:00:00,user_001,21,0,4,False,0.0,0.0,0.0,0.0,5.0,0.0,0.0,0.0,10.0,0.5,0.0,0.0,0.0,0.0,0,0.0,0.0,81.71002847252487,0.0,40.855014236262434,Prosumer
2023-05-19 22:00:00,user_001,22,0,4,False,0.0,0.0,0.0,0.0,5.0,0.0,0.0,0.0,10.0,0.5,0.0,0.0,0.0,0.0,0,0.0,0.0,81.71002847252487,0.0,40.855014236262434,Prosumer
2023-05-19 23:00:00,user_001,23,0,4,False,0.0,0.0,0.0,0.0,5.0,0.0,0.0,0.0,10.0,0.5,0.0,0.0,0.0,0.0,0,0.0,0.0,81.71002847252487,0.0,40.855014236262434,Prosumer
2023-05-20 00:00:00,user_001,0,0,5,True,0.0,0.0,0.0,0.0,5.0,0.0,0.0,0.0,10.0,0.5,0.0,0.0,0.0,0.0,0,0.0,0.0,81.71002847252487,0.0,40.855014236262434,Prosumer
2023-05-20 01:00:00,user_001,1,0,5,True,0.0,0.0,0.0,0.0,5.0,0.0,0.0,0.0,10.0,0.5,0.0,0.0,0.0,0.0,0,0.0,0.0,81.71002847252487,0.0,40.855014236262434,Prosumer
2023-05-20 02:00:00,user_001,2,0,5,True,0.0,0.0,0.0,0.0,5.0,0.0,0.0,0.0,10.0,0.5,0.0,0.0,0.0,0.0,0,0.0,0.0,81.71002847252487,0.0,40.855014236262434,Prosumer
2023-05-20 03:00:00,user_001,3,0,5,True,0.0,0.0,0.0,0.0,5.0,0.0,0.0,0.0,10.0,0.5,0.0,0.0,0.0,0.0,0,0.0,0.0,81.71002847252487,0.0,40.855014236262434,Prosumer
2023-05-20 04:00:00,user_001,4,0,5,True,0.0,0.0,0.0,0.0,5.0,0.0,0.0,0.0,10.0,0.5,0.0,0.0,0.0,0.0,0,0.0,0.0,81.71002847252487,0.0,40.855014236262434,Prosumer
2023-05-20 05:00:00,user_001,5,0,5,True,0.0,0.0,0.0,0.0,5.0,0.0,0.0,0.0,10.0,0.5,0.0,0.0,0.0,0.0,0,0.0,0.0,81.71002847252487,0.0,40.855014236262434,Prosumer
2023-05-20 06:00:00,user_001,6,0,5,True,0.0,0.0,0.0,0.0,5.0,0.0,0.0,0.0,10.0,0.5,0.0,0.0,0.0,0.0,0,0.0,0.0,81.71002847252487,0.0,40.855014236262434,Prosumer
2023-05-20 07:00:00,user_001,7,0,5,True,0.0,0.0,0.0,0.0,5.0,0.0,0.0,0.0,10.0,0.5,0.0,0.0,0.0,0.0,0,0.0,0.0,81.71002847252487,0.0,40.855014236262434,Prosumer
2023-05-20 08:00:00,user_001,8,0,5,True,0.0,0.0,0.0,0.0,5.0,0.0,0.0,0.0,10.0,0.5,0.0,0.0,0.0,0.0,0,0.0,0.0,81.71002847252487,0.0,40.855014236262434,Prosumer
2023-05-20 09:00:00,user_001,9,0,5,True,0.0,0.0,0.0,0.0,5.0,0.0,0.0,0.0,10.0,0.5,0.0,0.0,0.0,0.0,0,0.0,0.0,81.71002847252487,0.0,40.855014236262434,Prosumer
2023-05-20 10:00:00,user_001,10,0,5,True,0.0,0.0,0.0,0.0,5.0,0.0,0.0,0.0,10.0,0.5,0.0,0.0,0.0,0.0,0,0.0,0.0,81.71002847252487,0.0,40.855014236262434,Prosumer
2023-05-20 11:00:00,user_001,11,0,5,True,0.0,0.0,0.0,0.0,5.0,0.0,0.0,0.0,10.0,0.5,0.0,0.0,0.0,0.0,0,0.0,0.0,81.71002847252487,0.0,40.855014236262434,Prosumer
2023-05-20 12:00:00,user_001,12,0,5,True,0.0,0.0,0.0,0.0,5.0,0.0,0.0,0.0,10.0,0.5,0.0,0.0,0.0,0.0,0,0.0,0.0,81.71002847252487,0.0,40.855014236262434,Prosumer
2023-05-20 13:00:00,user_001,13,0,5,True,0.0,0.0,0.0,0.0,5.0,0.0,0.0,0.0,10.0,0.5,0.0,0.0,0.0,0.0,0,0.0,0.0,81.71002847252487,0.0,40.855014236262434,Prosumer
2023-05-20 14:00:00,user_001,14,0,5,True,0.0,0.0,0.0,0.0,5.0,0.0,0.0,0.0,10.0,0.5,0.0,0.0,0.0,0.0,0,0.0,0.0,81.71002847252487,0.0,40.855014236262434,Prosumer
2023-05-20 15:00:00,user_001,15,0,5,True,0.0,0.0,0.0,0.0,5.0,0.0,0.0,0.0,10.0,0.5,0.0,0.0,0.0,0.0,0,0.0,0.0,81.71002847252487,0.0,40.855014236262434,Prosumer
2023-05-20 16:00:00,user_001,16,0,5,True,0.0,0.0,0.0,0.0,5.0,0.0,0.0,0.0,10.0,0.5,0.0,0.0,0.0,0.0,0,0.0,0.0,81.71002847252487,0.0,40.855014236262434,Prosumer
2023-05-20 17:00:00,user_001,17,0,5,True,0.0,0.0,0.0,0.0,5.0,0.0,0.0,0.0,10.0,0.5,0.0,0.0,0.0,0.0,0,0.0,0.0,81.71002847252487,0.0,40.855014236262434,Prosumer
2023-05-20 18:00:00,user_001,18,0,5,True,0.0,0.0,0.0,0.0,5.0,0.0,0.0,0.0,10.0,0.5,0.0,0.0,0.0,0.0,0,0.0,0.0,81.71002847252487,0.0,40.855014236262434,Prosumer
2023-05-20 19:00:00,user_001,19,0,5,True,0.0,0.0,0.0,0.0,5.0,0.0,0.0,0.0,10.0,0.5,0.0,0.0,0.0,0.0,0,0.0,0.0,81.71002847252487,0.0,40.855014236262434,Prosumer
2023-05-20 20:00:00,user_001,20,0,5,True,0.0,0.0,0.0,0.0,5.0,0.0,0.0,0.0,10.0,0.5,0.0,0.0,0.0,0.0,0,0.0,0.0,81.71002847252487,0.0,40.855014236262434,Prosumer
2023-05-20 21:00:00,user_001,21,0,5,True,0.0,0.0,0.0,0.0,5.0,0.0,0.0,0.0,10.0,0.5,0.0,0.0,0.0,0.0,0,0.0,0.0,81.71002847252487,0.0,40.855014236262434,Prosumer
2023-05-20 22:00:00,user_001,22,0,5,True,0.0,0.0,0.0,0.0,5.0,0.0,0.0,0.0,10.0,0.5,0.0,0.0,0.0,0.0,0,0.0,0.0,81.71002847252487,0.0,40.855014236262434,Prosumer
2023-05-20 23:00:00,user_001,23,0,5,True,0.0,0.0,0.0,0.0,5.0,0.0,0.0,0.0,10.0,0.5,0.0,0.0,0.0,0.0,0,0.0,0.0,81.71002847252487,0.0,40.855014236262434,Prosumer
2023-05-21 00:00:00,user_001,0,0,6,True,0.0,0.0,0.0,0.0,5.0,0.0,0.0,0.0,10.0,0.5,0.0,0.0,0.0,0.0,0,0.0,0.0,81.71002847252487,0.0,40.855014236262434,Prosumer
2023-05-21 01:00:00,user_001,1,0,6,True,0.0,0.0,0.0,0.0,5.0,0.0,0.0,0.0,10.0,0.5,0.0,0.0,0.0,0.0,0,0.0,0.0,81.71002847252487,0.0,40.855014236262434,Prosumer
2023-05-21 02:00:00,user_001,2,0,6,True,0.0,0.0,0.0,0.0,5.0,0.0,0.0,0.0,10.0,0.5,0.0,0.0,0.0,0.0,0,0.0,0.0,81.71002847252487,0.0,40.855014236262434,Prosumer
2023-05-21 03:00:00,user_001,3,0,6,True,0.0,0.0,0.0,0.0,5.0,0.0,0.0,0.0,10.0,0.5,0.0,0.0,0.0,0.0,0,0.0,0.0,81.71002847252487,0.0,40.855014236262434,Prosumer
2023-05-21 04:00:00,user_001,4,0,6,True,0.0,0.0,0.0,0.0,5.0,0.0,0.0,0.0,10.0,0.5,0.0,0.0,0.0,0.0,0,0.0,0.0,81.71002847252487,0.0,40.855014236262434,Prosumer
2023-05-21 05:00:00,user_001,5,0,6,True,0.0,0.0,0.0,0.0,5.0,0.0,0.0,0.0,10.0,0.5,0.0,0.0,0.0,0.0,0,0.0,0.0,81.71002847252487,0.0,40.855014236262434,Prosumer
2023-05-21 06:00:00,user_001,6,0,6,True,0.0,0.0,0.0,0.0,5.0,0.0,0.0,0.0,10.0,0.5,0.0,0.0,0.0,0.0,0,0.0,0.0,81.71002847252487,0.0,40.855014236262434,Prosumer
2023-05-21 07:00:00,user_001,7,0,6,True,0.0,0.0,0.0,0.0,5.0,0.0,0.0,0.0,10.0,0.5,0.0,0.0,0.0,0.0,0,0.0,0.0,81.71002847252487,0.0,40.855014236262434,Prosumer
2023-05-21 08:00:00,user_001,8,0,6,True,0.0,0.0,0.0,0.0,5.0,0.0,0.0,0.0,10.0,0.5,0.0,0.0,0.0,0.0,0,0.0,0.0,81.71002847252487,0.0,40.855014236262434,Prosumer
2023-05-21 09:00:00,user_001,9,0,6,True,0.0,0.0,0.0,0.0,5.0,0.0,0.0,0.0,10.0,0.5,0.0,0.0,0.0,0.0,0,0.0,0.0,81.71002847252487,0.0,40.855014236262434,Prosumer
2023-05-21 10:00:00,user_001,10,0,6,True,0.0,0.0,0.0,0.0,5.0,0.0,0.0,0.0,10.0,0.5,0.0,0.0,0.0,0.0,0,0.0,0.0,81.71002847252487,0.0,40.855014236262434,Prosumer
2023-05-21 11:00:00,user_001,11,0,6,True,0.0,0.0,0.0,0.0,5.0,0.0,0.0,0.0,10.0,0.5,0.0,0.0,0.0,0.0,0,0.0,0.0,81.71002847252487,0.0,40.855014236262434,Prosumer
2023-05-21 12:00:00,user_001,12,0,6,True,0.0,0.0,0.0,0.0,5.0,0.0,0.0,0.0,10.0,0.5,0.0,0.0,0.0,0.0,0,0.0,0.0,81.71002847252487,0.0,40.855014236262434,Prosumer
2023-05-21 13:00:00,user_001,13,0,6,True,0.0,0.0,0.0,0.0,5.0,0.0,0.0,0.0,10.0,0.5,0.0,0.0,0.0,0.0,0,0.0,0.0,81.71002847252487,0.0,40.855014236262434,Prosumer
2023-05-21 14:00:00,user_001,14,0,6,True,0.0,0.0,0.0,0.0,5.0,0.0,0.0,0.0,10.0,0.5,0.0,0.0,0.0,0.0,0,0.0,0.0,81.71002847252487,0.0,40.855014236262434,Prosumer
2023-05-21 15:00:00,user_001,15,0,6,True,0.0,0.0,0.0,0.0,5.0,0.0,0.0,0.0,10.0,0.5,0.0,0.0,0.0,0.0,0,0.0,0.0,81.71002847252487,0.0,40.855014236262434,Prosumer
2023-05-21 16:00:00,user_001,16,0,6,True,0.0,0.0,0.0,0.0,5.0,0.0,0.0,0.0,10.0,0.5,0.0,0.0,0.0,0.0,0,0.0,0.0,81.71002847252487,0.0,40.855014236262434,Prosumer
2023-05-21 17:00:00,user_001,17,0,6,True,0.0,0.0,0.0,0.0,5.0,0.0,0.0,0.0,10.0,0.5,0.0,0.0,0.0,0.0,0,0.0,0.0,81.71002847252487,0.0,40.855014236262434,Prosumer
2023-05-21 18:00:00,user_001,18,0,6,True,0.0,0.0,0.0,0.0,5.0,0.0,0.0,0.0,10.0,0.5,0.0,0.0,0.0,0.0,0,0.0,0.0,81.71002847252487,0.0,40.855014236262434,Prosumer
2023-05-21 19:00:00,user_001,19,0,6,True,0.0,0.0,0.0,0.0,5.0,0.0,0.0,0.0,10.0,0.5,0.0,0.0,0.0,0.0,0,0.0,0.0,81.71002847252487,0.0,40.855014236262434,Prosumer
2023-05-21 20:00:00,user_001,20,0,6,True,0.0,0.0,0.0,0.0,5.0,0.0,0.0,0.0,10.0,0.5,0.0,0.0,0.0,0.0,0,0.0,0.0,81.71002847252487,0.0,40.855014236262434,Prosumer
2023-05-21 21:00:00,user_001,21,0,6,True,0.0,0.0,0.0,0.0,5.0,0.0,0.0,0.0,10.0,0.5,0.0,0.0,0.0,0.0,0,0.0,0.0,81.71002847252487,0.0,40.855014236262434,Prosumer
2023-05-21 22:00:00,user_001,22,0,6,True,0.0,0.0,0.0,0.0,5.0,0.0,0.0,0.0,10.0,0.5,0.0,0.0,0.0,0.0,0,0.0,0.0,81.71002847252487,0.0,40.855014236262434,Prosumer
2023-05-21 23:00:00,user_001,23,0,6,True,0.0,0.0,0.0,0.0,5.0,0.0,0.0,0.0,10.0,0.5,0.0,0.0,0.0,0.0,0,0.0,0.0,81.71002847252487,0.0,40.855014236262434,Prosumer
2023-05-22 00:00:00,user_001,0,0,0,False,0.0,0.0,0.0,0.0,5.0,0.0,0.0,0.0,10.0,0.5,0.0,0.0,0.0,0.0,0,0.0,0.0,81.71002847252487,0.0,40.855014236262434,Prosumer
2023-05-22 01:00:00,user_001,1,0,0,False,0.0,0.0,0.0,0.0,5.0,0.0,0.0,0.0,10.0,0.5,0.0,0.0,0.0,0.0,0,0.0,0.0,81.71002847252487,0.0,40.855014236262434,Prosumer
2023-05-22 02:00:00,user_001,2,0,0,False,0.0,0.0,0.0,0.0,5.0,0.0,0.0,0.0,10.0,0.5,0.0,0.0,0.0,0.0,0,0.0,0.0,81.71002847252487,0.0,40.855014236262434,Prosumer
2023-05-22 03:00:00,user_001,3,0,0,False,0.0,0.0,0.0,0.0,5.0,0.0,0.0,0.0,10.0,0.5,0.0,0.0,0.0,0.0,0,0.0,0.0,81.71002847252487,0.0,40.855014236262434,Prosumer
2023-05-22 04:00:00,user_001,4,0,0,False,0.0,0.0,0.0,0.0,5.0,0.0,0.0,0.0,10.0,0.5,0.0,0.0,0.0,0.0,0,0.0,0.0,81.71002847252487,0.0,40.855014236262434,Prosumer
2023-05-22 05:00:00,user_001,5,0,0,False,0.0,0.0,0.0,0.0,5.0,0.0,0.0,0.0,10.0,0.5,0.0,0.0,0.0,0.0,0,0.0,0.0,81.71002847252487,0.0,40.855014236262434,Prosumer
2023-05-22 06:00:00,user_001,6,0,0,False,0.0,0.0,0.0,0.0,5.0,0.0,0.0,0.0,10.0,0.5,0.0,0.0,0.0,0.0,0,0.0,0.0,81.71002847252487,0.0,40.855014236262434,Prosumer
2023-05-22 07:00:00,user_001,7,0,0,False,0.0,0.0,0.0,0.0,5.0,0.0,0.0,0.0,10.0,0.5,0.0,0.0,0.0,0.0,0,0.0,0.0,81.71002847252487,0.0,40.855014236262434,Prosumer
2023-05-22 08:00:00,user_001,8,0,0,False,0.0,0.0,0.0,0.0,5.0,0.0,0.0,0.0,10.0,0.5,0.0,0.0,0.0,0.0,0,0.0,0.0,81.71002847252487,0.0,40.855014236262434,Prosumer
2023-05-22 09:00:00,user_001,9,0,0,False,0.0,0.0,0.0,0.0,5.0,0.0,0.0,0.0,10.0,0.5,0.0,0.0,0.0,0.0,0,0.0,0.0,81.71002847252487,0.0,40.855014236262434,Prosumer
2023-05-22 10:00:00,user_001,10,0,0,False,0.0,0.0,0.0,0.0,5.0,0.0,0.0,0.0,10.0,0.5,0.0,0.0,0.0,0.0,0,0.0,0.0,81.71002847252487,0.0,40.855014236262434,Prosumer
2023-05-22 11:00:00,user_001,11,0,0,False,0.0,0.0,0.0,0.0,5.0,0.0,0.0,0.0,10.0,0.5,0.0,0.0,0.0,0.0,0,0.0,0.0,81.71002847252487,0.0,40.855014236262434,Prosumer
2023-05-22 12:00:00,user_001,12,0,0,False,0.0,0.0,0.0,0.0,5.0,0.0,0.0,0.0,10.0,0.5,0.0,0.0,0.0,0.0,0,0.0,0.0,81.71002847252487,0.0,40.855014236262434,Prosumer
2023-05-22 13:00:00,user_001,13,0,0,False,0.0,0.0,0.0,0.0,5.0,0.0,0.0,0.0,10.0,0.5,0.0,0.0,0.0,0.0,0,0.0,0.0,81.71002847252487,0.0,40.855014236262434,Prosumer
2023-05-22 14:00:00,user_001,14,0,0,False,0.0,0.0,0.0,0.0,5.0,0.0,0.0,0.0,10.0,0.5,0.0,0.0,0.0,0.0,0,0.0,0.0,81.71002847252487,0.0,40.855014236262434,Prosumer
2023-05-22 15:00:00,user_001,15,0,0,False,0.0,0.0,0.0,0.0,5.0,0.0,0.0,0.0,10.0,0.5,0.0,0.0,0.0,0.0,0,0.0,0.0,81.71002847252487,0.0,40.855014236262434,Prosumer
2023-05-22 16:00:00,user_001,16,0,0,False,0.0,0.0,0.0,0.0,5.0,0.0,0.0,0.0,10.0,0.5,0.0,0.0,0.0,0.0,0,0.0,0.0,81.71002847252487,0.0,40.855014236262434,Prosumer
2023-05-22 17:00:00,user_001,17,0,0,False,0.0,0.0,0.0,0.0,5.0,0.0,0.0,0.0,10.0,0.5,0.0,0.0,0.0,0.0,0,0.0,0.0,81.71002847252487,0.0,40.855014236262434,Prosumer
2023-05-22 18:00:00,user_001,18,0,0,False,0.0,0.0,0.0,0.0,5.0,0.0,0.0,0.0,10.0,0.5,0.0,0.0,0.0,0.0,0,0.0,0.0,81.71002847252487,0.0,40.855014236262434,Prosumer
2023-05-22 19:00:00,user_001,19,0,0,False,0.0,0.0,0.0,0.0,5.0,0.0,0.0,0.0,10.0,0.5,0.0,0.0,0.0,0.0,0,0.0,0.0,81.71002847252487,0.0,40.855014236262434,Prosumer
2023-05-22 20:00:00,user_001,20,0,0,False,0.0,0.0,0.0,0.0,5.0,0.0,0.0,0.0,10.0,0.5,0.0,0.0,0.0,0.0,0,0.0,0.0,81.71002847252487,0.0,40.855014236262434,Prosumer
2023-05-22 21:00:00,user_001,21,0,0,False,0.0,0.0,0.0,0.0,5.0,0.0,0.0,0.0,10.0,0.5,0.0,0.0,0.0,0.0,0,0.0,0.0,81.71002847252487,0.0,40.855014236262434,Prosumer
2023-05-22 22:00:00,user_001,22,0,0,False,0.0,0.0,0.0,0.0,5.0,0.0,0.0,0.0,10.0,0.5,0.0,0.0,0.0,0.0,0,0.0,0.0,81.71002847252487,0.0,40.855014236262434,Prosumer
2023-05-22 23:00:00,user_001,23,0,0,False,0.0,0.0,0.0,0.0,5.0,0.0,0.0,0.0,10.0,0.5,0.0,0.0,0.0,0.0,0,0.0,0.0,81.71002847252487,0.0,40.855014236262434,Prosumer
2023-05-23 00:00:00,user_001,0,0,1,False,0.0,0.0,0.0,0.0,5.0,0.0,0.0,0.0,10.0,0.5,0.0,0.0,0.0,0.0,0,0.0,0.0,81.71002847252487,0.0,40.855014236262434,Prosumer
2023-05-23 01:00:00,user_001,1,0,1,False,0.0,0.0,0.0,0.0,5.0,0.0,0.0,0.0,10.0,0.5,0.0,0.0,0.0,0.0,0,0.0,0.0,81.71002847252487,0.0,40.855014236262434,Prosumer
2023-05-23 02:00:00,user_001,2,0,1,False,0.0,0.0,0.0,0.0,5.0,0.0,0.0,0.0,10.0,0.5,0.0,0.0,0.0,0.0,0,0.0,0.0,81.71002847252487,0.0,40.855014236262434,Prosumer
2023-05-23 03:00:00,user_001,3,0,1,False,0.0,0.0,0.0,0.0,5.0,0.0,0.0,0.0,10.0,0.5,0.0,0.0,0.0,0.0,0,0.0,0.0,81.71002847252487,0.0,40.855014236262434,Prosumer
2023-05-23 04:00:00,user_001,4,0,1,False,0.0,0.0,0.0,0.0,5.0,0.0,0.0,0.0,10.0,0.5,0.0,0.0,0.0,0.0,0,0.0,0.0,81.71002847252487,0.0,40.855014236262434,Prosumer
2023-05-23 05:00:00,user_001,5,0,1,False,0.0,0.0,0.0,0.0,5.0,0.0,0.0,0.0,10.0,0.5,0.0,0.0,0.0,0.0,0,0.0,0.0,81.71002847252487,0.0,40.855014236262434,Prosumer
2023-05-23 06:00:00,user_001,6,0,1,False,0.0,0.0,0.0,0.0,5.0,0.0,0.0,0.0,10.0,0.5,0.0,0.0,0.0,0.0,0,0.0,0.0,81.71002847252487,0.0,40.855014236262434,Prosumer
2023-05-23 07:00:00,user_001,7,0,1,False,0.0,0.0,0.0,0.0,5.0,0.0,0.0,0.0,10.0,0.5,0.0,0.0,0.0,0.0,0,0.0,0.0,81.71002847252487,0.0,40.855014236262434,Prosumer
2023-05-23 08:00:00,user_001,8,0,1,False,0.0,0.0,0.0,0.0,5.0,0.0,0.0,0.0,10.0,0.5,0.0,0.0,0.0,0.0,0,0.0,0.0,81.71002847252487,0.0,40.855014236262434,Prosumer
2023-05-23 09:00:00,user_001,9,0,1,False,0.0,0.0,0.0,0.0,5.0,0.0,0.0,0.0,10.0,0.5,0.0,0.0,0.0,0.0,0,0.0,0.0,81.71002847252487,0.0,40.855014236262434,Prosumer
2023-05-23 10:00:00,user_001,10,0,1,False,0.0,0.0,0.0,0.0,5.0,0.0,0.0,0.0,10.0,0.5,0.0,0.0,0.0,0.0,0,0.0,0.0,81.71002847252487,0.0,40.855014236262434,Prosumer
2023-05-23 11:00:00,user_001,11,0,1,False,0.0,0.0,0.0,0.0,5.0,0.0,0.0,0.0,10.0,0.5,0.0,0.0,0.0,0.0,0,0.0,0.0,81.71002847252487,0.0,40.855014236262434,Prosumer
2023-05-23 12:00:00,user_001,12,0,1,False,0.0,0.0,0.0,0.0,5.0,0.0,0.0,0.0,10.0,0.5,0.0,0.0,0.0,0.0,0,0.0,0.0,81.71002847252487,0.0,40.855014236262434,Prosumer
2023-05-23 13:00:00,user_001,13,0,1,False,0.0,0.0,0.0,0.0,5.0,0.0,0.0,0.0,10.0,0.5,0.0,0.0,0.0,0.0,0,0.0,0.0,81.71002847252487,0.0,40.855014236262434,Prosumer
2023-05-23 14:00:00,user_001,14,0,1,False,0.0,0.0,0.0,0.0,5.0,0.0,0.0,0.0,10.0,0.5,0.0,0.0,0.0,0.0,0,0.0,0.0,81.71002847252487,0.0,40.855014236262434,Prosumer
2023-05-23 15:00:00,user_001,15,0,1,False,0.0,0.0,0.0,0.0,5.0,0.0,0.0,0.0,10.0,0.5,0.0,0.0,0.0,0.0,0,0.0,0.0,81.71002847252487,0.0,40.855014236262434,Prosumer
2023-05-23 16:00:00,user_001,16,0,1,False,0.0,0.0,0.0,0.0,5.0,0.0,0.0,0.0,10.0,0.5,0.0,0.0,0.0,0.0,0,0.0,0.0,81.71002847252487,0.0,40.855014236262434,Prosumer
2023-05-23 17:00:00,user_001,17,0,1,False,0.0,0.0,0.0,0.0,5.0,0.0,0.0,0.0,10.0,0.5,0.0,0.0,0.0,0.0,0,0.0,0.0,81.71002847252487,0.0,40.855014236262434,Prosumer
2023-05-23 18:00:00,user_001,18,0,1,False,0.0,0.0,0.0,0.0,5.0,0.0,0.0,0.0,10.0,0.5,0.0,0.0,0.0,0.0,0,0.0,0.0,81.71002847252487,0.0,40.855014236262434,Prosumer
2023-05-23 19:00:00,user_001,19,0,1,False,0.0,0.0,0.0,0.0,5.0,0.0,0.0,0.0,10.0,0.5,0.0,0.0,0.0,0.0,0,0.0,0.0,81.71002847252487,0.0,40.855014236262434,Prosumer
2023-05-23 20:00:00,user_001,20,0,1,False,0.0,0.0,0.0,0.0,5.0,0.0,0.0,0.0,10.0,0.5,0.0,0.0,0.0,0.0,0,0.0,0.0,81.71002847252487,0.0,40.855014236262434,Prosumer
2023-05-23 21:00:00,user_001,21,0,1,False,0.0,0.0,0.0,0.0,5.0,0.0,0.0,0.0,10.0,0.5,0.0,0.0,0.0,0.0,0,0.0,0.0,81.71002847252487,0.0,40.855014236262434,Prosumer
2023-05-23 22:00:00,user_001,22,0,1,False,0.0,0.0,0.0,0.0,5.0,0.0,0.0,0.0,10.0,0.5,0.0,0.0,0.0,0.0,0,0.0,0.0,81.71002847252487,0.0,40.855014236262434,Prosumer
2023-05-23 23:00:00,user_001,23,0,1,False,0.0,0.0,0.0,0.0,5.0,0.0,0.0,0.0,10.0,0.5,0.0,0.0,0.0,0.0,0,0.0,0.0,81.71002847252487,0.0,40.855014236262434,Prosumer
2023-05-24 00:00:00,user_001,0,0,2,False,0.0,0.0,0.0,0.0,5.0,0.0,0.0,0.0,10.0,0.5,0.0,0.0,0.0,0.0,0,0.0,0.0,81.71002847252487,0.0,40.855014236262434,Prosumer
2023-05-24 01:00:00,user_001,1,0,2,False,0.0,0.0,0.0,0.0,5.0,0.0,0.0,0.0,10.0,0.5,0.0,0.0,0.0,0.0,0,0.0,0.0,81.71002847252487,0.0,40.855014236262434,Prosumer
2023-05-24 02:00:00,user_001,2,0,2,False,0.0,0.0,0.0,0.0,5.0,0.0,0.0,0.0,10.0,0.5,0.0,0.0,0.0,0.0,0,0.0,0.0,81.71002847252487,0.0,40.855014236262434,Prosumer
2023-05-24 03:00:00,user_001,3,0,2,False,0.0,0.0,0.0,0.0,5.0,0.0,0.0,0.0,10.0,0.5,0.0,0.0,0.0,0.0,0,0.0,0.0,81.71002847252487,0.0,40.855014236262434,Prosumer
2023-05-24 04:00:00,user_001,4,0,2,False,0.0,0.0,0.0,0.0,5.0,0.0,0.0,0.0,10.0,0.5,0.0,0.0,0.0,0.0,0,0.0,0.0,81.71002847252487,0.0,40.855014236262434,Prosumer
2023-05-24 05:00:00,user_001,5,0,2,False,0.0,0.0,0.0,0.0,5.0,0.0,0.0,0.0,10.0,0.5,0.0,0.0,0.0,0.0,0,0.0,0.0,81.71002847252487,0.0,40.855014236262434,Prosumer
2023-05-24 06:00:00,user_001,6,0,2,False,0.0,0.0,0.0,0.0,5.0,0.0,0.0,0.0,10.0,0.5,0.0,0.0,0.0,0.0,0,0.0,0.0,81.71002847252487,0.0,40.855014236262434,Prosumer
2023-05-24 07:00:00,user_001,7,0,2,False,0.0,0.0,0.0,0.0,5.0,0.0,0.0,0.0,10.0,0.5,0.0,0.0,0.0,0.0,0,0.0,0.0,81.71002847252487,0.0,40.855014236262434,Prosumer
2023-05-24 08:00:00,user_001,8,0,2,False,0.0,0.0,0.0,0.0,5.0,0.0,0.0,0.0,10.0,0.5,0.0,0.0,0.0,0.0,0,0.0,0.0,81.71002847252487,0.0,40.855014236262434,Prosumer
2023-05-24 09:00:00,user_001,9,0,2,False,0.0,0.0,0.0,0.0,5.0,0.0,0.0,0.0,10.0,0.5,0.0,0.0,0.0,0.0,0,0.0,0.0,81.71002847252487,0.0,40.855014236262434,Prosumer
2023-05-24 10:00:00,user_001,10,0,2,False,0.0,0.0,0.0,0.0,5.0,0.0,0.0,0.0,10.0,0.5,0.0,0.0,0.0,0.0,0,0.0,0.0,81.71002847252487,0.0,40.855014236262434,Prosumer
2023-05-24 11:00:00,user_001,11,0,2,False,0.0,0.0,0.0,0.0,5.0,0.0,0.0,0.0,10.0,0.5,0.0,0.0,0.0,0.0,0,0.0,0.0,81.71002847252487,0.0,40.855014236262434,Prosumer
2023-05-24 12:00:00,user_001,12,0,2,False,0.0,0.0,0.0,0.0,5.0,0.0,0.0,0.0,10.0,0.5,0.0,0.0,0.0,0.0,0,0.0,0.0,81.71002847252487,0.0,40.855014236262434,Prosumer
2023-05-24 13:00:00,user_001,13,0,2,False,0.0,0.0,0.0,0.0,5.0,0.0,0.0,0.0,10.0,0.5,0.0,0.0,0.0,0.0,0,0.0,0.0,81.71002847252487,0.0,40.855014236262434,Prosumer
2023-05-24 14:00:00,user_001,14,0,2,False,0.0,0.0,0.0,0.0,5.0,0.0,0.0,0.0,10.0,0.5,0.0,0.0,0.0,0.0,0,0.0,0.0,81.71002847252487,0.0,40.855014236262434,Prosumer
2023-05-24 15:00:00,user_001,15,0,2,False,0.0,0.0,0.0,0.0,5.0,0.0,0.0,0.0,10.0,0.5,0.0,0.0,0.0,0.0,0,0.0,0.0,81.71002847252487,0.0,40.855014236262434,Prosumer
2023-05-24 16:00:00,user_001,16,0,2,False,0.0,0.0,0.0,0.0,5.0,0.0,0.0,0.0,10.0,0.5,0.0,0.0,0.0,0.0,0,0.0,0.0,81.71002847252487,0.0,40.855014236262434,Prosumer
2023-05-24 17:00:00,user_001,17,0,2,False,0.0,0.0,0.0,0.0,5.0,0.0,0.0,0.0,10.0,0.5,0.0,0.0,0.0,0.0,0,0.0,0.0,81.71002847252487,0.0,40.855014236262434,Prosumer
2023-05-24 18:00:00,user_001,18,0,2,False,0.0,0.0,0.0,0.0,5.0,0.0,0.0,0.0,10.0,0.5,0.0,0.0,0.0,0.0,0,0.0,0.0,81.71002847252487,0.0,40.855014236262434,Prosumer
2023-05-24 19:00:00,user_001,19,0,2,False,0.0,0.0,0.0,0.0,5.0,0.0,0.0,0.0,10.0,0.5,0.0,0.0,0.0,0.0,0,0.0,0.0,81.71002847252487,0.0,40.855014236262434,Prosumer
2023-05-24 20:00:00,user_001,20,0,2,False,0.0,0.0,0.0,0.0,5.0,0.0,0.0,0.0,10.0,0.5,0.0,0.0,0.0,0.0,0,0.0,0.0,81.71002847252487,0.0,40.855014236262434,Prosumer
2023-05-24 21:00:00,user_001,21,0,2,False,0.0,0.0,0.0,0.0,5.0,0.0,0.0,0.0,10.0,0.5,0.0,0.0,0.0,0.0,0,0.0,0.0,81.71002847252487,0.0,40.855014236262434,Prosumer
2023-05-24 22:00:00,user_001,22,0,2,False,0.0,0.0,0.0,0.0,5.0,0.0,0.0,0.0,10.0,0.5,0.0,0.0,0.0,0.0,0,0.0,0.0,81.71002847252487,0.0,40.855014236262434,Prosumer
2023-05-24 23:00:00,user_001,23,0,2,False,0.0,0.0,0.0,0.0,5.0,0.0,0.0,0.0,10.0,0.5,0.0,0.0,0.0,0.0,0,0.0,0.0,81.71002847252487,0.0,40.855014236262434,Prosumer
2023-05-25 00:00:00,user_001,0,0,3,False,0.0,0.0,0.0,0.0,5.0,0.0,0.0,0.0,10.0,0.5,0.0,0.0,0.0,0.0,0,0.0,0.0,81.71002847252487,0.0,40.855014236262434,Prosumer
2023-05-25 01:00:00,user_001,1,0,3,False,0.0,0.0,0.0,0.0,5.0,0.0,0.0,0.0,10.0,0.5,0.0,0.0,0.0,0.0,0,0.0,0.0,81.71002847252487,0.0,40.855014236262434,Prosumer
2023-05-25 02:00:00,user_001,2,0,3,False,0.0,0.0,0.0,0.0,5.0,0.0,0.0,0.0,10.0,0.5,0.0,0.0,0.0,0.0,0,0.0,0.0,81.71002847252487,0.0,40.855014236262434,Prosumer
2023-05-25 03:00:00,user_001,3,0,3,False,0.0,0.0,0.0,0.0,5.0,0.0,0.0,0.0,10.0,0.5,0.0,0.0,0.0,0.0,0,0.0,0.0,81.71002847252487,0.0,40.855014236262434,Prosumer
2023-05-25 04:00:00,user_001,4,0,3,False,0.0,0.0,0.0,0.0,5.0,0.0,0.0,0.0,10.0,0.5,0.0,0.0,0.0,0.0,0,0.0,0.0,81.71002847252487,0.0,40.855014236262434,Prosumer
2023-05-25 05:00:00,user_001,5,0,3,False,0.0,0.0,0.0,0.0,5.0,0.0,0.0,0.0,10.0,0.5,0.0,0.0,0.0,0.0,0,0.0,0.0,81.71002847252487,0.0,40.855014236262434,Prosumer
2023-05-25 06:00:00,user_001,6,0,3,False,0.0,0.0,0.0,0.0,5.0,0.0,0.0,0.0,10.0,0.5,0.0,0.0,0.0,0.0,0,0.0,0.0,81.71002847252487,0.0,40.855014236262434,Prosumer
2023-05-25 07:00:00,user_001,7,0,3,False,0.0,0.0,0.0,0.0,5.0,0.0,0.0,0.0,10.0,0.5,0.0,0.0,0.0,0.0,0,0.0,0.0,81.71002847252487,0.0,40.855014236262434,Prosumer
2023-05-25 08:00:00,user_001,8,0,3,False,0.0,0.0,0.0,0.0,5.0,0.0,0.0,0.0,10.0,0.5,0.0,0.0,0.0,0.0,0,0.0,0.0,81.71002847252487,0.0,40.855014236262434,Prosumer
2023-05-25 09:00:00,user_001,9,0,3,False,0.0,0.0,0.0,0.0,5.0,0.0,0.0,0.0,10.0,0.5,0.0,0.0,0.0,0.0,0,0.0,0.0,81.71002847252487,0.0,40.855014236262434,Prosumer
2023-05-25 10:00:00,user_001,10,0,3,False,0.0,0.0,0.0,0.0,5.0,0.0,0.0,0.0,10.0,0.5,0.0,0.0,0.0,0.0,0,0.0,0.0,81.71002847252487,0.0,40.855014236262434,Prosumer
2023-05-25 11:00:00,user_001,11,0,3,False,0.0,0.0,0.0,0.0,5.0,0.0,0.0,0.0,10.0,0.5,0.0,0.0,0.0,0.0,0,0.0,0.0,81.71002847252487,0.0,40.855014236262434,Prosumer
2023-05-25 12:00:00,user_001,12,0,3,False,0.0,0.0,0.0,0.0,5.0,0.0,0.0,0.0,10.0,0.5,0.0,0.0,0.0,0.0,0,0.0,0.0,81.71002847252487,0.0,40.855014236262434,Prosumer
2023-05-25 13:00:00,user_001,13,0,3,False,0.0,0.0,0.0,0.0,5.0,0.0,0.0,0.0,10.0,0.5,0.0,0.0,0.0,0.0,0,0.0,0.0,81.71002847252487,0.0,40.855014236262434,Prosumer
2023-05-25 14:00:00,user_001,14,0,3,False,0.0,0.0,0.0,0.0,5.0,0.0,0.0,0.0,10.0,0.5,0.0,0.0,0.0,0.0,0,0.0,0.0,81.71002847252487,0.0,40.855014236262434,Prosumer
2023-05-25 15:00:00,user_001,15,0,3,False,0.0,0.0,0.0,0.0,5.0,0.0,0.0,0.0,10.0,0.5,0.0,0.0,0.0,0.0,0,0.0,0.0,81.71002847252487,0.0,40.855014236262434,Prosumer
2023-05-25 16:00:00,user_001,16,0,3,False,0.0,0.0,0.0,0.0,5.0,0.0,0.0,0.0,10.0,0.5,0.0,0.0,0.0,0.0,0,0.0,0.0,81.71002847252487,0.0,40.855014236262434,Prosumer
2023-05-25 17:00:00,user_001,17,0,3,False,0.0,0.0,0.0,0.0,5.0,0.0,0.0,0.0,10.0,0.5,0.0,0.0,0.0,0.0,0,0.0,0.0,81.71002847252487,0.0,40.855014236262434,Prosumer
2023-05-25 18:00:00,user_001,18,0,3,False,0.0,0.0,0.0,0.0,5.0,0.0,0.0,0.0,10.0,0.5,0.0,0.0,0.0,0.0,0,0.0,0.0,81.71002847252487,0.0,40.855014236262434,Prosumer
2023-05-25 19:00:00,user_001,19,0,3,False,0.0,0.0,0.0,0.0,5.0,0.0,0.0,0.0,10.0,0.5,0.0,0.0,0.0,0.0,0,0.0,0.0,81.71002847252487,0.0,40.855014236262434,Prosumer
2023-05-25 20:00:00,user_001,20,0,3,False,0.0,0.0,0.0,0.0,5.0,0.0,0.0,0.0,10.0,0.5,0.0,0.0,0.0,0.0,0,0.0,0.0,81.71002847252487,0.0,40.855014236262434,Prosumer
2023-05-25 21:00:00,user_001,21,0,3,False,0.0,0.0,0.0,0.0,5.0,0.0,0.0,0.0,10.0,0.5,0.0,0.0,0.0,0.0,0,0.0,0.0,81.71002847252487,0.0,40.855014236262434,Prosumer
2023-05-25 22:00:00,user_001,22,0,3,False,0.0,0.0,0.0,0.0,5.0,0.0,0.0,0.0,10.0,0.5,0.0,0.0,0.0,0.0,0,0.0,0.0,81.71002847252487,0.0,40.855014236262434,Prosumer
2023-05-25 23:00:00,user_001,23,0,3,False,0.0,0.0,0.0,0.0,5.0,0.0,0.0,0.0,10.0,0.5,0.0,0.0,0.0,0.0,0,0.0,0.0,81.71002847252487,0.0,40.855014236262434,Prosumer
2023-05-26 00:00:00,user_001,0,0,4,False,0.0,0.0,0.0,0.0,5.0,0.0,0.0,0.0,10.0,0.5,0.0,0.0,0.0,0.0,0,0.0,0.0,81.71002847252487,0.0,40.855014236262434,Prosumer
2023-05-26 01:00:00,user_001,1,0,4,False,0.0,0.0,0.0,0.0,5.0,0.0,0.0,0.0,10.0,0.5,0.0,0.0,0.0,0.0,0,0.0,0.0,81.71002847252487,0.0,40.855014236262434,Prosumer
2023-05-26 02:00:00,user_001,2,0,4,False,0.0,0.0,0.0,0.0,5.0,0.0,0.0,0.0,10.0,0.5,0.0,0.0,0.0,0.0,0,0.0,0.0,81.71002847252487,0.0,40.855014236262434,Prosumer
2023-05-26 03:00:00,user_001,3,0,4,False,0.0,0.0,0.0,0.0,5.0,0.0,0.0,0.0,10.0,0.5,0.0,0.0,0.0,0.0,0,0.0,0.0,81.71002847252487,0.0,40.855014236262434,Prosumer
2023-05-26 04:00:00,user_001,4,0,4,False,0.0,0.0,0.0,0.0,5.0,0.0,0.0,0.0,10.0,0.5,0.0,0.0,0.0,0.0,0,0.0,0.0,81.71002847252487,0.0,40.855014236262434,Prosumer
2023-05-26 05:00:00,user_001,5,0,4,False,0.0,0.0,0.0,0.0,5.0,0.0,0.0,0.0,10.0,0.5,0.0,0.0,0.0,0.0,0,0.0,0.0,81.71002847252487,0.0,40.855014236262434,Prosumer
2023-05-26 06:00:00,user_001,6,0,4,False,0.0,0.0,0.0,0.0,5.0,0.0,0.0,0.0,10.0,0.5,0.0,0.0,0.0,0.0,0,0.0,0.0,81.71002847252487,0.0,40.855014236262434,Prosumer
2023-05-26 07:00:00,user_001,7,0,4,False,0.0,0.0,0.0,0.0,5.0,0.0,0.0,0.0,10.0,0.5,0.0,0.0,0.0,0.0,0,0.0,0.0,81.71002847252487,0.0,40.855014236262434,Prosumer
2023-05-26 08:00:00,user_001,8,0,4,False,0.0,0.0,0.0,0.0,5.0,0.0,0.0,0.0,10.0,0.5,0.0,0.0,0.0,0.0,0,0.0,0.0,81.71002847252487,0.0,40.855014236262434,Prosumer
2023-05-26 09:00:00,user_001,9,0,4,False,0.0,0.0,0.0,0.0,5.0,0.0,0.0,0.0,10.0,0.5,0.0,0.0,0.0,0.0,0,0.0,0.0,81.71002847252487,0.0,40.855014236262434,Prosumer
2023-05-26 10:00:00,user_001,10,0,4,False,0.0,0.0,0.0,0.0,5.0,0.0,0.0,0.0,10.0,0.5,0.0,0.0,0.0,0.0,0,0.0,0.0,81.71002847252487,0.0,40.855014236262434,Prosumer
2023-05-26 11:00:00,user_001,11,0,4,False,0.0,0.0,0.0,0.0,5.0,0.0,0.0,0.0,10.0,0.5,0.0,0.0,0.0,0.0,0,0.0,0.0,81.71002847252487,0.0,40.855014236262434,Prosumer
2023-05-26 12:00:00,user_001,12,0,4,False,0.0,0.0,0.0,0.0,5.0,0.0,0.0,0.0,10.0,0.5,0.0,0.0,0.0,0.0,0,0.0,0.0,81.71002847252487,0.0,40.855014236262434,Prosumer
2023-05-26 13:00:00,user_001,13,0,4,False,0.0,0.0,0.0,0.0,5.0,0.0,0.0,0.0,10.0,0.5,0.0,0.0,0.0,0.0,0,0.0,0.0,81.71002847252487,0.0,40.855014236262434,Prosumer
2023-05-26 14:00:00,user_001,14,0,4,False,0.0,0.0,0.0,0.0,5.0,0.0,0.0,0.0,10.0,0.5,0.0,0.0,0.0,0.0,0,0.0,0.0,81.71002847252487,0.0,40.855014236262434,Prosumer
2023-05-26 15:00:00,user_001,15,0,4,False,0.0,0.0,0.0,0.0,5.0,0.0,0.0,0.0,10.0,0.5,0.0,0.0,0.0,0.0,0,0.0,0.0,81.71002847252487,0.0,40.855014236262434,Prosumer
2023-05-26 16:00:00,user_001,16,0,4,False,0.0,0.0,0.0,0.0,5.0,0.0,0.0,0.0,10.0,0.5,0.0,0.0,0.0,0.0,0,0.0,0.0,81.71002847252487,0.0,40.855014236262434,Prosumer
2023-05-26 17:00:00,user_001,17,0,4,False,0.0,0.0,0.0,0.0,5.0,0.0,0.0,0.0,10.0,0.5,0.0,0.0,0.0,0.0,0,0.0,0.0,81.71002847252487,0.0,40.855014236262434,Prosumer
2023-05-26 18:00:00,user_001,18,0,4,False,0.0,0.0,0.0,0.0,5.0,0.0,0.0,0.0,10.0,0.5,0.0,0.0,0.0,0.0,0,0.0,0.0,81.71002847252487,0.0,40.855014236262434,Prosumer
2023-05-26 19:00:00,user_001,19,0,4,False,0.0,0.0,0.0,0.0,5.0,0.0,0.0,0.0,10.0,0.5,0.0,0.0,0.0,0.0,0,0.0,0.0,81.71002847252487,0.0,40.855014236262434,Prosumer
2023-05-26 20:00:00,user_001,20,0,4,False,0.0,0.0,0.0,0.0,5.0,0.0,0.0,0.0,10.0,0.5,0.0,0.0,0.0,0.0,0,0.0,0.0,81.71002847252487,0.0,40.855014236262434,Prosumer
2023-05-26 21:00:00,user_001,21,0,4,False,0.0,0.0,0.0,0.0,5.0,0.0,0.0,0.0,10.0,0.5,0.0,0.0,0.0,0.0,0,0.0,0.0,81.71002847252487,0.0,40.855014236262434,Prosumer
2023-05-26 22:00:00,user_001,22,0,4,False,0.0,0.0,0.0,0.0,5.0,0.0,0.0,0.0,10.0,0.5,0.0,0.0,0.0,0.0,0,0.0,0.0,81.71002847252487,0.0,40.855014236262434,Prosumer
2023-05-26 23:00:00,user_001,23,0,4,False,0.0,0.0,0.0,0.0,5.0,0.0,0.0,0.0,10.0,0.5,0.0,0.0,0.0,0.0,0,0.0,0.0,81.71002847252487,0.0,40.855014236262434,Prosumer
2023-05-27 00:00:00,user_001,0,0,5,True,0.0,0.0,0.0,0.0,5.0,0.0,0.0,0.0,10.0,0.5,0.0,0.0,0.0,0.0,0,0.0,0.0,81.71002847252487,0.0,40.855014236262434,Prosumer
2023-05-27 01:00:00,user_001,1,0,5,True,0.0,0.0,0.0,0.0,5.0,0.0,0.0,0.0,10.0,0.5,0.0,0.0,0.0,0.0,0,0.0,0.0,81.71002847252487,0.0,40.855014236262434,Prosumer
2023-05-27 02:00:00,user_001,2,0,5,True,0.0,0.0,0.0,0.0,5.0,0.0,0.0,0.0,10.0,0.5,0.0,0.0,0.0,0.0,0,0.0,0.0,81.71002847252487,0.0,40.855014236262434,Prosumer
2023-05-27 03:00:00,user_001,3,0,5,True,0.0,0.0,0.0,0.0,5.0,0.0,0.0,0.0,10.0,0.5,0.0,0.0,0.0,0.0,0,0.0,0.0,81.71002847252487,0.0,40.855014236262434,Prosumer
2023-05-27 04:00:00,user_001,4,0,5,True,0.0,0.0,0.0,0.0,5.0,0.0,0.0,0.0,10.0,0.5,0.0,0.0,0.0,0.0,0,0.0,0.0,81.71002847252487,0.0,40.855014236262434,Prosumer
2023-05-27 05:00:00,user_001,5,0,5,True,0.0,0.0,0.0,0.0,5.0,0.0,0.0,0.0,10.0,0.5,0.0,0.0,0.0,0.0,0,0.0,0.0,81.71002847252487,0.0,40.855014236262434,Prosumer
2023-05-27 06:00:00,user_001,6,0,5,True,0.0,0.0,0.0,0.0,5.0,0.0,0.0,0.0,10.0,0.5,0.0,0.0,0.0,0.0,0,0.0,0.0,81.71002847252487,0.0,40.855014236262434,Prosumer
2023-05-27 07:00:00,user_001,7,0,5,True,0.0,0.0,0.0,0.0,5.0,0.0,0.0,0.0,10.0,0.5,0.0,0.0,0.0,0.0,0,0.0,0.0,81.71002847252487,0.0,40.855014236262434,Prosumer
2023-05-27 08:00:00,user_001,8,0,5,True,0.0,0.0,0.0,0.0,5.0,0.0,0.0,0.0,10.0,0.5,0.0,0.0,0.0,0.0,0,0.0,0.0,81.71002847252487,0.0,40.855014236262434,Prosumer
2023-05-27 09:00:00,user_001,9,0,5,True,0.0,0.0,0.0,0.0,5.0,0.0,0.0,0.0,10.0,0.5,0.0,0.0,0.0,0.0,0,0.0,0.0,81.71002847252487,0.0,40.855014236262434,Prosumer
2023-05-27 10:00:00,user_001,10,0,5,True,0.0,0.0,0.0,0.0,5.0,0.0,0.0,0.0,10.0,0.5,0.0,0.0,0.0,0.0,0,0.0,0.0,81.71002847252487,0.0,40.855014236262434,Prosumer
2023-05-27 11:00:00,user_001,11,0,5,True,0.0,0.0,0.0,0.0,5.0,0.0,0.0,0.0,10.0,0.5,0.0,0.0,0.0,0.0,0,0.0,0.0,81.71002847252487,0.0,40.855014236262434,Prosumer
2023-05-27 12:00:00,user_001,12,0,5,True,0.0,0.0,0.0,0.0,5.0,0.0,0.0,0.0,10.0,0.5,0.0,0.0,0.0,0.0,0,0.0,0.0,81.71002847252487,0.0,40.855014236262434,Prosumer
2023-05-27 13:00:00,user_001,13,0,5,True,0.0,0.0,0.0,0.0,5.0,0.0,0.0,0.0,10.0,0.5,0.0,0.0,0.0,0.0,0,0.0,0.0,81.71002847252487,0.0,40.855014236262434,Prosumer
2023-05-27 14:00:00,user_001,14,0,5,True,0.0,0.0,0.0,0.0,5.0,0.0,0.0,0.0,10.0,0.5,0.0,0.0,0.0,0.0,0,0.0,0.0,81.71002847252487,0.0,40.855014236262434,Prosumer
2023-05-27 15:00:00,user_001,15,0,5,True,0.0,0.0,0.0,0.0,5.0,0.0,0.0,0.0,10.0,0.5,0.0,0.0,0.0,0.0,0,0.0,0.0,81.71002847252487,0.0,40.855014236262434,Prosumer
2023-05-27 16:00:00,user_001,16,0,5,True,0.0,0.0,0.0,0.0,5.0,0.0,0.0,0.0,10.0,0.5,0.0,0.0,0.0,0.0,0,0.0,0.0,81.71002847252487,0.0,40.855014236262434,Prosumer
2023-05-27 17:00:00,user_001,17,0,5,True,0.0,0.0,0.0,0.0,5.0,0.0,0.0,0.0,10.0,0.5,0.0,0.0,0.0,0.0,0,0.0,0.0,81.71002847252487,0.0,40.855014236262434,Prosumer
2023-05-27 18:00:00,user_001,18,0,5,True,0.0,0.0,0.0,0.0,5.0,0.0,0.0,0.0,10.0,0.5,0.0,0.0,0.0,0.0,0,0.0,0.0,81.71002847252487,0.0,40.855014236262434,Prosumer
2023-05-27 19:00:00,user_001,19,0,5,True,0.0,0.0,0.0,0.0,5.0,0.0,0.0,0.0,10.0,0.5,0.0,0.0,0.0,0.0,0,0.0,0.0,81.71002847252487,0.0,40.855014236262434,Prosumer
2023-05-27 20:00:00,user_001,20,0,5,True,0.0,0.0,0.0,0.0,5.0,0.0,0.0,0.0,10.0,0.5,0.0,0.0,0.0,0.0,0,0.0,0.0,81.71002847252487,0.0,40.855014236262434,Prosumer
2023-05-27 21:00:00,user_001,21,0,5,True,0.0,0.0,0.0,0.0,5.0,0.0,0.0,0.0,10.0,0.5,0.0,0.0,0.0,0.0,0,0.0,0.0,81.71002847252487,0.0,40.855014236262434,Prosumer
2023-05-27 22:00:00,user_001,22,0,5,True,0.0,0.0,0.0,0.0,5.0,0.0,0.0,0.0,10.0,0.5,0.0,0.0,0.0,0.0,0,0.0,0.0,81.71002847252487,0.0,40.855014236262434,Prosumer
2023-05-27 23:00:00,user_001,23,0,5,True,0.0,0.0,0.0,0.0,5.0,0.0,0.0,0.0,10.0,0.5,0.0,0.0,0.0,0.0,0,0.0,0.0,81.71002847252487,0.0,40.855014236262434,Prosumer
2023-05-28 00:00:00,user_001,0,0,6,True,0.0,0.0,0.0,0.0,5.0,0.0,0.0,0.0,10.0,0.5,0.0,0.0,0.0,0.0,0,0.0,0.0,81.71002847252487,0.0,40.855014236262434,Prosumer
2023-05-28 01:00:00,user_001,1,0,6,True,0.0,0.0,0.0,0.0,5.0,0.0,0.0,0.0,10.0,0.5,0.0,0.0,0.0,0.0,0,0.0,0.0,81.71002847252487,0.0,40.855014236262434,Prosumer
2023-05-28 02:00:00,user_001,2,0,6,True,0.0,0.0,0.0,0.0,5.0,0.0,0.0,0.0,10.0,0.5,0.0,0.0,0.0,0.0,0,0.0,0.0,81.71002847252487,0.0,40.855014236262434,Prosumer
2023-05-28 03:00:00,user_001,3,0,6,True,0.0,0.0,0.0,0.0,5.0,0.0,0.0,0.0,10.0,0.5,0.0,0.0,0.0,0.0,0,0.0,0.0,81.71002847252487,0.0,40.855014236262434,Prosumer
2023-05-28 04:00:00,user_001,4,0,6,True,0.0,0.0,0.0,0.0,5.0,0.0,0.0,0.0,10.0,0.5,0.0,0.0,0.0,0.0,0,0.0,0.0,81.71002847252487,0.0,40.855014236262434,Prosumer
2023-05-28 05:00:00,user_001,5,0,6,True,0.0,0.0,0.0,0.0,5.0,0.0,0.0,0.0,10.0,0.5,0.0,0.0,0.0,0.0,0,0.0,0.0,81.71002847252487,0.0,40.855014236262434,Prosumer
2023-05-28 06:00:00,user_001,6,0,6,True,0.0,0.0,0.0,0.0,5.0,0.0,0.0,0.0,10.0,0.5,0.0,0.0,0.0,0.0,0,0.0,0.0,81.71002847252487,0.0,40.855014236262434,Prosumer
2023-05-28 07:00:00,user_001,7,0,6,True,0.0,0.0,0.0,0.0,5.0,0.0,0.0,0.0,10.0,0.5,0.0,0.0,0.0,0.0,0,0.0,0.0,81.71002847252487,0.0,40.855014236262434,Prosumer
2023-05-28 08:00:00,user_001,8,0,6,True,0.0,0.0,0.0,0.0,5.0,0.0,0.0,0.0,10.0,0.5,0.0,0.0,0.0,0.0,0,0.0,0.0,81.71002847252487,0.0,40.855014236262434,Prosumer
2023-05-28 09:00:00,user_001,9,0,6,True,0.0,0.0,0.0,0.0,5.0,0.0,0.0,0.0,10.0,0.5,0.0,0.0,0.0,0.0,0,0.0,0.0,81.71002847252487,0.0,40.855014236262434,Prosumer
2023-05-28 10:00:00,user_001,10,0,6,True,0.0,0.0,0.0,0.0,5.0,0.0,0.0,0.0,10.0,0.5,0.0,0.0,0.0,0.0,0,0.0,0.0,81.71002847252487,0.0,40.855014236262434,Prosumer
2023-05-28 11:00:00,user_001,11,0,6,True,0.0,0.0,0.0,0.0,5.0,0.0,0.0,0.0,10.0,0.5,0.0,0.0,0.0,0.0,0,0.0,0.0,81.71002847252487,0.0,40.855014236262434,Prosumer
2023-05-28 12:00:00,user_001,12,0,6,True,0.0,0.0,0.0,0.0,5.0,0.0,0.0,0.0,10.0,0.5,0.0,0.0,0.0,0.0,0,0.0,0.0,81.71002847252487,0.0,40.855014236262434,Prosumer
2023-05-28 13:00:00,user_001,13,0,6,True,0.0,0.0,0.0,0.0,5.0,0.0,0.0,0.0,10.0,0.5,0.0,0.0,0.0,0.0,0,0.0,0.0,81.71002847252487,0.0,40.855014236262434,Prosumer
2023-05-28 14:00:00,user_001,14,0,6,True,0.0,0.0,0.0,0.0,5.0,0.0,0.0,0.0,10.0,0.5,0.0,0.0,0.0,0.0,0,0.0,0.0,81.71002847252487,0.0,40.855014236262434,Prosumer
2023-05-28 15:00:00,user_001,15,0,6,True,0.0,0.0,0.0,0.0,5.0,0.0,0.0,0.0,10.0,0.5,0.0,0.0,0.0,0.0,0,0.0,0.0,81.71002847252487,0.0,40.855014236262434,Prosumer
2023-05-28 16:00:00,user_001,16,0,6,True,0.0,0.0,0.0,0.0,5.0,0.0,0.0,0.0,10.0,0.5,0.0,0.0,0.0,0.0,0,0.0,0.0,81.71002847252487,0.0,40.855014236262434,Prosumer
2023-05-28 17:00:00,user_001,17,0,6,True,0.0,0.0,0.0,0.0,5.0,0.0,0.0,0.0,10.0,0.5,0.0,0.0,0.0,0.0,0,0.0,0.0,81.71002847252487,0.0,40.855014236262434,Prosumer
2023-05-28 18:00:00,user_001,18,0,6,True,0.0,0.0,0.0,0.0,5.0,0.0,0.0,0.0,10.0,0.5,0.0,0.0,0.0,0.0,0,0.0,0.0,81.71002847252487,0.0,40.855014236262434,Prosumer
2023-05-28 19:00:00,user_001,19,0,6,True,0.0,0.0,0.0,0.0,5.0,0.0,0.0,0.0,10.0,0.5,0.0,0.0,0.0,0.0,0,0.0,0.0,81.71002847252487,0.0,40.855014236262434,Prosumer
2023-05-28 20:00:00,user_001,20,0,6,True,0.0,0.0,0.0,0.0,5.0,0.0,0.0,0.0,10.0,0.5,0.0,0.0,0.0,0.0,0,0.0,0.0,81.71002847252487,0.0,40.855014236262434,Prosumer
2023-05-28 21:00:00,user_001,21,0,6,True,0.0,0.0,0.0,0.0,5.0,0.0,0.0,0.0,10.0,0.5,0.0,0.0,0.0,0.0,0,0.0,0.0,81.71002847252487,0.0,40.855014236262434,Prosumer
2023-05-28 22:00:00,user_001,22,0,6,True,0.0,0.0,0.0,0.0,5.0,0.0,0.0,0.0,10.0,0.5,0.0,0.0,0.0,0.0,0,0.0,0.0,81.71002847252487,0.0,40.855014236262434,Prosumer
2023-05-28 23:00:00,user_001,23,0,6,True,0.0,0.0,0.0,0.0,5.0,0.0,0.0,0.0,10.0,0.5,0.0,0.0,0.0,0.0,0,0.0,0.0,81.71002847252487,0.0,40.855014236262434,Prosumer
2023-05-29 00:00:00,user_001,0,0,0,False,0.0,0.0,0.0,0.0,5.0,0.0,0.0,0.0,10.0,0.5,0.0,0.0,0.0,0.0,0,0.0,0.0,81.71002847252487,0.0,40.855014236262434,Prosumer
2023-05-29 01:00:00,user_001,1,0,0,False,0.0,0.0,0.0,0.0,5.0,0.0,0.0,0.0,10.0,0.5,0.0,0.0,0.0,0.0,0,0.0,0.0,81.71002847252487,0.0,40.855014236262434,Prosumer
2023-05-29 02:00:00,user_001,2,0,0,False,0.0,0.0,0.0,0.0,5.0,0.0,0.0,0.0,10.0,0.5,0.0,0.0,0.0,0.0,0,0.0,0.0,81.71002847252487,0.0,40.855014236262434,Prosumer
2023-05-29 03:00:00,user_001,3,0,0,False,0.0,0.0,0.0,0.0,5.0,0.0,0.0,0.0,10.0,0.5,0.0,0.0,0.0,0.0,0,0.0,0.0,81.71002847252487,0.0,40.855014236262434,Prosumer
2023-05-29 04:00:00,user_001,4,0,0,False,0.0,0.0,0.0,0.0,5.0,0.0,0.0,0.0,10.0,0.5,0.0,0.0,0.0,0.0,0,0.0,0.0,81.71002847252487,0.0,40.855014236262434,Prosumer
2023-05-29 05:00:00,user_001,5,0,0,False,0.0,0.0,0.0,0.0,5.0,0.0,0.0,0.0,10.0,0.5,0.0,0.0,0.0,0.0,0,0.0,0.0,81.71002847252487,0.0,40.855014236262434,Prosumer
2023-05-29 06:00:00,user_001,6,0,0,False,0.0,0.0,0.0,0.0,5.0,0.0,0.0,0.0,10.0,0.5,0.0,0.0,0.0,0.0,0,0.0,0.0,81.71002847252487,0.0,40.855014236262434,Prosumer
2023-05-29 07:00:00,user_001,7,0,0,False,0.0,0.0,0.0,0.0,5.0,0.0,0.0,0.0,10.0,0.5,0.0,0.0,0.0,0.0,0,0.0,0.0,81.71002847252487,0.0,40.855014236262434,Prosumer
2023-05-29 08:00:00,user_001,8,0,0,False,0.0,0.0,0.0,0.0,5.0,0.0,0.0,0.0,10.0,0.5,0.0,0.0,0.0,0.0,0,0.0,0.0,81.71002847252487,0.0,40.855014236262434,Prosumer
2023-05-29 09:00:00,user_001,9,0,0,False,0.0,0.0,0.0,0.0,5.0,0.0,0.0,0.0,10.0,0.5,0.0,0.0,0.0,0.0,0,0.0,0.0,81.71002847252487,0.0,40.855014236262434,Prosumer
2023-05-29 10:00:00,user_001,10,0,0,False,0.0,0.0,0.0,0.0,5.0,0.0,0.0,0.0,10.0,0.5,0.0,0.0,0.0,0.0,0,0.0,0.0,81.71002847252487,0.0,40.855014236262434,Prosumer
2023-05-29 11:00:00,user_001,11,0,0,False,0.0,0.0,0.0,0.0,5.0,0.0,0.0,0.0,10.0,0.5,0.0,0.0,0.0,0.0,0,0.0,0.0,81.71002847252487,0.0,40.855014236262434,Prosumer
2023-05-29 12:00:00,user_001,12,0,0,False,0.0,0.0,0.0,0.0,5.0,0.0,0.0,0.0,10.0,0.5,0.0,0.0,0.0,0.0,0,0.0,0.0,81.71002847252487,0.0,40.855014236262434,Prosumer
2023-05-29 13:00:00,user_001,13,0,0,False,0.0,0.0,0.0,0.0,5.0,0.0,0.0,0.0,10.0,0.5,0.0,0.0,0.0,0.0,0,0.0,0.0,81.71002847252487,0.0,40.855014236262434,Prosumer
2023-05-29 14:00:00,user_001,14,0,0,False,0.0,0.0,0.0,0.0,5.0,0.0,0.0,0.0,10.0,0.5,0.0,0.0,0.0,0.0,0,0.0,0.0,81.71002847252487,0.0,40.855014236262434,Prosumer
2023-05-29 15:00:00,user_001,15,0,0,False,0.0,0.0,0.0,0.0,5.0,0.0,0.0,0.0,10.0,0.5,0.0,0.0,0.0,0.0,0,0.0,0.0,81.71002847252487,0.0,40.855014236262434,Prosumer
2023-05-29 16:00:00,user_001,16,0,0,False,0.0,0.0,0.0,0.0,5.0,0.0,0.0,0.0,10.0,0.5,0.0,0.0,0.0,0.0,0,0.0,0.0,81.71002847252487,0.0,40.855014236262434,Prosumer
2023-05-29 17:00:00,user_001,17,0,0,False,0.0,0.0,0.0,0.0,5.0,0.0,0.0,0.0,10.0,0.5,0.0,0.0,0.0,0.0,0,0.0,0.0,81.71002847252487,0.0,40.855014236262434,Prosumer
2023-05-29 18:00:00,user_001,18,0,0,False,0.0,0.0,0.0,0.0,5.0,0.0,0.0,0.0,10.0,0.5,0.0,0.0,0.0,0.0,0,0.0,0.0,81.71002847252487,0.0,40.855014236262434,Prosumer
2023-05-29 19:00:00,user_001,19,0,0,False,0.0,0.0,0.0,0.0,5.0,0.0,0.0,0.0,10.0,0.5,0.0,0.0,0.0,0.0,0,0.0,0.0,81.71002847252487,0.0,40.855014236262434,Prosumer
2023-05-29 20:00:00,user_001,20,0,0,False,0.0,0.0,0.0,0.0,5.0,0.0,0.0,0.0,10.0,0.5,0.0,0.0,0.0,0.0,0,0.0,0.0,81.71002847252487,0.0,40.855014236262434,Prosumer
2023-05-29 21:00:00,user_001,21,0,0,False,0.0,0.0,0.0,0.0,5.0,0.0,0.0,0.0,10.0,0.5,0.0,0.0,0.0,0.0,0,0.0,0.0,81.71002847252487,0.0,40.855014236262434,Prosumer
2023-05-29 22:00:00,user_001,22,0,0,False,0.0,0.0,0.0,0.0,5.0,0.0,0.0,0.0,10.0,0.5,0.0,0.0,0.0,0.0,0,0.0,0.0,81.71002847252487,0.0,40.855014236262434,Prosumer
2023-05-29 23:00:00,user_001,23,0,0,False,0.0,0.0,0.0,0.0,5.0,0.0,0.0,0.0,10.0,0.5,0.0,0.0,0.0,0.0,0,0.0,0.0,81.71002847252487,0.0,40.855014236262434,Prosumer
2023-05-30 00:00:00,user_001,0,0,1,False,0.0,0.0,0.0,0.0,5.0,0.0,0.0,0.0,10.0,0.5,0.0,0.0,0.0,0.0,0,0.0,0.0,81.71002847252487,0.0,40.855014236262434,Prosumer
2023-05-30 01:00:00,user_001,1,0,1,False,0.0,0.0,0.0,0.0,5.0,0.0,0.0,0.0,10.0,0.5,0.0,0.0,0.0,0.0,0,0.0,0.0,81.71002847252487,0.0,40.855014236262434,Prosumer
2023-05-30 02:00:00,user_001,2,0,1,False,0.0,0.0,0.0,0.0,5.0,0.0,0.0,0.0,10.0,0.5,0.0,0.0,0.0,0.0,0,0.0,0.0,81.71002847252487,0.0,40.855014236262434,Prosumer
2023-05-30 03:00:00,user_001,3,0,1,False,0.0,0.0,0.0,0.0,5.0,0.0,0.0,0.0,10.0,0.5,0.0,0.0,0.0,0.0,0,0.0,0.0,81.71002847252487,0.0,40.855014236262434,Prosumer
2023-05-30 04:00:00,user_001,4,0,1,False,0.0,0.0,0.0,0.0,5.0,0.0,0.0,0.0,10.0,0.5,0.0,0.0,0.0,0.0,0,0.0,0.0,81.71002847252487,0.0,40.855014236262434,Prosumer
2023-05-30 05:00:00,user_001,5,0,1,False,0.0,0.0,0.0,0.0,5.0,0.0,0.0,0.0,10.0,0.5,0.0,0.0,0.0,0.0,0,0.0,0.0,81.71002847252487,0.0,40.855014236262434,Prosumer
2023-05-30 06:00:00,user_001,6,0,1,False,0.0,0.0,0.0,0.0,5.0,0.0,0.0,0.0,10.0,0.5,0.0,0.0,0.0,0.0,0,0.0,0.0,81.71002847252487,0.0,40.855014236262434,Prosumer
2023-05-30 07:00:00,user_001,7,0,1,False,0.0,0.0,0.0,0.0,5.0,0.0,0.0,0.0,10.0,0.5,0.0,0.0,0.0,0.0,0,0.0,0.0,81.71002847252487,0.0,40.855014236262434,Prosumer
2023-05-30 08:00:00,user_001,8,0,1,False,0.0,0.0,0.0,0.0,5.0,0.0,0.0,0.0,10.0,0.5,0.0,0.0,0.0,0.0,0,0.0,0.0,81.71002847252487,0.0,40.855014236262434,Prosumer
2023-05-30 09:00:00,user_001,9,0,1,False,0.0,0.0,0.0,0.0,5.0,0.0,0.0,0.0,10.0,0.5,0.0,0.0,0.0,0.0,0,0.0,0.0,81.71002847252487,0.0,40.855014236262434,Prosumer
2023-05-30 10:00:00,user_001,10,0,1,False,0.0,0.0,0.0,0.0,5.0,0.0,0.0,0.0,10.0,0.5,0.0,0.0,0.0,0.0,0,0.0,0.0,81.71002847252487,0.0,40.855014236262434,Prosumer
2023-05-30 11:00:00,user_001,11,0,1,False,0.0,0.0,0.0,0.0,5.0,0.0,0.0,0.0,10.0,0.5,0.0,0.0,0.0,0.0,0,0.0,0.0,81.71002847252487,0.0,40.855014236262434,Prosumer
2023-05-30 12:00:00,user_001,12,0,1,False,0.0,0.0,0.0,0.0,5.0,0.0,0.0,0.0,10.0,0.5,0.0,0.0,0.0,0.0,0,0.0,0.0,81.71002847252487,0.0,40.855014236262434,Prosumer
2023-05-30 13:00:00,user_001,13,0,1,False,0.0,0.0,0.0,0.0,5.0,0.0,0.0,0.0,10.0,0.5,0.0,0.0,0.0,0.0,0,0.0,0.0,81.71002847252487,0.0,40.855014236262434,Prosumer
2023-05-30 14:00:00,user_001,14,0,1,False,0.0,0.0,0.0,0.0,5.0,0.0,0.0,0.0,10.0,0.5,0.0,0.0,0.0,0.0,0,0.0,0.0,81.71002847252487,0.0,40.855014236262434,Prosumer
2023-05-30 15:00:00,user_001,15,0,1,False,0.0,0.0,0.0,0.0,5.0,0.0,0.0,0.0,10.0,0.5,0.0,0.0,0.0,0.0,0,0.0,0.0,81.71002847252487,0.0,40.855014236262434,Prosumer
2023-05-30 16:00:00,user_001,16,0,1,False,0.0,0.0,0.0,0.0,5.0,0.0,0.0,0.0,10.0,0.5,0.0,0.0,0.0,0.0,0,0.0,0.0,81.71002847252487,0.0,40.855014236262434,Prosumer
2023-05-30 17:00:00,user_001,17,0,1,False,0.0,0.0,0.0,0.0,5.0,0.0,0.0,0.0,10.0,0.5,0.0,0.0,0.0,0.0,0,0.0,0.0,81.71002847252487,0.0,40.855014236262434,Prosumer
2023-05-30 18:00:00,user_001,18,0,1,False,0.0,0.0,0.0,0.0,5.0,0.0,0.0,0.0,10.0,0.5,0.0,0.0,0.0,0.0,0,0.0,0.0,81.71002847252487,0.0,40.855014236262434,Prosumer
2023-05-30 19:00:00,user_001,19,0,1,False,0.0,0.0,0.0,0.0,5.0,0.0,0.0,0.0,10.0,0.5,0.0,0.0,0.0,0.0,0,0.0,0.0,81.71002847252487,0.0,40.855014236262434,Prosumer
2023-05-30 20:00:00,user_001,20,0,1,False,0.0,0.0,0.0,0.0,5.0,0.0,0.0,0.0,10.0,0.5,0.0,0.0,0.0,0.0,0,0.0,0.0,81.71002847252487,0.0,40.855014236262434,Prosumer
2023-05-30 21:00:00,user_001,21,0,1,False,0.0,0.0,0.0,0.0,5.0,0.0,0.0,0.0,10.0,0.5,0.0,0.0,0.0,0.0,0,0.0,0.0,81.71002847252487,0.0,40.855014236262434,Prosumer
2023-05-30 22:00:00,user_001,22,0,1,False,0.0,0.0,0.0,0.0,5.0,0.0,0.0,0.0,10.0,0.5,0.0,0.0,0.0,0.0,0,0.0,0.0,81.71002847252487,0.0,40.855014236262434,Prosumer
2023-05-30 23:00:00,user_001,23,0,1,False,0.0,0.0,0.0,0.0,5.0,0.0,0.0,0.0,10.0,0.5,0.0,0.0,0.0,0.0,0,0.0,0.0,81.71002847252487,0.0,40.855014236262434,Prosumer
2023-05-31 00:00:00,user_001,0,0,2,False,0.0,0.0,0.0,0.0,5.0,0.0,0.0,0.0,10.0,0.5,0.0,0.0,0.0,0.0,0,0.0,0.0,81.71002847252487,0.0,40.855014236262434,Prosumer
2023-05-31 01:00:00,user_001,1,0,2,False,0.0,0.0,0.0,0.0,5.0,0.0,0.0,0.0,10.0,0.5,0.0,0.0,0.0,0.0,0,0.0,0.0,81.71002847252487,0.0,40.855014236262434,Prosumer
2023-05-31 02:00:00,user_001,2,0,2,False,0.0,0.0,0.0,0.0,5.0,0.0,0.0,0.0,10.0,0.5,0.0,0.0,0.0,0.0,0,0.0,0.0,81.71002847252487,0.0,40.855014236262434,Prosumer
2023-05-31 03:00:00,user_001,3,0,2,False,0.0,0.0,0.0,0.0,5.0,0.0,0.0,0.0,10.0,0.5,0.0,0.0,0.0,0.0,0,0.0,0.0,81.71002847252487,0.0,40.855014236262434,Prosumer
2023-05-31 04:00:00,user_001,4,0,2,False,0.0,0.0,0.0,0.0,5.0,0.0,0.0,0.0,10.0,0.5,0.0,0.0,0.0,0.0,0,0.0,0.0,81.71002847252487,0.0,40.855014236262434,Prosumer
2023-05-31 05:00:00,user_001,5,0,2,False,0.0,0.0,0.0,0.0,5.0,0.0,0.0,0.0,10.0,0.5,0.0,0.0,0.0,0.0,0,0.0,0.0,81.71002847252487,0.0,40.855014236262434,Prosumer
2023-05-31 06:00:00,user_001,6,0,2,False,0.0,0.0,0.0,0.0,5.0,0.0,0.0,0.0,10.0,0.5,0.0,0.0,0.0,0.0,0,0.0,0.0,81.71002847252487,0.0,40.855014236262434,Prosumer
2023-05-31 07:00:00,user_001,7,0,2,False,0.0,0.0,0.0,0.0,5.0,0.0,0.0,0.0,10.0,0.5,0.0,0.0,0.0,0.0,0,0.0,0.0,81.71002847252487,0.0,40.855014236262434,Prosumer
2023-05-31 08:00:00,user_001,8,0,2,False,0.0,0.0,0.0,0.0,5.0,0.0,0.0,0.0,10.0,0.5,0.0,0.0,0.0,0.0,0,0.0,0.0,81.71002847252487,0.0,40.855014236262434,Prosumer
2023-05-31 09:00:00,user_001,9,0,2,False,0.0,0.0,0.0,0.0,5.0,0.0,0.0,0.0,10.0,0.5,0.0,0.0,0.0,0.0,0,0.0,0.0,81.71002847252487,0.0,40.855014236262434,Prosumer
2023-05-31 10:00:00,user_001,10,0,2,False,0.0,0.0,0.0,0.0,5.0,0.0,0.0,0.0,10.0,0.5,0.0,0.0,0.0,0.0,0,0.0,0.0,81.71002847252487,0.0,40.855014236262434,Prosumer
2023-05-31 11:00:00,user_001,11,0,2,False,0.0,0.0,0.0,0.0,5.0,0.0,0.0,0.0,10.0,0.5,0.0,0.0,0.0,0.0,0,0.0,0.0,81.71002847252487,0.0,40.855014236262434,Prosumer
2023-05-31 12:00:00,user_001,12,0,2,False,0.0,0.0,0.0,0.0,5.0,0.0,0.0,0.0,10.0,0.5,0.0,0.0,0.0,0.0,0,0.0,0.0,81.71002847252487,0.0,40.855014236262434,Prosumer
2023-05-31 13:00:00,user_001,13,0,2,False,0.0,0.0,0.0,0.0,5.0,0.0,0.0,0.0,10.0,0.5,0.0,0.0,0.0,0.0,0,0.0,0.0,81.71002847252487,0.0,40.855014236262434,Prosumer
2023-05-31 14:00:00,user_001,14,0,2,False,0.0,0.0,0.0,0.0,5.0,0.0,0.0,0.0,10.0,0.5,0.0,0.0,0.0,0.0,0,0.0,0.0,81.71002847252487,0.0,40.855014236262434,Prosumer
2023-05-31 15:00:00,user_001,15,0,2,False,0.0,0.0,0.0,0.0,5.0,0.0,0.0,0.0,10.0,0.5,0.0,0.0,0.0,0.0,0,0.0,0.0,81.71002847252487,0.0,40.855014236262434,Prosumer
2023-05-31 16:00:00,user_001,16,0,2,False,0.0,0.0,0.0,0.0,5.0,0.0,0.0,0.0,10.0,0.5,0.0,0.0,0.0,0.0,0,0.0,0.0,81.71002847252487,0.0,40.855014236262434,Prosumer
2023-05-31 17:00:00,user_001,17,0,2,False,0.0,0.0,0.0,0.0,5.0,0.0,0.0,0.0,10.0,0.5,0.0,0.0,0.0,0.0,0,0.0,0.0,81.71002847252487,0.0,40.855014236262434,Prosumer
2023-05-31 18:00:00,user_001,18,0,2,False,0.0,0.0,0.0,0.0,5.0,0.0,0.0,0.0,10.0,0.5,0.0,0.0,0.0,0.0,0,0.0,0.0,81.71002847252487,0.0,40.855014236262434,Prosumer
2023-05-31 19:00:00,user_001,19,0,2,False,0.0,0.0,0.0,0.0,5.0,0.0,0.0,0.0,10.0,0.5,0.0,0.0,0.0,0.0,0,0.0,0.0,81.71002847252487,0.0,40.855014236262434,Prosumer
2023-05-31 20:00:00,user_001,20,0,2,False,0.0,0.0,0.0,0.0,5.0,0.0,0.0,0.0,10.0,0.5,0.0,0.0,0.0,0.0,0,0.0,0.0,81.71002847252487,0.0,40.855014236262434,Prosumer
2023-05-31 21:00:00,user_001,21,0,2,False,0.0,0.0,0.0,0.0,5.0,0.0,0.0,0.0,10.0,0.5,0.0,0.0,0.0,0.0,0,0.0,0.0,81.71002847252487,0.0,40.855014236262434,Prosumer
2023-05-31 22:00:00,user_001,22,0,2,False,0.0,0.0,0.0,0.0,5.0,0.0,0.0,0.0,10.0,0.5,0.0,0.0,0.0,0.0,0,0.0,0.0,81.71002847252487,0.0,40.855014236262434,Prosumer
2023-05-31 23:00:00,user_001,23,0,2,False,0.0,0.0,0.0,0.0,5.0,0.0,0.0,0.0,10.0,0.5,0.0,0.0,0.0,0.0,0,0.0,0.0,81.71002847252487,0.0,40.855014236262434,Prosumer
2023-05-01 00:00:00,user_002,0,0,0,False,0.0,0.0,0.0,0.0,12.0,0.0,0.05,0.05,42.7,5.124,0.05,0.05,0.05,0.05,0,0.0,0.0,0.0,0.0,0.0,Prosumer
2023-05-01 01:00:00,user_002,1,0,0,False,0.0,0.0,0.0,0.0,12.0,0.0,0.05,0.05,42.28,5.074,0.05,0.05,0.05,0.05,0,0.0,0.0,0.0,0.0,0.0,Prosumer
2023-05-01 02:00:00,user_002,2,0,0,False,0.0,0.0,0.0,0.0,12.0,0.0,0.05,0.05,41.87,5.024,0.05,0.05,0.05,0.05,0,0.0,0.0,0.0,0.0,0.0,Prosumer
2023-05-01 03:00:00,user_002,3,0,0,False,0.0,0.0,0.0,0.0,12.0,0.0,0.05,0.05,41.45,4.974,0.05,0.05,0.05,0.05,0,0.0,0.0,0.0,0.0,0.0,Prosumer
2023-05-01 04:00:00,user_002,4,0,0,False,0.0,0.0,0.0,0.0,12.0,0.0,0.05,0.05,41.03,4.924,0.05,0.05,0.05,0.05,0,0.0,0.0,0.0,0.0,0.0,Prosumer
2023-05-01 05:00:00,user_002,5,0,0,False,0.018684834854074527,0.018892444130230914,0.0,0.0,12.0,0.0,0.032,0.032,40.77,4.892,0.05068483485407453,0.05068483485407453,0.05068483485407453,0.05068483485407453,0,0.0,0.009446222065115457,0.018892444130230914,0.0,0.009446222065115457,Prosumer
2023-05-01 06:00:00,user_002,6,0,0,False,0.621789782088369,0.6213745635360562,0.0,0.0,12.0,0.504,0.0,-0.504,44.97,5.396,0.11778978208836899,0.11778978208836899,0.11778978208836899,0.11778978208836899,0,0.0,0.3106872817680281,0.6402670076662872,0.0,0.3201335038331436,Prosumer
2023-05-01 07:00:00,user_002,7,0,0,False,2.33249021761697,2.332178803702736,0.0,0.0,12.0,2.144,0.0,-2.144,62.83,7.54,0.18849021761697005,0.18849021761697005,0.18849021761697005,0.18849021761697005,0,0.0,1.166089401851368,2.972445811369023,0.0,1.4862229056845115,Prosumer
2023-05-01 08:00:00,user_002,8,0,0,False,4.236267279971009,4.235955866056774,0.0,0.0,12.0,3.86,0.0,-3.86,95.0,11.4,0.37626727997100895,0.37626727997100895,0.37626727997100895,0.37626727997100895,0,0.0,2.117977933028387,7.2084016774257975,0.0,3.6042008387128988,Prosumer
2023-05-01 09:00:00,user_002,9,0,0,False,4.656676064187685,4.656260845635372,0.0,0.0,12.0,0.0,0.0,0.0,95.0,11.4,4.656676064187685,4.656676064187685,4.656676064187685,4.656676064187685,0,0.0,2.328130422817686,11.86466252306117,0.0,5.932331261530585,Prosumer
2023-05-01 10:00:00,user_002,10,0,0,False,5.30856919131873,5.3088806052329645,0.0,0.0,12.0,0.0,0.0,0.0,95.0,11.4,5.30856919131873,5.30856919131873,5.30856919131873,5.30856919131873,0,0.0,2.6544403026164822,17.173543128294135,0.0,8.586771564147067,Prosumer
2023-05-01 11:00:00,user_002,11,0,0,False,6.212707588979781,6.212915198255937,0.0,0.0,12.0,0.0,0.0,0.0,95.0,11.4,6.212707588979781,6.212707588979781,6.212707588979781,6.212707588979781,0,0.0,3.1064575991279684,23.38645832655007,0.0,11.693229163275035,Prosumer
2023-05-01 12:00:00,user_002,12,0,0,False,6.048696260816238,6.048800065454316,0.0,0.0,12.0,0.0,0.0,0.0,95.0,11.4,6.048696260816238,6.048696260816238,6.048696260816238,6.048696260816238,0,0.0,3.024400032727158,29.435258392004386,0.0,14.717629196002193,Prosumer
2023-05-01 13:00:00,user_002,13,0,0,False,5.148710048678314,5.1481910254879235,0.0,0.0,12.0,0.0,0.0,0.0,95.0,11.4,5.148710048678314,5.148710048678314,5.148710048678314,5.148710048678314,0,0.0,2.5740955127439618,34.58344941749231,0.0,17.291724708746155,Prosumer
2023-05-01 14:00:00,user_002,14,0,0,False,4.195783471120514,4.1955758618443575,0.0,0.0,12.0,0.0,0.0,0.0,95.0,11.4,4.195783471120514,4.195783471120514,4.195783471120514,4.195783471120514,0,0.0,2.0977879309221787,38.779025279336665,0.0,19.389512639668332,Prosumer
2023-05-01 15:00:00,user_002,15,0,0,False,2.5297190299655345,2.529926639241691,0.0,0.0,12.0,0.0,0.0,0.0,95.0,11.4,2.5297190299655345,2.5297190299655345,2.5297190299655345,2.5297190299655345,0,0.0,1.2649633196208454,41.30895191857836,0.0,20.65447595928918,Prosumer
2023-05-01 16:00:00,user_002,16,0,0,False,2.3314521712361884,2.3310369526838755,0.0,0.0,12.0,0.0,0.0,0.0,95.0,11.4,2.3314521712361884,2.3314521712361884,2.3314521712361884,2.3314521712361884,0,0.0,1.1655184763419377,43.63998887126223,0.0,21.819994435631116,Prosumer
2023-05-01 17:00:00,user_002,17,0,0,False,1.0712638649669397,1.071575278881174,0.0,0.0,12.0,0.0,0.0,0.0,95.0,11.4,1.0712638649669397,1.0712638649669397,1.0712638649669397,1.0712638649669397,0,0.0,0.535787639440587,44.71156415014341,0.0,22.355782075071705,Prosumer
2023-05-01 18:00:00,user_002,18,0,0,False,0.06643496837004277,0.0661235544558082,0.0,0.0,12.0,0.0,0.0,0.0,95.0,11.4,0.06643496837004277,0.06643496837004277,0.06643496837004277,0.06643496837004277,0,0.0,0.0330617772279041,44.77768770459922,0.0,22.38884385229961,Prosumer
2023-05-01 19:00:00,user_002,19,0,0,False,0.0,0.0,0.0,0.0,12.0,0.0,0.051,0.051,94.57,11.349,0.051,0.051,0.051,0.051,0,0.0,0.0,44.77768770459922,0.0,22.38884385229961,Prosumer
2023-05-01 20:00:00,user_002,20,0,0,False,0.0,0.0,0.0,0.0,12.0,0.0,0.05,0.05,94.16,11.299,0.05,0.05,0.05,0.05,0,0.0,0.0,44.77768770459922,0.0,22.38884385229961,Prosumer
2023-05-01 21:00:00,user_002,21,0,0,False,0.0,0.0,0.0,0.0,12.0,0.0,0.05,0.05,93.74,11.249,0.05,0.05,0.05,0.05,0,0.0,0.0,44.77768770459922,0.0,22.38884385229961,Prosumer
2023-05-01 22:00:00,user_002,22,0,0,False,0.0,0.0,0.0,0.0,12.0,0.0,0.05,0.05,93.32,11.199,0.05,0.05,0.05,0.05,0,0.0,0.0,44.77768770459922,0.0,22.38884385229961,Prosumer
2023-05-01 23:00:00,user_002,23,0,0,False,0.0,0.0,0.0,0.0,12.0,0.0,0.05,0.05,92.91,11.149,0.05,0.05,0.05,0.05,0,0.0,0.0,44.77768770459922,0.0,22.38884385229961,Prosumer
2023-05-02 00:00:00,user_002,0,0,1,False,0.0,0.0,0.0,0.0,12.0,0.0,0.05,0.05,92.49,11.099,0.05,0.05,0.05,0.05,0,0.0,0.0,44.77768770459922,0.0,22.38884385229961,Prosumer
2023-05-02 01:00:00,user_002,1,0,1,False,0.0,0.0,0.0,0.0,12.0,0.0,0.05,0.05,92.07,11.049,0.05,0.05,0.05,0.05,0,0.0,0.0,44.77768770459922,0.0,22.38884385229961,Prosumer
2023-05-02 02:00:00,user_002,2,0,1,False,0.0,0.0,0.0,0.0,12.0,0.0,0.05,0.05,91.66,10.999,0.05,0.05,0.05,0.05,0,0.0,0.0,44.77768770459922,0.0,22.38884385229961,Prosumer
2023-05-02 03:00:00,user_002,3,0,1,False,0.0,0.0,0.0,0.0,12.0,0.0,0.05,0.05,91.24,10.949,0.05,0.05,0.05,0.05,0,0.0,0.0,44.77768770459922,0.0,22.38884385229961,Prosumer
2023-05-02 04:00:00,user_002,4,0,1,False,0.0,0.0,0.0,0.0,12.0,0.0,0.05,0.05,90.82,10.899,0.05,0.05,0.05,0.05,0,0.0,0.0,44.77768770459922,0.0,22.38884385229961,Prosumer
2023-05-02 05:00:00,user_002,5,0,1,False,0.02387506675798412,0.023667457481827737,0.0,0.0,12.0,0.0,0.027,0.027,90.6,10.872,0.050875066757984116,0.050875066757984116,0.050875066757984116,0.050875066757984116,0,0.0,0.011833728740913868,44.801355162081045,0.0,22.400677581040522,Prosumer
2023-05-02 06:00:00,user_002,6,0,1,False,0.8584643569066464,0.858775770820881,0.0,0.0,12.0,0.528,0.0,-0.528,95.0,11.4,0.33046435690664633,0.33046435690664633,0.33046435690664633,0.33046435690664633,0,0.0,0.4293878854104405,45.66013093290193,0.0,22.830065466450964,Prosumer
2023-05-02 07:00:00,user_002,7,0,1,False,2.487159128353476,2.4872629329915545,0.0,0.0,12.0,0.0,0.0,0.0,95.0,11.4,2.487159128353476,2.487159128353476,2.487159128353476,2.487159128353476,0,0.0,1.2436314664957773,48.147393865893484,0.0,24.073696932946742,Prosumer
2023-05-02 08:00:00,user_002,8,0,1,False,4.169832311600966,4.170351334791357,0.0,0.0,12.0,0.0,0.0,0.0,95.0,11.4,4.169832311600966,4.169832311600966,4.169832311600966,4.169832311600966,0,0.0,2.0851756673956783,52.31774520068484,0.0,26.15887260034242,Prosumer
2023-05-02 09:00:00,user_002,9,0,1,False,4.66498043523394,4.664565216681628,0.0,0.0,12.0,0.0,0.0,0.0,95.0,11.4,4.66498043523394,4.66498043523394,4.66498043523394,4.66498043523394,0,0.0,2.332282608340814,56.98231041736647,0.0,28.491155208683235,Prosumer
2023-05-02 10:00:00,user_002,10,0,1,False,5.0864272658314,5.086219656555243,0.0,0.0,12.0,0.0,0.0,0.0,95.0,11.4,5.0864272658314,5.0864272658314,5.0864272658314,5.0864272658314,0,0.0,2.5431098282776214,62.068530073921714,0.0,31.034265036960857,Prosumer
2023-05-02 11:00:00,user_002,11,0,1,False,5.513064328332768,5.51296052369469,0.0,0.0,12.0,0.0,0.0,0.0,95.0,11.4,5.513064328332768,5.513064328332768,5.513064328332768,5.513064328332768,0,0.0,2.756480261847345,67.58149059761641,0.0,33.790745298808204,Prosumer
2023-05-02 12:00:00,user_002,12,0,1,False,6.511664946644973,6.5114573373688165,0.0,0.0,12.0,0.0,0.0,0.0,95.0,11.4,6.511664946644973,6.511664946644973,6.511664946644973,6.511664946644973,0,0.0,3.2557286686844082,74.09294793498522,0.0,37.04647396749261,Prosumer
2023-05-02 13:00:00,user_002,13,0,1,False,5.658390821642236,5.658702235556471,0.0,0.0,12.0,0.0,0.0,0.0,95.0,11.4,5.658390821642236,5.658390821642236,5.658390821642236,5.658390821642236,0,0.0,2.8293511177782356,79.7516501705417,0.0,39.87582508527085,Prosumer
2023-05-02 14:00:00,user_002,14,0,1,False,4.580898678390605,4.581210092304839,0.0,0.0,12.0,0.0,0.0,0.0,95.0,11.4,4.580898678390605,4.580898678390605,4.580898678390605,4.580898678390605,0,0.0,2.2906050461524194,84.33286026284654,0.0,42.16643013142327,Prosumer
2023-05-02 15:00:00,user_002,15,0,1,False,4.178136682647222,4.178551901199534,0.0,0.0,12.0,0.0,0.0,0.0,95.0,11.4,4.178136682647222,4.178136682647222,4.178136682647222,4.178136682647222,0,0.0,2.089275950599767,88.51141216404608,0.0,44.25570608202304,Prosumer
2023-05-02 16:00:00,user_002,16,0,1,False,2.5193385661577157,2.519234761519637,0.0,0.0,12.0,0.0,0.0,0.0,95.0,11.4,2.5193385661577157,2.5193385661577157,2.5193385661577157,2.5193385661577157,0,0.0,1.2596173807598186,91.03064692556572,0.0,45.51532346278286,Prosumer
2023-05-02 17:00:00,user_002,17,0,1,False,0.9591548558424925,0.9588434419282579,0.0,0.0,12.0,0.0,0.0,0.0,95.0,11.4,0.9591548558424925,0.9591548558424925,0.9591548558424925,0.9591548558424925,0,0.0,0.47942172096412894,91.98949036749397,0.0,45.994745183746986,Prosumer
2023-05-02 18:00:00,user_002,18,0,1,False,0.0,0.0,0.0,0.0,12.0,0.0,0.05,0.05,94.58,11.35,0.05,0.05,0.05,0.05,0,0.0,0.0,91.98949036749397,0.0,45.994745183746986,Prosumer
2023-05-02 19:00:00,user_002,19,0,1,False,0.0,0.0,0.0,0.0,12.0,0.0,0.051,0.051,94.16,11.299,0.051,0.051,0.051,0.051,0,0.0,0.0,91.98949036749397,0.0,45.994745183746986,Prosumer
2023-05-02 20:00:00,user_002,20,0,1,False,0.0,0.0,0.0,0.0,12.0,0.0,0.052,0.052,93.73,11.247,0.052,0.052,0.052,0.052,0,0.0,0.0,91.98949036749397,0.0,45.994745183746986,Prosumer
2023-05-02 21:00:00,user_002,21,0,1,False,0.0,0.0,0.0,0.0,12.0,0.0,0.05,0.05,93.31,11.197,0.05,0.05,0.05,0.05,0,0.0,0.0,91.98949036749397,0.0,45.994745183746986,Prosumer
2023-05-02 22:00:00,user_002,22,0,1,False,0.0,0.0,0.0,0.0,12.0,0.0,0.05,0.05,92.89,11.147,0.05,0.05,0.05,0.05,0,0.0,0.0,91.98949036749397,0.0,45.994745183746986,Prosumer
2023-05-02 23:00:00,user_002,23,0,1,False,0.0,0.0,0.0,0.0,12.0,0.0,0.05,0.05,92.48,11.097,0.05,0.05,0.05,0.05,0,0.0,0.0,91.98949036749397,0.0,45.994745183746986,Prosumer
2023-05-03 00:00:00,user_002,0,0,2,False,0.0,0.0,0.0,0.0,12.0,0.0,0.05,0.05,92.06,11.047,0.05,0.05,0.05,0.05,0,0.0,0.0,91.98949036749397,0.0,45.994745183746986,Prosumer
2023-05-03 01:00:00,user_002,1,0,2,False,0.0,0.0,0.0,0.0,12.0,0.0,0.05,0.05,91.64,10.997,0.05,0.05,0.05,0.05,0,0.0,0.0,91.98949036749397,0.0,45.994745183746986,Prosumer
2023-05-03 02:00:00,user_002,2,0,2,False,0.0,0.0,0.0,0.0,12.0,0.0,0.05,0.05,91.23,10.947,0.05,0.05,0.05,0.05,0,0.0,0.0,91.98949036749397,0.0,45.994745183746986,Prosumer
2023-05-03 03:00:00,user_002,3,0,2,False,0.0,0.0,0.0,0.0,12.0,0.0,0.05,0.05,90.81,10.897,0.05,0.05,0.05,0.05,0,0.0,0.0,91.98949036749397,0.0,45.994745183746986,Prosumer
2023-05-03 04:00:00,user_002,4,0,2,False,0.0,0.0,0.0,0.0,12.0,0.0,0.05,0.05,90.39,10.847,0.05,0.05,0.05,0.05,0,0.0,0.0,91.98949036749397,0.0,45.994745183746986,Prosumer
2023-05-03 05:00:00,user_002,5,0,2,False,0.0,0.0,0.0,0.0,12.0,0.0,0.05,0.05,89.98,10.797,0.05,0.05,0.05,0.05,0,0.0,0.0,91.98949036749397,0.0,45.994745183746986,Prosumer
2023-05-03 06:00:00,user_002,6,0,2,False,0.0,0.0,0.0,0.0,12.0,0.0,0.094,0.094,89.19,10.703,0.094,0.094,0.094,0.094,0,0.0,0.0,91.98949036749397,0.0,45.994745183746986,Prosumer
2023-05-03 07:00:00,user_002,7,0,2,False,0.0,0.0,0.0,0.0,12.0,0.0,0.104,0.104,88.32,10.599,0.104,0.104,0.104,0.104,0,0.0,0.0,91.98949036749397,0.0,45.994745183746986,Prosumer
2023-05-03 08:00:00,user_002,8,0,2,False,0.0,0.0,0.0,0.0,12.0,0.0,0.096,0.096,87.52,10.503,0.096,0.096,0.096,0.096,0,0.0,0.0,91.98949036749397,0.0,45.994745183746986,Prosumer
2023-05-03 09:00:00,user_002,9,0,2,False,0.0,0.0,0.0,0.0,12.0,0.0,0.083,0.083,86.83,10.42,0.083,0.083,0.083,0.083,0,0.0,0.0,91.98949036749397,0.0,45.994745183746986,Prosumer
2023-05-03 10:00:00,user_002,10,0,2,False,0.0,0.0,0.0,0.0,12.0,0.0,0.051,0.051,86.4,10.369,0.051,0.051,0.051,0.051,0,0.0,0.0,91.98949036749397,0.0,45.994745183746986,Prosumer
2023-05-03 11:00:00,user_002,11,0,2,False,0.0,0.0,0.0,0.0,12.0,0.0,0.052,0.052,85.97,10.317,0.052,0.052,0.052,0.052,0,0.0,0.0,91.98949036749397,0.0,45.994745183746986,Prosumer
2023-05-03 12:00:00,user_002,12,0,2,False,0.0,0.0,0.0,0.0,12.0,0.0,0.05,0.05,85.56,10.267,0.05,0.05,0.05,0.05,0,0.0,0.0,91.98949036749397,0.0,45.994745183746986,Prosumer
2023-05-03 13:00:00,user_002,13,0,2,False,0.0,0.0,0.0,0.0,12.0,0.0,0.05,0.05,85.14,10.217,0.05,0.05,0.05,0.05,0,0.0,0.0,91.98949036749397,0.0,45.994745183746986,Prosumer
2023-05-03 14:00:00,user_002,14,0,2,False,0.0,0.0,0.0,0.0,12.0,0.0,0.05,0.05,84.72,10.167,0.05,0.05,0.05,0.05,0,0.0,0.0,91.98949036749397,0.0,45.994745183746986,Prosumer
2023-05-03 15:00:00,user_002,15,0,2,False,0.0,0.0,0.0,0.0,12.0,0.0,0.05,0.05,84.3,10.117,0.05,0.05,0.05,0.05,0,0.0,0.0,91.98949036749397,0.0,45.994745183746986,Prosumer
2023-05-03 16:00:00,user_002,16,0,2,False,0.0,0.0,0.0,0.0,12.0,0.0,0.05,0.05,83.89,10.067,0.05,0.05,0.05,0.05,0,0.0,0.0,91.98949036749397,0.0,45.994745183746986,Prosumer
2023-05-03 17:00:00,user_002,17,0,2,False,0.0,0.0,0.0,0.0,12.0,0.0,0.05,0.05,83.47,10.017,0.05,0.05,0.05,0.05,0,0.0,0.0,91.98949036749397,0.0,45.994745183746986,Prosumer
2023-05-03 18:00:00,user_002,18,0,2,False,0.0,0.0,0.0,0.0,12.0,0.0,0.05,0.05,83.05,9.967,0.05,0.05,0.05,0.05,0,0.0,0.0,91.98949036749397,0.0,45.994745183746986,Prosumer
2023-05-03 19:00:00,user_002,19,0,2,False,0.0,0.0,0.0,0.0,12.0,0.0,0.05,0.05,82.64,9.917,0.05,0.05,0.05,0.05,0,0.0,0.0,91.98949036749397,0.0,45.994745183746986,Prosumer
2023-05-03 20:00:00,user_002,20,0,2,False,0.0,0.0,0.0,0.0,12.0,0.0,0.051,0.051,82.22,9.866,0.051,0.051,0.051,0.051,0,0.0,0.0,91.98949036749397,0.0,45.994745183746986,Prosumer
2023-05-03 21:00:00,user_002,21,0,2,False,0.0,0.0,0.0,0.0,12.0,0.0,0.05,0.05,81.8,9.816,0.05,0.05,0.05,0.05,0,0.0,0.0,91.98949036749397,0.0,45.994745183746986,Prosumer
2023-05-03 22:00:00,user_002,22,0,2,False,0.0,0.0,0.0,0.0,12.0,0.0,0.05,0.05,81.38,9.766,0.05,0.05,0.05,0.05,0,0.0,0.0,91.98949036749397,0.0,45.994745183746986,Prosumer
2023-05-03 23:00:00,user_002,23,0,2,False,0.0,0.0,0.0,0.0,12.0,0.0,0.05,0.05,80.97,9.716,0.05,0.05,0.05,0.05,0,0.0,0.0,91.98949036749397,0.0,45.994745183746986,Prosumer
2023-05-04 00:00:00,user_002,0,0,3,False,0.0,0.0,0.0,0.0,12.0,0.0,0.05,0.05,80.55,9.666,0.05,0.05,0.05,0.05,0,0.0,0.0,91.98949036749397,0.0,45.994745183746986,Prosumer
2023-05-04 01:00:00,user_002,1,0,3,False,0.0,0.0,0.0,0.0,12.0,0.0,0.05,0.05,80.13,9.616,0.05,0.05,0.05,0.05,0,0.0,0.0,91.98949036749397,0.0,45.994745183746986,Prosumer
2023-05-04 02:00:00,user_002,2,0,3,False,0.0,0.0,0.0,0.0,12.0,0.0,0.05,0.05,79.72,9.566,0.05,0.05,0.05,0.05,0,0.0,0.0,91.98949036749397,0.0,45.994745183746986,Prosumer
2023-05-04 03:00:00,user_002,3,0,3,False,0.0,0.0,0.0,0.0,12.0,0.0,0.05,0.05,79.3,9.516,0.05,0.05,0.05,0.05,0,0.0,0.0,91.98949036749397,0.0,45.994745183746986,Prosumer
2023-05-04 04:00:00,user_002,4,0,3,False,0.0,0.0,0.0,0.0,12.0,0.0,0.05,0.05,78.88,9.466,0.05,0.05,0.05,0.05,0,0.0,0.0,91.98949036749397,0.0,45.994745183746986,Prosumer
2023-05-04 05:00:00,user_002,5,0,3,False,0.0,0.0,0.0,0.0,12.0,0.0,0.05,0.05,78.47,9.416,0.05,0.05,0.05,0.05,0,0.0,0.0,91.98949036749397,0.0,45.994745183746986,Prosumer
2023-05-04 06:00:00,user_002,6,0,3,False,0.0,0.0,0.0,0.0,12.0,0.0,0.094,0.094,77.68,9.322,0.094,0.094,0.094,0.094,0,0.0,0.0,91.98949036749397,0.0,45.994745183746986,Prosumer
2023-05-04 07:00:00,user_002,7,0,3,False,0.0,0.0,0.0,0.0,12.0,0.0,0.1,0.1,76.85,9.222,0.1,0.1,0.1,0.1,0,0.0,0.0,91.98949036749397,0.0,45.994745183746986,Prosumer
2023-05-04 08:00:00,user_002,8,0,3,False,0.0,0.0,0.0,0.0,12.0,0.0,0.095,0.095,76.06,9.127,0.095,0.095,0.095,0.095,0,0.0,0.0,91.98949036749397,0.0,45.994745183746986,Prosumer
2023-05-04 09:00:00,user_002,9,0,3,False,0.0,0.0,0.0,0.0,12.0,0.0,0.085,0.085,75.35,9.042,0.085,0.085,0.085,0.085,0,0.0,0.0,91.98949036749397,0.0,45.994745183746986,Prosumer
2023-05-04 10:00:00,user_002,10,0,3,False,0.0,0.0,0.0,0.0,12.0,0.0,0.051,0.051,74.93,8.991,0.051,0.051,0.051,0.051,0,0.0,0.0,91.98949036749397,0.0,45.994745183746986,Prosumer
2023-05-04 11:00:00,user_002,11,0,3,False,0.0,0.0,0.0,0.0,12.0,0.0,0.05,0.05,74.51,8.941,0.05,0.05,0.05,0.05,0,0.0,0.0,91.98949036749397,0.0,45.994745183746986,Prosumer
2023-05-04 12:00:00,user_002,12,0,3,False,0.0,0.0,0.0,0.0,12.0,0.0,0.05,0.05,74.09,8.891,0.05,0.05,0.05,0.05,0,0.0,0.0,91.98949036749397,0.0,45.994745183746986,Prosumer
2023-05-04 13:00:00,user_002,13,0,3,False,0.0,0.0,0.0,0.0,12.0,0.0,0.05,0.05,73.68,8.841,0.05,0.05,0.05,0.05,0,0.0,0.0,91.98949036749397,0.0,45.994745183746986,Prosumer
2023-05-04 14:00:00,user_002,14,0,3,False,0.0,0.0,0.0,0.0,12.0,0.0,0.05,0.05,73.26,8.791,0.05,0.05,0.05,0.05,0,0.0,0.0,91.98949036749397,0.0,45.994745183746986,Prosumer
2023-05-04 15:00:00,user_002,15,0,3,False,0.0,0.0,0.0,0.0,12.0,0.0,0.05,0.05,72.84,8.741,0.05,0.05,0.05,0.05,0,0.0,0.0,91.98949036749397,0.0,45.994745183746986,Prosumer
2023-05-04 16:00:00,user_002,16,0,3,False,0.0,0.0,0.0,0.0,12.0,0.0,0.051,0.051,72.42,8.69,0.051,0.051,0.051,0.051,0,0.0,0.0,91.98949036749397,0.0,45.994745183746986,Prosumer
2023-05-04 17:00:00,user_002,17,0,3,False,0.0,0.0,0.0,0.0,12.0,0.0,0.051,0.051,71.99,8.639,0.051,0.051,0.051,0.051,0,0.0,0.0,91.98949036749397,0.0,45.994745183746986,Prosumer
2023-05-04 18:00:00,user_002,18,0,3,False,0.0,0.0,0.0,0.0,12.0,0.0,0.052,0.052,71.56,8.587,0.052,0.052,0.052,0.052,0,0.0,0.0,91.98949036749397,0.0,45.994745183746986,Prosumer
2023-05-04 19:00:00,user_002,19,0,3,False,0.0,0.0,0.0,0.0,12.0,0.0,0.05,0.05,71.14,8.537,0.05,0.05,0.05,0.05,0,0.0,0.0,91.98949036749397,0.0,45.994745183746986,Prosumer
2023-05-04 20:00:00,user_002,20,0,3,False,0.0,0.0,0.0,0.0,12.0,0.0,0.052,0.052,70.71,8.485,0.052,0.052,0.052,0.052,0,0.0,0.0,91.98949036749397,0.0,45.994745183746986,Prosumer
2023-05-04 21:00:00,user_002,21,0,3,False,0.0,0.0,0.0,0.0,12.0,0.0,0.05,0.05,70.29,8.435,0.05,0.05,0.05,0.05,0,0.0,0.0,91.98949036749397,0.0,45.994745183746986,Prosumer
2023-05-04 22:00:00,user_002,22,0,3,False,0.0,0.0,0.0,0.0,12.0,0.0,0.05,0.05,69.88,8.385,0.05,0.05,0.05,0.05,0,0.0,0.0,91.98949036749397,0.0,45.994745183746986,Prosumer
2023-05-04 23:00:00,user_002,23,0,3,False,0.0,0.0,0.0,0.0,12.0,0.0,0.05,0.05,69.46,8.335,0.05,0.05,0.05,0.05,0,0.0,0.0,91.98949036749397,0.0,45.994745183746986,Prosumer
2023-05-05 00:00:00,user_002,0,0,4,False,0.0,0.0,0.0,0.0,12.0,0.0,0.05,0.05,69.04,8.285,0.05,0.05,0.05,0.05,0,0.0,0.0,91.98949036749397,0.0,45.994745183746986,Prosumer
2023-05-05 01:00:00,user_002,1,0,4,False,0.0,0.0,0.0,0.0,12.0,0.0,0.05,0.05,68.63,8.235,0.05,0.05,0.05,0.05,0,0.0,0.0,91.98949036749397,0.0,45.994745183746986,Prosumer
2023-05-05 02:00:00,user_002,2,0,4,False,0.0,0.0,0.0,0.0,12.0,0.0,0.05,0.05,68.21,8.185,0.05,0.05,0.05,0.05,0,0.0,0.0,91.98949036749397,0.0,45.994745183746986,Prosumer
2023-05-05 03:00:00,user_002,3,0,4,False,0.0,0.0,0.0,0.0,12.0,0.0,0.05,0.05,67.79,8.135,0.05,0.05,0.05,0.05,0,0.0,0.0,91.98949036749397,0.0,45.994745183746986,Prosumer
2023-05-05 04:00:00,user_002,4,0,4,False,0.0,0.0,0.0,0.0,12.0,0.0,0.05,0.05,67.38,8.085,0.05,0.05,0.05,0.05,0,0.0,0.0,91.98949036749397,0.0,45.994745183746986,Prosumer
2023-05-05 05:00:00,user_002,5,0,4,False,0.0,0.0,0.0,0.0,12.0,0.0,0.05,0.05,66.96,8.035,0.05,0.05,0.05,0.05,0,0.0,0.0,91.98949036749397,0.0,45.994745183746986,Prosumer
2023-05-05 06:00:00,user_002,6,0,4,False,0.0,0.0,0.0,0.0,12.0,0.0,0.091,0.091,66.21,7.945,0.091,0.091,0.091,0.091,0,0.0,0.0,91.98949036749397,0.0,45.994745183746986,Prosumer
2023-05-05 07:00:00,user_002,7,0,4,False,0.0,0.0,0.0,0.0,12.0,0.0,0.096,0.096,65.41,7.849,0.096,0.096,0.096,0.096,0,0.0,0.0,91.98949036749397,0.0,45.994745183746986,Prosumer
2023-05-05 08:00:00,user_002,8,0,4,False,0.0,0.0,0.0,0.0,12.0,0.0,0.089,0.089,64.66,7.76,0.089,0.089,0.089,0.089,0,0.0,0.0,91.98949036749397,0.0,45.994745183746986,Prosumer
2023-05-05 09:00:00,user_002,9,0,4,False,0.0,0.0,0.0,0.0,12.0,0.0,0.079,0.079,64.0,7.68,0.079,0.079,0.079,0.079,0,0.0,0.0,91.98949036749397,0.0,45.994745183746986,Prosumer
2023-05-05 10:00:00,user_002,10,0,4,False,0.0,0.0,0.0,0.0,12.0,0.0,0.051,0.051,63.58,7.629,0.051,0.051,0.051,0.051,0,0.0,0.0,91.98949036749397,0.0,45.994745183746986,Prosumer
2023-05-05 11:00:00,user_002,11,0,4,False,0.0,0.0,0.0,0.0,12.0,0.0,0.05,0.05,63.16,7.579,0.05,0.05,0.05,0.05,0,0.0,0.0,91.98949036749397,0.0,45.994745183746986,Prosumer
2023-05-05 12:00:00,user_002,12,0,4,False,0.0,0.0,0.0,0.0,12.0,0.0,0.05,0.05,62.75,7.529,0.05,0.05,0.05,0.05,0,0.0,0.0,91.98949036749397,0.0,45.994745183746986,Prosumer
2023-05-05 13:00:00,user_002,13,0,4,False,0.0,0.0,0.0,0.0,12.0,0.0,0.052,0.052,62.31,7.478,0.052,0.052,0.052,0.052,0,0.0,0.0,91.98949036749397,0.0,45.994745183746986,Prosumer
2023-05-05 14:00:00,user_002,14,0,4,False,0.0,0.0,0.0,0.0,12.0,0.0,0.052,0.052,61.88,7.425,0.052,0.052,0.052,0.052,0,0.0,0.0,91.98949036749397,0.0,45.994745183746986,Prosumer
2023-05-05 15:00:00,user_002,15,0,4,False,0.0,0.0,0.0,0.0,12.0,0.0,0.052,0.052,61.44,7.373,0.052,0.052,0.052,0.052,0,0.0,0.0,91.98949036749397,0.0,45.994745183746986,Prosumer
2023-05-05 16:00:00,user_002,16,0,4,False,0.0,0.0,0.0,0.0,12.0,0.0,0.05,0.05,61.02,7.323,0.05,0.05,0.05,0.05,0,0.0,0.0,91.98949036749397,0.0,45.994745183746986,Prosumer
2023-05-05 17:00:00,user_002,17,0,4,False,0.0,0.0,0.0,0.0,12.0,0.0,0.05,0.05,60.61,7.273,0.05,0.05,0.05,0.05,0,0.0,0.0,91.98949036749397,0.0,45.994745183746986,Prosumer
2023-05-05 18:00:00,user_002,18,0,4,False,0.0,0.0,0.0,0.0,12.0,0.0,0.05,0.05,60.19,7.223,0.05,0.05,0.05,0.05,0,0.0,0.0,91.98949036749397,0.0,45.994745183746986,Prosumer
2023-05-05 19:00:00,user_002,19,0,4,False,0.0,0.0,0.0,0.0,12.0,0.0,0.05,0.05,59.77,7.173,0.05,0.05,0.05,0.05,0,0.0,0.0,91.98949036749397,0.0,45.994745183746986,Prosumer
2023-05-05 20:00:00,user_002,20,0,4,False,0.0,0.0,0.0,0.0,12.0,0.0,0.05,0.05,59.35,7.123,0.05,0.05,0.05,0.05,0,0.0,0.0,91.98949036749397,0.0,45.994745183746986,Prosumer
2023-05-05 21:00:00,user_002,21,0,4,False,0.0,0.0,0.0,0.0,12.0,0.0,0.05,0.05,58.94,7.073,0.05,0.05,0.05,0.05,0,0.0,0.0,91.98949036749397,0.0,45.994745183746986,Prosumer
2023-05-05 22:00:00,user_002,22,0,4,False,0.0,0.0,0.0,0.0,12.0,0.0,0.05,0.05,58.52,7.023,0.05,0.05,0.05,0.05,0,0.0,0.0,91.98949036749397,0.0,45.994745183746986,Prosumer
2023-05-05 23:00:00,user_002,23,0,4,False,0.0,0.0,0.0,0.0,12.0,0.0,0.05,0.05,58.1,6.973,0.05,0.05,0.05,0.05,0,0.0,0.0,91.98949036749397,0.0,45.994745183746986,Prosumer
2023-05-06 00:00:00,user_002,0,0,5,True,0.0,0.0,0.0,0.0,12.0,0.0,0.05,0.05,57.69,6.923,0.05,0.05,0.05,0.05,0,0.0,0.0,91.98949036749397,0.0,45.994745183746986,Prosumer
2023-05-06 01:00:00,user_002,1,0,5,True,0.0,0.0,0.0,0.0,12.0,0.0,0.05,0.05,57.27,6.873,0.05,0.05,0.05,0.05,0,0.0,0.0,91.98949036749397,0.0,45.994745183746986,Prosumer
2023-05-06 02:00:00,user_002,2,0,5,True,0.0,0.0,0.0,0.0,12.0,0.0,0.05,0.05,56.85,6.823,0.05,0.05,0.05,0.05,0,0.0,0.0,91.98949036749397,0.0,45.994745183746986,Prosumer
2023-05-06 03:00:00,user_002,3,0,5,True,0.0,0.0,0.0,0.0,12.0,0.0,0.05,0.05,56.44,6.773,0.05,0.05,0.05,0.05,0,0.0,0.0,91.98949036749397,0.0,45.994745183746986,Prosumer
2023-05-06 04:00:00,user_002,4,0,5,True,0.0,0.0,0.0,0.0,12.0,0.0,0.05,0.05,56.02,6.723,0.05,0.05,0.05,0.05,0,0.0,0.0,91.98949036749397,0.0,45.994745183746986,Prosumer
2023-05-06 05:00:00,user_002,5,0,5,True,0.0,0.0,0.0,0.0,12.0,0.0,0.05,0.05,55.6,6.673,0.05,0.05,0.05,0.05,0,0.0,0.0,91.98949036749397,0.0,45.994745183746986,Prosumer
2023-05-06 06:00:00,user_002,6,0,5,True,0.0,0.0,0.0,0.0,12.0,0.0,0.065,0.065,55.06,6.607,0.065,0.065,0.065,0.065,0,0.0,0.0,91.98949036749397,0.0,45.994745183746986,Prosumer
2023-05-06 07:00:00,user_002,7,0,5,True,0.0,0.0,0.0,0.0,12.0,0.0,0.075,0.075,54.44,6.533,0.075,0.075,0.075,0.075,0,0.0,0.0,91.98949036749397,0.0,45.994745183746986,Prosumer
2023-05-06 08:00:00,user_002,8,0,5,True,0.0,0.0,0.0,0.0,12.0,0.0,0.066,0.066,53.89,6.466,0.066,0.066,0.066,0.066,0,0.0,0.0,91.98949036749397,0.0,45.994745183746986,Prosumer
2023-05-06 09:00:00,user_002,9,0,5,True,0.0,0.0,0.0,0.0,12.0,0.0,0.06,0.06,53.39,6.406,0.06,0.06,0.06,0.06,0,0.0,0.0,91.98949036749397,0.0,45.994745183746986,Prosumer
2023-05-06 10:00:00,user_002,10,0,5,True,0.0,0.0,0.0,0.0,12.0,0.0,0.05,0.05,52.97,6.356,0.05,0.05,0.05,0.05,0,0.0,0.0,91.98949036749397,0.0,45.994745183746986,Prosumer
2023-05-06 11:00:00,user_002,11,0,5,True,0.0,0.0,0.0,0.0,12.0,0.0,0.05,0.05,52.55,6.306,0.05,0.05,0.05,0.05,0,0.0,0.0,91.98949036749397,0.0,45.994745183746986,Prosumer
2023-05-06 12:00:00,user_002,12,0,5,True,0.0,0.0,0.0,0.0,12.0,0.0,0.05,0.05,52.14,6.256,0.05,0.05,0.05,0.05,0,0.0,0.0,91.98949036749397,0.0,45.994745183746986,Prosumer
2023-05-06 13:00:00,user_002,13,0,5,True,0.0,0.0,0.0,0.0,12.0,0.0,0.05,0.05,51.72,6.206,0.05,0.05,0.05,0.05,0,0.0,0.0,91.98949036749397,0.0,45.994745183746986,Prosumer
2023-05-06 14:00:00,user_002,14,0,5,True,0.0,0.0,0.0,0.0,12.0,0.0,0.05,0.05,51.3,6.156,0.05,0.05,0.05,0.05,0,0.0,0.0,91.98949036749397,0.0,45.994745183746986,Prosumer
2023-05-06 15:00:00,user_002,15,0,5,True,0.0,0.0,0.0,0.0,12.0,0.0,0.05,0.05,50.89,6.106,0.05,0.05,0.05,0.05,0,0.0,0.0,91.98949036749397,0.0,45.994745183746986,Prosumer
2023-05-06 16:00:00,user_002,16,0,5,True,0.0,0.0,0.0,0.0,12.0,0.0,0.05,0.05,50.47,6.056,0.05,0.05,0.05,0.05,0,0.0,0.0,91.98949036749397,0.0,45.994745183746986,Prosumer
2023-05-06 17:00:00,user_002,17,0,5,True,0.0,0.0,0.0,0.0,12.0,0.0,0.05,0.05,50.05,6.006,0.05,0.05,0.05,0.05,0,0.0,0.0,91.98949036749397,0.0,45.994745183746986,Prosumer
2023-05-06 18:00:00,user_002,18,0,5,True,0.0,0.0,0.0,0.0,12.0,0.0,0.05,0.05,49.64,5.956,0.05,0.05,0.05,0.05,0,0.0,0.0,91.98949036749397,0.0,45.994745183746986,Prosumer
2023-05-06 19:00:00,user_002,19,0,5,True,0.0,0.0,0.0,0.0,12.0,0.0,0.05,0.05,49.22,5.906,0.05,0.05,0.05,0.05,0,0.0,0.0,91.98949036749397,0.0,45.994745183746986,Prosumer
2023-05-06 20:00:00,user_002,20,0,5,True,0.0,0.0,0.0,0.0,12.0,0.0,0.05,0.05,48.8,5.856,0.05,0.05,0.05,0.05,0,0.0,0.0,91.98949036749397,0.0,45.994745183746986,Prosumer
2023-05-06 21:00:00,user_002,21,0,5,True,0.0,0.0,0.0,0.0,12.0,0.0,0.05,0.05,48.39,5.806,0.05,0.05,0.05,0.05,0,0.0,0.0,91.98949036749397,0.0,45.994745183746986,Prosumer
2023-05-06 22:00:00,user_002,22,0,5,True,0.0,0.0,0.0,0.0,12.0,0.0,0.05,0.05,47.97,5.756,0.05,0.05,0.05,0.05,0,0.0,0.0,91.98949036749397,0.0,45.994745183746986,Prosumer
2023-05-06 23:00:00,user_002,23,0,5,True,0.0,0.0,0.0,0.0,12.0,0.0,0.05,0.05,47.55,5.706,0.05,0.05,0.05,0.05,0,0.0,0.0,91.98949036749397,0.0,45.994745183746986,Prosumer
2023-05-07 00:00:00,user_002,0,0,6,True,0.0,0.0,0.0,0.0,12.0,0.0,0.05,0.05,47.14,5.656,0.05,0.05,0.05,0.05,0,0.0,0.0,91.98949036749397,0.0,45.994745183746986,Prosumer
2023-05-07 01:00:00,user_002,1,0,6,True,0.0,0.0,0.0,0.0,12.0,0.0,0.05,0.05,46.72,5.606,0.05,0.05,0.05,0.05,0,0.0,0.0,91.98949036749397,0.0,45.994745183746986,Prosumer
2023-05-07 02:00:00,user_002,2,0,6,True,0.0,0.0,0.0,0.0,12.0,0.0,0.05,0.05,46.3,5.556,0.05,0.05,0.05,0.05,0,0.0,0.0,91.98949036749397,0.0,45.994745183746986,Prosumer
2023-05-07 03:00:00,user_002,3,0,6,True,0.0,0.0,0.0,0.0,12.0,0.0,0.05,0.05,45.89,5.506,0.05,0.05,0.05,0.05,0,0.0,0.0,91.98949036749397,0.0,45.994745183746986,Prosumer
2023-05-07 04:00:00,user_002,4,0,6,True,0.0,0.0,0.0,0.0,12.0,0.0,0.05,0.05,45.47,5.456,0.05,0.05,0.05,0.05,0,0.0,0.0,91.98949036749397,0.0,45.994745183746986,Prosumer
2023-05-07 05:00:00,user_002,5,0,6,True,0.0,0.0,0.0,0.0,12.0,0.0,0.05,0.05,45.05,5.406,0.05,0.05,0.05,0.05,0,0.0,0.0,91.98949036749397,0.0,45.994745183746986,Prosumer
2023-05-07 06:00:00,user_002,6,0,6,True,0.0,0.0,0.0,0.0,12.0,0.0,0.067,0.067,44.5,5.339,0.067,0.067,0.067,0.067,0,0.0,0.0,91.98949036749397,0.0,45.994745183746986,Prosumer
2023-05-07 07:00:00,user_002,7,0,6,True,0.0,0.0,0.0,0.0,12.0,0.0,0.073,0.073,43.88,5.266,0.073,0.073,0.073,0.073,0,0.0,0.0,91.98949036749397,0.0,45.994745183746986,Prosumer
2023-05-07 08:00:00,user_002,8,0,6,True,0.0,0.0,0.0,0.0,12.0,0.0,0.068,0.068,43.32,5.198,0.068,0.068,0.068,0.068,0,0.0,0.0,91.98949036749397,0.0,45.994745183746986,Prosumer
2023-05-07 09:00:00,user_002,9,0,6,True,0.0,0.0,0.0,0.0,12.0,0.0,0.058,0.058,42.83,5.14,0.058,0.058,0.058,0.058,0,0.0,0.0,91.98949036749397,0.0,45.994745183746986,Prosumer
2023-05-07 10:00:00,user_002,10,0,6,True,0.0,0.0,0.0,0.0,12.0,0.0,0.05,0.05,42.42,5.09,0.05,0.05,0.05,0.05,0,0.0,0.0,91.98949036749397,0.0,45.994745183746986,Prosumer
2023-05-07 11:00:00,user_002,11,0,6,True,0.0,0.0,0.0,0.0,12.0,0.0,0.05,0.05,42.0,5.04,0.05,0.05,0.05,0.05,0,0.0,0.0,91.98949036749397,0.0,45.994745183746986,Prosumer
2023-05-07 12:00:00,user_002,12,0,6,True,0.0,0.0,0.0,0.0,12.0,0.0,0.05,0.05,41.58,4.99,0.05,0.05,0.05,0.05,0,0.0,0.0,91.98949036749397,0.0,45.994745183746986,Prosumer
2023-05-07 13:00:00,user_002,13,0,6,True,0.0,0.0,0.0,0.0,12.0,0.0,0.05,0.05,41.17,4.94,0.05,0.05,0.05,0.05,0,0.0,0.0,91.98949036749397,0.0,45.994745183746986,Prosumer
2023-05-07 14:00:00,user_002,14,0,6,True,0.0,0.0,0.0,0.0,12.0,0.0,0.05,0.05,40.75,4.89,0.05,0.05,0.05,0.05,0,0.0,0.0,91.98949036749397,0.0,45.994745183746986,Prosumer
2023-05-07 15:00:00,user_002,15,0,6,True,0.0,0.0,0.0,0.0,12.0,0.0,0.05,0.05,40.33,4.84,0.05,0.05,0.05,0.05,0,0.0,0.0,91.98949036749397,0.0,45.994745183746986,Prosumer
2023-05-07 16:00:00,user_002,16,0,6,True,0.0,0.0,0.0,0.0,12.0,0.0,0.05,0.05,39.92,4.79,0.05,0.05,0.05,0.05,0,0.0,0.0,91.98949036749397,0.0,45.994745183746986,Prosumer
2023-05-07 17:00:00,user_002,17,0,6,True,0.0,0.0,0.0,0.0,12.0,0.0,0.05,0.05,39.5,4.74,0.05,0.05,0.05,0.05,0,0.0,0.0,91.98949036749397,0.0,45.994745183746986,Prosumer
2023-05-07 18:00:00,user_002,18,0,6,True,0.0,0.0,0.0,0.0,12.0,0.0,0.05,0.05,39.08,4.69,0.05,0.05,0.05,0.05,0,0.0,0.0,91.98949036749397,0.0,45.994745183746986,Prosumer
2023-05-07 19:00:00,user_002,19,0,6,True,0.0,0.0,0.0,0.0,12.0,0.0,0.05,0.05,38.67,4.64,0.05,0.05,0.05,0.05,0,0.0,0.0,91.98949036749397,0.0,45.994745183746986,Prosumer
2023-05-07 20:00:00,user_002,20,0,6,True,0.0,0.0,0.0,0.0,12.0,0.0,0.05,0.05,38.25,4.59,0.05,0.05,0.05,0.05,0,0.0,0.0,91.98949036749397,0.0,45.994745183746986,Prosumer
2023-05-07 21:00:00,user_002,21,0,6,True,0.0,0.0,0.0,0.0,12.0,0.0,0.05,0.05,37.83,4.54,0.05,0.05,0.05,0.05,0,0.0,0.0,91.98949036749397,0.0,45.994745183746986,Prosumer
2023-05-07 22:00:00,user_002,22,0,6,True,0.0,0.0,0.0,0.0,12.0,0.0,0.05,0.05,37.42,4.49,0.05,0.05,0.05,0.05,0,0.0,0.0,91.98949036749397,0.0,45.994745183746986,Prosumer
2023-05-07 23:00:00,user_002,23,0,6,True,0.0,0.0,0.0,0.0,12.0,0.0,0.05,0.05,37.0,4.44,0.05,0.05,0.05,0.05,0,0.0,0.0,91.98949036749397,0.0,45.994745183746986,Prosumer
2023-05-08 00:00:00,user_002,0,0,0,False,0.0,0.0,0.0,0.0,12.0,0.0,0.05,0.05,36.58,4.39,0.05,0.05,0.05,0.05,0,0.0,0.0,91.98949036749397,0.0,45.994745183746986,Prosumer
2023-05-08 01:00:00,user_002,1,0,0,False,0.0,0.0,0.0,0.0,12.0,0.0,0.05,0.05,36.17,4.34,0.05,0.05,0.05,0.05,0,0.0,0.0,91.98949036749397,0.0,45.994745183746986,Prosumer
2023-05-08 02:00:00,user_002,2,0,0,False,0.0,0.0,0.0,0.0,12.0,0.0,0.05,0.05,35.75,4.29,0.05,0.05,0.05,0.05,0,0.0,0.0,91.98949036749397,0.0,45.994745183746986,Prosumer
2023-05-08 03:00:00,user_002,3,0,0,False,0.0,0.0,0.0,0.0,12.0,0.0,0.05,0.05,35.33,4.24,0.05,0.05,0.05,0.05,0,0.0,0.0,91.98949036749397,0.0,45.994745183746986,Prosumer
2023-05-08 04:00:00,user_002,4,0,0,False,0.0,0.0,0.0,0.0,12.0,0.0,0.05,0.05,34.92,4.19,0.05,0.05,0.05,0.05,0,0.0,0.0,91.98949036749397,0.0,45.994745183746986,Prosumer
2023-05-08 05:00:00,user_002,5,0,0,False,0.0,0.0,0.0,0.0,12.0,0.0,0.05,0.05,34.5,4.14,0.05,0.05,0.05,0.05,0,0.0,0.0,91.98949036749397,0.0,45.994745183746986,Prosumer
2023-05-08 06:00:00,user_002,6,0,0,False,0.0,0.0,0.0,0.0,12.0,0.0,0.09,0.09,33.75,4.05,0.09,0.09,0.09,0.09,0,0.0,0.0,91.98949036749397,0.0,45.994745183746986,Prosumer
2023-05-08 07:00:00,user_002,7,0,0,False,0.0,0.0,0.0,0.0,12.0,0.0,0.097,0.097,32.94,3.953,0.097,0.097,0.097,0.097,0,0.0,0.0,91.98949036749397,0.0,45.994745183746986,Prosumer
2023-05-08 08:00:00,user_002,8,0,0,False,0.0,0.0,0.0,0.0,12.0,0.0,0.095,0.095,32.15,3.858,0.095,0.095,0.095,0.095,0,0.0,0.0,91.98949036749397,0.0,45.994745183746986,Prosumer
2023-05-08 09:00:00,user_002,9,0,0,False,0.0,0.0,0.0,0.0,12.0,0.0,0.085,0.085,31.44,3.773,0.085,0.085,0.085,0.085,0,0.0,0.0,91.98949036749397,0.0,45.994745183746986,Prosumer
2023-05-08 10:00:00,user_002,10,0,0,False,0.0,0.0,0.0,0.0,12.0,0.0,0.05,0.05,31.02,3.723,0.05,0.05,0.05,0.05,0,0.0,0.0,91.98949036749397,0.0,45.994745183746986,Prosumer
2023-05-08 11:00:00,user_002,11,0,0,False,0.0,0.0,0.0,0.0,12.0,0.0,0.05,0.05,30.6,3.673,0.05,0.05,0.05,0.05,0,0.0,0.0,91.98949036749397,0.0,45.994745183746986,Prosumer
2023-05-08 12:00:00,user_002,12,0,0,False,0.0,0.0,0.0,0.0,12.0,0.0,0.05,0.05,30.19,3.623,0.05,0.05,0.05,0.05,0,0.0,0.0,91.98949036749397,0.0,45.994745183746986,Prosumer
2023-05-08 13:00:00,user_002,13,0,0,False,0.0,0.0,0.0,0.0,12.0,0.0,0.05,0.05,29.77,3.573,0.05,0.05,0.05,0.05,0,0.0,0.0,91.98949036749397,0.0,45.994745183746986,Prosumer
2023-05-08 14:00:00,user_002,14,0,0,False,0.0,0.0,0.0,0.0,12.0,0.0,0.051,0.051,29.34,3.521,0.051,0.051,0.051,0.051,0,0.0,0.0,91.98949036749397,0.0,45.994745183746986,Prosumer
2023-05-08 15:00:00,user_002,15,0,0,False,0.0,0.0,0.0,0.0,12.0,0.0,0.05,0.05,28.93,3.471,0.05,0.05,0.05,0.05,0,0.0,0.0,91.98949036749397,0.0,45.994745183746986,Prosumer
2023-05-08 16:00:00,user_002,16,0,0,False,0.0,0.0,0.0,0.0,12.0,0.0,0.052,0.052,28.49,3.419,0.052,0.052,0.052,0.052,0,0.0,0.0,91.98949036749397,0.0,45.994745183746986,Prosumer
2023-05-08 17:00:00,user_002,17,0,0,False,0.0,0.0,0.0,0.0,12.0,0.0,0.05,0.05,28.07,3.369,0.05,0.05,0.05,0.05,0,0.0,0.0,91.98949036749397,0.0,45.994745183746986,Prosumer
2023-05-08 18:00:00,user_002,18,0,0,False,0.0,0.0,0.0,0.0,12.0,0.0,0.052,0.052,27.64,3.317,0.052,0.052,0.052,0.052,0,0.0,0.0,91.98949036749397,0.0,45.994745183746986,Prosumer
2023-05-08 19:00:00,user_002,19,0,0,False,0.0,0.0,0.0,0.0,12.0,0.0,0.05,0.05,27.23,3.267,0.05,0.05,0.05,0.05,0,0.0,0.0,91.98949036749397,0.0,45.994745183746986,Prosumer
2023-05-08 20:00:00,user_002,20,0,0,False,0.0,0.0,0.0,0.0,12.0,0.0,0.05,0.05,26.81,3.217,0.05,0.05,0.05,0.05,0,0.0,0.0,91.98949036749397,0.0,45.994745183746986,Prosumer
2023-05-08 21:00:00,user_002,21,0,0,False,0.0,0.0,0.0,0.0,12.0,0.0,0.05,0.05,26.39,3.167,0.05,0.05,0.05,0.05,0,0.0,0.0,91.98949036749397,0.0,45.994745183746986,Prosumer
2023-05-08 22:00:00,user_002,22,0,0,False,0.0,0.0,0.0,0.0,12.0,0.0,0.05,0.05,25.97,3.117,0.05,0.05,0.05,0.05,0,0.0,0.0,91.98949036749397,0.0,45.994745183746986,Prosumer
2023-05-08 23:00:00,user_002,23,0,0,False,0.0,0.0,0.0,0.0,12.0,0.0,0.05,0.05,25.56,3.067,0.05,0.05,0.05,0.05,0,0.0,0.0,91.98949036749397,0.0,45.994745183746986,Prosumer
2023-05-09 00:00:00,user_002,0,0,1,False,0.0,0.0,0.0,0.0,12.0,0.0,0.05,0.05,25.14,3.017,0.05,0.05,0.05,0.05,0,0.0,0.0,91.98949036749397,0.0,45.994745183746986,Prosumer
2023-05-09 01:00:00,user_002,1,0,1,False,0.0,0.0,0.0,0.0,12.0,0.0,0.05,0.05,24.72,2.967,0.05,0.05,0.05,0.05,0,0.0,0.0,91.98949036749397,0.0,45.994745183746986,Prosumer
2023-05-09 02:00:00,user_002,2,0,1,False,0.0,0.0,0.0,0.0,12.0,0.0,0.05,0.05,24.31,2.917,0.05,0.05,0.05,0.05,0,0.0,0.0,91.98949036749397,0.0,45.994745183746986,Prosumer
2023-05-09 03:00:00,user_002,3,0,1,False,0.0,0.0,0.0,0.0,12.0,0.0,0.05,0.05,23.89,2.867,0.05,0.05,0.05,0.05,0,0.0,0.0,91.98949036749397,0.0,45.994745183746986,Prosumer
2023-05-09 04:00:00,user_002,4,0,1,False,0.0,0.0,0.0,0.0,12.0,0.0,0.05,0.05,23.47,2.817,0.05,0.05,0.05,0.05,0,0.0,0.0,91.98949036749397,0.0,45.994745183746986,Prosumer
2023-05-09 05:00:00,user_002,5,0,1,False,0.0,0.0,0.0,0.0,12.0,0.0,0.05,0.05,23.06,2.767,0.05,0.05,0.05,0.05,0,0.0,0.0,91.98949036749397,0.0,45.994745183746986,Prosumer
2023-05-09 06:00:00,user_002,6,0,1,False,0.0,0.0,0.0,0.0,12.0,0.0,0.095,0.095,22.26,2.672,0.095,0.095,0.095,0.095,0,0.0,0.0,91.98949036749397,0.0,45.994745183746986,Prosumer
2023-05-09 07:00:00,user_002,7,0,1,False,0.0,0.0,0.0,0.0,12.0,0.0,0.102,0.102,21.41,2.57,0.102,0.102,0.102,0.102,0,0.0,0.0,91.98949036749397,0.0,45.994745183746986,Prosumer
2023-05-09 08:00:00,user_002,8,0,1,False,0.0,0.0,0.0,0.0,12.0,0.0,0.093,0.093,20.64,2.477,0.093,0.093,0.093,0.093,0,0.0,0.0,91.98949036749397,0.0,45.994745183746986,Prosumer
2023-05-09 09:00:00,user_002,9,0,1,False,0.0,0.0,0.0,0.0,12.0,0.0,0.086,0.086,19.93,2.391,0.086,0.086,0.086,0.086,0,0.0,0.0,91.98949036749397,0.0,45.994745183746986,Prosumer
2023-05-09 10:00:00,user_002,10,0,1,False,0.0,0.0,0.0,0.0,12.0,0.0,0.05,0.05,19.51,2.341,0.05,0.05,0.05,0.05,0,0.0,0.0,91.98949036749397,0.0,45.994745183746986,Prosumer
2023-05-09 11:00:00,user_002,11,0,1,False,0.0,0.0,0.0,0.0,12.0,0.0,0.051,0.051,19.08,2.29,0.051,0.051,0.051,0.051,0,0.0,0.0,91.98949036749397,0.0,45.994745183746986,Prosumer
2023-05-09 12:00:00,user_002,12,0,1,False,0.0,0.0,0.0,0.0,12.0,0.0,0.052,0.052,18.64,2.237,0.052,0.052,0.052,0.052,0,0.0,0.0,91.98949036749397,0.0,45.994745183746986,Prosumer
2023-05-09 13:00:00,user_002,13,0,1,False,0.0,0.0,0.0,0.0,12.0,0.0,0.052,0.052,18.21,2.185,0.052,0.052,0.052,0.052,0,0.0,0.0,91.98949036749397,0.0,45.994745183746986,Prosumer
2023-05-09 14:00:00,user_002,14,0,1,False,0.0,0.0,0.0,0.0,12.0,0.0,0.05,0.05,17.79,2.135,0.05,0.05,0.05,0.05,0,0.0,0.0,91.98949036749397,0.0,45.994745183746986,Prosumer
2023-05-09 15:00:00,user_002,15,0,1,False,0.0,0.0,0.0,0.0,12.0,0.0,0.05,0.05,17.38,2.085,0.05,0.05,0.05,0.05,0,0.0,0.0,91.98949036749397,0.0,45.994745183746986,Prosumer
2023-05-09 16:00:00,user_002,16,0,1,False,0.0,0.0,0.0,0.0,12.0,0.0,0.05,0.05,16.96,2.035,0.05,0.05,0.05,0.05,0,0.0,0.0,91.98949036749397,0.0,45.994745183746986,Prosumer
2023-05-09 17:00:00,user_002,17,0,1,False,0.0,0.0,0.0,0.0,12.0,0.0,0.05,0.05,16.54,1.985,0.05,0.05,0.05,0.05,0,0.0,0.0,91.98949036749397,0.0,45.994745183746986,Prosumer
2023-05-09 18:00:00,user_002,18,0,1,False,0.0,0.0,0.0,0.0,12.0,0.0,0.05,0.05,16.13,1.935,0.05,0.05,0.05,0.05,0,0.0,0.0,91.98949036749397,0.0,45.994745183746986,Prosumer
2023-05-09 19:00:00,user_002,19,0,1,False,0.0,0.0,0.0,0.0,12.0,0.0,0.05,0.05,15.71,1.885,0.05,0.05,0.05,0.05,0,0.0,0.0,91.98949036749397,0.0,45.994745183746986,Prosumer
2023-05-09 20:00:00,user_002,20,0,1,False,0.0,0.0,0.0,0.0,12.0,0.0,0.051,0.051,15.28,1.834,0.051,0.051,0.051,0.051,0,0.0,0.0,91.98949036749397,0.0,45.994745183746986,Prosumer
2023-05-09 21:00:00,user_002,21,0,1,False,0.0,0.0,0.0,0.0,12.0,0.0,0.051,0.051,14.86,1.783,0.051,0.051,0.051,0.051,0,0.0,0.0,91.98949036749397,0.0,45.994745183746986,Prosumer
2023-05-09 22:00:00,user_002,22,0,1,False,0.0,0.0,0.0,0.0,12.0,0.0,0.05,0.05,14.44,1.733,0.05,0.05,0.05,0.05,0,0.0,0.0,91.98949036749397,0.0,45.994745183746986,Prosumer
2023-05-09 23:00:00,user_002,23,0,1,False,0.0,0.0,0.0,0.0,12.0,0.0,0.05,0.05,14.03,1.683,0.05,0.05,0.05,0.05,0,0.0,0.0,91.98949036749397,0.0,45.994745183746986,Prosumer
2023-05-10 00:00:00,user_002,0,0,2,False,0.0,0.0,0.0,0.0,12.0,0.0,0.05,0.05,13.61,1.633,0.05,0.05,0.05,0.05,0,0.0,0.0,91.98949036749397,0.0,45.994745183746986,Prosumer
2023-05-10 01:00:00,user_002,1,0,2,False,0.0,0.0,0.0,0.0,12.0,0.0,0.05,0.05,13.19,1.583,0.05,0.05,0.05,0.05,0,0.0,0.0,91.98949036749397,0.0,45.994745183746986,Prosumer
2023-05-10 02:00:00,user_002,2,0,2,False,0.0,0.0,0.0,0.0,12.0,0.0,0.05,0.05,12.78,1.533,0.05,0.05,0.05,0.05,0,0.0,0.0,91.98949036749397,0.0,45.994745183746986,Prosumer
2023-05-10 03:00:00,user_002,3,0,2,False,0.0,0.0,0.0,0.0,12.0,0.0,0.05,0.05,12.36,1.483,0.05,0.05,0.05,0.05,0,0.0,0.0,91.98949036749397,0.0,45.994745183746986,Prosumer
2023-05-10 04:00:00,user_002,4,0,2,False,0.0,0.0,0.0,0.0,12.0,0.0,0.05,0.05,11.94,1.433,0.05,0.05,0.05,0.05,0,0.0,0.0,91.98949036749397,0.0,45.994745183746986,Prosumer
2023-05-10 05:00:00,user_002,5,0,2,False,0.0,0.0,0.0,0.0,12.0,0.0,0.05,0.05,11.53,1.383,0.05,0.05,0.05,0.05,0,0.0,0.0,91.98949036749397,0.0,45.994745183746986,Prosumer
2023-05-10 06:00:00,user_002,6,0,2,False,0.0,0.0,0.0,0.0,12.0,0.0,0.096,0.096,10.72,1.287,0.096,0.096,0.096,0.096,0,0.0,0.0,91.98949036749397,0.0,45.994745183746986,Prosumer
2023-05-10 07:00:00,user_002,7,0,2,False,0.0,0.0,0.0,0.0,12.0,0.0,0.087,0.087,10.0,1.2,0.087,0.087,0.087,0.087,0,0.0,0.0,91.98949036749397,0.0,45.994745183746986,Prosumer
2023-05-10 08:00:00,user_002,8,0,2,False,0.0,0.0,0.0,0.0,12.0,0.0,0.0,0.0,10.0,1.2,0.0,0.0,0.0,0.0,0,0.0,0.0,91.98949036749397,0.0,45.994745183746986,Prosumer
2023-05-10 09:00:00,user_002,9,0,2,False,0.0,0.0,0.0,0.0,12.0,0.0,0.0,0.0,10.0,1.2,0.0,0.0,0.0,0.0,0,0.0,0.0,91.98949036749397,0.0,45.994745183746986,Prosumer
2023-05-10 10:00:00,user_002,10,0,2,False,0.0,0.0,0.0,0.0,12.0,0.0,0.0,0.0,10.0,1.2,0.0,0.0,0.0,0.0,0,0.0,0.0,91.98949036749397,0.0,45.994745183746986,Prosumer
2023-05-10 11:00:00,user_002,11,0,2,False,0.0,0.0,0.0,0.0,12.0,0.0,0.0,0.0,10.0,1.2,0.0,0.0,0.0,0.0,0,0.0,0.0,91.98949036749397,0.0,45.994745183746986,Prosumer
2023-05-10 12:00:00,user_002,12,0,2,False,0.0,0.0,0.0,0.0,12.0,0.0,0.0,0.0,10.0,1.2,0.0,0.0,0.0,0.0,0,0.0,0.0,91.98949036749397,0.0,45.994745183746986,Prosumer
2023-05-10 13:00:00,user_002,13,0,2,False,0.0,0.0,0.0,0.0,12.0,0.0,0.0,0.0,10.0,1.2,0.0,0.0,0.0,0.0,0,0.0,0.0,91.98949036749397,0.0,45.994745183746986,Prosumer
2023-05-10 14:00:00,user_002,14,0,2,False,0.0,0.0,0.0,0.0,12.0,0.0,0.0,0.0,10.0,1.2,0.0,0.0,0.0,0.0,0,0.0,0.0,91.98949036749397,0.0,45.994745183746986,Prosumer
2023-05-10 15:00:00,user_002,15,0,2,False,0.0,0.0,0.0,0.0,12.0,0.0,0.0,0.0,10.0,1.2,0.0,0.0,0.0,0.0,0,0.0,0.0,91.98949036749397,0.0,45.994745183746986,Prosumer
2023-05-10 16:00:00,user_002,16,0,2,False,0.0,0.0,0.0,0.0,12.0,0.0,0.0,0.0,10.0,1.2,0.0,0.0,0.0,0.0,0,0.0,0.0,91.98949036749397,0.0,45.994745183746986,Prosumer
2023-05-10 17:00:00,user_002,17,0,2,False,0.0,0.0,0.0,0.0,12.0,0.0,0.0,0.0,10.0,1.2,0.0,0.0,0.0,0.0,0,0.0,0.0,91.98949036749397,0.0,45.994745183746986,Prosumer
2023-05-10 18:00:00,user_002,18,0,2,False,0.0,0.0,0.0,0.0,12.0,0.0,0.0,0.0,10.0,1.2,0.0,0.0,0.0,0.0,0,0.0,0.0,91.98949036749397,0.0,45.994745183746986,Prosumer
2023-05-10 19:00:00,user_002,19,0,2,False,0.0,0.0,0.0,0.0,12.0,0.0,0.0,0.0,10.0,1.2,0.0,0.0,0.0,0.0,0,0.0,0.0,91.98949036749397,0.0,45.994745183746986,Prosumer
2023-05-10 20:00:00,user_002,20,0,2,False,0.0,0.0,0.0,0.0,12.0,0.0,0.0,0.0,10.0,1.2,0.0,0.0,0.0,0.0,0,0.0,0.0,91.98949036749397,0.0,45.994745183746986,Prosumer
2023-05-10 21:00:00,user_002,21,0,2,False,0.0,0.0,0.0,0.0,12.0,0.0,0.0,0.0,10.0,1.2,0.0,0.0,0.0,0.0,0,0.0,0.0,91.98949036749397,0.0,45.994745183746986,Prosumer
2023-05-10 22:00:00,user_002,22,0,2,False,0.0,0.0,0.0,0.0,12.0,0.0,0.0,0.0,10.0,1.2,0.0,0.0,0.0,0.0,0,0.0,0.0,91.98949036749397,0.0,45.994745183746986,Prosumer
2023-05-10 23:00:00,user_002,23,0,2,False,0.0,0.0,0.0,0.0,12.0,0.0,0.0,0.0,10.0,1.2,0.0,0.0,0.0,0.0,0,0.0,0.0,91.98949036749397,0.0,45.994745183746986,Prosumer
2023-05-11 00:00:00,user_002,0,0,3,False,0.0,0.0,0.0,0.0,12.0,0.0,0.0,0.0,10.0,1.2,0.0,0.0,0.0,0.0,0,0.0,0.0,91.98949036749397,0.0,45.994745183746986,Prosumer
2023-05-11 01:00:00,user_002,1,0,3,False,0.0,0.0,0.0,0.0,12.0,0.0,0.0,0.0,10.0,1.2,0.0,0.0,0.0,0.0,0,0.0,0.0,91.98949036749397,0.0,45.994745183746986,Prosumer
2023-05-11 02:00:00,user_002,2,0,3,False,0.0,0.0,0.0,0.0,12.0,0.0,0.0,0.0,10.0,1.2,0.0,0.0,0.0,0.0,0,0.0,0.0,91.98949036749397,0.0,45.994745183746986,Prosumer
2023-05-11 03:00:00,user_002,3,0,3,False,0.0,0.0,0.0,0.0,12.0,0.0,0.0,0.0,10.0,1.2,0.0,0.0,0.0,0.0,0,0.0,0.0,91.98949036749397,0.0,45.994745183746986,Prosumer
2023-05-11 04:00:00,user_002,4,0,3,False,0.0,0.0,0.0,0.0,12.0,0.0,0.0,0.0,10.0,1.2,0.0,0.0,0.0,0.0,0,0.0,0.0,91.98949036749397,0.0,45.994745183746986,Prosumer
2023-05-11 05:00:00,user_002,5,0,3,False,0.0,0.0,0.0,0.0,12.0,0.0,0.0,0.0,10.0,1.2,0.0,0.0,0.0,0.0,0,0.0,0.0,91.98949036749397,0.0,45.994745183746986,Prosumer
2023-05-11 06:00:00,user_002,6,0,3,False,0.0,0.0,0.0,0.0,12.0,0.0,0.0,0.0,10.0,1.2,0.0,0.0,0.0,0.0,0,0.0,0.0,91.98949036749397,0.0,45.994745183746986,Prosumer
2023-05-11 07:00:00,user_002,7,0,3,False,0.0,0.0,0.0,0.0,12.0,0.0,0.0,0.0,10.0,1.2,0.0,0.0,0.0,0.0,0,0.0,0.0,91.98949036749397,0.0,45.994745183746986,Prosumer
2023-05-11 08:00:00,user_002,8,0,3,False,0.0,0.0,0.0,0.0,12.0,0.0,0.0,0.0,10.0,1.2,0.0,0.0,0.0,0.0,0,0.0,0.0,91.98949036749397,0.0,45.994745183746986,Prosumer
2023-05-11 09:00:00,user_002,9,0,3,False,0.0,0.0,0.0,0.0,12.0,0.0,0.0,0.0,10.0,1.2,0.0,0.0,0.0,0.0,0,0.0,0.0,91.98949036749397,0.0,45.994745183746986,Prosumer
2023-05-11 10:00:00,user_002,10,0,3,False,0.0,0.0,0.0,0.0,12.0,0.0,0.0,0.0,10.0,1.2,0.0,0.0,0.0,0.0,0,0.0,0.0,91.98949036749397,0.0,45.994745183746986,Prosumer
2023-05-11 11:00:00,user_002,11,0,3,False,0.0,0.0,0.0,0.0,12.0,0.0,0.0,0.0,10.0,1.2,0.0,0.0,0.0,0.0,0,0.0,0.0,91.98949036749397,0.0,45.994745183746986,Prosumer
2023-05-11 12:00:00,user_002,12,0,3,False,0.0,0.0,0.0,0.0,12.0,0.0,0.0,0.0,10.0,1.2,0.0,0.0,0.0,0.0,0,0.0,0.0,91.98949036749397,0.0,45.994745183746986,Prosumer
2023-05-11 13:00:00,user_002,13,0,3,False,0.0,0.0,0.0,0.0,12.0,0.0,0.0,0.0,10.0,1.2,0.0,0.0,0.0,0.0,0,0.0,0.0,91.98949036749397,0.0,45.994745183746986,Prosumer
2023-05-11 14:00:00,user_002,14,0,3,False,0.0,0.0,0.0,0.0,12.0,0.0,0.0,0.0,10.0,1.2,0.0,0.0,0.0,0.0,0,0.0,0.0,91.98949036749397,0.0,45.994745183746986,Prosumer
2023-05-11 15:00:00,user_002,15,0,3,False,0.0,0.0,0.0,0.0,12.0,0.0,0.0,0.0,10.0,1.2,0.0,0.0,0.0,0.0,0,0.0,0.0,91.98949036749397,0.0,45.994745183746986,Prosumer
2023-05-11 16:00:00,user_002,16,0,3,False,0.0,0.0,0.0,0.0,12.0,0.0,0.0,0.0,10.0,1.2,0.0,0.0,0.0,0.0,0,0.0,0.0,91.98949036749397,0.0,45.994745183746986,Prosumer
2023-05-11 17:00:00,user_002,17,0,3,False,0.0,0.0,0.0,0.0,12.0,0.0,0.0,0.0,10.0,1.2,0.0,0.0,0.0,0.0,0,0.0,0.0,91.98949036749397,0.0,45.994745183746986,Prosumer
2023-05-11 18:00:00,user_002,18,0,3,False,0.0,0.0,0.0,0.0,12.0,0.0,0.0,0.0,10.0,1.2,0.0,0.0,0.0,0.0,0,0.0,0.0,91.98949036749397,0.0,45.994745183746986,Prosumer
2023-05-11 19:00:00,user_002,19,0,3,False,0.0,0.0,0.0,0.0,12.0,0.0,0.0,0.0,10.0,1.2,0.0,0.0,0.0,0.0,0,0.0,0.0,91.98949036749397,0.0,45.994745183746986,Prosumer
2023-05-11 20:00:00,user_002,20,0,3,False,0.0,0.0,0.0,0.0,12.0,0.0,0.0,0.0,10.0,1.2,0.0,0.0,0.0,0.0,0,0.0,0.0,91.98949036749397,0.0,45.994745183746986,Prosumer
2023-05-11 21:00:00,user_002,21,0,3,False,0.0,0.0,0.0,0.0,12.0,0.0,0.0,0.0,10.0,1.2,0.0,0.0,0.0,0.0,0,0.0,0.0,91.98949036749397,0.0,45.994745183746986,Prosumer
2023-05-11 22:00:00,user_002,22,0,3,False,0.0,0.0,0.0,0.0,12.0,0.0,0.0,0.0,10.0,1.2,0.0,0.0,0.0,0.0,0,0.0,0.0,91.98949036749397,0.0,45.994745183746986,Prosumer
2023-05-11 23:00:00,user_002,23,0,3,False,0.0,0.0,0.0,0.0,12.0,0.0,0.0,0.0,10.0,1.2,0.0,0.0,0.0,0.0,0,0.0,0.0,91.98949036749397,0.0,45.994745183746986,Prosumer
2023-05-12 00:00:00,user_002,0,0,4,False,0.0,0.0,0.0,0.0,12.0,0.0,0.0,0.0,10.0,1.2,0.0,0.0,0.0,0.0,0,0.0,0.0,91.98949036749397,0.0,45.994745183746986,Prosumer
2023-05-12 01:00:00,user_002,1,0,4,False,0.0,0.0,0.0,0.0,12.0,0.0,0.0,0.0,10.0,1.2,0.0,0.0,0.0,0.0,0,0.0,0.0,91.98949036749397,0.0,45.994745183746986,Prosumer
2023-05-12 02:00:00,user_002,2,0,4,False,0.0,0.0,0.0,0.0,12.0,0.0,0.0,0.0,10.0,1.2,0.0,0.0,0.0,0.0,0,0.0,0.0,91.98949036749397,0.0,45.994745183746986,Prosumer
2023-05-12 03:00:00,user_002,3,0,4,False,0.0,0.0,0.0,0.0,12.0,0.0,0.0,0.0,10.0,1.2,0.0,0.0,0.0,0.0,0,0.0,0.0,91.98949036749397,0.0,45.994745183746986,Prosumer
2023-05-12 04:00:00,user_002,4,0,4,False,0.0,0.0,0.0,0.0,12.0,0.0,0.0,0.0,10.0,1.2,0.0,0.0,0.0,0.0,0,0.0,0.0,91.98949036749397,0.0,45.994745183746986,Prosumer
2023-05-12 05:00:00,user_002,5,0,4,False,0.0,0.0,0.0,0.0,12.0,0.0,0.0,0.0,10.0,1.2,0.0,0.0,0.0,0.0,0,0.0,0.0,91.98949036749397,0.0,45.994745183746986,Prosumer
2023-05-12 06:00:00,user_002,6,0,4,False,0.0,0.0,0.0,0.0,12.0,0.0,0.0,0.0,10.0,1.2,0.0,0.0,0.0,0.0,0,0.0,0.0,91.98949036749397,0.0,45.994745183746986,Prosumer
2023-05-12 07:00:00,user_002,7,0,4,False,0.0,0.0,0.0,0.0,12.0,0.0,0.0,0.0,10.0,1.2,0.0,0.0,0.0,0.0,0,0.0,0.0,91.98949036749397,0.0,45.994745183746986,Prosumer
2023-05-12 08:00:00,user_002,8,0,4,False,0.0,0.0,0.0,0.0,12.0,0.0,0.0,0.0,10.0,1.2,0.0,0.0,0.0,0.0,0,0.0,0.0,91.98949036749397,0.0,45.994745183746986,Prosumer
2023-05-12 09:00:00,user_002,9,0,4,False,0.0,0.0,0.0,0.0,12.0,0.0,0.0,0.0,10.0,1.2,0.0,0.0,0.0,0.0,0,0.0,0.0,91.98949036749397,0.0,45.994745183746986,Prosumer
2023-05-12 10:00:00,user_002,10,0,4,False,0.0,0.0,0.0,0.0,12.0,0.0,0.0,0.0,10.0,1.2,0.0,0.0,0.0,0.0,0,0.0,0.0,91.98949036749397,0.0,45.994745183746986,Prosumer
2023-05-12 11:00:00,user_002,11,0,4,False,0.0,0.0,0.0,0.0,12.0,0.0,0.0,0.0,10.0,1.2,0.0,0.0,0.0,0.0,0,0.0,0.0,91.98949036749397,0.0,45.994745183746986,Prosumer
2023-05-12 12:00:00,user_002,12,0,4,False,0.0,0.0,0.0,0.0,12.0,0.0,0.0,0.0,10.0,1.2,0.0,0.0,0.0,0.0,0,0.0,0.0,91.98949036749397,0.0,45.994745183746986,Prosumer
2023-05-12 13:00:00,user_002,13,0,4,False,0.0,0.0,0.0,0.0,12.0,0.0,0.0,0.0,10.0,1.2,0.0,0.0,0.0,0.0,0,0.0,0.0,91.98949036749397,0.0,45.994745183746986,Prosumer
2023-05-12 14:00:00,user_002,14,0,4,False,0.0,0.0,0.0,0.0,12.0,0.0,0.0,0.0,10.0,1.2,0.0,0.0,0.0,0.0,0,0.0,0.0,91.98949036749397,0.0,45.994745183746986,Prosumer
2023-05-12 15:00:00,user_002,15,0,4,False,0.0,0.0,0.0,0.0,12.0,0.0,0.0,0.0,10.0,1.2,0.0,0.0,0.0,0.0,0,0.0,0.0,91.98949036749397,0.0,45.994745183746986,Prosumer
2023-05-12 16:00:00,user_002,16,0,4,False,0.0,0.0,0.0,0.0,12.0,0.0,0.0,0.0,10.0,1.2,0.0,0.0,0.0,0.0,0,0.0,0.0,91.98949036749397,0.0,45.994745183746986,Prosumer
2023-05-12 17:00:00,user_002,17,0,4,False,0.0,0.0,0.0,0.0,12.0,0.0,0.0,0.0,10.0,1.2,0.0,0.0,0.0,0.0,0,0.0,0.0,91.98949036749397,0.0,45.994745183746986,Prosumer
2023-05-12 18:00:00,user_002,18,0,4,False,0.0,0.0,0.0,0.0,12.0,0.0,0.0,0.0,10.0,1.2,0.0,0.0,0.0,0.0,0,0.0,0.0,91.98949036749397,0.0,45.994745183746986,Prosumer
2023-05-12 19:00:00,user_002,19,0,4,False,0.0,0.0,0.0,0.0,12.0,0.0,0.0,0.0,10.0,1.2,0.0,0.0,0.0,0.0,0,0.0,0.0,91.98949036749397,0.0,45.994745183746986,Prosumer
2023-05-12 20:00:00,user_002,20,0,4,False,0.0,0.0,0.0,0.0,12.0,0.0,0.0,0.0,10.0,1.2,0.0,0.0,0.0,0.0,0,0.0,0.0,91.98949036749397,0.0,45.994745183746986,Prosumer
2023-05-12 21:00:00,user_002,21,0,4,False,0.0,0.0,0.0,0.0,12.0,0.0,0.0,0.0,10.0,1.2,0.0,0.0,0.0,0.0,0,0.0,0.0,91.98949036749397,0.0,45.994745183746986,Prosumer
2023-05-12 22:00:00,user_002,22,0,4,False,0.0,0.0,0.0,0.0,12.0,0.0,0.0,0.0,10.0,1.2,0.0,0.0,0.0,0.0,0,0.0,0.0,91.98949036749397,0.0,45.994745183746986,Prosumer
2023-05-12 23:00:00,user_002,23,0,4,False,0.0,0.0,0.0,0.0,12.0,0.0,0.0,0.0,10.0,1.2,0.0,0.0,0.0,0.0,0,0.0,0.0,91.98949036749397,0.0,45.994745183746986,Prosumer
2023-05-13 00:00:00,user_002,0,0,5,True,0.0,0.0,0.0,0.0,12.0,0.0,0.0,0.0,10.0,1.2,0.0,0.0,0.0,0.0,0,0.0,0.0,91.98949036749397,0.0,45.994745183746986,Prosumer
2023-05-13 01:00:00,user_002,1,0,5,True,0.0,0.0,0.0,0.0,12.0,0.0,0.0,0.0,10.0,1.2,0.0,0.0,0.0,0.0,0,0.0,0.0,91.98949036749397,0.0,45.994745183746986,Prosumer
2023-05-13 02:00:00,user_002,2,0,5,True,0.0,0.0,0.0,0.0,12.0,0.0,0.0,0.0,10.0,1.2,0.0,0.0,0.0,0.0,0,0.0,0.0,91.98949036749397,0.0,45.994745183746986,Prosumer
2023-05-13 03:00:00,user_002,3,0,5,True,0.0,0.0,0.0,0.0,12.0,0.0,0.0,0.0,10.0,1.2,0.0,0.0,0.0,0.0,0,0.0,0.0,91.98949036749397,0.0,45.994745183746986,Prosumer
2023-05-13 04:00:00,user_002,4,0,5,True,0.0,0.0,0.0,0.0,12.0,0.0,0.0,0.0,10.0,1.2,0.0,0.0,0.0,0.0,0,0.0,0.0,91.98949036749397,0.0,45.994745183746986,Prosumer
2023-05-13 05:00:00,user_002,5,0,5,True,0.0,0.0,0.0,0.0,12.0,0.0,0.0,0.0,10.0,1.2,0.0,0.0,0.0,0.0,0,0.0,0.0,91.98949036749397,0.0,45.994745183746986,Prosumer
2023-05-13 06:00:00,user_002,6,0,5,True,0.0,0.0,0.0,0.0,12.0,0.0,0.0,0.0,10.0,1.2,0.0,0.0,0.0,0.0,0,0.0,0.0,91.98949036749397,0.0,45.994745183746986,Prosumer
2023-05-13 07:00:00,user_002,7,0,5,True,0.0,0.0,0.0,0.0,12.0,0.0,0.0,0.0,10.0,1.2,0.0,0.0,0.0,0.0,0,0.0,0.0,91.98949036749397,0.0,45.994745183746986,Prosumer
2023-05-13 08:00:00,user_002,8,0,5,True,0.0,0.0,0.0,0.0,12.0,0.0,0.0,0.0,10.0,1.2,0.0,0.0,0.0,0.0,0,0.0,0.0,91.98949036749397,0.0,45.994745183746986,Prosumer
2023-05-13 09:00:00,user_002,9,0,5,True,0.0,0.0,0.0,0.0,12.0,0.0,0.0,0.0,10.0,1.2,0.0,0.0,0.0,0.0,0,0.0,0.0,91.98949036749397,0.0,45.994745183746986,Prosumer
2023-05-13 10:00:00,user_002,10,0,5,True,0.0,0.0,0.0,0.0,12.0,0.0,0.0,0.0,10.0,1.2,0.0,0.0,0.0,0.0,0,0.0,0.0,91.98949036749397,0.0,45.994745183746986,Prosumer
2023-05-13 11:00:00,user_002,11,0,5,True,0.0,0.0,0.0,0.0,12.0,0.0,0.0,0.0,10.0,1.2,0.0,0.0,0.0,0.0,0,0.0,0.0,91.98949036749397,0.0,45.994745183746986,Prosumer
2023-05-13 12:00:00,user_002,12,0,5,True,0.0,0.0,0.0,0.0,12.0,0.0,0.0,0.0,10.0,1.2,0.0,0.0,0.0,0.0,0,0.0,0.0,91.98949036749397,0.0,45.994745183746986,Prosumer
2023-05-13 13:00:00,user_002,13,0,5,True,0.0,0.0,0.0,0.0,12.0,0.0,0.0,0.0,10.0,1.2,0.0,0.0,0.0,0.0,0,0.0,0.0,91.98949036749397,0.0,45.994745183746986,Prosumer
2023-05-13 14:00:00,user_002,14,0,5,True,0.0,0.0,0.0,0.0,12.0,0.0,0.0,0.0,10.0,1.2,0.0,0.0,0.0,0.0,0,0.0,0.0,91.98949036749397,0.0,45.994745183746986,Prosumer
2023-05-13 15:00:00,user_002,15,0,5,True,0.0,0.0,0.0,0.0,12.0,0.0,0.0,0.0,10.0,1.2,0.0,0.0,0.0,0.0,0,0.0,0.0,91.98949036749397,0.0,45.994745183746986,Prosumer
2023-05-13 16:00:00,user_002,16,0,5,True,0.0,0.0,0.0,0.0,12.0,0.0,0.0,0.0,10.0,1.2,0.0,0.0,0.0,0.0,0,0.0,0.0,91.98949036749397,0.0,45.994745183746986,Prosumer
2023-05-13 17:00:00,user_002,17,0,5,True,0.0,0.0,0.0,0.0,12.0,0.0,0.0,0.0,10.0,1.2,0.0,0.0,0.0,0.0,0,0.0,0.0,91.98949036749397,0.0,45.994745183746986,Prosumer
2023-05-13 18:00:00,user_002,18,0,5,True,0.0,0.0,0.0,0.0,12.0,0.0,0.0,0.0,10.0,1.2,0.0,0.0,0.0,0.0,0,0.0,0.0,91.98949036749397,0.0,45.994745183746986,Prosumer
2023-05-13 19:00:00,user_002,19,0,5,True,0.0,0.0,0.0,0.0,12.0,0.0,0.0,0.0,10.0,1.2,0.0,0.0,0.0,0.0,0,0.0,0.0,91.98949036749397,0.0,45.994745183746986,Prosumer
2023-05-13 20:00:00,user_002,20,0,5,True,0.0,0.0,0.0,0.0,12.0,0.0,0.0,0.0,10.0,1.2,0.0,0.0,0.0,0.0,0,0.0,0.0,91.98949036749397,0.0,45.994745183746986,Prosumer
2023-05-13 21:00:00,user_002,21,0,5,True,0.0,0.0,0.0,0.0,12.0,0.0,0.0,0.0,10.0,1.2,0.0,0.0,0.0,0.0,0,0.0,0.0,91.98949036749397,0.0,45.994745183746986,Prosumer
2023-05-13 22:00:00,user_002,22,0,5,True,0.0,0.0,0.0,0.0,12.0,0.0,0.0,0.0,10.0,1.2,0.0,0.0,0.0,0.0,0,0.0,0.0,91.98949036749397,0.0,45.994745183746986,Prosumer
2023-05-13 23:00:00,user_002,23,0,5,True,0.0,0.0,0.0,0.0,12.0,0.0,0.0,0.0,10.0,1.2,0.0,0.0,0.0,0.0,0,0.0,0.0,91.98949036749397,0.0,45.994745183746986,Prosumer
2023-05-14 00:00:00,user_002,0,0,6,True,0.0,0.0,0.0,0.0,12.0,0.0,0.0,0.0,10.0,1.2,0.0,0.0,0.0,0.0,0,0.0,0.0,91.98949036749397,0.0,45.994745183746986,Prosumer
2023-05-14 01:00:00,user_002,1,0,6,True,0.0,0.0,0.0,0.0,12.0,0.0,0.0,0.0,10.0,1.2,0.0,0.0,0.0,0.0,0,0.0,0.0,91.98949036749397,0.0,45.994745183746986,Prosumer
2023-05-14 02:00:00,user_002,2,0,6,True,0.0,0.0,0.0,0.0,12.0,0.0,0.0,0.0,10.0,1.2,0.0,0.0,0.0,0.0,0,0.0,0.0,91.98949036749397,0.0,45.994745183746986,Prosumer
2023-05-14 03:00:00,user_002,3,0,6,True,0.0,0.0,0.0,0.0,12.0,0.0,0.0,0.0,10.0,1.2,0.0,0.0,0.0,0.0,0,0.0,0.0,91.98949036749397,0.0,45.994745183746986,Prosumer
2023-05-14 04:00:00,user_002,4,0,6,True,0.0,0.0,0.0,0.0,12.0,0.0,0.0,0.0,10.0,1.2,0.0,0.0,0.0,0.0,0,0.0,0.0,91.98949036749397,0.0,45.994745183746986,Prosumer
2023-05-14 05:00:00,user_002,5,0,6,True,0.0,0.0,0.0,0.0,12.0,0.0,0.0,0.0,10.0,1.2,0.0,0.0,0.0,0.0,0,0.0,0.0,91.98949036749397,0.0,45.994745183746986,Prosumer
2023-05-14 06:00:00,user_002,6,0,6,True,0.0,0.0,0.0,0.0,12.0,0.0,0.0,0.0,10.0,1.2,0.0,0.0,0.0,0.0,0,0.0,0.0,91.98949036749397,0.0,45.994745183746986,Prosumer
2023-05-14 07:00:00,user_002,7,0,6,True,0.0,0.0,0.0,0.0,12.0,0.0,0.0,0.0,10.0,1.2,0.0,0.0,0.0,0.0,0,0.0,0.0,91.98949036749397,0.0,45.994745183746986,Prosumer
2023-05-14 08:00:00,user_002,8,0,6,True,0.0,0.0,0.0,0.0,12.0,0.0,0.0,0.0,10.0,1.2,0.0,0.0,0.0,0.0,0,0.0,0.0,91.98949036749397,0.0,45.994745183746986,Prosumer
2023-05-14 09:00:00,user_002,9,0,6,True,0.0,0.0,0.0,0.0,12.0,0.0,0.0,0.0,10.0,1.2,0.0,0.0,0.0,0.0,0,0.0,0.0,91.98949036749397,0.0,45.994745183746986,Prosumer
2023-05-14 10:00:00,user_002,10,0,6,True,0.0,0.0,0.0,0.0,12.0,0.0,0.0,0.0,10.0,1.2,0.0,0.0,0.0,0.0,0,0.0,0.0,91.98949036749397,0.0,45.994745183746986,Prosumer
2023-05-14 11:00:00,user_002,11,0,6,True,0.0,0.0,0.0,0.0,12.0,0.0,0.0,0.0,10.0,1.2,0.0,0.0,0.0,0.0,0,0.0,0.0,91.98949036749397,0.0,45.994745183746986,Prosumer
2023-05-14 12:00:00,user_002,12,0,6,True,0.0,0.0,0.0,0.0,12.0,0.0,0.0,0.0,10.0,1.2,0.0,0.0,0.0,0.0,0,0.0,0.0,91.98949036749397,0.0,45.994745183746986,Prosumer
2023-05-14 13:00:00,user_002,13,0,6,True,0.0,0.0,0.0,0.0,12.0,0.0,0.0,0.0,10.0,1.2,0.0,0.0,0.0,0.0,0,0.0,0.0,91.98949036749397,0.0,45.994745183746986,Prosumer
2023-05-14 14:00:00,user_002,14,0,6,True,0.0,0.0,0.0,0.0,12.0,0.0,0.0,0.0,10.0,1.2,0.0,0.0,0.0,0.0,0,0.0,0.0,91.98949036749397,0.0,45.994745183746986,Prosumer
2023-05-14 15:00:00,user_002,15,0,6,True,0.0,0.0,0.0,0.0,12.0,0.0,0.0,0.0,10.0,1.2,0.0,0.0,0.0,0.0,0,0.0,0.0,91.98949036749397,0.0,45.994745183746986,Prosumer
2023-05-14 16:00:00,user_002,16,0,6,True,0.0,0.0,0.0,0.0,12.0,0.0,0.0,0.0,10.0,1.2,0.0,0.0,0.0,0.0,0,0.0,0.0,91.98949036749397,0.0,45.994745183746986,Prosumer
2023-05-14 17:00:00,user_002,17,0,6,True,0.0,0.0,0.0,0.0,12.0,0.0,0.0,0.0,10.0,1.2,0.0,0.0,0.0,0.0,0,0.0,0.0,91.98949036749397,0.0,45.994745183746986,Prosumer
2023-05-14 18:00:00,user_002,18,0,6,True,0.0,0.0,0.0,0.0,12.0,0.0,0.0,0.0,10.0,1.2,0.0,0.0,0.0,0.0,0,0.0,0.0,91.98949036749397,0.0,45.994745183746986,Prosumer
2023-05-14 19:00:00,user_002,19,0,6,True,0.0,0.0,0.0,0.0,12.0,0.0,0.0,0.0,10.0,1.2,0.0,0.0,0.0,0.0,0,0.0,0.0,91.98949036749397,0.0,45.994745183746986,Prosumer
2023-05-14 20:00:00,user_002,20,0,6,True,0.0,0.0,0.0,0.0,12.0,0.0,0.0,0.0,10.0,1.2,0.0,0.0,0.0,0.0,0,0.0,0.0,91.98949036749397,0.0,45.994745183746986,Prosumer
2023-05-14 21:00:00,user_002,21,0,6,True,0.0,0.0,0.0,0.0,12.0,0.0,0.0,0.0,10.0,1.2,0.0,0.0,0.0,0.0,0,0.0,0.0,91.98949036749397,0.0,45.994745183746986,Prosumer
2023-05-14 22:00:00,user_002,22,0,6,True,0.0,0.0,0.0,0.0,12.0,0.0,0.0,0.0,10.0,1.2,0.0,0.0,0.0,0.0,0,0.0,0.0,91.98949036749397,0.0,45.994745183746986,Prosumer
2023-05-14 23:00:00,user_002,23,0,6,True,0.0,0.0,0.0,0.0,12.0,0.0,0.0,0.0,10.0,1.2,0.0,0.0,0.0,0.0,0,0.0,0.0,91.98949036749397,0.0,45.994745183746986,Prosumer
2023-05-15 00:00:00,user_002,0,0,0,False,0.0,0.0,0.0,0.0,12.0,0.0,0.0,0.0,10.0,1.2,0.0,0.0,0.0,0.0,0,0.0,0.0,91.98949036749397,0.0,45.994745183746986,Prosumer
2023-05-15 01:00:00,user_002,1,0,0,False,0.0,0.0,0.0,0.0,12.0,0.0,0.0,0.0,10.0,1.2,0.0,0.0,0.0,0.0,0,0.0,0.0,91.98949036749397,0.0,45.994745183746986,Prosumer
2023-05-15 02:00:00,user_002,2,0,0,False,0.0,0.0,0.0,0.0,12.0,0.0,0.0,0.0,10.0,1.2,0.0,0.0,0.0,0.0,0,0.0,0.0,91.98949036749397,0.0,45.994745183746986,Prosumer
2023-05-15 03:00:00,user_002,3,0,0,False,0.0,0.0,0.0,0.0,12.0,0.0,0.0,0.0,10.0,1.2,0.0,0.0,0.0,0.0,0,0.0,0.0,91.98949036749397,0.0,45.994745183746986,Prosumer
2023-05-15 04:00:00,user_002,4,0,0,False,0.0,0.0,0.0,0.0,12.0,0.0,0.0,0.0,10.0,1.2,0.0,0.0,0.0,0.0,0,0.0,0.0,91.98949036749397,0.0,45.994745183746986,Prosumer
2023-05-15 05:00:00,user_002,5,0,0,False,0.0,0.0,0.0,0.0,12.0,0.0,0.0,0.0,10.0,1.2,0.0,0.0,0.0,0.0,0,0.0,0.0,91.98949036749397,0.0,45.994745183746986,Prosumer
2023-05-15 06:00:00,user_002,6,0,0,False,0.0,0.0,0.0,0.0,12.0,0.0,0.0,0.0,10.0,1.2,0.0,0.0,0.0,0.0,0,0.0,0.0,91.98949036749397,0.0,45.994745183746986,Prosumer
2023-05-15 07:00:00,user_002,7,0,0,False,0.0,0.0,0.0,0.0,12.0,0.0,0.0,0.0,10.0,1.2,0.0,0.0,0.0,0.0,0,0.0,0.0,91.98949036749397,0.0,45.994745183746986,Prosumer
2023-05-15 08:00:00,user_002,8,0,0,False,0.0,0.0,0.0,0.0,12.0,0.0,0.0,0.0,10.0,1.2,0.0,0.0,0.0,0.0,0,0.0,0.0,91.98949036749397,0.0,45.994745183746986,Prosumer
2023-05-15 09:00:00,user_002,9,0,0,False,0.0,0.0,0.0,0.0,12.0,0.0,0.0,0.0,10.0,1.2,0.0,0.0,0.0,0.0,0,0.0,0.0,91.98949036749397,0.0,45.994745183746986,Prosumer
2023-05-15 10:00:00,user_002,10,0,0,False,0.0,0.0,0.0,0.0,12.0,0.0,0.0,0.0,10.0,1.2,0.0,0.0,0.0,0.0,0,0.0,0.0,91.98949036749397,0.0,45.994745183746986,Prosumer
2023-05-15 11:00:00,user_002,11,0,0,False,0.0,0.0,0.0,0.0,12.0,0.0,0.0,0.0,10.0,1.2,0.0,0.0,0.0,0.0,0,0.0,0.0,91.98949036749397,0.0,45.994745183746986,Prosumer
2023-05-15 12:00:00,user_002,12,0,0,False,0.0,0.0,0.0,0.0,12.0,0.0,0.0,0.0,10.0,1.2,0.0,0.0,0.0,0.0,0,0.0,0.0,91.98949036749397,0.0,45.994745183746986,Prosumer
2023-05-15 13:00:00,user_002,13,0,0,False,0.0,0.0,0.0,0.0,12.0,0.0,0.0,0.0,10.0,1.2,0.0,0.0,0.0,0.0,0,0.0,0.0,91.98949036749397,0.0,45.994745183746986,Prosumer
2023-05-15 14:00:00,user_002,14,0,0,False,0.0,0.0,0.0,0.0,12.0,0.0,0.0,0.0,10.0,1.2,0.0,0.0,0.0,0.0,0,0.0,0.0,91.98949036749397,0.0,45.994745183746986,Prosumer
2023-05-15 15:00:00,user_002,15,0,0,False,0.0,0.0,0.0,0.0,12.0,0.0,0.0,0.0,10.0,1.2,0.0,0.0,0.0,0.0,0,0.0,0.0,91.98949036749397,0.0,45.994745183746986,Prosumer
2023-05-15 16:00:00,user_002,16,0,0,False,0.0,0.0,0.0,0.0,12.0,0.0,0.0,0.0,10.0,1.2,0.0,0.0,0.0,0.0,0,0.0,0.0,91.98949036749397,0.0,45.994745183746986,Prosumer
2023-05-15 17:00:00,user_002,17,0,0,False,0.0,0.0,0.0,0.0,12.0,0.0,0.0,0.0,10.0,1.2,0.0,0.0,0.0,0.0,0,0.0,0.0,91.98949036749397,0.0,45.994745183746986,Prosumer
2023-05-15 18:00:00,user_002,18,0,0,False,0.0,0.0,0.0,0.0,12.0,0.0,0.0,0.0,10.0,1.2,0.0,0.0,0.0,0.0,0,0.0,0.0,91.98949036749397,0.0,45.994745183746986,Prosumer
2023-05-15 19:00:00,user_002,19,0,0,False,0.0,0.0,0.0,0.0,12.0,0.0,0.0,0.0,10.0,1.2,0.0,0.0,0.0,0.0,0,0.0,0.0,91.98949036749397,0.0,45.994745183746986,Prosumer
2023-05-15 20:00:00,user_002,20,0,0,False,0.0,0.0,0.0,0.0,12.0,0.0,0.0,0.0,10.0,1.2,0.0,0.0,0.0,0.0,0,0.0,0.0,91.98949036749397,0.0,45.994745183746986,Prosumer
2023-05-15 21:00:00,user_002,21,0,0,False,0.0,0.0,0.0,0.0,12.0,0.0,0.0,0.0,10.0,1.2,0.0,0.0,0.0,0.0,0,0.0,0.0,91.98949036749397,0.0,45.994745183746986,Prosumer
2023-05-15 22:00:00,user_002,22,0,0,False,0.0,0.0,0.0,0.0,12.0,0.0,0.0,0.0,10.0,1.2,0.0,0.0,0.0,0.0,0,0.0,0.0,91.98949036749397,0.0,45.994745183746986,Prosumer
2023-05-15 23:00:00,user_002,23,0,0,False,0.0,0.0,0.0,0.0,12.0,0.0,0.0,0.0,10.0,1.2,0.0,0.0,0.0,0.0,0,0.0,0.0,91.98949036749397,0.0,45.994745183746986,Prosumer
2023-05-16 00:00:00,user_002,0,0,1,False,0.0,0.0,0.0,0.0,12.0,0.0,0.0,0.0,10.0,1.2,0.0,0.0,0.0,0.0,0,0.0,0.0,91.98949036749397,0.0,45.994745183746986,Prosumer
2023-05-16 01:00:00,user_002,1,0,1,False,0.0,0.0,0.0,0.0,12.0,0.0,0.0,0.0,10.0,1.2,0.0,0.0,0.0,0.0,0,0.0,0.0,91.98949036749397,0.0,45.994745183746986,Prosumer
2023-05-16 02:00:00,user_002,2,0,1,False,0.0,0.0,0.0,0.0,12.0,0.0,0.0,0.0,10.0,1.2,0.0,0.0,0.0,0.0,0,0.0,0.0,91.98949036749397,0.0,45.994745183746986,Prosumer
2023-05-16 03:00:00,user_002,3,0,1,False,0.0,0.0,0.0,0.0,12.0,0.0,0.0,0.0,10.0,1.2,0.0,0.0,0.0,0.0,0,0.0,0.0,91.98949036749397,0.0,45.994745183746986,Prosumer
2023-05-16 04:00:00,user_002,4,0,1,False,0.0,0.0,0.0,0.0,12.0,0.0,0.0,0.0,10.0,1.2,0.0,0.0,0.0,0.0,0,0.0,0.0,91.98949036749397,0.0,45.994745183746986,Prosumer
2023-05-16 05:00:00,user_002,5,0,1,False,0.0,0.0,0.0,0.0,12.0,0.0,0.0,0.0,10.0,1.2,0.0,0.0,0.0,0.0,0,0.0,0.0,91.98949036749397,0.0,45.994745183746986,Prosumer
2023-05-16 06:00:00,user_002,6,0,1,False,0.0,0.0,0.0,0.0,12.0,0.0,0.0,0.0,10.0,1.2,0.0,0.0,0.0,0.0,0,0.0,0.0,91.98949036749397,0.0,45.994745183746986,Prosumer
2023-05-16 07:00:00,user_002,7,0,1,False,0.0,0.0,0.0,0.0,12.0,0.0,0.0,0.0,10.0,1.2,0.0,0.0,0.0,0.0,0,0.0,0.0,91.98949036749397,0.0,45.994745183746986,Prosumer
2023-05-16 08:00:00,user_002,8,0,1,False,0.0,0.0,0.0,0.0,12.0,0.0,0.0,0.0,10.0,1.2,0.0,0.0,0.0,0.0,0,0.0,0.0,91.98949036749397,0.0,45.994745183746986,Prosumer
2023-05-16 09:00:00,user_002,9,0,1,False,0.0,0.0,0.0,0.0,12.0,0.0,0.0,0.0,10.0,1.2,0.0,0.0,0.0,0.0,0,0.0,0.0,91.98949036749397,0.0,45.994745183746986,Prosumer
2023-05-16 10:00:00,user_002,10,0,1,False,0.0,0.0,0.0,0.0,12.0,0.0,0.0,0.0,10.0,1.2,0.0,0.0,0.0,0.0,0,0.0,0.0,91.98949036749397,0.0,45.994745183746986,Prosumer
2023-05-16 11:00:00,user_002,11,0,1,False,0.0,0.0,0.0,0.0,12.0,0.0,0.0,0.0,10.0,1.2,0.0,0.0,0.0,0.0,0,0.0,0.0,91.98949036749397,0.0,45.994745183746986,Prosumer
2023-05-16 12:00:00,user_002,12,0,1,False,0.0,0.0,0.0,0.0,12.0,0.0,0.0,0.0,10.0,1.2,0.0,0.0,0.0,0.0,0,0.0,0.0,91.98949036749397,0.0,45.994745183746986,Prosumer
2023-05-16 13:00:00,user_002,13,0,1,False,0.0,0.0,0.0,0.0,12.0,0.0,0.0,0.0,10.0,1.2,0.0,0.0,0.0,0.0,0,0.0,0.0,91.98949036749397,0.0,45.994745183746986,Prosumer
2023-05-16 14:00:00,user_002,14,0,1,False,0.0,0.0,0.0,0.0,12.0,0.0,0.0,0.0,10.0,1.2,0.0,0.0,0.0,0.0,0,0.0,0.0,91.98949036749397,0.0,45.994745183746986,Prosumer
2023-05-16 15:00:00,user_002,15,0,1,False,0.0,0.0,0.0,0.0,12.0,0.0,0.0,0.0,10.0,1.2,0.0,0.0,0.0,0.0,0,0.0,0.0,91.98949036749397,0.0,45.994745183746986,Prosumer
2023-05-16 16:00:00,user_002,16,0,1,False,0.0,0.0,0.0,0.0,12.0,0.0,0.0,0.0,10.0,1.2,0.0,0.0,0.0,0.0,0,0.0,0.0,91.98949036749397,0.0,45.994745183746986,Prosumer
2023-05-16 17:00:00,user_002,17,0,1,False,0.0,0.0,0.0,0.0,12.0,0.0,0.0,0.0,10.0,1.2,0.0,0.0,0.0,0.0,0,0.0,0.0,91.98949036749397,0.0,45.994745183746986,Prosumer
2023-05-16 18:00:00,user_002,18,0,1,False,0.0,0.0,0.0,0.0,12.0,0.0,0.0,0.0,10.0,1.2,0.0,0.0,0.0,0.0,0,0.0,0.0,91.98949036749397,0.0,45.994745183746986,Prosumer
2023-05-16 19:00:00,user_002,19,0,1,False,0.0,0.0,0.0,0.0,12.0,0.0,0.0,0.0,10.0,1.2,0.0,0.0,0.0,0.0,0,0.0,0.0,91.98949036749397,0.0,45.994745183746986,Prosumer
2023-05-16 20:00:00,user_002,20,0,1,False,0.0,0.0,0.0,0.0,12.0,0.0,0.0,0.0,10.0,1.2,0.0,0.0,0.0,0.0,0,0.0,0.0,91.98949036749397,0.0,45.994745183746986,Prosumer
2023-05-16 21:00:00,user_002,21,0,1,False,0.0,0.0,0.0,0.0,12.0,0.0,0.0,0.0,10.0,1.2,0.0,0.0,0.0,0.0,0,0.0,0.0,91.98949036749397,0.0,45.994745183746986,Prosumer
2023-05-16 22:00:00,user_002,22,0,1,False,0.0,0.0,0.0,0.0,12.0,0.0,0.0,0.0,10.0,1.2,0.0,0.0,0.0,0.0,0,0.0,0.0,91.98949036749397,0.0,45.994745183746986,Prosumer
2023-05-16 23:00:00,user_002,23,0,1,False,0.0,0.0,0.0,0.0,12.0,0.0,0.0,0.0,10.0,1.2,0.0,0.0,0.0,0.0,0,0.0,0.0,91.98949036749397,0.0,45.994745183746986,Prosumer
2023-05-17 00:00:00,user_002,0,0,2,False,0.0,0.0,0.0,0.0,12.0,0.0,0.0,0.0,10.0,1.2,0.0,0.0,0.0,0.0,0,0.0,0.0,91.98949036749397,0.0,45.994745183746986,Prosumer
2023-05-17 01:00:00,user_002,1,0,2,False,0.0,0.0,0.0,0.0,12.0,0.0,0.0,0.0,10.0,1.2,0.0,0.0,0.0,0.0,0,0.0,0.0,91.98949036749397,0.0,45.994745183746986,Prosumer
2023-05-17 02:00:00,user_002,2,0,2,False,0.0,0.0,0.0,0.0,12.0,0.0,0.0,0.0,10.0,1.2,0.0,0.0,0.0,0.0,0,0.0,0.0,91.98949036749397,0.0,45.994745183746986,Prosumer
2023-05-17 03:00:00,user_002,3,0,2,False,0.0,0.0,0.0,0.0,12.0,0.0,0.0,0.0,10.0,1.2,0.0,0.0,0.0,0.0,0,0.0,0.0,91.98949036749397,0.0,45.994745183746986,Prosumer
2023-05-17 04:00:00,user_002,4,0,2,False,0.0,0.0,0.0,0.0,12.0,0.0,0.0,0.0,10.0,1.2,0.0,0.0,0.0,0.0,0,0.0,0.0,91.98949036749397,0.0,45.994745183746986,Prosumer
2023-05-17 05:00:00,user_002,5,0,2,False,0.0,0.0,0.0,0.0,12.0,0.0,0.0,0.0,10.0,1.2,0.0,0.0,0.0,0.0,0,0.0,0.0,91.98949036749397,0.0,45.994745183746986,Prosumer
2023-05-17 06:00:00,user_002,6,0,2,False,0.0,0.0,0.0,0.0,12.0,0.0,0.0,0.0,10.0,1.2,0.0,0.0,0.0,0.0,0,0.0,0.0,91.98949036749397,0.0,45.994745183746986,Prosumer
2023-05-17 07:00:00,user_002,7,0,2,False,0.0,0.0,0.0,0.0,12.0,0.0,0.0,0.0,10.0,1.2,0.0,0.0,0.0,0.0,0,0.0,0.0,91.98949036749397,0.0,45.994745183746986,Prosumer
2023-05-17 08:00:00,user_002,8,0,2,False,0.0,0.0,0.0,0.0,12.0,0.0,0.0,0.0,10.0,1.2,0.0,0.0,0.0,0.0,0,0.0,0.0,91.98949036749397,0.0,45.994745183746986,Prosumer
2023-05-17 09:00:00,user_002,9,0,2,False,0.0,0.0,0.0,0.0,12.0,0.0,0.0,0.0,10.0,1.2,0.0,0.0,0.0,0.0,0,0.0,0.0,91.98949036749397,0.0,45.994745183746986,Prosumer
2023-05-17 10:00:00,user_002,10,0,2,False,0.0,0.0,0.0,0.0,12.0,0.0,0.0,0.0,10.0,1.2,0.0,0.0,0.0,0.0,0,0.0,0.0,91.98949036749397,0.0,45.994745183746986,Prosumer
2023-05-17 11:00:00,user_002,11,0,2,False,0.0,0.0,0.0,0.0,12.0,0.0,0.0,0.0,10.0,1.2,0.0,0.0,0.0,0.0,0,0.0,0.0,91.98949036749397,0.0,45.994745183746986,Prosumer
2023-05-17 12:00:00,user_002,12,0,2,False,0.0,0.0,0.0,0.0,12.0,0.0,0.0,0.0,10.0,1.2,0.0,0.0,0.0,0.0,0,0.0,0.0,91.98949036749397,0.0,45.994745183746986,Prosumer
2023-05-17 13:00:00,user_002,13,0,2,False,0.0,0.0,0.0,0.0,12.0,0.0,0.0,0.0,10.0,1.2,0.0,0.0,0.0,0.0,0,0.0,0.0,91.98949036749397,0.0,45.994745183746986,Prosumer
2023-05-17 14:00:00,user_002,14,0,2,False,0.0,0.0,0.0,0.0,12.0,0.0,0.0,0.0,10.0,1.2,0.0,0.0,0.0,0.0,0,0.0,0.0,91.98949036749397,0.0,45.994745183746986,Prosumer
2023-05-17 15:00:00,user_002,15,0,2,False,0.0,0.0,0.0,0.0,12.0,0.0,0.0,0.0,10.0,1.2,0.0,0.0,0.0,0.0,0,0.0,0.0,91.98949036749397,0.0,45.994745183746986,Prosumer
2023-05-17 16:00:00,user_002,16,0,2,False,0.0,0.0,0.0,0.0,12.0,0.0,0.0,0.0,10.0,1.2,0.0,0.0,0.0,0.0,0,0.0,0.0,91.98949036749397,0.0,45.994745183746986,Prosumer
2023-05-17 17:00:00,user_002,17,0,2,False,0.0,0.0,0.0,0.0,12.0,0.0,0.0,0.0,10.0,1.2,0.0,0.0,0.0,0.0,0,0.0,0.0,91.98949036749397,0.0,45.994745183746986,Prosumer
2023-05-17 18:00:00,user_002,18,0,2,False,0.0,0.0,0.0,0.0,12.0,0.0,0.0,0.0,10.0,1.2,0.0,0.0,0.0,0.0,0,0.0,0.0,91.98949036749397,0.0,45.994745183746986,Prosumer
2023-05-17 19:00:00,user_002,19,0,2,False,0.0,0.0,0.0,0.0,12.0,0.0,0.0,0.0,10.0,1.2,0.0,0.0,0.0,0.0,0,0.0,0.0,91.98949036749397,0.0,45.994745183746986,Prosumer
2023-05-17 20:00:00,user_002,20,0,2,False,0.0,0.0,0.0,0.0,12.0,0.0,0.0,0.0,10.0,1.2,0.0,0.0,0.0,0.0,0,0.0,0.0,91.98949036749397,0.0,45.994745183746986,Prosumer
2023-05-17 21:00:00,user_002,21,0,2,False,0.0,0.0,0.0,0.0,12.0,0.0,0.0,0.0,10.0,1.2,0.0,0.0,0.0,0.0,0,0.0,0.0,91.98949036749397,0.0,45.994745183746986,Prosumer
2023-05-17 22:00:00,user_002,22,0,2,False,0.0,0.0,0.0,0.0,12.0,0.0,0.0,0.0,10.0,1.2,0.0,0.0,0.0,0.0,0,0.0,0.0,91.98949036749397,0.0,45.994745183746986,Prosumer
2023-05-17 23:00:00,user_002,23,0,2,False,0.0,0.0,0.0,0.0,12.0,0.0,0.0,0.0,10.0,1.2,0.0,0.0,0.0,0.0,0,0.0,0.0,91.98949036749397,0.0,45.994745183746986,Prosumer
2023-05-18 00:00:00,user_002,0,0,3,False,0.0,0.0,0.0,0.0,12.0,0.0,0.0,0.0,10.0,1.2,0.0,0.0,0.0,0.0,0,0.0,0.0,91.98949036749397,0.0,45.994745183746986,Prosumer
2023-05-18 01:00:00,user_002,1,0,3,False,0.0,0.0,0.0,0.0,12.0,0.0,0.0,0.0,10.0,1.2,0.0,0.0,0.0,0.0,0,0.0,0.0,91.98949036749397,0.0,45.994745183746986,Prosumer
2023-05-18 02:00:00,user_002,2,0,3,False,0.0,0.0,0.0,0.0,12.0,0.0,0.0,0.0,10.0,1.2,0.0,0.0,0.0,0.0,0,0.0,0.0,91.98949036749397,0.0,45.994745183746986,Prosumer
2023-05-18 03:00:00,user_002,3,0,3,False,0.0,0.0,0.0,0.0,12.0,0.0,0.0,0.0,10.0,1.2,0.0,0.0,0.0,0.0,0,0.0,0.0,91.98949036749397,0.0,45.994745183746986,Prosumer
2023-05-18 04:00:00,user_002,4,0,3,False,0.0,0.0,0.0,0.0,12.0,0.0,0.0,0.0,10.0,1.2,0.0,0.0,0.0,0.0,0,0.0,0.0,91.98949036749397,0.0,45.994745183746986,Prosumer
2023-05-18 05:00:00,user_002,5,0,3,False,0.0,0.0,0.0,0.0,12.0,0.0,0.0,0.0,10.0,1.2,0.0,0.0,0.0,0.0,0,0.0,0.0,91.98949036749397,0.0,45.994745183746986,Prosumer
2023-05-18 06:00:00,user_002,6,0,3,False,0.0,0.0,0.0,0.0,12.0,0.0,0.0,0.0,10.0,1.2,0.0,0.0,0.0,0.0,0,0.0,0.0,91.98949036749397,0.0,45.994745183746986,Prosumer
2023-05-18 07:00:00,user_002,7,0,3,False,0.0,0.0,0.0,0.0,12.0,0.0,0.0,0.0,10.0,1.2,0.0,0.0,0.0,0.0,0,0.0,0.0,91.98949036749397,0.0,45.994745183746986,Prosumer
2023-05-18 08:00:00,user_002,8,0,3,False,0.0,0.0,0.0,0.0,12.0,0.0,0.0,0.0,10.0,1.2,0.0,0.0,0.0,0.0,0,0.0,0.0,91.98949036749397,0.0,45.994745183746986,Prosumer
2023-05-18 09:00:00,user_002,9,0,3,False,0.0,0.0,0.0,0.0,12.0,0.0,0.0,0.0,10.0,1.2,0.0,0.0,0.0,0.0,0,0.0,0.0,91.98949036749397,0.0,45.994745183746986,Prosumer
2023-05-18 10:00:00,user_002,10,0,3,False,0.0,0.0,0.0,0.0,12.0,0.0,0.0,0.0,10.0,1.2,0.0,0.0,0.0,0.0,0,0.0,0.0,91.98949036749397,0.0,45.994745183746986,Prosumer
2023-05-18 11:00:00,user_002,11,0,3,False,0.0,0.0,0.0,0.0,12.0,0.0,0.0,0.0,10.0,1.2,0.0,0.0,0.0,0.0,0,0.0,0.0,91.98949036749397,0.0,45.994745183746986,Prosumer
2023-05-18 12:00:00,user_002,12,0,3,False,0.0,0.0,0.0,0.0,12.0,0.0,0.0,0.0,10.0,1.2,0.0,0.0,0.0,0.0,0,0.0,0.0,91.98949036749397,0.0,45.994745183746986,Prosumer
2023-05-18 13:00:00,user_002,13,0,3,False,0.0,0.0,0.0,0.0,12.0,0.0,0.0,0.0,10.0,1.2,0.0,0.0,0.0,0.0,0,0.0,0.0,91.98949036749397,0.0,45.994745183746986,Prosumer
2023-05-18 14:00:00,user_002,14,0,3,False,0.0,0.0,0.0,0.0,12.0,0.0,0.0,0.0,10.0,1.2,0.0,0.0,0.0,0.0,0,0.0,0.0,91.98949036749397,0.0,45.994745183746986,Prosumer
2023-05-18 15:00:00,user_002,15,0,3,False,0.0,0.0,0.0,0.0,12.0,0.0,0.0,0.0,10.0,1.2,0.0,0.0,0.0,0.0,0,0.0,0.0,91.98949036749397,0.0,45.994745183746986,Prosumer
2023-05-18 16:00:00,user_002,16,0,3,False,0.0,0.0,0.0,0.0,12.0,0.0,0.0,0.0,10.0,1.2,0.0,0.0,0.0,0.0,0,0.0,0.0,91.98949036749397,0.0,45.994745183746986,Prosumer
2023-05-18 17:00:00,user_002,17,0,3,False,0.0,0.0,0.0,0.0,12.0,0.0,0.0,0.0,10.0,1.2,0.0,0.0,0.0,0.0,0,0.0,0.0,91.98949036749397,0.0,45.994745183746986,Prosumer
2023-05-18 18:00:00,user_002,18,0,3,False,0.0,0.0,0.0,0.0,12.0,0.0,0.0,0.0,10.0,1.2,0.0,0.0,0.0,0.0,0,0.0,0.0,91.98949036749397,0.0,45.994745183746986,Prosumer
2023-05-18 19:00:00,user_002,19,0,3,False,0.0,0.0,0.0,0.0,12.0,0.0,0.0,0.0,10.0,1.2,0.0,0.0,0.0,0.0,0,0.0,0.0,91.98949036749397,0.0,45.994745183746986,Prosumer
2023-05-18 20:00:00,user_002,20,0,3,False,0.0,0.0,0.0,0.0,12.0,0.0,0.0,0.0,10.0,1.2,0.0,0.0,0.0,0.0,0,0.0,0.0,91.98949036749397,0.0,45.994745183746986,Prosumer
2023-05-18 21:00:00,user_002,21,0,3,False,0.0,0.0,0.0,0.0,12.0,0.0,0.0,0.0,10.0,1.2,0.0,0.0,0.0,0.0,0,0.0,0.0,91.98949036749397,0.0,45.994745183746986,Prosumer
2023-05-18 22:00:00,user_002,22,0,3,False,0.0,0.0,0.0,0.0,12.0,0.0,0.0,0.0,10.0,1.2,0.0,0.0,0.0,0.0,0,0.0,0.0,91.98949036749397,0.0,45.994745183746986,Prosumer
2023-05-18 23:00:00,user_002,23,0,3,False,0.0,0.0,0.0,0.0,12.0,0.0,0.0,0.0,10.0,1.2,0.0,0.0,0.0,0.0,0,0.0,0.0,91.98949036749397,0.0,45.994745183746986,Prosumer
2023-05-19 00:00:00,user_002,0,0,4,False,0.0,0.0,0.0,0.0,12.0,0.0,0.0,0.0,10.0,1.2,0.0,0.0,0.0,0.0,0,0.0,0.0,91.98949036749397,0.0,45.994745183746986,Prosumer
2023-05-19 01:00:00,user_002,1,0,4,False,0.0,0.0,0.0,0.0,12.0,0.0,0.0,0.0,10.0,1.2,0.0,0.0,0.0,0.0,0,0.0,0.0,91.98949036749397,0.0,45.994745183746986,Prosumer
2023-05-19 02:00:00,user_002,2,0,4,False,0.0,0.0,0.0,0.0,12.0,0.0,0.0,0.0,10.0,1.2,0.0,0.0,0.0,0.0,0,0.0,0.0,91.98949036749397,0.0,45.994745183746986,Prosumer
2023-05-19 03:00:00,user_002,3,0,4,False,0.0,0.0,0.0,0.0,12.0,0.0,0.0,0.0,10.0,1.2,0.0,0.0,0.0,0.0,0,0.0,0.0,91.98949036749397,0.0,45.994745183746986,Prosumer
2023-05-19 04:00:00,user_002,4,0,4,False,0.0,0.0,0.0,0.0,12.0,0.0,0.0,0.0,10.0,1.2,0.0,0.0,0.0,0.0,0,0.0,0.0,91.98949036749397,0.0,45.994745183746986,Prosumer
2023-05-19 05:00:00,user_002,5,0,4,False,0.0,0.0,0.0,0.0,12.0,0.0,0.0,0.0,10.0,1.2,0.0,0.0,0.0,0.0,0,0.0,0.0,91.98949036749397,0.0,45.994745183746986,Prosumer
2023-05-19 06:00:00,user_002,6,0,4,False,0.0,0.0,0.0,0.0,12.0,0.0,0.0,0.0,10.0,1.2,0.0,0.0,0.0,0.0,0,0.0,0.0,91.98949036749397,0.0,45.994745183746986,Prosumer
2023-05-19 07:00:00,user_002,7,0,4,False,0.0,0.0,0.0,0.0,12.0,0.0,0.0,0.0,10.0,1.2,0.0,0.0,0.0,0.0,0,0.0,0.0,91.98949036749397,0.0,45.994745183746986,Prosumer
2023-05-19 08:00:00,user_002,8,0,4,False,0.0,0.0,0.0,0.0,12.0,0.0,0.0,0.0,10.0,1.2,0.0,0.0,0.0,0.0,0,0.0,0.0,91.98949036749397,0.0,45.994745183746986,Prosumer
2023-05-19 09:00:00,user_002,9,0,4,False,0.0,0.0,0.0,0.0,12.0,0.0,0.0,0.0,10.0,1.2,0.0,0.0,0.0,0.0,0,0.0,0.0,91.98949036749397,0.0,45.994745183746986,Prosumer
2023-05-19 10:00:00,user_002,10,0,4,False,0.0,0.0,0.0,0.0,12.0,0.0,0.0,0.0,10.0,1.2,0.0,0.0,0.0,0.0,0,0.0,0.0,91.98949036749397,0.0,45.994745183746986,Prosumer
2023-05-19 11:00:00,user_002,11,0,4,False,0.0,0.0,0.0,0.0,12.0,0.0,0.0,0.0,10.0,1.2,0.0,0.0,0.0,0.0,0,0.0,0.0,91.98949036749397,0.0,45.994745183746986,Prosumer
2023-05-19 12:00:00,user_002,12,0,4,False,0.0,0.0,0.0,0.0,12.0,0.0,0.0,0.0,10.0,1.2,0.0,0.0,0.0,0.0,0,0.0,0.0,91.98949036749397,0.0,45.994745183746986,Prosumer
2023-05-19 13:00:00,user_002,13,0,4,False,0.0,0.0,0.0,0.0,12.0,0.0,0.0,0.0,10.0,1.2,0.0,0.0,0.0,0.0,0,0.0,0.0,91.98949036749397,0.0,45.994745183746986,Prosumer
2023-05-19 14:00:00,user_002,14,0,4,False,0.0,0.0,0.0,0.0,12.0,0.0,0.0,0.0,10.0,1.2,0.0,0.0,0.0,0.0,0,0.0,0.0,91.98949036749397,0.0,45.994745183746986,Prosumer
2023-05-19 15:00:00,user_002,15,0,4,False,0.0,0.0,0.0,0.0,12.0,0.0,0.0,0.0,10.0,1.2,0.0,0.0,0.0,0.0,0,0.0,0.0,91.98949036749397,0.0,45.994745183746986,Prosumer
2023-05-19 16:00:00,user_002,16,0,4,False,0.0,0.0,0.0,0.0,12.0,0.0,0.0,0.0,10.0,1.2,0.0,0.0,0.0,0.0,0,0.0,0.0,91.98949036749397,0.0,45.994745183746986,Prosumer
2023-05-19 17:00:00,user_002,17,0,4,False,0.0,0.0,0.0,0.0,12.0,0.0,0.0,0.0,10.0,1.2,0.0,0.0,0.0,0.0,0,0.0,0.0,91.98949036749397,0.0,45.994745183746986,Prosumer
2023-05-19 18:00:00,user_002,18,0,4,False,0.0,0.0,0.0,0.0,12.0,0.0,0.0,0.0,10.0,1.2,0.0,0.0,0.0,0.0,0,0.0,0.0,91.98949036749397,0.0,45.994745183746986,Prosumer
2023-05-19 19:00:00,user_002,19,0,4,False,0.0,0.0,0.0,0.0,12.0,0.0,0.0,0.0,10.0,1.2,0.0,0.0,0.0,0.0,0,0.0,0.0,91.98949036749397,0.0,45.994745183746986,Prosumer
2023-05-19 20:00:00,user_002,20,0,4,False,0.0,0.0,0.0,0.0,12.0,0.0,0.0,0.0,10.0,1.2,0.0,0.0,0.0,0.0,0,0.0,0.0,91.98949036749397,0.0,45.994745183746986,Prosumer
2023-05-19 21:00:00,user_002,21,0,4,False,0.0,0.0,0.0,0.0,12.0,0.0,0.0,0.0,10.0,1.2,0.0,0.0,0.0,0.0,0,0.0,0.0,91.98949036749397,0.0,45.994745183746986,Prosumer
2023-05-19 22:00:00,user_002,22,0,4,False,0.0,0.0,0.0,0.0,12.0,0.0,0.0,0.0,10.0,1.2,0.0,0.0,0.0,0.0,0,0.0,0.0,91.98949036749397,0.0,45.994745183746986,Prosumer
2023-05-19 23:00:00,user_002,23,0,4,False,0.0,0.0,0.0,0.0,12.0,0.0,0.0,0.0,10.0,1.2,0.0,0.0,0.0,0.0,0,0.0,0.0,91.98949036749397,0.0,45.994745183746986,Prosumer
2023-05-20 00:00:00,user_002,0,0,5,True,0.0,0.0,0.0,0.0,12.0,0.0,0.0,0.0,10.0,1.2,0.0,0.0,0.0,0.0,0,0.0,0.0,91.98949036749397,0.0,45.994745183746986,Prosumer
2023-05-20 01:00:00,user_002,1,0,5,True,0.0,0.0,0.0,0.0,12.0,0.0,0.0,0.0,10.0,1.2,0.0,0.0,0.0,0.0,0,0.0,0.0,91.98949036749397,0.0,45.994745183746986,Prosumer
2023-05-20 02:00:00,user_002,2,0,5,True,0.0,0.0,0.0,0.0,12.0,0.0,0.0,0.0,10.0,1.2,0.0,0.0,0.0,0.0,0,0.0,0.0,91.98949036749397,0.0,45.994745183746986,Prosumer
2023-05-20 03:00:00,user_002,3,0,5,True,0.0,0.0,0.0,0.0,12.0,0.0,0.0,0.0,10.0,1.2,0.0,0.0,0.0,0.0,0,0.0,0.0,91.98949036749397,0.0,45.994745183746986,Prosumer
2023-05-20 04:00:00,user_002,4,0,5,True,0.0,0.0,0.0,0.0,12.0,0.0,0.0,0.0,10.0,1.2,0.0,0.0,0.0,0.0,0,0.0,0.0,91.98949036749397,0.0,45.994745183746986,Prosumer
2023-05-20 05:00:00,user_002,5,0,5,True,0.0,0.0,0.0,0.0,12.0,0.0,0.0,0.0,10.0,1.2,0.0,0.0,0.0,0.0,0,0.0,0.0,91.98949036749397,0.0,45.994745183746986,Prosumer
2023-05-20 06:00:00,user_002,6,0,5,True,0.0,0.0,0.0,0.0,12.0,0.0,0.0,0.0,10.0,1.2,0.0,0.0,0.0,0.0,0,0.0,0.0,91.98949036749397,0.0,45.994745183746986,Prosumer
2023-05-20 07:00:00,user_002,7,0,5,True,0.0,0.0,0.0,0.0,12.0,0.0,0.0,0.0,10.0,1.2,0.0,0.0,0.0,0.0,0,0.0,0.0,91.98949036749397,0.0,45.994745183746986,Prosumer
2023-05-20 08:00:00,user_002,8,0,5,True,0.0,0.0,0.0,0.0,12.0,0.0,0.0,0.0,10.0,1.2,0.0,0.0,0.0,0.0,0,0.0,0.0,91.98949036749397,0.0,45.994745183746986,Prosumer
2023-05-20 09:00:00,user_002,9,0,5,True,0.0,0.0,0.0,0.0,12.0,0.0,0.0,0.0,10.0,1.2,0.0,0.0,0.0,0.0,0,0.0,0.0,91.98949036749397,0.0,45.994745183746986,Prosumer
2023-05-20 10:00:00,user_002,10,0,5,True,0.0,0.0,0.0,0.0,12.0,0.0,0.0,0.0,10.0,1.2,0.0,0.0,0.0,0.0,0,0.0,0.0,91.98949036749397,0.0,45.994745183746986,Prosumer
2023-05-20 11:00:00,user_002,11,0,5,True,0.0,0.0,0.0,0.0,12.0,0.0,0.0,0.0,10.0,1.2,0.0,0.0,0.0,0.0,0,0.0,0.0,91.98949036749397,0.0,45.994745183746986,Prosumer
2023-05-20 12:00:00,user_002,12,0,5,True,0.0,0.0,0.0,0.0,12.0,0.0,0.0,0.0,10.0,1.2,0.0,0.0,0.0,0.0,0,0.0,0.0,91.98949036749397,0.0,45.994745183746986,Prosumer
2023-05-20 13:00:00,user_002,13,0,5,True,0.0,0.0,0.0,0.0,12.0,0.0,0.0,0.0,10.0,1.2,0.0,0.0,0.0,0.0,0,0.0,0.0,91.98949036749397,0.0,45.994745183746986,Prosumer
2023-05-20 14:00:00,user_002,14,0,5,True,0.0,0.0,0.0,0.0,12.0,0.0,0.0,0.0,10.0,1.2,0.0,0.0,0.0,0.0,0,0.0,0.0,91.98949036749397,0.0,45.994745183746986,Prosumer
2023-05-20 15:00:00,user_002,15,0,5,True,0.0,0.0,0.0,0.0,12.0,0.0,0.0,0.0,10.0,1.2,0.0,0.0,0.0,0.0,0,0.0,0.0,91.98949036749397,0.0,45.994745183746986,Prosumer
2023-05-20 16:00:00,user_002,16,0,5,True,0.0,0.0,0.0,0.0,12.0,0.0,0.0,0.0,10.0,1.2,0.0,0.0,0.0,0.0,0,0.0,0.0,91.98949036749397,0.0,45.994745183746986,Prosumer
2023-05-20 17:00:00,user_002,17,0,5,True,0.0,0.0,0.0,0.0,12.0,0.0,0.0,0.0,10.0,1.2,0.0,0.0,0.0,0.0,0,0.0,0.0,91.98949036749397,0.0,45.994745183746986,Prosumer
2023-05-20 18:00:00,user_002,18,0,5,True,0.0,0.0,0.0,0.0,12.0,0.0,0.0,0.0,10.0,1.2,0.0,0.0,0.0,0.0,0,0.0,0.0,91.98949036749397,0.0,45.994745183746986,Prosumer
2023-05-20 19:00:00,user_002,19,0,5,True,0.0,0.0,0.0,0.0,12.0,0.0,0.0,0.0,10.0,1.2,0.0,0.0,0.0,0.0,0,0.0,0.0,91.98949036749397,0.0,45.994745183746986,Prosumer
2023-05-20 20:00:00,user_002,20,0,5,True,0.0,0.0,0.0,0.0,12.0,0.0,0.0,0.0,10.0,1.2,0.0,0.0,0.0,0.0,0,0.0,0.0,91.98949036749397,0.0,45.994745183746986,Prosumer
2023-05-20 21:00:00,user_002,21,0,5,True,0.0,0.0,0.0,0.0,12.0,0.0,0.0,0.0,10.0,1.2,0.0,0.0,0.0,0.0,0,0.0,0.0,91.98949036749397,0.0,45.994745183746986,Prosumer
2023-05-20 22:00:00,user_002,22,0,5,True,0.0,0.0,0.0,0.0,12.0,0.0,0.0,0.0,10.0,1.2,0.0,0.0,0.0,0.0,0,0.0,0.0,91.98949036749397,0.0,45.994745183746986,Prosumer
2023-05-20 23:00:00,user_002,23,0,5,True,0.0,0.0,0.0,0.0,12.0,0.0,0.0,0.0,10.0,1.2,0.0,0.0,0.0,0.0,0,0.0,0.0,91.98949036749397,0.0,45.994745183746986,Prosumer
2023-05-21 00:00:00,user_002,0,0,6,True,0.0,0.0,0.0,0.0,12.0,0.0,0.0,0.0,10.0,1.2,0.0,0.0,0.0,0.0,0,0.0,0.0,91.98949036749397,0.0,45.994745183746986,Prosumer
2023-05-21 01:00:00,user_002,1,0,6,True,0.0,0.0,0.0,0.0,12.0,0.0,0.0,0.0,10.0,1.2,0.0,0.0,0.0,0.0,0,0.0,0.0,91.98949036749397,0.0,45.994745183746986,Prosumer
2023-05-21 02:00:00,user_002,2,0,6,True,0.0,0.0,0.0,0.0,12.0,0.0,0.0,0.0,10.0,1.2,0.0,0.0,0.0,0.0,0,0.0,0.0,91.98949036749397,0.0,45.994745183746986,Prosumer
2023-05-21 03:00:00,user_002,3,0,6,True,0.0,0.0,0.0,0.0,12.0,0.0,0.0,0.0,10.0,1.2,0.0,0.0,0.0,0.0,0,0.0,0.0,91.98949036749397,0.0,45.994745183746986,Prosumer
2023-05-21 04:00:00,user_002,4,0,6,True,0.0,0.0,0.0,0.0,12.0,0.0,0.0,0.0,10.0,1.2,0.0,0.0,0.0,0.0,0,0.0,0.0,91.98949036749397,0.0,45.994745183746986,Prosumer
2023-05-21 05:00:00,user_002,5,0,6,True,0.0,0.0,0.0,0.0,12.0,0.0,0.0,0.0,10.0,1.2,0.0,0.0,0.0,0.0,0,0.0,0.0,91.98949036749397,0.0,45.994745183746986,Prosumer
2023-05-21 06:00:00,user_002,6,0,6,True,0.0,0.0,0.0,0.0,12.0,0.0,0.0,0.0,10.0,1.2,0.0,0.0,0.0,0.0,0,0.0,0.0,91.98949036749397,0.0,45.994745183746986,Prosumer
2023-05-21 07:00:00,user_002,7,0,6,True,0.0,0.0,0.0,0.0,12.0,0.0,0.0,0.0,10.0,1.2,0.0,0.0,0.0,0.0,0,0.0,0.0,91.98949036749397,0.0,45.994745183746986,Prosumer
2023-05-21 08:00:00,user_002,8,0,6,True,0.0,0.0,0.0,0.0,12.0,0.0,0.0,0.0,10.0,1.2,0.0,0.0,0.0,0.0,0,0.0,0.0,91.98949036749397,0.0,45.994745183746986,Prosumer
2023-05-21 09:00:00,user_002,9,0,6,True,0.0,0.0,0.0,0.0,12.0,0.0,0.0,0.0,10.0,1.2,0.0,0.0,0.0,0.0,0,0.0,0.0,91.98949036749397,0.0,45.994745183746986,Prosumer
2023-05-21 10:00:00,user_002,10,0,6,True,0.0,0.0,0.0,0.0,12.0,0.0,0.0,0.0,10.0,1.2,0.0,0.0,0.0,0.0,0,0.0,0.0,91.98949036749397,0.0,45.994745183746986,Prosumer
2023-05-21 11:00:00,user_002,11,0,6,True,0.0,0.0,0.0,0.0,12.0,0.0,0.0,0.0,10.0,1.2,0.0,0.0,0.0,0.0,0,0.0,0.0,91.98949036749397,0.0,45.994745183746986,Prosumer
2023-05-21 12:00:00,user_002,12,0,6,True,0.0,0.0,0.0,0.0,12.0,0.0,0.0,0.0,10.0,1.2,0.0,0.0,0.0,0.0,0,0.0,0.0,91.98949036749397,0.0,45.994745183746986,Prosumer
2023-05-21 13:00:00,user_002,13,0,6,True,0.0,0.0,0.0,0.0,12.0,0.0,0.0,0.0,10.0,1.2,0.0,0.0,0.0,0.0,0,0.0,0.0,91.98949036749397,0.0,45.994745183746986,Prosumer
2023-05-21 14:00:00,user_002,14,0,6,True,0.0,0.0,0.0,0.0,12.0,0.0,0.0,0.0,10.0,1.2,0.0,0.0,0.0,0.0,0,0.0,0.0,91.98949036749397,0.0,45.994745183746986,Prosumer
2023-05-21 15:00:00,user_002,15,0,6,True,0.0,0.0,0.0,0.0,12.0,0.0,0.0,0.0,10.0,1.2,0.0,0.0,0.0,0.0,0,0.0,0.0,91.98949036749397,0.0,45.994745183746986,Prosumer
2023-05-21 16:00:00,user_002,16,0,6,True,0.0,0.0,0.0,0.0,12.0,0.0,0.0,0.0,10.0,1.2,0.0,0.0,0.0,0.0,0,0.0,0.0,91.98949036749397,0.0,45.994745183746986,Prosumer
2023-05-21 17:00:00,user_002,17,0,6,True,0.0,0.0,0.0,0.0,12.0,0.0,0.0,0.0,10.0,1.2,0.0,0.0,0.0,0.0,0,0.0,0.0,91.98949036749397,0.0,45.994745183746986,Prosumer
2023-05-21 18:00:00,user_002,18,0,6,True,0.0,0.0,0.0,0.0,12.0,0.0,0.0,0.0,10.0,1.2,0.0,0.0,0.0,0.0,0,0.0,0.0,91.98949036749397,0.0,45.994745183746986,Prosumer
2023-05-21 19:00:00,user_002,19,0,6,True,0.0,0.0,0.0,0.0,12.0,0.0,0.0,0.0,10.0,1.2,0.0,0.0,0.0,0.0,0,0.0,0.0,91.98949036749397,0.0,45.994745183746986,Prosumer
2023-05-21 20:00:00,user_002,20,0,6,True,0.0,0.0,0.0,0.0,12.0,0.0,0.0,0.0,10.0,1.2,0.0,0.0,0.0,0.0,0,0.0,0.0,91.98949036749397,0.0,45.994745183746986,Prosumer
2023-05-21 21:00:00,user_002,21,0,6,True,0.0,0.0,0.0,0.0,12.0,0.0,0.0,0.0,10.0,1.2,0.0,0.0,0.0,0.0,0,0.0,0.0,91.98949036749397,0.0,45.994745183746986,Prosumer
2023-05-21 22:00:00,user_002,22,0,6,True,0.0,0.0,0.0,0.0,12.0,0.0,0.0,0.0,10.0,1.2,0.0,0.0,0.0,0.0,0,0.0,0.0,91.98949036749397,0.0,45.994745183746986,Prosumer
2023-05-21 23:00:00,user_002,23,0,6,True,0.0,0.0,0.0,0.0,12.0,0.0,0.0,0.0,10.0,1.2,0.0,0.0,0.0,0.0,0,0.0,0.0,91.98949036749397,0.0,45.994745183746986,Prosumer
2023-05-22 00:00:00,user_002,0,0,0,False,0.0,0.0,0.0,0.0,12.0,0.0,0.0,0.0,10.0,1.2,0.0,0.0,0.0,0.0,0,0.0,0.0,91.98949036749397,0.0,45.994745183746986,Prosumer
2023-05-22 01:00:00,user_002,1,0,0,False,0.0,0.0,0.0,0.0,12.0,0.0,0.0,0.0,10.0,1.2,0.0,0.0,0.0,0.0,0,0.0,0.0,91.98949036749397,0.0,45.994745183746986,Prosumer
2023-05-22 02:00:00,user_002,2,0,0,False,0.0,0.0,0.0,0.0,12.0,0.0,0.0,0.0,10.0,1.2,0.0,0.0,0.0,0.0,0,0.0,0.0,91.98949036749397,0.0,45.994745183746986,Prosumer
2023-05-22 03:00:00,user_002,3,0,0,False,0.0,0.0,0.0,0.0,12.0,0.0,0.0,0.0,10.0,1.2,0.0,0.0,0.0,0.0,0,0.0,0.0,91.98949036749397,0.0,45.994745183746986,Prosumer
2023-05-22 04:00:00,user_002,4,0,0,False,0.0,0.0,0.0,0.0,12.0,0.0,0.0,0.0,10.0,1.2,0.0,0.0,0.0,0.0,0,0.0,0.0,91.98949036749397,0.0,45.994745183746986,Prosumer
2023-05-22 05:00:00,user_002,5,0,0,False,0.0,0.0,0.0,0.0,12.0,0.0,0.0,0.0,10.0,1.2,0.0,0.0,0.0,0.0,0,0.0,0.0,91.98949036749397,0.0,45.994745183746986,Prosumer
2023-05-22 06:00:00,user_002,6,0,0,False,0.0,0.0,0.0,0.0,12.0,0.0,0.0,0.0,10.0,1.2,0.0,0.0,0.0,0.0,0,0.0,0.0,91.98949036749397,0.0,45.994745183746986,Prosumer
2023-05-22 07:00:00,user_002,7,0,0,False,0.0,0.0,0.0,0.0,12.0,0.0,0.0,0.0,10.0,1.2,0.0,0.0,0.0,0.0,0,0.0,0.0,91.98949036749397,0.0,45.994745183746986,Prosumer
2023-05-22 08:00:00,user_002,8,0,0,False,0.0,0.0,0.0,0.0,12.0,0.0,0.0,0.0,10.0,1.2,0.0,0.0,0.0,0.0,0,0.0,0.0,91.98949036749397,0.0,45.994745183746986,Prosumer
2023-05-22 09:00:00,user_002,9,0,0,False,0.0,0.0,0.0,0.0,12.0,0.0,0.0,0.0,10.0,1.2,0.0,0.0,0.0,0.0,0,0.0,0.0,91.98949036749397,0.0,45.994745183746986,Prosumer
2023-05-22 10:00:00,user_002,10,0,0,False,0.0,0.0,0.0,0.0,12.0,0.0,0.0,0.0,10.0,1.2,0.0,0.0,0.0,0.0,0,0.0,0.0,91.98949036749397,0.0,45.994745183746986,Prosumer
2023-05-22 11:00:00,user_002,11,0,0,False,0.0,0.0,0.0,0.0,12.0,0.0,0.0,0.0,10.0,1.2,0.0,0.0,0.0,0.0,0,0.0,0.0,91.98949036749397,0.0,45.994745183746986,Prosumer
2023-05-22 12:00:00,user_002,12,0,0,False,0.0,0.0,0.0,0.0,12.0,0.0,0.0,0.0,10.0,1.2,0.0,0.0,0.0,0.0,0,0.0,0.0,91.98949036749397,0.0,45.994745183746986,Prosumer
2023-05-22 13:00:00,user_002,13,0,0,False,0.0,0.0,0.0,0.0,12.0,0.0,0.0,0.0,10.0,1.2,0.0,0.0,0.0,0.0,0,0.0,0.0,91.98949036749397,0.0,45.994745183746986,Prosumer
2023-05-22 14:00:00,user_002,14,0,0,False,0.0,0.0,0.0,0.0,12.0,0.0,0.0,0.0,10.0,1.2,0.0,0.0,0.0,0.0,0,0.0,0.0,91.98949036749397,0.0,45.994745183746986,Prosumer
2023-05-22 15:00:00,user_002,15,0,0,False,0.0,0.0,0.0,0.0,12.0,0.0,0.0,0.0,10.0,1.2,0.0,0.0,0.0,0.0,0,0.0,0.0,91.98949036749397,0.0,45.994745183746986,Prosumer
2023-05-22 16:00:00,user_002,16,0,0,False,0.0,0.0,0.0,0.0,12.0,0.0,0.0,0.0,10.0,1.2,0.0,0.0,0.0,0.0,0,0.0,0.0,91.98949036749397,0.0,45.994745183746986,Prosumer
2023-05-22 17:00:00,user_002,17,0,0,False,0.0,0.0,0.0,0.0,12.0,0.0,0.0,0.0,10.0,1.2,0.0,0.0,0.0,0.0,0,0.0,0.0,91.98949036749397,0.0,45.994745183746986,Prosumer
2023-05-22 18:00:00,user_002,18,0,0,False,0.0,0.0,0.0,0.0,12.0,0.0,0.0,0.0,10.0,1.2,0.0,0.0,0.0,0.0,0,0.0,0.0,91.98949036749397,0.0,45.994745183746986,Prosumer
2023-05-22 19:00:00,user_002,19,0,0,False,0.0,0.0,0.0,0.0,12.0,0.0,0.0,0.0,10.0,1.2,0.0,0.0,0.0,0.0,0,0.0,0.0,91.98949036749397,0.0,45.994745183746986,Prosumer
2023-05-22 20:00:00,user_002,20,0,0,False,0.0,0.0,0.0,0.0,12.0,0.0,0.0,0.0,10.0,1.2,0.0,0.0,0.0,0.0,0,0.0,0.0,91.98949036749397,0.0,45.994745183746986,Prosumer
2023-05-22 21:00:00,user_002,21,0,0,False,0.0,0.0,0.0,0.0,12.0,0.0,0.0,0.0,10.0,1.2,0.0,0.0,0.0,0.0,0,0.0,0.0,91.98949036749397,0.0,45.994745183746986,Prosumer
2023-05-22 22:00:00,user_002,22,0,0,False,0.0,0.0,0.0,0.0,12.0,0.0,0.0,0.0,10.0,1.2,0.0,0.0,0.0,0.0,0,0.0,0.0,91.98949036749397,0.0,45.994745183746986,Prosumer
2023-05-22 23:00:00,user_002,23,0,0,False,0.0,0.0,0.0,0.0,12.0,0.0,0.0,0.0,10.0,1.2,0.0,0.0,0.0,0.0,0,0.0,0.0,91.98949036749397,0.0,45.994745183746986,Prosumer
2023-05-23 00:00:00,user_002,0,0,1,False,0.0,0.0,0.0,0.0,12.0,0.0,0.0,0.0,10.0,1.2,0.0,0.0,0.0,0.0,0,0.0,0.0,91.98949036749397,0.0,45.994745183746986,Prosumer
2023-05-23 01:00:00,user_002,1,0,1,False,0.0,0.0,0.0,0.0,12.0,0.0,0.0,0.0,10.0,1.2,0.0,0.0,0.0,0.0,0,0.0,0.0,91.98949036749397,0.0,45.994745183746986,Prosumer
2023-05-23 02:00:00,user_002,2,0,1,False,0.0,0.0,0.0,0.0,12.0,0.0,0.0,0.0,10.0,1.2,0.0,0.0,0.0,0.0,0,0.0,0.0,91.98949036749397,0.0,45.994745183746986,Prosumer
2023-05-23 03:00:00,user_002,3,0,1,False,0.0,0.0,0.0,0.0,12.0,0.0,0.0,0.0,10.0,1.2,0.0,0.0,0.0,0.0,0,0.0,0.0,91.98949036749397,0.0,45.994745183746986,Prosumer
2023-05-23 04:00:00,user_002,4,0,1,False,0.0,0.0,0.0,0.0,12.0,0.0,0.0,0.0,10.0,1.2,0.0,0.0,0.0,0.0,0,0.0,0.0,91.98949036749397,0.0,45.994745183746986,Prosumer
2023-05-23 05:00:00,user_002,5,0,1,False,0.0,0.0,0.0,0.0,12.0,0.0,0.0,0.0,10.0,1.2,0.0,0.0,0.0,0.0,0,0.0,0.0,91.98949036749397,0.0,45.994745183746986,Prosumer
2023-05-23 06:00:00,user_002,6,0,1,False,0.0,0.0,0.0,0.0,12.0,0.0,0.0,0.0,10.0,1.2,0.0,0.0,0.0,0.0,0,0.0,0.0,91.98949036749397,0.0,45.994745183746986,Prosumer
2023-05-23 07:00:00,user_002,7,0,1,False,0.0,0.0,0.0,0.0,12.0,0.0,0.0,0.0,10.0,1.2,0.0,0.0,0.0,0.0,0,0.0,0.0,91.98949036749397,0.0,45.994745183746986,Prosumer
2023-05-23 08:00:00,user_002,8,0,1,False,0.0,0.0,0.0,0.0,12.0,0.0,0.0,0.0,10.0,1.2,0.0,0.0,0.0,0.0,0,0.0,0.0,91.98949036749397,0.0,45.994745183746986,Prosumer
2023-05-23 09:00:00,user_002,9,0,1,False,0.0,0.0,0.0,0.0,12.0,0.0,0.0,0.0,10.0,1.2,0.0,0.0,0.0,0.0,0,0.0,0.0,91.98949036749397,0.0,45.994745183746986,Prosumer
2023-05-23 10:00:00,user_002,10,0,1,False,0.0,0.0,0.0,0.0,12.0,0.0,0.0,0.0,10.0,1.2,0.0,0.0,0.0,0.0,0,0.0,0.0,91.98949036749397,0.0,45.994745183746986,Prosumer
2023-05-23 11:00:00,user_002,11,0,1,False,0.0,0.0,0.0,0.0,12.0,0.0,0.0,0.0,10.0,1.2,0.0,0.0,0.0,0.0,0,0.0,0.0,91.98949036749397,0.0,45.994745183746986,Prosumer
2023-05-23 12:00:00,user_002,12,0,1,False,0.0,0.0,0.0,0.0,12.0,0.0,0.0,0.0,10.0,1.2,0.0,0.0,0.0,0.0,0,0.0,0.0,91.98949036749397,0.0,45.994745183746986,Prosumer
2023-05-23 13:00:00,user_002,13,0,1,False,0.0,0.0,0.0,0.0,12.0,0.0,0.0,0.0,10.0,1.2,0.0,0.0,0.0,0.0,0,0.0,0.0,91.98949036749397,0.0,45.994745183746986,Prosumer
2023-05-23 14:00:00,user_002,14,0,1,False,0.0,0.0,0.0,0.0,12.0,0.0,0.0,0.0,10.0,1.2,0.0,0.0,0.0,0.0,0,0.0,0.0,91.98949036749397,0.0,45.994745183746986,Prosumer
2023-05-23 15:00:00,user_002,15,0,1,False,0.0,0.0,0.0,0.0,12.0,0.0,0.0,0.0,10.0,1.2,0.0,0.0,0.0,0.0,0,0.0,0.0,91.98949036749397,0.0,45.994745183746986,Prosumer
2023-05-23 16:00:00,user_002,16,0,1,False,0.0,0.0,0.0,0.0,12.0,0.0,0.0,0.0,10.0,1.2,0.0,0.0,0.0,0.0,0,0.0,0.0,91.98949036749397,0.0,45.994745183746986,Prosumer
2023-05-23 17:00:00,user_002,17,0,1,False,0.0,0.0,0.0,0.0,12.0,0.0,0.0,0.0,10.0,1.2,0.0,0.0,0.0,0.0,0,0.0,0.0,91.98949036749397,0.0,45.994745183746986,Prosumer
2023-05-23 18:00:00,user_002,18,0,1,False,0.0,0.0,0.0,0.0,12.0,0.0,0.0,0.0,10.0,1.2,0.0,0.0,0.0,0.0,0,0.0,0.0,91.98949036749397,0.0,45.994745183746986,Prosumer
2023-05-23 19:00:00,user_002,19,0,1,False,0.0,0.0,0.0,0.0,12.0,0.0,0.0,0.0,10.0,1.2,0.0,0.0,0.0,0.0,0,0.0,0.0,91.98949036749397,0.0,45.994745183746986,Prosumer
2023-05-23 20:00:00,user_002,20,0,1,False,0.0,0.0,0.0,0.0,12.0,0.0,0.0,0.0,10.0,1.2,0.0,0.0,0.0,0.0,0,0.0,0.0,91.98949036749397,0.0,45.994745183746986,Prosumer
2023-05-23 21:00:00,user_002,21,0,1,False,0.0,0.0,0.0,0.0,12.0,0.0,0.0,0.0,10.0,1.2,0.0,0.0,0.0,0.0,0,0.0,0.0,91.98949036749397,0.0,45.994745183746986,Prosumer
2023-05-23 22:00:00,user_002,22,0,1,False,0.0,0.0,0.0,0.0,12.0,0.0,0.0,0.0,10.0,1.2,0.0,0.0,0.0,0.0,0,0.0,0.0,91.98949036749397,0.0,45.994745183746986,Prosumer
2023-05-23 23:00:00,user_002,23,0,1,False,0.0,0.0,0.0,0.0,12.0,0.0,0.0,0.0,10.0,1.2,0.0,0.0,0.0,0.0,0,0.0,0.0,91.98949036749397,0.0,45.994745183746986,Prosumer
2023-05-24 00:00:00,user_002,0,0,2,False,0.0,0.0,0.0,0.0,12.0,0.0,0.0,0.0,10.0,1.2,0.0,0.0,0.0,0.0,0,0.0,0.0,91.98949036749397,0.0,45.994745183746986,Prosumer
2023-05-24 01:00:00,user_002,1,0,2,False,0.0,0.0,0.0,0.0,12.0,0.0,0.0,0.0,10.0,1.2,0.0,0.0,0.0,0.0,0,0.0,0.0,91.98949036749397,0.0,45.994745183746986,Prosumer
2023-05-24 02:00:00,user_002,2,0,2,False,0.0,0.0,0.0,0.0,12.0,0.0,0.0,0.0,10.0,1.2,0.0,0.0,0.0,0.0,0,0.0,0.0,91.98949036749397,0.0,45.994745183746986,Prosumer
2023-05-24 03:00:00,user_002,3,0,2,False,0.0,0.0,0.0,0.0,12.0,0.0,0.0,0.0,10.0,1.2,0.0,0.0,0.0,0.0,0,0.0,0.0,91.98949036749397,0.0,45.994745183746986,Prosumer
2023-05-24 04:00:00,user_002,4,0,2,False,0.0,0.0,0.0,0.0,12.0,0.0,0.0,0.0,10.0,1.2,0.0,0.0,0.0,0.0,0,0.0,0.0,91.98949036749397,0.0,45.994745183746986,Prosumer
2023-05-24 05:00:00,user_002,5,0,2,False,0.0,0.0,0.0,0.0,12.0,0.0,0.0,0.0,10.0,1.2,0.0,0.0,0.0,0.0,0,0.0,0.0,91.98949036749397,0.0,45.994745183746986,Prosumer
2023-05-24 06:00:00,user_002,6,0,2,False,0.0,0.0,0.0,0.0,12.0,0.0,0.0,0.0,10.0,1.2,0.0,0.0,0.0,0.0,0,0.0,0.0,91.98949036749397,0.0,45.994745183746986,Prosumer
2023-05-24 07:00:00,user_002,7,0,2,False,0.0,0.0,0.0,0.0,12.0,0.0,0.0,0.0,10.0,1.2,0.0,0.0,0.0,0.0,0,0.0,0.0,91.98949036749397,0.0,45.994745183746986,Prosumer
2023-05-24 08:00:00,user_002,8,0,2,False,0.0,0.0,0.0,0.0,12.0,0.0,0.0,0.0,10.0,1.2,0.0,0.0,0.0,0.0,0,0.0,0.0,91.98949036749397,0.0,45.994745183746986,Prosumer
2023-05-24 09:00:00,user_002,9,0,2,False,0.0,0.0,0.0,0.0,12.0,0.0,0.0,0.0,10.0,1.2,0.0,0.0,0.0,0.0,0,0.0,0.0,91.98949036749397,0.0,45.994745183746986,Prosumer
2023-05-24 10:00:00,user_002,10,0,2,False,0.0,0.0,0.0,0.0,12.0,0.0,0.0,0.0,10.0,1.2,0.0,0.0,0.0,0.0,0,0.0,0.0,91.98949036749397,0.0,45.994745183746986,Prosumer
2023-05-24 11:00:00,user_002,11,0,2,False,0.0,0.0,0.0,0.0,12.0,0.0,0.0,0.0,10.0,1.2,0.0,0.0,0.0,0.0,0,0.0,0.0,91.98949036749397,0.0,45.994745183746986,Prosumer
2023-05-24 12:00:00,user_002,12,0,2,False,0.0,0.0,0.0,0.0,12.0,0.0,0.0,0.0,10.0,1.2,0.0,0.0,0.0,0.0,0,0.0,0.0,91.98949036749397,0.0,45.994745183746986,Prosumer
2023-05-24 13:00:00,user_002,13,0,2,False,0.0,0.0,0.0,0.0,12.0,0.0,0.0,0.0,10.0,1.2,0.0,0.0,0.0,0.0,0,0.0,0.0,91.98949036749397,0.0,45.994745183746986,Prosumer
2023-05-24 14:00:00,user_002,14,0,2,False,0.0,0.0,0.0,0.0,12.0,0.0,0.0,0.0,10.0,1.2,0.0,0.0,0.0,0.0,0,0.0,0.0,91.98949036749397,0.0,45.994745183746986,Prosumer
2023-05-24 15:00:00,user_002,15,0,2,False,0.0,0.0,0.0,0.0,12.0,0.0,0.0,0.0,10.0,1.2,0.0,0.0,0.0,0.0,0,0.0,0.0,91.98949036749397,0.0,45.994745183746986,Prosumer
2023-05-24 16:00:00,user_002,16,0,2,False,0.0,0.0,0.0,0.0,12.0,0.0,0.0,0.0,10.0,1.2,0.0,0.0,0.0,0.0,0,0.0,0.0,91.98949036749397,0.0,45.994745183746986,Prosumer
2023-05-24 17:00:00,user_002,17,0,2,False,0.0,0.0,0.0,0.0,12.0,0.0,0.0,0.0,10.0,1.2,0.0,0.0,0.0,0.0,0,0.0,0.0,91.98949036749397,0.0,45.994745183746986,Prosumer
2023-05-24 18:00:00,user_002,18,0,2,False,0.0,0.0,0.0,0.0,12.0,0.0,0.0,0.0,10.0,1.2,0.0,0.0,0.0,0.0,0,0.0,0.0,91.98949036749397,0.0,45.994745183746986,Prosumer
2023-05-24 19:00:00,user_002,19,0,2,False,0.0,0.0,0.0,0.0,12.0,0.0,0.0,0.0,10.0,1.2,0.0,0.0,0.0,0.0,0,0.0,0.0,91.98949036749397,0.0,45.994745183746986,Prosumer
2023-05-24 20:00:00,user_002,20,0,2,False,0.0,0.0,0.0,0.0,12.0,0.0,0.0,0.0,10.0,1.2,0.0,0.0,0.0,0.0,0,0.0,0.0,91.98949036749397,0.0,45.994745183746986,Prosumer
2023-05-24 21:00:00,user_002,21,0,2,False,0.0,0.0,0.0,0.0,12.0,0.0,0.0,0.0,10.0,1.2,0.0,0.0,0.0,0.0,0,0.0,0.0,91.98949036749397,0.0,45.994745183746986,Prosumer
2023-05-24 22:00:00,user_002,22,0,2,False,0.0,0.0,0.0,0.0,12.0,0.0,0.0,0.0,10.0,1.2,0.0,0.0,0.0,0.0,0,0.0,0.0,91.98949036749397,0.0,45.994745183746986,Prosumer
2023-05-24 23:00:00,user_002,23,0,2,False,0.0,0.0,0.0,0.0,12.0,0.0,0.0,0.0,10.0,1.2,0.0,0.0,0.0,0.0,0,0.0,0.0,91.98949036749397,0.0,45.994745183746986,Prosumer
2023-05-25 00:00:00,user_002,0,0,3,False,0.0,0.0,0.0,0.0,12.0,0.0,0.0,0.0,10.0,1.2,0.0,0.0,0.0,0.0,0,0.0,0.0,91.98949036749397,0.0,45.994745183746986,Prosumer
2023-05-25 01:00:00,user_002,1,0,3,False,0.0,0.0,0.0,0.0,12.0,0.0,0.0,0.0,10.0,1.2,0.0,0.0,0.0,0.0,0,0.0,0.0,91.98949036749397,0.0,45.994745183746986,Prosumer
2023-05-25 02:00:00,user_002,2,0,3,False,0.0,0.0,0.0,0.0,12.0,0.0,0.0,0.0,10.0,1.2,0.0,0.0,0.0,0.0,0,0.0,0.0,91.98949036749397,0.0,45.994745183746986,Prosumer
2023-05-25 03:00:00,user_002,3,0,3,False,0.0,0.0,0.0,0.0,12.0,0.0,0.0,0.0,10.0,1.2,0.0,0.0,0.0,0.0,0,0.0,0.0,91.98949036749397,0.0,45.994745183746986,Prosumer
2023-05-25 04:00:00,user_002,4,0,3,False,0.0,0.0,0.0,0.0,12.0,0.0,0.0,0.0,10.0,1.2,0.0,0.0,0.0,0.0,0,0.0,0.0,91.98949036749397,0.0,45.994745183746986,Prosumer
2023-05-25 05:00:00,user_002,5,0,3,False,0.0,0.0,0.0,0.0,12.0,0.0,0.0,0.0,10.0,1.2,0.0,0.0,0.0,0.0,0,0.0,0.0,91.98949036749397,0.0,45.994745183746986,Prosumer
2023-05-25 06:00:00,user_002,6,0,3,False,0.0,0.0,0.0,0.0,12.0,0.0,0.0,0.0,10.0,1.2,0.0,0.0,0.0,0.0,0,0.0,0.0,91.98949036749397,0.0,45.994745183746986,Prosumer
2023-05-25 07:00:00,user_002,7,0,3,False,0.0,0.0,0.0,0.0,12.0,0.0,0.0,0.0,10.0,1.2,0.0,0.0,0.0,0.0,0,0.0,0.0,91.98949036749397,0.0,45.994745183746986,Prosumer
2023-05-25 08:00:00,user_002,8,0,3,False,0.0,0.0,0.0,0.0,12.0,0.0,0.0,0.0,10.0,1.2,0.0,0.0,0.0,0.0,0,0.0,0.0,91.98949036749397,0.0,45.994745183746986,Prosumer
2023-05-25 09:00:00,user_002,9,0,3,False,0.0,0.0,0.0,0.0,12.0,0.0,0.0,0.0,10.0,1.2,0.0,0.0,0.0,0.0,0,0.0,0.0,91.98949036749397,0.0,45.994745183746986,Prosumer
2023-05-25 10:00:00,user_002,10,0,3,False,0.0,0.0,0.0,0.0,12.0,0.0,0.0,0.0,10.0,1.2,0.0,0.0,0.0,0.0,0,0.0,0.0,91.98949036749397,0.0,45.994745183746986,Prosumer
2023-05-25 11:00:00,user_002,11,0,3,False,0.0,0.0,0.0,0.0,12.0,0.0,0.0,0.0,10.0,1.2,0.0,0.0,0.0,0.0,0,0.0,0.0,91.98949036749397,0.0,45.994745183746986,Prosumer
2023-05-25 12:00:00,user_002,12,0,3,False,0.0,0.0,0.0,0.0,12.0,0.0,0.0,0.0,10.0,1.2,0.0,0.0,0.0,0.0,0,0.0,0.0,91.98949036749397,0.0,45.994745183746986,Prosumer
2023-05-25 13:00:00,user_002,13,0,3,False,0.0,0.0,0.0,0.0,12.0,0.0,0.0,0.0,10.0,1.2,0.0,0.0,0.0,0.0,0,0.0,0.0,91.98949036749397,0.0,45.994745183746986,Prosumer
2023-05-25 14:00:00,user_002,14,0,3,False,0.0,0.0,0.0,0.0,12.0,0.0,0.0,0.0,10.0,1.2,0.0,0.0,0.0,0.0,0,0.0,0.0,91.98949036749397,0.0,45.994745183746986,Prosumer
2023-05-25 15:00:00,user_002,15,0,3,False,0.0,0.0,0.0,0.0,12.0,0.0,0.0,0.0,10.0,1.2,0.0,0.0,0.0,0.0,0,0.0,0.0,91.98949036749397,0.0,45.994745183746986,Prosumer
2023-05-25 16:00:00,user_002,16,0,3,False,0.0,0.0,0.0,0.0,12.0,0.0,0.0,0.0,10.0,1.2,0.0,0.0,0.0,0.0,0,0.0,0.0,91.98949036749397,0.0,45.994745183746986,Prosumer
2023-05-25 17:00:00,user_002,17,0,3,False,0.0,0.0,0.0,0.0,12.0,0.0,0.0,0.0,10.0,1.2,0.0,0.0,0.0,0.0,0,0.0,0.0,91.98949036749397,0.0,45.994745183746986,Prosumer
2023-05-25 18:00:00,user_002,18,0,3,False,0.0,0.0,0.0,0.0,12.0,0.0,0.0,0.0,10.0,1.2,0.0,0.0,0.0,0.0,0,0.0,0.0,91.98949036749397,0.0,45.994745183746986,Prosumer
2023-05-25 19:00:00,user_002,19,0,3,False,0.0,0.0,0.0,0.0,12.0,0.0,0.0,0.0,10.0,1.2,0.0,0.0,0.0,0.0,0,0.0,0.0,91.98949036749397,0.0,45.994745183746986,Prosumer
2023-05-25 20:00:00,user_002,20,0,3,False,0.0,0.0,0.0,0.0,12.0,0.0,0.0,0.0,10.0,1.2,0.0,0.0,0.0,0.0,0,0.0,0.0,91.98949036749397,0.0,45.994745183746986,Prosumer
2023-05-25 21:00:00,user_002,21,0,3,False,0.0,0.0,0.0,0.0,12.0,0.0,0.0,0.0,10.0,1.2,0.0,0.0,0.0,0.0,0,0.0,0.0,91.98949036749397,0.0,45.994745183746986,Prosumer
2023-05-25 22:00:00,user_002,22,0,3,False,0.0,0.0,0.0,0.0,12.0,0.0,0.0,0.0,10.0,1.2,0.0,0.0,0.0,0.0,0,0.0,0.0,91.98949036749397,0.0,45.994745183746986,Prosumer
2023-05-25 23:00:00,user_002,23,0,3,False,0.0,0.0,0.0,0.0,12.0,0.0,0.0,0.0,10.0,1.2,0.0,0.0,0.0,0.0,0,0.0,0.0,91.98949036749397,0.0,45.994745183746986,Prosumer
2023-05-26 00:00:00,user_002,0,0,4,False,0.0,0.0,0.0,0.0,12.0,0.0,0.0,0.0,10.0,1.2,0.0,0.0,0.0,0.0,0,0.0,0.0,91.98949036749397,0.0,45.994745183746986,Prosumer
2023-05-26 01:00:00,user_002,1,0,4,False,0.0,0.0,0.0,0.0,12.0,0.0,0.0,0.0,10.0,1.2,0.0,0.0,0.0,0.0,0,0.0,0.0,91.98949036749397,0.0,45.994745183746986,Prosumer
2023-05-26 02:00:00,user_002,2,0,4,False,0.0,0.0,0.0,0.0,12.0,0.0,0.0,0.0,10.0,1.2,0.0,0.0,0.0,0.0,0,0.0,0.0,91.98949036749397,0.0,45.994745183746986,Prosumer
2023-05-26 03:00:00,user_002,3,0,4,False,0.0,0.0,0.0,0.0,12.0,0.0,0.0,0.0,10.0,1.2,0.0,0.0,0.0,0.0,0,0.0,0.0,91.98949036749397,0.0,45.994745183746986,Prosumer
2023-05-26 04:00:00,user_002,4,0,4,False,0.0,0.0,0.0,0.0,12.0,0.0,0.0,0.0,10.0,1.2,0.0,0.0,0.0,0.0,0,0.0,0.0,91.98949036749397,0.0,45.994745183746986,Prosumer
2023-05-26 05:00:00,user_002,5,0,4,False,0.0,0.0,0.0,0.0,12.0,0.0,0.0,0.0,10.0,1.2,0.0,0.0,0.0,0.0,0,0.0,0.0,91.98949036749397,0.0,45.994745183746986,Prosumer
2023-05-26 06:00:00,user_002,6,0,4,False,0.0,0.0,0.0,0.0,12.0,0.0,0.0,0.0,10.0,1.2,0.0,0.0,0.0,0.0,0,0.0,0.0,91.98949036749397,0.0,45.994745183746986,Prosumer
2023-05-26 07:00:00,user_002,7,0,4,False,0.0,0.0,0.0,0.0,12.0,0.0,0.0,0.0,10.0,1.2,0.0,0.0,0.0,0.0,0,0.0,0.0,91.98949036749397,0.0,45.994745183746986,Prosumer
2023-05-26 08:00:00,user_002,8,0,4,False,0.0,0.0,0.0,0.0,12.0,0.0,0.0,0.0,10.0,1.2,0.0,0.0,0.0,0.0,0,0.0,0.0,91.98949036749397,0.0,45.994745183746986,Prosumer
2023-05-26 09:00:00,user_002,9,0,4,False,0.0,0.0,0.0,0.0,12.0,0.0,0.0,0.0,10.0,1.2,0.0,0.0,0.0,0.0,0,0.0,0.0,91.98949036749397,0.0,45.994745183746986,Prosumer
2023-05-26 10:00:00,user_002,10,0,4,False,0.0,0.0,0.0,0.0,12.0,0.0,0.0,0.0,10.0,1.2,0.0,0.0,0.0,0.0,0,0.0,0.0,91.98949036749397,0.0,45.994745183746986,Prosumer
2023-05-26 11:00:00,user_002,11,0,4,False,0.0,0.0,0.0,0.0,12.0,0.0,0.0,0.0,10.0,1.2,0.0,0.0,0.0,0.0,0,0.0,0.0,91.98949036749397,0.0,45.994745183746986,Prosumer
2023-05-26 12:00:00,user_002,12,0,4,False,0.0,0.0,0.0,0.0,12.0,0.0,0.0,0.0,10.0,1.2,0.0,0.0,0.0,0.0,0,0.0,0.0,91.98949036749397,0.0,45.994745183746986,Prosumer
2023-05-26 13:00:00,user_002,13,0,4,False,0.0,0.0,0.0,0.0,12.0,0.0,0.0,0.0,10.0,1.2,0.0,0.0,0.0,0.0,0,0.0,0.0,91.98949036749397,0.0,45.994745183746986,Prosumer
2023-05-26 14:00:00,user_002,14,0,4,False,0.0,0.0,0.0,0.0,12.0,0.0,0.0,0.0,10.0,1.2,0.0,0.0,0.0,0.0,0,0.0,0.0,91.98949036749397,0.0,45.994745183746986,Prosumer
2023-05-26 15:00:00,user_002,15,0,4,False,0.0,0.0,0.0,0.0,12.0,0.0,0.0,0.0,10.0,1.2,0.0,0.0,0.0,0.0,0,0.0,0.0,91.98949036749397,0.0,45.994745183746986,Prosumer
2023-05-26 16:00:00,user_002,16,0,4,False,0.0,0.0,0.0,0.0,12.0,0.0,0.0,0.0,10.0,1.2,0.0,0.0,0.0,0.0,0,0.0,0.0,91.98949036749397,0.0,45.994745183746986,Prosumer
2023-05-26 17:00:00,user_002,17,0,4,False,0.0,0.0,0.0,0.0,12.0,0.0,0.0,0.0,10.0,1.2,0.0,0.0,0.0,0.0,0,0.0,0.0,91.98949036749397,0.0,45.994745183746986,Prosumer
2023-05-26 18:00:00,user_002,18,0,4,False,0.0,0.0,0.0,0.0,12.0,0.0,0.0,0.0,10.0,1.2,0.0,0.0,0.0,0.0,0,0.0,0.0,91.98949036749397,0.0,45.994745183746986,Prosumer
2023-05-26 19:00:00,user_002,19,0,4,False,0.0,0.0,0.0,0.0,12.0,0.0,0.0,0.0,10.0,1.2,0.0,0.0,0.0,0.0,0,0.0,0.0,91.98949036749397,0.0,45.994745183746986,Prosumer
2023-05-26 20:00:00,user_002,20,0,4,False,0.0,0.0,0.0,0.0,12.0,0.0,0.0,0.0,10.0,1.2,0.0,0.0,0.0,0.0,0,0.0,0.0,91.98949036749397,0.0,45.994745183746986,Prosumer
2023-05-26 21:00:00,user_002,21,0,4,False,0.0,0.0,0.0,0.0,12.0,0.0,0.0,0.0,10.0,1.2,0.0,0.0,0.0,0.0,0,0.0,0.0,91.98949036749397,0.0,45.994745183746986,Prosumer
2023-05-26 22:00:00,user_002,22,0,4,False,0.0,0.0,0.0,0.0,12.0,0.0,0.0,0.0,10.0,1.2,0.0,0.0,0.0,0.0,0,0.0,0.0,91.98949036749397,0.0,45.994745183746986,Prosumer
2023-05-26 23:00:00,user_002,23,0,4,False,0.0,0.0,0.0,0.0,12.0,0.0,0.0,0.0,10.0,1.2,0.0,0.0,0.0,0.0,0,0.0,0.0,91.98949036749397,0.0,45.994745183746986,Prosumer
2023-05-27 00:00:00,user_002,0,0,5,True,0.0,0.0,0.0,0.0,12.0,0.0,0.0,0.0,10.0,1.2,0.0,0.0,0.0,0.0,0,0.0,0.0,91.98949036749397,0.0,45.994745183746986,Prosumer
2023-05-27 01:00:00,user_002,1,0,5,True,0.0,0.0,0.0,0.0,12.0,0.0,0.0,0.0,10.0,1.2,0.0,0.0,0.0,0.0,0,0.0,0.0,91.98949036749397,0.0,45.994745183746986,Prosumer
2023-05-27 02:00:00,user_002,2,0,5,True,0.0,0.0,0.0,0.0,12.0,0.0,0.0,0.0,10.0,1.2,0.0,0.0,0.0,0.0,0,0.0,0.0,91.98949036749397,0.0,45.994745183746986,Prosumer
2023-05-27 03:00:00,user_002,3,0,5,True,0.0,0.0,0.0,0.0,12.0,0.0,0.0,0.0,10.0,1.2,0.0,0.0,0.0,0.0,0,0.0,0.0,91.98949036749397,0.0,45.994745183746986,Prosumer
2023-05-27 04:00:00,user_002,4,0,5,True,0.0,0.0,0.0,0.0,12.0,0.0,0.0,0.0,10.0,1.2,0.0,0.0,0.0,0.0,0,0.0,0.0,91.98949036749397,0.0,45.994745183746986,Prosumer
2023-05-27 05:00:00,user_002,5,0,5,True,0.0,0.0,0.0,0.0,12.0,0.0,0.0,0.0,10.0,1.2,0.0,0.0,0.0,0.0,0,0.0,0.0,91.98949036749397,0.0,45.994745183746986,Prosumer
2023-05-27 06:00:00,user_002,6,0,5,True,0.0,0.0,0.0,0.0,12.0,0.0,0.0,0.0,10.0,1.2,0.0,0.0,0.0,0.0,0,0.0,0.0,91.98949036749397,0.0,45.994745183746986,Prosumer
2023-05-27 07:00:00,user_002,7,0,5,True,0.0,0.0,0.0,0.0,12.0,0.0,0.0,0.0,10.0,1.2,0.0,0.0,0.0,0.0,0,0.0,0.0,91.98949036749397,0.0,45.994745183746986,Prosumer
2023-05-27 08:00:00,user_002,8,0,5,True,0.0,0.0,0.0,0.0,12.0,0.0,0.0,0.0,10.0,1.2,0.0,0.0,0.0,0.0,0,0.0,0.0,91.98949036749397,0.0,45.994745183746986,Prosumer
2023-05-27 09:00:00,user_002,9,0,5,True,0.0,0.0,0.0,0.0,12.0,0.0,0.0,0.0,10.0,1.2,0.0,0.0,0.0,0.0,0,0.0,0.0,91.98949036749397,0.0,45.994745183746986,Prosumer
2023-05-27 10:00:00,user_002,10,0,5,True,0.0,0.0,0.0,0.0,12.0,0.0,0.0,0.0,10.0,1.2,0.0,0.0,0.0,0.0,0,0.0,0.0,91.98949036749397,0.0,45.994745183746986,Prosumer
2023-05-27 11:00:00,user_002,11,0,5,True,0.0,0.0,0.0,0.0,12.0,0.0,0.0,0.0,10.0,1.2,0.0,0.0,0.0,0.0,0,0.0,0.0,91.98949036749397,0.0,45.994745183746986,Prosumer
2023-05-27 12:00:00,user_002,12,0,5,True,0.0,0.0,0.0,0.0,12.0,0.0,0.0,0.0,10.0,1.2,0.0,0.0,0.0,0.0,0,0.0,0.0,91.98949036749397,0.0,45.994745183746986,Prosumer
2023-05-27 13:00:00,user_002,13,0,5,True,0.0,0.0,0.0,0.0,12.0,0.0,0.0,0.0,10.0,1.2,0.0,0.0,0.0,0.0,0,0.0,0.0,91.98949036749397,0.0,45.994745183746986,Prosumer
2023-05-27 14:00:00,user_002,14,0,5,True,0.0,0.0,0.0,0.0,12.0,0.0,0.0,0.0,10.0,1.2,0.0,0.0,0.0,0.0,0,0.0,0.0,91.98949036749397,0.0,45.994745183746986,Prosumer
2023-05-27 15:00:00,user_002,15,0,5,True,0.0,0.0,0.0,0.0,12.0,0.0,0.0,0.0,10.0,1.2,0.0,0.0,0.0,0.0,0,0.0,0.0,91.98949036749397,0.0,45.994745183746986,Prosumer
2023-05-27 16:00:00,user_002,16,0,5,True,0.0,0.0,0.0,0.0,12.0,0.0,0.0,0.0,10.0,1.2,0.0,0.0,0.0,0.0,0,0.0,0.0,91.98949036749397,0.0,45.994745183746986,Prosumer
2023-05-27 17:00:00,user_002,17,0,5,True,0.0,0.0,0.0,0.0,12.0,0.0,0.0,0.0,10.0,1.2,0.0,0.0,0.0,0.0,0,0.0,0.0,91.98949036749397,0.0,45.994745183746986,Prosumer
2023-05-27 18:00:00,user_002,18,0,5,True,0.0,0.0,0.0,0.0,12.0,0.0,0.0,0.0,10.0,1.2,0.0,0.0,0.0,0.0,0,0.0,0.0,91.98949036749397,0.0,45.994745183746986,Prosumer
2023-05-27 19:00:00,user_002,19,0,5,True,0.0,0.0,0.0,0.0,12.0,0.0,0.0,0.0,10.0,1.2,0.0,0.0,0.0,0.0,0,0.0,0.0,91.98949036749397,0.0,45.994745183746986,Prosumer
2023-05-27 20:00:00,user_002,20,0,5,True,0.0,0.0,0.0,0.0,12.0,0.0,0.0,0.0,10.0,1.2,0.0,0.0,0.0,0.0,0,0.0,0.0,91.98949036749397,0.0,45.994745183746986,Prosumer
2023-05-27 21:00:00,user_002,21,0,5,True,0.0,0.0,0.0,0.0,12.0,0.0,0.0,0.0,10.0,1.2,0.0,0.0,0.0,0.0,0,0.0,0.0,91.98949036749397,0.0,45.994745183746986,Prosumer
2023-05-27 22:00:00,user_002,22,0,5,True,0.0,0.0,0.0,0.0,12.0,0.0,0.0,0.0,10.0,1.2,0.0,0.0,0.0,0.0,0,0.0,0.0,91.98949036749397,0.0,45.994745183746986,Prosumer
2023-05-27 23:00:00,user_002,23,0,5,True,0.0,0.0,0.0,0.0,12.0,0.0,0.0,0.0,10.0,1.2,0.0,0.0,0.0,0.0,0,0.0,0.0,91.98949036749397,0.0,45.994745183746986,Prosumer
2023-05-28 00:00:00,user_002,0,0,6,True,0.0,0.0,0.0,0.0,12.0,0.0,0.0,0.0,10.0,1.2,0.0,0.0,0.0,0.0,0,0.0,0.0,91.98949036749397,0.0,45.994745183746986,Prosumer
2023-05-28 01:00:00,user_002,1,0,6,True,0.0,0.0,0.0,0.0,12.0,0.0,0.0,0.0,10.0,1.2,0.0,0.0,0.0,0.0,0,0.0,0.0,91.98949036749397,0.0,45.994745183746986,Prosumer
2023-05-28 02:00:00,user_002,2,0,6,True,0.0,0.0,0.0,0.0,12.0,0.0,0.0,0.0,10.0,1.2,0.0,0.0,0.0,0.0,0,0.0,0.0,91.98949036749397,0.0,45.994745183746986,Prosumer
2023-05-28 03:00:00,user_002,3,0,6,True,0.0,0.0,0.0,0.0,12.0,0.0,0.0,0.0,10.0,1.2,0.0,0.0,0.0,0.0,0,0.0,0.0,91.98949036749397,0.0,45.994745183746986,Prosumer
2023-05-28 04:00:00,user_002,4,0,6,True,0.0,0.0,0.0,0.0,12.0,0.0,0.0,0.0,10.0,1.2,0.0,0.0,0.0,0.0,0,0.0,0.0,91.98949036749397,0.0,45.994745183746986,Prosumer
2023-05-28 05:00:00,user_002,5,0,6,True,0.0,0.0,0.0,0.0,12.0,0.0,0.0,0.0,10.0,1.2,0.0,0.0,0.0,0.0,0,0.0,0.0,91.98949036749397,0.0,45.994745183746986,Prosumer
2023-05-28 06:00:00,user_002,6,0,6,True,0.0,0.0,0.0,0.0,12.0,0.0,0.0,0.0,10.0,1.2,0.0,0.0,0.0,0.0,0,0.0,0.0,91.98949036749397,0.0,45.994745183746986,Prosumer
2023-05-28 07:00:00,user_002,7,0,6,True,0.0,0.0,0.0,0.0,12.0,0.0,0.0,0.0,10.0,1.2,0.0,0.0,0.0,0.0,0,0.0,0.0,91.98949036749397,0.0,45.994745183746986,Prosumer
2023-05-28 08:00:00,user_002,8,0,6,True,0.0,0.0,0.0,0.0,12.0,0.0,0.0,0.0,10.0,1.2,0.0,0.0,0.0,0.0,0,0.0,0.0,91.98949036749397,0.0,45.994745183746986,Prosumer
2023-05-28 09:00:00,user_002,9,0,6,True,0.0,0.0,0.0,0.0,12.0,0.0,0.0,0.0,10.0,1.2,0.0,0.0,0.0,0.0,0,0.0,0.0,91.98949036749397,0.0,45.994745183746986,Prosumer
2023-05-28 10:00:00,user_002,10,0,6,True,0.0,0.0,0.0,0.0,12.0,0.0,0.0,0.0,10.0,1.2,0.0,0.0,0.0,0.0,0,0.0,0.0,91.98949036749397,0.0,45.994745183746986,Prosumer
2023-05-28 11:00:00,user_002,11,0,6,True,0.0,0.0,0.0,0.0,12.0,0.0,0.0,0.0,10.0,1.2,0.0,0.0,0.0,0.0,0,0.0,0.0,91.98949036749397,0.0,45.994745183746986,Prosumer
2023-05-28 12:00:00,user_002,12,0,6,True,0.0,0.0,0.0,0.0,12.0,0.0,0.0,0.0,10.0,1.2,0.0,0.0,0.0,0.0,0,0.0,0.0,91.98949036749397,0.0,45.994745183746986,Prosumer
2023-05-28 13:00:00,user_002,13,0,6,True,0.0,0.0,0.0,0.0,12.0,0.0,0.0,0.0,10.0,1.2,0.0,0.0,0.0,0.0,0,0.0,0.0,91.98949036749397,0.0,45.994745183746986,Prosumer
2023-05-28 14:00:00,user_002,14,0,6,True,0.0,0.0,0.0,0.0,12.0,0.0,0.0,0.0,10.0,1.2,0.0,0.0,0.0,0.0,0,0.0,0.0,91.98949036749397,0.0,45.994745183746986,Prosumer
2023-05-28 15:00:00,user_002,15,0,6,True,0.0,0.0,0.0,0.0,12.0,0.0,0.0,0.0,10.0,1.2,0.0,0.0,0.0,0.0,0,0.0,0.0,91.98949036749397,0.0,45.994745183746986,Prosumer
2023-05-28 16:00:00,user_002,16,0,6,True,0.0,0.0,0.0,0.0,12.0,0.0,0.0,0.0,10.0,1.2,0.0,0.0,0.0,0.0,0,0.0,0.0,91.98949036749397,0.0,45.994745183746986,Prosumer
2023-05-28 17:00:00,user_002,17,0,6,True,0.0,0.0,0.0,0.0,12.0,0.0,0.0,0.0,10.0,1.2,0.0,0.0,0.0,0.0,0,0.0,0.0,91.98949036749397,0.0,45.994745183746986,Prosumer
2023-05-28 18:00:00,user_002,18,0,6,True,0.0,0.0,0.0,0.0,12.0,0.0,0.0,0.0,10.0,1.2,0.0,0.0,0.0,0.0,0,0.0,0.0,91.98949036749397,0.0,45.994745183746986,Prosumer
2023-05-28 19:00:00,user_002,19,0,6,True,0.0,0.0,0.0,0.0,12.0,0.0,0.0,0.0,10.0,1.2,0.0,0.0,0.0,0.0,0,0.0,0.0,91.98949036749397,0.0,45.994745183746986,Prosumer
2023-05-28 20:00:00,user_002,20,0,6,True,0.0,0.0,0.0,0.0,12.0,0.0,0.0,0.0,10.0,1.2,0.0,0.0,0.0,0.0,0,0.0,0.0,91.98949036749397,0.0,45.994745183746986,Prosumer
2023-05-28 21:00:00,user_002,21,0,6,True,0.0,0.0,0.0,0.0,12.0,0.0,0.0,0.0,10.0,1.2,0.0,0.0,0.0,0.0,0,0.0,0.0,91.98949036749397,0.0,45.994745183746986,Prosumer
2023-05-28 22:00:00,user_002,22,0,6,True,0.0,0.0,0.0,0.0,12.0,0.0,0.0,0.0,10.0,1.2,0.0,0.0,0.0,0.0,0,0.0,0.0,91.98949036749397,0.0,45.994745183746986,Prosumer
2023-05-28 23:00:00,user_002,23,0,6,True,0.0,0.0,0.0,0.0,12.0,0.0,0.0,0.0,10.0,1.2,0.0,0.0,0.0,0.0,0,0.0,0.0,91.98949036749397,0.0,45.994745183746986,Prosumer
2023-05-29 00:00:00,user_002,0,0,0,False,0.0,0.0,0.0,0.0,12.0,0.0,0.0,0.0,10.0,1.2,0.0,0.0,0.0,0.0,0,0.0,0.0,91.98949036749397,0.0,45.994745183746986,Prosumer
2023-05-29 01:00:00,user_002,1,0,0,False,0.0,0.0,0.0,0.0,12.0,0.0,0.0,0.0,10.0,1.2,0.0,0.0,0.0,0.0,0,0.0,0.0,91.98949036749397,0.0,45.994745183746986,Prosumer
2023-05-29 02:00:00,user_002,2,0,0,False,0.0,0.0,0.0,0.0,12.0,0.0,0.0,0.0,10.0,1.2,0.0,0.0,0.0,0.0,0,0.0,0.0,91.98949036749397,0.0,45.994745183746986,Prosumer
2023-05-29 03:00:00,user_002,3,0,0,False,0.0,0.0,0.0,0.0,12.0,0.0,0.0,0.0,10.0,1.2,0.0,0.0,0.0,0.0,0,0.0,0.0,91.98949036749397,0.0,45.994745183746986,Prosumer
2023-05-29 04:00:00,user_002,4,0,0,False,0.0,0.0,0.0,0.0,12.0,0.0,0.0,0.0,10.0,1.2,0.0,0.0,0.0,0.0,0,0.0,0.0,91.98949036749397,0.0,45.994745183746986,Prosumer
2023-05-29 05:00:00,user_002,5,0,0,False,0.0,0.0,0.0,0.0,12.0,0.0,0.0,0.0,10.0,1.2,0.0,0.0,0.0,0.0,0,0.0,0.0,91.98949036749397,0.0,45.994745183746986,Prosumer
2023-05-29 06:00:00,user_002,6,0,0,False,0.0,0.0,0.0,0.0,12.0,0.0,0.0,0.0,10.0,1.2,0.0,0.0,0.0,0.0,0,0.0,0.0,91.98949036749397,0.0,45.994745183746986,Prosumer
2023-05-29 07:00:00,user_002,7,0,0,False,0.0,0.0,0.0,0.0,12.0,0.0,0.0,0.0,10.0,1.2,0.0,0.0,0.0,0.0,0,0.0,0.0,91.98949036749397,0.0,45.994745183746986,Prosumer
2023-05-29 08:00:00,user_002,8,0,0,False,0.0,0.0,0.0,0.0,12.0,0.0,0.0,0.0,10.0,1.2,0.0,0.0,0.0,0.0,0,0.0,0.0,91.98949036749397,0.0,45.994745183746986,Prosumer
2023-05-29 09:00:00,user_002,9,0,0,False,0.0,0.0,0.0,0.0,12.0,0.0,0.0,0.0,10.0,1.2,0.0,0.0,0.0,0.0,0,0.0,0.0,91.98949036749397,0.0,45.994745183746986,Prosumer
2023-05-29 10:00:00,user_002,10,0,0,False,0.0,0.0,0.0,0.0,12.0,0.0,0.0,0.0,10.0,1.2,0.0,0.0,0.0,0.0,0,0.0,0.0,91.98949036749397,0.0,45.994745183746986,Prosumer
2023-05-29 11:00:00,user_002,11,0,0,False,0.0,0.0,0.0,0.0,12.0,0.0,0.0,0.0,10.0,1.2,0.0,0.0,0.0,0.0,0,0.0,0.0,91.98949036749397,0.0,45.994745183746986,Prosumer
2023-05-29 12:00:00,user_002,12,0,0,False,0.0,0.0,0.0,0.0,12.0,0.0,0.0,0.0,10.0,1.2,0.0,0.0,0.0,0.0,0,0.0,0.0,91.98949036749397,0.0,45.994745183746986,Prosumer
2023-05-29 13:00:00,user_002,13,0,0,False,0.0,0.0,0.0,0.0,12.0,0.0,0.0,0.0,10.0,1.2,0.0,0.0,0.0,0.0,0,0.0,0.0,91.98949036749397,0.0,45.994745183746986,Prosumer
2023-05-29 14:00:00,user_002,14,0,0,False,0.0,0.0,0.0,0.0,12.0,0.0,0.0,0.0,10.0,1.2,0.0,0.0,0.0,0.0,0,0.0,0.0,91.98949036749397,0.0,45.994745183746986,Prosumer
2023-05-29 15:00:00,user_002,15,0,0,False,0.0,0.0,0.0,0.0,12.0,0.0,0.0,0.0,10.0,1.2,0.0,0.0,0.0,0.0,0,0.0,0.0,91.98949036749397,0.0,45.994745183746986,Prosumer
2023-05-29 16:00:00,user_002,16,0,0,False,0.0,0.0,0.0,0.0,12.0,0.0,0.0,0.0,10.0,1.2,0.0,0.0,0.0,0.0,0,0.0,0.0,91.98949036749397,0.0,45.994745183746986,Prosumer
2023-05-29 17:00:00,user_002,17,0,0,False,0.0,0.0,0.0,0.0,12.0,0.0,0.0,0.0,10.0,1.2,0.0,0.0,0.0,0.0,0,0.0,0.0,91.98949036749397,0.0,45.994745183746986,Prosumer
2023-05-29 18:00:00,user_002,18,0,0,False,0.0,0.0,0.0,0.0,12.0,0.0,0.0,0.0,10.0,1.2,0.0,0.0,0.0,0.0,0,0.0,0.0,91.98949036749397,0.0,45.994745183746986,Prosumer
2023-05-29 19:00:00,user_002,19,0,0,False,0.0,0.0,0.0,0.0,12.0,0.0,0.0,0.0,10.0,1.2,0.0,0.0,0.0,0.0,0,0.0,0.0,91.98949036749397,0.0,45.994745183746986,Prosumer
2023-05-29 20:00:00,user_002,20,0,0,False,0.0,0.0,0.0,0.0,12.0,0.0,0.0,0.0,10.0,1.2,0.0,0.0,0.0,0.0,0,0.0,0.0,91.98949036749397,0.0,45.994745183746986,Prosumer
2023-05-29 21:00:00,user_002,21,0,0,False,0.0,0.0,0.0,0.0,12.0,0.0,0.0,0.0,10.0,1.2,0.0,0.0,0.0,0.0,0,0.0,0.0,91.98949036749397,0.0,45.994745183746986,Prosumer
2023-05-29 22:00:00,user_002,22,0,0,False,0.0,0.0,0.0,0.0,12.0,0.0,0.0,0.0,10.0,1.2,0.0,0.0,0.0,0.0,0,0.0,0.0,91.98949036749397,0.0,45.994745183746986,Prosumer
2023-05-29 23:00:00,user_002,23,0,0,False,0.0,0.0,0.0,0.0,12.0,0.0,0.0,0.0,10.0,1.2,0.0,0.0,0.0,0.0,0,0.0,0.0,91.98949036749397,0.0,45.994745183746986,Prosumer
2023-05-30 00:00:00,user_002,0,0,1,False,0.0,0.0,0.0,0.0,12.0,0.0,0.0,0.0,10.0,1.2,0.0,0.0,0.0,0.0,0,0.0,0.0,91.98949036749397,0.0,45.994745183746986,Prosumer
2023-05-30 01:00:00,user_002,1,0,1,False,0.0,0.0,0.0,0.0,12.0,0.0,0.0,0.0,10.0,1.2,0.0,0.0,0.0,0.0,0,0.0,0.0,91.98949036749397,0.0,45.994745183746986,Prosumer
2023-05-30 02:00:00,user_002,2,0,1,False,0.0,0.0,0.0,0.0,12.0,0.0,0.0,0.0,10.0,1.2,0.0,0.0,0.0,0.0,0,0.0,0.0,91.98949036749397,0.0,45.994745183746986,Prosumer
2023-05-30 03:00:00,user_002,3,0,1,False,0.0,0.0,0.0,0.0,12.0,0.0,0.0,0.0,10.0,1.2,0.0,0.0,0.0,0.0,0,0.0,0.0,91.98949036749397,0.0,45.994745183746986,Prosumer
2023-05-30 04:00:00,user_002,4,0,1,False,0.0,0.0,0.0,0.0,12.0,0.0,0.0,0.0,10.0,1.2,0.0,0.0,0.0,0.0,0,0.0,0.0,91.98949036749397,0.0,45.994745183746986,Prosumer
2023-05-30 05:00:00,user_002,5,0,1,False,0.0,0.0,0.0,0.0,12.0,0.0,0.0,0.0,10.0,1.2,0.0,0.0,0.0,0.0,0,0.0,0.0,91.98949036749397,0.0,45.994745183746986,Prosumer
2023-05-30 06:00:00,user_002,6,0,1,False,0.0,0.0,0.0,0.0,12.0,0.0,0.0,0.0,10.0,1.2,0.0,0.0,0.0,0.0,0,0.0,0.0,91.98949036749397,0.0,45.994745183746986,Prosumer
2023-05-30 07:00:00,user_002,7,0,1,False,0.0,0.0,0.0,0.0,12.0,0.0,0.0,0.0,10.0,1.2,0.0,0.0,0.0,0.0,0,0.0,0.0,91.98949036749397,0.0,45.994745183746986,Prosumer
2023-05-30 08:00:00,user_002,8,0,1,False,0.0,0.0,0.0,0.0,12.0,0.0,0.0,0.0,10.0,1.2,0.0,0.0,0.0,0.0,0,0.0,0.0,91.98949036749397,0.0,45.994745183746986,Prosumer
2023-05-30 09:00:00,user_002,9,0,1,False,0.0,0.0,0.0,0.0,12.0,0.0,0.0,0.0,10.0,1.2,0.0,0.0,0.0,0.0,0,0.0,0.0,91.98949036749397,0.0,45.994745183746986,Prosumer
2023-05-30 10:00:00,user_002,10,0,1,False,0.0,0.0,0.0,0.0,12.0,0.0,0.0,0.0,10.0,1.2,0.0,0.0,0.0,0.0,0,0.0,0.0,91.98949036749397,0.0,45.994745183746986,Prosumer
2023-05-30 11:00:00,user_002,11,0,1,False,0.0,0.0,0.0,0.0,12.0,0.0,0.0,0.0,10.0,1.2,0.0,0.0,0.0,0.0,0,0.0,0.0,91.98949036749397,0.0,45.994745183746986,Prosumer
2023-05-30 12:00:00,user_002,12,0,1,False,0.0,0.0,0.0,0.0,12.0,0.0,0.0,0.0,10.0,1.2,0.0,0.0,0.0,0.0,0,0.0,0.0,91.98949036749397,0.0,45.994745183746986,Prosumer
2023-05-30 13:00:00,user_002,13,0,1,False,0.0,0.0,0.0,0.0,12.0,0.0,0.0,0.0,10.0,1.2,0.0,0.0,0.0,0.0,0,0.0,0.0,91.98949036749397,0.0,45.994745183746986,Prosumer
2023-05-30 14:00:00,user_002,14,0,1,False,0.0,0.0,0.0,0.0,12.0,0.0,0.0,0.0,10.0,1.2,0.0,0.0,0.0,0.0,0,0.0,0.0,91.98949036749397,0.0,45.994745183746986,Prosumer
2023-05-30 15:00:00,user_002,15,0,1,False,0.0,0.0,0.0,0.0,12.0,0.0,0.0,0.0,10.0,1.2,0.0,0.0,0.0,0.0,0,0.0,0.0,91.98949036749397,0.0,45.994745183746986,Prosumer
2023-05-30 16:00:00,user_002,16,0,1,False,0.0,0.0,0.0,0.0,12.0,0.0,0.0,0.0,10.0,1.2,0.0,0.0,0.0,0.0,0,0.0,0.0,91.98949036749397,0.0,45.994745183746986,Prosumer
2023-05-30 17:00:00,user_002,17,0,1,False,0.0,0.0,0.0,0.0,12.0,0.0,0.0,0.0,10.0,1.2,0.0,0.0,0.0,0.0,0,0.0,0.0,91.98949036749397,0.0,45.994745183746986,Prosumer
2023-05-30 18:00:00,user_002,18,0,1,False,0.0,0.0,0.0,0.0,12.0,0.0,0.0,0.0,10.0,1.2,0.0,0.0,0.0,0.0,0,0.0,0.0,91.98949036749397,0.0,45.994745183746986,Prosumer
2023-05-30 19:00:00,user_002,19,0,1,False,0.0,0.0,0.0,0.0,12.0,0.0,0.0,0.0,10.0,1.2,0.0,0.0,0.0,0.0,0,0.0,0.0,91.98949036749397,0.0,45.994745183746986,Prosumer
2023-05-30 20:00:00,user_002,20,0,1,False,0.0,0.0,0.0,0.0,12.0,0.0,0.0,0.0,10.0,1.2,0.0,0.0,0.0,0.0,0,0.0,0.0,91.98949036749397,0.0,45.994745183746986,Prosumer
2023-05-30 21:00:00,user_002,21,0,1,False,0.0,0.0,0.0,0.0,12.0,0.0,0.0,0.0,10.0,1.2,0.0,0.0,0.0,0.0,0,0.0,0.0,91.98949036749397,0.0,45.994745183746986,Prosumer
2023-05-30 22:00:00,user_002,22,0,1,False,0.0,0.0,0.0,0.0,12.0,0.0,0.0,0.0,10.0,1.2,0.0,0.0,0.0,0.0,0,0.0,0.0,91.98949036749397,0.0,45.994745183746986,Prosumer
2023-05-30 23:00:00,user_002,23,0,1,False,0.0,0.0,0.0,0.0,12.0,0.0,0.0,0.0,10.0,1.2,0.0,0.0,0.0,0.0,0,0.0,0.0,91.98949036749397,0.0,45.994745183746986,Prosumer
2023-05-31 00:00:00,user_002,0,0,2,False,0.0,0.0,0.0,0.0,12.0,0.0,0.0,0.0,10.0,1.2,0.0,0.0,0.0,0.0,0,0.0,0.0,91.98949036749397,0.0,45.994745183746986,Prosumer
2023-05-31 01:00:00,user_002,1,0,2,False,0.0,0.0,0.0,0.0,12.0,0.0,0.0,0.0,10.0,1.2,0.0,0.0,0.0,0.0,0,0.0,0.0,91.98949036749397,0.0,45.994745183746986,Prosumer
2023-05-31 02:00:00,user_002,2,0,2,False,0.0,0.0,0.0,0.0,12.0,0.0,0.0,0.0,10.0,1.2,0.0,0.0,0.0,0.0,0,0.0,0.0,91.98949036749397,0.0,45.994745183746986,Prosumer
2023-05-31 03:00:00,user_002,3,0,2,False,0.0,0.0,0.0,0.0,12.0,0.0,0.0,0.0,10.0,1.2,0.0,0.0,0.0,0.0,0,0.0,0.0,91.98949036749397,0.0,45.994745183746986,Prosumer
2023-05-31 04:00:00,user_002,4,0,2,False,0.0,0.0,0.0,0.0,12.0,0.0,0.0,0.0,10.0,1.2,0.0,0.0,0.0,0.0,0,0.0,0.0,91.98949036749397,0.0,45.994745183746986,Prosumer
2023-05-31 05:00:00,user_002,5,0,2,False,0.0,0.0,0.0,0.0,12.0,0.0,0.0,0.0,10.0,1.2,0.0,0.0,0.0,0.0,0,0.0,0.0,91.98949036749397,0.0,45.994745183746986,Prosumer
2023-05-31 06:00:00,user_002,6,0,2,False,0.0,0.0,0.0,0.0,12.0,0.0,0.0,0.0,10.0,1.2,0.0,0.0,0.0,0.0,0,0.0,0.0,91.98949036749397,0.0,45.994745183746986,Prosumer
2023-05-31 07:00:00,user_002,7,0,2,False,0.0,0.0,0.0,0.0,12.0,0.0,0.0,0.0,10.0,1.2,0.0,0.0,0.0,0.0,0,0.0,0.0,91.98949036749397,0.0,45.994745183746986,Prosumer
2023-05-31 08:00:00,user_002,8,0,2,False,0.0,0.0,0.0,0.0,12.0,0.0,0.0,0.0,10.0,1.2,0.0,0.0,0.0,0.0,0,0.0,0.0,91.98949036749397,0.0,45.994745183746986,Prosumer
2023-05-31 09:00:00,user_002,9,0,2,False,0.0,0.0,0.0,0.0,12.0,0.0,0.0,0.0,10.0,1.2,0.0,0.0,0.0,0.0,0,0.0,0.0,91.98949036749397,0.0,45.994745183746986,Prosumer
2023-05-31 10:00:00,user_002,10,0,2,False,0.0,0.0,0.0,0.0,12.0,0.0,0.0,0.0,10.0,1.2,0.0,0.0,0.0,0.0,0,0.0,0.0,91.98949036749397,0.0,45.994745183746986,Prosumer
2023-05-31 11:00:00,user_002,11,0,2,False,0.0,0.0,0.0,0.0,12.0,0.0,0.0,0.0,10.0,1.2,0.0,0.0,0.0,0.0,0,0.0,0.0,91.98949036749397,0.0,45.994745183746986,Prosumer
2023-05-31 12:00:00,user_002,12,0,2,False,0.0,0.0,0.0,0.0,12.0,0.0,0.0,0.0,10.0,1.2,0.0,0.0,0.0,0.0,0,0.0,0.0,91.98949036749397,0.0,45.994745183746986,Prosumer
2023-05-31 13:00:00,user_002,13,0,2,False,0.0,0.0,0.0,0.0,12.0,0.0,0.0,0.0,10.0,1.2,0.0,0.0,0.0,0.0,0,0.0,0.0,91.98949036749397,0.0,45.994745183746986,Prosumer
2023-05-31 14:00:00,user_002,14,0,2,False,0.0,0.0,0.0,0.0,12.0,0.0,0.0,0.0,10.0,1.2,0.0,0.0,0.0,0.0,0,0.0,0.0,91.98949036749397,0.0,45.994745183746986,Prosumer
2023-05-31 15:00:00,user_002,15,0,2,False,0.0,0.0,0.0,0.0,12.0,0.0,0.0,0.0,10.0,1.2,0.0,0.0,0.0,0.0,0,0.0,0.0,91.98949036749397,0.0,45.994745183746986,Prosumer
2023-05-31 16:00:00,user_002,16,0,2,False,0.0,0.0,0.0,0.0,12.0,0.0,0.0,0.0,10.0,1.2,0.0,0.0,0.0,0.0,0,0.0,0.0,91.98949036749397,0.0,45.994745183746986,Prosumer
2023-05-31 17:00:00,user_002,17,0,2,False,0.0,0.0,0.0,0.0,12.0,0.0,0.0,0.0,10.0,1.2,0.0,0.0,0.0,0.0,0,0.0,0.0,91.98949036749397,0.0,45.994745183746986,Prosumer
2023-05-31 18:00:00,user_002,18,0,2,False,0.0,0.0,0.0,0.0,12.0,0.0,0.0,0.0,10.0,1.2,0.0,0.0,0.0,0.0,0,0.0,0.0,91.98949036749397,0.0,45.994745183746986,Prosumer
2023-05-31 19:00:00,user_002,19,0,2,False,0.0,0.0,0.0,0.0,12.0,0.0,0.0,0.0,10.0,1.2,0.0,0.0,0.0,0.0,0,0.0,0.0,91.98949036749397,0.0,45.994745183746986,Prosumer
2023-05-31 20:00:00,user_002,20,0,2,False,0.0,0.0,0.0,0.0,12.0,0.0,0.0,0.0,10.0,1.2,0.0,0.0,0.0,0.0,0,0.0,0.0,91.98949036749397,0.0,45.994745183746986,Prosumer
2023-05-31 21:00:00,user_002,21,0,2,False,0.0,0.0,0.0,0.0,12.0,0.0,0.0,0.0,10.0,1.2,0.0,0.0,0.0,0.0,0,0.0,0.0,91.98949036749397,0.0,45.994745183746986,Prosumer
2023-05-31 22:00:00,user_002,22,0,2,False,0.0,0.0,0.0,0.0,12.0,0.0,0.0,0.0,10.0,1.2,0.0,0.0,0.0,0.0,0,0.0,0.0,91.98949036749397,0.0,45.994745183746986,Prosumer
2023-05-31 23:00:00,user_002,23,0,2,False,0.0,0.0,0.0,0.0,12.0,0.0,0.0,0.0,10.0,1.2,0.0,0.0,0.0,0.0,0,0.0,0.0,91.98949036749397,0.0,45.994745183746986,Prosumer
2023-05-01 00:00:00,user_003,0,0,0,False,0.0,0.0,0.0,0.0,0.0,0.0,0.0,0.0,55.17,0.0,0.0,0.0,0.0,0.0,0,0.0,0.0,0.0,0.0,0.0,Consumer
2023-05-01 01:00:00,user_003,1,0,0,False,0.0,0.0,0.0,0.0,0.0,0.0,0.0,0.0,55.17,0.0,0.0,0.0,0.0,0.0,0,0.0,0.0,0.0,0.0,0.0,Consumer
2023-05-01 02:00:00,user_003,2,0,0,False,0.0,0.0,0.0,0.0,0.0,0.0,0.0,0.0,55.17,0.0,0.0,0.0,0.0,0.0,0,0.0,0.0,0.0,0.0,0.0,Consumer
2023-05-01 03:00:00,user_003,3,0,0,False,0.0,0.0,0.0,0.0,0.0,0.0,0.0,0.0,55.17,0.0,0.0,0.0,0.0,0.0,0,0.0,0.0,0.0,0.0,0.0,Consumer
2023-05-01 04:00:00,user_003,4,0,0,False,0.0,0.0,0.0,0.0,0.0,0.0,0.0,0.0,55.17,0.0,0.0,0.0,0.0,0.0,0,0.0,0.0,0.0,0.0,0.0,Consumer
2023-05-01 05:00:00,user_003,5,0,0,False,0.0,0.0,0.0,0.0,0.0,0.0,0.0,0.0,55.17,0.0,0.0,0.0,0.0,0.0,0,0.0,0.0,0.0,0.0,0.0,Consumer
2023-05-01 06:00:00,user_003,6,0,0,False,0.0,0.0,0.0,0.0,0.0,0.0,0.0,0.0,55.17,0.0,0.0,0.0,0.0,0.0,0,0.0,0.0,0.0,0.0,0.0,Consumer
2023-05-01 07:00:00,user_003,7,0,0,False,0.0,0.0,0.0,0.0,0.0,0.0,0.0,0.0,55.17,0.0,0.0,0.0,0.0,0.0,0,0.0,0.0,0.0,0.0,0.0,Consumer
2023-05-01 08:00:00,user_003,8,0,0,False,0.0,0.0,0.0,0.0,0.0,0.0,0.0,0.0,55.17,0.0,0.0,0.0,0.0,0.0,0,0.0,0.0,0.0,0.0,0.0,Consumer
2023-05-01 09:00:00,user_003,9,0,0,False,0.0,0.0,0.0,0.0,0.0,0.0,0.0,0.0,55.17,0.0,0.0,0.0,0.0,0.0,0,0.0,0.0,0.0,0.0,0.0,Consumer
2023-05-01 10:00:00,user_003,10,0,0,False,0.0,0.0,0.0,0.0,0.0,0.0,0.0,0.0,55.17,0.0,0.0,0.0,0.0,0.0,0,0.0,0.0,0.0,0.0,0.0,Consumer
2023-05-01 11:00:00,user_003,11,0,0,False,0.0,0.0,0.0,0.0,0.0,0.0,0.0,0.0,55.17,0.0,0.0,0.0,0.0,0.0,0,0.0,0.0,0.0,0.0,0.0,Consumer
2023-05-01 12:00:00,user_003,12,0,0,False,0.0,0.0,0.0,0.0,0.0,0.0,0.0,0.0,55.17,0.0,0.0,0.0,0.0,0.0,0,0.0,0.0,0.0,0.0,0.0,Consumer
2023-05-01 13:00:00,user_003,13,0,0,False,0.0,0.0,0.0,0.0,0.0,0.0,0.0,0.0,55.17,0.0,0.0,0.0,0.0,0.0,0,0.0,0.0,0.0,0.0,0.0,Consumer
2023-05-01 14:00:00,user_003,14,0,0,False,0.0,0.0,0.0,0.0,0.0,0.0,0.0,0.0,55.17,0.0,0.0,0.0,0.0,0.0,0,0.0,0.0,0.0,0.0,0.0,Consumer
2023-05-01 15:00:00,user_003,15,0,0,False,0.0,0.0,0.0,0.0,0.0,0.0,0.0,0.0,55.17,0.0,0.0,0.0,0.0,0.0,0,0.0,0.0,0.0,0.0,0.0,Consumer
2023-05-01 16:00:00,user_003,16,0,0,False,0.0,0.0,0.0,0.0,0.0,0.0,0.0,0.0,55.17,0.0,0.0,0.0,0.0,0.0,0,0.0,0.0,0.0,0.0,0.0,Consumer
2023-05-01 17:00:00,user_003,17,0,0,False,0.0,0.0,0.0,0.0,0.0,0.0,0.0,0.0,55.17,0.0,0.0,0.0,0.0,0.0,0,0.0,0.0,0.0,0.0,0.0,Consumer
2023-05-01 18:00:00,user_003,18,0,0,False,0.0,0.0,0.0,0.0,0.0,0.0,0.0,0.0,55.17,0.0,0.0,0.0,0.0,0.0,0,0.0,0.0,0.0,0.0,0.0,Consumer
2023-05-01 19:00:00,user_003,19,0,0,False,0.0,0.0,0.0,0.0,0.0,0.0,0.0,0.0,55.17,0.0,0.0,0.0,0.0,0.0,0,0.0,0.0,0.0,0.0,0.0,Consumer
2023-05-01 20:00:00,user_003,20,0,0,False,0.0,0.0,0.0,0.0,0.0,0.0,0.0,0.0,55.17,0.0,0.0,0.0,0.0,0.0,0,0.0,0.0,0.0,0.0,0.0,Consumer
2023-05-01 21:00:00,user_003,21,0,0,False,0.0,0.0,0.0,0.0,0.0,0.0,0.0,0.0,55.17,0.0,0.0,0.0,0.0,0.0,0,0.0,0.0,0.0,0.0,0.0,Consumer
2023-05-01 22:00:00,user_003,22,0,0,False,0.0,0.0,0.0,0.0,0.0,0.0,0.0,0.0,55.17,0.0,0.0,0.0,0.0,0.0,0,0.0,0.0,0.0,0.0,0.0,Consumer
2023-05-01 23:00:00,user_003,23,0,0,False,0.0,0.0,0.0,0.0,0.0,0.0,0.0,0.0,55.17,0.0,0.0,0.0,0.0,0.0,0,0.0,0.0,0.0,0.0,0.0,Consumer
2023-05-02 00:00:00,user_003,0,0,1,False,0.0,0.0,0.0,0.0,0.0,0.0,0.0,0.0,55.17,0.0,0.0,0.0,0.0,0.0,0,0.0,0.0,0.0,0.0,0.0,Consumer
2023-05-02 01:00:00,user_003,1,0,1,False,0.0,0.0,0.0,0.0,0.0,0.0,0.0,0.0,55.17,0.0,0.0,0.0,0.0,0.0,0,0.0,0.0,0.0,0.0,0.0,Consumer
2023-05-02 02:00:00,user_003,2,0,1,False,0.0,0.0,0.0,0.0,0.0,0.0,0.0,0.0,55.17,0.0,0.0,0.0,0.0,0.0,0,0.0,0.0,0.0,0.0,0.0,Consumer
2023-05-02 03:00:00,user_003,3,0,1,False,0.0,0.0,0.0,0.0,0.0,0.0,0.0,0.0,55.17,0.0,0.0,0.0,0.0,0.0,0,0.0,0.0,0.0,0.0,0.0,Consumer
2023-05-02 04:00:00,user_003,4,0,1,False,0.0,0.0,0.0,0.0,0.0,0.0,0.0,0.0,55.17,0.0,0.0,0.0,0.0,0.0,0,0.0,0.0,0.0,0.0,0.0,Consumer
2023-05-02 05:00:00,user_003,5,0,1,False,0.0,0.0,0.0,0.0,0.0,0.0,0.0,0.0,55.17,0.0,0.0,0.0,0.0,0.0,0,0.0,0.0,0.0,0.0,0.0,Consumer
2023-05-02 06:00:00,user_003,6,0,1,False,0.0,0.0,0.0,0.0,0.0,0.0,0.0,0.0,55.17,0.0,0.0,0.0,0.0,0.0,0,0.0,0.0,0.0,0.0,0.0,Consumer
2023-05-02 07:00:00,user_003,7,0,1,False,0.0,0.0,0.0,0.0,0.0,0.0,0.0,0.0,55.17,0.0,0.0,0.0,0.0,0.0,0,0.0,0.0,0.0,0.0,0.0,Consumer
2023-05-02 08:00:00,user_003,8,0,1,False,0.0,0.0,0.0,0.0,0.0,0.0,0.0,0.0,55.17,0.0,0.0,0.0,0.0,0.0,0,0.0,0.0,0.0,0.0,0.0,Consumer
2023-05-02 09:00:00,user_003,9,0,1,False,0.0,0.0,0.0,0.0,0.0,0.0,0.0,0.0,55.17,0.0,0.0,0.0,0.0,0.0,0,0.0,0.0,0.0,0.0,0.0,Consumer
2023-05-02 10:00:00,user_003,10,0,1,False,0.0,0.0,0.0,0.0,0.0,0.0,0.0,0.0,55.17,0.0,0.0,0.0,0.0,0.0,0,0.0,0.0,0.0,0.0,0.0,Consumer
2023-05-02 11:00:00,user_003,11,0,1,False,0.0,0.0,0.0,0.0,0.0,0.0,0.0,0.0,55.17,0.0,0.0,0.0,0.0,0.0,0,0.0,0.0,0.0,0.0,0.0,Consumer
2023-05-02 12:00:00,user_003,12,0,1,False,0.0,0.0,0.0,0.0,0.0,0.0,0.0,0.0,55.17,0.0,0.0,0.0,0.0,0.0,0,0.0,0.0,0.0,0.0,0.0,Consumer
2023-05-02 13:00:00,user_003,13,0,1,False,0.0,0.0,0.0,0.0,0.0,0.0,0.0,0.0,55.17,0.0,0.0,0.0,0.0,0.0,0,0.0,0.0,0.0,0.0,0.0,Consumer
2023-05-02 14:00:00,user_003,14,0,1,False,0.0,0.0,0.0,0.0,0.0,0.0,0.0,0.0,55.17,0.0,0.0,0.0,0.0,0.0,0,0.0,0.0,0.0,0.0,0.0,Consumer
2023-05-02 15:00:00,user_003,15,0,1,False,0.0,0.0,0.0,0.0,0.0,0.0,0.0,0.0,55.17,0.0,0.0,0.0,0.0,0.0,0,0.0,0.0,0.0,0.0,0.0,Consumer
2023-05-02 16:00:00,user_003,16,0,1,False,0.0,0.0,0.0,0.0,0.0,0.0,0.0,0.0,55.17,0.0,0.0,0.0,0.0,0.0,0,0.0,0.0,0.0,0.0,0.0,Consumer
2023-05-02 17:00:00,user_003,17,0,1,False,0.0,0.0,0.0,0.0,0.0,0.0,0.0,0.0,55.17,0.0,0.0,0.0,0.0,0.0,0,0.0,0.0,0.0,0.0,0.0,Consumer
2023-05-02 18:00:00,user_003,18,0,1,False,0.0,0.0,0.0,0.0,0.0,0.0,0.0,0.0,55.17,0.0,0.0,0.0,0.0,0.0,0,0.0,0.0,0.0,0.0,0.0,Consumer
2023-05-02 19:00:00,user_003,19,0,1,False,0.0,0.0,0.0,0.0,0.0,0.0,0.0,0.0,55.17,0.0,0.0,0.0,0.0,0.0,0,0.0,0.0,0.0,0.0,0.0,Consumer
2023-05-02 20:00:00,user_003,20,0,1,False,0.0,0.0,0.0,0.0,0.0,0.0,0.0,0.0,55.17,0.0,0.0,0.0,0.0,0.0,0,0.0,0.0,0.0,0.0,0.0,Consumer
2023-05-02 21:00:00,user_003,21,0,1,False,0.0,0.0,0.0,0.0,0.0,0.0,0.0,0.0,55.17,0.0,0.0,0.0,0.0,0.0,0,0.0,0.0,0.0,0.0,0.0,Consumer
2023-05-02 22:00:00,user_003,22,0,1,False,0.0,0.0,0.0,0.0,0.0,0.0,0.0,0.0,55.17,0.0,0.0,0.0,0.0,0.0,0,0.0,0.0,0.0,0.0,0.0,Consumer
2023-05-02 23:00:00,user_003,23,0,1,False,0.0,0.0,0.0,0.0,0.0,0.0,0.0,0.0,55.17,0.0,0.0,0.0,0.0,0.0,0,0.0,0.0,0.0,0.0,0.0,Consumer
2023-05-03 00:00:00,user_003,0,0,2,False,0.0,0.0,0.0,0.0,0.0,0.0,0.0,0.0,55.17,0.0,0.0,0.0,0.0,0.0,0,0.0,0.0,0.0,0.0,0.0,Consumer
2023-05-03 01:00:00,user_003,1,0,2,False,0.0,0.0,0.0,0.0,0.0,0.0,0.0,0.0,55.17,0.0,0.0,0.0,0.0,0.0,0,0.0,0.0,0.0,0.0,0.0,Consumer
2023-05-03 02:00:00,user_003,2,0,2,False,0.0,0.0,0.0,0.0,0.0,0.0,0.0,0.0,55.17,0.0,0.0,0.0,0.0,0.0,0,0.0,0.0,0.0,0.0,0.0,Consumer
2023-05-03 03:00:00,user_003,3,0,2,False,0.0,0.0,0.0,0.0,0.0,0.0,0.0,0.0,55.17,0.0,0.0,0.0,0.0,0.0,0,0.0,0.0,0.0,0.0,0.0,Consumer
2023-05-03 04:00:00,user_003,4,0,2,False,0.0,0.0,0.0,0.0,0.0,0.0,0.0,0.0,55.17,0.0,0.0,0.0,0.0,0.0,0,0.0,0.0,0.0,0.0,0.0,Consumer
2023-05-03 05:00:00,user_003,5,0,2,False,0.0,0.0,0.0,0.0,0.0,0.0,0.0,0.0,55.17,0.0,0.0,0.0,0.0,0.0,0,0.0,0.0,0.0,0.0,0.0,Consumer
2023-05-03 06:00:00,user_003,6,0,2,False,0.0,0.0,0.0,0.0,0.0,0.0,0.0,0.0,55.17,0.0,0.0,0.0,0.0,0.0,0,0.0,0.0,0.0,0.0,0.0,Consumer
2023-05-03 07:00:00,user_003,7,0,2,False,0.0,0.0,0.0,0.0,0.0,0.0,0.0,0.0,55.17,0.0,0.0,0.0,0.0,0.0,0,0.0,0.0,0.0,0.0,0.0,Consumer
2023-05-03 08:00:00,user_003,8,0,2,False,0.0,0.0,0.0,0.0,0.0,0.0,0.0,0.0,55.17,0.0,0.0,0.0,0.0,0.0,0,0.0,0.0,0.0,0.0,0.0,Consumer
2023-05-03 09:00:00,user_003,9,0,2,False,0.0,0.0,0.0,0.0,0.0,0.0,0.0,0.0,55.17,0.0,0.0,0.0,0.0,0.0,0,0.0,0.0,0.0,0.0,0.0,Consumer
2023-05-03 10:00:00,user_003,10,0,2,False,0.0,0.0,0.0,0.0,0.0,0.0,0.0,0.0,55.17,0.0,0.0,0.0,0.0,0.0,0,0.0,0.0,0.0,0.0,0.0,Consumer
2023-05-03 11:00:00,user_003,11,0,2,False,0.0,0.0,0.0,0.0,0.0,0.0,0.0,0.0,55.17,0.0,0.0,0.0,0.0,0.0,0,0.0,0.0,0.0,0.0,0.0,Consumer
2023-05-03 12:00:00,user_003,12,0,2,False,0.0,0.0,0.0,0.0,0.0,0.0,0.0,0.0,55.17,0.0,0.0,0.0,0.0,0.0,0,0.0,0.0,0.0,0.0,0.0,Consumer
2023-05-03 13:00:00,user_003,13,0,2,False,0.0,0.0,0.0,0.0,0.0,0.0,0.0,0.0,55.17,0.0,0.0,0.0,0.0,0.0,0,0.0,0.0,0.0,0.0,0.0,Consumer
2023-05-03 14:00:00,user_003,14,0,2,False,0.0,0.0,0.0,0.0,0.0,0.0,0.0,0.0,55.17,0.0,0.0,0.0,0.0,0.0,0,0.0,0.0,0.0,0.0,0.0,Consumer
2023-05-03 15:00:00,user_003,15,0,2,False,0.0,0.0,0.0,0.0,0.0,0.0,0.0,0.0,55.17,0.0,0.0,0.0,0.0,0.0,0,0.0,0.0,0.0,0.0,0.0,Consumer
2023-05-03 16:00:00,user_003,16,0,2,False,0.0,0.0,0.0,0.0,0.0,0.0,0.0,0.0,55.17,0.0,0.0,0.0,0.0,0.0,0,0.0,0.0,0.0,0.0,0.0,Consumer
2023-05-03 17:00:00,user_003,17,0,2,False,0.0,0.0,0.0,0.0,0.0,0.0,0.0,0.0,55.17,0.0,0.0,0.0,0.0,0.0,0,0.0,0.0,0.0,0.0,0.0,Consumer
2023-05-03 18:00:00,user_003,18,0,2,False,0.0,0.0,0.0,0.0,0.0,0.0,0.0,0.0,55.17,0.0,0.0,0.0,0.0,0.0,0,0.0,0.0,0.0,0.0,0.0,Consumer
2023-05-03 19:00:00,user_003,19,0,2,False,0.0,0.0,0.0,0.0,0.0,0.0,0.0,0.0,55.17,0.0,0.0,0.0,0.0,0.0,0,0.0,0.0,0.0,0.0,0.0,Consumer
2023-05-03 20:00:00,user_003,20,0,2,False,0.0,0.0,0.0,0.0,0.0,0.0,0.0,0.0,55.17,0.0,0.0,0.0,0.0,0.0,0,0.0,0.0,0.0,0.0,0.0,Consumer
2023-05-03 21:00:00,user_003,21,0,2,False,0.0,0.0,0.0,0.0,0.0,0.0,0.0,0.0,55.17,0.0,0.0,0.0,0.0,0.0,0,0.0,0.0,0.0,0.0,0.0,Consumer
2023-05-03 22:00:00,user_003,22,0,2,False,0.0,0.0,0.0,0.0,0.0,0.0,0.0,0.0,55.17,0.0,0.0,0.0,0.0,0.0,0,0.0,0.0,0.0,0.0,0.0,Consumer
2023-05-03 23:00:00,user_003,23,0,2,False,0.0,0.0,0.0,0.0,0.0,0.0,0.0,0.0,55.17,0.0,0.0,0.0,0.0,0.0,0,0.0,0.0,0.0,0.0,0.0,Consumer
2023-05-04 00:00:00,user_003,0,0,3,False,0.0,0.0,0.0,0.0,0.0,0.0,0.0,0.0,55.17,0.0,0.0,0.0,0.0,0.0,0,0.0,0.0,0.0,0.0,0.0,Consumer
2023-05-04 01:00:00,user_003,1,0,3,False,0.0,0.0,0.0,0.0,0.0,0.0,0.0,0.0,55.17,0.0,0.0,0.0,0.0,0.0,0,0.0,0.0,0.0,0.0,0.0,Consumer
2023-05-04 02:00:00,user_003,2,0,3,False,0.0,0.0,0.0,0.0,0.0,0.0,0.0,0.0,55.17,0.0,0.0,0.0,0.0,0.0,0,0.0,0.0,0.0,0.0,0.0,Consumer
2023-05-04 03:00:00,user_003,3,0,3,False,0.0,0.0,0.0,0.0,0.0,0.0,0.0,0.0,55.17,0.0,0.0,0.0,0.0,0.0,0,0.0,0.0,0.0,0.0,0.0,Consumer
2023-05-04 04:00:00,user_003,4,0,3,False,0.0,0.0,0.0,0.0,0.0,0.0,0.0,0.0,55.17,0.0,0.0,0.0,0.0,0.0,0,0.0,0.0,0.0,0.0,0.0,Consumer
2023-05-04 05:00:00,user_003,5,0,3,False,0.0,0.0,0.0,0.0,0.0,0.0,0.0,0.0,55.17,0.0,0.0,0.0,0.0,0.0,0,0.0,0.0,0.0,0.0,0.0,Consumer
2023-05-04 06:00:00,user_003,6,0,3,False,0.0,0.0,0.0,0.0,0.0,0.0,0.0,0.0,55.17,0.0,0.0,0.0,0.0,0.0,0,0.0,0.0,0.0,0.0,0.0,Consumer
2023-05-04 07:00:00,user_003,7,0,3,False,0.0,0.0,0.0,0.0,0.0,0.0,0.0,0.0,55.17,0.0,0.0,0.0,0.0,0.0,0,0.0,0.0,0.0,0.0,0.0,Consumer
2023-05-04 08:00:00,user_003,8,0,3,False,0.0,0.0,0.0,0.0,0.0,0.0,0.0,0.0,55.17,0.0,0.0,0.0,0.0,0.0,0,0.0,0.0,0.0,0.0,0.0,Consumer
2023-05-04 09:00:00,user_003,9,0,3,False,0.0,0.0,0.0,0.0,0.0,0.0,0.0,0.0,55.17,0.0,0.0,0.0,0.0,0.0,0,0.0,0.0,0.0,0.0,0.0,Consumer
2023-05-04 10:00:00,user_003,10,0,3,False,0.0,0.0,0.0,0.0,0.0,0.0,0.0,0.0,55.17,0.0,0.0,0.0,0.0,0.0,0,0.0,0.0,0.0,0.0,0.0,Consumer
2023-05-04 11:00:00,user_003,11,0,3,False,0.0,0.0,0.0,0.0,0.0,0.0,0.0,0.0,55.17,0.0,0.0,0.0,0.0,0.0,0,0.0,0.0,0.0,0.0,0.0,Consumer
2023-05-04 12:00:00,user_003,12,0,3,False,0.0,0.0,0.0,0.0,0.0,0.0,0.0,0.0,55.17,0.0,0.0,0.0,0.0,0.0,0,0.0,0.0,0.0,0.0,0.0,Consumer
2023-05-04 13:00:00,user_003,13,0,3,False,0.0,0.0,0.0,0.0,0.0,0.0,0.0,0.0,55.17,0.0,0.0,0.0,0.0,0.0,0,0.0,0.0,0.0,0.0,0.0,Consumer
2023-05-04 14:00:00,user_003,14,0,3,False,0.0,0.0,0.0,0.0,0.0,0.0,0.0,0.0,55.17,0.0,0.0,0.0,0.0,0.0,0,0.0,0.0,0.0,0.0,0.0,Consumer
2023-05-04 15:00:00,user_003,15,0,3,False,0.0,0.0,0.0,0.0,0.0,0.0,0.0,0.0,55.17,0.0,0.0,0.0,0.0,0.0,0,0.0,0.0,0.0,0.0,0.0,Consumer
2023-05-04 16:00:00,user_003,16,0,3,False,0.0,0.0,0.0,0.0,0.0,0.0,0.0,0.0,55.17,0.0,0.0,0.0,0.0,0.0,0,0.0,0.0,0.0,0.0,0.0,Consumer
2023-05-04 17:00:00,user_003,17,0,3,False,0.0,0.0,0.0,0.0,0.0,0.0,0.0,0.0,55.17,0.0,0.0,0.0,0.0,0.0,0,0.0,0.0,0.0,0.0,0.0,Consumer
2023-05-04 18:00:00,user_003,18,0,3,False,0.0,0.0,0.0,0.0,0.0,0.0,0.0,0.0,55.17,0.0,0.0,0.0,0.0,0.0,0,0.0,0.0,0.0,0.0,0.0,Consumer
2023-05-04 19:00:00,user_003,19,0,3,False,0.0,0.0,0.0,0.0,0.0,0.0,0.0,0.0,55.17,0.0,0.0,0.0,0.0,0.0,0,0.0,0.0,0.0,0.0,0.0,Consumer
2023-05-04 20:00:00,user_003,20,0,3,False,0.0,0.0,0.0,0.0,0.0,0.0,0.0,0.0,55.17,0.0,0.0,0.0,0.0,0.0,0,0.0,0.0,0.0,0.0,0.0,Consumer
2023-05-04 21:00:00,user_003,21,0,3,False,0.0,0.0,0.0,0.0,0.0,0.0,0.0,0.0,55.17,0.0,0.0,0.0,0.0,0.0,0,0.0,0.0,0.0,0.0,0.0,Consumer
2023-05-04 22:00:00,user_003,22,0,3,False,0.0,0.0,0.0,0.0,0.0,0.0,0.0,0.0,55.17,0.0,0.0,0.0,0.0,0.0,0,0.0,0.0,0.0,0.0,0.0,Consumer
2023-05-04 23:00:00,user_003,23,0,3,False,0.0,0.0,0.0,0.0,0.0,0.0,0.0,0.0,55.17,0.0,0.0,0.0,0.0,0.0,0,0.0,0.0,0.0,0.0,0.0,Consumer
2023-05-05 00:00:00,user_003,0,0,4,False,0.0,0.0,0.0,0.0,0.0,0.0,0.0,0.0,55.17,0.0,0.0,0.0,0.0,0.0,0,0.0,0.0,0.0,0.0,0.0,Consumer
2023-05-05 01:00:00,user_003,1,0,4,False,0.0,0.0,0.0,0.0,0.0,0.0,0.0,0.0,55.17,0.0,0.0,0.0,0.0,0.0,0,0.0,0.0,0.0,0.0,0.0,Consumer
2023-05-05 02:00:00,user_003,2,0,4,False,0.0,0.0,0.0,0.0,0.0,0.0,0.0,0.0,55.17,0.0,0.0,0.0,0.0,0.0,0,0.0,0.0,0.0,0.0,0.0,Consumer
2023-05-05 03:00:00,user_003,3,0,4,False,0.0,0.0,0.0,0.0,0.0,0.0,0.0,0.0,55.17,0.0,0.0,0.0,0.0,0.0,0,0.0,0.0,0.0,0.0,0.0,Consumer
2023-05-05 04:00:00,user_003,4,0,4,False,0.0,0.0,0.0,0.0,0.0,0.0,0.0,0.0,55.17,0.0,0.0,0.0,0.0,0.0,0,0.0,0.0,0.0,0.0,0.0,Consumer
2023-05-05 05:00:00,user_003,5,0,4,False,0.0,0.0,0.0,0.0,0.0,0.0,0.0,0.0,55.17,0.0,0.0,0.0,0.0,0.0,0,0.0,0.0,0.0,0.0,0.0,Consumer
2023-05-05 06:00:00,user_003,6,0,4,False,0.0,0.0,0.0,0.0,0.0,0.0,0.0,0.0,55.17,0.0,0.0,0.0,0.0,0.0,0,0.0,0.0,0.0,0.0,0.0,Consumer
2023-05-05 07:00:00,user_003,7,0,4,False,0.0,0.0,0.0,0.0,0.0,0.0,0.0,0.0,55.17,0.0,0.0,0.0,0.0,0.0,0,0.0,0.0,0.0,0.0,0.0,Consumer
2023-05-05 08:00:00,user_003,8,0,4,False,0.0,0.0,0.0,0.0,0.0,0.0,0.0,0.0,55.17,0.0,0.0,0.0,0.0,0.0,0,0.0,0.0,0.0,0.0,0.0,Consumer
2023-05-05 09:00:00,user_003,9,0,4,False,0.0,0.0,0.0,0.0,0.0,0.0,0.0,0.0,55.17,0.0,0.0,0.0,0.0,0.0,0,0.0,0.0,0.0,0.0,0.0,Consumer
2023-05-05 10:00:00,user_003,10,0,4,False,0.0,0.0,0.0,0.0,0.0,0.0,0.0,0.0,55.17,0.0,0.0,0.0,0.0,0.0,0,0.0,0.0,0.0,0.0,0.0,Consumer
2023-05-05 11:00:00,user_003,11,0,4,False,0.0,0.0,0.0,0.0,0.0,0.0,0.0,0.0,55.17,0.0,0.0,0.0,0.0,0.0,0,0.0,0.0,0.0,0.0,0.0,Consumer
2023-05-05 12:00:00,user_003,12,0,4,False,0.0,0.0,0.0,0.0,0.0,0.0,0.0,0.0,55.17,0.0,0.0,0.0,0.0,0.0,0,0.0,0.0,0.0,0.0,0.0,Consumer
2023-05-05 13:00:00,user_003,13,0,4,False,0.0,0.0,0.0,0.0,0.0,0.0,0.0,0.0,55.17,0.0,0.0,0.0,0.0,0.0,0,0.0,0.0,0.0,0.0,0.0,Consumer
2023-05-05 14:00:00,user_003,14,0,4,False,0.0,0.0,0.0,0.0,0.0,0.0,0.0,0.0,55.17,0.0,0.0,0.0,0.0,0.0,0,0.0,0.0,0.0,0.0,0.0,Consumer
2023-05-05 15:00:00,user_003,15,0,4,False,0.0,0.0,0.0,0.0,0.0,0.0,0.0,0.0,55.17,0.0,0.0,0.0,0.0,0.0,0,0.0,0.0,0.0,0.0,0.0,Consumer
2023-05-05 16:00:00,user_003,16,0,4,False,0.0,0.0,0.0,0.0,0.0,0.0,0.0,0.0,55.17,0.0,0.0,0.0,0.0,0.0,0,0.0,0.0,0.0,0.0,0.0,Consumer
2023-05-05 17:00:00,user_003,17,0,4,False,0.0,0.0,0.0,0.0,0.0,0.0,0.0,0.0,55.17,0.0,0.0,0.0,0.0,0.0,0,0.0,0.0,0.0,0.0,0.0,Consumer
2023-05-05 18:00:00,user_003,18,0,4,False,0.0,0.0,0.0,0.0,0.0,0.0,0.0,0.0,55.17,0.0,0.0,0.0,0.0,0.0,0,0.0,0.0,0.0,0.0,0.0,Consumer
2023-05-05 19:00:00,user_003,19,0,4,False,0.0,0.0,0.0,0.0,0.0,0.0,0.0,0.0,55.17,0.0,0.0,0.0,0.0,0.0,0,0.0,0.0,0.0,0.0,0.0,Consumer
2023-05-05 20:00:00,user_003,20,0,4,False,0.0,0.0,0.0,0.0,0.0,0.0,0.0,0.0,55.17,0.0,0.0,0.0,0.0,0.0,0,0.0,0.0,0.0,0.0,0.0,Consumer
2023-05-05 21:00:00,user_003,21,0,4,False,0.0,0.0,0.0,0.0,0.0,0.0,0.0,0.0,55.17,0.0,0.0,0.0,0.0,0.0,0,0.0,0.0,0.0,0.0,0.0,Consumer
2023-05-05 22:00:00,user_003,22,0,4,False,0.0,0.0,0.0,0.0,0.0,0.0,0.0,0.0,55.17,0.0,0.0,0.0,0.0,0.0,0,0.0,0.0,0.0,0.0,0.0,Consumer
2023-05-05 23:00:00,user_003,23,0,4,False,0.0,0.0,0.0,0.0,0.0,0.0,0.0,0.0,55.17,0.0,0.0,0.0,0.0,0.0,0,0.0,0.0,0.0,0.0,0.0,Consumer
2023-05-06 00:00:00,user_003,0,0,5,True,0.0,0.0,0.0,0.0,0.0,0.0,0.0,0.0,55.17,0.0,0.0,0.0,0.0,0.0,0,0.0,0.0,0.0,0.0,0.0,Consumer
2023-05-06 01:00:00,user_003,1,0,5,True,0.0,0.0,0.0,0.0,0.0,0.0,0.0,0.0,55.17,0.0,0.0,0.0,0.0,0.0,0,0.0,0.0,0.0,0.0,0.0,Consumer
2023-05-06 02:00:00,user_003,2,0,5,True,0.0,0.0,0.0,0.0,0.0,0.0,0.0,0.0,55.17,0.0,0.0,0.0,0.0,0.0,0,0.0,0.0,0.0,0.0,0.0,Consumer
2023-05-06 03:00:00,user_003,3,0,5,True,0.0,0.0,0.0,0.0,0.0,0.0,0.0,0.0,55.17,0.0,0.0,0.0,0.0,0.0,0,0.0,0.0,0.0,0.0,0.0,Consumer
2023-05-06 04:00:00,user_003,4,0,5,True,0.0,0.0,0.0,0.0,0.0,0.0,0.0,0.0,55.17,0.0,0.0,0.0,0.0,0.0,0,0.0,0.0,0.0,0.0,0.0,Consumer
2023-05-06 05:00:00,user_003,5,0,5,True,0.0,0.0,0.0,0.0,0.0,0.0,0.0,0.0,55.17,0.0,0.0,0.0,0.0,0.0,0,0.0,0.0,0.0,0.0,0.0,Consumer
2023-05-06 06:00:00,user_003,6,0,5,True,0.0,0.0,0.0,0.0,0.0,0.0,0.0,0.0,55.17,0.0,0.0,0.0,0.0,0.0,0,0.0,0.0,0.0,0.0,0.0,Consumer
2023-05-06 07:00:00,user_003,7,0,5,True,0.0,0.0,0.0,0.0,0.0,0.0,0.0,0.0,55.17,0.0,0.0,0.0,0.0,0.0,0,0.0,0.0,0.0,0.0,0.0,Consumer
2023-05-06 08:00:00,user_003,8,0,5,True,0.0,0.0,0.0,0.0,0.0,0.0,0.0,0.0,55.17,0.0,0.0,0.0,0.0,0.0,0,0.0,0.0,0.0,0.0,0.0,Consumer
2023-05-06 09:00:00,user_003,9,0,5,True,0.0,0.0,0.0,0.0,0.0,0.0,0.0,0.0,55.17,0.0,0.0,0.0,0.0,0.0,0,0.0,0.0,0.0,0.0,0.0,Consumer
2023-05-06 10:00:00,user_003,10,0,5,True,0.0,0.0,0.0,0.0,0.0,0.0,0.0,0.0,55.17,0.0,0.0,0.0,0.0,0.0,0,0.0,0.0,0.0,0.0,0.0,Consumer
2023-05-06 11:00:00,user_003,11,0,5,True,0.0,0.0,0.0,0.0,0.0,0.0,0.0,0.0,55.17,0.0,0.0,0.0,0.0,0.0,0,0.0,0.0,0.0,0.0,0.0,Consumer
2023-05-06 12:00:00,user_003,12,0,5,True,0.0,0.0,0.0,0.0,0.0,0.0,0.0,0.0,55.17,0.0,0.0,0.0,0.0,0.0,0,0.0,0.0,0.0,0.0,0.0,Consumer
2023-05-06 13:00:00,user_003,13,0,5,True,0.0,0.0,0.0,0.0,0.0,0.0,0.0,0.0,55.17,0.0,0.0,0.0,0.0,0.0,0,0.0,0.0,0.0,0.0,0.0,Consumer
2023-05-06 14:00:00,user_003,14,0,5,True,0.0,0.0,0.0,0.0,0.0,0.0,0.0,0.0,55.17,0.0,0.0,0.0,0.0,0.0,0,0.0,0.0,0.0,0.0,0.0,Consumer
2023-05-06 15:00:00,user_003,15,0,5,True,0.0,0.0,0.0,0.0,0.0,0.0,0.0,0.0,55.17,0.0,0.0,0.0,0.0,0.0,0,0.0,0.0,0.0,0.0,0.0,Consumer
2023-05-06 16:00:00,user_003,16,0,5,True,0.0,0.0,0.0,0.0,0.0,0.0,0.0,0.0,55.17,0.0,0.0,0.0,0.0,0.0,0,0.0,0.0,0.0,0.0,0.0,Consumer
2023-05-06 17:00:00,user_003,17,0,5,True,0.0,0.0,0.0,0.0,0.0,0.0,0.0,0.0,55.17,0.0,0.0,0.0,0.0,0.0,0,0.0,0.0,0.0,0.0,0.0,Consumer
2023-05-06 18:00:00,user_003,18,0,5,True,0.0,0.0,0.0,0.0,0.0,0.0,0.0,0.0,55.17,0.0,0.0,0.0,0.0,0.0,0,0.0,0.0,0.0,0.0,0.0,Consumer
2023-05-06 19:00:00,user_003,19,0,5,True,0.0,0.0,0.0,0.0,0.0,0.0,0.0,0.0,55.17,0.0,0.0,0.0,0.0,0.0,0,0.0,0.0,0.0,0.0,0.0,Consumer
2023-05-06 20:00:00,user_003,20,0,5,True,0.0,0.0,0.0,0.0,0.0,0.0,0.0,0.0,55.17,0.0,0.0,0.0,0.0,0.0,0,0.0,0.0,0.0,0.0,0.0,Consumer
2023-05-06 21:00:00,user_003,21,0,5,True,0.0,0.0,0.0,0.0,0.0,0.0,0.0,0.0,55.17,0.0,0.0,0.0,0.0,0.0,0,0.0,0.0,0.0,0.0,0.0,Consumer
2023-05-06 22:00:00,user_003,22,0,5,True,0.0,0.0,0.0,0.0,0.0,0.0,0.0,0.0,55.17,0.0,0.0,0.0,0.0,0.0,0,0.0,0.0,0.0,0.0,0.0,Consumer
2023-05-06 23:00:00,user_003,23,0,5,True,0.0,0.0,0.0,0.0,0.0,0.0,0.0,0.0,55.17,0.0,0.0,0.0,0.0,0.0,0,0.0,0.0,0.0,0.0,0.0,Consumer
2023-05-07 00:00:00,user_003,0,0,6,True,0.0,0.0,0.0,0.0,0.0,0.0,0.0,0.0,55.17,0.0,0.0,0.0,0.0,0.0,0,0.0,0.0,0.0,0.0,0.0,Consumer
2023-05-07 01:00:00,user_003,1,0,6,True,0.0,0.0,0.0,0.0,0.0,0.0,0.0,0.0,55.17,0.0,0.0,0.0,0.0,0.0,0,0.0,0.0,0.0,0.0,0.0,Consumer
2023-05-07 02:00:00,user_003,2,0,6,True,0.0,0.0,0.0,0.0,0.0,0.0,0.0,0.0,55.17,0.0,0.0,0.0,0.0,0.0,0,0.0,0.0,0.0,0.0,0.0,Consumer
2023-05-07 03:00:00,user_003,3,0,6,True,0.0,0.0,0.0,0.0,0.0,0.0,0.0,0.0,55.17,0.0,0.0,0.0,0.0,0.0,0,0.0,0.0,0.0,0.0,0.0,Consumer
2023-05-07 04:00:00,user_003,4,0,6,True,0.0,0.0,0.0,0.0,0.0,0.0,0.0,0.0,55.17,0.0,0.0,0.0,0.0,0.0,0,0.0,0.0,0.0,0.0,0.0,Consumer
2023-05-07 05:00:00,user_003,5,0,6,True,0.0,0.0,0.0,0.0,0.0,0.0,0.0,0.0,55.17,0.0,0.0,0.0,0.0,0.0,0,0.0,0.0,0.0,0.0,0.0,Consumer
2023-05-07 06:00:00,user_003,6,0,6,True,0.0,0.0,0.0,0.0,0.0,0.0,0.0,0.0,55.17,0.0,0.0,0.0,0.0,0.0,0,0.0,0.0,0.0,0.0,0.0,Consumer
2023-05-07 07:00:00,user_003,7,0,6,True,0.0,0.0,0.0,0.0,0.0,0.0,0.0,0.0,55.17,0.0,0.0,0.0,0.0,0.0,0,0.0,0.0,0.0,0.0,0.0,Consumer
2023-05-07 08:00:00,user_003,8,0,6,True,0.0,0.0,0.0,0.0,0.0,0.0,0.0,0.0,55.17,0.0,0.0,0.0,0.0,0.0,0,0.0,0.0,0.0,0.0,0.0,Consumer
2023-05-07 09:00:00,user_003,9,0,6,True,0.0,0.0,0.0,0.0,0.0,0.0,0.0,0.0,55.17,0.0,0.0,0.0,0.0,0.0,0,0.0,0.0,0.0,0.0,0.0,Consumer
2023-05-07 10:00:00,user_003,10,0,6,True,0.0,0.0,0.0,0.0,0.0,0.0,0.0,0.0,55.17,0.0,0.0,0.0,0.0,0.0,0,0.0,0.0,0.0,0.0,0.0,Consumer
2023-05-07 11:00:00,user_003,11,0,6,True,0.0,0.0,0.0,0.0,0.0,0.0,0.0,0.0,55.17,0.0,0.0,0.0,0.0,0.0,0,0.0,0.0,0.0,0.0,0.0,Consumer
2023-05-07 12:00:00,user_003,12,0,6,True,0.0,0.0,0.0,0.0,0.0,0.0,0.0,0.0,55.17,0.0,0.0,0.0,0.0,0.0,0,0.0,0.0,0.0,0.0,0.0,Consumer
2023-05-07 13:00:00,user_003,13,0,6,True,0.0,0.0,0.0,0.0,0.0,0.0,0.0,0.0,55.17,0.0,0.0,0.0,0.0,0.0,0,0.0,0.0,0.0,0.0,0.0,Consumer
2023-05-07 14:00:00,user_003,14,0,6,True,0.0,0.0,0.0,0.0,0.0,0.0,0.0,0.0,55.17,0.0,0.0,0.0,0.0,0.0,0,0.0,0.0,0.0,0.0,0.0,Consumer
2023-05-07 15:00:00,user_003,15,0,6,True,0.0,0.0,0.0,0.0,0.0,0.0,0.0,0.0,55.17,0.0,0.0,0.0,0.0,0.0,0,0.0,0.0,0.0,0.0,0.0,Consumer
2023-05-07 16:00:00,user_003,16,0,6,True,0.0,0.0,0.0,0.0,0.0,0.0,0.0,0.0,55.17,0.0,0.0,0.0,0.0,0.0,0,0.0,0.0,0.0,0.0,0.0,Consumer
2023-05-07 17:00:00,user_003,17,0,6,True,0.0,0.0,0.0,0.0,0.0,0.0,0.0,0.0,55.17,0.0,0.0,0.0,0.0,0.0,0,0.0,0.0,0.0,0.0,0.0,Consumer
2023-05-07 18:00:00,user_003,18,0,6,True,0.0,0.0,0.0,0.0,0.0,0.0,0.0,0.0,55.17,0.0,0.0,0.0,0.0,0.0,0,0.0,0.0,0.0,0.0,0.0,Consumer
2023-05-07 19:00:00,user_003,19,0,6,True,0.0,0.0,0.0,0.0,0.0,0.0,0.0,0.0,55.17,0.0,0.0,0.0,0.0,0.0,0,0.0,0.0,0.0,0.0,0.0,Consumer
2023-05-07 20:00:00,user_003,20,0,6,True,0.0,0.0,0.0,0.0,0.0,0.0,0.0,0.0,55.17,0.0,0.0,0.0,0.0,0.0,0,0.0,0.0,0.0,0.0,0.0,Consumer
2023-05-07 21:00:00,user_003,21,0,6,True,0.0,0.0,0.0,0.0,0.0,0.0,0.0,0.0,55.17,0.0,0.0,0.0,0.0,0.0,0,0.0,0.0,0.0,0.0,0.0,Consumer
2023-05-07 22:00:00,user_003,22,0,6,True,0.0,0.0,0.0,0.0,0.0,0.0,0.0,0.0,55.17,0.0,0.0,0.0,0.0,0.0,0,0.0,0.0,0.0,0.0,0.0,Consumer
2023-05-07 23:00:00,user_003,23,0,6,True,0.0,0.0,0.0,0.0,0.0,0.0,0.0,0.0,55.17,0.0,0.0,0.0,0.0,0.0,0,0.0,0.0,0.0,0.0,0.0,Consumer
2023-05-08 00:00:00,user_003,0,0,0,False,0.0,0.0,0.0,0.0,0.0,0.0,0.0,0.0,55.17,0.0,0.0,0.0,0.0,0.0,0,0.0,0.0,0.0,0.0,0.0,Consumer
2023-05-08 01:00:00,user_003,1,0,0,False,0.0,0.0,0.0,0.0,0.0,0.0,0.0,0.0,55.17,0.0,0.0,0.0,0.0,0.0,0,0.0,0.0,0.0,0.0,0.0,Consumer
2023-05-08 02:00:00,user_003,2,0,0,False,0.0,0.0,0.0,0.0,0.0,0.0,0.0,0.0,55.17,0.0,0.0,0.0,0.0,0.0,0,0.0,0.0,0.0,0.0,0.0,Consumer
2023-05-08 03:00:00,user_003,3,0,0,False,0.0,0.0,0.0,0.0,0.0,0.0,0.0,0.0,55.17,0.0,0.0,0.0,0.0,0.0,0,0.0,0.0,0.0,0.0,0.0,Consumer
2023-05-08 04:00:00,user_003,4,0,0,False,0.0,0.0,0.0,0.0,0.0,0.0,0.0,0.0,55.17,0.0,0.0,0.0,0.0,0.0,0,0.0,0.0,0.0,0.0,0.0,Consumer
2023-05-08 05:00:00,user_003,5,0,0,False,0.0,0.0,0.0,0.0,0.0,0.0,0.0,0.0,55.17,0.0,0.0,0.0,0.0,0.0,0,0.0,0.0,0.0,0.0,0.0,Consumer
2023-05-08 06:00:00,user_003,6,0,0,False,0.0,0.0,0.0,0.0,0.0,0.0,0.0,0.0,55.17,0.0,0.0,0.0,0.0,0.0,0,0.0,0.0,0.0,0.0,0.0,Consumer
2023-05-08 07:00:00,user_003,7,0,0,False,0.0,0.0,0.0,0.0,0.0,0.0,0.0,0.0,55.17,0.0,0.0,0.0,0.0,0.0,0,0.0,0.0,0.0,0.0,0.0,Consumer
2023-05-08 08:00:00,user_003,8,0,0,False,0.0,0.0,0.0,0.0,0.0,0.0,0.0,0.0,55.17,0.0,0.0,0.0,0.0,0.0,0,0.0,0.0,0.0,0.0,0.0,Consumer
2023-05-08 09:00:00,user_003,9,0,0,False,0.0,0.0,0.0,0.0,0.0,0.0,0.0,0.0,55.17,0.0,0.0,0.0,0.0,0.0,0,0.0,0.0,0.0,0.0,0.0,Consumer
2023-05-08 10:00:00,user_003,10,0,0,False,0.0,0.0,0.0,0.0,0.0,0.0,0.0,0.0,55.17,0.0,0.0,0.0,0.0,0.0,0,0.0,0.0,0.0,0.0,0.0,Consumer
2023-05-08 11:00:00,user_003,11,0,0,False,0.0,0.0,0.0,0.0,0.0,0.0,0.0,0.0,55.17,0.0,0.0,0.0,0.0,0.0,0,0.0,0.0,0.0,0.0,0.0,Consumer
2023-05-08 12:00:00,user_003,12,0,0,False,0.0,0.0,0.0,0.0,0.0,0.0,0.0,0.0,55.17,0.0,0.0,0.0,0.0,0.0,0,0.0,0.0,0.0,0.0,0.0,Consumer
2023-05-08 13:00:00,user_003,13,0,0,False,0.0,0.0,0.0,0.0,0.0,0.0,0.0,0.0,55.17,0.0,0.0,0.0,0.0,0.0,0,0.0,0.0,0.0,0.0,0.0,Consumer
2023-05-08 14:00:00,user_003,14,0,0,False,0.0,0.0,0.0,0.0,0.0,0.0,0.0,0.0,55.17,0.0,0.0,0.0,0.0,0.0,0,0.0,0.0,0.0,0.0,0.0,Consumer
2023-05-08 15:00:00,user_003,15,0,0,False,0.0,0.0,0.0,0.0,0.0,0.0,0.0,0.0,55.17,0.0,0.0,0.0,0.0,0.0,0,0.0,0.0,0.0,0.0,0.0,Consumer
2023-05-08 16:00:00,user_003,16,0,0,False,0.0,0.0,0.0,0.0,0.0,0.0,0.0,0.0,55.17,0.0,0.0,0.0,0.0,0.0,0,0.0,0.0,0.0,0.0,0.0,Consumer
2023-05-08 17:00:00,user_003,17,0,0,False,0.0,0.0,0.0,0.0,0.0,0.0,0.0,0.0,55.17,0.0,0.0,0.0,0.0,0.0,0,0.0,0.0,0.0,0.0,0.0,Consumer
2023-05-08 18:00:00,user_003,18,0,0,False,0.0,0.0,0.0,0.0,0.0,0.0,0.0,0.0,55.17,0.0,0.0,0.0,0.0,0.0,0,0.0,0.0,0.0,0.0,0.0,Consumer
2023-05-08 19:00:00,user_003,19,0,0,False,0.0,0.0,0.0,0.0,0.0,0.0,0.0,0.0,55.17,0.0,0.0,0.0,0.0,0.0,0,0.0,0.0,0.0,0.0,0.0,Consumer
2023-05-08 20:00:00,user_003,20,0,0,False,0.0,0.0,0.0,0.0,0.0,0.0,0.0,0.0,55.17,0.0,0.0,0.0,0.0,0.0,0,0.0,0.0,0.0,0.0,0.0,Consumer
2023-05-08 21:00:00,user_003,21,0,0,False,0.0,0.0,0.0,0.0,0.0,0.0,0.0,0.0,55.17,0.0,0.0,0.0,0.0,0.0,0,0.0,0.0,0.0,0.0,0.0,Consumer
2023-05-08 22:00:00,user_003,22,0,0,False,0.0,0.0,0.0,0.0,0.0,0.0,0.0,0.0,55.17,0.0,0.0,0.0,0.0,0.0,0,0.0,0.0,0.0,0.0,0.0,Consumer
2023-05-08 23:00:00,user_003,23,0,0,False,0.0,0.0,0.0,0.0,0.0,0.0,0.0,0.0,55.17,0.0,0.0,0.0,0.0,0.0,0,0.0,0.0,0.0,0.0,0.0,Consumer
2023-05-09 00:00:00,user_003,0,0,1,False,0.0,0.0,0.0,0.0,0.0,0.0,0.0,0.0,55.17,0.0,0.0,0.0,0.0,0.0,0,0.0,0.0,0.0,0.0,0.0,Consumer
2023-05-09 01:00:00,user_003,1,0,1,False,0.0,0.0,0.0,0.0,0.0,0.0,0.0,0.0,55.17,0.0,0.0,0.0,0.0,0.0,0,0.0,0.0,0.0,0.0,0.0,Consumer
2023-05-09 02:00:00,user_003,2,0,1,False,0.0,0.0,0.0,0.0,0.0,0.0,0.0,0.0,55.17,0.0,0.0,0.0,0.0,0.0,0,0.0,0.0,0.0,0.0,0.0,Consumer
2023-05-09 03:00:00,user_003,3,0,1,False,0.0,0.0,0.0,0.0,0.0,0.0,0.0,0.0,55.17,0.0,0.0,0.0,0.0,0.0,0,0.0,0.0,0.0,0.0,0.0,Consumer
2023-05-09 04:00:00,user_003,4,0,1,False,0.0,0.0,0.0,0.0,0.0,0.0,0.0,0.0,55.17,0.0,0.0,0.0,0.0,0.0,0,0.0,0.0,0.0,0.0,0.0,Consumer
2023-05-09 05:00:00,user_003,5,0,1,False,0.0,0.0,0.0,0.0,0.0,0.0,0.0,0.0,55.17,0.0,0.0,0.0,0.0,0.0,0,0.0,0.0,0.0,0.0,0.0,Consumer
2023-05-09 06:00:00,user_003,6,0,1,False,0.0,0.0,0.0,0.0,0.0,0.0,0.0,0.0,55.17,0.0,0.0,0.0,0.0,0.0,0,0.0,0.0,0.0,0.0,0.0,Consumer
2023-05-09 07:00:00,user_003,7,0,1,False,0.0,0.0,0.0,0.0,0.0,0.0,0.0,0.0,55.17,0.0,0.0,0.0,0.0,0.0,0,0.0,0.0,0.0,0.0,0.0,Consumer
2023-05-09 08:00:00,user_003,8,0,1,False,0.0,0.0,0.0,0.0,0.0,0.0,0.0,0.0,55.17,0.0,0.0,0.0,0.0,0.0,0,0.0,0.0,0.0,0.0,0.0,Consumer
2023-05-09 09:00:00,user_003,9,0,1,False,0.0,0.0,0.0,0.0,0.0,0.0,0.0,0.0,55.17,0.0,0.0,0.0,0.0,0.0,0,0.0,0.0,0.0,0.0,0.0,Consumer
2023-05-09 10:00:00,user_003,10,0,1,False,0.0,0.0,0.0,0.0,0.0,0.0,0.0,0.0,55.17,0.0,0.0,0.0,0.0,0.0,0,0.0,0.0,0.0,0.0,0.0,Consumer
2023-05-09 11:00:00,user_003,11,0,1,False,0.0,0.0,0.0,0.0,0.0,0.0,0.0,0.0,55.17,0.0,0.0,0.0,0.0,0.0,0,0.0,0.0,0.0,0.0,0.0,Consumer
2023-05-09 12:00:00,user_003,12,0,1,False,0.0,0.0,0.0,0.0,0.0,0.0,0.0,0.0,55.17,0.0,0.0,0.0,0.0,0.0,0,0.0,0.0,0.0,0.0,0.0,Consumer
2023-05-09 13:00:00,user_003,13,0,1,False,0.0,0.0,0.0,0.0,0.0,0.0,0.0,0.0,55.17,0.0,0.0,0.0,0.0,0.0,0,0.0,0.0,0.0,0.0,0.0,Consumer
2023-05-09 14:00:00,user_003,14,0,1,False,0.0,0.0,0.0,0.0,0.0,0.0,0.0,0.0,55.17,0.0,0.0,0.0,0.0,0.0,0,0.0,0.0,0.0,0.0,0.0,Consumer
2023-05-09 15:00:00,user_003,15,0,1,False,0.0,0.0,0.0,0.0,0.0,0.0,0.0,0.0,55.17,0.0,0.0,0.0,0.0,0.0,0,0.0,0.0,0.0,0.0,0.0,Consumer
2023-05-09 16:00:00,user_003,16,0,1,False,0.0,0.0,0.0,0.0,0.0,0.0,0.0,0.0,55.17,0.0,0.0,0.0,0.0,0.0,0,0.0,0.0,0.0,0.0,0.0,Consumer
2023-05-09 17:00:00,user_003,17,0,1,False,0.0,0.0,0.0,0.0,0.0,0.0,0.0,0.0,55.17,0.0,0.0,0.0,0.0,0.0,0,0.0,0.0,0.0,0.0,0.0,Consumer
2023-05-09 18:00:00,user_003,18,0,1,False,0.0,0.0,0.0,0.0,0.0,0.0,0.0,0.0,55.17,0.0,0.0,0.0,0.0,0.0,0,0.0,0.0,0.0,0.0,0.0,Consumer
2023-05-09 19:00:00,user_003,19,0,1,False,0.0,0.0,0.0,0.0,0.0,0.0,0.0,0.0,55.17,0.0,0.0,0.0,0.0,0.0,0,0.0,0.0,0.0,0.0,0.0,Consumer
2023-05-09 20:00:00,user_003,20,0,1,False,0.0,0.0,0.0,0.0,0.0,0.0,0.0,0.0,55.17,0.0,0.0,0.0,0.0,0.0,0,0.0,0.0,0.0,0.0,0.0,Consumer
2023-05-09 21:00:00,user_003,21,0,1,False,0.0,0.0,0.0,0.0,0.0,0.0,0.0,0.0,55.17,0.0,0.0,0.0,0.0,0.0,0,0.0,0.0,0.0,0.0,0.0,Consumer
2023-05-09 22:00:00,user_003,22,0,1,False,0.0,0.0,0.0,0.0,0.0,0.0,0.0,0.0,55.17,0.0,0.0,0.0,0.0,0.0,0,0.0,0.0,0.0,0.0,0.0,Consumer
2023-05-09 23:00:00,user_003,23,0,1,False,0.0,0.0,0.0,0.0,0.0,0.0,0.0,0.0,55.17,0.0,0.0,0.0,0.0,0.0,0,0.0,0.0,0.0,0.0,0.0,Consumer
2023-05-10 00:00:00,user_003,0,0,2,False,0.0,0.0,0.0,0.0,0.0,0.0,0.0,0.0,55.17,0.0,0.0,0.0,0.0,0.0,0,0.0,0.0,0.0,0.0,0.0,Consumer
2023-05-10 01:00:00,user_003,1,0,2,False,0.0,0.0,0.0,0.0,0.0,0.0,0.0,0.0,55.17,0.0,0.0,0.0,0.0,0.0,0,0.0,0.0,0.0,0.0,0.0,Consumer
2023-05-10 02:00:00,user_003,2,0,2,False,0.0,0.0,0.0,0.0,0.0,0.0,0.0,0.0,55.17,0.0,0.0,0.0,0.0,0.0,0,0.0,0.0,0.0,0.0,0.0,Consumer
2023-05-10 03:00:00,user_003,3,0,2,False,0.0,0.0,0.0,0.0,0.0,0.0,0.0,0.0,55.17,0.0,0.0,0.0,0.0,0.0,0,0.0,0.0,0.0,0.0,0.0,Consumer
2023-05-10 04:00:00,user_003,4,0,2,False,0.0,0.0,0.0,0.0,0.0,0.0,0.0,0.0,55.17,0.0,0.0,0.0,0.0,0.0,0,0.0,0.0,0.0,0.0,0.0,Consumer
2023-05-10 05:00:00,user_003,5,0,2,False,0.0,0.0,0.0,0.0,0.0,0.0,0.0,0.0,55.17,0.0,0.0,0.0,0.0,0.0,0,0.0,0.0,0.0,0.0,0.0,Consumer
2023-05-10 06:00:00,user_003,6,0,2,False,0.0,0.0,0.0,0.0,0.0,0.0,0.0,0.0,55.17,0.0,0.0,0.0,0.0,0.0,0,0.0,0.0,0.0,0.0,0.0,Consumer
2023-05-10 07:00:00,user_003,7,0,2,False,0.0,0.0,0.0,0.0,0.0,0.0,0.0,0.0,55.17,0.0,0.0,0.0,0.0,0.0,0,0.0,0.0,0.0,0.0,0.0,Consumer
2023-05-10 08:00:00,user_003,8,0,2,False,0.0,0.0,0.0,0.0,0.0,0.0,0.0,0.0,55.17,0.0,0.0,0.0,0.0,0.0,0,0.0,0.0,0.0,0.0,0.0,Consumer
2023-05-10 09:00:00,user_003,9,0,2,False,0.0,0.0,0.0,0.0,0.0,0.0,0.0,0.0,55.17,0.0,0.0,0.0,0.0,0.0,0,0.0,0.0,0.0,0.0,0.0,Consumer
2023-05-10 10:00:00,user_003,10,0,2,False,0.0,0.0,0.0,0.0,0.0,0.0,0.0,0.0,55.17,0.0,0.0,0.0,0.0,0.0,0,0.0,0.0,0.0,0.0,0.0,Consumer
2023-05-10 11:00:00,user_003,11,0,2,False,0.0,0.0,0.0,0.0,0.0,0.0,0.0,0.0,55.17,0.0,0.0,0.0,0.0,0.0,0,0.0,0.0,0.0,0.0,0.0,Consumer
2023-05-10 12:00:00,user_003,12,0,2,False,0.0,0.0,0.0,0.0,0.0,0.0,0.0,0.0,55.17,0.0,0.0,0.0,0.0,0.0,0,0.0,0.0,0.0,0.0,0.0,Consumer
2023-05-10 13:00:00,user_003,13,0,2,False,0.0,0.0,0.0,0.0,0.0,0.0,0.0,0.0,55.17,0.0,0.0,0.0,0.0,0.0,0,0.0,0.0,0.0,0.0,0.0,Consumer
2023-05-10 14:00:00,user_003,14,0,2,False,0.0,0.0,0.0,0.0,0.0,0.0,0.0,0.0,55.17,0.0,0.0,0.0,0.0,0.0,0,0.0,0.0,0.0,0.0,0.0,Consumer
2023-05-10 15:00:00,user_003,15,0,2,False,0.0,0.0,0.0,0.0,0.0,0.0,0.0,0.0,55.17,0.0,0.0,0.0,0.0,0.0,0,0.0,0.0,0.0,0.0,0.0,Consumer
2023-05-10 16:00:00,user_003,16,0,2,False,0.0,0.0,0.0,0.0,0.0,0.0,0.0,0.0,55.17,0.0,0.0,0.0,0.0,0.0,0,0.0,0.0,0.0,0.0,0.0,Consumer
2023-05-10 17:00:00,user_003,17,0,2,False,0.0,0.0,0.0,0.0,0.0,0.0,0.0,0.0,55.17,0.0,0.0,0.0,0.0,0.0,0,0.0,0.0,0.0,0.0,0.0,Consumer
2023-05-10 18:00:00,user_003,18,0,2,False,0.0,0.0,0.0,0.0,0.0,0.0,0.0,0.0,55.17,0.0,0.0,0.0,0.0,0.0,0,0.0,0.0,0.0,0.0,0.0,Consumer
2023-05-10 19:00:00,user_003,19,0,2,False,0.0,0.0,0.0,0.0,0.0,0.0,0.0,0.0,55.17,0.0,0.0,0.0,0.0,0.0,0,0.0,0.0,0.0,0.0,0.0,Consumer
2023-05-10 20:00:00,user_003,20,0,2,False,0.0,0.0,0.0,0.0,0.0,0.0,0.0,0.0,55.17,0.0,0.0,0.0,0.0,0.0,0,0.0,0.0,0.0,0.0,0.0,Consumer
2023-05-10 21:00:00,user_003,21,0,2,False,0.0,0.0,0.0,0.0,0.0,0.0,0.0,0.0,55.17,0.0,0.0,0.0,0.0,0.0,0,0.0,0.0,0.0,0.0,0.0,Consumer
2023-05-10 22:00:00,user_003,22,0,2,False,0.0,0.0,0.0,0.0,0.0,0.0,0.0,0.0,55.17,0.0,0.0,0.0,0.0,0.0,0,0.0,0.0,0.0,0.0,0.0,Consumer
2023-05-10 23:00:00,user_003,23,0,2,False,0.0,0.0,0.0,0.0,0.0,0.0,0.0,0.0,55.17,0.0,0.0,0.0,0.0,0.0,0,0.0,0.0,0.0,0.0,0.0,Consumer
2023-05-11 00:00:00,user_003,0,0,3,False,0.0,0.0,0.0,0.0,0.0,0.0,0.0,0.0,55.17,0.0,0.0,0.0,0.0,0.0,0,0.0,0.0,0.0,0.0,0.0,Consumer
2023-05-11 01:00:00,user_003,1,0,3,False,0.0,0.0,0.0,0.0,0.0,0.0,0.0,0.0,55.17,0.0,0.0,0.0,0.0,0.0,0,0.0,0.0,0.0,0.0,0.0,Consumer
2023-05-11 02:00:00,user_003,2,0,3,False,0.0,0.0,0.0,0.0,0.0,0.0,0.0,0.0,55.17,0.0,0.0,0.0,0.0,0.0,0,0.0,0.0,0.0,0.0,0.0,Consumer
2023-05-11 03:00:00,user_003,3,0,3,False,0.0,0.0,0.0,0.0,0.0,0.0,0.0,0.0,55.17,0.0,0.0,0.0,0.0,0.0,0,0.0,0.0,0.0,0.0,0.0,Consumer
2023-05-11 04:00:00,user_003,4,0,3,False,0.0,0.0,0.0,0.0,0.0,0.0,0.0,0.0,55.17,0.0,0.0,0.0,0.0,0.0,0,0.0,0.0,0.0,0.0,0.0,Consumer
2023-05-11 05:00:00,user_003,5,0,3,False,0.0,0.0,0.0,0.0,0.0,0.0,0.0,0.0,55.17,0.0,0.0,0.0,0.0,0.0,0,0.0,0.0,0.0,0.0,0.0,Consumer
2023-05-11 06:00:00,user_003,6,0,3,False,0.0,0.0,0.0,0.0,0.0,0.0,0.0,0.0,55.17,0.0,0.0,0.0,0.0,0.0,0,0.0,0.0,0.0,0.0,0.0,Consumer
2023-05-11 07:00:00,user_003,7,0,3,False,0.0,0.0,0.0,0.0,0.0,0.0,0.0,0.0,55.17,0.0,0.0,0.0,0.0,0.0,0,0.0,0.0,0.0,0.0,0.0,Consumer
2023-05-11 08:00:00,user_003,8,0,3,False,0.0,0.0,0.0,0.0,0.0,0.0,0.0,0.0,55.17,0.0,0.0,0.0,0.0,0.0,0,0.0,0.0,0.0,0.0,0.0,Consumer
2023-05-11 09:00:00,user_003,9,0,3,False,0.0,0.0,0.0,0.0,0.0,0.0,0.0,0.0,55.17,0.0,0.0,0.0,0.0,0.0,0,0.0,0.0,0.0,0.0,0.0,Consumer
2023-05-11 10:00:00,user_003,10,0,3,False,0.0,0.0,0.0,0.0,0.0,0.0,0.0,0.0,55.17,0.0,0.0,0.0,0.0,0.0,0,0.0,0.0,0.0,0.0,0.0,Consumer
2023-05-11 11:00:00,user_003,11,0,3,False,0.0,0.0,0.0,0.0,0.0,0.0,0.0,0.0,55.17,0.0,0.0,0.0,0.0,0.0,0,0.0,0.0,0.0,0.0,0.0,Consumer
2023-05-11 12:00:00,user_003,12,0,3,False,0.0,0.0,0.0,0.0,0.0,0.0,0.0,0.0,55.17,0.0,0.0,0.0,0.0,0.0,0,0.0,0.0,0.0,0.0,0.0,Consumer
2023-05-11 13:00:00,user_003,13,0,3,False,0.0,0.0,0.0,0.0,0.0,0.0,0.0,0.0,55.17,0.0,0.0,0.0,0.0,0.0,0,0.0,0.0,0.0,0.0,0.0,Consumer
2023-05-11 14:00:00,user_003,14,0,3,False,0.0,0.0,0.0,0.0,0.0,0.0,0.0,0.0,55.17,0.0,0.0,0.0,0.0,0.0,0,0.0,0.0,0.0,0.0,0.0,Consumer
2023-05-11 15:00:00,user_003,15,0,3,False,0.0,0.0,0.0,0.0,0.0,0.0,0.0,0.0,55.17,0.0,0.0,0.0,0.0,0.0,0,0.0,0.0,0.0,0.0,0.0,Consumer
2023-05-11 16:00:00,user_003,16,0,3,False,0.0,0.0,0.0,0.0,0.0,0.0,0.0,0.0,55.17,0.0,0.0,0.0,0.0,0.0,0,0.0,0.0,0.0,0.0,0.0,Consumer
2023-05-11 17:00:00,user_003,17,0,3,False,0.0,0.0,0.0,0.0,0.0,0.0,0.0,0.0,55.17,0.0,0.0,0.0,0.0,0.0,0,0.0,0.0,0.0,0.0,0.0,Consumer
2023-05-11 18:00:00,user_003,18,0,3,False,0.0,0.0,0.0,0.0,0.0,0.0,0.0,0.0,55.17,0.0,0.0,0.0,0.0,0.0,0,0.0,0.0,0.0,0.0,0.0,Consumer
2023-05-11 19:00:00,user_003,19,0,3,False,0.0,0.0,0.0,0.0,0.0,0.0,0.0,0.0,55.17,0.0,0.0,0.0,0.0,0.0,0,0.0,0.0,0.0,0.0,0.0,Consumer
2023-05-11 20:00:00,user_003,20,0,3,False,0.0,0.0,0.0,0.0,0.0,0.0,0.0,0.0,55.17,0.0,0.0,0.0,0.0,0.0,0,0.0,0.0,0.0,0.0,0.0,Consumer
2023-05-11 21:00:00,user_003,21,0,3,False,0.0,0.0,0.0,0.0,0.0,0.0,0.0,0.0,55.17,0.0,0.0,0.0,0.0,0.0,0,0.0,0.0,0.0,0.0,0.0,Consumer
2023-05-11 22:00:00,user_003,22,0,3,False,0.0,0.0,0.0,0.0,0.0,0.0,0.0,0.0,55.17,0.0,0.0,0.0,0.0,0.0,0,0.0,0.0,0.0,0.0,0.0,Consumer
2023-05-11 23:00:00,user_003,23,0,3,False,0.0,0.0,0.0,0.0,0.0,0.0,0.0,0.0,55.17,0.0,0.0,0.0,0.0,0.0,0,0.0,0.0,0.0,0.0,0.0,Consumer
2023-05-12 00:00:00,user_003,0,0,4,False,0.0,0.0,0.0,0.0,0.0,0.0,0.0,0.0,55.17,0.0,0.0,0.0,0.0,0.0,0,0.0,0.0,0.0,0.0,0.0,Consumer
2023-05-12 01:00:00,user_003,1,0,4,False,0.0,0.0,0.0,0.0,0.0,0.0,0.0,0.0,55.17,0.0,0.0,0.0,0.0,0.0,0,0.0,0.0,0.0,0.0,0.0,Consumer
2023-05-12 02:00:00,user_003,2,0,4,False,0.0,0.0,0.0,0.0,0.0,0.0,0.0,0.0,55.17,0.0,0.0,0.0,0.0,0.0,0,0.0,0.0,0.0,0.0,0.0,Consumer
2023-05-12 03:00:00,user_003,3,0,4,False,0.0,0.0,0.0,0.0,0.0,0.0,0.0,0.0,55.17,0.0,0.0,0.0,0.0,0.0,0,0.0,0.0,0.0,0.0,0.0,Consumer
2023-05-12 04:00:00,user_003,4,0,4,False,0.0,0.0,0.0,0.0,0.0,0.0,0.0,0.0,55.17,0.0,0.0,0.0,0.0,0.0,0,0.0,0.0,0.0,0.0,0.0,Consumer
2023-05-12 05:00:00,user_003,5,0,4,False,0.0,0.0,0.0,0.0,0.0,0.0,0.0,0.0,55.17,0.0,0.0,0.0,0.0,0.0,0,0.0,0.0,0.0,0.0,0.0,Consumer
2023-05-12 06:00:00,user_003,6,0,4,False,0.0,0.0,0.0,0.0,0.0,0.0,0.0,0.0,55.17,0.0,0.0,0.0,0.0,0.0,0,0.0,0.0,0.0,0.0,0.0,Consumer
2023-05-12 07:00:00,user_003,7,0,4,False,0.0,0.0,0.0,0.0,0.0,0.0,0.0,0.0,55.17,0.0,0.0,0.0,0.0,0.0,0,0.0,0.0,0.0,0.0,0.0,Consumer
2023-05-12 08:00:00,user_003,8,0,4,False,0.0,0.0,0.0,0.0,0.0,0.0,0.0,0.0,55.17,0.0,0.0,0.0,0.0,0.0,0,0.0,0.0,0.0,0.0,0.0,Consumer
2023-05-12 09:00:00,user_003,9,0,4,False,0.0,0.0,0.0,0.0,0.0,0.0,0.0,0.0,55.17,0.0,0.0,0.0,0.0,0.0,0,0.0,0.0,0.0,0.0,0.0,Consumer
2023-05-12 10:00:00,user_003,10,0,4,False,0.0,0.0,0.0,0.0,0.0,0.0,0.0,0.0,55.17,0.0,0.0,0.0,0.0,0.0,0,0.0,0.0,0.0,0.0,0.0,Consumer
2023-05-12 11:00:00,user_003,11,0,4,False,0.0,0.0,0.0,0.0,0.0,0.0,0.0,0.0,55.17,0.0,0.0,0.0,0.0,0.0,0,0.0,0.0,0.0,0.0,0.0,Consumer
2023-05-12 12:00:00,user_003,12,0,4,False,0.0,0.0,0.0,0.0,0.0,0.0,0.0,0.0,55.17,0.0,0.0,0.0,0.0,0.0,0,0.0,0.0,0.0,0.0,0.0,Consumer
2023-05-12 13:00:00,user_003,13,0,4,False,0.0,0.0,0.0,0.0,0.0,0.0,0.0,0.0,55.17,0.0,0.0,0.0,0.0,0.0,0,0.0,0.0,0.0,0.0,0.0,Consumer
2023-05-12 14:00:00,user_003,14,0,4,False,0.0,0.0,0.0,0.0,0.0,0.0,0.0,0.0,55.17,0.0,0.0,0.0,0.0,0.0,0,0.0,0.0,0.0,0.0,0.0,Consumer
2023-05-12 15:00:00,user_003,15,0,4,False,0.0,0.0,0.0,0.0,0.0,0.0,0.0,0.0,55.17,0.0,0.0,0.0,0.0,0.0,0,0.0,0.0,0.0,0.0,0.0,Consumer
2023-05-12 16:00:00,user_003,16,0,4,False,0.0,0.0,0.0,0.0,0.0,0.0,0.0,0.0,55.17,0.0,0.0,0.0,0.0,0.0,0,0.0,0.0,0.0,0.0,0.0,Consumer
2023-05-12 17:00:00,user_003,17,0,4,False,0.0,0.0,0.0,0.0,0.0,0.0,0.0,0.0,55.17,0.0,0.0,0.0,0.0,0.0,0,0.0,0.0,0.0,0.0,0.0,Consumer
2023-05-12 18:00:00,user_003,18,0,4,False,0.0,0.0,0.0,0.0,0.0,0.0,0.0,0.0,55.17,0.0,0.0,0.0,0.0,0.0,0,0.0,0.0,0.0,0.0,0.0,Consumer
2023-05-12 19:00:00,user_003,19,0,4,False,0.0,0.0,0.0,0.0,0.0,0.0,0.0,0.0,55.17,0.0,0.0,0.0,0.0,0.0,0,0.0,0.0,0.0,0.0,0.0,Consumer
2023-05-12 20:00:00,user_003,20,0,4,False,0.0,0.0,0.0,0.0,0.0,0.0,0.0,0.0,55.17,0.0,0.0,0.0,0.0,0.0,0,0.0,0.0,0.0,0.0,0.0,Consumer
2023-05-12 21:00:00,user_003,21,0,4,False,0.0,0.0,0.0,0.0,0.0,0.0,0.0,0.0,55.17,0.0,0.0,0.0,0.0,0.0,0,0.0,0.0,0.0,0.0,0.0,Consumer
2023-05-12 22:00:00,user_003,22,0,4,False,0.0,0.0,0.0,0.0,0.0,0.0,0.0,0.0,55.17,0.0,0.0,0.0,0.0,0.0,0,0.0,0.0,0.0,0.0,0.0,Consumer
2023-05-12 23:00:00,user_003,23,0,4,False,0.0,0.0,0.0,0.0,0.0,0.0,0.0,0.0,55.17,0.0,0.0,0.0,0.0,0.0,0,0.0,0.0,0.0,0.0,0.0,Consumer
2023-05-13 00:00:00,user_003,0,0,5,True,0.0,0.0,0.0,0.0,0.0,0.0,0.0,0.0,55.17,0.0,0.0,0.0,0.0,0.0,0,0.0,0.0,0.0,0.0,0.0,Consumer
2023-05-13 01:00:00,user_003,1,0,5,True,0.0,0.0,0.0,0.0,0.0,0.0,0.0,0.0,55.17,0.0,0.0,0.0,0.0,0.0,0,0.0,0.0,0.0,0.0,0.0,Consumer
2023-05-13 02:00:00,user_003,2,0,5,True,0.0,0.0,0.0,0.0,0.0,0.0,0.0,0.0,55.17,0.0,0.0,0.0,0.0,0.0,0,0.0,0.0,0.0,0.0,0.0,Consumer
2023-05-13 03:00:00,user_003,3,0,5,True,0.0,0.0,0.0,0.0,0.0,0.0,0.0,0.0,55.17,0.0,0.0,0.0,0.0,0.0,0,0.0,0.0,0.0,0.0,0.0,Consumer
2023-05-13 04:00:00,user_003,4,0,5,True,0.0,0.0,0.0,0.0,0.0,0.0,0.0,0.0,55.17,0.0,0.0,0.0,0.0,0.0,0,0.0,0.0,0.0,0.0,0.0,Consumer
2023-05-13 05:00:00,user_003,5,0,5,True,0.0,0.0,0.0,0.0,0.0,0.0,0.0,0.0,55.17,0.0,0.0,0.0,0.0,0.0,0,0.0,0.0,0.0,0.0,0.0,Consumer
2023-05-13 06:00:00,user_003,6,0,5,True,0.0,0.0,0.0,0.0,0.0,0.0,0.0,0.0,55.17,0.0,0.0,0.0,0.0,0.0,0,0.0,0.0,0.0,0.0,0.0,Consumer
2023-05-13 07:00:00,user_003,7,0,5,True,0.0,0.0,0.0,0.0,0.0,0.0,0.0,0.0,55.17,0.0,0.0,0.0,0.0,0.0,0,0.0,0.0,0.0,0.0,0.0,Consumer
2023-05-13 08:00:00,user_003,8,0,5,True,0.0,0.0,0.0,0.0,0.0,0.0,0.0,0.0,55.17,0.0,0.0,0.0,0.0,0.0,0,0.0,0.0,0.0,0.0,0.0,Consumer
2023-05-13 09:00:00,user_003,9,0,5,True,0.0,0.0,0.0,0.0,0.0,0.0,0.0,0.0,55.17,0.0,0.0,0.0,0.0,0.0,0,0.0,0.0,0.0,0.0,0.0,Consumer
2023-05-13 10:00:00,user_003,10,0,5,True,0.0,0.0,0.0,0.0,0.0,0.0,0.0,0.0,55.17,0.0,0.0,0.0,0.0,0.0,0,0.0,0.0,0.0,0.0,0.0,Consumer
2023-05-13 11:00:00,user_003,11,0,5,True,0.0,0.0,0.0,0.0,0.0,0.0,0.0,0.0,55.17,0.0,0.0,0.0,0.0,0.0,0,0.0,0.0,0.0,0.0,0.0,Consumer
2023-05-13 12:00:00,user_003,12,0,5,True,0.0,0.0,0.0,0.0,0.0,0.0,0.0,0.0,55.17,0.0,0.0,0.0,0.0,0.0,0,0.0,0.0,0.0,0.0,0.0,Consumer
2023-05-13 13:00:00,user_003,13,0,5,True,0.0,0.0,0.0,0.0,0.0,0.0,0.0,0.0,55.17,0.0,0.0,0.0,0.0,0.0,0,0.0,0.0,0.0,0.0,0.0,Consumer
2023-05-13 14:00:00,user_003,14,0,5,True,0.0,0.0,0.0,0.0,0.0,0.0,0.0,0.0,55.17,0.0,0.0,0.0,0.0,0.0,0,0.0,0.0,0.0,0.0,0.0,Consumer
2023-05-13 15:00:00,user_003,15,0,5,True,0.0,0.0,0.0,0.0,0.0,0.0,0.0,0.0,55.17,0.0,0.0,0.0,0.0,0.0,0,0.0,0.0,0.0,0.0,0.0,Consumer
2023-05-13 16:00:00,user_003,16,0,5,True,0.0,0.0,0.0,0.0,0.0,0.0,0.0,0.0,55.17,0.0,0.0,0.0,0.0,0.0,0,0.0,0.0,0.0,0.0,0.0,Consumer
2023-05-13 17:00:00,user_003,17,0,5,True,0.0,0.0,0.0,0.0,0.0,0.0,0.0,0.0,55.17,0.0,0.0,0.0,0.0,0.0,0,0.0,0.0,0.0,0.0,0.0,Consumer
2023-05-13 18:00:00,user_003,18,0,5,True,0.0,0.0,0.0,0.0,0.0,0.0,0.0,0.0,55.17,0.0,0.0,0.0,0.0,0.0,0,0.0,0.0,0.0,0.0,0.0,Consumer
2023-05-13 19:00:00,user_003,19,0,5,True,0.0,0.0,0.0,0.0,0.0,0.0,0.0,0.0,55.17,0.0,0.0,0.0,0.0,0.0,0,0.0,0.0,0.0,0.0,0.0,Consumer
2023-05-13 20:00:00,user_003,20,0,5,True,0.0,0.0,0.0,0.0,0.0,0.0,0.0,0.0,55.17,0.0,0.0,0.0,0.0,0.0,0,0.0,0.0,0.0,0.0,0.0,Consumer
2023-05-13 21:00:00,user_003,21,0,5,True,0.0,0.0,0.0,0.0,0.0,0.0,0.0,0.0,55.17,0.0,0.0,0.0,0.0,0.0,0,0.0,0.0,0.0,0.0,0.0,Consumer
2023-05-13 22:00:00,user_003,22,0,5,True,0.0,0.0,0.0,0.0,0.0,0.0,0.0,0.0,55.17,0.0,0.0,0.0,0.0,0.0,0,0.0,0.0,0.0,0.0,0.0,Consumer
2023-05-13 23:00:00,user_003,23,0,5,True,0.0,0.0,0.0,0.0,0.0,0.0,0.0,0.0,55.17,0.0,0.0,0.0,0.0,0.0,0,0.0,0.0,0.0,0.0,0.0,Consumer
2023-05-14 00:00:00,user_003,0,0,6,True,0.0,0.0,0.0,0.0,0.0,0.0,0.0,0.0,55.17,0.0,0.0,0.0,0.0,0.0,0,0.0,0.0,0.0,0.0,0.0,Consumer
2023-05-14 01:00:00,user_003,1,0,6,True,0.0,0.0,0.0,0.0,0.0,0.0,0.0,0.0,55.17,0.0,0.0,0.0,0.0,0.0,0,0.0,0.0,0.0,0.0,0.0,Consumer
2023-05-14 02:00:00,user_003,2,0,6,True,0.0,0.0,0.0,0.0,0.0,0.0,0.0,0.0,55.17,0.0,0.0,0.0,0.0,0.0,0,0.0,0.0,0.0,0.0,0.0,Consumer
2023-05-14 03:00:00,user_003,3,0,6,True,0.0,0.0,0.0,0.0,0.0,0.0,0.0,0.0,55.17,0.0,0.0,0.0,0.0,0.0,0,0.0,0.0,0.0,0.0,0.0,Consumer
2023-05-14 04:00:00,user_003,4,0,6,True,0.0,0.0,0.0,0.0,0.0,0.0,0.0,0.0,55.17,0.0,0.0,0.0,0.0,0.0,0,0.0,0.0,0.0,0.0,0.0,Consumer
2023-05-14 05:00:00,user_003,5,0,6,True,0.0,0.0,0.0,0.0,0.0,0.0,0.0,0.0,55.17,0.0,0.0,0.0,0.0,0.0,0,0.0,0.0,0.0,0.0,0.0,Consumer
2023-05-14 06:00:00,user_003,6,0,6,True,0.0,0.0,0.0,0.0,0.0,0.0,0.0,0.0,55.17,0.0,0.0,0.0,0.0,0.0,0,0.0,0.0,0.0,0.0,0.0,Consumer
2023-05-14 07:00:00,user_003,7,0,6,True,0.0,0.0,0.0,0.0,0.0,0.0,0.0,0.0,55.17,0.0,0.0,0.0,0.0,0.0,0,0.0,0.0,0.0,0.0,0.0,Consumer
2023-05-14 08:00:00,user_003,8,0,6,True,0.0,0.0,0.0,0.0,0.0,0.0,0.0,0.0,55.17,0.0,0.0,0.0,0.0,0.0,0,0.0,0.0,0.0,0.0,0.0,Consumer
2023-05-14 09:00:00,user_003,9,0,6,True,0.0,0.0,0.0,0.0,0.0,0.0,0.0,0.0,55.17,0.0,0.0,0.0,0.0,0.0,0,0.0,0.0,0.0,0.0,0.0,Consumer
2023-05-14 10:00:00,user_003,10,0,6,True,0.0,0.0,0.0,0.0,0.0,0.0,0.0,0.0,55.17,0.0,0.0,0.0,0.0,0.0,0,0.0,0.0,0.0,0.0,0.0,Consumer
2023-05-14 11:00:00,user_003,11,0,6,True,0.0,0.0,0.0,0.0,0.0,0.0,0.0,0.0,55.17,0.0,0.0,0.0,0.0,0.0,0,0.0,0.0,0.0,0.0,0.0,Consumer
2023-05-14 12:00:00,user_003,12,0,6,True,0.0,0.0,0.0,0.0,0.0,0.0,0.0,0.0,55.17,0.0,0.0,0.0,0.0,0.0,0,0.0,0.0,0.0,0.0,0.0,Consumer
2023-05-14 13:00:00,user_003,13,0,6,True,0.0,0.0,0.0,0.0,0.0,0.0,0.0,0.0,55.17,0.0,0.0,0.0,0.0,0.0,0,0.0,0.0,0.0,0.0,0.0,Consumer
2023-05-14 14:00:00,user_003,14,0,6,True,0.0,0.0,0.0,0.0,0.0,0.0,0.0,0.0,55.17,0.0,0.0,0.0,0.0,0.0,0,0.0,0.0,0.0,0.0,0.0,Consumer
2023-05-14 15:00:00,user_003,15,0,6,True,0.0,0.0,0.0,0.0,0.0,0.0,0.0,0.0,55.17,0.0,0.0,0.0,0.0,0.0,0,0.0,0.0,0.0,0.0,0.0,Consumer
2023-05-14 16:00:00,user_003,16,0,6,True,0.0,0.0,0.0,0.0,0.0,0.0,0.0,0.0,55.17,0.0,0.0,0.0,0.0,0.0,0,0.0,0.0,0.0,0.0,0.0,Consumer
2023-05-14 17:00:00,user_003,17,0,6,True,0.0,0.0,0.0,0.0,0.0,0.0,0.0,0.0,55.17,0.0,0.0,0.0,0.0,0.0,0,0.0,0.0,0.0,0.0,0.0,Consumer
2023-05-14 18:00:00,user_003,18,0,6,True,0.0,0.0,0.0,0.0,0.0,0.0,0.0,0.0,55.17,0.0,0.0,0.0,0.0,0.0,0,0.0,0.0,0.0,0.0,0.0,Consumer
2023-05-14 19:00:00,user_003,19,0,6,True,0.0,0.0,0.0,0.0,0.0,0.0,0.0,0.0,55.17,0.0,0.0,0.0,0.0,0.0,0,0.0,0.0,0.0,0.0,0.0,Consumer
2023-05-14 20:00:00,user_003,20,0,6,True,0.0,0.0,0.0,0.0,0.0,0.0,0.0,0.0,55.17,0.0,0.0,0.0,0.0,0.0,0,0.0,0.0,0.0,0.0,0.0,Consumer
2023-05-14 21:00:00,user_003,21,0,6,True,0.0,0.0,0.0,0.0,0.0,0.0,0.0,0.0,55.17,0.0,0.0,0.0,0.0,0.0,0,0.0,0.0,0.0,0.0,0.0,Consumer
2023-05-14 22:00:00,user_003,22,0,6,True,0.0,0.0,0.0,0.0,0.0,0.0,0.0,0.0,55.17,0.0,0.0,0.0,0.0,0.0,0,0.0,0.0,0.0,0.0,0.0,Consumer
2023-05-14 23:00:00,user_003,23,0,6,True,0.0,0.0,0.0,0.0,0.0,0.0,0.0,0.0,55.17,0.0,0.0,0.0,0.0,0.0,0,0.0,0.0,0.0,0.0,0.0,Consumer
2023-05-15 00:00:00,user_003,0,0,0,False,0.0,0.0,0.0,0.0,0.0,0.0,0.0,0.0,55.17,0.0,0.0,0.0,0.0,0.0,0,0.0,0.0,0.0,0.0,0.0,Consumer
2023-05-15 01:00:00,user_003,1,0,0,False,0.0,0.0,0.0,0.0,0.0,0.0,0.0,0.0,55.17,0.0,0.0,0.0,0.0,0.0,0,0.0,0.0,0.0,0.0,0.0,Consumer
2023-05-15 02:00:00,user_003,2,0,0,False,0.0,0.0,0.0,0.0,0.0,0.0,0.0,0.0,55.17,0.0,0.0,0.0,0.0,0.0,0,0.0,0.0,0.0,0.0,0.0,Consumer
2023-05-15 03:00:00,user_003,3,0,0,False,0.0,0.0,0.0,0.0,0.0,0.0,0.0,0.0,55.17,0.0,0.0,0.0,0.0,0.0,0,0.0,0.0,0.0,0.0,0.0,Consumer
2023-05-15 04:00:00,user_003,4,0,0,False,0.0,0.0,0.0,0.0,0.0,0.0,0.0,0.0,55.17,0.0,0.0,0.0,0.0,0.0,0,0.0,0.0,0.0,0.0,0.0,Consumer
2023-05-15 05:00:00,user_003,5,0,0,False,0.0,0.0,0.0,0.0,0.0,0.0,0.0,0.0,55.17,0.0,0.0,0.0,0.0,0.0,0,0.0,0.0,0.0,0.0,0.0,Consumer
2023-05-15 06:00:00,user_003,6,0,0,False,0.0,0.0,0.0,0.0,0.0,0.0,0.0,0.0,55.17,0.0,0.0,0.0,0.0,0.0,0,0.0,0.0,0.0,0.0,0.0,Consumer
2023-05-15 07:00:00,user_003,7,0,0,False,0.0,0.0,0.0,0.0,0.0,0.0,0.0,0.0,55.17,0.0,0.0,0.0,0.0,0.0,0,0.0,0.0,0.0,0.0,0.0,Consumer
2023-05-15 08:00:00,user_003,8,0,0,False,0.0,0.0,0.0,0.0,0.0,0.0,0.0,0.0,55.17,0.0,0.0,0.0,0.0,0.0,0,0.0,0.0,0.0,0.0,0.0,Consumer
2023-05-15 09:00:00,user_003,9,0,0,False,0.0,0.0,0.0,0.0,0.0,0.0,0.0,0.0,55.17,0.0,0.0,0.0,0.0,0.0,0,0.0,0.0,0.0,0.0,0.0,Consumer
2023-05-15 10:00:00,user_003,10,0,0,False,0.0,0.0,0.0,0.0,0.0,0.0,0.0,0.0,55.17,0.0,0.0,0.0,0.0,0.0,0,0.0,0.0,0.0,0.0,0.0,Consumer
2023-05-15 11:00:00,user_003,11,0,0,False,0.0,0.0,0.0,0.0,0.0,0.0,0.0,0.0,55.17,0.0,0.0,0.0,0.0,0.0,0,0.0,0.0,0.0,0.0,0.0,Consumer
2023-05-15 12:00:00,user_003,12,0,0,False,0.0,0.0,0.0,0.0,0.0,0.0,0.0,0.0,55.17,0.0,0.0,0.0,0.0,0.0,0,0.0,0.0,0.0,0.0,0.0,Consumer
2023-05-15 13:00:00,user_003,13,0,0,False,0.0,0.0,0.0,0.0,0.0,0.0,0.0,0.0,55.17,0.0,0.0,0.0,0.0,0.0,0,0.0,0.0,0.0,0.0,0.0,Consumer
2023-05-15 14:00:00,user_003,14,0,0,False,0.0,0.0,0.0,0.0,0.0,0.0,0.0,0.0,55.17,0.0,0.0,0.0,0.0,0.0,0,0.0,0.0,0.0,0.0,0.0,Consumer
2023-05-15 15:00:00,user_003,15,0,0,False,0.0,0.0,0.0,0.0,0.0,0.0,0.0,0.0,55.17,0.0,0.0,0.0,0.0,0.0,0,0.0,0.0,0.0,0.0,0.0,Consumer
2023-05-15 16:00:00,user_003,16,0,0,False,0.0,0.0,0.0,0.0,0.0,0.0,0.0,0.0,55.17,0.0,0.0,0.0,0.0,0.0,0,0.0,0.0,0.0,0.0,0.0,Consumer
2023-05-15 17:00:00,user_003,17,0,0,False,0.0,0.0,0.0,0.0,0.0,0.0,0.0,0.0,55.17,0.0,0.0,0.0,0.0,0.0,0,0.0,0.0,0.0,0.0,0.0,Consumer
2023-05-15 18:00:00,user_003,18,0,0,False,0.0,0.0,0.0,0.0,0.0,0.0,0.0,0.0,55.17,0.0,0.0,0.0,0.0,0.0,0,0.0,0.0,0.0,0.0,0.0,Consumer
2023-05-15 19:00:00,user_003,19,0,0,False,0.0,0.0,0.0,0.0,0.0,0.0,0.0,0.0,55.17,0.0,0.0,0.0,0.0,0.0,0,0.0,0.0,0.0,0.0,0.0,Consumer
2023-05-15 20:00:00,user_003,20,0,0,False,0.0,0.0,0.0,0.0,0.0,0.0,0.0,0.0,55.17,0.0,0.0,0.0,0.0,0.0,0,0.0,0.0,0.0,0.0,0.0,Consumer
2023-05-15 21:00:00,user_003,21,0,0,False,0.0,0.0,0.0,0.0,0.0,0.0,0.0,0.0,55.17,0.0,0.0,0.0,0.0,0.0,0,0.0,0.0,0.0,0.0,0.0,Consumer
2023-05-15 22:00:00,user_003,22,0,0,False,0.0,0.0,0.0,0.0,0.0,0.0,0.0,0.0,55.17,0.0,0.0,0.0,0.0,0.0,0,0.0,0.0,0.0,0.0,0.0,Consumer
2023-05-15 23:00:00,user_003,23,0,0,False,0.0,0.0,0.0,0.0,0.0,0.0,0.0,0.0,55.17,0.0,0.0,0.0,0.0,0.0,0,0.0,0.0,0.0,0.0,0.0,Consumer
2023-05-16 00:00:00,user_003,0,0,1,False,0.0,0.0,0.0,0.0,0.0,0.0,0.0,0.0,55.17,0.0,0.0,0.0,0.0,0.0,0,0.0,0.0,0.0,0.0,0.0,Consumer
2023-05-16 01:00:00,user_003,1,0,1,False,0.0,0.0,0.0,0.0,0.0,0.0,0.0,0.0,55.17,0.0,0.0,0.0,0.0,0.0,0,0.0,0.0,0.0,0.0,0.0,Consumer
2023-05-16 02:00:00,user_003,2,0,1,False,0.0,0.0,0.0,0.0,0.0,0.0,0.0,0.0,55.17,0.0,0.0,0.0,0.0,0.0,0,0.0,0.0,0.0,0.0,0.0,Consumer
2023-05-16 03:00:00,user_003,3,0,1,False,0.0,0.0,0.0,0.0,0.0,0.0,0.0,0.0,55.17,0.0,0.0,0.0,0.0,0.0,0,0.0,0.0,0.0,0.0,0.0,Consumer
2023-05-16 04:00:00,user_003,4,0,1,False,0.0,0.0,0.0,0.0,0.0,0.0,0.0,0.0,55.17,0.0,0.0,0.0,0.0,0.0,0,0.0,0.0,0.0,0.0,0.0,Consumer
2023-05-16 05:00:00,user_003,5,0,1,False,0.0,0.0,0.0,0.0,0.0,0.0,0.0,0.0,55.17,0.0,0.0,0.0,0.0,0.0,0,0.0,0.0,0.0,0.0,0.0,Consumer
2023-05-16 06:00:00,user_003,6,0,1,False,0.0,0.0,0.0,0.0,0.0,0.0,0.0,0.0,55.17,0.0,0.0,0.0,0.0,0.0,0,0.0,0.0,0.0,0.0,0.0,Consumer
2023-05-16 07:00:00,user_003,7,0,1,False,0.0,0.0,0.0,0.0,0.0,0.0,0.0,0.0,55.17,0.0,0.0,0.0,0.0,0.0,0,0.0,0.0,0.0,0.0,0.0,Consumer
2023-05-16 08:00:00,user_003,8,0,1,False,0.0,0.0,0.0,0.0,0.0,0.0,0.0,0.0,55.17,0.0,0.0,0.0,0.0,0.0,0,0.0,0.0,0.0,0.0,0.0,Consumer
2023-05-16 09:00:00,user_003,9,0,1,False,0.0,0.0,0.0,0.0,0.0,0.0,0.0,0.0,55.17,0.0,0.0,0.0,0.0,0.0,0,0.0,0.0,0.0,0.0,0.0,Consumer
2023-05-16 10:00:00,user_003,10,0,1,False,0.0,0.0,0.0,0.0,0.0,0.0,0.0,0.0,55.17,0.0,0.0,0.0,0.0,0.0,0,0.0,0.0,0.0,0.0,0.0,Consumer
2023-05-16 11:00:00,user_003,11,0,1,False,0.0,0.0,0.0,0.0,0.0,0.0,0.0,0.0,55.17,0.0,0.0,0.0,0.0,0.0,0,0.0,0.0,0.0,0.0,0.0,Consumer
2023-05-16 12:00:00,user_003,12,0,1,False,0.0,0.0,0.0,0.0,0.0,0.0,0.0,0.0,55.17,0.0,0.0,0.0,0.0,0.0,0,0.0,0.0,0.0,0.0,0.0,Consumer
2023-05-16 13:00:00,user_003,13,0,1,False,0.0,0.0,0.0,0.0,0.0,0.0,0.0,0.0,55.17,0.0,0.0,0.0,0.0,0.0,0,0.0,0.0,0.0,0.0,0.0,Consumer
2023-05-16 14:00:00,user_003,14,0,1,False,0.0,0.0,0.0,0.0,0.0,0.0,0.0,0.0,55.17,0.0,0.0,0.0,0.0,0.0,0,0.0,0.0,0.0,0.0,0.0,Consumer
2023-05-16 15:00:00,user_003,15,0,1,False,0.0,0.0,0.0,0.0,0.0,0.0,0.0,0.0,55.17,0.0,0.0,0.0,0.0,0.0,0,0.0,0.0,0.0,0.0,0.0,Consumer
2023-05-16 16:00:00,user_003,16,0,1,False,0.0,0.0,0.0,0.0,0.0,0.0,0.0,0.0,55.17,0.0,0.0,0.0,0.0,0.0,0,0.0,0.0,0.0,0.0,0.0,Consumer
2023-05-16 17:00:00,user_003,17,0,1,False,0.0,0.0,0.0,0.0,0.0,0.0,0.0,0.0,55.17,0.0,0.0,0.0,0.0,0.0,0,0.0,0.0,0.0,0.0,0.0,Consumer
2023-05-16 18:00:00,user_003,18,0,1,False,0.0,0.0,0.0,0.0,0.0,0.0,0.0,0.0,55.17,0.0,0.0,0.0,0.0,0.0,0,0.0,0.0,0.0,0.0,0.0,Consumer
2023-05-16 19:00:00,user_003,19,0,1,False,0.0,0.0,0.0,0.0,0.0,0.0,0.0,0.0,55.17,0.0,0.0,0.0,0.0,0.0,0,0.0,0.0,0.0,0.0,0.0,Consumer
2023-05-16 20:00:00,user_003,20,0,1,False,0.0,0.0,0.0,0.0,0.0,0.0,0.0,0.0,55.17,0.0,0.0,0.0,0.0,0.0,0,0.0,0.0,0.0,0.0,0.0,Consumer
2023-05-16 21:00:00,user_003,21,0,1,False,0.0,0.0,0.0,0.0,0.0,0.0,0.0,0.0,55.17,0.0,0.0,0.0,0.0,0.0,0,0.0,0.0,0.0,0.0,0.0,Consumer
2023-05-16 22:00:00,user_003,22,0,1,False,0.0,0.0,0.0,0.0,0.0,0.0,0.0,0.0,55.17,0.0,0.0,0.0,0.0,0.0,0,0.0,0.0,0.0,0.0,0.0,Consumer
2023-05-16 23:00:00,user_003,23,0,1,False,0.0,0.0,0.0,0.0,0.0,0.0,0.0,0.0,55.17,0.0,0.0,0.0,0.0,0.0,0,0.0,0.0,0.0,0.0,0.0,Consumer
2023-05-17 00:00:00,user_003,0,0,2,False,0.0,0.0,0.0,0.0,0.0,0.0,0.0,0.0,55.17,0.0,0.0,0.0,0.0,0.0,0,0.0,0.0,0.0,0.0,0.0,Consumer
2023-05-17 01:00:00,user_003,1,0,2,False,0.0,0.0,0.0,0.0,0.0,0.0,0.0,0.0,55.17,0.0,0.0,0.0,0.0,0.0,0,0.0,0.0,0.0,0.0,0.0,Consumer
2023-05-17 02:00:00,user_003,2,0,2,False,0.0,0.0,0.0,0.0,0.0,0.0,0.0,0.0,55.17,0.0,0.0,0.0,0.0,0.0,0,0.0,0.0,0.0,0.0,0.0,Consumer
2023-05-17 03:00:00,user_003,3,0,2,False,0.0,0.0,0.0,0.0,0.0,0.0,0.0,0.0,55.17,0.0,0.0,0.0,0.0,0.0,0,0.0,0.0,0.0,0.0,0.0,Consumer
2023-05-17 04:00:00,user_003,4,0,2,False,0.0,0.0,0.0,0.0,0.0,0.0,0.0,0.0,55.17,0.0,0.0,0.0,0.0,0.0,0,0.0,0.0,0.0,0.0,0.0,Consumer
2023-05-17 05:00:00,user_003,5,0,2,False,0.0,0.0,0.0,0.0,0.0,0.0,0.0,0.0,55.17,0.0,0.0,0.0,0.0,0.0,0,0.0,0.0,0.0,0.0,0.0,Consumer
2023-05-17 06:00:00,user_003,6,0,2,False,0.0,0.0,0.0,0.0,0.0,0.0,0.0,0.0,55.17,0.0,0.0,0.0,0.0,0.0,0,0.0,0.0,0.0,0.0,0.0,Consumer
2023-05-17 07:00:00,user_003,7,0,2,False,0.0,0.0,0.0,0.0,0.0,0.0,0.0,0.0,55.17,0.0,0.0,0.0,0.0,0.0,0,0.0,0.0,0.0,0.0,0.0,Consumer
2023-05-17 08:00:00,user_003,8,0,2,False,0.0,0.0,0.0,0.0,0.0,0.0,0.0,0.0,55.17,0.0,0.0,0.0,0.0,0.0,0,0.0,0.0,0.0,0.0,0.0,Consumer
2023-05-17 09:00:00,user_003,9,0,2,False,0.0,0.0,0.0,0.0,0.0,0.0,0.0,0.0,55.17,0.0,0.0,0.0,0.0,0.0,0,0.0,0.0,0.0,0.0,0.0,Consumer
2023-05-17 10:00:00,user_003,10,0,2,False,0.0,0.0,0.0,0.0,0.0,0.0,0.0,0.0,55.17,0.0,0.0,0.0,0.0,0.0,0,0.0,0.0,0.0,0.0,0.0,Consumer
2023-05-17 11:00:00,user_003,11,0,2,False,0.0,0.0,0.0,0.0,0.0,0.0,0.0,0.0,55.17,0.0,0.0,0.0,0.0,0.0,0,0.0,0.0,0.0,0.0,0.0,Consumer
2023-05-17 12:00:00,user_003,12,0,2,False,0.0,0.0,0.0,0.0,0.0,0.0,0.0,0.0,55.17,0.0,0.0,0.0,0.0,0.0,0,0.0,0.0,0.0,0.0,0.0,Consumer
2023-05-17 13:00:00,user_003,13,0,2,False,0.0,0.0,0.0,0.0,0.0,0.0,0.0,0.0,55.17,0.0,0.0,0.0,0.0,0.0,0,0.0,0.0,0.0,0.0,0.0,Consumer
2023-05-17 14:00:00,user_003,14,0,2,False,0.0,0.0,0.0,0.0,0.0,0.0,0.0,0.0,55.17,0.0,0.0,0.0,0.0,0.0,0,0.0,0.0,0.0,0.0,0.0,Consumer
2023-05-17 15:00:00,user_003,15,0,2,False,0.0,0.0,0.0,0.0,0.0,0.0,0.0,0.0,55.17,0.0,0.0,0.0,0.0,0.0,0,0.0,0.0,0.0,0.0,0.0,Consumer
2023-05-17 16:00:00,user_003,16,0,2,False,0.0,0.0,0.0,0.0,0.0,0.0,0.0,0.0,55.17,0.0,0.0,0.0,0.0,0.0,0,0.0,0.0,0.0,0.0,0.0,Consumer
2023-05-17 17:00:00,user_003,17,0,2,False,0.0,0.0,0.0,0.0,0.0,0.0,0.0,0.0,55.17,0.0,0.0,0.0,0.0,0.0,0,0.0,0.0,0.0,0.0,0.0,Consumer
2023-05-17 18:00:00,user_003,18,0,2,False,0.0,0.0,0.0,0.0,0.0,0.0,0.0,0.0,55.17,0.0,0.0,0.0,0.0,0.0,0,0.0,0.0,0.0,0.0,0.0,Consumer
2023-05-17 19:00:00,user_003,19,0,2,False,0.0,0.0,0.0,0.0,0.0,0.0,0.0,0.0,55.17,0.0,0.0,0.0,0.0,0.0,0,0.0,0.0,0.0,0.0,0.0,Consumer
2023-05-17 20:00:00,user_003,20,0,2,False,0.0,0.0,0.0,0.0,0.0,0.0,0.0,0.0,55.17,0.0,0.0,0.0,0.0,0.0,0,0.0,0.0,0.0,0.0,0.0,Consumer
2023-05-17 21:00:00,user_003,21,0,2,False,0.0,0.0,0.0,0.0,0.0,0.0,0.0,0.0,55.17,0.0,0.0,0.0,0.0,0.0,0,0.0,0.0,0.0,0.0,0.0,Consumer
2023-05-17 22:00:00,user_003,22,0,2,False,0.0,0.0,0.0,0.0,0.0,0.0,0.0,0.0,55.17,0.0,0.0,0.0,0.0,0.0,0,0.0,0.0,0.0,0.0,0.0,Consumer
2023-05-17 23:00:00,user_003,23,0,2,False,0.0,0.0,0.0,0.0,0.0,0.0,0.0,0.0,55.17,0.0,0.0,0.0,0.0,0.0,0,0.0,0.0,0.0,0.0,0.0,Consumer
2023-05-18 00:00:00,user_003,0,0,3,False,0.0,0.0,0.0,0.0,0.0,0.0,0.0,0.0,55.17,0.0,0.0,0.0,0.0,0.0,0,0.0,0.0,0.0,0.0,0.0,Consumer
2023-05-18 01:00:00,user_003,1,0,3,False,0.0,0.0,0.0,0.0,0.0,0.0,0.0,0.0,55.17,0.0,0.0,0.0,0.0,0.0,0,0.0,0.0,0.0,0.0,0.0,Consumer
2023-05-18 02:00:00,user_003,2,0,3,False,0.0,0.0,0.0,0.0,0.0,0.0,0.0,0.0,55.17,0.0,0.0,0.0,0.0,0.0,0,0.0,0.0,0.0,0.0,0.0,Consumer
2023-05-18 03:00:00,user_003,3,0,3,False,0.0,0.0,0.0,0.0,0.0,0.0,0.0,0.0,55.17,0.0,0.0,0.0,0.0,0.0,0,0.0,0.0,0.0,0.0,0.0,Consumer
2023-05-18 04:00:00,user_003,4,0,3,False,0.0,0.0,0.0,0.0,0.0,0.0,0.0,0.0,55.17,0.0,0.0,0.0,0.0,0.0,0,0.0,0.0,0.0,0.0,0.0,Consumer
2023-05-18 05:00:00,user_003,5,0,3,False,0.0,0.0,0.0,0.0,0.0,0.0,0.0,0.0,55.17,0.0,0.0,0.0,0.0,0.0,0,0.0,0.0,0.0,0.0,0.0,Consumer
2023-05-18 06:00:00,user_003,6,0,3,False,0.0,0.0,0.0,0.0,0.0,0.0,0.0,0.0,55.17,0.0,0.0,0.0,0.0,0.0,0,0.0,0.0,0.0,0.0,0.0,Consumer
2023-05-18 07:00:00,user_003,7,0,3,False,0.0,0.0,0.0,0.0,0.0,0.0,0.0,0.0,55.17,0.0,0.0,0.0,0.0,0.0,0,0.0,0.0,0.0,0.0,0.0,Consumer
2023-05-18 08:00:00,user_003,8,0,3,False,0.0,0.0,0.0,0.0,0.0,0.0,0.0,0.0,55.17,0.0,0.0,0.0,0.0,0.0,0,0.0,0.0,0.0,0.0,0.0,Consumer
2023-05-18 09:00:00,user_003,9,0,3,False,0.0,0.0,0.0,0.0,0.0,0.0,0.0,0.0,55.17,0.0,0.0,0.0,0.0,0.0,0,0.0,0.0,0.0,0.0,0.0,Consumer
2023-05-18 10:00:00,user_003,10,0,3,False,0.0,0.0,0.0,0.0,0.0,0.0,0.0,0.0,55.17,0.0,0.0,0.0,0.0,0.0,0,0.0,0.0,0.0,0.0,0.0,Consumer
2023-05-18 11:00:00,user_003,11,0,3,False,0.0,0.0,0.0,0.0,0.0,0.0,0.0,0.0,55.17,0.0,0.0,0.0,0.0,0.0,0,0.0,0.0,0.0,0.0,0.0,Consumer
2023-05-18 12:00:00,user_003,12,0,3,False,0.0,0.0,0.0,0.0,0.0,0.0,0.0,0.0,55.17,0.0,0.0,0.0,0.0,0.0,0,0.0,0.0,0.0,0.0,0.0,Consumer
2023-05-18 13:00:00,user_003,13,0,3,False,0.0,0.0,0.0,0.0,0.0,0.0,0.0,0.0,55.17,0.0,0.0,0.0,0.0,0.0,0,0.0,0.0,0.0,0.0,0.0,Consumer
2023-05-18 14:00:00,user_003,14,0,3,False,0.0,0.0,0.0,0.0,0.0,0.0,0.0,0.0,55.17,0.0,0.0,0.0,0.0,0.0,0,0.0,0.0,0.0,0.0,0.0,Consumer
2023-05-18 15:00:00,user_003,15,0,3,False,0.0,0.0,0.0,0.0,0.0,0.0,0.0,0.0,55.17,0.0,0.0,0.0,0.0,0.0,0,0.0,0.0,0.0,0.0,0.0,Consumer
2023-05-18 16:00:00,user_003,16,0,3,False,0.0,0.0,0.0,0.0,0.0,0.0,0.0,0.0,55.17,0.0,0.0,0.0,0.0,0.0,0,0.0,0.0,0.0,0.0,0.0,Consumer
2023-05-18 17:00:00,user_003,17,0,3,False,0.0,0.0,0.0,0.0,0.0,0.0,0.0,0.0,55.17,0.0,0.0,0.0,0.0,0.0,0,0.0,0.0,0.0,0.0,0.0,Consumer
2023-05-18 18:00:00,user_003,18,0,3,False,0.0,0.0,0.0,0.0,0.0,0.0,0.0,0.0,55.17,0.0,0.0,0.0,0.0,0.0,0,0.0,0.0,0.0,0.0,0.0,Consumer
2023-05-18 19:00:00,user_003,19,0,3,False,0.0,0.0,0.0,0.0,0.0,0.0,0.0,0.0,55.17,0.0,0.0,0.0,0.0,0.0,0,0.0,0.0,0.0,0.0,0.0,Consumer
2023-05-18 20:00:00,user_003,20,0,3,False,0.0,0.0,0.0,0.0,0.0,0.0,0.0,0.0,55.17,0.0,0.0,0.0,0.0,0.0,0,0.0,0.0,0.0,0.0,0.0,Consumer
2023-05-18 21:00:00,user_003,21,0,3,False,0.0,0.0,0.0,0.0,0.0,0.0,0.0,0.0,55.17,0.0,0.0,0.0,0.0,0.0,0,0.0,0.0,0.0,0.0,0.0,Consumer
2023-05-18 22:00:00,user_003,22,0,3,False,0.0,0.0,0.0,0.0,0.0,0.0,0.0,0.0,55.17,0.0,0.0,0.0,0.0,0.0,0,0.0,0.0,0.0,0.0,0.0,Consumer
2023-05-18 23:00:00,user_003,23,0,3,False,0.0,0.0,0.0,0.0,0.0,0.0,0.0,0.0,55.17,0.0,0.0,0.0,0.0,0.0,0,0.0,0.0,0.0,0.0,0.0,Consumer
2023-05-19 00:00:00,user_003,0,0,4,False,0.0,0.0,0.0,0.0,0.0,0.0,0.0,0.0,55.17,0.0,0.0,0.0,0.0,0.0,0,0.0,0.0,0.0,0.0,0.0,Consumer
2023-05-19 01:00:00,user_003,1,0,4,False,0.0,0.0,0.0,0.0,0.0,0.0,0.0,0.0,55.17,0.0,0.0,0.0,0.0,0.0,0,0.0,0.0,0.0,0.0,0.0,Consumer
2023-05-19 02:00:00,user_003,2,0,4,False,0.0,0.0,0.0,0.0,0.0,0.0,0.0,0.0,55.17,0.0,0.0,0.0,0.0,0.0,0,0.0,0.0,0.0,0.0,0.0,Consumer
2023-05-19 03:00:00,user_003,3,0,4,False,0.0,0.0,0.0,0.0,0.0,0.0,0.0,0.0,55.17,0.0,0.0,0.0,0.0,0.0,0,0.0,0.0,0.0,0.0,0.0,Consumer
2023-05-19 04:00:00,user_003,4,0,4,False,0.0,0.0,0.0,0.0,0.0,0.0,0.0,0.0,55.17,0.0,0.0,0.0,0.0,0.0,0,0.0,0.0,0.0,0.0,0.0,Consumer
2023-05-19 05:00:00,user_003,5,0,4,False,0.0,0.0,0.0,0.0,0.0,0.0,0.0,0.0,55.17,0.0,0.0,0.0,0.0,0.0,0,0.0,0.0,0.0,0.0,0.0,Consumer
2023-05-19 06:00:00,user_003,6,0,4,False,0.0,0.0,0.0,0.0,0.0,0.0,0.0,0.0,55.17,0.0,0.0,0.0,0.0,0.0,0,0.0,0.0,0.0,0.0,0.0,Consumer
2023-05-19 07:00:00,user_003,7,0,4,False,0.0,0.0,0.0,0.0,0.0,0.0,0.0,0.0,55.17,0.0,0.0,0.0,0.0,0.0,0,0.0,0.0,0.0,0.0,0.0,Consumer
2023-05-19 08:00:00,user_003,8,0,4,False,0.0,0.0,0.0,0.0,0.0,0.0,0.0,0.0,55.17,0.0,0.0,0.0,0.0,0.0,0,0.0,0.0,0.0,0.0,0.0,Consumer
2023-05-19 09:00:00,user_003,9,0,4,False,0.0,0.0,0.0,0.0,0.0,0.0,0.0,0.0,55.17,0.0,0.0,0.0,0.0,0.0,0,0.0,0.0,0.0,0.0,0.0,Consumer
2023-05-19 10:00:00,user_003,10,0,4,False,0.0,0.0,0.0,0.0,0.0,0.0,0.0,0.0,55.17,0.0,0.0,0.0,0.0,0.0,0,0.0,0.0,0.0,0.0,0.0,Consumer
2023-05-19 11:00:00,user_003,11,0,4,False,0.0,0.0,0.0,0.0,0.0,0.0,0.0,0.0,55.17,0.0,0.0,0.0,0.0,0.0,0,0.0,0.0,0.0,0.0,0.0,Consumer
2023-05-19 12:00:00,user_003,12,0,4,False,0.0,0.0,0.0,0.0,0.0,0.0,0.0,0.0,55.17,0.0,0.0,0.0,0.0,0.0,0,0.0,0.0,0.0,0.0,0.0,Consumer
2023-05-19 13:00:00,user_003,13,0,4,False,0.0,0.0,0.0,0.0,0.0,0.0,0.0,0.0,55.17,0.0,0.0,0.0,0.0,0.0,0,0.0,0.0,0.0,0.0,0.0,Consumer
2023-05-19 14:00:00,user_003,14,0,4,False,0.0,0.0,0.0,0.0,0.0,0.0,0.0,0.0,55.17,0.0,0.0,0.0,0.0,0.0,0,0.0,0.0,0.0,0.0,0.0,Consumer
2023-05-19 15:00:00,user_003,15,0,4,False,0.0,0.0,0.0,0.0,0.0,0.0,0.0,0.0,55.17,0.0,0.0,0.0,0.0,0.0,0,0.0,0.0,0.0,0.0,0.0,Consumer
2023-05-19 16:00:00,user_003,16,0,4,False,0.0,0.0,0.0,0.0,0.0,0.0,0.0,0.0,55.17,0.0,0.0,0.0,0.0,0.0,0,0.0,0.0,0.0,0.0,0.0,Consumer
2023-05-19 17:00:00,user_003,17,0,4,False,0.0,0.0,0.0,0.0,0.0,0.0,0.0,0.0,55.17,0.0,0.0,0.0,0.0,0.0,0,0.0,0.0,0.0,0.0,0.0,Consumer
2023-05-19 18:00:00,user_003,18,0,4,False,0.0,0.0,0.0,0.0,0.0,0.0,0.0,0.0,55.17,0.0,0.0,0.0,0.0,0.0,0,0.0,0.0,0.0,0.0,0.0,Consumer
2023-05-19 19:00:00,user_003,19,0,4,False,0.0,0.0,0.0,0.0,0.0,0.0,0.0,0.0,55.17,0.0,0.0,0.0,0.0,0.0,0,0.0,0.0,0.0,0.0,0.0,Consumer
2023-05-19 20:00:00,user_003,20,0,4,False,0.0,0.0,0.0,0.0,0.0,0.0,0.0,0.0,55.17,0.0,0.0,0.0,0.0,0.0,0,0.0,0.0,0.0,0.0,0.0,Consumer
2023-05-19 21:00:00,user_003,21,0,4,False,0.0,0.0,0.0,0.0,0.0,0.0,0.0,0.0,55.17,0.0,0.0,0.0,0.0,0.0,0,0.0,0.0,0.0,0.0,0.0,Consumer
2023-05-19 22:00:00,user_003,22,0,4,False,0.0,0.0,0.0,0.0,0.0,0.0,0.0,0.0,55.17,0.0,0.0,0.0,0.0,0.0,0,0.0,0.0,0.0,0.0,0.0,Consumer
2023-05-19 23:00:00,user_003,23,0,4,False,0.0,0.0,0.0,0.0,0.0,0.0,0.0,0.0,55.17,0.0,0.0,0.0,0.0,0.0,0,0.0,0.0,0.0,0.0,0.0,Consumer
2023-05-20 00:00:00,user_003,0,0,5,True,0.0,0.0,0.0,0.0,0.0,0.0,0.0,0.0,55.17,0.0,0.0,0.0,0.0,0.0,0,0.0,0.0,0.0,0.0,0.0,Consumer
2023-05-20 01:00:00,user_003,1,0,5,True,0.0,0.0,0.0,0.0,0.0,0.0,0.0,0.0,55.17,0.0,0.0,0.0,0.0,0.0,0,0.0,0.0,0.0,0.0,0.0,Consumer
2023-05-20 02:00:00,user_003,2,0,5,True,0.0,0.0,0.0,0.0,0.0,0.0,0.0,0.0,55.17,0.0,0.0,0.0,0.0,0.0,0,0.0,0.0,0.0,0.0,0.0,Consumer
2023-05-20 03:00:00,user_003,3,0,5,True,0.0,0.0,0.0,0.0,0.0,0.0,0.0,0.0,55.17,0.0,0.0,0.0,0.0,0.0,0,0.0,0.0,0.0,0.0,0.0,Consumer
2023-05-20 04:00:00,user_003,4,0,5,True,0.0,0.0,0.0,0.0,0.0,0.0,0.0,0.0,55.17,0.0,0.0,0.0,0.0,0.0,0,0.0,0.0,0.0,0.0,0.0,Consumer
2023-05-20 05:00:00,user_003,5,0,5,True,0.0,0.0,0.0,0.0,0.0,0.0,0.0,0.0,55.17,0.0,0.0,0.0,0.0,0.0,0,0.0,0.0,0.0,0.0,0.0,Consumer
2023-05-20 06:00:00,user_003,6,0,5,True,0.0,0.0,0.0,0.0,0.0,0.0,0.0,0.0,55.17,0.0,0.0,0.0,0.0,0.0,0,0.0,0.0,0.0,0.0,0.0,Consumer
2023-05-20 07:00:00,user_003,7,0,5,True,0.0,0.0,0.0,0.0,0.0,0.0,0.0,0.0,55.17,0.0,0.0,0.0,0.0,0.0,0,0.0,0.0,0.0,0.0,0.0,Consumer
2023-05-20 08:00:00,user_003,8,0,5,True,0.0,0.0,0.0,0.0,0.0,0.0,0.0,0.0,55.17,0.0,0.0,0.0,0.0,0.0,0,0.0,0.0,0.0,0.0,0.0,Consumer
2023-05-20 09:00:00,user_003,9,0,5,True,0.0,0.0,0.0,0.0,0.0,0.0,0.0,0.0,55.17,0.0,0.0,0.0,0.0,0.0,0,0.0,0.0,0.0,0.0,0.0,Consumer
2023-05-20 10:00:00,user_003,10,0,5,True,0.0,0.0,0.0,0.0,0.0,0.0,0.0,0.0,55.17,0.0,0.0,0.0,0.0,0.0,0,0.0,0.0,0.0,0.0,0.0,Consumer
2023-05-20 11:00:00,user_003,11,0,5,True,0.0,0.0,0.0,0.0,0.0,0.0,0.0,0.0,55.17,0.0,0.0,0.0,0.0,0.0,0,0.0,0.0,0.0,0.0,0.0,Consumer
2023-05-20 12:00:00,user_003,12,0,5,True,0.0,0.0,0.0,0.0,0.0,0.0,0.0,0.0,55.17,0.0,0.0,0.0,0.0,0.0,0,0.0,0.0,0.0,0.0,0.0,Consumer
2023-05-20 13:00:00,user_003,13,0,5,True,0.0,0.0,0.0,0.0,0.0,0.0,0.0,0.0,55.17,0.0,0.0,0.0,0.0,0.0,0,0.0,0.0,0.0,0.0,0.0,Consumer
2023-05-20 14:00:00,user_003,14,0,5,True,0.0,0.0,0.0,0.0,0.0,0.0,0.0,0.0,55.17,0.0,0.0,0.0,0.0,0.0,0,0.0,0.0,0.0,0.0,0.0,Consumer
2023-05-20 15:00:00,user_003,15,0,5,True,0.0,0.0,0.0,0.0,0.0,0.0,0.0,0.0,55.17,0.0,0.0,0.0,0.0,0.0,0,0.0,0.0,0.0,0.0,0.0,Consumer
2023-05-20 16:00:00,user_003,16,0,5,True,0.0,0.0,0.0,0.0,0.0,0.0,0.0,0.0,55.17,0.0,0.0,0.0,0.0,0.0,0,0.0,0.0,0.0,0.0,0.0,Consumer
2023-05-20 17:00:00,user_003,17,0,5,True,0.0,0.0,0.0,0.0,0.0,0.0,0.0,0.0,55.17,0.0,0.0,0.0,0.0,0.0,0,0.0,0.0,0.0,0.0,0.0,Consumer
2023-05-20 18:00:00,user_003,18,0,5,True,0.0,0.0,0.0,0.0,0.0,0.0,0.0,0.0,55.17,0.0,0.0,0.0,0.0,0.0,0,0.0,0.0,0.0,0.0,0.0,Consumer
2023-05-20 19:00:00,user_003,19,0,5,True,0.0,0.0,0.0,0.0,0.0,0.0,0.0,0.0,55.17,0.0,0.0,0.0,0.0,0.0,0,0.0,0.0,0.0,0.0,0.0,Consumer
2023-05-20 20:00:00,user_003,20,0,5,True,0.0,0.0,0.0,0.0,0.0,0.0,0.0,0.0,55.17,0.0,0.0,0.0,0.0,0.0,0,0.0,0.0,0.0,0.0,0.0,Consumer
2023-05-20 21:00:00,user_003,21,0,5,True,0.0,0.0,0.0,0.0,0.0,0.0,0.0,0.0,55.17,0.0,0.0,0.0,0.0,0.0,0,0.0,0.0,0.0,0.0,0.0,Consumer
2023-05-20 22:00:00,user_003,22,0,5,True,0.0,0.0,0.0,0.0,0.0,0.0,0.0,0.0,55.17,0.0,0.0,0.0,0.0,0.0,0,0.0,0.0,0.0,0.0,0.0,Consumer
2023-05-20 23:00:00,user_003,23,0,5,True,0.0,0.0,0.0,0.0,0.0,0.0,0.0,0.0,55.17,0.0,0.0,0.0,0.0,0.0,0,0.0,0.0,0.0,0.0,0.0,Consumer
2023-05-21 00:00:00,user_003,0,0,6,True,0.0,0.0,0.0,0.0,0.0,0.0,0.0,0.0,55.17,0.0,0.0,0.0,0.0,0.0,0,0.0,0.0,0.0,0.0,0.0,Consumer
2023-05-21 01:00:00,user_003,1,0,6,True,0.0,0.0,0.0,0.0,0.0,0.0,0.0,0.0,55.17,0.0,0.0,0.0,0.0,0.0,0,0.0,0.0,0.0,0.0,0.0,Consumer
2023-05-21 02:00:00,user_003,2,0,6,True,0.0,0.0,0.0,0.0,0.0,0.0,0.0,0.0,55.17,0.0,0.0,0.0,0.0,0.0,0,0.0,0.0,0.0,0.0,0.0,Consumer
2023-05-21 03:00:00,user_003,3,0,6,True,0.0,0.0,0.0,0.0,0.0,0.0,0.0,0.0,55.17,0.0,0.0,0.0,0.0,0.0,0,0.0,0.0,0.0,0.0,0.0,Consumer
2023-05-21 04:00:00,user_003,4,0,6,True,0.0,0.0,0.0,0.0,0.0,0.0,0.0,0.0,55.17,0.0,0.0,0.0,0.0,0.0,0,0.0,0.0,0.0,0.0,0.0,Consumer
2023-05-21 05:00:00,user_003,5,0,6,True,0.0,0.0,0.0,0.0,0.0,0.0,0.0,0.0,55.17,0.0,0.0,0.0,0.0,0.0,0,0.0,0.0,0.0,0.0,0.0,Consumer
2023-05-21 06:00:00,user_003,6,0,6,True,0.0,0.0,0.0,0.0,0.0,0.0,0.0,0.0,55.17,0.0,0.0,0.0,0.0,0.0,0,0.0,0.0,0.0,0.0,0.0,Consumer
2023-05-21 07:00:00,user_003,7,0,6,True,0.0,0.0,0.0,0.0,0.0,0.0,0.0,0.0,55.17,0.0,0.0,0.0,0.0,0.0,0,0.0,0.0,0.0,0.0,0.0,Consumer
2023-05-21 08:00:00,user_003,8,0,6,True,0.0,0.0,0.0,0.0,0.0,0.0,0.0,0.0,55.17,0.0,0.0,0.0,0.0,0.0,0,0.0,0.0,0.0,0.0,0.0,Consumer
2023-05-21 09:00:00,user_003,9,0,6,True,0.0,0.0,0.0,0.0,0.0,0.0,0.0,0.0,55.17,0.0,0.0,0.0,0.0,0.0,0,0.0,0.0,0.0,0.0,0.0,Consumer
2023-05-21 10:00:00,user_003,10,0,6,True,0.0,0.0,0.0,0.0,0.0,0.0,0.0,0.0,55.17,0.0,0.0,0.0,0.0,0.0,0,0.0,0.0,0.0,0.0,0.0,Consumer
2023-05-21 11:00:00,user_003,11,0,6,True,0.0,0.0,0.0,0.0,0.0,0.0,0.0,0.0,55.17,0.0,0.0,0.0,0.0,0.0,0,0.0,0.0,0.0,0.0,0.0,Consumer
2023-05-21 12:00:00,user_003,12,0,6,True,0.0,0.0,0.0,0.0,0.0,0.0,0.0,0.0,55.17,0.0,0.0,0.0,0.0,0.0,0,0.0,0.0,0.0,0.0,0.0,Consumer
2023-05-21 13:00:00,user_003,13,0,6,True,0.0,0.0,0.0,0.0,0.0,0.0,0.0,0.0,55.17,0.0,0.0,0.0,0.0,0.0,0,0.0,0.0,0.0,0.0,0.0,Consumer
2023-05-21 14:00:00,user_003,14,0,6,True,0.0,0.0,0.0,0.0,0.0,0.0,0.0,0.0,55.17,0.0,0.0,0.0,0.0,0.0,0,0.0,0.0,0.0,0.0,0.0,Consumer
2023-05-21 15:00:00,user_003,15,0,6,True,0.0,0.0,0.0,0.0,0.0,0.0,0.0,0.0,55.17,0.0,0.0,0.0,0.0,0.0,0,0.0,0.0,0.0,0.0,0.0,Consumer
2023-05-21 16:00:00,user_003,16,0,6,True,0.0,0.0,0.0,0.0,0.0,0.0,0.0,0.0,55.17,0.0,0.0,0.0,0.0,0.0,0,0.0,0.0,0.0,0.0,0.0,Consumer
2023-05-21 17:00:00,user_003,17,0,6,True,0.0,0.0,0.0,0.0,0.0,0.0,0.0,0.0,55.17,0.0,0.0,0.0,0.0,0.0,0,0.0,0.0,0.0,0.0,0.0,Consumer
2023-05-21 18:00:00,user_003,18,0,6,True,0.0,0.0,0.0,0.0,0.0,0.0,0.0,0.0,55.17,0.0,0.0,0.0,0.0,0.0,0,0.0,0.0,0.0,0.0,0.0,Consumer
2023-05-21 19:00:00,user_003,19,0,6,True,0.0,0.0,0.0,0.0,0.0,0.0,0.0,0.0,55.17,0.0,0.0,0.0,0.0,0.0,0,0.0,0.0,0.0,0.0,0.0,Consumer
2023-05-21 20:00:00,user_003,20,0,6,True,0.0,0.0,0.0,0.0,0.0,0.0,0.0,0.0,55.17,0.0,0.0,0.0,0.0,0.0,0,0.0,0.0,0.0,0.0,0.0,Consumer
2023-05-21 21:00:00,user_003,21,0,6,True,0.0,0.0,0.0,0.0,0.0,0.0,0.0,0.0,55.17,0.0,0.0,0.0,0.0,0.0,0,0.0,0.0,0.0,0.0,0.0,Consumer
2023-05-21 22:00:00,user_003,22,0,6,True,0.0,0.0,0.0,0.0,0.0,0.0,0.0,0.0,55.17,0.0,0.0,0.0,0.0,0.0,0,0.0,0.0,0.0,0.0,0.0,Consumer
2023-05-21 23:00:00,user_003,23,0,6,True,0.0,0.0,0.0,0.0,0.0,0.0,0.0,0.0,55.17,0.0,0.0,0.0,0.0,0.0,0,0.0,0.0,0.0,0.0,0.0,Consumer
2023-05-22 00:00:00,user_003,0,0,0,False,0.0,0.0,0.0,0.0,0.0,0.0,0.0,0.0,55.17,0.0,0.0,0.0,0.0,0.0,0,0.0,0.0,0.0,0.0,0.0,Consumer
2023-05-22 01:00:00,user_003,1,0,0,False,0.0,0.0,0.0,0.0,0.0,0.0,0.0,0.0,55.17,0.0,0.0,0.0,0.0,0.0,0,0.0,0.0,0.0,0.0,0.0,Consumer
2023-05-22 02:00:00,user_003,2,0,0,False,0.0,0.0,0.0,0.0,0.0,0.0,0.0,0.0,55.17,0.0,0.0,0.0,0.0,0.0,0,0.0,0.0,0.0,0.0,0.0,Consumer
2023-05-22 03:00:00,user_003,3,0,0,False,0.0,0.0,0.0,0.0,0.0,0.0,0.0,0.0,55.17,0.0,0.0,0.0,0.0,0.0,0,0.0,0.0,0.0,0.0,0.0,Consumer
2023-05-22 04:00:00,user_003,4,0,0,False,0.0,0.0,0.0,0.0,0.0,0.0,0.0,0.0,55.17,0.0,0.0,0.0,0.0,0.0,0,0.0,0.0,0.0,0.0,0.0,Consumer
2023-05-22 05:00:00,user_003,5,0,0,False,0.0,0.0,0.0,0.0,0.0,0.0,0.0,0.0,55.17,0.0,0.0,0.0,0.0,0.0,0,0.0,0.0,0.0,0.0,0.0,Consumer
2023-05-22 06:00:00,user_003,6,0,0,False,0.0,0.0,0.0,0.0,0.0,0.0,0.0,0.0,55.17,0.0,0.0,0.0,0.0,0.0,0,0.0,0.0,0.0,0.0,0.0,Consumer
2023-05-22 07:00:00,user_003,7,0,0,False,0.0,0.0,0.0,0.0,0.0,0.0,0.0,0.0,55.17,0.0,0.0,0.0,0.0,0.0,0,0.0,0.0,0.0,0.0,0.0,Consumer
2023-05-22 08:00:00,user_003,8,0,0,False,0.0,0.0,0.0,0.0,0.0,0.0,0.0,0.0,55.17,0.0,0.0,0.0,0.0,0.0,0,0.0,0.0,0.0,0.0,0.0,Consumer
2023-05-22 09:00:00,user_003,9,0,0,False,0.0,0.0,0.0,0.0,0.0,0.0,0.0,0.0,55.17,0.0,0.0,0.0,0.0,0.0,0,0.0,0.0,0.0,0.0,0.0,Consumer
2023-05-22 10:00:00,user_003,10,0,0,False,0.0,0.0,0.0,0.0,0.0,0.0,0.0,0.0,55.17,0.0,0.0,0.0,0.0,0.0,0,0.0,0.0,0.0,0.0,0.0,Consumer
2023-05-22 11:00:00,user_003,11,0,0,False,0.0,0.0,0.0,0.0,0.0,0.0,0.0,0.0,55.17,0.0,0.0,0.0,0.0,0.0,0,0.0,0.0,0.0,0.0,0.0,Consumer
2023-05-22 12:00:00,user_003,12,0,0,False,0.0,0.0,0.0,0.0,0.0,0.0,0.0,0.0,55.17,0.0,0.0,0.0,0.0,0.0,0,0.0,0.0,0.0,0.0,0.0,Consumer
2023-05-22 13:00:00,user_003,13,0,0,False,0.0,0.0,0.0,0.0,0.0,0.0,0.0,0.0,55.17,0.0,0.0,0.0,0.0,0.0,0,0.0,0.0,0.0,0.0,0.0,Consumer
2023-05-22 14:00:00,user_003,14,0,0,False,0.0,0.0,0.0,0.0,0.0,0.0,0.0,0.0,55.17,0.0,0.0,0.0,0.0,0.0,0,0.0,0.0,0.0,0.0,0.0,Consumer
2023-05-22 15:00:00,user_003,15,0,0,False,0.0,0.0,0.0,0.0,0.0,0.0,0.0,0.0,55.17,0.0,0.0,0.0,0.0,0.0,0,0.0,0.0,0.0,0.0,0.0,Consumer
2023-05-22 16:00:00,user_003,16,0,0,False,0.0,0.0,0.0,0.0,0.0,0.0,0.0,0.0,55.17,0.0,0.0,0.0,0.0,0.0,0,0.0,0.0,0.0,0.0,0.0,Consumer
2023-05-22 17:00:00,user_003,17,0,0,False,0.0,0.0,0.0,0.0,0.0,0.0,0.0,0.0,55.17,0.0,0.0,0.0,0.0,0.0,0,0.0,0.0,0.0,0.0,0.0,Consumer
2023-05-22 18:00:00,user_003,18,0,0,False,0.0,0.0,0.0,0.0,0.0,0.0,0.0,0.0,55.17,0.0,0.0,0.0,0.0,0.0,0,0.0,0.0,0.0,0.0,0.0,Consumer
2023-05-22 19:00:00,user_003,19,0,0,False,0.0,0.0,0.0,0.0,0.0,0.0,0.0,0.0,55.17,0.0,0.0,0.0,0.0,0.0,0,0.0,0.0,0.0,0.0,0.0,Consumer
2023-05-22 20:00:00,user_003,20,0,0,False,0.0,0.0,0.0,0.0,0.0,0.0,0.0,0.0,55.17,0.0,0.0,0.0,0.0,0.0,0,0.0,0.0,0.0,0.0,0.0,Consumer
2023-05-22 21:00:00,user_003,21,0,0,False,0.0,0.0,0.0,0.0,0.0,0.0,0.0,0.0,55.17,0.0,0.0,0.0,0.0,0.0,0,0.0,0.0,0.0,0.0,0.0,Consumer
2023-05-22 22:00:00,user_003,22,0,0,False,0.0,0.0,0.0,0.0,0.0,0.0,0.0,0.0,55.17,0.0,0.0,0.0,0.0,0.0,0,0.0,0.0,0.0,0.0,0.0,Consumer
2023-05-22 23:00:00,user_003,23,0,0,False,0.0,0.0,0.0,0.0,0.0,0.0,0.0,0.0,55.17,0.0,0.0,0.0,0.0,0.0,0,0.0,0.0,0.0,0.0,0.0,Consumer
2023-05-23 00:00:00,user_003,0,0,1,False,0.0,0.0,0.0,0.0,0.0,0.0,0.0,0.0,55.17,0.0,0.0,0.0,0.0,0.0,0,0.0,0.0,0.0,0.0,0.0,Consumer
2023-05-23 01:00:00,user_003,1,0,1,False,0.0,0.0,0.0,0.0,0.0,0.0,0.0,0.0,55.17,0.0,0.0,0.0,0.0,0.0,0,0.0,0.0,0.0,0.0,0.0,Consumer
2023-05-23 02:00:00,user_003,2,0,1,False,0.0,0.0,0.0,0.0,0.0,0.0,0.0,0.0,55.17,0.0,0.0,0.0,0.0,0.0,0,0.0,0.0,0.0,0.0,0.0,Consumer
2023-05-23 03:00:00,user_003,3,0,1,False,0.0,0.0,0.0,0.0,0.0,0.0,0.0,0.0,55.17,0.0,0.0,0.0,0.0,0.0,0,0.0,0.0,0.0,0.0,0.0,Consumer
2023-05-23 04:00:00,user_003,4,0,1,False,0.0,0.0,0.0,0.0,0.0,0.0,0.0,0.0,55.17,0.0,0.0,0.0,0.0,0.0,0,0.0,0.0,0.0,0.0,0.0,Consumer
2023-05-23 05:00:00,user_003,5,0,1,False,0.0,0.0,0.0,0.0,0.0,0.0,0.0,0.0,55.17,0.0,0.0,0.0,0.0,0.0,0,0.0,0.0,0.0,0.0,0.0,Consumer
2023-05-23 06:00:00,user_003,6,0,1,False,0.0,0.0,0.0,0.0,0.0,0.0,0.0,0.0,55.17,0.0,0.0,0.0,0.0,0.0,0,0.0,0.0,0.0,0.0,0.0,Consumer
2023-05-23 07:00:00,user_003,7,0,1,False,0.0,0.0,0.0,0.0,0.0,0.0,0.0,0.0,55.17,0.0,0.0,0.0,0.0,0.0,0,0.0,0.0,0.0,0.0,0.0,Consumer
2023-05-23 08:00:00,user_003,8,0,1,False,0.0,0.0,0.0,0.0,0.0,0.0,0.0,0.0,55.17,0.0,0.0,0.0,0.0,0.0,0,0.0,0.0,0.0,0.0,0.0,Consumer
2023-05-23 09:00:00,user_003,9,0,1,False,0.0,0.0,0.0,0.0,0.0,0.0,0.0,0.0,55.17,0.0,0.0,0.0,0.0,0.0,0,0.0,0.0,0.0,0.0,0.0,Consumer
2023-05-23 10:00:00,user_003,10,0,1,False,0.0,0.0,0.0,0.0,0.0,0.0,0.0,0.0,55.17,0.0,0.0,0.0,0.0,0.0,0,0.0,0.0,0.0,0.0,0.0,Consumer
2023-05-23 11:00:00,user_003,11,0,1,False,0.0,0.0,0.0,0.0,0.0,0.0,0.0,0.0,55.17,0.0,0.0,0.0,0.0,0.0,0,0.0,0.0,0.0,0.0,0.0,Consumer
2023-05-23 12:00:00,user_003,12,0,1,False,0.0,0.0,0.0,0.0,0.0,0.0,0.0,0.0,55.17,0.0,0.0,0.0,0.0,0.0,0,0.0,0.0,0.0,0.0,0.0,Consumer
2023-05-23 13:00:00,user_003,13,0,1,False,0.0,0.0,0.0,0.0,0.0,0.0,0.0,0.0,55.17,0.0,0.0,0.0,0.0,0.0,0,0.0,0.0,0.0,0.0,0.0,Consumer
2023-05-23 14:00:00,user_003,14,0,1,False,0.0,0.0,0.0,0.0,0.0,0.0,0.0,0.0,55.17,0.0,0.0,0.0,0.0,0.0,0,0.0,0.0,0.0,0.0,0.0,Consumer
2023-05-23 15:00:00,user_003,15,0,1,False,0.0,0.0,0.0,0.0,0.0,0.0,0.0,0.0,55.17,0.0,0.0,0.0,0.0,0.0,0,0.0,0.0,0.0,0.0,0.0,Consumer
2023-05-23 16:00:00,user_003,16,0,1,False,0.0,0.0,0.0,0.0,0.0,0.0,0.0,0.0,55.17,0.0,0.0,0.0,0.0,0.0,0,0.0,0.0,0.0,0.0,0.0,Consumer
2023-05-23 17:00:00,user_003,17,0,1,False,0.0,0.0,0.0,0.0,0.0,0.0,0.0,0.0,55.17,0.0,0.0,0.0,0.0,0.0,0,0.0,0.0,0.0,0.0,0.0,Consumer
2023-05-23 18:00:00,user_003,18,0,1,False,0.0,0.0,0.0,0.0,0.0,0.0,0.0,0.0,55.17,0.0,0.0,0.0,0.0,0.0,0,0.0,0.0,0.0,0.0,0.0,Consumer
2023-05-23 19:00:00,user_003,19,0,1,False,0.0,0.0,0.0,0.0,0.0,0.0,0.0,0.0,55.17,0.0,0.0,0.0,0.0,0.0,0,0.0,0.0,0.0,0.0,0.0,Consumer
2023-05-23 20:00:00,user_003,20,0,1,False,0.0,0.0,0.0,0.0,0.0,0.0,0.0,0.0,55.17,0.0,0.0,0.0,0.0,0.0,0,0.0,0.0,0.0,0.0,0.0,Consumer
2023-05-23 21:00:00,user_003,21,0,1,False,0.0,0.0,0.0,0.0,0.0,0.0,0.0,0.0,55.17,0.0,0.0,0.0,0.0,0.0,0,0.0,0.0,0.0,0.0,0.0,Consumer
2023-05-23 22:00:00,user_003,22,0,1,False,0.0,0.0,0.0,0.0,0.0,0.0,0.0,0.0,55.17,0.0,0.0,0.0,0.0,0.0,0,0.0,0.0,0.0,0.0,0.0,Consumer
2023-05-23 23:00:00,user_003,23,0,1,False,0.0,0.0,0.0,0.0,0.0,0.0,0.0,0.0,55.17,0.0,0.0,0.0,0.0,0.0,0,0.0,0.0,0.0,0.0,0.0,Consumer
2023-05-24 00:00:00,user_003,0,0,2,False,0.0,0.0,0.0,0.0,0.0,0.0,0.0,0.0,55.17,0.0,0.0,0.0,0.0,0.0,0,0.0,0.0,0.0,0.0,0.0,Consumer
2023-05-24 01:00:00,user_003,1,0,2,False,0.0,0.0,0.0,0.0,0.0,0.0,0.0,0.0,55.17,0.0,0.0,0.0,0.0,0.0,0,0.0,0.0,0.0,0.0,0.0,Consumer
2023-05-24 02:00:00,user_003,2,0,2,False,0.0,0.0,0.0,0.0,0.0,0.0,0.0,0.0,55.17,0.0,0.0,0.0,0.0,0.0,0,0.0,0.0,0.0,0.0,0.0,Consumer
2023-05-24 03:00:00,user_003,3,0,2,False,0.0,0.0,0.0,0.0,0.0,0.0,0.0,0.0,55.17,0.0,0.0,0.0,0.0,0.0,0,0.0,0.0,0.0,0.0,0.0,Consumer
2023-05-24 04:00:00,user_003,4,0,2,False,0.0,0.0,0.0,0.0,0.0,0.0,0.0,0.0,55.17,0.0,0.0,0.0,0.0,0.0,0,0.0,0.0,0.0,0.0,0.0,Consumer
2023-05-24 05:00:00,user_003,5,0,2,False,0.0,0.0,0.0,0.0,0.0,0.0,0.0,0.0,55.17,0.0,0.0,0.0,0.0,0.0,0,0.0,0.0,0.0,0.0,0.0,Consumer
2023-05-24 06:00:00,user_003,6,0,2,False,0.0,0.0,0.0,0.0,0.0,0.0,0.0,0.0,55.17,0.0,0.0,0.0,0.0,0.0,0,0.0,0.0,0.0,0.0,0.0,Consumer
2023-05-24 07:00:00,user_003,7,0,2,False,0.0,0.0,0.0,0.0,0.0,0.0,0.0,0.0,55.17,0.0,0.0,0.0,0.0,0.0,0,0.0,0.0,0.0,0.0,0.0,Consumer
2023-05-24 08:00:00,user_003,8,0,2,False,0.0,0.0,0.0,0.0,0.0,0.0,0.0,0.0,55.17,0.0,0.0,0.0,0.0,0.0,0,0.0,0.0,0.0,0.0,0.0,Consumer
2023-05-24 09:00:00,user_003,9,0,2,False,0.0,0.0,0.0,0.0,0.0,0.0,0.0,0.0,55.17,0.0,0.0,0.0,0.0,0.0,0,0.0,0.0,0.0,0.0,0.0,Consumer
2023-05-24 10:00:00,user_003,10,0,2,False,0.0,0.0,0.0,0.0,0.0,0.0,0.0,0.0,55.17,0.0,0.0,0.0,0.0,0.0,0,0.0,0.0,0.0,0.0,0.0,Consumer
2023-05-24 11:00:00,user_003,11,0,2,False,0.0,0.0,0.0,0.0,0.0,0.0,0.0,0.0,55.17,0.0,0.0,0.0,0.0,0.0,0,0.0,0.0,0.0,0.0,0.0,Consumer
2023-05-24 12:00:00,user_003,12,0,2,False,0.0,0.0,0.0,0.0,0.0,0.0,0.0,0.0,55.17,0.0,0.0,0.0,0.0,0.0,0,0.0,0.0,0.0,0.0,0.0,Consumer
2023-05-24 13:00:00,user_003,13,0,2,False,0.0,0.0,0.0,0.0,0.0,0.0,0.0,0.0,55.17,0.0,0.0,0.0,0.0,0.0,0,0.0,0.0,0.0,0.0,0.0,Consumer
2023-05-24 14:00:00,user_003,14,0,2,False,0.0,0.0,0.0,0.0,0.0,0.0,0.0,0.0,55.17,0.0,0.0,0.0,0.0,0.0,0,0.0,0.0,0.0,0.0,0.0,Consumer
2023-05-24 15:00:00,user_003,15,0,2,False,0.0,0.0,0.0,0.0,0.0,0.0,0.0,0.0,55.17,0.0,0.0,0.0,0.0,0.0,0,0.0,0.0,0.0,0.0,0.0,Consumer
2023-05-24 16:00:00,user_003,16,0,2,False,0.0,0.0,0.0,0.0,0.0,0.0,0.0,0.0,55.17,0.0,0.0,0.0,0.0,0.0,0,0.0,0.0,0.0,0.0,0.0,Consumer
2023-05-24 17:00:00,user_003,17,0,2,False,0.0,0.0,0.0,0.0,0.0,0.0,0.0,0.0,55.17,0.0,0.0,0.0,0.0,0.0,0,0.0,0.0,0.0,0.0,0.0,Consumer
2023-05-24 18:00:00,user_003,18,0,2,False,0.0,0.0,0.0,0.0,0.0,0.0,0.0,0.0,55.17,0.0,0.0,0.0,0.0,0.0,0,0.0,0.0,0.0,0.0,0.0,Consumer
2023-05-24 19:00:00,user_003,19,0,2,False,0.0,0.0,0.0,0.0,0.0,0.0,0.0,0.0,55.17,0.0,0.0,0.0,0.0,0.0,0,0.0,0.0,0.0,0.0,0.0,Consumer
2023-05-24 20:00:00,user_003,20,0,2,False,0.0,0.0,0.0,0.0,0.0,0.0,0.0,0.0,55.17,0.0,0.0,0.0,0.0,0.0,0,0.0,0.0,0.0,0.0,0.0,Consumer
2023-05-24 21:00:00,user_003,21,0,2,False,0.0,0.0,0.0,0.0,0.0,0.0,0.0,0.0,55.17,0.0,0.0,0.0,0.0,0.0,0,0.0,0.0,0.0,0.0,0.0,Consumer
2023-05-24 22:00:00,user_003,22,0,2,False,0.0,0.0,0.0,0.0,0.0,0.0,0.0,0.0,55.17,0.0,0.0,0.0,0.0,0.0,0,0.0,0.0,0.0,0.0,0.0,Consumer
2023-05-24 23:00:00,user_003,23,0,2,False,0.0,0.0,0.0,0.0,0.0,0.0,0.0,0.0,55.17,0.0,0.0,0.0,0.0,0.0,0,0.0,0.0,0.0,0.0,0.0,Consumer
2023-05-25 00:00:00,user_003,0,0,3,False,0.0,0.0,0.0,0.0,0.0,0.0,0.0,0.0,55.17,0.0,0.0,0.0,0.0,0.0,0,0.0,0.0,0.0,0.0,0.0,Consumer
2023-05-25 01:00:00,user_003,1,0,3,False,0.0,0.0,0.0,0.0,0.0,0.0,0.0,0.0,55.17,0.0,0.0,0.0,0.0,0.0,0,0.0,0.0,0.0,0.0,0.0,Consumer
2023-05-25 02:00:00,user_003,2,0,3,False,0.0,0.0,0.0,0.0,0.0,0.0,0.0,0.0,55.17,0.0,0.0,0.0,0.0,0.0,0,0.0,0.0,0.0,0.0,0.0,Consumer
2023-05-25 03:00:00,user_003,3,0,3,False,0.0,0.0,0.0,0.0,0.0,0.0,0.0,0.0,55.17,0.0,0.0,0.0,0.0,0.0,0,0.0,0.0,0.0,0.0,0.0,Consumer
2023-05-25 04:00:00,user_003,4,0,3,False,0.0,0.0,0.0,0.0,0.0,0.0,0.0,0.0,55.17,0.0,0.0,0.0,0.0,0.0,0,0.0,0.0,0.0,0.0,0.0,Consumer
2023-05-25 05:00:00,user_003,5,0,3,False,0.0,0.0,0.0,0.0,0.0,0.0,0.0,0.0,55.17,0.0,0.0,0.0,0.0,0.0,0,0.0,0.0,0.0,0.0,0.0,Consumer
2023-05-25 06:00:00,user_003,6,0,3,False,0.0,0.0,0.0,0.0,0.0,0.0,0.0,0.0,55.17,0.0,0.0,0.0,0.0,0.0,0,0.0,0.0,0.0,0.0,0.0,Consumer
2023-05-25 07:00:00,user_003,7,0,3,False,0.0,0.0,0.0,0.0,0.0,0.0,0.0,0.0,55.17,0.0,0.0,0.0,0.0,0.0,0,0.0,0.0,0.0,0.0,0.0,Consumer
2023-05-25 08:00:00,user_003,8,0,3,False,0.0,0.0,0.0,0.0,0.0,0.0,0.0,0.0,55.17,0.0,0.0,0.0,0.0,0.0,0,0.0,0.0,0.0,0.0,0.0,Consumer
2023-05-25 09:00:00,user_003,9,0,3,False,0.0,0.0,0.0,0.0,0.0,0.0,0.0,0.0,55.17,0.0,0.0,0.0,0.0,0.0,0,0.0,0.0,0.0,0.0,0.0,Consumer
2023-05-25 10:00:00,user_003,10,0,3,False,0.0,0.0,0.0,0.0,0.0,0.0,0.0,0.0,55.17,0.0,0.0,0.0,0.0,0.0,0,0.0,0.0,0.0,0.0,0.0,Consumer
2023-05-25 11:00:00,user_003,11,0,3,False,0.0,0.0,0.0,0.0,0.0,0.0,0.0,0.0,55.17,0.0,0.0,0.0,0.0,0.0,0,0.0,0.0,0.0,0.0,0.0,Consumer
2023-05-25 12:00:00,user_003,12,0,3,False,0.0,0.0,0.0,0.0,0.0,0.0,0.0,0.0,55.17,0.0,0.0,0.0,0.0,0.0,0,0.0,0.0,0.0,0.0,0.0,Consumer
2023-05-25 13:00:00,user_003,13,0,3,False,0.0,0.0,0.0,0.0,0.0,0.0,0.0,0.0,55.17,0.0,0.0,0.0,0.0,0.0,0,0.0,0.0,0.0,0.0,0.0,Consumer
2023-05-25 14:00:00,user_003,14,0,3,False,0.0,0.0,0.0,0.0,0.0,0.0,0.0,0.0,55.17,0.0,0.0,0.0,0.0,0.0,0,0.0,0.0,0.0,0.0,0.0,Consumer
2023-05-25 15:00:00,user_003,15,0,3,False,0.0,0.0,0.0,0.0,0.0,0.0,0.0,0.0,55.17,0.0,0.0,0.0,0.0,0.0,0,0.0,0.0,0.0,0.0,0.0,Consumer
2023-05-25 16:00:00,user_003,16,0,3,False,0.0,0.0,0.0,0.0,0.0,0.0,0.0,0.0,55.17,0.0,0.0,0.0,0.0,0.0,0,0.0,0.0,0.0,0.0,0.0,Consumer
2023-05-25 17:00:00,user_003,17,0,3,False,0.0,0.0,0.0,0.0,0.0,0.0,0.0,0.0,55.17,0.0,0.0,0.0,0.0,0.0,0,0.0,0.0,0.0,0.0,0.0,Consumer
2023-05-25 18:00:00,user_003,18,0,3,False,0.0,0.0,0.0,0.0,0.0,0.0,0.0,0.0,55.17,0.0,0.0,0.0,0.0,0.0,0,0.0,0.0,0.0,0.0,0.0,Consumer
2023-05-25 19:00:00,user_003,19,0,3,False,0.0,0.0,0.0,0.0,0.0,0.0,0.0,0.0,55.17,0.0,0.0,0.0,0.0,0.0,0,0.0,0.0,0.0,0.0,0.0,Consumer
2023-05-25 20:00:00,user_003,20,0,3,False,0.0,0.0,0.0,0.0,0.0,0.0,0.0,0.0,55.17,0.0,0.0,0.0,0.0,0.0,0,0.0,0.0,0.0,0.0,0.0,Consumer
2023-05-25 21:00:00,user_003,21,0,3,False,0.0,0.0,0.0,0.0,0.0,0.0,0.0,0.0,55.17,0.0,0.0,0.0,0.0,0.0,0,0.0,0.0,0.0,0.0,0.0,Consumer
2023-05-25 22:00:00,user_003,22,0,3,False,0.0,0.0,0.0,0.0,0.0,0.0,0.0,0.0,55.17,0.0,0.0,0.0,0.0,0.0,0,0.0,0.0,0.0,0.0,0.0,Consumer
2023-05-25 23:00:00,user_003,23,0,3,False,0.0,0.0,0.0,0.0,0.0,0.0,0.0,0.0,55.17,0.0,0.0,0.0,0.0,0.0,0,0.0,0.0,0.0,0.0,0.0,Consumer
2023-05-26 00:00:00,user_003,0,0,4,False,0.0,0.0,0.0,0.0,0.0,0.0,0.0,0.0,55.17,0.0,0.0,0.0,0.0,0.0,0,0.0,0.0,0.0,0.0,0.0,Consumer
2023-05-26 01:00:00,user_003,1,0,4,False,0.0,0.0,0.0,0.0,0.0,0.0,0.0,0.0,55.17,0.0,0.0,0.0,0.0,0.0,0,0.0,0.0,0.0,0.0,0.0,Consumer
2023-05-26 02:00:00,user_003,2,0,4,False,0.0,0.0,0.0,0.0,0.0,0.0,0.0,0.0,55.17,0.0,0.0,0.0,0.0,0.0,0,0.0,0.0,0.0,0.0,0.0,Consumer
2023-05-26 03:00:00,user_003,3,0,4,False,0.0,0.0,0.0,0.0,0.0,0.0,0.0,0.0,55.17,0.0,0.0,0.0,0.0,0.0,0,0.0,0.0,0.0,0.0,0.0,Consumer
2023-05-26 04:00:00,user_003,4,0,4,False,0.0,0.0,0.0,0.0,0.0,0.0,0.0,0.0,55.17,0.0,0.0,0.0,0.0,0.0,0,0.0,0.0,0.0,0.0,0.0,Consumer
2023-05-26 05:00:00,user_003,5,0,4,False,0.0,0.0,0.0,0.0,0.0,0.0,0.0,0.0,55.17,0.0,0.0,0.0,0.0,0.0,0,0.0,0.0,0.0,0.0,0.0,Consumer
2023-05-26 06:00:00,user_003,6,0,4,False,0.0,0.0,0.0,0.0,0.0,0.0,0.0,0.0,55.17,0.0,0.0,0.0,0.0,0.0,0,0.0,0.0,0.0,0.0,0.0,Consumer
2023-05-26 07:00:00,user_003,7,0,4,False,0.0,0.0,0.0,0.0,0.0,0.0,0.0,0.0,55.17,0.0,0.0,0.0,0.0,0.0,0,0.0,0.0,0.0,0.0,0.0,Consumer
2023-05-26 08:00:00,user_003,8,0,4,False,0.0,0.0,0.0,0.0,0.0,0.0,0.0,0.0,55.17,0.0,0.0,0.0,0.0,0.0,0,0.0,0.0,0.0,0.0,0.0,Consumer
2023-05-26 09:00:00,user_003,9,0,4,False,0.0,0.0,0.0,0.0,0.0,0.0,0.0,0.0,55.17,0.0,0.0,0.0,0.0,0.0,0,0.0,0.0,0.0,0.0,0.0,Consumer
2023-05-26 10:00:00,user_003,10,0,4,False,0.0,0.0,0.0,0.0,0.0,0.0,0.0,0.0,55.17,0.0,0.0,0.0,0.0,0.0,0,0.0,0.0,0.0,0.0,0.0,Consumer
2023-05-26 11:00:00,user_003,11,0,4,False,0.0,0.0,0.0,0.0,0.0,0.0,0.0,0.0,55.17,0.0,0.0,0.0,0.0,0.0,0,0.0,0.0,0.0,0.0,0.0,Consumer
2023-05-26 12:00:00,user_003,12,0,4,False,0.0,0.0,0.0,0.0,0.0,0.0,0.0,0.0,55.17,0.0,0.0,0.0,0.0,0.0,0,0.0,0.0,0.0,0.0,0.0,Consumer
2023-05-26 13:00:00,user_003,13,0,4,False,0.0,0.0,0.0,0.0,0.0,0.0,0.0,0.0,55.17,0.0,0.0,0.0,0.0,0.0,0,0.0,0.0,0.0,0.0,0.0,Consumer
2023-05-26 14:00:00,user_003,14,0,4,False,0.0,0.0,0.0,0.0,0.0,0.0,0.0,0.0,55.17,0.0,0.0,0.0,0.0,0.0,0,0.0,0.0,0.0,0.0,0.0,Consumer
2023-05-26 15:00:00,user_003,15,0,4,False,0.0,0.0,0.0,0.0,0.0,0.0,0.0,0.0,55.17,0.0,0.0,0.0,0.0,0.0,0,0.0,0.0,0.0,0.0,0.0,Consumer
2023-05-26 16:00:00,user_003,16,0,4,False,0.0,0.0,0.0,0.0,0.0,0.0,0.0,0.0,55.17,0.0,0.0,0.0,0.0,0.0,0,0.0,0.0,0.0,0.0,0.0,Consumer
2023-05-26 17:00:00,user_003,17,0,4,False,0.0,0.0,0.0,0.0,0.0,0.0,0.0,0.0,55.17,0.0,0.0,0.0,0.0,0.0,0,0.0,0.0,0.0,0.0,0.0,Consumer
2023-05-26 18:00:00,user_003,18,0,4,False,0.0,0.0,0.0,0.0,0.0,0.0,0.0,0.0,55.17,0.0,0.0,0.0,0.0,0.0,0,0.0,0.0,0.0,0.0,0.0,Consumer
2023-05-26 19:00:00,user_003,19,0,4,False,0.0,0.0,0.0,0.0,0.0,0.0,0.0,0.0,55.17,0.0,0.0,0.0,0.0,0.0,0,0.0,0.0,0.0,0.0,0.0,Consumer
2023-05-26 20:00:00,user_003,20,0,4,False,0.0,0.0,0.0,0.0,0.0,0.0,0.0,0.0,55.17,0.0,0.0,0.0,0.0,0.0,0,0.0,0.0,0.0,0.0,0.0,Consumer
2023-05-26 21:00:00,user_003,21,0,4,False,0.0,0.0,0.0,0.0,0.0,0.0,0.0,0.0,55.17,0.0,0.0,0.0,0.0,0.0,0,0.0,0.0,0.0,0.0,0.0,Consumer
2023-05-26 22:00:00,user_003,22,0,4,False,0.0,0.0,0.0,0.0,0.0,0.0,0.0,0.0,55.17,0.0,0.0,0.0,0.0,0.0,0,0.0,0.0,0.0,0.0,0.0,Consumer
2023-05-26 23:00:00,user_003,23,0,4,False,0.0,0.0,0.0,0.0,0.0,0.0,0.0,0.0,55.17,0.0,0.0,0.0,0.0,0.0,0,0.0,0.0,0.0,0.0,0.0,Consumer
2023-05-27 00:00:00,user_003,0,0,5,True,0.0,0.0,0.0,0.0,0.0,0.0,0.0,0.0,55.17,0.0,0.0,0.0,0.0,0.0,0,0.0,0.0,0.0,0.0,0.0,Consumer
2023-05-27 01:00:00,user_003,1,0,5,True,0.0,0.0,0.0,0.0,0.0,0.0,0.0,0.0,55.17,0.0,0.0,0.0,0.0,0.0,0,0.0,0.0,0.0,0.0,0.0,Consumer
2023-05-27 02:00:00,user_003,2,0,5,True,0.0,0.0,0.0,0.0,0.0,0.0,0.0,0.0,55.17,0.0,0.0,0.0,0.0,0.0,0,0.0,0.0,0.0,0.0,0.0,Consumer
2023-05-27 03:00:00,user_003,3,0,5,True,0.0,0.0,0.0,0.0,0.0,0.0,0.0,0.0,55.17,0.0,0.0,0.0,0.0,0.0,0,0.0,0.0,0.0,0.0,0.0,Consumer
2023-05-27 04:00:00,user_003,4,0,5,True,0.0,0.0,0.0,0.0,0.0,0.0,0.0,0.0,55.17,0.0,0.0,0.0,0.0,0.0,0,0.0,0.0,0.0,0.0,0.0,Consumer
2023-05-27 05:00:00,user_003,5,0,5,True,0.0,0.0,0.0,0.0,0.0,0.0,0.0,0.0,55.17,0.0,0.0,0.0,0.0,0.0,0,0.0,0.0,0.0,0.0,0.0,Consumer
2023-05-27 06:00:00,user_003,6,0,5,True,0.0,0.0,0.0,0.0,0.0,0.0,0.0,0.0,55.17,0.0,0.0,0.0,0.0,0.0,0,0.0,0.0,0.0,0.0,0.0,Consumer
2023-05-27 07:00:00,user_003,7,0,5,True,0.0,0.0,0.0,0.0,0.0,0.0,0.0,0.0,55.17,0.0,0.0,0.0,0.0,0.0,0,0.0,0.0,0.0,0.0,0.0,Consumer
2023-05-27 08:00:00,user_003,8,0,5,True,0.0,0.0,0.0,0.0,0.0,0.0,0.0,0.0,55.17,0.0,0.0,0.0,0.0,0.0,0,0.0,0.0,0.0,0.0,0.0,Consumer
2023-05-27 09:00:00,user_003,9,0,5,True,0.0,0.0,0.0,0.0,0.0,0.0,0.0,0.0,55.17,0.0,0.0,0.0,0.0,0.0,0,0.0,0.0,0.0,0.0,0.0,Consumer
2023-05-27 10:00:00,user_003,10,0,5,True,0.0,0.0,0.0,0.0,0.0,0.0,0.0,0.0,55.17,0.0,0.0,0.0,0.0,0.0,0,0.0,0.0,0.0,0.0,0.0,Consumer
2023-05-27 11:00:00,user_003,11,0,5,True,0.0,0.0,0.0,0.0,0.0,0.0,0.0,0.0,55.17,0.0,0.0,0.0,0.0,0.0,0,0.0,0.0,0.0,0.0,0.0,Consumer
2023-05-27 12:00:00,user_003,12,0,5,True,0.0,0.0,0.0,0.0,0.0,0.0,0.0,0.0,55.17,0.0,0.0,0.0,0.0,0.0,0,0.0,0.0,0.0,0.0,0.0,Consumer
2023-05-27 13:00:00,user_003,13,0,5,True,0.0,0.0,0.0,0.0,0.0,0.0,0.0,0.0,55.17,0.0,0.0,0.0,0.0,0.0,0,0.0,0.0,0.0,0.0,0.0,Consumer
2023-05-27 14:00:00,user_003,14,0,5,True,0.0,0.0,0.0,0.0,0.0,0.0,0.0,0.0,55.17,0.0,0.0,0.0,0.0,0.0,0,0.0,0.0,0.0,0.0,0.0,Consumer
2023-05-27 15:00:00,user_003,15,0,5,True,0.0,0.0,0.0,0.0,0.0,0.0,0.0,0.0,55.17,0.0,0.0,0.0,0.0,0.0,0,0.0,0.0,0.0,0.0,0.0,Consumer
2023-05-27 16:00:00,user_003,16,0,5,True,0.0,0.0,0.0,0.0,0.0,0.0,0.0,0.0,55.17,0.0,0.0,0.0,0.0,0.0,0,0.0,0.0,0.0,0.0,0.0,Consumer
2023-05-27 17:00:00,user_003,17,0,5,True,0.0,0.0,0.0,0.0,0.0,0.0,0.0,0.0,55.17,0.0,0.0,0.0,0.0,0.0,0,0.0,0.0,0.0,0.0,0.0,Consumer
2023-05-27 18:00:00,user_003,18,0,5,True,0.0,0.0,0.0,0.0,0.0,0.0,0.0,0.0,55.17,0.0,0.0,0.0,0.0,0.0,0,0.0,0.0,0.0,0.0,0.0,Consumer
2023-05-27 19:00:00,user_003,19,0,5,True,0.0,0.0,0.0,0.0,0.0,0.0,0.0,0.0,55.17,0.0,0.0,0.0,0.0,0.0,0,0.0,0.0,0.0,0.0,0.0,Consumer
2023-05-27 20:00:00,user_003,20,0,5,True,0.0,0.0,0.0,0.0,0.0,0.0,0.0,0.0,55.17,0.0,0.0,0.0,0.0,0.0,0,0.0,0.0,0.0,0.0,0.0,Consumer
2023-05-27 21:00:00,user_003,21,0,5,True,0.0,0.0,0.0,0.0,0.0,0.0,0.0,0.0,55.17,0.0,0.0,0.0,0.0,0.0,0,0.0,0.0,0.0,0.0,0.0,Consumer
2023-05-27 22:00:00,user_003,22,0,5,True,0.0,0.0,0.0,0.0,0.0,0.0,0.0,0.0,55.17,0.0,0.0,0.0,0.0,0.0,0,0.0,0.0,0.0,0.0,0.0,Consumer
2023-05-27 23:00:00,user_003,23,0,5,True,0.0,0.0,0.0,0.0,0.0,0.0,0.0,0.0,55.17,0.0,0.0,0.0,0.0,0.0,0,0.0,0.0,0.0,0.0,0.0,Consumer
2023-05-28 00:00:00,user_003,0,0,6,True,0.0,0.0,0.0,0.0,0.0,0.0,0.0,0.0,55.17,0.0,0.0,0.0,0.0,0.0,0,0.0,0.0,0.0,0.0,0.0,Consumer
2023-05-28 01:00:00,user_003,1,0,6,True,0.0,0.0,0.0,0.0,0.0,0.0,0.0,0.0,55.17,0.0,0.0,0.0,0.0,0.0,0,0.0,0.0,0.0,0.0,0.0,Consumer
2023-05-28 02:00:00,user_003,2,0,6,True,0.0,0.0,0.0,0.0,0.0,0.0,0.0,0.0,55.17,0.0,0.0,0.0,0.0,0.0,0,0.0,0.0,0.0,0.0,0.0,Consumer
2023-05-28 03:00:00,user_003,3,0,6,True,0.0,0.0,0.0,0.0,0.0,0.0,0.0,0.0,55.17,0.0,0.0,0.0,0.0,0.0,0,0.0,0.0,0.0,0.0,0.0,Consumer
2023-05-28 04:00:00,user_003,4,0,6,True,0.0,0.0,0.0,0.0,0.0,0.0,0.0,0.0,55.17,0.0,0.0,0.0,0.0,0.0,0,0.0,0.0,0.0,0.0,0.0,Consumer
2023-05-28 05:00:00,user_003,5,0,6,True,0.0,0.0,0.0,0.0,0.0,0.0,0.0,0.0,55.17,0.0,0.0,0.0,0.0,0.0,0,0.0,0.0,0.0,0.0,0.0,Consumer
2023-05-28 06:00:00,user_003,6,0,6,True,0.0,0.0,0.0,0.0,0.0,0.0,0.0,0.0,55.17,0.0,0.0,0.0,0.0,0.0,0,0.0,0.0,0.0,0.0,0.0,Consumer
2023-05-28 07:00:00,user_003,7,0,6,True,0.0,0.0,0.0,0.0,0.0,0.0,0.0,0.0,55.17,0.0,0.0,0.0,0.0,0.0,0,0.0,0.0,0.0,0.0,0.0,Consumer
2023-05-28 08:00:00,user_003,8,0,6,True,0.0,0.0,0.0,0.0,0.0,0.0,0.0,0.0,55.17,0.0,0.0,0.0,0.0,0.0,0,0.0,0.0,0.0,0.0,0.0,Consumer
2023-05-28 09:00:00,user_003,9,0,6,True,0.0,0.0,0.0,0.0,0.0,0.0,0.0,0.0,55.17,0.0,0.0,0.0,0.0,0.0,0,0.0,0.0,0.0,0.0,0.0,Consumer
2023-05-28 10:00:00,user_003,10,0,6,True,0.0,0.0,0.0,0.0,0.0,0.0,0.0,0.0,55.17,0.0,0.0,0.0,0.0,0.0,0,0.0,0.0,0.0,0.0,0.0,Consumer
2023-05-28 11:00:00,user_003,11,0,6,True,0.0,0.0,0.0,0.0,0.0,0.0,0.0,0.0,55.17,0.0,0.0,0.0,0.0,0.0,0,0.0,0.0,0.0,0.0,0.0,Consumer
2023-05-28 12:00:00,user_003,12,0,6,True,0.0,0.0,0.0,0.0,0.0,0.0,0.0,0.0,55.17,0.0,0.0,0.0,0.0,0.0,0,0.0,0.0,0.0,0.0,0.0,Consumer
2023-05-28 13:00:00,user_003,13,0,6,True,0.0,0.0,0.0,0.0,0.0,0.0,0.0,0.0,55.17,0.0,0.0,0.0,0.0,0.0,0,0.0,0.0,0.0,0.0,0.0,Consumer
2023-05-28 14:00:00,user_003,14,0,6,True,0.0,0.0,0.0,0.0,0.0,0.0,0.0,0.0,55.17,0.0,0.0,0.0,0.0,0.0,0,0.0,0.0,0.0,0.0,0.0,Consumer
2023-05-28 15:00:00,user_003,15,0,6,True,0.0,0.0,0.0,0.0,0.0,0.0,0.0,0.0,55.17,0.0,0.0,0.0,0.0,0.0,0,0.0,0.0,0.0,0.0,0.0,Consumer
2023-05-28 16:00:00,user_003,16,0,6,True,0.0,0.0,0.0,0.0,0.0,0.0,0.0,0.0,55.17,0.0,0.0,0.0,0.0,0.0,0,0.0,0.0,0.0,0.0,0.0,Consumer
2023-05-28 17:00:00,user_003,17,0,6,True,0.0,0.0,0.0,0.0,0.0,0.0,0.0,0.0,55.17,0.0,0.0,0.0,0.0,0.0,0,0.0,0.0,0.0,0.0,0.0,Consumer
2023-05-28 18:00:00,user_003,18,0,6,True,0.0,0.0,0.0,0.0,0.0,0.0,0.0,0.0,55.17,0.0,0.0,0.0,0.0,0.0,0,0.0,0.0,0.0,0.0,0.0,Consumer
2023-05-28 19:00:00,user_003,19,0,6,True,0.0,0.0,0.0,0.0,0.0,0.0,0.0,0.0,55.17,0.0,0.0,0.0,0.0,0.0,0,0.0,0.0,0.0,0.0,0.0,Consumer
2023-05-28 20:00:00,user_003,20,0,6,True,0.0,0.0,0.0,0.0,0.0,0.0,0.0,0.0,55.17,0.0,0.0,0.0,0.0,0.0,0,0.0,0.0,0.0,0.0,0.0,Consumer
2023-05-28 21:00:00,user_003,21,0,6,True,0.0,0.0,0.0,0.0,0.0,0.0,0.0,0.0,55.17,0.0,0.0,0.0,0.0,0.0,0,0.0,0.0,0.0,0.0,0.0,Consumer
2023-05-28 22:00:00,user_003,22,0,6,True,0.0,0.0,0.0,0.0,0.0,0.0,0.0,0.0,55.17,0.0,0.0,0.0,0.0,0.0,0,0.0,0.0,0.0,0.0,0.0,Consumer
2023-05-28 23:00:00,user_003,23,0,6,True,0.0,0.0,0.0,0.0,0.0,0.0,0.0,0.0,55.17,0.0,0.0,0.0,0.0,0.0,0,0.0,0.0,0.0,0.0,0.0,Consumer
2023-05-29 00:00:00,user_003,0,0,0,False,0.0,0.0,0.0,0.0,0.0,0.0,0.0,0.0,55.17,0.0,0.0,0.0,0.0,0.0,0,0.0,0.0,0.0,0.0,0.0,Consumer
2023-05-29 01:00:00,user_003,1,0,0,False,0.0,0.0,0.0,0.0,0.0,0.0,0.0,0.0,55.17,0.0,0.0,0.0,0.0,0.0,0,0.0,0.0,0.0,0.0,0.0,Consumer
2023-05-29 02:00:00,user_003,2,0,0,False,0.0,0.0,0.0,0.0,0.0,0.0,0.0,0.0,55.17,0.0,0.0,0.0,0.0,0.0,0,0.0,0.0,0.0,0.0,0.0,Consumer
2023-05-29 03:00:00,user_003,3,0,0,False,0.0,0.0,0.0,0.0,0.0,0.0,0.0,0.0,55.17,0.0,0.0,0.0,0.0,0.0,0,0.0,0.0,0.0,0.0,0.0,Consumer
2023-05-29 04:00:00,user_003,4,0,0,False,0.0,0.0,0.0,0.0,0.0,0.0,0.0,0.0,55.17,0.0,0.0,0.0,0.0,0.0,0,0.0,0.0,0.0,0.0,0.0,Consumer
2023-05-29 05:00:00,user_003,5,0,0,False,0.0,0.0,0.0,0.0,0.0,0.0,0.0,0.0,55.17,0.0,0.0,0.0,0.0,0.0,0,0.0,0.0,0.0,0.0,0.0,Consumer
2023-05-29 06:00:00,user_003,6,0,0,False,0.0,0.0,0.0,0.0,0.0,0.0,0.0,0.0,55.17,0.0,0.0,0.0,0.0,0.0,0,0.0,0.0,0.0,0.0,0.0,Consumer
2023-05-29 07:00:00,user_003,7,0,0,False,0.0,0.0,0.0,0.0,0.0,0.0,0.0,0.0,55.17,0.0,0.0,0.0,0.0,0.0,0,0.0,0.0,0.0,0.0,0.0,Consumer
2023-05-29 08:00:00,user_003,8,0,0,False,0.0,0.0,0.0,0.0,0.0,0.0,0.0,0.0,55.17,0.0,0.0,0.0,0.0,0.0,0,0.0,0.0,0.0,0.0,0.0,Consumer
2023-05-29 09:00:00,user_003,9,0,0,False,0.0,0.0,0.0,0.0,0.0,0.0,0.0,0.0,55.17,0.0,0.0,0.0,0.0,0.0,0,0.0,0.0,0.0,0.0,0.0,Consumer
2023-05-29 10:00:00,user_003,10,0,0,False,0.0,0.0,0.0,0.0,0.0,0.0,0.0,0.0,55.17,0.0,0.0,0.0,0.0,0.0,0,0.0,0.0,0.0,0.0,0.0,Consumer
2023-05-29 11:00:00,user_003,11,0,0,False,0.0,0.0,0.0,0.0,0.0,0.0,0.0,0.0,55.17,0.0,0.0,0.0,0.0,0.0,0,0.0,0.0,0.0,0.0,0.0,Consumer
2023-05-29 12:00:00,user_003,12,0,0,False,0.0,0.0,0.0,0.0,0.0,0.0,0.0,0.0,55.17,0.0,0.0,0.0,0.0,0.0,0,0.0,0.0,0.0,0.0,0.0,Consumer
2023-05-29 13:00:00,user_003,13,0,0,False,0.0,0.0,0.0,0.0,0.0,0.0,0.0,0.0,55.17,0.0,0.0,0.0,0.0,0.0,0,0.0,0.0,0.0,0.0,0.0,Consumer
2023-05-29 14:00:00,user_003,14,0,0,False,0.0,0.0,0.0,0.0,0.0,0.0,0.0,0.0,55.17,0.0,0.0,0.0,0.0,0.0,0,0.0,0.0,0.0,0.0,0.0,Consumer
2023-05-29 15:00:00,user_003,15,0,0,False,0.0,0.0,0.0,0.0,0.0,0.0,0.0,0.0,55.17,0.0,0.0,0.0,0.0,0.0,0,0.0,0.0,0.0,0.0,0.0,Consumer
2023-05-29 16:00:00,user_003,16,0,0,False,0.0,0.0,0.0,0.0,0.0,0.0,0.0,0.0,55.17,0.0,0.0,0.0,0.0,0.0,0,0.0,0.0,0.0,0.0,0.0,Consumer
2023-05-29 17:00:00,user_003,17,0,0,False,0.0,0.0,0.0,0.0,0.0,0.0,0.0,0.0,55.17,0.0,0.0,0.0,0.0,0.0,0,0.0,0.0,0.0,0.0,0.0,Consumer
2023-05-29 18:00:00,user_003,18,0,0,False,0.0,0.0,0.0,0.0,0.0,0.0,0.0,0.0,55.17,0.0,0.0,0.0,0.0,0.0,0,0.0,0.0,0.0,0.0,0.0,Consumer
2023-05-29 19:00:00,user_003,19,0,0,False,0.0,0.0,0.0,0.0,0.0,0.0,0.0,0.0,55.17,0.0,0.0,0.0,0.0,0.0,0,0.0,0.0,0.0,0.0,0.0,Consumer
2023-05-29 20:00:00,user_003,20,0,0,False,0.0,0.0,0.0,0.0,0.0,0.0,0.0,0.0,55.17,0.0,0.0,0.0,0.0,0.0,0,0.0,0.0,0.0,0.0,0.0,Consumer
2023-05-29 21:00:00,user_003,21,0,0,False,0.0,0.0,0.0,0.0,0.0,0.0,0.0,0.0,55.17,0.0,0.0,0.0,0.0,0.0,0,0.0,0.0,0.0,0.0,0.0,Consumer
2023-05-29 22:00:00,user_003,22,0,0,False,0.0,0.0,0.0,0.0,0.0,0.0,0.0,0.0,55.17,0.0,0.0,0.0,0.0,0.0,0,0.0,0.0,0.0,0.0,0.0,Consumer
2023-05-29 23:00:00,user_003,23,0,0,False,0.0,0.0,0.0,0.0,0.0,0.0,0.0,0.0,55.17,0.0,0.0,0.0,0.0,0.0,0,0.0,0.0,0.0,0.0,0.0,Consumer
2023-05-30 00:00:00,user_003,0,0,1,False,0.0,0.0,0.0,0.0,0.0,0.0,0.0,0.0,55.17,0.0,0.0,0.0,0.0,0.0,0,0.0,0.0,0.0,0.0,0.0,Consumer
2023-05-30 01:00:00,user_003,1,0,1,False,0.0,0.0,0.0,0.0,0.0,0.0,0.0,0.0,55.17,0.0,0.0,0.0,0.0,0.0,0,0.0,0.0,0.0,0.0,0.0,Consumer
2023-05-30 02:00:00,user_003,2,0,1,False,0.0,0.0,0.0,0.0,0.0,0.0,0.0,0.0,55.17,0.0,0.0,0.0,0.0,0.0,0,0.0,0.0,0.0,0.0,0.0,Consumer
2023-05-30 03:00:00,user_003,3,0,1,False,0.0,0.0,0.0,0.0,0.0,0.0,0.0,0.0,55.17,0.0,0.0,0.0,0.0,0.0,0,0.0,0.0,0.0,0.0,0.0,Consumer
2023-05-30 04:00:00,user_003,4,0,1,False,0.0,0.0,0.0,0.0,0.0,0.0,0.0,0.0,55.17,0.0,0.0,0.0,0.0,0.0,0,0.0,0.0,0.0,0.0,0.0,Consumer
2023-05-30 05:00:00,user_003,5,0,1,False,0.0,0.0,0.0,0.0,0.0,0.0,0.0,0.0,55.17,0.0,0.0,0.0,0.0,0.0,0,0.0,0.0,0.0,0.0,0.0,Consumer
2023-05-30 06:00:00,user_003,6,0,1,False,0.0,0.0,0.0,0.0,0.0,0.0,0.0,0.0,55.17,0.0,0.0,0.0,0.0,0.0,0,0.0,0.0,0.0,0.0,0.0,Consumer
2023-05-30 07:00:00,user_003,7,0,1,False,0.0,0.0,0.0,0.0,0.0,0.0,0.0,0.0,55.17,0.0,0.0,0.0,0.0,0.0,0,0.0,0.0,0.0,0.0,0.0,Consumer
2023-05-30 08:00:00,user_003,8,0,1,False,0.0,0.0,0.0,0.0,0.0,0.0,0.0,0.0,55.17,0.0,0.0,0.0,0.0,0.0,0,0.0,0.0,0.0,0.0,0.0,Consumer
2023-05-30 09:00:00,user_003,9,0,1,False,0.0,0.0,0.0,0.0,0.0,0.0,0.0,0.0,55.17,0.0,0.0,0.0,0.0,0.0,0,0.0,0.0,0.0,0.0,0.0,Consumer
2023-05-30 10:00:00,user_003,10,0,1,False,0.0,0.0,0.0,0.0,0.0,0.0,0.0,0.0,55.17,0.0,0.0,0.0,0.0,0.0,0,0.0,0.0,0.0,0.0,0.0,Consumer
2023-05-30 11:00:00,user_003,11,0,1,False,0.0,0.0,0.0,0.0,0.0,0.0,0.0,0.0,55.17,0.0,0.0,0.0,0.0,0.0,0,0.0,0.0,0.0,0.0,0.0,Consumer
2023-05-30 12:00:00,user_003,12,0,1,False,0.0,0.0,0.0,0.0,0.0,0.0,0.0,0.0,55.17,0.0,0.0,0.0,0.0,0.0,0,0.0,0.0,0.0,0.0,0.0,Consumer
2023-05-30 13:00:00,user_003,13,0,1,False,0.0,0.0,0.0,0.0,0.0,0.0,0.0,0.0,55.17,0.0,0.0,0.0,0.0,0.0,0,0.0,0.0,0.0,0.0,0.0,Consumer
2023-05-30 14:00:00,user_003,14,0,1,False,0.0,0.0,0.0,0.0,0.0,0.0,0.0,0.0,55.17,0.0,0.0,0.0,0.0,0.0,0,0.0,0.0,0.0,0.0,0.0,Consumer
2023-05-30 15:00:00,user_003,15,0,1,False,0.0,0.0,0.0,0.0,0.0,0.0,0.0,0.0,55.17,0.0,0.0,0.0,0.0,0.0,0,0.0,0.0,0.0,0.0,0.0,Consumer
2023-05-30 16:00:00,user_003,16,0,1,False,0.0,0.0,0.0,0.0,0.0,0.0,0.0,0.0,55.17,0.0,0.0,0.0,0.0,0.0,0,0.0,0.0,0.0,0.0,0.0,Consumer
2023-05-30 17:00:00,user_003,17,0,1,False,0.0,0.0,0.0,0.0,0.0,0.0,0.0,0.0,55.17,0.0,0.0,0.0,0.0,0.0,0,0.0,0.0,0.0,0.0,0.0,Consumer
2023-05-30 18:00:00,user_003,18,0,1,False,0.0,0.0,0.0,0.0,0.0,0.0,0.0,0.0,55.17,0.0,0.0,0.0,0.0,0.0,0,0.0,0.0,0.0,0.0,0.0,Consumer
2023-05-30 19:00:00,user_003,19,0,1,False,0.0,0.0,0.0,0.0,0.0,0.0,0.0,0.0,55.17,0.0,0.0,0.0,0.0,0.0,0,0.0,0.0,0.0,0.0,0.0,Consumer
2023-05-30 20:00:00,user_003,20,0,1,False,0.0,0.0,0.0,0.0,0.0,0.0,0.0,0.0,55.17,0.0,0.0,0.0,0.0,0.0,0,0.0,0.0,0.0,0.0,0.0,Consumer
2023-05-30 21:00:00,user_003,21,0,1,False,0.0,0.0,0.0,0.0,0.0,0.0,0.0,0.0,55.17,0.0,0.0,0.0,0.0,0.0,0,0.0,0.0,0.0,0.0,0.0,Consumer
2023-05-30 22:00:00,user_003,22,0,1,False,0.0,0.0,0.0,0.0,0.0,0.0,0.0,0.0,55.17,0.0,0.0,0.0,0.0,0.0,0,0.0,0.0,0.0,0.0,0.0,Consumer
2023-05-30 23:00:00,user_003,23,0,1,False,0.0,0.0,0.0,0.0,0.0,0.0,0.0,0.0,55.17,0.0,0.0,0.0,0.0,0.0,0,0.0,0.0,0.0,0.0,0.0,Consumer
2023-05-31 00:00:00,user_003,0,0,2,False,0.0,0.0,0.0,0.0,0.0,0.0,0.0,0.0,55.17,0.0,0.0,0.0,0.0,0.0,0,0.0,0.0,0.0,0.0,0.0,Consumer
2023-05-31 01:00:00,user_003,1,0,2,False,0.0,0.0,0.0,0.0,0.0,0.0,0.0,0.0,55.17,0.0,0.0,0.0,0.0,0.0,0,0.0,0.0,0.0,0.0,0.0,Consumer
2023-05-31 02:00:00,user_003,2,0,2,False,0.0,0.0,0.0,0.0,0.0,0.0,0.0,0.0,55.17,0.0,0.0,0.0,0.0,0.0,0,0.0,0.0,0.0,0.0,0.0,Consumer
2023-05-31 03:00:00,user_003,3,0,2,False,0.0,0.0,0.0,0.0,0.0,0.0,0.0,0.0,55.17,0.0,0.0,0.0,0.0,0.0,0,0.0,0.0,0.0,0.0,0.0,Consumer
2023-05-31 04:00:00,user_003,4,0,2,False,0.0,0.0,0.0,0.0,0.0,0.0,0.0,0.0,55.17,0.0,0.0,0.0,0.0,0.0,0,0.0,0.0,0.0,0.0,0.0,Consumer
2023-05-31 05:00:00,user_003,5,0,2,False,0.0,0.0,0.0,0.0,0.0,0.0,0.0,0.0,55.17,0.0,0.0,0.0,0.0,0.0,0,0.0,0.0,0.0,0.0,0.0,Consumer
2023-05-31 06:00:00,user_003,6,0,2,False,0.0,0.0,0.0,0.0,0.0,0.0,0.0,0.0,55.17,0.0,0.0,0.0,0.0,0.0,0,0.0,0.0,0.0,0.0,0.0,Consumer
2023-05-31 07:00:00,user_003,7,0,2,False,0.0,0.0,0.0,0.0,0.0,0.0,0.0,0.0,55.17,0.0,0.0,0.0,0.0,0.0,0,0.0,0.0,0.0,0.0,0.0,Consumer
2023-05-31 08:00:00,user_003,8,0,2,False,0.0,0.0,0.0,0.0,0.0,0.0,0.0,0.0,55.17,0.0,0.0,0.0,0.0,0.0,0,0.0,0.0,0.0,0.0,0.0,Consumer
2023-05-31 09:00:00,user_003,9,0,2,False,0.0,0.0,0.0,0.0,0.0,0.0,0.0,0.0,55.17,0.0,0.0,0.0,0.0,0.0,0,0.0,0.0,0.0,0.0,0.0,Consumer
2023-05-31 10:00:00,user_003,10,0,2,False,0.0,0.0,0.0,0.0,0.0,0.0,0.0,0.0,55.17,0.0,0.0,0.0,0.0,0.0,0,0.0,0.0,0.0,0.0,0.0,Consumer
2023-05-31 11:00:00,user_003,11,0,2,False,0.0,0.0,0.0,0.0,0.0,0.0,0.0,0.0,55.17,0.0,0.0,0.0,0.0,0.0,0,0.0,0.0,0.0,0.0,0.0,Consumer
2023-05-31 12:00:00,user_003,12,0,2,False,0.0,0.0,0.0,0.0,0.0,0.0,0.0,0.0,55.17,0.0,0.0,0.0,0.0,0.0,0,0.0,0.0,0.0,0.0,0.0,Consumer
2023-05-31 13:00:00,user_003,13,0,2,False,0.0,0.0,0.0,0.0,0.0,0.0,0.0,0.0,55.17,0.0,0.0,0.0,0.0,0.0,0,0.0,0.0,0.0,0.0,0.0,Consumer
2023-05-31 14:00:00,user_003,14,0,2,False,0.0,0.0,0.0,0.0,0.0,0.0,0.0,0.0,55.17,0.0,0.0,0.0,0.0,0.0,0,0.0,0.0,0.0,0.0,0.0,Consumer
2023-05-31 15:00:00,user_003,15,0,2,False,0.0,0.0,0.0,0.0,0.0,0.0,0.0,0.0,55.17,0.0,0.0,0.0,0.0,0.0,0,0.0,0.0,0.0,0.0,0.0,Consumer
2023-05-31 16:00:00,user_003,16,0,2,False,0.0,0.0,0.0,0.0,0.0,0.0,0.0,0.0,55.17,0.0,0.0,0.0,0.0,0.0,0,0.0,0.0,0.0,0.0,0.0,Consumer
2023-05-31 17:00:00,user_003,17,0,2,False,0.0,0.0,0.0,0.0,0.0,0.0,0.0,0.0,55.17,0.0,0.0,0.0,0.0,0.0,0,0.0,0.0,0.0,0.0,0.0,Consumer
2023-05-31 18:00:00,user_003,18,0,2,False,0.0,0.0,0.0,0.0,0.0,0.0,0.0,0.0,55.17,0.0,0.0,0.0,0.0,0.0,0,0.0,0.0,0.0,0.0,0.0,Consumer
2023-05-31 19:00:00,user_003,19,0,2,False,0.0,0.0,0.0,0.0,0.0,0.0,0.0,0.0,55.17,0.0,0.0,0.0,0.0,0.0,0,0.0,0.0,0.0,0.0,0.0,Consumer
2023-05-31 20:00:00,user_003,20,0,2,False,0.0,0.0,0.0,0.0,0.0,0.0,0.0,0.0,55.17,0.0,0.0,0.0,0.0,0.0,0,0.0,0.0,0.0,0.0,0.0,Consumer
2023-05-31 21:00:00,user_003,21,0,2,False,0.0,0.0,0.0,0.0,0.0,0.0,0.0,0.0,55.17,0.0,0.0,0.0,0.0,0.0,0,0.0,0.0,0.0,0.0,0.0,Consumer
2023-05-31 22:00:00,user_003,22,0,2,False,0.0,0.0,0.0,0.0,0.0,0.0,0.0,0.0,55.17,0.0,0.0,0.0,0.0,0.0,0,0.0,0.0,0.0,0.0,0.0,Consumer
2023-05-31 23:00:00,user_003,23,0,2,False,0.0,0.0,0.0,0.0,0.0,0.0,0.0,0.0,55.17,0.0,0.0,0.0,0.0,0.0,0,0.0,0.0,0.0,0.0,0.0,Consumer
2023-05-01 00:00:00,user_004,0,0,0,False,0.0,0.0,0.0,0.0,20.0,0.0,0.083,0.083,50.0,10.0,0.083,0.083,0.083,0.083,0,0.0,0.0,0.0,0.0,0.0,Prosumer
2023-05-01 01:00:00,user_004,1,0,0,False,0.0,0.0,0.0,0.0,20.0,0.0,0.083,0.083,49.58,9.916,0.083,0.083,0.083,0.083,0,0.0,0.0,0.0,0.0,0.0,Prosumer
2023-05-01 02:00:00,user_004,2,0,0,False,0.0,0.0,0.0,0.0,20.0,0.0,0.083,0.083,49.17,9.833,0.083,0.083,0.083,0.083,0,0.0,0.0,0.0,0.0,0.0,Prosumer
2023-05-01 03:00:00,user_004,3,0,0,False,0.0,0.0,0.0,0.0,20.0,0.0,0.083,0.083,48.75,9.75,0.083,0.083,0.083,0.083,0,0.0,0.0,0.0,0.0,0.0,Prosumer
2023-05-01 04:00:00,user_004,4,0,0,False,0.0,0.0,0.0,0.0,20.0,0.0,0.083,0.083,48.33,9.666,0.083,0.083,0.083,0.083,0,0.0,0.0,0.0,0.0,0.0,Prosumer
2023-05-01 05:00:00,user_004,5,0,0,False,0.04152185523127673,0.04183326914551131,0.0,0.0,20.0,0.0,0.043,0.043,48.12,9.623,0.08452185523127673,0.08452185523127673,0.08452185523127673,0.08452185523127673,0,0.0,0.020916634572755655,0.04183326914551131,0.0,0.020916634572755655,Prosumer
2023-05-01 06:00:00,user_004,6,0,0,False,1.3421939703510202,1.3418825564367858,0.0,0.0,20.0,1.143,0.0,-1.143,53.83,10.766,0.19919397035102016,0.19919397035102016,0.19919397035102016,0.19919397035102016,0,0.0,0.6709412782183929,1.383715825582297,0.0,0.6918579127911485,Prosumer
2023-05-01 07:00:00,user_004,7,0,0,False,5.8753425152256575,5.875446319863736,0.0,0.0,20.0,5.494,0.0,-5.494,81.3,16.26,0.38134251522565776,0.38134251522565776,0.38134251522565776,0.38134251522565776,0,0.0,2.937723159931868,7.259162145446033,0.0,3.6295810727230164,Prosumer
2023-05-01 08:00:00,user_004,8,0,0,False,9.45867862168484,9.458159598494447,0.0,0.0,20.0,2.74,0.0,-2.74,95.0,19.0,6.718678621684839,6.718678621684839,6.718678621684839,6.718678621684839,0,0.0,4.7290797992472235,16.71732174394048,0.0,8.35866087197024,Prosumer
2023-05-01 09:00:00,user_004,9,0,0,False,10.785301896324132,10.785717114876443,0.0,0.0,20.0,0.0,0.0,0.0,95.0,19.0,10.785301896324132,10.785301896324132,10.785301896324132,10.785301896324132,0,0.0,5.392858557438221,27.50303885881692,0.0,13.75151942940846,Prosumer
2023-05-01 10:00:00,user_004,10,0,0,False,13.27453711743917,13.274121898886857,0.0,0.0,20.0,0.0,0.0,0.0,95.0,19.0,13.27453711743917,13.27453711743917,13.27453711743917,13.27453711743917,0,0.0,6.637060949443429,40.77716075770378,0.0,20.38858037885189,Prosumer
2023-05-01 11:00:00,user_004,11,0,0,False,12.379741137205157,12.379533527929,0.0,0.0,20.0,0.0,0.0,0.0,95.0,19.0,12.379741137205157,12.379741137205157,12.379741137205157,12.379741137205157,0,0.0,6.1897667639645,53.15669428563278,0.0,26.57834714281639,Prosumer
2023-05-01 12:00:00,user_004,12,0,0,False,12.64651905706611,12.646207643151875,0.0,0.0,20.0,0.0,0.0,0.0,95.0,19.0,12.64651905706611,12.64651905706611,12.64651905706611,12.64651905706611,0,0.0,6.323103821575938,65.80290192878465,0.0,32.901450964392325,Prosumer
2023-05-01 13:00:00,user_004,13,0,0,False,12.991150455485707,12.991358064761863,0.0,0.0,20.0,0.0,0.0,0.0,95.0,19.0,12.991150455485707,12.991150455485707,12.991150455485707,12.991150455485707,0,0.0,6.495679032380932,78.79425999354652,0.0,39.39712999677326,Prosumer
2023-05-01 14:00:00,user_004,14,0,0,False,9.25937371657471,9.259685130488945,0.0,0.0,20.0,0.0,0.0,0.0,95.0,19.0,9.25937371657471,9.25937371657471,9.25937371657471,9.25937371657471,0,0.0,4.629842565244473,88.05394512403547,0.0,44.02697256201773,Prosumer
2023-05-01 15:00:00,user_004,15,0,0,False,6.482599647983079,6.482184429430767,0.0,0.0,20.0,0.0,0.0,0.0,95.0,19.0,6.482599647983079,6.482599647983079,6.482599647983079,6.482599647983079,0,0.0,3.2410922147153833,94.53612955346622,0.0,47.26806477673311,Prosumer
2023-05-01 16:00:00,user_004,16,0,0,False,4.894388685386744,4.894907708577135,0.0,0.0,20.0,0.0,0.0,0.0,95.0,19.0,4.894388685386744,4.894388685386744,4.894388685386744,4.894388685386744,0,0.0,2.4474538542885673,99.43103726204336,0.0,49.71551863102168,Prosumer
2023-05-01 17:00:00,user_004,17,0,0,False,2.5110341951114603,2.510826585835304,0.0,0.0,20.0,0.0,0.0,0.0,95.0,19.0,2.5110341951114603,2.5110341951114603,2.5110341951114603,2.5110341951114603,0,0.0,1.255413292917652,101.94186384787866,0.0,50.97093192393933,Prosumer
2023-05-01 18:00:00,user_004,18,0,0,False,0.13390798312086746,0.13380417848278925,0.0,0.0,20.0,0.0,0.0,0.0,95.0,19.0,0.13390798312086746,0.13390798312086746,0.13390798312086746,0.13390798312086746,0,0.0,0.06690208924139462,102.07566802636146,0.0,51.03783401318073,Prosumer
2023-05-01 19:00:00,user_004,19,0,0,False,0.0,0.0,0.0,0.0,20.0,0.0,0.083,0.083,94.58,18.917,0.083,0.083,0.083,0.083,0,0.0,0.0,102.07566802636146,0.0,51.03783401318073,Prosumer
2023-05-01 20:00:00,user_004,20,0,0,False,0.0,0.0,0.0,0.0,20.0,0.0,0.086,0.086,94.15,18.83,0.086,0.086,0.086,0.086,0,0.0,0.0,102.07566802636146,0.0,51.03783401318073,Prosumer
2023-05-01 21:00:00,user_004,21,0,0,False,0.0,0.0,0.0,0.0,20.0,0.0,0.083,0.083,93.74,18.747,0.083,0.083,0.083,0.083,0,0.0,0.0,102.07566802636146,0.0,51.03783401318073,Prosumer
2023-05-01 22:00:00,user_004,22,0,0,False,0.0,0.0,0.0,0.0,20.0,0.0,0.083,0.083,93.32,18.664,0.083,0.083,0.083,0.083,0,0.0,0.0,102.07566802636146,0.0,51.03783401318073,Prosumer
2023-05-01 23:00:00,user_004,23,0,0,False,0.0,0.0,0.0,0.0,20.0,0.0,0.083,0.083,92.9,18.58,0.083,0.083,0.083,0.083,0,0.0,0.0,102.07566802636146,0.0,51.03783401318073,Prosumer
2023-05-02 00:00:00,user_004,0,0,1,False,0.0,0.0,0.0,0.0,20.0,0.0,0.083,0.083,92.49,18.497,0.083,0.083,0.083,0.083,0,0.0,0.0,102.07566802636146,0.0,51.03783401318073,Prosumer
2023-05-02 01:00:00,user_004,1,0,1,False,0.0,0.0,0.0,0.0,20.0,0.0,0.083,0.083,92.07,18.414,0.083,0.083,0.083,0.083,0,0.0,0.0,102.07566802636146,0.0,51.03783401318073,Prosumer
2023-05-02 02:00:00,user_004,2,0,1,False,0.0,0.0,0.0,0.0,20.0,0.0,0.083,0.083,91.65,18.33,0.083,0.083,0.083,0.083,0,0.0,0.0,102.07566802636146,0.0,51.03783401318073,Prosumer
2023-05-02 03:00:00,user_004,3,0,1,False,0.0,0.0,0.0,0.0,20.0,0.0,0.083,0.083,91.24,18.247,0.083,0.083,0.083,0.083,0,0.0,0.0,102.07566802636146,0.0,51.03783401318073,Prosumer
2023-05-02 04:00:00,user_004,4,0,1,False,0.0,0.0,0.0,0.0,20.0,0.0,0.083,0.083,90.82,18.164,0.083,0.083,0.083,0.083,0,0.0,0.0,102.07566802636146,0.0,51.03783401318073,Prosumer
2023-05-02 05:00:00,user_004,5,0,1,False,0.048788179896750154,0.049307203087141115,0.0,0.0,20.0,0.0,0.036,0.036,90.64,18.128,0.08478817989675015,0.08478817989675015,0.08478817989675015,0.08478817989675015,0,0.0,0.024653601543570557,102.1249752294486,0.0,51.0624876147243,Prosumer
2023-05-02 06:00:00,user_004,6,0,1,False,1.9089672942579476,1.9088634896198695,0.0,0.0,20.0,0.872,0.0,-0.872,95.0,19.0,1.0369672942579475,1.0369672942579475,1.0369672942579475,1.0369672942579475,0,0.0,0.9544317448099348,104.03383871906847,0.0,52.016919359534235,Prosumer
2023-05-02 07:00:00,user_004,7,0,1,False,6.131739971278791,6.131324752726479,0.0,0.0,20.0,0.0,0.0,0.0,95.0,19.0,6.131739971278791,6.131739971278791,6.131739971278791,6.131739971278791,0,0.0,3.0656623763632393,110.16516347179495,0.0,55.08258173589748,Prosumer
2023-05-02 08:00:00,user_004,8,0,1,False,9.082905831841785,9.082698222565629,0.0,0.0,20.0,0.0,0.0,0.0,95.0,19.0,9.082905831841785,9.082905831841785,9.082905831841785,9.082905831841785,0,0.0,4.541349111282814,119.24786169436058,0.0,59.62393084718029,Prosumer
2023-05-02 09:00:00,user_004,9,0,1,False,12.139952423244534,12.140056227882612,0.0,0.0,20.0,0.0,0.0,0.0,95.0,19.0,12.139952423244534,12.139952423244534,12.139952423244534,12.139952423244534,0,0.0,6.070028113941306,131.3879179222432,0.0,65.6939589611216,Prosumer
2023-05-02 10:00:00,user_004,10,0,1,False,11.519200687536946,11.519200687536946,0.0,0.0,20.0,0.0,0.0,0.0,95.0,19.0,11.519200687536946,11.519200687536946,11.519200687536946,11.519200687536946,0,0.0,5.759600343768473,142.90711860978013,0.0,71.45355930489006,Prosumer
2023-05-02 11:00:00,user_004,11,0,1,False,12.62472008306969,12.624408669155455,0.0,0.0,20.0,0.0,0.0,0.0,95.0,19.0,12.62472008306969,12.62472008306969,12.62472008306969,12.62472008306969,0,0.0,6.312204334577728,155.53152727893558,0.0,77.76576363946779,Prosumer
2023-05-02 12:00:00,user_004,12,0,1,False,13.65861427832848,13.65861427832848,0.0,0.0,20.0,0.0,0.0,0.0,95.0,19.0,13.65861427832848,13.65861427832848,13.65861427832848,13.65861427832848,0,0.0,6.82930713916424,169.19014155726407,0.0,84.59507077863204,Prosumer
2023-05-02 13:00:00,user_004,13,0,1,False,13.156199830030031,13.156199830030031,0.0,0.0,20.0,0.0,0.0,0.0,95.0,19.0,13.156199830030031,13.156199830030031,13.156199830030031,13.156199830030031,0,0.0,6.578099915015016,182.3463413872941,0.0,91.17317069364705,Prosumer
2023-05-02 14:00:00,user_004,14,0,1,False,10.479078213993466,10.479078213993466,0.0,0.0,20.0,0.0,0.0,0.0,95.0,19.0,10.479078213993466,10.479078213993466,10.479078213993466,10.479078213993466,0,0.0,5.239539106996733,192.82541960128756,0.0,96.41270980064378,Prosumer
2023-05-02 15:00:00,user_004,15,0,1,False,8.788100659699719,8.78799685506164,0.0,0.0,20.0,0.0,0.0,0.0,95.0,19.0,8.788100659699719,8.788100659699719,8.788100659699719,8.788100659699719,0,0.0,4.39399842753082,201.6134164563492,0.0,100.8067082281746,Prosumer
2023-05-02 16:00:00,user_004,16,0,1,False,5.173623161817081,5.173934575731315,0.0,0.0,20.0,0.0,0.0,0.0,95.0,19.0,5.173623161817081,5.173623161817081,5.173623161817081,5.173623161817081,0,0.0,2.5869672878656575,206.78735103208052,0.0,103.39367551604026,Prosumer
2023-05-02 17:00:00,user_004,17,0,1,False,2.067788390517581,2.0679959997937374,0.0,0.0,20.0,0.0,0.0,0.0,95.0,19.0,2.067788390517581,2.067788390517581,2.067788390517581,2.067788390517581,0,0.0,1.0339979998968687,208.85534703187426,0.0,104.42767351593713,Prosumer
2023-05-02 18:00:00,user_004,18,0,1,False,0.0,0.0,0.0,0.0,20.0,0.0,0.083,0.083,94.58,18.917,0.083,0.083,0.083,0.083,0,0.0,0.0,208.85534703187426,0.0,104.42767351593713,Prosumer
2023-05-02 19:00:00,user_004,19,0,1,False,0.0,0.0,0.0,0.0,20.0,0.0,0.083,0.083,94.17,18.833,0.083,0.083,0.083,0.083,0,0.0,0.0,208.85534703187426,0.0,104.42767351593713,Prosumer
2023-05-02 20:00:00,user_004,20,0,1,False,0.0,0.0,0.0,0.0,20.0,0.0,0.087,0.087,93.73,18.747,0.087,0.087,0.087,0.087,0,0.0,0.0,208.85534703187426,0.0,104.42767351593713,Prosumer
2023-05-02 21:00:00,user_004,21,0,1,False,0.0,0.0,0.0,0.0,20.0,0.0,0.087,0.087,93.3,18.659,0.087,0.087,0.087,0.087,0,0.0,0.0,208.85534703187426,0.0,104.42767351593713,Prosumer
2023-05-02 22:00:00,user_004,22,0,1,False,0.0,0.0,0.0,0.0,20.0,0.0,0.083,0.083,92.88,18.576,0.083,0.083,0.083,0.083,0,0.0,0.0,208.85534703187426,0.0,104.42767351593713,Prosumer
2023-05-02 23:00:00,user_004,23,0,1,False,0.0,0.0,0.0,0.0,20.0,0.0,0.083,0.083,92.46,18.493,0.083,0.083,0.083,0.083,0,0.0,0.0,208.85534703187426,0.0,104.42767351593713,Prosumer
2023-05-03 00:00:00,user_004,0,0,2,False,0.0,0.0,0.0,0.0,20.0,0.0,0.083,0.083,92.05,18.409,0.083,0.083,0.083,0.083,0,0.0,0.0,208.85534703187426,0.0,104.42767351593713,Prosumer
2023-05-03 01:00:00,user_004,1,0,2,False,0.0,0.0,0.0,0.0,20.0,0.0,0.083,0.083,91.63,18.326,0.083,0.083,0.083,0.083,0,0.0,0.0,208.85534703187426,0.0,104.42767351593713,Prosumer
2023-05-03 02:00:00,user_004,2,0,2,False,0.0,0.0,0.0,0.0,20.0,0.0,0.083,0.083,91.21,18.243,0.083,0.083,0.083,0.083,0,0.0,0.0,208.85534703187426,0.0,104.42767351593713,Prosumer
2023-05-03 03:00:00,user_004,3,0,2,False,0.0,0.0,0.0,0.0,20.0,0.0,0.083,0.083,90.8,18.159,0.083,0.083,0.083,0.083,0,0.0,0.0,208.85534703187426,0.0,104.42767351593713,Prosumer
2023-05-03 04:00:00,user_004,4,0,2,False,0.0,0.0,0.0,0.0,20.0,0.0,0.083,0.083,90.38,18.076,0.083,0.083,0.083,0.083,0,0.0,0.0,208.85534703187426,0.0,104.42767351593713,Prosumer
2023-05-03 05:00:00,user_004,5,0,2,False,0.0,0.0,0.0,0.0,20.0,0.0,0.083,0.083,89.96,17.993,0.083,0.083,0.083,0.083,0,0.0,0.0,208.85534703187426,0.0,104.42767351593713,Prosumer
2023-05-03 06:00:00,user_004,6,0,2,False,0.0,0.0,0.0,0.0,20.0,0.0,0.155,0.155,89.19,17.837,0.155,0.155,0.155,0.155,0,0.0,0.0,208.85534703187426,0.0,104.42767351593713,Prosumer
2023-05-03 07:00:00,user_004,7,0,2,False,0.0,0.0,0.0,0.0,20.0,0.0,0.165,0.165,88.36,17.672,0.165,0.165,0.165,0.165,0,0.0,0.0,208.85534703187426,0.0,104.42767351593713,Prosumer
2023-05-03 08:00:00,user_004,8,0,2,False,0.0,0.0,0.0,0.0,20.0,0.0,0.149,0.149,87.62,17.523,0.149,0.149,0.149,0.149,0,0.0,0.0,208.85534703187426,0.0,104.42767351593713,Prosumer
2023-05-03 09:00:00,user_004,9,0,2,False,0.0,0.0,0.0,0.0,20.0,0.0,0.133,0.133,86.95,17.39,0.133,0.133,0.133,0.133,0,0.0,0.0,208.85534703187426,0.0,104.42767351593713,Prosumer
2023-05-03 10:00:00,user_004,10,0,2,False,0.0,0.0,0.0,0.0,20.0,0.0,0.083,0.083,86.53,17.307,0.083,0.083,0.083,0.083,0,0.0,0.0,208.85534703187426,0.0,104.42767351593713,Prosumer
2023-05-03 11:00:00,user_004,11,0,2,False,0.0,0.0,0.0,0.0,20.0,0.0,0.083,0.083,86.12,17.224,0.083,0.083,0.083,0.083,0,0.0,0.0,208.85534703187426,0.0,104.42767351593713,Prosumer
2023-05-03 12:00:00,user_004,12,0,2,False,0.0,0.0,0.0,0.0,20.0,0.0,0.086,0.086,85.69,17.137,0.086,0.086,0.086,0.086,0,0.0,0.0,208.85534703187426,0.0,104.42767351593713,Prosumer
2023-05-03 13:00:00,user_004,13,0,2,False,0.0,0.0,0.0,0.0,20.0,0.0,0.087,0.087,85.25,17.051,0.087,0.087,0.087,0.087,0,0.0,0.0,208.85534703187426,0.0,104.42767351593713,Prosumer
2023-05-03 14:00:00,user_004,14,0,2,False,0.0,0.0,0.0,0.0,20.0,0.0,0.083,0.083,84.84,16.967,0.083,0.083,0.083,0.083,0,0.0,0.0,208.85534703187426,0.0,104.42767351593713,Prosumer
2023-05-03 15:00:00,user_004,15,0,2,False,0.0,0.0,0.0,0.0,20.0,0.0,0.083,0.083,84.42,16.884,0.083,0.083,0.083,0.083,0,0.0,0.0,208.85534703187426,0.0,104.42767351593713,Prosumer
2023-05-03 16:00:00,user_004,16,0,2,False,0.0,0.0,0.0,0.0,20.0,0.0,0.085,0.085,83.99,16.799,0.085,0.085,0.085,0.085,0,0.0,0.0,208.85534703187426,0.0,104.42767351593713,Prosumer
2023-05-03 17:00:00,user_004,17,0,2,False,0.0,0.0,0.0,0.0,20.0,0.0,0.087,0.087,83.56,16.712,0.087,0.087,0.087,0.087,0,0.0,0.0,208.85534703187426,0.0,104.42767351593713,Prosumer
2023-05-03 18:00:00,user_004,18,0,2,False,0.0,0.0,0.0,0.0,20.0,0.0,0.083,0.083,83.14,16.629,0.083,0.083,0.083,0.083,0,0.0,0.0,208.85534703187426,0.0,104.42767351593713,Prosumer
2023-05-03 19:00:00,user_004,19,0,2,False,0.0,0.0,0.0,0.0,20.0,0.0,0.084,0.084,82.72,16.544,0.084,0.084,0.084,0.084,0,0.0,0.0,208.85534703187426,0.0,104.42767351593713,Prosumer
2023-05-03 20:00:00,user_004,20,0,2,False,0.0,0.0,0.0,0.0,20.0,0.0,0.084,0.084,82.3,16.461,0.084,0.084,0.084,0.084,0,0.0,0.0,208.85534703187426,0.0,104.42767351593713,Prosumer
2023-05-03 21:00:00,user_004,21,0,2,False,0.0,0.0,0.0,0.0,20.0,0.0,0.085,0.085,81.88,16.376,0.085,0.085,0.085,0.085,0,0.0,0.0,208.85534703187426,0.0,104.42767351593713,Prosumer
2023-05-03 22:00:00,user_004,22,0,2,False,0.0,0.0,0.0,0.0,20.0,0.0,0.083,0.083,81.46,16.292,0.083,0.083,0.083,0.083,0,0.0,0.0,208.85534703187426,0.0,104.42767351593713,Prosumer
2023-05-03 23:00:00,user_004,23,0,2,False,0.0,0.0,0.0,0.0,20.0,0.0,0.083,0.083,81.05,16.209,0.083,0.083,0.083,0.083,0,0.0,0.0,208.85534703187426,0.0,104.42767351593713,Prosumer
2023-05-04 00:00:00,user_004,0,0,3,False,0.0,0.0,0.0,0.0,20.0,0.0,0.083,0.083,80.63,16.126,0.083,0.083,0.083,0.083,0,0.0,0.0,208.85534703187426,0.0,104.42767351593713,Prosumer
2023-05-04 01:00:00,user_004,1,0,3,False,0.0,0.0,0.0,0.0,20.0,0.0,0.083,0.083,80.21,16.042,0.083,0.083,0.083,0.083,0,0.0,0.0,208.85534703187426,0.0,104.42767351593713,Prosumer
2023-05-04 02:00:00,user_004,2,0,3,False,0.0,0.0,0.0,0.0,20.0,0.0,0.083,0.083,79.8,15.959,0.083,0.083,0.083,0.083,0,0.0,0.0,208.85534703187426,0.0,104.42767351593713,Prosumer
2023-05-04 03:00:00,user_004,3,0,3,False,0.0,0.0,0.0,0.0,20.0,0.0,0.083,0.083,79.38,15.876,0.083,0.083,0.083,0.083,0,0.0,0.0,208.85534703187426,0.0,104.42767351593713,Prosumer
2023-05-04 04:00:00,user_004,4,0,3,False,0.0,0.0,0.0,0.0,20.0,0.0,0.083,0.083,78.96,15.792,0.083,0.083,0.083,0.083,0,0.0,0.0,208.85534703187426,0.0,104.42767351593713,Prosumer
2023-05-04 05:00:00,user_004,5,0,3,False,0.0,0.0,0.0,0.0,20.0,0.0,0.083,0.083,78.55,15.709,0.083,0.083,0.083,0.083,0,0.0,0.0,208.85534703187426,0.0,104.42767351593713,Prosumer
2023-05-04 06:00:00,user_004,6,0,3,False,0.0,0.0,0.0,0.0,20.0,0.0,0.15,0.15,77.8,15.559,0.15,0.15,0.15,0.15,0,0.0,0.0,208.85534703187426,0.0,104.42767351593713,Prosumer
2023-05-04 07:00:00,user_004,7,0,3,False,0.0,0.0,0.0,0.0,20.0,0.0,0.174,0.174,76.93,15.385,0.174,0.174,0.174,0.174,0,0.0,0.0,208.85534703187426,0.0,104.42767351593713,Prosumer
2023-05-04 08:00:00,user_004,8,0,3,False,0.0,0.0,0.0,0.0,20.0,0.0,0.155,0.155,76.15,15.23,0.155,0.155,0.155,0.155,0,0.0,0.0,208.85534703187426,0.0,104.42767351593713,Prosumer
2023-05-04 09:00:00,user_004,9,0,3,False,0.0,0.0,0.0,0.0,20.0,0.0,0.145,0.145,75.42,15.084,0.145,0.145,0.145,0.145,0,0.0,0.0,208.85534703187426,0.0,104.42767351593713,Prosumer
2023-05-04 10:00:00,user_004,10,0,3,False,0.0,0.0,0.0,0.0,20.0,0.0,0.085,0.085,75.0,15.0,0.085,0.085,0.085,0.085,0,0.0,0.0,208.85534703187426,0.0,104.42767351593713,Prosumer
2023-05-04 11:00:00,user_004,11,0,3,False,0.0,0.0,0.0,0.0,20.0,0.0,0.084,0.084,74.58,14.916,0.084,0.084,0.084,0.084,0,0.0,0.0,208.85534703187426,0.0,104.42767351593713,Prosumer
2023-05-04 12:00:00,user_004,12,0,3,False,0.0,0.0,0.0,0.0,20.0,0.0,0.087,0.087,74.14,14.829,0.087,0.087,0.087,0.087,0,0.0,0.0,208.85534703187426,0.0,104.42767351593713,Prosumer
2023-05-04 13:00:00,user_004,13,0,3,False,0.0,0.0,0.0,0.0,20.0,0.0,0.084,0.084,73.73,14.745,0.084,0.084,0.084,0.084,0,0.0,0.0,208.85534703187426,0.0,104.42767351593713,Prosumer
2023-05-04 14:00:00,user_004,14,0,3,False,0.0,0.0,0.0,0.0,20.0,0.0,0.087,0.087,73.29,14.658,0.087,0.087,0.087,0.087,0,0.0,0.0,208.85534703187426,0.0,104.42767351593713,Prosumer
2023-05-04 15:00:00,user_004,15,0,3,False,0.0,0.0,0.0,0.0,20.0,0.0,0.083,0.083,72.87,14.575,0.083,0.083,0.083,0.083,0,0.0,0.0,208.85534703187426,0.0,104.42767351593713,Prosumer
2023-05-04 16:00:00,user_004,16,0,3,False,0.0,0.0,0.0,0.0,20.0,0.0,0.083,0.083,72.46,14.491,0.083,0.083,0.083,0.083,0,0.0,0.0,208.85534703187426,0.0,104.42767351593713,Prosumer
2023-05-04 17:00:00,user_004,17,0,3,False,0.0,0.0,0.0,0.0,20.0,0.0,0.083,0.083,72.04,14.408,0.083,0.083,0.083,0.083,0,0.0,0.0,208.85534703187426,0.0,104.42767351593713,Prosumer
2023-05-04 18:00:00,user_004,18,0,3,False,0.0,0.0,0.0,0.0,20.0,0.0,0.085,0.085,71.62,14.323,0.085,0.085,0.085,0.085,0,0.0,0.0,208.85534703187426,0.0,104.42767351593713,Prosumer
2023-05-04 19:00:00,user_004,19,0,3,False,0.0,0.0,0.0,0.0,20.0,0.0,0.083,0.083,71.2,14.24,0.083,0.083,0.083,0.083,0,0.0,0.0,208.85534703187426,0.0,104.42767351593713,Prosumer
2023-05-04 20:00:00,user_004,20,0,3,False,0.0,0.0,0.0,0.0,20.0,0.0,0.084,0.084,70.78,14.156,0.084,0.084,0.084,0.084,0,0.0,0.0,208.85534703187426,0.0,104.42767351593713,Prosumer
2023-05-04 21:00:00,user_004,21,0,3,False,0.0,0.0,0.0,0.0,20.0,0.0,0.083,0.083,70.36,14.073,0.083,0.083,0.083,0.083,0,0.0,0.0,208.85534703187426,0.0,104.42767351593713,Prosumer
2023-05-04 22:00:00,user_004,22,0,3,False,0.0,0.0,0.0,0.0,20.0,0.0,0.083,0.083,69.95,13.989,0.083,0.083,0.083,0.083,0,0.0,0.0,208.85534703187426,0.0,104.42767351593713,Prosumer
2023-05-04 23:00:00,user_004,23,0,3,False,0.0,0.0,0.0,0.0,20.0,0.0,0.083,0.083,69.53,13.906,0.083,0.083,0.083,0.083,0,0.0,0.0,208.85534703187426,0.0,104.42767351593713,Prosumer
2023-05-05 00:00:00,user_004,0,0,4,False,0.0,0.0,0.0,0.0,20.0,0.0,0.083,0.083,69.11,13.823,0.083,0.083,0.083,0.083,0,0.0,0.0,208.85534703187426,0.0,104.42767351593713,Prosumer
2023-05-05 01:00:00,user_004,1,0,4,False,0.0,0.0,0.0,0.0,20.0,0.0,0.083,0.083,68.7,13.739,0.083,0.083,0.083,0.083,0,0.0,0.0,208.85534703187426,0.0,104.42767351593713,Prosumer
2023-05-05 02:00:00,user_004,2,0,4,False,0.0,0.0,0.0,0.0,20.0,0.0,0.083,0.083,68.28,13.656,0.083,0.083,0.083,0.083,0,0.0,0.0,208.85534703187426,0.0,104.42767351593713,Prosumer
2023-05-05 03:00:00,user_004,3,0,4,False,0.0,0.0,0.0,0.0,20.0,0.0,0.083,0.083,67.86,13.573,0.083,0.083,0.083,0.083,0,0.0,0.0,208.85534703187426,0.0,104.42767351593713,Prosumer
2023-05-05 04:00:00,user_004,4,0,4,False,0.0,0.0,0.0,0.0,20.0,0.0,0.083,0.083,67.45,13.489,0.083,0.083,0.083,0.083,0,0.0,0.0,208.85534703187426,0.0,104.42767351593713,Prosumer
2023-05-05 05:00:00,user_004,5,0,4,False,0.0,0.0,0.0,0.0,20.0,0.0,0.083,0.083,67.03,13.406,0.083,0.083,0.083,0.083,0,0.0,0.0,208.85534703187426,0.0,104.42767351593713,Prosumer
2023-05-05 06:00:00,user_004,6,0,4,False,0.0,0.0,0.0,0.0,20.0,0.0,0.151,0.151,66.28,13.255,0.151,0.151,0.151,0.151,0,0.0,0.0,208.85534703187426,0.0,104.42767351593713,Prosumer
2023-05-05 07:00:00,user_004,7,0,4,False,0.0,0.0,0.0,0.0,20.0,0.0,0.168,0.168,65.43,13.087,0.168,0.168,0.168,0.168,0,0.0,0.0,208.85534703187426,0.0,104.42767351593713,Prosumer
2023-05-05 08:00:00,user_004,8,0,4,False,0.0,0.0,0.0,0.0,20.0,0.0,0.149,0.149,64.69,12.938,0.149,0.149,0.149,0.149,0,0.0,0.0,208.85534703187426,0.0,104.42767351593713,Prosumer
2023-05-05 09:00:00,user_004,9,0,4,False,0.0,0.0,0.0,0.0,20.0,0.0,0.132,0.132,64.03,12.806,0.132,0.132,0.132,0.132,0,0.0,0.0,208.85534703187426,0.0,104.42767351593713,Prosumer
2023-05-05 10:00:00,user_004,10,0,4,False,0.0,0.0,0.0,0.0,20.0,0.0,0.084,0.084,63.61,12.722,0.084,0.084,0.084,0.084,0,0.0,0.0,208.85534703187426,0.0,104.42767351593713,Prosumer
2023-05-05 11:00:00,user_004,11,0,4,False,0.0,0.0,0.0,0.0,20.0,0.0,0.084,0.084,63.19,12.638,0.084,0.084,0.084,0.084,0,0.0,0.0,208.85534703187426,0.0,104.42767351593713,Prosumer
2023-05-05 12:00:00,user_004,12,0,4,False,0.0,0.0,0.0,0.0,20.0,0.0,0.083,0.083,62.77,12.554,0.083,0.083,0.083,0.083,0,0.0,0.0,208.85534703187426,0.0,104.42767351593713,Prosumer
2023-05-05 13:00:00,user_004,13,0,4,False,0.0,0.0,0.0,0.0,20.0,0.0,0.086,0.086,62.34,12.469,0.086,0.086,0.086,0.086,0,0.0,0.0,208.85534703187426,0.0,104.42767351593713,Prosumer
2023-05-05 14:00:00,user_004,14,0,4,False,0.0,0.0,0.0,0.0,20.0,0.0,0.086,0.086,61.91,12.382,0.086,0.086,0.086,0.086,0,0.0,0.0,208.85534703187426,0.0,104.42767351593713,Prosumer
2023-05-05 15:00:00,user_004,15,0,4,False,0.0,0.0,0.0,0.0,20.0,0.0,0.087,0.087,61.48,12.296,0.087,0.087,0.087,0.087,0,0.0,0.0,208.85534703187426,0.0,104.42767351593713,Prosumer
2023-05-05 16:00:00,user_004,16,0,4,False,0.0,0.0,0.0,0.0,20.0,0.0,0.085,0.085,61.05,12.211,0.085,0.085,0.085,0.085,0,0.0,0.0,208.85534703187426,0.0,104.42767351593713,Prosumer
2023-05-05 17:00:00,user_004,17,0,4,False,0.0,0.0,0.0,0.0,20.0,0.0,0.083,0.083,60.64,12.127,0.083,0.083,0.083,0.083,0,0.0,0.0,208.85534703187426,0.0,104.42767351593713,Prosumer
2023-05-05 18:00:00,user_004,18,0,4,False,0.0,0.0,0.0,0.0,20.0,0.0,0.086,0.086,60.2,12.041,0.086,0.086,0.086,0.086,0,0.0,0.0,208.85534703187426,0.0,104.42767351593713,Prosumer
2023-05-05 19:00:00,user_004,19,0,4,False,0.0,0.0,0.0,0.0,20.0,0.0,0.083,0.083,59.79,11.958,0.083,0.083,0.083,0.083,0,0.0,0.0,208.85534703187426,0.0,104.42767351593713,Prosumer
2023-05-05 20:00:00,user_004,20,0,4,False,0.0,0.0,0.0,0.0,20.0,0.0,0.083,0.083,59.37,11.874,0.083,0.083,0.083,0.083,0,0.0,0.0,208.85534703187426,0.0,104.42767351593713,Prosumer
2023-05-05 21:00:00,user_004,21,0,4,False,0.0,0.0,0.0,0.0,20.0,0.0,0.085,0.085,58.95,11.79,0.085,0.085,0.085,0.085,0,0.0,0.0,208.85534703187426,0.0,104.42767351593713,Prosumer
2023-05-05 22:00:00,user_004,22,0,4,False,0.0,0.0,0.0,0.0,20.0,0.0,0.083,0.083,58.53,11.706,0.083,0.083,0.083,0.083,0,0.0,0.0,208.85534703187426,0.0,104.42767351593713,Prosumer
2023-05-05 23:00:00,user_004,23,0,4,False,0.0,0.0,0.0,0.0,20.0,0.0,0.083,0.083,58.11,11.623,0.083,0.083,0.083,0.083,0,0.0,0.0,208.85534703187426,0.0,104.42767351593713,Prosumer
2023-05-06 00:00:00,user_004,0,0,5,True,0.0,0.0,0.0,0.0,20.0,0.0,0.083,0.083,57.7,11.54,0.083,0.083,0.083,0.083,0,0.0,0.0,208.85534703187426,0.0,104.42767351593713,Prosumer
2023-05-06 01:00:00,user_004,1,0,5,True,0.0,0.0,0.0,0.0,20.0,0.0,0.083,0.083,57.28,11.456,0.083,0.083,0.083,0.083,0,0.0,0.0,208.85534703187426,0.0,104.42767351593713,Prosumer
2023-05-06 02:00:00,user_004,2,0,5,True,0.0,0.0,0.0,0.0,20.0,0.0,0.083,0.083,56.86,11.373,0.083,0.083,0.083,0.083,0,0.0,0.0,208.85534703187426,0.0,104.42767351593713,Prosumer
2023-05-06 03:00:00,user_004,3,0,5,True,0.0,0.0,0.0,0.0,20.0,0.0,0.083,0.083,56.45,11.29,0.083,0.083,0.083,0.083,0,0.0,0.0,208.85534703187426,0.0,104.42767351593713,Prosumer
2023-05-06 04:00:00,user_004,4,0,5,True,0.0,0.0,0.0,0.0,20.0,0.0,0.083,0.083,56.03,11.206,0.083,0.083,0.083,0.083,0,0.0,0.0,208.85534703187426,0.0,104.42767351593713,Prosumer
2023-05-06 05:00:00,user_004,5,0,5,True,0.0,0.0,0.0,0.0,20.0,0.0,0.083,0.083,55.61,11.123,0.083,0.083,0.083,0.083,0,0.0,0.0,208.85534703187426,0.0,104.42767351593713,Prosumer
2023-05-06 06:00:00,user_004,6,0,5,True,0.0,0.0,0.0,0.0,20.0,0.0,0.112,0.112,55.05,11.01,0.112,0.112,0.112,0.112,0,0.0,0.0,208.85534703187426,0.0,104.42767351593713,Prosumer
2023-05-06 07:00:00,user_004,7,0,5,True,0.0,0.0,0.0,0.0,20.0,0.0,0.114,0.114,54.48,10.897,0.114,0.114,0.114,0.114,0,0.0,0.0,208.85534703187426,0.0,104.42767351593713,Prosumer
2023-05-06 08:00:00,user_004,8,0,5,True,0.0,0.0,0.0,0.0,20.0,0.0,0.115,0.115,53.91,10.782,0.115,0.115,0.115,0.115,0,0.0,0.0,208.85534703187426,0.0,104.42767351593713,Prosumer
2023-05-06 09:00:00,user_004,9,0,5,True,0.0,0.0,0.0,0.0,20.0,0.0,0.095,0.095,53.43,10.686,0.095,0.095,0.095,0.095,0,0.0,0.0,208.85534703187426,0.0,104.42767351593713,Prosumer
2023-05-06 10:00:00,user_004,10,0,5,True,0.0,0.0,0.0,0.0,20.0,0.0,0.083,0.083,53.01,10.603,0.083,0.083,0.083,0.083,0,0.0,0.0,208.85534703187426,0.0,104.42767351593713,Prosumer
2023-05-06 11:00:00,user_004,11,0,5,True,0.0,0.0,0.0,0.0,20.0,0.0,0.083,0.083,52.6,10.52,0.083,0.083,0.083,0.083,0,0.0,0.0,208.85534703187426,0.0,104.42767351593713,Prosumer
2023-05-06 12:00:00,user_004,12,0,5,True,0.0,0.0,0.0,0.0,20.0,0.0,0.083,0.083,52.18,10.436,0.083,0.083,0.083,0.083,0,0.0,0.0,208.85534703187426,0.0,104.42767351593713,Prosumer
2023-05-06 13:00:00,user_004,13,0,5,True,0.0,0.0,0.0,0.0,20.0,0.0,0.083,0.083,51.76,10.353,0.083,0.083,0.083,0.083,0,0.0,0.0,208.85534703187426,0.0,104.42767351593713,Prosumer
2023-05-06 14:00:00,user_004,14,0,5,True,0.0,0.0,0.0,0.0,20.0,0.0,0.083,0.083,51.35,10.27,0.083,0.083,0.083,0.083,0,0.0,0.0,208.85534703187426,0.0,104.42767351593713,Prosumer
2023-05-06 15:00:00,user_004,15,0,5,True,0.0,0.0,0.0,0.0,20.0,0.0,0.083,0.083,50.93,10.186,0.083,0.083,0.083,0.083,0,0.0,0.0,208.85534703187426,0.0,104.42767351593713,Prosumer
2023-05-06 16:00:00,user_004,16,0,5,True,0.0,0.0,0.0,0.0,20.0,0.0,0.083,0.083,50.51,10.103,0.083,0.083,0.083,0.083,0,0.0,0.0,208.85534703187426,0.0,104.42767351593713,Prosumer
2023-05-06 17:00:00,user_004,17,0,5,True,0.0,0.0,0.0,0.0,20.0,0.0,0.083,0.083,50.1,10.02,0.083,0.083,0.083,0.083,0,0.0,0.0,208.85534703187426,0.0,104.42767351593713,Prosumer
2023-05-06 18:00:00,user_004,18,0,5,True,0.0,0.0,0.0,0.0,20.0,0.0,0.083,0.083,49.68,9.936,0.083,0.083,0.083,0.083,0,0.0,0.0,208.85534703187426,0.0,104.42767351593713,Prosumer
2023-05-06 19:00:00,user_004,19,0,5,True,0.0,0.0,0.0,0.0,20.0,0.0,0.083,0.083,49.26,9.853,0.083,0.083,0.083,0.083,0,0.0,0.0,208.85534703187426,0.0,104.42767351593713,Prosumer
2023-05-06 20:00:00,user_004,20,0,5,True,0.0,0.0,0.0,0.0,20.0,0.0,0.083,0.083,48.85,9.77,0.083,0.083,0.083,0.083,0,0.0,0.0,208.85534703187426,0.0,104.42767351593713,Prosumer
2023-05-06 21:00:00,user_004,21,0,5,True,0.0,0.0,0.0,0.0,20.0,0.0,0.083,0.083,48.43,9.686,0.083,0.083,0.083,0.083,0,0.0,0.0,208.85534703187426,0.0,104.42767351593713,Prosumer
2023-05-06 22:00:00,user_004,22,0,5,True,0.0,0.0,0.0,0.0,20.0,0.0,0.083,0.083,48.01,9.603,0.083,0.083,0.083,0.083,0,0.0,0.0,208.85534703187426,0.0,104.42767351593713,Prosumer
2023-05-06 23:00:00,user_004,23,0,5,True,0.0,0.0,0.0,0.0,20.0,0.0,0.083,0.083,47.6,9.52,0.083,0.083,0.083,0.083,0,0.0,0.0,208.85534703187426,0.0,104.42767351593713,Prosumer
2023-05-07 00:00:00,user_004,0,0,6,True,0.0,0.0,0.0,0.0,20.0,0.0,0.083,0.083,47.18,9.436,0.083,0.083,0.083,0.083,0,0.0,0.0,208.85534703187426,0.0,104.42767351593713,Prosumer
2023-05-07 01:00:00,user_004,1,0,6,True,0.0,0.0,0.0,0.0,20.0,0.0,0.083,0.083,46.76,9.353,0.083,0.083,0.083,0.083,0,0.0,0.0,208.85534703187426,0.0,104.42767351593713,Prosumer
2023-05-07 02:00:00,user_004,2,0,6,True,0.0,0.0,0.0,0.0,20.0,0.0,0.083,0.083,46.35,9.27,0.083,0.083,0.083,0.083,0,0.0,0.0,208.85534703187426,0.0,104.42767351593713,Prosumer
2023-05-07 03:00:00,user_004,3,0,6,True,0.0,0.0,0.0,0.0,20.0,0.0,0.083,0.083,45.93,9.186,0.083,0.083,0.083,0.083,0,0.0,0.0,208.85534703187426,0.0,104.42767351593713,Prosumer
2023-05-07 04:00:00,user_004,4,0,6,True,0.0,0.0,0.0,0.0,20.0,0.0,0.083,0.083,45.51,9.103,0.083,0.083,0.083,0.083,0,0.0,0.0,208.85534703187426,0.0,104.42767351593713,Prosumer
2023-05-07 05:00:00,user_004,5,0,6,True,0.0,0.0,0.0,0.0,20.0,0.0,0.083,0.083,45.1,9.02,0.083,0.083,0.083,0.083,0,0.0,0.0,208.85534703187426,0.0,104.42767351593713,Prosumer
2023-05-07 06:00:00,user_004,6,0,6,True,0.0,0.0,0.0,0.0,20.0,0.0,0.114,0.114,44.53,8.905,0.114,0.114,0.114,0.114,0,0.0,0.0,208.85534703187426,0.0,104.42767351593713,Prosumer
2023-05-07 07:00:00,user_004,7,0,6,True,0.0,0.0,0.0,0.0,20.0,0.0,0.118,0.118,43.94,8.787,0.118,0.118,0.118,0.118,0,0.0,0.0,208.85534703187426,0.0,104.42767351593713,Prosumer
2023-05-07 08:00:00,user_004,8,0,6,True,0.0,0.0,0.0,0.0,20.0,0.0,0.111,0.111,43.38,8.676,0.111,0.111,0.111,0.111,0,0.0,0.0,208.85534703187426,0.0,104.42767351593713,Prosumer
2023-05-07 09:00:00,user_004,9,0,6,True,0.0,0.0,0.0,0.0,20.0,0.0,0.102,0.102,42.87,8.575,0.102,0.102,0.102,0.102,0,0.0,0.0,208.85534703187426,0.0,104.42767351593713,Prosumer
2023-05-07 10:00:00,user_004,10,0,6,True,0.0,0.0,0.0,0.0,20.0,0.0,0.083,0.083,42.46,8.491,0.083,0.083,0.083,0.083,0,0.0,0.0,208.85534703187426,0.0,104.42767351593713,Prosumer
2023-05-07 11:00:00,user_004,11,0,6,True,0.0,0.0,0.0,0.0,20.0,0.0,0.083,0.083,42.04,8.408,0.083,0.083,0.083,0.083,0,0.0,0.0,208.85534703187426,0.0,104.42767351593713,Prosumer
2023-05-07 12:00:00,user_004,12,0,6,True,0.0,0.0,0.0,0.0,20.0,0.0,0.083,0.083,41.62,8.325,0.083,0.083,0.083,0.083,0,0.0,0.0,208.85534703187426,0.0,104.42767351593713,Prosumer
2023-05-07 13:00:00,user_004,13,0,6,True,0.0,0.0,0.0,0.0,20.0,0.0,0.083,0.083,41.21,8.241,0.083,0.083,0.083,0.083,0,0.0,0.0,208.85534703187426,0.0,104.42767351593713,Prosumer
2023-05-07 14:00:00,user_004,14,0,6,True,0.0,0.0,0.0,0.0,20.0,0.0,0.083,0.083,40.79,8.158,0.083,0.083,0.083,0.083,0,0.0,0.0,208.85534703187426,0.0,104.42767351593713,Prosumer
2023-05-07 15:00:00,user_004,15,0,6,True,0.0,0.0,0.0,0.0,20.0,0.0,0.083,0.083,40.37,8.075,0.083,0.083,0.083,0.083,0,0.0,0.0,208.85534703187426,0.0,104.42767351593713,Prosumer
2023-05-07 16:00:00,user_004,16,0,6,True,0.0,0.0,0.0,0.0,20.0,0.0,0.083,0.083,39.96,7.991,0.083,0.083,0.083,0.083,0,0.0,0.0,208.85534703187426,0.0,104.42767351593713,Prosumer
2023-05-07 17:00:00,user_004,17,0,6,True,0.0,0.0,0.0,0.0,20.0,0.0,0.083,0.083,39.54,7.908,0.083,0.083,0.083,0.083,0,0.0,0.0,208.85534703187426,0.0,104.42767351593713,Prosumer
2023-05-07 18:00:00,user_004,18,0,6,True,0.0,0.0,0.0,0.0,20.0,0.0,0.083,0.083,39.12,7.825,0.083,0.083,0.083,0.083,0,0.0,0.0,208.85534703187426,0.0,104.42767351593713,Prosumer
2023-05-07 19:00:00,user_004,19,0,6,True,0.0,0.0,0.0,0.0,20.0,0.0,0.083,0.083,38.71,7.741,0.083,0.083,0.083,0.083,0,0.0,0.0,208.85534703187426,0.0,104.42767351593713,Prosumer
2023-05-07 20:00:00,user_004,20,0,6,True,0.0,0.0,0.0,0.0,20.0,0.0,0.083,0.083,38.29,7.658,0.083,0.083,0.083,0.083,0,0.0,0.0,208.85534703187426,0.0,104.42767351593713,Prosumer
2023-05-07 21:00:00,user_004,21,0,6,True,0.0,0.0,0.0,0.0,20.0,0.0,0.083,0.083,37.87,7.575,0.083,0.083,0.083,0.083,0,0.0,0.0,208.85534703187426,0.0,104.42767351593713,Prosumer
2023-05-07 22:00:00,user_004,22,0,6,True,0.0,0.0,0.0,0.0,20.0,0.0,0.083,0.083,37.46,7.491,0.083,0.083,0.083,0.083,0,0.0,0.0,208.85534703187426,0.0,104.42767351593713,Prosumer
2023-05-07 23:00:00,user_004,23,0,6,True,0.0,0.0,0.0,0.0,20.0,0.0,0.083,0.083,37.04,7.408,0.083,0.083,0.083,0.083,0,0.0,0.0,208.85534703187426,0.0,104.42767351593713,Prosumer
2023-05-08 00:00:00,user_004,0,0,0,False,0.0,0.0,0.0,0.0,20.0,0.0,0.083,0.083,36.62,7.325,0.083,0.083,0.083,0.083,0,0.0,0.0,208.85534703187426,0.0,104.42767351593713,Prosumer
2023-05-08 01:00:00,user_004,1,0,0,False,0.0,0.0,0.0,0.0,20.0,0.0,0.083,0.083,36.21,7.241,0.083,0.083,0.083,0.083,0,0.0,0.0,208.85534703187426,0.0,104.42767351593713,Prosumer
2023-05-08 02:00:00,user_004,2,0,0,False,0.0,0.0,0.0,0.0,20.0,0.0,0.083,0.083,35.79,7.158,0.083,0.083,0.083,0.083,0,0.0,0.0,208.85534703187426,0.0,104.42767351593713,Prosumer
2023-05-08 03:00:00,user_004,3,0,0,False,0.0,0.0,0.0,0.0,20.0,0.0,0.083,0.083,35.37,7.075,0.083,0.083,0.083,0.083,0,0.0,0.0,208.85534703187426,0.0,104.42767351593713,Prosumer
2023-05-08 04:00:00,user_004,4,0,0,False,0.0,0.0,0.0,0.0,20.0,0.0,0.083,0.083,34.96,6.991,0.083,0.083,0.083,0.083,0,0.0,0.0,208.85534703187426,0.0,104.42767351593713,Prosumer
2023-05-08 05:00:00,user_004,5,0,0,False,0.0,0.0,0.0,0.0,20.0,0.0,0.083,0.083,34.54,6.908,0.083,0.083,0.083,0.083,0,0.0,0.0,208.85534703187426,0.0,104.42767351593713,Prosumer
2023-05-08 06:00:00,user_004,6,0,0,False,0.0,0.0,0.0,0.0,20.0,0.0,0.15,0.15,33.79,6.758,0.15,0.15,0.15,0.15,0,0.0,0.0,208.85534703187426,0.0,104.42767351593713,Prosumer
2023-05-08 07:00:00,user_004,7,0,0,False,0.0,0.0,0.0,0.0,20.0,0.0,0.168,0.168,32.95,6.59,0.168,0.168,0.168,0.168,0,0.0,0.0,208.85534703187426,0.0,104.42767351593713,Prosumer
2023-05-08 08:00:00,user_004,8,0,0,False,0.0,0.0,0.0,0.0,20.0,0.0,0.146,0.146,32.22,6.444,0.146,0.146,0.146,0.146,0,0.0,0.0,208.85534703187426,0.0,104.42767351593713,Prosumer
2023-05-08 09:00:00,user_004,9,0,0,False,0.0,0.0,0.0,0.0,20.0,0.0,0.136,0.136,31.54,6.308,0.136,0.136,0.136,0.136,0,0.0,0.0,208.85534703187426,0.0,104.42767351593713,Prosumer
2023-05-08 10:00:00,user_004,10,0,0,False,0.0,0.0,0.0,0.0,20.0,0.0,0.084,0.084,31.12,6.224,0.084,0.084,0.084,0.084,0,0.0,0.0,208.85534703187426,0.0,104.42767351593713,Prosumer
2023-05-08 11:00:00,user_004,11,0,0,False,0.0,0.0,0.0,0.0,20.0,0.0,0.083,0.083,30.7,6.141,0.083,0.083,0.083,0.083,0,0.0,0.0,208.85534703187426,0.0,104.42767351593713,Prosumer
2023-05-08 12:00:00,user_004,12,0,0,False,0.0,0.0,0.0,0.0,20.0,0.0,0.083,0.083,30.29,6.058,0.083,0.083,0.083,0.083,0,0.0,0.0,208.85534703187426,0.0,104.42767351593713,Prosumer
2023-05-08 13:00:00,user_004,13,0,0,False,0.0,0.0,0.0,0.0,20.0,0.0,0.083,0.083,29.87,5.974,0.083,0.083,0.083,0.083,0,0.0,0.0,208.85534703187426,0.0,104.42767351593713,Prosumer
2023-05-08 14:00:00,user_004,14,0,0,False,0.0,0.0,0.0,0.0,20.0,0.0,0.084,0.084,29.45,5.891,0.084,0.084,0.084,0.084,0,0.0,0.0,208.85534703187426,0.0,104.42767351593713,Prosumer
2023-05-08 15:00:00,user_004,15,0,0,False,0.0,0.0,0.0,0.0,20.0,0.0,0.083,0.083,29.04,5.807,0.083,0.083,0.083,0.083,0,0.0,0.0,208.85534703187426,0.0,104.42767351593713,Prosumer
2023-05-08 16:00:00,user_004,16,0,0,False,0.0,0.0,0.0,0.0,20.0,0.0,0.083,0.083,28.62,5.724,0.083,0.083,0.083,0.083,0,0.0,0.0,208.85534703187426,0.0,104.42767351593713,Prosumer
2023-05-08 17:00:00,user_004,17,0,0,False,0.0,0.0,0.0,0.0,20.0,0.0,0.083,0.083,28.2,5.641,0.083,0.083,0.083,0.083,0,0.0,0.0,208.85534703187426,0.0,104.42767351593713,Prosumer
2023-05-08 18:00:00,user_004,18,0,0,False,0.0,0.0,0.0,0.0,20.0,0.0,0.083,0.083,27.79,5.557,0.083,0.083,0.083,0.083,0,0.0,0.0,208.85534703187426,0.0,104.42767351593713,Prosumer
2023-05-08 19:00:00,user_004,19,0,0,False,0.0,0.0,0.0,0.0,20.0,0.0,0.087,0.087,27.35,5.47,0.087,0.087,0.087,0.087,0,0.0,0.0,208.85534703187426,0.0,104.42767351593713,Prosumer
2023-05-08 20:00:00,user_004,20,0,0,False,0.0,0.0,0.0,0.0,20.0,0.0,0.085,0.085,26.93,5.386,0.085,0.085,0.085,0.085,0,0.0,0.0,208.85534703187426,0.0,104.42767351593713,Prosumer
2023-05-08 21:00:00,user_004,21,0,0,False,0.0,0.0,0.0,0.0,20.0,0.0,0.084,0.084,26.51,5.302,0.084,0.084,0.084,0.084,0,0.0,0.0,208.85534703187426,0.0,104.42767351593713,Prosumer
2023-05-08 22:00:00,user_004,22,0,0,False,0.0,0.0,0.0,0.0,20.0,0.0,0.083,0.083,26.09,5.219,0.083,0.083,0.083,0.083,0,0.0,0.0,208.85534703187426,0.0,104.42767351593713,Prosumer
2023-05-08 23:00:00,user_004,23,0,0,False,0.0,0.0,0.0,0.0,20.0,0.0,0.083,0.083,25.68,5.135,0.083,0.083,0.083,0.083,0,0.0,0.0,208.85534703187426,0.0,104.42767351593713,Prosumer
2023-05-09 00:00:00,user_004,0,0,1,False,0.0,0.0,0.0,0.0,20.0,0.0,0.083,0.083,25.26,5.052,0.083,0.083,0.083,0.083,0,0.0,0.0,208.85534703187426,0.0,104.42767351593713,Prosumer
2023-05-09 01:00:00,user_004,1,0,1,False,0.0,0.0,0.0,0.0,20.0,0.0,0.083,0.083,24.84,4.969,0.083,0.083,0.083,0.083,0,0.0,0.0,208.85534703187426,0.0,104.42767351593713,Prosumer
2023-05-09 02:00:00,user_004,2,0,1,False,0.0,0.0,0.0,0.0,20.0,0.0,0.083,0.083,24.43,4.885,0.083,0.083,0.083,0.083,0,0.0,0.0,208.85534703187426,0.0,104.42767351593713,Prosumer
2023-05-09 03:00:00,user_004,3,0,1,False,0.0,0.0,0.0,0.0,20.0,0.0,0.083,0.083,24.01,4.802,0.083,0.083,0.083,0.083,0,0.0,0.0,208.85534703187426,0.0,104.42767351593713,Prosumer
2023-05-09 04:00:00,user_004,4,0,1,False,0.0,0.0,0.0,0.0,20.0,0.0,0.083,0.083,23.59,4.719,0.083,0.083,0.083,0.083,0,0.0,0.0,208.85534703187426,0.0,104.42767351593713,Prosumer
2023-05-09 05:00:00,user_004,5,0,1,False,0.0,0.0,0.0,0.0,20.0,0.0,0.083,0.083,23.18,4.635,0.083,0.083,0.083,0.083,0,0.0,0.0,208.85534703187426,0.0,104.42767351593713,Prosumer
2023-05-09 06:00:00,user_004,6,0,1,False,0.0,0.0,0.0,0.0,20.0,0.0,0.154,0.154,22.4,4.481,0.154,0.154,0.154,0.154,0,0.0,0.0,208.85534703187426,0.0,104.42767351593713,Prosumer
2023-05-09 07:00:00,user_004,7,0,1,False,0.0,0.0,0.0,0.0,20.0,0.0,0.163,0.163,21.59,4.318,0.163,0.163,0.163,0.163,0,0.0,0.0,208.85534703187426,0.0,104.42767351593713,Prosumer
2023-05-09 08:00:00,user_004,8,0,1,False,0.0,0.0,0.0,0.0,20.0,0.0,0.159,0.159,20.8,4.159,0.159,0.159,0.159,0.159,0,0.0,0.0,208.85534703187426,0.0,104.42767351593713,Prosumer
2023-05-09 09:00:00,user_004,9,0,1,False,0.0,0.0,0.0,0.0,20.0,0.0,0.139,0.139,20.1,4.02,0.139,0.139,0.139,0.139,0,0.0,0.0,208.85534703187426,0.0,104.42767351593713,Prosumer
2023-05-09 10:00:00,user_004,10,0,1,False,0.0,0.0,0.0,0.0,20.0,0.0,0.086,0.086,19.67,3.934,0.086,0.086,0.086,0.086,0,0.0,0.0,208.85534703187426,0.0,104.42767351593713,Prosumer
2023-05-09 11:00:00,user_004,11,0,1,False,0.0,0.0,0.0,0.0,20.0,0.0,0.083,0.083,19.25,3.851,0.083,0.083,0.083,0.083,0,0.0,0.0,208.85534703187426,0.0,104.42767351593713,Prosumer
2023-05-09 12:00:00,user_004,12,0,1,False,0.0,0.0,0.0,0.0,20.0,0.0,0.086,0.086,18.82,3.765,0.086,0.086,0.086,0.086,0,0.0,0.0,208.85534703187426,0.0,104.42767351593713,Prosumer
2023-05-09 13:00:00,user_004,13,0,1,False,0.0,0.0,0.0,0.0,20.0,0.0,0.085,0.085,18.4,3.68,0.085,0.085,0.085,0.085,0,0.0,0.0,208.85534703187426,0.0,104.42767351593713,Prosumer
2023-05-09 14:00:00,user_004,14,0,1,False,0.0,0.0,0.0,0.0,20.0,0.0,0.083,0.083,17.98,3.596,0.083,0.083,0.083,0.083,0,0.0,0.0,208.85534703187426,0.0,104.42767351593713,Prosumer
2023-05-09 15:00:00,user_004,15,0,1,False,0.0,0.0,0.0,0.0,20.0,0.0,0.083,0.083,17.57,3.513,0.083,0.083,0.083,0.083,0,0.0,0.0,208.85534703187426,0.0,104.42767351593713,Prosumer
2023-05-09 16:00:00,user_004,16,0,1,False,0.0,0.0,0.0,0.0,20.0,0.0,0.083,0.083,17.15,3.43,0.083,0.083,0.083,0.083,0,0.0,0.0,208.85534703187426,0.0,104.42767351593713,Prosumer
2023-05-09 17:00:00,user_004,17,0,1,False,0.0,0.0,0.0,0.0,20.0,0.0,0.087,0.087,16.71,3.342,0.087,0.087,0.087,0.087,0,0.0,0.0,208.85534703187426,0.0,104.42767351593713,Prosumer
2023-05-09 18:00:00,user_004,18,0,1,False,0.0,0.0,0.0,0.0,20.0,0.0,0.085,0.085,16.29,3.258,0.085,0.085,0.085,0.085,0,0.0,0.0,208.85534703187426,0.0,104.42767351593713,Prosumer
2023-05-09 19:00:00,user_004,19,0,1,False,0.0,0.0,0.0,0.0,20.0,0.0,0.084,0.084,15.87,3.174,0.084,0.084,0.084,0.084,0,0.0,0.0,208.85534703187426,0.0,104.42767351593713,Prosumer
2023-05-09 20:00:00,user_004,20,0,1,False,0.0,0.0,0.0,0.0,20.0,0.0,0.083,0.083,15.45,3.09,0.083,0.083,0.083,0.083,0,0.0,0.0,208.85534703187426,0.0,104.42767351593713,Prosumer
2023-05-09 21:00:00,user_004,21,0,1,False,0.0,0.0,0.0,0.0,20.0,0.0,0.086,0.086,15.02,3.004,0.086,0.086,0.086,0.086,0,0.0,0.0,208.85534703187426,0.0,104.42767351593713,Prosumer
2023-05-09 22:00:00,user_004,22,0,1,False,0.0,0.0,0.0,0.0,20.0,0.0,0.083,0.083,14.6,2.921,0.083,0.083,0.083,0.083,0,0.0,0.0,208.85534703187426,0.0,104.42767351593713,Prosumer
2023-05-09 23:00:00,user_004,23,0,1,False,0.0,0.0,0.0,0.0,20.0,0.0,0.083,0.083,14.19,2.837,0.083,0.083,0.083,0.083,0,0.0,0.0,208.85534703187426,0.0,104.42767351593713,Prosumer
2023-05-10 00:00:00,user_004,0,0,2,False,0.0,0.0,0.0,0.0,20.0,0.0,0.083,0.083,13.77,2.754,0.083,0.083,0.083,0.083,0,0.0,0.0,208.85534703187426,0.0,104.42767351593713,Prosumer
2023-05-10 01:00:00,user_004,1,0,2,False,0.0,0.0,0.0,0.0,20.0,0.0,0.083,0.083,13.35,2.671,0.083,0.083,0.083,0.083,0,0.0,0.0,208.85534703187426,0.0,104.42767351593713,Prosumer
2023-05-10 02:00:00,user_004,2,0,2,False,0.0,0.0,0.0,0.0,20.0,0.0,0.083,0.083,12.94,2.587,0.083,0.083,0.083,0.083,0,0.0,0.0,208.85534703187426,0.0,104.42767351593713,Prosumer
2023-05-10 03:00:00,user_004,3,0,2,False,0.0,0.0,0.0,0.0,20.0,0.0,0.083,0.083,12.52,2.504,0.083,0.083,0.083,0.083,0,0.0,0.0,208.85534703187426,0.0,104.42767351593713,Prosumer
2023-05-10 04:00:00,user_004,4,0,2,False,0.0,0.0,0.0,0.0,20.0,0.0,0.083,0.083,12.1,2.421,0.083,0.083,0.083,0.083,0,0.0,0.0,208.85534703187426,0.0,104.42767351593713,Prosumer
2023-05-10 05:00:00,user_004,5,0,2,False,0.0,0.0,0.0,0.0,20.0,0.0,0.083,0.083,11.69,2.337,0.083,0.083,0.083,0.083,0,0.0,0.0,208.85534703187426,0.0,104.42767351593713,Prosumer
2023-05-10 06:00:00,user_004,6,0,2,False,0.0,0.0,0.0,0.0,20.0,0.0,0.158,0.158,10.9,2.179,0.158,0.158,0.158,0.158,0,0.0,0.0,208.85534703187426,0.0,104.42767351593713,Prosumer
2023-05-10 07:00:00,user_004,7,0,2,False,0.0,0.0,0.0,0.0,20.0,0.0,0.17,0.17,10.05,2.01,0.17,0.17,0.17,0.17,0,0.0,0.0,208.85534703187426,0.0,104.42767351593713,Prosumer
2023-05-10 08:00:00,user_004,8,0,2,False,0.0,0.0,0.0,0.0,20.0,0.0,0.01,0.01,10.0,2.0,0.01,0.01,0.01,0.01,0,0.0,0.0,208.85534703187426,0.0,104.42767351593713,Prosumer
2023-05-10 09:00:00,user_004,9,0,2,False,0.0,0.0,0.0,0.0,20.0,0.0,0.0,0.0,10.0,2.0,0.0,0.0,0.0,0.0,0,0.0,0.0,208.85534703187426,0.0,104.42767351593713,Prosumer
2023-05-10 10:00:00,user_004,10,0,2,False,0.0,0.0,0.0,0.0,20.0,0.0,0.0,0.0,10.0,2.0,0.0,0.0,0.0,0.0,0,0.0,0.0,208.85534703187426,0.0,104.42767351593713,Prosumer
2023-05-10 11:00:00,user_004,11,0,2,False,0.0,0.0,0.0,0.0,20.0,0.0,0.0,0.0,10.0,2.0,0.0,0.0,0.0,0.0,0,0.0,0.0,208.85534703187426,0.0,104.42767351593713,Prosumer
2023-05-10 12:00:00,user_004,12,0,2,False,0.0,0.0,0.0,0.0,20.0,0.0,0.0,0.0,10.0,2.0,0.0,0.0,0.0,0.0,0,0.0,0.0,208.85534703187426,0.0,104.42767351593713,Prosumer
2023-05-10 13:00:00,user_004,13,0,2,False,0.0,0.0,0.0,0.0,20.0,0.0,0.0,0.0,10.0,2.0,0.0,0.0,0.0,0.0,0,0.0,0.0,208.85534703187426,0.0,104.42767351593713,Prosumer
2023-05-10 14:00:00,user_004,14,0,2,False,0.0,0.0,0.0,0.0,20.0,0.0,0.0,0.0,10.0,2.0,0.0,0.0,0.0,0.0,0,0.0,0.0,208.85534703187426,0.0,104.42767351593713,Prosumer
2023-05-10 15:00:00,user_004,15,0,2,False,0.0,0.0,0.0,0.0,20.0,0.0,0.0,0.0,10.0,2.0,0.0,0.0,0.0,0.0,0,0.0,0.0,208.85534703187426,0.0,104.42767351593713,Prosumer
2023-05-10 16:00:00,user_004,16,0,2,False,0.0,0.0,0.0,0.0,20.0,0.0,0.0,0.0,10.0,2.0,0.0,0.0,0.0,0.0,0,0.0,0.0,208.85534703187426,0.0,104.42767351593713,Prosumer
2023-05-10 17:00:00,user_004,17,0,2,False,0.0,0.0,0.0,0.0,20.0,0.0,0.0,0.0,10.0,2.0,0.0,0.0,0.0,0.0,0,0.0,0.0,208.85534703187426,0.0,104.42767351593713,Prosumer
2023-05-10 18:00:00,user_004,18,0,2,False,0.0,0.0,0.0,0.0,20.0,0.0,0.0,0.0,10.0,2.0,0.0,0.0,0.0,0.0,0,0.0,0.0,208.85534703187426,0.0,104.42767351593713,Prosumer
2023-05-10 19:00:00,user_004,19,0,2,False,0.0,0.0,0.0,0.0,20.0,0.0,0.0,0.0,10.0,2.0,0.0,0.0,0.0,0.0,0,0.0,0.0,208.85534703187426,0.0,104.42767351593713,Prosumer
2023-05-10 20:00:00,user_004,20,0,2,False,0.0,0.0,0.0,0.0,20.0,0.0,0.0,0.0,10.0,2.0,0.0,0.0,0.0,0.0,0,0.0,0.0,208.85534703187426,0.0,104.42767351593713,Prosumer
2023-05-10 21:00:00,user_004,21,0,2,False,0.0,0.0,0.0,0.0,20.0,0.0,0.0,0.0,10.0,2.0,0.0,0.0,0.0,0.0,0,0.0,0.0,208.85534703187426,0.0,104.42767351593713,Prosumer
2023-05-10 22:00:00,user_004,22,0,2,False,0.0,0.0,0.0,0.0,20.0,0.0,0.0,0.0,10.0,2.0,0.0,0.0,0.0,0.0,0,0.0,0.0,208.85534703187426,0.0,104.42767351593713,Prosumer
2023-05-10 23:00:00,user_004,23,0,2,False,0.0,0.0,0.0,0.0,20.0,0.0,0.0,0.0,10.0,2.0,0.0,0.0,0.0,0.0,0,0.0,0.0,208.85534703187426,0.0,104.42767351593713,Prosumer
2023-05-11 00:00:00,user_004,0,0,3,False,0.0,0.0,0.0,0.0,20.0,0.0,0.0,0.0,10.0,2.0,0.0,0.0,0.0,0.0,0,0.0,0.0,208.85534703187426,0.0,104.42767351593713,Prosumer
2023-05-11 01:00:00,user_004,1,0,3,False,0.0,0.0,0.0,0.0,20.0,0.0,0.0,0.0,10.0,2.0,0.0,0.0,0.0,0.0,0,0.0,0.0,208.85534703187426,0.0,104.42767351593713,Prosumer
2023-05-11 02:00:00,user_004,2,0,3,False,0.0,0.0,0.0,0.0,20.0,0.0,0.0,0.0,10.0,2.0,0.0,0.0,0.0,0.0,0,0.0,0.0,208.85534703187426,0.0,104.42767351593713,Prosumer
2023-05-11 03:00:00,user_004,3,0,3,False,0.0,0.0,0.0,0.0,20.0,0.0,0.0,0.0,10.0,2.0,0.0,0.0,0.0,0.0,0,0.0,0.0,208.85534703187426,0.0,104.42767351593713,Prosumer
2023-05-11 04:00:00,user_004,4,0,3,False,0.0,0.0,0.0,0.0,20.0,0.0,0.0,0.0,10.0,2.0,0.0,0.0,0.0,0.0,0,0.0,0.0,208.85534703187426,0.0,104.42767351593713,Prosumer
2023-05-11 05:00:00,user_004,5,0,3,False,0.0,0.0,0.0,0.0,20.0,0.0,0.0,0.0,10.0,2.0,0.0,0.0,0.0,0.0,0,0.0,0.0,208.85534703187426,0.0,104.42767351593713,Prosumer
2023-05-11 06:00:00,user_004,6,0,3,False,0.0,0.0,0.0,0.0,20.0,0.0,0.0,0.0,10.0,2.0,0.0,0.0,0.0,0.0,0,0.0,0.0,208.85534703187426,0.0,104.42767351593713,Prosumer
2023-05-11 07:00:00,user_004,7,0,3,False,0.0,0.0,0.0,0.0,20.0,0.0,0.0,0.0,10.0,2.0,0.0,0.0,0.0,0.0,0,0.0,0.0,208.85534703187426,0.0,104.42767351593713,Prosumer
2023-05-11 08:00:00,user_004,8,0,3,False,0.0,0.0,0.0,0.0,20.0,0.0,0.0,0.0,10.0,2.0,0.0,0.0,0.0,0.0,0,0.0,0.0,208.85534703187426,0.0,104.42767351593713,Prosumer
2023-05-11 09:00:00,user_004,9,0,3,False,0.0,0.0,0.0,0.0,20.0,0.0,0.0,0.0,10.0,2.0,0.0,0.0,0.0,0.0,0,0.0,0.0,208.85534703187426,0.0,104.42767351593713,Prosumer
2023-05-11 10:00:00,user_004,10,0,3,False,0.0,0.0,0.0,0.0,20.0,0.0,0.0,0.0,10.0,2.0,0.0,0.0,0.0,0.0,0,0.0,0.0,208.85534703187426,0.0,104.42767351593713,Prosumer
2023-05-11 11:00:00,user_004,11,0,3,False,0.0,0.0,0.0,0.0,20.0,0.0,0.0,0.0,10.0,2.0,0.0,0.0,0.0,0.0,0,0.0,0.0,208.85534703187426,0.0,104.42767351593713,Prosumer
2023-05-11 12:00:00,user_004,12,0,3,False,0.0,0.0,0.0,0.0,20.0,0.0,0.0,0.0,10.0,2.0,0.0,0.0,0.0,0.0,0,0.0,0.0,208.85534703187426,0.0,104.42767351593713,Prosumer
2023-05-11 13:00:00,user_004,13,0,3,False,0.0,0.0,0.0,0.0,20.0,0.0,0.0,0.0,10.0,2.0,0.0,0.0,0.0,0.0,0,0.0,0.0,208.85534703187426,0.0,104.42767351593713,Prosumer
2023-05-11 14:00:00,user_004,14,0,3,False,0.0,0.0,0.0,0.0,20.0,0.0,0.0,0.0,10.0,2.0,0.0,0.0,0.0,0.0,0,0.0,0.0,208.85534703187426,0.0,104.42767351593713,Prosumer
2023-05-11 15:00:00,user_004,15,0,3,False,0.0,0.0,0.0,0.0,20.0,0.0,0.0,0.0,10.0,2.0,0.0,0.0,0.0,0.0,0,0.0,0.0,208.85534703187426,0.0,104.42767351593713,Prosumer
2023-05-11 16:00:00,user_004,16,0,3,False,0.0,0.0,0.0,0.0,20.0,0.0,0.0,0.0,10.0,2.0,0.0,0.0,0.0,0.0,0,0.0,0.0,208.85534703187426,0.0,104.42767351593713,Prosumer
2023-05-11 17:00:00,user_004,17,0,3,False,0.0,0.0,0.0,0.0,20.0,0.0,0.0,0.0,10.0,2.0,0.0,0.0,0.0,0.0,0,0.0,0.0,208.85534703187426,0.0,104.42767351593713,Prosumer
2023-05-11 18:00:00,user_004,18,0,3,False,0.0,0.0,0.0,0.0,20.0,0.0,0.0,0.0,10.0,2.0,0.0,0.0,0.0,0.0,0,0.0,0.0,208.85534703187426,0.0,104.42767351593713,Prosumer
2023-05-11 19:00:00,user_004,19,0,3,False,0.0,0.0,0.0,0.0,20.0,0.0,0.0,0.0,10.0,2.0,0.0,0.0,0.0,0.0,0,0.0,0.0,208.85534703187426,0.0,104.42767351593713,Prosumer
2023-05-11 20:00:00,user_004,20,0,3,False,0.0,0.0,0.0,0.0,20.0,0.0,0.0,0.0,10.0,2.0,0.0,0.0,0.0,0.0,0,0.0,0.0,208.85534703187426,0.0,104.42767351593713,Prosumer
2023-05-11 21:00:00,user_004,21,0,3,False,0.0,0.0,0.0,0.0,20.0,0.0,0.0,0.0,10.0,2.0,0.0,0.0,0.0,0.0,0,0.0,0.0,208.85534703187426,0.0,104.42767351593713,Prosumer
2023-05-11 22:00:00,user_004,22,0,3,False,0.0,0.0,0.0,0.0,20.0,0.0,0.0,0.0,10.0,2.0,0.0,0.0,0.0,0.0,0,0.0,0.0,208.85534703187426,0.0,104.42767351593713,Prosumer
2023-05-11 23:00:00,user_004,23,0,3,False,0.0,0.0,0.0,0.0,20.0,0.0,0.0,0.0,10.0,2.0,0.0,0.0,0.0,0.0,0,0.0,0.0,208.85534703187426,0.0,104.42767351593713,Prosumer
2023-05-12 00:00:00,user_004,0,0,4,False,0.0,0.0,0.0,0.0,20.0,0.0,0.0,0.0,10.0,2.0,0.0,0.0,0.0,0.0,0,0.0,0.0,208.85534703187426,0.0,104.42767351593713,Prosumer
2023-05-12 01:00:00,user_004,1,0,4,False,0.0,0.0,0.0,0.0,20.0,0.0,0.0,0.0,10.0,2.0,0.0,0.0,0.0,0.0,0,0.0,0.0,208.85534703187426,0.0,104.42767351593713,Prosumer
2023-05-12 02:00:00,user_004,2,0,4,False,0.0,0.0,0.0,0.0,20.0,0.0,0.0,0.0,10.0,2.0,0.0,0.0,0.0,0.0,0,0.0,0.0,208.85534703187426,0.0,104.42767351593713,Prosumer
2023-05-12 03:00:00,user_004,3,0,4,False,0.0,0.0,0.0,0.0,20.0,0.0,0.0,0.0,10.0,2.0,0.0,0.0,0.0,0.0,0,0.0,0.0,208.85534703187426,0.0,104.42767351593713,Prosumer
2023-05-12 04:00:00,user_004,4,0,4,False,0.0,0.0,0.0,0.0,20.0,0.0,0.0,0.0,10.0,2.0,0.0,0.0,0.0,0.0,0,0.0,0.0,208.85534703187426,0.0,104.42767351593713,Prosumer
2023-05-12 05:00:00,user_004,5,0,4,False,0.0,0.0,0.0,0.0,20.0,0.0,0.0,0.0,10.0,2.0,0.0,0.0,0.0,0.0,0,0.0,0.0,208.85534703187426,0.0,104.42767351593713,Prosumer
2023-05-12 06:00:00,user_004,6,0,4,False,0.0,0.0,0.0,0.0,20.0,0.0,0.0,0.0,10.0,2.0,0.0,0.0,0.0,0.0,0,0.0,0.0,208.85534703187426,0.0,104.42767351593713,Prosumer
2023-05-12 07:00:00,user_004,7,0,4,False,0.0,0.0,0.0,0.0,20.0,0.0,0.0,0.0,10.0,2.0,0.0,0.0,0.0,0.0,0,0.0,0.0,208.85534703187426,0.0,104.42767351593713,Prosumer
2023-05-12 08:00:00,user_004,8,0,4,False,0.0,0.0,0.0,0.0,20.0,0.0,0.0,0.0,10.0,2.0,0.0,0.0,0.0,0.0,0,0.0,0.0,208.85534703187426,0.0,104.42767351593713,Prosumer
2023-05-12 09:00:00,user_004,9,0,4,False,0.0,0.0,0.0,0.0,20.0,0.0,0.0,0.0,10.0,2.0,0.0,0.0,0.0,0.0,0,0.0,0.0,208.85534703187426,0.0,104.42767351593713,Prosumer
2023-05-12 10:00:00,user_004,10,0,4,False,0.0,0.0,0.0,0.0,20.0,0.0,0.0,0.0,10.0,2.0,0.0,0.0,0.0,0.0,0,0.0,0.0,208.85534703187426,0.0,104.42767351593713,Prosumer
2023-05-12 11:00:00,user_004,11,0,4,False,0.0,0.0,0.0,0.0,20.0,0.0,0.0,0.0,10.0,2.0,0.0,0.0,0.0,0.0,0,0.0,0.0,208.85534703187426,0.0,104.42767351593713,Prosumer
2023-05-12 12:00:00,user_004,12,0,4,False,0.0,0.0,0.0,0.0,20.0,0.0,0.0,0.0,10.0,2.0,0.0,0.0,0.0,0.0,0,0.0,0.0,208.85534703187426,0.0,104.42767351593713,Prosumer
2023-05-12 13:00:00,user_004,13,0,4,False,0.0,0.0,0.0,0.0,20.0,0.0,0.0,0.0,10.0,2.0,0.0,0.0,0.0,0.0,0,0.0,0.0,208.85534703187426,0.0,104.42767351593713,Prosumer
2023-05-12 14:00:00,user_004,14,0,4,False,0.0,0.0,0.0,0.0,20.0,0.0,0.0,0.0,10.0,2.0,0.0,0.0,0.0,0.0,0,0.0,0.0,208.85534703187426,0.0,104.42767351593713,Prosumer
2023-05-12 15:00:00,user_004,15,0,4,False,0.0,0.0,0.0,0.0,20.0,0.0,0.0,0.0,10.0,2.0,0.0,0.0,0.0,0.0,0,0.0,0.0,208.85534703187426,0.0,104.42767351593713,Prosumer
2023-05-12 16:00:00,user_004,16,0,4,False,0.0,0.0,0.0,0.0,20.0,0.0,0.0,0.0,10.0,2.0,0.0,0.0,0.0,0.0,0,0.0,0.0,208.85534703187426,0.0,104.42767351593713,Prosumer
2023-05-12 17:00:00,user_004,17,0,4,False,0.0,0.0,0.0,0.0,20.0,0.0,0.0,0.0,10.0,2.0,0.0,0.0,0.0,0.0,0,0.0,0.0,208.85534703187426,0.0,104.42767351593713,Prosumer
2023-05-12 18:00:00,user_004,18,0,4,False,0.0,0.0,0.0,0.0,20.0,0.0,0.0,0.0,10.0,2.0,0.0,0.0,0.0,0.0,0,0.0,0.0,208.85534703187426,0.0,104.42767351593713,Prosumer
2023-05-12 19:00:00,user_004,19,0,4,False,0.0,0.0,0.0,0.0,20.0,0.0,0.0,0.0,10.0,2.0,0.0,0.0,0.0,0.0,0,0.0,0.0,208.85534703187426,0.0,104.42767351593713,Prosumer
2023-05-12 20:00:00,user_004,20,0,4,False,0.0,0.0,0.0,0.0,20.0,0.0,0.0,0.0,10.0,2.0,0.0,0.0,0.0,0.0,0,0.0,0.0,208.85534703187426,0.0,104.42767351593713,Prosumer
2023-05-12 21:00:00,user_004,21,0,4,False,0.0,0.0,0.0,0.0,20.0,0.0,0.0,0.0,10.0,2.0,0.0,0.0,0.0,0.0,0,0.0,0.0,208.85534703187426,0.0,104.42767351593713,Prosumer
2023-05-12 22:00:00,user_004,22,0,4,False,0.0,0.0,0.0,0.0,20.0,0.0,0.0,0.0,10.0,2.0,0.0,0.0,0.0,0.0,0,0.0,0.0,208.85534703187426,0.0,104.42767351593713,Prosumer
2023-05-12 23:00:00,user_004,23,0,4,False,0.0,0.0,0.0,0.0,20.0,0.0,0.0,0.0,10.0,2.0,0.0,0.0,0.0,0.0,0,0.0,0.0,208.85534703187426,0.0,104.42767351593713,Prosumer
2023-05-13 00:00:00,user_004,0,0,5,True,0.0,0.0,0.0,0.0,20.0,0.0,0.0,0.0,10.0,2.0,0.0,0.0,0.0,0.0,0,0.0,0.0,208.85534703187426,0.0,104.42767351593713,Prosumer
2023-05-13 01:00:00,user_004,1,0,5,True,0.0,0.0,0.0,0.0,20.0,0.0,0.0,0.0,10.0,2.0,0.0,0.0,0.0,0.0,0,0.0,0.0,208.85534703187426,0.0,104.42767351593713,Prosumer
2023-05-13 02:00:00,user_004,2,0,5,True,0.0,0.0,0.0,0.0,20.0,0.0,0.0,0.0,10.0,2.0,0.0,0.0,0.0,0.0,0,0.0,0.0,208.85534703187426,0.0,104.42767351593713,Prosumer
2023-05-13 03:00:00,user_004,3,0,5,True,0.0,0.0,0.0,0.0,20.0,0.0,0.0,0.0,10.0,2.0,0.0,0.0,0.0,0.0,0,0.0,0.0,208.85534703187426,0.0,104.42767351593713,Prosumer
2023-05-13 04:00:00,user_004,4,0,5,True,0.0,0.0,0.0,0.0,20.0,0.0,0.0,0.0,10.0,2.0,0.0,0.0,0.0,0.0,0,0.0,0.0,208.85534703187426,0.0,104.42767351593713,Prosumer
2023-05-13 05:00:00,user_004,5,0,5,True,0.0,0.0,0.0,0.0,20.0,0.0,0.0,0.0,10.0,2.0,0.0,0.0,0.0,0.0,0,0.0,0.0,208.85534703187426,0.0,104.42767351593713,Prosumer
2023-05-13 06:00:00,user_004,6,0,5,True,0.0,0.0,0.0,0.0,20.0,0.0,0.0,0.0,10.0,2.0,0.0,0.0,0.0,0.0,0,0.0,0.0,208.85534703187426,0.0,104.42767351593713,Prosumer
2023-05-13 07:00:00,user_004,7,0,5,True,0.0,0.0,0.0,0.0,20.0,0.0,0.0,0.0,10.0,2.0,0.0,0.0,0.0,0.0,0,0.0,0.0,208.85534703187426,0.0,104.42767351593713,Prosumer
2023-05-13 08:00:00,user_004,8,0,5,True,0.0,0.0,0.0,0.0,20.0,0.0,0.0,0.0,10.0,2.0,0.0,0.0,0.0,0.0,0,0.0,0.0,208.85534703187426,0.0,104.42767351593713,Prosumer
2023-05-13 09:00:00,user_004,9,0,5,True,0.0,0.0,0.0,0.0,20.0,0.0,0.0,0.0,10.0,2.0,0.0,0.0,0.0,0.0,0,0.0,0.0,208.85534703187426,0.0,104.42767351593713,Prosumer
2023-05-13 10:00:00,user_004,10,0,5,True,0.0,0.0,0.0,0.0,20.0,0.0,0.0,0.0,10.0,2.0,0.0,0.0,0.0,0.0,0,0.0,0.0,208.85534703187426,0.0,104.42767351593713,Prosumer
2023-05-13 11:00:00,user_004,11,0,5,True,0.0,0.0,0.0,0.0,20.0,0.0,0.0,0.0,10.0,2.0,0.0,0.0,0.0,0.0,0,0.0,0.0,208.85534703187426,0.0,104.42767351593713,Prosumer
2023-05-13 12:00:00,user_004,12,0,5,True,0.0,0.0,0.0,0.0,20.0,0.0,0.0,0.0,10.0,2.0,0.0,0.0,0.0,0.0,0,0.0,0.0,208.85534703187426,0.0,104.42767351593713,Prosumer
2023-05-13 13:00:00,user_004,13,0,5,True,0.0,0.0,0.0,0.0,20.0,0.0,0.0,0.0,10.0,2.0,0.0,0.0,0.0,0.0,0,0.0,0.0,208.85534703187426,0.0,104.42767351593713,Prosumer
2023-05-13 14:00:00,user_004,14,0,5,True,0.0,0.0,0.0,0.0,20.0,0.0,0.0,0.0,10.0,2.0,0.0,0.0,0.0,0.0,0,0.0,0.0,208.85534703187426,0.0,104.42767351593713,Prosumer
2023-05-13 15:00:00,user_004,15,0,5,True,0.0,0.0,0.0,0.0,20.0,0.0,0.0,0.0,10.0,2.0,0.0,0.0,0.0,0.0,0,0.0,0.0,208.85534703187426,0.0,104.42767351593713,Prosumer
2023-05-13 16:00:00,user_004,16,0,5,True,0.0,0.0,0.0,0.0,20.0,0.0,0.0,0.0,10.0,2.0,0.0,0.0,0.0,0.0,0,0.0,0.0,208.85534703187426,0.0,104.42767351593713,Prosumer
2023-05-13 17:00:00,user_004,17,0,5,True,0.0,0.0,0.0,0.0,20.0,0.0,0.0,0.0,10.0,2.0,0.0,0.0,0.0,0.0,0,0.0,0.0,208.85534703187426,0.0,104.42767351593713,Prosumer
2023-05-13 18:00:00,user_004,18,0,5,True,0.0,0.0,0.0,0.0,20.0,0.0,0.0,0.0,10.0,2.0,0.0,0.0,0.0,0.0,0,0.0,0.0,208.85534703187426,0.0,104.42767351593713,Prosumer
2023-05-13 19:00:00,user_004,19,0,5,True,0.0,0.0,0.0,0.0,20.0,0.0,0.0,0.0,10.0,2.0,0.0,0.0,0.0,0.0,0,0.0,0.0,208.85534703187426,0.0,104.42767351593713,Prosumer
2023-05-13 20:00:00,user_004,20,0,5,True,0.0,0.0,0.0,0.0,20.0,0.0,0.0,0.0,10.0,2.0,0.0,0.0,0.0,0.0,0,0.0,0.0,208.85534703187426,0.0,104.42767351593713,Prosumer
2023-05-13 21:00:00,user_004,21,0,5,True,0.0,0.0,0.0,0.0,20.0,0.0,0.0,0.0,10.0,2.0,0.0,0.0,0.0,0.0,0,0.0,0.0,208.85534703187426,0.0,104.42767351593713,Prosumer
2023-05-13 22:00:00,user_004,22,0,5,True,0.0,0.0,0.0,0.0,20.0,0.0,0.0,0.0,10.0,2.0,0.0,0.0,0.0,0.0,0,0.0,0.0,208.85534703187426,0.0,104.42767351593713,Prosumer
2023-05-13 23:00:00,user_004,23,0,5,True,0.0,0.0,0.0,0.0,20.0,0.0,0.0,0.0,10.0,2.0,0.0,0.0,0.0,0.0,0,0.0,0.0,208.85534703187426,0.0,104.42767351593713,Prosumer
2023-05-14 00:00:00,user_004,0,0,6,True,0.0,0.0,0.0,0.0,20.0,0.0,0.0,0.0,10.0,2.0,0.0,0.0,0.0,0.0,0,0.0,0.0,208.85534703187426,0.0,104.42767351593713,Prosumer
2023-05-14 01:00:00,user_004,1,0,6,True,0.0,0.0,0.0,0.0,20.0,0.0,0.0,0.0,10.0,2.0,0.0,0.0,0.0,0.0,0,0.0,0.0,208.85534703187426,0.0,104.42767351593713,Prosumer
2023-05-14 02:00:00,user_004,2,0,6,True,0.0,0.0,0.0,0.0,20.0,0.0,0.0,0.0,10.0,2.0,0.0,0.0,0.0,0.0,0,0.0,0.0,208.85534703187426,0.0,104.42767351593713,Prosumer
2023-05-14 03:00:00,user_004,3,0,6,True,0.0,0.0,0.0,0.0,20.0,0.0,0.0,0.0,10.0,2.0,0.0,0.0,0.0,0.0,0,0.0,0.0,208.85534703187426,0.0,104.42767351593713,Prosumer
2023-05-14 04:00:00,user_004,4,0,6,True,0.0,0.0,0.0,0.0,20.0,0.0,0.0,0.0,10.0,2.0,0.0,0.0,0.0,0.0,0,0.0,0.0,208.85534703187426,0.0,104.42767351593713,Prosumer
2023-05-14 05:00:00,user_004,5,0,6,True,0.0,0.0,0.0,0.0,20.0,0.0,0.0,0.0,10.0,2.0,0.0,0.0,0.0,0.0,0,0.0,0.0,208.85534703187426,0.0,104.42767351593713,Prosumer
2023-05-14 06:00:00,user_004,6,0,6,True,0.0,0.0,0.0,0.0,20.0,0.0,0.0,0.0,10.0,2.0,0.0,0.0,0.0,0.0,0,0.0,0.0,208.85534703187426,0.0,104.42767351593713,Prosumer
2023-05-14 07:00:00,user_004,7,0,6,True,0.0,0.0,0.0,0.0,20.0,0.0,0.0,0.0,10.0,2.0,0.0,0.0,0.0,0.0,0,0.0,0.0,208.85534703187426,0.0,104.42767351593713,Prosumer
2023-05-14 08:00:00,user_004,8,0,6,True,0.0,0.0,0.0,0.0,20.0,0.0,0.0,0.0,10.0,2.0,0.0,0.0,0.0,0.0,0,0.0,0.0,208.85534703187426,0.0,104.42767351593713,Prosumer
2023-05-14 09:00:00,user_004,9,0,6,True,0.0,0.0,0.0,0.0,20.0,0.0,0.0,0.0,10.0,2.0,0.0,0.0,0.0,0.0,0,0.0,0.0,208.85534703187426,0.0,104.42767351593713,Prosumer
2023-05-14 10:00:00,user_004,10,0,6,True,0.0,0.0,0.0,0.0,20.0,0.0,0.0,0.0,10.0,2.0,0.0,0.0,0.0,0.0,0,0.0,0.0,208.85534703187426,0.0,104.42767351593713,Prosumer
2023-05-14 11:00:00,user_004,11,0,6,True,0.0,0.0,0.0,0.0,20.0,0.0,0.0,0.0,10.0,2.0,0.0,0.0,0.0,0.0,0,0.0,0.0,208.85534703187426,0.0,104.42767351593713,Prosumer
2023-05-14 12:00:00,user_004,12,0,6,True,0.0,0.0,0.0,0.0,20.0,0.0,0.0,0.0,10.0,2.0,0.0,0.0,0.0,0.0,0,0.0,0.0,208.85534703187426,0.0,104.42767351593713,Prosumer
2023-05-14 13:00:00,user_004,13,0,6,True,0.0,0.0,0.0,0.0,20.0,0.0,0.0,0.0,10.0,2.0,0.0,0.0,0.0,0.0,0,0.0,0.0,208.85534703187426,0.0,104.42767351593713,Prosumer
2023-05-14 14:00:00,user_004,14,0,6,True,0.0,0.0,0.0,0.0,20.0,0.0,0.0,0.0,10.0,2.0,0.0,0.0,0.0,0.0,0,0.0,0.0,208.85534703187426,0.0,104.42767351593713,Prosumer
2023-05-14 15:00:00,user_004,15,0,6,True,0.0,0.0,0.0,0.0,20.0,0.0,0.0,0.0,10.0,2.0,0.0,0.0,0.0,0.0,0,0.0,0.0,208.85534703187426,0.0,104.42767351593713,Prosumer
2023-05-14 16:00:00,user_004,16,0,6,True,0.0,0.0,0.0,0.0,20.0,0.0,0.0,0.0,10.0,2.0,0.0,0.0,0.0,0.0,0,0.0,0.0,208.85534703187426,0.0,104.42767351593713,Prosumer
2023-05-14 17:00:00,user_004,17,0,6,True,0.0,0.0,0.0,0.0,20.0,0.0,0.0,0.0,10.0,2.0,0.0,0.0,0.0,0.0,0,0.0,0.0,208.85534703187426,0.0,104.42767351593713,Prosumer
2023-05-14 18:00:00,user_004,18,0,6,True,0.0,0.0,0.0,0.0,20.0,0.0,0.0,0.0,10.0,2.0,0.0,0.0,0.0,0.0,0,0.0,0.0,208.85534703187426,0.0,104.42767351593713,Prosumer
2023-05-14 19:00:00,user_004,19,0,6,True,0.0,0.0,0.0,0.0,20.0,0.0,0.0,0.0,10.0,2.0,0.0,0.0,0.0,0.0,0,0.0,0.0,208.85534703187426,0.0,104.42767351593713,Prosumer
2023-05-14 20:00:00,user_004,20,0,6,True,0.0,0.0,0.0,0.0,20.0,0.0,0.0,0.0,10.0,2.0,0.0,0.0,0.0,0.0,0,0.0,0.0,208.85534703187426,0.0,104.42767351593713,Prosumer
2023-05-14 21:00:00,user_004,21,0,6,True,0.0,0.0,0.0,0.0,20.0,0.0,0.0,0.0,10.0,2.0,0.0,0.0,0.0,0.0,0,0.0,0.0,208.85534703187426,0.0,104.42767351593713,Prosumer
2023-05-14 22:00:00,user_004,22,0,6,True,0.0,0.0,0.0,0.0,20.0,0.0,0.0,0.0,10.0,2.0,0.0,0.0,0.0,0.0,0,0.0,0.0,208.85534703187426,0.0,104.42767351593713,Prosumer
2023-05-14 23:00:00,user_004,23,0,6,True,0.0,0.0,0.0,0.0,20.0,0.0,0.0,0.0,10.0,2.0,0.0,0.0,0.0,0.0,0,0.0,0.0,208.85534703187426,0.0,104.42767351593713,Prosumer
2023-05-15 00:00:00,user_004,0,0,0,False,0.0,0.0,0.0,0.0,20.0,0.0,0.0,0.0,10.0,2.0,0.0,0.0,0.0,0.0,0,0.0,0.0,208.85534703187426,0.0,104.42767351593713,Prosumer
2023-05-15 01:00:00,user_004,1,0,0,False,0.0,0.0,0.0,0.0,20.0,0.0,0.0,0.0,10.0,2.0,0.0,0.0,0.0,0.0,0,0.0,0.0,208.85534703187426,0.0,104.42767351593713,Prosumer
2023-05-15 02:00:00,user_004,2,0,0,False,0.0,0.0,0.0,0.0,20.0,0.0,0.0,0.0,10.0,2.0,0.0,0.0,0.0,0.0,0,0.0,0.0,208.85534703187426,0.0,104.42767351593713,Prosumer
2023-05-15 03:00:00,user_004,3,0,0,False,0.0,0.0,0.0,0.0,20.0,0.0,0.0,0.0,10.0,2.0,0.0,0.0,0.0,0.0,0,0.0,0.0,208.85534703187426,0.0,104.42767351593713,Prosumer
2023-05-15 04:00:00,user_004,4,0,0,False,0.0,0.0,0.0,0.0,20.0,0.0,0.0,0.0,10.0,2.0,0.0,0.0,0.0,0.0,0,0.0,0.0,208.85534703187426,0.0,104.42767351593713,Prosumer
2023-05-15 05:00:00,user_004,5,0,0,False,0.0,0.0,0.0,0.0,20.0,0.0,0.0,0.0,10.0,2.0,0.0,0.0,0.0,0.0,0,0.0,0.0,208.85534703187426,0.0,104.42767351593713,Prosumer
2023-05-15 06:00:00,user_004,6,0,0,False,0.0,0.0,0.0,0.0,20.0,0.0,0.0,0.0,10.0,2.0,0.0,0.0,0.0,0.0,0,0.0,0.0,208.85534703187426,0.0,104.42767351593713,Prosumer
2023-05-15 07:00:00,user_004,7,0,0,False,0.0,0.0,0.0,0.0,20.0,0.0,0.0,0.0,10.0,2.0,0.0,0.0,0.0,0.0,0,0.0,0.0,208.85534703187426,0.0,104.42767351593713,Prosumer
2023-05-15 08:00:00,user_004,8,0,0,False,0.0,0.0,0.0,0.0,20.0,0.0,0.0,0.0,10.0,2.0,0.0,0.0,0.0,0.0,0,0.0,0.0,208.85534703187426,0.0,104.42767351593713,Prosumer
2023-05-15 09:00:00,user_004,9,0,0,False,0.0,0.0,0.0,0.0,20.0,0.0,0.0,0.0,10.0,2.0,0.0,0.0,0.0,0.0,0,0.0,0.0,208.85534703187426,0.0,104.42767351593713,Prosumer
2023-05-15 10:00:00,user_004,10,0,0,False,0.0,0.0,0.0,0.0,20.0,0.0,0.0,0.0,10.0,2.0,0.0,0.0,0.0,0.0,0,0.0,0.0,208.85534703187426,0.0,104.42767351593713,Prosumer
2023-05-15 11:00:00,user_004,11,0,0,False,0.0,0.0,0.0,0.0,20.0,0.0,0.0,0.0,10.0,2.0,0.0,0.0,0.0,0.0,0,0.0,0.0,208.85534703187426,0.0,104.42767351593713,Prosumer
2023-05-15 12:00:00,user_004,12,0,0,False,0.0,0.0,0.0,0.0,20.0,0.0,0.0,0.0,10.0,2.0,0.0,0.0,0.0,0.0,0,0.0,0.0,208.85534703187426,0.0,104.42767351593713,Prosumer
2023-05-15 13:00:00,user_004,13,0,0,False,0.0,0.0,0.0,0.0,20.0,0.0,0.0,0.0,10.0,2.0,0.0,0.0,0.0,0.0,0,0.0,0.0,208.85534703187426,0.0,104.42767351593713,Prosumer
2023-05-15 14:00:00,user_004,14,0,0,False,0.0,0.0,0.0,0.0,20.0,0.0,0.0,0.0,10.0,2.0,0.0,0.0,0.0,0.0,0,0.0,0.0,208.85534703187426,0.0,104.42767351593713,Prosumer
2023-05-15 15:00:00,user_004,15,0,0,False,0.0,0.0,0.0,0.0,20.0,0.0,0.0,0.0,10.0,2.0,0.0,0.0,0.0,0.0,0,0.0,0.0,208.85534703187426,0.0,104.42767351593713,Prosumer
2023-05-15 16:00:00,user_004,16,0,0,False,0.0,0.0,0.0,0.0,20.0,0.0,0.0,0.0,10.0,2.0,0.0,0.0,0.0,0.0,0,0.0,0.0,208.85534703187426,0.0,104.42767351593713,Prosumer
2023-05-15 17:00:00,user_004,17,0,0,False,0.0,0.0,0.0,0.0,20.0,0.0,0.0,0.0,10.0,2.0,0.0,0.0,0.0,0.0,0,0.0,0.0,208.85534703187426,0.0,104.42767351593713,Prosumer
2023-05-15 18:00:00,user_004,18,0,0,False,0.0,0.0,0.0,0.0,20.0,0.0,0.0,0.0,10.0,2.0,0.0,0.0,0.0,0.0,0,0.0,0.0,208.85534703187426,0.0,104.42767351593713,Prosumer
2023-05-15 19:00:00,user_004,19,0,0,False,0.0,0.0,0.0,0.0,20.0,0.0,0.0,0.0,10.0,2.0,0.0,0.0,0.0,0.0,0,0.0,0.0,208.85534703187426,0.0,104.42767351593713,Prosumer
2023-05-15 20:00:00,user_004,20,0,0,False,0.0,0.0,0.0,0.0,20.0,0.0,0.0,0.0,10.0,2.0,0.0,0.0,0.0,0.0,0,0.0,0.0,208.85534703187426,0.0,104.42767351593713,Prosumer
2023-05-15 21:00:00,user_004,21,0,0,False,0.0,0.0,0.0,0.0,20.0,0.0,0.0,0.0,10.0,2.0,0.0,0.0,0.0,0.0,0,0.0,0.0,208.85534703187426,0.0,104.42767351593713,Prosumer
2023-05-15 22:00:00,user_004,22,0,0,False,0.0,0.0,0.0,0.0,20.0,0.0,0.0,0.0,10.0,2.0,0.0,0.0,0.0,0.0,0,0.0,0.0,208.85534703187426,0.0,104.42767351593713,Prosumer
2023-05-15 23:00:00,user_004,23,0,0,False,0.0,0.0,0.0,0.0,20.0,0.0,0.0,0.0,10.0,2.0,0.0,0.0,0.0,0.0,0,0.0,0.0,208.85534703187426,0.0,104.42767351593713,Prosumer
2023-05-16 00:00:00,user_004,0,0,1,False,0.0,0.0,0.0,0.0,20.0,0.0,0.0,0.0,10.0,2.0,0.0,0.0,0.0,0.0,0,0.0,0.0,208.85534703187426,0.0,104.42767351593713,Prosumer
2023-05-16 01:00:00,user_004,1,0,1,False,0.0,0.0,0.0,0.0,20.0,0.0,0.0,0.0,10.0,2.0,0.0,0.0,0.0,0.0,0,0.0,0.0,208.85534703187426,0.0,104.42767351593713,Prosumer
2023-05-16 02:00:00,user_004,2,0,1,False,0.0,0.0,0.0,0.0,20.0,0.0,0.0,0.0,10.0,2.0,0.0,0.0,0.0,0.0,0,0.0,0.0,208.85534703187426,0.0,104.42767351593713,Prosumer
2023-05-16 03:00:00,user_004,3,0,1,False,0.0,0.0,0.0,0.0,20.0,0.0,0.0,0.0,10.0,2.0,0.0,0.0,0.0,0.0,0,0.0,0.0,208.85534703187426,0.0,104.42767351593713,Prosumer
2023-05-16 04:00:00,user_004,4,0,1,False,0.0,0.0,0.0,0.0,20.0,0.0,0.0,0.0,10.0,2.0,0.0,0.0,0.0,0.0,0,0.0,0.0,208.85534703187426,0.0,104.42767351593713,Prosumer
2023-05-16 05:00:00,user_004,5,0,1,False,0.0,0.0,0.0,0.0,20.0,0.0,0.0,0.0,10.0,2.0,0.0,0.0,0.0,0.0,0,0.0,0.0,208.85534703187426,0.0,104.42767351593713,Prosumer
2023-05-16 06:00:00,user_004,6,0,1,False,0.0,0.0,0.0,0.0,20.0,0.0,0.0,0.0,10.0,2.0,0.0,0.0,0.0,0.0,0,0.0,0.0,208.85534703187426,0.0,104.42767351593713,Prosumer
2023-05-16 07:00:00,user_004,7,0,1,False,0.0,0.0,0.0,0.0,20.0,0.0,0.0,0.0,10.0,2.0,0.0,0.0,0.0,0.0,0,0.0,0.0,208.85534703187426,0.0,104.42767351593713,Prosumer
2023-05-16 08:00:00,user_004,8,0,1,False,0.0,0.0,0.0,0.0,20.0,0.0,0.0,0.0,10.0,2.0,0.0,0.0,0.0,0.0,0,0.0,0.0,208.85534703187426,0.0,104.42767351593713,Prosumer
2023-05-16 09:00:00,user_004,9,0,1,False,0.0,0.0,0.0,0.0,20.0,0.0,0.0,0.0,10.0,2.0,0.0,0.0,0.0,0.0,0,0.0,0.0,208.85534703187426,0.0,104.42767351593713,Prosumer
2023-05-16 10:00:00,user_004,10,0,1,False,0.0,0.0,0.0,0.0,20.0,0.0,0.0,0.0,10.0,2.0,0.0,0.0,0.0,0.0,0,0.0,0.0,208.85534703187426,0.0,104.42767351593713,Prosumer
2023-05-16 11:00:00,user_004,11,0,1,False,0.0,0.0,0.0,0.0,20.0,0.0,0.0,0.0,10.0,2.0,0.0,0.0,0.0,0.0,0,0.0,0.0,208.85534703187426,0.0,104.42767351593713,Prosumer
2023-05-16 12:00:00,user_004,12,0,1,False,0.0,0.0,0.0,0.0,20.0,0.0,0.0,0.0,10.0,2.0,0.0,0.0,0.0,0.0,0,0.0,0.0,208.85534703187426,0.0,104.42767351593713,Prosumer
2023-05-16 13:00:00,user_004,13,0,1,False,0.0,0.0,0.0,0.0,20.0,0.0,0.0,0.0,10.0,2.0,0.0,0.0,0.0,0.0,0,0.0,0.0,208.85534703187426,0.0,104.42767351593713,Prosumer
2023-05-16 14:00:00,user_004,14,0,1,False,0.0,0.0,0.0,0.0,20.0,0.0,0.0,0.0,10.0,2.0,0.0,0.0,0.0,0.0,0,0.0,0.0,208.85534703187426,0.0,104.42767351593713,Prosumer
2023-05-16 15:00:00,user_004,15,0,1,False,0.0,0.0,0.0,0.0,20.0,0.0,0.0,0.0,10.0,2.0,0.0,0.0,0.0,0.0,0,0.0,0.0,208.85534703187426,0.0,104.42767351593713,Prosumer
2023-05-16 16:00:00,user_004,16,0,1,False,0.0,0.0,0.0,0.0,20.0,0.0,0.0,0.0,10.0,2.0,0.0,0.0,0.0,0.0,0,0.0,0.0,208.85534703187426,0.0,104.42767351593713,Prosumer
2023-05-16 17:00:00,user_004,17,0,1,False,0.0,0.0,0.0,0.0,20.0,0.0,0.0,0.0,10.0,2.0,0.0,0.0,0.0,0.0,0,0.0,0.0,208.85534703187426,0.0,104.42767351593713,Prosumer
2023-05-16 18:00:00,user_004,18,0,1,False,0.0,0.0,0.0,0.0,20.0,0.0,0.0,0.0,10.0,2.0,0.0,0.0,0.0,0.0,0,0.0,0.0,208.85534703187426,0.0,104.42767351593713,Prosumer
2023-05-16 19:00:00,user_004,19,0,1,False,0.0,0.0,0.0,0.0,20.0,0.0,0.0,0.0,10.0,2.0,0.0,0.0,0.0,0.0,0,0.0,0.0,208.85534703187426,0.0,104.42767351593713,Prosumer
2023-05-16 20:00:00,user_004,20,0,1,False,0.0,0.0,0.0,0.0,20.0,0.0,0.0,0.0,10.0,2.0,0.0,0.0,0.0,0.0,0,0.0,0.0,208.85534703187426,0.0,104.42767351593713,Prosumer
2023-05-16 21:00:00,user_004,21,0,1,False,0.0,0.0,0.0,0.0,20.0,0.0,0.0,0.0,10.0,2.0,0.0,0.0,0.0,0.0,0,0.0,0.0,208.85534703187426,0.0,104.42767351593713,Prosumer
2023-05-16 22:00:00,user_004,22,0,1,False,0.0,0.0,0.0,0.0,20.0,0.0,0.0,0.0,10.0,2.0,0.0,0.0,0.0,0.0,0,0.0,0.0,208.85534703187426,0.0,104.42767351593713,Prosumer
2023-05-16 23:00:00,user_004,23,0,1,False,0.0,0.0,0.0,0.0,20.0,0.0,0.0,0.0,10.0,2.0,0.0,0.0,0.0,0.0,0,0.0,0.0,208.85534703187426,0.0,104.42767351593713,Prosumer
2023-05-17 00:00:00,user_004,0,0,2,False,0.0,0.0,0.0,0.0,20.0,0.0,0.0,0.0,10.0,2.0,0.0,0.0,0.0,0.0,0,0.0,0.0,208.85534703187426,0.0,104.42767351593713,Prosumer
2023-05-17 01:00:00,user_004,1,0,2,False,0.0,0.0,0.0,0.0,20.0,0.0,0.0,0.0,10.0,2.0,0.0,0.0,0.0,0.0,0,0.0,0.0,208.85534703187426,0.0,104.42767351593713,Prosumer
2023-05-17 02:00:00,user_004,2,0,2,False,0.0,0.0,0.0,0.0,20.0,0.0,0.0,0.0,10.0,2.0,0.0,0.0,0.0,0.0,0,0.0,0.0,208.85534703187426,0.0,104.42767351593713,Prosumer
2023-05-17 03:00:00,user_004,3,0,2,False,0.0,0.0,0.0,0.0,20.0,0.0,0.0,0.0,10.0,2.0,0.0,0.0,0.0,0.0,0,0.0,0.0,208.85534703187426,0.0,104.42767351593713,Prosumer
2023-05-17 04:00:00,user_004,4,0,2,False,0.0,0.0,0.0,0.0,20.0,0.0,0.0,0.0,10.0,2.0,0.0,0.0,0.0,0.0,0,0.0,0.0,208.85534703187426,0.0,104.42767351593713,Prosumer
2023-05-17 05:00:00,user_004,5,0,2,False,0.0,0.0,0.0,0.0,20.0,0.0,0.0,0.0,10.0,2.0,0.0,0.0,0.0,0.0,0,0.0,0.0,208.85534703187426,0.0,104.42767351593713,Prosumer
2023-05-17 06:00:00,user_004,6,0,2,False,0.0,0.0,0.0,0.0,20.0,0.0,0.0,0.0,10.0,2.0,0.0,0.0,0.0,0.0,0,0.0,0.0,208.85534703187426,0.0,104.42767351593713,Prosumer
2023-05-17 07:00:00,user_004,7,0,2,False,0.0,0.0,0.0,0.0,20.0,0.0,0.0,0.0,10.0,2.0,0.0,0.0,0.0,0.0,0,0.0,0.0,208.85534703187426,0.0,104.42767351593713,Prosumer
2023-05-17 08:00:00,user_004,8,0,2,False,0.0,0.0,0.0,0.0,20.0,0.0,0.0,0.0,10.0,2.0,0.0,0.0,0.0,0.0,0,0.0,0.0,208.85534703187426,0.0,104.42767351593713,Prosumer
2023-05-17 09:00:00,user_004,9,0,2,False,0.0,0.0,0.0,0.0,20.0,0.0,0.0,0.0,10.0,2.0,0.0,0.0,0.0,0.0,0,0.0,0.0,208.85534703187426,0.0,104.42767351593713,Prosumer
2023-05-17 10:00:00,user_004,10,0,2,False,0.0,0.0,0.0,0.0,20.0,0.0,0.0,0.0,10.0,2.0,0.0,0.0,0.0,0.0,0,0.0,0.0,208.85534703187426,0.0,104.42767351593713,Prosumer
2023-05-17 11:00:00,user_004,11,0,2,False,0.0,0.0,0.0,0.0,20.0,0.0,0.0,0.0,10.0,2.0,0.0,0.0,0.0,0.0,0,0.0,0.0,208.85534703187426,0.0,104.42767351593713,Prosumer
2023-05-17 12:00:00,user_004,12,0,2,False,0.0,0.0,0.0,0.0,20.0,0.0,0.0,0.0,10.0,2.0,0.0,0.0,0.0,0.0,0,0.0,0.0,208.85534703187426,0.0,104.42767351593713,Prosumer
2023-05-17 13:00:00,user_004,13,0,2,False,0.0,0.0,0.0,0.0,20.0,0.0,0.0,0.0,10.0,2.0,0.0,0.0,0.0,0.0,0,0.0,0.0,208.85534703187426,0.0,104.42767351593713,Prosumer
2023-05-17 14:00:00,user_004,14,0,2,False,0.0,0.0,0.0,0.0,20.0,0.0,0.0,0.0,10.0,2.0,0.0,0.0,0.0,0.0,0,0.0,0.0,208.85534703187426,0.0,104.42767351593713,Prosumer
2023-05-17 15:00:00,user_004,15,0,2,False,0.0,0.0,0.0,0.0,20.0,0.0,0.0,0.0,10.0,2.0,0.0,0.0,0.0,0.0,0,0.0,0.0,208.85534703187426,0.0,104.42767351593713,Prosumer
2023-05-17 16:00:00,user_004,16,0,2,False,0.0,0.0,0.0,0.0,20.0,0.0,0.0,0.0,10.0,2.0,0.0,0.0,0.0,0.0,0,0.0,0.0,208.85534703187426,0.0,104.42767351593713,Prosumer
2023-05-17 17:00:00,user_004,17,0,2,False,0.0,0.0,0.0,0.0,20.0,0.0,0.0,0.0,10.0,2.0,0.0,0.0,0.0,0.0,0,0.0,0.0,208.85534703187426,0.0,104.42767351593713,Prosumer
2023-05-17 18:00:00,user_004,18,0,2,False,0.0,0.0,0.0,0.0,20.0,0.0,0.0,0.0,10.0,2.0,0.0,0.0,0.0,0.0,0,0.0,0.0,208.85534703187426,0.0,104.42767351593713,Prosumer
2023-05-17 19:00:00,user_004,19,0,2,False,0.0,0.0,0.0,0.0,20.0,0.0,0.0,0.0,10.0,2.0,0.0,0.0,0.0,0.0,0,0.0,0.0,208.85534703187426,0.0,104.42767351593713,Prosumer
2023-05-17 20:00:00,user_004,20,0,2,False,0.0,0.0,0.0,0.0,20.0,0.0,0.0,0.0,10.0,2.0,0.0,0.0,0.0,0.0,0,0.0,0.0,208.85534703187426,0.0,104.42767351593713,Prosumer
2023-05-17 21:00:00,user_004,21,0,2,False,0.0,0.0,0.0,0.0,20.0,0.0,0.0,0.0,10.0,2.0,0.0,0.0,0.0,0.0,0,0.0,0.0,208.85534703187426,0.0,104.42767351593713,Prosumer
2023-05-17 22:00:00,user_004,22,0,2,False,0.0,0.0,0.0,0.0,20.0,0.0,0.0,0.0,10.0,2.0,0.0,0.0,0.0,0.0,0,0.0,0.0,208.85534703187426,0.0,104.42767351593713,Prosumer
2023-05-17 23:00:00,user_004,23,0,2,False,0.0,0.0,0.0,0.0,20.0,0.0,0.0,0.0,10.0,2.0,0.0,0.0,0.0,0.0,0,0.0,0.0,208.85534703187426,0.0,104.42767351593713,Prosumer
2023-05-18 00:00:00,user_004,0,0,3,False,0.0,0.0,0.0,0.0,20.0,0.0,0.0,0.0,10.0,2.0,0.0,0.0,0.0,0.0,0,0.0,0.0,208.85534703187426,0.0,104.42767351593713,Prosumer
2023-05-18 01:00:00,user_004,1,0,3,False,0.0,0.0,0.0,0.0,20.0,0.0,0.0,0.0,10.0,2.0,0.0,0.0,0.0,0.0,0,0.0,0.0,208.85534703187426,0.0,104.42767351593713,Prosumer
2023-05-18 02:00:00,user_004,2,0,3,False,0.0,0.0,0.0,0.0,20.0,0.0,0.0,0.0,10.0,2.0,0.0,0.0,0.0,0.0,0,0.0,0.0,208.85534703187426,0.0,104.42767351593713,Prosumer
2023-05-18 03:00:00,user_004,3,0,3,False,0.0,0.0,0.0,0.0,20.0,0.0,0.0,0.0,10.0,2.0,0.0,0.0,0.0,0.0,0,0.0,0.0,208.85534703187426,0.0,104.42767351593713,Prosumer
2023-05-18 04:00:00,user_004,4,0,3,False,0.0,0.0,0.0,0.0,20.0,0.0,0.0,0.0,10.0,2.0,0.0,0.0,0.0,0.0,0,0.0,0.0,208.85534703187426,0.0,104.42767351593713,Prosumer
2023-05-18 05:00:00,user_004,5,0,3,False,0.0,0.0,0.0,0.0,20.0,0.0,0.0,0.0,10.0,2.0,0.0,0.0,0.0,0.0,0,0.0,0.0,208.85534703187426,0.0,104.42767351593713,Prosumer
2023-05-18 06:00:00,user_004,6,0,3,False,0.0,0.0,0.0,0.0,20.0,0.0,0.0,0.0,10.0,2.0,0.0,0.0,0.0,0.0,0,0.0,0.0,208.85534703187426,0.0,104.42767351593713,Prosumer
2023-05-18 07:00:00,user_004,7,0,3,False,0.0,0.0,0.0,0.0,20.0,0.0,0.0,0.0,10.0,2.0,0.0,0.0,0.0,0.0,0,0.0,0.0,208.85534703187426,0.0,104.42767351593713,Prosumer
2023-05-18 08:00:00,user_004,8,0,3,False,0.0,0.0,0.0,0.0,20.0,0.0,0.0,0.0,10.0,2.0,0.0,0.0,0.0,0.0,0,0.0,0.0,208.85534703187426,0.0,104.42767351593713,Prosumer
2023-05-18 09:00:00,user_004,9,0,3,False,0.0,0.0,0.0,0.0,20.0,0.0,0.0,0.0,10.0,2.0,0.0,0.0,0.0,0.0,0,0.0,0.0,208.85534703187426,0.0,104.42767351593713,Prosumer
2023-05-18 10:00:00,user_004,10,0,3,False,0.0,0.0,0.0,0.0,20.0,0.0,0.0,0.0,10.0,2.0,0.0,0.0,0.0,0.0,0,0.0,0.0,208.85534703187426,0.0,104.42767351593713,Prosumer
2023-05-18 11:00:00,user_004,11,0,3,False,0.0,0.0,0.0,0.0,20.0,0.0,0.0,0.0,10.0,2.0,0.0,0.0,0.0,0.0,0,0.0,0.0,208.85534703187426,0.0,104.42767351593713,Prosumer
2023-05-18 12:00:00,user_004,12,0,3,False,0.0,0.0,0.0,0.0,20.0,0.0,0.0,0.0,10.0,2.0,0.0,0.0,0.0,0.0,0,0.0,0.0,208.85534703187426,0.0,104.42767351593713,Prosumer
2023-05-18 13:00:00,user_004,13,0,3,False,0.0,0.0,0.0,0.0,20.0,0.0,0.0,0.0,10.0,2.0,0.0,0.0,0.0,0.0,0,0.0,0.0,208.85534703187426,0.0,104.42767351593713,Prosumer
2023-05-18 14:00:00,user_004,14,0,3,False,0.0,0.0,0.0,0.0,20.0,0.0,0.0,0.0,10.0,2.0,0.0,0.0,0.0,0.0,0,0.0,0.0,208.85534703187426,0.0,104.42767351593713,Prosumer
2023-05-18 15:00:00,user_004,15,0,3,False,0.0,0.0,0.0,0.0,20.0,0.0,0.0,0.0,10.0,2.0,0.0,0.0,0.0,0.0,0,0.0,0.0,208.85534703187426,0.0,104.42767351593713,Prosumer
2023-05-18 16:00:00,user_004,16,0,3,False,0.0,0.0,0.0,0.0,20.0,0.0,0.0,0.0,10.0,2.0,0.0,0.0,0.0,0.0,0,0.0,0.0,208.85534703187426,0.0,104.42767351593713,Prosumer
2023-05-18 17:00:00,user_004,17,0,3,False,0.0,0.0,0.0,0.0,20.0,0.0,0.0,0.0,10.0,2.0,0.0,0.0,0.0,0.0,0,0.0,0.0,208.85534703187426,0.0,104.42767351593713,Prosumer
2023-05-18 18:00:00,user_004,18,0,3,False,0.0,0.0,0.0,0.0,20.0,0.0,0.0,0.0,10.0,2.0,0.0,0.0,0.0,0.0,0,0.0,0.0,208.85534703187426,0.0,104.42767351593713,Prosumer
2023-05-18 19:00:00,user_004,19,0,3,False,0.0,0.0,0.0,0.0,20.0,0.0,0.0,0.0,10.0,2.0,0.0,0.0,0.0,0.0,0,0.0,0.0,208.85534703187426,0.0,104.42767351593713,Prosumer
2023-05-18 20:00:00,user_004,20,0,3,False,0.0,0.0,0.0,0.0,20.0,0.0,0.0,0.0,10.0,2.0,0.0,0.0,0.0,0.0,0,0.0,0.0,208.85534703187426,0.0,104.42767351593713,Prosumer
2023-05-18 21:00:00,user_004,21,0,3,False,0.0,0.0,0.0,0.0,20.0,0.0,0.0,0.0,10.0,2.0,0.0,0.0,0.0,0.0,0,0.0,0.0,208.85534703187426,0.0,104.42767351593713,Prosumer
2023-05-18 22:00:00,user_004,22,0,3,False,0.0,0.0,0.0,0.0,20.0,0.0,0.0,0.0,10.0,2.0,0.0,0.0,0.0,0.0,0,0.0,0.0,208.85534703187426,0.0,104.42767351593713,Prosumer
2023-05-18 23:00:00,user_004,23,0,3,False,0.0,0.0,0.0,0.0,20.0,0.0,0.0,0.0,10.0,2.0,0.0,0.0,0.0,0.0,0,0.0,0.0,208.85534703187426,0.0,104.42767351593713,Prosumer
2023-05-19 00:00:00,user_004,0,0,4,False,0.0,0.0,0.0,0.0,20.0,0.0,0.0,0.0,10.0,2.0,0.0,0.0,0.0,0.0,0,0.0,0.0,208.85534703187426,0.0,104.42767351593713,Prosumer
2023-05-19 01:00:00,user_004,1,0,4,False,0.0,0.0,0.0,0.0,20.0,0.0,0.0,0.0,10.0,2.0,0.0,0.0,0.0,0.0,0,0.0,0.0,208.85534703187426,0.0,104.42767351593713,Prosumer
2023-05-19 02:00:00,user_004,2,0,4,False,0.0,0.0,0.0,0.0,20.0,0.0,0.0,0.0,10.0,2.0,0.0,0.0,0.0,0.0,0,0.0,0.0,208.85534703187426,0.0,104.42767351593713,Prosumer
2023-05-19 03:00:00,user_004,3,0,4,False,0.0,0.0,0.0,0.0,20.0,0.0,0.0,0.0,10.0,2.0,0.0,0.0,0.0,0.0,0,0.0,0.0,208.85534703187426,0.0,104.42767351593713,Prosumer
2023-05-19 04:00:00,user_004,4,0,4,False,0.0,0.0,0.0,0.0,20.0,0.0,0.0,0.0,10.0,2.0,0.0,0.0,0.0,0.0,0,0.0,0.0,208.85534703187426,0.0,104.42767351593713,Prosumer
2023-05-19 05:00:00,user_004,5,0,4,False,0.0,0.0,0.0,0.0,20.0,0.0,0.0,0.0,10.0,2.0,0.0,0.0,0.0,0.0,0,0.0,0.0,208.85534703187426,0.0,104.42767351593713,Prosumer
2023-05-19 06:00:00,user_004,6,0,4,False,0.0,0.0,0.0,0.0,20.0,0.0,0.0,0.0,10.0,2.0,0.0,0.0,0.0,0.0,0,0.0,0.0,208.85534703187426,0.0,104.42767351593713,Prosumer
2023-05-19 07:00:00,user_004,7,0,4,False,0.0,0.0,0.0,0.0,20.0,0.0,0.0,0.0,10.0,2.0,0.0,0.0,0.0,0.0,0,0.0,0.0,208.85534703187426,0.0,104.42767351593713,Prosumer
2023-05-19 08:00:00,user_004,8,0,4,False,0.0,0.0,0.0,0.0,20.0,0.0,0.0,0.0,10.0,2.0,0.0,0.0,0.0,0.0,0,0.0,0.0,208.85534703187426,0.0,104.42767351593713,Prosumer
2023-05-19 09:00:00,user_004,9,0,4,False,0.0,0.0,0.0,0.0,20.0,0.0,0.0,0.0,10.0,2.0,0.0,0.0,0.0,0.0,0,0.0,0.0,208.85534703187426,0.0,104.42767351593713,Prosumer
2023-05-19 10:00:00,user_004,10,0,4,False,0.0,0.0,0.0,0.0,20.0,0.0,0.0,0.0,10.0,2.0,0.0,0.0,0.0,0.0,0,0.0,0.0,208.85534703187426,0.0,104.42767351593713,Prosumer
2023-05-19 11:00:00,user_004,11,0,4,False,0.0,0.0,0.0,0.0,20.0,0.0,0.0,0.0,10.0,2.0,0.0,0.0,0.0,0.0,0,0.0,0.0,208.85534703187426,0.0,104.42767351593713,Prosumer
2023-05-19 12:00:00,user_004,12,0,4,False,0.0,0.0,0.0,0.0,20.0,0.0,0.0,0.0,10.0,2.0,0.0,0.0,0.0,0.0,0,0.0,0.0,208.85534703187426,0.0,104.42767351593713,Prosumer
2023-05-19 13:00:00,user_004,13,0,4,False,0.0,0.0,0.0,0.0,20.0,0.0,0.0,0.0,10.0,2.0,0.0,0.0,0.0,0.0,0,0.0,0.0,208.85534703187426,0.0,104.42767351593713,Prosumer
2023-05-19 14:00:00,user_004,14,0,4,False,0.0,0.0,0.0,0.0,20.0,0.0,0.0,0.0,10.0,2.0,0.0,0.0,0.0,0.0,0,0.0,0.0,208.85534703187426,0.0,104.42767351593713,Prosumer
2023-05-19 15:00:00,user_004,15,0,4,False,0.0,0.0,0.0,0.0,20.0,0.0,0.0,0.0,10.0,2.0,0.0,0.0,0.0,0.0,0,0.0,0.0,208.85534703187426,0.0,104.42767351593713,Prosumer
2023-05-19 16:00:00,user_004,16,0,4,False,0.0,0.0,0.0,0.0,20.0,0.0,0.0,0.0,10.0,2.0,0.0,0.0,0.0,0.0,0,0.0,0.0,208.85534703187426,0.0,104.42767351593713,Prosumer
2023-05-19 17:00:00,user_004,17,0,4,False,0.0,0.0,0.0,0.0,20.0,0.0,0.0,0.0,10.0,2.0,0.0,0.0,0.0,0.0,0,0.0,0.0,208.85534703187426,0.0,104.42767351593713,Prosumer
2023-05-19 18:00:00,user_004,18,0,4,False,0.0,0.0,0.0,0.0,20.0,0.0,0.0,0.0,10.0,2.0,0.0,0.0,0.0,0.0,0,0.0,0.0,208.85534703187426,0.0,104.42767351593713,Prosumer
2023-05-19 19:00:00,user_004,19,0,4,False,0.0,0.0,0.0,0.0,20.0,0.0,0.0,0.0,10.0,2.0,0.0,0.0,0.0,0.0,0,0.0,0.0,208.85534703187426,0.0,104.42767351593713,Prosumer
2023-05-19 20:00:00,user_004,20,0,4,False,0.0,0.0,0.0,0.0,20.0,0.0,0.0,0.0,10.0,2.0,0.0,0.0,0.0,0.0,0,0.0,0.0,208.85534703187426,0.0,104.42767351593713,Prosumer
2023-05-19 21:00:00,user_004,21,0,4,False,0.0,0.0,0.0,0.0,20.0,0.0,0.0,0.0,10.0,2.0,0.0,0.0,0.0,0.0,0,0.0,0.0,208.85534703187426,0.0,104.42767351593713,Prosumer
2023-05-19 22:00:00,user_004,22,0,4,False,0.0,0.0,0.0,0.0,20.0,0.0,0.0,0.0,10.0,2.0,0.0,0.0,0.0,0.0,0,0.0,0.0,208.85534703187426,0.0,104.42767351593713,Prosumer
2023-05-19 23:00:00,user_004,23,0,4,False,0.0,0.0,0.0,0.0,20.0,0.0,0.0,0.0,10.0,2.0,0.0,0.0,0.0,0.0,0,0.0,0.0,208.85534703187426,0.0,104.42767351593713,Prosumer
2023-05-20 00:00:00,user_004,0,0,5,True,0.0,0.0,0.0,0.0,20.0,0.0,0.0,0.0,10.0,2.0,0.0,0.0,0.0,0.0,0,0.0,0.0,208.85534703187426,0.0,104.42767351593713,Prosumer
2023-05-20 01:00:00,user_004,1,0,5,True,0.0,0.0,0.0,0.0,20.0,0.0,0.0,0.0,10.0,2.0,0.0,0.0,0.0,0.0,0,0.0,0.0,208.85534703187426,0.0,104.42767351593713,Prosumer
2023-05-20 02:00:00,user_004,2,0,5,True,0.0,0.0,0.0,0.0,20.0,0.0,0.0,0.0,10.0,2.0,0.0,0.0,0.0,0.0,0,0.0,0.0,208.85534703187426,0.0,104.42767351593713,Prosumer
2023-05-20 03:00:00,user_004,3,0,5,True,0.0,0.0,0.0,0.0,20.0,0.0,0.0,0.0,10.0,2.0,0.0,0.0,0.0,0.0,0,0.0,0.0,208.85534703187426,0.0,104.42767351593713,Prosumer
2023-05-20 04:00:00,user_004,4,0,5,True,0.0,0.0,0.0,0.0,20.0,0.0,0.0,0.0,10.0,2.0,0.0,0.0,0.0,0.0,0,0.0,0.0,208.85534703187426,0.0,104.42767351593713,Prosumer
2023-05-20 05:00:00,user_004,5,0,5,True,0.0,0.0,0.0,0.0,20.0,0.0,0.0,0.0,10.0,2.0,0.0,0.0,0.0,0.0,0,0.0,0.0,208.85534703187426,0.0,104.42767351593713,Prosumer
2023-05-20 06:00:00,user_004,6,0,5,True,0.0,0.0,0.0,0.0,20.0,0.0,0.0,0.0,10.0,2.0,0.0,0.0,0.0,0.0,0,0.0,0.0,208.85534703187426,0.0,104.42767351593713,Prosumer
2023-05-20 07:00:00,user_004,7,0,5,True,0.0,0.0,0.0,0.0,20.0,0.0,0.0,0.0,10.0,2.0,0.0,0.0,0.0,0.0,0,0.0,0.0,208.85534703187426,0.0,104.42767351593713,Prosumer
2023-05-20 08:00:00,user_004,8,0,5,True,0.0,0.0,0.0,0.0,20.0,0.0,0.0,0.0,10.0,2.0,0.0,0.0,0.0,0.0,0,0.0,0.0,208.85534703187426,0.0,104.42767351593713,Prosumer
2023-05-20 09:00:00,user_004,9,0,5,True,0.0,0.0,0.0,0.0,20.0,0.0,0.0,0.0,10.0,2.0,0.0,0.0,0.0,0.0,0,0.0,0.0,208.85534703187426,0.0,104.42767351593713,Prosumer
2023-05-20 10:00:00,user_004,10,0,5,True,0.0,0.0,0.0,0.0,20.0,0.0,0.0,0.0,10.0,2.0,0.0,0.0,0.0,0.0,0,0.0,0.0,208.85534703187426,0.0,104.42767351593713,Prosumer
2023-05-20 11:00:00,user_004,11,0,5,True,0.0,0.0,0.0,0.0,20.0,0.0,0.0,0.0,10.0,2.0,0.0,0.0,0.0,0.0,0,0.0,0.0,208.85534703187426,0.0,104.42767351593713,Prosumer
2023-05-20 12:00:00,user_004,12,0,5,True,0.0,0.0,0.0,0.0,20.0,0.0,0.0,0.0,10.0,2.0,0.0,0.0,0.0,0.0,0,0.0,0.0,208.85534703187426,0.0,104.42767351593713,Prosumer
2023-05-20 13:00:00,user_004,13,0,5,True,0.0,0.0,0.0,0.0,20.0,0.0,0.0,0.0,10.0,2.0,0.0,0.0,0.0,0.0,0,0.0,0.0,208.85534703187426,0.0,104.42767351593713,Prosumer
2023-05-20 14:00:00,user_004,14,0,5,True,0.0,0.0,0.0,0.0,20.0,0.0,0.0,0.0,10.0,2.0,0.0,0.0,0.0,0.0,0,0.0,0.0,208.85534703187426,0.0,104.42767351593713,Prosumer
2023-05-20 15:00:00,user_004,15,0,5,True,0.0,0.0,0.0,0.0,20.0,0.0,0.0,0.0,10.0,2.0,0.0,0.0,0.0,0.0,0,0.0,0.0,208.85534703187426,0.0,104.42767351593713,Prosumer
2023-05-20 16:00:00,user_004,16,0,5,True,0.0,0.0,0.0,0.0,20.0,0.0,0.0,0.0,10.0,2.0,0.0,0.0,0.0,0.0,0,0.0,0.0,208.85534703187426,0.0,104.42767351593713,Prosumer
2023-05-20 17:00:00,user_004,17,0,5,True,0.0,0.0,0.0,0.0,20.0,0.0,0.0,0.0,10.0,2.0,0.0,0.0,0.0,0.0,0,0.0,0.0,208.85534703187426,0.0,104.42767351593713,Prosumer
2023-05-20 18:00:00,user_004,18,0,5,True,0.0,0.0,0.0,0.0,20.0,0.0,0.0,0.0,10.0,2.0,0.0,0.0,0.0,0.0,0,0.0,0.0,208.85534703187426,0.0,104.42767351593713,Prosumer
2023-05-20 19:00:00,user_004,19,0,5,True,0.0,0.0,0.0,0.0,20.0,0.0,0.0,0.0,10.0,2.0,0.0,0.0,0.0,0.0,0,0.0,0.0,208.85534703187426,0.0,104.42767351593713,Prosumer
2023-05-20 20:00:00,user_004,20,0,5,True,0.0,0.0,0.0,0.0,20.0,0.0,0.0,0.0,10.0,2.0,0.0,0.0,0.0,0.0,0,0.0,0.0,208.85534703187426,0.0,104.42767351593713,Prosumer
2023-05-20 21:00:00,user_004,21,0,5,True,0.0,0.0,0.0,0.0,20.0,0.0,0.0,0.0,10.0,2.0,0.0,0.0,0.0,0.0,0,0.0,0.0,208.85534703187426,0.0,104.42767351593713,Prosumer
2023-05-20 22:00:00,user_004,22,0,5,True,0.0,0.0,0.0,0.0,20.0,0.0,0.0,0.0,10.0,2.0,0.0,0.0,0.0,0.0,0,0.0,0.0,208.85534703187426,0.0,104.42767351593713,Prosumer
2023-05-20 23:00:00,user_004,23,0,5,True,0.0,0.0,0.0,0.0,20.0,0.0,0.0,0.0,10.0,2.0,0.0,0.0,0.0,0.0,0,0.0,0.0,208.85534703187426,0.0,104.42767351593713,Prosumer
2023-05-21 00:00:00,user_004,0,0,6,True,0.0,0.0,0.0,0.0,20.0,0.0,0.0,0.0,10.0,2.0,0.0,0.0,0.0,0.0,0,0.0,0.0,208.85534703187426,0.0,104.42767351593713,Prosumer
2023-05-21 01:00:00,user_004,1,0,6,True,0.0,0.0,0.0,0.0,20.0,0.0,0.0,0.0,10.0,2.0,0.0,0.0,0.0,0.0,0,0.0,0.0,208.85534703187426,0.0,104.42767351593713,Prosumer
2023-05-21 02:00:00,user_004,2,0,6,True,0.0,0.0,0.0,0.0,20.0,0.0,0.0,0.0,10.0,2.0,0.0,0.0,0.0,0.0,0,0.0,0.0,208.85534703187426,0.0,104.42767351593713,Prosumer
2023-05-21 03:00:00,user_004,3,0,6,True,0.0,0.0,0.0,0.0,20.0,0.0,0.0,0.0,10.0,2.0,0.0,0.0,0.0,0.0,0,0.0,0.0,208.85534703187426,0.0,104.42767351593713,Prosumer
2023-05-21 04:00:00,user_004,4,0,6,True,0.0,0.0,0.0,0.0,20.0,0.0,0.0,0.0,10.0,2.0,0.0,0.0,0.0,0.0,0,0.0,0.0,208.85534703187426,0.0,104.42767351593713,Prosumer
2023-05-21 05:00:00,user_004,5,0,6,True,0.0,0.0,0.0,0.0,20.0,0.0,0.0,0.0,10.0,2.0,0.0,0.0,0.0,0.0,0,0.0,0.0,208.85534703187426,0.0,104.42767351593713,Prosumer
2023-05-21 06:00:00,user_004,6,0,6,True,0.0,0.0,0.0,0.0,20.0,0.0,0.0,0.0,10.0,2.0,0.0,0.0,0.0,0.0,0,0.0,0.0,208.85534703187426,0.0,104.42767351593713,Prosumer
2023-05-21 07:00:00,user_004,7,0,6,True,0.0,0.0,0.0,0.0,20.0,0.0,0.0,0.0,10.0,2.0,0.0,0.0,0.0,0.0,0,0.0,0.0,208.85534703187426,0.0,104.42767351593713,Prosumer
2023-05-21 08:00:00,user_004,8,0,6,True,0.0,0.0,0.0,0.0,20.0,0.0,0.0,0.0,10.0,2.0,0.0,0.0,0.0,0.0,0,0.0,0.0,208.85534703187426,0.0,104.42767351593713,Prosumer
2023-05-21 09:00:00,user_004,9,0,6,True,0.0,0.0,0.0,0.0,20.0,0.0,0.0,0.0,10.0,2.0,0.0,0.0,0.0,0.0,0,0.0,0.0,208.85534703187426,0.0,104.42767351593713,Prosumer
2023-05-21 10:00:00,user_004,10,0,6,True,0.0,0.0,0.0,0.0,20.0,0.0,0.0,0.0,10.0,2.0,0.0,0.0,0.0,0.0,0,0.0,0.0,208.85534703187426,0.0,104.42767351593713,Prosumer
2023-05-21 11:00:00,user_004,11,0,6,True,0.0,0.0,0.0,0.0,20.0,0.0,0.0,0.0,10.0,2.0,0.0,0.0,0.0,0.0,0,0.0,0.0,208.85534703187426,0.0,104.42767351593713,Prosumer
2023-05-21 12:00:00,user_004,12,0,6,True,0.0,0.0,0.0,0.0,20.0,0.0,0.0,0.0,10.0,2.0,0.0,0.0,0.0,0.0,0,0.0,0.0,208.85534703187426,0.0,104.42767351593713,Prosumer
2023-05-21 13:00:00,user_004,13,0,6,True,0.0,0.0,0.0,0.0,20.0,0.0,0.0,0.0,10.0,2.0,0.0,0.0,0.0,0.0,0,0.0,0.0,208.85534703187426,0.0,104.42767351593713,Prosumer
2023-05-21 14:00:00,user_004,14,0,6,True,0.0,0.0,0.0,0.0,20.0,0.0,0.0,0.0,10.0,2.0,0.0,0.0,0.0,0.0,0,0.0,0.0,208.85534703187426,0.0,104.42767351593713,Prosumer
2023-05-21 15:00:00,user_004,15,0,6,True,0.0,0.0,0.0,0.0,20.0,0.0,0.0,0.0,10.0,2.0,0.0,0.0,0.0,0.0,0,0.0,0.0,208.85534703187426,0.0,104.42767351593713,Prosumer
2023-05-21 16:00:00,user_004,16,0,6,True,0.0,0.0,0.0,0.0,20.0,0.0,0.0,0.0,10.0,2.0,0.0,0.0,0.0,0.0,0,0.0,0.0,208.85534703187426,0.0,104.42767351593713,Prosumer
2023-05-21 17:00:00,user_004,17,0,6,True,0.0,0.0,0.0,0.0,20.0,0.0,0.0,0.0,10.0,2.0,0.0,0.0,0.0,0.0,0,0.0,0.0,208.85534703187426,0.0,104.42767351593713,Prosumer
2023-05-21 18:00:00,user_004,18,0,6,True,0.0,0.0,0.0,0.0,20.0,0.0,0.0,0.0,10.0,2.0,0.0,0.0,0.0,0.0,0,0.0,0.0,208.85534703187426,0.0,104.42767351593713,Prosumer
2023-05-21 19:00:00,user_004,19,0,6,True,0.0,0.0,0.0,0.0,20.0,0.0,0.0,0.0,10.0,2.0,0.0,0.0,0.0,0.0,0,0.0,0.0,208.85534703187426,0.0,104.42767351593713,Prosumer
2023-05-21 20:00:00,user_004,20,0,6,True,0.0,0.0,0.0,0.0,20.0,0.0,0.0,0.0,10.0,2.0,0.0,0.0,0.0,0.0,0,0.0,0.0,208.85534703187426,0.0,104.42767351593713,Prosumer
2023-05-21 21:00:00,user_004,21,0,6,True,0.0,0.0,0.0,0.0,20.0,0.0,0.0,0.0,10.0,2.0,0.0,0.0,0.0,0.0,0,0.0,0.0,208.85534703187426,0.0,104.42767351593713,Prosumer
2023-05-21 22:00:00,user_004,22,0,6,True,0.0,0.0,0.0,0.0,20.0,0.0,0.0,0.0,10.0,2.0,0.0,0.0,0.0,0.0,0,0.0,0.0,208.85534703187426,0.0,104.42767351593713,Prosumer
2023-05-21 23:00:00,user_004,23,0,6,True,0.0,0.0,0.0,0.0,20.0,0.0,0.0,0.0,10.0,2.0,0.0,0.0,0.0,0.0,0,0.0,0.0,208.85534703187426,0.0,104.42767351593713,Prosumer
2023-05-22 00:00:00,user_004,0,0,0,False,0.0,0.0,0.0,0.0,20.0,0.0,0.0,0.0,10.0,2.0,0.0,0.0,0.0,0.0,0,0.0,0.0,208.85534703187426,0.0,104.42767351593713,Prosumer
2023-05-22 01:00:00,user_004,1,0,0,False,0.0,0.0,0.0,0.0,20.0,0.0,0.0,0.0,10.0,2.0,0.0,0.0,0.0,0.0,0,0.0,0.0,208.85534703187426,0.0,104.42767351593713,Prosumer
2023-05-22 02:00:00,user_004,2,0,0,False,0.0,0.0,0.0,0.0,20.0,0.0,0.0,0.0,10.0,2.0,0.0,0.0,0.0,0.0,0,0.0,0.0,208.85534703187426,0.0,104.42767351593713,Prosumer
2023-05-22 03:00:00,user_004,3,0,0,False,0.0,0.0,0.0,0.0,20.0,0.0,0.0,0.0,10.0,2.0,0.0,0.0,0.0,0.0,0,0.0,0.0,208.85534703187426,0.0,104.42767351593713,Prosumer
2023-05-22 04:00:00,user_004,4,0,0,False,0.0,0.0,0.0,0.0,20.0,0.0,0.0,0.0,10.0,2.0,0.0,0.0,0.0,0.0,0,0.0,0.0,208.85534703187426,0.0,104.42767351593713,Prosumer
2023-05-22 05:00:00,user_004,5,0,0,False,0.0,0.0,0.0,0.0,20.0,0.0,0.0,0.0,10.0,2.0,0.0,0.0,0.0,0.0,0,0.0,0.0,208.85534703187426,0.0,104.42767351593713,Prosumer
2023-05-22 06:00:00,user_004,6,0,0,False,0.0,0.0,0.0,0.0,20.0,0.0,0.0,0.0,10.0,2.0,0.0,0.0,0.0,0.0,0,0.0,0.0,208.85534703187426,0.0,104.42767351593713,Prosumer
2023-05-22 07:00:00,user_004,7,0,0,False,0.0,0.0,0.0,0.0,20.0,0.0,0.0,0.0,10.0,2.0,0.0,0.0,0.0,0.0,0,0.0,0.0,208.85534703187426,0.0,104.42767351593713,Prosumer
2023-05-22 08:00:00,user_004,8,0,0,False,0.0,0.0,0.0,0.0,20.0,0.0,0.0,0.0,10.0,2.0,0.0,0.0,0.0,0.0,0,0.0,0.0,208.85534703187426,0.0,104.42767351593713,Prosumer
2023-05-22 09:00:00,user_004,9,0,0,False,0.0,0.0,0.0,0.0,20.0,0.0,0.0,0.0,10.0,2.0,0.0,0.0,0.0,0.0,0,0.0,0.0,208.85534703187426,0.0,104.42767351593713,Prosumer
2023-05-22 10:00:00,user_004,10,0,0,False,0.0,0.0,0.0,0.0,20.0,0.0,0.0,0.0,10.0,2.0,0.0,0.0,0.0,0.0,0,0.0,0.0,208.85534703187426,0.0,104.42767351593713,Prosumer
2023-05-22 11:00:00,user_004,11,0,0,False,0.0,0.0,0.0,0.0,20.0,0.0,0.0,0.0,10.0,2.0,0.0,0.0,0.0,0.0,0,0.0,0.0,208.85534703187426,0.0,104.42767351593713,Prosumer
2023-05-22 12:00:00,user_004,12,0,0,False,0.0,0.0,0.0,0.0,20.0,0.0,0.0,0.0,10.0,2.0,0.0,0.0,0.0,0.0,0,0.0,0.0,208.85534703187426,0.0,104.42767351593713,Prosumer
2023-05-22 13:00:00,user_004,13,0,0,False,0.0,0.0,0.0,0.0,20.0,0.0,0.0,0.0,10.0,2.0,0.0,0.0,0.0,0.0,0,0.0,0.0,208.85534703187426,0.0,104.42767351593713,Prosumer
2023-05-22 14:00:00,user_004,14,0,0,False,0.0,0.0,0.0,0.0,20.0,0.0,0.0,0.0,10.0,2.0,0.0,0.0,0.0,0.0,0,0.0,0.0,208.85534703187426,0.0,104.42767351593713,Prosumer
2023-05-22 15:00:00,user_004,15,0,0,False,0.0,0.0,0.0,0.0,20.0,0.0,0.0,0.0,10.0,2.0,0.0,0.0,0.0,0.0,0,0.0,0.0,208.85534703187426,0.0,104.42767351593713,Prosumer
2023-05-22 16:00:00,user_004,16,0,0,False,0.0,0.0,0.0,0.0,20.0,0.0,0.0,0.0,10.0,2.0,0.0,0.0,0.0,0.0,0,0.0,0.0,208.85534703187426,0.0,104.42767351593713,Prosumer
2023-05-22 17:00:00,user_004,17,0,0,False,0.0,0.0,0.0,0.0,20.0,0.0,0.0,0.0,10.0,2.0,0.0,0.0,0.0,0.0,0,0.0,0.0,208.85534703187426,0.0,104.42767351593713,Prosumer
2023-05-22 18:00:00,user_004,18,0,0,False,0.0,0.0,0.0,0.0,20.0,0.0,0.0,0.0,10.0,2.0,0.0,0.0,0.0,0.0,0,0.0,0.0,208.85534703187426,0.0,104.42767351593713,Prosumer
2023-05-22 19:00:00,user_004,19,0,0,False,0.0,0.0,0.0,0.0,20.0,0.0,0.0,0.0,10.0,2.0,0.0,0.0,0.0,0.0,0,0.0,0.0,208.85534703187426,0.0,104.42767351593713,Prosumer
2023-05-22 20:00:00,user_004,20,0,0,False,0.0,0.0,0.0,0.0,20.0,0.0,0.0,0.0,10.0,2.0,0.0,0.0,0.0,0.0,0,0.0,0.0,208.85534703187426,0.0,104.42767351593713,Prosumer
2023-05-22 21:00:00,user_004,21,0,0,False,0.0,0.0,0.0,0.0,20.0,0.0,0.0,0.0,10.0,2.0,0.0,0.0,0.0,0.0,0,0.0,0.0,208.85534703187426,0.0,104.42767351593713,Prosumer
2023-05-22 22:00:00,user_004,22,0,0,False,0.0,0.0,0.0,0.0,20.0,0.0,0.0,0.0,10.0,2.0,0.0,0.0,0.0,0.0,0,0.0,0.0,208.85534703187426,0.0,104.42767351593713,Prosumer
2023-05-22 23:00:00,user_004,23,0,0,False,0.0,0.0,0.0,0.0,20.0,0.0,0.0,0.0,10.0,2.0,0.0,0.0,0.0,0.0,0,0.0,0.0,208.85534703187426,0.0,104.42767351593713,Prosumer
2023-05-23 00:00:00,user_004,0,0,1,False,0.0,0.0,0.0,0.0,20.0,0.0,0.0,0.0,10.0,2.0,0.0,0.0,0.0,0.0,0,0.0,0.0,208.85534703187426,0.0,104.42767351593713,Prosumer
2023-05-23 01:00:00,user_004,1,0,1,False,0.0,0.0,0.0,0.0,20.0,0.0,0.0,0.0,10.0,2.0,0.0,0.0,0.0,0.0,0,0.0,0.0,208.85534703187426,0.0,104.42767351593713,Prosumer
2023-05-23 02:00:00,user_004,2,0,1,False,0.0,0.0,0.0,0.0,20.0,0.0,0.0,0.0,10.0,2.0,0.0,0.0,0.0,0.0,0,0.0,0.0,208.85534703187426,0.0,104.42767351593713,Prosumer
2023-05-23 03:00:00,user_004,3,0,1,False,0.0,0.0,0.0,0.0,20.0,0.0,0.0,0.0,10.0,2.0,0.0,0.0,0.0,0.0,0,0.0,0.0,208.85534703187426,0.0,104.42767351593713,Prosumer
2023-05-23 04:00:00,user_004,4,0,1,False,0.0,0.0,0.0,0.0,20.0,0.0,0.0,0.0,10.0,2.0,0.0,0.0,0.0,0.0,0,0.0,0.0,208.85534703187426,0.0,104.42767351593713,Prosumer
2023-05-23 05:00:00,user_004,5,0,1,False,0.0,0.0,0.0,0.0,20.0,0.0,0.0,0.0,10.0,2.0,0.0,0.0,0.0,0.0,0,0.0,0.0,208.85534703187426,0.0,104.42767351593713,Prosumer
2023-05-23 06:00:00,user_004,6,0,1,False,0.0,0.0,0.0,0.0,20.0,0.0,0.0,0.0,10.0,2.0,0.0,0.0,0.0,0.0,0,0.0,0.0,208.85534703187426,0.0,104.42767351593713,Prosumer
2023-05-23 07:00:00,user_004,7,0,1,False,0.0,0.0,0.0,0.0,20.0,0.0,0.0,0.0,10.0,2.0,0.0,0.0,0.0,0.0,0,0.0,0.0,208.85534703187426,0.0,104.42767351593713,Prosumer
2023-05-23 08:00:00,user_004,8,0,1,False,0.0,0.0,0.0,0.0,20.0,0.0,0.0,0.0,10.0,2.0,0.0,0.0,0.0,0.0,0,0.0,0.0,208.85534703187426,0.0,104.42767351593713,Prosumer
2023-05-23 09:00:00,user_004,9,0,1,False,0.0,0.0,0.0,0.0,20.0,0.0,0.0,0.0,10.0,2.0,0.0,0.0,0.0,0.0,0,0.0,0.0,208.85534703187426,0.0,104.42767351593713,Prosumer
2023-05-23 10:00:00,user_004,10,0,1,False,0.0,0.0,0.0,0.0,20.0,0.0,0.0,0.0,10.0,2.0,0.0,0.0,0.0,0.0,0,0.0,0.0,208.85534703187426,0.0,104.42767351593713,Prosumer
2023-05-23 11:00:00,user_004,11,0,1,False,0.0,0.0,0.0,0.0,20.0,0.0,0.0,0.0,10.0,2.0,0.0,0.0,0.0,0.0,0,0.0,0.0,208.85534703187426,0.0,104.42767351593713,Prosumer
2023-05-23 12:00:00,user_004,12,0,1,False,0.0,0.0,0.0,0.0,20.0,0.0,0.0,0.0,10.0,2.0,0.0,0.0,0.0,0.0,0,0.0,0.0,208.85534703187426,0.0,104.42767351593713,Prosumer
2023-05-23 13:00:00,user_004,13,0,1,False,0.0,0.0,0.0,0.0,20.0,0.0,0.0,0.0,10.0,2.0,0.0,0.0,0.0,0.0,0,0.0,0.0,208.85534703187426,0.0,104.42767351593713,Prosumer
2023-05-23 14:00:00,user_004,14,0,1,False,0.0,0.0,0.0,0.0,20.0,0.0,0.0,0.0,10.0,2.0,0.0,0.0,0.0,0.0,0,0.0,0.0,208.85534703187426,0.0,104.42767351593713,Prosumer
2023-05-23 15:00:00,user_004,15,0,1,False,0.0,0.0,0.0,0.0,20.0,0.0,0.0,0.0,10.0,2.0,0.0,0.0,0.0,0.0,0,0.0,0.0,208.85534703187426,0.0,104.42767351593713,Prosumer
2023-05-23 16:00:00,user_004,16,0,1,False,0.0,0.0,0.0,0.0,20.0,0.0,0.0,0.0,10.0,2.0,0.0,0.0,0.0,0.0,0,0.0,0.0,208.85534703187426,0.0,104.42767351593713,Prosumer
2023-05-23 17:00:00,user_004,17,0,1,False,0.0,0.0,0.0,0.0,20.0,0.0,0.0,0.0,10.0,2.0,0.0,0.0,0.0,0.0,0,0.0,0.0,208.85534703187426,0.0,104.42767351593713,Prosumer
2023-05-23 18:00:00,user_004,18,0,1,False,0.0,0.0,0.0,0.0,20.0,0.0,0.0,0.0,10.0,2.0,0.0,0.0,0.0,0.0,0,0.0,0.0,208.85534703187426,0.0,104.42767351593713,Prosumer
2023-05-23 19:00:00,user_004,19,0,1,False,0.0,0.0,0.0,0.0,20.0,0.0,0.0,0.0,10.0,2.0,0.0,0.0,0.0,0.0,0,0.0,0.0,208.85534703187426,0.0,104.42767351593713,Prosumer
2023-05-23 20:00:00,user_004,20,0,1,False,0.0,0.0,0.0,0.0,20.0,0.0,0.0,0.0,10.0,2.0,0.0,0.0,0.0,0.0,0,0.0,0.0,208.85534703187426,0.0,104.42767351593713,Prosumer
2023-05-23 21:00:00,user_004,21,0,1,False,0.0,0.0,0.0,0.0,20.0,0.0,0.0,0.0,10.0,2.0,0.0,0.0,0.0,0.0,0,0.0,0.0,208.85534703187426,0.0,104.42767351593713,Prosumer
2023-05-23 22:00:00,user_004,22,0,1,False,0.0,0.0,0.0,0.0,20.0,0.0,0.0,0.0,10.0,2.0,0.0,0.0,0.0,0.0,0,0.0,0.0,208.85534703187426,0.0,104.42767351593713,Prosumer
2023-05-23 23:00:00,user_004,23,0,1,False,0.0,0.0,0.0,0.0,20.0,0.0,0.0,0.0,10.0,2.0,0.0,0.0,0.0,0.0,0,0.0,0.0,208.85534703187426,0.0,104.42767351593713,Prosumer
2023-05-24 00:00:00,user_004,0,0,2,False,0.0,0.0,0.0,0.0,20.0,0.0,0.0,0.0,10.0,2.0,0.0,0.0,0.0,0.0,0,0.0,0.0,208.85534703187426,0.0,104.42767351593713,Prosumer
2023-05-24 01:00:00,user_004,1,0,2,False,0.0,0.0,0.0,0.0,20.0,0.0,0.0,0.0,10.0,2.0,0.0,0.0,0.0,0.0,0,0.0,0.0,208.85534703187426,0.0,104.42767351593713,Prosumer
2023-05-24 02:00:00,user_004,2,0,2,False,0.0,0.0,0.0,0.0,20.0,0.0,0.0,0.0,10.0,2.0,0.0,0.0,0.0,0.0,0,0.0,0.0,208.85534703187426,0.0,104.42767351593713,Prosumer
2023-05-24 03:00:00,user_004,3,0,2,False,0.0,0.0,0.0,0.0,20.0,0.0,0.0,0.0,10.0,2.0,0.0,0.0,0.0,0.0,0,0.0,0.0,208.85534703187426,0.0,104.42767351593713,Prosumer
2023-05-24 04:00:00,user_004,4,0,2,False,0.0,0.0,0.0,0.0,20.0,0.0,0.0,0.0,10.0,2.0,0.0,0.0,0.0,0.0,0,0.0,0.0,208.85534703187426,0.0,104.42767351593713,Prosumer
2023-05-24 05:00:00,user_004,5,0,2,False,0.0,0.0,0.0,0.0,20.0,0.0,0.0,0.0,10.0,2.0,0.0,0.0,0.0,0.0,0,0.0,0.0,208.85534703187426,0.0,104.42767351593713,Prosumer
2023-05-24 06:00:00,user_004,6,0,2,False,0.0,0.0,0.0,0.0,20.0,0.0,0.0,0.0,10.0,2.0,0.0,0.0,0.0,0.0,0,0.0,0.0,208.85534703187426,0.0,104.42767351593713,Prosumer
2023-05-24 07:00:00,user_004,7,0,2,False,0.0,0.0,0.0,0.0,20.0,0.0,0.0,0.0,10.0,2.0,0.0,0.0,0.0,0.0,0,0.0,0.0,208.85534703187426,0.0,104.42767351593713,Prosumer
2023-05-24 08:00:00,user_004,8,0,2,False,0.0,0.0,0.0,0.0,20.0,0.0,0.0,0.0,10.0,2.0,0.0,0.0,0.0,0.0,0,0.0,0.0,208.85534703187426,0.0,104.42767351593713,Prosumer
2023-05-24 09:00:00,user_004,9,0,2,False,0.0,0.0,0.0,0.0,20.0,0.0,0.0,0.0,10.0,2.0,0.0,0.0,0.0,0.0,0,0.0,0.0,208.85534703187426,0.0,104.42767351593713,Prosumer
2023-05-24 10:00:00,user_004,10,0,2,False,0.0,0.0,0.0,0.0,20.0,0.0,0.0,0.0,10.0,2.0,0.0,0.0,0.0,0.0,0,0.0,0.0,208.85534703187426,0.0,104.42767351593713,Prosumer
2023-05-24 11:00:00,user_004,11,0,2,False,0.0,0.0,0.0,0.0,20.0,0.0,0.0,0.0,10.0,2.0,0.0,0.0,0.0,0.0,0,0.0,0.0,208.85534703187426,0.0,104.42767351593713,Prosumer
2023-05-24 12:00:00,user_004,12,0,2,False,0.0,0.0,0.0,0.0,20.0,0.0,0.0,0.0,10.0,2.0,0.0,0.0,0.0,0.0,0,0.0,0.0,208.85534703187426,0.0,104.42767351593713,Prosumer
2023-05-24 13:00:00,user_004,13,0,2,False,0.0,0.0,0.0,0.0,20.0,0.0,0.0,0.0,10.0,2.0,0.0,0.0,0.0,0.0,0,0.0,0.0,208.85534703187426,0.0,104.42767351593713,Prosumer
2023-05-24 14:00:00,user_004,14,0,2,False,0.0,0.0,0.0,0.0,20.0,0.0,0.0,0.0,10.0,2.0,0.0,0.0,0.0,0.0,0,0.0,0.0,208.85534703187426,0.0,104.42767351593713,Prosumer
2023-05-24 15:00:00,user_004,15,0,2,False,0.0,0.0,0.0,0.0,20.0,0.0,0.0,0.0,10.0,2.0,0.0,0.0,0.0,0.0,0,0.0,0.0,208.85534703187426,0.0,104.42767351593713,Prosumer
2023-05-24 16:00:00,user_004,16,0,2,False,0.0,0.0,0.0,0.0,20.0,0.0,0.0,0.0,10.0,2.0,0.0,0.0,0.0,0.0,0,0.0,0.0,208.85534703187426,0.0,104.42767351593713,Prosumer
2023-05-24 17:00:00,user_004,17,0,2,False,0.0,0.0,0.0,0.0,20.0,0.0,0.0,0.0,10.0,2.0,0.0,0.0,0.0,0.0,0,0.0,0.0,208.85534703187426,0.0,104.42767351593713,Prosumer
2023-05-24 18:00:00,user_004,18,0,2,False,0.0,0.0,0.0,0.0,20.0,0.0,0.0,0.0,10.0,2.0,0.0,0.0,0.0,0.0,0,0.0,0.0,208.85534703187426,0.0,104.42767351593713,Prosumer
2023-05-24 19:00:00,user_004,19,0,2,False,0.0,0.0,0.0,0.0,20.0,0.0,0.0,0.0,10.0,2.0,0.0,0.0,0.0,0.0,0,0.0,0.0,208.85534703187426,0.0,104.42767351593713,Prosumer
2023-05-24 20:00:00,user_004,20,0,2,False,0.0,0.0,0.0,0.0,20.0,0.0,0.0,0.0,10.0,2.0,0.0,0.0,0.0,0.0,0,0.0,0.0,208.85534703187426,0.0,104.42767351593713,Prosumer
2023-05-24 21:00:00,user_004,21,0,2,False,0.0,0.0,0.0,0.0,20.0,0.0,0.0,0.0,10.0,2.0,0.0,0.0,0.0,0.0,0,0.0,0.0,208.85534703187426,0.0,104.42767351593713,Prosumer
2023-05-24 22:00:00,user_004,22,0,2,False,0.0,0.0,0.0,0.0,20.0,0.0,0.0,0.0,10.0,2.0,0.0,0.0,0.0,0.0,0,0.0,0.0,208.85534703187426,0.0,104.42767351593713,Prosumer
2023-05-24 23:00:00,user_004,23,0,2,False,0.0,0.0,0.0,0.0,20.0,0.0,0.0,0.0,10.0,2.0,0.0,0.0,0.0,0.0,0,0.0,0.0,208.85534703187426,0.0,104.42767351593713,Prosumer
2023-05-25 00:00:00,user_004,0,0,3,False,0.0,0.0,0.0,0.0,20.0,0.0,0.0,0.0,10.0,2.0,0.0,0.0,0.0,0.0,0,0.0,0.0,208.85534703187426,0.0,104.42767351593713,Prosumer
2023-05-25 01:00:00,user_004,1,0,3,False,0.0,0.0,0.0,0.0,20.0,0.0,0.0,0.0,10.0,2.0,0.0,0.0,0.0,0.0,0,0.0,0.0,208.85534703187426,0.0,104.42767351593713,Prosumer
2023-05-25 02:00:00,user_004,2,0,3,False,0.0,0.0,0.0,0.0,20.0,0.0,0.0,0.0,10.0,2.0,0.0,0.0,0.0,0.0,0,0.0,0.0,208.85534703187426,0.0,104.42767351593713,Prosumer
2023-05-25 03:00:00,user_004,3,0,3,False,0.0,0.0,0.0,0.0,20.0,0.0,0.0,0.0,10.0,2.0,0.0,0.0,0.0,0.0,0,0.0,0.0,208.85534703187426,0.0,104.42767351593713,Prosumer
2023-05-25 04:00:00,user_004,4,0,3,False,0.0,0.0,0.0,0.0,20.0,0.0,0.0,0.0,10.0,2.0,0.0,0.0,0.0,0.0,0,0.0,0.0,208.85534703187426,0.0,104.42767351593713,Prosumer
2023-05-25 05:00:00,user_004,5,0,3,False,0.0,0.0,0.0,0.0,20.0,0.0,0.0,0.0,10.0,2.0,0.0,0.0,0.0,0.0,0,0.0,0.0,208.85534703187426,0.0,104.42767351593713,Prosumer
2023-05-25 06:00:00,user_004,6,0,3,False,0.0,0.0,0.0,0.0,20.0,0.0,0.0,0.0,10.0,2.0,0.0,0.0,0.0,0.0,0,0.0,0.0,208.85534703187426,0.0,104.42767351593713,Prosumer
2023-05-25 07:00:00,user_004,7,0,3,False,0.0,0.0,0.0,0.0,20.0,0.0,0.0,0.0,10.0,2.0,0.0,0.0,0.0,0.0,0,0.0,0.0,208.85534703187426,0.0,104.42767351593713,Prosumer
2023-05-25 08:00:00,user_004,8,0,3,False,0.0,0.0,0.0,0.0,20.0,0.0,0.0,0.0,10.0,2.0,0.0,0.0,0.0,0.0,0,0.0,0.0,208.85534703187426,0.0,104.42767351593713,Prosumer
2023-05-25 09:00:00,user_004,9,0,3,False,0.0,0.0,0.0,0.0,20.0,0.0,0.0,0.0,10.0,2.0,0.0,0.0,0.0,0.0,0,0.0,0.0,208.85534703187426,0.0,104.42767351593713,Prosumer
2023-05-25 10:00:00,user_004,10,0,3,False,0.0,0.0,0.0,0.0,20.0,0.0,0.0,0.0,10.0,2.0,0.0,0.0,0.0,0.0,0,0.0,0.0,208.85534703187426,0.0,104.42767351593713,Prosumer
2023-05-25 11:00:00,user_004,11,0,3,False,0.0,0.0,0.0,0.0,20.0,0.0,0.0,0.0,10.0,2.0,0.0,0.0,0.0,0.0,0,0.0,0.0,208.85534703187426,0.0,104.42767351593713,Prosumer
2023-05-25 12:00:00,user_004,12,0,3,False,0.0,0.0,0.0,0.0,20.0,0.0,0.0,0.0,10.0,2.0,0.0,0.0,0.0,0.0,0,0.0,0.0,208.85534703187426,0.0,104.42767351593713,Prosumer
2023-05-25 13:00:00,user_004,13,0,3,False,0.0,0.0,0.0,0.0,20.0,0.0,0.0,0.0,10.0,2.0,0.0,0.0,0.0,0.0,0,0.0,0.0,208.85534703187426,0.0,104.42767351593713,Prosumer
2023-05-25 14:00:00,user_004,14,0,3,False,0.0,0.0,0.0,0.0,20.0,0.0,0.0,0.0,10.0,2.0,0.0,0.0,0.0,0.0,0,0.0,0.0,208.85534703187426,0.0,104.42767351593713,Prosumer
2023-05-25 15:00:00,user_004,15,0,3,False,0.0,0.0,0.0,0.0,20.0,0.0,0.0,0.0,10.0,2.0,0.0,0.0,0.0,0.0,0,0.0,0.0,208.85534703187426,0.0,104.42767351593713,Prosumer
2023-05-25 16:00:00,user_004,16,0,3,False,0.0,0.0,0.0,0.0,20.0,0.0,0.0,0.0,10.0,2.0,0.0,0.0,0.0,0.0,0,0.0,0.0,208.85534703187426,0.0,104.42767351593713,Prosumer
2023-05-25 17:00:00,user_004,17,0,3,False,0.0,0.0,0.0,0.0,20.0,0.0,0.0,0.0,10.0,2.0,0.0,0.0,0.0,0.0,0,0.0,0.0,208.85534703187426,0.0,104.42767351593713,Prosumer
2023-05-25 18:00:00,user_004,18,0,3,False,0.0,0.0,0.0,0.0,20.0,0.0,0.0,0.0,10.0,2.0,0.0,0.0,0.0,0.0,0,0.0,0.0,208.85534703187426,0.0,104.42767351593713,Prosumer
2023-05-25 19:00:00,user_004,19,0,3,False,0.0,0.0,0.0,0.0,20.0,0.0,0.0,0.0,10.0,2.0,0.0,0.0,0.0,0.0,0,0.0,0.0,208.85534703187426,0.0,104.42767351593713,Prosumer
2023-05-25 20:00:00,user_004,20,0,3,False,0.0,0.0,0.0,0.0,20.0,0.0,0.0,0.0,10.0,2.0,0.0,0.0,0.0,0.0,0,0.0,0.0,208.85534703187426,0.0,104.42767351593713,Prosumer
2023-05-25 21:00:00,user_004,21,0,3,False,0.0,0.0,0.0,0.0,20.0,0.0,0.0,0.0,10.0,2.0,0.0,0.0,0.0,0.0,0,0.0,0.0,208.85534703187426,0.0,104.42767351593713,Prosumer
2023-05-25 22:00:00,user_004,22,0,3,False,0.0,0.0,0.0,0.0,20.0,0.0,0.0,0.0,10.0,2.0,0.0,0.0,0.0,0.0,0,0.0,0.0,208.85534703187426,0.0,104.42767351593713,Prosumer
2023-05-25 23:00:00,user_004,23,0,3,False,0.0,0.0,0.0,0.0,20.0,0.0,0.0,0.0,10.0,2.0,0.0,0.0,0.0,0.0,0,0.0,0.0,208.85534703187426,0.0,104.42767351593713,Prosumer
2023-05-26 00:00:00,user_004,0,0,4,False,0.0,0.0,0.0,0.0,20.0,0.0,0.0,0.0,10.0,2.0,0.0,0.0,0.0,0.0,0,0.0,0.0,208.85534703187426,0.0,104.42767351593713,Prosumer
2023-05-26 01:00:00,user_004,1,0,4,False,0.0,0.0,0.0,0.0,20.0,0.0,0.0,0.0,10.0,2.0,0.0,0.0,0.0,0.0,0,0.0,0.0,208.85534703187426,0.0,104.42767351593713,Prosumer
2023-05-26 02:00:00,user_004,2,0,4,False,0.0,0.0,0.0,0.0,20.0,0.0,0.0,0.0,10.0,2.0,0.0,0.0,0.0,0.0,0,0.0,0.0,208.85534703187426,0.0,104.42767351593713,Prosumer
2023-05-26 03:00:00,user_004,3,0,4,False,0.0,0.0,0.0,0.0,20.0,0.0,0.0,0.0,10.0,2.0,0.0,0.0,0.0,0.0,0,0.0,0.0,208.85534703187426,0.0,104.42767351593713,Prosumer
2023-05-26 04:00:00,user_004,4,0,4,False,0.0,0.0,0.0,0.0,20.0,0.0,0.0,0.0,10.0,2.0,0.0,0.0,0.0,0.0,0,0.0,0.0,208.85534703187426,0.0,104.42767351593713,Prosumer
2023-05-26 05:00:00,user_004,5,0,4,False,0.0,0.0,0.0,0.0,20.0,0.0,0.0,0.0,10.0,2.0,0.0,0.0,0.0,0.0,0,0.0,0.0,208.85534703187426,0.0,104.42767351593713,Prosumer
2023-05-26 06:00:00,user_004,6,0,4,False,0.0,0.0,0.0,0.0,20.0,0.0,0.0,0.0,10.0,2.0,0.0,0.0,0.0,0.0,0,0.0,0.0,208.85534703187426,0.0,104.42767351593713,Prosumer
2023-05-26 07:00:00,user_004,7,0,4,False,0.0,0.0,0.0,0.0,20.0,0.0,0.0,0.0,10.0,2.0,0.0,0.0,0.0,0.0,0,0.0,0.0,208.85534703187426,0.0,104.42767351593713,Prosumer
2023-05-26 08:00:00,user_004,8,0,4,False,0.0,0.0,0.0,0.0,20.0,0.0,0.0,0.0,10.0,2.0,0.0,0.0,0.0,0.0,0,0.0,0.0,208.85534703187426,0.0,104.42767351593713,Prosumer
2023-05-26 09:00:00,user_004,9,0,4,False,0.0,0.0,0.0,0.0,20.0,0.0,0.0,0.0,10.0,2.0,0.0,0.0,0.0,0.0,0,0.0,0.0,208.85534703187426,0.0,104.42767351593713,Prosumer
2023-05-26 10:00:00,user_004,10,0,4,False,0.0,0.0,0.0,0.0,20.0,0.0,0.0,0.0,10.0,2.0,0.0,0.0,0.0,0.0,0,0.0,0.0,208.85534703187426,0.0,104.42767351593713,Prosumer
2023-05-26 11:00:00,user_004,11,0,4,False,0.0,0.0,0.0,0.0,20.0,0.0,0.0,0.0,10.0,2.0,0.0,0.0,0.0,0.0,0,0.0,0.0,208.85534703187426,0.0,104.42767351593713,Prosumer
2023-05-26 12:00:00,user_004,12,0,4,False,0.0,0.0,0.0,0.0,20.0,0.0,0.0,0.0,10.0,2.0,0.0,0.0,0.0,0.0,0,0.0,0.0,208.85534703187426,0.0,104.42767351593713,Prosumer
2023-05-26 13:00:00,user_004,13,0,4,False,0.0,0.0,0.0,0.0,20.0,0.0,0.0,0.0,10.0,2.0,0.0,0.0,0.0,0.0,0,0.0,0.0,208.85534703187426,0.0,104.42767351593713,Prosumer
2023-05-26 14:00:00,user_004,14,0,4,False,0.0,0.0,0.0,0.0,20.0,0.0,0.0,0.0,10.0,2.0,0.0,0.0,0.0,0.0,0,0.0,0.0,208.85534703187426,0.0,104.42767351593713,Prosumer
2023-05-26 15:00:00,user_004,15,0,4,False,0.0,0.0,0.0,0.0,20.0,0.0,0.0,0.0,10.0,2.0,0.0,0.0,0.0,0.0,0,0.0,0.0,208.85534703187426,0.0,104.42767351593713,Prosumer
2023-05-26 16:00:00,user_004,16,0,4,False,0.0,0.0,0.0,0.0,20.0,0.0,0.0,0.0,10.0,2.0,0.0,0.0,0.0,0.0,0,0.0,0.0,208.85534703187426,0.0,104.42767351593713,Prosumer
2023-05-26 17:00:00,user_004,17,0,4,False,0.0,0.0,0.0,0.0,20.0,0.0,0.0,0.0,10.0,2.0,0.0,0.0,0.0,0.0,0,0.0,0.0,208.85534703187426,0.0,104.42767351593713,Prosumer
2023-05-26 18:00:00,user_004,18,0,4,False,0.0,0.0,0.0,0.0,20.0,0.0,0.0,0.0,10.0,2.0,0.0,0.0,0.0,0.0,0,0.0,0.0,208.85534703187426,0.0,104.42767351593713,Prosumer
2023-05-26 19:00:00,user_004,19,0,4,False,0.0,0.0,0.0,0.0,20.0,0.0,0.0,0.0,10.0,2.0,0.0,0.0,0.0,0.0,0,0.0,0.0,208.85534703187426,0.0,104.42767351593713,Prosumer
2023-05-26 20:00:00,user_004,20,0,4,False,0.0,0.0,0.0,0.0,20.0,0.0,0.0,0.0,10.0,2.0,0.0,0.0,0.0,0.0,0,0.0,0.0,208.85534703187426,0.0,104.42767351593713,Prosumer
2023-05-26 21:00:00,user_004,21,0,4,False,0.0,0.0,0.0,0.0,20.0,0.0,0.0,0.0,10.0,2.0,0.0,0.0,0.0,0.0,0,0.0,0.0,208.85534703187426,0.0,104.42767351593713,Prosumer
2023-05-26 22:00:00,user_004,22,0,4,False,0.0,0.0,0.0,0.0,20.0,0.0,0.0,0.0,10.0,2.0,0.0,0.0,0.0,0.0,0,0.0,0.0,208.85534703187426,0.0,104.42767351593713,Prosumer
2023-05-26 23:00:00,user_004,23,0,4,False,0.0,0.0,0.0,0.0,20.0,0.0,0.0,0.0,10.0,2.0,0.0,0.0,0.0,0.0,0,0.0,0.0,208.85534703187426,0.0,104.42767351593713,Prosumer
2023-05-27 00:00:00,user_004,0,0,5,True,0.0,0.0,0.0,0.0,20.0,0.0,0.0,0.0,10.0,2.0,0.0,0.0,0.0,0.0,0,0.0,0.0,208.85534703187426,0.0,104.42767351593713,Prosumer
2023-05-27 01:00:00,user_004,1,0,5,True,0.0,0.0,0.0,0.0,20.0,0.0,0.0,0.0,10.0,2.0,0.0,0.0,0.0,0.0,0,0.0,0.0,208.85534703187426,0.0,104.42767351593713,Prosumer
2023-05-27 02:00:00,user_004,2,0,5,True,0.0,0.0,0.0,0.0,20.0,0.0,0.0,0.0,10.0,2.0,0.0,0.0,0.0,0.0,0,0.0,0.0,208.85534703187426,0.0,104.42767351593713,Prosumer
2023-05-27 03:00:00,user_004,3,0,5,True,0.0,0.0,0.0,0.0,20.0,0.0,0.0,0.0,10.0,2.0,0.0,0.0,0.0,0.0,0,0.0,0.0,208.85534703187426,0.0,104.42767351593713,Prosumer
2023-05-27 04:00:00,user_004,4,0,5,True,0.0,0.0,0.0,0.0,20.0,0.0,0.0,0.0,10.0,2.0,0.0,0.0,0.0,0.0,0,0.0,0.0,208.85534703187426,0.0,104.42767351593713,Prosumer
2023-05-27 05:00:00,user_004,5,0,5,True,0.0,0.0,0.0,0.0,20.0,0.0,0.0,0.0,10.0,2.0,0.0,0.0,0.0,0.0,0,0.0,0.0,208.85534703187426,0.0,104.42767351593713,Prosumer
2023-05-27 06:00:00,user_004,6,0,5,True,0.0,0.0,0.0,0.0,20.0,0.0,0.0,0.0,10.0,2.0,0.0,0.0,0.0,0.0,0,0.0,0.0,208.85534703187426,0.0,104.42767351593713,Prosumer
2023-05-27 07:00:00,user_004,7,0,5,True,0.0,0.0,0.0,0.0,20.0,0.0,0.0,0.0,10.0,2.0,0.0,0.0,0.0,0.0,0,0.0,0.0,208.85534703187426,0.0,104.42767351593713,Prosumer
2023-05-27 08:00:00,user_004,8,0,5,True,0.0,0.0,0.0,0.0,20.0,0.0,0.0,0.0,10.0,2.0,0.0,0.0,0.0,0.0,0,0.0,0.0,208.85534703187426,0.0,104.42767351593713,Prosumer
2023-05-27 09:00:00,user_004,9,0,5,True,0.0,0.0,0.0,0.0,20.0,0.0,0.0,0.0,10.0,2.0,0.0,0.0,0.0,0.0,0,0.0,0.0,208.85534703187426,0.0,104.42767351593713,Prosumer
2023-05-27 10:00:00,user_004,10,0,5,True,0.0,0.0,0.0,0.0,20.0,0.0,0.0,0.0,10.0,2.0,0.0,0.0,0.0,0.0,0,0.0,0.0,208.85534703187426,0.0,104.42767351593713,Prosumer
2023-05-27 11:00:00,user_004,11,0,5,True,0.0,0.0,0.0,0.0,20.0,0.0,0.0,0.0,10.0,2.0,0.0,0.0,0.0,0.0,0,0.0,0.0,208.85534703187426,0.0,104.42767351593713,Prosumer
2023-05-27 12:00:00,user_004,12,0,5,True,0.0,0.0,0.0,0.0,20.0,0.0,0.0,0.0,10.0,2.0,0.0,0.0,0.0,0.0,0,0.0,0.0,208.85534703187426,0.0,104.42767351593713,Prosumer
2023-05-27 13:00:00,user_004,13,0,5,True,0.0,0.0,0.0,0.0,20.0,0.0,0.0,0.0,10.0,2.0,0.0,0.0,0.0,0.0,0,0.0,0.0,208.85534703187426,0.0,104.42767351593713,Prosumer
2023-05-27 14:00:00,user_004,14,0,5,True,0.0,0.0,0.0,0.0,20.0,0.0,0.0,0.0,10.0,2.0,0.0,0.0,0.0,0.0,0,0.0,0.0,208.85534703187426,0.0,104.42767351593713,Prosumer
2023-05-27 15:00:00,user_004,15,0,5,True,0.0,0.0,0.0,0.0,20.0,0.0,0.0,0.0,10.0,2.0,0.0,0.0,0.0,0.0,0,0.0,0.0,208.85534703187426,0.0,104.42767351593713,Prosumer
2023-05-27 16:00:00,user_004,16,0,5,True,0.0,0.0,0.0,0.0,20.0,0.0,0.0,0.0,10.0,2.0,0.0,0.0,0.0,0.0,0,0.0,0.0,208.85534703187426,0.0,104.42767351593713,Prosumer
2023-05-27 17:00:00,user_004,17,0,5,True,0.0,0.0,0.0,0.0,20.0,0.0,0.0,0.0,10.0,2.0,0.0,0.0,0.0,0.0,0,0.0,0.0,208.85534703187426,0.0,104.42767351593713,Prosumer
2023-05-27 18:00:00,user_004,18,0,5,True,0.0,0.0,0.0,0.0,20.0,0.0,0.0,0.0,10.0,2.0,0.0,0.0,0.0,0.0,0,0.0,0.0,208.85534703187426,0.0,104.42767351593713,Prosumer
2023-05-27 19:00:00,user_004,19,0,5,True,0.0,0.0,0.0,0.0,20.0,0.0,0.0,0.0,10.0,2.0,0.0,0.0,0.0,0.0,0,0.0,0.0,208.85534703187426,0.0,104.42767351593713,Prosumer
2023-05-27 20:00:00,user_004,20,0,5,True,0.0,0.0,0.0,0.0,20.0,0.0,0.0,0.0,10.0,2.0,0.0,0.0,0.0,0.0,0,0.0,0.0,208.85534703187426,0.0,104.42767351593713,Prosumer
2023-05-27 21:00:00,user_004,21,0,5,True,0.0,0.0,0.0,0.0,20.0,0.0,0.0,0.0,10.0,2.0,0.0,0.0,0.0,0.0,0,0.0,0.0,208.85534703187426,0.0,104.42767351593713,Prosumer
2023-05-27 22:00:00,user_004,22,0,5,True,0.0,0.0,0.0,0.0,20.0,0.0,0.0,0.0,10.0,2.0,0.0,0.0,0.0,0.0,0,0.0,0.0,208.85534703187426,0.0,104.42767351593713,Prosumer
2023-05-27 23:00:00,user_004,23,0,5,True,0.0,0.0,0.0,0.0,20.0,0.0,0.0,0.0,10.0,2.0,0.0,0.0,0.0,0.0,0,0.0,0.0,208.85534703187426,0.0,104.42767351593713,Prosumer
2023-05-28 00:00:00,user_004,0,0,6,True,0.0,0.0,0.0,0.0,20.0,0.0,0.0,0.0,10.0,2.0,0.0,0.0,0.0,0.0,0,0.0,0.0,208.85534703187426,0.0,104.42767351593713,Prosumer
2023-05-28 01:00:00,user_004,1,0,6,True,0.0,0.0,0.0,0.0,20.0,0.0,0.0,0.0,10.0,2.0,0.0,0.0,0.0,0.0,0,0.0,0.0,208.85534703187426,0.0,104.42767351593713,Prosumer
2023-05-28 02:00:00,user_004,2,0,6,True,0.0,0.0,0.0,0.0,20.0,0.0,0.0,0.0,10.0,2.0,0.0,0.0,0.0,0.0,0,0.0,0.0,208.85534703187426,0.0,104.42767351593713,Prosumer
2023-05-28 03:00:00,user_004,3,0,6,True,0.0,0.0,0.0,0.0,20.0,0.0,0.0,0.0,10.0,2.0,0.0,0.0,0.0,0.0,0,0.0,0.0,208.85534703187426,0.0,104.42767351593713,Prosumer
2023-05-28 04:00:00,user_004,4,0,6,True,0.0,0.0,0.0,0.0,20.0,0.0,0.0,0.0,10.0,2.0,0.0,0.0,0.0,0.0,0,0.0,0.0,208.85534703187426,0.0,104.42767351593713,Prosumer
2023-05-28 05:00:00,user_004,5,0,6,True,0.0,0.0,0.0,0.0,20.0,0.0,0.0,0.0,10.0,2.0,0.0,0.0,0.0,0.0,0,0.0,0.0,208.85534703187426,0.0,104.42767351593713,Prosumer
2023-05-28 06:00:00,user_004,6,0,6,True,0.0,0.0,0.0,0.0,20.0,0.0,0.0,0.0,10.0,2.0,0.0,0.0,0.0,0.0,0,0.0,0.0,208.85534703187426,0.0,104.42767351593713,Prosumer
2023-05-28 07:00:00,user_004,7,0,6,True,0.0,0.0,0.0,0.0,20.0,0.0,0.0,0.0,10.0,2.0,0.0,0.0,0.0,0.0,0,0.0,0.0,208.85534703187426,0.0,104.42767351593713,Prosumer
2023-05-28 08:00:00,user_004,8,0,6,True,0.0,0.0,0.0,0.0,20.0,0.0,0.0,0.0,10.0,2.0,0.0,0.0,0.0,0.0,0,0.0,0.0,208.85534703187426,0.0,104.42767351593713,Prosumer
2023-05-28 09:00:00,user_004,9,0,6,True,0.0,0.0,0.0,0.0,20.0,0.0,0.0,0.0,10.0,2.0,0.0,0.0,0.0,0.0,0,0.0,0.0,208.85534703187426,0.0,104.42767351593713,Prosumer
2023-05-28 10:00:00,user_004,10,0,6,True,0.0,0.0,0.0,0.0,20.0,0.0,0.0,0.0,10.0,2.0,0.0,0.0,0.0,0.0,0,0.0,0.0,208.85534703187426,0.0,104.42767351593713,Prosumer
2023-05-28 11:00:00,user_004,11,0,6,True,0.0,0.0,0.0,0.0,20.0,0.0,0.0,0.0,10.0,2.0,0.0,0.0,0.0,0.0,0,0.0,0.0,208.85534703187426,0.0,104.42767351593713,Prosumer
2023-05-28 12:00:00,user_004,12,0,6,True,0.0,0.0,0.0,0.0,20.0,0.0,0.0,0.0,10.0,2.0,0.0,0.0,0.0,0.0,0,0.0,0.0,208.85534703187426,0.0,104.42767351593713,Prosumer
2023-05-28 13:00:00,user_004,13,0,6,True,0.0,0.0,0.0,0.0,20.0,0.0,0.0,0.0,10.0,2.0,0.0,0.0,0.0,0.0,0,0.0,0.0,208.85534703187426,0.0,104.42767351593713,Prosumer
2023-05-28 14:00:00,user_004,14,0,6,True,0.0,0.0,0.0,0.0,20.0,0.0,0.0,0.0,10.0,2.0,0.0,0.0,0.0,0.0,0,0.0,0.0,208.85534703187426,0.0,104.42767351593713,Prosumer
2023-05-28 15:00:00,user_004,15,0,6,True,0.0,0.0,0.0,0.0,20.0,0.0,0.0,0.0,10.0,2.0,0.0,0.0,0.0,0.0,0,0.0,0.0,208.85534703187426,0.0,104.42767351593713,Prosumer
2023-05-28 16:00:00,user_004,16,0,6,True,0.0,0.0,0.0,0.0,20.0,0.0,0.0,0.0,10.0,2.0,0.0,0.0,0.0,0.0,0,0.0,0.0,208.85534703187426,0.0,104.42767351593713,Prosumer
2023-05-28 17:00:00,user_004,17,0,6,True,0.0,0.0,0.0,0.0,20.0,0.0,0.0,0.0,10.0,2.0,0.0,0.0,0.0,0.0,0,0.0,0.0,208.85534703187426,0.0,104.42767351593713,Prosumer
2023-05-28 18:00:00,user_004,18,0,6,True,0.0,0.0,0.0,0.0,20.0,0.0,0.0,0.0,10.0,2.0,0.0,0.0,0.0,0.0,0,0.0,0.0,208.85534703187426,0.0,104.42767351593713,Prosumer
2023-05-28 19:00:00,user_004,19,0,6,True,0.0,0.0,0.0,0.0,20.0,0.0,0.0,0.0,10.0,2.0,0.0,0.0,0.0,0.0,0,0.0,0.0,208.85534703187426,0.0,104.42767351593713,Prosumer
2023-05-28 20:00:00,user_004,20,0,6,True,0.0,0.0,0.0,0.0,20.0,0.0,0.0,0.0,10.0,2.0,0.0,0.0,0.0,0.0,0,0.0,0.0,208.85534703187426,0.0,104.42767351593713,Prosumer
2023-05-28 21:00:00,user_004,21,0,6,True,0.0,0.0,0.0,0.0,20.0,0.0,0.0,0.0,10.0,2.0,0.0,0.0,0.0,0.0,0,0.0,0.0,208.85534703187426,0.0,104.42767351593713,Prosumer
2023-05-28 22:00:00,user_004,22,0,6,True,0.0,0.0,0.0,0.0,20.0,0.0,0.0,0.0,10.0,2.0,0.0,0.0,0.0,0.0,0,0.0,0.0,208.85534703187426,0.0,104.42767351593713,Prosumer
2023-05-28 23:00:00,user_004,23,0,6,True,0.0,0.0,0.0,0.0,20.0,0.0,0.0,0.0,10.0,2.0,0.0,0.0,0.0,0.0,0,0.0,0.0,208.85534703187426,0.0,104.42767351593713,Prosumer
2023-05-29 00:00:00,user_004,0,0,0,False,0.0,0.0,0.0,0.0,20.0,0.0,0.0,0.0,10.0,2.0,0.0,0.0,0.0,0.0,0,0.0,0.0,208.85534703187426,0.0,104.42767351593713,Prosumer
2023-05-29 01:00:00,user_004,1,0,0,False,0.0,0.0,0.0,0.0,20.0,0.0,0.0,0.0,10.0,2.0,0.0,0.0,0.0,0.0,0,0.0,0.0,208.85534703187426,0.0,104.42767351593713,Prosumer
2023-05-29 02:00:00,user_004,2,0,0,False,0.0,0.0,0.0,0.0,20.0,0.0,0.0,0.0,10.0,2.0,0.0,0.0,0.0,0.0,0,0.0,0.0,208.85534703187426,0.0,104.42767351593713,Prosumer
2023-05-29 03:00:00,user_004,3,0,0,False,0.0,0.0,0.0,0.0,20.0,0.0,0.0,0.0,10.0,2.0,0.0,0.0,0.0,0.0,0,0.0,0.0,208.85534703187426,0.0,104.42767351593713,Prosumer
2023-05-29 04:00:00,user_004,4,0,0,False,0.0,0.0,0.0,0.0,20.0,0.0,0.0,0.0,10.0,2.0,0.0,0.0,0.0,0.0,0,0.0,0.0,208.85534703187426,0.0,104.42767351593713,Prosumer
2023-05-29 05:00:00,user_004,5,0,0,False,0.0,0.0,0.0,0.0,20.0,0.0,0.0,0.0,10.0,2.0,0.0,0.0,0.0,0.0,0,0.0,0.0,208.85534703187426,0.0,104.42767351593713,Prosumer
2023-05-29 06:00:00,user_004,6,0,0,False,0.0,0.0,0.0,0.0,20.0,0.0,0.0,0.0,10.0,2.0,0.0,0.0,0.0,0.0,0,0.0,0.0,208.85534703187426,0.0,104.42767351593713,Prosumer
2023-05-29 07:00:00,user_004,7,0,0,False,0.0,0.0,0.0,0.0,20.0,0.0,0.0,0.0,10.0,2.0,0.0,0.0,0.0,0.0,0,0.0,0.0,208.85534703187426,0.0,104.42767351593713,Prosumer
2023-05-29 08:00:00,user_004,8,0,0,False,0.0,0.0,0.0,0.0,20.0,0.0,0.0,0.0,10.0,2.0,0.0,0.0,0.0,0.0,0,0.0,0.0,208.85534703187426,0.0,104.42767351593713,Prosumer
2023-05-29 09:00:00,user_004,9,0,0,False,0.0,0.0,0.0,0.0,20.0,0.0,0.0,0.0,10.0,2.0,0.0,0.0,0.0,0.0,0,0.0,0.0,208.85534703187426,0.0,104.42767351593713,Prosumer
2023-05-29 10:00:00,user_004,10,0,0,False,0.0,0.0,0.0,0.0,20.0,0.0,0.0,0.0,10.0,2.0,0.0,0.0,0.0,0.0,0,0.0,0.0,208.85534703187426,0.0,104.42767351593713,Prosumer
2023-05-29 11:00:00,user_004,11,0,0,False,0.0,0.0,0.0,0.0,20.0,0.0,0.0,0.0,10.0,2.0,0.0,0.0,0.0,0.0,0,0.0,0.0,208.85534703187426,0.0,104.42767351593713,Prosumer
2023-05-29 12:00:00,user_004,12,0,0,False,0.0,0.0,0.0,0.0,20.0,0.0,0.0,0.0,10.0,2.0,0.0,0.0,0.0,0.0,0,0.0,0.0,208.85534703187426,0.0,104.42767351593713,Prosumer
2023-05-29 13:00:00,user_004,13,0,0,False,0.0,0.0,0.0,0.0,20.0,0.0,0.0,0.0,10.0,2.0,0.0,0.0,0.0,0.0,0,0.0,0.0,208.85534703187426,0.0,104.42767351593713,Prosumer
2023-05-29 14:00:00,user_004,14,0,0,False,0.0,0.0,0.0,0.0,20.0,0.0,0.0,0.0,10.0,2.0,0.0,0.0,0.0,0.0,0,0.0,0.0,208.85534703187426,0.0,104.42767351593713,Prosumer
2023-05-29 15:00:00,user_004,15,0,0,False,0.0,0.0,0.0,0.0,20.0,0.0,0.0,0.0,10.0,2.0,0.0,0.0,0.0,0.0,0,0.0,0.0,208.85534703187426,0.0,104.42767351593713,Prosumer
2023-05-29 16:00:00,user_004,16,0,0,False,0.0,0.0,0.0,0.0,20.0,0.0,0.0,0.0,10.0,2.0,0.0,0.0,0.0,0.0,0,0.0,0.0,208.85534703187426,0.0,104.42767351593713,Prosumer
2023-05-29 17:00:00,user_004,17,0,0,False,0.0,0.0,0.0,0.0,20.0,0.0,0.0,0.0,10.0,2.0,0.0,0.0,0.0,0.0,0,0.0,0.0,208.85534703187426,0.0,104.42767351593713,Prosumer
2023-05-29 18:00:00,user_004,18,0,0,False,0.0,0.0,0.0,0.0,20.0,0.0,0.0,0.0,10.0,2.0,0.0,0.0,0.0,0.0,0,0.0,0.0,208.85534703187426,0.0,104.42767351593713,Prosumer
2023-05-29 19:00:00,user_004,19,0,0,False,0.0,0.0,0.0,0.0,20.0,0.0,0.0,0.0,10.0,2.0,0.0,0.0,0.0,0.0,0,0.0,0.0,208.85534703187426,0.0,104.42767351593713,Prosumer
2023-05-29 20:00:00,user_004,20,0,0,False,0.0,0.0,0.0,0.0,20.0,0.0,0.0,0.0,10.0,2.0,0.0,0.0,0.0,0.0,0,0.0,0.0,208.85534703187426,0.0,104.42767351593713,Prosumer
2023-05-29 21:00:00,user_004,21,0,0,False,0.0,0.0,0.0,0.0,20.0,0.0,0.0,0.0,10.0,2.0,0.0,0.0,0.0,0.0,0,0.0,0.0,208.85534703187426,0.0,104.42767351593713,Prosumer
2023-05-29 22:00:00,user_004,22,0,0,False,0.0,0.0,0.0,0.0,20.0,0.0,0.0,0.0,10.0,2.0,0.0,0.0,0.0,0.0,0,0.0,0.0,208.85534703187426,0.0,104.42767351593713,Prosumer
2023-05-29 23:00:00,user_004,23,0,0,False,0.0,0.0,0.0,0.0,20.0,0.0,0.0,0.0,10.0,2.0,0.0,0.0,0.0,0.0,0,0.0,0.0,208.85534703187426,0.0,104.42767351593713,Prosumer
2023-05-30 00:00:00,user_004,0,0,1,False,0.0,0.0,0.0,0.0,20.0,0.0,0.0,0.0,10.0,2.0,0.0,0.0,0.0,0.0,0,0.0,0.0,208.85534703187426,0.0,104.42767351593713,Prosumer
2023-05-30 01:00:00,user_004,1,0,1,False,0.0,0.0,0.0,0.0,20.0,0.0,0.0,0.0,10.0,2.0,0.0,0.0,0.0,0.0,0,0.0,0.0,208.85534703187426,0.0,104.42767351593713,Prosumer
2023-05-30 02:00:00,user_004,2,0,1,False,0.0,0.0,0.0,0.0,20.0,0.0,0.0,0.0,10.0,2.0,0.0,0.0,0.0,0.0,0,0.0,0.0,208.85534703187426,0.0,104.42767351593713,Prosumer
2023-05-30 03:00:00,user_004,3,0,1,False,0.0,0.0,0.0,0.0,20.0,0.0,0.0,0.0,10.0,2.0,0.0,0.0,0.0,0.0,0,0.0,0.0,208.85534703187426,0.0,104.42767351593713,Prosumer
2023-05-30 04:00:00,user_004,4,0,1,False,0.0,0.0,0.0,0.0,20.0,0.0,0.0,0.0,10.0,2.0,0.0,0.0,0.0,0.0,0,0.0,0.0,208.85534703187426,0.0,104.42767351593713,Prosumer
2023-05-30 05:00:00,user_004,5,0,1,False,0.0,0.0,0.0,0.0,20.0,0.0,0.0,0.0,10.0,2.0,0.0,0.0,0.0,0.0,0,0.0,0.0,208.85534703187426,0.0,104.42767351593713,Prosumer
2023-05-30 06:00:00,user_004,6,0,1,False,0.0,0.0,0.0,0.0,20.0,0.0,0.0,0.0,10.0,2.0,0.0,0.0,0.0,0.0,0,0.0,0.0,208.85534703187426,0.0,104.42767351593713,Prosumer
2023-05-30 07:00:00,user_004,7,0,1,False,0.0,0.0,0.0,0.0,20.0,0.0,0.0,0.0,10.0,2.0,0.0,0.0,0.0,0.0,0,0.0,0.0,208.85534703187426,0.0,104.42767351593713,Prosumer
2023-05-30 08:00:00,user_004,8,0,1,False,0.0,0.0,0.0,0.0,20.0,0.0,0.0,0.0,10.0,2.0,0.0,0.0,0.0,0.0,0,0.0,0.0,208.85534703187426,0.0,104.42767351593713,Prosumer
2023-05-30 09:00:00,user_004,9,0,1,False,0.0,0.0,0.0,0.0,20.0,0.0,0.0,0.0,10.0,2.0,0.0,0.0,0.0,0.0,0,0.0,0.0,208.85534703187426,0.0,104.42767351593713,Prosumer
2023-05-30 10:00:00,user_004,10,0,1,False,0.0,0.0,0.0,0.0,20.0,0.0,0.0,0.0,10.0,2.0,0.0,0.0,0.0,0.0,0,0.0,0.0,208.85534703187426,0.0,104.42767351593713,Prosumer
2023-05-30 11:00:00,user_004,11,0,1,False,0.0,0.0,0.0,0.0,20.0,0.0,0.0,0.0,10.0,2.0,0.0,0.0,0.0,0.0,0,0.0,0.0,208.85534703187426,0.0,104.42767351593713,Prosumer
2023-05-30 12:00:00,user_004,12,0,1,False,0.0,0.0,0.0,0.0,20.0,0.0,0.0,0.0,10.0,2.0,0.0,0.0,0.0,0.0,0,0.0,0.0,208.85534703187426,0.0,104.42767351593713,Prosumer
2023-05-30 13:00:00,user_004,13,0,1,False,0.0,0.0,0.0,0.0,20.0,0.0,0.0,0.0,10.0,2.0,0.0,0.0,0.0,0.0,0,0.0,0.0,208.85534703187426,0.0,104.42767351593713,Prosumer
2023-05-30 14:00:00,user_004,14,0,1,False,0.0,0.0,0.0,0.0,20.0,0.0,0.0,0.0,10.0,2.0,0.0,0.0,0.0,0.0,0,0.0,0.0,208.85534703187426,0.0,104.42767351593713,Prosumer
2023-05-30 15:00:00,user_004,15,0,1,False,0.0,0.0,0.0,0.0,20.0,0.0,0.0,0.0,10.0,2.0,0.0,0.0,0.0,0.0,0,0.0,0.0,208.85534703187426,0.0,104.42767351593713,Prosumer
2023-05-30 16:00:00,user_004,16,0,1,False,0.0,0.0,0.0,0.0,20.0,0.0,0.0,0.0,10.0,2.0,0.0,0.0,0.0,0.0,0,0.0,0.0,208.85534703187426,0.0,104.42767351593713,Prosumer
2023-05-30 17:00:00,user_004,17,0,1,False,0.0,0.0,0.0,0.0,20.0,0.0,0.0,0.0,10.0,2.0,0.0,0.0,0.0,0.0,0,0.0,0.0,208.85534703187426,0.0,104.42767351593713,Prosumer
2023-05-30 18:00:00,user_004,18,0,1,False,0.0,0.0,0.0,0.0,20.0,0.0,0.0,0.0,10.0,2.0,0.0,0.0,0.0,0.0,0,0.0,0.0,208.85534703187426,0.0,104.42767351593713,Prosumer
2023-05-30 19:00:00,user_004,19,0,1,False,0.0,0.0,0.0,0.0,20.0,0.0,0.0,0.0,10.0,2.0,0.0,0.0,0.0,0.0,0,0.0,0.0,208.85534703187426,0.0,104.42767351593713,Prosumer
2023-05-30 20:00:00,user_004,20,0,1,False,0.0,0.0,0.0,0.0,20.0,0.0,0.0,0.0,10.0,2.0,0.0,0.0,0.0,0.0,0,0.0,0.0,208.85534703187426,0.0,104.42767351593713,Prosumer
2023-05-30 21:00:00,user_004,21,0,1,False,0.0,0.0,0.0,0.0,20.0,0.0,0.0,0.0,10.0,2.0,0.0,0.0,0.0,0.0,0,0.0,0.0,208.85534703187426,0.0,104.42767351593713,Prosumer
2023-05-30 22:00:00,user_004,22,0,1,False,0.0,0.0,0.0,0.0,20.0,0.0,0.0,0.0,10.0,2.0,0.0,0.0,0.0,0.0,0,0.0,0.0,208.85534703187426,0.0,104.42767351593713,Prosumer
2023-05-30 23:00:00,user_004,23,0,1,False,0.0,0.0,0.0,0.0,20.0,0.0,0.0,0.0,10.0,2.0,0.0,0.0,0.0,0.0,0,0.0,0.0,208.85534703187426,0.0,104.42767351593713,Prosumer
2023-05-31 00:00:00,user_004,0,0,2,False,0.0,0.0,0.0,0.0,20.0,0.0,0.0,0.0,10.0,2.0,0.0,0.0,0.0,0.0,0,0.0,0.0,208.85534703187426,0.0,104.42767351593713,Prosumer
2023-05-31 01:00:00,user_004,1,0,2,False,0.0,0.0,0.0,0.0,20.0,0.0,0.0,0.0,10.0,2.0,0.0,0.0,0.0,0.0,0,0.0,0.0,208.85534703187426,0.0,104.42767351593713,Prosumer
2023-05-31 02:00:00,user_004,2,0,2,False,0.0,0.0,0.0,0.0,20.0,0.0,0.0,0.0,10.0,2.0,0.0,0.0,0.0,0.0,0,0.0,0.0,208.85534703187426,0.0,104.42767351593713,Prosumer
2023-05-31 03:00:00,user_004,3,0,2,False,0.0,0.0,0.0,0.0,20.0,0.0,0.0,0.0,10.0,2.0,0.0,0.0,0.0,0.0,0,0.0,0.0,208.85534703187426,0.0,104.42767351593713,Prosumer
2023-05-31 04:00:00,user_004,4,0,2,False,0.0,0.0,0.0,0.0,20.0,0.0,0.0,0.0,10.0,2.0,0.0,0.0,0.0,0.0,0,0.0,0.0,208.85534703187426,0.0,104.42767351593713,Prosumer
2023-05-31 05:00:00,user_004,5,0,2,False,0.0,0.0,0.0,0.0,20.0,0.0,0.0,0.0,10.0,2.0,0.0,0.0,0.0,0.0,0,0.0,0.0,208.85534703187426,0.0,104.42767351593713,Prosumer
2023-05-31 06:00:00,user_004,6,0,2,False,0.0,0.0,0.0,0.0,20.0,0.0,0.0,0.0,10.0,2.0,0.0,0.0,0.0,0.0,0,0.0,0.0,208.85534703187426,0.0,104.42767351593713,Prosumer
2023-05-31 07:00:00,user_004,7,0,2,False,0.0,0.0,0.0,0.0,20.0,0.0,0.0,0.0,10.0,2.0,0.0,0.0,0.0,0.0,0,0.0,0.0,208.85534703187426,0.0,104.42767351593713,Prosumer
2023-05-31 08:00:00,user_004,8,0,2,False,0.0,0.0,0.0,0.0,20.0,0.0,0.0,0.0,10.0,2.0,0.0,0.0,0.0,0.0,0,0.0,0.0,208.85534703187426,0.0,104.42767351593713,Prosumer
2023-05-31 09:00:00,user_004,9,0,2,False,0.0,0.0,0.0,0.0,20.0,0.0,0.0,0.0,10.0,2.0,0.0,0.0,0.0,0.0,0,0.0,0.0,208.85534703187426,0.0,104.42767351593713,Prosumer
2023-05-31 10:00:00,user_004,10,0,2,False,0.0,0.0,0.0,0.0,20.0,0.0,0.0,0.0,10.0,2.0,0.0,0.0,0.0,0.0,0,0.0,0.0,208.85534703187426,0.0,104.42767351593713,Prosumer
2023-05-31 11:00:00,user_004,11,0,2,False,0.0,0.0,0.0,0.0,20.0,0.0,0.0,0.0,10.0,2.0,0.0,0.0,0.0,0.0,0,0.0,0.0,208.85534703187426,0.0,104.42767351593713,Prosumer
2023-05-31 12:00:00,user_004,12,0,2,False,0.0,0.0,0.0,0.0,20.0,0.0,0.0,0.0,10.0,2.0,0.0,0.0,0.0,0.0,0,0.0,0.0,208.85534703187426,0.0,104.42767351593713,Prosumer
2023-05-31 13:00:00,user_004,13,0,2,False,0.0,0.0,0.0,0.0,20.0,0.0,0.0,0.0,10.0,2.0,0.0,0.0,0.0,0.0,0,0.0,0.0,208.85534703187426,0.0,104.42767351593713,Prosumer
2023-05-31 14:00:00,user_004,14,0,2,False,0.0,0.0,0.0,0.0,20.0,0.0,0.0,0.0,10.0,2.0,0.0,0.0,0.0,0.0,0,0.0,0.0,208.85534703187426,0.0,104.42767351593713,Prosumer
2023-05-31 15:00:00,user_004,15,0,2,False,0.0,0.0,0.0,0.0,20.0,0.0,0.0,0.0,10.0,2.0,0.0,0.0,0.0,0.0,0,0.0,0.0,208.85534703187426,0.0,104.42767351593713,Prosumer
2023-05-31 16:00:00,user_004,16,0,2,False,0.0,0.0,0.0,0.0,20.0,0.0,0.0,0.0,10.0,2.0,0.0,0.0,0.0,0.0,0,0.0,0.0,208.85534703187426,0.0,104.42767351593713,Prosumer
2023-05-31 17:00:00,user_004,17,0,2,False,0.0,0.0,0.0,0.0,20.0,0.0,0.0,0.0,10.0,2.0,0.0,0.0,0.0,0.0,0,0.0,0.0,208.85534703187426,0.0,104.42767351593713,Prosumer
2023-05-31 18:00:00,user_004,18,0,2,False,0.0,0.0,0.0,0.0,20.0,0.0,0.0,0.0,10.0,2.0,0.0,0.0,0.0,0.0,0,0.0,0.0,208.85534703187426,0.0,104.42767351593713,Prosumer
2023-05-31 19:00:00,user_004,19,0,2,False,0.0,0.0,0.0,0.0,20.0,0.0,0.0,0.0,10.0,2.0,0.0,0.0,0.0,0.0,0,0.0,0.0,208.85534703187426,0.0,104.42767351593713,Prosumer
2023-05-31 20:00:00,user_004,20,0,2,False,0.0,0.0,0.0,0.0,20.0,0.0,0.0,0.0,10.0,2.0,0.0,0.0,0.0,0.0,0,0.0,0.0,208.85534703187426,0.0,104.42767351593713,Prosumer
2023-05-31 21:00:00,user_004,21,0,2,False,0.0,0.0,0.0,0.0,20.0,0.0,0.0,0.0,10.0,2.0,0.0,0.0,0.0,0.0,0,0.0,0.0,208.85534703187426,0.0,104.42767351593713,Prosumer
2023-05-31 22:00:00,user_004,22,0,2,False,0.0,0.0,0.0,0.0,20.0,0.0,0.0,0.0,10.0,2.0,0.0,0.0,0.0,0.0,0,0.0,0.0,208.85534703187426,0.0,104.42767351593713,Prosumer
2023-05-31 23:00:00,user_004,23,0,2,False,0.0,0.0,0.0,0.0,20.0,0.0,0.0,0.0,10.0,2.0,0.0,0.0,0.0,0.0,0,0.0,0.0,208.85534703187426,0.0,104.42767351593713,Prosumer
2023-05-01 00:00:00,user_005,0,0,0,False,0.0,0.0,0.0,0.0,5.0,0.0,0.033,0.033,80.18,4.009,0.033,0.033,0.033,0.033,0,0.0,0.0,0.0,0.0,0.0,Prosumer
2023-05-01 01:00:00,user_005,1,0,0,False,0.0,0.0,0.0,0.0,5.0,0.0,0.033,0.033,79.52,3.976,0.033,0.033,0.033,0.033,0,0.0,0.0,0.0,0.0,0.0,Prosumer
2023-05-01 02:00:00,user_005,2,0,0,False,0.0,0.0,0.0,0.0,5.0,0.0,0.033,0.033,78.85,3.942,0.033,0.033,0.033,0.033,0,0.0,0.0,0.0,0.0,0.0,Prosumer
2023-05-01 03:00:00,user_005,3,0,0,False,0.0,0.0,0.0,0.0,5.0,0.0,0.033,0.033,78.18,3.909,0.033,0.033,0.033,0.033,0,0.0,0.0,0.0,0.0,0.0,Prosumer
2023-05-01 04:00:00,user_005,4,0,0,False,0.0,0.0,0.0,0.0,5.0,0.0,0.033,0.033,77.52,3.876,0.033,0.033,0.033,0.033,0,0.0,0.0,0.0,0.0,0.0,Prosumer
2023-05-01 05:00:00,user_005,5,0,0,False,0.06020669008535126,0.06062190863766403,0.0,0.0,5.0,0.025,0.0,-0.025,78.02,3.901,0.03520669008535126,0.03520669008535126,0.03520669008535126,0.03520669008535126,0,0.0,0.030310954318832014,0.06062190863766403,0.0,0.030310954318832014,Prosumer
2023-05-01 06:00:00,user_005,6,0,0,False,1.7459940124751865,1.7459940124751865,0.0,0.0,5.0,0.849,0.0,-0.849,95.0,4.75,0.8969940124751865,0.8969940124751865,0.8969940124751865,0.8969940124751865,0,0.0,0.8729970062375932,1.8066159211128505,0.0,0.9033079605564253,Prosumer
2023-05-01 07:00:00,user_005,7,0,0,False,8.15489236742275,8.154788562784672,0.0,0.0,5.0,0.0,0.0,0.0,95.0,4.75,8.15489236742275,8.15489236742275,8.15489236742275,8.15489236742275,0,0.0,4.077394281392336,9.961404483897523,0.0,4.980702241948761,Prosumer
2023-05-01 08:00:00,user_005,8,0,0,False,11.913658312234077,11.91345070295792,0.0,0.0,5.0,0.0,0.0,0.0,95.0,4.75,11.913658312234077,11.913658312234077,11.913658312234077,11.913658312234077,0,0.0,5.95672535147896,21.87485518685544,0.0,10.93742759342772,Prosumer
2023-05-01 09:00:00,user_005,9,0,0,False,14.15583849472302,14.155527080808785,0.0,0.0,5.0,0.0,0.0,0.0,95.0,4.75,14.15583849472302,14.15583849472302,14.15583849472302,14.15583849472302,0,0.0,7.077763540404392,36.03038226766422,0.0,18.01519113383211,Prosumer
2023-05-01 10:00:00,user_005,10,0,0,False,17.27309177621112,17.27309177621112,0.0,0.0,5.0,0.0,0.0,0.0,95.0,4.75,17.27309177621112,17.27309177621112,17.27309177621112,17.27309177621112,0,0.0,8.63654588810556,53.30347404387534,0.0,26.65173702193767,Prosumer
2023-05-01 11:00:00,user_005,11,0,0,False,18.072387489413195,18.072491294051275,0.0,0.0,5.0,0.0,0.0,0.0,95.0,4.75,18.072387489413195,18.072387489413195,18.072387489413195,18.072387489413195,0,0.0,9.036245647025638,71.37596533792662,0.0,35.68798266896331,Prosumer
2023-05-01 12:00:00,user_005,12,0,0,False,17.86166407411447,17.861871683390625,0.0,0.0,5.0,0.0,0.0,0.0,95.0,4.75,17.86166407411447,17.86166407411447,17.86166407411447,17.86166407411447,0,0.0,8.930935841695312,89.23783702131723,0.0,44.61891851065862,Prosumer
2023-05-01 13:00:00,user_005,13,0,0,False,17.145412071374942,17.145412071374942,0.0,0.0,5.0,0.0,0.0,0.0,95.0,4.75,17.145412071374942,17.145412071374942,17.145412071374942,17.145412071374942,0,0.0,8.572706035687471,106.38324909269218,0.0,53.19162454634609,Prosumer
2023-05-01 14:00:00,user_005,14,0,0,False,13.968990146182275,13.968886341544195,0.0,0.0,5.0,0.0,0.0,0.0,95.0,4.75,13.968990146182275,13.968990146182275,13.968990146182275,13.968990146182275,0,0.0,6.9844431707720975,120.35213543423637,0.0,60.17606771711819,Prosumer
2023-05-01 15:00:00,user_005,15,0,0,False,8.829622514930996,8.829726319569074,0.0,0.0,5.0,0.0,0.0,0.0,95.0,4.75,8.829622514930996,8.829622514930996,8.829622514930996,8.829622514930996,0,0.0,4.414863159784537,129.18186175380544,0.0,64.59093087690272,Prosumer
2023-05-01 16:00:00,user_005,16,0,0,False,7.242449598715444,7.242657207991599,0.0,0.0,5.0,0.0,0.0,0.0,95.0,4.75,7.242449598715444,7.242449598715444,7.242449598715444,7.242449598715444,0,0.0,3.6213286039957997,136.42451896179705,0.0,68.21225948089852,Prosumer
2023-05-01 17:00:00,user_005,17,0,0,False,3.622781868928895,3.622366650376582,0.0,0.0,5.0,0.0,0.0,0.0,95.0,4.75,3.622781868928895,3.622781868928895,3.622781868928895,3.622781868928895,0,0.0,1.811183325188291,140.04688561217364,0.0,70.02344280608682,Prosumer
2023-05-01 18:00:00,user_005,18,0,0,False,0.20034295149091022,0.20075817004322297,0.0,0.0,5.0,0.0,0.0,0.0,95.0,4.75,0.20034295149091022,0.20034295149091022,0.20034295149091022,0.20034295149091022,0,0.0,0.10037908502161148,140.24764378221687,0.0,70.12382189110843,Prosumer
2023-05-01 19:00:00,user_005,19,0,0,False,0.0,0.0,0.0,0.0,5.0,0.0,0.06,0.06,93.81,4.69,0.06,0.06,0.06,0.06,0,0.0,0.0,140.24764378221687,0.0,70.12382189110843,Prosumer
2023-05-01 20:00:00,user_005,20,0,0,False,0.0,0.0,0.0,0.0,5.0,0.0,0.057,0.057,92.66,4.633,0.057,0.057,0.057,0.057,0,0.0,0.0,140.24764378221687,0.0,70.12382189110843,Prosumer
2023-05-01 21:00:00,user_005,21,0,0,False,0.0,0.0,0.0,0.0,5.0,0.0,0.052,0.052,91.61,4.581,0.052,0.052,0.052,0.052,0,0.0,0.0,140.24764378221687,0.0,70.12382189110843,Prosumer
2023-05-01 22:00:00,user_005,22,0,0,False,0.0,0.0,0.0,0.0,5.0,0.0,0.034,0.034,90.93,4.547,0.034,0.034,0.034,0.034,0,0.0,0.0,140.24764378221687,0.0,70.12382189110843,Prosumer
2023-05-01 23:00:00,user_005,23,0,0,False,0.0,0.0,0.0,0.0,5.0,0.0,0.033,0.033,90.27,4.513,0.033,0.033,0.033,0.033,0,0.0,0.0,140.24764378221687,0.0,70.12382189110843,Prosumer
2023-05-02 00:00:00,user_005,0,0,1,False,0.0,0.0,0.0,0.0,5.0,0.0,0.033,0.033,89.6,4.48,0.033,0.033,0.033,0.033,0,0.0,0.0,140.24764378221687,0.0,70.12382189110843,Prosumer
2023-05-02 01:00:00,user_005,1,0,1,False,0.0,0.0,0.0,0.0,5.0,0.0,0.033,0.033,88.93,4.447,0.033,0.033,0.033,0.033,0,0.0,0.0,140.24764378221687,0.0,70.12382189110843,Prosumer
2023-05-02 02:00:00,user_005,2,0,1,False,0.0,0.0,0.0,0.0,5.0,0.0,0.033,0.033,88.27,4.413,0.033,0.033,0.033,0.033,0,0.0,0.0,140.24764378221687,0.0,70.12382189110843,Prosumer
2023-05-02 03:00:00,user_005,3,0,1,False,0.0,0.0,0.0,0.0,5.0,0.0,0.033,0.033,87.6,4.38,0.033,0.033,0.033,0.033,0,0.0,0.0,140.24764378221687,0.0,70.12382189110843,Prosumer
2023-05-02 04:00:00,user_005,4,0,1,False,0.0,0.0,0.0,0.0,5.0,0.0,0.033,0.033,86.93,4.347,0.033,0.033,0.033,0.033,0,0.0,0.0,140.24764378221687,0.0,70.12382189110843,Prosumer
2023-05-02 05:00:00,user_005,5,0,1,False,0.06643496837004277,0.06622735909388638,0.0,0.0,5.0,0.03,0.0,-0.03,87.54,4.377,0.03643496837004277,0.03643496837004277,0.03643496837004277,0.03643496837004277,0,0.0,0.03311367954694319,140.31387114131076,0.0,70.15693557065538,Prosumer
2023-05-02 06:00:00,user_005,6,0,1,False,2.562936514150556,2.5625212955982435,0.0,0.0,5.0,0.373,0.0,-0.373,95.0,4.75,2.1899365141505562,2.1899365141505562,2.1899365141505562,2.1899365141505562,0,0.0,1.2812606477991217,142.876392436909,0.0,71.4381962184545,Prosumer
2023-05-02 07:00:00,user_005,7,0,1,False,8.307485185397692,8.30758899003577,0.0,0.0,5.0,0.0,0.0,0.0,95.0,4.75,8.307485185397692,8.307485185397692,8.307485185397692,8.307485185397692,0,0.0,4.153794495017885,151.18398142694477,0.0,75.59199071347238,Prosumer
2023-05-02 08:00:00,user_005,8,0,1,False,11.66141304170407,11.661828260256383,0.0,0.0,5.0,0.0,0.0,0.0,95.0,4.75,11.66141304170407,11.66141304170407,11.66141304170407,11.66141304170407,0,0.0,5.830914130128192,162.84580968720115,0.0,81.42290484360058,Prosumer
2023-05-02 09:00:00,user_005,9,0,1,False,14.532649330946855,14.532649330946855,0.0,0.0,5.0,0.0,0.0,0.0,95.0,4.75,14.532649330946855,14.532649330946855,14.532649330946855,14.532649330946855,0,0.0,7.2663246654734275,177.37845901814802,0.0,88.68922950907401,Prosumer
2023-05-02 10:00:00,user_005,10,0,1,False,18.04228414437052,18.042491753646676,0.0,0.0,5.0,0.0,0.0,0.0,95.0,4.75,18.04228414437052,18.04228414437052,18.04228414437052,18.04228414437052,0,0.0,9.021245876823338,195.4209507717947,0.0,97.71047538589735,Prosumer
2023-05-02 11:00:00,user_005,11,0,1,False,19.5246143761271,19.524199157574785,0.0,0.0,5.0,0.0,0.0,0.0,95.0,4.75,19.5246143761271,19.5246143761271,19.5246143761271,19.5246143761271,0,0.0,9.762099578787392,214.9451499293695,0.0,107.47257496468475,Prosumer
2023-05-02 12:00:00,user_005,12,0,1,False,19.738451930568175,19.73824432129202,0.0,0.0,5.0,0.0,0.0,0.0,95.0,4.75,19.738451930568175,19.738451930568175,19.738451930568175,19.738451930568175,0,0.0,9.86912216064601,234.68339425066154,0.0,117.34169712533077,Prosumer
2023-05-02 13:00:00,user_005,13,0,1,False,17.913566393153566,17.913358783877406,0.0,0.0,5.0,0.0,0.0,0.0,95.0,4.75,17.913566393153566,17.913566393153566,17.913566393153566,17.913566393153566,0,0.0,8.956679391938703,252.59675303453895,0.0,126.29837651726947,Prosumer
2023-05-02 14:00:00,user_005,14,0,1,False,15.977609892995286,15.977713697633362,0.0,0.0,5.0,0.0,0.0,0.0,95.0,4.75,15.977609892995286,15.977609892995286,15.977609892995286,15.977609892995286,0,0.0,7.988856848816681,268.5744667321723,0.0,134.28723336608616,Prosumer
2023-05-02 15:00:00,user_005,15,0,1,False,12.491850146329606,12.49153873241537,0.0,0.0,5.0,0.0,0.0,0.0,95.0,4.75,12.491850146329606,12.491850146329606,12.491850146329606,12.491850146329606,0,0.0,6.245769366207685,281.0660054645877,0.0,140.53300273229385,Prosumer
2023-05-02 16:00:00,user_005,16,0,1,False,8.305409092636127,8.305512897274205,0.0,0.0,5.0,0.0,0.0,0.0,95.0,4.75,8.305409092636127,8.305409092636127,8.305409092636127,8.305409092636127,0,0.0,4.152756448637103,289.3715183618619,0.0,144.68575918093094,Prosumer
2023-05-02 17:00:00,user_005,17,0,1,False,2.896149402381552,2.895837988467317,0.0,0.0,5.0,0.0,0.0,0.0,95.0,4.75,2.896149402381552,2.896149402381552,2.896149402381552,2.896149402381552,0,0.0,1.4479189942336586,292.2673563503292,0.0,146.1336781751646,Prosumer
2023-05-02 18:00:00,user_005,18,0,1,False,0.0,0.0,0.0,0.0,5.0,0.0,0.064,0.064,93.71,4.686,0.064,0.064,0.064,0.064,0,0.0,0.0,292.2673563503292,0.0,146.1336781751646,Prosumer
2023-05-02 19:00:00,user_005,19,0,1,False,0.0,0.0,0.0,0.0,5.0,0.0,0.064,0.064,92.44,4.622,0.064,0.064,0.064,0.064,0,0.0,0.0,292.2673563503292,0.0,146.1336781751646,Prosumer
2023-05-02 20:00:00,user_005,20,0,1,False,0.0,0.0,0.0,0.0,5.0,0.0,0.054,0.054,91.37,4.568,0.054,0.054,0.054,0.054,0,0.0,0.0,292.2673563503292,0.0,146.1336781751646,Prosumer
2023-05-02 21:00:00,user_005,21,0,1,False,0.0,0.0,0.0,0.0,5.0,0.0,0.048,0.048,90.41,4.52,0.048,0.048,0.048,0.048,0,0.0,0.0,292.2673563503292,0.0,146.1336781751646,Prosumer
2023-05-02 22:00:00,user_005,22,0,1,False,0.0,0.0,0.0,0.0,5.0,0.0,0.033,0.033,89.74,4.487,0.033,0.033,0.033,0.033,0,0.0,0.0,292.2673563503292,0.0,146.1336781751646,Prosumer
2023-05-02 23:00:00,user_005,23,0,1,False,0.0,0.0,0.0,0.0,5.0,0.0,0.035,0.035,89.05,4.452,0.035,0.035,0.035,0.035,0,0.0,0.0,292.2673563503292,0.0,146.1336781751646,Prosumer
2023-05-03 00:00:00,user_005,0,0,2,False,0.0,0.0,0.0,0.0,5.0,0.0,0.033,0.033,88.38,4.419,0.033,0.033,0.033,0.033,0,0.0,0.0,292.2673563503292,0.0,146.1336781751646,Prosumer
2023-05-03 01:00:00,user_005,1,0,2,False,0.0,0.0,0.0,0.0,5.0,0.0,0.033,0.033,87.71,4.386,0.033,0.033,0.033,0.033,0,0.0,0.0,292.2673563503292,0.0,146.1336781751646,Prosumer
2023-05-03 02:00:00,user_005,2,0,2,False,0.0,0.0,0.0,0.0,5.0,0.0,0.033,0.033,87.05,4.352,0.033,0.033,0.033,0.033,0,0.0,0.0,292.2673563503292,0.0,146.1336781751646,Prosumer
2023-05-03 03:00:00,user_005,3,0,2,False,0.0,0.0,0.0,0.0,5.0,0.0,0.033,0.033,86.38,4.319,0.033,0.033,0.033,0.033,0,0.0,0.0,292.2673563503292,0.0,146.1336781751646,Prosumer
2023-05-03 04:00:00,user_005,4,0,2,False,0.0,0.0,0.0,0.0,5.0,0.0,0.033,0.033,85.71,4.286,0.033,0.033,0.033,0.033,0,0.0,0.0,292.2673563503292,0.0,146.1336781751646,Prosumer
2023-05-03 05:00:00,user_005,5,0,2,False,0.0,0.0,0.0,0.0,5.0,0.0,0.033,0.033,85.05,4.252,0.033,0.033,0.033,0.033,0,0.0,0.0,292.2673563503292,0.0,146.1336781751646,Prosumer
2023-05-03 06:00:00,user_005,6,0,2,False,0.0,0.0,0.0,0.0,5.0,0.0,0.033,0.033,84.38,4.219,0.033,0.033,0.033,0.033,0,0.0,0.0,292.2673563503292,0.0,146.1336781751646,Prosumer
2023-05-03 07:00:00,user_005,7,0,2,False,0.0,0.0,0.0,0.0,5.0,0.0,0.033,0.033,83.71,4.186,0.033,0.033,0.033,0.033,0,0.0,0.0,292.2673563503292,0.0,146.1336781751646,Prosumer
2023-05-03 08:00:00,user_005,8,0,2,False,0.0,0.0,0.0,0.0,5.0,0.0,0.034,0.034,83.02,4.151,0.034,0.034,0.034,0.034,0,0.0,0.0,292.2673563503292,0.0,146.1336781751646,Prosumer
2023-05-03 09:00:00,user_005,9,0,2,False,0.0,0.0,0.0,0.0,5.0,0.0,0.033,0.033,82.36,4.118,0.033,0.033,0.033,0.033,0,0.0,0.0,292.2673563503292,0.0,146.1336781751646,Prosumer
2023-05-03 10:00:00,user_005,10,0,2,False,0.0,0.0,0.0,0.0,5.0,0.0,0.034,0.034,81.68,4.084,0.034,0.034,0.034,0.034,0,0.0,0.0,292.2673563503292,0.0,146.1336781751646,Prosumer
2023-05-03 11:00:00,user_005,11,0,2,False,0.0,0.0,0.0,0.0,5.0,0.0,0.033,0.033,81.01,4.051,0.033,0.033,0.033,0.033,0,0.0,0.0,292.2673563503292,0.0,146.1336781751646,Prosumer
2023-05-03 12:00:00,user_005,12,0,2,False,0.0,0.0,0.0,0.0,5.0,0.0,0.034,0.034,80.34,4.017,0.034,0.034,0.034,0.034,0,0.0,0.0,292.2673563503292,0.0,146.1336781751646,Prosumer
2023-05-03 13:00:00,user_005,13,0,2,False,0.0,0.0,0.0,0.0,5.0,0.0,0.033,0.033,79.67,3.984,0.033,0.033,0.033,0.033,0,0.0,0.0,292.2673563503292,0.0,146.1336781751646,Prosumer
2023-05-03 14:00:00,user_005,14,0,2,False,0.0,0.0,0.0,0.0,5.0,0.0,0.033,0.033,79.0,3.95,0.033,0.033,0.033,0.033,0,0.0,0.0,292.2673563503292,0.0,146.1336781751646,Prosumer
2023-05-03 15:00:00,user_005,15,0,2,False,0.0,0.0,0.0,0.0,5.0,0.0,0.034,0.034,78.33,3.917,0.034,0.034,0.034,0.034,0,0.0,0.0,292.2673563503292,0.0,146.1336781751646,Prosumer
2023-05-03 16:00:00,user_005,16,0,2,False,0.0,0.0,0.0,0.0,5.0,0.0,0.035,0.035,77.64,3.882,0.035,0.035,0.035,0.035,0,0.0,0.0,292.2673563503292,0.0,146.1336781751646,Prosumer
2023-05-03 17:00:00,user_005,17,0,2,False,0.0,0.0,0.0,0.0,5.0,0.0,0.034,0.034,76.95,3.848,0.034,0.034,0.034,0.034,0,0.0,0.0,292.2673563503292,0.0,146.1336781751646,Prosumer
2023-05-03 18:00:00,user_005,18,0,2,False,0.0,0.0,0.0,0.0,5.0,0.0,0.065,0.065,75.66,3.783,0.065,0.065,0.065,0.065,0,0.0,0.0,292.2673563503292,0.0,146.1336781751646,Prosumer
2023-05-03 19:00:00,user_005,19,0,2,False,0.0,0.0,0.0,0.0,5.0,0.0,0.063,0.063,74.4,3.72,0.063,0.063,0.063,0.063,0,0.0,0.0,292.2673563503292,0.0,146.1336781751646,Prosumer
2023-05-03 20:00:00,user_005,20,0,2,False,0.0,0.0,0.0,0.0,5.0,0.0,0.054,0.054,73.32,3.666,0.054,0.054,0.054,0.054,0,0.0,0.0,292.2673563503292,0.0,146.1336781751646,Prosumer
2023-05-03 21:00:00,user_005,21,0,2,False,0.0,0.0,0.0,0.0,5.0,0.0,0.048,0.048,72.36,3.618,0.048,0.048,0.048,0.048,0,0.0,0.0,292.2673563503292,0.0,146.1336781751646,Prosumer
2023-05-03 22:00:00,user_005,22,0,2,False,0.0,0.0,0.0,0.0,5.0,0.0,0.035,0.035,71.66,3.583,0.035,0.035,0.035,0.035,0,0.0,0.0,292.2673563503292,0.0,146.1336781751646,Prosumer
2023-05-03 23:00:00,user_005,23,0,2,False,0.0,0.0,0.0,0.0,5.0,0.0,0.035,0.035,70.97,3.548,0.035,0.035,0.035,0.035,0,0.0,0.0,292.2673563503292,0.0,146.1336781751646,Prosumer
2023-05-04 00:00:00,user_005,0,0,3,False,0.0,0.0,0.0,0.0,5.0,0.0,0.033,0.033,70.3,3.515,0.033,0.033,0.033,0.033,0,0.0,0.0,292.2673563503292,0.0,146.1336781751646,Prosumer
2023-05-04 01:00:00,user_005,1,0,3,False,0.0,0.0,0.0,0.0,5.0,0.0,0.033,0.033,69.64,3.482,0.033,0.033,0.033,0.033,0,0.0,0.0,292.2673563503292,0.0,146.1336781751646,Prosumer
2023-05-04 02:00:00,user_005,2,0,3,False,0.0,0.0,0.0,0.0,5.0,0.0,0.033,0.033,68.97,3.448,0.033,0.033,0.033,0.033,0,0.0,0.0,292.2673563503292,0.0,146.1336781751646,Prosumer
2023-05-04 03:00:00,user_005,3,0,3,False,0.0,0.0,0.0,0.0,5.0,0.0,0.033,0.033,68.3,3.415,0.033,0.033,0.033,0.033,0,0.0,0.0,292.2673563503292,0.0,146.1336781751646,Prosumer
2023-05-04 04:00:00,user_005,4,0,3,False,0.0,0.0,0.0,0.0,5.0,0.0,0.033,0.033,67.64,3.382,0.033,0.033,0.033,0.033,0,0.0,0.0,292.2673563503292,0.0,146.1336781751646,Prosumer
2023-05-04 05:00:00,user_005,5,0,3,False,0.0,0.0,0.0,0.0,5.0,0.0,0.033,0.033,66.97,3.348,0.033,0.033,0.033,0.033,0,0.0,0.0,292.2673563503292,0.0,146.1336781751646,Prosumer
2023-05-04 06:00:00,user_005,6,0,3,False,0.0,0.0,0.0,0.0,5.0,0.0,0.033,0.033,66.3,3.315,0.033,0.033,0.033,0.033,0,0.0,0.0,292.2673563503292,0.0,146.1336781751646,Prosumer
2023-05-04 07:00:00,user_005,7,0,3,False,0.0,0.0,0.0,0.0,5.0,0.0,0.033,0.033,65.64,3.282,0.033,0.033,0.033,0.033,0,0.0,0.0,292.2673563503292,0.0,146.1336781751646,Prosumer
2023-05-04 08:00:00,user_005,8,0,3,False,0.0,0.0,0.0,0.0,5.0,0.0,0.034,0.034,64.96,3.248,0.034,0.034,0.034,0.034,0,0.0,0.0,292.2673563503292,0.0,146.1336781751646,Prosumer
2023-05-04 09:00:00,user_005,9,0,3,False,0.0,0.0,0.0,0.0,5.0,0.0,0.033,0.033,64.3,3.215,0.033,0.033,0.033,0.033,0,0.0,0.0,292.2673563503292,0.0,146.1336781751646,Prosumer
2023-05-04 10:00:00,user_005,10,0,3,False,0.0,0.0,0.0,0.0,5.0,0.0,0.034,0.034,63.61,3.18,0.034,0.034,0.034,0.034,0,0.0,0.0,292.2673563503292,0.0,146.1336781751646,Prosumer
2023-05-04 11:00:00,user_005,11,0,3,False,0.0,0.0,0.0,0.0,5.0,0.0,0.033,0.033,62.94,3.147,0.033,0.033,0.033,0.033,0,0.0,0.0,292.2673563503292,0.0,146.1336781751646,Prosumer
2023-05-04 12:00:00,user_005,12,0,3,False,0.0,0.0,0.0,0.0,5.0,0.0,0.033,0.033,62.27,3.114,0.033,0.033,0.033,0.033,0,0.0,0.0,292.2673563503292,0.0,146.1336781751646,Prosumer
2023-05-04 13:00:00,user_005,13,0,3,False,0.0,0.0,0.0,0.0,5.0,0.0,0.033,0.033,61.61,3.08,0.033,0.033,0.033,0.033,0,0.0,0.0,292.2673563503292,0.0,146.1336781751646,Prosumer
2023-05-04 14:00:00,user_005,14,0,3,False,0.0,0.0,0.0,0.0,5.0,0.0,0.033,0.033,60.94,3.047,0.033,0.033,0.033,0.033,0,0.0,0.0,292.2673563503292,0.0,146.1336781751646,Prosumer
2023-05-04 15:00:00,user_005,15,0,3,False,0.0,0.0,0.0,0.0,5.0,0.0,0.033,0.033,60.27,3.014,0.033,0.033,0.033,0.033,0,0.0,0.0,292.2673563503292,0.0,146.1336781751646,Prosumer
2023-05-04 16:00:00,user_005,16,0,3,False,0.0,0.0,0.0,0.0,5.0,0.0,0.033,0.033,59.61,2.98,0.033,0.033,0.033,0.033,0,0.0,0.0,292.2673563503292,0.0,146.1336781751646,Prosumer
2023-05-04 17:00:00,user_005,17,0,3,False,0.0,0.0,0.0,0.0,5.0,0.0,0.034,0.034,58.92,2.946,0.034,0.034,0.034,0.034,0,0.0,0.0,292.2673563503292,0.0,146.1336781751646,Prosumer
2023-05-04 18:00:00,user_005,18,0,3,False,0.0,0.0,0.0,0.0,5.0,0.0,0.068,0.068,57.56,2.878,0.068,0.068,0.068,0.068,0,0.0,0.0,292.2673563503292,0.0,146.1336781751646,Prosumer
2023-05-04 19:00:00,user_005,19,0,3,False,0.0,0.0,0.0,0.0,5.0,0.0,0.064,0.064,56.28,2.814,0.064,0.064,0.064,0.064,0,0.0,0.0,292.2673563503292,0.0,146.1336781751646,Prosumer
2023-05-04 20:00:00,user_005,20,0,3,False,0.0,0.0,0.0,0.0,5.0,0.0,0.054,0.054,55.21,2.761,0.054,0.054,0.054,0.054,0,0.0,0.0,292.2673563503292,0.0,146.1336781751646,Prosumer
2023-05-04 21:00:00,user_005,21,0,3,False,0.0,0.0,0.0,0.0,5.0,0.0,0.048,0.048,54.26,2.713,0.048,0.048,0.048,0.048,0,0.0,0.0,292.2673563503292,0.0,146.1336781751646,Prosumer
2023-05-04 22:00:00,user_005,22,0,3,False,0.0,0.0,0.0,0.0,5.0,0.0,0.033,0.033,53.59,2.68,0.033,0.033,0.033,0.033,0,0.0,0.0,292.2673563503292,0.0,146.1336781751646,Prosumer
2023-05-04 23:00:00,user_005,23,0,3,False,0.0,0.0,0.0,0.0,5.0,0.0,0.033,0.033,52.93,2.646,0.033,0.033,0.033,0.033,0,0.0,0.0,292.2673563503292,0.0,146.1336781751646,Prosumer
2023-05-05 00:00:00,user_005,0,0,4,False,0.0,0.0,0.0,0.0,5.0,0.0,0.033,0.033,52.26,2.613,0.033,0.033,0.033,0.033,0,0.0,0.0,292.2673563503292,0.0,146.1336781751646,Prosumer
2023-05-05 01:00:00,user_005,1,0,4,False,0.0,0.0,0.0,0.0,5.0,0.0,0.033,0.033,51.59,2.58,0.033,0.033,0.033,0.033,0,0.0,0.0,292.2673563503292,0.0,146.1336781751646,Prosumer
2023-05-05 02:00:00,user_005,2,0,4,False,0.0,0.0,0.0,0.0,5.0,0.0,0.033,0.033,50.93,2.546,0.033,0.033,0.033,0.033,0,0.0,0.0,292.2673563503292,0.0,146.1336781751646,Prosumer
2023-05-05 03:00:00,user_005,3,0,4,False,0.0,0.0,0.0,0.0,5.0,0.0,0.033,0.033,50.26,2.513,0.033,0.033,0.033,0.033,0,0.0,0.0,292.2673563503292,0.0,146.1336781751646,Prosumer
2023-05-05 04:00:00,user_005,4,0,4,False,0.0,0.0,0.0,0.0,5.0,0.0,0.033,0.033,49.59,2.48,0.033,0.033,0.033,0.033,0,0.0,0.0,292.2673563503292,0.0,146.1336781751646,Prosumer
2023-05-05 05:00:00,user_005,5,0,4,False,0.0,0.0,0.0,0.0,5.0,0.0,0.033,0.033,48.93,2.446,0.033,0.033,0.033,0.033,0,0.0,0.0,292.2673563503292,0.0,146.1336781751646,Prosumer
2023-05-05 06:00:00,user_005,6,0,4,False,0.0,0.0,0.0,0.0,5.0,0.0,0.033,0.033,48.26,2.413,0.033,0.033,0.033,0.033,0,0.0,0.0,292.2673563503292,0.0,146.1336781751646,Prosumer
2023-05-05 07:00:00,user_005,7,0,4,False,0.0,0.0,0.0,0.0,5.0,0.0,0.033,0.033,47.59,2.38,0.033,0.033,0.033,0.033,0,0.0,0.0,292.2673563503292,0.0,146.1336781751646,Prosumer
2023-05-05 08:00:00,user_005,8,0,4,False,0.0,0.0,0.0,0.0,5.0,0.0,0.033,0.033,46.93,2.346,0.033,0.033,0.033,0.033,0,0.0,0.0,292.2673563503292,0.0,146.1336781751646,Prosumer
2023-05-05 09:00:00,user_005,9,0,4,False,0.0,0.0,0.0,0.0,5.0,0.0,0.033,0.033,46.26,2.313,0.033,0.033,0.033,0.033,0,0.0,0.0,292.2673563503292,0.0,146.1336781751646,Prosumer
2023-05-05 10:00:00,user_005,10,0,4,False,0.0,0.0,0.0,0.0,5.0,0.0,0.033,0.033,45.59,2.28,0.033,0.033,0.033,0.033,0,0.0,0.0,292.2673563503292,0.0,146.1336781751646,Prosumer
2023-05-05 11:00:00,user_005,11,0,4,False,0.0,0.0,0.0,0.0,5.0,0.0,0.033,0.033,44.93,2.246,0.033,0.033,0.033,0.033,0,0.0,0.0,292.2673563503292,0.0,146.1336781751646,Prosumer
2023-05-05 12:00:00,user_005,12,0,4,False,0.0,0.0,0.0,0.0,5.0,0.0,0.035,0.035,44.23,2.212,0.035,0.035,0.035,0.035,0,0.0,0.0,292.2673563503292,0.0,146.1336781751646,Prosumer
2023-05-05 13:00:00,user_005,13,0,4,False,0.0,0.0,0.0,0.0,5.0,0.0,0.033,0.033,43.56,2.178,0.033,0.033,0.033,0.033,0,0.0,0.0,292.2673563503292,0.0,146.1336781751646,Prosumer
2023-05-05 14:00:00,user_005,14,0,4,False,0.0,0.0,0.0,0.0,5.0,0.0,0.033,0.033,42.9,2.145,0.033,0.033,0.033,0.033,0,0.0,0.0,292.2673563503292,0.0,146.1336781751646,Prosumer
2023-05-05 15:00:00,user_005,15,0,4,False,0.0,0.0,0.0,0.0,5.0,0.0,0.034,0.034,42.21,2.111,0.034,0.034,0.034,0.034,0,0.0,0.0,292.2673563503292,0.0,146.1336781751646,Prosumer
2023-05-05 16:00:00,user_005,16,0,4,False,0.0,0.0,0.0,0.0,5.0,0.0,0.033,0.033,41.54,2.077,0.033,0.033,0.033,0.033,0,0.0,0.0,292.2673563503292,0.0,146.1336781751646,Prosumer
2023-05-05 17:00:00,user_005,17,0,4,False,0.0,0.0,0.0,0.0,5.0,0.0,0.033,0.033,40.88,2.044,0.033,0.033,0.033,0.033,0,0.0,0.0,292.2673563503292,0.0,146.1336781751646,Prosumer
2023-05-05 18:00:00,user_005,18,0,4,False,0.0,0.0,0.0,0.0,5.0,0.0,0.066,0.066,39.56,1.978,0.066,0.066,0.066,0.066,0,0.0,0.0,292.2673563503292,0.0,146.1336781751646,Prosumer
2023-05-05 19:00:00,user_005,19,0,4,False,0.0,0.0,0.0,0.0,5.0,0.0,0.062,0.062,38.33,1.917,0.062,0.062,0.062,0.062,0,0.0,0.0,292.2673563503292,0.0,146.1336781751646,Prosumer
2023-05-05 20:00:00,user_005,20,0,4,False,0.0,0.0,0.0,0.0,5.0,0.0,0.054,0.054,37.25,1.863,0.054,0.054,0.054,0.054,0,0.0,0.0,292.2673563503292,0.0,146.1336781751646,Prosumer
2023-05-05 21:00:00,user_005,21,0,4,False,0.0,0.0,0.0,0.0,5.0,0.0,0.052,0.052,36.21,1.81,0.052,0.052,0.052,0.052,0,0.0,0.0,292.2673563503292,0.0,146.1336781751646,Prosumer
2023-05-05 22:00:00,user_005,22,0,4,False,0.0,0.0,0.0,0.0,5.0,0.0,0.033,0.033,35.54,1.777,0.033,0.033,0.033,0.033,0,0.0,0.0,292.2673563503292,0.0,146.1336781751646,Prosumer
2023-05-05 23:00:00,user_005,23,0,4,False,0.0,0.0,0.0,0.0,5.0,0.0,0.033,0.033,34.87,1.744,0.033,0.033,0.033,0.033,0,0.0,0.0,292.2673563503292,0.0,146.1336781751646,Prosumer
2023-05-06 00:00:00,user_005,0,0,5,True,0.0,0.0,0.0,0.0,5.0,0.0,0.033,0.033,34.21,1.71,0.033,0.033,0.033,0.033,0,0.0,0.0,292.2673563503292,0.0,146.1336781751646,Prosumer
2023-05-06 01:00:00,user_005,1,0,5,True,0.0,0.0,0.0,0.0,5.0,0.0,0.033,0.033,33.54,1.677,0.033,0.033,0.033,0.033,0,0.0,0.0,292.2673563503292,0.0,146.1336781751646,Prosumer
2023-05-06 02:00:00,user_005,2,0,5,True,0.0,0.0,0.0,0.0,5.0,0.0,0.033,0.033,32.87,1.644,0.033,0.033,0.033,0.033,0,0.0,0.0,292.2673563503292,0.0,146.1336781751646,Prosumer
2023-05-06 03:00:00,user_005,3,0,5,True,0.0,0.0,0.0,0.0,5.0,0.0,0.033,0.033,32.21,1.61,0.033,0.033,0.033,0.033,0,0.0,0.0,292.2673563503292,0.0,146.1336781751646,Prosumer
2023-05-06 04:00:00,user_005,4,0,5,True,0.0,0.0,0.0,0.0,5.0,0.0,0.033,0.033,31.54,1.577,0.033,0.033,0.033,0.033,0,0.0,0.0,292.2673563503292,0.0,146.1336781751646,Prosumer
2023-05-06 05:00:00,user_005,5,0,5,True,0.0,0.0,0.0,0.0,5.0,0.0,0.033,0.033,30.87,1.544,0.033,0.033,0.033,0.033,0,0.0,0.0,292.2673563503292,0.0,146.1336781751646,Prosumer
2023-05-06 06:00:00,user_005,6,0,5,True,0.0,0.0,0.0,0.0,5.0,0.0,0.033,0.033,30.21,1.51,0.033,0.033,0.033,0.033,0,0.0,0.0,292.2673563503292,0.0,146.1336781751646,Prosumer
2023-05-06 07:00:00,user_005,7,0,5,True,0.0,0.0,0.0,0.0,5.0,0.0,0.033,0.033,29.54,1.477,0.033,0.033,0.033,0.033,0,0.0,0.0,292.2673563503292,0.0,146.1336781751646,Prosumer
2023-05-06 08:00:00,user_005,8,0,5,True,0.0,0.0,0.0,0.0,5.0,0.0,0.033,0.033,28.87,1.444,0.033,0.033,0.033,0.033,0,0.0,0.0,292.2673563503292,0.0,146.1336781751646,Prosumer
2023-05-06 09:00:00,user_005,9,0,5,True,0.0,0.0,0.0,0.0,5.0,0.0,0.033,0.033,28.21,1.41,0.033,0.033,0.033,0.033,0,0.0,0.0,292.2673563503292,0.0,146.1336781751646,Prosumer
2023-05-06 10:00:00,user_005,10,0,5,True,0.0,0.0,0.0,0.0,5.0,0.0,0.033,0.033,27.54,1.377,0.033,0.033,0.033,0.033,0,0.0,0.0,292.2673563503292,0.0,146.1336781751646,Prosumer
2023-05-06 11:00:00,user_005,11,0,5,True,0.0,0.0,0.0,0.0,5.0,0.0,0.033,0.033,26.87,1.344,0.033,0.033,0.033,0.033,0,0.0,0.0,292.2673563503292,0.0,146.1336781751646,Prosumer
2023-05-06 12:00:00,user_005,12,0,5,True,0.0,0.0,0.0,0.0,5.0,0.0,0.033,0.033,26.21,1.31,0.033,0.033,0.033,0.033,0,0.0,0.0,292.2673563503292,0.0,146.1336781751646,Prosumer
2023-05-06 13:00:00,user_005,13,0,5,True,0.0,0.0,0.0,0.0,5.0,0.0,0.033,0.033,25.54,1.277,0.033,0.033,0.033,0.033,0,0.0,0.0,292.2673563503292,0.0,146.1336781751646,Prosumer
2023-05-06 14:00:00,user_005,14,0,5,True,0.0,0.0,0.0,0.0,5.0,0.0,0.033,0.033,24.87,1.244,0.033,0.033,0.033,0.033,0,0.0,0.0,292.2673563503292,0.0,146.1336781751646,Prosumer
2023-05-06 15:00:00,user_005,15,0,5,True,0.0,0.0,0.0,0.0,5.0,0.0,0.033,0.033,24.21,1.21,0.033,0.033,0.033,0.033,0,0.0,0.0,292.2673563503292,0.0,146.1336781751646,Prosumer
2023-05-06 16:00:00,user_005,16,0,5,True,0.0,0.0,0.0,0.0,5.0,0.0,0.033,0.033,23.54,1.177,0.033,0.033,0.033,0.033,0,0.0,0.0,292.2673563503292,0.0,146.1336781751646,Prosumer
2023-05-06 17:00:00,user_005,17,0,5,True,0.0,0.0,0.0,0.0,5.0,0.0,0.033,0.033,22.87,1.144,0.033,0.033,0.033,0.033,0,0.0,0.0,292.2673563503292,0.0,146.1336781751646,Prosumer
2023-05-06 18:00:00,user_005,18,0,5,True,0.0,0.0,0.0,0.0,5.0,0.0,0.06,0.06,21.67,1.084,0.06,0.06,0.06,0.06,0,0.0,0.0,292.2673563503292,0.0,146.1336781751646,Prosumer
2023-05-06 19:00:00,user_005,19,0,5,True,0.0,0.0,0.0,0.0,5.0,0.0,0.056,0.056,20.55,1.028,0.056,0.056,0.056,0.056,0,0.0,0.0,292.2673563503292,0.0,146.1336781751646,Prosumer
2023-05-06 20:00:00,user_005,20,0,5,True,0.0,0.0,0.0,0.0,5.0,0.0,0.051,0.051,19.54,0.977,0.051,0.051,0.051,0.051,0,0.0,0.0,292.2673563503292,0.0,146.1336781751646,Prosumer
2023-05-06 21:00:00,user_005,21,0,5,True,0.0,0.0,0.0,0.0,5.0,0.0,0.045,0.045,18.65,0.932,0.045,0.045,0.045,0.045,0,0.0,0.0,292.2673563503292,0.0,146.1336781751646,Prosumer
2023-05-06 22:00:00,user_005,22,0,5,True,0.0,0.0,0.0,0.0,5.0,0.0,0.033,0.033,17.98,0.899,0.033,0.033,0.033,0.033,0,0.0,0.0,292.2673563503292,0.0,146.1336781751646,Prosumer
2023-05-06 23:00:00,user_005,23,0,5,True,0.0,0.0,0.0,0.0,5.0,0.0,0.033,0.033,17.31,0.866,0.033,0.033,0.033,0.033,0,0.0,0.0,292.2673563503292,0.0,146.1336781751646,Prosumer
2023-05-07 00:00:00,user_005,0,0,6,True,0.0,0.0,0.0,0.0,5.0,0.0,0.033,0.033,16.65,0.832,0.033,0.033,0.033,0.033,0,0.0,0.0,292.2673563503292,0.0,146.1336781751646,Prosumer
2023-05-07 01:00:00,user_005,1,0,6,True,0.0,0.0,0.0,0.0,5.0,0.0,0.033,0.033,15.98,0.799,0.033,0.033,0.033,0.033,0,0.0,0.0,292.2673563503292,0.0,146.1336781751646,Prosumer
2023-05-07 02:00:00,user_005,2,0,6,True,0.0,0.0,0.0,0.0,5.0,0.0,0.033,0.033,15.31,0.766,0.033,0.033,0.033,0.033,0,0.0,0.0,292.2673563503292,0.0,146.1336781751646,Prosumer
2023-05-07 03:00:00,user_005,3,0,6,True,0.0,0.0,0.0,0.0,5.0,0.0,0.033,0.033,14.65,0.732,0.033,0.033,0.033,0.033,0,0.0,0.0,292.2673563503292,0.0,146.1336781751646,Prosumer
2023-05-07 04:00:00,user_005,4,0,6,True,0.0,0.0,0.0,0.0,5.0,0.0,0.033,0.033,13.98,0.699,0.033,0.033,0.033,0.033,0,0.0,0.0,292.2673563503292,0.0,146.1336781751646,Prosumer
2023-05-07 05:00:00,user_005,5,0,6,True,0.0,0.0,0.0,0.0,5.0,0.0,0.033,0.033,13.31,0.666,0.033,0.033,0.033,0.033,0,0.0,0.0,292.2673563503292,0.0,146.1336781751646,Prosumer
2023-05-07 06:00:00,user_005,6,0,6,True,0.0,0.0,0.0,0.0,5.0,0.0,0.033,0.033,12.65,0.632,0.033,0.033,0.033,0.033,0,0.0,0.0,292.2673563503292,0.0,146.1336781751646,Prosumer
2023-05-07 07:00:00,user_005,7,0,6,True,0.0,0.0,0.0,0.0,5.0,0.0,0.033,0.033,11.98,0.599,0.033,0.033,0.033,0.033,0,0.0,0.0,292.2673563503292,0.0,146.1336781751646,Prosumer
2023-05-07 08:00:00,user_005,8,0,6,True,0.0,0.0,0.0,0.0,5.0,0.0,0.033,0.033,11.31,0.566,0.033,0.033,0.033,0.033,0,0.0,0.0,292.2673563503292,0.0,146.1336781751646,Prosumer
2023-05-07 09:00:00,user_005,9,0,6,True,0.0,0.0,0.0,0.0,5.0,0.0,0.033,0.033,10.65,0.532,0.033,0.033,0.033,0.033,0,0.0,0.0,292.2673563503292,0.0,146.1336781751646,Prosumer
2023-05-07 10:00:00,user_005,10,0,6,True,0.0,0.0,0.0,0.0,5.0,0.0,0.032,0.032,10.0,0.5,0.032,0.032,0.032,0.032,0,0.0,0.0,292.2673563503292,0.0,146.1336781751646,Prosumer
2023-05-07 11:00:00,user_005,11,0,6,True,0.0,0.0,0.0,0.0,5.0,0.0,0.0,0.0,10.0,0.5,0.0,0.0,0.0,0.0,0,0.0,0.0,292.2673563503292,0.0,146.1336781751646,Prosumer
2023-05-07 12:00:00,user_005,12,0,6,True,0.0,0.0,0.0,0.0,5.0,0.0,0.0,0.0,10.0,0.5,0.0,0.0,0.0,0.0,0,0.0,0.0,292.2673563503292,0.0,146.1336781751646,Prosumer
2023-05-07 13:00:00,user_005,13,0,6,True,0.0,0.0,0.0,0.0,5.0,0.0,0.0,0.0,10.0,0.5,0.0,0.0,0.0,0.0,0,0.0,0.0,292.2673563503292,0.0,146.1336781751646,Prosumer
2023-05-07 14:00:00,user_005,14,0,6,True,0.0,0.0,0.0,0.0,5.0,0.0,0.0,0.0,10.0,0.5,0.0,0.0,0.0,0.0,0,0.0,0.0,292.2673563503292,0.0,146.1336781751646,Prosumer
2023-05-07 15:00:00,user_005,15,0,6,True,0.0,0.0,0.0,0.0,5.0,0.0,0.0,0.0,10.0,0.5,0.0,0.0,0.0,0.0,0,0.0,0.0,292.2673563503292,0.0,146.1336781751646,Prosumer
2023-05-07 16:00:00,user_005,16,0,6,True,0.0,0.0,0.0,0.0,5.0,0.0,0.0,0.0,10.0,0.5,0.0,0.0,0.0,0.0,0,0.0,0.0,292.2673563503292,0.0,146.1336781751646,Prosumer
2023-05-07 17:00:00,user_005,17,0,6,True,0.0,0.0,0.0,0.0,5.0,0.0,0.0,0.0,10.0,0.5,0.0,0.0,0.0,0.0,0,0.0,0.0,292.2673563503292,0.0,146.1336781751646,Prosumer
2023-05-07 18:00:00,user_005,18,0,6,True,0.0,0.0,0.0,0.0,5.0,0.0,0.0,0.0,10.0,0.5,0.0,0.0,0.0,0.0,0,0.0,0.0,292.2673563503292,0.0,146.1336781751646,Prosumer
2023-05-07 19:00:00,user_005,19,0,6,True,0.0,0.0,0.0,0.0,5.0,0.0,0.0,0.0,10.0,0.5,0.0,0.0,0.0,0.0,0,0.0,0.0,292.2673563503292,0.0,146.1336781751646,Prosumer
2023-05-07 20:00:00,user_005,20,0,6,True,0.0,0.0,0.0,0.0,5.0,0.0,0.0,0.0,10.0,0.5,0.0,0.0,0.0,0.0,0,0.0,0.0,292.2673563503292,0.0,146.1336781751646,Prosumer
2023-05-07 21:00:00,user_005,21,0,6,True,0.0,0.0,0.0,0.0,5.0,0.0,0.0,0.0,10.0,0.5,0.0,0.0,0.0,0.0,0,0.0,0.0,292.2673563503292,0.0,146.1336781751646,Prosumer
2023-05-07 22:00:00,user_005,22,0,6,True,0.0,0.0,0.0,0.0,5.0,0.0,0.0,0.0,10.0,0.5,0.0,0.0,0.0,0.0,0,0.0,0.0,292.2673563503292,0.0,146.1336781751646,Prosumer
2023-05-07 23:00:00,user_005,23,0,6,True,0.0,0.0,0.0,0.0,5.0,0.0,0.0,0.0,10.0,0.5,0.0,0.0,0.0,0.0,0,0.0,0.0,292.2673563503292,0.0,146.1336781751646,Prosumer
2023-05-08 00:00:00,user_005,0,0,0,False,0.0,0.0,0.0,0.0,5.0,0.0,0.0,0.0,10.0,0.5,0.0,0.0,0.0,0.0,0,0.0,0.0,292.2673563503292,0.0,146.1336781751646,Prosumer
2023-05-08 01:00:00,user_005,1,0,0,False,0.0,0.0,0.0,0.0,5.0,0.0,0.0,0.0,10.0,0.5,0.0,0.0,0.0,0.0,0,0.0,0.0,292.2673563503292,0.0,146.1336781751646,Prosumer
2023-05-08 02:00:00,user_005,2,0,0,False,0.0,0.0,0.0,0.0,5.0,0.0,0.0,0.0,10.0,0.5,0.0,0.0,0.0,0.0,0,0.0,0.0,292.2673563503292,0.0,146.1336781751646,Prosumer
2023-05-08 03:00:00,user_005,3,0,0,False,0.0,0.0,0.0,0.0,5.0,0.0,0.0,0.0,10.0,0.5,0.0,0.0,0.0,0.0,0,0.0,0.0,292.2673563503292,0.0,146.1336781751646,Prosumer
2023-05-08 04:00:00,user_005,4,0,0,False,0.0,0.0,0.0,0.0,5.0,0.0,0.0,0.0,10.0,0.5,0.0,0.0,0.0,0.0,0,0.0,0.0,292.2673563503292,0.0,146.1336781751646,Prosumer
2023-05-08 05:00:00,user_005,5,0,0,False,0.0,0.0,0.0,0.0,5.0,0.0,0.0,0.0,10.0,0.5,0.0,0.0,0.0,0.0,0,0.0,0.0,292.2673563503292,0.0,146.1336781751646,Prosumer
2023-05-08 06:00:00,user_005,6,0,0,False,0.0,0.0,0.0,0.0,5.0,0.0,0.0,0.0,10.0,0.5,0.0,0.0,0.0,0.0,0,0.0,0.0,292.2673563503292,0.0,146.1336781751646,Prosumer
2023-05-08 07:00:00,user_005,7,0,0,False,0.0,0.0,0.0,0.0,5.0,0.0,0.0,0.0,10.0,0.5,0.0,0.0,0.0,0.0,0,0.0,0.0,292.2673563503292,0.0,146.1336781751646,Prosumer
2023-05-08 08:00:00,user_005,8,0,0,False,0.0,0.0,0.0,0.0,5.0,0.0,0.0,0.0,10.0,0.5,0.0,0.0,0.0,0.0,0,0.0,0.0,292.2673563503292,0.0,146.1336781751646,Prosumer
2023-05-08 09:00:00,user_005,9,0,0,False,0.0,0.0,0.0,0.0,5.0,0.0,0.0,0.0,10.0,0.5,0.0,0.0,0.0,0.0,0,0.0,0.0,292.2673563503292,0.0,146.1336781751646,Prosumer
2023-05-08 10:00:00,user_005,10,0,0,False,0.0,0.0,0.0,0.0,5.0,0.0,0.0,0.0,10.0,0.5,0.0,0.0,0.0,0.0,0,0.0,0.0,292.2673563503292,0.0,146.1336781751646,Prosumer
2023-05-08 11:00:00,user_005,11,0,0,False,0.0,0.0,0.0,0.0,5.0,0.0,0.0,0.0,10.0,0.5,0.0,0.0,0.0,0.0,0,0.0,0.0,292.2673563503292,0.0,146.1336781751646,Prosumer
2023-05-08 12:00:00,user_005,12,0,0,False,0.0,0.0,0.0,0.0,5.0,0.0,0.0,0.0,10.0,0.5,0.0,0.0,0.0,0.0,0,0.0,0.0,292.2673563503292,0.0,146.1336781751646,Prosumer
2023-05-08 13:00:00,user_005,13,0,0,False,0.0,0.0,0.0,0.0,5.0,0.0,0.0,0.0,10.0,0.5,0.0,0.0,0.0,0.0,0,0.0,0.0,292.2673563503292,0.0,146.1336781751646,Prosumer
2023-05-08 14:00:00,user_005,14,0,0,False,0.0,0.0,0.0,0.0,5.0,0.0,0.0,0.0,10.0,0.5,0.0,0.0,0.0,0.0,0,0.0,0.0,292.2673563503292,0.0,146.1336781751646,Prosumer
2023-05-08 15:00:00,user_005,15,0,0,False,0.0,0.0,0.0,0.0,5.0,0.0,0.0,0.0,10.0,0.5,0.0,0.0,0.0,0.0,0,0.0,0.0,292.2673563503292,0.0,146.1336781751646,Prosumer
2023-05-08 16:00:00,user_005,16,0,0,False,0.0,0.0,0.0,0.0,5.0,0.0,0.0,0.0,10.0,0.5,0.0,0.0,0.0,0.0,0,0.0,0.0,292.2673563503292,0.0,146.1336781751646,Prosumer
2023-05-08 17:00:00,user_005,17,0,0,False,0.0,0.0,0.0,0.0,5.0,0.0,0.0,0.0,10.0,0.5,0.0,0.0,0.0,0.0,0,0.0,0.0,292.2673563503292,0.0,146.1336781751646,Prosumer
2023-05-08 18:00:00,user_005,18,0,0,False,0.0,0.0,0.0,0.0,5.0,0.0,0.0,0.0,10.0,0.5,0.0,0.0,0.0,0.0,0,0.0,0.0,292.2673563503292,0.0,146.1336781751646,Prosumer
2023-05-08 19:00:00,user_005,19,0,0,False,0.0,0.0,0.0,0.0,5.0,0.0,0.0,0.0,10.0,0.5,0.0,0.0,0.0,0.0,0,0.0,0.0,292.2673563503292,0.0,146.1336781751646,Prosumer
2023-05-08 20:00:00,user_005,20,0,0,False,0.0,0.0,0.0,0.0,5.0,0.0,0.0,0.0,10.0,0.5,0.0,0.0,0.0,0.0,0,0.0,0.0,292.2673563503292,0.0,146.1336781751646,Prosumer
2023-05-08 21:00:00,user_005,21,0,0,False,0.0,0.0,0.0,0.0,5.0,0.0,0.0,0.0,10.0,0.5,0.0,0.0,0.0,0.0,0,0.0,0.0,292.2673563503292,0.0,146.1336781751646,Prosumer
2023-05-08 22:00:00,user_005,22,0,0,False,0.0,0.0,0.0,0.0,5.0,0.0,0.0,0.0,10.0,0.5,0.0,0.0,0.0,0.0,0,0.0,0.0,292.2673563503292,0.0,146.1336781751646,Prosumer
2023-05-08 23:00:00,user_005,23,0,0,False,0.0,0.0,0.0,0.0,5.0,0.0,0.0,0.0,10.0,0.5,0.0,0.0,0.0,0.0,0,0.0,0.0,292.2673563503292,0.0,146.1336781751646,Prosumer
2023-05-09 00:00:00,user_005,0,0,1,False,0.0,0.0,0.0,0.0,5.0,0.0,0.0,0.0,10.0,0.5,0.0,0.0,0.0,0.0,0,0.0,0.0,292.2673563503292,0.0,146.1336781751646,Prosumer
2023-05-09 01:00:00,user_005,1,0,1,False,0.0,0.0,0.0,0.0,5.0,0.0,0.0,0.0,10.0,0.5,0.0,0.0,0.0,0.0,0,0.0,0.0,292.2673563503292,0.0,146.1336781751646,Prosumer
2023-05-09 02:00:00,user_005,2,0,1,False,0.0,0.0,0.0,0.0,5.0,0.0,0.0,0.0,10.0,0.5,0.0,0.0,0.0,0.0,0,0.0,0.0,292.2673563503292,0.0,146.1336781751646,Prosumer
2023-05-09 03:00:00,user_005,3,0,1,False,0.0,0.0,0.0,0.0,5.0,0.0,0.0,0.0,10.0,0.5,0.0,0.0,0.0,0.0,0,0.0,0.0,292.2673563503292,0.0,146.1336781751646,Prosumer
2023-05-09 04:00:00,user_005,4,0,1,False,0.0,0.0,0.0,0.0,5.0,0.0,0.0,0.0,10.0,0.5,0.0,0.0,0.0,0.0,0,0.0,0.0,292.2673563503292,0.0,146.1336781751646,Prosumer
2023-05-09 05:00:00,user_005,5,0,1,False,0.0,0.0,0.0,0.0,5.0,0.0,0.0,0.0,10.0,0.5,0.0,0.0,0.0,0.0,0,0.0,0.0,292.2673563503292,0.0,146.1336781751646,Prosumer
2023-05-09 06:00:00,user_005,6,0,1,False,0.0,0.0,0.0,0.0,5.0,0.0,0.0,0.0,10.0,0.5,0.0,0.0,0.0,0.0,0,0.0,0.0,292.2673563503292,0.0,146.1336781751646,Prosumer
2023-05-09 07:00:00,user_005,7,0,1,False,0.0,0.0,0.0,0.0,5.0,0.0,0.0,0.0,10.0,0.5,0.0,0.0,0.0,0.0,0,0.0,0.0,292.2673563503292,0.0,146.1336781751646,Prosumer
2023-05-09 08:00:00,user_005,8,0,1,False,0.0,0.0,0.0,0.0,5.0,0.0,0.0,0.0,10.0,0.5,0.0,0.0,0.0,0.0,0,0.0,0.0,292.2673563503292,0.0,146.1336781751646,Prosumer
2023-05-09 09:00:00,user_005,9,0,1,False,0.0,0.0,0.0,0.0,5.0,0.0,0.0,0.0,10.0,0.5,0.0,0.0,0.0,0.0,0,0.0,0.0,292.2673563503292,0.0,146.1336781751646,Prosumer
2023-05-09 10:00:00,user_005,10,0,1,False,0.0,0.0,0.0,0.0,5.0,0.0,0.0,0.0,10.0,0.5,0.0,0.0,0.0,0.0,0,0.0,0.0,292.2673563503292,0.0,146.1336781751646,Prosumer
2023-05-09 11:00:00,user_005,11,0,1,False,0.0,0.0,0.0,0.0,5.0,0.0,0.0,0.0,10.0,0.5,0.0,0.0,0.0,0.0,0,0.0,0.0,292.2673563503292,0.0,146.1336781751646,Prosumer
2023-05-09 12:00:00,user_005,12,0,1,False,0.0,0.0,0.0,0.0,5.0,0.0,0.0,0.0,10.0,0.5,0.0,0.0,0.0,0.0,0,0.0,0.0,292.2673563503292,0.0,146.1336781751646,Prosumer
2023-05-09 13:00:00,user_005,13,0,1,False,0.0,0.0,0.0,0.0,5.0,0.0,0.0,0.0,10.0,0.5,0.0,0.0,0.0,0.0,0,0.0,0.0,292.2673563503292,0.0,146.1336781751646,Prosumer
2023-05-09 14:00:00,user_005,14,0,1,False,0.0,0.0,0.0,0.0,5.0,0.0,0.0,0.0,10.0,0.5,0.0,0.0,0.0,0.0,0,0.0,0.0,292.2673563503292,0.0,146.1336781751646,Prosumer
2023-05-09 15:00:00,user_005,15,0,1,False,0.0,0.0,0.0,0.0,5.0,0.0,0.0,0.0,10.0,0.5,0.0,0.0,0.0,0.0,0,0.0,0.0,292.2673563503292,0.0,146.1336781751646,Prosumer
2023-05-09 16:00:00,user_005,16,0,1,False,0.0,0.0,0.0,0.0,5.0,0.0,0.0,0.0,10.0,0.5,0.0,0.0,0.0,0.0,0,0.0,0.0,292.2673563503292,0.0,146.1336781751646,Prosumer
2023-05-09 17:00:00,user_005,17,0,1,False,0.0,0.0,0.0,0.0,5.0,0.0,0.0,0.0,10.0,0.5,0.0,0.0,0.0,0.0,0,0.0,0.0,292.2673563503292,0.0,146.1336781751646,Prosumer
2023-05-09 18:00:00,user_005,18,0,1,False,0.0,0.0,0.0,0.0,5.0,0.0,0.0,0.0,10.0,0.5,0.0,0.0,0.0,0.0,0,0.0,0.0,292.2673563503292,0.0,146.1336781751646,Prosumer
2023-05-09 19:00:00,user_005,19,0,1,False,0.0,0.0,0.0,0.0,5.0,0.0,0.0,0.0,10.0,0.5,0.0,0.0,0.0,0.0,0,0.0,0.0,292.2673563503292,0.0,146.1336781751646,Prosumer
2023-05-09 20:00:00,user_005,20,0,1,False,0.0,0.0,0.0,0.0,5.0,0.0,0.0,0.0,10.0,0.5,0.0,0.0,0.0,0.0,0,0.0,0.0,292.2673563503292,0.0,146.1336781751646,Prosumer
2023-05-09 21:00:00,user_005,21,0,1,False,0.0,0.0,0.0,0.0,5.0,0.0,0.0,0.0,10.0,0.5,0.0,0.0,0.0,0.0,0,0.0,0.0,292.2673563503292,0.0,146.1336781751646,Prosumer
2023-05-09 22:00:00,user_005,22,0,1,False,0.0,0.0,0.0,0.0,5.0,0.0,0.0,0.0,10.0,0.5,0.0,0.0,0.0,0.0,0,0.0,0.0,292.2673563503292,0.0,146.1336781751646,Prosumer
2023-05-09 23:00:00,user_005,23,0,1,False,0.0,0.0,0.0,0.0,5.0,0.0,0.0,0.0,10.0,0.5,0.0,0.0,0.0,0.0,0,0.0,0.0,292.2673563503292,0.0,146.1336781751646,Prosumer
2023-05-10 00:00:00,user_005,0,0,2,False,0.0,0.0,0.0,0.0,5.0,0.0,0.0,0.0,10.0,0.5,0.0,0.0,0.0,0.0,0,0.0,0.0,292.2673563503292,0.0,146.1336781751646,Prosumer
2023-05-10 01:00:00,user_005,1,0,2,False,0.0,0.0,0.0,0.0,5.0,0.0,0.0,0.0,10.0,0.5,0.0,0.0,0.0,0.0,0,0.0,0.0,292.2673563503292,0.0,146.1336781751646,Prosumer
2023-05-10 02:00:00,user_005,2,0,2,False,0.0,0.0,0.0,0.0,5.0,0.0,0.0,0.0,10.0,0.5,0.0,0.0,0.0,0.0,0,0.0,0.0,292.2673563503292,0.0,146.1336781751646,Prosumer
2023-05-10 03:00:00,user_005,3,0,2,False,0.0,0.0,0.0,0.0,5.0,0.0,0.0,0.0,10.0,0.5,0.0,0.0,0.0,0.0,0,0.0,0.0,292.2673563503292,0.0,146.1336781751646,Prosumer
2023-05-10 04:00:00,user_005,4,0,2,False,0.0,0.0,0.0,0.0,5.0,0.0,0.0,0.0,10.0,0.5,0.0,0.0,0.0,0.0,0,0.0,0.0,292.2673563503292,0.0,146.1336781751646,Prosumer
2023-05-10 05:00:00,user_005,5,0,2,False,0.0,0.0,0.0,0.0,5.0,0.0,0.0,0.0,10.0,0.5,0.0,0.0,0.0,0.0,0,0.0,0.0,292.2673563503292,0.0,146.1336781751646,Prosumer
2023-05-10 06:00:00,user_005,6,0,2,False,0.0,0.0,0.0,0.0,5.0,0.0,0.0,0.0,10.0,0.5,0.0,0.0,0.0,0.0,0,0.0,0.0,292.2673563503292,0.0,146.1336781751646,Prosumer
2023-05-10 07:00:00,user_005,7,0,2,False,0.0,0.0,0.0,0.0,5.0,0.0,0.0,0.0,10.0,0.5,0.0,0.0,0.0,0.0,0,0.0,0.0,292.2673563503292,0.0,146.1336781751646,Prosumer
2023-05-10 08:00:00,user_005,8,0,2,False,0.0,0.0,0.0,0.0,5.0,0.0,0.0,0.0,10.0,0.5,0.0,0.0,0.0,0.0,0,0.0,0.0,292.2673563503292,0.0,146.1336781751646,Prosumer
2023-05-10 09:00:00,user_005,9,0,2,False,0.0,0.0,0.0,0.0,5.0,0.0,0.0,0.0,10.0,0.5,0.0,0.0,0.0,0.0,0,0.0,0.0,292.2673563503292,0.0,146.1336781751646,Prosumer
2023-05-10 10:00:00,user_005,10,0,2,False,0.0,0.0,0.0,0.0,5.0,0.0,0.0,0.0,10.0,0.5,0.0,0.0,0.0,0.0,0,0.0,0.0,292.2673563503292,0.0,146.1336781751646,Prosumer
2023-05-10 11:00:00,user_005,11,0,2,False,0.0,0.0,0.0,0.0,5.0,0.0,0.0,0.0,10.0,0.5,0.0,0.0,0.0,0.0,0,0.0,0.0,292.2673563503292,0.0,146.1336781751646,Prosumer
2023-05-10 12:00:00,user_005,12,0,2,False,0.0,0.0,0.0,0.0,5.0,0.0,0.0,0.0,10.0,0.5,0.0,0.0,0.0,0.0,0,0.0,0.0,292.2673563503292,0.0,146.1336781751646,Prosumer
2023-05-10 13:00:00,user_005,13,0,2,False,0.0,0.0,0.0,0.0,5.0,0.0,0.0,0.0,10.0,0.5,0.0,0.0,0.0,0.0,0,0.0,0.0,292.2673563503292,0.0,146.1336781751646,Prosumer
2023-05-10 14:00:00,user_005,14,0,2,False,0.0,0.0,0.0,0.0,5.0,0.0,0.0,0.0,10.0,0.5,0.0,0.0,0.0,0.0,0,0.0,0.0,292.2673563503292,0.0,146.1336781751646,Prosumer
2023-05-10 15:00:00,user_005,15,0,2,False,0.0,0.0,0.0,0.0,5.0,0.0,0.0,0.0,10.0,0.5,0.0,0.0,0.0,0.0,0,0.0,0.0,292.2673563503292,0.0,146.1336781751646,Prosumer
2023-05-10 16:00:00,user_005,16,0,2,False,0.0,0.0,0.0,0.0,5.0,0.0,0.0,0.0,10.0,0.5,0.0,0.0,0.0,0.0,0,0.0,0.0,292.2673563503292,0.0,146.1336781751646,Prosumer
2023-05-10 17:00:00,user_005,17,0,2,False,0.0,0.0,0.0,0.0,5.0,0.0,0.0,0.0,10.0,0.5,0.0,0.0,0.0,0.0,0,0.0,0.0,292.2673563503292,0.0,146.1336781751646,Prosumer
2023-05-10 18:00:00,user_005,18,0,2,False,0.0,0.0,0.0,0.0,5.0,0.0,0.0,0.0,10.0,0.5,0.0,0.0,0.0,0.0,0,0.0,0.0,292.2673563503292,0.0,146.1336781751646,Prosumer
2023-05-10 19:00:00,user_005,19,0,2,False,0.0,0.0,0.0,0.0,5.0,0.0,0.0,0.0,10.0,0.5,0.0,0.0,0.0,0.0,0,0.0,0.0,292.2673563503292,0.0,146.1336781751646,Prosumer
2023-05-10 20:00:00,user_005,20,0,2,False,0.0,0.0,0.0,0.0,5.0,0.0,0.0,0.0,10.0,0.5,0.0,0.0,0.0,0.0,0,0.0,0.0,292.2673563503292,0.0,146.1336781751646,Prosumer
2023-05-10 21:00:00,user_005,21,0,2,False,0.0,0.0,0.0,0.0,5.0,0.0,0.0,0.0,10.0,0.5,0.0,0.0,0.0,0.0,0,0.0,0.0,292.2673563503292,0.0,146.1336781751646,Prosumer
2023-05-10 22:00:00,user_005,22,0,2,False,0.0,0.0,0.0,0.0,5.0,0.0,0.0,0.0,10.0,0.5,0.0,0.0,0.0,0.0,0,0.0,0.0,292.2673563503292,0.0,146.1336781751646,Prosumer
2023-05-10 23:00:00,user_005,23,0,2,False,0.0,0.0,0.0,0.0,5.0,0.0,0.0,0.0,10.0,0.5,0.0,0.0,0.0,0.0,0,0.0,0.0,292.2673563503292,0.0,146.1336781751646,Prosumer
2023-05-11 00:00:00,user_005,0,0,3,False,0.0,0.0,0.0,0.0,5.0,0.0,0.0,0.0,10.0,0.5,0.0,0.0,0.0,0.0,0,0.0,0.0,292.2673563503292,0.0,146.1336781751646,Prosumer
2023-05-11 01:00:00,user_005,1,0,3,False,0.0,0.0,0.0,0.0,5.0,0.0,0.0,0.0,10.0,0.5,0.0,0.0,0.0,0.0,0,0.0,0.0,292.2673563503292,0.0,146.1336781751646,Prosumer
2023-05-11 02:00:00,user_005,2,0,3,False,0.0,0.0,0.0,0.0,5.0,0.0,0.0,0.0,10.0,0.5,0.0,0.0,0.0,0.0,0,0.0,0.0,292.2673563503292,0.0,146.1336781751646,Prosumer
2023-05-11 03:00:00,user_005,3,0,3,False,0.0,0.0,0.0,0.0,5.0,0.0,0.0,0.0,10.0,0.5,0.0,0.0,0.0,0.0,0,0.0,0.0,292.2673563503292,0.0,146.1336781751646,Prosumer
2023-05-11 04:00:00,user_005,4,0,3,False,0.0,0.0,0.0,0.0,5.0,0.0,0.0,0.0,10.0,0.5,0.0,0.0,0.0,0.0,0,0.0,0.0,292.2673563503292,0.0,146.1336781751646,Prosumer
2023-05-11 05:00:00,user_005,5,0,3,False,0.0,0.0,0.0,0.0,5.0,0.0,0.0,0.0,10.0,0.5,0.0,0.0,0.0,0.0,0,0.0,0.0,292.2673563503292,0.0,146.1336781751646,Prosumer
2023-05-11 06:00:00,user_005,6,0,3,False,0.0,0.0,0.0,0.0,5.0,0.0,0.0,0.0,10.0,0.5,0.0,0.0,0.0,0.0,0,0.0,0.0,292.2673563503292,0.0,146.1336781751646,Prosumer
2023-05-11 07:00:00,user_005,7,0,3,False,0.0,0.0,0.0,0.0,5.0,0.0,0.0,0.0,10.0,0.5,0.0,0.0,0.0,0.0,0,0.0,0.0,292.2673563503292,0.0,146.1336781751646,Prosumer
2023-05-11 08:00:00,user_005,8,0,3,False,0.0,0.0,0.0,0.0,5.0,0.0,0.0,0.0,10.0,0.5,0.0,0.0,0.0,0.0,0,0.0,0.0,292.2673563503292,0.0,146.1336781751646,Prosumer
2023-05-11 09:00:00,user_005,9,0,3,False,0.0,0.0,0.0,0.0,5.0,0.0,0.0,0.0,10.0,0.5,0.0,0.0,0.0,0.0,0,0.0,0.0,292.2673563503292,0.0,146.1336781751646,Prosumer
2023-05-11 10:00:00,user_005,10,0,3,False,0.0,0.0,0.0,0.0,5.0,0.0,0.0,0.0,10.0,0.5,0.0,0.0,0.0,0.0,0,0.0,0.0,292.2673563503292,0.0,146.1336781751646,Prosumer
2023-05-11 11:00:00,user_005,11,0,3,False,0.0,0.0,0.0,0.0,5.0,0.0,0.0,0.0,10.0,0.5,0.0,0.0,0.0,0.0,0,0.0,0.0,292.2673563503292,0.0,146.1336781751646,Prosumer
2023-05-11 12:00:00,user_005,12,0,3,False,0.0,0.0,0.0,0.0,5.0,0.0,0.0,0.0,10.0,0.5,0.0,0.0,0.0,0.0,0,0.0,0.0,292.2673563503292,0.0,146.1336781751646,Prosumer
2023-05-11 13:00:00,user_005,13,0,3,False,0.0,0.0,0.0,0.0,5.0,0.0,0.0,0.0,10.0,0.5,0.0,0.0,0.0,0.0,0,0.0,0.0,292.2673563503292,0.0,146.1336781751646,Prosumer
2023-05-11 14:00:00,user_005,14,0,3,False,0.0,0.0,0.0,0.0,5.0,0.0,0.0,0.0,10.0,0.5,0.0,0.0,0.0,0.0,0,0.0,0.0,292.2673563503292,0.0,146.1336781751646,Prosumer
2023-05-11 15:00:00,user_005,15,0,3,False,0.0,0.0,0.0,0.0,5.0,0.0,0.0,0.0,10.0,0.5,0.0,0.0,0.0,0.0,0,0.0,0.0,292.2673563503292,0.0,146.1336781751646,Prosumer
2023-05-11 16:00:00,user_005,16,0,3,False,0.0,0.0,0.0,0.0,5.0,0.0,0.0,0.0,10.0,0.5,0.0,0.0,0.0,0.0,0,0.0,0.0,292.2673563503292,0.0,146.1336781751646,Prosumer
2023-05-11 17:00:00,user_005,17,0,3,False,0.0,0.0,0.0,0.0,5.0,0.0,0.0,0.0,10.0,0.5,0.0,0.0,0.0,0.0,0,0.0,0.0,292.2673563503292,0.0,146.1336781751646,Prosumer
2023-05-11 18:00:00,user_005,18,0,3,False,0.0,0.0,0.0,0.0,5.0,0.0,0.0,0.0,10.0,0.5,0.0,0.0,0.0,0.0,0,0.0,0.0,292.2673563503292,0.0,146.1336781751646,Prosumer
2023-05-11 19:00:00,user_005,19,0,3,False,0.0,0.0,0.0,0.0,5.0,0.0,0.0,0.0,10.0,0.5,0.0,0.0,0.0,0.0,0,0.0,0.0,292.2673563503292,0.0,146.1336781751646,Prosumer
2023-05-11 20:00:00,user_005,20,0,3,False,0.0,0.0,0.0,0.0,5.0,0.0,0.0,0.0,10.0,0.5,0.0,0.0,0.0,0.0,0,0.0,0.0,292.2673563503292,0.0,146.1336781751646,Prosumer
2023-05-11 21:00:00,user_005,21,0,3,False,0.0,0.0,0.0,0.0,5.0,0.0,0.0,0.0,10.0,0.5,0.0,0.0,0.0,0.0,0,0.0,0.0,292.2673563503292,0.0,146.1336781751646,Prosumer
2023-05-11 22:00:00,user_005,22,0,3,False,0.0,0.0,0.0,0.0,5.0,0.0,0.0,0.0,10.0,0.5,0.0,0.0,0.0,0.0,0,0.0,0.0,292.2673563503292,0.0,146.1336781751646,Prosumer
2023-05-11 23:00:00,user_005,23,0,3,False,0.0,0.0,0.0,0.0,5.0,0.0,0.0,0.0,10.0,0.5,0.0,0.0,0.0,0.0,0,0.0,0.0,292.2673563503292,0.0,146.1336781751646,Prosumer
2023-05-12 00:00:00,user_005,0,0,4,False,0.0,0.0,0.0,0.0,5.0,0.0,0.0,0.0,10.0,0.5,0.0,0.0,0.0,0.0,0,0.0,0.0,292.2673563503292,0.0,146.1336781751646,Prosumer
2023-05-12 01:00:00,user_005,1,0,4,False,0.0,0.0,0.0,0.0,5.0,0.0,0.0,0.0,10.0,0.5,0.0,0.0,0.0,0.0,0,0.0,0.0,292.2673563503292,0.0,146.1336781751646,Prosumer
2023-05-12 02:00:00,user_005,2,0,4,False,0.0,0.0,0.0,0.0,5.0,0.0,0.0,0.0,10.0,0.5,0.0,0.0,0.0,0.0,0,0.0,0.0,292.2673563503292,0.0,146.1336781751646,Prosumer
2023-05-12 03:00:00,user_005,3,0,4,False,0.0,0.0,0.0,0.0,5.0,0.0,0.0,0.0,10.0,0.5,0.0,0.0,0.0,0.0,0,0.0,0.0,292.2673563503292,0.0,146.1336781751646,Prosumer
2023-05-12 04:00:00,user_005,4,0,4,False,0.0,0.0,0.0,0.0,5.0,0.0,0.0,0.0,10.0,0.5,0.0,0.0,0.0,0.0,0,0.0,0.0,292.2673563503292,0.0,146.1336781751646,Prosumer
2023-05-12 05:00:00,user_005,5,0,4,False,0.0,0.0,0.0,0.0,5.0,0.0,0.0,0.0,10.0,0.5,0.0,0.0,0.0,0.0,0,0.0,0.0,292.2673563503292,0.0,146.1336781751646,Prosumer
2023-05-12 06:00:00,user_005,6,0,4,False,0.0,0.0,0.0,0.0,5.0,0.0,0.0,0.0,10.0,0.5,0.0,0.0,0.0,0.0,0,0.0,0.0,292.2673563503292,0.0,146.1336781751646,Prosumer
2023-05-12 07:00:00,user_005,7,0,4,False,0.0,0.0,0.0,0.0,5.0,0.0,0.0,0.0,10.0,0.5,0.0,0.0,0.0,0.0,0,0.0,0.0,292.2673563503292,0.0,146.1336781751646,Prosumer
2023-05-12 08:00:00,user_005,8,0,4,False,0.0,0.0,0.0,0.0,5.0,0.0,0.0,0.0,10.0,0.5,0.0,0.0,0.0,0.0,0,0.0,0.0,292.2673563503292,0.0,146.1336781751646,Prosumer
2023-05-12 09:00:00,user_005,9,0,4,False,0.0,0.0,0.0,0.0,5.0,0.0,0.0,0.0,10.0,0.5,0.0,0.0,0.0,0.0,0,0.0,0.0,292.2673563503292,0.0,146.1336781751646,Prosumer
2023-05-12 10:00:00,user_005,10,0,4,False,0.0,0.0,0.0,0.0,5.0,0.0,0.0,0.0,10.0,0.5,0.0,0.0,0.0,0.0,0,0.0,0.0,292.2673563503292,0.0,146.1336781751646,Prosumer
2023-05-12 11:00:00,user_005,11,0,4,False,0.0,0.0,0.0,0.0,5.0,0.0,0.0,0.0,10.0,0.5,0.0,0.0,0.0,0.0,0,0.0,0.0,292.2673563503292,0.0,146.1336781751646,Prosumer
2023-05-12 12:00:00,user_005,12,0,4,False,0.0,0.0,0.0,0.0,5.0,0.0,0.0,0.0,10.0,0.5,0.0,0.0,0.0,0.0,0,0.0,0.0,292.2673563503292,0.0,146.1336781751646,Prosumer
2023-05-12 13:00:00,user_005,13,0,4,False,0.0,0.0,0.0,0.0,5.0,0.0,0.0,0.0,10.0,0.5,0.0,0.0,0.0,0.0,0,0.0,0.0,292.2673563503292,0.0,146.1336781751646,Prosumer
2023-05-12 14:00:00,user_005,14,0,4,False,0.0,0.0,0.0,0.0,5.0,0.0,0.0,0.0,10.0,0.5,0.0,0.0,0.0,0.0,0,0.0,0.0,292.2673563503292,0.0,146.1336781751646,Prosumer
2023-05-12 15:00:00,user_005,15,0,4,False,0.0,0.0,0.0,0.0,5.0,0.0,0.0,0.0,10.0,0.5,0.0,0.0,0.0,0.0,0,0.0,0.0,292.2673563503292,0.0,146.1336781751646,Prosumer
2023-05-12 16:00:00,user_005,16,0,4,False,0.0,0.0,0.0,0.0,5.0,0.0,0.0,0.0,10.0,0.5,0.0,0.0,0.0,0.0,0,0.0,0.0,292.2673563503292,0.0,146.1336781751646,Prosumer
2023-05-12 17:00:00,user_005,17,0,4,False,0.0,0.0,0.0,0.0,5.0,0.0,0.0,0.0,10.0,0.5,0.0,0.0,0.0,0.0,0,0.0,0.0,292.2673563503292,0.0,146.1336781751646,Prosumer
2023-05-12 18:00:00,user_005,18,0,4,False,0.0,0.0,0.0,0.0,5.0,0.0,0.0,0.0,10.0,0.5,0.0,0.0,0.0,0.0,0,0.0,0.0,292.2673563503292,0.0,146.1336781751646,Prosumer
2023-05-12 19:00:00,user_005,19,0,4,False,0.0,0.0,0.0,0.0,5.0,0.0,0.0,0.0,10.0,0.5,0.0,0.0,0.0,0.0,0,0.0,0.0,292.2673563503292,0.0,146.1336781751646,Prosumer
2023-05-12 20:00:00,user_005,20,0,4,False,0.0,0.0,0.0,0.0,5.0,0.0,0.0,0.0,10.0,0.5,0.0,0.0,0.0,0.0,0,0.0,0.0,292.2673563503292,0.0,146.1336781751646,Prosumer
2023-05-12 21:00:00,user_005,21,0,4,False,0.0,0.0,0.0,0.0,5.0,0.0,0.0,0.0,10.0,0.5,0.0,0.0,0.0,0.0,0,0.0,0.0,292.2673563503292,0.0,146.1336781751646,Prosumer
2023-05-12 22:00:00,user_005,22,0,4,False,0.0,0.0,0.0,0.0,5.0,0.0,0.0,0.0,10.0,0.5,0.0,0.0,0.0,0.0,0,0.0,0.0,292.2673563503292,0.0,146.1336781751646,Prosumer
2023-05-12 23:00:00,user_005,23,0,4,False,0.0,0.0,0.0,0.0,5.0,0.0,0.0,0.0,10.0,0.5,0.0,0.0,0.0,0.0,0,0.0,0.0,292.2673563503292,0.0,146.1336781751646,Prosumer
2023-05-13 00:00:00,user_005,0,0,5,True,0.0,0.0,0.0,0.0,5.0,0.0,0.0,0.0,10.0,0.5,0.0,0.0,0.0,0.0,0,0.0,0.0,292.2673563503292,0.0,146.1336781751646,Prosumer
2023-05-13 01:00:00,user_005,1,0,5,True,0.0,0.0,0.0,0.0,5.0,0.0,0.0,0.0,10.0,0.5,0.0,0.0,0.0,0.0,0,0.0,0.0,292.2673563503292,0.0,146.1336781751646,Prosumer
2023-05-13 02:00:00,user_005,2,0,5,True,0.0,0.0,0.0,0.0,5.0,0.0,0.0,0.0,10.0,0.5,0.0,0.0,0.0,0.0,0,0.0,0.0,292.2673563503292,0.0,146.1336781751646,Prosumer
2023-05-13 03:00:00,user_005,3,0,5,True,0.0,0.0,0.0,0.0,5.0,0.0,0.0,0.0,10.0,0.5,0.0,0.0,0.0,0.0,0,0.0,0.0,292.2673563503292,0.0,146.1336781751646,Prosumer
2023-05-13 04:00:00,user_005,4,0,5,True,0.0,0.0,0.0,0.0,5.0,0.0,0.0,0.0,10.0,0.5,0.0,0.0,0.0,0.0,0,0.0,0.0,292.2673563503292,0.0,146.1336781751646,Prosumer
2023-05-13 05:00:00,user_005,5,0,5,True,0.0,0.0,0.0,0.0,5.0,0.0,0.0,0.0,10.0,0.5,0.0,0.0,0.0,0.0,0,0.0,0.0,292.2673563503292,0.0,146.1336781751646,Prosumer
2023-05-13 06:00:00,user_005,6,0,5,True,0.0,0.0,0.0,0.0,5.0,0.0,0.0,0.0,10.0,0.5,0.0,0.0,0.0,0.0,0,0.0,0.0,292.2673563503292,0.0,146.1336781751646,Prosumer
2023-05-13 07:00:00,user_005,7,0,5,True,0.0,0.0,0.0,0.0,5.0,0.0,0.0,0.0,10.0,0.5,0.0,0.0,0.0,0.0,0,0.0,0.0,292.2673563503292,0.0,146.1336781751646,Prosumer
2023-05-13 08:00:00,user_005,8,0,5,True,0.0,0.0,0.0,0.0,5.0,0.0,0.0,0.0,10.0,0.5,0.0,0.0,0.0,0.0,0,0.0,0.0,292.2673563503292,0.0,146.1336781751646,Prosumer
2023-05-13 09:00:00,user_005,9,0,5,True,0.0,0.0,0.0,0.0,5.0,0.0,0.0,0.0,10.0,0.5,0.0,0.0,0.0,0.0,0,0.0,0.0,292.2673563503292,0.0,146.1336781751646,Prosumer
2023-05-13 10:00:00,user_005,10,0,5,True,0.0,0.0,0.0,0.0,5.0,0.0,0.0,0.0,10.0,0.5,0.0,0.0,0.0,0.0,0,0.0,0.0,292.2673563503292,0.0,146.1336781751646,Prosumer
2023-05-13 11:00:00,user_005,11,0,5,True,0.0,0.0,0.0,0.0,5.0,0.0,0.0,0.0,10.0,0.5,0.0,0.0,0.0,0.0,0,0.0,0.0,292.2673563503292,0.0,146.1336781751646,Prosumer
2023-05-13 12:00:00,user_005,12,0,5,True,0.0,0.0,0.0,0.0,5.0,0.0,0.0,0.0,10.0,0.5,0.0,0.0,0.0,0.0,0,0.0,0.0,292.2673563503292,0.0,146.1336781751646,Prosumer
2023-05-13 13:00:00,user_005,13,0,5,True,0.0,0.0,0.0,0.0,5.0,0.0,0.0,0.0,10.0,0.5,0.0,0.0,0.0,0.0,0,0.0,0.0,292.2673563503292,0.0,146.1336781751646,Prosumer
2023-05-13 14:00:00,user_005,14,0,5,True,0.0,0.0,0.0,0.0,5.0,0.0,0.0,0.0,10.0,0.5,0.0,0.0,0.0,0.0,0,0.0,0.0,292.2673563503292,0.0,146.1336781751646,Prosumer
2023-05-13 15:00:00,user_005,15,0,5,True,0.0,0.0,0.0,0.0,5.0,0.0,0.0,0.0,10.0,0.5,0.0,0.0,0.0,0.0,0,0.0,0.0,292.2673563503292,0.0,146.1336781751646,Prosumer
2023-05-13 16:00:00,user_005,16,0,5,True,0.0,0.0,0.0,0.0,5.0,0.0,0.0,0.0,10.0,0.5,0.0,0.0,0.0,0.0,0,0.0,0.0,292.2673563503292,0.0,146.1336781751646,Prosumer
2023-05-13 17:00:00,user_005,17,0,5,True,0.0,0.0,0.0,0.0,5.0,0.0,0.0,0.0,10.0,0.5,0.0,0.0,0.0,0.0,0,0.0,0.0,292.2673563503292,0.0,146.1336781751646,Prosumer
2023-05-13 18:00:00,user_005,18,0,5,True,0.0,0.0,0.0,0.0,5.0,0.0,0.0,0.0,10.0,0.5,0.0,0.0,0.0,0.0,0,0.0,0.0,292.2673563503292,0.0,146.1336781751646,Prosumer
2023-05-13 19:00:00,user_005,19,0,5,True,0.0,0.0,0.0,0.0,5.0,0.0,0.0,0.0,10.0,0.5,0.0,0.0,0.0,0.0,0,0.0,0.0,292.2673563503292,0.0,146.1336781751646,Prosumer
2023-05-13 20:00:00,user_005,20,0,5,True,0.0,0.0,0.0,0.0,5.0,0.0,0.0,0.0,10.0,0.5,0.0,0.0,0.0,0.0,0,0.0,0.0,292.2673563503292,0.0,146.1336781751646,Prosumer
2023-05-13 21:00:00,user_005,21,0,5,True,0.0,0.0,0.0,0.0,5.0,0.0,0.0,0.0,10.0,0.5,0.0,0.0,0.0,0.0,0,0.0,0.0,292.2673563503292,0.0,146.1336781751646,Prosumer
2023-05-13 22:00:00,user_005,22,0,5,True,0.0,0.0,0.0,0.0,5.0,0.0,0.0,0.0,10.0,0.5,0.0,0.0,0.0,0.0,0,0.0,0.0,292.2673563503292,0.0,146.1336781751646,Prosumer
2023-05-13 23:00:00,user_005,23,0,5,True,0.0,0.0,0.0,0.0,5.0,0.0,0.0,0.0,10.0,0.5,0.0,0.0,0.0,0.0,0,0.0,0.0,292.2673563503292,0.0,146.1336781751646,Prosumer
2023-05-14 00:00:00,user_005,0,0,6,True,0.0,0.0,0.0,0.0,5.0,0.0,0.0,0.0,10.0,0.5,0.0,0.0,0.0,0.0,0,0.0,0.0,292.2673563503292,0.0,146.1336781751646,Prosumer
2023-05-14 01:00:00,user_005,1,0,6,True,0.0,0.0,0.0,0.0,5.0,0.0,0.0,0.0,10.0,0.5,0.0,0.0,0.0,0.0,0,0.0,0.0,292.2673563503292,0.0,146.1336781751646,Prosumer
2023-05-14 02:00:00,user_005,2,0,6,True,0.0,0.0,0.0,0.0,5.0,0.0,0.0,0.0,10.0,0.5,0.0,0.0,0.0,0.0,0,0.0,0.0,292.2673563503292,0.0,146.1336781751646,Prosumer
2023-05-14 03:00:00,user_005,3,0,6,True,0.0,0.0,0.0,0.0,5.0,0.0,0.0,0.0,10.0,0.5,0.0,0.0,0.0,0.0,0,0.0,0.0,292.2673563503292,0.0,146.1336781751646,Prosumer
2023-05-14 04:00:00,user_005,4,0,6,True,0.0,0.0,0.0,0.0,5.0,0.0,0.0,0.0,10.0,0.5,0.0,0.0,0.0,0.0,0,0.0,0.0,292.2673563503292,0.0,146.1336781751646,Prosumer
2023-05-14 05:00:00,user_005,5,0,6,True,0.0,0.0,0.0,0.0,5.0,0.0,0.0,0.0,10.0,0.5,0.0,0.0,0.0,0.0,0,0.0,0.0,292.2673563503292,0.0,146.1336781751646,Prosumer
2023-05-14 06:00:00,user_005,6,0,6,True,0.0,0.0,0.0,0.0,5.0,0.0,0.0,0.0,10.0,0.5,0.0,0.0,0.0,0.0,0,0.0,0.0,292.2673563503292,0.0,146.1336781751646,Prosumer
2023-05-14 07:00:00,user_005,7,0,6,True,0.0,0.0,0.0,0.0,5.0,0.0,0.0,0.0,10.0,0.5,0.0,0.0,0.0,0.0,0,0.0,0.0,292.2673563503292,0.0,146.1336781751646,Prosumer
2023-05-14 08:00:00,user_005,8,0,6,True,0.0,0.0,0.0,0.0,5.0,0.0,0.0,0.0,10.0,0.5,0.0,0.0,0.0,0.0,0,0.0,0.0,292.2673563503292,0.0,146.1336781751646,Prosumer
2023-05-14 09:00:00,user_005,9,0,6,True,0.0,0.0,0.0,0.0,5.0,0.0,0.0,0.0,10.0,0.5,0.0,0.0,0.0,0.0,0,0.0,0.0,292.2673563503292,0.0,146.1336781751646,Prosumer
2023-05-14 10:00:00,user_005,10,0,6,True,0.0,0.0,0.0,0.0,5.0,0.0,0.0,0.0,10.0,0.5,0.0,0.0,0.0,0.0,0,0.0,0.0,292.2673563503292,0.0,146.1336781751646,Prosumer
2023-05-14 11:00:00,user_005,11,0,6,True,0.0,0.0,0.0,0.0,5.0,0.0,0.0,0.0,10.0,0.5,0.0,0.0,0.0,0.0,0,0.0,0.0,292.2673563503292,0.0,146.1336781751646,Prosumer
2023-05-14 12:00:00,user_005,12,0,6,True,0.0,0.0,0.0,0.0,5.0,0.0,0.0,0.0,10.0,0.5,0.0,0.0,0.0,0.0,0,0.0,0.0,292.2673563503292,0.0,146.1336781751646,Prosumer
2023-05-14 13:00:00,user_005,13,0,6,True,0.0,0.0,0.0,0.0,5.0,0.0,0.0,0.0,10.0,0.5,0.0,0.0,0.0,0.0,0,0.0,0.0,292.2673563503292,0.0,146.1336781751646,Prosumer
2023-05-14 14:00:00,user_005,14,0,6,True,0.0,0.0,0.0,0.0,5.0,0.0,0.0,0.0,10.0,0.5,0.0,0.0,0.0,0.0,0,0.0,0.0,292.2673563503292,0.0,146.1336781751646,Prosumer
2023-05-14 15:00:00,user_005,15,0,6,True,0.0,0.0,0.0,0.0,5.0,0.0,0.0,0.0,10.0,0.5,0.0,0.0,0.0,0.0,0,0.0,0.0,292.2673563503292,0.0,146.1336781751646,Prosumer
2023-05-14 16:00:00,user_005,16,0,6,True,0.0,0.0,0.0,0.0,5.0,0.0,0.0,0.0,10.0,0.5,0.0,0.0,0.0,0.0,0,0.0,0.0,292.2673563503292,0.0,146.1336781751646,Prosumer
2023-05-14 17:00:00,user_005,17,0,6,True,0.0,0.0,0.0,0.0,5.0,0.0,0.0,0.0,10.0,0.5,0.0,0.0,0.0,0.0,0,0.0,0.0,292.2673563503292,0.0,146.1336781751646,Prosumer
2023-05-14 18:00:00,user_005,18,0,6,True,0.0,0.0,0.0,0.0,5.0,0.0,0.0,0.0,10.0,0.5,0.0,0.0,0.0,0.0,0,0.0,0.0,292.2673563503292,0.0,146.1336781751646,Prosumer
2023-05-14 19:00:00,user_005,19,0,6,True,0.0,0.0,0.0,0.0,5.0,0.0,0.0,0.0,10.0,0.5,0.0,0.0,0.0,0.0,0,0.0,0.0,292.2673563503292,0.0,146.1336781751646,Prosumer
2023-05-14 20:00:00,user_005,20,0,6,True,0.0,0.0,0.0,0.0,5.0,0.0,0.0,0.0,10.0,0.5,0.0,0.0,0.0,0.0,0,0.0,0.0,292.2673563503292,0.0,146.1336781751646,Prosumer
2023-05-14 21:00:00,user_005,21,0,6,True,0.0,0.0,0.0,0.0,5.0,0.0,0.0,0.0,10.0,0.5,0.0,0.0,0.0,0.0,0,0.0,0.0,292.2673563503292,0.0,146.1336781751646,Prosumer
2023-05-14 22:00:00,user_005,22,0,6,True,0.0,0.0,0.0,0.0,5.0,0.0,0.0,0.0,10.0,0.5,0.0,0.0,0.0,0.0,0,0.0,0.0,292.2673563503292,0.0,146.1336781751646,Prosumer
2023-05-14 23:00:00,user_005,23,0,6,True,0.0,0.0,0.0,0.0,5.0,0.0,0.0,0.0,10.0,0.5,0.0,0.0,0.0,0.0,0,0.0,0.0,292.2673563503292,0.0,146.1336781751646,Prosumer
2023-05-15 00:00:00,user_005,0,0,0,False,0.0,0.0,0.0,0.0,5.0,0.0,0.0,0.0,10.0,0.5,0.0,0.0,0.0,0.0,0,0.0,0.0,292.2673563503292,0.0,146.1336781751646,Prosumer
2023-05-15 01:00:00,user_005,1,0,0,False,0.0,0.0,0.0,0.0,5.0,0.0,0.0,0.0,10.0,0.5,0.0,0.0,0.0,0.0,0,0.0,0.0,292.2673563503292,0.0,146.1336781751646,Prosumer
2023-05-15 02:00:00,user_005,2,0,0,False,0.0,0.0,0.0,0.0,5.0,0.0,0.0,0.0,10.0,0.5,0.0,0.0,0.0,0.0,0,0.0,0.0,292.2673563503292,0.0,146.1336781751646,Prosumer
2023-05-15 03:00:00,user_005,3,0,0,False,0.0,0.0,0.0,0.0,5.0,0.0,0.0,0.0,10.0,0.5,0.0,0.0,0.0,0.0,0,0.0,0.0,292.2673563503292,0.0,146.1336781751646,Prosumer
2023-05-15 04:00:00,user_005,4,0,0,False,0.0,0.0,0.0,0.0,5.0,0.0,0.0,0.0,10.0,0.5,0.0,0.0,0.0,0.0,0,0.0,0.0,292.2673563503292,0.0,146.1336781751646,Prosumer
2023-05-15 05:00:00,user_005,5,0,0,False,0.0,0.0,0.0,0.0,5.0,0.0,0.0,0.0,10.0,0.5,0.0,0.0,0.0,0.0,0,0.0,0.0,292.2673563503292,0.0,146.1336781751646,Prosumer
2023-05-15 06:00:00,user_005,6,0,0,False,0.0,0.0,0.0,0.0,5.0,0.0,0.0,0.0,10.0,0.5,0.0,0.0,0.0,0.0,0,0.0,0.0,292.2673563503292,0.0,146.1336781751646,Prosumer
2023-05-15 07:00:00,user_005,7,0,0,False,0.0,0.0,0.0,0.0,5.0,0.0,0.0,0.0,10.0,0.5,0.0,0.0,0.0,0.0,0,0.0,0.0,292.2673563503292,0.0,146.1336781751646,Prosumer
2023-05-15 08:00:00,user_005,8,0,0,False,0.0,0.0,0.0,0.0,5.0,0.0,0.0,0.0,10.0,0.5,0.0,0.0,0.0,0.0,0,0.0,0.0,292.2673563503292,0.0,146.1336781751646,Prosumer
2023-05-15 09:00:00,user_005,9,0,0,False,0.0,0.0,0.0,0.0,5.0,0.0,0.0,0.0,10.0,0.5,0.0,0.0,0.0,0.0,0,0.0,0.0,292.2673563503292,0.0,146.1336781751646,Prosumer
2023-05-15 10:00:00,user_005,10,0,0,False,0.0,0.0,0.0,0.0,5.0,0.0,0.0,0.0,10.0,0.5,0.0,0.0,0.0,0.0,0,0.0,0.0,292.2673563503292,0.0,146.1336781751646,Prosumer
2023-05-15 11:00:00,user_005,11,0,0,False,0.0,0.0,0.0,0.0,5.0,0.0,0.0,0.0,10.0,0.5,0.0,0.0,0.0,0.0,0,0.0,0.0,292.2673563503292,0.0,146.1336781751646,Prosumer
2023-05-15 12:00:00,user_005,12,0,0,False,0.0,0.0,0.0,0.0,5.0,0.0,0.0,0.0,10.0,0.5,0.0,0.0,0.0,0.0,0,0.0,0.0,292.2673563503292,0.0,146.1336781751646,Prosumer
2023-05-15 13:00:00,user_005,13,0,0,False,0.0,0.0,0.0,0.0,5.0,0.0,0.0,0.0,10.0,0.5,0.0,0.0,0.0,0.0,0,0.0,0.0,292.2673563503292,0.0,146.1336781751646,Prosumer
2023-05-15 14:00:00,user_005,14,0,0,False,0.0,0.0,0.0,0.0,5.0,0.0,0.0,0.0,10.0,0.5,0.0,0.0,0.0,0.0,0,0.0,0.0,292.2673563503292,0.0,146.1336781751646,Prosumer
2023-05-15 15:00:00,user_005,15,0,0,False,0.0,0.0,0.0,0.0,5.0,0.0,0.0,0.0,10.0,0.5,0.0,0.0,0.0,0.0,0,0.0,0.0,292.2673563503292,0.0,146.1336781751646,Prosumer
2023-05-15 16:00:00,user_005,16,0,0,False,0.0,0.0,0.0,0.0,5.0,0.0,0.0,0.0,10.0,0.5,0.0,0.0,0.0,0.0,0,0.0,0.0,292.2673563503292,0.0,146.1336781751646,Prosumer
2023-05-15 17:00:00,user_005,17,0,0,False,0.0,0.0,0.0,0.0,5.0,0.0,0.0,0.0,10.0,0.5,0.0,0.0,0.0,0.0,0,0.0,0.0,292.2673563503292,0.0,146.1336781751646,Prosumer
2023-05-15 18:00:00,user_005,18,0,0,False,0.0,0.0,0.0,0.0,5.0,0.0,0.0,0.0,10.0,0.5,0.0,0.0,0.0,0.0,0,0.0,0.0,292.2673563503292,0.0,146.1336781751646,Prosumer
2023-05-15 19:00:00,user_005,19,0,0,False,0.0,0.0,0.0,0.0,5.0,0.0,0.0,0.0,10.0,0.5,0.0,0.0,0.0,0.0,0,0.0,0.0,292.2673563503292,0.0,146.1336781751646,Prosumer
2023-05-15 20:00:00,user_005,20,0,0,False,0.0,0.0,0.0,0.0,5.0,0.0,0.0,0.0,10.0,0.5,0.0,0.0,0.0,0.0,0,0.0,0.0,292.2673563503292,0.0,146.1336781751646,Prosumer
2023-05-15 21:00:00,user_005,21,0,0,False,0.0,0.0,0.0,0.0,5.0,0.0,0.0,0.0,10.0,0.5,0.0,0.0,0.0,0.0,0,0.0,0.0,292.2673563503292,0.0,146.1336781751646,Prosumer
2023-05-15 22:00:00,user_005,22,0,0,False,0.0,0.0,0.0,0.0,5.0,0.0,0.0,0.0,10.0,0.5,0.0,0.0,0.0,0.0,0,0.0,0.0,292.2673563503292,0.0,146.1336781751646,Prosumer
2023-05-15 23:00:00,user_005,23,0,0,False,0.0,0.0,0.0,0.0,5.0,0.0,0.0,0.0,10.0,0.5,0.0,0.0,0.0,0.0,0,0.0,0.0,292.2673563503292,0.0,146.1336781751646,Prosumer
2023-05-16 00:00:00,user_005,0,0,1,False,0.0,0.0,0.0,0.0,5.0,0.0,0.0,0.0,10.0,0.5,0.0,0.0,0.0,0.0,0,0.0,0.0,292.2673563503292,0.0,146.1336781751646,Prosumer
2023-05-16 01:00:00,user_005,1,0,1,False,0.0,0.0,0.0,0.0,5.0,0.0,0.0,0.0,10.0,0.5,0.0,0.0,0.0,0.0,0,0.0,0.0,292.2673563503292,0.0,146.1336781751646,Prosumer
2023-05-16 02:00:00,user_005,2,0,1,False,0.0,0.0,0.0,0.0,5.0,0.0,0.0,0.0,10.0,0.5,0.0,0.0,0.0,0.0,0,0.0,0.0,292.2673563503292,0.0,146.1336781751646,Prosumer
2023-05-16 03:00:00,user_005,3,0,1,False,0.0,0.0,0.0,0.0,5.0,0.0,0.0,0.0,10.0,0.5,0.0,0.0,0.0,0.0,0,0.0,0.0,292.2673563503292,0.0,146.1336781751646,Prosumer
2023-05-16 04:00:00,user_005,4,0,1,False,0.0,0.0,0.0,0.0,5.0,0.0,0.0,0.0,10.0,0.5,0.0,0.0,0.0,0.0,0,0.0,0.0,292.2673563503292,0.0,146.1336781751646,Prosumer
2023-05-16 05:00:00,user_005,5,0,1,False,0.0,0.0,0.0,0.0,5.0,0.0,0.0,0.0,10.0,0.5,0.0,0.0,0.0,0.0,0,0.0,0.0,292.2673563503292,0.0,146.1336781751646,Prosumer
2023-05-16 06:00:00,user_005,6,0,1,False,0.0,0.0,0.0,0.0,5.0,0.0,0.0,0.0,10.0,0.5,0.0,0.0,0.0,0.0,0,0.0,0.0,292.2673563503292,0.0,146.1336781751646,Prosumer
2023-05-16 07:00:00,user_005,7,0,1,False,0.0,0.0,0.0,0.0,5.0,0.0,0.0,0.0,10.0,0.5,0.0,0.0,0.0,0.0,0,0.0,0.0,292.2673563503292,0.0,146.1336781751646,Prosumer
2023-05-16 08:00:00,user_005,8,0,1,False,0.0,0.0,0.0,0.0,5.0,0.0,0.0,0.0,10.0,0.5,0.0,0.0,0.0,0.0,0,0.0,0.0,292.2673563503292,0.0,146.1336781751646,Prosumer
2023-05-16 09:00:00,user_005,9,0,1,False,0.0,0.0,0.0,0.0,5.0,0.0,0.0,0.0,10.0,0.5,0.0,0.0,0.0,0.0,0,0.0,0.0,292.2673563503292,0.0,146.1336781751646,Prosumer
2023-05-16 10:00:00,user_005,10,0,1,False,0.0,0.0,0.0,0.0,5.0,0.0,0.0,0.0,10.0,0.5,0.0,0.0,0.0,0.0,0,0.0,0.0,292.2673563503292,0.0,146.1336781751646,Prosumer
2023-05-16 11:00:00,user_005,11,0,1,False,0.0,0.0,0.0,0.0,5.0,0.0,0.0,0.0,10.0,0.5,0.0,0.0,0.0,0.0,0,0.0,0.0,292.2673563503292,0.0,146.1336781751646,Prosumer
2023-05-16 12:00:00,user_005,12,0,1,False,0.0,0.0,0.0,0.0,5.0,0.0,0.0,0.0,10.0,0.5,0.0,0.0,0.0,0.0,0,0.0,0.0,292.2673563503292,0.0,146.1336781751646,Prosumer
2023-05-16 13:00:00,user_005,13,0,1,False,0.0,0.0,0.0,0.0,5.0,0.0,0.0,0.0,10.0,0.5,0.0,0.0,0.0,0.0,0,0.0,0.0,292.2673563503292,0.0,146.1336781751646,Prosumer
2023-05-16 14:00:00,user_005,14,0,1,False,0.0,0.0,0.0,0.0,5.0,0.0,0.0,0.0,10.0,0.5,0.0,0.0,0.0,0.0,0,0.0,0.0,292.2673563503292,0.0,146.1336781751646,Prosumer
2023-05-16 15:00:00,user_005,15,0,1,False,0.0,0.0,0.0,0.0,5.0,0.0,0.0,0.0,10.0,0.5,0.0,0.0,0.0,0.0,0,0.0,0.0,292.2673563503292,0.0,146.1336781751646,Prosumer
2023-05-16 16:00:00,user_005,16,0,1,False,0.0,0.0,0.0,0.0,5.0,0.0,0.0,0.0,10.0,0.5,0.0,0.0,0.0,0.0,0,0.0,0.0,292.2673563503292,0.0,146.1336781751646,Prosumer
2023-05-16 17:00:00,user_005,17,0,1,False,0.0,0.0,0.0,0.0,5.0,0.0,0.0,0.0,10.0,0.5,0.0,0.0,0.0,0.0,0,0.0,0.0,292.2673563503292,0.0,146.1336781751646,Prosumer
2023-05-16 18:00:00,user_005,18,0,1,False,0.0,0.0,0.0,0.0,5.0,0.0,0.0,0.0,10.0,0.5,0.0,0.0,0.0,0.0,0,0.0,0.0,292.2673563503292,0.0,146.1336781751646,Prosumer
2023-05-16 19:00:00,user_005,19,0,1,False,0.0,0.0,0.0,0.0,5.0,0.0,0.0,0.0,10.0,0.5,0.0,0.0,0.0,0.0,0,0.0,0.0,292.2673563503292,0.0,146.1336781751646,Prosumer
2023-05-16 20:00:00,user_005,20,0,1,False,0.0,0.0,0.0,0.0,5.0,0.0,0.0,0.0,10.0,0.5,0.0,0.0,0.0,0.0,0,0.0,0.0,292.2673563503292,0.0,146.1336781751646,Prosumer
2023-05-16 21:00:00,user_005,21,0,1,False,0.0,0.0,0.0,0.0,5.0,0.0,0.0,0.0,10.0,0.5,0.0,0.0,0.0,0.0,0,0.0,0.0,292.2673563503292,0.0,146.1336781751646,Prosumer
2023-05-16 22:00:00,user_005,22,0,1,False,0.0,0.0,0.0,0.0,5.0,0.0,0.0,0.0,10.0,0.5,0.0,0.0,0.0,0.0,0,0.0,0.0,292.2673563503292,0.0,146.1336781751646,Prosumer
2023-05-16 23:00:00,user_005,23,0,1,False,0.0,0.0,0.0,0.0,5.0,0.0,0.0,0.0,10.0,0.5,0.0,0.0,0.0,0.0,0,0.0,0.0,292.2673563503292,0.0,146.1336781751646,Prosumer
2023-05-17 00:00:00,user_005,0,0,2,False,0.0,0.0,0.0,0.0,5.0,0.0,0.0,0.0,10.0,0.5,0.0,0.0,0.0,0.0,0,0.0,0.0,292.2673563503292,0.0,146.1336781751646,Prosumer
2023-05-17 01:00:00,user_005,1,0,2,False,0.0,0.0,0.0,0.0,5.0,0.0,0.0,0.0,10.0,0.5,0.0,0.0,0.0,0.0,0,0.0,0.0,292.2673563503292,0.0,146.1336781751646,Prosumer
2023-05-17 02:00:00,user_005,2,0,2,False,0.0,0.0,0.0,0.0,5.0,0.0,0.0,0.0,10.0,0.5,0.0,0.0,0.0,0.0,0,0.0,0.0,292.2673563503292,0.0,146.1336781751646,Prosumer
2023-05-17 03:00:00,user_005,3,0,2,False,0.0,0.0,0.0,0.0,5.0,0.0,0.0,0.0,10.0,0.5,0.0,0.0,0.0,0.0,0,0.0,0.0,292.2673563503292,0.0,146.1336781751646,Prosumer
2023-05-17 04:00:00,user_005,4,0,2,False,0.0,0.0,0.0,0.0,5.0,0.0,0.0,0.0,10.0,0.5,0.0,0.0,0.0,0.0,0,0.0,0.0,292.2673563503292,0.0,146.1336781751646,Prosumer
2023-05-17 05:00:00,user_005,5,0,2,False,0.0,0.0,0.0,0.0,5.0,0.0,0.0,0.0,10.0,0.5,0.0,0.0,0.0,0.0,0,0.0,0.0,292.2673563503292,0.0,146.1336781751646,Prosumer
2023-05-17 06:00:00,user_005,6,0,2,False,0.0,0.0,0.0,0.0,5.0,0.0,0.0,0.0,10.0,0.5,0.0,0.0,0.0,0.0,0,0.0,0.0,292.2673563503292,0.0,146.1336781751646,Prosumer
2023-05-17 07:00:00,user_005,7,0,2,False,0.0,0.0,0.0,0.0,5.0,0.0,0.0,0.0,10.0,0.5,0.0,0.0,0.0,0.0,0,0.0,0.0,292.2673563503292,0.0,146.1336781751646,Prosumer
2023-05-17 08:00:00,user_005,8,0,2,False,0.0,0.0,0.0,0.0,5.0,0.0,0.0,0.0,10.0,0.5,0.0,0.0,0.0,0.0,0,0.0,0.0,292.2673563503292,0.0,146.1336781751646,Prosumer
2023-05-17 09:00:00,user_005,9,0,2,False,0.0,0.0,0.0,0.0,5.0,0.0,0.0,0.0,10.0,0.5,0.0,0.0,0.0,0.0,0,0.0,0.0,292.2673563503292,0.0,146.1336781751646,Prosumer
2023-05-17 10:00:00,user_005,10,0,2,False,0.0,0.0,0.0,0.0,5.0,0.0,0.0,0.0,10.0,0.5,0.0,0.0,0.0,0.0,0,0.0,0.0,292.2673563503292,0.0,146.1336781751646,Prosumer
2023-05-17 11:00:00,user_005,11,0,2,False,0.0,0.0,0.0,0.0,5.0,0.0,0.0,0.0,10.0,0.5,0.0,0.0,0.0,0.0,0,0.0,0.0,292.2673563503292,0.0,146.1336781751646,Prosumer
2023-05-17 12:00:00,user_005,12,0,2,False,0.0,0.0,0.0,0.0,5.0,0.0,0.0,0.0,10.0,0.5,0.0,0.0,0.0,0.0,0,0.0,0.0,292.2673563503292,0.0,146.1336781751646,Prosumer
2023-05-17 13:00:00,user_005,13,0,2,False,0.0,0.0,0.0,0.0,5.0,0.0,0.0,0.0,10.0,0.5,0.0,0.0,0.0,0.0,0,0.0,0.0,292.2673563503292,0.0,146.1336781751646,Prosumer
2023-05-17 14:00:00,user_005,14,0,2,False,0.0,0.0,0.0,0.0,5.0,0.0,0.0,0.0,10.0,0.5,0.0,0.0,0.0,0.0,0,0.0,0.0,292.2673563503292,0.0,146.1336781751646,Prosumer
2023-05-17 15:00:00,user_005,15,0,2,False,0.0,0.0,0.0,0.0,5.0,0.0,0.0,0.0,10.0,0.5,0.0,0.0,0.0,0.0,0,0.0,0.0,292.2673563503292,0.0,146.1336781751646,Prosumer
2023-05-17 16:00:00,user_005,16,0,2,False,0.0,0.0,0.0,0.0,5.0,0.0,0.0,0.0,10.0,0.5,0.0,0.0,0.0,0.0,0,0.0,0.0,292.2673563503292,0.0,146.1336781751646,Prosumer
2023-05-17 17:00:00,user_005,17,0,2,False,0.0,0.0,0.0,0.0,5.0,0.0,0.0,0.0,10.0,0.5,0.0,0.0,0.0,0.0,0,0.0,0.0,292.2673563503292,0.0,146.1336781751646,Prosumer
2023-05-17 18:00:00,user_005,18,0,2,False,0.0,0.0,0.0,0.0,5.0,0.0,0.0,0.0,10.0,0.5,0.0,0.0,0.0,0.0,0,0.0,0.0,292.2673563503292,0.0,146.1336781751646,Prosumer
2023-05-17 19:00:00,user_005,19,0,2,False,0.0,0.0,0.0,0.0,5.0,0.0,0.0,0.0,10.0,0.5,0.0,0.0,0.0,0.0,0,0.0,0.0,292.2673563503292,0.0,146.1336781751646,Prosumer
2023-05-17 20:00:00,user_005,20,0,2,False,0.0,0.0,0.0,0.0,5.0,0.0,0.0,0.0,10.0,0.5,0.0,0.0,0.0,0.0,0,0.0,0.0,292.2673563503292,0.0,146.1336781751646,Prosumer
2023-05-17 21:00:00,user_005,21,0,2,False,0.0,0.0,0.0,0.0,5.0,0.0,0.0,0.0,10.0,0.5,0.0,0.0,0.0,0.0,0,0.0,0.0,292.2673563503292,0.0,146.1336781751646,Prosumer
2023-05-17 22:00:00,user_005,22,0,2,False,0.0,0.0,0.0,0.0,5.0,0.0,0.0,0.0,10.0,0.5,0.0,0.0,0.0,0.0,0,0.0,0.0,292.2673563503292,0.0,146.1336781751646,Prosumer
2023-05-17 23:00:00,user_005,23,0,2,False,0.0,0.0,0.0,0.0,5.0,0.0,0.0,0.0,10.0,0.5,0.0,0.0,0.0,0.0,0,0.0,0.0,292.2673563503292,0.0,146.1336781751646,Prosumer
2023-05-18 00:00:00,user_005,0,0,3,False,0.0,0.0,0.0,0.0,5.0,0.0,0.0,0.0,10.0,0.5,0.0,0.0,0.0,0.0,0,0.0,0.0,292.2673563503292,0.0,146.1336781751646,Prosumer
2023-05-18 01:00:00,user_005,1,0,3,False,0.0,0.0,0.0,0.0,5.0,0.0,0.0,0.0,10.0,0.5,0.0,0.0,0.0,0.0,0,0.0,0.0,292.2673563503292,0.0,146.1336781751646,Prosumer
2023-05-18 02:00:00,user_005,2,0,3,False,0.0,0.0,0.0,0.0,5.0,0.0,0.0,0.0,10.0,0.5,0.0,0.0,0.0,0.0,0,0.0,0.0,292.2673563503292,0.0,146.1336781751646,Prosumer
2023-05-18 03:00:00,user_005,3,0,3,False,0.0,0.0,0.0,0.0,5.0,0.0,0.0,0.0,10.0,0.5,0.0,0.0,0.0,0.0,0,0.0,0.0,292.2673563503292,0.0,146.1336781751646,Prosumer
2023-05-18 04:00:00,user_005,4,0,3,False,0.0,0.0,0.0,0.0,5.0,0.0,0.0,0.0,10.0,0.5,0.0,0.0,0.0,0.0,0,0.0,0.0,292.2673563503292,0.0,146.1336781751646,Prosumer
2023-05-18 05:00:00,user_005,5,0,3,False,0.0,0.0,0.0,0.0,5.0,0.0,0.0,0.0,10.0,0.5,0.0,0.0,0.0,0.0,0,0.0,0.0,292.2673563503292,0.0,146.1336781751646,Prosumer
2023-05-18 06:00:00,user_005,6,0,3,False,0.0,0.0,0.0,0.0,5.0,0.0,0.0,0.0,10.0,0.5,0.0,0.0,0.0,0.0,0,0.0,0.0,292.2673563503292,0.0,146.1336781751646,Prosumer
2023-05-18 07:00:00,user_005,7,0,3,False,0.0,0.0,0.0,0.0,5.0,0.0,0.0,0.0,10.0,0.5,0.0,0.0,0.0,0.0,0,0.0,0.0,292.2673563503292,0.0,146.1336781751646,Prosumer
2023-05-18 08:00:00,user_005,8,0,3,False,0.0,0.0,0.0,0.0,5.0,0.0,0.0,0.0,10.0,0.5,0.0,0.0,0.0,0.0,0,0.0,0.0,292.2673563503292,0.0,146.1336781751646,Prosumer
2023-05-18 09:00:00,user_005,9,0,3,False,0.0,0.0,0.0,0.0,5.0,0.0,0.0,0.0,10.0,0.5,0.0,0.0,0.0,0.0,0,0.0,0.0,292.2673563503292,0.0,146.1336781751646,Prosumer
2023-05-18 10:00:00,user_005,10,0,3,False,0.0,0.0,0.0,0.0,5.0,0.0,0.0,0.0,10.0,0.5,0.0,0.0,0.0,0.0,0,0.0,0.0,292.2673563503292,0.0,146.1336781751646,Prosumer
2023-05-18 11:00:00,user_005,11,0,3,False,0.0,0.0,0.0,0.0,5.0,0.0,0.0,0.0,10.0,0.5,0.0,0.0,0.0,0.0,0,0.0,0.0,292.2673563503292,0.0,146.1336781751646,Prosumer
2023-05-18 12:00:00,user_005,12,0,3,False,0.0,0.0,0.0,0.0,5.0,0.0,0.0,0.0,10.0,0.5,0.0,0.0,0.0,0.0,0,0.0,0.0,292.2673563503292,0.0,146.1336781751646,Prosumer
2023-05-18 13:00:00,user_005,13,0,3,False,0.0,0.0,0.0,0.0,5.0,0.0,0.0,0.0,10.0,0.5,0.0,0.0,0.0,0.0,0,0.0,0.0,292.2673563503292,0.0,146.1336781751646,Prosumer
2023-05-18 14:00:00,user_005,14,0,3,False,0.0,0.0,0.0,0.0,5.0,0.0,0.0,0.0,10.0,0.5,0.0,0.0,0.0,0.0,0,0.0,0.0,292.2673563503292,0.0,146.1336781751646,Prosumer
2023-05-18 15:00:00,user_005,15,0,3,False,0.0,0.0,0.0,0.0,5.0,0.0,0.0,0.0,10.0,0.5,0.0,0.0,0.0,0.0,0,0.0,0.0,292.2673563503292,0.0,146.1336781751646,Prosumer
2023-05-18 16:00:00,user_005,16,0,3,False,0.0,0.0,0.0,0.0,5.0,0.0,0.0,0.0,10.0,0.5,0.0,0.0,0.0,0.0,0,0.0,0.0,292.2673563503292,0.0,146.1336781751646,Prosumer
2023-05-18 17:00:00,user_005,17,0,3,False,0.0,0.0,0.0,0.0,5.0,0.0,0.0,0.0,10.0,0.5,0.0,0.0,0.0,0.0,0,0.0,0.0,292.2673563503292,0.0,146.1336781751646,Prosumer
2023-05-18 18:00:00,user_005,18,0,3,False,0.0,0.0,0.0,0.0,5.0,0.0,0.0,0.0,10.0,0.5,0.0,0.0,0.0,0.0,0,0.0,0.0,292.2673563503292,0.0,146.1336781751646,Prosumer
2023-05-18 19:00:00,user_005,19,0,3,False,0.0,0.0,0.0,0.0,5.0,0.0,0.0,0.0,10.0,0.5,0.0,0.0,0.0,0.0,0,0.0,0.0,292.2673563503292,0.0,146.1336781751646,Prosumer
2023-05-18 20:00:00,user_005,20,0,3,False,0.0,0.0,0.0,0.0,5.0,0.0,0.0,0.0,10.0,0.5,0.0,0.0,0.0,0.0,0,0.0,0.0,292.2673563503292,0.0,146.1336781751646,Prosumer
2023-05-18 21:00:00,user_005,21,0,3,False,0.0,0.0,0.0,0.0,5.0,0.0,0.0,0.0,10.0,0.5,0.0,0.0,0.0,0.0,0,0.0,0.0,292.2673563503292,0.0,146.1336781751646,Prosumer
2023-05-18 22:00:00,user_005,22,0,3,False,0.0,0.0,0.0,0.0,5.0,0.0,0.0,0.0,10.0,0.5,0.0,0.0,0.0,0.0,0,0.0,0.0,292.2673563503292,0.0,146.1336781751646,Prosumer
2023-05-18 23:00:00,user_005,23,0,3,False,0.0,0.0,0.0,0.0,5.0,0.0,0.0,0.0,10.0,0.5,0.0,0.0,0.0,0.0,0,0.0,0.0,292.2673563503292,0.0,146.1336781751646,Prosumer
2023-05-19 00:00:00,user_005,0,0,4,False,0.0,0.0,0.0,0.0,5.0,0.0,0.0,0.0,10.0,0.5,0.0,0.0,0.0,0.0,0,0.0,0.0,292.2673563503292,0.0,146.1336781751646,Prosumer
2023-05-19 01:00:00,user_005,1,0,4,False,0.0,0.0,0.0,0.0,5.0,0.0,0.0,0.0,10.0,0.5,0.0,0.0,0.0,0.0,0,0.0,0.0,292.2673563503292,0.0,146.1336781751646,Prosumer
2023-05-19 02:00:00,user_005,2,0,4,False,0.0,0.0,0.0,0.0,5.0,0.0,0.0,0.0,10.0,0.5,0.0,0.0,0.0,0.0,0,0.0,0.0,292.2673563503292,0.0,146.1336781751646,Prosumer
2023-05-19 03:00:00,user_005,3,0,4,False,0.0,0.0,0.0,0.0,5.0,0.0,0.0,0.0,10.0,0.5,0.0,0.0,0.0,0.0,0,0.0,0.0,292.2673563503292,0.0,146.1336781751646,Prosumer
2023-05-19 04:00:00,user_005,4,0,4,False,0.0,0.0,0.0,0.0,5.0,0.0,0.0,0.0,10.0,0.5,0.0,0.0,0.0,0.0,0,0.0,0.0,292.2673563503292,0.0,146.1336781751646,Prosumer
2023-05-19 05:00:00,user_005,5,0,4,False,0.0,0.0,0.0,0.0,5.0,0.0,0.0,0.0,10.0,0.5,0.0,0.0,0.0,0.0,0,0.0,0.0,292.2673563503292,0.0,146.1336781751646,Prosumer
2023-05-19 06:00:00,user_005,6,0,4,False,0.0,0.0,0.0,0.0,5.0,0.0,0.0,0.0,10.0,0.5,0.0,0.0,0.0,0.0,0,0.0,0.0,292.2673563503292,0.0,146.1336781751646,Prosumer
2023-05-19 07:00:00,user_005,7,0,4,False,0.0,0.0,0.0,0.0,5.0,0.0,0.0,0.0,10.0,0.5,0.0,0.0,0.0,0.0,0,0.0,0.0,292.2673563503292,0.0,146.1336781751646,Prosumer
2023-05-19 08:00:00,user_005,8,0,4,False,0.0,0.0,0.0,0.0,5.0,0.0,0.0,0.0,10.0,0.5,0.0,0.0,0.0,0.0,0,0.0,0.0,292.2673563503292,0.0,146.1336781751646,Prosumer
2023-05-19 09:00:00,user_005,9,0,4,False,0.0,0.0,0.0,0.0,5.0,0.0,0.0,0.0,10.0,0.5,0.0,0.0,0.0,0.0,0,0.0,0.0,292.2673563503292,0.0,146.1336781751646,Prosumer
2023-05-19 10:00:00,user_005,10,0,4,False,0.0,0.0,0.0,0.0,5.0,0.0,0.0,0.0,10.0,0.5,0.0,0.0,0.0,0.0,0,0.0,0.0,292.2673563503292,0.0,146.1336781751646,Prosumer
2023-05-19 11:00:00,user_005,11,0,4,False,0.0,0.0,0.0,0.0,5.0,0.0,0.0,0.0,10.0,0.5,0.0,0.0,0.0,0.0,0,0.0,0.0,292.2673563503292,0.0,146.1336781751646,Prosumer
2023-05-19 12:00:00,user_005,12,0,4,False,0.0,0.0,0.0,0.0,5.0,0.0,0.0,0.0,10.0,0.5,0.0,0.0,0.0,0.0,0,0.0,0.0,292.2673563503292,0.0,146.1336781751646,Prosumer
2023-05-19 13:00:00,user_005,13,0,4,False,0.0,0.0,0.0,0.0,5.0,0.0,0.0,0.0,10.0,0.5,0.0,0.0,0.0,0.0,0,0.0,0.0,292.2673563503292,0.0,146.1336781751646,Prosumer
2023-05-19 14:00:00,user_005,14,0,4,False,0.0,0.0,0.0,0.0,5.0,0.0,0.0,0.0,10.0,0.5,0.0,0.0,0.0,0.0,0,0.0,0.0,292.2673563503292,0.0,146.1336781751646,Prosumer
2023-05-19 15:00:00,user_005,15,0,4,False,0.0,0.0,0.0,0.0,5.0,0.0,0.0,0.0,10.0,0.5,0.0,0.0,0.0,0.0,0,0.0,0.0,292.2673563503292,0.0,146.1336781751646,Prosumer
2023-05-19 16:00:00,user_005,16,0,4,False,0.0,0.0,0.0,0.0,5.0,0.0,0.0,0.0,10.0,0.5,0.0,0.0,0.0,0.0,0,0.0,0.0,292.2673563503292,0.0,146.1336781751646,Prosumer
2023-05-19 17:00:00,user_005,17,0,4,False,0.0,0.0,0.0,0.0,5.0,0.0,0.0,0.0,10.0,0.5,0.0,0.0,0.0,0.0,0,0.0,0.0,292.2673563503292,0.0,146.1336781751646,Prosumer
2023-05-19 18:00:00,user_005,18,0,4,False,0.0,0.0,0.0,0.0,5.0,0.0,0.0,0.0,10.0,0.5,0.0,0.0,0.0,0.0,0,0.0,0.0,292.2673563503292,0.0,146.1336781751646,Prosumer
2023-05-19 19:00:00,user_005,19,0,4,False,0.0,0.0,0.0,0.0,5.0,0.0,0.0,0.0,10.0,0.5,0.0,0.0,0.0,0.0,0,0.0,0.0,292.2673563503292,0.0,146.1336781751646,Prosumer
2023-05-19 20:00:00,user_005,20,0,4,False,0.0,0.0,0.0,0.0,5.0,0.0,0.0,0.0,10.0,0.5,0.0,0.0,0.0,0.0,0,0.0,0.0,292.2673563503292,0.0,146.1336781751646,Prosumer
2023-05-19 21:00:00,user_005,21,0,4,False,0.0,0.0,0.0,0.0,5.0,0.0,0.0,0.0,10.0,0.5,0.0,0.0,0.0,0.0,0,0.0,0.0,292.2673563503292,0.0,146.1336781751646,Prosumer
2023-05-19 22:00:00,user_005,22,0,4,False,0.0,0.0,0.0,0.0,5.0,0.0,0.0,0.0,10.0,0.5,0.0,0.0,0.0,0.0,0,0.0,0.0,292.2673563503292,0.0,146.1336781751646,Prosumer
2023-05-19 23:00:00,user_005,23,0,4,False,0.0,0.0,0.0,0.0,5.0,0.0,0.0,0.0,10.0,0.5,0.0,0.0,0.0,0.0,0,0.0,0.0,292.2673563503292,0.0,146.1336781751646,Prosumer
2023-05-20 00:00:00,user_005,0,0,5,True,0.0,0.0,0.0,0.0,5.0,0.0,0.0,0.0,10.0,0.5,0.0,0.0,0.0,0.0,0,0.0,0.0,292.2673563503292,0.0,146.1336781751646,Prosumer
2023-05-20 01:00:00,user_005,1,0,5,True,0.0,0.0,0.0,0.0,5.0,0.0,0.0,0.0,10.0,0.5,0.0,0.0,0.0,0.0,0,0.0,0.0,292.2673563503292,0.0,146.1336781751646,Prosumer
2023-05-20 02:00:00,user_005,2,0,5,True,0.0,0.0,0.0,0.0,5.0,0.0,0.0,0.0,10.0,0.5,0.0,0.0,0.0,0.0,0,0.0,0.0,292.2673563503292,0.0,146.1336781751646,Prosumer
2023-05-20 03:00:00,user_005,3,0,5,True,0.0,0.0,0.0,0.0,5.0,0.0,0.0,0.0,10.0,0.5,0.0,0.0,0.0,0.0,0,0.0,0.0,292.2673563503292,0.0,146.1336781751646,Prosumer
2023-05-20 04:00:00,user_005,4,0,5,True,0.0,0.0,0.0,0.0,5.0,0.0,0.0,0.0,10.0,0.5,0.0,0.0,0.0,0.0,0,0.0,0.0,292.2673563503292,0.0,146.1336781751646,Prosumer
2023-05-20 05:00:00,user_005,5,0,5,True,0.0,0.0,0.0,0.0,5.0,0.0,0.0,0.0,10.0,0.5,0.0,0.0,0.0,0.0,0,0.0,0.0,292.2673563503292,0.0,146.1336781751646,Prosumer
2023-05-20 06:00:00,user_005,6,0,5,True,0.0,0.0,0.0,0.0,5.0,0.0,0.0,0.0,10.0,0.5,0.0,0.0,0.0,0.0,0,0.0,0.0,292.2673563503292,0.0,146.1336781751646,Prosumer
2023-05-20 07:00:00,user_005,7,0,5,True,0.0,0.0,0.0,0.0,5.0,0.0,0.0,0.0,10.0,0.5,0.0,0.0,0.0,0.0,0,0.0,0.0,292.2673563503292,0.0,146.1336781751646,Prosumer
2023-05-20 08:00:00,user_005,8,0,5,True,0.0,0.0,0.0,0.0,5.0,0.0,0.0,0.0,10.0,0.5,0.0,0.0,0.0,0.0,0,0.0,0.0,292.2673563503292,0.0,146.1336781751646,Prosumer
2023-05-20 09:00:00,user_005,9,0,5,True,0.0,0.0,0.0,0.0,5.0,0.0,0.0,0.0,10.0,0.5,0.0,0.0,0.0,0.0,0,0.0,0.0,292.2673563503292,0.0,146.1336781751646,Prosumer
2023-05-20 10:00:00,user_005,10,0,5,True,0.0,0.0,0.0,0.0,5.0,0.0,0.0,0.0,10.0,0.5,0.0,0.0,0.0,0.0,0,0.0,0.0,292.2673563503292,0.0,146.1336781751646,Prosumer
2023-05-20 11:00:00,user_005,11,0,5,True,0.0,0.0,0.0,0.0,5.0,0.0,0.0,0.0,10.0,0.5,0.0,0.0,0.0,0.0,0,0.0,0.0,292.2673563503292,0.0,146.1336781751646,Prosumer
2023-05-20 12:00:00,user_005,12,0,5,True,0.0,0.0,0.0,0.0,5.0,0.0,0.0,0.0,10.0,0.5,0.0,0.0,0.0,0.0,0,0.0,0.0,292.2673563503292,0.0,146.1336781751646,Prosumer
2023-05-20 13:00:00,user_005,13,0,5,True,0.0,0.0,0.0,0.0,5.0,0.0,0.0,0.0,10.0,0.5,0.0,0.0,0.0,0.0,0,0.0,0.0,292.2673563503292,0.0,146.1336781751646,Prosumer
2023-05-20 14:00:00,user_005,14,0,5,True,0.0,0.0,0.0,0.0,5.0,0.0,0.0,0.0,10.0,0.5,0.0,0.0,0.0,0.0,0,0.0,0.0,292.2673563503292,0.0,146.1336781751646,Prosumer
2023-05-20 15:00:00,user_005,15,0,5,True,0.0,0.0,0.0,0.0,5.0,0.0,0.0,0.0,10.0,0.5,0.0,0.0,0.0,0.0,0,0.0,0.0,292.2673563503292,0.0,146.1336781751646,Prosumer
2023-05-20 16:00:00,user_005,16,0,5,True,0.0,0.0,0.0,0.0,5.0,0.0,0.0,0.0,10.0,0.5,0.0,0.0,0.0,0.0,0,0.0,0.0,292.2673563503292,0.0,146.1336781751646,Prosumer
2023-05-20 17:00:00,user_005,17,0,5,True,0.0,0.0,0.0,0.0,5.0,0.0,0.0,0.0,10.0,0.5,0.0,0.0,0.0,0.0,0,0.0,0.0,292.2673563503292,0.0,146.1336781751646,Prosumer
2023-05-20 18:00:00,user_005,18,0,5,True,0.0,0.0,0.0,0.0,5.0,0.0,0.0,0.0,10.0,0.5,0.0,0.0,0.0,0.0,0,0.0,0.0,292.2673563503292,0.0,146.1336781751646,Prosumer
2023-05-20 19:00:00,user_005,19,0,5,True,0.0,0.0,0.0,0.0,5.0,0.0,0.0,0.0,10.0,0.5,0.0,0.0,0.0,0.0,0,0.0,0.0,292.2673563503292,0.0,146.1336781751646,Prosumer
2023-05-20 20:00:00,user_005,20,0,5,True,0.0,0.0,0.0,0.0,5.0,0.0,0.0,0.0,10.0,0.5,0.0,0.0,0.0,0.0,0,0.0,0.0,292.2673563503292,0.0,146.1336781751646,Prosumer
2023-05-20 21:00:00,user_005,21,0,5,True,0.0,0.0,0.0,0.0,5.0,0.0,0.0,0.0,10.0,0.5,0.0,0.0,0.0,0.0,0,0.0,0.0,292.2673563503292,0.0,146.1336781751646,Prosumer
2023-05-20 22:00:00,user_005,22,0,5,True,0.0,0.0,0.0,0.0,5.0,0.0,0.0,0.0,10.0,0.5,0.0,0.0,0.0,0.0,0,0.0,0.0,292.2673563503292,0.0,146.1336781751646,Prosumer
2023-05-20 23:00:00,user_005,23,0,5,True,0.0,0.0,0.0,0.0,5.0,0.0,0.0,0.0,10.0,0.5,0.0,0.0,0.0,0.0,0,0.0,0.0,292.2673563503292,0.0,146.1336781751646,Prosumer
2023-05-21 00:00:00,user_005,0,0,6,True,0.0,0.0,0.0,0.0,5.0,0.0,0.0,0.0,10.0,0.5,0.0,0.0,0.0,0.0,0,0.0,0.0,292.2673563503292,0.0,146.1336781751646,Prosumer
2023-05-21 01:00:00,user_005,1,0,6,True,0.0,0.0,0.0,0.0,5.0,0.0,0.0,0.0,10.0,0.5,0.0,0.0,0.0,0.0,0,0.0,0.0,292.2673563503292,0.0,146.1336781751646,Prosumer
2023-05-21 02:00:00,user_005,2,0,6,True,0.0,0.0,0.0,0.0,5.0,0.0,0.0,0.0,10.0,0.5,0.0,0.0,0.0,0.0,0,0.0,0.0,292.2673563503292,0.0,146.1336781751646,Prosumer
2023-05-21 03:00:00,user_005,3,0,6,True,0.0,0.0,0.0,0.0,5.0,0.0,0.0,0.0,10.0,0.5,0.0,0.0,0.0,0.0,0,0.0,0.0,292.2673563503292,0.0,146.1336781751646,Prosumer
2023-05-21 04:00:00,user_005,4,0,6,True,0.0,0.0,0.0,0.0,5.0,0.0,0.0,0.0,10.0,0.5,0.0,0.0,0.0,0.0,0,0.0,0.0,292.2673563503292,0.0,146.1336781751646,Prosumer
2023-05-21 05:00:00,user_005,5,0,6,True,0.0,0.0,0.0,0.0,5.0,0.0,0.0,0.0,10.0,0.5,0.0,0.0,0.0,0.0,0,0.0,0.0,292.2673563503292,0.0,146.1336781751646,Prosumer
2023-05-21 06:00:00,user_005,6,0,6,True,0.0,0.0,0.0,0.0,5.0,0.0,0.0,0.0,10.0,0.5,0.0,0.0,0.0,0.0,0,0.0,0.0,292.2673563503292,0.0,146.1336781751646,Prosumer
2023-05-21 07:00:00,user_005,7,0,6,True,0.0,0.0,0.0,0.0,5.0,0.0,0.0,0.0,10.0,0.5,0.0,0.0,0.0,0.0,0,0.0,0.0,292.2673563503292,0.0,146.1336781751646,Prosumer
2023-05-21 08:00:00,user_005,8,0,6,True,0.0,0.0,0.0,0.0,5.0,0.0,0.0,0.0,10.0,0.5,0.0,0.0,0.0,0.0,0,0.0,0.0,292.2673563503292,0.0,146.1336781751646,Prosumer
2023-05-21 09:00:00,user_005,9,0,6,True,0.0,0.0,0.0,0.0,5.0,0.0,0.0,0.0,10.0,0.5,0.0,0.0,0.0,0.0,0,0.0,0.0,292.2673563503292,0.0,146.1336781751646,Prosumer
2023-05-21 10:00:00,user_005,10,0,6,True,0.0,0.0,0.0,0.0,5.0,0.0,0.0,0.0,10.0,0.5,0.0,0.0,0.0,0.0,0,0.0,0.0,292.2673563503292,0.0,146.1336781751646,Prosumer
2023-05-21 11:00:00,user_005,11,0,6,True,0.0,0.0,0.0,0.0,5.0,0.0,0.0,0.0,10.0,0.5,0.0,0.0,0.0,0.0,0,0.0,0.0,292.2673563503292,0.0,146.1336781751646,Prosumer
2023-05-21 12:00:00,user_005,12,0,6,True,0.0,0.0,0.0,0.0,5.0,0.0,0.0,0.0,10.0,0.5,0.0,0.0,0.0,0.0,0,0.0,0.0,292.2673563503292,0.0,146.1336781751646,Prosumer
2023-05-21 13:00:00,user_005,13,0,6,True,0.0,0.0,0.0,0.0,5.0,0.0,0.0,0.0,10.0,0.5,0.0,0.0,0.0,0.0,0,0.0,0.0,292.2673563503292,0.0,146.1336781751646,Prosumer
2023-05-21 14:00:00,user_005,14,0,6,True,0.0,0.0,0.0,0.0,5.0,0.0,0.0,0.0,10.0,0.5,0.0,0.0,0.0,0.0,0,0.0,0.0,292.2673563503292,0.0,146.1336781751646,Prosumer
2023-05-21 15:00:00,user_005,15,0,6,True,0.0,0.0,0.0,0.0,5.0,0.0,0.0,0.0,10.0,0.5,0.0,0.0,0.0,0.0,0,0.0,0.0,292.2673563503292,0.0,146.1336781751646,Prosumer
2023-05-21 16:00:00,user_005,16,0,6,True,0.0,0.0,0.0,0.0,5.0,0.0,0.0,0.0,10.0,0.5,0.0,0.0,0.0,0.0,0,0.0,0.0,292.2673563503292,0.0,146.1336781751646,Prosumer
2023-05-21 17:00:00,user_005,17,0,6,True,0.0,0.0,0.0,0.0,5.0,0.0,0.0,0.0,10.0,0.5,0.0,0.0,0.0,0.0,0,0.0,0.0,292.2673563503292,0.0,146.1336781751646,Prosumer
2023-05-21 18:00:00,user_005,18,0,6,True,0.0,0.0,0.0,0.0,5.0,0.0,0.0,0.0,10.0,0.5,0.0,0.0,0.0,0.0,0,0.0,0.0,292.2673563503292,0.0,146.1336781751646,Prosumer
2023-05-21 19:00:00,user_005,19,0,6,True,0.0,0.0,0.0,0.0,5.0,0.0,0.0,0.0,10.0,0.5,0.0,0.0,0.0,0.0,0,0.0,0.0,292.2673563503292,0.0,146.1336781751646,Prosumer
2023-05-21 20:00:00,user_005,20,0,6,True,0.0,0.0,0.0,0.0,5.0,0.0,0.0,0.0,10.0,0.5,0.0,0.0,0.0,0.0,0,0.0,0.0,292.2673563503292,0.0,146.1336781751646,Prosumer
2023-05-21 21:00:00,user_005,21,0,6,True,0.0,0.0,0.0,0.0,5.0,0.0,0.0,0.0,10.0,0.5,0.0,0.0,0.0,0.0,0,0.0,0.0,292.2673563503292,0.0,146.1336781751646,Prosumer
2023-05-21 22:00:00,user_005,22,0,6,True,0.0,0.0,0.0,0.0,5.0,0.0,0.0,0.0,10.0,0.5,0.0,0.0,0.0,0.0,0,0.0,0.0,292.2673563503292,0.0,146.1336781751646,Prosumer
2023-05-21 23:00:00,user_005,23,0,6,True,0.0,0.0,0.0,0.0,5.0,0.0,0.0,0.0,10.0,0.5,0.0,0.0,0.0,0.0,0,0.0,0.0,292.2673563503292,0.0,146.1336781751646,Prosumer
2023-05-22 00:00:00,user_005,0,0,0,False,0.0,0.0,0.0,0.0,5.0,0.0,0.0,0.0,10.0,0.5,0.0,0.0,0.0,0.0,0,0.0,0.0,292.2673563503292,0.0,146.1336781751646,Prosumer
2023-05-22 01:00:00,user_005,1,0,0,False,0.0,0.0,0.0,0.0,5.0,0.0,0.0,0.0,10.0,0.5,0.0,0.0,0.0,0.0,0,0.0,0.0,292.2673563503292,0.0,146.1336781751646,Prosumer
2023-05-22 02:00:00,user_005,2,0,0,False,0.0,0.0,0.0,0.0,5.0,0.0,0.0,0.0,10.0,0.5,0.0,0.0,0.0,0.0,0,0.0,0.0,292.2673563503292,0.0,146.1336781751646,Prosumer
2023-05-22 03:00:00,user_005,3,0,0,False,0.0,0.0,0.0,0.0,5.0,0.0,0.0,0.0,10.0,0.5,0.0,0.0,0.0,0.0,0,0.0,0.0,292.2673563503292,0.0,146.1336781751646,Prosumer
2023-05-22 04:00:00,user_005,4,0,0,False,0.0,0.0,0.0,0.0,5.0,0.0,0.0,0.0,10.0,0.5,0.0,0.0,0.0,0.0,0,0.0,0.0,292.2673563503292,0.0,146.1336781751646,Prosumer
2023-05-22 05:00:00,user_005,5,0,0,False,0.0,0.0,0.0,0.0,5.0,0.0,0.0,0.0,10.0,0.5,0.0,0.0,0.0,0.0,0,0.0,0.0,292.2673563503292,0.0,146.1336781751646,Prosumer
2023-05-22 06:00:00,user_005,6,0,0,False,0.0,0.0,0.0,0.0,5.0,0.0,0.0,0.0,10.0,0.5,0.0,0.0,0.0,0.0,0,0.0,0.0,292.2673563503292,0.0,146.1336781751646,Prosumer
2023-05-22 07:00:00,user_005,7,0,0,False,0.0,0.0,0.0,0.0,5.0,0.0,0.0,0.0,10.0,0.5,0.0,0.0,0.0,0.0,0,0.0,0.0,292.2673563503292,0.0,146.1336781751646,Prosumer
2023-05-22 08:00:00,user_005,8,0,0,False,0.0,0.0,0.0,0.0,5.0,0.0,0.0,0.0,10.0,0.5,0.0,0.0,0.0,0.0,0,0.0,0.0,292.2673563503292,0.0,146.1336781751646,Prosumer
2023-05-22 09:00:00,user_005,9,0,0,False,0.0,0.0,0.0,0.0,5.0,0.0,0.0,0.0,10.0,0.5,0.0,0.0,0.0,0.0,0,0.0,0.0,292.2673563503292,0.0,146.1336781751646,Prosumer
2023-05-22 10:00:00,user_005,10,0,0,False,0.0,0.0,0.0,0.0,5.0,0.0,0.0,0.0,10.0,0.5,0.0,0.0,0.0,0.0,0,0.0,0.0,292.2673563503292,0.0,146.1336781751646,Prosumer
2023-05-22 11:00:00,user_005,11,0,0,False,0.0,0.0,0.0,0.0,5.0,0.0,0.0,0.0,10.0,0.5,0.0,0.0,0.0,0.0,0,0.0,0.0,292.2673563503292,0.0,146.1336781751646,Prosumer
2023-05-22 12:00:00,user_005,12,0,0,False,0.0,0.0,0.0,0.0,5.0,0.0,0.0,0.0,10.0,0.5,0.0,0.0,0.0,0.0,0,0.0,0.0,292.2673563503292,0.0,146.1336781751646,Prosumer
2023-05-22 13:00:00,user_005,13,0,0,False,0.0,0.0,0.0,0.0,5.0,0.0,0.0,0.0,10.0,0.5,0.0,0.0,0.0,0.0,0,0.0,0.0,292.2673563503292,0.0,146.1336781751646,Prosumer
2023-05-22 14:00:00,user_005,14,0,0,False,0.0,0.0,0.0,0.0,5.0,0.0,0.0,0.0,10.0,0.5,0.0,0.0,0.0,0.0,0,0.0,0.0,292.2673563503292,0.0,146.1336781751646,Prosumer
2023-05-22 15:00:00,user_005,15,0,0,False,0.0,0.0,0.0,0.0,5.0,0.0,0.0,0.0,10.0,0.5,0.0,0.0,0.0,0.0,0,0.0,0.0,292.2673563503292,0.0,146.1336781751646,Prosumer
2023-05-22 16:00:00,user_005,16,0,0,False,0.0,0.0,0.0,0.0,5.0,0.0,0.0,0.0,10.0,0.5,0.0,0.0,0.0,0.0,0,0.0,0.0,292.2673563503292,0.0,146.1336781751646,Prosumer
2023-05-22 17:00:00,user_005,17,0,0,False,0.0,0.0,0.0,0.0,5.0,0.0,0.0,0.0,10.0,0.5,0.0,0.0,0.0,0.0,0,0.0,0.0,292.2673563503292,0.0,146.1336781751646,Prosumer
2023-05-22 18:00:00,user_005,18,0,0,False,0.0,0.0,0.0,0.0,5.0,0.0,0.0,0.0,10.0,0.5,0.0,0.0,0.0,0.0,0,0.0,0.0,292.2673563503292,0.0,146.1336781751646,Prosumer
2023-05-22 19:00:00,user_005,19,0,0,False,0.0,0.0,0.0,0.0,5.0,0.0,0.0,0.0,10.0,0.5,0.0,0.0,0.0,0.0,0,0.0,0.0,292.2673563503292,0.0,146.1336781751646,Prosumer
2023-05-22 20:00:00,user_005,20,0,0,False,0.0,0.0,0.0,0.0,5.0,0.0,0.0,0.0,10.0,0.5,0.0,0.0,0.0,0.0,0,0.0,0.0,292.2673563503292,0.0,146.1336781751646,Prosumer
2023-05-22 21:00:00,user_005,21,0,0,False,0.0,0.0,0.0,0.0,5.0,0.0,0.0,0.0,10.0,0.5,0.0,0.0,0.0,0.0,0,0.0,0.0,292.2673563503292,0.0,146.1336781751646,Prosumer
2023-05-22 22:00:00,user_005,22,0,0,False,0.0,0.0,0.0,0.0,5.0,0.0,0.0,0.0,10.0,0.5,0.0,0.0,0.0,0.0,0,0.0,0.0,292.2673563503292,0.0,146.1336781751646,Prosumer
2023-05-22 23:00:00,user_005,23,0,0,False,0.0,0.0,0.0,0.0,5.0,0.0,0.0,0.0,10.0,0.5,0.0,0.0,0.0,0.0,0,0.0,0.0,292.2673563503292,0.0,146.1336781751646,Prosumer
2023-05-23 00:00:00,user_005,0,0,1,False,0.0,0.0,0.0,0.0,5.0,0.0,0.0,0.0,10.0,0.5,0.0,0.0,0.0,0.0,0,0.0,0.0,292.2673563503292,0.0,146.1336781751646,Prosumer
2023-05-23 01:00:00,user_005,1,0,1,False,0.0,0.0,0.0,0.0,5.0,0.0,0.0,0.0,10.0,0.5,0.0,0.0,0.0,0.0,0,0.0,0.0,292.2673563503292,0.0,146.1336781751646,Prosumer
2023-05-23 02:00:00,user_005,2,0,1,False,0.0,0.0,0.0,0.0,5.0,0.0,0.0,0.0,10.0,0.5,0.0,0.0,0.0,0.0,0,0.0,0.0,292.2673563503292,0.0,146.1336781751646,Prosumer
2023-05-23 03:00:00,user_005,3,0,1,False,0.0,0.0,0.0,0.0,5.0,0.0,0.0,0.0,10.0,0.5,0.0,0.0,0.0,0.0,0,0.0,0.0,292.2673563503292,0.0,146.1336781751646,Prosumer
2023-05-23 04:00:00,user_005,4,0,1,False,0.0,0.0,0.0,0.0,5.0,0.0,0.0,0.0,10.0,0.5,0.0,0.0,0.0,0.0,0,0.0,0.0,292.2673563503292,0.0,146.1336781751646,Prosumer
2023-05-23 05:00:00,user_005,5,0,1,False,0.0,0.0,0.0,0.0,5.0,0.0,0.0,0.0,10.0,0.5,0.0,0.0,0.0,0.0,0,0.0,0.0,292.2673563503292,0.0,146.1336781751646,Prosumer
2023-05-23 06:00:00,user_005,6,0,1,False,0.0,0.0,0.0,0.0,5.0,0.0,0.0,0.0,10.0,0.5,0.0,0.0,0.0,0.0,0,0.0,0.0,292.2673563503292,0.0,146.1336781751646,Prosumer
2023-05-23 07:00:00,user_005,7,0,1,False,0.0,0.0,0.0,0.0,5.0,0.0,0.0,0.0,10.0,0.5,0.0,0.0,0.0,0.0,0,0.0,0.0,292.2673563503292,0.0,146.1336781751646,Prosumer
2023-05-23 08:00:00,user_005,8,0,1,False,0.0,0.0,0.0,0.0,5.0,0.0,0.0,0.0,10.0,0.5,0.0,0.0,0.0,0.0,0,0.0,0.0,292.2673563503292,0.0,146.1336781751646,Prosumer
2023-05-23 09:00:00,user_005,9,0,1,False,0.0,0.0,0.0,0.0,5.0,0.0,0.0,0.0,10.0,0.5,0.0,0.0,0.0,0.0,0,0.0,0.0,292.2673563503292,0.0,146.1336781751646,Prosumer
2023-05-23 10:00:00,user_005,10,0,1,False,0.0,0.0,0.0,0.0,5.0,0.0,0.0,0.0,10.0,0.5,0.0,0.0,0.0,0.0,0,0.0,0.0,292.2673563503292,0.0,146.1336781751646,Prosumer
2023-05-23 11:00:00,user_005,11,0,1,False,0.0,0.0,0.0,0.0,5.0,0.0,0.0,0.0,10.0,0.5,0.0,0.0,0.0,0.0,0,0.0,0.0,292.2673563503292,0.0,146.1336781751646,Prosumer
2023-05-23 12:00:00,user_005,12,0,1,False,0.0,0.0,0.0,0.0,5.0,0.0,0.0,0.0,10.0,0.5,0.0,0.0,0.0,0.0,0,0.0,0.0,292.2673563503292,0.0,146.1336781751646,Prosumer
2023-05-23 13:00:00,user_005,13,0,1,False,0.0,0.0,0.0,0.0,5.0,0.0,0.0,0.0,10.0,0.5,0.0,0.0,0.0,0.0,0,0.0,0.0,292.2673563503292,0.0,146.1336781751646,Prosumer
2023-05-23 14:00:00,user_005,14,0,1,False,0.0,0.0,0.0,0.0,5.0,0.0,0.0,0.0,10.0,0.5,0.0,0.0,0.0,0.0,0,0.0,0.0,292.2673563503292,0.0,146.1336781751646,Prosumer
2023-05-23 15:00:00,user_005,15,0,1,False,0.0,0.0,0.0,0.0,5.0,0.0,0.0,0.0,10.0,0.5,0.0,0.0,0.0,0.0,0,0.0,0.0,292.2673563503292,0.0,146.1336781751646,Prosumer
2023-05-23 16:00:00,user_005,16,0,1,False,0.0,0.0,0.0,0.0,5.0,0.0,0.0,0.0,10.0,0.5,0.0,0.0,0.0,0.0,0,0.0,0.0,292.2673563503292,0.0,146.1336781751646,Prosumer
2023-05-23 17:00:00,user_005,17,0,1,False,0.0,0.0,0.0,0.0,5.0,0.0,0.0,0.0,10.0,0.5,0.0,0.0,0.0,0.0,0,0.0,0.0,292.2673563503292,0.0,146.1336781751646,Prosumer
2023-05-23 18:00:00,user_005,18,0,1,False,0.0,0.0,0.0,0.0,5.0,0.0,0.0,0.0,10.0,0.5,0.0,0.0,0.0,0.0,0,0.0,0.0,292.2673563503292,0.0,146.1336781751646,Prosumer
2023-05-23 19:00:00,user_005,19,0,1,False,0.0,0.0,0.0,0.0,5.0,0.0,0.0,0.0,10.0,0.5,0.0,0.0,0.0,0.0,0,0.0,0.0,292.2673563503292,0.0,146.1336781751646,Prosumer
2023-05-23 20:00:00,user_005,20,0,1,False,0.0,0.0,0.0,0.0,5.0,0.0,0.0,0.0,10.0,0.5,0.0,0.0,0.0,0.0,0,0.0,0.0,292.2673563503292,0.0,146.1336781751646,Prosumer
2023-05-23 21:00:00,user_005,21,0,1,False,0.0,0.0,0.0,0.0,5.0,0.0,0.0,0.0,10.0,0.5,0.0,0.0,0.0,0.0,0,0.0,0.0,292.2673563503292,0.0,146.1336781751646,Prosumer
2023-05-23 22:00:00,user_005,22,0,1,False,0.0,0.0,0.0,0.0,5.0,0.0,0.0,0.0,10.0,0.5,0.0,0.0,0.0,0.0,0,0.0,0.0,292.2673563503292,0.0,146.1336781751646,Prosumer
2023-05-23 23:00:00,user_005,23,0,1,False,0.0,0.0,0.0,0.0,5.0,0.0,0.0,0.0,10.0,0.5,0.0,0.0,0.0,0.0,0,0.0,0.0,292.2673563503292,0.0,146.1336781751646,Prosumer
2023-05-24 00:00:00,user_005,0,0,2,False,0.0,0.0,0.0,0.0,5.0,0.0,0.0,0.0,10.0,0.5,0.0,0.0,0.0,0.0,0,0.0,0.0,292.2673563503292,0.0,146.1336781751646,Prosumer
2023-05-24 01:00:00,user_005,1,0,2,False,0.0,0.0,0.0,0.0,5.0,0.0,0.0,0.0,10.0,0.5,0.0,0.0,0.0,0.0,0,0.0,0.0,292.2673563503292,0.0,146.1336781751646,Prosumer
2023-05-24 02:00:00,user_005,2,0,2,False,0.0,0.0,0.0,0.0,5.0,0.0,0.0,0.0,10.0,0.5,0.0,0.0,0.0,0.0,0,0.0,0.0,292.2673563503292,0.0,146.1336781751646,Prosumer
2023-05-24 03:00:00,user_005,3,0,2,False,0.0,0.0,0.0,0.0,5.0,0.0,0.0,0.0,10.0,0.5,0.0,0.0,0.0,0.0,0,0.0,0.0,292.2673563503292,0.0,146.1336781751646,Prosumer
2023-05-24 04:00:00,user_005,4,0,2,False,0.0,0.0,0.0,0.0,5.0,0.0,0.0,0.0,10.0,0.5,0.0,0.0,0.0,0.0,0,0.0,0.0,292.2673563503292,0.0,146.1336781751646,Prosumer
2023-05-24 05:00:00,user_005,5,0,2,False,0.0,0.0,0.0,0.0,5.0,0.0,0.0,0.0,10.0,0.5,0.0,0.0,0.0,0.0,0,0.0,0.0,292.2673563503292,0.0,146.1336781751646,Prosumer
2023-05-24 06:00:00,user_005,6,0,2,False,0.0,0.0,0.0,0.0,5.0,0.0,0.0,0.0,10.0,0.5,0.0,0.0,0.0,0.0,0,0.0,0.0,292.2673563503292,0.0,146.1336781751646,Prosumer
2023-05-24 07:00:00,user_005,7,0,2,False,0.0,0.0,0.0,0.0,5.0,0.0,0.0,0.0,10.0,0.5,0.0,0.0,0.0,0.0,0,0.0,0.0,292.2673563503292,0.0,146.1336781751646,Prosumer
2023-05-24 08:00:00,user_005,8,0,2,False,0.0,0.0,0.0,0.0,5.0,0.0,0.0,0.0,10.0,0.5,0.0,0.0,0.0,0.0,0,0.0,0.0,292.2673563503292,0.0,146.1336781751646,Prosumer
2023-05-24 09:00:00,user_005,9,0,2,False,0.0,0.0,0.0,0.0,5.0,0.0,0.0,0.0,10.0,0.5,0.0,0.0,0.0,0.0,0,0.0,0.0,292.2673563503292,0.0,146.1336781751646,Prosumer
2023-05-24 10:00:00,user_005,10,0,2,False,0.0,0.0,0.0,0.0,5.0,0.0,0.0,0.0,10.0,0.5,0.0,0.0,0.0,0.0,0,0.0,0.0,292.2673563503292,0.0,146.1336781751646,Prosumer
2023-05-24 11:00:00,user_005,11,0,2,False,0.0,0.0,0.0,0.0,5.0,0.0,0.0,0.0,10.0,0.5,0.0,0.0,0.0,0.0,0,0.0,0.0,292.2673563503292,0.0,146.1336781751646,Prosumer
2023-05-24 12:00:00,user_005,12,0,2,False,0.0,0.0,0.0,0.0,5.0,0.0,0.0,0.0,10.0,0.5,0.0,0.0,0.0,0.0,0,0.0,0.0,292.2673563503292,0.0,146.1336781751646,Prosumer
2023-05-24 13:00:00,user_005,13,0,2,False,0.0,0.0,0.0,0.0,5.0,0.0,0.0,0.0,10.0,0.5,0.0,0.0,0.0,0.0,0,0.0,0.0,292.2673563503292,0.0,146.1336781751646,Prosumer
2023-05-24 14:00:00,user_005,14,0,2,False,0.0,0.0,0.0,0.0,5.0,0.0,0.0,0.0,10.0,0.5,0.0,0.0,0.0,0.0,0,0.0,0.0,292.2673563503292,0.0,146.1336781751646,Prosumer
2023-05-24 15:00:00,user_005,15,0,2,False,0.0,0.0,0.0,0.0,5.0,0.0,0.0,0.0,10.0,0.5,0.0,0.0,0.0,0.0,0,0.0,0.0,292.2673563503292,0.0,146.1336781751646,Prosumer
2023-05-24 16:00:00,user_005,16,0,2,False,0.0,0.0,0.0,0.0,5.0,0.0,0.0,0.0,10.0,0.5,0.0,0.0,0.0,0.0,0,0.0,0.0,292.2673563503292,0.0,146.1336781751646,Prosumer
2023-05-24 17:00:00,user_005,17,0,2,False,0.0,0.0,0.0,0.0,5.0,0.0,0.0,0.0,10.0,0.5,0.0,0.0,0.0,0.0,0,0.0,0.0,292.2673563503292,0.0,146.1336781751646,Prosumer
2023-05-24 18:00:00,user_005,18,0,2,False,0.0,0.0,0.0,0.0,5.0,0.0,0.0,0.0,10.0,0.5,0.0,0.0,0.0,0.0,0,0.0,0.0,292.2673563503292,0.0,146.1336781751646,Prosumer
2023-05-24 19:00:00,user_005,19,0,2,False,0.0,0.0,0.0,0.0,5.0,0.0,0.0,0.0,10.0,0.5,0.0,0.0,0.0,0.0,0,0.0,0.0,292.2673563503292,0.0,146.1336781751646,Prosumer
2023-05-24 20:00:00,user_005,20,0,2,False,0.0,0.0,0.0,0.0,5.0,0.0,0.0,0.0,10.0,0.5,0.0,0.0,0.0,0.0,0,0.0,0.0,292.2673563503292,0.0,146.1336781751646,Prosumer
2023-05-24 21:00:00,user_005,21,0,2,False,0.0,0.0,0.0,0.0,5.0,0.0,0.0,0.0,10.0,0.5,0.0,0.0,0.0,0.0,0,0.0,0.0,292.2673563503292,0.0,146.1336781751646,Prosumer
2023-05-24 22:00:00,user_005,22,0,2,False,0.0,0.0,0.0,0.0,5.0,0.0,0.0,0.0,10.0,0.5,0.0,0.0,0.0,0.0,0,0.0,0.0,292.2673563503292,0.0,146.1336781751646,Prosumer
2023-05-24 23:00:00,user_005,23,0,2,False,0.0,0.0,0.0,0.0,5.0,0.0,0.0,0.0,10.0,0.5,0.0,0.0,0.0,0.0,0,0.0,0.0,292.2673563503292,0.0,146.1336781751646,Prosumer
2023-05-25 00:00:00,user_005,0,0,3,False,0.0,0.0,0.0,0.0,5.0,0.0,0.0,0.0,10.0,0.5,0.0,0.0,0.0,0.0,0,0.0,0.0,292.2673563503292,0.0,146.1336781751646,Prosumer
2023-05-25 01:00:00,user_005,1,0,3,False,0.0,0.0,0.0,0.0,5.0,0.0,0.0,0.0,10.0,0.5,0.0,0.0,0.0,0.0,0,0.0,0.0,292.2673563503292,0.0,146.1336781751646,Prosumer
2023-05-25 02:00:00,user_005,2,0,3,False,0.0,0.0,0.0,0.0,5.0,0.0,0.0,0.0,10.0,0.5,0.0,0.0,0.0,0.0,0,0.0,0.0,292.2673563503292,0.0,146.1336781751646,Prosumer
2023-05-25 03:00:00,user_005,3,0,3,False,0.0,0.0,0.0,0.0,5.0,0.0,0.0,0.0,10.0,0.5,0.0,0.0,0.0,0.0,0,0.0,0.0,292.2673563503292,0.0,146.1336781751646,Prosumer
2023-05-25 04:00:00,user_005,4,0,3,False,0.0,0.0,0.0,0.0,5.0,0.0,0.0,0.0,10.0,0.5,0.0,0.0,0.0,0.0,0,0.0,0.0,292.2673563503292,0.0,146.1336781751646,Prosumer
2023-05-25 05:00:00,user_005,5,0,3,False,0.0,0.0,0.0,0.0,5.0,0.0,0.0,0.0,10.0,0.5,0.0,0.0,0.0,0.0,0,0.0,0.0,292.2673563503292,0.0,146.1336781751646,Prosumer
2023-05-25 06:00:00,user_005,6,0,3,False,0.0,0.0,0.0,0.0,5.0,0.0,0.0,0.0,10.0,0.5,0.0,0.0,0.0,0.0,0,0.0,0.0,292.2673563503292,0.0,146.1336781751646,Prosumer
2023-05-25 07:00:00,user_005,7,0,3,False,0.0,0.0,0.0,0.0,5.0,0.0,0.0,0.0,10.0,0.5,0.0,0.0,0.0,0.0,0,0.0,0.0,292.2673563503292,0.0,146.1336781751646,Prosumer
2023-05-25 08:00:00,user_005,8,0,3,False,0.0,0.0,0.0,0.0,5.0,0.0,0.0,0.0,10.0,0.5,0.0,0.0,0.0,0.0,0,0.0,0.0,292.2673563503292,0.0,146.1336781751646,Prosumer
2023-05-25 09:00:00,user_005,9,0,3,False,0.0,0.0,0.0,0.0,5.0,0.0,0.0,0.0,10.0,0.5,0.0,0.0,0.0,0.0,0,0.0,0.0,292.2673563503292,0.0,146.1336781751646,Prosumer
2023-05-25 10:00:00,user_005,10,0,3,False,0.0,0.0,0.0,0.0,5.0,0.0,0.0,0.0,10.0,0.5,0.0,0.0,0.0,0.0,0,0.0,0.0,292.2673563503292,0.0,146.1336781751646,Prosumer
2023-05-25 11:00:00,user_005,11,0,3,False,0.0,0.0,0.0,0.0,5.0,0.0,0.0,0.0,10.0,0.5,0.0,0.0,0.0,0.0,0,0.0,0.0,292.2673563503292,0.0,146.1336781751646,Prosumer
2023-05-25 12:00:00,user_005,12,0,3,False,0.0,0.0,0.0,0.0,5.0,0.0,0.0,0.0,10.0,0.5,0.0,0.0,0.0,0.0,0,0.0,0.0,292.2673563503292,0.0,146.1336781751646,Prosumer
2023-05-25 13:00:00,user_005,13,0,3,False,0.0,0.0,0.0,0.0,5.0,0.0,0.0,0.0,10.0,0.5,0.0,0.0,0.0,0.0,0,0.0,0.0,292.2673563503292,0.0,146.1336781751646,Prosumer
2023-05-25 14:00:00,user_005,14,0,3,False,0.0,0.0,0.0,0.0,5.0,0.0,0.0,0.0,10.0,0.5,0.0,0.0,0.0,0.0,0,0.0,0.0,292.2673563503292,0.0,146.1336781751646,Prosumer
2023-05-25 15:00:00,user_005,15,0,3,False,0.0,0.0,0.0,0.0,5.0,0.0,0.0,0.0,10.0,0.5,0.0,0.0,0.0,0.0,0,0.0,0.0,292.2673563503292,0.0,146.1336781751646,Prosumer
2023-05-25 16:00:00,user_005,16,0,3,False,0.0,0.0,0.0,0.0,5.0,0.0,0.0,0.0,10.0,0.5,0.0,0.0,0.0,0.0,0,0.0,0.0,292.2673563503292,0.0,146.1336781751646,Prosumer
2023-05-25 17:00:00,user_005,17,0,3,False,0.0,0.0,0.0,0.0,5.0,0.0,0.0,0.0,10.0,0.5,0.0,0.0,0.0,0.0,0,0.0,0.0,292.2673563503292,0.0,146.1336781751646,Prosumer
2023-05-25 18:00:00,user_005,18,0,3,False,0.0,0.0,0.0,0.0,5.0,0.0,0.0,0.0,10.0,0.5,0.0,0.0,0.0,0.0,0,0.0,0.0,292.2673563503292,0.0,146.1336781751646,Prosumer
2023-05-25 19:00:00,user_005,19,0,3,False,0.0,0.0,0.0,0.0,5.0,0.0,0.0,0.0,10.0,0.5,0.0,0.0,0.0,0.0,0,0.0,0.0,292.2673563503292,0.0,146.1336781751646,Prosumer
2023-05-25 20:00:00,user_005,20,0,3,False,0.0,0.0,0.0,0.0,5.0,0.0,0.0,0.0,10.0,0.5,0.0,0.0,0.0,0.0,0,0.0,0.0,292.2673563503292,0.0,146.1336781751646,Prosumer
2023-05-25 21:00:00,user_005,21,0,3,False,0.0,0.0,0.0,0.0,5.0,0.0,0.0,0.0,10.0,0.5,0.0,0.0,0.0,0.0,0,0.0,0.0,292.2673563503292,0.0,146.1336781751646,Prosumer
2023-05-25 22:00:00,user_005,22,0,3,False,0.0,0.0,0.0,0.0,5.0,0.0,0.0,0.0,10.0,0.5,0.0,0.0,0.0,0.0,0,0.0,0.0,292.2673563503292,0.0,146.1336781751646,Prosumer
2023-05-25 23:00:00,user_005,23,0,3,False,0.0,0.0,0.0,0.0,5.0,0.0,0.0,0.0,10.0,0.5,0.0,0.0,0.0,0.0,0,0.0,0.0,292.2673563503292,0.0,146.1336781751646,Prosumer
2023-05-26 00:00:00,user_005,0,0,4,False,0.0,0.0,0.0,0.0,5.0,0.0,0.0,0.0,10.0,0.5,0.0,0.0,0.0,0.0,0,0.0,0.0,292.2673563503292,0.0,146.1336781751646,Prosumer
2023-05-26 01:00:00,user_005,1,0,4,False,0.0,0.0,0.0,0.0,5.0,0.0,0.0,0.0,10.0,0.5,0.0,0.0,0.0,0.0,0,0.0,0.0,292.2673563503292,0.0,146.1336781751646,Prosumer
2023-05-26 02:00:00,user_005,2,0,4,False,0.0,0.0,0.0,0.0,5.0,0.0,0.0,0.0,10.0,0.5,0.0,0.0,0.0,0.0,0,0.0,0.0,292.2673563503292,0.0,146.1336781751646,Prosumer
2023-05-26 03:00:00,user_005,3,0,4,False,0.0,0.0,0.0,0.0,5.0,0.0,0.0,0.0,10.0,0.5,0.0,0.0,0.0,0.0,0,0.0,0.0,292.2673563503292,0.0,146.1336781751646,Prosumer
2023-05-26 04:00:00,user_005,4,0,4,False,0.0,0.0,0.0,0.0,5.0,0.0,0.0,0.0,10.0,0.5,0.0,0.0,0.0,0.0,0,0.0,0.0,292.2673563503292,0.0,146.1336781751646,Prosumer
2023-05-26 05:00:00,user_005,5,0,4,False,0.0,0.0,0.0,0.0,5.0,0.0,0.0,0.0,10.0,0.5,0.0,0.0,0.0,0.0,0,0.0,0.0,292.2673563503292,0.0,146.1336781751646,Prosumer
2023-05-26 06:00:00,user_005,6,0,4,False,0.0,0.0,0.0,0.0,5.0,0.0,0.0,0.0,10.0,0.5,0.0,0.0,0.0,0.0,0,0.0,0.0,292.2673563503292,0.0,146.1336781751646,Prosumer
2023-05-26 07:00:00,user_005,7,0,4,False,0.0,0.0,0.0,0.0,5.0,0.0,0.0,0.0,10.0,0.5,0.0,0.0,0.0,0.0,0,0.0,0.0,292.2673563503292,0.0,146.1336781751646,Prosumer
2023-05-26 08:00:00,user_005,8,0,4,False,0.0,0.0,0.0,0.0,5.0,0.0,0.0,0.0,10.0,0.5,0.0,0.0,0.0,0.0,0,0.0,0.0,292.2673563503292,0.0,146.1336781751646,Prosumer
2023-05-26 09:00:00,user_005,9,0,4,False,0.0,0.0,0.0,0.0,5.0,0.0,0.0,0.0,10.0,0.5,0.0,0.0,0.0,0.0,0,0.0,0.0,292.2673563503292,0.0,146.1336781751646,Prosumer
2023-05-26 10:00:00,user_005,10,0,4,False,0.0,0.0,0.0,0.0,5.0,0.0,0.0,0.0,10.0,0.5,0.0,0.0,0.0,0.0,0,0.0,0.0,292.2673563503292,0.0,146.1336781751646,Prosumer
2023-05-26 11:00:00,user_005,11,0,4,False,0.0,0.0,0.0,0.0,5.0,0.0,0.0,0.0,10.0,0.5,0.0,0.0,0.0,0.0,0,0.0,0.0,292.2673563503292,0.0,146.1336781751646,Prosumer
2023-05-26 12:00:00,user_005,12,0,4,False,0.0,0.0,0.0,0.0,5.0,0.0,0.0,0.0,10.0,0.5,0.0,0.0,0.0,0.0,0,0.0,0.0,292.2673563503292,0.0,146.1336781751646,Prosumer
2023-05-26 13:00:00,user_005,13,0,4,False,0.0,0.0,0.0,0.0,5.0,0.0,0.0,0.0,10.0,0.5,0.0,0.0,0.0,0.0,0,0.0,0.0,292.2673563503292,0.0,146.1336781751646,Prosumer
2023-05-26 14:00:00,user_005,14,0,4,False,0.0,0.0,0.0,0.0,5.0,0.0,0.0,0.0,10.0,0.5,0.0,0.0,0.0,0.0,0,0.0,0.0,292.2673563503292,0.0,146.1336781751646,Prosumer
2023-05-26 15:00:00,user_005,15,0,4,False,0.0,0.0,0.0,0.0,5.0,0.0,0.0,0.0,10.0,0.5,0.0,0.0,0.0,0.0,0,0.0,0.0,292.2673563503292,0.0,146.1336781751646,Prosumer
2023-05-26 16:00:00,user_005,16,0,4,False,0.0,0.0,0.0,0.0,5.0,0.0,0.0,0.0,10.0,0.5,0.0,0.0,0.0,0.0,0,0.0,0.0,292.2673563503292,0.0,146.1336781751646,Prosumer
2023-05-26 17:00:00,user_005,17,0,4,False,0.0,0.0,0.0,0.0,5.0,0.0,0.0,0.0,10.0,0.5,0.0,0.0,0.0,0.0,0,0.0,0.0,292.2673563503292,0.0,146.1336781751646,Prosumer
2023-05-26 18:00:00,user_005,18,0,4,False,0.0,0.0,0.0,0.0,5.0,0.0,0.0,0.0,10.0,0.5,0.0,0.0,0.0,0.0,0,0.0,0.0,292.2673563503292,0.0,146.1336781751646,Prosumer
2023-05-26 19:00:00,user_005,19,0,4,False,0.0,0.0,0.0,0.0,5.0,0.0,0.0,0.0,10.0,0.5,0.0,0.0,0.0,0.0,0,0.0,0.0,292.2673563503292,0.0,146.1336781751646,Prosumer
2023-05-26 20:00:00,user_005,20,0,4,False,0.0,0.0,0.0,0.0,5.0,0.0,0.0,0.0,10.0,0.5,0.0,0.0,0.0,0.0,0,0.0,0.0,292.2673563503292,0.0,146.1336781751646,Prosumer
2023-05-26 21:00:00,user_005,21,0,4,False,0.0,0.0,0.0,0.0,5.0,0.0,0.0,0.0,10.0,0.5,0.0,0.0,0.0,0.0,0,0.0,0.0,292.2673563503292,0.0,146.1336781751646,Prosumer
2023-05-26 22:00:00,user_005,22,0,4,False,0.0,0.0,0.0,0.0,5.0,0.0,0.0,0.0,10.0,0.5,0.0,0.0,0.0,0.0,0,0.0,0.0,292.2673563503292,0.0,146.1336781751646,Prosumer
2023-05-26 23:00:00,user_005,23,0,4,False,0.0,0.0,0.0,0.0,5.0,0.0,0.0,0.0,10.0,0.5,0.0,0.0,0.0,0.0,0,0.0,0.0,292.2673563503292,0.0,146.1336781751646,Prosumer
2023-05-27 00:00:00,user_005,0,0,5,True,0.0,0.0,0.0,0.0,5.0,0.0,0.0,0.0,10.0,0.5,0.0,0.0,0.0,0.0,0,0.0,0.0,292.2673563503292,0.0,146.1336781751646,Prosumer
2023-05-27 01:00:00,user_005,1,0,5,True,0.0,0.0,0.0,0.0,5.0,0.0,0.0,0.0,10.0,0.5,0.0,0.0,0.0,0.0,0,0.0,0.0,292.2673563503292,0.0,146.1336781751646,Prosumer
2023-05-27 02:00:00,user_005,2,0,5,True,0.0,0.0,0.0,0.0,5.0,0.0,0.0,0.0,10.0,0.5,0.0,0.0,0.0,0.0,0,0.0,0.0,292.2673563503292,0.0,146.1336781751646,Prosumer
2023-05-27 03:00:00,user_005,3,0,5,True,0.0,0.0,0.0,0.0,5.0,0.0,0.0,0.0,10.0,0.5,0.0,0.0,0.0,0.0,0,0.0,0.0,292.2673563503292,0.0,146.1336781751646,Prosumer
2023-05-27 04:00:00,user_005,4,0,5,True,0.0,0.0,0.0,0.0,5.0,0.0,0.0,0.0,10.0,0.5,0.0,0.0,0.0,0.0,0,0.0,0.0,292.2673563503292,0.0,146.1336781751646,Prosumer
2023-05-27 05:00:00,user_005,5,0,5,True,0.0,0.0,0.0,0.0,5.0,0.0,0.0,0.0,10.0,0.5,0.0,0.0,0.0,0.0,0,0.0,0.0,292.2673563503292,0.0,146.1336781751646,Prosumer
2023-05-27 06:00:00,user_005,6,0,5,True,0.0,0.0,0.0,0.0,5.0,0.0,0.0,0.0,10.0,0.5,0.0,0.0,0.0,0.0,0,0.0,0.0,292.2673563503292,0.0,146.1336781751646,Prosumer
2023-05-27 07:00:00,user_005,7,0,5,True,0.0,0.0,0.0,0.0,5.0,0.0,0.0,0.0,10.0,0.5,0.0,0.0,0.0,0.0,0,0.0,0.0,292.2673563503292,0.0,146.1336781751646,Prosumer
2023-05-27 08:00:00,user_005,8,0,5,True,0.0,0.0,0.0,0.0,5.0,0.0,0.0,0.0,10.0,0.5,0.0,0.0,0.0,0.0,0,0.0,0.0,292.2673563503292,0.0,146.1336781751646,Prosumer
2023-05-27 09:00:00,user_005,9,0,5,True,0.0,0.0,0.0,0.0,5.0,0.0,0.0,0.0,10.0,0.5,0.0,0.0,0.0,0.0,0,0.0,0.0,292.2673563503292,0.0,146.1336781751646,Prosumer
2023-05-27 10:00:00,user_005,10,0,5,True,0.0,0.0,0.0,0.0,5.0,0.0,0.0,0.0,10.0,0.5,0.0,0.0,0.0,0.0,0,0.0,0.0,292.2673563503292,0.0,146.1336781751646,Prosumer
2023-05-27 11:00:00,user_005,11,0,5,True,0.0,0.0,0.0,0.0,5.0,0.0,0.0,0.0,10.0,0.5,0.0,0.0,0.0,0.0,0,0.0,0.0,292.2673563503292,0.0,146.1336781751646,Prosumer
2023-05-27 12:00:00,user_005,12,0,5,True,0.0,0.0,0.0,0.0,5.0,0.0,0.0,0.0,10.0,0.5,0.0,0.0,0.0,0.0,0,0.0,0.0,292.2673563503292,0.0,146.1336781751646,Prosumer
2023-05-27 13:00:00,user_005,13,0,5,True,0.0,0.0,0.0,0.0,5.0,0.0,0.0,0.0,10.0,0.5,0.0,0.0,0.0,0.0,0,0.0,0.0,292.2673563503292,0.0,146.1336781751646,Prosumer
2023-05-27 14:00:00,user_005,14,0,5,True,0.0,0.0,0.0,0.0,5.0,0.0,0.0,0.0,10.0,0.5,0.0,0.0,0.0,0.0,0,0.0,0.0,292.2673563503292,0.0,146.1336781751646,Prosumer
2023-05-27 15:00:00,user_005,15,0,5,True,0.0,0.0,0.0,0.0,5.0,0.0,0.0,0.0,10.0,0.5,0.0,0.0,0.0,0.0,0,0.0,0.0,292.2673563503292,0.0,146.1336781751646,Prosumer
2023-05-27 16:00:00,user_005,16,0,5,True,0.0,0.0,0.0,0.0,5.0,0.0,0.0,0.0,10.0,0.5,0.0,0.0,0.0,0.0,0,0.0,0.0,292.2673563503292,0.0,146.1336781751646,Prosumer
2023-05-27 17:00:00,user_005,17,0,5,True,0.0,0.0,0.0,0.0,5.0,0.0,0.0,0.0,10.0,0.5,0.0,0.0,0.0,0.0,0,0.0,0.0,292.2673563503292,0.0,146.1336781751646,Prosumer
2023-05-27 18:00:00,user_005,18,0,5,True,0.0,0.0,0.0,0.0,5.0,0.0,0.0,0.0,10.0,0.5,0.0,0.0,0.0,0.0,0,0.0,0.0,292.2673563503292,0.0,146.1336781751646,Prosumer
2023-05-27 19:00:00,user_005,19,0,5,True,0.0,0.0,0.0,0.0,5.0,0.0,0.0,0.0,10.0,0.5,0.0,0.0,0.0,0.0,0,0.0,0.0,292.2673563503292,0.0,146.1336781751646,Prosumer
2023-05-27 20:00:00,user_005,20,0,5,True,0.0,0.0,0.0,0.0,5.0,0.0,0.0,0.0,10.0,0.5,0.0,0.0,0.0,0.0,0,0.0,0.0,292.2673563503292,0.0,146.1336781751646,Prosumer
2023-05-27 21:00:00,user_005,21,0,5,True,0.0,0.0,0.0,0.0,5.0,0.0,0.0,0.0,10.0,0.5,0.0,0.0,0.0,0.0,0,0.0,0.0,292.2673563503292,0.0,146.1336781751646,Prosumer
2023-05-27 22:00:00,user_005,22,0,5,True,0.0,0.0,0.0,0.0,5.0,0.0,0.0,0.0,10.0,0.5,0.0,0.0,0.0,0.0,0,0.0,0.0,292.2673563503292,0.0,146.1336781751646,Prosumer
2023-05-27 23:00:00,user_005,23,0,5,True,0.0,0.0,0.0,0.0,5.0,0.0,0.0,0.0,10.0,0.5,0.0,0.0,0.0,0.0,0,0.0,0.0,292.2673563503292,0.0,146.1336781751646,Prosumer
2023-05-28 00:00:00,user_005,0,0,6,True,0.0,0.0,0.0,0.0,5.0,0.0,0.0,0.0,10.0,0.5,0.0,0.0,0.0,0.0,0,0.0,0.0,292.2673563503292,0.0,146.1336781751646,Prosumer
2023-05-28 01:00:00,user_005,1,0,6,True,0.0,0.0,0.0,0.0,5.0,0.0,0.0,0.0,10.0,0.5,0.0,0.0,0.0,0.0,0,0.0,0.0,292.2673563503292,0.0,146.1336781751646,Prosumer
2023-05-28 02:00:00,user_005,2,0,6,True,0.0,0.0,0.0,0.0,5.0,0.0,0.0,0.0,10.0,0.5,0.0,0.0,0.0,0.0,0,0.0,0.0,292.2673563503292,0.0,146.1336781751646,Prosumer
2023-05-28 03:00:00,user_005,3,0,6,True,0.0,0.0,0.0,0.0,5.0,0.0,0.0,0.0,10.0,0.5,0.0,0.0,0.0,0.0,0,0.0,0.0,292.2673563503292,0.0,146.1336781751646,Prosumer
2023-05-28 04:00:00,user_005,4,0,6,True,0.0,0.0,0.0,0.0,5.0,0.0,0.0,0.0,10.0,0.5,0.0,0.0,0.0,0.0,0,0.0,0.0,292.2673563503292,0.0,146.1336781751646,Prosumer
2023-05-28 05:00:00,user_005,5,0,6,True,0.0,0.0,0.0,0.0,5.0,0.0,0.0,0.0,10.0,0.5,0.0,0.0,0.0,0.0,0,0.0,0.0,292.2673563503292,0.0,146.1336781751646,Prosumer
2023-05-28 06:00:00,user_005,6,0,6,True,0.0,0.0,0.0,0.0,5.0,0.0,0.0,0.0,10.0,0.5,0.0,0.0,0.0,0.0,0,0.0,0.0,292.2673563503292,0.0,146.1336781751646,Prosumer
2023-05-28 07:00:00,user_005,7,0,6,True,0.0,0.0,0.0,0.0,5.0,0.0,0.0,0.0,10.0,0.5,0.0,0.0,0.0,0.0,0,0.0,0.0,292.2673563503292,0.0,146.1336781751646,Prosumer
2023-05-28 08:00:00,user_005,8,0,6,True,0.0,0.0,0.0,0.0,5.0,0.0,0.0,0.0,10.0,0.5,0.0,0.0,0.0,0.0,0,0.0,0.0,292.2673563503292,0.0,146.1336781751646,Prosumer
2023-05-28 09:00:00,user_005,9,0,6,True,0.0,0.0,0.0,0.0,5.0,0.0,0.0,0.0,10.0,0.5,0.0,0.0,0.0,0.0,0,0.0,0.0,292.2673563503292,0.0,146.1336781751646,Prosumer
2023-05-28 10:00:00,user_005,10,0,6,True,0.0,0.0,0.0,0.0,5.0,0.0,0.0,0.0,10.0,0.5,0.0,0.0,0.0,0.0,0,0.0,0.0,292.2673563503292,0.0,146.1336781751646,Prosumer
2023-05-28 11:00:00,user_005,11,0,6,True,0.0,0.0,0.0,0.0,5.0,0.0,0.0,0.0,10.0,0.5,0.0,0.0,0.0,0.0,0,0.0,0.0,292.2673563503292,0.0,146.1336781751646,Prosumer
2023-05-28 12:00:00,user_005,12,0,6,True,0.0,0.0,0.0,0.0,5.0,0.0,0.0,0.0,10.0,0.5,0.0,0.0,0.0,0.0,0,0.0,0.0,292.2673563503292,0.0,146.1336781751646,Prosumer
2023-05-28 13:00:00,user_005,13,0,6,True,0.0,0.0,0.0,0.0,5.0,0.0,0.0,0.0,10.0,0.5,0.0,0.0,0.0,0.0,0,0.0,0.0,292.2673563503292,0.0,146.1336781751646,Prosumer
2023-05-28 14:00:00,user_005,14,0,6,True,0.0,0.0,0.0,0.0,5.0,0.0,0.0,0.0,10.0,0.5,0.0,0.0,0.0,0.0,0,0.0,0.0,292.2673563503292,0.0,146.1336781751646,Prosumer
2023-05-28 15:00:00,user_005,15,0,6,True,0.0,0.0,0.0,0.0,5.0,0.0,0.0,0.0,10.0,0.5,0.0,0.0,0.0,0.0,0,0.0,0.0,292.2673563503292,0.0,146.1336781751646,Prosumer
2023-05-28 16:00:00,user_005,16,0,6,True,0.0,0.0,0.0,0.0,5.0,0.0,0.0,0.0,10.0,0.5,0.0,0.0,0.0,0.0,0,0.0,0.0,292.2673563503292,0.0,146.1336781751646,Prosumer
2023-05-28 17:00:00,user_005,17,0,6,True,0.0,0.0,0.0,0.0,5.0,0.0,0.0,0.0,10.0,0.5,0.0,0.0,0.0,0.0,0,0.0,0.0,292.2673563503292,0.0,146.1336781751646,Prosumer
2023-05-28 18:00:00,user_005,18,0,6,True,0.0,0.0,0.0,0.0,5.0,0.0,0.0,0.0,10.0,0.5,0.0,0.0,0.0,0.0,0,0.0,0.0,292.2673563503292,0.0,146.1336781751646,Prosumer
2023-05-28 19:00:00,user_005,19,0,6,True,0.0,0.0,0.0,0.0,5.0,0.0,0.0,0.0,10.0,0.5,0.0,0.0,0.0,0.0,0,0.0,0.0,292.2673563503292,0.0,146.1336781751646,Prosumer
2023-05-28 20:00:00,user_005,20,0,6,True,0.0,0.0,0.0,0.0,5.0,0.0,0.0,0.0,10.0,0.5,0.0,0.0,0.0,0.0,0,0.0,0.0,292.2673563503292,0.0,146.1336781751646,Prosumer
2023-05-28 21:00:00,user_005,21,0,6,True,0.0,0.0,0.0,0.0,5.0,0.0,0.0,0.0,10.0,0.5,0.0,0.0,0.0,0.0,0,0.0,0.0,292.2673563503292,0.0,146.1336781751646,Prosumer
2023-05-28 22:00:00,user_005,22,0,6,True,0.0,0.0,0.0,0.0,5.0,0.0,0.0,0.0,10.0,0.5,0.0,0.0,0.0,0.0,0,0.0,0.0,292.2673563503292,0.0,146.1336781751646,Prosumer
2023-05-28 23:00:00,user_005,23,0,6,True,0.0,0.0,0.0,0.0,5.0,0.0,0.0,0.0,10.0,0.5,0.0,0.0,0.0,0.0,0,0.0,0.0,292.2673563503292,0.0,146.1336781751646,Prosumer
2023-05-29 00:00:00,user_005,0,0,0,False,0.0,0.0,0.0,0.0,5.0,0.0,0.0,0.0,10.0,0.5,0.0,0.0,0.0,0.0,0,0.0,0.0,292.2673563503292,0.0,146.1336781751646,Prosumer
2023-05-29 01:00:00,user_005,1,0,0,False,0.0,0.0,0.0,0.0,5.0,0.0,0.0,0.0,10.0,0.5,0.0,0.0,0.0,0.0,0,0.0,0.0,292.2673563503292,0.0,146.1336781751646,Prosumer
2023-05-29 02:00:00,user_005,2,0,0,False,0.0,0.0,0.0,0.0,5.0,0.0,0.0,0.0,10.0,0.5,0.0,0.0,0.0,0.0,0,0.0,0.0,292.2673563503292,0.0,146.1336781751646,Prosumer
2023-05-29 03:00:00,user_005,3,0,0,False,0.0,0.0,0.0,0.0,5.0,0.0,0.0,0.0,10.0,0.5,0.0,0.0,0.0,0.0,0,0.0,0.0,292.2673563503292,0.0,146.1336781751646,Prosumer
2023-05-29 04:00:00,user_005,4,0,0,False,0.0,0.0,0.0,0.0,5.0,0.0,0.0,0.0,10.0,0.5,0.0,0.0,0.0,0.0,0,0.0,0.0,292.2673563503292,0.0,146.1336781751646,Prosumer
2023-05-29 05:00:00,user_005,5,0,0,False,0.0,0.0,0.0,0.0,5.0,0.0,0.0,0.0,10.0,0.5,0.0,0.0,0.0,0.0,0,0.0,0.0,292.2673563503292,0.0,146.1336781751646,Prosumer
2023-05-29 06:00:00,user_005,6,0,0,False,0.0,0.0,0.0,0.0,5.0,0.0,0.0,0.0,10.0,0.5,0.0,0.0,0.0,0.0,0,0.0,0.0,292.2673563503292,0.0,146.1336781751646,Prosumer
2023-05-29 07:00:00,user_005,7,0,0,False,0.0,0.0,0.0,0.0,5.0,0.0,0.0,0.0,10.0,0.5,0.0,0.0,0.0,0.0,0,0.0,0.0,292.2673563503292,0.0,146.1336781751646,Prosumer
2023-05-29 08:00:00,user_005,8,0,0,False,0.0,0.0,0.0,0.0,5.0,0.0,0.0,0.0,10.0,0.5,0.0,0.0,0.0,0.0,0,0.0,0.0,292.2673563503292,0.0,146.1336781751646,Prosumer
2023-05-29 09:00:00,user_005,9,0,0,False,0.0,0.0,0.0,0.0,5.0,0.0,0.0,0.0,10.0,0.5,0.0,0.0,0.0,0.0,0,0.0,0.0,292.2673563503292,0.0,146.1336781751646,Prosumer
2023-05-29 10:00:00,user_005,10,0,0,False,0.0,0.0,0.0,0.0,5.0,0.0,0.0,0.0,10.0,0.5,0.0,0.0,0.0,0.0,0,0.0,0.0,292.2673563503292,0.0,146.1336781751646,Prosumer
2023-05-29 11:00:00,user_005,11,0,0,False,0.0,0.0,0.0,0.0,5.0,0.0,0.0,0.0,10.0,0.5,0.0,0.0,0.0,0.0,0,0.0,0.0,292.2673563503292,0.0,146.1336781751646,Prosumer
2023-05-29 12:00:00,user_005,12,0,0,False,0.0,0.0,0.0,0.0,5.0,0.0,0.0,0.0,10.0,0.5,0.0,0.0,0.0,0.0,0,0.0,0.0,292.2673563503292,0.0,146.1336781751646,Prosumer
2023-05-29 13:00:00,user_005,13,0,0,False,0.0,0.0,0.0,0.0,5.0,0.0,0.0,0.0,10.0,0.5,0.0,0.0,0.0,0.0,0,0.0,0.0,292.2673563503292,0.0,146.1336781751646,Prosumer
2023-05-29 14:00:00,user_005,14,0,0,False,0.0,0.0,0.0,0.0,5.0,0.0,0.0,0.0,10.0,0.5,0.0,0.0,0.0,0.0,0,0.0,0.0,292.2673563503292,0.0,146.1336781751646,Prosumer
2023-05-29 15:00:00,user_005,15,0,0,False,0.0,0.0,0.0,0.0,5.0,0.0,0.0,0.0,10.0,0.5,0.0,0.0,0.0,0.0,0,0.0,0.0,292.2673563503292,0.0,146.1336781751646,Prosumer
2023-05-29 16:00:00,user_005,16,0,0,False,0.0,0.0,0.0,0.0,5.0,0.0,0.0,0.0,10.0,0.5,0.0,0.0,0.0,0.0,0,0.0,0.0,292.2673563503292,0.0,146.1336781751646,Prosumer
2023-05-29 17:00:00,user_005,17,0,0,False,0.0,0.0,0.0,0.0,5.0,0.0,0.0,0.0,10.0,0.5,0.0,0.0,0.0,0.0,0,0.0,0.0,292.2673563503292,0.0,146.1336781751646,Prosumer
2023-05-29 18:00:00,user_005,18,0,0,False,0.0,0.0,0.0,0.0,5.0,0.0,0.0,0.0,10.0,0.5,0.0,0.0,0.0,0.0,0,0.0,0.0,292.2673563503292,0.0,146.1336781751646,Prosumer
2023-05-29 19:00:00,user_005,19,0,0,False,0.0,0.0,0.0,0.0,5.0,0.0,0.0,0.0,10.0,0.5,0.0,0.0,0.0,0.0,0,0.0,0.0,292.2673563503292,0.0,146.1336781751646,Prosumer
2023-05-29 20:00:00,user_005,20,0,0,False,0.0,0.0,0.0,0.0,5.0,0.0,0.0,0.0,10.0,0.5,0.0,0.0,0.0,0.0,0,0.0,0.0,292.2673563503292,0.0,146.1336781751646,Prosumer
2023-05-29 21:00:00,user_005,21,0,0,False,0.0,0.0,0.0,0.0,5.0,0.0,0.0,0.0,10.0,0.5,0.0,0.0,0.0,0.0,0,0.0,0.0,292.2673563503292,0.0,146.1336781751646,Prosumer
2023-05-29 22:00:00,user_005,22,0,0,False,0.0,0.0,0.0,0.0,5.0,0.0,0.0,0.0,10.0,0.5,0.0,0.0,0.0,0.0,0,0.0,0.0,292.2673563503292,0.0,146.1336781751646,Prosumer
2023-05-29 23:00:00,user_005,23,0,0,False,0.0,0.0,0.0,0.0,5.0,0.0,0.0,0.0,10.0,0.5,0.0,0.0,0.0,0.0,0,0.0,0.0,292.2673563503292,0.0,146.1336781751646,Prosumer
2023-05-30 00:00:00,user_005,0,0,1,False,0.0,0.0,0.0,0.0,5.0,0.0,0.0,0.0,10.0,0.5,0.0,0.0,0.0,0.0,0,0.0,0.0,292.2673563503292,0.0,146.1336781751646,Prosumer
2023-05-30 01:00:00,user_005,1,0,1,False,0.0,0.0,0.0,0.0,5.0,0.0,0.0,0.0,10.0,0.5,0.0,0.0,0.0,0.0,0,0.0,0.0,292.2673563503292,0.0,146.1336781751646,Prosumer
2023-05-30 02:00:00,user_005,2,0,1,False,0.0,0.0,0.0,0.0,5.0,0.0,0.0,0.0,10.0,0.5,0.0,0.0,0.0,0.0,0,0.0,0.0,292.2673563503292,0.0,146.1336781751646,Prosumer
2023-05-30 03:00:00,user_005,3,0,1,False,0.0,0.0,0.0,0.0,5.0,0.0,0.0,0.0,10.0,0.5,0.0,0.0,0.0,0.0,0,0.0,0.0,292.2673563503292,0.0,146.1336781751646,Prosumer
2023-05-30 04:00:00,user_005,4,0,1,False,0.0,0.0,0.0,0.0,5.0,0.0,0.0,0.0,10.0,0.5,0.0,0.0,0.0,0.0,0,0.0,0.0,292.2673563503292,0.0,146.1336781751646,Prosumer
2023-05-30 05:00:00,user_005,5,0,1,False,0.0,0.0,0.0,0.0,5.0,0.0,0.0,0.0,10.0,0.5,0.0,0.0,0.0,0.0,0,0.0,0.0,292.2673563503292,0.0,146.1336781751646,Prosumer
2023-05-30 06:00:00,user_005,6,0,1,False,0.0,0.0,0.0,0.0,5.0,0.0,0.0,0.0,10.0,0.5,0.0,0.0,0.0,0.0,0,0.0,0.0,292.2673563503292,0.0,146.1336781751646,Prosumer
2023-05-30 07:00:00,user_005,7,0,1,False,0.0,0.0,0.0,0.0,5.0,0.0,0.0,0.0,10.0,0.5,0.0,0.0,0.0,0.0,0,0.0,0.0,292.2673563503292,0.0,146.1336781751646,Prosumer
2023-05-30 08:00:00,user_005,8,0,1,False,0.0,0.0,0.0,0.0,5.0,0.0,0.0,0.0,10.0,0.5,0.0,0.0,0.0,0.0,0,0.0,0.0,292.2673563503292,0.0,146.1336781751646,Prosumer
2023-05-30 09:00:00,user_005,9,0,1,False,0.0,0.0,0.0,0.0,5.0,0.0,0.0,0.0,10.0,0.5,0.0,0.0,0.0,0.0,0,0.0,0.0,292.2673563503292,0.0,146.1336781751646,Prosumer
2023-05-30 10:00:00,user_005,10,0,1,False,0.0,0.0,0.0,0.0,5.0,0.0,0.0,0.0,10.0,0.5,0.0,0.0,0.0,0.0,0,0.0,0.0,292.2673563503292,0.0,146.1336781751646,Prosumer
2023-05-30 11:00:00,user_005,11,0,1,False,0.0,0.0,0.0,0.0,5.0,0.0,0.0,0.0,10.0,0.5,0.0,0.0,0.0,0.0,0,0.0,0.0,292.2673563503292,0.0,146.1336781751646,Prosumer
2023-05-30 12:00:00,user_005,12,0,1,False,0.0,0.0,0.0,0.0,5.0,0.0,0.0,0.0,10.0,0.5,0.0,0.0,0.0,0.0,0,0.0,0.0,292.2673563503292,0.0,146.1336781751646,Prosumer
2023-05-30 13:00:00,user_005,13,0,1,False,0.0,0.0,0.0,0.0,5.0,0.0,0.0,0.0,10.0,0.5,0.0,0.0,0.0,0.0,0,0.0,0.0,292.2673563503292,0.0,146.1336781751646,Prosumer
2023-05-30 14:00:00,user_005,14,0,1,False,0.0,0.0,0.0,0.0,5.0,0.0,0.0,0.0,10.0,0.5,0.0,0.0,0.0,0.0,0,0.0,0.0,292.2673563503292,0.0,146.1336781751646,Prosumer
2023-05-30 15:00:00,user_005,15,0,1,False,0.0,0.0,0.0,0.0,5.0,0.0,0.0,0.0,10.0,0.5,0.0,0.0,0.0,0.0,0,0.0,0.0,292.2673563503292,0.0,146.1336781751646,Prosumer
2023-05-30 16:00:00,user_005,16,0,1,False,0.0,0.0,0.0,0.0,5.0,0.0,0.0,0.0,10.0,0.5,0.0,0.0,0.0,0.0,0,0.0,0.0,292.2673563503292,0.0,146.1336781751646,Prosumer
2023-05-30 17:00:00,user_005,17,0,1,False,0.0,0.0,0.0,0.0,5.0,0.0,0.0,0.0,10.0,0.5,0.0,0.0,0.0,0.0,0,0.0,0.0,292.2673563503292,0.0,146.1336781751646,Prosumer
2023-05-30 18:00:00,user_005,18,0,1,False,0.0,0.0,0.0,0.0,5.0,0.0,0.0,0.0,10.0,0.5,0.0,0.0,0.0,0.0,0,0.0,0.0,292.2673563503292,0.0,146.1336781751646,Prosumer
2023-05-30 19:00:00,user_005,19,0,1,False,0.0,0.0,0.0,0.0,5.0,0.0,0.0,0.0,10.0,0.5,0.0,0.0,0.0,0.0,0,0.0,0.0,292.2673563503292,0.0,146.1336781751646,Prosumer
2023-05-30 20:00:00,user_005,20,0,1,False,0.0,0.0,0.0,0.0,5.0,0.0,0.0,0.0,10.0,0.5,0.0,0.0,0.0,0.0,0,0.0,0.0,292.2673563503292,0.0,146.1336781751646,Prosumer
2023-05-30 21:00:00,user_005,21,0,1,False,0.0,0.0,0.0,0.0,5.0,0.0,0.0,0.0,10.0,0.5,0.0,0.0,0.0,0.0,0,0.0,0.0,292.2673563503292,0.0,146.1336781751646,Prosumer
2023-05-30 22:00:00,user_005,22,0,1,False,0.0,0.0,0.0,0.0,5.0,0.0,0.0,0.0,10.0,0.5,0.0,0.0,0.0,0.0,0,0.0,0.0,292.2673563503292,0.0,146.1336781751646,Prosumer
2023-05-30 23:00:00,user_005,23,0,1,False,0.0,0.0,0.0,0.0,5.0,0.0,0.0,0.0,10.0,0.5,0.0,0.0,0.0,0.0,0,0.0,0.0,292.2673563503292,0.0,146.1336781751646,Prosumer
2023-05-31 00:00:00,user_005,0,0,2,False,0.0,0.0,0.0,0.0,5.0,0.0,0.0,0.0,10.0,0.5,0.0,0.0,0.0,0.0,0,0.0,0.0,292.2673563503292,0.0,146.1336781751646,Prosumer
2023-05-31 01:00:00,user_005,1,0,2,False,0.0,0.0,0.0,0.0,5.0,0.0,0.0,0.0,10.0,0.5,0.0,0.0,0.0,0.0,0,0.0,0.0,292.2673563503292,0.0,146.1336781751646,Prosumer
2023-05-31 02:00:00,user_005,2,0,2,False,0.0,0.0,0.0,0.0,5.0,0.0,0.0,0.0,10.0,0.5,0.0,0.0,0.0,0.0,0,0.0,0.0,292.2673563503292,0.0,146.1336781751646,Prosumer
2023-05-31 03:00:00,user_005,3,0,2,False,0.0,0.0,0.0,0.0,5.0,0.0,0.0,0.0,10.0,0.5,0.0,0.0,0.0,0.0,0,0.0,0.0,292.2673563503292,0.0,146.1336781751646,Prosumer
2023-05-31 04:00:00,user_005,4,0,2,False,0.0,0.0,0.0,0.0,5.0,0.0,0.0,0.0,10.0,0.5,0.0,0.0,0.0,0.0,0,0.0,0.0,292.2673563503292,0.0,146.1336781751646,Prosumer
2023-05-31 05:00:00,user_005,5,0,2,False,0.0,0.0,0.0,0.0,5.0,0.0,0.0,0.0,10.0,0.5,0.0,0.0,0.0,0.0,0,0.0,0.0,292.2673563503292,0.0,146.1336781751646,Prosumer
2023-05-31 06:00:00,user_005,6,0,2,False,0.0,0.0,0.0,0.0,5.0,0.0,0.0,0.0,10.0,0.5,0.0,0.0,0.0,0.0,0,0.0,0.0,292.2673563503292,0.0,146.1336781751646,Prosumer
2023-05-31 07:00:00,user_005,7,0,2,False,0.0,0.0,0.0,0.0,5.0,0.0,0.0,0.0,10.0,0.5,0.0,0.0,0.0,0.0,0,0.0,0.0,292.2673563503292,0.0,146.1336781751646,Prosumer
2023-05-31 08:00:00,user_005,8,0,2,False,0.0,0.0,0.0,0.0,5.0,0.0,0.0,0.0,10.0,0.5,0.0,0.0,0.0,0.0,0,0.0,0.0,292.2673563503292,0.0,146.1336781751646,Prosumer
2023-05-31 09:00:00,user_005,9,0,2,False,0.0,0.0,0.0,0.0,5.0,0.0,0.0,0.0,10.0,0.5,0.0,0.0,0.0,0.0,0,0.0,0.0,292.2673563503292,0.0,146.1336781751646,Prosumer
2023-05-31 10:00:00,user_005,10,0,2,False,0.0,0.0,0.0,0.0,5.0,0.0,0.0,0.0,10.0,0.5,0.0,0.0,0.0,0.0,0,0.0,0.0,292.2673563503292,0.0,146.1336781751646,Prosumer
2023-05-31 11:00:00,user_005,11,0,2,False,0.0,0.0,0.0,0.0,5.0,0.0,0.0,0.0,10.0,0.5,0.0,0.0,0.0,0.0,0,0.0,0.0,292.2673563503292,0.0,146.1336781751646,Prosumer
2023-05-31 12:00:00,user_005,12,0,2,False,0.0,0.0,0.0,0.0,5.0,0.0,0.0,0.0,10.0,0.5,0.0,0.0,0.0,0.0,0,0.0,0.0,292.2673563503292,0.0,146.1336781751646,Prosumer
2023-05-31 13:00:00,user_005,13,0,2,False,0.0,0.0,0.0,0.0,5.0,0.0,0.0,0.0,10.0,0.5,0.0,0.0,0.0,0.0,0,0.0,0.0,292.2673563503292,0.0,146.1336781751646,Prosumer
2023-05-31 14:00:00,user_005,14,0,2,False,0.0,0.0,0.0,0.0,5.0,0.0,0.0,0.0,10.0,0.5,0.0,0.0,0.0,0.0,0,0.0,0.0,292.2673563503292,0.0,146.1336781751646,Prosumer
2023-05-31 15:00:00,user_005,15,0,2,False,0.0,0.0,0.0,0.0,5.0,0.0,0.0,0.0,10.0,0.5,0.0,0.0,0.0,0.0,0,0.0,0.0,292.2673563503292,0.0,146.1336781751646,Prosumer
2023-05-31 16:00:00,user_005,16,0,2,False,0.0,0.0,0.0,0.0,5.0,0.0,0.0,0.0,10.0,0.5,0.0,0.0,0.0,0.0,0,0.0,0.0,292.2673563503292,0.0,146.1336781751646,Prosumer
2023-05-31 17:00:00,user_005,17,0,2,False,0.0,0.0,0.0,0.0,5.0,0.0,0.0,0.0,10.0,0.5,0.0,0.0,0.0,0.0,0,0.0,0.0,292.2673563503292,0.0,146.1336781751646,Prosumer
2023-05-31 18:00:00,user_005,18,0,2,False,0.0,0.0,0.0,0.0,5.0,0.0,0.0,0.0,10.0,0.5,0.0,0.0,0.0,0.0,0,0.0,0.0,292.2673563503292,0.0,146.1336781751646,Prosumer
2023-05-31 19:00:00,user_005,19,0,2,False,0.0,0.0,0.0,0.0,5.0,0.0,0.0,0.0,10.0,0.5,0.0,0.0,0.0,0.0,0,0.0,0.0,292.2673563503292,0.0,146.1336781751646,Prosumer
2023-05-31 20:00:00,user_005,20,0,2,False,0.0,0.0,0.0,0.0,5.0,0.0,0.0,0.0,10.0,0.5,0.0,0.0,0.0,0.0,0,0.0,0.0,292.2673563503292,0.0,146.1336781751646,Prosumer
2023-05-31 21:00:00,user_005,21,0,2,False,0.0,0.0,0.0,0.0,5.0,0.0,0.0,0.0,10.0,0.5,0.0,0.0,0.0,0.0,0,0.0,0.0,292.2673563503292,0.0,146.1336781751646,Prosumer
2023-05-31 22:00:00,user_005,22,0,2,False,0.0,0.0,0.0,0.0,5.0,0.0,0.0,0.0,10.0,0.5,0.0,0.0,0.0,0.0,0,0.0,0.0,292.2673563503292,0.0,146.1336781751646,Prosumer
2023-05-31 23:00:00,user_005,23,0,2,False,0.0,0.0,0.0,0.0,5.0,0.0,0.0,0.0,10.0,0.5,0.0,0.0,0.0,0.0,0,0.0,0.0,292.2673563503292,0.0,146.1336781751646,Prosumer
